root,preset,p_0,p_1,p_2,p_3,p_4,p_5,p_6,p_7,p_8,p_9,wpp,wpp_0,wpp_1,pmode,pmode_0,pmode_!,pme,pme_0,pme_1,tune,none,psnr,ssim,grain,zero-latency,fast-decode,animation,copy-pic,copy-pic_0,copy-pic_1,frame-threads,ft_0,ft_4,ft_8,ft_12,ft_16,workload,median-time,mean-time,std-time,mean-compression-ratio,std-compression-ratio,id
1,1,0,0,0,0,0,1,0,0,0,0,1,0,1,1,1,1,1,0,1,1,0,0,1,0,0,0,0,1,0,1,1,0,0,0,0,1,akiyo_cif.y4m,2.17,2.174,0.005477,0.001161,0.0,114
1,1,0,0,1,0,0,0,0,0,0,0,1,1,0,1,1,1,1,0,1,1,0,0,1,0,0,0,0,1,1,0,1,0,1,0,0,0,akiyo_cif.y4m,1.14,1.138,0.010954,0.000985,0.0,281
1,1,0,0,0,1,0,0,0,0,0,0,1,0,1,1,1,0,1,1,0,1,0,0,0,0,0,0,1,1,1,0,1,0,0,1,0,0,akiyo_cif.y4m,3.16,3.16,0.0,0.001119,0.0,325
1,1,1,0,0,0,0,0,0,0,0,0,1,1,0,1,1,0,1,1,0,1,0,0,0,0,1,0,0,1,1,0,1,1,0,0,0,0,akiyo_cif.y4m,2.74,2.736,0.020736,0.001371,0.0,181
1,1,0,0,0,0,0,0,1,0,0,0,1,1,0,1,1,0,1,0,1,1,0,0,1,0,0,0,0,1,1,0,1,0,0,0,0,1,akiyo_cif.y4m,42.97,43.03,0.119373,0.001364,0.0,247
1,1,0,0,0,0,0,0,0,0,1,0,1,1,0,1,1,0,1,1,0,1,0,0,0,0,1,0,0,1,1,0,1,0,0,0,0,1,akiyo_cif.y4m,72.07,71.916,0.565756,0.002338,0.0,166
1,1,0,0,0,0,0,0,1,0,0,0,1,1,0,1,1,0,1,0,1,1,0,0,1,0,0,0,0,1,1,0,1,0,0,0,1,0,akiyo_cif.y4m,4.37,4.358,0.048683,0.001398,0.0,25
1,1,0,0,0,0,0,1,0,0,0,0,1,0,1,1,0,0,1,1,0,1,0,1,0,0,0,0,0,1,0,1,0,0,0,0,0,0,akiyo_cif.y4m,6.22,6.234,0.098133,0.002367,0.0,355
1,1,0,0,1,0,0,0,0,0,0,0,1,1,0,1,0,0,1,1,0,1,1,0,0,0,0,0,0,1,1,0,1,0,0,0,0,1,akiyo_cif.y4m,0.68,0.678,0.008367,0.001142,0.0,219
1,1,0,0,0,1,0,0,0,0,0,0,1,1,0,1,1,0,1,1,0,1,0,0,0,0,1,0,0,1,1,0,1,1,0,0,0,0,akiyo_cif.y4m,6.23,6.208,0.09094,0.002367,0.0,182
1,1,0,1,0,0,0,0,0,0,0,0,1,0,1,1,0,1,1,1,0,1,0,0,0,0,0,1,0,1,1,0,1,1,0,0,0,0,akiyo_cif.y4m,2.01,2.006,0.015166,0.001478,0.0,10
1,1,0,0,1,0,0,0,0,0,0,0,1,1,0,1,1,0,1,0,1,1,0,0,1,0,0,0,0,1,0,1,1,0,0,0,0,1,akiyo_cif.y4m,18.29,18.228,0.105451,0.001555,0.0,116
1,1,0,0,0,1,0,0,0,0,0,0,1,1,0,1,1,1,1,0,1,1,0,0,0,0,0,1,0,1,0,1,1,1,0,0,0,0,akiyo_cif.y4m,3.53,3.544,0.04219,0.001087,0.0,266
1,1,0,0,0,0,0,0,1,0,0,0,1,1,0,1,0,0,1,0,1,1,0,0,1,0,0,0,0,1,1,0,1,0,0,1,0,0,akiyo_cif.y4m,12.33,12.338,0.031937,0.002734,0.0,313
1,1,0,0,0,0,0,1,0,0,0,0,1,0,1,1,0,0,1,1,0,1,0,0,0,0,0,0,1,1,0,1,0,0,0,0,0,0,akiyo_cif.y4m,9.35,9.396,0.098387,0.002923,0.0,357
1,1,0,0,0,1,0,0,0,0,0,0,1,0,1,1,0,1,1,0,1,1,1,0,0,0,0,0,0,1,1,0,1,1,0,0,0,0,akiyo_cif.y4m,1.18,1.184,0.011402,0.002806,0.0,187
1,1,0,0,0,0,0,0,1,0,0,0,1,1,0,1,1,1,1,0,1,1,0,0,1,0,0,0,0,1,1,0,1,1,0,0,0,0,akiyo_cif.y4m,144.23,144.216,0.058138,0.002263,0.0,23
1,1,0,0,1,0,0,0,0,0,0,0,1,1,0,1,1,0,1,1,0,1,0,1,0,0,0,0,0,1,0,1,0,0,0,0,0,0,akiyo_cif.y4m,17.66,17.666,0.054129,0.001557,0.0,2
1,1,0,0,0,0,0,0,0,0,0,1,1,1,0,1,1,0,1,0,1,1,0,0,0,0,0,1,0,1,1,0,1,1,0,0,0,0,akiyo_cif.y4m,55.32,55.188,0.466873,0.001544,0.0,301
1,1,0,0,0,0,0,1,0,0,0,0,1,0,1,1,0,1,1,1,0,1,0,1,0,0,0,0,0,1,0,1,0,0,0,0,0,0,akiyo_cif.y4m,57.74,57.522,1.623167,0.002601,0.0,356
1,1,0,0,0,0,0,0,0,0,1,0,1,1,0,1,0,1,1,0,1,1,0,0,0,0,0,1,0,1,0,1,1,1,0,0,0,0,akiyo_cif.y4m,7.13,7.13,0.01,0.002222,0.0,269
1,1,0,0,0,0,0,0,0,0,1,0,1,0,1,1,0,1,1,1,0,1,0,0,1,0,0,0,0,1,0,1,1,0,0,0,1,0,akiyo_cif.y4m,6.7,6.696,0.011402,0.002997,0.0,274
1,1,0,0,0,0,0,0,0,0,1,0,1,0,1,1,0,1,1,1,0,1,0,0,0,1,0,0,0,1,1,0,1,1,0,0,0,0,akiyo_cif.y4m,3.69,3.69,0.022361,0.002398,0.0,307
1,1,0,0,1,0,0,0,0,0,0,0,1,0,1,1,0,1,1,1,0,1,0,0,1,0,0,0,0,1,0,1,1,1,0,0,0,0,akiyo_cif.y4m,10.44,10.428,0.033466,0.001548,0.0,254
1,1,0,0,0,0,0,0,0,0,1,0,1,0,1,1,0,1,1,0,1,1,0,1,0,0,0,0,0,1,0,1,0,0,0,0,0,0,akiyo_cif.y4m,0.82,0.822,0.004472,0.001213,0.0,208
1,1,0,0,1,0,0,0,0,0,0,0,1,1,0,1,1,1,1,1,0,1,0,0,1,0,0,0,0,1,0,1,1,0,1,0,0,0,akiyo_cif.y4m,1.11,1.11,0.012247,0.003908,0.0,279
1,1,0,0,0,0,0,1,0,0,0,0,1,1,0,1,1,1,1,1,0,1,0,1,0,0,0,0,0,1,0,1,1,0,0,0,1,0,akiyo_cif.y4m,3.46,3.464,0.016733,0.001338,0.0,171
1,1,0,0,0,0,0,0,0,1,0,0,1,1,0,1,0,1,1,0,1,1,0,0,0,0,0,1,0,1,0,1,1,0,0,0,1,0,akiyo_cif.y4m,12.79,12.772,0.032711,0.002734,0.0,99
1,1,1,0,0,0,0,0,0,0,0,0,1,0,1,1,1,1,1,1,0,1,0,1,0,0,0,0,0,1,1,0,1,0,1,0,0,0,akiyo_cif.y4m,4.33,4.342,0.055408,0.00121,0.0,81
1,1,0,0,0,0,0,0,0,0,1,0,1,0,1,1,1,1,1,0,1,1,0,0,1,0,0,0,0,1,1,0,1,0,1,0,0,0,akiyo_cif.y4m,1.36,1.358,0.004472,0.001571,0.0,155
1,1,0,0,0,1,0,0,0,0,0,0,1,1,0,1,0,1,1,1,0,1,1,0,0,0,0,0,0,1,1,0,1,1,0,0,0,0,akiyo_cif.y4m,2.67,2.666,0.005477,0.002398,0.0,185
1,1,0,0,1,0,0,0,0,0,0,0,1,1,0,1,0,0,1,0,1,1,0,0,0,0,0,1,0,1,0,1,0,0,0,0,0,0,akiyo_cif.y4m,1.36,1.36,0.007071,0.00126,0.0,376
1,1,0,0,0,0,0,0,1,0,0,0,1,1,0,1,0,1,1,0,1,1,0,1,0,0,0,0,0,1,1,0,0,0,0,0,0,0,akiyo_cif.y4m,0.62,0.624,0.005477,0.001386,0.0,204
1,1,0,0,0,0,0,0,1,0,0,0,1,1,0,1,1,0,1,0,1,1,0,0,0,0,1,0,0,1,1,0,1,0,0,0,0,1,akiyo_cif.y4m,30.47,30.482,0.381667,0.001725,0.0,246
1,1,0,0,0,0,0,1,0,0,0,0,1,1,0,1,1,1,1,0,1,1,0,0,1,0,0,0,0,1,0,1,0,0,0,0,0,0,akiyo_cif.y4m,17.9,17.93,0.056569,0.001436,0.0,230
1,1,0,0,0,0,0,0,1,0,0,0,1,0,1,1,1,0,1,0,1,1,0,0,0,0,0,1,0,1,1,0,1,0,0,0,1,0,akiyo_cif.y4m,35.16,35.18,0.079687,0.003359,0.0,27
1,1,0,1,0,0,0,0,0,0,0,0,1,1,0,1,1,1,1,0,1,1,1,0,0,0,0,0,0,1,1,0,0,0,0,0,0,0,akiyo_cif.y4m,1.81,1.808,0.044385,0.001032,0.0,137
1,1,0,0,0,0,0,0,0,0,1,0,1,1,0,1,1,1,1,1,0,1,0,0,0,0,1,0,0,1,0,1,1,0,0,0,1,0,akiyo_cif.y4m,2.79,2.784,0.020736,0.002526,0.0,169
1,1,0,0,0,0,0,0,0,0,1,0,1,0,1,1,0,1,1,0,1,1,1,0,0,0,0,0,0,1,0,1,1,0,0,0,0,1,akiyo_cif.y4m,35.62,35.626,0.083247,0.00147,0.0,33
1,1,0,0,0,0,0,0,1,0,0,0,1,0,1,1,0,1,1,0,1,1,0,1,0,0,0,0,0,1,1,0,0,0,0,0,0,0,akiyo_cif.y4m,16.23,16.232,0.052154,0.003177,0.0,205
1,1,0,0,0,0,0,0,0,0,1,0,1,1,0,1,1,0,1,0,1,1,0,0,0,0,1,0,0,1,1,0,1,0,0,0,0,1,akiyo_cif.y4m,3.93,3.924,0.019494,0.001199,0.0,245
1,1,1,0,0,0,0,0,0,0,0,0,1,1,0,1,0,0,1,1,0,1,0,0,1,0,0,0,0,1,1,0,1,0,0,0,0,1,akiyo_cif.y4m,2.66,2.658,0.047645,0.0013,0.0,163
1,1,0,0,1,0,0,0,0,0,0,0,1,1,0,1,1,0,1,1,0,1,1,0,0,0,0,0,0,1,0,1,1,1,0,0,0,0,akiyo_cif.y4m,1.36,1.362,0.008367,0.00126,0.0,4
1,1,0,0,1,0,0,0,0,0,0,0,1,1,0,1,0,0,1,0,1,1,1,0,0,0,0,0,0,1,1,0,1,0,0,0,1,0,akiyo_cif.y4m,1.5,1.528,0.040866,0.003908,0.0,141
1,1,1,0,0,0,0,0,0,0,0,0,1,1,0,1,1,1,1,0,1,1,0,0,1,0,0,0,0,1,1,0,1,1,0,0,0,0,akiyo_cif.y4m,53.7,53.824,0.31477,0.001803,0.0,159
1,1,0,0,0,0,0,0,1,0,0,0,1,1,0,1,0,1,1,0,1,1,0,0,1,0,0,0,0,1,0,1,1,0,0,0,0,1,akiyo_cif.y4m,7.44,7.418,0.040249,0.002612,0.0,336
1,1,0,0,0,1,0,0,0,0,0,0,1,1,0,1,0,0,1,0,1,1,0,0,0,0,0,0,1,1,1,0,1,0,0,0,1,0,akiyo_cif.y4m,16.14,16.122,0.160686,0.001253,0.0,72
1,1,0,0,0,0,0,0,1,0,0,0,1,1,0,1,1,0,1,1,0,1,0,0,1,0,0,0,0,1,1,0,1,0,0,0,0,1,akiyo_cif.y4m,2.93,2.93,0.007071,0.001325,0.0,248
1,1,0,1,0,0,0,0,0,0,0,0,1,0,1,1,1,1,1,1,0,1,0,0,0,0,0,1,0,1,0,1,1,0,0,0,0,1,akiyo_cif.y4m,47.28,47.578,0.831457,0.001614,0.0,130
1,1,0,0,0,1,0,0,0,0,0,0,1,0,1,1,1,1,1,1,0,1,0,0,0,0,0,0,1,1,1,0,0,0,0,0,0,0,akiyo_cif.y4m,52.69,52.72,0.25671,0.002526,0.0,324
1,1,1,0,0,0,0,0,0,0,0,0,1,0,1,1,0,1,1,1,0,1,0,1,0,0,0,0,0,1,0,1,0,0,0,0,0,0,akiyo_cif.y4m,48.57,48.538,0.078549,0.003275,0.0,354
1,1,0,0,0,0,0,0,0,0,1,0,1,0,1,1,0,0,1,1,0,1,0,0,0,1,0,0,0,1,0,1,0,0,0,0,0,0,akiyo_cif.y4m,24.53,24.572,0.141492,0.001494,0.0,291
1,1,0,0,0,0,0,0,0,0,1,0,1,1,0,1,0,0,1,1,0,1,0,1,0,0,0,0,0,1,1,0,1,0,1,0,0,0,akiyo_cif.y4m,0.9,0.9,0.030822,0.001186,0.0,237
1,1,0,0,0,1,0,0,0,0,0,0,1,1,0,1,1,0,1,1,0,1,1,0,0,0,0,0,0,1,1,0,1,1,0,0,0,0,akiyo_cif.y4m,1.07,1.066,0.011402,0.001056,0.0,183
1,1,0,0,0,1,0,0,0,0,0,0,1,0,1,1,1,1,1,0,1,1,0,0,1,0,0,0,0,1,0,1,0,0,0,0,0,0,akiyo_cif.y4m,1.0,0.998,0.004472,0.00125,0.0,227
1,1,0,0,0,0,0,0,1,0,0,0,1,1,0,1,0,1,1,0,1,1,0,0,0,0,0,1,0,1,0,1,0,0,0,0,0,0,akiyo_cif.y4m,3.29,3.288,0.023875,0.001581,0.0,338
1,1,0,0,1,0,0,0,0,0,0,0,1,0,1,1,0,0,1,0,1,1,1,0,0,0,0,0,0,1,1,0,1,0,0,0,1,0,akiyo_cif.y4m,9.36,9.348,0.034205,0.001278,0.0,142
1,1,0,0,1,0,0,0,0,0,0,0,1,1,0,1,1,1,1,0,1,1,0,0,1,0,0,0,0,1,1,0,1,0,0,0,0,1,akiyo_cif.y4m,9.8,9.8,0.015811,0.002282,0.0,332
1,1,0,0,0,0,0,0,0,1,0,0,1,0,1,1,0,0,1,1,0,1,0,0,0,0,1,0,0,1,0,1,1,0,0,0,1,0,akiyo_cif.y4m,50.65,50.366,0.556624,0.001675,0.0,95
1,1,0,0,1,0,0,0,0,0,0,0,1,0,1,1,0,0,1,0,1,1,0,0,0,1,0,0,0,1,0,1,0,0,0,0,0,0,akiyo_cif.y4m,5.83,5.822,0.013038,0.002356,0.0,289
1,1,0,0,1,0,0,0,0,0,0,0,1,1,0,1,0,0,1,0,1,1,0,0,0,0,0,1,0,1,0,1,1,0,0,1,0,0,akiyo_cif.y4m,0.85,0.838,0.016432,0.001186,0.0,378
1,1,0,0,1,0,0,0,0,0,0,0,1,1,0,1,1,1,1,1,0,1,0,0,1,0,0,0,0,1,0,1,1,0,0,0,1,0,akiyo_cif.y4m,17.65,17.632,0.047117,0.001271,0.0,278
1,1,0,0,0,0,0,0,0,0,1,0,1,0,1,1,1,0,1,0,1,1,1,0,0,0,0,0,0,1,0,1,1,0,0,0,1,0,akiyo_cif.y4m,4.37,4.366,0.035071,0.002351,0.0,30
1,1,0,0,1,0,0,0,0,0,0,0,1,1,0,1,0,0,1,0,1,1,0,1,0,0,0,0,0,1,0,1,1,0,0,0,0,1,akiyo_cif.y4m,0.77,0.766,0.011402,0.001473,0.0,120
1,1,0,0,0,1,0,0,0,0,0,0,1,1,0,1,1,1,1,0,1,1,0,0,0,0,0,1,0,1,0,1,0,0,0,0,0,0,akiyo_cif.y4m,1.12,1.12,0.012247,0.001338,0.0,265
1,1,0,0,0,0,0,0,0,0,1,0,1,1,0,1,1,0,1,1,0,1,0,0,0,0,0,1,0,1,0,1,0,0,0,0,0,0,akiyo_cif.y4m,2.67,2.674,0.011402,0.001394,0.0,296
1,1,0,0,0,0,0,1,0,0,0,0,1,1,0,1,1,1,1,1,0,1,0,1,0,0,0,0,0,1,0,1,0,0,0,0,0,0,akiyo_cif.y4m,5.28,5.264,0.041593,0.001471,0.0,232
1,1,0,0,0,0,0,0,0,0,1,0,1,0,1,1,0,0,1,1,0,1,0,0,1,0,0,0,0,1,1,0,1,0,0,1,0,0,akiyo_cif.y4m,3.99,4.004,0.033615,0.002307,0.0,310
1,1,0,0,0,0,0,1,0,0,0,0,1,0,1,1,1,1,1,0,1,1,0,0,0,0,0,1,0,1,0,1,1,0,0,1,0,0,akiyo_cif.y4m,42.53,42.568,0.122147,0.002458,0.0,349
1,1,0,0,1,0,0,0,0,0,0,0,1,1,0,1,0,1,1,0,1,1,0,0,0,0,0,1,0,1,0,1,0,0,0,0,0,0,akiyo_cif.y4m,2.9,2.902,0.0249,0.002351,0.0,377
1,1,0,0,0,0,0,0,0,1,0,0,1,0,1,1,1,1,1,1,0,1,0,0,0,0,1,0,0,1,0,1,1,0,0,0,1,0,akiyo_cif.y4m,53.45,53.392,0.322366,0.001498,0.0,94
1,1,1,0,0,0,0,0,0,0,0,0,1,1,0,1,1,0,1,0,1,1,1,0,0,0,0,0,0,1,0,1,1,1,0,0,0,0,akiyo_cif.y4m,3.64,3.632,0.022804,0.002398,0.0,178
1,1,0,0,0,0,0,0,0,0,1,0,1,0,1,1,0,0,1,1,0,1,0,0,0,0,0,1,0,1,0,1,1,0,0,0,0,1,akiyo_cif.y4m,3.31,3.278,0.151063,0.002188,0.0,127
1,1,0,0,0,0,0,1,0,0,0,0,1,0,1,1,1,0,1,0,1,1,0,0,0,1,0,0,0,1,0,1,1,0,0,0,1,0,akiyo_cif.y4m,1.05,1.052,0.013038,0.001144,0.0,111
1,1,1,0,0,0,0,0,0,0,0,0,1,0,1,1,0,1,1,1,0,1,0,1,0,0,0,0,0,1,0,1,1,0,0,1,0,0,akiyo_cif.y4m,2.18,2.18,0.027386,0.002407,0.0,353
1,1,0,0,0,0,1,0,0,0,0,0,1,0,1,1,1,1,1,1,0,1,0,1,0,0,0,0,0,1,1,0,1,0,0,0,1,0,akiyo_cif.y4m,2.64,2.638,0.030332,0.001478,0.0,45
1,1,0,0,0,1,0,0,0,0,0,0,1,0,1,1,1,1,1,0,1,1,0,0,1,0,0,0,0,1,1,0,0,0,0,0,0,0,akiyo_cif.y4m,0.84,0.844,0.011402,0.001346,0.0,226
1,1,0,0,0,0,0,0,0,0,0,1,1,1,0,1,1,0,1,0,1,1,0,0,0,0,0,1,0,1,1,0,1,0,0,0,0,1,akiyo_cif.y4m,3.27,3.282,0.026833,0.001357,0.0,59
1,1,0,0,0,0,0,0,1,0,0,0,1,1,0,1,1,1,1,1,0,1,1,0,0,0,0,0,0,1,0,1,1,1,0,0,0,0,akiyo_cif.y4m,18.03,18.01,0.123491,0.001557,0.0,19
1,1,0,0,0,0,0,0,0,0,0,1,1,1,0,1,0,1,1,0,1,1,0,0,0,1,0,0,0,1,1,0,1,1,0,0,0,0,akiyo_cif.y4m,10.42,10.346,0.111265,0.001327,0.0,304
1,1,0,0,0,0,0,0,1,0,0,0,1,0,1,1,0,1,1,0,1,1,0,1,0,0,0,0,0,1,0,1,0,0,0,0,0,0,akiyo_cif.y4m,2.87,2.878,0.027749,0.001325,0.0,207
1,1,0,0,0,0,1,0,0,0,0,0,1,1,0,1,1,1,1,1,0,1,0,1,0,0,0,0,0,1,1,0,0,0,0,0,0,0,akiyo_cif.y4m,51.46,51.352,0.261285,0.001672,0.0,43
1,1,0,0,0,0,1,0,0,0,0,0,1,1,0,1,1,0,1,1,0,1,1,0,0,0,0,0,0,1,1,0,1,0,0,0,0,1,akiyo_cif.y4m,1.14,1.14,0.012247,0.001264,0.0,40
1,1,0,0,0,1,0,0,0,0,0,0,1,0,1,1,0,1,1,1,0,1,1,0,0,0,0,0,0,1,1,0,1,1,0,0,0,0,akiyo_cif.y4m,51.82,51.816,0.023022,0.002525,0.0,186
1,1,0,0,1,0,0,0,0,0,0,0,1,0,1,1,0,0,1,0,1,1,0,0,0,1,0,0,0,1,0,1,1,0,0,0,0,1,akiyo_cif.y4m,1.6,1.608,0.021679,0.001365,0.0,288
1,1,1,0,0,0,0,0,0,0,0,0,1,1,0,1,1,0,1,1,0,1,0,1,0,0,0,0,0,1,1,0,1,0,1,0,0,0,akiyo_cif.y4m,2.73,2.724,0.021909,0.001371,0.0,82
1,1,0,0,0,0,0,0,0,0,1,0,1,0,1,1,1,1,1,0,1,1,0,0,0,1,0,0,0,1,0,1,0,0,0,0,0,0,akiyo_cif.y4m,2.09,2.09,0.007071,0.001167,0.0,211
1,1,0,0,1,0,0,0,0,0,0,0,1,0,1,1,1,1,1,0,1,1,0,0,0,0,0,1,0,1,1,0,1,0,0,1,0,0,akiyo_cif.y4m,28.91,28.93,0.04,0.001725,0.0,347
1,1,0,1,0,0,0,0,0,0,0,0,1,0,1,1,0,0,1,1,0,1,1,0,0,0,0,0,0,1,1,0,1,0,0,0,1,0,akiyo_cif.y4m,5.13,5.134,0.020736,0.001407,0.0,13
1,1,0,0,0,0,0,1,0,0,0,0,1,0,1,1,1,1,1,0,1,1,0,0,1,0,0,0,0,1,0,1,0,0,0,0,0,0,akiyo_cif.y4m,161.17,161.148,0.09985,0.001621,0.0,228
1,1,0,0,0,0,0,0,0,1,0,0,1,1,0,1,0,1,1,0,1,1,0,0,1,0,0,0,0,1,0,1,1,0,0,0,0,1,akiyo_cif.y4m,3.6,3.598,0.025884,0.001338,0.0,335
1,1,0,0,0,0,0,0,1,0,0,0,1,1,0,1,1,0,1,0,1,1,0,0,1,0,0,0,0,1,1,0,1,1,0,0,0,0,akiyo_cif.y4m,11.88,11.882,0.117132,0.00245,0.0,24
1,1,1,0,0,0,0,0,0,0,0,0,1,0,1,1,0,1,1,0,1,1,0,1,0,0,0,0,0,1,0,1,1,0,0,1,0,0,akiyo_cif.y4m,70.05,69.998,0.120706,0.003212,0.0,352
1,1,0,0,0,0,1,0,0,0,0,0,1,0,1,1,0,0,1,1,0,1,0,0,0,0,0,1,0,1,1,0,0,0,0,0,0,0,akiyo_cif.y4m,2.34,2.338,0.014832,0.001198,0.0,368
1,1,1,0,0,0,0,0,0,0,0,0,1,0,1,1,1,1,1,1,0,1,0,1,0,0,0,0,0,1,1,0,0,0,0,0,0,0,akiyo_cif.y4m,1.02,1.016,0.005477,0.001523,0.0,80
1,1,0,0,1,0,0,0,0,0,0,0,1,1,0,1,0,0,1,0,1,1,0,1,0,0,0,0,0,1,0,1,0,0,0,0,0,0,akiyo_cif.y4m,10.82,10.824,0.071274,0.001646,0.0,121
1,1,0,0,0,0,0,0,0,0,1,0,1,0,1,1,1,1,1,0,1,1,0,0,1,0,0,0,0,1,1,0,1,1,0,0,0,0,akiyo_cif.y4m,1.45,1.464,0.019494,0.001032,0.0,156
1,1,0,1,0,0,0,0,0,0,0,0,1,0,1,1,1,1,1,1,0,1,0,0,0,0,0,1,0,1,1,0,1,1,0,0,0,0,akiyo_cif.y4m,0.57,0.578,0.013038,0.001232,0.0,9
1,1,0,0,0,0,0,0,0,0,1,0,1,1,0,1,0,0,1,1,0,1,0,0,0,0,1,0,0,1,1,0,1,0,0,0,0,1,akiyo_cif.y4m,3.49,3.496,0.035071,0.001199,0.0,165
1,1,0,0,0,0,0,0,0,0,1,0,1,0,1,1,0,0,1,1,0,1,0,1,0,0,0,0,0,1,0,1,1,0,0,0,0,1,akiyo_cif.y4m,2.5,2.504,0.023022,0.00109,0.0,126
1,1,0,0,1,0,0,0,0,0,0,0,1,1,0,1,1,1,1,0,1,1,0,0,1,0,0,0,0,1,0,1,1,0,1,0,0,0,akiyo_cif.y4m,1.01,1.008,0.008367,0.001524,0.0,280
1,1,0,0,0,0,0,1,0,0,0,0,1,0,1,1,1,1,1,1,0,1,0,1,0,0,0,0,0,1,0,1,1,0,0,0,1,0,akiyo_cif.y4m,0.79,0.788,0.008367,0.003308,0.0,172
1,1,0,0,0,0,0,0,0,0,1,0,1,0,1,1,0,1,1,1,0,1,0,0,0,1,0,0,0,1,0,1,0,0,0,0,0,0,akiyo_cif.y4m,4.38,4.396,0.032863,0.002403,0.0,292
1,1,0,0,0,0,0,0,0,0,1,0,1,1,0,1,1,1,1,0,1,1,0,0,0,0,0,1,0,1,1,0,0,0,0,0,0,0,akiyo_cif.y4m,7.08,7.078,0.052154,0.001558,0.0,105
1,1,0,0,0,1,0,0,0,0,0,0,1,0,1,1,1,1,1,0,1,1,0,0,0,0,0,0,1,1,1,0,1,0,1,0,0,0,akiyo_cif.y4m,7.5,7.482,0.069426,0.002273,0.0,76
1,1,0,0,0,1,0,0,0,0,0,0,1,0,1,1,0,0,1,1,0,1,1,0,0,0,0,0,0,1,1,0,1,0,0,0,0,1,akiyo_cif.y4m,29.64,29.678,0.130461,0.001567,0.0,221
1,1,0,0,0,0,0,0,0,0,1,0,1,1,0,1,1,0,1,1,0,1,0,0,0,0,1,0,0,1,0,1,1,0,0,0,0,1,akiyo_cif.y4m,18.42,18.432,0.038341,0.002412,0.0,167
1,1,0,0,0,0,0,0,0,0,1,0,1,0,1,1,0,1,1,0,1,1,1,0,0,0,0,0,0,1,1,0,1,0,0,0,0,1,akiyo_cif.y4m,108.3,107.674,1.528653,0.001605,0.0,35
1,1,0,0,1,0,0,0,0,0,0,0,1,1,0,1,0,0,1,1,0,1,0,1,0,0,0,0,0,1,0,1,1,0,1,0,0,0,akiyo_cif.y4m,1.38,1.372,0.010954,0.001099,0.0,235
1,1,0,0,0,0,0,0,0,1,0,0,1,1,0,1,1,1,1,0,1,1,0,0,1,0,0,0,0,1,0,1,1,0,0,0,0,1,akiyo_cif.y4m,5.61,5.612,0.043243,0.00234,0.0,333
1,1,0,0,0,0,1,0,0,0,0,0,1,0,1,1,1,1,1,1,0,1,0,1,0,0,0,0,0,1,1,0,0,0,0,0,0,0,akiyo_cif.y4m,28.86,28.902,0.105451,0.001596,0.0,44
1,1,0,0,1,0,0,0,0,0,0,0,1,0,1,1,0,1,1,1,0,1,0,1,0,0,0,0,0,1,0,1,1,1,0,0,0,0,akiyo_cif.y4m,48.01,48.05,0.059582,0.001517,0.0,256
1,1,0,0,0,0,0,1,0,0,0,0,1,0,1,1,1,0,1,0,1,1,0,1,0,0,0,0,0,1,0,1,1,0,0,0,0,1,akiyo_cif.y4m,326.22,326.232,0.960297,0.002463,0.0,192
1,1,0,0,0,0,1,0,0,0,0,0,1,1,0,1,1,1,1,1,0,1,1,0,0,0,0,0,0,1,1,0,1,0,0,0,0,1,akiyo_cif.y4m,6.93,6.93,0.027386,0.001356,0.0,41
1,1,0,0,0,0,0,0,0,0,1,0,1,0,1,1,0,1,1,1,0,1,0,0,0,0,0,1,0,1,0,1,1,0,0,0,1,0,akiyo_cif.y4m,36.34,36.32,0.06892,0.002585,0.0,273
1,1,0,0,0,0,0,0,0,0,1,0,1,1,0,1,0,1,1,0,1,1,0,0,0,0,0,1,0,1,0,1,0,0,0,0,0,0,akiyo_cif.y4m,32.03,31.986,0.12502,0.002644,0.0,101
1,1,0,0,0,0,0,0,0,0,1,0,1,0,1,1,1,1,1,0,1,1,0,0,0,0,1,0,0,1,1,0,1,0,1,0,0,0,akiyo_cif.y4m,17.47,17.47,0.025495,0.001555,0.0,242
1,1,0,0,0,0,0,0,0,0,1,0,1,1,0,1,0,1,1,0,1,1,0,0,0,0,0,1,0,1,1,0,0,0,0,0,0,0,akiyo_cif.y4m,6.87,6.872,0.021679,0.002997,0.0,103
1,1,1,0,0,0,0,0,0,0,0,0,1,1,0,1,1,0,1,1,0,1,0,1,0,0,0,0,0,1,0,1,0,0,0,0,0,0,akiyo_cif.y4m,31.03,31.056,0.077974,0.001588,0.0,1
1,1,0,0,0,0,0,1,0,0,0,0,1,1,0,1,0,0,1,0,1,1,0,0,0,0,0,1,0,1,0,1,1,0,0,0,0,1,akiyo_cif.y4m,2.2,2.196,0.020736,0.002407,0.0,56
1,1,0,0,1,0,0,0,0,0,0,0,1,0,1,1,0,0,1,0,1,1,0,0,0,0,0,0,1,1,0,1,0,0,0,0,0,0,akiyo_cif.y4m,7.22,7.212,0.037014,0.001558,0.0,373
1,1,0,0,0,0,0,0,1,0,0,0,1,1,0,1,1,1,1,0,1,1,0,1,0,0,0,0,0,1,0,1,1,0,1,0,0,0,akiyo_cif.y4m,41.75,41.858,0.350956,0.001532,0.0,318
1,1,0,0,0,1,0,0,0,0,0,0,1,1,0,1,0,0,1,1,0,1,0,0,0,0,1,0,0,1,1,0,0,0,0,0,0,0,akiyo_cif.y4m,103.21,103.194,0.187163,0.001832,0.0,69
1,1,0,1,0,0,0,0,0,0,0,0,1,0,1,1,0,0,1,1,0,1,0,0,0,0,0,1,0,1,1,0,1,1,0,0,0,0,akiyo_cif.y4m,2.56,2.568,0.021679,0.002378,0.0,11
1,1,0,0,1,0,0,0,0,0,0,0,1,0,1,1,0,0,1,1,0,1,0,1,0,0,0,0,0,1,0,1,1,0,0,1,0,0,akiyo_cif.y4m,2.88,2.88,0.01,0.001574,0.0,258
1,1,0,0,0,0,0,0,0,0,1,0,1,0,1,1,0,0,1,1,0,1,0,1,0,0,0,0,0,1,1,0,1,0,1,0,0,0,akiyo_cif.y4m,193.39,193.456,0.362533,0.002523,0.0,238
1,1,0,0,0,0,0,1,0,0,0,0,1,0,1,1,1,0,1,1,0,1,1,0,0,0,0,0,0,1,0,1,1,0,0,0,1,0,akiyo_cif.y4m,147.4,147.13,0.617657,0.001769,0.0,173
1,1,0,0,0,0,0,1,0,0,0,0,1,0,1,1,0,1,1,0,1,1,0,1,0,0,0,0,0,1,0,1,1,1,0,0,0,0,akiyo_cif.y4m,83.95,84.002,0.292096,0.001431,0.0,190
1,1,0,1,0,0,0,0,0,0,0,0,1,0,1,1,1,0,1,1,0,1,0,0,0,0,0,1,0,1,0,1,1,1,0,0,0,0,akiyo_cif.y4m,27.46,27.468,0.100598,0.001421,0.0,7
1,1,0,0,0,1,0,0,0,0,0,0,1,0,1,1,1,1,1,0,1,1,0,0,0,0,0,0,1,1,1,0,0,0,0,0,0,0,akiyo_cif.y4m,1.11,1.108,0.013038,0.001213,0.0,323
1,1,0,0,0,1,0,0,0,0,0,0,1,0,1,1,0,0,1,0,1,1,0,0,0,0,0,0,1,1,1,0,1,0,0,0,1,0,akiyo_cif.y4m,54.62,54.704,0.198066,0.001456,0.0,73
1,1,0,0,0,0,0,0,0,0,1,0,1,0,1,1,1,0,1,0,1,1,0,1,0,0,0,0,0,1,0,1,0,0,0,0,0,0,akiyo_cif.y4m,49.66,49.854,0.371658,0.001672,0.0,209
1,1,0,1,0,0,0,0,0,0,0,0,1,1,0,1,1,0,1,0,1,1,1,0,0,0,0,0,0,1,1,0,0,0,0,0,0,0,akiyo_cif.y4m,2.75,2.748,0.019235,0.001292,0.0,138
1,1,0,0,0,1,0,0,0,0,0,0,1,1,0,1,1,1,1,1,0,1,0,0,0,0,0,1,0,1,0,1,0,0,0,0,0,0,akiyo_cif.y4m,41.43,41.356,0.217555,0.002467,0.0,264
1,1,0,0,0,0,0,0,0,1,0,0,1,0,1,1,0,1,1,0,1,1,0,0,0,0,0,1,0,1,0,1,1,0,0,0,1,0,akiyo_cif.y4m,114.53,114.266,0.797891,0.001832,0.0,98
1,1,0,0,0,0,0,0,0,0,1,0,1,1,0,1,0,0,1,0,1,1,0,0,0,0,0,1,0,1,1,0,1,0,0,1,0,0,akiyo_cif.y4m,2.01,2.014,0.005477,0.001205,0.0,380
1,1,0,0,1,0,0,0,0,0,0,0,1,1,0,1,1,1,1,1,0,1,0,1,0,0,0,0,0,1,1,0,1,0,1,0,0,0,akiyo_cif.y4m,58.67,58.574,0.342243,0.002526,0.0,85
1,1,0,0,0,0,0,0,0,0,1,0,1,0,1,1,0,0,1,0,1,1,1,0,0,0,0,0,0,1,0,1,1,0,0,0,1,0,akiyo_cif.y4m,29.26,29.282,0.068702,0.001758,0.0,31
1,1,0,1,0,0,0,0,0,0,0,0,1,0,1,1,1,0,1,1,0,1,0,0,0,0,0,1,0,1,1,0,1,1,0,0,0,0,akiyo_cif.y4m,1.32,1.334,0.019494,0.001264,0.0,8
1,1,0,0,1,0,0,0,0,0,0,0,1,1,0,1,1,1,1,1,0,1,1,0,0,0,0,0,0,1,0,1,1,1,0,0,0,0,akiyo_cif.y4m,3.68,3.678,0.019235,0.001581,0.0,216
1,1,0,0,1,0,0,0,0,0,0,0,1,1,0,1,1,1,1,0,1,1,0,0,0,1,0,0,0,1,0,1,1,1,0,0,0,0,akiyo_cif.y4m,0.67,0.672,0.008367,0.001473,0.0,214
1,1,0,0,0,0,0,0,1,0,0,0,1,1,0,1,0,0,1,1,0,1,0,0,0,0,0,1,0,1,1,0,0,0,0,0,0,0,akiyo_cif.y4m,3.9,3.904,0.023022,0.001126,0.0,341
1,1,0,0,1,0,0,0,0,0,0,0,1,1,0,1,0,0,1,1,0,1,0,1,0,0,0,0,0,1,1,0,1,0,1,0,0,0,akiyo_cif.y4m,2.29,2.294,0.038471,0.002422,0.0,236
1,1,0,0,0,0,0,0,0,0,1,0,1,0,1,1,0,0,1,0,1,1,0,0,0,0,1,0,0,1,1,0,1,0,1,0,0,0,akiyo_cif.y4m,5.48,5.474,0.037815,0.002451,0.0,240
1,1,0,0,0,0,0,1,0,0,0,0,1,0,1,1,0,0,1,0,1,1,0,0,0,1,0,0,0,1,0,1,1,0,0,0,1,0,akiyo_cif.y4m,8.18,8.174,0.042778,0.002997,0.0,51
1,1,1,0,0,0,0,0,0,0,0,0,1,0,1,1,1,1,1,0,1,1,0,0,0,0,0,0,1,1,1,0,1,0,1,0,0,0,akiyo_cif.y4m,3.42,3.42,0.022361,0.001499,0.0,77
1,1,0,0,0,0,0,0,0,0,1,0,1,0,1,1,1,0,1,1,0,1,0,0,0,0,0,1,0,1,0,1,1,0,0,0,0,1,akiyo_cif.y4m,3.89,3.892,0.040866,0.001469,0.0,128
1,1,0,0,1,0,0,0,0,0,0,0,1,1,0,1,0,0,1,1,0,1,0,1,0,0,0,0,0,1,0,1,0,0,0,0,0,0,akiyo_cif.y4m,23.99,23.986,0.041593,0.001494,0.0,234
1,1,0,0,0,0,0,0,1,0,0,0,1,0,1,1,1,0,1,0,1,1,0,0,0,0,0,1,0,1,0,1,1,0,0,0,1,0,akiyo_cif.y4m,336.3,336.314,0.186762,0.002463,0.0,28
1,1,0,0,1,0,0,0,0,0,0,0,1,1,0,1,1,0,1,0,1,1,1,0,0,0,0,0,0,1,1,0,0,0,0,0,0,0,akiyo_cif.y4m,26.59,26.552,0.145842,0.001421,0.0,139
1,1,0,0,0,0,0,0,0,0,1,0,1,0,1,1,1,0,1,1,0,1,0,0,0,0,1,0,0,1,1,0,1,0,1,0,0,0,akiyo_cif.y4m,0.63,0.628,0.008367,0.001386,0.0,152
1,1,0,1,0,0,0,0,0,0,0,0,1,0,1,1,0,0,1,1,0,1,0,0,0,0,0,1,0,1,1,0,1,0,0,0,1,0,akiyo_cif.y4m,47.96,47.828,0.277795,0.003276,0.0,12
1,1,0,0,0,0,1,0,0,0,0,0,1,0,1,1,0,1,1,1,0,1,0,0,0,0,0,1,0,1,1,0,0,0,0,0,0,0,akiyo_cif.y4m,0.63,0.628,0.010954,0.001386,0.0,369
1,1,0,0,0,0,0,0,0,0,0,1,1,1,0,1,1,0,1,0,1,1,0,0,0,0,0,1,0,1,0,1,1,0,0,0,0,1,akiyo_cif.y4m,18.4,18.398,0.023875,0.002412,0.0,58
1,1,0,0,0,0,0,0,1,0,0,0,1,1,0,1,1,0,1,1,0,1,1,0,0,0,0,0,0,1,1,0,0,0,0,0,0,0,akiyo_cif.y4m,12.71,12.73,0.059582,0.002734,0.0,64
1,1,0,0,0,0,0,0,1,0,0,0,1,1,0,1,1,0,1,1,0,1,0,0,1,0,0,0,0,1,1,0,1,1,0,0,0,0,akiyo_cif.y4m,10.04,10.034,0.02881,0.001484,0.0,21
1,1,0,0,0,1,0,0,0,0,0,0,1,0,1,1,1,1,1,0,1,1,0,0,1,0,0,0,0,1,1,0,1,0,0,0,0,1,akiyo_cif.y4m,30.38,29.9,0.848911,0.001725,0.0,225
1,1,0,0,0,0,1,0,0,0,0,0,1,0,1,1,1,0,1,1,0,1,0,0,0,0,0,1,0,1,1,0,1,0,0,0,1,0,akiyo_cif.y4m,39.71,39.8,0.326497,0.001475,0.0,366
1,1,0,0,0,0,0,1,0,0,0,0,1,0,1,1,1,1,1,0,1,1,0,0,1,0,0,0,0,1,0,1,1,0,0,0,0,1,bowing_cif.y4m,2.75,2.766,0.032863,0.001482,0.0,114
1,1,0,0,1,0,0,0,0,0,0,0,1,1,0,1,1,1,1,0,1,1,0,0,1,0,0,0,0,1,1,0,1,0,1,0,0,0,bowing_cif.y4m,1.93,1.932,0.021679,0.001323,0.0,281
1,1,0,0,0,1,0,0,0,0,0,0,1,0,1,1,1,0,1,1,0,1,0,0,0,0,0,0,1,1,1,0,1,0,0,1,0,0,bowing_cif.y4m,3.81,3.812,0.008367,0.001411,0.0,325
1,1,1,0,0,0,0,0,0,0,0,0,1,1,0,1,1,0,1,1,0,1,0,0,0,0,1,0,0,1,1,0,1,1,0,0,0,0,bowing_cif.y4m,3.46,3.462,0.026833,0.001558,0.0,181
1,1,0,0,0,0,0,0,1,0,0,0,1,1,0,1,1,0,1,0,1,1,0,0,1,0,0,0,0,1,1,0,1,0,0,0,0,1,bowing_cif.y4m,96.15,96.018,0.388677,0.001498,0.0,247
1,1,0,0,0,0,0,0,0,0,1,0,1,1,0,1,1,0,1,1,0,1,0,0,0,0,1,0,0,1,1,0,1,0,0,0,0,1,bowing_cif.y4m,132.47,132.514,0.459162,0.001948,0.0,166
1,1,0,0,0,0,0,0,1,0,0,0,1,1,0,1,1,0,1,0,1,1,0,0,1,0,0,0,0,1,1,0,1,0,0,0,1,0,bowing_cif.y4m,5.58,5.562,0.036332,0.001474,0.0,25
1,1,0,0,0,0,0,1,0,0,0,0,1,0,1,1,0,0,1,1,0,1,0,1,0,0,0,0,0,1,0,1,0,0,0,0,0,0,bowing_cif.y4m,6.43,6.356,0.135757,0.002129,0.0,355
1,1,0,0,1,0,0,0,0,0,0,0,1,1,0,1,0,0,1,1,0,1,1,0,0,0,0,0,0,1,1,0,1,0,0,0,0,1,bowing_cif.y4m,1.0,0.996,0.005477,0.001273,0.0,219
1,1,0,0,0,1,0,0,0,0,0,0,1,1,0,1,1,0,1,1,0,1,0,0,0,0,1,0,0,1,1,0,1,1,0,0,0,0,bowing_cif.y4m,6.48,6.456,0.118448,0.002129,0.0,182
1,1,0,1,0,0,0,0,0,0,0,0,1,0,1,1,0,1,1,1,0,1,0,0,0,0,0,1,0,1,1,0,1,1,0,0,0,0,bowing_cif.y4m,2.47,2.47,0.015811,0.001655,0.0,10
1,1,0,0,1,0,0,0,0,0,0,0,1,1,0,1,1,0,1,0,1,1,0,0,1,0,0,0,0,1,0,1,1,0,0,0,0,1,bowing_cif.y4m,26.28,26.302,0.075961,0.001524,0.0,116
1,1,0,0,0,1,0,0,0,0,0,0,1,1,0,1,1,1,1,0,1,1,0,0,0,0,0,1,0,1,0,1,1,1,0,0,0,0,bowing_cif.y4m,4.38,4.378,0.025884,0.001402,0.0,266
1,1,0,0,0,0,0,0,1,0,0,0,1,1,0,1,0,0,1,0,1,1,0,0,1,0,0,0,0,1,1,0,1,0,0,1,0,0,bowing_cif.y4m,23.81,23.452,0.555266,0.002676,0.0,313
1,1,0,0,0,0,0,1,0,0,0,0,1,0,1,1,0,0,1,1,0,1,0,0,0,0,0,0,1,1,0,1,0,0,0,0,0,0,bowing_cif.y4m,9.63,9.63,0.082158,0.002675,0.0,357
1,1,0,0,0,1,0,0,0,0,0,0,1,0,1,1,0,1,1,0,1,1,1,0,0,0,0,0,0,1,1,0,1,1,0,0,0,0,bowing_cif.y4m,1.48,1.484,0.008944,0.002574,0.0,187
1,1,0,0,0,0,0,0,1,0,0,0,1,1,0,1,1,1,1,0,1,1,0,0,1,0,0,0,0,1,1,0,1,1,0,0,0,0,bowing_cif.y4m,285.37,285.384,0.073348,0.001871,0.0,23
1,1,0,0,1,0,0,0,0,0,0,0,1,1,0,1,1,0,1,1,0,1,0,1,0,0,0,0,0,1,0,1,0,0,0,0,0,0,bowing_cif.y4m,36.65,36.636,0.051769,0.001573,0.0,2
1,1,0,0,0,0,0,0,0,0,0,1,1,1,0,1,1,0,1,0,1,1,0,0,0,0,0,1,0,1,1,0,1,1,0,0,0,0,bowing_cif.y4m,133.49,133.182,0.878163,0.001596,0.0,301
1,1,0,0,0,0,0,1,0,0,0,0,1,0,1,1,0,1,1,1,0,1,0,1,0,0,0,0,0,1,0,1,0,0,0,0,0,0,bowing_cif.y4m,125.8,126.128,0.934222,0.002576,0.0,356
1,1,0,0,0,0,0,0,0,0,1,0,1,1,0,1,0,1,1,0,1,1,0,0,0,0,0,1,0,1,0,1,1,1,0,0,0,0,bowing_cif.y4m,7.96,7.97,0.023452,0.001993,0.0,269
1,1,0,0,0,0,0,0,0,0,1,0,1,0,1,1,0,1,1,1,0,1,0,0,1,0,0,0,0,1,0,1,1,0,0,0,1,0,bowing_cif.y4m,6.99,6.97,0.028284,0.002763,0.0,274
1,1,0,0,0,0,0,0,0,0,1,0,1,0,1,1,0,1,1,1,0,1,0,0,0,1,0,0,0,1,1,0,1,1,0,0,0,0,bowing_cif.y4m,4.05,4.062,0.039623,0.002333,0.0,307
1,1,0,0,1,0,0,0,0,0,0,0,1,0,1,1,0,1,1,1,0,1,0,0,1,0,0,0,0,1,0,1,1,1,0,0,0,0,bowing_cif.y4m,21.44,21.432,0.019235,0.001509,0.0,254
1,1,0,0,0,0,0,0,0,0,1,0,1,0,1,1,0,1,1,0,1,1,0,1,0,0,0,0,0,1,0,1,0,0,0,0,0,0,bowing_cif.y4m,1.07,1.074,0.011402,0.00133,0.0,208
1,1,0,0,1,0,0,0,0,0,0,0,1,1,0,1,1,1,1,1,0,1,0,0,1,0,0,0,0,1,0,1,1,0,1,0,0,0,bowing_cif.y4m,1.24,1.236,0.016733,0.002346,0.0,279
1,1,0,0,0,0,0,1,0,0,0,0,1,1,0,1,1,1,1,1,0,1,0,1,0,0,0,0,0,1,0,1,1,0,0,0,1,0,bowing_cif.y4m,4.08,4.07,0.031623,0.001594,0.0,171
1,1,0,0,0,0,0,0,0,1,0,0,1,1,0,1,0,1,1,0,1,1,0,0,0,0,0,1,0,1,0,1,1,0,0,0,1,0,bowing_cif.y4m,24.04,24.0,0.069642,0.002676,0.0,99
1,1,1,0,0,0,0,0,0,0,0,0,1,0,1,1,1,1,1,1,0,1,0,1,0,0,0,0,0,1,1,0,1,0,1,0,0,0,bowing_cif.y4m,5.35,5.35,0.036742,0.001508,0.0,81
1,1,0,0,0,0,0,0,0,0,1,0,1,0,1,1,1,1,1,0,1,1,0,0,1,0,0,0,0,1,1,0,1,0,1,0,0,0,bowing_cif.y4m,1.66,1.668,0.013038,0.001646,0.0,155
1,1,0,0,0,1,0,0,0,0,0,0,1,1,0,1,0,1,1,1,0,1,1,0,0,0,0,0,0,1,1,0,1,1,0,0,0,0,bowing_cif.y4m,2.95,2.952,0.019235,0.002333,0.0,185
1,1,0,0,1,0,0,0,0,0,0,0,1,1,0,1,0,0,1,0,1,1,0,0,0,0,0,1,0,1,0,1,0,0,0,0,0,0,bowing_cif.y4m,2.11,2.122,0.027749,0.001481,0.0,376
1,1,0,0,0,0,0,0,1,0,0,0,1,1,0,1,0,1,1,0,1,1,0,1,0,0,0,0,0,1,1,0,0,0,0,0,0,0,bowing_cif.y4m,0.81,0.816,0.008944,0.001481,0.0,204
1,1,0,0,0,0,0,0,1,0,0,0,1,1,0,1,1,0,1,0,1,1,0,0,0,0,1,0,0,1,1,0,1,0,0,0,0,1,bowing_cif.y4m,49.16,48.86,0.645174,0.001658,0.0,246
1,1,0,0,0,0,0,1,0,0,0,0,1,1,0,1,1,1,1,0,1,1,0,0,1,0,0,0,0,1,0,1,0,0,0,0,0,0,bowing_cif.y4m,27.15,27.184,0.122393,0.001561,0.0,230
1,1,0,0,0,0,0,0,1,0,0,0,1,0,1,1,1,0,1,0,1,1,0,0,0,0,0,1,0,1,1,0,1,0,0,0,1,0,bowing_cif.y4m,41.42,41.456,0.138311,0.003128,0.0,27
1,1,0,1,0,0,0,0,0,0,0,0,1,1,0,1,1,1,1,0,1,1,1,0,0,0,0,0,0,1,1,0,0,0,0,0,0,0,bowing_cif.y4m,2.69,2.698,0.037683,0.001337,0.0,137
1,1,0,0,0,0,0,0,0,0,1,0,1,1,0,1,1,1,1,1,0,1,0,0,0,0,1,0,0,1,0,1,1,0,0,0,1,0,bowing_cif.y4m,3.56,3.554,0.039115,0.002379,0.0,169
1,1,0,0,0,0,0,0,0,0,1,0,1,0,1,1,0,1,1,0,1,1,1,0,0,0,0,0,0,1,0,1,1,0,0,0,0,1,bowing_cif.y4m,55.77,55.708,0.266214,0.001567,0.0,33
1,1,0,0,0,0,0,0,1,0,0,0,1,0,1,1,0,1,1,0,1,1,0,1,0,0,0,0,0,1,1,0,0,0,0,0,0,0,bowing_cif.y4m,21.19,21.19,0.067823,0.003054,0.0,205
1,1,0,0,0,0,0,0,0,0,1,0,1,1,0,1,1,0,1,0,1,1,0,0,0,0,1,0,0,1,1,0,1,0,0,0,0,1,bowing_cif.y4m,5.05,5.034,0.034351,0.001511,0.0,245
1,1,1,0,0,0,0,0,0,0,0,0,1,1,0,1,0,0,1,1,0,1,0,0,1,0,0,0,0,1,1,0,1,0,0,0,0,1,bowing_cif.y4m,3.36,3.356,0.039115,0.001403,0.0,163
1,1,0,0,1,0,0,0,0,0,0,0,1,1,0,1,1,0,1,1,0,1,1,0,0,0,0,0,0,1,0,1,1,1,0,0,0,0,bowing_cif.y4m,2.07,2.072,0.014832,0.001481,0.0,4
1,1,0,0,1,0,0,0,0,0,0,0,1,1,0,1,0,0,1,0,1,1,1,0,0,0,0,0,0,1,1,0,1,0,0,0,1,0,bowing_cif.y4m,1.7,1.69,0.073144,0.002347,0.0,141
1,1,1,0,0,0,0,0,0,0,0,0,1,1,0,1,1,1,1,0,1,1,0,0,1,0,0,0,0,1,1,0,1,1,0,0,0,0,bowing_cif.y4m,146.49,146.224,0.544408,0.001686,0.0,159
1,1,0,0,0,0,0,0,1,0,0,0,1,1,0,1,0,1,1,0,1,1,0,0,1,0,0,0,0,1,0,1,1,0,0,0,0,1,bowing_cif.y4m,7.52,7.504,0.091269,0.002434,0.0,336
1,1,0,0,0,1,0,0,0,0,0,0,1,1,0,1,0,0,1,0,1,1,0,0,0,0,0,0,1,1,1,0,1,0,0,0,1,0,bowing_cif.y4m,32.47,32.428,0.155467,0.001501,0.0,72
1,1,0,0,0,0,0,0,1,0,0,0,1,1,0,1,1,0,1,1,0,1,0,0,1,0,0,0,0,1,1,0,1,0,0,0,0,1,bowing_cif.y4m,3.58,3.572,0.013038,0.001602,0.0,248
1,1,0,1,0,0,0,0,0,0,0,0,1,0,1,1,1,1,1,1,0,1,0,0,0,0,0,1,0,1,0,1,1,0,0,0,0,1,bowing_cif.y4m,106.41,107.736,1.923871,0.001548,0.0,130
1,1,0,0,0,1,0,0,0,0,0,0,1,0,1,1,1,1,1,1,0,1,0,0,0,0,0,0,1,1,1,0,0,0,0,0,0,0,bowing_cif.y4m,66.23,66.186,0.146561,0.002071,0.0,324
1,1,1,0,0,0,0,0,0,0,0,0,1,0,1,1,0,1,1,1,0,1,0,1,0,0,0,0,0,1,0,1,0,0,0,0,0,0,bowing_cif.y4m,59.93,59.928,0.046043,0.00304,0.0,354
1,1,0,0,0,0,0,0,0,0,1,0,1,0,1,1,0,0,1,1,0,1,0,0,0,1,0,0,0,1,0,1,0,0,0,0,0,0,bowing_cif.y4m,36.63,36.696,0.161493,0.001437,0.0,291
1,1,0,0,0,0,0,0,0,0,1,0,1,1,0,1,0,0,1,1,0,1,0,1,0,0,0,0,0,1,1,0,1,0,1,0,0,0,bowing_cif.y4m,1.41,1.406,0.027019,0.001322,0.0,237
1,1,0,0,0,1,0,0,0,0,0,0,1,1,0,1,1,0,1,1,0,1,1,0,0,0,0,0,0,1,1,0,1,1,0,0,0,0,bowing_cif.y4m,1.73,1.742,0.025884,0.0014,0.0,183
1,1,0,0,0,1,0,0,0,0,0,0,1,0,1,1,1,1,1,0,1,1,0,0,1,0,0,0,0,1,0,1,0,0,0,0,0,0,bowing_cif.y4m,1.55,1.54,0.018708,0.001396,0.0,227
1,1,0,0,0,0,0,0,1,0,0,0,1,1,0,1,0,1,1,0,1,1,0,0,0,0,0,1,0,1,0,1,0,0,0,0,0,0,bowing_cif.y4m,3.83,3.836,0.0498,0.001705,0.0,338
1,1,0,0,1,0,0,0,0,0,0,0,1,0,1,1,0,0,1,0,1,1,1,0,0,0,0,0,0,1,1,0,1,0,0,0,1,0,bowing_cif.y4m,15.67,15.678,0.025884,0.001501,0.0,142
1,1,0,0,1,0,0,0,0,0,0,0,1,1,0,1,1,1,1,0,1,1,0,0,1,0,0,0,0,1,1,0,1,0,0,0,0,1,bowing_cif.y4m,10.54,10.546,0.037148,0.001992,0.0,332
1,1,0,0,0,0,0,0,0,1,0,0,1,0,1,1,0,0,1,1,0,1,0,0,0,0,1,0,0,1,0,1,1,0,0,0,1,0,bowing_cif.y4m,138.0,137.514,0.929398,0.001543,0.0,95
1,1,0,0,1,0,0,0,0,0,0,0,1,0,1,1,0,0,1,0,1,1,0,0,0,1,0,0,0,1,0,1,0,0,0,0,0,0,bowing_cif.y4m,6.46,6.492,0.070143,0.002041,0.0,289
1,1,0,0,1,0,0,0,0,0,0,0,1,1,0,1,0,0,1,0,1,1,0,0,0,0,0,1,0,1,0,1,1,0,0,1,0,0,bowing_cif.y4m,1.32,1.324,0.011402,0.001322,0.0,378
1,1,0,0,1,0,0,0,0,0,0,0,1,1,0,1,1,1,1,1,0,1,0,0,1,0,0,0,0,1,0,1,1,0,0,0,1,0,bowing_cif.y4m,35.41,35.408,0.080436,0.001482,0.0,278
1,1,0,0,0,0,0,0,0,0,1,0,1,0,1,1,1,0,1,0,1,1,1,0,0,0,0,0,0,1,0,1,1,0,0,0,1,0,bowing_cif.y4m,4.44,4.444,0.038471,0.002133,0.0,30
1,1,0,0,1,0,0,0,0,0,0,0,1,1,0,1,0,0,1,0,1,1,0,1,0,0,0,0,0,1,0,1,1,0,0,0,0,1,bowing_cif.y4m,1.12,1.122,0.008367,0.001576,0.0,120
1,1,0,0,0,1,0,0,0,0,0,0,1,1,0,1,1,1,1,0,1,1,0,0,0,0,0,1,0,1,0,1,0,0,0,0,0,0,bowing_cif.y4m,1.7,1.692,0.020494,0.001568,0.0,265
1,1,0,0,0,0,0,0,0,0,1,0,1,1,0,1,1,0,1,1,0,1,0,0,0,0,0,1,0,1,0,1,0,0,0,0,0,0,bowing_cif.y4m,3.33,3.344,0.027928,0.001505,0.0,296
1,1,0,0,0,0,0,1,0,0,0,0,1,1,0,1,1,1,1,1,0,1,0,1,0,0,0,0,0,1,0,1,0,0,0,0,0,0,bowing_cif.y4m,6.38,6.388,0.021679,0.001613,0.0,232
1,1,0,0,0,0,0,0,0,0,1,0,1,0,1,1,0,0,1,1,0,1,0,0,1,0,0,0,0,1,1,0,1,0,0,1,0,0,bowing_cif.y4m,4.83,4.814,0.055946,0.002223,0.0,310
1,1,0,0,0,0,0,1,0,0,0,0,1,0,1,1,1,1,1,0,1,1,0,0,0,0,0,1,0,1,0,1,1,0,0,1,0,0,bowing_cif.y4m,57.78,57.81,0.237592,0.002025,0.0,349
1,1,0,0,1,0,0,0,0,0,0,0,1,1,0,1,0,1,1,0,1,1,0,0,0,0,0,1,0,1,0,1,0,0,0,0,0,0,bowing_cif.y4m,3.18,3.214,0.094763,0.002057,0.0,377
1,1,0,0,0,0,0,0,0,1,0,0,1,0,1,1,1,1,1,1,0,1,0,0,0,0,1,0,0,1,0,1,1,0,0,0,1,0,bowing_cif.y4m,132.6,132.446,0.311897,0.001587,0.0,94
1,1,1,0,0,0,0,0,0,0,0,0,1,1,0,1,1,0,1,0,1,1,1,0,0,0,0,0,0,1,0,1,1,1,0,0,0,0,bowing_cif.y4m,4.04,4.036,0.015166,0.002333,0.0,178
1,1,0,0,0,0,0,0,0,0,1,0,1,0,1,1,0,0,1,1,0,1,0,0,0,0,0,1,0,1,0,1,1,0,0,0,0,1,bowing_cif.y4m,3.78,3.768,0.021679,0.00197,0.0,127
1,1,0,0,0,0,0,1,0,0,0,0,1,0,1,1,1,0,1,0,1,1,0,0,0,1,0,0,0,1,0,1,1,0,0,0,1,0,bowing_cif.y4m,1.33,1.326,0.011402,0.001256,0.0,111
1,1,1,0,0,0,0,0,0,0,0,0,1,0,1,1,0,1,1,1,0,1,0,1,0,0,0,0,0,1,0,1,1,0,0,1,0,0,bowing_cif.y4m,2.94,2.936,0.011402,0.001903,0.0,353
1,1,0,0,0,0,1,0,0,0,0,0,1,0,1,1,1,1,1,1,0,1,0,1,0,0,0,0,0,1,1,0,1,0,0,0,1,0,bowing_cif.y4m,3.27,3.28,0.029155,0.001655,0.0,45
1,1,0,0,0,1,0,0,0,0,0,0,1,0,1,1,1,1,1,0,1,1,0,0,1,0,0,0,0,1,1,0,0,0,0,0,0,0,bowing_cif.y4m,1.08,1.086,0.008944,0.001479,0.0,226
1,1,0,0,0,0,0,0,0,0,0,1,1,1,0,1,1,0,1,0,1,1,0,0,0,0,0,1,0,1,1,0,1,0,0,0,0,1,bowing_cif.y4m,4.24,4.242,0.0249,0.001551,0.0,59
1,1,0,0,0,0,0,0,1,0,0,0,1,1,0,1,1,1,1,1,0,1,1,0,0,0,0,0,0,1,0,1,1,1,0,0,0,0,bowing_cif.y4m,38.25,38.266,0.067676,0.001573,0.0,19
1,1,0,0,0,0,0,0,0,0,0,1,1,1,0,1,0,1,1,0,1,1,0,0,0,1,0,0,0,1,1,0,1,1,0,0,0,0,bowing_cif.y4m,19.81,19.814,0.065422,0.001579,0.0,304
1,1,0,0,0,0,0,0,1,0,0,0,1,0,1,1,0,1,1,0,1,1,0,1,0,0,0,0,0,1,0,1,0,0,0,0,0,0,bowing_cif.y4m,3.52,3.54,0.056125,0.001602,0.0,207
1,1,0,0,0,0,1,0,0,0,0,0,1,1,0,1,1,1,1,1,0,1,0,1,0,0,0,0,0,1,1,0,0,0,0,0,0,0,bowing_cif.y4m,92.4,90.526,3.793235,0.001578,0.0,43
1,1,0,0,0,0,1,0,0,0,0,0,1,1,0,1,1,0,1,1,0,1,1,0,0,0,0,0,0,1,1,0,1,0,0,0,0,1,bowing_cif.y4m,1.71,1.704,0.013416,0.001417,0.0,40
1,1,0,0,0,1,0,0,0,0,0,0,1,0,1,1,0,1,1,1,0,1,1,0,0,0,0,0,0,1,1,0,1,1,0,0,0,0,bowing_cif.y4m,62.96,62.956,0.0498,0.002002,0.0,186
1,1,0,0,1,0,0,0,0,0,0,0,1,0,1,1,0,0,1,0,1,1,0,0,0,1,0,0,0,1,0,1,1,0,0,0,0,1,bowing_cif.y4m,2.13,2.13,0.043012,0.001477,0.0,288
1,1,1,0,0,0,0,0,0,0,0,0,1,1,0,1,1,0,1,1,0,1,0,1,0,0,0,0,0,1,1,0,1,0,1,0,0,0,bowing_cif.y4m,3.38,3.392,0.032711,0.001558,0.0,82
1,1,0,0,0,0,0,0,0,0,1,0,1,0,1,1,1,1,1,0,1,1,0,0,0,1,0,0,0,1,0,1,0,0,0,0,0,0,bowing_cif.y4m,2.5,2.508,0.025884,0.001494,0.0,211
1,1,0,0,1,0,0,0,0,0,0,0,1,0,1,1,1,1,1,0,1,1,0,0,0,0,0,1,0,1,1,0,1,0,0,1,0,0,bowing_cif.y4m,49.88,49.748,0.37506,0.001658,0.0,347
1,1,0,1,0,0,0,0,0,0,0,0,1,0,1,1,0,0,1,1,0,1,1,0,0,0,0,0,0,1,1,0,1,0,0,0,1,0,bowing_cif.y4m,6.43,6.45,0.048477,0.001457,0.0,13
1,1,0,0,0,0,0,1,0,0,0,0,1,0,1,1,1,1,1,0,1,1,0,0,1,0,0,0,0,1,0,1,0,0,0,0,0,0,bowing_cif.y4m,285.05,285.038,0.084676,0.001461,0.0,228
1,1,0,0,0,0,0,0,0,1,0,0,1,1,0,1,0,1,1,0,1,1,0,0,1,0,0,0,0,1,0,1,1,0,0,0,0,1,bowing_cif.y4m,4.18,4.174,0.018166,0.001594,0.0,335
1,1,0,0,0,0,0,0,1,0,0,0,1,1,0,1,1,0,1,0,1,1,0,0,1,0,0,0,0,1,1,0,1,1,0,0,0,0,bowing_cif.y4m,16.0,15.988,0.124579,0.002017,0.0,24
1,1,1,0,0,0,0,0,0,0,0,0,1,0,1,1,0,1,1,0,1,1,0,1,0,0,0,0,0,1,0,1,1,0,0,1,0,0,bowing_cif.y4m,92.05,92.052,0.047645,0.003011,0.0,352
1,1,0,0,0,0,1,0,0,0,0,0,1,0,1,1,0,0,1,1,0,1,0,0,0,0,0,1,0,1,1,0,0,0,0,0,0,0,bowing_cif.y4m,2.77,2.768,0.014832,0.001503,0.0,368
1,1,1,0,0,0,0,0,0,0,0,0,1,0,1,1,1,1,1,1,0,1,0,1,0,0,0,0,0,1,1,0,0,0,0,0,0,0,bowing_cif.y4m,1.23,1.23,0.015811,0.001582,0.0,80
1,1,0,0,1,0,0,0,0,0,0,0,1,1,0,1,0,0,1,0,1,1,0,1,0,0,0,0,0,1,0,1,0,0,0,0,0,0,bowing_cif.y4m,22.17,22.12,0.098489,0.001665,0.0,121
1,1,0,0,0,0,0,0,0,0,1,0,1,0,1,1,1,1,1,0,1,1,0,0,1,0,0,0,0,1,1,0,1,1,0,0,0,0,bowing_cif.y4m,2.26,2.25,0.018708,0.001337,0.0,156
1,1,0,1,0,0,0,0,0,0,0,0,1,0,1,1,1,1,1,1,0,1,0,0,0,0,0,1,0,1,1,0,1,1,0,0,0,0,bowing_cif.y4m,0.78,0.782,0.019235,0.001334,0.0,9
1,1,0,0,0,0,0,0,0,0,1,0,1,1,0,1,0,0,1,1,0,1,0,0,0,0,1,0,0,1,1,0,1,0,0,0,0,1,bowing_cif.y4m,4.43,4.432,0.022804,0.001511,0.0,165
1,1,0,0,0,0,0,0,0,0,1,0,1,0,1,1,0,0,1,1,0,1,0,1,0,0,0,0,0,1,0,1,1,0,0,0,0,1,bowing_cif.y4m,3.28,3.26,0.038079,0.001397,0.0,126
1,1,0,0,1,0,0,0,0,0,0,0,1,1,0,1,1,1,1,0,1,1,0,0,1,0,0,0,0,1,0,1,1,0,1,0,0,0,bowing_cif.y4m,1.23,1.226,0.005477,0.001582,0.0,280
1,1,0,0,0,0,0,1,0,0,0,0,1,0,1,1,1,1,1,1,0,1,0,1,0,0,0,0,0,1,0,1,1,0,0,0,1,0,bowing_cif.y4m,0.96,0.96,0.01,0.002594,0.0,172
1,1,0,0,0,0,0,0,0,0,1,0,1,0,1,1,0,1,1,1,0,1,0,0,0,1,0,0,0,1,0,1,0,0,0,0,0,0,bowing_cif.y4m,4.81,4.816,0.013416,0.002339,0.0,292
1,1,0,0,0,0,0,0,0,0,1,0,1,1,0,1,1,1,1,0,1,1,0,0,0,0,0,1,0,1,1,0,0,0,0,0,0,0,bowing_cif.y4m,12.64,12.632,0.063797,0.001532,0.0,105
1,1,0,0,0,1,0,0,0,0,0,0,1,0,1,1,1,1,1,0,1,1,0,0,0,0,0,0,1,1,1,0,1,0,1,0,0,0,bowing_cif.y4m,8.14,8.174,0.070214,0.002043,0.0,76
1,1,0,0,0,1,0,0,0,0,0,0,1,0,1,1,0,0,1,1,0,1,1,0,0,0,0,0,0,1,1,0,1,0,0,0,0,1,bowing_cif.y4m,50.11,50.162,0.163615,0.001514,0.0,221
1,1,0,0,0,0,0,0,0,0,1,0,1,1,0,1,1,0,1,1,0,1,0,0,0,0,1,0,0,1,0,1,1,0,0,0,0,1,bowing_cif.y4m,24.54,24.544,0.047223,0.001958,0.0,167
1,1,0,0,0,0,0,0,0,0,1,0,1,0,1,1,0,1,1,0,1,1,1,0,0,0,0,0,0,1,1,0,1,0,0,0,0,1,bowing_cif.y4m,190.14,189.942,0.557064,0.001693,0.0,35
1,1,0,0,1,0,0,0,0,0,0,0,1,1,0,1,0,0,1,1,0,1,0,1,0,0,0,0,0,1,0,1,1,0,1,0,0,0,bowing_cif.y4m,2.04,2.044,0.015166,0.001421,0.0,235
1,1,0,0,0,0,0,0,0,1,0,0,1,1,0,1,1,1,1,0,1,1,0,0,1,0,0,0,0,1,0,1,1,0,0,0,0,1,bowing_cif.y4m,6.22,6.238,0.044944,0.002041,0.0,333
1,1,0,0,0,0,1,0,0,0,0,0,1,0,1,1,1,1,1,1,0,1,0,1,0,0,0,0,0,1,1,0,0,0,0,0,0,0,bowing_cif.y4m,42.97,42.98,0.178326,0.001538,0.0,44
1,1,0,0,1,0,0,0,0,0,0,0,1,0,1,1,0,1,1,1,0,1,0,1,0,0,0,0,0,1,0,1,1,1,0,0,0,0,bowing_cif.y4m,74.53,74.544,0.068775,0.001577,0.0,256
1,1,0,0,0,0,0,1,0,0,0,0,1,0,1,1,1,0,1,0,1,1,0,1,0,0,0,0,0,1,0,1,1,0,0,0,0,1,bowing_cif.y4m,452.9,453.308,1.393779,0.002019,0.0,192
1,1,0,0,0,0,1,0,0,0,0,0,1,1,0,1,1,1,1,1,0,1,1,0,0,0,0,0,0,1,1,0,1,0,0,0,0,1,bowing_cif.y4m,11.68,11.676,0.035777,0.001586,0.0,41
1,1,0,0,0,0,0,0,0,0,1,0,1,0,1,1,0,1,1,1,0,1,0,0,0,0,0,1,0,1,0,1,1,0,0,0,1,0,bowing_cif.y4m,61.49,61.502,0.152053,0.002672,0.0,273
1,1,0,0,0,0,0,0,0,0,1,0,1,1,0,1,0,1,1,0,1,1,0,0,0,0,0,1,0,1,0,1,0,0,0,0,0,0,bowing_cif.y4m,67.62,67.318,0.551607,0.00265,0.0,101
1,1,0,0,0,0,0,0,0,0,1,0,1,0,1,1,1,1,1,0,1,1,0,0,0,0,1,0,0,1,1,0,1,0,1,0,0,0,bowing_cif.y4m,25.06,25.06,0.0886,0.001524,0.0,242
1,1,0,0,0,0,0,0,0,0,1,0,1,1,0,1,0,1,1,0,1,1,0,0,0,0,0,1,0,1,1,0,0,0,0,0,0,0,bowing_cif.y4m,7.15,7.14,0.029155,0.002763,0.0,103
1,1,1,0,0,0,0,0,0,0,0,0,1,1,0,1,1,0,1,1,0,1,0,1,0,0,0,0,0,1,0,1,0,0,0,0,0,0,bowing_cif.y4m,46.91,46.918,0.022804,0.001657,0.0,1
1,1,0,0,0,0,0,1,0,0,0,0,1,1,0,1,0,0,1,0,1,1,0,0,0,0,0,1,0,1,0,1,1,0,0,0,0,1,bowing_cif.y4m,2.92,2.906,0.039749,0.001903,0.0,56
1,1,0,0,1,0,0,0,0,0,0,0,1,0,1,1,0,0,1,0,1,1,0,0,0,0,0,0,1,1,0,1,0,0,0,0,0,0,bowing_cif.y4m,12.96,12.956,0.029665,0.001532,0.0,373
1,1,0,0,0,0,0,0,1,0,0,0,1,1,0,1,1,1,1,0,1,1,0,1,0,0,0,0,0,1,0,1,1,0,1,0,0,0,bowing_cif.y4m,63.81,63.598,0.455763,0.001458,0.0,318
1,1,0,0,0,1,0,0,0,0,0,0,1,1,0,1,0,0,1,1,0,1,0,0,0,0,1,0,0,1,1,0,0,0,0,0,0,0,bowing_cif.y4m,188.75,188.312,1.620515,0.001698,0.0,69
1,1,0,1,0,0,0,0,0,0,0,0,1,0,1,1,0,0,1,1,0,1,0,0,0,0,0,1,0,1,1,0,1,1,0,0,0,0,bowing_cif.y4m,2.72,2.714,0.031305,0.002048,0.0,11
1,1,0,0,1,0,0,0,0,0,0,0,1,0,1,1,0,0,1,1,0,1,0,1,0,0,0,0,0,1,0,1,1,0,0,1,0,0,bowing_cif.y4m,3.45,3.452,0.014832,0.001711,0.0,258
1,1,0,0,0,0,0,0,0,0,1,0,1,0,1,1,0,0,1,1,0,1,0,1,0,0,0,0,0,1,1,0,1,0,1,0,0,0,bowing_cif.y4m,291.52,291.44,0.301745,0.00208,0.0,238
1,1,0,0,0,0,0,1,0,0,0,0,1,0,1,1,1,0,1,1,0,1,1,0,0,0,0,0,0,1,0,1,1,0,0,0,1,0,bowing_cif.y4m,272.11,272.546,0.643335,0.001606,0.0,173
1,1,0,0,0,0,0,1,0,0,0,0,1,0,1,1,0,1,1,0,1,1,0,1,0,0,0,0,0,1,0,1,1,1,0,0,0,0,bowing_cif.y4m,238.31,238.428,2.179775,0.001511,0.0,190
1,1,0,1,0,0,0,0,0,0,0,0,1,0,1,1,1,0,1,1,0,1,0,0,0,0,0,1,0,1,0,1,1,1,0,0,0,0,bowing_cif.y4m,59.94,60.846,3.072089,0.001578,0.0,7
1,1,0,0,0,1,0,0,0,0,0,0,1,0,1,1,1,1,1,0,1,1,0,0,0,0,0,0,1,1,1,0,0,0,0,0,0,0,bowing_cif.y4m,1.42,1.422,0.039623,0.00133,0.0,323
1,1,0,0,0,1,0,0,0,0,0,0,1,0,1,1,0,0,1,0,1,1,0,0,0,0,0,0,1,1,1,0,1,0,0,0,1,0,bowing_cif.y4m,98.05,96.44,3.473651,0.001523,0.0,73
1,1,0,0,0,0,0,0,0,0,1,0,1,0,1,1,1,0,1,0,1,1,0,1,0,0,0,0,0,1,0,1,0,0,0,0,0,0,bowing_cif.y4m,78.34,78.204,0.295855,0.001578,0.0,209
1,1,0,1,0,0,0,0,0,0,0,0,1,1,0,1,1,0,1,0,1,1,1,0,0,0,0,0,0,1,1,0,0,0,0,0,0,0,bowing_cif.y4m,3.32,3.32,0.027386,0.001605,0.0,138
1,1,0,0,0,1,0,0,0,0,0,0,1,1,0,1,1,1,1,1,0,1,0,0,0,0,0,1,0,1,0,1,0,0,0,0,0,0,bowing_cif.y4m,64.4,64.296,0.340044,0.002022,0.0,264
1,1,0,0,0,0,0,0,0,1,0,0,1,0,1,1,0,1,1,0,1,1,0,0,0,0,0,1,0,1,0,1,1,0,0,0,1,0,bowing_cif.y4m,196.4,196.474,0.330651,0.001698,0.0,98
1,1,0,0,0,0,0,0,0,0,1,0,1,1,0,1,0,0,1,0,1,1,0,0,0,0,0,1,0,1,1,0,1,0,0,1,0,0,bowing_cif.y4m,2.5,2.492,0.016432,0.001509,0.0,380
1,1,0,0,1,0,0,0,0,0,0,0,1,1,0,1,1,1,1,1,0,1,0,1,0,0,0,0,0,1,1,0,1,0,1,0,0,0,bowing_cif.y4m,90.91,91.01,0.414488,0.002556,0.0,85
1,1,0,0,0,0,0,0,0,0,1,0,1,0,1,1,0,0,1,0,1,1,1,0,0,0,0,0,0,1,0,1,1,0,0,0,1,0,bowing_cif.y4m,43.52,43.446,0.209237,0.001682,0.0,31
1,1,0,1,0,0,0,0,0,0,0,0,1,0,1,1,1,0,1,1,0,1,0,0,0,0,0,1,0,1,1,0,1,1,0,0,0,0,bowing_cif.y4m,1.92,1.928,0.013038,0.001417,0.0,8
1,1,0,0,1,0,0,0,0,0,0,0,1,1,0,1,1,1,1,1,0,1,1,0,0,0,0,0,0,1,0,1,1,1,0,0,0,0,bowing_cif.y4m,4.45,4.444,0.027928,0.001705,0.0,216
1,1,0,0,1,0,0,0,0,0,0,0,1,1,0,1,1,1,1,0,1,1,0,0,0,1,0,0,0,1,0,1,1,1,0,0,0,0,bowing_cif.y4m,0.89,0.888,0.004472,0.001576,0.0,214
1,1,0,0,0,0,0,0,1,0,0,0,1,1,0,1,0,0,1,1,0,1,0,0,0,0,0,1,0,1,1,0,0,0,0,0,0,0,bowing_cif.y4m,4.86,4.866,0.075697,0.001415,0.0,341
1,1,0,0,1,0,0,0,0,0,0,0,1,1,0,1,0,0,1,1,0,1,0,1,0,0,0,0,0,1,1,0,1,0,1,0,0,0,bowing_cif.y4m,2.69,2.694,0.023022,0.002222,0.0,236
1,1,0,0,0,0,0,0,0,0,1,0,1,0,1,1,0,0,1,0,1,1,0,0,0,0,1,0,0,1,1,0,1,0,1,0,0,0,bowing_cif.y4m,6.58,6.56,0.066332,0.002372,0.0,240
1,1,0,0,0,0,0,1,0,0,0,0,1,0,1,1,0,0,1,0,1,1,0,0,0,1,0,0,0,1,0,1,1,0,0,0,1,0,bowing_cif.y4m,8.77,8.784,0.0498,0.002763,0.0,51
1,1,1,0,0,0,0,0,0,0,0,0,1,0,1,1,1,1,1,0,1,1,0,0,0,0,0,0,1,1,1,0,1,0,1,0,0,0,bowing_cif.y4m,3.99,3.984,0.037815,0.001552,0.0,77
1,1,0,0,0,0,0,0,0,0,1,0,1,0,1,1,1,0,1,1,0,1,0,0,0,0,0,1,0,1,0,1,1,0,0,0,0,1,bowing_cif.y4m,4.78,4.784,0.047223,0.001619,0.0,128
1,1,0,0,1,0,0,0,0,0,0,0,1,1,0,1,0,0,1,1,0,1,0,1,0,0,0,0,0,1,0,1,0,0,0,0,0,0,bowing_cif.y4m,36.86,36.85,0.031623,0.001437,0.0,234
1,1,0,0,0,0,0,0,1,0,0,0,1,0,1,1,1,0,1,0,1,1,0,0,0,0,0,1,0,1,0,1,1,0,0,0,1,0,bowing_cif.y4m,480.39,480.296,0.216979,0.002019,0.0,28
1,1,0,0,1,0,0,0,0,0,0,0,1,1,0,1,1,0,1,0,1,1,1,0,0,0,0,0,0,1,1,0,0,0,0,0,0,0,bowing_cif.y4m,54.4,54.438,0.102078,0.001578,0.0,139
1,1,0,0,0,0,0,0,0,0,1,0,1,0,1,1,1,0,1,1,0,1,0,0,0,0,1,0,0,1,1,0,1,0,1,0,0,0,bowing_cif.y4m,0.85,0.852,0.008367,0.00148,0.0,152
1,1,0,1,0,0,0,0,0,0,0,0,1,0,1,1,0,0,1,1,0,1,0,0,0,0,0,1,0,1,1,0,1,0,0,0,1,0,bowing_cif.y4m,59.18,59.144,0.183112,0.003097,0.0,12
1,1,0,0,0,0,1,0,0,0,0,0,1,0,1,1,0,1,1,1,0,1,0,0,0,0,0,1,0,1,1,0,0,0,0,0,0,0,bowing_cif.y4m,0.83,0.828,0.004472,0.001481,0.0,369
1,1,0,0,0,0,0,0,0,0,0,1,1,1,0,1,1,0,1,0,1,1,0,0,0,0,0,1,0,1,0,1,1,0,0,0,0,1,bowing_cif.y4m,24.5,24.498,0.032711,0.001958,0.0,58
1,1,0,0,0,0,0,0,1,0,0,0,1,1,0,1,1,0,1,1,0,1,1,0,0,0,0,0,0,1,1,0,0,0,0,0,0,0,bowing_cif.y4m,23.29,23.298,0.054955,0.002676,0.0,64
1,1,0,0,0,0,0,0,1,0,0,0,1,1,0,1,1,0,1,1,0,1,0,0,1,0,0,0,0,1,1,0,1,1,0,0,0,0,bowing_cif.y4m,17.37,17.394,0.037815,0.001446,0.0,21
1,1,0,0,0,1,0,0,0,0,0,0,1,0,1,1,1,1,1,0,1,1,0,0,1,0,0,0,0,1,1,0,1,0,0,0,0,1,bowing_cif.y4m,49.31,48.762,0.904417,0.001658,0.0,225
1,1,0,0,0,0,1,0,0,0,0,0,1,0,1,1,1,0,1,1,0,1,0,0,0,0,0,1,0,1,1,0,1,0,0,0,1,0,bowing_cif.y4m,62.89,62.912,0.698978,0.001566,0.0,366
1,1,0,0,0,0,0,1,0,0,0,0,1,0,1,1,1,1,1,0,1,1,0,0,1,0,0,0,0,1,0,1,1,0,0,0,0,1,bridge_close_cif.y4m,13.46,13.172,0.454004,0.002163,0.0,114
1,1,0,0,1,0,0,0,0,0,0,0,1,1,0,1,1,1,1,0,1,1,0,0,1,0,0,0,0,1,1,0,1,0,1,0,0,0,bridge_close_cif.y4m,8.38,8.378,0.023875,0.002084,0.0,281
1,1,0,0,0,1,0,0,0,0,0,0,1,0,1,1,1,0,1,1,0,1,0,0,0,0,0,0,1,1,1,0,1,0,0,1,0,0,bridge_close_cif.y4m,17.28,17.29,0.053385,0.001972,0.0,325
1,1,1,0,0,0,0,0,0,0,0,0,1,1,0,1,1,0,1,1,0,1,0,0,0,0,1,0,0,1,1,0,1,1,0,0,0,0,bridge_close_cif.y4m,16.83,16.874,0.204034,0.003233,0.0,181
1,1,0,0,0,0,0,0,1,0,0,0,1,1,0,1,1,0,1,0,1,1,0,0,1,0,0,0,0,1,1,0,1,0,0,0,0,1,bridge_close_cif.y4m,253.32,253.582,4.389723,0.002426,0.0,247
1,1,0,0,0,0,0,0,0,0,1,0,1,1,0,1,1,0,1,1,0,1,0,0,0,0,1,0,0,1,1,0,1,0,0,0,0,1,bridge_close_cif.y4m,412.3,412.206,0.507228,0.004511,0.0,166
1,1,0,0,0,0,0,0,1,0,0,0,1,1,0,1,1,0,1,0,1,1,0,0,1,0,0,0,0,1,1,0,1,0,0,0,1,0,bridge_close_cif.y4m,31.12,31.112,0.23403,0.003557,0.0,25
1,1,0,0,0,0,0,1,0,0,0,0,1,0,1,1,0,0,1,1,0,1,0,1,0,0,0,0,0,1,0,1,0,0,0,0,0,0,bridge_close_cif.y4m,33.48,33.506,0.292882,0.004645,0.0,355
1,1,0,0,1,0,0,0,0,0,0,0,1,1,0,1,0,0,1,1,0,1,1,0,0,0,0,0,0,1,1,0,1,0,0,0,0,1,bridge_close_cif.y4m,4.43,4.376,0.127004,0.003071,0.0,219
1,1,0,0,0,1,0,0,0,0,0,0,1,1,0,1,1,0,1,1,0,1,0,0,0,0,1,0,0,1,1,0,1,1,0,0,0,0,bridge_close_cif.y4m,33.65,33.622,0.246516,0.004645,0.0,182
1,1,0,1,0,0,0,0,0,0,0,0,1,0,1,1,0,1,1,1,0,1,0,0,0,0,0,1,0,1,1,0,1,1,0,0,0,0,bridge_close_cif.y4m,11.79,11.776,0.084735,0.003293,0.0,10
1,1,0,0,1,0,0,0,0,0,0,0,1,1,0,1,1,0,1,0,1,1,0,0,1,0,0,0,0,1,0,1,1,0,0,0,0,1,bridge_close_cif.y4m,105.73,105.706,0.160717,0.004011,0.0,116
1,1,0,0,0,1,0,0,0,0,0,0,1,1,0,1,1,1,1,0,1,1,0,0,0,0,0,1,0,1,0,1,1,1,0,0,0,0,bridge_close_cif.y4m,19.88,19.88,0.064807,0.002106,0.0,266
1,1,0,0,0,0,0,0,1,0,0,0,1,1,0,1,0,0,1,0,1,1,0,0,1,0,0,0,0,1,1,0,1,0,0,1,0,0,bridge_close_cif.y4m,96.45,96.216,0.6228,0.011002,0.0,313
1,1,0,0,0,0,0,1,0,0,0,0,1,0,1,1,0,0,1,1,0,1,0,0,0,0,0,0,1,1,0,1,0,0,0,0,0,0,bridge_close_cif.y4m,53.52,53.61,0.240104,0.010666,0.0,357
1,1,0,0,0,1,0,0,0,0,0,0,1,0,1,1,0,1,1,0,1,1,1,0,0,0,0,0,0,1,1,0,1,1,0,0,0,0,bridge_close_cif.y4m,11.51,11.376,0.340118,0.01011,0.0,187
1,1,0,0,0,0,0,0,1,0,0,0,1,1,0,1,1,1,1,0,1,1,0,0,1,0,0,0,0,1,1,0,1,1,0,0,0,0,bridge_close_cif.y4m,836.6,836.87,2.094421,0.004423,0.0,23
1,1,0,0,1,0,0,0,0,0,0,0,1,1,0,1,1,0,1,1,0,1,0,1,0,0,0,0,0,1,0,1,0,0,0,0,0,0,bridge_close_cif.y4m,103.78,103.542,0.518237,0.003816,0.0,2
1,1,0,0,0,0,0,0,0,0,0,1,1,1,0,1,1,0,1,0,1,1,0,0,0,0,0,1,0,1,1,0,1,1,0,0,0,0,bridge_close_cif.y4m,316.02,315.894,0.544316,0.002594,0.0,301
1,1,0,0,0,0,0,1,0,0,0,0,1,0,1,1,0,1,1,1,0,1,0,1,0,0,0,0,0,1,0,1,0,0,0,0,0,0,bridge_close_cif.y4m,406.96,406.56,1.307421,0.010575,0.0,356
1,1,0,0,0,0,0,0,0,0,1,0,1,1,0,1,0,1,1,0,1,1,0,0,0,0,0,1,0,1,0,1,1,1,0,0,0,0,bridge_close_cif.y4m,43.15,43.186,0.064265,0.004468,0.0,269
1,1,0,0,0,0,0,0,0,0,1,0,1,0,1,1,0,1,1,1,0,1,0,0,1,0,0,0,0,1,0,1,1,0,0,0,1,0,bridge_close_cif.y4m,44.34,44.296,0.166223,0.010612,0.0,274
1,1,0,0,0,0,0,0,0,0,1,0,1,0,1,1,0,1,1,1,0,1,0,0,0,1,0,0,0,1,1,0,1,1,0,0,0,0,bridge_close_cif.y4m,25.77,25.678,0.212767,0.009688,0.0,307
1,1,0,0,1,0,0,0,0,0,0,0,1,0,1,1,0,1,1,1,0,1,0,0,1,0,0,0,0,1,0,1,1,1,0,0,0,0,bridge_close_cif.y4m,67.94,67.716,0.569456,0.003953,0.0,254
1,1,0,0,0,0,0,0,0,0,1,0,1,0,1,1,0,1,1,0,1,1,0,1,0,0,0,0,0,1,0,1,0,0,0,0,0,0,bridge_close_cif.y4m,5.3,5.214,0.203789,0.003126,0.0,208
1,1,0,0,1,0,0,0,0,0,0,0,1,1,0,1,1,1,1,1,0,1,0,0,1,0,0,0,0,1,0,1,1,0,1,0,0,0,bridge_close_cif.y4m,7.16,7.168,0.022804,0.008426,0.0,279
1,1,0,0,0,0,0,1,0,0,0,0,1,1,0,1,1,1,1,1,0,1,0,1,0,0,0,0,0,1,0,1,1,0,0,0,1,0,bridge_close_cif.y4m,20.55,20.436,0.330045,0.002377,0.0,171
1,1,0,0,0,0,0,0,0,1,0,0,1,1,0,1,0,1,1,0,1,1,0,0,0,0,0,1,0,1,0,1,1,0,0,0,1,0,bridge_close_cif.y4m,105.28,105.242,0.166793,0.011002,0.0,99
1,1,1,0,0,0,0,0,0,0,0,0,1,0,1,1,1,1,1,1,0,1,0,1,0,0,0,0,0,1,1,0,1,0,1,0,0,0,bridge_close_cif.y4m,27.46,27.378,0.150897,0.002421,0.0,81
1,1,0,0,0,0,0,0,0,0,1,0,1,0,1,1,1,1,1,0,1,1,0,0,1,0,0,0,0,1,1,0,1,0,1,0,0,0,bridge_close_cif.y4m,10.87,10.77,0.243311,0.00443,0.0,155
1,1,0,0,0,1,0,0,0,0,0,0,1,1,0,1,0,1,1,1,0,1,1,0,0,0,0,0,0,1,1,0,1,1,0,0,0,0,bridge_close_cif.y4m,20.25,20.144,0.265292,0.009688,0.0,185
1,1,0,0,1,0,0,0,0,0,0,0,1,1,0,1,0,0,1,0,1,1,0,0,0,0,0,1,0,1,0,1,0,0,0,0,0,0,bridge_close_cif.y4m,9.93,9.92,0.054314,0.003178,0.0,376
1,1,0,0,0,0,0,0,1,0,0,0,1,1,0,1,0,1,1,0,1,1,0,1,0,0,0,0,0,1,1,0,0,0,0,0,0,0,bridge_close_cif.y4m,4.45,4.418,0.088713,0.003798,0.0,204
1,1,0,0,0,0,0,0,1,0,0,0,1,1,0,1,1,0,1,0,1,1,0,0,0,0,1,0,0,1,1,0,1,0,0,0,0,1,bridge_close_cif.y4m,186.77,186.768,0.069785,0.003991,0.0,246
1,1,0,0,0,0,0,1,0,0,0,0,1,1,0,1,1,1,1,0,1,1,0,0,1,0,0,0,0,1,0,1,0,0,0,0,0,0,bridge_close_cif.y4m,94.55,94.556,0.095551,0.002548,0.0,230
1,1,0,0,0,0,0,0,1,0,0,0,1,0,1,1,1,0,1,0,1,1,0,0,0,0,0,1,0,1,1,0,1,0,0,0,1,0,bridge_close_cif.y4m,232.41,231.662,1.927724,0.011806,0.0,27
1,1,0,1,0,0,0,0,0,0,0,0,1,1,0,1,1,1,1,0,1,1,1,0,0,0,0,0,0,1,1,0,0,0,0,0,0,0,bridge_close_cif.y4m,10.89,10.876,0.039749,0.00192,0.0,137
1,1,0,0,0,0,0,0,0,0,1,0,1,1,0,1,1,1,1,1,0,1,0,0,0,0,1,0,0,1,0,1,1,0,0,0,1,0,bridge_close_cif.y4m,22.9,22.84,0.243208,0.010129,0.0,169
1,1,0,0,0,0,0,0,0,0,1,0,1,0,1,1,0,1,1,0,1,1,1,0,0,0,0,0,0,1,0,1,1,0,0,0,0,1,bridge_close_cif.y4m,164.67,164.478,1.132859,0.002564,0.0,33
1,1,0,0,0,0,0,0,1,0,0,0,1,0,1,1,0,1,1,0,1,1,0,1,0,0,0,0,0,1,1,0,0,0,0,0,0,0,bridge_close_cif.y4m,110.29,110.27,0.511224,0.011553,0.0,205
1,1,0,0,0,0,0,0,0,0,1,0,1,1,0,1,1,0,1,0,1,1,0,0,0,0,1,0,0,1,1,0,1,0,0,0,0,1,bridge_close_cif.y4m,25.83,26.092,0.425288,0.002442,0.0,245
1,1,1,0,0,0,0,0,0,0,0,0,1,1,0,1,0,0,1,1,0,1,0,0,1,0,0,0,0,1,1,0,1,0,0,0,0,1,bridge_close_cif.y4m,16.0,16.004,0.071274,0.003265,0.0,163
1,1,0,0,1,0,0,0,0,0,0,0,1,1,0,1,1,0,1,1,0,1,1,0,0,0,0,0,0,1,0,1,1,1,0,0,0,0,bridge_close_cif.y4m,9.83,9.81,0.04062,0.003178,0.0,4
1,1,0,0,1,0,0,0,0,0,0,0,1,1,0,1,0,0,1,0,1,1,1,0,0,0,0,0,0,1,1,0,1,0,0,0,1,0,bridge_close_cif.y4m,9.85,9.866,0.068044,0.008426,0.0,141
1,1,1,0,0,0,0,0,0,0,0,0,1,1,0,1,1,1,1,0,1,1,0,0,1,0,0,0,0,1,1,0,1,1,0,0,0,0,bridge_close_cif.y4m,364.12,364.178,0.367723,0.004411,0.0,159
1,1,0,0,0,0,0,0,1,0,0,0,1,1,0,1,0,1,1,0,1,1,0,0,1,0,0,0,0,1,0,1,1,0,0,0,0,1,bridge_close_cif.y4m,42.49,42.596,0.473212,0.01013,0.0,336
1,1,0,0,0,1,0,0,0,0,0,0,1,1,0,1,0,0,1,0,1,1,0,0,0,0,0,0,1,1,1,0,1,0,0,0,1,0,bridge_close_cif.y4m,98.55,98.424,0.283425,0.002346,0.0,72
1,1,0,0,0,0,0,0,1,0,0,0,1,1,0,1,1,0,1,1,0,1,0,0,1,0,0,0,0,1,1,0,1,0,0,0,0,1,bridge_close_cif.y4m,18.54,18.52,0.074498,0.002378,0.0,248
1,1,0,1,0,0,0,0,0,0,0,0,1,0,1,1,1,1,1,1,0,1,0,0,0,0,0,1,0,1,0,1,1,0,0,0,0,1,bridge_close_cif.y4m,324.13,323.348,2.190084,0.003734,0.0,130
1,1,0,0,0,1,0,0,0,0,0,0,1,0,1,1,1,1,1,1,0,1,0,0,0,0,0,0,1,1,1,0,0,0,0,0,0,0,bridge_close_cif.y4m,253.18,253.006,0.665267,0.004921,0.0,324
1,1,1,0,0,0,0,0,0,0,0,0,1,0,1,1,0,1,1,1,0,1,0,1,0,0,0,0,0,1,0,1,0,0,0,0,0,0,bridge_close_cif.y4m,313.8,313.682,0.590525,0.011772,0.0,354
1,1,0,0,0,0,0,0,0,0,1,0,1,0,1,1,0,0,1,1,0,1,0,0,0,1,0,0,0,1,0,1,0,0,0,0,0,0,bridge_close_cif.y4m,151.67,151.556,0.397215,0.003969,0.0,291
1,1,0,0,0,0,0,0,0,0,1,0,1,1,0,1,0,0,1,1,0,1,0,1,0,0,0,0,0,1,1,0,1,0,1,0,0,0,bridge_close_cif.y4m,6.72,6.708,0.112116,0.003705,0.0,237
1,1,0,0,0,1,0,0,0,0,0,0,1,1,0,1,1,0,1,1,0,1,1,0,0,0,0,0,0,1,1,0,1,1,0,0,0,0,bridge_close_cif.y4m,6.74,6.696,0.081731,0.002127,0.0,183
1,1,0,0,0,1,0,0,0,0,0,0,1,0,1,1,1,1,1,0,1,1,0,0,1,0,0,0,0,1,0,1,0,0,0,0,0,0,bridge_close_cif.y4m,8.17,8.148,0.108028,0.004211,0.0,227
1,1,0,0,0,0,0,0,1,0,0,0,1,1,0,1,0,1,1,0,1,1,0,0,0,0,0,1,0,1,0,1,0,0,0,0,0,0,bridge_close_cif.y4m,20.22,20.04,0.42006,0.003442,0.0,338
1,1,0,0,1,0,0,0,0,0,0,0,1,0,1,1,0,0,1,0,1,1,1,0,0,0,0,0,0,1,1,0,1,0,0,0,1,0,bridge_close_cif.y4m,51.25,51.174,0.263306,0.00236,0.0,142
1,1,0,0,1,0,0,0,0,0,0,0,1,1,0,1,1,1,1,0,1,1,0,0,1,0,0,0,0,1,1,0,1,0,0,0,0,1,bridge_close_cif.y4m,58.81,58.806,0.043359,0.004463,0.0,332
1,1,0,0,0,0,0,0,0,1,0,0,1,0,1,1,0,0,1,1,0,1,0,0,0,0,1,0,0,1,0,1,1,0,0,0,1,0,bridge_close_cif.y4m,328.88,328.712,0.297775,0.004422,0.0,95
1,1,0,0,1,0,0,0,0,0,0,0,1,0,1,1,0,0,1,0,1,1,0,0,0,1,0,0,0,1,0,1,0,0,0,0,0,0,bridge_close_cif.y4m,34.95,34.772,0.653429,0.004718,0.0,289
1,1,0,0,1,0,0,0,0,0,0,0,1,1,0,1,0,0,1,0,1,1,0,0,0,0,0,1,0,1,0,1,1,0,0,1,0,0,bridge_close_cif.y4m,6.52,6.524,0.040373,0.003705,0.0,378
1,1,0,0,1,0,0,0,0,0,0,0,1,1,0,1,1,1,1,1,0,1,0,0,1,0,0,0,0,1,0,1,1,0,0,0,1,0,bridge_close_cif.y4m,95.35,95.36,0.131149,0.002315,0.0,278
1,1,0,0,0,0,0,0,0,0,1,0,1,0,1,1,1,0,1,0,1,1,1,0,0,0,0,0,0,1,0,1,1,0,0,0,1,0,bridge_close_cif.y4m,22.61,22.63,0.203961,0.004654,0.0,30
1,1,0,0,1,0,0,0,0,0,0,0,1,1,0,1,0,0,1,0,1,1,0,1,0,0,0,0,0,1,0,1,1,0,0,0,0,1,bridge_close_cif.y4m,6.68,6.702,0.054955,0.00437,0.0,120
1,1,0,0,0,1,0,0,0,0,0,0,1,1,0,1,1,1,1,0,1,1,0,0,0,0,0,1,0,1,0,1,0,0,0,0,0,0,bridge_close_cif.y4m,7.05,7.254,0.399099,0.003251,0.0,265
1,1,0,0,0,0,0,0,0,0,1,0,1,1,0,1,1,0,1,1,0,1,0,0,0,0,0,1,0,1,0,1,0,0,0,0,0,0,bridge_close_cif.y4m,15.03,15.016,0.0999,0.00328,0.0,296
1,1,0,0,0,0,0,1,0,0,0,0,1,1,0,1,1,1,1,1,0,1,0,1,0,0,0,0,0,1,0,1,0,0,0,0,0,0,bridge_close_cif.y4m,33.4,33.402,0.202163,0.003398,0.0,232
1,1,0,0,0,0,0,0,0,0,1,0,1,0,1,1,0,0,1,1,0,1,0,0,1,0,0,0,0,1,1,0,1,0,0,1,0,0,bridge_close_cif.y4m,29.64,29.574,0.179388,0.009767,0.0,310
1,1,0,0,0,0,0,1,0,0,0,0,1,0,1,1,1,1,1,0,1,1,0,0,0,0,0,1,0,1,0,1,1,0,0,1,0,0,bridge_close_cif.y4m,244.46,243.974,1.462594,0.004802,0.0,349
1,1,0,0,1,0,0,0,0,0,0,0,1,1,0,1,0,1,1,0,1,1,0,0,0,0,0,1,0,1,0,1,0,0,0,0,0,0,bridge_close_cif.y4m,15.76,15.686,0.181466,0.004655,0.0,377
1,1,0,0,0,0,0,0,0,1,0,0,1,0,1,1,1,1,1,1,0,1,0,0,0,0,1,0,0,1,0,1,1,0,0,0,1,0,bridge_close_cif.y4m,300.92,300.036,1.780739,0.002557,0.0,94
1,1,1,0,0,0,0,0,0,0,0,0,1,1,0,1,1,0,1,0,1,1,1,0,0,0,0,0,0,1,0,1,1,1,0,0,0,0,bridge_close_cif.y4m,26.56,26.566,0.149599,0.009688,0.0,178
1,1,0,0,0,0,0,0,0,0,1,0,1,0,1,1,0,0,1,1,0,1,0,0,0,0,0,1,0,1,0,1,1,0,0,0,0,1,bridge_close_cif.y4m,21.5,21.442,0.434246,0.004667,0.0,127
1,1,0,0,0,0,0,1,0,0,0,0,1,0,1,1,1,0,1,0,1,1,0,0,0,1,0,0,0,1,0,1,1,0,0,0,1,0,bridge_close_cif.y4m,5.77,5.784,0.050299,0.002732,0.0,111
1,1,1,0,0,0,0,0,0,0,0,0,1,0,1,1,0,1,1,1,0,1,0,1,0,0,0,0,0,1,0,1,1,0,0,1,0,0,bridge_close_cif.y4m,20.2,20.634,1.365167,0.00813,0.0,353
1,1,0,0,0,0,1,0,0,0,0,0,1,0,1,1,1,1,1,1,0,1,0,1,0,0,0,0,0,1,1,0,1,0,0,0,1,0,bridge_close_cif.y4m,15.2,15.208,0.101341,0.003293,0.0,45
1,1,0,0,0,1,0,0,0,0,0,0,1,0,1,1,1,1,1,0,1,1,0,0,1,0,0,0,0,1,1,0,0,0,0,0,0,0,bridge_close_cif.y4m,5.71,5.614,0.220522,0.003244,0.0,226
1,1,0,0,0,0,0,0,0,0,0,1,1,1,0,1,1,0,1,0,1,1,0,0,0,0,0,1,0,1,1,0,1,0,0,0,0,1,bridge_close_cif.y4m,19.97,19.934,0.080808,0.003228,0.0,59
1,1,0,0,0,0,0,0,1,0,0,0,1,1,0,1,1,1,1,1,0,1,1,0,0,0,0,0,0,1,0,1,1,1,0,0,0,0,bridge_close_cif.y4m,115.94,115.516,0.688135,0.003816,0.0,19
1,1,0,0,0,0,0,0,0,0,0,1,1,1,0,1,0,1,1,0,1,1,0,0,0,1,0,0,0,1,1,0,1,1,0,0,0,0,bridge_close_cif.y4m,66.0,66.0,0.044159,0.002409,0.0,304
1,1,0,0,0,0,0,0,1,0,0,0,1,0,1,1,0,1,1,0,1,1,0,1,0,0,0,0,0,1,0,1,0,0,0,0,0,0,bridge_close_cif.y4m,18.45,18.4,0.170441,0.002378,0.0,207
1,1,0,0,0,0,1,0,0,0,0,0,1,1,0,1,1,1,1,1,0,1,0,1,0,0,0,0,0,1,1,0,0,0,0,0,0,0,bridge_close_cif.y4m,334.6,333.206,3.456766,0.00394,0.0,43
1,1,0,0,0,0,1,0,0,0,0,0,1,1,0,1,1,0,1,1,0,1,1,0,0,0,0,0,0,1,1,0,1,0,0,0,0,1,bridge_close_cif.y4m,7.61,7.596,0.043359,0.00324,0.0,40
1,1,0,0,0,1,0,0,0,0,0,0,1,0,1,1,0,1,1,1,0,1,1,0,0,0,0,0,0,1,1,0,1,1,0,0,0,0,bridge_close_cif.y4m,296.86,296.81,0.181934,0.00482,0.0,186
1,1,0,0,1,0,0,0,0,0,0,0,1,0,1,1,0,0,1,0,1,1,0,0,0,1,0,0,0,1,0,1,1,0,0,0,0,1,bridge_close_cif.y4m,12.7,12.68,0.075166,0.00431,0.0,288
1,1,1,0,0,0,0,0,0,0,0,0,1,1,0,1,1,0,1,1,0,1,0,1,0,0,0,0,0,1,1,0,1,0,1,0,0,0,bridge_close_cif.y4m,16.54,16.478,0.242322,0.003233,0.0,82
1,1,0,0,0,0,0,0,0,0,1,0,1,0,1,1,1,1,1,0,1,1,0,0,0,1,0,0,0,1,0,1,0,0,0,0,0,0,bridge_close_cif.y4m,12.22,12.038,0.367315,0.00217,0.0,211
1,1,0,0,1,0,0,0,0,0,0,0,1,0,1,1,1,1,1,0,1,1,0,0,0,0,0,1,0,1,1,0,1,0,0,1,0,0,bridge_close_cif.y4m,174.72,174.412,0.695392,0.003991,0.0,347
1,1,0,1,0,0,0,0,0,0,0,0,1,0,1,1,0,0,1,1,0,1,1,0,0,0,0,0,0,1,1,0,1,0,0,0,1,0,bridge_close_cif.y4m,34.29,34.304,0.064653,0.003555,0.0,13
1,1,0,0,0,0,0,1,0,0,0,0,1,0,1,1,1,1,1,0,1,1,0,0,1,0,0,0,0,1,0,1,0,0,0,0,0,0,bridge_close_cif.y4m,904.95,905.852,1.633025,0.004466,0.0,228
1,1,0,0,0,0,0,0,0,1,0,0,1,1,0,1,0,1,1,0,1,1,0,0,1,0,0,0,0,1,0,1,1,0,0,0,0,1,bridge_close_cif.y4m,20.98,20.968,0.053572,0.002377,0.0,335
1,1,0,0,0,0,0,0,1,0,0,0,1,1,0,1,1,0,1,0,1,1,0,0,1,0,0,0,0,1,1,0,1,1,0,0,0,0,bridge_close_cif.y4m,62.43,62.52,0.700821,0.004766,0.0,24
1,1,1,0,0,0,0,0,0,0,0,0,1,0,1,1,0,1,1,0,1,1,0,1,0,0,0,0,0,1,0,1,1,0,0,1,0,0,bridge_close_cif.y4m,424.93,424.88,0.488416,0.011742,0.0,352
1,1,0,0,0,0,1,0,0,0,0,0,1,0,1,1,0,0,1,1,0,1,0,0,0,0,0,1,0,1,1,0,0,0,0,0,0,0,bridge_close_cif.y4m,13.28,13.376,0.256476,0.002025,0.0,368
1,1,1,0,0,0,0,0,0,0,0,0,1,0,1,1,1,1,1,1,0,1,0,1,0,0,0,0,0,1,1,0,0,0,0,0,0,0,bridge_close_cif.y4m,7.15,6.898,0.423167,0.00388,0.0,80
1,1,0,0,1,0,0,0,0,0,0,0,1,1,0,1,0,0,1,0,1,1,0,1,0,0,0,0,0,1,0,1,0,0,0,0,0,0,bridge_close_cif.y4m,71.21,71.234,0.066933,0.003842,0.0,121
1,1,0,0,0,0,0,0,0,0,1,0,1,0,1,1,1,1,1,0,1,1,0,0,1,0,0,0,0,1,1,0,1,1,0,0,0,0,bridge_close_cif.y4m,9.28,9.272,0.039623,0.00192,0.0,156
1,1,0,1,0,0,0,0,0,0,0,0,1,0,1,1,1,1,1,1,0,1,0,0,0,0,0,1,0,1,1,0,1,1,0,0,0,0,bridge_close_cif.y4m,3.55,3.564,0.078613,0.002825,0.0,9
1,1,0,0,0,0,0,0,0,0,1,0,1,1,0,1,0,0,1,1,0,1,0,0,0,0,1,0,0,1,1,0,1,0,0,0,0,1,bridge_close_cif.y4m,22.09,22.084,0.077006,0.002442,0.0,165
1,1,0,0,0,0,0,0,0,0,1,0,1,0,1,1,0,0,1,1,0,1,0,1,0,0,0,0,0,1,0,1,1,0,0,0,0,1,bridge_close_cif.y4m,15.57,15.64,0.181659,0.002107,0.0,126
1,1,0,0,1,0,0,0,0,0,0,0,1,1,0,1,1,1,1,0,1,1,0,0,1,0,0,0,0,1,0,1,1,0,1,0,0,0,bridge_close_cif.y4m,6.73,6.566,0.49369,0.00388,0.0,280
1,1,0,0,0,0,0,1,0,0,0,0,1,0,1,1,1,1,1,1,0,1,0,1,0,0,0,0,0,1,0,1,1,0,0,0,1,0,bridge_close_cif.y4m,6.95,6.842,0.247123,0.010552,0.0,172
1,1,0,0,0,0,0,0,0,0,1,0,1,0,1,1,0,1,1,1,0,1,0,0,0,1,0,0,0,1,0,1,0,0,0,0,0,0,bridge_close_cif.y4m,30.66,30.616,0.114149,0.009675,0.0,292
1,1,0,0,0,0,0,0,0,0,1,0,1,1,0,1,1,1,1,0,1,1,0,0,0,0,0,1,0,1,1,0,0,0,0,0,0,0,bridge_close_cif.y4m,45.84,45.836,0.086776,0.003979,0.0,105
1,1,0,0,0,1,0,0,0,0,0,0,1,0,1,1,1,1,1,0,1,1,0,0,0,0,0,0,1,1,1,0,1,0,1,0,0,0,bridge_close_cif.y4m,44.95,44.972,0.173839,0.004713,0.0,76
1,1,0,0,0,1,0,0,0,0,0,0,1,0,1,1,0,0,1,1,0,1,1,0,0,0,0,0,0,1,1,0,1,0,0,0,0,1,bridge_close_cif.y4m,184.39,184.084,0.698806,0.004102,0.0,221
1,1,0,0,0,0,0,0,0,0,1,0,1,1,0,1,1,0,1,1,0,1,0,0,0,0,1,0,0,1,0,1,1,0,0,0,0,1,bridge_close_cif.y4m,111.81,111.824,0.153232,0.004695,0.0,167
1,1,0,0,0,0,0,0,0,0,1,0,1,0,1,1,0,1,1,0,1,1,1,0,0,0,0,0,0,1,1,0,1,0,0,0,0,1,bridge_close_cif.y4m,603.82,603.164,1.78766,0.003028,0.0,35
1,1,0,0,1,0,0,0,0,0,0,0,1,1,0,1,0,0,1,1,0,1,0,1,0,0,0,0,0,1,0,1,1,0,1,0,0,0,bridge_close_cif.y4m,7.65,7.684,0.11371,0.001983,0.0,235
1,1,0,0,0,0,0,0,0,1,0,0,1,1,0,1,1,1,1,0,1,1,0,0,1,0,0,0,0,1,0,1,1,0,0,0,0,1,bridge_close_cif.y4m,32.88,32.916,0.285535,0.004726,0.0,333
1,1,0,0,0,0,1,0,0,0,0,0,1,0,1,1,1,1,1,1,0,1,0,1,0,0,0,0,0,1,1,0,0,0,0,0,0,0,bridge_close_cif.y4m,162.85,162.554,0.968778,0.004164,0.0,44
1,1,0,0,1,0,0,0,0,0,0,0,1,0,1,1,0,1,1,1,0,1,0,1,0,0,0,0,0,1,0,1,1,1,0,0,0,0,bridge_close_cif.y4m,258.27,258.616,1.188583,0.002672,0.0,256
1,1,0,0,0,0,0,1,0,0,0,0,1,0,1,1,1,0,1,0,1,1,0,1,0,0,0,0,0,1,0,1,1,0,0,0,0,1,bridge_close_cif.y4m,1869.8,1872.846,7.654667,0.005078,0.0,192
1,1,0,0,0,0,1,0,0,0,0,0,1,1,0,1,1,1,1,1,0,1,1,0,0,0,0,0,0,1,1,0,1,0,0,0,0,1,bridge_close_cif.y4m,40.37,40.254,0.287541,0.002396,0.0,41
1,1,0,0,0,0,0,0,0,0,1,0,1,0,1,1,0,1,1,1,0,1,0,0,0,0,0,1,0,1,0,1,1,0,0,0,1,0,bridge_close_cif.y4m,253.15,253.102,0.306219,0.010522,0.0,273
1,1,0,0,0,0,0,0,0,0,1,0,1,1,0,1,0,1,1,0,1,1,0,0,0,0,0,1,0,1,0,1,0,0,0,0,0,0,bridge_close_cif.y4m,228.94,228.526,0.995078,0.010644,0.0,101
1,1,0,0,0,0,0,0,0,0,1,0,1,0,1,1,1,1,1,0,1,1,0,0,0,0,1,0,0,1,1,0,1,0,1,0,0,0,bridge_close_cif.y4m,104.08,103.97,0.270924,0.004011,0.0,242
1,1,0,0,0,0,0,0,0,0,1,0,1,1,0,1,0,1,1,0,1,1,0,0,0,0,0,1,0,1,1,0,0,0,0,0,0,0,bridge_close_cif.y4m,42.79,42.598,0.435741,0.010612,0.0,103
1,1,1,0,0,0,0,0,0,0,0,0,1,1,0,1,1,0,1,1,0,1,0,1,0,0,0,0,0,1,0,1,0,0,0,0,0,0,bridge_close_cif.y4m,149.06,147.298,3.993466,0.002742,0.0,1
1,1,0,0,0,0,0,1,0,0,0,0,1,1,0,1,0,0,1,0,1,1,0,0,0,0,0,1,0,1,0,1,1,0,0,0,0,1,bridge_close_cif.y4m,19.81,20.032,1.018489,0.00813,0.0,56
1,1,0,0,1,0,0,0,0,0,0,0,1,0,1,1,0,0,1,0,1,1,0,0,0,0,0,0,1,1,0,1,0,0,0,0,0,0,bridge_close_cif.y4m,47.11,47.098,0.093648,0.003979,0.0,373
1,1,0,0,0,0,0,0,1,0,0,0,1,1,0,1,1,1,1,0,1,1,0,1,0,0,0,0,0,1,0,1,1,0,1,0,0,0,bridge_close_cif.y4m,239.44,239.018,0.957246,0.004112,0.0,318
1,1,0,0,0,1,0,0,0,0,0,0,1,1,0,1,0,0,1,1,0,1,0,0,0,0,1,0,0,1,1,0,0,0,0,0,0,0,bridge_close_cif.y4m,617.33,617.254,1.090908,0.004497,0.0,69
1,1,0,1,0,0,0,0,0,0,0,0,1,0,1,1,0,0,1,1,0,1,0,0,0,0,0,1,0,1,1,0,1,1,0,0,0,0,bridge_close_cif.y4m,13.56,13.538,0.061806,0.004634,0.0,11
1,1,0,0,1,0,0,0,0,0,0,0,1,0,1,1,0,0,1,1,0,1,0,1,0,0,0,0,0,1,0,1,1,0,0,1,0,0,bridge_close_cif.y4m,17.74,17.758,0.035637,0.003467,0.0,258
1,1,0,0,0,0,0,0,0,0,1,0,1,0,1,1,0,0,1,1,0,1,0,1,0,0,0,0,0,1,1,0,1,0,1,0,0,0,bridge_close_cif.y4m,1050.12,1049.798,1.787965,0.005148,0.0,238
1,1,0,0,0,0,0,1,0,0,0,0,1,0,1,1,1,0,1,1,0,1,1,0,0,0,0,0,0,1,0,1,1,0,0,0,1,0,bridge_close_cif.y4m,793.09,792.656,0.804692,0.004438,0.0,173
1,1,0,0,0,0,0,1,0,0,0,0,1,0,1,1,0,1,1,0,1,1,0,1,0,0,0,0,0,1,0,1,1,1,0,0,0,0,bridge_close_cif.y4m,427.93,427.322,1.942105,0.002515,0.0,190
1,1,0,1,0,0,0,0,0,0,0,0,1,0,1,1,1,0,1,1,0,1,0,0,0,0,0,1,0,1,0,1,1,1,0,0,0,0,bridge_close_cif.y4m,157.93,156.824,2.939512,0.002479,0.0,7
1,1,0,0,0,1,0,0,0,0,0,0,1,0,1,1,1,1,1,0,1,1,0,0,0,0,0,0,1,1,1,0,0,0,0,0,0,0,bridge_close_cif.y4m,6.45,6.446,0.041593,0.003126,0.0,323
1,1,0,0,0,1,0,0,0,0,0,0,1,0,1,1,0,0,1,0,1,1,0,0,0,0,0,0,1,1,1,0,1,0,0,0,1,0,bridge_close_cif.y4m,335.13,331.78,8.658548,0.002604,0.0,73
1,1,0,0,0,0,0,0,0,0,1,0,1,0,1,1,1,0,1,0,1,1,0,1,0,0,0,0,0,1,0,1,0,0,0,0,0,0,bridge_close_cif.y4m,300.62,300.426,0.661801,0.00394,0.0,209
1,1,0,1,0,0,0,0,0,0,0,0,1,1,0,1,1,0,1,0,1,1,1,0,0,0,0,0,0,1,1,0,0,0,0,0,0,0,bridge_close_cif.y4m,17.43,17.058,0.622792,0.002489,0.0,138
1,1,0,0,0,1,0,0,0,0,0,0,1,1,0,1,1,1,1,1,0,1,0,0,0,0,0,1,0,1,0,1,0,0,0,0,0,0,bridge_close_cif.y4m,257.07,256.552,1.063847,0.004816,0.0,264
1,1,0,0,0,0,0,0,0,1,0,0,1,0,1,1,0,1,1,0,1,1,0,0,0,0,0,1,0,1,0,1,1,0,0,0,1,0,bridge_close_cif.y4m,696.34,696.364,0.418545,0.004497,0.0,98
1,1,0,0,0,0,0,0,0,0,1,0,1,1,0,1,0,0,1,0,1,1,0,0,0,0,0,1,0,1,1,0,1,0,0,1,0,0,bridge_close_cif.y4m,11.48,11.472,0.198419,0.002016,0.0,380
1,1,0,0,1,0,0,0,0,0,0,0,1,1,0,1,1,1,1,1,0,1,0,1,0,0,0,0,0,1,1,0,1,0,1,0,0,0,bridge_close_cif.y4m,341.79,341.346,0.839095,0.010422,0.0,85
1,1,0,0,0,0,0,0,0,0,1,0,1,0,1,1,0,0,1,0,1,1,1,0,0,0,0,0,0,1,0,1,1,0,0,0,1,0,bridge_close_cif.y4m,151.87,150.964,2.082326,0.004049,0.0,31
1,1,0,1,0,0,0,0,0,0,0,0,1,0,1,1,1,0,1,1,0,1,0,0,0,0,0,1,0,1,1,0,1,1,0,0,0,0,bridge_close_cif.y4m,8.15,8.172,0.113666,0.00324,0.0,8
1,1,0,0,1,0,0,0,0,0,0,0,1,1,0,1,1,1,1,1,0,1,1,0,0,0,0,0,0,1,0,1,1,1,0,0,0,0,bridge_close_cif.y4m,22.85,22.762,0.274718,0.003442,0.0,216
1,1,0,0,1,0,0,0,0,0,0,0,1,1,0,1,1,1,1,0,1,1,0,0,0,1,0,0,0,1,0,1,1,1,0,0,0,0,bridge_close_cif.y4m,5.3,5.108,0.27941,0.00437,0.0,214
1,1,0,0,0,0,0,0,1,0,0,0,1,1,0,1,0,0,1,1,0,1,0,0,0,0,0,1,0,1,1,0,0,0,0,0,0,0,bridge_close_cif.y4m,21.37,21.34,0.074498,0.001977,0.0,341
1,1,0,0,1,0,0,0,0,0,0,0,1,1,0,1,0,0,1,1,0,1,0,1,0,0,0,0,0,1,1,0,1,0,1,0,0,0,bridge_close_cif.y4m,19.72,19.55,0.385227,0.009828,0.0,236
1,1,0,0,0,0,0,0,0,0,1,0,1,0,1,1,0,0,1,0,1,1,0,0,0,0,1,0,0,1,1,0,1,0,1,0,0,0,bridge_close_cif.y4m,40.14,39.968,0.365472,0.010001,0.0,240
1,1,0,0,0,0,0,1,0,0,0,0,1,0,1,1,0,0,1,0,1,1,0,0,0,1,0,0,0,1,0,1,1,0,0,0,1,0,bridge_close_cif.y4m,55.53,55.33,0.516285,0.010612,0.0,51
1,1,1,0,0,0,0,0,0,0,0,0,1,0,1,1,1,1,1,0,1,1,0,0,0,0,0,0,1,1,1,0,1,0,1,0,0,0,bridge_close_cif.y4m,21.2,21.17,0.073144,0.003598,0.0,77
1,1,0,0,0,0,0,0,0,0,1,0,1,0,1,1,1,0,1,1,0,1,0,0,0,0,0,1,0,1,0,1,1,0,0,0,0,1,bridge_close_cif.y4m,24.63,24.592,0.086139,0.00342,0.0,128
1,1,0,0,1,0,0,0,0,0,0,0,1,1,0,1,0,0,1,1,0,1,0,1,0,0,0,0,0,1,0,1,0,0,0,0,0,0,bridge_close_cif.y4m,149.07,148.95,0.262679,0.003969,0.0,234
1,1,0,0,0,0,0,0,1,0,0,0,1,0,1,1,1,0,1,0,1,1,0,0,0,0,0,1,0,1,0,1,1,0,0,0,1,0,bridge_close_cif.y4m,1894.47,1889.162,10.441153,0.005078,0.0,28
1,1,0,0,1,0,0,0,0,0,0,0,1,1,0,1,1,0,1,0,1,1,1,0,0,0,0,0,0,1,1,0,0,0,0,0,0,0,bridge_close_cif.y4m,155.27,155.262,0.263382,0.002479,0.0,139
1,1,0,0,0,0,0,0,0,0,1,0,1,0,1,1,1,0,1,1,0,1,0,0,0,0,1,0,0,1,1,0,1,0,1,0,0,0,bridge_close_cif.y4m,4.51,4.37,0.226605,0.003798,0.0,152
1,1,0,1,0,0,0,0,0,0,0,0,1,0,1,1,0,0,1,1,0,1,0,0,0,0,0,1,0,1,1,0,1,0,0,0,1,0,bridge_close_cif.y4m,305.2,303.754,3.383302,0.011786,0.0,12
1,1,0,0,0,0,1,0,0,0,0,0,1,0,1,1,0,1,1,1,0,1,0,0,0,0,0,1,0,1,1,0,0,0,0,0,0,0,bridge_close_cif.y4m,4.47,4.562,0.18913,0.003798,0.0,369
1,1,0,0,0,0,0,0,0,0,0,1,1,1,0,1,1,0,1,0,1,1,0,0,0,0,0,1,0,1,0,1,1,0,0,0,0,1,bridge_close_cif.y4m,104.53,104.534,0.164104,0.004695,0.0,58
1,1,0,0,0,0,0,0,1,0,0,0,1,1,0,1,1,0,1,1,0,1,1,0,0,0,0,0,0,1,1,0,0,0,0,0,0,0,bridge_close_cif.y4m,100.98,100.906,0.349757,0.011002,0.0,64
1,1,0,0,0,0,0,0,1,0,0,0,1,1,0,1,1,0,1,1,0,1,0,0,1,0,0,0,0,1,1,0,1,1,0,0,0,0,bridge_close_cif.y4m,64.88,64.934,0.107145,0.003937,0.0,21
1,1,0,0,0,1,0,0,0,0,0,0,1,0,1,1,1,1,1,0,1,1,0,0,1,0,0,0,0,1,1,0,1,0,0,0,0,1,bridge_close_cif.y4m,179.3,179.266,0.319734,0.003991,0.0,225
1,1,0,0,0,0,1,0,0,0,0,0,1,0,1,1,1,0,1,1,0,1,0,0,0,0,0,1,0,1,1,0,1,0,0,0,1,0,bridge_close_cif.y4m,203.72,203.236,1.282217,0.002609,0.0,366
1,1,0,0,0,0,0,1,0,0,0,0,1,0,1,1,1,1,1,0,1,1,0,0,1,0,0,0,0,1,0,1,1,0,0,0,0,1,bridge_far_cif.y4m,13.26,13.252,0.037014,0.000704,0.0,114
1,1,0,0,1,0,0,0,0,0,0,0,1,1,0,1,1,1,1,0,1,1,0,0,1,0,0,0,0,1,1,0,1,0,1,0,0,0,bridge_far_cif.y4m,7.22,7.218,0.041473,0.00068,0.0,281
1,1,0,0,0,1,0,0,0,0,0,0,1,0,1,1,1,0,1,1,0,1,0,0,0,0,0,0,1,1,1,0,1,0,0,1,0,0,bridge_far_cif.y4m,18.68,18.692,0.031145,0.000633,0.0,325
1,1,1,0,0,0,0,0,0,0,0,0,1,1,0,1,1,0,1,1,0,1,0,0,0,0,1,0,0,1,1,0,1,1,0,0,0,0,bridge_far_cif.y4m,16.47,16.474,0.092358,0.00085,0.0,181
1,1,0,0,0,0,0,0,1,0,0,0,1,1,0,1,1,0,1,0,1,1,0,0,1,0,0,0,0,1,1,0,1,0,0,0,0,1,bridge_far_cif.y4m,246.78,247.08,3.80876,0.000691,0.0,247
1,1,0,0,0,0,0,0,0,0,1,0,1,1,0,1,1,0,1,1,0,1,0,0,0,0,1,0,0,1,1,0,1,0,0,0,0,1,bridge_far_cif.y4m,365.86,365.87,0.33444,0.001008,0.0,166
1,1,0,0,0,0,0,0,1,0,0,0,1,1,0,1,1,0,1,0,1,1,0,0,1,0,0,0,0,1,1,0,1,0,0,0,1,0,bridge_far_cif.y4m,26.64,26.672,0.084676,0.00056,0.0,25
1,1,0,0,0,0,0,1,0,0,0,0,1,0,1,1,0,0,1,1,0,1,0,1,0,0,0,0,0,1,0,1,0,0,0,0,0,0,bridge_far_cif.y4m,38.48,38.704,0.377266,0.002252,0.0,355
1,1,0,0,1,0,0,0,0,0,0,0,1,1,0,1,0,0,1,1,0,1,1,0,0,0,0,0,0,1,1,0,1,0,0,0,0,1,bridge_far_cif.y4m,4.34,4.342,0.033466,0.000445,0.0,219
1,1,0,0,0,1,0,0,0,0,0,0,1,1,0,1,1,0,1,1,0,1,0,0,0,0,1,0,0,1,1,0,1,1,0,0,0,0,bridge_far_cif.y4m,38.7,38.538,0.3187,0.002252,0.0,182
1,1,0,1,0,0,0,0,0,0,0,0,1,0,1,1,0,1,1,1,0,1,0,0,0,0,0,1,0,1,1,0,1,1,0,0,0,0,bridge_far_cif.y4m,11.63,11.634,0.011402,0.000892,0.0,10
1,1,0,0,1,0,0,0,0,0,0,0,1,1,0,1,1,0,1,0,1,1,0,0,1,0,0,0,0,1,0,1,1,0,0,0,0,1,bridge_far_cif.y4m,92.18,91.992,0.498768,0.000682,0.0,116
1,1,0,0,0,1,0,0,0,0,0,0,1,1,0,1,1,1,1,0,1,1,0,0,0,0,0,1,0,1,0,1,1,1,0,0,0,0,bridge_far_cif.y4m,21.79,21.792,0.074632,0.000687,0.0,266
1,1,0,0,0,0,0,0,1,0,0,0,1,1,0,1,0,0,1,0,1,1,0,0,1,0,0,0,0,1,1,0,1,0,0,1,0,0,bridge_far_cif.y4m,117.0,116.828,0.495752,0.005777,0.0,313
1,1,0,0,0,0,0,1,0,0,0,0,1,0,1,1,0,0,1,1,0,1,0,0,0,0,0,0,1,1,0,1,0,0,0,0,0,0,bridge_far_cif.y4m,68.05,68.116,0.236178,0.00442,0.0,357
1,1,0,0,0,1,0,0,0,0,0,0,1,0,1,1,0,1,1,0,1,1,1,0,0,0,0,0,0,1,1,0,1,1,0,0,0,0,bridge_far_cif.y4m,9.98,10.13,0.31504,0.003903,0.0,187
1,1,0,0,0,0,0,0,1,0,0,0,1,1,0,1,1,1,1,0,1,1,0,0,1,0,0,0,0,1,1,0,1,1,0,0,0,0,bridge_far_cif.y4m,749.8,749.748,0.263761,0.000957,0.0,23
1,1,0,0,1,0,0,0,0,0,0,0,1,1,0,1,1,0,1,1,0,1,0,1,0,0,0,0,0,1,0,1,0,0,0,0,0,0,bridge_far_cif.y4m,103.7,103.684,0.107378,0.000911,0.0,2
1,1,0,0,0,0,0,0,0,0,0,1,1,1,0,1,1,0,1,0,1,1,0,0,0,0,0,1,0,1,1,0,1,1,0,0,0,0,bridge_far_cif.y4m,269.01,268.74,1.272517,0.000621,0.0,301
1,1,0,0,0,0,0,1,0,0,0,0,1,0,1,1,0,1,1,1,0,1,0,1,0,0,0,0,0,1,0,1,0,0,0,0,0,0,bridge_far_cif.y4m,536.8,535.568,3.038827,0.005016,0.0,356
1,1,0,0,0,0,0,0,0,0,1,0,1,1,0,1,0,1,1,0,1,1,0,0,0,0,0,1,0,1,0,1,1,1,0,0,0,0,bridge_far_cif.y4m,48.33,48.348,0.086718,0.002071,0.0,269
1,1,0,0,0,0,0,0,0,0,1,0,1,0,1,1,0,1,1,1,0,1,0,0,1,0,0,0,0,1,0,1,1,0,0,0,1,0,bridge_far_cif.y4m,51.08,51.076,0.050299,0.004391,0.0,274
1,1,0,0,0,0,0,0,0,0,1,0,1,0,1,1,0,1,1,1,0,1,0,0,0,1,0,0,0,1,1,0,1,1,0,0,0,0,bridge_far_cif.y4m,30.28,30.23,0.082462,0.004006,0.0,307
1,1,0,0,1,0,0,0,0,0,0,0,1,0,1,1,0,1,1,1,0,1,0,0,1,0,0,0,0,1,0,1,1,1,0,0,0,0,bridge_far_cif.y4m,62.79,62.586,0.473212,0.000655,0.0,254
1,1,0,0,0,0,0,0,0,0,1,0,1,0,1,1,0,1,1,0,1,1,0,1,0,0,0,0,0,1,0,1,0,0,0,0,0,0,bridge_far_cif.y4m,5.32,5.316,0.016733,0.000502,0.0,208
1,1,0,0,1,0,0,0,0,0,0,0,1,1,0,1,1,1,1,1,0,1,0,0,1,0,0,0,0,1,0,1,1,0,1,0,0,0,bridge_far_cif.y4m,7.81,7.816,0.033615,0.00332,0.0,279
1,1,0,0,0,0,0,1,0,0,0,0,1,1,0,1,1,1,1,1,0,1,0,1,0,0,0,0,0,1,0,1,1,0,0,0,1,0,bridge_far_cif.y4m,19.31,19.288,0.034928,0.00074,0.0,171
1,1,0,0,0,0,0,0,0,1,0,0,1,1,0,1,0,1,1,0,1,1,0,0,0,0,0,1,0,1,0,1,1,0,0,0,1,0,bridge_far_cif.y4m,122.73,122.706,0.166223,0.005777,0.0,99
1,1,1,0,0,0,0,0,0,0,0,0,1,0,1,1,1,1,1,1,0,1,0,1,0,0,0,0,0,1,1,0,1,0,1,0,0,0,bridge_far_cif.y4m,24.66,24.692,0.122352,0.00075,0.0,81
1,1,0,0,0,0,0,0,0,0,1,0,1,0,1,1,1,1,1,0,1,1,0,0,1,0,0,0,0,1,1,0,1,0,1,0,0,0,bridge_far_cif.y4m,7.83,7.838,0.016432,0.000936,0.0,155
1,1,0,0,0,1,0,0,0,0,0,0,1,1,0,1,0,1,1,1,0,1,1,0,0,0,0,0,0,1,1,0,1,1,0,0,0,0,bridge_far_cif.y4m,21.63,21.616,0.036469,0.004006,0.0,185
1,1,0,0,1,0,0,0,0,0,0,0,1,1,0,1,0,0,1,0,1,1,0,0,0,0,0,1,0,1,0,1,0,0,0,0,0,0,bridge_far_cif.y4m,8.17,8.174,0.020736,0.000826,0.0,376
1,1,0,0,0,0,0,0,1,0,0,0,1,1,0,1,0,1,1,0,1,1,0,1,0,0,0,0,0,1,1,0,0,0,0,0,0,0,bridge_far_cif.y4m,4.31,4.34,0.096695,0.000664,0.0,204
1,1,0,0,0,0,0,0,1,0,0,0,1,1,0,1,1,0,1,0,1,1,0,0,0,0,1,0,0,1,1,0,1,0,0,0,0,1,bridge_far_cif.y4m,190.88,190.352,1.327769,0.000989,0.0,246
1,1,0,0,0,0,0,1,0,0,0,0,1,1,0,1,1,1,1,0,1,1,0,0,1,0,0,0,0,1,0,1,0,0,0,0,0,0,bridge_far_cif.y4m,88.04,87.484,1.360379,0.000741,0.0,230
1,1,0,0,0,0,0,0,1,0,0,0,1,0,1,1,1,0,1,0,1,1,0,0,0,0,0,1,0,1,1,0,1,0,0,0,1,0,bridge_far_cif.y4m,229.74,229.558,0.54733,0.005548,0.0,27
1,1,0,1,0,0,0,0,0,0,0,0,1,1,0,1,1,1,1,0,1,1,1,0,0,0,0,0,0,1,1,0,0,0,0,0,0,0,bridge_far_cif.y4m,10.06,10.066,0.08792,0.000599,0.0,137
1,1,0,0,0,0,0,0,0,0,1,0,1,1,0,1,1,1,1,1,0,1,0,0,0,0,1,0,0,1,0,1,1,0,0,0,1,0,bridge_far_cif.y4m,26.15,26.138,0.045497,0.004151,0.0,169
1,1,0,0,0,0,0,0,0,0,1,0,1,0,1,1,0,1,1,0,1,1,1,0,0,0,0,0,0,1,0,1,1,0,0,0,0,1,bridge_far_cif.y4m,167.69,167.272,1.408535,0.000778,0.0,33
1,1,0,0,0,0,0,0,1,0,0,0,1,0,1,1,0,1,1,0,1,1,0,1,0,0,0,0,0,1,1,0,0,0,0,0,0,0,bridge_far_cif.y4m,143.36,143.346,0.146561,0.005626,0.0,205
1,1,0,0,0,0,0,0,0,0,1,0,1,1,0,1,1,0,1,0,1,1,0,0,0,0,1,0,0,1,1,0,1,0,0,0,0,1,bridge_far_cif.y4m,27.59,27.608,0.201916,0.000744,0.0,245
1,1,1,0,0,0,0,0,0,0,0,0,1,1,0,1,0,0,1,1,0,1,0,0,1,0,0,0,0,1,1,0,1,0,0,0,0,1,bridge_far_cif.y4m,14.15,14.138,0.092033,0.000491,0.0,163
1,1,0,0,1,0,0,0,0,0,0,0,1,1,0,1,1,0,1,1,0,1,1,0,0,0,0,0,0,1,0,1,1,1,0,0,0,0,bridge_far_cif.y4m,8.17,8.166,0.02881,0.000826,0.0,4
1,1,0,0,1,0,0,0,0,0,0,0,1,1,0,1,0,0,1,0,1,1,1,0,0,0,0,0,0,1,1,0,1,0,0,0,1,0,bridge_far_cif.y4m,11.14,11.144,0.074027,0.00332,0.0,141
1,1,1,0,0,0,0,0,0,0,0,0,1,1,0,1,1,1,1,0,1,1,0,0,1,0,0,0,0,1,1,0,1,1,0,0,0,0,bridge_far_cif.y4m,284.35,284.094,0.930768,0.001101,0.0,159
1,1,0,0,0,0,0,0,1,0,0,0,1,1,0,1,0,1,1,0,1,1,0,0,1,0,0,0,0,1,0,1,1,0,0,0,0,1,bridge_far_cif.y4m,57.25,57.16,0.262964,0.004152,0.0,336
1,1,0,0,0,1,0,0,0,0,0,0,1,1,0,1,0,0,1,0,1,1,0,0,0,0,0,0,1,1,1,0,1,0,0,0,1,0,bridge_far_cif.y4m,104.47,104.462,0.142197,0.000603,0.0,72
1,1,0,0,0,0,0,0,1,0,0,0,1,1,0,1,1,0,1,1,0,1,0,0,1,0,0,0,0,1,1,0,1,0,0,0,0,1,bridge_far_cif.y4m,17.78,17.728,0.166042,0.000736,0.0,248
1,1,0,1,0,0,0,0,0,0,0,0,1,0,1,1,1,1,1,1,0,1,0,0,0,0,0,1,0,1,0,1,1,0,0,0,0,1,bridge_far_cif.y4m,285.7,285.154,2.779295,0.000881,0.0,130
1,1,0,0,0,1,0,0,0,0,0,0,1,0,1,1,1,1,1,1,0,1,0,0,0,0,0,0,1,1,1,0,0,0,0,0,0,0,bridge_far_cif.y4m,295.94,295.98,0.51923,0.001769,0.0,324
1,1,1,0,0,0,0,0,0,0,0,0,1,0,1,1,0,1,1,1,0,1,0,1,0,0,0,0,0,1,0,1,0,0,0,0,0,0,bridge_far_cif.y4m,351.06,351.062,0.480385,0.005504,0.0,354
1,1,0,0,0,0,0,0,0,0,1,0,1,0,1,1,0,0,1,1,0,1,0,0,0,1,0,0,0,1,0,1,0,0,0,0,0,0,bridge_far_cif.y4m,129.21,129.16,0.10583,0.000617,0.0,291
1,1,0,0,0,0,0,0,0,0,1,0,1,1,0,1,0,0,1,1,0,1,0,1,0,0,0,0,0,1,1,0,1,0,1,0,0,0,bridge_far_cif.y4m,4.65,4.65,0.053385,0.000579,0.0,237
1,1,0,0,0,1,0,0,0,0,0,0,1,1,0,1,1,0,1,1,0,1,1,0,0,0,0,0,0,1,1,0,1,1,0,0,0,0,bridge_far_cif.y4m,6.29,6.316,0.051284,0.000667,0.0,183
1,1,0,0,0,1,0,0,0,0,0,0,1,0,1,1,1,1,1,0,1,1,0,0,1,0,0,0,0,1,0,1,0,0,0,0,0,0,bridge_far_cif.y4m,5.71,5.718,0.013038,0.000759,0.0,227
1,1,0,0,0,0,0,0,1,0,0,0,1,1,0,1,0,1,1,0,1,1,0,0,0,0,0,1,0,1,0,1,0,0,0,0,0,0,bridge_far_cif.y4m,18.67,18.668,0.038987,0.00093,0.0,338
1,1,0,0,1,0,0,0,0,0,0,0,1,0,1,1,0,0,1,0,1,1,1,0,0,0,0,0,0,1,1,0,1,0,0,0,1,0,bridge_far_cif.y4m,51.59,51.628,0.175129,0.000603,0.0,142
1,1,0,0,1,0,0,0,0,0,0,0,1,1,0,1,1,1,1,0,1,1,0,0,1,0,0,0,0,1,1,0,1,0,0,0,0,1,bridge_far_cif.y4m,59.42,59.434,0.051769,0.002107,0.0,332
1,1,0,0,0,0,0,0,0,1,0,0,1,0,1,1,0,0,1,1,0,1,0,0,0,0,1,0,0,1,0,1,1,0,0,0,1,0,bridge_far_cif.y4m,239.83,239.648,0.81705,0.000805,0.0,95
1,1,0,0,1,0,0,0,0,0,0,0,1,0,1,1,0,0,1,0,1,1,0,0,0,1,0,0,0,1,0,1,0,0,0,0,0,0,bridge_far_cif.y4m,37.94,37.934,0.17883,0.00229,0.0,289
1,1,0,0,1,0,0,0,0,0,0,0,1,1,0,1,0,0,1,0,1,1,0,0,0,0,0,1,0,1,0,1,1,0,0,1,0,0,bridge_far_cif.y4m,4.67,4.66,0.02,0.000579,0.0,378
1,1,0,0,1,0,0,0,0,0,0,0,1,1,0,1,1,1,1,1,0,1,0,0,1,0,0,0,0,1,0,1,1,0,0,0,1,0,bridge_far_cif.y4m,95.44,95.422,0.139356,0.000597,0.0,278
1,1,0,0,0,0,0,0,0,0,1,0,1,0,1,1,1,0,1,0,1,1,1,0,0,0,0,0,0,1,0,1,1,0,0,0,1,0,bridge_far_cif.y4m,27.36,27.298,0.186065,0.002227,0.0,30
1,1,0,0,1,0,0,0,0,0,0,0,1,1,0,1,0,0,1,0,1,1,0,1,0,0,0,0,0,1,0,1,1,0,0,0,0,1,bridge_far_cif.y4m,4.9,4.896,0.033615,0.000867,0.0,120
1,1,0,0,0,1,0,0,0,0,0,0,1,1,0,1,1,1,1,0,1,1,0,0,0,0,0,1,0,1,0,1,0,0,0,0,0,0,bridge_far_cif.y4m,6.79,6.792,0.021679,0.000857,0.0,265
1,1,0,0,0,0,0,0,0,0,1,0,1,1,0,1,1,0,1,1,0,1,0,0,0,0,0,1,0,1,0,1,0,0,0,0,0,0,bridge_far_cif.y4m,13.62,13.598,0.055408,0.000559,0.0,296
1,1,0,0,0,0,0,1,0,0,0,0,1,1,0,1,1,1,1,1,0,1,0,1,0,0,0,0,0,1,0,1,0,0,0,0,0,0,bridge_far_cif.y4m,33.72,33.72,0.155403,0.000903,0.0,232
1,1,0,0,0,0,0,0,0,0,1,0,1,0,1,1,0,0,1,1,0,1,0,0,1,0,0,0,0,1,1,0,1,0,0,1,0,0,bridge_far_cif.y4m,33.38,33.396,0.094763,0.003981,0.0,310
1,1,0,0,0,0,0,1,0,0,0,0,1,0,1,1,1,1,1,0,1,1,0,0,0,0,0,1,0,1,0,1,1,0,0,1,0,0,bridge_far_cif.y4m,282.31,282.144,1.040207,0.001678,0.0,349
1,1,0,0,1,0,0,0,0,0,0,0,1,1,0,1,0,1,1,0,1,1,0,0,0,0,0,1,0,1,0,1,0,0,0,0,0,0,bridge_far_cif.y4m,17.67,17.724,0.166072,0.002132,0.0,377
1,1,0,0,0,0,0,0,0,1,0,0,1,0,1,1,1,1,1,1,0,1,0,0,0,0,1,0,0,1,0,1,1,0,0,0,1,0,bridge_far_cif.y4m,292.86,292.37,1.359081,0.000597,0.0,94
1,1,1,0,0,0,0,0,0,0,0,0,1,1,0,1,1,0,1,0,1,1,1,0,0,0,0,0,0,1,0,1,1,1,0,0,0,0,bridge_far_cif.y4m,30.21,30.2,0.028284,0.004006,0.0,178
1,1,0,0,0,0,0,0,0,0,1,0,1,0,1,1,0,0,1,1,0,1,0,0,0,0,0,1,0,1,0,1,1,0,0,0,0,1,bridge_far_cif.y4m,22.03,21.658,0.805276,0.002193,0.0,127
1,1,0,0,0,0,0,1,0,0,0,0,1,0,1,1,1,0,1,0,1,1,0,0,0,1,0,0,0,1,0,1,1,0,0,0,1,0,bridge_far_cif.y4m,5.94,5.94,0.018708,0.000391,0.0,111
1,1,1,0,0,0,0,0,0,0,0,0,1,0,1,1,0,1,1,1,0,1,0,1,0,0,0,0,0,1,0,1,1,0,0,1,0,0,bridge_far_cif.y4m,21.14,21.42,0.453431,0.003477,0.0,353
1,1,0,0,0,0,1,0,0,0,0,0,1,0,1,1,1,1,1,1,0,1,0,1,0,0,0,0,0,1,1,0,1,0,0,0,1,0,bridge_far_cif.y4m,15.19,15.188,0.038987,0.000892,0.0,45
1,1,0,0,0,1,0,0,0,0,0,0,1,0,1,1,1,1,1,0,1,1,0,0,1,0,0,0,0,1,1,0,0,0,0,0,0,0,bridge_far_cif.y4m,5.69,5.686,0.035071,0.000631,0.0,226
1,1,0,0,0,0,0,0,0,0,0,1,1,1,0,1,1,0,1,0,1,1,0,0,0,0,0,1,0,1,1,0,1,0,0,0,0,1,bridge_far_cif.y4m,20.15,20.108,0.094181,0.000857,0.0,59
1,1,0,0,0,0,0,0,1,0,0,0,1,1,0,1,1,1,1,1,0,1,1,0,0,0,0,0,0,1,0,1,1,1,0,0,0,0,bridge_far_cif.y4m,122.53,122.5,0.128258,0.000911,0.0,19
1,1,0,0,0,0,0,0,0,0,0,1,1,1,0,1,0,1,1,0,1,1,0,0,0,1,0,0,0,1,1,0,1,1,0,0,0,0,bridge_far_cif.y4m,67.95,67.67,0.762758,0.00066,0.0,304
1,1,0,0,0,0,0,0,1,0,0,0,1,0,1,1,0,1,1,0,1,1,0,1,0,0,0,0,0,1,0,1,0,0,0,0,0,0,bridge_far_cif.y4m,16.95,16.952,0.022804,0.000736,0.0,207
1,1,0,0,0,0,1,0,0,0,0,0,1,1,0,1,1,1,1,1,0,1,0,1,0,0,0,0,0,1,1,0,0,0,0,0,0,0,bridge_far_cif.y4m,317.35,318.348,1.838333,0.000937,0.0,43
1,1,0,0,0,0,1,0,0,0,0,0,1,1,0,1,1,0,1,1,0,1,1,0,0,0,0,0,0,1,1,0,1,0,0,0,0,1,bridge_far_cif.y4m,6.25,6.252,0.028636,0.000545,0.0,40
1,1,0,0,0,1,0,0,0,0,0,0,1,0,1,1,0,1,1,1,0,1,1,0,0,0,0,0,0,1,1,0,1,1,0,0,0,0,bridge_far_cif.y4m,334.02,334.098,0.27133,0.00168,0.0,186
1,1,0,0,1,0,0,0,0,0,0,0,1,0,1,1,0,0,1,0,1,1,0,0,0,1,0,0,0,1,0,1,1,0,0,0,0,1,bridge_far_cif.y4m,9.21,9.234,0.042778,0.000831,0.0,288
1,1,1,0,0,0,0,0,0,0,0,0,1,1,0,1,1,0,1,1,0,1,0,1,0,0,0,0,0,1,1,0,1,0,1,0,0,0,bridge_far_cif.y4m,16.43,16.432,0.058052,0.00085,0.0,82
1,1,0,0,0,0,0,0,0,0,1,0,1,0,1,1,1,1,1,0,1,1,0,0,0,1,0,0,0,1,0,1,0,0,0,0,0,0,bridge_far_cif.y4m,12.96,13.088,0.293632,0.000697,0.0,211
1,1,0,0,1,0,0,0,0,0,0,0,1,0,1,1,1,1,1,0,1,1,0,0,0,0,0,1,0,1,1,0,1,0,0,1,0,0,bridge_far_cif.y4m,177.41,176.234,2.727349,0.000989,0.0,347
1,1,0,1,0,0,0,0,0,0,0,0,1,0,1,1,0,0,1,1,0,1,1,0,0,0,0,0,0,1,1,0,1,0,0,0,1,0,bridge_far_cif.y4m,30.62,30.632,0.080436,0.000569,0.0,13
1,1,0,0,0,0,0,1,0,0,0,0,1,0,1,1,1,1,1,0,1,1,0,0,1,0,0,0,0,1,0,1,0,0,0,0,0,0,bridge_far_cif.y4m,856.81,856.946,0.254617,0.000752,0.0,228
1,1,0,0,0,0,0,0,0,1,0,0,1,1,0,1,0,1,1,0,1,1,0,0,1,0,0,0,0,1,0,1,1,0,0,0,0,1,bridge_far_cif.y4m,20.08,20.074,0.31588,0.00074,0.0,335
1,1,0,0,0,0,0,0,1,0,0,0,1,1,0,1,1,0,1,0,1,1,0,0,1,0,0,0,0,1,1,0,1,1,0,0,0,0,bridge_far_cif.y4m,72.92,72.82,0.599708,0.001448,0.0,24
1,1,1,0,0,0,0,0,0,0,0,0,1,0,1,1,0,1,1,0,1,1,0,1,0,0,0,0,0,1,0,1,1,0,0,1,0,0,bridge_far_cif.y4m,498.95,498.976,0.341585,0.005569,0.0,352
1,1,0,0,0,0,1,0,0,0,0,0,1,0,1,1,0,0,1,1,0,1,0,0,0,0,0,1,0,1,1,0,0,0,0,0,0,0,bridge_far_cif.y4m,14.08,14.094,0.030496,0.000694,0.0,368
1,1,1,0,0,0,0,0,0,0,0,0,1,0,1,1,1,1,1,1,0,1,0,1,0,0,0,0,0,1,1,0,0,0,0,0,0,0,bridge_far_cif.y4m,7.25,7.264,0.196418,0.000717,0.0,80
1,1,0,0,1,0,0,0,0,0,0,0,1,1,0,1,0,0,1,0,1,1,0,1,0,0,0,0,0,1,0,1,0,0,0,0,0,0,bridge_far_cif.y4m,70.2,70.232,0.066858,0.000948,0.0,121
1,1,0,0,0,0,0,0,0,0,1,0,1,0,1,1,1,1,1,0,1,1,0,0,1,0,0,0,0,1,1,0,1,1,0,0,0,0,bridge_far_cif.y4m,8.39,8.376,0.035071,0.000599,0.0,156
1,1,0,1,0,0,0,0,0,0,0,0,1,0,1,1,1,1,1,1,0,1,0,0,0,0,0,1,0,1,1,0,1,1,0,0,0,0,bridge_far_cif.y4m,4.02,4.02,0.01,0.000465,0.0,9
1,1,0,0,0,0,0,0,0,0,1,0,1,1,0,1,0,0,1,1,0,1,0,0,0,0,1,0,0,1,1,0,1,0,0,0,0,1,bridge_far_cif.y4m,21.41,21.464,0.182565,0.000744,0.0,165
1,1,0,0,0,0,0,0,0,0,1,0,1,0,1,1,0,0,1,1,0,1,0,1,0,0,0,0,0,1,0,1,1,0,0,0,0,1,bridge_far_cif.y4m,15.74,15.74,0.095656,0.000693,0.0,126
1,1,0,0,1,0,0,0,0,0,0,0,1,1,0,1,1,1,1,0,1,1,0,0,1,0,0,0,0,1,0,1,1,0,1,0,0,0,bridge_far_cif.y4m,7.55,7.496,0.120955,0.000717,0.0,280
1,1,0,0,0,0,0,1,0,0,0,0,1,0,1,1,1,1,1,1,0,1,0,1,0,0,0,0,0,1,0,1,1,0,0,0,1,0,bridge_far_cif.y4m,6.39,6.49,0.179025,0.003852,0.0,172
1,1,0,0,0,0,0,0,0,0,1,0,1,0,1,1,0,1,1,1,0,1,0,0,0,1,0,0,0,1,0,1,0,0,0,0,0,0,bridge_far_cif.y4m,35.6,35.632,0.113666,0.004021,0.0,292
1,1,0,0,0,0,0,0,0,0,1,0,1,1,0,1,1,1,1,0,1,1,0,0,0,0,0,1,0,1,1,0,0,0,0,0,0,0,bridge_far_cif.y4m,43.37,43.356,0.060249,0.000665,0.0,105
1,1,0,0,0,1,0,0,0,0,0,0,1,0,1,1,1,1,1,0,1,1,0,0,0,0,0,0,1,1,1,0,1,0,1,0,0,0,bridge_far_cif.y4m,48.12,48.266,0.299967,0.002269,0.0,76
1,1,0,0,0,1,0,0,0,0,0,0,1,0,1,1,0,0,1,1,0,1,1,0,0,0,0,0,0,1,1,0,1,0,0,0,0,1,bridge_far_cif.y4m,176.1,175.784,0.686972,0.000719,0.0,221
1,1,0,0,0,0,0,0,0,0,1,0,1,1,0,1,1,0,1,1,0,1,0,0,0,0,1,0,0,1,0,1,1,0,0,0,0,1,bridge_far_cif.y4m,121.2,121.194,0.135019,0.001421,0.0,167
1,1,0,0,0,0,0,0,0,0,1,0,1,0,1,1,0,1,1,0,1,1,1,0,0,0,0,0,0,1,1,0,1,0,0,0,0,1,bridge_far_cif.y4m,675.09,675.058,0.699907,0.000958,0.0,35
1,1,0,0,1,0,0,0,0,0,0,0,1,1,0,1,0,0,1,1,0,1,0,1,0,0,0,0,0,1,0,1,1,0,1,0,0,0,bridge_far_cif.y4m,7.79,7.78,0.026458,0.000654,0.0,235
1,1,0,0,0,0,0,0,0,1,0,0,1,1,0,1,1,1,1,0,1,1,0,0,1,0,0,0,0,1,0,1,1,0,0,0,0,1,bridge_far_cif.y4m,35.78,35.774,0.157734,0.002273,0.0,333
1,1,0,0,0,0,1,0,0,0,0,0,1,0,1,1,1,1,1,1,0,1,0,1,0,0,0,0,0,1,1,0,0,0,0,0,0,0,bridge_far_cif.y4m,142.86,142.884,0.313097,0.000734,0.0,44
1,1,0,0,1,0,0,0,0,0,0,0,1,0,1,1,0,1,1,1,0,1,0,1,0,0,0,0,0,1,0,1,1,1,0,0,0,0,bridge_far_cif.y4m,278.26,278.162,0.255578,0.000825,0.0,256
1,1,0,0,0,0,0,1,0,0,0,0,1,0,1,1,1,0,1,0,1,1,0,1,0,0,0,0,0,1,0,1,1,0,0,0,0,1,bridge_far_cif.y4m,2232.83,2233.46,1.770085,0.00193,0.0,192
1,1,0,0,0,0,1,0,0,0,0,0,1,1,0,1,1,1,1,1,0,1,1,0,0,0,0,0,0,1,1,0,1,0,0,0,0,1,bridge_far_cif.y4m,41.36,41.09,0.688694,0.000671,0.0,41
1,1,0,0,0,0,0,0,0,0,1,0,1,0,1,1,0,1,1,1,0,1,0,0,0,0,0,1,0,1,0,1,1,0,0,0,1,0,bridge_far_cif.y4m,309.55,309.286,0.950621,0.005117,0.0,273
1,1,0,0,0,0,0,0,0,0,1,0,1,1,0,1,0,1,1,0,1,1,0,0,0,0,0,1,0,1,0,1,0,0,0,0,0,0,bridge_far_cif.y4m,286.51,285.632,1.97453,0.005027,0.0,101
1,1,0,0,0,0,0,0,0,0,1,0,1,0,1,1,1,1,1,0,1,1,0,0,0,0,1,0,0,1,1,0,1,0,1,0,0,0,bridge_far_cif.y4m,88.36,87.996,0.947882,0.000682,0.0,242
1,1,0,0,0,0,0,0,0,0,1,0,1,1,0,1,0,1,1,0,1,1,0,0,0,0,0,1,0,1,1,0,0,0,0,0,0,0,bridge_far_cif.y4m,56.19,55.728,1.047984,0.004391,0.0,103
1,1,1,0,0,0,0,0,0,0,0,0,1,1,0,1,1,0,1,1,0,1,0,1,0,0,0,0,0,1,0,1,0,0,0,0,0,0,bridge_far_cif.y4m,149.06,148.88,0.497393,0.00088,0.0,1
1,1,0,0,0,0,0,1,0,0,0,0,1,1,0,1,0,0,1,0,1,1,0,0,0,0,0,1,0,1,0,1,1,0,0,0,0,1,bridge_far_cif.y4m,21.3,21.434,0.427294,0.003477,0.0,56
1,1,0,0,1,0,0,0,0,0,0,0,1,0,1,1,0,0,1,0,1,1,0,0,0,0,0,0,1,1,0,1,0,0,0,0,0,0,bridge_far_cif.y4m,45.76,45.784,0.07893,0.000665,0.0,373
1,1,0,0,0,0,0,0,1,0,0,0,1,1,0,1,1,1,1,0,1,1,0,1,0,0,0,0,0,1,0,1,1,0,1,0,0,0,bridge_far_cif.y4m,218.63,218.69,0.315595,0.000667,0.0,318
1,1,0,0,0,1,0,0,0,0,0,0,1,1,0,1,0,0,1,1,0,1,0,0,0,0,1,0,0,1,1,0,0,0,0,0,0,0,bridge_far_cif.y4m,586.35,586.166,1.176618,0.001115,0.0,69
1,1,0,1,0,0,0,0,0,0,0,0,1,0,1,1,0,0,1,1,0,1,0,0,0,0,0,1,0,1,1,0,1,1,0,0,0,0,bridge_far_cif.y4m,14.69,14.696,0.058566,0.002122,0.0,11
1,1,0,0,1,0,0,0,0,0,0,0,1,0,1,1,0,0,1,1,0,1,0,1,0,0,0,0,0,1,0,1,1,0,0,1,0,0,bridge_far_cif.y4m,18.08,18.064,0.129345,0.000936,0.0,258
1,1,0,0,0,0,0,0,0,0,1,0,1,0,1,1,0,0,1,1,0,1,0,1,0,0,0,0,0,1,1,0,1,0,1,0,0,0,bridge_far_cif.y4m,1228.8,1228.86,0.73065,0.001999,0.0,238
1,1,0,0,0,0,0,1,0,0,0,0,1,0,1,1,1,0,1,1,0,1,1,0,0,0,0,0,0,1,0,1,1,0,0,0,1,0,bridge_far_cif.y4m,738.78,738.826,2.007095,0.001065,0.0,173
1,1,0,0,0,0,0,1,0,0,0,0,1,0,1,1,0,1,1,0,1,1,0,1,0,0,0,0,0,1,0,1,1,1,0,0,0,0,bridge_far_cif.y4m,315.63,315.516,1.089991,0.000543,0.0,190
1,1,0,1,0,0,0,0,0,0,0,0,1,0,1,1,1,0,1,1,0,1,0,0,0,0,0,1,0,1,0,1,1,1,0,0,0,0,bridge_far_cif.y4m,163.73,163.738,0.083487,0.00074,0.0,7
1,1,0,0,0,1,0,0,0,0,0,0,1,0,1,1,1,1,1,0,1,1,0,0,0,0,0,0,1,1,1,0,0,0,0,0,0,0,bridge_far_cif.y4m,6.61,6.626,0.041593,0.000502,0.0,323
1,1,0,0,0,1,0,0,0,0,0,0,1,0,1,1,0,0,1,0,1,1,0,0,0,0,0,0,1,1,1,0,1,0,0,0,1,0,bridge_far_cif.y4m,341.71,341.502,0.698727,0.000772,0.0,73
1,1,0,0,0,0,0,0,0,0,1,0,1,0,1,1,1,0,1,0,1,1,0,1,0,0,0,0,0,1,0,1,0,0,0,0,0,0,bridge_far_cif.y4m,239.16,239.468,0.781742,0.000937,0.0,209
1,1,0,1,0,0,0,0,0,0,0,0,1,1,0,1,1,0,1,0,1,1,1,0,0,0,0,0,0,1,1,0,0,0,0,0,0,0,bridge_far_cif.y4m,16.26,16.264,0.026077,0.000785,0.0,138
1,1,0,0,0,1,0,0,0,0,0,0,1,1,0,1,1,1,1,1,0,1,0,0,0,0,0,1,0,1,0,1,0,0,0,0,0,0,bridge_far_cif.y4m,249.14,249.102,0.198293,0.001686,0.0,264
1,1,0,0,0,0,0,0,0,1,0,0,1,0,1,1,0,1,1,0,1,1,0,0,0,0,0,1,0,1,0,1,1,0,0,0,1,0,bridge_far_cif.y4m,725.44,725.404,0.184065,0.001115,0.0,98
1,1,0,0,0,0,0,0,0,0,1,0,1,1,0,1,0,0,1,0,1,1,0,0,0,0,0,1,0,1,1,0,1,0,0,1,0,0,bridge_far_cif.y4m,11.92,11.918,0.028636,0.00069,0.0,380
1,1,0,0,1,0,0,0,0,0,0,0,1,1,0,1,1,1,1,1,0,1,0,1,0,0,0,0,0,1,1,0,1,0,1,0,0,0,bridge_far_cif.y4m,384.87,384.426,1.516882,0.005052,0.0,85
1,1,0,0,0,0,0,0,0,0,1,0,1,0,1,1,0,0,1,0,1,1,1,0,0,0,0,0,0,1,0,1,1,0,0,0,1,0,bridge_far_cif.y4m,133.97,133.124,1.933618,0.001,0.0,31
1,1,0,1,0,0,0,0,0,0,0,0,1,0,1,1,1,0,1,1,0,1,0,0,0,0,0,1,0,1,1,0,1,1,0,0,0,0,bridge_far_cif.y4m,6.43,6.412,0.029496,0.000545,0.0,8
1,1,0,0,1,0,0,0,0,0,0,0,1,1,0,1,1,1,1,1,0,1,1,0,0,0,0,0,0,1,0,1,1,1,0,0,0,0,bridge_far_cif.y4m,23.19,23.178,0.063797,0.00093,0.0,216
1,1,0,0,1,0,0,0,0,0,0,0,1,1,0,1,1,1,1,0,1,1,0,0,0,1,0,0,0,1,0,1,1,1,0,0,0,0,bridge_far_cif.y4m,4.8,4.81,0.02,0.000867,0.0,214
1,1,0,0,0,0,0,0,1,0,0,0,1,1,0,1,0,0,1,1,0,1,0,0,0,0,0,1,0,1,1,0,0,0,0,0,0,0,bridge_far_cif.y4m,23.47,23.524,0.262831,0.000631,0.0,341
1,1,0,0,1,0,0,0,0,0,0,0,1,1,0,1,0,0,1,1,0,1,0,1,0,0,0,0,0,1,1,0,1,0,1,0,0,0,bridge_far_cif.y4m,19.61,19.592,0.049193,0.003884,0.0,236
1,1,0,0,0,0,0,0,0,0,1,0,1,0,1,1,0,0,1,0,1,1,0,0,0,0,1,0,0,1,1,0,1,0,1,0,0,0,bridge_far_cif.y4m,40.89,40.872,0.156908,0.004149,0.0,240
1,1,0,0,0,0,0,1,0,0,0,0,1,0,1,1,0,0,1,0,1,1,0,0,0,1,0,0,0,1,0,1,1,0,0,0,1,0,bridge_far_cif.y4m,71.9,71.794,0.320359,0.004391,0.0,51
1,1,1,0,0,0,0,0,0,0,0,0,1,0,1,1,1,1,1,0,1,1,0,0,0,0,0,0,1,1,1,0,1,0,1,0,0,0,bridge_far_cif.y4m,18.59,18.51,0.174929,0.000614,0.0,77
1,1,0,0,0,0,0,0,0,0,1,0,1,0,1,1,1,0,1,1,0,1,0,0,0,0,0,1,0,1,0,1,1,0,0,0,0,1,bridge_far_cif.y4m,22.92,22.954,0.123207,0.000897,0.0,128
1,1,0,0,1,0,0,0,0,0,0,0,1,1,0,1,0,0,1,1,0,1,0,1,0,0,0,0,0,1,0,1,0,0,0,0,0,0,bridge_far_cif.y4m,129.08,129.056,0.057706,0.000617,0.0,234
1,1,0,0,0,0,0,0,1,0,0,0,1,0,1,1,1,0,1,0,1,1,0,0,0,0,0,1,0,1,0,1,1,0,0,0,1,0,bridge_far_cif.y4m,2296.6,2296.956,0.49687,0.00193,0.0,28
1,1,0,0,1,0,0,0,0,0,0,0,1,1,0,1,1,0,1,0,1,1,1,0,0,0,0,0,0,1,1,0,0,0,0,0,0,0,bridge_far_cif.y4m,164.74,164.22,1.207932,0.00074,0.0,139
1,1,0,0,0,0,0,0,0,0,1,0,1,0,1,1,1,0,1,1,0,1,0,0,0,0,1,0,0,1,1,0,1,0,1,0,0,0,bridge_far_cif.y4m,4.34,4.342,0.013038,0.000664,0.0,152
1,1,0,1,0,0,0,0,0,0,0,0,1,0,1,1,0,0,1,1,0,1,0,0,0,0,0,1,0,1,1,0,1,0,0,0,1,0,bridge_far_cif.y4m,327.86,327.76,0.556911,0.00563,0.0,12
1,1,0,0,0,0,1,0,0,0,0,0,1,0,1,1,0,1,1,1,0,1,0,0,0,0,0,1,0,1,1,0,0,0,0,0,0,0,bridge_far_cif.y4m,4.34,4.34,0.012247,0.000664,0.0,369
1,1,0,0,0,0,0,0,0,0,0,1,1,1,0,1,1,0,1,0,1,1,0,0,0,0,0,1,0,1,0,1,1,0,0,0,0,1,bridge_far_cif.y4m,120.99,120.962,0.081976,0.001421,0.0,58
1,1,0,0,0,0,0,0,1,0,0,0,1,1,0,1,1,0,1,1,0,1,1,0,0,0,0,0,0,1,1,0,0,0,0,0,0,0,bridge_far_cif.y4m,122.74,122.732,0.139535,0.005777,0.0,64
1,1,0,0,0,0,0,0,1,0,0,0,1,1,0,1,1,0,1,1,0,1,0,0,1,0,0,0,0,1,1,0,1,1,0,0,0,0,bridge_far_cif.y4m,66.91,66.752,0.265462,0.0006,0.0,21
1,1,0,0,0,1,0,0,0,0,0,0,1,0,1,1,1,1,1,0,1,1,0,0,1,0,0,0,0,1,1,0,1,0,0,0,0,1,bridge_far_cif.y4m,168.64,168.34,0.738546,0.000989,0.0,225
1,1,0,0,0,0,1,0,0,0,0,0,1,0,1,1,1,0,1,1,0,1,0,0,0,0,0,1,0,1,1,0,1,0,0,0,1,0,bridge_far_cif.y4m,218.39,218.438,0.408007,0.000775,0.0,366
1,1,0,0,0,0,0,1,0,0,0,0,1,0,1,1,1,1,1,0,1,1,0,0,1,0,0,0,0,1,0,1,1,0,0,0,0,1,bus_cif.y4m,2.44,2.448,0.020494,0.008529,0.0,114
1,1,0,0,1,0,0,0,0,0,0,0,1,1,0,1,1,1,1,0,1,1,0,0,1,0,0,0,0,1,1,0,1,0,1,0,0,0,bus_cif.y4m,2.25,2.258,0.022804,0.008043,0.0,281
1,1,0,0,0,1,0,0,0,0,0,0,1,0,1,1,1,0,1,1,0,1,0,0,0,0,0,0,1,1,1,0,1,0,0,1,0,0,bus_cif.y4m,3.49,3.49,0.021213,0.00829,0.0,325
1,1,1,0,0,0,0,0,0,0,0,0,1,1,0,1,1,0,1,1,0,1,0,0,0,0,1,0,0,1,1,0,1,1,0,0,0,0,bus_cif.y4m,3.22,3.22,0.036742,0.011845,0.0,181
1,1,0,0,0,0,0,0,1,0,0,0,1,1,0,1,1,0,1,0,1,1,0,0,1,0,0,0,0,1,1,0,1,0,0,0,0,1,bus_cif.y4m,77.45,77.386,0.166973,0.009649,0.0,247
1,1,0,0,0,0,0,0,0,0,1,0,1,1,0,1,1,0,1,1,0,1,0,0,0,0,1,0,0,1,1,0,1,0,0,0,0,1,bus_cif.y4m,98.6,98.514,0.521709,0.009519,0.0,166
1,1,0,0,0,0,0,0,1,0,0,0,1,1,0,1,1,0,1,0,1,1,0,0,1,0,0,0,0,1,1,0,1,0,0,0,1,0,bus_cif.y4m,5.41,5.418,0.046583,0.014278,0.0,25
1,1,0,0,0,0,0,1,0,0,0,0,1,0,1,1,0,0,1,1,0,1,0,1,0,0,0,0,0,1,0,1,0,0,0,0,0,0,bus_cif.y4m,5.55,5.602,0.229063,0.010112,0.0,355
1,1,0,0,1,0,0,0,0,0,0,0,1,1,0,1,0,0,1,1,0,1,1,0,0,0,0,0,0,1,1,0,1,0,0,0,0,1,bus_cif.y4m,1.13,1.134,0.011402,0.014876,0.0,219
1,1,0,0,0,1,0,0,0,0,0,0,1,1,0,1,1,0,1,1,0,1,0,0,0,0,1,0,0,1,1,0,1,1,0,0,0,0,bus_cif.y4m,5.7,5.64,0.107703,0.010112,0.0,182
1,1,0,1,0,0,0,0,0,0,0,0,1,0,1,1,0,1,1,1,0,1,0,0,0,0,0,1,0,1,1,0,1,1,0,0,0,0,bus_cif.y4m,2.32,2.306,0.029665,0.01193,0.0,10
1,1,0,0,1,0,0,0,0,0,0,0,1,1,0,1,1,0,1,0,1,1,0,0,1,0,0,0,0,1,0,1,1,0,0,0,0,1,bus_cif.y4m,25.16,25.144,0.045056,0.01401,0.0,116
1,1,0,0,0,1,0,0,0,0,0,0,1,1,0,1,1,1,1,0,1,1,0,0,0,0,0,1,0,1,0,1,1,1,0,0,0,0,bus_cif.y4m,4.17,4.188,0.034205,0.00831,0.0,266
1,1,0,0,0,0,0,0,1,0,0,0,1,1,0,1,0,0,1,0,1,1,0,0,1,0,0,0,0,1,1,0,1,0,0,1,0,0,bus_cif.y4m,16.51,16.564,0.205499,0.015023,0.0,313
1,1,0,0,0,0,0,1,0,0,0,0,1,0,1,1,0,0,1,1,0,1,0,0,0,0,0,0,1,1,0,1,0,0,0,0,0,0,bus_cif.y4m,7.15,7.156,0.021909,0.015323,0.0,357
1,1,0,0,0,1,0,0,0,0,0,0,1,0,1,1,0,1,1,0,1,1,1,0,0,0,0,0,0,1,1,0,1,1,0,0,0,0,bus_cif.y4m,1.38,1.41,0.060415,0.014138,0.0,187
1,1,0,0,0,0,0,0,1,0,0,0,1,1,0,1,1,1,1,0,1,1,0,0,1,0,0,0,0,1,1,0,1,1,0,0,0,0,bus_cif.y4m,232.78,232.78,0.051962,0.009396,0.0,23
1,1,0,0,1,0,0,0,0,0,0,0,1,1,0,1,1,0,1,1,0,1,0,1,0,0,0,0,0,1,0,1,0,0,0,0,0,0,bus_cif.y4m,26.93,26.918,0.042071,0.012946,0.0,2
1,1,0,0,0,0,0,0,0,0,0,1,1,1,0,1,1,0,1,0,1,1,0,0,0,0,0,1,0,1,1,0,1,1,0,0,0,0,bus_cif.y4m,97.72,97.92,0.413038,0.009874,0.0,301
1,1,0,0,0,0,0,1,0,0,0,0,1,0,1,1,0,1,1,1,0,1,0,1,0,0,0,0,0,1,0,1,0,0,0,0,0,0,bus_cif.y4m,96.17,96.152,0.241288,0.01501,0.0,356
1,1,0,0,0,0,0,0,0,0,1,0,1,1,0,1,0,1,1,0,1,1,0,0,0,0,0,1,0,1,0,1,1,1,0,0,0,0,bus_cif.y4m,7.32,7.324,0.005477,0.009811,0.0,269
1,1,0,0,0,0,0,0,0,0,1,0,1,0,1,1,0,1,1,1,0,1,0,0,1,0,0,0,0,1,0,1,1,0,0,0,1,0,bus_cif.y4m,4.81,4.812,0.014832,0.015386,0.0,274
1,1,0,0,0,0,0,0,0,0,1,0,1,0,1,1,0,1,1,1,0,1,0,0,0,1,0,0,0,1,1,0,1,1,0,0,0,0,bus_cif.y4m,3.89,3.886,0.045056,0.013006,0.0,307
1,1,0,0,1,0,0,0,0,0,0,0,1,0,1,1,0,1,1,1,0,1,0,0,1,0,0,0,0,1,0,1,1,1,0,0,0,0,bus_cif.y4m,15.37,15.344,0.048785,0.014462,0.0,254
1,1,0,0,0,0,0,0,0,0,1,0,1,0,1,1,0,1,1,0,1,1,0,1,0,0,0,0,0,1,0,1,0,0,0,0,0,0,bus_cif.y4m,0.98,0.988,0.013038,0.014994,0.0,208
1,1,0,0,1,0,0,0,0,0,0,0,1,1,0,1,1,1,1,1,0,1,0,0,1,0,0,0,0,1,0,1,1,0,1,0,0,0,bus_cif.y4m,1.15,1.142,0.013038,0.018122,0.0,279
1,1,0,0,0,0,0,1,0,0,0,0,1,1,0,1,1,1,1,1,0,1,0,1,0,0,0,0,0,1,0,1,1,0,0,0,1,0,bus_cif.y4m,3.75,3.75,0.018708,0.009888,0.0,171
1,1,0,0,0,0,0,0,0,1,0,0,1,1,0,1,0,1,1,0,1,1,0,0,0,0,0,1,0,1,0,1,1,0,0,0,1,0,bus_cif.y4m,16.43,16.458,0.109864,0.015023,0.0,99
1,1,1,0,0,0,0,0,0,0,0,0,1,0,1,1,1,1,1,1,0,1,0,1,0,0,0,0,0,1,1,0,1,0,1,0,0,0,bus_cif.y4m,4.93,4.924,0.031305,0.009701,0.0,81
1,1,0,0,0,0,0,0,0,0,1,0,1,0,1,1,1,1,1,0,1,1,0,0,1,0,0,0,0,1,1,0,1,0,1,0,0,0,bus_cif.y4m,1.64,1.642,0.008367,0.014654,0.0,155
1,1,0,0,0,1,0,0,0,0,0,0,1,1,0,1,0,1,1,1,0,1,1,0,0,0,0,0,0,1,1,0,1,1,0,0,0,0,bus_cif.y4m,2.77,2.77,0.018708,0.013006,0.0,185
1,1,0,0,1,0,0,0,0,0,0,0,1,1,0,1,0,0,1,0,1,1,0,0,0,0,0,1,0,1,0,1,0,0,0,0,0,0,bus_cif.y4m,2.51,2.512,0.008367,0.011327,0.0,376
1,1,0,0,0,0,0,0,1,0,0,0,1,1,0,1,0,1,1,0,1,1,0,1,0,0,0,0,0,1,1,0,0,0,0,0,0,0,bus_cif.y4m,0.85,0.854,0.005477,0.013571,0.0,204
1,1,0,0,0,0,0,0,1,0,0,0,1,1,0,1,1,0,1,0,1,1,0,0,0,0,1,0,0,1,1,0,1,0,0,0,0,1,bus_cif.y4m,47.77,47.454,0.837514,0.012633,0.0,246
1,1,0,0,0,0,0,1,0,0,0,0,1,1,0,1,1,1,1,0,1,1,0,0,1,0,0,0,0,1,0,1,0,0,0,0,0,0,bus_cif.y4m,28.34,28.318,0.104259,0.009891,0.0,230
1,1,0,0,0,0,0,0,1,0,0,0,1,0,1,1,1,0,1,0,1,1,0,0,0,0,0,1,0,1,1,0,1,0,0,0,1,0,bus_cif.y4m,32.58,32.48,0.198368,0.016459,0.0,27
1,1,0,1,0,0,0,0,0,0,0,0,1,1,0,1,1,1,1,0,1,1,1,0,0,0,0,0,0,1,1,0,0,0,0,0,0,0,bus_cif.y4m,3.09,3.098,0.051186,0.008091,0.0,137
1,1,0,0,0,0,0,0,0,0,1,0,1,1,0,1,1,1,1,1,0,1,0,0,0,0,1,0,0,1,0,1,1,0,0,0,1,0,bus_cif.y4m,3.36,3.36,0.032404,0.013023,0.0,169
1,1,0,0,0,0,0,0,0,0,1,0,1,0,1,1,0,1,1,0,1,1,1,0,0,0,0,0,0,1,0,1,1,0,0,0,0,1,bus_cif.y4m,60.07,60.066,0.186091,0.009713,0.0,33
1,1,0,0,0,0,0,0,1,0,0,0,1,0,1,1,0,1,1,0,1,1,0,1,0,0,0,0,0,1,1,0,0,0,0,0,0,0,bus_cif.y4m,13.02,13.018,0.038987,0.015854,0.0,205
1,1,0,0,0,0,0,0,0,0,1,0,1,1,0,1,1,0,1,0,1,1,0,0,0,0,1,0,0,1,1,0,1,0,0,0,0,1,bus_cif.y4m,4.55,4.532,0.043818,0.009687,0.0,245
1,1,1,0,0,0,0,0,0,0,0,0,1,1,0,1,0,0,1,1,0,1,0,0,1,0,0,0,0,1,1,0,1,0,0,0,0,1,bus_cif.y4m,3.26,3.27,0.04062,0.013208,0.0,163
1,1,0,0,1,0,0,0,0,0,0,0,1,1,0,1,1,0,1,1,0,1,1,0,0,0,0,0,0,1,0,1,1,1,0,0,0,0,bus_cif.y4m,2.46,2.46,0.027386,0.011327,0.0,4
1,1,0,0,1,0,0,0,0,0,0,0,1,1,0,1,0,0,1,0,1,1,1,0,0,0,0,0,0,1,1,0,1,0,0,0,1,0,bus_cif.y4m,1.37,1.356,0.030496,0.018122,0.0,141
1,1,1,0,0,0,0,0,0,0,0,0,1,1,0,1,1,1,1,0,1,1,0,0,1,0,0,0,0,1,1,0,1,1,0,0,0,0,bus_cif.y4m,101.77,101.726,0.188759,0.012747,0.0,159
1,1,0,0,0,0,0,0,1,0,0,0,1,1,0,1,0,1,1,0,1,1,0,0,1,0,0,0,0,1,0,1,1,0,0,0,0,1,bus_cif.y4m,5.57,5.576,0.053666,0.013122,0.0,336
1,1,0,0,0,1,0,0,0,0,0,0,1,1,0,1,0,0,1,0,1,1,0,0,0,0,0,0,1,1,1,0,1,0,0,0,1,0,bus_cif.y4m,23.04,23.022,0.157385,0.009461,0.0,72
1,1,0,0,0,0,0,0,1,0,0,0,1,1,0,1,1,0,1,1,0,1,0,0,1,0,0,0,0,1,1,0,1,0,0,0,0,1,bus_cif.y4m,3.38,3.392,0.046583,0.00978,0.0,248
1,1,0,1,0,0,0,0,0,0,0,0,1,0,1,1,1,1,1,1,0,1,0,0,0,0,0,1,0,1,0,1,1,0,0,0,0,1,bus_cif.y4m,88.21,88.268,0.267899,0.012517,0.0,130
1,1,0,0,0,1,0,0,0,0,0,0,1,0,1,1,1,1,1,1,0,1,0,0,0,0,0,0,1,1,1,0,0,0,0,0,0,0,bus_cif.y4m,54.85,54.862,0.135167,0.009779,0.0,324
1,1,1,0,0,0,0,0,0,0,0,0,1,0,1,1,0,1,1,1,0,1,0,1,0,0,0,0,0,1,0,1,0,0,0,0,0,0,bus_cif.y4m,50.13,50.136,0.055498,0.016474,0.0,354
1,1,0,0,0,0,0,0,0,0,1,0,1,0,1,1,0,0,1,1,0,1,0,0,0,1,0,0,0,1,0,1,0,0,0,0,0,0,bus_cif.y4m,40.76,40.796,0.092898,0.013941,0.0,291
1,1,0,0,0,0,0,0,0,0,1,0,1,1,0,1,0,0,1,1,0,1,0,1,0,0,0,0,0,1,1,0,1,0,1,0,0,0,bus_cif.y4m,1.58,1.592,0.07791,0.013457,0.0,237
1,1,0,0,0,1,0,0,0,0,0,0,1,1,0,1,1,0,1,1,0,1,1,0,0,0,0,0,0,1,1,0,1,1,0,0,0,0,bus_cif.y4m,2.0,2.0,0.018708,0.008089,0.0,183
1,1,0,0,0,1,0,0,0,0,0,0,1,0,1,1,1,1,1,0,1,1,0,0,1,0,0,0,0,1,0,1,0,0,0,0,0,0,bus_cif.y4m,1.89,1.902,0.023875,0.014085,0.0,227
1,1,0,0,0,0,0,0,1,0,0,0,1,1,0,1,0,1,1,0,1,1,0,0,0,0,0,1,0,1,0,1,0,0,0,0,0,0,bus_cif.y4m,3.61,3.61,0.033912,0.013379,0.0,338
1,1,0,0,1,0,0,0,0,0,0,0,1,0,1,1,0,0,1,0,1,1,1,0,0,0,0,0,0,1,1,0,1,0,0,0,1,0,bus_cif.y4m,13.15,13.148,0.019235,0.009502,0.0,142
1,1,0,0,1,0,0,0,0,0,0,0,1,1,0,1,1,1,1,0,1,1,0,0,1,0,0,0,0,1,1,0,1,0,0,0,0,1,bus_cif.y4m,9.88,9.876,0.011402,0.009991,0.0,332
1,1,0,0,0,0,0,0,0,1,0,0,1,0,1,1,0,0,1,1,0,1,0,0,0,0,1,0,0,1,0,1,1,0,0,0,1,0,bus_cif.y4m,106.56,106.49,0.497946,0.013814,0.0,95
1,1,0,0,1,0,0,0,0,0,0,0,1,0,1,1,0,0,1,0,1,1,0,0,0,1,0,0,0,1,0,1,0,0,0,0,0,0,bus_cif.y4m,5.95,5.954,0.023022,0.010264,0.0,289
1,1,0,0,1,0,0,0,0,0,0,0,1,1,0,1,0,0,1,0,1,1,0,0,0,0,0,1,0,1,0,1,1,0,0,1,0,0,bus_cif.y4m,1.46,1.468,0.034205,0.013457,0.0,378
1,1,0,0,1,0,0,0,0,0,0,0,1,1,0,1,1,1,1,1,0,1,0,0,1,0,0,0,0,1,0,1,1,0,0,0,1,0,bus_cif.y4m,26.3,26.334,0.057271,0.009433,0.0,278
1,1,0,0,0,0,0,0,0,0,1,0,1,0,1,1,1,0,1,0,1,1,1,0,0,0,0,0,0,1,0,1,1,0,0,0,1,0,bus_cif.y4m,3.84,3.844,0.079246,0.010152,0.0,30
1,1,0,0,1,0,0,0,0,0,0,0,1,1,0,1,0,0,1,0,1,1,0,1,0,0,0,0,0,1,0,1,1,0,0,0,0,1,bus_cif.y4m,1.29,1.294,0.005477,0.014304,0.0,120
1,1,0,0,0,1,0,0,0,0,0,0,1,1,0,1,1,1,1,0,1,1,0,0,0,0,0,1,0,1,0,1,0,0,0,0,0,0,bus_cif.y4m,1.77,1.778,0.013038,0.011382,0.0,265
1,1,0,0,0,0,0,0,0,0,1,0,1,1,0,1,1,0,1,1,0,1,0,0,0,0,0,1,0,1,0,1,0,0,0,0,0,0,bus_cif.y4m,3.32,3.326,0.013416,0.013281,0.0,296
1,1,0,0,0,0,0,1,0,0,0,0,1,1,0,1,1,1,1,1,0,1,0,1,0,0,0,0,0,1,0,1,0,0,0,0,0,0,bus_cif.y4m,5.8,5.826,0.057706,0.013233,0.0,232
1,1,0,0,0,0,0,0,0,0,1,0,1,0,1,1,0,0,1,1,0,1,0,0,1,0,0,0,0,1,1,0,1,0,0,1,0,0,bus_cif.y4m,4.37,4.364,0.035777,0.012893,0.0,310
1,1,0,0,0,0,0,1,0,0,0,0,1,0,1,1,1,1,1,0,1,1,0,0,0,0,0,1,0,1,0,1,1,0,0,1,0,0,bus_cif.y4m,50.61,50.648,0.451409,0.009634,0.0,349
1,1,0,0,1,0,0,0,0,0,0,0,1,1,0,1,0,1,1,0,1,1,0,0,0,0,0,1,0,1,0,1,0,0,0,0,0,0,bus_cif.y4m,2.81,2.816,0.021909,0.010261,0.0,377
1,1,0,0,0,0,0,0,0,1,0,0,1,0,1,1,1,1,1,1,0,1,0,0,0,0,1,0,0,1,0,1,1,0,0,0,1,0,bus_cif.y4m,96.05,95.782,0.742509,0.009808,0.0,94
1,1,1,0,0,0,0,0,0,0,0,0,1,1,0,1,1,0,1,0,1,1,1,0,0,0,0,0,0,1,0,1,1,1,0,0,0,0,bus_cif.y4m,3.88,3.882,0.031145,0.013006,0.0,178
1,1,0,0,0,0,0,0,0,0,1,0,1,0,1,1,0,0,1,1,0,1,0,0,0,0,0,1,0,1,0,1,1,0,0,0,0,1,bus_cif.y4m,4.24,4.236,0.008944,0.010325,0.0,127
1,1,0,0,0,0,0,1,0,0,0,0,1,0,1,1,1,0,1,0,1,1,0,0,0,1,0,0,0,1,0,1,1,0,0,0,1,0,bus_cif.y4m,1.31,1.316,0.013416,0.014384,0.0,111
1,1,1,0,0,0,0,0,0,0,0,0,1,0,1,1,0,1,1,1,0,1,0,1,0,0,0,0,0,1,0,1,1,0,0,1,0,0,bus_cif.y4m,3.39,3.392,0.042071,0.013033,0.0,353
1,1,0,0,0,0,1,0,0,0,0,0,1,0,1,1,1,1,1,1,0,1,0,1,0,0,0,0,0,1,1,0,1,0,0,0,1,0,bus_cif.y4m,3.07,3.068,0.013038,0.01193,0.0,45
1,1,0,0,0,1,0,0,0,0,0,0,1,0,1,1,1,1,1,0,1,1,0,0,1,0,0,0,0,1,1,0,0,0,0,0,0,0,bus_cif.y4m,0.99,0.988,0.008367,0.015143,0.0,226
1,1,0,0,0,0,0,0,0,0,0,1,1,1,0,1,1,0,1,0,1,1,0,0,0,0,0,1,0,1,1,0,1,0,0,0,0,1,bus_cif.y4m,3.84,3.828,0.056303,0.011782,0.0,59
1,1,0,0,0,0,0,0,1,0,0,0,1,1,0,1,1,1,1,1,0,1,1,0,0,0,0,0,0,1,0,1,1,1,0,0,0,0,bus_cif.y4m,26.91,26.854,0.150765,0.012946,0.0,19
1,1,0,0,0,0,0,0,0,0,0,1,1,1,0,1,0,1,1,0,1,1,0,0,0,1,0,0,0,1,1,0,1,1,0,0,0,0,bus_cif.y4m,14.56,14.52,0.28688,0.009563,0.0,304
1,1,0,0,0,0,0,0,1,0,0,0,1,0,1,1,0,1,1,0,1,1,0,1,0,0,0,0,0,1,0,1,0,0,0,0,0,0,bus_cif.y4m,3.35,3.356,0.02881,0.00978,0.0,207
1,1,0,0,0,0,1,0,0,0,0,0,1,1,0,1,1,1,1,1,0,1,0,1,0,0,0,0,0,1,1,0,0,0,0,0,0,0,bus_cif.y4m,88.39,88.502,0.428684,0.012568,0.0,43
1,1,0,0,0,0,1,0,0,0,0,0,1,1,0,1,1,0,1,1,0,1,1,0,0,0,0,0,0,1,1,0,1,0,0,0,0,1,bus_cif.y4m,1.95,1.958,0.025884,0.012736,0.0,40
1,1,0,0,0,1,0,0,0,0,0,0,1,0,1,1,0,1,1,1,0,1,1,0,0,0,0,0,0,1,1,0,1,1,0,0,0,0,bus_cif.y4m,55.36,55.36,0.06364,0.009899,0.0,186
1,1,0,0,1,0,0,0,0,0,0,0,1,0,1,1,0,0,1,0,1,1,0,0,0,1,0,0,0,1,0,1,1,0,0,0,0,1,bus_cif.y4m,2.04,2.046,0.020736,0.01446,0.0,288
1,1,1,0,0,0,0,0,0,0,0,0,1,1,0,1,1,0,1,1,0,1,0,1,0,0,0,0,0,1,1,0,1,0,1,0,0,0,bus_cif.y4m,3.18,3.186,0.030496,0.011845,0.0,82
1,1,0,0,0,0,0,0,0,0,1,0,1,0,1,1,1,1,1,0,1,1,0,0,0,1,0,0,0,1,0,1,0,0,0,0,0,0,bus_cif.y4m,2.31,2.312,0.019235,0.008404,0.0,211
1,1,0,0,1,0,0,0,0,0,0,0,1,0,1,1,1,1,1,0,1,1,0,0,0,0,0,1,0,1,1,0,1,0,0,1,0,0,bus_cif.y4m,44.88,44.828,0.189921,0.012633,0.0,347
1,1,0,1,0,0,0,0,0,0,0,0,1,0,1,1,0,0,1,1,0,1,1,0,0,0,0,0,0,1,1,0,1,0,0,0,1,0,bus_cif.y4m,5.96,5.988,0.053572,0.014652,0.0,13
1,1,0,0,0,0,0,1,0,0,0,0,1,0,1,1,1,1,1,0,1,1,0,0,1,0,0,0,0,1,0,1,0,0,0,0,0,0,bus_cif.y4m,209.61,209.624,0.165167,0.013809,0.0,228
1,1,0,0,0,0,0,0,0,1,0,0,1,1,0,1,0,1,1,0,1,1,0,0,1,0,0,0,0,1,0,1,1,0,0,0,0,1,bus_cif.y4m,3.92,3.922,0.017889,0.009888,0.0,335
1,1,0,0,0,0,0,0,1,0,0,0,1,1,0,1,1,0,1,0,1,1,0,0,1,0,0,0,0,1,1,0,1,1,0,0,0,0,bus_cif.y4m,11.19,11.226,0.095551,0.009664,0.0,24
1,1,1,0,0,0,0,0,0,0,0,0,1,0,1,1,0,1,1,0,1,1,0,1,0,0,0,0,0,1,0,1,1,0,0,1,0,0,bus_cif.y4m,84.24,84.244,0.020736,0.016084,0.0,352
1,1,0,0,0,0,1,0,0,0,0,0,1,0,1,1,0,0,1,1,0,1,0,0,0,0,0,1,0,1,1,0,0,0,0,0,0,0,bus_cif.y4m,2.48,2.472,0.020494,0.008379,0.0,368
1,1,1,0,0,0,0,0,0,0,0,0,1,0,1,1,1,1,1,1,0,1,0,1,0,0,0,0,0,1,1,0,0,0,0,0,0,0,bus_cif.y4m,1.16,1.158,0.008367,0.014003,0.0,80
1,1,0,0,1,0,0,0,0,0,0,0,1,1,0,1,0,0,1,0,1,1,0,1,0,0,0,0,0,1,0,1,0,0,0,0,0,0,bus_cif.y4m,15.83,15.584,0.406485,0.012993,0.0,121
1,1,0,0,0,0,0,0,0,0,1,0,1,0,1,1,1,1,1,0,1,1,0,0,1,0,0,0,0,1,1,0,1,1,0,0,0,0,bus_cif.y4m,2.46,2.46,0.031623,0.008091,0.0,156
1,1,0,1,0,0,0,0,0,0,0,0,1,0,1,1,1,1,1,1,0,1,0,0,0,0,0,1,0,1,1,0,1,1,0,0,0,0,bus_cif.y4m,0.77,0.768,0.008367,0.014448,0.0,9
1,1,0,0,0,0,0,0,0,0,1,0,1,1,0,1,0,0,1,1,0,1,0,0,0,0,1,0,0,1,1,0,1,0,0,0,0,1,bus_cif.y4m,4.24,4.248,0.021679,0.009687,0.0,165
1,1,0,0,0,0,0,0,0,0,1,0,1,0,1,1,0,0,1,1,0,1,0,1,0,0,0,0,0,1,0,1,1,0,0,0,0,1,bus_cif.y4m,3.03,3.024,0.015166,0.008419,0.0,126
1,1,0,0,1,0,0,0,0,0,0,0,1,1,0,1,1,1,1,0,1,1,0,0,1,0,0,0,0,1,0,1,1,0,1,0,0,0,bus_cif.y4m,1.16,1.16,0.007071,0.014003,0.0,280
1,1,0,0,0,0,0,1,0,0,0,0,1,0,1,1,1,1,1,1,0,1,0,1,0,0,0,0,0,1,0,1,1,0,0,0,1,0,bus_cif.y4m,0.82,0.818,0.004472,0.016635,0.0,172
1,1,0,0,0,0,0,0,0,0,1,0,1,0,1,1,0,1,1,1,0,1,0,0,0,1,0,0,0,1,0,1,0,0,0,0,0,0,bus_cif.y4m,4.39,4.39,0.033166,0.012964,0.0,292
1,1,0,0,0,0,0,0,0,0,1,0,1,1,0,1,1,1,1,0,1,1,0,0,0,0,0,1,0,1,1,0,0,0,0,0,0,0,bus_cif.y4m,10.0,9.976,0.073689,0.01444,0.0,105
1,1,0,0,0,1,0,0,0,0,0,0,1,0,1,1,1,1,1,0,1,1,0,0,0,0,0,0,1,1,1,0,1,0,1,0,0,0,bus_cif.y4m,7.63,7.638,0.065727,0.01004,0.0,76
1,1,0,0,0,1,0,0,0,0,0,0,1,0,1,1,0,0,1,1,0,1,1,0,0,0,0,0,0,1,1,0,1,0,0,0,0,1,bus_cif.y4m,49.23,49.058,0.380946,0.01364,0.0,221
1,1,0,0,0,0,0,0,0,0,1,0,1,1,0,1,1,0,1,1,0,1,0,0,0,0,1,0,0,1,0,1,1,0,0,0,0,1,bus_cif.y4m,19.34,19.336,0.011402,0.009574,0.0,167
1,1,0,0,0,0,0,0,0,0,1,0,1,0,1,1,0,1,1,0,1,1,1,0,0,0,0,0,0,1,1,0,1,0,0,0,0,1,bus_cif.y4m,120.35,120.422,0.455599,0.010192,0.0,35
1,1,0,0,1,0,0,0,0,0,0,0,1,1,0,1,0,0,1,1,0,1,0,1,0,0,0,0,0,1,0,1,1,0,1,0,0,0,bus_cif.y4m,2.2,2.196,0.016733,0.008186,0.0,235
1,1,0,0,0,0,0,0,0,1,0,0,1,1,0,1,1,1,1,0,1,1,0,0,1,0,0,0,0,1,0,1,1,0,0,0,0,1,bus_cif.y4m,5.68,5.684,0.016733,0.010333,0.0,333
1,1,0,0,0,0,1,0,0,0,0,0,1,0,1,1,1,1,1,1,0,1,0,1,0,0,0,0,0,1,1,0,0,0,0,0,0,0,bus_cif.y4m,44.23,44.162,0.250539,0.013842,0.0,44
1,1,0,0,1,0,0,0,0,0,0,0,1,0,1,1,0,1,1,1,0,1,0,1,0,0,0,0,0,1,0,1,1,1,0,0,0,0,bus_cif.y4m,72.12,72.116,0.020736,0.009852,0.0,256
1,1,0,0,0,0,0,1,0,0,0,0,1,0,1,1,1,0,1,0,1,1,0,1,0,0,0,0,0,1,0,1,1,0,0,0,0,1,bus_cif.y4m,287.47,287.548,0.943621,0.009911,0.0,192
1,1,0,0,0,0,1,0,0,0,0,0,1,1,0,1,1,1,1,1,0,1,1,0,0,0,0,0,0,1,1,0,1,0,0,0,0,1,bus_cif.y4m,8.66,8.652,0.088148,0.009571,0.0,41
1,1,0,0,0,0,0,0,0,0,1,0,1,0,1,1,0,1,1,1,0,1,0,0,0,0,0,1,0,1,0,1,1,0,0,0,1,0,bus_cif.y4m,52.29,52.312,0.240458,0.014806,0.0,273
1,1,0,0,0,0,0,0,0,0,1,0,1,1,0,1,0,1,1,0,1,1,0,0,0,0,0,1,0,1,0,1,0,0,0,0,0,0,bus_cif.y4m,53.35,53.178,0.448297,0.015033,0.0,101
1,1,0,0,0,0,0,0,0,0,1,0,1,0,1,1,1,1,1,0,1,1,0,0,0,0,1,0,0,1,1,0,1,0,1,0,0,0,bus_cif.y4m,24.61,24.594,0.066933,0.01401,0.0,242
1,1,0,0,0,0,0,0,0,0,1,0,1,1,0,1,0,1,1,0,1,1,0,0,0,0,0,1,0,1,1,0,0,0,0,0,0,0,bus_cif.y4m,4.86,4.992,0.190578,0.015386,0.0,103
1,1,1,0,0,0,0,0,0,0,0,0,1,1,0,1,1,0,1,1,0,1,0,1,0,0,0,0,0,1,0,1,0,0,0,0,0,0,bus_cif.y4m,41.86,41.84,0.056569,0.00989,0.0,1
1,1,0,0,0,0,0,1,0,0,0,0,1,1,0,1,0,0,1,0,1,1,0,0,0,0,0,1,0,1,0,1,1,0,0,0,0,1,bus_cif.y4m,3.38,3.374,0.052249,0.013033,0.0,56
1,1,0,0,1,0,0,0,0,0,0,0,1,0,1,1,0,0,1,0,1,1,0,0,0,0,0,0,1,1,0,1,0,0,0,0,0,0,bus_cif.y4m,9.64,9.646,0.083247,0.01444,0.0,373
1,1,0,0,0,0,0,0,1,0,0,0,1,1,0,1,1,1,1,0,1,1,0,1,0,0,0,0,0,1,0,1,1,0,1,0,0,0,bus_cif.y4m,72.07,71.912,0.62771,0.013738,0.0,318
1,1,0,0,0,1,0,0,0,0,0,0,1,1,0,1,0,0,1,1,0,1,0,0,0,0,1,0,0,1,1,0,0,0,0,0,0,0,bus_cif.y4m,122.63,122.418,0.848127,0.012927,0.0,69
1,1,0,1,0,0,0,0,0,0,0,0,1,0,1,1,0,0,1,1,0,1,0,0,0,0,0,1,0,1,1,0,1,1,0,0,0,0,bus_cif.y4m,2.71,2.704,0.019494,0.010323,0.0,11
1,1,0,0,1,0,0,0,0,0,0,0,1,0,1,1,0,0,1,1,0,1,0,1,0,0,0,0,0,1,0,1,1,0,0,1,0,0,bus_cif.y4m,3.3,3.31,0.017321,0.01297,0.0,258
1,1,0,0,0,0,0,0,0,0,1,0,1,0,1,1,0,0,1,1,0,1,0,1,0,0,0,0,0,1,1,0,1,0,1,0,0,0,bus_cif.y4m,161.83,161.704,0.375806,0.009983,0.0,238
1,1,0,0,0,0,0,1,0,0,0,0,1,0,1,1,1,0,1,1,0,1,1,0,0,0,0,0,0,1,0,1,1,0,0,0,1,0,bus_cif.y4m,195.18,195.188,1.270028,0.012849,0.0,173
1,1,0,0,0,0,0,1,0,0,0,0,1,0,1,1,0,1,1,0,1,1,0,1,0,0,0,0,0,1,0,1,1,1,0,0,0,0,bus_cif.y4m,179.77,179.818,0.432516,0.009746,0.0,190
1,1,0,1,0,0,0,0,0,0,0,0,1,0,1,1,1,0,1,1,0,1,0,0,0,0,0,1,0,1,0,1,1,1,0,0,0,0,bus_cif.y4m,44.7,44.72,0.213892,0.009715,0.0,7
1,1,0,0,0,1,0,0,0,0,0,0,1,0,1,1,1,1,1,0,1,1,0,0,0,0,0,0,1,1,1,0,0,0,0,0,0,0,bus_cif.y4m,1.31,1.32,0.026458,0.014994,0.0,323
1,1,0,0,0,1,0,0,0,0,0,0,1,0,1,1,0,0,1,0,1,1,0,0,0,0,0,0,1,1,1,0,1,0,0,0,1,0,bus_cif.y4m,88.3,88.334,0.204524,0.009691,0.0,73
1,1,0,0,0,0,0,0,0,0,1,0,1,0,1,1,1,0,1,0,1,1,0,1,0,0,0,0,0,1,0,1,0,0,0,0,0,0,bus_cif.y4m,85.93,85.816,0.19321,0.012568,0.0,209
1,1,0,1,0,0,0,0,0,0,0,0,1,1,0,1,1,0,1,0,1,1,1,0,0,0,0,0,0,1,1,0,0,0,0,0,0,0,bus_cif.y4m,3.01,3.006,0.0251,0.009573,0.0,138
1,1,0,0,0,1,0,0,0,0,0,0,1,1,0,1,1,1,1,1,0,1,0,0,0,0,0,1,0,1,0,1,0,0,0,0,0,0,bus_cif.y4m,52.23,52.156,0.369229,0.00968,0.0,264
1,1,0,0,0,0,0,0,0,1,0,0,1,0,1,1,0,1,1,0,1,1,0,0,0,0,0,1,0,1,0,1,1,0,0,0,1,0,bus_cif.y4m,129.3,129.358,0.454335,0.012927,0.0,98
1,1,0,0,0,0,0,0,0,0,1,0,1,1,0,1,0,0,1,0,1,1,0,0,0,0,0,1,0,1,1,0,1,0,0,1,0,0,bus_cif.y4m,2.43,2.42,0.033912,0.008577,0.0,380
1,1,0,0,1,0,0,0,0,0,0,0,1,1,0,1,1,1,1,1,0,1,0,1,0,0,0,0,0,1,1,0,1,0,1,0,0,0,bus_cif.y4m,94.85,94.648,0.300117,0.014793,0.0,85
1,1,0,0,0,0,0,0,0,0,1,0,1,0,1,1,0,0,1,0,1,1,1,0,0,0,0,0,0,1,0,1,1,0,0,0,1,0,bus_cif.y4m,41.41,41.41,0.070711,0.01268,0.0,31
1,1,0,1,0,0,0,0,0,0,0,0,1,0,1,1,1,0,1,1,0,1,0,0,0,0,0,1,0,1,1,0,1,1,0,0,0,0,bus_cif.y4m,2.37,2.364,0.019494,0.012736,0.0,8
1,1,0,0,1,0,0,0,0,0,0,0,1,1,0,1,1,1,1,1,0,1,1,0,0,0,0,0,0,1,0,1,1,1,0,0,0,0,bus_cif.y4m,3.99,3.984,0.032863,0.013379,0.0,216
1,1,0,0,1,0,0,0,0,0,0,0,1,1,0,1,1,1,1,0,1,1,0,0,0,1,0,0,0,1,0,1,1,1,0,0,0,0,bus_cif.y4m,1.04,1.036,0.011402,0.014304,0.0,214
1,1,0,0,0,0,0,0,1,0,0,0,1,1,0,1,0,0,1,1,0,1,0,0,0,0,0,1,0,1,1,0,0,0,0,0,0,0,bus_cif.y4m,4.53,4.532,0.023875,0.008434,0.0,341
1,1,0,0,1,0,0,0,0,0,0,0,1,1,0,1,0,0,1,1,0,1,0,1,0,0,0,0,0,1,1,0,1,0,1,0,0,0,bus_cif.y4m,2.72,2.716,0.029665,0.013653,0.0,236
1,1,0,0,0,0,0,0,0,0,1,0,1,0,1,1,0,0,1,0,1,1,0,0,0,0,1,0,0,1,1,0,1,0,1,0,0,0,bus_cif.y4m,6.17,6.174,0.026077,0.014685,0.0,240
1,1,0,0,0,0,0,1,0,0,0,0,1,0,1,1,0,0,1,0,1,1,0,0,0,1,0,0,0,1,0,1,1,0,0,0,1,0,bus_cif.y4m,5.35,5.338,0.032711,0.015386,0.0,51
1,1,1,0,0,0,0,0,0,0,0,0,1,0,1,1,1,1,1,0,1,1,0,0,0,0,0,0,1,1,1,0,1,0,1,0,0,0,bus_cif.y4m,3.88,3.88,0.024495,0.014726,0.0,77
1,1,0,0,0,0,0,0,0,0,1,0,1,0,1,1,1,0,1,1,0,1,0,0,0,0,0,1,0,1,0,1,1,0,0,0,0,1,bus_cif.y4m,4.88,4.872,0.051186,0.012834,0.0,128
1,1,0,0,1,0,0,0,0,0,0,0,1,1,0,1,0,0,1,1,0,1,0,1,0,0,0,0,0,1,0,1,0,0,0,0,0,0,bus_cif.y4m,39.63,39.606,0.052726,0.013941,0.0,234
1,1,0,0,0,0,0,0,1,0,0,0,1,0,1,1,1,0,1,0,1,1,0,0,0,0,0,1,0,1,0,1,1,0,0,0,1,0,bus_cif.y4m,297.77,297.838,0.134425,0.009911,0.0,28
1,1,0,0,1,0,0,0,0,0,0,0,1,1,0,1,1,0,1,0,1,1,1,0,0,0,0,0,0,1,1,0,0,0,0,0,0,0,bus_cif.y4m,43.8,43.912,0.240354,0.009715,0.0,139
1,1,0,0,0,0,0,0,0,0,1,0,1,0,1,1,1,0,1,1,0,1,0,0,0,0,1,0,0,1,1,0,1,0,1,0,0,0,bus_cif.y4m,0.84,0.844,0.005477,0.013571,0.0,152
1,1,0,1,0,0,0,0,0,0,0,0,1,0,1,1,0,0,1,1,0,1,0,0,0,0,0,1,0,1,1,0,1,0,0,0,1,0,bus_cif.y4m,51.86,51.778,0.205353,0.016162,0.0,12
1,1,0,0,0,0,1,0,0,0,0,0,1,0,1,1,0,1,1,1,0,1,0,0,0,0,0,1,0,1,1,0,0,0,0,0,0,0,bus_cif.y4m,0.85,0.852,0.008367,0.013571,0.0,369
1,1,0,0,0,0,0,0,0,0,0,1,1,1,0,1,1,0,1,0,1,1,0,0,0,0,0,1,0,1,0,1,1,0,0,0,0,1,bus_cif.y4m,19.05,19.05,0.015811,0.009574,0.0,58
1,1,0,0,0,0,0,0,1,0,0,0,1,1,0,1,1,0,1,1,0,1,1,0,0,0,0,0,0,1,1,0,0,0,0,0,0,0,bus_cif.y4m,16.78,16.874,0.321994,0.015023,0.0,64
1,1,0,0,0,0,0,0,1,0,0,0,1,1,0,1,1,0,1,1,0,1,0,0,1,0,0,0,0,1,1,0,1,1,0,0,0,0,bus_cif.y4m,14.75,14.744,0.023022,0.014403,0.0,21
1,1,0,0,0,1,0,0,0,0,0,0,1,0,1,1,1,1,1,0,1,1,0,0,1,0,0,0,0,1,1,0,1,0,0,0,0,1,bus_cif.y4m,49.38,49.084,0.709105,0.012633,0.0,225
1,1,0,0,0,0,1,0,0,0,0,0,1,0,1,1,1,0,1,1,0,1,0,0,0,0,0,1,0,1,1,0,1,0,0,0,1,0,bus_cif.y4m,66.32,66.36,0.153786,0.009712,0.0,366
1,1,0,0,0,0,0,1,0,0,0,0,1,0,1,1,1,1,1,0,1,1,0,0,1,0,0,0,0,1,0,1,1,0,0,0,0,1,city_cif.y4m,3.34,3.352,0.042071,0.004352,0.0,114
1,1,0,0,1,0,0,0,0,0,0,0,1,1,0,1,1,1,1,0,1,1,0,0,1,0,0,0,0,1,1,0,1,0,1,0,0,0,city_cif.y4m,2.39,2.378,0.027749,0.004032,0.0,281
1,1,0,0,0,1,0,0,0,0,0,0,1,0,1,1,1,0,1,1,0,1,0,0,0,0,0,0,1,1,1,0,1,0,0,1,0,0,city_cif.y4m,4.76,4.752,0.042661,0.004308,0.0,325
1,1,1,0,0,0,0,0,0,0,0,0,1,1,0,1,1,0,1,1,0,1,0,0,0,0,1,0,0,1,1,0,1,1,0,0,0,0,city_cif.y4m,4.35,4.326,0.059414,0.005586,0.0,181
1,1,0,0,0,0,0,0,1,0,0,0,1,1,0,1,1,0,1,0,1,1,0,0,1,0,0,0,0,1,1,0,1,0,0,0,0,1,city_cif.y4m,107.11,107.262,0.609073,0.004397,0.0,247
1,1,0,0,0,0,0,0,0,0,1,0,1,1,0,1,1,0,1,1,0,1,0,0,0,0,1,0,0,1,1,0,1,0,0,0,0,1,city_cif.y4m,113.62,113.566,0.246333,0.004633,0.0,166
1,1,0,0,0,0,0,0,1,0,0,0,1,1,0,1,1,0,1,0,1,1,0,0,1,0,0,0,0,1,1,0,1,0,0,0,1,0,city_cif.y4m,6.97,6.954,0.061074,0.005412,0.0,25
1,1,0,0,0,0,0,1,0,0,0,0,1,0,1,1,0,0,1,1,0,1,0,1,0,0,0,0,0,1,0,1,0,0,0,0,0,0,city_cif.y4m,8.5,8.402,0.21661,0.005497,0.0,355
1,1,0,0,1,0,0,0,0,0,0,0,1,1,0,1,0,0,1,1,0,1,1,0,0,0,0,0,0,1,1,0,1,0,0,0,0,1,city_cif.y4m,1.24,1.238,0.016432,0.004715,0.0,219
1,1,0,0,0,1,0,0,0,0,0,0,1,1,0,1,1,0,1,1,0,1,0,0,0,0,1,0,0,1,1,0,1,1,0,0,0,0,city_cif.y4m,8.26,8.346,0.235754,0.005497,0.0,182
1,1,0,1,0,0,0,0,0,0,0,0,1,0,1,1,0,1,1,1,0,1,0,0,0,0,0,1,0,1,1,0,1,1,0,0,0,0,city_cif.y4m,3.18,3.186,0.0251,0.005701,0.0,10
1,1,0,0,1,0,0,0,0,0,0,0,1,1,0,1,1,0,1,0,1,1,0,0,1,0,0,0,0,1,0,1,1,0,0,0,0,1,city_cif.y4m,32.66,32.636,0.086487,0.005225,0.0,116
1,1,0,0,0,1,0,0,0,0,0,0,1,1,0,1,1,1,1,0,1,1,0,0,0,0,0,1,0,1,0,1,1,1,0,0,0,0,city_cif.y4m,5.16,5.152,0.040866,0.004292,0.0,266
1,1,0,0,0,0,0,0,1,0,0,0,1,1,0,1,0,0,1,0,1,1,0,0,1,0,0,0,0,1,1,0,1,0,0,1,0,0,city_cif.y4m,26.04,25.75,0.671975,0.00827,0.0,313
1,1,0,0,0,0,0,1,0,0,0,0,1,0,1,1,0,0,1,1,0,1,0,0,0,0,0,0,1,1,0,1,0,0,0,0,0,0,city_cif.y4m,10.52,10.46,0.205913,0.008993,0.0,357
1,1,0,0,0,1,0,0,0,0,0,0,1,0,1,1,0,1,1,0,1,1,1,0,0,0,0,0,0,1,1,0,1,1,0,0,0,0,city_cif.y4m,2.46,2.422,0.096281,0.008304,0.0,187
1,1,0,0,0,0,0,0,1,0,0,0,1,1,0,1,1,1,1,0,1,1,0,0,1,0,0,0,0,1,1,0,1,1,0,0,0,0,city_cif.y4m,231.49,231.698,0.562512,0.004552,0.0,23
1,1,0,0,1,0,0,0,0,0,0,0,1,1,0,1,1,0,1,1,0,1,0,1,0,0,0,0,0,1,0,1,0,0,0,0,0,0,city_cif.y4m,35.08,35.1,0.094604,0.005981,0.0,2
1,1,0,0,0,0,0,0,0,0,0,1,1,1,0,1,1,0,1,0,1,1,0,0,0,0,0,1,0,1,1,0,1,1,0,0,0,0,city_cif.y4m,159.78,159.454,0.946536,0.004789,0.0,301
1,1,0,0,0,0,0,1,0,0,0,0,1,0,1,1,0,1,1,1,0,1,0,1,0,0,0,0,0,1,0,1,0,0,0,0,0,0,city_cif.y4m,135.08,136.148,2.368062,0.007844,0.0,356
1,1,0,0,0,0,0,0,0,0,1,0,1,1,0,1,0,1,1,0,1,1,0,0,0,0,0,1,0,1,0,1,1,1,0,0,0,0,city_cif.y4m,10.4,10.392,0.016432,0.005356,0.0,269
1,1,0,0,0,0,0,0,0,0,1,0,1,0,1,1,0,1,1,1,0,1,0,0,1,0,0,0,0,1,0,1,1,0,0,0,1,0,city_cif.y4m,7.88,7.89,0.127083,0.009039,0.0,274
1,1,0,0,0,0,0,0,0,0,1,0,1,0,1,1,0,1,1,1,0,1,0,0,0,1,0,0,0,1,1,0,1,1,0,0,0,0,city_cif.y4m,6.19,6.154,0.073689,0.007422,0.0,307
1,1,0,0,1,0,0,0,0,0,0,0,1,0,1,1,0,1,1,1,0,1,0,0,1,0,0,0,0,1,0,1,1,1,0,0,0,0,city_cif.y4m,20.91,20.766,0.388304,0.005522,0.0,254
1,1,0,0,0,0,0,0,0,0,1,0,1,0,1,1,0,1,1,0,1,1,0,1,0,0,0,0,0,1,0,1,0,0,0,0,0,0,city_cif.y4m,1.45,1.4,0.079687,0.004894,0.0,208
1,1,0,0,1,0,0,0,0,0,0,0,1,1,0,1,1,1,1,1,0,1,0,0,1,0,0,0,0,1,0,1,1,0,1,0,0,0,city_cif.y4m,1.58,1.588,0.019235,0.008735,0.0,279
1,1,0,0,0,0,0,1,0,0,0,0,1,1,0,1,1,1,1,1,0,1,0,1,0,0,0,0,0,1,0,1,1,0,0,0,1,0,city_cif.y4m,4.85,4.824,0.054589,0.004808,0.0,171
1,1,0,0,0,0,0,0,0,1,0,0,1,1,0,1,0,1,1,0,1,1,0,0,0,0,0,1,0,1,0,1,1,0,0,0,1,0,city_cif.y4m,27.45,27.21,0.537215,0.00827,0.0,99
1,1,1,0,0,0,0,0,0,0,0,0,1,0,1,1,1,1,1,1,0,1,0,1,0,0,0,0,0,1,1,0,1,0,1,0,0,0,city_cif.y4m,6.08,6.108,0.0502,0.004687,0.0,81
1,1,0,0,0,0,0,0,0,0,1,0,1,0,1,1,1,1,1,0,1,1,0,0,1,0,0,0,0,1,1,0,1,0,1,0,0,0,city_cif.y4m,2.19,2.172,0.030332,0.005404,0.0,155
1,1,0,0,0,1,0,0,0,0,0,0,1,1,0,1,0,1,1,1,0,1,1,0,0,0,0,0,0,1,1,0,1,1,0,0,0,0,city_cif.y4m,4.28,4.43,0.224722,0.007422,0.0,185
1,1,0,0,1,0,0,0,0,0,0,0,1,1,0,1,0,0,1,0,1,1,0,0,0,0,0,1,0,1,0,1,0,0,0,0,0,0,city_cif.y4m,2.71,2.716,0.015166,0.005325,0.0,376
1,1,0,0,0,0,0,0,1,0,0,0,1,1,0,1,0,1,1,0,1,1,0,1,0,0,0,0,0,1,1,0,0,0,0,0,0,0,city_cif.y4m,0.94,0.94,0.0,0.004751,0.0,204
1,1,0,0,0,0,0,0,1,0,0,0,1,1,0,1,1,0,1,0,1,1,0,0,0,0,1,0,0,1,1,0,1,0,0,0,0,1,city_cif.y4m,68.83,68.642,0.670276,0.005686,0.0,246
1,1,0,0,0,0,0,1,0,0,0,0,1,1,0,1,1,1,1,0,1,1,0,0,1,0,0,0,0,1,0,1,0,0,0,0,0,0,city_cif.y4m,33.43,33.248,0.36813,0.004502,0.0,230
1,1,0,0,0,0,0,0,1,0,0,0,1,0,1,1,1,0,1,0,1,1,0,0,0,0,0,1,0,1,1,0,1,0,0,0,1,0,city_cif.y4m,51.77,51.716,0.141351,0.009837,0.0,27
1,1,0,1,0,0,0,0,0,0,0,0,1,1,0,1,1,1,1,0,1,1,1,0,0,0,0,0,0,1,1,0,0,0,0,0,0,0,city_cif.y4m,3.5,3.514,0.066182,0.004062,0.0,137
1,1,0,0,0,0,0,0,0,0,1,0,1,1,0,1,1,1,1,1,0,1,0,0,0,0,1,0,0,1,0,1,1,0,0,0,1,0,city_cif.y4m,4.69,4.71,0.048477,0.00788,0.0,169
1,1,0,0,0,0,0,0,0,0,1,0,1,0,1,1,0,1,1,0,1,1,1,0,0,0,0,0,0,1,0,1,1,0,0,0,0,1,city_cif.y4m,74.17,74.358,0.404623,0.004597,0.0,33
1,1,0,0,0,0,0,0,1,0,0,0,1,0,1,1,0,1,1,0,1,1,0,1,0,0,0,0,0,1,1,0,0,0,0,0,0,0,city_cif.y4m,23.11,22.724,0.605087,0.009184,0.0,205
1,1,0,0,0,0,0,0,0,0,1,0,1,1,0,1,1,0,1,0,1,1,0,0,0,0,1,0,0,1,1,0,1,0,0,0,0,1,city_cif.y4m,5.76,5.756,0.02881,0.004704,0.0,245
1,1,1,0,0,0,0,0,0,0,0,0,1,1,0,1,0,0,1,1,0,1,0,0,1,0,0,0,0,1,1,0,1,0,0,0,0,1,city_cif.y4m,4.29,4.286,0.011402,0.005083,0.0,163
1,1,0,0,1,0,0,0,0,0,0,0,1,1,0,1,1,0,1,1,0,1,1,0,0,0,0,0,0,1,0,1,1,1,0,0,0,0,city_cif.y4m,2.76,2.752,0.027749,0.005325,0.0,4
1,1,0,0,1,0,0,0,0,0,0,0,1,1,0,1,0,0,1,0,1,1,1,0,0,0,0,0,0,1,1,0,1,0,0,0,1,0,city_cif.y4m,2.1,2.092,0.021679,0.008735,0.0,141
1,1,1,0,0,0,0,0,0,0,0,0,1,1,0,1,1,1,1,0,1,1,0,0,1,0,0,0,0,1,1,0,1,1,0,0,0,0,city_cif.y4m,179.14,178.852,0.610958,0.005864,0.0,159
1,1,0,0,0,0,0,0,1,0,0,0,1,1,0,1,0,1,1,0,1,1,0,0,1,0,0,0,0,1,0,1,1,0,0,0,0,1,city_cif.y4m,8.76,8.812,0.121532,0.007985,0.0,336
1,1,0,0,0,1,0,0,0,0,0,0,1,1,0,1,0,0,1,0,1,1,0,0,0,0,0,0,1,1,1,0,1,0,0,0,1,0,city_cif.y4m,30.95,31.02,0.137295,0.004657,0.0,72
1,1,0,0,0,0,0,0,1,0,0,0,1,1,0,1,1,0,1,1,0,1,0,0,1,0,0,0,0,1,1,0,1,0,0,0,0,1,city_cif.y4m,4.1,4.106,0.024083,0.00481,0.0,248
1,1,0,1,0,0,0,0,0,0,0,0,1,0,1,1,1,1,1,1,0,1,0,0,0,0,0,1,0,1,0,1,1,0,0,0,0,1,city_cif.y4m,121.49,121.404,0.531912,0.005453,0.0,130
1,1,0,0,0,1,0,0,0,0,0,0,1,0,1,1,1,1,1,1,0,1,0,0,0,0,0,0,1,1,1,0,0,0,0,0,0,0,city_cif.y4m,71.48,71.552,0.166343,0.005042,0.0,324
1,1,1,0,0,0,0,0,0,0,0,0,1,0,1,1,0,1,1,1,0,1,0,1,0,0,0,0,0,1,0,1,0,0,0,0,0,0,city_cif.y4m,74.72,74.654,0.269778,0.009809,0.0,354
1,1,0,0,0,0,0,0,0,0,1,0,1,0,1,1,0,0,1,1,0,1,0,0,0,1,0,0,0,1,0,1,0,0,0,0,0,0,city_cif.y4m,47.61,47.532,0.178662,0.005132,0.0,291
1,1,0,0,0,0,0,0,0,0,1,0,1,1,0,1,0,0,1,1,0,1,0,1,0,0,0,0,0,1,1,0,1,0,1,0,0,0,city_cif.y4m,1.97,2.018,0.089833,0.004565,0.0,237
1,1,0,0,0,1,0,0,0,0,0,0,1,1,0,1,1,0,1,1,0,1,1,0,0,0,0,0,0,1,1,0,1,1,0,0,0,0,city_cif.y4m,2.03,2.018,0.021679,0.00409,0.0,183
1,1,0,0,0,1,0,0,0,0,0,0,1,0,1,1,1,1,1,0,1,1,0,0,1,0,0,0,0,1,0,1,0,0,0,0,0,0,city_cif.y4m,1.98,1.986,0.024083,0.004946,0.0,227
1,1,0,0,0,0,0,0,1,0,0,0,1,1,0,1,0,1,1,0,1,1,0,0,0,0,0,1,0,1,0,1,0,0,0,0,0,0,city_cif.y4m,5.0,4.896,0.171406,0.006126,0.0,338
1,1,0,0,1,0,0,0,0,0,0,0,1,0,1,1,0,0,1,0,1,1,1,0,0,0,0,0,0,1,1,0,1,0,0,0,1,0,city_cif.y4m,15.04,15.024,0.064265,0.004715,0.0,142
1,1,0,0,1,0,0,0,0,0,0,0,1,1,0,1,1,1,1,0,1,1,0,0,1,0,0,0,0,1,1,0,1,0,0,0,0,1,city_cif.y4m,14.7,14.692,0.021679,0.005375,0.0,332
1,1,0,0,0,0,0,0,0,1,0,0,1,0,1,1,0,0,1,1,0,1,0,0,0,0,1,0,0,1,0,1,1,0,0,0,1,0,city_cif.y4m,164.1,164.092,0.133492,0.005361,0.0,95
1,1,0,0,1,0,0,0,0,0,0,0,1,0,1,1,0,0,1,0,1,1,0,0,0,1,0,0,0,1,0,1,0,0,0,0,0,0,city_cif.y4m,8.92,8.904,0.043932,0.0054,0.0,289
1,1,0,0,1,0,0,0,0,0,0,0,1,1,0,1,0,0,1,0,1,1,0,0,0,0,0,1,0,1,0,1,1,0,0,1,0,0,city_cif.y4m,1.75,1.754,0.011402,0.004565,0.0,378
1,1,0,0,1,0,0,0,0,0,0,0,1,1,0,1,1,1,1,1,0,1,0,0,1,0,0,0,0,1,0,1,1,0,0,0,1,0,city_cif.y4m,34.86,34.828,0.096799,0.004664,0.0,278
1,1,0,0,0,0,0,0,0,0,1,0,1,0,1,1,1,0,1,0,1,1,1,0,0,0,0,0,0,1,0,1,1,0,0,0,1,0,city_cif.y4m,5.53,5.588,0.14856,0.005504,0.0,30
1,1,0,0,1,0,0,0,0,0,0,0,1,1,0,1,0,0,1,0,1,1,0,1,0,0,0,0,0,1,0,1,1,0,0,0,0,1,city_cif.y4m,1.44,1.436,0.015166,0.00513,0.0,120
1,1,0,0,0,1,0,0,0,0,0,0,1,1,0,1,1,1,1,0,1,1,0,0,0,0,0,1,0,1,0,1,0,0,0,0,0,0,city_cif.y4m,2.0,2.014,0.040988,0.005382,0.0,265
1,1,0,0,0,0,0,0,0,0,1,0,1,1,0,1,1,0,1,1,0,1,0,0,0,0,0,1,0,1,0,1,0,0,0,0,0,0,city_cif.y4m,4.14,4.174,0.077006,0.005182,0.0,296
1,1,0,0,0,0,0,1,0,0,0,0,1,1,0,1,1,1,1,1,0,1,0,1,0,0,0,0,0,1,0,1,0,0,0,0,0,0,city_cif.y4m,8.01,7.992,0.038341,0.006023,0.0,232
1,1,0,0,0,0,0,0,0,0,1,0,1,0,1,1,0,0,1,1,0,1,0,0,1,0,0,0,0,1,1,0,1,0,0,1,0,0,city_cif.y4m,7.02,6.996,0.04827,0.007324,0.0,310
1,1,0,0,0,0,0,1,0,0,0,0,1,0,1,1,1,1,1,0,1,1,0,0,0,0,0,1,0,1,0,1,1,0,0,1,0,0,city_cif.y4m,68.48,68.004,1.140627,0.004916,0.0,349
1,1,0,0,1,0,0,0,0,0,0,0,1,1,0,1,0,1,1,0,1,1,0,0,0,0,0,1,0,1,0,1,0,0,0,0,0,0,city_cif.y4m,3.91,3.884,0.056391,0.005537,0.0,377
1,1,0,0,0,0,0,0,0,1,0,0,1,0,1,1,1,1,1,1,0,1,0,0,0,0,1,0,0,1,0,1,1,0,0,0,1,0,city_cif.y4m,152.0,152.024,0.216402,0.004706,0.0,94
1,1,1,0,0,0,0,0,0,0,0,0,1,1,0,1,1,0,1,0,1,1,1,0,0,0,0,0,0,1,0,1,1,1,0,0,0,0,city_cif.y4m,6.01,5.978,0.095237,0.007422,0.0,178
1,1,0,0,0,0,0,0,0,0,1,0,1,0,1,1,0,0,1,1,0,1,0,0,0,0,0,1,0,1,0,1,1,0,0,0,0,1,city_cif.y4m,5.64,5.648,0.041473,0.005375,0.0,127
1,1,0,0,0,0,0,1,0,0,0,0,1,0,1,1,1,0,1,0,1,1,0,0,0,1,0,0,0,1,0,1,1,0,0,0,1,0,city_cif.y4m,1.65,1.638,0.027749,0.004514,0.0,111
1,1,1,0,0,0,0,0,0,0,0,0,1,0,1,1,0,1,1,1,0,1,0,1,0,0,0,0,0,1,0,1,1,0,0,1,0,0,city_cif.y4m,3.79,3.79,0.022361,0.005615,0.0,353
1,1,0,0,0,0,1,0,0,0,0,0,1,0,1,1,1,1,1,1,0,1,0,1,0,0,0,0,0,1,1,0,1,0,0,0,1,0,city_cif.y4m,4.12,4.112,0.031145,0.005701,0.0,45
1,1,0,0,0,1,0,0,0,0,0,0,1,0,1,1,1,1,1,0,1,1,0,0,1,0,0,0,0,1,1,0,0,0,0,0,0,0,city_cif.y4m,1.32,1.32,0.007071,0.004997,0.0,226
1,1,0,0,0,0,0,0,0,0,0,1,1,1,0,1,1,0,1,0,1,1,0,0,0,0,0,1,0,1,1,0,1,0,0,0,0,1,city_cif.y4m,5.11,5.11,0.031623,0.005587,0.0,59
1,1,0,0,0,0,0,0,1,0,0,0,1,1,0,1,1,1,1,1,0,1,1,0,0,0,0,0,0,1,0,1,1,1,0,0,0,0,city_cif.y4m,36.85,36.856,0.077006,0.005981,0.0,19
1,1,0,0,0,0,0,0,0,0,0,1,1,1,0,1,0,1,1,0,1,1,0,0,0,1,0,0,0,1,1,0,1,1,0,0,0,0,city_cif.y4m,19.88,19.54,0.78905,0.004756,0.0,304
1,1,0,0,0,0,0,0,1,0,0,0,1,0,1,1,0,1,1,0,1,1,0,1,0,0,0,0,0,1,0,1,0,0,0,0,0,0,city_cif.y4m,4.27,4.218,0.134425,0.00481,0.0,207
1,1,0,0,0,0,1,0,0,0,0,0,1,1,0,1,1,1,1,1,0,1,0,1,0,0,0,0,0,1,1,0,0,0,0,0,0,0,city_cif.y4m,107.07,107.562,1.413832,0.005595,0.0,43
1,1,0,0,0,0,1,0,0,0,0,0,1,1,0,1,1,0,1,1,0,1,1,0,0,0,0,0,0,1,1,0,1,0,0,0,0,1,city_cif.y4m,2.06,2.068,0.054037,0.004881,0.0,40
1,1,0,0,0,1,0,0,0,0,0,0,1,0,1,1,0,1,1,1,0,1,1,0,0,0,0,0,0,1,1,0,1,1,0,0,0,0,city_cif.y4m,69.51,69.49,0.036742,0.005034,0.0,186
1,1,0,0,1,0,0,0,0,0,0,0,1,0,1,1,0,0,1,0,1,1,0,0,0,1,0,0,0,1,0,1,1,0,0,0,0,1,city_cif.y4m,2.74,2.748,0.035637,0.005204,0.0,288
1,1,1,0,0,0,0,0,0,0,0,0,1,1,0,1,1,0,1,1,0,1,0,1,0,0,0,0,0,1,1,0,1,0,1,0,0,0,city_cif.y4m,4.5,4.492,0.013038,0.005586,0.0,82
1,1,0,0,0,0,0,0,0,0,1,0,1,0,1,1,1,1,1,0,1,1,0,0,0,1,0,0,0,1,0,1,0,0,0,0,0,0,city_cif.y4m,3.03,3.024,0.037148,0.004373,0.0,211
1,1,0,0,1,0,0,0,0,0,0,0,1,0,1,1,1,1,1,0,1,1,0,0,0,0,0,1,0,1,1,0,1,0,0,1,0,0,city_cif.y4m,66.6,66.526,0.334111,0.005686,0.0,347
1,1,0,1,0,0,0,0,0,0,0,0,1,0,1,1,0,0,1,1,0,1,1,0,0,0,0,0,0,1,1,0,1,0,0,0,1,0,city_cif.y4m,8.11,8.1,0.036056,0.005432,0.0,13
1,1,0,0,0,0,0,1,0,0,0,0,1,0,1,1,1,1,1,0,1,1,0,0,1,0,0,0,0,1,0,1,0,0,0,0,0,0,city_cif.y4m,331.07,331.182,0.299616,0.005323,0.0,228
1,1,0,0,0,0,0,0,0,1,0,0,1,1,0,1,0,1,1,0,1,1,0,0,1,0,0,0,0,1,0,1,1,0,0,0,0,1,city_cif.y4m,5.05,5.022,0.08228,0.004808,0.0,335
1,1,0,0,0,0,0,0,1,0,0,0,1,1,0,1,1,0,1,0,1,1,0,0,1,0,0,0,0,1,1,0,1,1,0,0,0,0,city_cif.y4m,15.08,15.108,0.137004,0.005001,0.0,24
1,1,1,0,0,0,0,0,0,0,0,0,1,0,1,1,0,1,1,0,1,1,0,1,0,0,0,0,0,1,0,1,1,0,0,1,0,0,city_cif.y4m,131.99,132.098,0.366292,0.009675,0.0,352
1,1,0,0,0,0,1,0,0,0,0,0,1,0,1,1,0,0,1,1,0,1,0,0,0,0,0,1,0,1,1,0,0,0,0,0,0,0,city_cif.y4m,3.25,3.242,0.027749,0.004398,0.0,368
1,1,1,0,0,0,0,0,0,0,0,0,1,0,1,1,1,1,1,1,0,1,0,1,0,0,0,0,0,1,1,0,0,0,0,0,0,0,city_cif.y4m,1.65,1.654,0.052249,0.005054,0.0,80
1,1,0,0,1,0,0,0,0,0,0,0,1,1,0,1,0,0,1,0,1,1,0,1,0,0,0,0,0,1,0,1,0,0,0,0,0,0,city_cif.y4m,22.18,21.89,0.78508,0.006074,0.0,121
1,1,0,0,0,0,0,0,0,0,1,0,1,0,1,1,1,1,1,0,1,1,0,0,1,0,0,0,0,1,1,0,1,1,0,0,0,0,city_cif.y4m,2.95,2.946,0.016733,0.004062,0.0,156
1,1,0,1,0,0,0,0,0,0,0,0,1,0,1,1,1,1,1,1,0,1,0,0,0,0,0,1,0,1,1,0,1,1,0,0,0,0,city_cif.y4m,0.9,0.896,0.020736,0.004489,0.0,9
1,1,0,0,0,0,0,0,0,0,1,0,1,1,0,1,0,0,1,1,0,1,0,0,0,0,1,0,0,1,1,0,1,0,0,0,0,1,city_cif.y4m,5.11,5.11,0.05099,0.004704,0.0,165
1,1,0,0,0,0,0,0,0,0,1,0,1,0,1,1,0,0,1,1,0,1,0,1,0,0,0,0,0,1,0,1,1,0,0,0,0,1,city_cif.y4m,3.82,3.836,0.032863,0.004272,0.0,126
1,1,0,0,1,0,0,0,0,0,0,0,1,1,0,1,1,1,1,0,1,1,0,0,1,0,0,0,0,1,0,1,1,0,1,0,0,0,city_cif.y4m,1.55,1.546,0.023022,0.005054,0.0,280
1,1,0,0,0,0,0,1,0,0,0,0,1,0,1,1,1,1,1,1,0,1,0,1,0,0,0,0,0,1,0,1,1,0,0,0,1,0,city_cif.y4m,1.43,1.432,0.008367,0.009879,0.0,172
1,1,0,0,0,0,0,0,0,0,1,0,1,0,1,1,0,1,1,1,0,1,0,0,0,1,0,0,0,1,0,1,0,0,0,0,0,0,city_cif.y4m,6.68,6.708,0.074632,0.007416,0.0,292
1,1,0,0,0,0,0,0,0,0,1,0,1,1,0,1,1,1,1,0,1,1,0,0,0,0,0,1,0,1,1,0,0,0,0,0,0,0,city_cif.y4m,12.45,12.44,0.084558,0.005544,0.0,105
1,1,0,0,0,1,0,0,0,0,0,0,1,0,1,1,1,1,1,0,1,1,0,0,0,0,0,0,1,1,1,0,1,0,1,0,0,0,city_cif.y4m,11.8,11.778,0.240562,0.005373,0.0,76
1,1,0,0,0,1,0,0,0,0,0,0,1,0,1,1,0,0,1,1,0,1,1,0,0,0,0,0,0,1,1,0,1,0,0,0,0,1,city_cif.y4m,67.39,67.272,0.36417,0.005211,0.0,221
1,1,0,0,0,0,0,0,0,0,1,0,1,1,0,1,1,0,1,1,0,1,0,0,0,0,1,0,0,1,0,1,1,0,0,0,0,1,city_cif.y4m,25.6,25.61,0.023452,0.004923,0.0,167
1,1,0,0,0,0,0,0,0,0,1,0,1,0,1,1,0,1,1,0,1,1,1,0,0,0,0,0,0,1,1,0,1,0,0,0,0,1,city_cif.y4m,220.11,220.22,0.432551,0.004917,0.0,35
1,1,0,0,1,0,0,0,0,0,0,0,1,1,0,1,0,0,1,1,0,1,0,1,0,0,0,0,0,1,0,1,1,0,1,0,0,0,city_cif.y4m,2.37,2.368,0.014832,0.004143,0.0,235
1,1,0,0,0,0,0,0,0,1,0,0,1,1,0,1,1,1,1,0,1,1,0,0,1,0,0,0,0,1,0,1,1,0,0,0,0,1,city_cif.y4m,9.03,9.026,0.026077,0.005364,0.0,333
1,1,0,0,0,0,1,0,0,0,0,0,1,0,1,1,1,1,1,1,0,1,0,1,0,0,0,0,0,1,1,0,0,0,0,0,0,0,city_cif.y4m,64.52,64.552,0.071903,0.005317,0.0,44
1,1,0,0,1,0,0,0,0,0,0,0,1,0,1,1,0,1,1,1,0,1,0,1,0,0,0,0,0,1,0,1,1,1,0,0,0,0,city_cif.y4m,102.84,102.826,0.239541,0.00466,0.0,256
1,1,0,0,0,0,0,1,0,0,0,0,1,0,1,1,1,0,1,0,1,1,0,1,0,0,0,0,0,1,0,1,1,0,0,0,0,1,city_cif.y4m,417.45,414.528,5.242086,0.005131,0.0,192
1,1,0,0,0,0,1,0,0,0,0,0,1,1,0,1,1,1,1,1,0,1,1,0,0,0,0,0,0,1,1,0,1,0,0,0,0,1,city_cif.y4m,11.31,11.266,0.168908,0.004811,0.0,41
1,1,0,0,0,0,0,0,0,0,1,0,1,0,1,1,0,1,1,1,0,1,0,0,0,0,0,1,0,1,0,1,1,0,0,0,1,0,city_cif.y4m,81.87,81.786,0.163799,0.007694,0.0,273
1,1,0,0,0,0,0,0,0,0,1,0,1,1,0,1,0,1,1,0,1,1,0,0,0,0,0,1,0,1,0,1,0,0,0,0,0,0,city_cif.y4m,77.75,77.652,0.255871,0.007951,0.0,101
1,1,0,0,0,0,0,0,0,0,1,0,1,0,1,1,1,1,1,0,1,1,0,0,0,0,1,0,0,1,1,0,1,0,1,0,0,0,city_cif.y4m,31.45,31.372,0.362519,0.005225,0.0,242
1,1,0,0,0,0,0,0,0,0,1,0,1,1,0,1,0,1,1,0,1,1,0,0,0,0,0,1,0,1,1,0,0,0,0,0,0,0,city_cif.y4m,8.66,8.464,0.444668,0.009039,0.0,103
1,1,1,0,0,0,0,0,0,0,0,0,1,1,0,1,1,0,1,1,0,1,0,1,0,0,0,0,0,1,0,1,0,0,0,0,0,0,city_cif.y4m,61.11,60.974,0.235754,0.004757,0.0,1
1,1,0,0,0,0,0,1,0,0,0,0,1,1,0,1,0,0,1,0,1,1,0,0,0,0,0,1,0,1,0,1,1,0,0,0,0,1,city_cif.y4m,3.88,3.848,0.058907,0.005615,0.0,56
1,1,0,0,1,0,0,0,0,0,0,0,1,0,1,1,0,0,1,0,1,1,0,0,0,0,0,0,1,1,0,1,0,0,0,0,0,0,city_cif.y4m,12.08,11.932,0.223987,0.005544,0.0,373
1,1,0,0,0,0,0,0,1,0,0,0,1,1,0,1,1,1,1,0,1,1,0,1,0,0,0,0,0,1,0,1,1,0,1,0,0,0,city_cif.y4m,95.96,95.546,0.952906,0.00523,0.0,318
1,1,0,0,0,1,0,0,0,0,0,0,1,1,0,1,0,0,1,1,0,1,0,0,0,0,1,0,0,1,1,0,0,0,0,0,0,0,city_cif.y4m,215.82,215.602,0.487052,0.005943,0.0,69
1,1,0,1,0,0,0,0,0,0,0,0,1,0,1,1,0,0,1,1,0,1,0,0,0,0,0,1,0,1,1,0,1,1,0,0,0,0,city_cif.y4m,3.7,3.682,0.131985,0.005523,0.0,11
1,1,0,0,1,0,0,0,0,0,0,0,1,0,1,1,0,0,1,1,0,1,0,1,0,0,0,0,0,1,0,1,1,0,0,1,0,0,city_cif.y4m,4.42,4.394,0.061887,0.006048,0.0,258
1,1,0,0,0,0,0,0,0,0,1,0,1,0,1,1,0,0,1,1,0,1,0,1,0,0,0,0,0,1,1,0,1,0,1,0,0,0,city_cif.y4m,241.27,241.276,0.334634,0.005233,0.0,238
1,1,0,0,0,0,0,1,0,0,0,0,1,0,1,1,1,0,1,1,0,1,1,0,0,0,0,0,0,1,0,1,1,0,0,0,1,0,city_cif.y4m,299.19,299.754,1.258126,0.005852,0.0,173
1,1,0,0,0,0,0,1,0,0,0,0,1,0,1,1,0,1,1,0,1,1,0,1,0,0,0,0,0,1,0,1,1,1,0,0,0,0,city_cif.y4m,242.23,242.148,0.599683,0.004599,0.0,190
1,1,0,1,0,0,0,0,0,0,0,0,1,0,1,1,1,0,1,1,0,1,0,0,0,0,0,1,0,1,0,1,1,1,0,0,0,0,city_cif.y4m,64.47,64.342,0.625516,0.004474,0.0,7
1,1,0,0,0,1,0,0,0,0,0,0,1,0,1,1,1,1,1,0,1,1,0,0,0,0,0,0,1,1,1,0,0,0,0,0,0,0,city_cif.y4m,1.73,1.754,0.065038,0.004894,0.0,323
1,1,0,0,0,1,0,0,0,0,0,0,1,0,1,1,0,0,1,0,1,1,0,0,0,0,0,0,1,1,1,0,1,0,0,0,1,0,city_cif.y4m,111.04,111.034,0.717691,0.004539,0.0,73
1,1,0,0,0,0,0,0,0,0,1,0,1,0,1,1,1,0,1,0,1,1,0,1,0,0,0,0,0,1,0,1,0,0,0,0,0,0,city_cif.y4m,101.19,100.412,1.29177,0.005595,0.0,209
1,1,0,1,0,0,0,0,0,0,0,0,1,1,0,1,1,0,1,0,1,1,1,0,0,0,0,0,0,1,1,0,0,0,0,0,0,0,city_cif.y4m,4.07,4.058,0.039623,0.004766,0.0,138
1,1,0,0,0,1,0,0,0,0,0,0,1,1,0,1,1,1,1,1,0,1,0,0,0,0,0,1,0,1,0,1,0,0,0,0,0,0,city_cif.y4m,72.22,72.094,0.286321,0.004942,0.0,264
1,1,0,0,0,0,0,0,0,1,0,0,1,0,1,1,0,1,1,0,1,1,0,0,0,0,0,1,0,1,0,1,1,0,0,0,1,0,city_cif.y4m,249.42,249.16,0.633522,0.005943,0.0,98
1,1,0,0,0,0,0,0,0,0,1,0,1,1,0,1,0,0,1,0,1,1,0,0,0,0,0,1,0,1,1,0,1,0,0,1,0,0,city_cif.y4m,3.21,3.16,0.079687,0.004381,0.0,380
1,1,0,0,1,0,0,0,0,0,0,0,1,1,0,1,1,1,1,1,0,1,0,1,0,0,0,0,0,1,1,0,1,0,1,0,0,0,city_cif.y4m,111.89,111.762,1.039505,0.007735,0.0,85
1,1,0,0,0,0,0,0,0,0,1,0,1,0,1,1,0,0,1,0,1,1,1,0,0,0,0,0,0,1,0,1,1,0,0,0,1,0,city_cif.y4m,59.34,59.022,0.897563,0.00581,0.0,31
1,1,0,1,0,0,0,0,0,0,0,0,1,0,1,1,1,0,1,1,0,1,0,0,0,0,0,1,0,1,1,0,1,1,0,0,0,0,city_cif.y4m,2.32,2.32,0.021213,0.004881,0.0,8
1,1,0,0,1,0,0,0,0,0,0,0,1,1,0,1,1,1,1,1,0,1,1,0,0,0,0,0,0,1,0,1,1,1,0,0,0,0,city_cif.y4m,5.73,5.712,0.070852,0.006126,0.0,216
1,1,0,0,1,0,0,0,0,0,0,0,1,1,0,1,1,1,1,0,1,1,0,0,0,1,0,0,0,1,0,1,1,1,0,0,0,0,city_cif.y4m,1.09,1.092,0.004472,0.00513,0.0,214
1,1,0,0,0,0,0,0,1,0,0,0,1,1,0,1,0,0,1,1,0,1,0,0,0,0,0,1,0,1,1,0,0,0,0,0,0,0,city_cif.y4m,5.95,5.958,0.0614,0.004268,0.0,341
1,1,0,0,1,0,0,0,0,0,0,0,1,1,0,1,0,0,1,1,0,1,0,1,0,0,0,0,0,1,1,0,1,0,1,0,0,0,city_cif.y4m,4.07,4.084,0.027928,0.00747,0.0,236
1,1,0,0,0,0,0,0,0,0,1,0,1,0,1,1,0,0,1,0,1,1,0,0,0,0,1,0,0,1,1,0,1,0,1,0,0,0,city_cif.y4m,8.72,8.722,0.027749,0.007764,0.0,240
1,1,0,0,0,0,0,1,0,0,0,0,1,0,1,1,0,0,1,0,1,1,0,0,0,1,0,0,0,1,0,1,1,0,0,0,1,0,city_cif.y4m,10.0,9.782,0.368198,0.009039,0.0,51
1,1,1,0,0,0,0,0,0,0,0,0,1,0,1,1,1,1,1,0,1,1,0,0,0,0,0,0,1,1,1,0,1,0,1,0,0,0,city_cif.y4m,5.03,4.95,0.151822,0.005529,0.0,77
1,1,0,0,0,0,0,0,0,0,1,0,1,0,1,1,1,0,1,1,0,1,0,0,0,0,0,1,0,1,0,1,1,0,0,0,0,1,city_cif.y4m,5.64,5.654,0.045607,0.005968,0.0,128
1,1,0,0,1,0,0,0,0,0,0,0,1,1,0,1,0,0,1,1,0,1,0,1,0,0,0,0,0,1,0,1,0,0,0,0,0,0,city_cif.y4m,46.66,46.64,0.066332,0.005132,0.0,234
1,1,0,0,0,0,0,0,1,0,0,0,1,0,1,1,1,0,1,0,1,1,0,0,0,0,0,1,0,1,0,1,1,0,0,0,1,0,city_cif.y4m,423.8,424.488,1.62446,0.005131,0.0,28
1,1,0,0,1,0,0,0,0,0,0,0,1,1,0,1,1,0,1,0,1,1,1,0,0,0,0,0,0,1,1,0,0,0,0,0,0,0,city_cif.y4m,63.21,63.074,0.472313,0.004474,0.0,139
1,1,0,0,0,0,0,0,0,0,1,0,1,0,1,1,1,0,1,1,0,1,0,0,0,0,1,0,0,1,1,0,1,0,1,0,0,0,city_cif.y4m,0.97,0.974,0.005477,0.004751,0.0,152
1,1,0,1,0,0,0,0,0,0,0,0,1,0,1,1,0,0,1,1,0,1,0,0,0,0,0,1,0,1,1,0,1,0,0,0,1,0,city_cif.y4m,89.03,89.09,0.230217,0.009683,0.0,12
1,1,0,0,0,0,1,0,0,0,0,0,1,0,1,1,0,1,1,1,0,1,0,0,0,0,0,1,0,1,1,0,0,0,0,0,0,0,city_cif.y4m,0.95,0.946,0.005477,0.004751,0.0,369
1,1,0,0,0,0,0,0,0,0,0,1,1,1,0,1,1,0,1,0,1,1,0,0,0,0,0,1,0,1,0,1,1,0,0,0,0,1,city_cif.y4m,25.87,25.854,0.11929,0.004923,0.0,58
1,1,0,0,0,0,0,0,1,0,0,0,1,1,0,1,1,0,1,1,0,1,1,0,0,0,0,0,0,1,1,0,0,0,0,0,0,0,city_cif.y4m,26.96,26.604,0.818859,0.00827,0.0,64
1,1,0,0,0,0,0,0,1,0,0,0,1,1,0,1,1,0,1,1,0,1,0,0,1,0,0,0,0,1,1,0,1,1,0,0,0,0,city_cif.y4m,18.77,18.758,0.030332,0.005457,0.0,21
1,1,0,0,0,1,0,0,0,0,0,0,1,0,1,1,1,1,1,0,1,1,0,0,1,0,0,0,0,1,1,0,1,0,0,0,0,1,city_cif.y4m,64.98,64.972,0.049699,0.005686,0.0,225
1,1,0,0,0,0,1,0,0,0,0,0,1,0,1,1,1,0,1,1,0,1,0,0,0,0,0,1,0,1,1,0,1,0,0,0,1,0,city_cif.y4m,90.38,90.016,0.967538,0.004597,0.0,366
1,1,0,0,0,0,0,1,0,0,0,0,1,0,1,1,1,1,1,0,1,1,0,0,1,0,0,0,0,1,0,1,1,0,0,0,0,1,coastguard_cif.y4m,4.19,4.186,0.0251,0.006136,0.0,114
1,1,0,0,1,0,0,0,0,0,0,0,1,1,0,1,1,1,1,0,1,1,0,0,1,0,0,0,0,1,1,0,1,0,1,0,0,0,coastguard_cif.y4m,3.98,3.98,0.036742,0.005893,0.0,281
1,1,0,0,0,1,0,0,0,0,0,0,1,0,1,1,1,0,1,1,0,1,0,0,0,0,0,0,1,1,1,0,1,0,0,1,0,0,coastguard_cif.y4m,6.46,6.462,0.013038,0.006039,0.0,325
1,1,1,0,0,0,0,0,0,0,0,0,1,1,0,1,1,0,1,1,0,1,0,0,0,0,1,0,0,1,1,0,1,1,0,0,0,0,coastguard_cif.y4m,5.59,5.586,0.023022,0.008604,0.0,181
1,1,0,0,0,0,0,0,1,0,0,0,1,1,0,1,1,0,1,0,1,1,0,0,1,0,0,0,0,1,1,0,1,0,0,0,0,1,coastguard_cif.y4m,138.34,138.322,0.264424,0.008076,0.0,247
1,1,0,0,0,0,0,0,0,0,1,0,1,1,0,1,1,0,1,1,0,1,0,0,0,0,1,0,0,1,1,0,1,0,0,0,0,1,coastguard_cif.y4m,174.4,174.21,0.593633,0.00947,0.0,166
1,1,0,0,0,0,0,0,1,0,0,0,1,1,0,1,1,0,1,0,1,1,0,0,1,0,0,0,0,1,1,0,1,0,0,0,1,0,coastguard_cif.y4m,10.31,10.266,0.127593,0.009694,0.0,25
1,1,0,0,0,0,0,1,0,0,0,0,1,0,1,1,0,0,1,1,0,1,0,1,0,0,0,0,0,1,0,1,0,0,0,0,0,0,coastguard_cif.y4m,9.88,9.922,0.134796,0.009685,0.0,355
1,1,0,0,1,0,0,0,0,0,0,0,1,1,0,1,0,0,1,1,0,1,1,0,0,0,0,0,0,1,1,0,1,0,0,0,0,1,coastguard_cif.y4m,1.86,1.86,0.024495,0.009154,0.0,219
1,1,0,0,0,1,0,0,0,0,0,0,1,1,0,1,1,0,1,1,0,1,0,0,0,0,1,0,0,1,1,0,1,1,0,0,0,0,coastguard_cif.y4m,9.89,9.902,0.055408,0.009685,0.0,182
1,1,0,1,0,0,0,0,0,0,0,0,1,0,1,1,0,1,1,1,0,1,0,0,0,0,0,1,0,1,1,0,1,1,0,0,0,0,coastguard_cif.y4m,3.99,3.94,0.096954,0.008715,0.0,10
1,1,0,0,1,0,0,0,0,0,0,0,1,1,0,1,1,0,1,0,1,1,0,0,1,0,0,0,0,1,0,1,1,0,0,0,0,1,coastguard_cif.y4m,39.75,39.648,0.168434,0.010558,0.0,116
1,1,0,0,0,1,0,0,0,0,0,0,1,1,0,1,1,1,1,0,1,1,0,0,0,0,0,1,0,1,0,1,1,1,0,0,0,0,coastguard_cif.y4m,7.39,7.374,0.050299,0.006058,0.0,266
1,1,0,0,0,0,0,0,1,0,0,0,1,1,0,1,0,0,1,0,1,1,0,0,1,0,0,0,0,1,1,0,1,0,0,1,0,0,coastguard_cif.y4m,32.42,32.37,0.141067,0.014748,0.0,313
1,1,0,0,0,0,0,1,0,0,0,0,1,0,1,1,0,0,1,1,0,1,0,0,0,0,0,0,1,1,0,1,0,0,0,0,0,0,coastguard_cif.y4m,13.48,13.464,0.047223,0.013513,0.0,357
1,1,0,0,0,1,0,0,0,0,0,0,1,0,1,1,0,1,1,0,1,1,1,0,0,0,0,0,0,1,1,0,1,1,0,0,0,0,coastguard_cif.y4m,2.65,2.652,0.008367,0.011654,0.0,187
1,1,0,0,0,0,0,0,1,0,0,0,1,1,0,1,1,1,1,0,1,1,0,0,1,0,0,0,0,1,1,0,1,1,0,0,0,0,coastguard_cif.y4m,399.85,399.832,0.087579,0.009391,0.0,23
1,1,0,0,1,0,0,0,0,0,0,0,1,1,0,1,1,0,1,1,0,1,0,1,0,0,0,0,0,1,0,1,0,0,0,0,0,0,coastguard_cif.y4m,54.04,54.044,0.065803,0.010436,0.0,2
1,1,0,0,0,0,0,0,0,0,0,1,1,1,0,1,1,0,1,0,1,1,0,0,0,0,0,1,0,1,1,0,1,1,0,0,0,0,coastguard_cif.y4m,166.25,166.294,0.622037,0.008226,0.0,301
1,1,0,0,0,0,0,1,0,0,0,0,1,0,1,1,0,1,1,1,0,1,0,1,0,0,0,0,0,1,0,1,0,0,0,0,0,0,coastguard_cif.y4m,184.83,184.344,1.021533,0.01464,0.0,356
1,1,0,0,0,0,0,0,0,0,1,0,1,1,0,1,0,1,1,0,1,1,0,0,0,0,0,1,0,1,0,1,1,1,0,0,0,0,coastguard_cif.y4m,13.32,13.31,0.022361,0.009582,0.0,269
1,1,0,0,0,0,0,0,0,0,1,0,1,0,1,1,0,1,1,1,0,1,0,0,1,0,0,0,0,1,0,1,1,0,0,0,1,0,coastguard_cif.y4m,9.2,9.172,0.043243,0.013625,0.0,274
1,1,0,0,0,0,0,0,0,0,1,0,1,0,1,1,0,1,1,1,0,1,0,0,0,1,0,0,0,1,1,0,1,1,0,0,0,0,coastguard_cif.y4m,6.73,6.756,0.048785,0.010768,0.0,307
1,1,0,0,1,0,0,0,0,0,0,0,1,0,1,1,0,1,1,1,0,1,0,0,1,0,0,0,0,1,0,1,1,1,0,0,0,0,coastguard_cif.y4m,27.81,27.736,0.297708,0.010229,0.0,254
1,1,0,0,0,0,0,0,0,0,1,0,1,0,1,1,0,1,1,0,1,1,0,1,0,0,0,0,0,1,0,1,0,0,0,0,0,0,coastguard_cif.y4m,1.71,1.716,0.015166,0.009266,0.0,208
1,1,0,0,1,0,0,0,0,0,0,0,1,1,0,1,1,1,1,1,0,1,0,0,1,0,0,0,0,1,0,1,1,0,1,0,0,0,coastguard_cif.y4m,2.02,2.022,0.014832,0.014981,0.0,279
1,1,0,0,0,0,0,1,0,0,0,0,1,1,0,1,1,1,1,1,0,1,0,1,0,0,0,0,0,1,0,1,1,0,0,0,1,0,coastguard_cif.y4m,6.59,6.572,0.032711,0.007672,0.0,171
1,1,0,0,0,0,0,0,0,1,0,0,1,1,0,1,0,1,1,0,1,1,0,0,0,0,0,1,0,1,0,1,1,0,0,0,1,0,coastguard_cif.y4m,32.23,32.26,0.125499,0.014748,0.0,99
1,1,1,0,0,0,0,0,0,0,0,0,1,0,1,1,1,1,1,1,0,1,0,1,0,0,0,0,0,1,1,0,1,0,1,0,0,0,coastguard_cif.y4m,9.01,9.002,0.101341,0.007619,0.0,81
1,1,0,0,0,0,0,0,0,0,1,0,1,0,1,1,1,1,1,0,1,1,0,0,1,0,0,0,0,1,1,0,1,0,1,0,0,0,coastguard_cif.y4m,2.94,2.938,0.008367,0.010372,0.0,155
1,1,0,0,0,1,0,0,0,0,0,0,1,1,0,1,0,1,1,1,0,1,1,0,0,0,0,0,0,1,1,0,1,1,0,0,0,0,coastguard_cif.y4m,5.01,5.032,0.056745,0.010768,0.0,185
1,1,0,0,1,0,0,0,0,0,0,0,1,1,0,1,0,0,1,0,1,1,0,0,0,0,0,1,0,1,0,1,0,0,0,0,0,0,coastguard_cif.y4m,4.52,4.52,0.036742,0.008411,0.0,376
1,1,0,0,0,0,0,0,1,0,0,0,1,1,0,1,0,1,1,0,1,1,0,1,0,0,0,0,0,1,1,0,0,0,0,0,0,0,coastguard_cif.y4m,1.44,1.436,0.005477,0.009363,0.0,204
1,1,0,0,0,0,0,0,1,0,0,0,1,1,0,1,1,0,1,0,1,1,0,0,0,0,1,0,0,1,1,0,1,0,0,0,0,1,coastguard_cif.y4m,74.94,74.91,0.139642,0.0107,0.0,246
1,1,0,0,0,0,0,1,0,0,0,0,1,1,0,1,1,1,1,0,1,1,0,0,1,0,0,0,0,1,0,1,0,0,0,0,0,0,coastguard_cif.y4m,47.43,47.384,0.104307,0.008249,0.0,230
1,1,0,0,0,0,0,0,1,0,0,0,1,0,1,1,1,0,1,0,1,1,0,0,0,0,0,1,0,1,1,0,1,0,0,0,1,0,coastguard_cif.y4m,55.97,55.912,0.166643,0.015874,0.0,27
1,1,0,1,0,0,0,0,0,0,0,0,1,1,0,1,1,1,1,0,1,1,1,0,0,0,0,0,0,1,1,0,0,0,0,0,0,0,coastguard_cif.y4m,5.45,5.43,0.065192,0.005887,0.0,137
1,1,0,0,0,0,0,0,0,0,1,0,1,1,0,1,1,1,1,1,0,1,0,0,0,0,1,0,0,1,0,1,1,0,0,0,1,0,coastguard_cif.y4m,6.89,6.902,0.045497,0.011044,0.0,169
1,1,0,0,0,0,0,0,0,0,1,0,1,0,1,1,0,1,1,0,1,1,1,0,0,0,0,0,0,1,0,1,1,0,0,0,0,1,coastguard_cif.y4m,87.87,87.82,0.127475,0.008238,0.0,33
1,1,0,0,0,0,0,0,1,0,0,0,1,0,1,1,0,1,1,0,1,1,0,1,0,0,0,0,0,1,1,0,0,0,0,0,0,0,coastguard_cif.y4m,24.75,24.746,0.065038,0.015378,0.0,205
1,1,0,0,0,0,0,0,0,0,1,0,1,1,0,1,1,0,1,0,1,1,0,0,0,0,1,0,0,1,1,0,1,0,0,0,0,1,coastguard_cif.y4m,8.43,8.436,0.035071,0.007672,0.0,245
1,1,1,0,0,0,0,0,0,0,0,0,1,1,0,1,0,0,1,1,0,1,0,0,1,0,0,0,0,1,1,0,1,0,0,0,0,1,coastguard_cif.y4m,5.66,5.66,0.022361,0.008533,0.0,163
1,1,0,0,1,0,0,0,0,0,0,0,1,1,0,1,1,0,1,1,0,1,1,0,0,0,0,0,0,1,0,1,1,1,0,0,0,0,coastguard_cif.y4m,4.47,4.46,0.031623,0.008411,0.0,4
1,1,0,0,1,0,0,0,0,0,0,0,1,1,0,1,0,0,1,0,1,1,1,0,0,0,0,0,0,1,1,0,1,0,0,0,1,0,coastguard_cif.y4m,2.64,2.628,0.026833,0.014981,0.0,141
1,1,1,0,0,0,0,0,0,0,0,0,1,1,0,1,1,1,1,0,1,1,0,0,1,0,0,0,0,1,1,0,1,1,0,0,0,0,coastguard_cif.y4m,178.39,178.386,0.213612,0.010742,0.0,159
1,1,0,0,0,0,0,0,1,0,0,0,1,1,0,1,0,1,1,0,1,1,0,0,1,0,0,0,0,1,0,1,1,0,0,0,0,1,coastguard_cif.y4m,10.59,10.556,0.061074,0.011109,0.0,336
1,1,0,0,0,1,0,0,0,0,0,0,1,1,0,1,0,0,1,0,1,1,0,0,0,0,0,0,1,1,1,0,1,0,0,0,1,0,coastguard_cif.y4m,41.79,41.882,0.415776,0.007734,0.0,72
1,1,0,0,0,0,0,0,1,0,0,0,1,1,0,1,1,0,1,1,0,1,0,0,1,0,0,0,0,1,1,0,1,0,0,0,0,1,coastguard_cif.y4m,5.97,5.98,0.037417,0.007716,0.0,248
1,1,0,1,0,0,0,0,0,0,0,0,1,0,1,1,1,1,1,1,0,1,0,0,0,0,0,1,0,1,0,1,1,0,0,0,0,1,coastguard_cif.y4m,165.2,165.32,0.507986,0.010481,0.0,130
1,1,0,0,0,1,0,0,0,0,0,0,1,0,1,1,1,1,1,1,0,1,0,0,0,0,0,0,1,1,1,0,0,0,0,0,0,0,coastguard_cif.y4m,86.53,86.546,0.114149,0.010335,0.0,324
1,1,1,0,0,0,0,0,0,0,0,0,1,0,1,1,0,1,1,1,0,1,0,1,0,0,0,0,0,1,0,1,0,0,0,0,0,0,coastguard_cif.y4m,88.37,88.38,0.037417,0.015766,0.0,354
1,1,0,0,0,0,0,0,0,0,1,0,1,0,1,1,0,0,1,1,0,1,0,0,0,1,0,0,0,1,0,1,0,0,0,0,0,0,coastguard_cif.y4m,65.22,65.178,0.220499,0.010463,0.0,291
1,1,0,0,0,0,0,0,0,0,1,0,1,1,0,1,0,0,1,1,0,1,0,1,0,0,0,0,0,1,1,0,1,0,1,0,0,0,coastguard_cif.y4m,3.0,2.986,0.075033,0.009166,0.0,237
1,1,0,0,0,1,0,0,0,0,0,0,1,1,0,1,1,0,1,1,0,1,1,0,0,0,0,0,0,1,1,0,1,1,0,0,0,0,coastguard_cif.y4m,3.31,3.3,0.026458,0.005985,0.0,183
1,1,0,0,0,1,0,0,0,0,0,0,1,0,1,1,1,1,1,0,1,1,0,0,1,0,0,0,0,1,0,1,0,0,0,0,0,0,coastguard_cif.y4m,3.41,3.42,0.025495,0.01002,0.0,227
1,1,0,0,0,0,0,0,1,0,0,0,1,1,0,1,0,1,1,0,1,1,0,0,0,0,0,1,0,1,0,1,0,0,0,0,0,0,coastguard_cif.y4m,6.25,6.234,0.030496,0.010134,0.0,338
1,1,0,0,1,0,0,0,0,0,0,0,1,0,1,1,0,0,1,0,1,1,1,0,0,0,0,0,0,1,1,0,1,0,0,0,1,0,coastguard_cif.y4m,24.03,24.032,0.046043,0.007748,0.0,142
1,1,0,0,1,0,0,0,0,0,0,0,1,1,0,1,1,1,1,0,1,1,0,0,1,0,0,0,0,1,1,0,1,0,0,0,0,1,coastguard_cif.y4m,17.07,17.076,0.019494,0.009546,0.0,332
1,1,0,0,0,0,0,0,0,1,0,0,1,0,1,1,0,0,1,1,0,1,0,0,0,0,1,0,0,1,0,1,1,0,0,0,1,0,coastguard_cif.y4m,179.48,179.194,0.613824,0.010467,0.0,95
1,1,0,0,1,0,0,0,0,0,0,0,1,0,1,1,0,0,1,0,1,1,0,0,0,1,0,0,0,1,0,1,0,0,0,0,0,0,coastguard_cif.y4m,10.12,10.132,0.031145,0.009544,0.0,289
1,1,0,0,1,0,0,0,0,0,0,0,1,1,0,1,0,0,1,0,1,1,0,0,0,0,0,1,0,1,0,1,1,0,0,1,0,0,coastguard_cif.y4m,2.77,2.762,0.016432,0.009166,0.0,378
1,1,0,0,1,0,0,0,0,0,0,0,1,1,0,1,1,1,1,1,0,1,0,0,1,0,0,0,0,1,0,1,1,0,0,0,1,0,coastguard_cif.y4m,49.27,49.242,0.196138,0.007693,0.0,278
1,1,0,0,0,0,0,0,0,0,1,0,1,0,1,1,1,0,1,0,1,1,1,0,0,0,0,0,0,1,0,1,1,0,0,0,1,0,coastguard_cif.y4m,6.42,6.5,0.155724,0.009675,0.0,30
1,1,0,0,1,0,0,0,0,0,0,0,1,1,0,1,0,0,1,0,1,1,0,1,0,0,0,0,0,1,0,1,1,0,0,0,0,1,coastguard_cif.y4m,2.46,2.456,0.011402,0.010223,0.0,120
1,1,0,0,0,1,0,0,0,0,0,0,1,1,0,1,1,1,1,0,1,1,0,0,0,0,0,1,0,1,0,1,0,0,0,0,0,0,coastguard_cif.y4m,3.13,3.148,0.030332,0.008501,0.0,265
1,1,0,0,0,0,0,0,0,0,1,0,1,1,0,1,1,0,1,1,0,1,0,0,0,0,0,1,0,1,0,1,0,0,0,0,0,0,coastguard_cif.y4m,5.38,5.37,0.028284,0.008603,0.0,296
1,1,0,0,0,0,0,1,0,0,0,0,1,1,0,1,1,1,1,1,0,1,0,1,0,0,0,0,0,1,0,1,0,0,0,0,0,0,coastguard_cif.y4m,10.18,10.156,0.050299,0.010018,0.0,232
1,1,0,0,0,0,0,0,0,0,1,0,1,0,1,1,0,0,1,1,0,1,0,0,1,0,0,0,0,1,1,0,1,0,0,1,0,0,coastguard_cif.y4m,8.23,8.22,0.055678,0.010563,0.0,310
1,1,0,0,0,0,0,1,0,0,0,0,1,0,1,1,1,1,1,0,1,1,0,0,0,0,0,1,0,1,0,1,1,0,0,1,0,0,coastguard_cif.y4m,82.87,82.702,0.404067,0.010254,0.0,349
1,1,0,0,1,0,0,0,0,0,0,0,1,1,0,1,0,1,1,0,1,1,0,0,0,0,0,1,0,1,0,1,0,0,0,0,0,0,coastguard_cif.y4m,4.91,5.002,0.150233,0.009625,0.0,377
1,1,0,0,0,0,0,0,0,1,0,0,1,0,1,1,1,1,1,1,0,1,0,0,0,0,1,0,0,1,0,1,1,0,0,0,1,0,coastguard_cif.y4m,166.88,166.568,0.943303,0.008096,0.0,94
1,1,1,0,0,0,0,0,0,0,0,0,1,1,0,1,1,0,1,0,1,1,1,0,0,0,0,0,0,1,0,1,1,1,0,0,0,0,coastguard_cif.y4m,6.92,6.934,0.053666,0.010768,0.0,178
1,1,0,0,0,0,0,0,0,0,1,0,1,0,1,1,0,0,1,1,0,1,0,0,0,0,0,1,0,1,0,1,1,0,0,0,0,1,coastguard_cif.y4m,7.34,7.344,0.018166,0.009456,0.0,127
1,1,0,0,0,0,0,1,0,0,0,0,1,0,1,1,1,0,1,0,1,1,0,0,0,1,0,0,0,1,0,1,1,0,0,0,1,0,coastguard_cif.y4m,2.06,2.052,0.025884,0.008382,0.0,111
1,1,1,0,0,0,0,0,0,0,0,0,1,0,1,1,0,1,1,1,0,1,0,1,0,0,0,0,0,1,0,1,1,0,0,1,0,0,coastguard_cif.y4m,7.05,7.064,0.063087,0.012523,0.0,353
1,1,0,0,0,0,1,0,0,0,0,0,1,0,1,1,1,1,1,1,0,1,0,1,0,0,0,0,0,1,1,0,1,0,0,0,1,0,coastguard_cif.y4m,4.91,4.912,0.037014,0.008715,0.0,45
1,1,0,0,0,1,0,0,0,0,0,0,1,0,1,1,1,1,1,0,1,1,0,0,1,0,0,0,0,1,1,0,0,0,0,0,0,0,coastguard_cif.y4m,1.66,1.72,0.14543,0.009425,0.0,226
1,1,0,0,0,0,0,0,0,0,0,1,1,1,0,1,1,0,1,0,1,1,0,0,0,0,0,1,0,1,1,0,1,0,0,0,0,1,coastguard_cif.y4m,6.55,6.568,0.060992,0.00858,0.0,59
1,1,0,0,0,0,0,0,1,0,0,0,1,1,0,1,1,1,1,1,0,1,1,0,0,0,0,0,0,1,0,1,1,1,0,0,0,0,coastguard_cif.y4m,50.44,50.358,0.421806,0.010436,0.0,19
1,1,0,0,0,0,0,0,0,0,0,1,1,1,0,1,0,1,1,0,1,1,0,0,0,1,0,0,0,1,1,0,1,1,0,0,0,0,coastguard_cif.y4m,23.43,23.566,0.2751,0.0078,0.0,304
1,1,0,0,0,0,0,0,1,0,0,0,1,0,1,1,0,1,1,0,1,1,0,1,0,0,0,0,0,1,0,1,0,0,0,0,0,0,coastguard_cif.y4m,5.91,5.9,0.023452,0.007716,0.0,207
1,1,0,0,0,0,1,0,0,0,0,0,1,1,0,1,1,1,1,1,0,1,0,1,0,0,0,0,0,1,1,0,0,0,0,0,0,0,coastguard_cif.y4m,147.34,150.566,5.569675,0.010624,0.0,43
1,1,0,0,0,0,1,0,0,0,0,0,1,1,0,1,1,0,1,1,0,1,1,0,0,0,0,0,0,1,1,0,1,0,0,0,0,1,coastguard_cif.y4m,3.37,3.382,0.023875,0.0084,0.0,40
1,1,0,0,0,1,0,0,0,0,0,0,1,0,1,1,0,1,1,1,0,1,1,0,0,0,0,0,0,1,1,0,1,1,0,0,0,0,coastguard_cif.y4m,98.36,98.416,0.081425,0.010262,0.0,186
1,1,0,0,1,0,0,0,0,0,0,0,1,0,1,1,0,0,1,0,1,1,0,0,0,1,0,0,0,1,0,1,1,0,0,0,0,1,coastguard_cif.y4m,3.68,3.658,0.040866,0.010174,0.0,288
1,1,1,0,0,0,0,0,0,0,0,0,1,1,0,1,1,0,1,1,0,1,0,1,0,0,0,0,0,1,1,0,1,0,1,0,0,0,coastguard_cif.y4m,5.52,5.522,0.0249,0.008604,0.0,82
1,1,0,0,0,0,0,0,0,0,1,0,1,0,1,1,1,1,1,0,1,1,0,0,0,1,0,0,0,1,0,1,0,0,0,0,0,0,coastguard_cif.y4m,3.93,3.926,0.0251,0.006172,0.0,211
1,1,0,0,1,0,0,0,0,0,0,0,1,0,1,1,1,1,1,0,1,1,0,0,0,0,0,1,0,1,1,0,1,0,0,1,0,0,coastguard_cif.y4m,73.15,73.192,0.246414,0.0107,0.0,347
1,1,0,1,0,0,0,0,0,0,0,0,1,0,1,1,0,0,1,1,0,1,1,0,0,0,0,0,0,1,1,0,1,0,0,0,1,0,coastguard_cif.y4m,10.49,10.498,0.027749,0.009748,0.0,13
1,1,0,0,0,0,0,1,0,0,0,0,1,0,1,1,1,1,1,0,1,1,0,0,1,0,0,0,0,1,0,1,0,0,0,0,0,0,coastguard_cif.y4m,369.03,369.152,0.275899,0.010496,0.0,228
1,1,0,0,0,0,0,0,0,1,0,0,1,1,0,1,0,1,1,0,1,1,0,0,1,0,0,0,0,1,0,1,1,0,0,0,0,1,coastguard_cif.y4m,6.91,6.906,0.011402,0.007672,0.0,335
1,1,0,0,0,0,0,0,1,0,0,0,1,1,0,1,1,0,1,0,1,1,0,0,1,0,0,0,0,1,1,0,1,1,0,0,0,0,coastguard_cif.y4m,19.15,19.136,0.121984,0.010007,0.0,24
1,1,1,0,0,0,0,0,0,0,0,0,1,0,1,1,0,1,1,0,1,1,0,1,0,0,0,0,0,1,0,1,1,0,0,1,0,0,coastguard_cif.y4m,138.79,138.788,0.136455,0.015643,0.0,352
1,1,0,0,0,0,1,0,0,0,0,0,1,0,1,1,0,0,1,1,0,1,0,0,0,0,0,1,0,1,1,0,0,0,0,0,0,0,coastguard_cif.y4m,4.37,4.378,0.027749,0.00618,0.0,368
1,1,1,0,0,0,0,0,0,0,0,0,1,0,1,1,1,1,1,1,0,1,0,1,0,0,0,0,0,1,1,0,0,0,0,0,0,0,coastguard_cif.y4m,1.85,1.856,0.013416,0.009579,0.0,80
1,1,0,0,1,0,0,0,0,0,0,0,1,1,0,1,0,0,1,0,1,1,0,1,0,0,0,0,0,1,0,1,0,0,0,0,0,0,coastguard_cif.y4m,28.46,28.324,0.342243,0.010511,0.0,121
1,1,0,0,0,0,0,0,0,0,1,0,1,0,1,1,1,1,1,0,1,1,0,0,1,0,0,0,0,1,1,0,1,1,0,0,0,0,coastguard_cif.y4m,4.58,4.576,0.018166,0.005887,0.0,156
1,1,0,1,0,0,0,0,0,0,0,0,1,0,1,1,1,1,1,1,0,1,0,0,0,0,0,1,0,1,1,0,1,1,0,0,0,0,coastguard_cif.y4m,1.16,1.158,0.008367,0.008426,0.0,9
1,1,0,0,0,0,0,0,0,0,1,0,1,1,0,1,0,0,1,1,0,1,0,0,0,0,1,0,0,1,1,0,1,0,0,0,0,1,coastguard_cif.y4m,7.91,7.904,0.050794,0.007672,0.0,165
1,1,0,0,0,0,0,0,0,0,1,0,1,0,1,1,0,0,1,1,0,1,0,1,0,0,0,0,0,1,0,1,1,0,0,0,0,1,coastguard_cif.y4m,5.28,5.292,0.027749,0.006088,0.0,126
1,1,0,0,1,0,0,0,0,0,0,0,1,1,0,1,1,1,1,0,1,1,0,0,1,0,0,0,0,1,0,1,1,0,1,0,0,0,coastguard_cif.y4m,1.81,1.812,0.010954,0.009579,0.0,280
1,1,0,0,0,0,0,1,0,0,0,0,1,0,1,1,1,1,1,1,0,1,0,1,0,0,0,0,0,1,0,1,1,0,0,0,1,0,coastguard_cif.y4m,1.45,1.45,0.007071,0.012278,0.0,172
1,1,0,0,0,0,0,0,0,0,1,0,1,0,1,1,0,1,1,1,0,1,0,0,0,1,0,0,0,1,0,1,0,0,0,0,0,0,coastguard_cif.y4m,7.95,7.968,0.064576,0.010729,0.0,292
1,1,0,0,0,0,0,0,0,0,1,0,1,1,0,1,1,1,1,0,1,1,0,0,0,0,0,1,0,1,1,0,0,0,0,0,0,0,coastguard_cif.y4m,18.07,18.074,0.108305,0.010282,0.0,105
1,1,0,0,0,1,0,0,0,0,0,0,1,0,1,1,1,1,1,0,1,1,0,0,0,0,0,0,1,1,1,0,1,0,1,0,0,0,coastguard_cif.y4m,13.38,13.372,0.048683,0.009512,0.0,76
1,1,0,0,0,1,0,0,0,0,0,0,1,0,1,1,0,0,1,1,0,1,1,0,0,0,0,0,0,1,1,0,1,0,0,0,0,1,coastguard_cif.y4m,75.3,74.938,0.777541,0.010402,0.0,221
1,1,0,0,0,0,0,0,0,0,1,0,1,1,0,1,1,0,1,1,0,1,0,0,0,0,1,0,0,1,0,1,1,0,0,0,0,1,coastguard_cif.y4m,33.31,33.31,0.048477,0.009865,0.0,167
1,1,0,0,0,0,0,0,0,0,1,0,1,0,1,1,0,1,1,0,1,1,1,0,0,0,0,0,0,1,1,0,1,0,0,0,0,1,coastguard_cif.y4m,212.99,213.11,0.396043,0.008692,0.0,35
1,1,0,0,1,0,0,0,0,0,0,0,1,1,0,1,0,0,1,1,0,1,0,1,0,0,0,0,0,1,0,1,1,0,1,0,0,0,coastguard_cif.y4m,3.53,3.54,0.025495,0.006021,0.0,235
1,1,0,0,0,0,0,0,0,1,0,0,1,1,0,1,1,1,1,0,1,1,0,0,1,0,0,0,0,1,0,1,1,0,0,0,0,1,coastguard_cif.y4m,9.69,9.684,0.013416,0.009523,0.0,333
1,1,0,0,0,0,1,0,0,0,0,0,1,0,1,1,1,1,1,1,0,1,0,1,0,0,0,0,0,1,1,0,0,0,0,0,0,0,coastguard_cif.y4m,63.95,63.804,0.291942,0.010581,0.0,44
1,1,0,0,1,0,0,0,0,0,0,0,1,0,1,1,0,1,1,1,0,1,0,1,0,0,0,0,0,1,0,1,1,1,0,0,0,0,coastguard_cif.y4m,110.44,110.504,0.130115,0.008412,0.0,256
1,1,0,0,0,0,0,1,0,0,0,0,1,0,1,1,1,0,1,0,1,1,0,1,0,0,0,0,0,1,0,1,1,0,0,0,0,1,coastguard_cif.y4m,517.17,517.112,0.795437,0.010313,0.0,192
1,1,0,0,0,0,1,0,0,0,0,0,1,1,0,1,1,1,1,1,0,1,1,0,0,0,0,0,0,1,1,0,1,0,0,0,0,1,coastguard_cif.y4m,15.04,15.038,0.054037,0.007852,0.0,41
1,1,0,0,0,0,0,0,0,0,1,0,1,0,1,1,0,1,1,1,0,1,0,0,0,0,0,1,0,1,0,1,1,0,0,0,1,0,coastguard_cif.y4m,96.62,96.338,0.924673,0.014557,0.0,273
1,1,0,0,0,0,0,0,0,0,1,0,1,1,0,1,0,1,1,0,1,1,0,0,0,0,0,1,0,1,0,1,0,0,0,0,0,0,coastguard_cif.y4m,100.66,100.3,0.958775,0.014744,0.0,101
1,1,0,0,0,0,0,0,0,0,1,0,1,0,1,1,1,1,1,0,1,1,0,0,0,0,1,0,0,1,1,0,1,0,1,0,0,0,coastguard_cif.y4m,38.47,38.474,0.080808,0.010558,0.0,242
1,1,0,0,0,0,0,0,0,0,1,0,1,1,0,1,0,1,1,0,1,1,0,0,0,0,0,1,0,1,1,0,0,0,0,0,0,0,coastguard_cif.y4m,9.73,9.656,0.144672,0.013625,0.0,103
1,1,1,0,0,0,0,0,0,0,0,0,1,1,0,1,1,0,1,1,0,1,0,1,0,0,0,0,0,1,0,1,0,0,0,0,0,0,coastguard_cif.y4m,63.75,63.728,0.11606,0.00851,0.0,1
1,1,0,0,0,0,0,1,0,0,0,0,1,1,0,1,0,0,1,0,1,1,0,0,0,0,0,1,0,1,0,1,1,0,0,0,0,1,coastguard_cif.y4m,7.02,7.048,0.062209,0.012523,0.0,56
1,1,0,0,1,0,0,0,0,0,0,0,1,0,1,1,0,0,1,0,1,1,0,0,0,0,0,0,1,1,0,1,0,0,0,0,0,0,coastguard_cif.y4m,17.46,17.456,0.068775,0.010282,0.0,373
1,1,0,0,0,0,0,0,1,0,0,0,1,1,0,1,1,1,1,0,1,1,0,1,0,0,0,0,0,1,0,1,1,0,1,0,0,0,coastguard_cif.y4m,107.84,107.762,1.205454,0.010477,0.0,318
1,1,0,0,0,1,0,0,0,0,0,0,1,1,0,1,0,0,1,1,0,1,0,0,0,0,1,0,0,1,1,0,0,0,0,0,0,0,coastguard_cif.y4m,221.2,221.104,0.977717,0.010841,0.0,69
1,1,0,1,0,0,0,0,0,0,0,0,1,0,1,1,0,0,1,1,0,1,0,0,0,0,0,1,0,1,1,0,1,1,0,0,0,0,coastguard_cif.y4m,4.58,4.61,0.068557,0.009621,0.0,11
1,1,0,0,1,0,0,0,0,0,0,0,1,0,1,1,0,0,1,1,0,1,0,1,0,0,0,0,0,1,0,1,1,0,0,1,0,0,coastguard_cif.y4m,6.06,6.05,0.02,0.010065,0.0,258
1,1,0,0,0,0,0,0,0,0,1,0,1,0,1,1,0,0,1,1,0,1,0,1,0,0,0,0,0,1,1,0,1,0,1,0,0,0,coastguard_cif.y4m,287.78,287.798,0.26414,0.010444,0.0,238
1,1,0,0,0,0,0,1,0,0,0,0,1,0,1,1,1,0,1,1,0,1,1,0,0,0,0,0,0,1,0,1,1,0,0,0,1,0,coastguard_cif.y4m,367.07,367.106,0.5937,0.010745,0.0,173
1,1,0,0,0,0,0,1,0,0,0,0,1,0,1,1,0,1,1,0,1,1,0,1,0,0,0,0,0,1,0,1,1,1,0,0,0,0,coastguard_cif.y4m,331.29,331.316,0.229303,0.008026,0.0,190
1,1,0,1,0,0,0,0,0,0,0,0,1,0,1,1,1,0,1,1,0,1,0,0,0,0,0,1,0,1,0,1,1,1,0,0,0,0,coastguard_cif.y4m,75.26,75.276,0.112827,0.008153,0.0,7
1,1,0,0,0,1,0,0,0,0,0,0,1,0,1,1,1,1,1,0,1,1,0,0,0,0,0,0,1,1,1,0,0,0,0,0,0,0,coastguard_cif.y4m,2.15,2.15,0.065192,0.009266,0.0,323
1,1,0,0,0,1,0,0,0,0,0,0,1,0,1,1,0,0,1,0,1,1,0,0,0,0,0,0,1,1,1,0,1,0,0,0,1,0,coastguard_cif.y4m,137.45,137.44,0.813572,0.008263,0.0,73
1,1,0,0,0,0,0,0,0,0,1,0,1,0,1,1,1,0,1,0,1,1,0,1,0,0,0,0,0,1,0,1,0,0,0,0,0,0,coastguard_cif.y4m,148.08,148.094,0.071274,0.010624,0.0,209
1,1,0,1,0,0,0,0,0,0,0,0,1,1,0,1,1,0,1,0,1,1,1,0,0,0,0,0,0,1,1,0,0,0,0,0,0,0,coastguard_cif.y4m,5.51,5.508,0.019235,0.007759,0.0,138
1,1,0,0,0,1,0,0,0,0,0,0,1,1,0,1,1,1,1,1,0,1,0,0,0,0,0,1,0,1,0,1,0,0,0,0,0,0,coastguard_cif.y4m,100.74,100.646,0.289793,0.010303,0.0,264
1,1,0,0,0,0,0,0,0,1,0,0,1,0,1,1,0,1,1,0,1,1,0,0,0,0,0,1,0,1,0,1,1,0,0,0,1,0,coastguard_cif.y4m,224.62,224.626,0.730021,0.010841,0.0,98
1,1,0,0,0,0,0,0,0,0,1,0,1,1,0,1,0,0,1,0,1,1,0,0,0,0,0,1,0,1,1,0,1,0,0,1,0,0,coastguard_cif.y4m,3.85,3.838,0.038341,0.006173,0.0,380
1,1,0,0,1,0,0,0,0,0,0,0,1,1,0,1,1,1,1,1,0,1,0,1,0,0,0,0,0,1,1,0,1,0,1,0,0,0,coastguard_cif.y4m,169.37,169.614,0.925057,0.014487,0.0,85
1,1,0,0,0,0,0,0,0,0,1,0,1,0,1,1,0,0,1,0,1,1,1,0,0,0,0,0,0,1,0,1,1,0,0,0,1,0,coastguard_cif.y4m,64.17,64.102,0.130652,0.010823,0.0,31
1,1,0,1,0,0,0,0,0,0,0,0,1,0,1,1,1,0,1,1,0,1,0,0,0,0,0,1,0,1,1,0,1,1,0,0,0,0,coastguard_cif.y4m,3.86,3.844,0.047223,0.0084,0.0,8
1,1,0,0,1,0,0,0,0,0,0,0,1,1,0,1,1,1,1,1,0,1,1,0,0,0,0,0,0,1,0,1,1,1,0,0,0,0,coastguard_cif.y4m,6.7,6.69,0.057446,0.010134,0.0,216
1,1,0,0,1,0,0,0,0,0,0,0,1,1,0,1,1,1,1,0,1,1,0,0,0,1,0,0,0,1,0,1,1,1,0,0,0,0,coastguard_cif.y4m,1.64,1.638,0.008367,0.010223,0.0,214
1,1,0,0,0,0,0,0,1,0,0,0,1,1,0,1,0,0,1,1,0,1,0,0,0,0,0,1,0,1,1,0,0,0,0,0,0,0,coastguard_cif.y4m,7.79,7.796,0.023022,0.006083,0.0,341
1,1,0,0,1,0,0,0,0,0,0,0,1,1,0,1,0,0,1,1,0,1,0,1,0,0,0,0,0,1,1,0,1,0,1,0,0,0,coastguard_cif.y4m,4.8,4.794,0.041593,0.010923,0.0,236
1,1,0,0,0,0,0,0,0,0,1,0,1,0,1,1,0,0,1,0,1,1,0,0,0,0,1,0,0,1,1,0,1,0,1,0,0,0,coastguard_cif.y4m,11.23,11.282,0.09094,0.012459,0.0,240
1,1,0,0,0,0,0,1,0,0,0,0,1,0,1,1,0,0,1,0,1,1,0,0,0,1,0,0,0,1,0,1,1,0,0,0,1,0,coastguard_cif.y4m,10.64,10.554,0.137586,0.013625,0.0,51
1,1,1,0,0,0,0,0,0,0,0,0,1,0,1,1,1,1,1,0,1,1,0,0,0,0,0,0,1,1,1,0,1,0,1,0,0,0,coastguard_cif.y4m,6.71,6.728,0.064962,0.009832,0.0,77
1,1,0,0,0,0,0,0,0,0,1,0,1,0,1,1,1,0,1,1,0,1,0,0,0,0,0,1,0,1,0,1,1,0,0,0,0,1,coastguard_cif.y4m,9.29,9.29,0.015811,0.009956,0.0,128
1,1,0,0,1,0,0,0,0,0,0,0,1,1,0,1,0,0,1,1,0,1,0,1,0,0,0,0,0,1,0,1,0,0,0,0,0,0,coastguard_cif.y4m,64.56,64.558,0.023875,0.010463,0.0,234
1,1,0,0,0,0,0,0,1,0,0,0,1,0,1,1,1,0,1,0,1,1,0,0,0,0,0,1,0,1,0,1,1,0,0,0,1,0,coastguard_cif.y4m,531.75,531.652,0.256262,0.010313,0.0,28
1,1,0,0,1,0,0,0,0,0,0,0,1,1,0,1,1,0,1,0,1,1,1,0,0,0,0,0,0,1,1,0,0,0,0,0,0,0,coastguard_cif.y4m,74.3,74.066,0.457143,0.008153,0.0,139
1,1,0,0,0,0,0,0,0,0,1,0,1,0,1,1,1,0,1,1,0,1,0,0,0,0,1,0,0,1,1,0,1,0,1,0,0,0,coastguard_cif.y4m,1.46,1.456,0.005477,0.009363,0.0,152
1,1,0,1,0,0,0,0,0,0,0,0,1,0,1,1,0,0,1,1,0,1,0,0,0,0,0,1,0,1,1,0,1,0,0,0,1,0,coastguard_cif.y4m,87.99,88.028,0.105688,0.015759,0.0,12
1,1,0,0,0,0,1,0,0,0,0,0,1,0,1,1,0,1,1,1,0,1,0,0,0,0,0,1,0,1,1,0,0,0,0,0,0,0,coastguard_cif.y4m,1.45,1.45,0.0,0.009363,0.0,369
1,1,0,0,0,0,0,0,0,0,0,1,1,1,0,1,1,0,1,0,1,1,0,0,0,0,0,1,0,1,0,1,1,0,0,0,0,1,coastguard_cif.y4m,33.17,33.174,0.020736,0.009865,0.0,58
1,1,0,0,0,0,0,0,1,0,0,0,1,1,0,1,1,0,1,1,0,1,1,0,0,0,0,0,0,1,1,0,0,0,0,0,0,0,coastguard_cif.y4m,34.27,34.122,0.387711,0.014748,0.0,64
1,1,0,0,0,0,0,0,1,0,0,0,1,1,0,1,1,0,1,1,0,1,0,0,1,0,0,0,0,1,1,0,1,1,0,0,0,0,coastguard_cif.y4m,28.16,28.168,0.037683,0.010242,0.0,21
1,1,0,0,0,1,0,0,0,0,0,0,1,0,1,1,1,1,1,0,1,1,0,0,1,0,0,0,0,1,1,0,1,0,0,0,0,1,coastguard_cif.y4m,77.03,76.658,1.053076,0.0107,0.0,225
1,1,0,0,0,0,1,0,0,0,0,0,1,0,1,1,1,0,1,1,0,1,0,0,0,0,0,1,0,1,1,0,1,0,0,0,1,0,coastguard_cif.y4m,95.5,96.16,1.918294,0.008238,0.0,366
1,1,0,0,0,0,0,1,0,0,0,0,1,0,1,1,1,1,1,0,1,1,0,0,1,0,0,0,0,1,0,1,1,0,0,0,0,1,container_cif.y4m,2.56,2.562,0.013038,0.002441,0.0,114
1,1,0,0,1,0,0,0,0,0,0,0,1,1,0,1,1,1,1,0,1,1,0,0,1,0,0,0,0,1,1,0,1,0,1,0,0,0,container_cif.y4m,1.92,1.922,0.023875,0.002291,0.0,281
1,1,0,0,0,1,0,0,0,0,0,0,1,0,1,1,1,0,1,1,0,1,0,0,0,0,0,0,1,1,1,0,1,0,0,1,0,0,container_cif.y4m,3.76,3.758,0.008367,0.002252,0.0,325
1,1,1,0,0,0,0,0,0,0,0,0,1,1,0,1,1,0,1,1,0,1,0,0,0,0,1,0,0,1,1,0,1,1,0,0,0,0,container_cif.y4m,3.33,3.314,0.040373,0.002878,0.0,181
1,1,0,0,0,0,0,0,1,0,0,0,1,1,0,1,1,0,1,0,1,1,0,0,1,0,0,0,0,1,1,0,1,0,0,0,0,1,container_cif.y4m,65.88,66.0,0.237382,0.003203,0.0,247
1,1,0,0,0,0,0,0,0,0,1,0,1,1,0,1,1,0,1,1,0,1,0,0,0,0,1,0,0,1,1,0,1,0,0,0,0,1,container_cif.y4m,71.85,71.876,0.232551,0.003103,0.0,166
1,1,0,0,0,0,0,0,1,0,0,0,1,1,0,1,1,0,1,0,1,1,0,0,1,0,0,0,0,1,1,0,1,0,0,0,1,0,container_cif.y4m,5.03,5.03,0.042426,0.003053,0.0,25
1,1,0,0,0,0,0,1,0,0,0,0,1,0,1,1,0,0,1,1,0,1,0,1,0,0,0,0,0,1,0,1,0,0,0,0,0,0,container_cif.y4m,7.1,7.124,0.150765,0.00434,0.0,355
1,1,0,0,1,0,0,0,0,0,0,0,1,1,0,1,0,0,1,1,0,1,1,0,0,0,0,0,0,1,1,0,1,0,0,0,0,1,container_cif.y4m,0.88,0.884,0.011402,0.002328,0.0,219
1,1,0,0,0,1,0,0,0,0,0,0,1,1,0,1,1,0,1,1,0,1,0,0,0,0,1,0,0,1,1,0,1,1,0,0,0,0,container_cif.y4m,6.99,7.056,0.219841,0.00434,0.0,182
1,1,0,1,0,0,0,0,0,0,0,0,1,0,1,1,0,1,1,1,0,1,0,0,0,0,0,1,0,1,1,0,1,1,0,0,0,0,container_cif.y4m,2.27,2.276,0.020736,0.002966,0.0,10
1,1,0,0,1,0,0,0,0,0,0,0,1,1,0,1,1,0,1,0,1,1,0,0,1,0,0,0,0,1,0,1,1,0,0,0,0,1,container_cif.y4m,19.3,19.268,0.071903,0.003422,0.0,116
1,1,0,0,0,1,0,0,0,0,0,0,1,1,0,1,1,1,1,0,1,1,0,0,0,0,0,1,0,1,0,1,1,1,0,0,0,0,container_cif.y4m,4.4,4.384,0.034351,0.002363,0.0,266
1,1,0,0,0,0,0,0,1,0,0,0,1,1,0,1,0,0,1,0,1,1,0,0,1,0,0,0,0,1,1,0,1,0,0,1,0,0,container_cif.y4m,15.37,15.354,0.04827,0.004957,0.0,313
1,1,0,0,0,0,0,1,0,0,0,0,1,0,1,1,0,0,1,1,0,1,0,0,0,0,0,0,1,1,0,1,0,0,0,0,0,0,container_cif.y4m,10.63,10.62,0.04,0.004778,0.0,357
1,1,0,0,0,1,0,0,0,0,0,0,1,0,1,1,0,1,1,0,1,1,1,0,0,0,0,0,0,1,1,0,1,1,0,0,0,0,container_cif.y4m,1.55,1.548,0.010954,0.004796,0.0,187
1,1,0,0,0,0,0,0,1,0,0,0,1,1,0,1,1,1,1,0,1,1,0,0,1,0,0,0,0,1,1,0,1,1,0,0,0,0,container_cif.y4m,153.83,153.818,0.038341,0.003073,0.0,23
1,1,0,0,1,0,0,0,0,0,0,0,1,1,0,1,1,0,1,1,0,1,0,1,0,0,0,0,0,1,0,1,0,0,0,0,0,0,container_cif.y4m,24.1,24.098,0.017889,0.003416,0.0,2
1,1,0,0,0,0,0,0,0,0,0,1,1,1,0,1,1,0,1,0,1,1,0,0,0,0,0,1,0,1,1,0,1,1,0,0,0,0,container_cif.y4m,63.7,63.772,0.15928,0.002982,0.0,301
1,1,0,0,0,0,0,1,0,0,0,0,1,0,1,1,0,1,1,1,0,1,0,1,0,0,0,0,0,1,0,1,0,0,0,0,0,0,container_cif.y4m,66.24,67.136,2.035615,0.00423,0.0,356
1,1,0,0,0,0,0,0,0,0,1,0,1,1,0,1,0,1,1,0,1,1,0,0,0,0,0,1,0,1,0,1,1,1,0,0,0,0,container_cif.y4m,9.46,9.458,0.008367,0.004174,0.0,269
1,1,0,0,0,0,0,0,0,0,1,0,1,0,1,1,0,1,1,1,0,1,0,0,1,0,0,0,0,1,0,1,1,0,0,0,1,0,container_cif.y4m,7.27,7.274,0.008944,0.004781,0.0,274
1,1,0,0,0,0,0,0,0,0,1,0,1,0,1,1,0,1,1,1,0,1,0,0,0,1,0,0,0,1,1,0,1,1,0,0,0,0,container_cif.y4m,4.02,4.014,0.013416,0.003516,0.0,307
1,1,0,0,1,0,0,0,0,0,0,0,1,0,1,1,0,1,1,1,0,1,0,0,1,0,0,0,0,1,0,1,1,1,0,0,0,0,container_cif.y4m,13.01,13.01,0.051478,0.003258,0.0,254
1,1,0,0,0,0,0,0,0,0,1,0,1,0,1,1,0,1,1,0,1,1,0,1,0,0,0,0,0,1,0,1,0,0,0,0,0,0,container_cif.y4m,1.02,1.022,0.010954,0.002407,0.0,208
1,1,0,0,1,0,0,0,0,0,0,0,1,1,0,1,1,1,1,1,0,1,0,0,1,0,0,0,0,1,0,1,1,0,1,0,0,0,container_cif.y4m,1.28,1.282,0.010954,0.00613,0.0,279
1,1,0,0,0,0,0,1,0,0,0,0,1,1,0,1,1,1,1,1,0,1,0,1,0,0,0,0,0,1,0,1,1,0,0,0,1,0,container_cif.y4m,4.32,4.312,0.045497,0.002764,0.0,171
1,1,0,0,0,0,0,0,0,1,0,0,1,1,0,1,0,1,1,0,1,1,0,0,0,0,0,1,0,1,0,1,1,0,0,0,1,0,container_cif.y4m,15.46,15.464,0.036469,0.004957,0.0,99
1,1,1,0,0,0,0,0,0,0,0,0,1,0,1,1,1,1,1,1,0,1,0,1,0,0,0,0,0,1,1,0,1,0,1,0,0,0,container_cif.y4m,5.77,5.804,0.081731,0.002857,0.0,81
1,1,0,0,0,0,0,0,0,0,1,0,1,0,1,1,1,1,1,0,1,1,0,0,1,0,0,0,0,1,1,0,1,0,1,0,0,0,container_cif.y4m,1.55,1.544,0.008944,0.003092,0.0,155
1,1,0,0,0,1,0,0,0,0,0,0,1,1,0,1,0,1,1,1,0,1,1,0,0,0,0,0,0,1,1,0,1,1,0,0,0,0,container_cif.y4m,2.99,2.996,0.015166,0.003516,0.0,185
1,1,0,0,1,0,0,0,0,0,0,0,1,1,0,1,0,0,1,0,1,1,0,0,0,0,0,1,0,1,0,1,0,0,0,0,0,0,container_cif.y4m,1.99,1.988,0.013038,0.002779,0.0,376
1,1,0,0,0,0,0,0,1,0,0,0,1,1,0,1,0,1,1,0,1,1,0,1,0,0,0,0,0,1,1,0,0,0,0,0,0,0,container_cif.y4m,0.75,0.748,0.013038,0.002791,0.0,204
1,1,0,0,0,0,0,0,1,0,0,0,1,1,0,1,1,0,1,0,1,1,0,0,0,0,1,0,0,1,1,0,1,0,0,0,0,1,container_cif.y4m,34.98,35.03,0.325269,0.003684,0.0,246
1,1,0,0,0,0,0,1,0,0,0,0,1,1,0,1,1,1,1,0,1,1,0,0,1,0,0,0,0,1,0,1,0,0,0,0,0,0,container_cif.y4m,27.26,27.286,0.079561,0.003224,0.0,230
1,1,0,0,0,0,0,0,1,0,0,0,1,0,1,1,1,0,1,0,1,1,0,0,0,0,0,1,0,1,1,0,1,0,0,0,1,0,container_cif.y4m,38.48,38.386,0.299383,0.005319,0.0,27
1,1,0,1,0,0,0,0,0,0,0,0,1,1,0,1,1,1,1,0,1,1,1,0,0,0,0,0,0,1,1,0,0,0,0,0,0,0,container_cif.y4m,2.44,2.444,0.005477,0.002177,0.0,137
1,1,0,0,0,0,0,0,0,0,1,0,1,1,0,1,1,1,1,1,0,1,0,0,0,0,1,0,0,1,0,1,1,0,0,0,1,0,container_cif.y4m,3.81,3.816,0.040373,0.003998,0.0,169
1,1,0,0,0,0,0,0,0,0,1,0,1,0,1,1,0,1,1,0,1,1,1,0,0,0,0,0,0,1,0,1,1,0,0,0,0,1,container_cif.y4m,50.31,50.384,0.21114,0.003269,0.0,33
1,1,0,0,0,0,0,0,1,0,0,0,1,0,1,1,0,1,1,0,1,1,0,1,0,0,0,0,0,1,1,0,0,0,0,0,0,0,container_cif.y4m,17.22,17.182,0.197155,0.005233,0.0,205
1,1,0,0,0,0,0,0,0,0,1,0,1,1,0,1,1,0,1,0,1,1,0,0,0,0,1,0,0,1,1,0,1,0,0,0,0,1,container_cif.y4m,4.98,4.962,0.042661,0.002869,0.0,245
1,1,1,0,0,0,0,0,0,0,0,0,1,1,0,1,0,0,1,1,0,1,0,0,1,0,0,0,0,1,1,0,1,0,0,0,0,1,container_cif.y4m,3.18,3.182,0.037014,0.002653,0.0,163
1,1,0,0,1,0,0,0,0,0,0,0,1,1,0,1,1,0,1,1,0,1,1,0,0,0,0,0,0,1,0,1,1,1,0,0,0,0,container_cif.y4m,1.99,1.99,0.012247,0.002779,0.0,4
1,1,0,0,1,0,0,0,0,0,0,0,1,1,0,1,0,0,1,0,1,1,1,0,0,0,0,0,0,1,1,0,1,0,0,0,1,0,container_cif.y4m,1.76,1.756,0.055946,0.00613,0.0,141
1,1,1,0,0,0,0,0,0,0,0,0,1,1,0,1,1,1,1,0,1,1,0,0,1,0,0,0,0,1,1,0,1,1,0,0,0,0,container_cif.y4m,73.48,73.222,0.611653,0.003927,0.0,159
1,1,0,0,0,0,0,0,1,0,0,0,1,1,0,1,0,1,1,0,1,1,0,0,1,0,0,0,0,1,0,1,1,0,0,0,0,1,container_cif.y4m,8.37,8.378,0.063797,0.004088,0.0,336
1,1,0,0,0,1,0,0,0,0,0,0,1,1,0,1,0,0,1,0,1,1,0,0,0,0,0,0,1,1,1,0,1,0,0,0,1,0,container_cif.y4m,20.75,20.842,0.270037,0.002969,0.0,72
1,1,0,0,0,0,0,0,1,0,0,0,1,1,0,1,1,0,1,1,0,1,0,0,1,0,0,0,0,1,1,0,1,0,0,0,0,1,container_cif.y4m,3.73,3.728,0.028636,0.002765,0.0,248
1,1,0,1,0,0,0,0,0,0,0,0,1,0,1,1,1,1,1,1,0,1,0,0,0,0,0,1,0,1,0,1,1,0,0,0,0,1,container_cif.y4m,68.15,69.23,2.605283,0.003507,0.0,130
1,1,0,0,0,1,0,0,0,0,0,0,1,0,1,1,1,1,1,1,0,1,0,0,0,0,0,0,1,1,1,0,0,0,0,0,0,0,container_cif.y4m,51.0,50.994,0.070922,0.004194,0.0,324
1,1,1,0,0,0,0,0,0,0,0,0,1,0,1,1,0,1,1,1,0,1,0,1,0,0,0,0,0,1,0,1,0,0,0,0,0,0,container_cif.y4m,55.38,55.326,0.081425,0.005309,0.0,354
1,1,0,0,0,0,0,0,0,0,1,0,1,0,1,1,0,0,1,1,0,1,0,0,0,1,0,0,0,1,0,1,0,0,0,0,0,0,container_cif.y4m,30.81,30.82,0.199249,0.003333,0.0,291
1,1,0,0,0,0,0,0,0,0,1,0,1,1,0,1,0,0,1,1,0,1,0,1,0,0,0,0,0,1,1,0,1,0,1,0,0,0,container_cif.y4m,1.39,1.388,0.020494,0.002643,0.0,237
1,1,0,0,0,1,0,0,0,0,0,0,1,1,0,1,1,0,1,1,0,1,1,0,0,0,0,0,0,1,1,0,1,1,0,0,0,0,container_cif.y4m,1.55,1.546,0.020736,0.002367,0.0,183
1,1,0,0,0,1,0,0,0,0,0,0,1,0,1,1,1,1,1,0,1,1,0,0,1,0,0,0,0,1,0,1,0,0,0,0,0,0,container_cif.y4m,1.64,1.638,0.008367,0.002832,0.0,227
1,1,0,0,0,0,0,0,1,0,0,0,1,1,0,1,0,1,1,0,1,1,0,0,0,0,0,1,0,1,0,1,0,0,0,0,0,0,container_cif.y4m,4.01,4.008,0.019235,0.003404,0.0,338
1,1,0,0,1,0,0,0,0,0,0,0,1,0,1,1,0,0,1,0,1,1,1,0,0,0,0,0,0,1,1,0,1,0,0,0,1,0,container_cif.y4m,11.86,11.854,0.013416,0.002805,0.0,142
1,1,0,0,1,0,0,0,0,0,0,0,1,1,0,1,1,1,1,0,1,1,0,0,1,0,0,0,0,1,1,0,1,0,0,0,0,1,container_cif.y4m,12.74,12.73,0.018708,0.004115,0.0,332
1,1,0,0,0,0,0,0,0,1,0,0,1,0,1,1,0,0,1,1,0,1,0,0,0,0,1,0,0,1,0,1,1,0,0,0,1,0,container_cif.y4m,69.16,68.586,1.346135,0.003593,0.0,95
1,1,0,0,1,0,0,0,0,0,0,0,1,0,1,1,0,0,1,0,1,1,0,0,0,1,0,0,0,1,0,1,0,0,0,0,0,0,container_cif.y4m,7.69,7.696,0.019494,0.004383,0.0,289
1,1,0,0,1,0,0,0,0,0,0,0,1,1,0,1,0,0,1,0,1,1,0,0,0,0,0,1,0,1,0,1,1,0,0,1,0,0,container_cif.y4m,1.35,1.33,0.033912,0.002643,0.0,378
1,1,0,0,1,0,0,0,0,0,0,0,1,1,0,1,1,1,1,1,0,1,0,0,1,0,0,0,0,1,0,1,1,0,0,0,1,0,container_cif.y4m,23.46,23.488,0.07823,0.0028,0.0,278
1,1,0,0,0,0,0,0,0,0,1,0,1,0,1,1,1,0,1,0,1,1,1,0,0,0,0,0,0,1,0,1,1,0,0,0,1,0,container_cif.y4m,4.71,4.766,0.11908,0.004392,0.0,30
1,1,0,0,1,0,0,0,0,0,0,0,1,1,0,1,0,0,1,0,1,1,0,1,0,0,0,0,0,1,0,1,1,0,0,0,0,1,container_cif.y4m,0.97,0.964,0.008944,0.003014,0.0,120
1,1,0,0,0,1,0,0,0,0,0,0,1,1,0,1,1,1,1,0,1,1,0,0,0,0,0,1,0,1,0,1,0,0,0,0,0,0,container_cif.y4m,1.42,1.428,0.022804,0.002856,0.0,265
1,1,0,0,0,0,0,0,0,0,1,0,1,1,0,1,1,0,1,1,0,1,0,0,0,0,0,1,0,1,0,1,0,0,0,0,0,0,container_cif.y4m,2.85,2.848,0.016432,0.002739,0.0,296
1,1,0,0,0,0,0,1,0,0,0,0,1,1,0,1,1,1,1,1,0,1,0,1,0,0,0,0,0,1,0,1,0,0,0,0,0,0,container_cif.y4m,6.39,6.39,0.012247,0.003322,0.0,232
1,1,0,0,0,0,0,0,0,0,1,0,1,0,1,1,0,0,1,1,0,1,0,0,1,0,0,0,0,1,1,0,1,0,0,1,0,0,container_cif.y4m,5.13,5.14,0.028284,0.003422,0.0,310
1,1,0,0,0,0,0,1,0,0,0,0,1,0,1,1,1,1,1,0,1,1,0,0,0,0,0,1,0,1,0,1,1,0,0,1,0,0,container_cif.y4m,48.39,48.118,0.50948,0.00409,0.0,349
1,1,0,0,1,0,0,0,0,0,0,0,1,1,0,1,0,1,1,0,1,1,0,0,0,0,0,1,0,1,0,1,0,0,0,0,0,0,container_cif.y4m,3.5,3.5,0.025495,0.004481,0.0,377
1,1,0,0,0,0,0,0,0,1,0,0,1,0,1,1,1,1,1,1,0,1,0,0,0,0,1,0,0,1,0,1,1,0,0,0,1,0,container_cif.y4m,69.85,69.618,0.557916,0.003218,0.0,94
1,1,1,0,0,0,0,0,0,0,0,0,1,1,0,1,1,0,1,0,1,1,1,0,0,0,0,0,0,1,0,1,1,1,0,0,0,0,container_cif.y4m,4.04,4.028,0.021679,0.003516,0.0,178
1,1,0,0,0,0,0,0,0,0,1,0,1,0,1,1,0,0,1,1,0,1,0,0,0,0,0,1,0,1,0,1,1,0,0,0,0,1,container_cif.y4m,4.72,4.754,0.066558,0.004414,0.0,127
1,1,0,0,0,0,0,1,0,0,0,0,1,0,1,1,1,0,1,0,1,1,0,0,0,1,0,0,0,1,0,1,1,0,0,0,1,0,container_cif.y4m,1.2,1.206,0.008944,0.002266,0.0,111
1,1,1,0,0,0,0,0,0,0,0,0,1,0,1,1,0,1,1,1,0,1,0,1,0,0,0,0,0,1,0,1,1,0,0,1,0,0,container_cif.y4m,3.3,3.304,0.026077,0.004264,0.0,353
1,1,0,0,0,0,1,0,0,0,0,0,1,0,1,1,1,1,1,1,0,1,0,1,0,0,0,0,0,1,1,0,1,0,0,0,1,0,container_cif.y4m,2.89,2.896,0.019494,0.002966,0.0,45
1,1,0,0,0,1,0,0,0,0,0,0,1,0,1,1,1,1,1,0,1,1,0,0,1,0,0,0,0,1,1,0,0,0,0,0,0,0,container_cif.y4m,0.93,0.932,0.004472,0.002544,0.0,226
1,1,0,0,0,0,0,0,0,0,0,1,1,1,0,1,1,0,1,0,1,1,0,0,0,0,0,1,0,1,1,0,1,0,0,0,0,1,container_cif.y4m,4.02,4.038,0.035637,0.002875,0.0,59
1,1,0,0,0,0,0,0,1,0,0,0,1,1,0,1,1,1,1,1,0,1,1,0,0,0,0,0,0,1,0,1,1,1,0,0,0,0,container_cif.y4m,23.22,23.206,0.069138,0.003416,0.0,19
1,1,0,0,0,0,0,0,0,0,0,1,1,1,0,1,0,1,1,0,1,1,0,0,0,1,0,0,0,1,1,0,1,1,0,0,0,0,container_cif.y4m,12.26,12.234,0.140641,0.003036,0.0,304
1,1,0,0,0,0,0,0,1,0,0,0,1,0,1,1,0,1,1,0,1,1,0,1,0,0,0,0,0,1,0,1,0,0,0,0,0,0,container_cif.y4m,3.62,3.61,0.014142,0.002765,0.0,207
1,1,0,0,0,0,1,0,0,0,0,0,1,1,0,1,1,1,1,1,0,1,0,1,0,0,0,0,0,1,1,0,0,0,0,0,0,0,container_cif.y4m,63.62,64.32,1.532759,0.003603,0.0,43
1,1,0,0,0,0,1,0,0,0,0,0,1,1,0,1,1,0,1,1,0,1,1,0,0,0,0,0,0,1,1,0,1,0,0,0,0,1,container_cif.y4m,1.39,1.382,0.010954,0.002627,0.0,40
1,1,0,0,0,1,0,0,0,0,0,0,1,0,1,1,0,1,1,1,0,1,1,0,0,0,0,0,0,1,1,0,1,1,0,0,0,0,container_cif.y4m,59.29,59.282,0.038341,0.00418,0.0,186
1,1,0,0,1,0,0,0,0,0,0,0,1,0,1,1,0,0,1,0,1,1,0,0,0,1,0,0,0,1,0,1,1,0,0,0,0,1,container_cif.y4m,2.18,2.202,0.034928,0.002913,0.0,288
1,1,1,0,0,0,0,0,0,0,0,0,1,1,0,1,1,0,1,1,0,1,0,1,0,0,0,0,0,1,1,0,1,0,1,0,0,0,container_cif.y4m,3.3,3.292,0.050695,0.002878,0.0,82
1,1,0,0,0,0,0,0,0,0,1,0,1,0,1,1,1,1,1,0,1,1,0,0,0,1,0,0,0,1,0,1,0,0,0,0,0,0,container_cif.y4m,2.49,2.494,0.011402,0.002428,0.0,211
1,1,0,0,1,0,0,0,0,0,0,0,1,0,1,1,1,1,1,0,1,1,0,0,0,0,0,1,0,1,1,0,1,0,0,1,0,0,container_cif.y4m,35.67,35.434,0.633032,0.003684,0.0,347
1,1,0,1,0,0,0,0,0,0,0,0,1,0,1,1,0,0,1,1,0,1,1,0,0,0,0,0,0,1,1,0,1,0,0,0,1,0,container_cif.y4m,6.1,6.108,0.037014,0.00308,0.0,13
1,1,0,0,0,0,0,1,0,0,0,0,1,0,1,1,1,1,1,0,1,1,0,0,1,0,0,0,0,1,0,1,0,0,0,0,0,0,container_cif.y4m,193.1,193.176,0.203544,0.003552,0.0,228
1,1,0,0,0,0,0,0,0,1,0,0,1,1,0,1,0,1,1,0,1,1,0,0,1,0,0,0,0,1,0,1,1,0,0,0,0,1,container_cif.y4m,4.41,4.41,0.030822,0.002764,0.0,335
1,1,0,0,0,0,0,0,1,0,0,0,1,1,0,1,1,0,1,0,1,1,0,0,1,0,0,0,0,1,1,0,1,1,0,0,0,0,container_cif.y4m,12.81,12.758,0.193313,0.003997,0.0,24
1,1,1,0,0,0,0,0,0,0,0,0,1,0,1,1,0,1,1,0,1,1,0,1,0,0,0,0,0,1,0,1,1,0,0,1,0,0,container_cif.y4m,80.12,80.102,0.123774,0.005277,0.0,352
1,1,0,0,0,0,1,0,0,0,0,0,1,0,1,1,0,0,1,1,0,1,0,0,0,0,0,1,0,1,1,0,0,0,0,0,0,0,container_cif.y4m,2.61,2.61,0.021213,0.002329,0.0,368
1,1,1,0,0,0,0,0,0,0,0,0,1,0,1,1,1,1,1,1,0,1,0,1,0,0,0,0,0,1,1,0,0,0,0,0,0,0,container_cif.y4m,1.14,1.144,0.005477,0.002898,0.0,80
1,1,0,0,1,0,0,0,0,0,0,0,1,1,0,1,0,0,1,0,1,1,0,1,0,0,0,0,0,1,0,1,0,0,0,0,0,0,container_cif.y4m,13.08,13.076,0.020736,0.003504,0.0,121
1,1,0,0,0,0,0,0,0,0,1,0,1,0,1,1,1,1,1,0,1,1,0,0,1,0,0,0,0,1,1,0,1,1,0,0,0,0,container_cif.y4m,2.19,2.188,0.008367,0.002177,0.0,156
1,1,0,1,0,0,0,0,0,0,0,0,1,0,1,1,1,1,1,1,0,1,0,0,0,0,0,1,0,1,1,0,1,1,0,0,0,0,container_cif.y4m,0.63,0.632,0.004472,0.002334,0.0,9
1,1,0,0,0,0,0,0,0,0,1,0,1,1,0,1,0,0,1,1,0,1,0,0,0,0,1,0,0,1,1,0,1,0,0,0,0,1,container_cif.y4m,4.8,4.818,0.11649,0.002869,0.0,165
1,1,0,0,0,0,0,0,0,0,1,0,1,0,1,1,0,0,1,1,0,1,0,1,0,0,0,0,0,1,0,1,1,0,0,0,0,1,container_cif.y4m,3.12,3.116,0.020736,0.00237,0.0,126
1,1,0,0,1,0,0,0,0,0,0,0,1,1,0,1,1,1,1,0,1,1,0,0,1,0,0,0,0,1,0,1,1,0,1,0,0,0,container_cif.y4m,1.16,1.192,0.068337,0.002898,0.0,280
1,1,0,0,0,0,0,1,0,0,0,0,1,0,1,1,1,1,1,1,0,1,0,1,0,0,0,0,0,1,0,1,1,0,0,0,1,0,container_cif.y4m,0.96,0.962,0.008367,0.005037,0.0,172
1,1,0,0,0,0,0,0,0,0,1,0,1,0,1,1,0,1,1,1,0,1,0,0,0,1,0,0,0,1,0,1,0,0,0,0,0,0,container_cif.y4m,4.65,4.646,0.020736,0.003511,0.0,292
1,1,0,0,0,0,0,0,0,0,1,0,1,1,0,1,1,1,1,0,1,1,0,0,0,0,0,1,0,1,1,0,0,0,0,0,0,0,container_cif.y4m,7.92,7.91,0.033912,0.003292,0.0,105
1,1,0,0,0,1,0,0,0,0,0,0,1,0,1,1,1,1,1,0,1,1,0,0,0,0,0,0,1,1,1,0,1,0,1,0,0,0,container_cif.y4m,10.02,9.934,0.14893,0.004167,0.0,76
1,1,0,0,0,1,0,0,0,0,0,0,1,0,1,1,0,0,1,1,0,1,1,0,0,0,0,0,0,1,1,0,1,0,0,0,0,1,container_cif.y4m,33.98,33.838,0.521364,0.003425,0.0,221
1,1,0,0,0,0,0,0,0,0,1,0,1,1,0,1,1,0,1,1,0,1,0,0,0,0,1,0,0,1,0,1,1,0,0,0,0,1,container_cif.y4m,21.44,21.442,0.022804,0.003931,0.0,167
1,1,0,0,0,0,0,0,0,0,1,0,1,0,1,1,0,1,1,0,1,1,1,0,0,0,0,0,0,1,1,0,1,0,0,0,0,1,container_cif.y4m,117.05,117.074,0.100648,0.003577,0.0,35
1,1,0,0,1,0,0,0,0,0,0,0,1,1,0,1,0,0,1,1,0,1,0,1,0,0,0,0,0,1,0,1,1,0,1,0,0,0,container_cif.y4m,1.74,1.746,0.015166,0.002245,0.0,235
1,1,0,0,0,0,0,0,0,1,0,0,1,1,0,1,1,1,1,0,1,1,0,0,1,0,0,0,0,1,0,1,1,0,0,0,0,1,container_cif.y4m,7.27,7.276,0.0251,0.004219,0.0,333
1,1,0,0,0,0,1,0,0,0,0,0,1,0,1,1,1,1,1,1,0,1,0,1,0,0,0,0,0,1,1,0,0,0,0,0,0,0,container_cif.y4m,29.44,29.406,0.099146,0.003473,0.0,44
1,1,0,0,1,0,0,0,0,0,0,0,1,0,1,1,0,1,1,1,0,1,0,1,0,0,0,0,0,1,0,1,1,1,0,0,0,0,container_cif.y4m,58.2,58.178,0.0614,0.003224,0.0,256
1,1,0,0,0,0,0,1,0,0,0,0,1,0,1,1,1,0,1,0,1,1,0,1,0,0,0,0,0,1,0,1,1,0,0,0,0,1,container_cif.y4m,363.72,364.136,2.182666,0.004036,0.0,192
1,1,0,0,0,0,1,0,0,0,0,0,1,1,0,1,1,1,1,1,0,1,1,0,0,0,0,0,0,1,1,0,1,0,0,0,0,1,container_cif.y4m,8.0,7.998,0.047645,0.002882,0.0,41
1,1,0,0,0,0,0,0,0,0,1,0,1,0,1,1,0,1,1,1,0,1,0,0,0,0,0,1,0,1,0,1,1,0,0,0,1,0,container_cif.y4m,39.45,39.448,0.117558,0.0042,0.0,273
1,1,0,0,0,0,0,0,0,0,1,0,1,1,0,1,0,1,1,0,1,1,0,0,0,0,0,1,0,1,0,1,0,0,0,0,0,0,container_cif.y4m,36.67,36.75,0.476812,0.00427,0.0,101
1,1,0,0,0,0,0,0,0,0,1,0,1,0,1,1,1,1,1,0,1,1,0,0,0,0,1,0,0,1,1,0,1,0,1,0,0,0,container_cif.y4m,19.03,18.992,0.108259,0.003422,0.0,242
1,1,0,0,0,0,0,0,0,0,1,0,1,1,0,1,0,1,1,0,1,1,0,0,0,0,0,1,0,1,1,0,0,0,0,0,0,0,container_cif.y4m,7.35,7.372,0.047645,0.004781,0.0,103
1,1,1,0,0,0,0,0,0,0,0,0,1,1,0,1,1,0,1,1,0,1,0,1,0,0,0,0,0,1,0,1,0,0,0,0,0,0,container_cif.y4m,34.92,34.908,0.084676,0.003275,0.0,1
1,1,0,0,0,0,0,1,0,0,0,0,1,1,0,1,0,0,1,0,1,1,0,0,0,0,0,1,0,1,0,1,1,0,0,0,0,1,container_cif.y4m,3.34,3.342,0.043818,0.004264,0.0,56
1,1,0,0,1,0,0,0,0,0,0,0,1,0,1,1,0,0,1,0,1,1,0,0,0,0,0,0,1,1,0,1,0,0,0,0,0,0,container_cif.y4m,7.91,7.908,0.037014,0.003292,0.0,373
1,1,0,0,0,0,0,0,1,0,0,0,1,1,0,1,1,1,1,0,1,1,0,1,0,0,0,0,0,1,0,1,1,0,1,0,0,0,container_cif.y4m,49.17,49.32,0.602744,0.003389,0.0,318
1,1,0,0,0,1,0,0,0,0,0,0,1,1,0,1,0,0,1,1,0,1,0,0,0,0,1,0,0,1,1,0,0,0,0,0,0,0,container_cif.y4m,124.66,124.13,1.279746,0.003961,0.0,69
1,1,0,1,0,0,0,0,0,0,0,0,1,0,1,1,0,0,1,1,0,1,0,0,0,0,0,1,0,1,1,0,1,1,0,0,0,0,container_cif.y4m,3.25,3.242,0.049699,0.004358,0.0,11
1,1,0,0,1,0,0,0,0,0,0,0,1,0,1,1,0,0,1,1,0,1,0,1,0,0,0,0,0,1,0,1,1,0,0,1,0,0,container_cif.y4m,3.6,3.596,0.018166,0.003383,0.0,258
1,1,0,0,0,0,0,0,0,0,1,0,1,0,1,1,0,0,1,1,0,1,0,1,0,0,0,0,0,1,1,0,1,0,1,0,0,0,container_cif.y4m,198.65,198.654,0.292284,0.0041,0.0,238
1,1,0,0,0,0,0,1,0,0,0,0,1,0,1,1,1,0,1,1,0,1,1,0,0,0,0,0,0,1,0,1,1,0,0,0,1,0,container_cif.y4m,191.69,191.622,0.514704,0.003854,0.0,173
1,1,0,0,0,0,0,1,0,0,0,0,1,0,1,1,0,1,1,0,1,1,0,1,0,0,0,0,0,1,0,1,1,1,0,0,0,0,container_cif.y4m,128.91,128.936,0.075033,0.003151,0.0,190
1,1,0,1,0,0,0,0,0,0,0,0,1,0,1,1,1,0,1,1,0,1,0,0,0,0,0,1,0,1,0,1,1,1,0,0,0,0,container_cif.y4m,37.34,37.352,0.164833,0.003267,0.0,7
1,1,0,0,0,1,0,0,0,0,0,0,1,0,1,1,1,1,1,0,1,1,0,0,0,0,0,0,1,1,1,0,0,0,0,0,0,0,container_cif.y4m,1.38,1.378,0.049699,0.002407,0.0,323
1,1,0,0,0,1,0,0,0,0,0,0,1,0,1,1,0,0,1,0,1,1,0,0,0,0,0,0,1,1,1,0,1,0,0,0,1,0,container_cif.y4m,65.7,66.902,3.080669,0.00319,0.0,73
1,1,0,0,0,0,0,0,0,0,1,0,1,0,1,1,1,0,1,0,1,1,0,1,0,0,0,0,0,1,0,1,0,0,0,0,0,0,container_cif.y4m,67.21,67.226,0.04827,0.003603,0.0,209
1,1,0,1,0,0,0,0,0,0,0,0,1,1,0,1,1,0,1,0,1,1,1,0,0,0,0,0,0,1,1,0,0,0,0,0,0,0,container_cif.y4m,3.52,3.526,0.033615,0.002934,0.0,138
1,1,0,0,0,1,0,0,0,0,0,0,1,1,0,1,1,1,1,1,0,1,0,0,0,0,0,1,0,1,0,1,0,0,0,0,0,0,container_cif.y4m,51.63,51.59,0.098234,0.004122,0.0,264
1,1,0,0,0,0,0,0,0,1,0,0,1,0,1,1,0,1,1,0,1,1,0,0,0,0,0,1,0,1,0,1,1,0,0,0,1,0,container_cif.y4m,124.33,124.262,0.361206,0.003961,0.0,98
1,1,0,0,0,0,0,0,0,0,1,0,1,1,0,1,0,0,1,0,1,1,0,0,0,0,0,1,0,1,1,0,1,0,0,1,0,0,container_cif.y4m,2.33,2.328,0.014832,0.002342,0.0,380
1,1,0,0,1,0,0,0,0,0,0,0,1,1,0,1,1,1,1,1,0,1,0,1,0,0,0,0,0,1,1,0,1,0,1,0,0,0,container_cif.y4m,70.79,70.796,0.04669,0.004132,0.0,85
1,1,0,0,0,0,0,0,0,0,1,0,1,0,1,1,0,0,1,0,1,1,1,0,0,0,0,0,0,1,0,1,1,0,0,0,1,0,container_cif.y4m,32.49,32.55,0.106536,0.003682,0.0,31
1,1,0,1,0,0,0,0,0,0,0,0,1,0,1,1,1,0,1,1,0,1,0,0,0,0,0,1,0,1,1,0,1,1,0,0,0,0,container_cif.y4m,1.51,1.506,0.015166,0.002627,0.0,8
1,1,0,0,1,0,0,0,0,0,0,0,1,1,0,1,1,1,1,1,0,1,1,0,0,0,0,0,0,1,0,1,1,1,0,0,0,0,container_cif.y4m,4.23,4.22,0.029155,0.003404,0.0,216
1,1,0,0,1,0,0,0,0,0,0,0,1,1,0,1,1,1,1,0,1,1,0,0,0,1,0,0,0,1,0,1,1,1,0,0,0,0,container_cif.y4m,0.84,0.836,0.005477,0.003014,0.0,214
1,1,0,0,0,0,0,0,1,0,0,0,1,1,0,1,0,0,1,1,0,1,0,0,0,0,0,1,0,1,1,0,0,0,0,0,0,0,container_cif.y4m,4.71,4.678,0.089275,0.002256,0.0,341
1,1,0,0,1,0,0,0,0,0,0,0,1,1,0,1,0,0,1,1,0,1,0,1,0,0,0,0,0,1,1,0,1,0,1,0,0,0,container_cif.y4m,2.95,2.968,0.036332,0.004021,0.0,236
1,1,0,0,0,0,0,0,0,0,1,0,1,0,1,1,0,0,1,0,1,1,0,0,0,0,1,0,0,1,1,0,1,0,1,0,0,0,container_cif.y4m,7.74,7.778,0.076616,0.003901,0.0,240
1,1,0,0,0,0,0,1,0,0,0,0,1,0,1,1,0,0,1,0,1,1,0,0,0,1,0,0,0,1,0,1,1,0,0,0,1,0,container_cif.y4m,8.04,8.02,0.05244,0.00478,0.0,51
1,1,1,0,0,0,0,0,0,0,0,0,1,0,1,1,1,1,1,0,1,1,0,0,0,0,0,0,1,1,1,0,1,0,1,0,0,0,container_cif.y4m,4.13,4.128,0.023875,0.003159,0.0,77
1,1,0,0,0,0,0,0,0,0,1,0,1,0,1,1,1,0,1,1,0,1,0,0,0,0,0,1,0,1,0,1,1,0,0,0,0,1,container_cif.y4m,5.11,5.106,0.045607,0.003308,0.0,128
1,1,0,0,1,0,0,0,0,0,0,0,1,1,0,1,0,0,1,1,0,1,0,1,0,0,0,0,0,1,0,1,0,0,0,0,0,0,container_cif.y4m,30.52,30.522,0.033466,0.003334,0.0,234
1,1,0,0,0,0,0,0,1,0,0,0,1,0,1,1,1,0,1,0,1,1,0,0,0,0,0,1,0,1,0,1,1,0,0,0,1,0,container_cif.y4m,371.34,371.304,0.120955,0.004036,0.0,28
1,1,0,0,1,0,0,0,0,0,0,0,1,1,0,1,1,0,1,0,1,1,1,0,0,0,0,0,0,1,1,0,0,0,0,0,0,0,container_cif.y4m,35.91,35.89,0.081548,0.003267,0.0,139
1,1,0,0,0,0,0,0,0,0,1,0,1,0,1,1,1,0,1,1,0,1,0,0,0,0,1,0,0,1,1,0,1,0,1,0,0,0,container_cif.y4m,0.75,0.752,0.010954,0.002791,0.0,152
1,1,0,1,0,0,0,0,0,0,0,0,1,0,1,1,0,0,1,1,0,1,0,0,0,0,0,1,0,1,1,0,1,0,0,0,1,0,container_cif.y4m,51.71,51.7,0.150665,0.005313,0.0,12
1,1,0,0,0,0,1,0,0,0,0,0,1,0,1,1,0,1,1,1,0,1,0,0,0,0,0,1,0,1,1,0,0,0,0,0,0,0,container_cif.y4m,0.75,0.748,0.016432,0.002791,0.0,369
1,1,0,0,0,0,0,0,0,0,0,1,1,1,0,1,1,0,1,0,1,1,0,0,0,0,0,1,0,1,0,1,1,0,0,0,0,1,container_cif.y4m,21.43,21.442,0.023875,0.003931,0.0,58
1,1,0,0,0,0,0,0,1,0,0,0,1,1,0,1,1,0,1,1,0,1,1,0,0,0,0,0,0,1,1,0,0,0,0,0,0,0,container_cif.y4m,15.48,15.486,0.073348,0.004957,0.0,64
1,1,0,0,0,0,0,0,1,0,0,0,1,1,0,1,1,0,1,1,0,1,0,0,1,0,0,0,0,1,1,0,1,1,0,0,0,0,container_cif.y4m,12.13,12.136,0.027928,0.00321,0.0,21
1,1,0,0,0,1,0,0,0,0,0,0,1,0,1,1,1,1,1,0,1,1,0,0,1,0,0,0,0,1,1,0,1,0,0,0,0,1,container_cif.y4m,34.69,34.716,0.059833,0.003684,0.0,225
1,1,0,0,0,0,1,0,0,0,0,0,1,0,1,1,1,0,1,1,0,1,0,0,0,0,0,1,0,1,1,0,1,0,0,0,1,0,container_cif.y4m,51.36,51.188,0.78522,0.003269,0.0,366
1,1,0,0,0,0,0,1,0,0,0,0,1,0,1,1,1,1,1,0,1,1,0,0,1,0,0,0,0,1,0,1,1,0,0,0,0,1,crew_cif.y4m,4.71,4.712,0.040249,0.00776,0.0,114
1,1,0,0,1,0,0,0,0,0,0,0,1,1,0,1,1,1,1,0,1,1,0,0,1,0,0,0,0,1,1,0,1,0,1,0,0,0,crew_cif.y4m,4.57,4.566,0.061074,0.007426,0.0,281
1,1,0,0,0,1,0,0,0,0,0,0,1,0,1,1,1,0,1,1,0,1,0,0,0,0,0,0,1,1,1,0,1,0,0,1,0,0,crew_cif.y4m,6.67,6.678,0.013038,0.007626,0.0,325
1,1,1,0,0,0,0,0,0,0,0,0,1,1,0,1,1,0,1,1,0,1,0,0,0,0,1,0,0,1,1,0,1,1,0,0,0,0,crew_cif.y4m,5.81,5.82,0.035355,0.009538,0.0,181
1,1,0,0,0,0,0,0,1,0,0,0,1,1,0,1,1,0,1,0,1,1,0,0,1,0,0,0,0,1,1,0,1,0,0,0,0,1,crew_cif.y4m,241.44,242.27,1.444247,0.008578,0.0,247
1,1,0,0,0,0,0,0,0,0,1,0,1,1,0,1,1,0,1,1,0,1,0,0,0,0,1,0,0,1,1,0,1,0,0,0,0,1,crew_cif.y4m,361.72,361.868,0.533779,0.009863,0.0,166
1,1,0,0,0,0,0,0,1,0,0,0,1,1,0,1,1,0,1,0,1,1,0,0,1,0,0,0,0,1,1,0,1,0,0,0,1,0,crew_cif.y4m,10.15,10.142,0.058052,0.008325,0.0,25
1,1,0,0,0,0,0,1,0,0,0,0,1,0,1,1,0,0,1,1,0,1,0,1,0,0,0,0,0,1,0,1,0,0,0,0,0,0,crew_cif.y4m,10.53,10.51,0.173061,0.0098,0.0,355
1,1,0,0,1,0,0,0,0,0,0,0,1,1,0,1,0,0,1,1,0,1,1,0,0,0,0,0,0,1,1,0,1,0,0,0,0,1,crew_cif.y4m,2.34,2.336,0.045056,0.008444,0.0,219
1,1,0,0,0,1,0,0,0,0,0,0,1,1,0,1,1,0,1,1,0,1,0,0,0,0,1,0,0,1,1,0,1,1,0,0,0,0,crew_cif.y4m,10.5,10.512,0.17254,0.0098,0.0,182
1,1,0,1,0,0,0,0,0,0,0,0,1,0,1,1,0,1,1,1,0,1,0,0,0,0,0,1,0,1,1,0,1,1,0,0,0,0,crew_cif.y4m,4.69,4.592,0.204988,0.009608,0.0,10
1,1,0,0,1,0,0,0,0,0,0,0,1,1,0,1,1,0,1,0,1,1,0,0,1,0,0,0,0,1,0,1,1,0,0,0,0,1,crew_cif.y4m,59.12,59.106,0.169941,0.008204,0.0,116
1,1,0,0,0,1,0,0,0,0,0,0,1,1,0,1,1,1,1,0,1,1,0,0,0,0,0,1,0,1,0,1,1,1,0,0,0,0,crew_cif.y4m,7.97,8.022,0.094446,0.007642,0.0,266
1,1,0,0,0,0,0,0,1,0,0,0,1,1,0,1,0,0,1,0,1,1,0,0,1,0,0,0,0,1,1,0,1,0,0,1,0,0,crew_cif.y4m,51.11,50.922,0.553146,0.014125,0.0,313
1,1,0,0,0,0,0,1,0,0,0,0,1,0,1,1,0,0,1,1,0,1,0,0,0,0,0,0,1,1,0,1,0,0,0,0,0,0,crew_cif.y4m,13.22,13.216,0.065038,0.013003,0.0,357
1,1,0,0,0,1,0,0,0,0,0,0,1,0,1,1,0,1,1,0,1,1,1,0,0,0,0,0,0,1,1,0,1,1,0,0,0,0,crew_cif.y4m,3.54,3.394,0.230716,0.011484,0.0,187
1,1,0,0,0,0,0,0,1,0,0,0,1,1,0,1,1,1,1,0,1,1,0,0,1,0,0,0,0,1,1,0,1,1,0,0,0,0,crew_cif.y4m,773.33,773.166,0.873201,0.009774,0.0,23
1,1,0,0,1,0,0,0,0,0,0,0,1,1,0,1,1,0,1,1,0,1,0,1,0,0,0,0,0,1,0,1,0,0,0,0,0,0,crew_cif.y4m,70.83,70.624,0.423651,0.009599,0.0,2
1,1,0,0,0,0,0,0,0,0,0,1,1,1,0,1,1,0,1,0,1,1,0,0,0,0,0,1,0,1,1,0,1,1,0,0,0,0,crew_cif.y4m,361.33,361.144,0.77758,0.008433,0.0,301
1,1,0,0,0,0,0,1,0,0,0,0,1,0,1,1,0,1,1,1,0,1,0,1,0,0,0,0,0,1,0,1,0,0,0,0,0,0,crew_cif.y4m,288.38,290.922,5.27381,0.014357,0.0,356
1,1,0,0,0,0,0,0,0,0,1,0,1,1,0,1,0,1,1,0,1,1,0,0,0,0,0,1,0,1,0,1,1,1,0,0,0,0,crew_cif.y4m,13.52,13.522,0.013038,0.009629,0.0,269
1,1,0,0,0,0,0,0,0,0,1,0,1,0,1,1,0,1,1,1,0,1,0,0,1,0,0,0,0,1,0,1,1,0,0,0,1,0,crew_cif.y4m,9.58,9.408,0.319484,0.013086,0.0,274
1,1,0,0,0,0,0,0,0,0,1,0,1,0,1,1,0,1,1,1,0,1,0,0,0,1,0,0,0,1,1,0,1,1,0,0,0,0,crew_cif.y4m,7.14,7.154,0.040988,0.011229,0.0,307
1,1,0,0,1,0,0,0,0,0,0,0,1,0,1,1,0,1,1,1,0,1,0,0,1,0,0,0,0,1,0,1,1,1,0,0,0,0,crew_cif.y4m,45.38,45.208,0.36176,0.008299,0.0,254
1,1,0,0,0,0,0,0,0,0,1,0,1,0,1,1,0,1,1,0,1,1,0,1,0,0,0,0,0,1,0,1,0,0,0,0,0,0,crew_cif.y4m,2.28,2.238,0.099599,0.008552,0.0,208
1,1,0,0,1,0,0,0,0,0,0,0,1,1,0,1,1,1,1,1,0,1,0,0,1,0,0,0,0,1,0,1,1,0,1,0,0,0,crew_cif.y4m,2.4,2.416,0.06269,0.011428,0.0,279
1,1,0,0,0,0,0,1,0,0,0,0,1,1,0,1,1,1,1,1,0,1,0,1,0,0,0,0,0,1,0,1,1,0,0,0,1,0,crew_cif.y4m,7.33,7.266,0.218929,0.008177,0.0,171
1,1,0,0,0,0,0,0,0,1,0,0,1,1,0,1,0,1,1,0,1,1,0,0,0,0,0,1,0,1,0,1,1,0,0,0,1,0,crew_cif.y4m,53.01,52.97,0.173494,0.014125,0.0,99
1,1,1,0,0,0,0,0,0,0,0,0,1,0,1,1,1,1,1,1,0,1,0,1,0,0,0,0,0,1,1,0,1,0,1,0,0,0,crew_cif.y4m,8.88,8.846,0.091269,0.008129,0.0,81
1,1,0,0,0,0,0,0,0,0,1,0,1,0,1,1,1,1,1,0,1,1,0,0,1,0,0,0,0,1,1,0,1,0,1,0,0,0,crew_cif.y4m,3.44,3.438,0.030332,0.009392,0.0,155
1,1,0,0,0,1,0,0,0,0,0,0,1,1,0,1,0,1,1,1,0,1,1,0,0,0,0,0,0,1,1,0,1,1,0,0,0,0,crew_cif.y4m,5.03,5.166,0.242446,0.011229,0.0,185
1,1,0,0,1,0,0,0,0,0,0,0,1,1,0,1,0,0,1,0,1,1,0,0,0,0,0,1,0,1,0,1,0,0,0,0,0,0,crew_cif.y4m,4.81,4.784,0.042778,0.009269,0.0,376
1,1,0,0,0,0,0,0,1,0,0,0,1,1,0,1,0,1,1,0,1,1,0,1,0,0,0,0,0,1,1,0,0,0,0,0,0,0,crew_cif.y4m,1.98,2.064,0.142408,0.008432,0.0,204
1,1,0,0,0,0,0,0,1,0,0,0,1,1,0,1,1,0,1,0,1,1,0,0,0,0,1,0,0,1,1,0,1,0,0,0,0,1,crew_cif.y4m,129.81,129.792,0.236474,0.00935,0.0,246
1,1,0,0,0,0,0,1,0,0,0,0,1,1,0,1,1,1,1,0,1,1,0,0,1,0,0,0,0,1,0,1,0,0,0,0,0,0,crew_cif.y4m,64.66,64.688,0.237318,0.008712,0.0,230
1,1,0,0,0,0,0,0,1,0,0,0,1,0,1,1,1,0,1,0,1,1,0,0,0,0,0,1,0,1,1,0,1,0,0,0,1,0,crew_cif.y4m,73.21,73.25,0.206277,0.015228,0.0,27
1,1,0,1,0,0,0,0,0,0,0,0,1,1,0,1,1,1,1,0,1,1,1,0,0,0,0,0,0,1,1,0,0,0,0,0,0,0,crew_cif.y4m,6.56,6.552,0.056303,0.007441,0.0,137
1,1,0,0,0,0,0,0,0,0,1,0,1,1,0,1,1,1,1,1,0,1,0,0,0,0,1,0,0,1,0,1,1,0,0,0,1,0,crew_cif.y4m,6.54,6.566,0.055946,0.011198,0.0,169
1,1,0,0,0,0,0,0,0,0,1,0,1,0,1,1,0,1,1,0,1,1,1,0,0,0,0,0,0,1,0,1,1,0,0,0,0,1,crew_cif.y4m,135.03,135.138,0.64519,0.00868,0.0,33
1,1,0,0,0,0,0,0,1,0,0,0,1,0,1,1,0,1,1,0,1,1,0,1,0,0,0,0,0,1,1,0,0,0,0,0,0,0,crew_cif.y4m,33.06,32.936,0.235542,0.01459,0.0,205
1,1,0,0,0,0,0,0,0,0,1,0,1,1,0,1,1,0,1,0,1,1,0,0,0,0,1,0,0,1,1,0,1,0,0,0,0,1,crew_cif.y4m,8.86,8.842,0.058481,0.008195,0.0,245
1,1,1,0,0,0,0,0,0,0,0,0,1,1,0,1,0,0,1,1,0,1,0,0,1,0,0,0,0,1,1,0,1,0,0,0,0,1,crew_cif.y4m,5.87,5.868,0.057619,0.008218,0.0,163
1,1,0,0,1,0,0,0,0,0,0,0,1,1,0,1,1,0,1,1,0,1,1,0,0,0,0,0,0,1,0,1,1,1,0,0,0,0,crew_cif.y4m,4.65,4.63,0.055227,0.009269,0.0,4
1,1,0,0,1,0,0,0,0,0,0,0,1,1,0,1,0,0,1,0,1,1,1,0,0,0,0,0,0,1,1,0,1,0,0,0,1,0,crew_cif.y4m,2.85,2.846,0.041593,0.011428,0.0,141
1,1,1,0,0,0,0,0,0,0,0,0,1,1,0,1,1,1,1,0,1,1,0,0,1,0,0,0,0,1,1,0,1,1,0,0,0,0,crew_cif.y4m,418.27,417.272,2.242403,0.009377,0.0,159
1,1,0,0,0,0,0,0,1,0,0,0,1,1,0,1,0,1,1,0,1,1,0,0,1,0,0,0,0,1,0,1,1,0,0,0,0,1,crew_cif.y4m,9.88,9.782,0.24611,0.011344,0.0,336
1,1,0,0,0,1,0,0,0,0,0,0,1,1,0,1,0,0,1,0,1,1,0,0,0,0,0,0,1,1,1,0,1,0,0,0,1,0,crew_cif.y4m,65.04,64.274,1.32249,0.008236,0.0,72
1,1,0,0,0,0,0,0,1,0,0,0,1,1,0,1,1,0,1,1,0,1,0,0,1,0,0,0,0,1,1,0,1,0,0,0,0,1,crew_cif.y4m,6.73,6.602,0.260519,0.00819,0.0,248
1,1,0,1,0,0,0,0,0,0,0,0,1,0,1,1,1,1,1,1,0,1,0,0,0,0,0,1,0,1,0,1,1,0,0,0,0,1,crew_cif.y4m,276.01,280.98,8.252242,0.009276,0.0,130
1,1,0,0,0,1,0,0,0,0,0,0,1,0,1,1,1,1,1,1,0,1,0,0,0,0,0,0,1,1,1,0,0,0,0,0,0,0,crew_cif.y4m,126.76,126.65,0.18412,0.010004,0.0,324
1,1,1,0,0,0,0,0,0,0,0,0,1,0,1,1,0,1,1,1,0,1,0,1,0,0,0,0,0,1,0,1,0,0,0,0,0,0,crew_cif.y4m,110.59,110.512,0.28674,0.015142,0.0,354
1,1,0,0,0,0,0,0,0,0,1,0,1,0,1,1,0,0,1,1,0,1,0,0,0,1,0,0,0,1,0,1,0,0,0,0,0,0,crew_cif.y4m,89.69,89.562,0.463163,0.008107,0.0,291
1,1,0,0,0,0,0,0,0,0,1,0,1,1,0,1,0,0,1,1,0,1,0,1,0,0,0,0,0,1,1,0,1,0,1,0,0,0,crew_cif.y4m,3.55,3.554,0.061887,0.008242,0.0,237
1,1,0,0,0,1,0,0,0,0,0,0,1,1,0,1,1,0,1,1,0,1,1,0,0,0,0,0,0,1,1,0,1,1,0,0,0,0,crew_cif.y4m,4.21,4.232,0.034928,0.007536,0.0,183
1,1,0,0,0,1,0,0,0,0,0,0,1,0,1,1,1,1,1,0,1,1,0,0,1,0,0,0,0,1,0,1,0,0,0,0,0,0,crew_cif.y4m,4.11,4.122,0.064576,0.008965,0.0,227
1,1,0,0,0,0,0,0,1,0,0,0,1,1,0,1,0,1,1,0,1,1,0,0,0,0,0,1,0,1,0,1,0,0,0,0,0,0,crew_cif.y4m,6.9,6.842,0.157385,0.009829,0.0,338
1,1,0,0,1,0,0,0,0,0,0,0,1,0,1,1,0,0,1,0,1,1,1,0,0,0,0,0,0,1,1,0,1,0,0,0,1,0,crew_cif.y4m,30.98,30.954,0.081731,0.008158,0.0,142
1,1,0,0,1,0,0,0,0,0,0,0,1,1,0,1,1,1,1,0,1,1,0,0,1,0,0,0,0,1,1,0,1,0,0,0,0,1,crew_cif.y4m,17.18,17.176,0.041593,0.0096,0.0,332
1,1,0,0,0,0,0,0,0,1,0,0,1,0,1,1,0,0,1,1,0,1,0,0,0,0,1,0,0,1,0,1,1,0,0,0,1,0,crew_cif.y4m,372.19,372.062,0.366292,0.008055,0.0,95
1,1,0,0,1,0,0,0,0,0,0,0,1,0,1,1,0,0,1,0,1,1,0,0,0,1,0,0,0,1,0,1,0,0,0,0,0,0,crew_cif.y4m,10.28,10.326,0.11349,0.00975,0.0,289
1,1,0,0,1,0,0,0,0,0,0,0,1,1,0,1,0,0,1,0,1,1,0,0,0,0,0,1,0,1,0,1,1,0,0,1,0,0,crew_cif.y4m,2.87,2.876,0.045607,0.008242,0.0,378
1,1,0,0,1,0,0,0,0,0,0,0,1,1,0,1,1,1,1,1,0,1,0,0,1,0,0,0,0,1,0,1,1,0,0,0,1,0,crew_cif.y4m,68.8,68.85,0.140712,0.008096,0.0,278
1,1,0,0,0,0,0,0,0,0,1,0,1,0,1,1,1,0,1,0,1,1,1,0,0,0,0,0,0,1,0,1,1,0,0,0,1,0,crew_cif.y4m,7.16,7.186,0.106207,0.009817,0.0,30
1,1,0,0,1,0,0,0,0,0,0,0,1,1,0,1,0,0,1,0,1,1,0,1,0,0,0,0,0,1,0,1,1,0,0,0,0,1,crew_cif.y4m,2.77,2.774,0.015166,0.009237,0.0,120
1,1,0,0,0,1,0,0,0,0,0,0,1,1,0,1,1,1,1,0,1,1,0,0,0,0,0,1,0,1,0,1,0,0,0,0,0,0,crew_cif.y4m,3.82,3.832,0.021679,0.009323,0.0,265
1,1,0,0,0,0,0,0,0,0,1,0,1,1,0,1,1,0,1,1,0,1,0,0,0,0,0,1,0,1,0,1,0,0,0,0,0,0,crew_cif.y4m,6.3,6.286,0.063482,0.008298,0.0,296
1,1,0,0,0,0,0,1,0,0,0,0,1,1,0,1,1,1,1,1,0,1,0,1,0,0,0,0,0,1,0,1,0,0,0,0,0,0,crew_cif.y4m,10.61,10.596,0.048785,0.009726,0.0,232
1,1,0,0,0,0,0,0,0,0,1,0,1,0,1,1,0,0,1,1,0,1,0,0,1,0,0,0,0,1,1,0,1,0,0,1,0,0,crew_cif.y4m,7.58,7.584,0.06229,0.011141,0.0,310
1,1,0,0,0,0,0,1,0,0,0,0,1,0,1,1,1,1,1,0,1,1,0,0,0,0,0,1,0,1,0,1,1,0,0,1,0,0,crew_cif.y4m,122.58,122.43,0.383471,0.009901,0.0,349
1,1,0,0,1,0,0,0,0,0,0,0,1,1,0,1,0,1,1,0,1,1,0,0,0,0,0,1,0,1,0,1,0,0,0,0,0,0,crew_cif.y4m,6.02,6.036,0.085029,0.00972,0.0,377
1,1,0,0,0,0,0,0,0,1,0,0,1,0,1,1,1,1,1,1,0,1,0,0,0,0,1,0,0,1,0,1,1,0,0,0,1,0,crew_cif.y4m,370.16,370.092,0.209452,0.008523,0.0,94
1,1,1,0,0,0,0,0,0,0,0,0,1,1,0,1,1,0,1,0,1,1,1,0,0,0,0,0,0,1,0,1,1,1,0,0,0,0,crew_cif.y4m,6.95,6.958,0.032711,0.011229,0.0,178
1,1,0,0,0,0,0,0,0,0,1,0,1,0,1,1,0,0,1,1,0,1,0,0,0,0,0,1,0,1,0,1,1,0,0,0,0,1,crew_cif.y4m,8.05,8.08,0.069642,0.009645,0.0,127
1,1,0,0,0,0,0,1,0,0,0,0,1,0,1,1,1,0,1,0,1,1,0,0,0,1,0,0,0,1,0,1,1,0,0,0,1,0,crew_cif.y4m,2.62,2.628,0.036332,0.007879,0.0,111
1,1,1,0,0,0,0,0,0,0,0,0,1,0,1,1,0,1,1,1,0,1,0,1,0,0,0,0,0,1,0,1,1,0,0,1,0,0,crew_cif.y4m,7.04,7.082,0.06261,0.010138,0.0,353
1,1,0,0,0,0,1,0,0,0,0,0,1,0,1,1,1,1,1,1,0,1,0,1,0,0,0,0,0,1,1,0,1,0,0,0,1,0,crew_cif.y4m,6.08,6.074,0.037815,0.009608,0.0,45
1,1,0,0,0,1,0,0,0,0,0,0,1,0,1,1,1,1,1,0,1,1,0,0,1,0,0,0,0,1,1,0,0,0,0,0,0,0,crew_cif.y4m,2.13,2.12,0.035355,0.008716,0.0,226
1,1,0,0,0,0,0,0,0,0,0,1,1,1,0,1,1,0,1,0,1,1,0,0,0,0,0,1,0,1,1,0,1,0,0,0,0,1,crew_cif.y4m,6.82,6.814,0.0498,0.009504,0.0,59
1,1,0,0,0,0,0,0,1,0,0,0,1,1,0,1,1,1,1,1,0,1,1,0,0,0,0,0,0,1,0,1,1,1,0,0,0,0,crew_cif.y4m,74.57,74.478,0.399587,0.009599,0.0,19
1,1,0,0,0,0,0,0,0,0,0,1,1,1,0,1,0,1,1,0,1,1,0,0,0,1,0,0,0,1,1,0,1,1,0,0,0,0,crew_cif.y4m,44.27,43.806,1.111994,0.008327,0.0,304
1,1,0,0,0,0,0,0,1,0,0,0,1,0,1,1,0,1,1,0,1,1,0,1,0,0,0,0,0,1,0,1,0,0,0,0,0,0,crew_cif.y4m,6.79,6.684,0.225788,0.00819,0.0,207
1,1,0,0,0,0,1,0,0,0,0,0,1,1,0,1,1,1,1,1,0,1,0,1,0,0,0,0,0,1,1,0,0,0,0,0,0,0,crew_cif.y4m,222.25,224.06,4.321117,0.00927,0.0,43
1,1,0,0,0,0,1,0,0,0,0,0,1,1,0,1,1,0,1,1,0,1,1,0,0,0,0,0,0,1,1,0,1,0,0,0,0,1,crew_cif.y4m,3.78,3.782,0.0249,0.008045,0.0,40
1,1,0,0,0,1,0,0,0,0,0,0,1,0,1,1,0,1,1,1,0,1,1,0,0,0,0,0,0,1,1,0,1,1,0,0,0,0,crew_cif.y4m,136.9,136.966,0.171843,0.009971,0.0,186
1,1,0,0,1,0,0,0,0,0,0,0,1,0,1,1,0,0,1,0,1,1,0,0,0,1,0,0,0,1,0,1,1,0,0,0,0,1,crew_cif.y4m,4.01,3.986,0.071972,0.009178,0.0,288
1,1,1,0,0,0,0,0,0,0,0,0,1,1,0,1,1,0,1,1,0,1,0,1,0,0,0,0,0,1,1,0,1,0,1,0,0,0,crew_cif.y4m,5.98,5.97,0.048477,0.009538,0.0,82
1,1,0,0,0,0,0,0,0,0,1,0,1,0,1,1,1,1,1,0,1,1,0,0,0,1,0,0,0,1,0,1,0,0,0,0,0,0,crew_cif.y4m,4.82,4.696,0.188494,0.007753,0.0,211
1,1,0,0,1,0,0,0,0,0,0,0,1,0,1,1,1,1,1,0,1,1,0,0,0,0,0,1,0,1,1,0,1,0,0,1,0,0,crew_cif.y4m,128.03,127.758,0.699192,0.00935,0.0,347
1,1,0,1,0,0,0,0,0,0,0,0,1,0,1,1,0,0,1,1,0,1,1,0,0,0,0,0,0,1,1,0,1,0,0,0,1,0,crew_cif.y4m,10.47,10.47,0.05099,0.008325,0.0,13
1,1,0,0,0,0,0,1,0,0,0,0,1,0,1,1,1,1,1,0,1,1,0,0,1,0,0,0,0,1,0,1,0,0,0,0,0,0,crew_cif.y4m,587.81,587.964,1.08491,0.008018,0.0,228
1,1,0,0,0,0,0,0,0,1,0,0,1,1,0,1,0,1,1,0,1,1,0,0,1,0,0,0,0,1,0,1,1,0,0,0,0,1,crew_cif.y4m,7.01,7.022,0.087579,0.008177,0.0,335
1,1,0,0,0,0,0,0,1,0,0,0,1,1,0,1,1,0,1,0,1,1,0,0,1,0,0,0,0,1,1,0,1,1,0,0,0,0,crew_cif.y4m,26.56,26.546,0.138852,0.009624,0.0,24
1,1,1,0,0,0,0,0,0,0,0,0,1,0,1,1,0,1,1,0,1,1,0,1,0,0,0,0,0,1,0,1,1,0,0,1,0,0,crew_cif.y4m,194.09,194.272,0.471084,0.015031,0.0,352
1,1,0,0,0,0,1,0,0,0,0,0,1,0,1,1,0,0,1,1,0,1,0,0,0,0,0,1,0,1,1,0,0,0,0,0,0,0,crew_cif.y4m,4.57,4.582,0.032711,0.007695,0.0,368
1,1,1,0,0,0,0,0,0,0,0,0,1,0,1,1,1,1,1,1,0,1,0,1,0,0,0,0,0,1,1,0,0,0,0,0,0,0,crew_cif.y4m,2.68,2.66,0.175642,0.008742,0.0,80
1,1,0,0,1,0,0,0,0,0,0,0,1,1,0,1,0,0,1,0,1,1,0,1,0,0,0,0,0,1,0,1,0,0,0,0,0,0,crew_cif.y4m,46.38,46.354,0.110589,0.009699,0.0,121
1,1,0,0,0,0,0,0,0,0,1,0,1,0,1,1,1,1,1,0,1,1,0,0,1,0,0,0,0,1,1,0,1,1,0,0,0,0,crew_cif.y4m,5.14,5.146,0.035071,0.007441,0.0,156
1,1,0,1,0,0,0,0,0,0,0,0,1,0,1,1,1,1,1,1,0,1,0,0,0,0,0,1,0,1,1,0,1,1,0,0,0,0,crew_cif.y4m,1.61,1.612,0.010954,0.007938,0.0,9
1,1,0,0,0,0,0,0,0,0,1,0,1,1,0,1,0,0,1,1,0,1,0,0,0,0,1,0,0,1,1,0,1,0,0,0,0,1,crew_cif.y4m,8.1,8.084,0.058566,0.008195,0.0,165
1,1,0,0,0,0,0,0,0,0,1,0,1,0,1,1,0,0,1,1,0,1,0,1,0,0,0,0,0,1,0,1,1,0,0,0,0,1,crew_cif.y4m,5.68,5.704,0.052249,0.007633,0.0,126
1,1,0,0,1,0,0,0,0,0,0,0,1,1,0,1,1,1,1,0,1,1,0,0,1,0,0,0,0,1,0,1,1,0,1,0,0,0,crew_cif.y4m,2.76,2.694,0.15884,0.008742,0.0,280
1,1,0,0,0,0,0,1,0,0,0,0,1,0,1,1,1,1,1,1,0,1,0,1,0,0,0,0,0,1,0,1,1,0,0,0,1,0,crew_cif.y4m,2.04,1.984,0.095289,0.011616,0.0,172
1,1,0,0,0,0,0,0,0,0,1,0,1,0,1,1,0,1,1,1,0,1,0,0,0,1,0,0,0,1,0,1,0,0,0,0,0,0,crew_cif.y4m,8.11,8.102,0.033466,0.011232,0.0,292
1,1,0,0,0,0,0,0,0,0,1,0,1,1,0,1,1,1,1,0,1,1,0,0,0,0,0,1,0,1,1,0,0,0,0,0,0,0,crew_cif.y4m,24.08,24.074,0.146219,0.008367,0.0,105
1,1,0,0,0,1,0,0,0,0,0,0,1,0,1,1,1,1,1,0,1,1,0,0,0,0,0,0,1,1,1,0,1,0,1,0,0,0,crew_cif.y4m,13.44,13.438,0.123167,0.00971,0.0,76
1,1,0,0,0,1,0,0,0,0,0,0,1,0,1,1,0,0,1,1,0,1,1,0,0,0,0,0,0,1,1,0,1,0,0,0,0,1,crew_cif.y4m,124.63,124.474,0.550936,0.008062,0.0,221
1,1,0,0,0,0,0,0,0,0,1,0,1,1,0,1,1,0,1,1,0,1,0,0,0,0,1,0,0,1,0,1,1,0,0,0,0,1,crew_cif.y4m,47.81,47.824,0.100399,0.009548,0.0,167
1,1,0,0,0,0,0,0,0,0,1,0,1,0,1,1,0,1,1,0,1,1,1,0,0,0,0,0,0,1,1,0,1,0,0,0,0,1,crew_cif.y4m,381.66,381.628,0.278604,0.008972,0.0,35
1,1,0,0,1,0,0,0,0,0,0,0,1,1,0,1,0,0,1,1,0,1,0,1,0,0,0,0,0,1,0,1,1,0,1,0,0,0,crew_cif.y4m,4.63,4.632,0.0249,0.007553,0.0,235
1,1,0,0,0,0,0,0,0,1,0,0,1,1,0,1,1,1,1,0,1,1,0,0,1,0,0,0,0,1,0,1,1,0,0,0,0,1,crew_cif.y4m,10.53,10.536,0.055498,0.009746,0.0,333
1,1,0,0,0,0,1,0,0,0,0,0,1,0,1,1,1,1,1,1,0,1,0,1,0,0,0,0,0,1,1,0,0,0,0,0,0,0,crew_cif.y4m,101.82,101.736,0.395259,0.008191,0.0,44
1,1,0,0,1,0,0,0,0,0,0,0,1,0,1,1,0,1,1,1,0,1,0,1,0,0,0,0,0,1,0,1,1,1,0,0,0,0,crew_cif.y4m,176.29,176.266,0.144326,0.008642,0.0,256
1,1,0,0,0,0,0,1,0,0,0,0,1,0,1,1,1,0,1,0,1,1,0,1,0,0,0,0,0,1,0,1,1,0,0,0,0,1,crew_cif.y4m,770.35,770.298,1.072367,0.010053,0.0,192
1,1,0,0,0,0,1,0,0,0,0,0,1,1,0,1,1,1,1,1,0,1,1,0,0,0,0,0,0,1,1,0,1,0,0,0,0,1,crew_cif.y4m,22.19,22.084,0.259384,0.008267,0.0,41
1,1,0,0,0,0,0,0,0,0,1,0,1,0,1,1,0,1,1,1,0,1,0,0,0,0,0,1,0,1,0,1,1,0,0,0,1,0,crew_cif.y4m,150.62,150.384,0.909192,0.014393,0.0,273
1,1,0,0,0,0,0,0,0,0,1,0,1,1,0,1,0,1,1,0,1,1,0,0,0,0,0,1,0,1,0,1,0,0,0,0,0,0,crew_cif.y4m,168.95,168.732,0.635547,0.014433,0.0,101
1,1,0,0,0,0,0,0,0,0,1,0,1,0,1,1,1,1,1,0,1,1,0,0,0,0,1,0,0,1,1,0,1,0,1,0,0,0,crew_cif.y4m,59.44,59.366,0.447806,0.008204,0.0,242
1,1,0,0,0,0,0,0,0,0,1,0,1,1,0,1,0,1,1,0,1,1,0,0,0,0,0,1,0,1,1,0,0,0,0,0,0,0,crew_cif.y4m,9.75,9.504,0.462363,0.013086,0.0,103
1,1,1,0,0,0,0,0,0,0,0,0,1,1,0,1,1,0,1,1,0,1,0,1,0,0,0,0,0,1,0,1,0,0,0,0,0,0,crew_cif.y4m,105.02,104.69,0.708131,0.008759,0.0,1
1,1,0,0,0,0,0,1,0,0,0,0,1,1,0,1,0,0,1,0,1,1,0,0,0,0,0,1,0,1,0,1,1,0,0,0,0,1,crew_cif.y4m,7.43,7.358,0.116919,0.010138,0.0,56
1,1,0,0,1,0,0,0,0,0,0,0,1,0,1,1,0,0,1,0,1,1,0,0,0,0,0,0,1,1,0,1,0,0,0,0,0,0,crew_cif.y4m,24.92,24.858,0.235308,0.008367,0.0,373
1,1,0,0,0,0,0,0,1,0,0,0,1,1,0,1,1,1,1,0,1,1,0,1,0,0,0,0,0,1,0,1,1,0,1,0,0,0,crew_cif.y4m,159.87,159.798,1.367724,0.008099,0.0,318
1,1,0,0,0,1,0,0,0,0,0,0,1,1,0,1,0,0,1,1,0,1,0,0,0,0,1,0,0,1,1,0,0,0,0,0,0,0,crew_cif.y4m,377.71,377.684,0.608999,0.00945,0.0,69
1,1,0,1,0,0,0,0,0,0,0,0,1,0,1,1,0,0,1,1,0,1,0,0,0,0,0,1,0,1,1,0,1,1,0,0,0,0,crew_cif.y4m,5.34,5.312,0.070498,0.009722,0.0,11
1,1,0,0,1,0,0,0,0,0,0,0,1,0,1,1,0,0,1,1,0,1,0,1,0,0,0,0,0,1,0,1,1,0,0,1,0,0,crew_cif.y4m,6.82,6.782,0.091761,0.009812,0.0,258
1,1,0,0,0,0,0,0,0,0,1,0,1,0,1,1,0,0,1,1,0,1,0,1,0,0,0,0,0,1,1,0,1,0,1,0,0,0,crew_cif.y4m,473.74,473.786,1.071322,0.010132,0.0,238
1,1,0,0,0,0,0,1,0,0,0,0,1,0,1,1,1,0,1,1,0,1,1,0,0,0,0,0,0,1,0,1,1,0,0,0,1,0,crew_cif.y4m,566.8,567.608,2.217379,0.009366,0.0,173
1,1,0,0,0,0,0,1,0,0,0,0,1,0,1,1,0,1,1,0,1,1,0,1,0,0,0,0,0,1,0,1,1,1,0,0,0,0,crew_cif.y4m,604.75,605.726,2.299572,0.008408,0.0,190
1,1,0,1,0,0,0,0,0,0,0,0,1,0,1,1,1,0,1,1,0,1,0,0,0,0,0,1,0,1,0,1,1,1,0,0,0,0,crew_cif.y4m,151.79,151.656,0.481539,0.00867,0.0,7
1,1,0,0,0,1,0,0,0,0,0,0,1,0,1,1,1,1,1,0,1,1,0,0,0,0,0,0,1,1,1,0,0,0,0,0,0,0,crew_cif.y4m,2.58,2.578,0.071204,0.008552,0.0,323
1,1,0,0,0,1,0,0,0,0,0,0,1,0,1,1,0,0,1,0,1,1,0,0,0,0,0,0,1,1,1,0,1,0,0,0,1,0,crew_cif.y4m,219.35,221.5,5.05001,0.008507,0.0,73
1,1,0,0,0,0,0,0,0,0,1,0,1,0,1,1,1,0,1,0,1,1,0,1,0,0,0,0,0,1,0,1,0,0,0,0,0,0,crew_cif.y4m,209.74,210.702,2.185559,0.00927,0.0,209
1,1,0,1,0,0,0,0,0,0,0,0,1,1,0,1,1,0,1,0,1,1,1,0,0,0,0,0,0,1,1,0,0,0,0,0,0,0,crew_cif.y4m,6.03,6.032,0.048683,0.008259,0.0,138
1,1,0,0,0,1,0,0,0,0,0,0,1,1,0,1,1,1,1,1,0,1,0,0,0,0,0,1,0,1,0,1,0,0,0,0,0,0,crew_cif.y4m,168.04,167.574,1.058173,0.009908,0.0,264
1,1,0,0,0,0,0,0,0,1,0,0,1,0,1,1,0,1,1,0,1,1,0,0,0,0,0,1,0,1,0,1,1,0,0,0,1,0,crew_cif.y4m,405.01,405.068,0.505638,0.00945,0.0,98
1,1,0,0,0,0,0,0,0,0,1,0,1,1,0,1,0,0,1,0,1,1,0,0,0,0,0,1,0,1,1,0,1,0,0,1,0,0,crew_cif.y4m,4.82,4.704,0.182291,0.007757,0.0,380
1,1,0,0,1,0,0,0,0,0,0,0,1,1,0,1,1,1,1,1,0,1,0,1,0,0,0,0,0,1,1,0,1,0,1,0,0,0,crew_cif.y4m,232.34,232.21,1.380652,0.014313,0.0,85
1,1,0,0,0,0,0,0,0,0,1,0,1,0,1,1,0,0,1,0,1,1,1,0,0,0,0,0,0,1,0,1,1,0,0,0,1,0,crew_cif.y4m,111.68,111.562,0.417816,0.00951,0.0,31
1,1,0,1,0,0,0,0,0,0,0,0,1,0,1,1,1,0,1,1,0,1,0,0,0,0,0,1,0,1,1,0,1,1,0,0,0,0,crew_cif.y4m,4.41,4.404,0.043932,0.008045,0.0,8
1,1,0,0,1,0,0,0,0,0,0,0,1,1,0,1,1,1,1,1,0,1,1,0,0,0,0,0,0,1,0,1,1,1,0,0,0,0,crew_cif.y4m,7.71,7.67,0.173349,0.00983,0.0,216
1,1,0,0,1,0,0,0,0,0,0,0,1,1,0,1,1,1,1,0,1,1,0,0,0,1,0,0,0,1,0,1,1,1,0,0,0,0,crew_cif.y4m,2.31,2.364,0.092898,0.009237,0.0,214
1,1,0,0,0,0,0,0,1,0,0,0,1,1,0,1,0,0,1,1,0,1,0,0,0,0,0,1,0,1,1,0,0,0,0,0,0,0,crew_cif.y4m,8.85,8.826,0.093434,0.007642,0.0,341
1,1,0,0,1,0,0,0,0,0,0,0,1,1,0,1,0,0,1,1,0,1,0,1,0,0,0,0,0,1,1,0,1,0,1,0,0,0,crew_cif.y4m,5.36,5.35,0.043589,0.011079,0.0,236
1,1,0,0,0,0,0,0,0,0,1,0,1,0,1,1,0,0,1,0,1,1,0,0,0,0,1,0,0,1,1,0,1,0,1,0,0,0,crew_cif.y4m,11.38,11.362,0.050695,0.012457,0.0,240
1,1,0,0,0,0,0,1,0,0,0,0,1,0,1,1,0,0,1,0,1,1,0,0,0,1,0,0,0,1,0,1,1,0,0,0,1,0,crew_cif.y4m,10.24,10.36,0.374767,0.013086,0.0,51
1,1,1,0,0,0,0,0,0,0,0,0,1,0,1,1,1,1,1,0,1,1,0,0,0,0,0,0,1,1,1,0,1,0,1,0,0,0,crew_cif.y4m,6.81,6.802,0.076289,0.008403,0.0,77
1,1,0,0,0,0,0,0,0,0,1,0,1,0,1,1,1,0,1,1,0,1,0,0,0,0,0,1,0,1,0,1,1,0,0,0,0,1,crew_cif.y4m,8.55,8.54,0.045277,0.009705,0.0,128
1,1,0,0,1,0,0,0,0,0,0,0,1,1,0,1,0,0,1,1,0,1,0,1,0,0,0,0,0,1,0,1,0,0,0,0,0,0,crew_cif.y4m,92.32,92.33,0.106536,0.008107,0.0,234
1,1,0,0,0,0,0,0,1,0,0,0,1,0,1,1,1,0,1,0,1,1,0,0,0,0,0,1,0,1,0,1,1,0,0,0,1,0,crew_cif.y4m,813.1,813.274,0.601814,0.010053,0.0,28
1,1,0,0,1,0,0,0,0,0,0,0,1,1,0,1,1,0,1,0,1,1,1,0,0,0,0,0,0,1,1,0,0,0,0,0,0,0,crew_cif.y4m,147.71,147.646,0.308432,0.00867,0.0,139
1,1,0,0,0,0,0,0,0,0,1,0,1,0,1,1,1,0,1,1,0,1,0,0,0,0,1,0,0,1,1,0,1,0,1,0,0,0,crew_cif.y4m,2.0,2.078,0.137186,0.008432,0.0,152
1,1,0,1,0,0,0,0,0,0,0,0,1,0,1,1,0,0,1,1,0,1,0,0,0,0,0,1,0,1,1,0,1,0,0,0,1,0,crew_cif.y4m,121.76,121.554,0.571909,0.015104,0.0,12
1,1,0,0,0,0,1,0,0,0,0,0,1,0,1,1,0,1,1,1,0,1,0,0,0,0,0,1,0,1,1,0,0,0,0,0,0,0,crew_cif.y4m,1.99,1.98,0.025495,0.008432,0.0,369
1,1,0,0,0,0,0,0,0,0,0,1,1,1,0,1,1,0,1,0,1,1,0,0,0,0,0,1,0,1,0,1,1,0,0,0,0,1,crew_cif.y4m,44.77,44.858,0.237002,0.009548,0.0,58
1,1,0,0,0,0,0,0,1,0,0,0,1,1,0,1,1,0,1,1,0,1,1,0,0,0,0,0,0,1,1,0,0,0,0,0,0,0,crew_cif.y4m,52.31,51.948,0.744258,0.014125,0.0,64
1,1,0,0,0,0,0,0,1,0,0,0,1,1,0,1,1,0,1,1,0,1,0,0,1,0,0,0,0,1,1,0,1,1,0,0,0,0,crew_cif.y4m,36.02,36.006,0.092358,0.008275,0.0,21
1,1,0,0,0,1,0,0,0,0,0,0,1,0,1,1,1,1,1,0,1,1,0,0,1,0,0,0,0,1,1,0,1,0,0,0,0,1,crew_cif.y4m,125.56,125.19,0.851234,0.00935,0.0,225
1,1,0,0,0,0,1,0,0,0,0,0,1,0,1,1,1,0,1,1,0,1,0,0,0,0,0,1,0,1,1,0,1,0,0,0,1,0,crew_cif.y4m,154.8,155.054,0.814911,0.00868,0.0,366
1,1,0,0,0,0,0,1,0,0,0,0,1,0,1,1,1,1,1,0,1,1,0,0,1,0,0,0,0,1,0,1,1,0,0,0,0,1,deadline_cif.y4m,12.07,12.062,0.039623,0.002626,0.0,114
1,1,0,0,1,0,0,0,0,0,0,0,1,1,0,1,1,1,1,0,1,1,0,0,1,0,0,0,0,1,1,0,1,0,1,0,0,0,deadline_cif.y4m,7.71,7.7,0.033912,0.002342,0.0,281
1,1,0,0,0,1,0,0,0,0,0,0,1,0,1,1,1,0,1,1,0,1,0,0,0,0,0,0,1,1,1,0,1,0,0,1,0,0,deadline_cif.y4m,16.78,16.778,0.021679,0.002522,0.0,325
1,1,1,0,0,0,0,0,0,0,0,0,1,1,0,1,1,0,1,1,0,1,0,0,0,0,1,0,0,1,1,0,1,1,0,0,0,0,deadline_cif.y4m,15.51,15.516,0.046152,0.003248,0.0,181
1,1,0,0,0,0,0,0,1,0,0,0,1,1,0,1,1,0,1,0,1,1,0,0,1,0,0,0,0,1,1,0,1,0,0,0,0,1,deadline_cif.y4m,357.84,353.586,12.352626,0.002819,0.0,247
1,1,0,0,0,0,0,0,0,0,1,0,1,1,0,1,1,0,1,1,0,1,0,0,0,0,1,0,0,1,1,0,1,0,0,0,0,1,deadline_cif.y4m,532.55,532.334,0.456541,0.0048,0.0,166
1,1,0,0,0,0,0,0,1,0,0,0,1,1,0,1,1,0,1,0,1,1,0,0,1,0,0,0,0,1,1,0,1,0,0,0,1,0,deadline_cif.y4m,25.19,25.208,0.194216,0.003468,0.0,25
1,1,0,0,0,0,0,1,0,0,0,0,1,0,1,1,0,0,1,1,0,1,0,1,0,0,0,0,0,1,0,1,0,0,0,0,0,0,deadline_cif.y4m,34.42,34.48,0.230217,0.004908,0.0,355
1,1,0,0,1,0,0,0,0,0,0,0,1,1,0,1,0,0,1,1,0,1,1,0,0,0,0,0,0,1,1,0,1,0,0,0,0,1,deadline_cif.y4m,4.42,4.416,0.016733,0.003133,0.0,219
1,1,0,0,0,1,0,0,0,0,0,0,1,1,0,1,1,0,1,1,0,1,0,0,0,0,1,0,0,1,1,0,1,1,0,0,0,0,deadline_cif.y4m,34.53,34.568,0.325991,0.004908,0.0,182
1,1,0,1,0,0,0,0,0,0,0,0,1,0,1,1,0,1,1,1,0,1,0,0,0,0,0,1,0,1,1,0,1,1,0,0,0,0,deadline_cif.y4m,11.63,11.642,0.05933,0.00337,0.0,10
1,1,0,0,1,0,0,0,0,0,0,0,1,1,0,1,1,0,1,0,1,1,0,0,1,0,0,0,0,1,0,1,1,0,0,0,0,1,deadline_cif.y4m,131.63,131.726,0.194756,0.003581,0.0,116
1,1,0,0,0,1,0,0,0,0,0,0,1,1,0,1,1,1,1,0,1,1,0,0,0,0,0,1,0,1,0,1,1,1,0,0,0,0,deadline_cif.y4m,19.37,19.424,0.108995,0.002511,0.0,266
1,1,0,0,0,0,0,0,1,0,0,0,1,1,0,1,0,0,1,0,1,1,0,0,1,0,0,0,0,1,1,0,1,0,0,1,0,0,deadline_cif.y4m,91.25,91.088,0.489612,0.005869,0.0,313
1,1,0,0,0,0,0,1,0,0,0,0,1,0,1,1,0,0,1,1,0,1,0,0,0,0,0,0,1,1,0,1,0,0,0,0,0,0,deadline_cif.y4m,45.6,45.618,0.206325,0.005959,0.0,357
1,1,0,0,0,1,0,0,0,0,0,0,1,0,1,1,0,1,1,0,1,1,1,0,0,0,0,0,0,1,1,0,1,1,0,0,0,0,deadline_cif.y4m,7.0,6.998,0.029496,0.005728,0.0,187
1,1,0,0,0,0,0,0,1,0,0,0,1,1,0,1,1,1,1,0,1,1,0,0,1,0,0,0,0,1,1,0,1,1,0,0,0,0,deadline_cif.y4m,1133.46,1133.61,0.410731,0.004719,0.0,23
1,1,0,0,1,0,0,0,0,0,0,0,1,1,0,1,1,0,1,1,0,1,0,1,0,0,0,0,0,1,0,1,0,0,0,0,0,0,deadline_cif.y4m,121.24,121.394,0.60826,0.003507,0.0,2
1,1,0,0,0,0,0,0,0,0,0,1,1,1,0,1,1,0,1,0,1,1,0,0,0,0,0,1,0,1,1,0,1,1,0,0,0,0,deadline_cif.y4m,461.85,461.71,0.688295,0.003118,0.0,301
1,1,0,0,0,0,0,1,0,0,0,0,1,0,1,1,0,1,1,1,0,1,0,1,0,0,0,0,0,1,0,1,0,0,0,0,0,0,deadline_cif.y4m,508.1,508.256,8.412591,0.005801,0.0,356
1,1,0,0,0,0,0,0,0,0,1,0,1,1,0,1,0,1,1,0,1,1,0,0,0,0,0,1,0,1,0,1,1,1,0,0,0,0,deadline_cif.y4m,39.96,39.942,0.047645,0.004644,0.0,269
1,1,0,0,0,0,0,0,0,0,1,0,1,0,1,1,0,1,1,1,0,1,0,0,1,0,0,0,0,1,0,1,1,0,0,0,1,0,deadline_cif.y4m,35.22,34.77,0.700821,0.006066,0.0,274
1,1,0,0,0,0,0,0,0,0,1,0,1,0,1,1,0,1,1,1,0,1,0,0,0,1,0,0,0,1,1,0,1,1,0,0,0,0,deadline_cif.y4m,22.06,22.06,0.022361,0.005228,0.0,307
1,1,0,0,1,0,0,0,0,0,0,0,1,0,1,1,0,1,1,1,0,1,0,0,1,0,0,0,0,1,0,1,1,1,0,0,0,0,deadline_cif.y4m,71.62,71.658,0.105688,0.003596,0.0,254
1,1,0,0,0,0,0,0,0,0,1,0,1,0,1,1,0,1,1,0,1,1,0,1,0,0,0,0,0,1,0,1,0,0,0,0,0,0,deadline_cif.y4m,4.72,4.718,0.008367,0.003257,0.0,208
1,1,0,0,1,0,0,0,0,0,0,0,1,1,0,1,1,1,1,1,0,1,0,0,1,0,0,0,0,1,0,1,1,0,1,0,0,0,deadline_cif.y4m,6.83,6.834,0.032094,0.007283,0.0,279
1,1,0,0,0,0,0,1,0,0,0,0,1,1,0,1,1,1,1,1,0,1,0,1,0,0,0,0,0,1,0,1,1,0,0,0,1,0,deadline_cif.y4m,19.46,19.466,0.027019,0.00293,0.0,171
1,1,0,0,0,0,0,0,0,1,0,0,1,1,0,1,0,1,1,0,1,1,0,0,0,0,0,1,0,1,0,1,1,0,0,0,1,0,deadline_cif.y4m,91.44,91.36,0.23484,0.005869,0.0,99
1,1,1,0,0,0,0,0,0,0,0,0,1,0,1,1,1,1,1,1,0,1,0,1,0,0,0,0,0,1,1,0,1,0,1,0,0,0,deadline_cif.y4m,24.3,24.308,0.136272,0.002806,0.0,81
1,1,0,0,0,0,0,0,0,0,1,0,1,0,1,1,1,1,1,0,1,1,0,0,1,0,0,0,0,1,1,0,1,0,1,0,0,0,deadline_cif.y4m,8.04,8.036,0.026077,0.003794,0.0,155
1,1,0,0,0,1,0,0,0,0,0,0,1,1,0,1,0,1,1,1,0,1,1,0,0,0,0,0,0,1,1,0,1,1,0,0,0,0,deadline_cif.y4m,15.39,15.388,0.035637,0.005228,0.0,185
1,1,0,0,1,0,0,0,0,0,0,0,1,1,0,1,0,0,1,0,1,1,0,0,0,0,0,1,0,1,0,1,0,0,0,0,0,0,deadline_cif.y4m,9.08,9.064,0.061074,0.003022,0.0,376
1,1,0,0,0,0,0,0,1,0,0,0,1,1,0,1,0,1,1,0,1,1,0,1,0,0,0,0,0,1,1,0,0,0,0,0,0,0,deadline_cif.y4m,3.61,3.6,0.028284,0.00334,0.0,204
1,1,0,0,0,0,0,0,1,0,0,0,1,1,0,1,1,0,1,0,1,1,0,0,0,0,1,0,0,1,1,0,1,0,0,0,0,1,deadline_cif.y4m,217.01,216.86,0.839494,0.0035,0.0,246
1,1,0,0,0,0,0,1,0,0,0,0,1,1,0,1,1,1,1,0,1,1,0,0,1,0,0,0,0,1,0,1,0,0,0,0,0,0,deadline_cif.y4m,121.89,121.988,0.436486,0.002931,0.0,230
1,1,0,0,0,0,0,0,1,0,0,0,1,0,1,1,1,0,1,0,1,1,0,0,0,0,0,1,0,1,1,0,1,0,0,0,1,0,deadline_cif.y4m,212.02,212.27,0.457712,0.006636,0.0,27
1,1,0,1,0,0,0,0,0,0,0,0,1,1,0,1,1,1,1,0,1,1,1,0,0,0,0,0,0,1,1,0,0,0,0,0,0,0,deadline_cif.y4m,11.54,11.578,0.149064,0.002385,0.0,137
1,1,0,0,0,0,0,0,0,0,1,0,1,1,0,1,1,1,1,1,0,1,0,0,0,0,1,0,0,1,0,1,1,0,0,0,1,0,deadline_cif.y4m,16.52,16.478,0.11077,0.005337,0.0,169
1,1,0,0,0,0,0,0,0,0,1,0,1,0,1,1,0,1,1,0,1,1,1,0,0,0,0,0,0,1,0,1,1,0,0,0,0,1,deadline_cif.y4m,241.19,241.2,0.296142,0.002907,0.0,33
1,1,0,0,0,0,0,0,1,0,0,0,1,0,1,1,0,1,1,0,1,1,0,1,0,0,0,0,0,1,1,0,0,0,0,0,0,0,deadline_cif.y4m,92.01,92.072,0.278334,0.006379,0.0,205
1,1,0,0,0,0,0,0,0,0,1,0,1,1,0,1,1,0,1,0,1,1,0,0,0,0,1,0,0,1,1,0,1,0,0,0,0,1,deadline_cif.y4m,21.99,21.95,0.089722,0.002801,0.0,245
1,1,1,0,0,0,0,0,0,0,0,0,1,1,0,1,0,0,1,1,0,1,0,0,1,0,0,0,0,1,1,0,1,0,0,0,0,1,deadline_cif.y4m,15.37,15.368,0.028636,0.003235,0.0,163
1,1,0,0,1,0,0,0,0,0,0,0,1,1,0,1,1,0,1,1,0,1,1,0,0,0,0,0,0,1,0,1,1,1,0,0,0,0,deadline_cif.y4m,9.02,9.014,0.0498,0.003022,0.0,4
1,1,0,0,1,0,0,0,0,0,0,0,1,1,0,1,0,0,1,0,1,1,1,0,0,0,0,0,0,1,1,0,1,0,0,0,1,0,deadline_cif.y4m,8.86,8.852,0.127945,0.007283,0.0,141
1,1,1,0,0,0,0,0,0,0,0,0,1,1,0,1,1,1,1,0,1,1,0,0,1,0,0,0,0,1,1,0,1,1,0,0,0,0,deadline_cif.y4m,505.99,505.728,1.697298,0.003667,0.0,159
1,1,0,0,0,0,0,0,1,0,0,0,1,1,0,1,0,1,1,0,1,1,0,0,1,0,0,0,0,1,0,1,1,0,0,0,0,1,deadline_cif.y4m,36.03,35.998,0.146526,0.005391,0.0,336
1,1,0,0,0,1,0,0,0,0,0,0,1,1,0,1,0,0,1,0,1,1,0,0,0,0,0,0,1,1,1,0,1,0,0,0,1,0,deadline_cif.y4m,107.07,107.398,2.557317,0.002777,0.0,72
1,1,0,0,0,0,0,0,1,0,0,0,1,1,0,1,1,0,1,1,0,1,0,0,1,0,0,0,0,1,1,0,1,0,0,0,0,1,deadline_cif.y4m,17.45,17.432,0.255773,0.002922,0.0,248
1,1,0,1,0,0,0,0,0,0,0,0,1,0,1,1,1,1,1,1,0,1,0,0,0,0,0,1,0,1,0,1,1,0,0,0,0,1,deadline_cif.y4m,412.02,408.564,18.709154,0.003403,0.0,130
1,1,0,0,0,1,0,0,0,0,0,0,1,0,1,1,1,1,1,1,0,1,0,0,0,0,0,0,1,1,1,0,0,0,0,0,0,0,deadline_cif.y4m,334.91,334.828,0.611286,0.004763,0.0,324
1,1,1,0,0,0,0,0,0,0,0,0,1,0,1,1,0,1,1,1,0,1,0,1,0,0,0,0,0,1,0,1,0,0,0,0,0,0,deadline_cif.y4m,296.5,296.6,0.150831,0.006564,0.0,354
1,1,0,0,0,0,0,0,0,0,1,0,1,0,1,1,0,0,1,1,0,1,0,0,0,1,0,0,0,1,0,1,0,0,0,0,0,0,deadline_cif.y4m,173.54,173.396,0.406977,0.003505,0.0,291
1,1,0,0,0,0,0,0,0,0,1,0,1,1,0,1,0,0,1,1,0,1,0,1,0,0,0,0,0,1,1,0,1,0,1,0,0,0,deadline_cif.y4m,5.99,5.96,0.135277,0.00312,0.0,237
1,1,0,0,0,1,0,0,0,0,0,0,1,1,0,1,1,0,1,1,0,1,1,0,0,0,0,0,0,1,1,0,1,1,0,0,0,0,deadline_cif.y4m,7.86,7.854,0.042778,0.002429,0.0,183
1,1,0,0,0,1,0,0,0,0,0,0,1,0,1,1,1,1,1,0,1,1,0,0,1,0,0,0,0,1,0,1,0,0,0,0,0,0,deadline_cif.y4m,6.72,6.728,0.043243,0.003323,0.0,227
1,1,0,0,0,0,0,0,1,0,0,0,1,1,0,1,0,1,1,0,1,1,0,0,0,0,0,1,0,1,0,1,0,0,0,0,0,0,deadline_cif.y4m,18.68,18.698,0.051672,0.003604,0.0,338
1,1,0,0,1,0,0,0,0,0,0,0,1,0,1,1,0,0,1,0,1,1,1,0,0,0,0,0,0,1,1,0,1,0,0,0,1,0,deadline_cif.y4m,56.47,56.458,0.093381,0.002827,0.0,142
1,1,0,0,1,0,0,0,0,0,0,0,1,1,0,1,1,1,1,0,1,1,0,0,1,0,0,0,0,1,1,0,1,0,0,0,0,1,deadline_cif.y4m,52.99,52.982,0.078867,0.00464,0.0,332
1,1,0,0,0,0,0,0,0,1,0,0,1,0,1,1,0,0,1,1,0,1,0,0,0,0,1,0,0,1,0,1,1,0,0,0,1,0,deadline_cif.y4m,472.48,472.268,0.961312,0.003681,0.0,95
1,1,0,0,1,0,0,0,0,0,0,0,1,0,1,1,0,0,1,0,1,1,0,0,0,1,0,0,0,1,0,1,0,0,0,0,0,0,deadline_cif.y4m,32.07,32.02,0.111131,0.004779,0.0,289
1,1,0,0,1,0,0,0,0,0,0,0,1,1,0,1,0,0,1,0,1,1,0,0,0,0,0,1,0,1,0,1,1,0,0,1,0,0,deadline_cif.y4m,5.52,5.502,0.034205,0.00312,0.0,378
1,1,0,0,1,0,0,0,0,0,0,0,1,1,0,1,1,1,1,1,0,1,0,0,1,0,0,0,0,1,0,1,1,0,0,0,1,0,deadline_cif.y4m,118.48,118.322,0.478038,0.002796,0.0,278
1,1,0,0,0,0,0,0,0,0,1,0,1,0,1,1,1,0,1,0,1,1,1,0,0,0,0,0,0,1,0,1,1,0,0,0,1,0,deadline_cif.y4m,23.41,23.416,0.035777,0.004927,0.0,30
1,1,0,0,1,0,0,0,0,0,0,0,1,1,0,1,0,0,1,0,1,1,0,1,0,0,0,0,0,1,0,1,1,0,0,0,0,1,deadline_cif.y4m,5.21,5.22,0.02,0.003582,0.0,120
1,1,0,0,0,1,0,0,0,0,0,0,1,1,0,1,1,1,1,0,1,1,0,0,0,0,0,1,0,1,0,1,0,0,0,0,0,0,deadline_cif.y4m,7.51,7.532,0.070143,0.003117,0.0,265
1,1,0,0,0,0,0,0,0,0,1,0,1,1,0,1,1,0,1,1,0,1,0,0,0,0,0,1,0,1,0,1,0,0,0,0,0,0,deadline_cif.y4m,16.34,16.338,0.060166,0.003357,0.0,296
1,1,0,0,0,0,0,1,0,0,0,0,1,1,0,1,1,1,1,1,0,1,0,1,0,0,0,0,0,1,0,1,0,0,0,0,0,0,deadline_cif.y4m,29.1,29.082,0.147547,0.00349,0.0,232
1,1,0,0,0,0,0,0,0,0,1,0,1,0,1,1,0,0,1,1,0,1,0,0,1,0,0,0,0,1,1,0,1,0,0,1,0,0,deadline_cif.y4m,23.12,23.092,0.08167,0.005022,0.0,310
1,1,0,0,0,0,0,1,0,0,0,0,1,0,1,1,1,1,1,0,1,1,0,0,0,0,0,1,0,1,0,1,1,0,0,1,0,0,deadline_cif.y4m,267.86,267.754,0.908367,0.004707,0.0,349
1,1,0,0,1,0,0,0,0,0,0,0,1,1,0,1,0,1,1,0,1,1,0,0,0,0,0,1,0,1,0,1,0,0,0,0,0,0,deadline_cif.y4m,17.14,17.134,0.053666,0.004908,0.0,377
1,1,0,0,0,0,0,0,0,1,0,0,1,0,1,1,1,1,1,1,0,1,0,0,0,0,1,0,0,1,0,1,1,0,0,0,1,0,deadline_cif.y4m,453.27,453.224,0.29754,0.00306,0.0,94
1,1,1,0,0,0,0,0,0,0,0,0,1,1,0,1,1,0,1,0,1,1,1,0,0,0,0,0,0,1,0,1,1,1,0,0,0,0,deadline_cif.y4m,21.87,21.848,0.115412,0.005228,0.0,178
1,1,0,0,0,0,0,0,0,0,1,0,1,0,1,1,0,0,1,1,0,1,0,0,0,0,0,1,0,1,0,1,1,0,0,0,0,1,deadline_cif.y4m,19.77,19.772,0.136272,0.004764,0.0,127
1,1,0,0,0,0,0,1,0,0,0,0,1,0,1,1,1,0,1,0,1,1,0,0,0,1,0,0,0,1,0,1,1,0,0,0,1,0,deadline_cif.y4m,5.92,5.932,0.047645,0.003072,0.0,111
1,1,1,0,0,0,0,0,0,0,0,0,1,0,1,1,0,1,1,1,0,1,0,1,0,0,0,0,0,1,0,1,1,0,0,1,0,0,deadline_cif.y4m,15.41,15.43,0.069642,0.005037,0.0,353
1,1,0,0,0,0,1,0,0,0,0,0,1,0,1,1,1,1,1,1,0,1,0,1,0,0,0,0,0,1,1,0,1,0,0,0,1,0,deadline_cif.y4m,15.61,15.606,0.021909,0.00337,0.0,45
1,1,0,0,0,1,0,0,0,0,0,0,1,0,1,1,1,1,1,0,1,1,0,0,1,0,0,0,0,1,1,0,0,0,0,0,0,0,deadline_cif.y4m,5.06,5.064,0.011402,0.003424,0.0,226
1,1,0,0,0,0,0,0,0,0,0,1,1,1,0,1,1,0,1,0,1,1,0,0,0,0,0,1,0,1,1,0,1,0,0,0,0,1,deadline_cif.y4m,18.64,18.622,0.105925,0.003199,0.0,59
1,1,0,0,0,0,0,0,1,0,0,0,1,1,0,1,1,1,1,1,0,1,1,0,0,0,0,0,0,1,0,1,1,1,0,0,0,0,deadline_cif.y4m,125.33,124.268,1.832013,0.003507,0.0,19
1,1,0,0,0,0,0,0,0,0,0,1,1,1,0,1,0,1,1,0,1,1,0,0,0,1,0,0,0,1,1,0,1,1,0,0,0,0,deadline_cif.y4m,68.77,68.546,0.588923,0.002855,0.0,304
1,1,0,0,0,0,0,0,1,0,0,0,1,0,1,1,0,1,1,0,1,1,0,1,0,0,0,0,0,1,0,1,0,0,0,0,0,0,deadline_cif.y4m,16.75,16.742,0.043243,0.002922,0.0,207
1,1,0,0,0,0,1,0,0,0,0,0,1,1,0,1,1,1,1,1,0,1,0,1,0,0,0,0,0,1,1,0,0,0,0,0,0,0,deadline_cif.y4m,398.7,397.142,7.653925,0.003421,0.0,43
1,1,0,0,0,0,1,0,0,0,0,0,1,1,0,1,1,0,1,1,0,1,1,0,0,0,0,0,0,1,1,0,1,0,0,0,0,1,deadline_cif.y4m,7.83,7.816,0.027928,0.00312,0.0,40
1,1,0,0,0,1,0,0,0,0,0,0,1,0,1,1,0,1,1,1,0,1,1,0,0,0,0,0,0,1,1,0,1,1,0,0,0,0,deadline_cif.y4m,313.61,313.494,0.254814,0.004773,0.0,186
1,1,0,0,1,0,0,0,0,0,0,0,1,0,1,1,0,0,1,0,1,1,0,0,0,1,0,0,0,1,0,1,1,0,0,0,0,1,deadline_cif.y4m,9.21,9.284,0.17126,0.003525,0.0,288
1,1,1,0,0,0,0,0,0,0,0,0,1,1,0,1,1,0,1,1,0,1,0,1,0,0,0,0,0,1,1,0,1,0,1,0,0,0,deadline_cif.y4m,15.32,15.286,0.082644,0.003248,0.0,82
1,1,0,0,0,0,0,0,0,0,1,0,1,0,1,1,1,1,1,0,1,1,0,0,0,1,0,0,0,1,0,1,0,0,0,0,0,0,deadline_cif.y4m,11.46,11.456,0.032094,0.002621,0.0,211
1,1,0,0,1,0,0,0,0,0,0,0,1,0,1,1,1,1,1,0,1,1,0,0,0,0,0,1,0,1,1,0,1,0,0,1,0,0,deadline_cif.y4m,201.5,201.372,0.901787,0.0035,0.0,347
1,1,0,1,0,0,0,0,0,0,0,0,1,0,1,1,0,0,1,1,0,1,1,0,0,0,0,0,0,1,1,0,1,0,0,0,1,0,deadline_cif.y4m,29.82,29.79,0.090277,0.003484,0.0,13
1,1,0,0,0,0,0,1,0,0,0,0,1,0,1,1,1,1,1,0,1,1,0,0,1,0,0,0,0,1,0,1,0,0,0,0,0,0,deadline_cif.y4m,1104.76,1104.828,0.533217,0.00365,0.0,228
1,1,0,0,0,0,0,0,0,1,0,0,1,1,0,1,0,1,1,0,1,1,0,0,1,0,0,0,0,1,0,1,1,0,0,0,0,1,deadline_cif.y4m,20.16,20.15,0.076158,0.00293,0.0,335
1,1,0,0,0,0,0,0,1,0,0,0,1,1,0,1,1,0,1,0,1,1,0,0,1,0,0,0,0,1,1,0,1,1,0,0,0,0,deadline_cif.y4m,67.73,67.748,0.138636,0.004649,0.0,24
1,1,1,0,0,0,0,0,0,0,0,0,1,0,1,1,0,1,1,0,1,1,0,1,0,0,0,0,0,1,0,1,1,0,0,1,0,0,deadline_cif.y4m,449.94,449.9,0.426321,0.0064,0.0,352
1,1,0,0,0,0,1,0,0,0,0,0,1,0,1,1,0,0,1,1,0,1,0,0,0,0,0,1,0,1,1,0,0,0,0,0,0,0,deadline_cif.y4m,12.61,12.614,0.051769,0.002641,0.0,368
1,1,1,0,0,0,0,0,0,0,0,0,1,0,1,1,1,1,1,1,0,1,0,1,0,0,0,0,0,1,1,0,0,0,0,0,0,0,deadline_cif.y4m,5.82,5.884,0.258322,0.00359,0.0,80
1,1,0,0,1,0,0,0,0,0,0,0,1,1,0,1,0,0,1,0,1,1,0,1,0,0,0,0,0,1,0,1,0,0,0,0,0,0,deadline_cif.y4m,71.18,71.178,0.055408,0.003602,0.0,121
1,1,0,0,0,0,0,0,0,0,1,0,1,0,1,1,1,1,1,0,1,1,0,0,1,0,0,0,0,1,1,0,1,1,0,0,0,0,deadline_cif.y4m,9.37,9.38,0.038079,0.002385,0.0,156
1,1,0,1,0,0,0,0,0,0,0,0,1,0,1,1,1,1,1,1,0,1,0,0,0,0,0,1,0,1,1,0,1,1,0,0,0,0,deadline_cif.y4m,3.48,3.488,0.020494,0.003129,0.0,9
1,1,0,0,0,0,0,0,0,0,1,0,1,1,0,1,0,0,1,1,0,1,0,0,0,0,1,0,0,1,1,0,1,0,0,0,0,1,deadline_cif.y4m,19.74,19.706,0.061074,0.002801,0.0,165
1,1,0,0,0,0,0,0,0,0,1,0,1,0,1,1,0,0,1,1,0,1,0,1,0,0,0,0,0,1,0,1,1,0,0,0,0,1,deadline_cif.y4m,13.91,13.948,0.128725,0.002549,0.0,126
1,1,0,0,1,0,0,0,0,0,0,0,1,1,0,1,1,1,1,0,1,1,0,0,1,0,0,0,0,1,0,1,1,0,1,0,0,0,deadline_cif.y4m,5.55,5.558,0.033466,0.00359,0.0,280
1,1,0,0,0,0,0,1,0,0,0,0,1,0,1,1,1,1,1,1,0,1,0,1,0,0,0,0,0,1,0,1,1,0,0,0,1,0,deadline_cif.y4m,4.45,4.444,0.0251,0.006639,0.0,172
1,1,0,0,0,0,0,0,0,0,1,0,1,0,1,1,0,1,1,1,0,1,0,0,0,1,0,0,0,1,0,1,0,0,0,0,0,0,deadline_cif.y4m,25.83,25.834,0.050299,0.005165,0.0,292
1,1,0,0,0,0,0,0,0,0,1,0,1,1,0,1,1,1,1,0,1,1,0,0,0,0,0,1,0,1,1,0,0,0,0,0,0,0,deadline_cif.y4m,49.18,49.136,0.110815,0.003641,0.0,105
1,1,0,0,0,1,0,0,0,0,0,0,1,0,1,1,1,1,1,0,1,1,0,0,0,0,0,0,1,1,1,0,1,0,1,0,0,0,deadline_cif.y4m,41.32,41.356,0.166523,0.004765,0.0,76
1,1,0,0,0,1,0,0,0,0,0,0,1,0,1,1,0,0,1,1,0,1,1,0,0,0,0,0,0,1,1,0,1,0,0,0,0,1,deadline_cif.y4m,204.83,204.892,0.502762,0.00351,0.0,221
1,1,0,0,0,0,0,0,0,0,1,0,1,1,0,1,1,0,1,1,0,1,0,0,0,0,1,0,0,1,0,1,1,0,0,0,0,1,deadline_cif.y4m,101.57,101.574,0.128957,0.004522,0.0,167
1,1,0,0,0,0,0,0,0,0,1,0,1,0,1,1,0,1,1,0,1,1,1,0,0,0,0,0,0,1,1,0,1,0,0,0,0,1,deadline_cif.y4m,729.39,729.162,0.635704,0.003264,0.0,35
1,1,0,0,1,0,0,0,0,0,0,0,1,1,0,1,0,0,1,1,0,1,0,1,0,0,0,0,0,1,0,1,1,0,1,0,0,0,deadline_cif.y4m,8.99,8.974,0.037815,0.002489,0.0,235
1,1,0,0,0,0,0,0,0,1,0,0,1,1,0,1,1,1,1,0,1,1,0,0,1,0,0,0,0,1,0,1,1,0,0,0,0,1,deadline_cif.y4m,30.72,30.722,0.038987,0.00482,0.0,333
1,1,0,0,0,0,1,0,0,0,0,0,1,0,1,1,1,1,1,1,0,1,0,1,0,0,0,0,0,1,1,0,0,0,0,0,0,0,deadline_cif.y4m,212.8,212.864,0.15678,0.003577,0.0,44
1,1,0,0,1,0,0,0,0,0,0,0,1,0,1,1,0,1,1,1,0,1,0,1,0,0,0,0,0,1,0,1,1,1,0,0,0,0,deadline_cif.y4m,330.14,330.0,0.488518,0.002959,0.0,256
1,1,0,0,0,0,0,1,0,0,0,0,1,0,1,1,1,0,1,0,1,1,0,1,0,0,0,0,0,1,0,1,1,0,0,0,0,1,deadline_cif.y4m,1896.36,1895.84,1.636964,0.004949,0.0,192
1,1,0,0,0,0,1,0,0,0,0,0,1,1,0,1,1,1,1,1,0,1,1,0,0,0,0,0,0,1,1,0,1,0,0,0,0,1,deadline_cif.y4m,43.59,43.616,0.068044,0.002902,0.0,41
1,1,0,0,0,0,0,0,0,0,1,0,1,0,1,1,0,1,1,1,0,1,0,0,0,0,0,1,0,1,0,1,1,0,0,0,1,0,deadline_cif.y4m,268.04,267.65,1.021323,0.005751,0.0,273
1,1,0,0,0,0,0,0,0,0,1,0,1,1,0,1,0,1,1,0,1,1,0,0,0,0,0,1,0,1,0,1,0,0,0,0,0,0,deadline_cif.y4m,273.24,273.148,0.364788,0.00586,0.0,101
1,1,0,0,0,0,0,0,0,0,1,0,1,0,1,1,1,1,1,0,1,1,0,0,0,0,1,0,0,1,1,0,1,0,1,0,0,0,deadline_cif.y4m,123.73,123.672,0.161307,0.003581,0.0,242
1,1,0,0,0,0,0,0,0,0,1,0,1,1,0,1,0,1,1,0,1,1,0,0,0,0,0,1,0,1,1,0,0,0,0,0,0,0,deadline_cif.y4m,34.23,34.422,0.322909,0.006066,0.0,103
1,1,1,0,0,0,0,0,0,0,0,0,1,1,0,1,1,0,1,1,0,1,0,1,0,0,0,0,0,1,0,1,0,0,0,0,0,0,deadline_cif.y4m,222.55,222.404,0.457526,0.003038,0.0,1
1,1,0,0,0,0,0,1,0,0,0,0,1,1,0,1,0,0,1,0,1,1,0,0,0,0,0,1,0,1,0,1,1,0,0,0,0,1,deadline_cif.y4m,15.51,15.576,0.159781,0.005037,0.0,56
1,1,0,0,1,0,0,0,0,0,0,0,1,0,1,1,0,0,1,0,1,1,0,0,0,0,0,0,1,1,0,1,0,0,0,0,0,0,deadline_cif.y4m,48.75,48.752,0.053572,0.003641,0.0,373
1,1,0,0,0,0,0,0,1,0,0,0,1,1,0,1,1,1,1,0,1,1,0,1,0,0,0,0,0,1,0,1,1,0,1,0,0,0,deadline_cif.y4m,300.33,300.178,0.563445,0.003494,0.0,318
1,1,0,0,0,1,0,0,0,0,0,0,1,1,0,1,0,0,1,1,0,1,0,0,0,0,1,0,0,1,1,0,0,0,0,0,0,0,deadline_cif.y4m,739.08,738.406,1.486264,0.00373,0.0,69
1,1,0,1,0,0,0,0,0,0,0,0,1,0,1,1,0,0,1,1,0,1,0,0,0,0,0,1,0,1,1,0,1,1,0,0,0,0,deadline_cif.y4m,15.39,15.396,0.04827,0.004889,0.0,11
1,1,0,0,1,0,0,0,0,0,0,0,1,0,1,1,0,0,1,1,0,1,0,1,0,0,0,0,0,1,0,1,1,0,0,1,0,0,deadline_cif.y4m,17.09,17.094,0.057271,0.003585,0.0,258
1,1,0,0,0,0,0,0,0,0,1,0,1,0,1,1,0,0,1,1,0,1,0,1,0,0,0,0,0,1,1,0,1,0,1,0,0,0,deadline_cif.y4m,1162.63,1162.868,0.60677,0.005036,0.0,238
1,1,0,0,0,0,0,1,0,0,0,0,1,0,1,1,1,0,1,1,0,1,1,0,0,0,0,0,0,1,0,1,1,0,0,0,1,0,deadline_cif.y4m,1004.85,1005.804,2.914881,0.003641,0.0,173
1,1,0,0,0,0,0,1,0,0,0,0,1,0,1,1,0,1,1,0,1,1,0,1,0,0,0,0,0,1,0,1,1,1,0,0,0,0,deadline_cif.y4m,797.22,795.618,8.086756,0.00298,0.0,190
1,1,0,1,0,0,0,0,0,0,0,0,1,0,1,1,1,0,1,1,0,1,0,0,0,0,0,1,0,1,0,1,1,1,0,0,0,0,deadline_cif.y4m,205.0,204.92,0.290947,0.002902,0.0,7
1,1,0,0,0,1,0,0,0,0,0,0,1,0,1,1,1,1,1,0,1,1,0,0,0,0,0,0,1,1,1,0,0,0,0,0,0,0,deadline_cif.y4m,6.35,6.37,0.059582,0.003257,0.0,323
1,1,0,0,0,1,0,0,0,0,0,0,1,0,1,1,0,0,1,0,1,1,0,0,0,0,0,0,1,1,1,0,1,0,0,0,1,0,deadline_cif.y4m,407.66,407.802,2.306116,0.002907,0.0,73
1,1,0,0,0,0,0,0,0,0,1,0,1,0,1,1,1,0,1,0,1,1,0,1,0,0,0,0,0,1,0,1,0,0,0,0,0,0,deadline_cif.y4m,360.06,359.884,2.295742,0.003421,0.0,209
1,1,0,1,0,0,0,0,0,0,0,0,1,1,0,1,1,0,1,0,1,1,1,0,0,0,0,0,0,1,1,0,0,0,0,0,0,0,deadline_cif.y4m,15.91,15.888,0.046583,0.002899,0.0,138
1,1,0,0,0,1,0,0,0,0,0,0,1,1,0,1,1,1,1,1,0,1,0,0,0,0,0,1,0,1,0,1,0,0,0,0,0,0,deadline_cif.y4m,283.75,283.434,1.258503,0.004683,0.0,264
1,1,0,0,0,0,0,0,0,1,0,0,1,0,1,1,0,1,1,0,1,1,0,0,0,0,0,1,0,1,0,1,1,0,0,0,1,0,deadline_cif.y4m,797.09,796.888,0.838493,0.00373,0.0,98
1,1,0,0,0,0,0,0,0,0,1,0,1,1,0,1,0,0,1,0,1,1,0,0,0,0,0,1,0,1,1,0,1,0,0,1,0,0,deadline_cif.y4m,11.36,11.364,0.015166,0.002678,0.0,380
1,1,0,0,1,0,0,0,0,0,0,0,1,1,0,1,1,1,1,1,0,1,0,1,0,0,0,0,0,1,1,0,1,0,1,0,0,0,deadline_cif.y4m,421.7,420.234,3.76674,0.005674,0.0,85
1,1,0,0,0,0,0,0,0,0,1,0,1,0,1,1,0,0,1,0,1,1,1,0,0,0,0,0,0,1,0,1,1,0,0,0,1,0,deadline_cif.y4m,219.9,219.848,0.338038,0.003556,0.0,31
1,1,0,1,0,0,0,0,0,0,0,0,1,0,1,1,1,0,1,1,0,1,0,0,0,0,0,1,0,1,1,0,1,1,0,0,0,0,deadline_cif.y4m,9.16,9.168,0.022804,0.00312,0.0,8
1,1,0,0,1,0,0,0,0,0,0,0,1,1,0,1,1,1,1,1,0,1,1,0,0,0,0,0,0,1,0,1,1,1,0,0,0,0,deadline_cif.y4m,21.37,21.322,0.067231,0.003604,0.0,216
1,1,0,0,1,0,0,0,0,0,0,0,1,1,0,1,1,1,1,0,1,1,0,0,0,1,0,0,0,1,0,1,1,1,0,0,0,0,deadline_cif.y4m,3.96,3.95,0.017321,0.003582,0.0,214
1,1,0,0,0,0,0,0,1,0,0,0,1,1,0,1,0,0,1,1,0,1,0,0,0,0,0,1,0,1,1,0,0,0,0,0,0,0,deadline_cif.y4m,21.73,21.748,0.123774,0.002569,0.0,341
1,1,0,0,1,0,0,0,0,0,0,0,1,1,0,1,0,0,1,1,0,1,0,1,0,0,0,0,0,1,1,0,1,0,1,0,0,0,deadline_cif.y4m,13.49,13.508,0.049193,0.005206,0.0,236
1,1,0,0,0,0,0,0,0,0,1,0,1,0,1,1,0,0,1,0,1,1,0,0,0,0,1,0,0,1,1,0,1,0,1,0,0,0,deadline_cif.y4m,32.64,32.658,0.086718,0.005392,0.0,240
1,1,0,0,0,0,0,1,0,0,0,0,1,0,1,1,0,0,1,0,1,1,0,0,0,1,0,0,0,1,0,1,1,0,0,0,1,0,deadline_cif.y4m,40.21,40.196,0.058138,0.006066,0.0,51
1,1,1,0,0,0,0,0,0,0,0,0,1,0,1,1,1,1,1,0,1,1,0,0,0,0,0,0,1,1,1,0,1,0,1,0,0,0,deadline_cif.y4m,20.12,20.132,0.059749,0.003588,0.0,77
1,1,0,0,0,0,0,0,0,0,1,0,1,0,1,1,1,0,1,1,0,1,0,0,0,0,0,1,0,1,0,1,1,0,0,0,0,1,deadline_cif.y4m,22.38,22.41,0.070711,0.003479,0.0,128
1,1,0,0,1,0,0,0,0,0,0,0,1,1,0,1,0,0,1,1,0,1,0,1,0,0,0,0,0,1,0,1,0,0,0,0,0,0,deadline_cif.y4m,173.13,173.158,0.142021,0.003505,0.0,234
1,1,0,0,0,0,0,0,1,0,0,0,1,0,1,1,1,0,1,0,1,1,0,0,0,0,0,1,0,1,0,1,1,0,0,0,1,0,deadline_cif.y4m,1947.97,1948.148,0.534294,0.004949,0.0,28
1,1,0,0,1,0,0,0,0,0,0,0,1,1,0,1,1,0,1,0,1,1,1,0,0,0,0,0,0,1,1,0,0,0,0,0,0,0,deadline_cif.y4m,206.51,206.57,0.58826,0.002902,0.0,139
1,1,0,0,0,0,0,0,0,0,1,0,1,0,1,1,1,0,1,1,0,1,0,0,0,0,1,0,0,1,1,0,1,0,1,0,0,0,deadline_cif.y4m,3.62,3.62,0.015811,0.00334,0.0,152
1,1,0,1,0,0,0,0,0,0,0,0,1,0,1,1,0,0,1,1,0,1,0,0,0,0,0,1,0,1,1,0,1,0,0,0,1,0,deadline_cif.y4m,317.59,317.58,1.208594,0.006465,0.0,12
1,1,0,0,0,0,1,0,0,0,0,0,1,0,1,1,0,1,1,1,0,1,0,0,0,0,0,1,0,1,1,0,0,0,0,0,0,0,deadline_cif.y4m,3.68,3.74,0.1251,0.00334,0.0,369
1,1,0,0,0,0,0,0,0,0,0,1,1,1,0,1,1,0,1,0,1,1,0,0,0,0,0,1,0,1,0,1,1,0,0,0,0,1,deadline_cif.y4m,101.38,101.402,0.049699,0.004522,0.0,58
1,1,0,0,0,0,0,0,1,0,0,0,1,1,0,1,1,0,1,1,0,1,1,0,0,0,0,0,0,1,1,0,0,0,0,0,0,0,deadline_cif.y4m,91.27,91.288,0.185661,0.005869,0.0,64
1,1,0,0,0,0,0,0,1,0,0,0,1,1,0,1,1,0,1,1,0,1,0,0,1,0,0,0,0,1,1,0,1,1,0,0,0,0,deadline_cif.y4m,64.35,64.296,0.105262,0.003552,0.0,21
1,1,0,0,0,1,0,0,0,0,0,0,1,0,1,1,1,1,1,0,1,1,0,0,1,0,0,0,0,1,1,0,1,0,0,0,0,1,deadline_cif.y4m,204.07,203.954,0.345007,0.0035,0.0,225
1,1,0,0,0,0,1,0,0,0,0,0,1,0,1,1,1,0,1,1,0,1,0,0,0,0,0,1,0,1,1,0,1,0,0,0,1,0,deadline_cif.y4m,279.7,279.09,2.235565,0.002901,0.0,366
1,1,0,0,0,0,0,1,0,0,0,0,1,0,1,1,1,1,1,0,1,1,0,0,1,0,0,0,0,1,0,1,1,0,0,0,0,1,flower_cif.y4m,3.66,3.67,0.035355,0.010437,0.0,114
1,1,0,0,1,0,0,0,0,0,0,0,1,1,0,1,1,1,1,0,1,1,0,0,1,0,0,0,0,1,1,0,1,0,1,0,0,0,flower_cif.y4m,3.19,3.196,0.015166,0.00989,0.0,281
1,1,0,0,0,1,0,0,0,0,0,0,1,0,1,1,1,0,1,1,0,1,0,0,0,0,0,0,1,1,1,0,1,0,0,1,0,0,flower_cif.y4m,5.24,5.232,0.0249,0.010184,0.0,325
1,1,1,0,0,0,0,0,0,0,0,0,1,1,0,1,1,0,1,1,0,1,0,0,0,0,1,0,0,1,1,0,1,1,0,0,0,0,flower_cif.y4m,4.86,4.884,0.039115,0.014545,0.0,181
1,1,0,0,0,0,0,0,1,0,0,0,1,1,0,1,1,0,1,0,1,1,0,0,1,0,0,0,0,1,1,0,1,0,0,0,0,1,flower_cif.y4m,106.81,106.712,0.553191,0.012057,0.0,247
1,1,0,0,0,0,0,0,0,0,1,0,1,1,0,1,1,0,1,1,0,1,0,0,0,0,1,0,0,1,1,0,1,0,0,0,0,1,flower_cif.y4m,175.24,174.85,0.812773,0.01288,0.0,166
1,1,0,0,0,0,0,0,1,0,0,0,1,1,0,1,1,0,1,0,1,1,0,0,1,0,0,0,0,1,1,0,1,0,0,0,1,0,flower_cif.y4m,8.45,8.462,0.048166,0.020356,0.0,25
1,1,0,0,0,0,0,1,0,0,0,0,1,0,1,1,0,0,1,1,0,1,0,1,0,0,0,0,0,1,0,1,0,0,0,0,0,0,flower_cif.y4m,9.7,9.764,0.224009,0.013669,0.0,355
1,1,0,0,1,0,0,0,0,0,0,0,1,1,0,1,0,0,1,1,0,1,1,0,0,0,0,0,0,1,1,0,1,0,0,0,0,1,flower_cif.y4m,1.62,1.624,0.008944,0.019058,0.0,219
1,1,0,0,0,1,0,0,0,0,0,0,1,1,0,1,1,0,1,1,0,1,0,0,0,0,1,0,0,1,1,0,1,1,0,0,0,0,flower_cif.y4m,9.72,9.758,0.170206,0.013669,0.0,182
1,1,0,1,0,0,0,0,0,0,0,0,1,0,1,1,0,1,1,1,0,1,0,0,0,0,0,1,0,1,1,0,1,1,0,0,0,0,flower_cif.y4m,3.46,3.462,0.029496,0.014713,0.0,10
1,1,0,0,1,0,0,0,0,0,0,0,1,1,0,1,1,0,1,0,1,1,0,0,1,0,0,0,0,1,0,1,1,0,0,0,0,1,flower_cif.y4m,39.33,39.334,0.092358,0.020353,0.0,116
1,1,0,0,0,1,0,0,0,0,0,0,1,1,0,1,1,1,1,0,1,1,0,0,0,0,0,1,0,1,0,1,1,1,0,0,0,0,flower_cif.y4m,6.05,6.056,0.068411,0.010144,0.0,266
1,1,0,0,0,0,0,0,1,0,0,0,1,1,0,1,0,0,1,0,1,1,0,0,1,0,0,0,0,1,1,0,1,0,0,1,0,0,flower_cif.y4m,24.88,24.878,0.082885,0.020721,0.0,313
1,1,0,0,0,0,0,1,0,0,0,0,1,0,1,1,0,0,1,1,0,1,0,0,0,0,0,0,1,1,0,1,0,0,0,0,0,0,flower_cif.y4m,12.3,12.27,0.057879,0.021584,0.0,357
1,1,0,0,0,1,0,0,0,0,0,0,1,0,1,1,0,1,1,0,1,1,1,0,0,0,0,0,0,1,1,0,1,1,0,0,0,0,flower_cif.y4m,1.98,1.982,0.004472,0.020212,0.0,187
1,1,0,0,0,0,0,0,1,0,0,0,1,1,0,1,1,1,1,0,1,1,0,0,1,0,0,0,0,1,1,0,1,1,0,0,0,0,flower_cif.y4m,397.1,397.138,0.10895,0.012827,0.0,23
1,1,0,0,1,0,0,0,0,0,0,0,1,1,0,1,1,0,1,1,0,1,0,1,0,0,0,0,0,1,0,1,0,0,0,0,0,0,flower_cif.y4m,41.33,41.314,0.114586,0.016708,0.0,2
1,1,0,0,0,0,0,0,0,0,0,1,1,1,0,1,1,0,1,0,1,1,0,0,0,0,0,1,0,1,1,0,1,1,0,0,0,0,flower_cif.y4m,138.3,138.146,0.414162,0.012839,0.0,301
1,1,0,0,0,0,0,1,0,0,0,0,1,0,1,1,0,1,1,1,0,1,0,1,0,0,0,0,0,1,0,1,0,0,0,0,0,0,flower_cif.y4m,150.71,148.572,3.377502,0.020275,0.0,356
1,1,0,0,0,0,0,0,0,0,1,0,1,1,0,1,0,1,1,0,1,1,0,0,0,0,0,1,0,1,0,1,1,1,0,0,0,0,flower_cif.y4m,12.84,12.84,0.01,0.013329,0.0,269
1,1,0,0,0,0,0,0,0,0,1,0,1,0,1,1,0,1,1,1,0,1,0,0,1,0,0,0,0,1,0,1,1,0,0,0,1,0,flower_cif.y4m,8.15,8.16,0.051478,0.021681,0.0,274
1,1,0,0,0,0,0,0,0,0,1,0,1,0,1,1,0,1,1,1,0,1,0,0,0,1,0,0,0,1,1,0,1,1,0,0,0,0,flower_cif.y4m,6.39,6.396,0.027928,0.018828,0.0,307
1,1,0,0,1,0,0,0,0,0,0,0,1,0,1,1,0,1,1,1,0,1,0,0,1,0,0,0,0,1,0,1,1,1,0,0,0,0,flower_cif.y4m,21.51,21.558,0.090388,0.020399,0.0,254
1,1,0,0,0,0,0,0,0,0,1,0,1,0,1,1,0,1,1,0,1,1,0,1,0,0,0,0,0,1,0,1,0,0,0,0,0,0,flower_cif.y4m,1.46,1.464,0.011402,0.019188,0.0,208
1,1,0,0,1,0,0,0,0,0,0,0,1,1,0,1,1,1,1,1,0,1,0,0,1,0,0,0,0,1,0,1,1,0,1,0,0,0,flower_cif.y4m,1.73,1.728,0.010954,0.028931,0.0,279
1,1,0,0,0,0,0,1,0,0,0,0,1,1,0,1,1,1,1,1,0,1,0,1,0,0,0,0,0,1,0,1,1,0,0,0,1,0,flower_cif.y4m,5.98,5.994,0.026077,0.012396,0.0,171
1,1,0,0,0,0,0,0,0,1,0,0,1,1,0,1,0,1,1,0,1,1,0,0,0,0,0,1,0,1,0,1,1,0,0,0,1,0,flower_cif.y4m,25.27,25.304,0.061482,0.020721,0.0,99
1,1,1,0,0,0,0,0,0,0,0,0,1,0,1,1,1,1,1,1,0,1,0,1,0,0,0,0,0,1,1,0,1,0,1,0,0,0,flower_cif.y4m,8.39,8.364,0.082037,0.012253,0.0,81
1,1,0,0,0,0,0,0,0,0,1,0,1,0,1,1,1,1,1,0,1,1,0,0,1,0,0,0,0,1,1,0,1,0,1,0,0,0,flower_cif.y4m,2.42,2.41,0.023452,0.020054,0.0,155
1,1,0,0,0,1,0,0,0,0,0,0,1,1,0,1,0,1,1,1,0,1,1,0,0,0,0,0,0,1,1,0,1,1,0,0,0,0,flower_cif.y4m,4.62,4.616,0.023022,0.018828,0.0,185
1,1,0,0,1,0,0,0,0,0,0,0,1,1,0,1,0,0,1,0,1,1,0,0,0,0,0,1,0,1,0,1,0,0,0,0,0,0,flower_cif.y4m,3.5,3.516,0.037815,0.014038,0.0,376
1,1,0,0,0,0,0,0,1,0,0,0,1,1,0,1,0,1,1,0,1,1,0,1,0,0,0,0,0,1,1,0,0,0,0,0,0,0,flower_cif.y4m,1.14,1.138,0.004472,0.018747,0.0,204
1,1,0,0,0,0,0,0,1,0,0,0,1,1,0,1,1,0,1,0,1,1,0,0,0,0,1,0,0,1,1,0,1,0,0,0,0,1,flower_cif.y4m,67.17,66.774,0.940149,0.016598,0.0,246
1,1,0,0,0,0,0,1,0,0,0,0,1,1,0,1,1,1,1,0,1,1,0,0,1,0,0,0,0,1,0,1,0,0,0,0,0,0,flower_cif.y4m,44.08,43.978,0.176267,0.012372,0.0,230
1,1,0,0,0,0,0,0,1,0,0,0,1,0,1,1,1,0,1,0,1,1,0,0,0,0,0,1,0,1,1,0,1,0,0,0,1,0,flower_cif.y4m,54.18,54.318,0.219704,0.021744,0.0,27
1,1,0,1,0,0,0,0,0,0,0,0,1,1,0,1,1,1,1,0,1,1,1,0,0,0,0,0,0,1,1,0,0,0,0,0,0,0,flower_cif.y4m,4.34,4.31,0.053385,0.010029,0.0,137
1,1,0,0,0,0,0,0,0,0,1,0,1,1,0,1,1,1,1,1,0,1,0,0,0,0,1,0,0,1,0,1,1,0,0,0,1,0,flower_cif.y4m,5.3,5.306,0.049295,0.018896,0.0,169
1,1,0,0,0,0,0,0,0,0,1,0,1,0,1,1,0,1,1,0,1,1,1,0,0,0,0,0,0,1,0,1,1,0,0,0,0,1,flower_cif.y4m,86.49,86.444,0.112827,0.012278,0.0,33
1,1,0,0,0,0,0,0,1,0,0,0,1,0,1,1,0,1,1,0,1,1,0,1,0,0,0,0,0,1,1,0,0,0,0,0,0,0,flower_cif.y4m,20.22,20.198,0.107098,0.021542,0.0,205
1,1,0,0,0,0,0,0,0,0,1,0,1,1,0,1,1,0,1,0,1,1,0,0,0,0,1,0,0,1,1,0,1,0,0,0,0,1,flower_cif.y4m,7.03,7.006,0.04827,0.012151,0.0,245
1,1,1,0,0,0,0,0,0,0,0,0,1,1,0,1,0,0,1,1,0,1,0,0,1,0,0,0,0,1,1,0,1,0,0,0,0,1,flower_cif.y4m,5.14,5.12,0.067823,0.017785,0.0,163
1,1,0,0,1,0,0,0,0,0,0,0,1,1,0,1,1,0,1,1,0,1,1,0,0,0,0,0,0,1,0,1,1,1,0,0,0,0,flower_cif.y4m,3.51,3.516,0.027019,0.014038,0.0,4
1,1,0,0,1,0,0,0,0,0,0,0,1,1,0,1,0,0,1,0,1,1,1,0,0,0,0,0,0,1,1,0,1,0,0,0,1,0,flower_cif.y4m,2.12,2.1,0.042426,0.028931,0.0,141
1,1,1,0,0,0,0,0,0,0,0,0,1,1,0,1,1,1,1,0,1,1,0,0,1,0,0,0,0,1,1,0,1,1,0,0,0,0,flower_cif.y4m,144.36,144.156,0.559223,0.017167,0.0,159
1,1,0,0,0,0,0,0,1,0,0,0,1,1,0,1,0,1,1,0,1,1,0,0,1,0,0,0,0,1,0,1,1,0,0,0,0,1,flower_cif.y4m,8.84,8.842,0.042071,0.018947,0.0,336
1,1,0,0,0,1,0,0,0,0,0,0,1,1,0,1,0,0,1,0,1,1,0,0,0,0,0,0,1,1,1,0,1,0,0,0,1,0,flower_cif.y4m,31.51,31.54,0.189868,0.011951,0.0,72
1,1,0,0,0,0,0,0,1,0,0,0,1,1,0,1,1,0,1,1,0,1,0,0,1,0,0,0,0,1,1,0,1,0,0,0,0,1,flower_cif.y4m,5.35,5.35,0.027386,0.012321,0.0,248
1,1,0,1,0,0,0,0,0,0,0,0,1,0,1,1,1,1,1,1,0,1,0,0,0,0,0,1,0,1,0,1,1,0,0,0,0,1,flower_cif.y4m,124.51,124.568,0.09985,0.016447,0.0,130
1,1,0,0,0,1,0,0,0,0,0,0,1,0,1,1,1,1,1,1,0,1,0,0,0,0,0,0,1,1,1,0,0,0,0,0,0,0,flower_cif.y4m,89.63,89.668,0.339735,0.012966,0.0,324
1,1,1,0,0,0,0,0,0,0,0,0,1,0,1,1,0,1,1,1,0,1,0,1,0,0,0,0,0,1,0,1,0,0,0,0,0,0,flower_cif.y4m,79.53,79.482,0.090111,0.021695,0.0,354
1,1,0,0,0,0,0,0,0,0,1,0,1,0,1,1,0,0,1,1,0,1,0,0,0,1,0,0,0,1,0,1,0,0,0,0,0,0,flower_cif.y4m,63.5,63.386,0.413074,0.020293,0.0,291
1,1,0,0,0,0,0,0,0,0,1,0,1,1,0,1,0,0,1,1,0,1,0,1,0,0,0,0,0,1,1,0,1,0,1,0,0,0,flower_cif.y4m,2.24,2.248,0.051186,0.018544,0.0,237
1,1,0,0,0,1,0,0,0,0,0,0,1,1,0,1,1,0,1,1,0,1,1,0,0,0,0,0,0,1,1,0,1,1,0,0,0,0,flower_cif.y4m,2.63,2.652,0.051186,0.009979,0.0,183
1,1,0,0,0,1,0,0,0,0,0,0,1,0,1,1,1,1,1,0,1,1,0,0,1,0,0,0,0,1,0,1,0,0,0,0,0,0,flower_cif.y4m,2.56,2.544,0.032094,0.019333,0.0,227
1,1,0,0,0,0,0,0,1,0,0,0,1,1,0,1,0,1,1,0,1,1,0,0,0,0,0,1,0,1,0,1,0,0,0,0,0,0,flower_cif.y4m,5.85,5.854,0.011402,0.01712,0.0,338
1,1,0,0,1,0,0,0,0,0,0,0,1,0,1,1,0,0,1,0,1,1,1,0,0,0,0,0,0,1,1,0,1,0,0,0,1,0,flower_cif.y4m,20.03,20.028,0.053572,0.011988,0.0,142
1,1,0,0,1,0,0,0,0,0,0,0,1,1,0,1,1,1,1,0,1,1,0,0,1,0,0,0,0,1,1,0,1,0,0,0,0,1,flower_cif.y4m,18.44,18.46,0.057009,0.013443,0.0,332
1,1,0,0,0,0,0,0,0,1,0,0,1,0,1,1,0,0,1,1,0,1,0,0,0,0,1,0,0,1,0,1,1,0,0,0,1,0,flower_cif.y4m,144.02,143.84,0.44514,0.020551,0.0,95
1,1,0,0,1,0,0,0,0,0,0,0,1,0,1,1,0,0,1,0,1,1,0,0,0,1,0,0,0,1,0,1,0,0,0,0,0,0,flower_cif.y4m,10.72,10.716,0.050299,0.0138,0.0,289
1,1,0,0,1,0,0,0,0,0,0,0,1,1,0,1,0,0,1,0,1,1,0,0,0,0,0,1,0,1,0,1,1,0,0,1,0,0,flower_cif.y4m,2.11,2.126,0.040373,0.018544,0.0,378
1,1,0,0,1,0,0,0,0,0,0,0,1,1,0,1,1,1,1,1,0,1,0,0,1,0,0,0,0,1,0,1,1,0,0,0,1,0,flower_cif.y4m,39.49,39.464,0.145877,0.011996,0.0,278
1,1,0,0,0,0,0,0,0,0,1,0,1,0,1,1,1,0,1,0,1,1,1,0,0,0,0,0,0,1,0,1,1,0,0,0,1,0,flower_cif.y4m,6.52,6.59,0.163248,0.013722,0.0,30
1,1,0,0,1,0,0,0,0,0,0,0,1,1,0,1,0,0,1,0,1,1,0,1,0,0,0,0,0,1,0,1,1,0,0,0,0,1,flower_cif.y4m,1.78,1.8,0.034641,0.01954,0.0,120
1,1,0,0,0,1,0,0,0,0,0,0,1,1,0,1,1,1,1,0,1,1,0,0,0,0,0,1,0,1,0,1,0,0,0,0,0,0,flower_cif.y4m,2.41,2.412,0.014832,0.01412,0.0,265
1,1,0,0,0,0,0,0,0,0,1,0,1,1,0,1,1,0,1,1,0,1,0,0,0,0,0,1,0,1,0,1,0,0,0,0,0,0,flower_cif.y4m,4.85,4.844,0.033615,0.017903,0.0,296
1,1,0,0,0,0,0,1,0,0,0,0,1,1,0,1,1,1,1,1,0,1,0,1,0,0,0,0,0,1,0,1,0,0,0,0,0,0,flower_cif.y4m,9.46,9.488,0.054498,0.017017,0.0,232
1,1,0,0,0,0,0,0,0,0,1,0,1,0,1,1,0,0,1,1,0,1,0,0,1,0,0,0,0,1,1,0,1,0,0,1,0,0,flower_cif.y4m,7.49,7.494,0.020736,0.018624,0.0,310
1,1,0,0,0,0,0,1,0,0,0,0,1,0,1,1,1,1,1,0,1,1,0,0,0,0,0,1,0,1,0,1,1,0,0,1,0,0,flower_cif.y4m,84.8,84.826,0.303941,0.012812,0.0,349
1,1,0,0,1,0,0,0,0,0,0,0,1,1,0,1,0,1,1,0,1,1,0,0,0,0,0,1,0,1,0,1,0,0,0,0,0,0,flower_cif.y4m,4.68,4.682,0.0249,0.013727,0.0,377
1,1,0,0,0,0,0,0,0,1,0,0,1,0,1,1,1,1,1,1,0,1,0,0,0,0,1,0,0,1,0,1,1,0,0,0,1,0,flower_cif.y4m,132.36,132.472,0.3176,0.012714,0.0,94
1,1,1,0,0,0,0,0,0,0,0,0,1,1,0,1,1,0,1,0,1,1,1,0,0,0,0,0,0,1,0,1,1,1,0,0,0,0,flower_cif.y4m,6.4,6.406,0.040373,0.018828,0.0,178
1,1,0,0,0,0,0,0,0,0,1,0,1,0,1,1,0,0,1,1,0,1,0,0,0,0,0,1,0,1,0,1,1,0,0,0,0,1,flower_cif.y4m,7.14,7.134,0.008944,0.013529,0.0,127
1,1,0,0,0,0,0,1,0,0,0,0,1,0,1,1,1,0,1,0,1,1,0,0,0,1,0,0,0,1,0,1,1,0,0,0,1,0,flower_cif.y4m,1.88,1.884,0.036469,0.018312,0.0,111
1,1,1,0,0,0,0,0,0,0,0,0,1,0,1,1,0,1,1,1,0,1,0,1,0,0,0,0,0,1,0,1,1,0,0,1,0,0,flower_cif.y4m,5.69,5.704,0.045056,0.02051,0.0,353
1,1,0,0,0,0,1,0,0,0,0,0,1,0,1,1,1,1,1,1,0,1,0,1,0,0,0,0,0,1,1,0,1,0,0,0,1,0,flower_cif.y4m,4.5,4.482,0.049193,0.014713,0.0,45
1,1,0,0,0,1,0,0,0,0,0,0,1,0,1,1,1,1,1,0,1,1,0,0,1,0,0,0,0,1,1,0,0,0,0,0,0,0,flower_cif.y4m,1.47,1.466,0.005477,0.019425,0.0,226
1,1,0,0,0,0,0,0,0,0,0,1,1,1,0,1,1,0,1,0,1,1,0,0,0,0,0,1,0,1,1,0,1,0,0,0,0,1,flower_cif.y4m,5.84,5.846,0.048785,0.014456,0.0,59
1,1,0,0,0,0,0,0,1,0,0,0,1,1,0,1,1,1,1,1,0,1,1,0,0,0,0,0,0,1,0,1,1,1,0,0,0,0,flower_cif.y4m,38.11,38.152,0.201668,0.016708,0.0,19
1,1,0,0,0,0,0,0,0,0,0,1,1,1,0,1,0,1,1,0,1,1,0,0,0,1,0,0,0,1,1,0,1,1,0,0,0,0,flower_cif.y4m,18.87,18.864,0.037148,0.011981,0.0,304
1,1,0,0,0,0,0,0,1,0,0,0,1,0,1,1,0,1,1,0,1,1,0,1,0,0,0,0,0,1,0,1,0,0,0,0,0,0,flower_cif.y4m,5.35,5.34,0.026458,0.012321,0.0,207
1,1,0,0,0,0,1,0,0,0,0,0,1,1,0,1,1,1,1,1,0,1,0,1,0,0,0,0,0,1,1,0,0,0,0,0,0,0,flower_cif.y4m,127.9,127.81,0.280179,0.016499,0.0,43
1,1,0,0,0,0,1,0,0,0,0,0,1,1,0,1,1,0,1,1,0,1,1,0,0,0,0,0,0,1,1,0,1,0,0,0,0,1,flower_cif.y4m,2.71,2.716,0.032863,0.017291,0.0,40
1,1,0,0,0,1,0,0,0,0,0,0,1,0,1,1,0,1,1,1,0,1,1,0,0,0,0,0,0,1,1,0,1,1,0,0,0,0,flower_cif.y4m,93.81,93.848,0.118406,0.01312,0.0,186
1,1,0,0,1,0,0,0,0,0,0,0,1,0,1,1,0,0,1,0,1,1,0,0,0,1,0,0,0,1,0,1,1,0,0,0,0,1,flower_cif.y4m,3.04,3.048,0.016432,0.019801,0.0,288
1,1,1,0,0,0,0,0,0,0,0,0,1,1,0,1,1,0,1,1,0,1,0,1,0,0,0,0,0,1,1,0,1,0,1,0,0,0,flower_cif.y4m,4.8,4.8,0.030822,0.014545,0.0,82
1,1,0,0,0,0,0,0,0,0,1,0,1,0,1,1,1,1,1,0,1,1,0,0,0,1,0,0,0,1,0,1,0,0,0,0,0,0,flower_cif.y4m,3.36,3.368,0.031145,0.01028,0.0,211
1,1,0,0,1,0,0,0,0,0,0,0,1,0,1,1,1,1,1,0,1,1,0,0,0,0,0,1,0,1,1,0,1,0,0,1,0,0,flower_cif.y4m,65.8,65.634,0.37233,0.016598,0.0,347
1,1,0,1,0,0,0,0,0,0,0,0,1,0,1,1,0,0,1,1,0,1,1,0,0,0,0,0,0,1,1,0,1,0,0,0,1,0,flower_cif.y4m,9.82,9.794,0.085907,0.020693,0.0,13
1,1,0,0,0,0,0,1,0,0,0,0,1,0,1,1,1,1,1,0,1,1,0,0,1,0,0,0,0,1,0,1,0,0,0,0,0,0,flower_cif.y4m,308.44,308.506,0.166072,0.02068,0.0,228
1,1,0,0,0,0,0,0,0,1,0,0,1,1,0,1,0,1,1,0,1,1,0,0,1,0,0,0,0,1,0,1,1,0,0,0,0,1,flower_cif.y4m,6.24,6.23,0.017321,0.012396,0.0,335
1,1,0,0,0,0,0,0,1,0,0,0,1,1,0,1,1,0,1,0,1,1,0,0,1,0,0,0,0,1,1,0,1,1,0,0,0,0,flower_cif.y4m,18.72,18.672,0.286653,0.012871,0.0,24
1,1,1,0,0,0,0,0,0,0,0,0,1,0,1,1,0,1,1,0,1,1,0,1,0,0,0,0,0,1,0,1,1,0,0,1,0,0,flower_cif.y4m,125.59,125.806,0.382923,0.021137,0.0,352
1,1,0,0,0,0,1,0,0,0,0,0,1,0,1,1,0,0,1,1,0,1,0,0,0,0,0,1,0,1,1,0,0,0,0,0,0,0,flower_cif.y4m,3.72,3.724,0.038471,0.010322,0.0,368
1,1,1,0,0,0,0,0,0,0,0,0,1,0,1,1,1,1,1,1,0,1,0,1,0,0,0,0,0,1,1,0,0,0,0,0,0,0,flower_cif.y4m,1.6,1.606,0.013416,0.019301,0.0,80
1,1,0,0,1,0,0,0,0,0,0,0,1,1,0,1,0,0,1,0,1,1,0,1,0,0,0,0,0,1,0,1,0,0,0,0,0,0,flower_cif.y4m,21.54,21.52,0.069642,0.016786,0.0,121
1,1,0,0,0,0,0,0,0,0,1,0,1,0,1,1,1,1,1,0,1,1,0,0,1,0,0,0,0,1,1,0,1,1,0,0,0,0,flower_cif.y4m,3.59,3.582,0.0249,0.010029,0.0,156
1,1,0,1,0,0,0,0,0,0,0,0,1,0,1,1,1,1,1,1,0,1,0,0,0,0,0,1,0,1,1,0,1,1,0,0,0,0,flower_cif.y4m,1.08,1.076,0.005477,0.018352,0.0,9
1,1,0,0,0,0,0,0,0,0,1,0,1,1,0,1,0,0,1,1,0,1,0,0,0,0,1,0,0,1,1,0,1,0,0,0,0,1,flower_cif.y4m,6.74,6.728,0.034205,0.012151,0.0,165
1,1,0,0,0,0,0,0,0,0,1,0,1,0,1,1,0,0,1,1,0,1,0,1,0,0,0,0,0,1,0,1,1,0,0,0,0,1,flower_cif.y4m,4.55,4.542,0.034205,0.01037,0.0,126
1,1,0,0,1,0,0,0,0,0,0,0,1,1,0,1,1,1,1,0,1,1,0,0,1,0,0,0,0,1,0,1,1,0,1,0,0,0,flower_cif.y4m,1.61,1.608,0.014832,0.019301,0.0,280
1,1,0,0,0,0,0,1,0,0,0,0,1,0,1,1,1,1,1,1,0,1,0,1,0,0,0,0,0,1,0,1,1,0,0,0,1,0,flower_cif.y4m,1.24,1.232,0.019235,0.024006,0.0,172
1,1,0,0,0,0,0,0,0,0,1,0,1,0,1,1,0,1,1,1,0,1,0,0,0,1,0,0,0,1,0,1,0,0,0,0,0,0,flower_cif.y4m,7.37,7.352,0.038341,0.018714,0.0,292
1,1,0,0,0,0,0,0,0,0,1,0,1,1,0,1,1,1,1,0,1,1,0,0,0,0,0,1,0,1,1,0,0,0,0,0,0,0,flower_cif.y4m,14.71,14.682,0.048683,0.020468,0.0,105
1,1,0,0,0,1,0,0,0,0,0,0,1,0,1,1,1,1,1,0,1,1,0,0,0,0,0,0,1,1,1,0,1,0,1,0,0,0,flower_cif.y4m,13.71,13.666,0.115239,0.013588,0.0,76
1,1,0,0,0,1,0,0,0,0,0,0,1,0,1,1,0,0,1,1,0,1,1,0,0,0,0,0,0,1,1,0,1,0,0,0,0,1,flower_cif.y4m,67.66,67.706,0.171988,0.019941,0.0,221
1,1,0,0,0,0,0,0,0,0,1,0,1,1,0,1,1,0,1,1,0,1,0,0,0,0,1,0,0,1,0,1,1,0,0,0,0,1,flower_cif.y4m,32.57,32.568,0.013038,0.012736,0.0,167
1,1,0,0,0,0,0,0,0,0,1,0,1,0,1,1,0,1,1,0,1,1,1,0,0,0,0,0,0,1,1,0,1,0,0,0,0,1,flower_cif.y4m,178.09,178.108,0.312442,0.013279,0.0,35
1,1,0,0,1,0,0,0,0,0,0,0,1,1,0,1,0,0,1,1,0,1,0,1,0,0,0,0,0,1,0,1,1,0,1,0,0,0,flower_cif.y4m,2.92,2.912,0.020494,0.010086,0.0,235
1,1,0,0,0,0,0,0,0,1,0,0,1,1,0,1,1,1,1,0,1,1,0,0,1,0,0,0,0,1,0,1,1,0,0,0,0,1,flower_cif.y4m,10.31,10.318,0.033466,0.013678,0.0,333
1,1,0,0,0,0,1,0,0,0,0,0,1,0,1,1,1,1,1,1,0,1,0,1,0,0,0,0,0,1,1,0,0,0,0,0,0,0,flower_cif.y4m,65.24,65.162,0.339662,0.020141,0.0,44
1,1,0,0,1,0,0,0,0,0,0,0,1,0,1,1,0,1,1,1,0,1,0,1,0,0,0,0,0,1,0,1,1,1,0,0,0,0,flower_cif.y4m,104.95,104.948,0.013038,0.012392,0.0,256
1,1,0,0,0,0,0,1,0,0,0,0,1,0,1,1,1,0,1,0,1,1,0,1,0,0,0,0,0,1,0,1,1,0,0,0,0,1,flower_cif.y4m,484.96,485.3,1.082751,0.013331,0.0,192
1,1,0,0,0,0,1,0,0,0,0,0,1,1,0,1,1,1,1,1,0,1,1,0,0,0,0,0,0,1,1,0,1,0,0,0,0,1,flower_cif.y4m,13.13,13.124,0.030496,0.01212,0.0,41
1,1,0,0,0,0,0,0,0,0,1,0,1,0,1,1,0,1,1,1,0,1,0,0,0,0,0,1,0,1,0,1,1,0,0,0,1,0,flower_cif.y4m,80.51,80.092,1.014234,0.020084,0.0,273
1,1,0,0,0,0,0,0,0,0,1,0,1,1,0,1,0,1,1,0,1,1,0,0,0,0,0,1,0,1,0,1,0,0,0,0,0,0,flower_cif.y4m,80.33,80.194,0.392849,0.020332,0.0,101
1,1,0,0,0,0,0,0,0,0,1,0,1,0,1,1,1,1,1,0,1,1,0,0,0,0,1,0,0,1,1,0,1,0,1,0,0,0,flower_cif.y4m,38.46,38.502,0.076616,0.020353,0.0,242
1,1,0,0,0,0,0,0,0,0,1,0,1,1,0,1,0,1,1,0,1,1,0,0,0,0,0,1,0,1,1,0,0,0,0,0,0,0,flower_cif.y4m,8.4,8.384,0.082037,0.021681,0.0,103
1,1,1,0,0,0,0,0,0,0,0,0,1,1,0,1,1,0,1,1,0,1,0,1,0,0,0,0,0,1,0,1,0,0,0,0,0,0,flower_cif.y4m,64.25,64.26,0.086313,0.012507,0.0,1
1,1,0,0,0,0,0,1,0,0,0,0,1,1,0,1,0,0,1,0,1,1,0,0,0,0,0,1,0,1,0,1,1,0,0,0,0,1,flower_cif.y4m,5.68,5.682,0.060581,0.02051,0.0,56
1,1,0,0,1,0,0,0,0,0,0,0,1,0,1,1,0,0,1,0,1,1,0,0,0,0,0,0,1,1,0,1,0,0,0,0,0,0,flower_cif.y4m,14.11,14.096,0.047749,0.020468,0.0,373
1,1,0,0,0,0,0,0,1,0,0,0,1,1,0,1,1,1,1,0,1,1,0,1,0,0,0,0,0,1,0,1,1,0,1,0,0,0,flower_cif.y4m,104.95,105.02,0.751931,0.020064,0.0,318
1,1,0,0,0,1,0,0,0,0,0,0,1,1,0,1,0,0,1,1,0,1,0,0,0,0,1,0,0,1,1,0,0,0,0,0,0,0,flower_cif.y4m,190.23,190.02,0.496639,0.017396,0.0,69
1,1,0,1,0,0,0,0,0,0,0,0,1,0,1,1,0,0,1,1,0,1,0,0,0,0,0,1,0,1,1,0,1,1,0,0,0,0,flower_cif.y4m,4.53,4.536,0.043932,0.013708,0.0,11
1,1,0,0,1,0,0,0,0,0,0,0,1,0,1,1,0,0,1,1,0,1,0,1,0,0,0,0,0,1,0,1,1,0,0,1,0,0,flower_cif.y4m,5.18,5.17,0.03,0.016844,0.0,258
1,1,0,0,0,0,0,0,0,0,1,0,1,0,1,1,0,0,1,1,0,1,0,1,0,0,0,0,0,1,1,0,1,0,1,0,0,0,flower_cif.y4m,279.74,279.642,0.487463,0.013375,0.0,238
1,1,0,0,0,0,0,1,0,0,0,0,1,0,1,1,1,0,1,1,0,1,1,0,0,0,0,0,0,1,0,1,1,0,0,0,1,0,flower_cif.y4m,303.81,304.05,0.399437,0.017316,0.0,173
1,1,0,0,0,0,0,1,0,0,0,0,1,0,1,1,0,1,1,0,1,1,0,1,0,0,0,0,0,1,0,1,1,1,0,0,0,0,flower_cif.y4m,269.34,269.268,0.213237,0.012665,0.0,190
1,1,0,1,0,0,0,0,0,0,0,0,1,0,1,1,1,0,1,1,0,1,0,0,0,0,0,1,0,1,0,1,1,1,0,0,0,0,flower_cif.y4m,62.65,62.416,0.663084,0.012124,0.0,7
1,1,0,0,0,1,0,0,0,0,0,0,1,0,1,1,1,1,1,0,1,1,0,0,0,0,0,0,1,1,1,0,0,0,0,0,0,0,flower_cif.y4m,1.91,1.896,0.036469,0.019188,0.0,323
1,1,0,0,0,1,0,0,0,0,0,0,1,0,1,1,0,0,1,0,1,1,0,0,0,0,0,0,1,1,1,0,1,0,0,0,1,0,flower_cif.y4m,127.7,127.704,0.242755,0.012271,0.0,73
1,1,0,0,0,0,0,0,0,0,1,0,1,0,1,1,1,0,1,0,1,1,0,1,0,0,0,0,0,1,0,1,0,0,0,0,0,0,flower_cif.y4m,135.08,135.038,0.204988,0.016499,0.0,209
1,1,0,1,0,0,0,0,0,0,0,0,1,1,0,1,1,0,1,0,1,1,1,0,0,0,0,0,0,1,1,0,0,0,0,0,0,0,flower_cif.y4m,4.76,4.78,0.043012,0.012254,0.0,138
1,1,0,0,0,1,0,0,0,0,0,0,1,1,0,1,1,1,1,1,0,1,0,0,0,0,0,1,0,1,0,1,0,0,0,0,0,0,flower_cif.y4m,89.26,89.316,0.14775,0.01286,0.0,264
1,1,0,0,0,0,0,0,0,1,0,0,1,0,1,1,0,1,1,0,1,1,0,0,0,0,0,1,0,1,0,1,1,0,0,0,1,0,flower_cif.y4m,192.0,192.07,0.532353,0.017396,0.0,98
1,1,0,0,0,0,0,0,0,0,1,0,1,1,0,1,0,0,1,0,1,1,0,0,0,0,0,1,0,1,1,0,1,0,0,1,0,0,flower_cif.y4m,3.55,3.554,0.011402,0.010591,0.0,380
1,1,0,0,1,0,0,0,0,0,0,0,1,1,0,1,1,1,1,1,0,1,0,1,0,0,0,0,0,1,1,0,1,0,1,0,0,0,flower_cif.y4m,153.59,153.576,0.232336,0.02002,0.0,85
1,1,0,0,0,0,0,0,0,0,1,0,1,0,1,1,0,0,1,0,1,1,1,0,0,0,0,0,0,1,0,1,1,0,0,0,1,0,flower_cif.y4m,62.78,62.79,0.067082,0.016718,0.0,31
1,1,0,1,0,0,0,0,0,0,0,0,1,0,1,1,1,0,1,1,0,1,0,0,0,0,0,1,0,1,1,0,1,1,0,0,0,0,flower_cif.y4m,3.1,3.106,0.035777,0.017291,0.0,8
1,1,0,0,1,0,0,0,0,0,0,0,1,1,0,1,1,1,1,1,0,1,1,0,0,0,0,0,0,1,0,1,1,1,0,0,0,0,flower_cif.y4m,6.26,6.258,0.043243,0.01712,0.0,216
1,1,0,0,1,0,0,0,0,0,0,0,1,1,0,1,1,1,1,0,1,1,0,0,0,1,0,0,0,1,0,1,1,1,0,0,0,0,flower_cif.y4m,1.27,1.268,0.008367,0.01954,0.0,214
1,1,0,0,0,0,0,0,1,0,0,0,1,1,0,1,0,0,1,1,0,1,0,0,0,0,0,1,0,1,1,0,0,0,0,0,0,0,flower_cif.y4m,6.85,6.86,0.067082,0.010358,0.0,341
1,1,0,0,1,0,0,0,0,0,0,0,1,1,0,1,0,0,1,1,0,1,0,1,0,0,0,0,0,1,1,0,1,0,1,0,0,0,flower_cif.y4m,3.96,3.966,0.029665,0.019617,0.0,236
1,1,0,0,0,0,0,0,0,0,1,0,1,0,1,1,0,0,1,0,1,1,0,0,0,0,1,0,0,1,1,0,1,0,1,0,0,0,flower_cif.y4m,11.0,11.01,0.017321,0.02082,0.0,240
1,1,0,0,0,0,0,1,0,0,0,0,1,0,1,1,0,0,1,0,1,1,0,0,0,1,0,0,0,1,0,1,1,0,0,0,1,0,flower_cif.y4m,8.99,8.976,0.102859,0.021681,0.0,51
1,1,1,0,0,0,0,0,0,0,0,0,1,0,1,1,1,1,1,0,1,1,0,0,0,0,0,0,1,1,1,0,1,0,1,0,0,0,flower_cif.y4m,6.37,6.362,0.049699,0.020749,0.0,77
1,1,0,0,0,0,0,0,0,0,1,0,1,0,1,1,1,0,1,1,0,1,0,0,0,0,0,1,0,1,0,1,1,0,0,0,0,1,flower_cif.y4m,7.88,7.876,0.029665,0.016739,0.0,128
1,1,0,0,1,0,0,0,0,0,0,0,1,1,0,1,0,0,1,1,0,1,0,1,0,0,0,0,0,1,0,1,0,0,0,0,0,0,flower_cif.y4m,60.81,60.806,0.04827,0.020293,0.0,234
1,1,0,0,0,0,0,0,1,0,0,0,1,0,1,1,1,0,1,0,1,1,0,0,0,0,0,1,0,1,0,1,1,0,0,0,1,0,flower_cif.y4m,493.81,493.85,0.203347,0.013331,0.0,28
1,1,0,0,1,0,0,0,0,0,0,0,1,1,0,1,1,0,1,0,1,1,1,0,0,0,0,0,0,1,1,0,0,0,0,0,0,0,flower_cif.y4m,62.81,62.65,0.799343,0.012124,0.0,139
1,1,0,0,0,0,0,0,0,0,1,0,1,0,1,1,1,0,1,1,0,1,0,0,0,0,1,0,0,1,1,0,1,0,1,0,0,0,flower_cif.y4m,1.18,1.18,0.014142,0.018747,0.0,152
1,1,0,1,0,0,0,0,0,0,0,0,1,0,1,1,0,0,1,1,0,1,0,0,0,0,0,1,0,1,1,0,1,0,0,0,1,0,flower_cif.y4m,80.6,80.59,0.226605,0.021143,0.0,12
1,1,0,0,0,0,1,0,0,0,0,0,1,0,1,1,0,1,1,1,0,1,0,0,0,0,0,1,0,1,1,0,0,0,0,0,0,0,flower_cif.y4m,1.14,1.14,0.0,0.018747,0.0,369
1,1,0,0,0,0,0,0,0,0,0,1,1,1,0,1,1,0,1,0,1,1,0,0,0,0,0,1,0,1,0,1,1,0,0,0,0,1,flower_cif.y4m,32.58,32.584,0.020736,0.012736,0.0,58
1,1,0,0,0,0,0,0,1,0,0,0,1,1,0,1,1,0,1,1,0,1,1,0,0,0,0,0,0,1,1,0,0,0,0,0,0,0,flower_cif.y4m,25.37,25.418,0.100846,0.020721,0.0,64
1,1,0,0,0,0,0,0,1,0,0,0,1,1,0,1,1,0,1,1,0,1,0,0,1,0,0,0,0,1,1,0,1,1,0,0,0,0,flower_cif.y4m,21.94,21.948,0.019235,0.020389,0.0,21
1,1,0,0,0,1,0,0,0,0,0,0,1,0,1,1,1,1,1,0,1,1,0,0,1,0,0,0,0,1,1,0,1,0,0,0,0,1,flower_cif.y4m,65.66,65.512,0.322986,0.016598,0.0,225
1,1,0,0,0,0,1,0,0,0,0,0,1,0,1,1,1,0,1,1,0,1,0,0,0,0,0,1,0,1,1,0,1,0,0,0,1,0,flower_cif.y4m,92.22,92.216,0.234585,0.01226,0.0,366
1,1,0,0,0,0,0,1,0,0,0,0,1,0,1,1,1,1,1,0,1,1,0,0,1,0,0,0,0,1,0,1,1,0,0,0,0,1,football_cif.y4m,5.11,5.068,0.10616,0.012771,0.0,114
1,1,0,0,1,0,0,0,0,0,0,0,1,1,0,1,1,1,1,0,1,1,0,0,1,0,0,0,0,1,1,0,1,0,1,0,0,0,football_cif.y4m,4.54,4.522,0.058907,0.012302,0.0,281
1,1,0,0,0,1,0,0,0,0,0,0,1,0,1,1,1,0,1,1,0,1,0,0,0,0,0,0,1,1,1,0,1,0,0,1,0,0,football_cif.y4m,6.33,6.288,0.105688,0.012485,0.0,325
1,1,1,0,0,0,0,0,0,0,0,0,1,1,0,1,1,0,1,1,0,1,0,0,0,0,1,0,0,1,1,0,1,1,0,0,0,0,football_cif.y4m,5.36,5.36,0.027386,0.016923,0.0,181
1,1,0,0,0,0,0,0,1,0,0,0,1,1,0,1,1,0,1,0,1,1,0,0,1,0,0,0,0,1,1,0,1,0,0,0,0,1,football_cif.y4m,224.47,224.826,1.103735,0.014046,0.0,247
1,1,0,0,0,0,0,0,0,0,1,0,1,1,0,1,1,0,1,1,0,1,0,0,0,0,1,0,0,1,1,0,1,0,0,0,0,1,football_cif.y4m,369.98,369.97,0.378021,0.01391,0.0,166
1,1,0,0,0,0,0,0,1,0,0,0,1,1,0,1,1,0,1,0,1,1,0,0,1,0,0,0,0,1,1,0,1,0,0,0,1,0,football_cif.y4m,9.66,9.662,0.025884,0.017237,0.0,25
1,1,0,0,0,0,0,1,0,0,0,0,1,0,1,1,0,0,1,1,0,1,0,1,0,0,0,0,0,1,0,1,0,0,0,0,0,0,football_cif.y4m,9.2,9.204,0.172424,0.013506,0.0,355
1,1,0,0,1,0,0,0,0,0,0,0,1,1,0,1,0,0,1,1,0,1,1,0,0,0,0,0,0,1,1,0,1,0,0,0,0,1,football_cif.y4m,2.15,2.156,0.023022,0.01784,0.0,219
1,1,0,0,0,1,0,0,0,0,0,0,1,1,0,1,1,0,1,1,0,1,0,0,0,0,1,0,0,1,1,0,1,1,0,0,0,0,football_cif.y4m,9.42,9.428,0.204377,0.013506,0.0,182
1,1,0,1,0,0,0,0,0,0,0,0,1,0,1,1,0,1,1,1,0,1,0,0,0,0,0,1,0,1,1,0,1,1,0,0,0,0,football_cif.y4m,4.45,4.326,0.208878,0.017059,0.0,10
1,1,0,0,1,0,0,0,0,0,0,0,1,1,0,1,1,0,1,0,1,1,0,0,1,0,0,0,0,1,0,1,1,0,0,0,0,1,football_cif.y4m,61.43,61.196,0.514616,0.016862,0.0,116
1,1,0,0,0,1,0,0,0,0,0,0,1,1,0,1,1,1,1,0,1,1,0,0,0,0,0,1,0,1,0,1,1,1,0,0,0,0,football_cif.y4m,7.84,7.864,0.085615,0.012481,0.0,266
1,1,0,0,0,0,0,0,1,0,0,0,1,1,0,1,0,0,1,0,1,1,0,0,1,0,0,0,0,1,1,0,1,0,0,1,0,0,football_cif.y4m,50.94,50.368,1.279207,0.020299,0.0,313
1,1,0,0,0,0,0,1,0,0,0,0,1,0,1,1,0,0,1,1,0,1,0,0,0,0,0,0,1,1,0,1,0,0,0,0,0,0,football_cif.y4m,11.36,11.328,0.095237,0.018786,0.0,357
1,1,0,0,0,1,0,0,0,0,0,0,1,0,1,1,0,1,1,0,1,1,1,0,0,0,0,0,0,1,1,0,1,1,0,0,0,0,football_cif.y4m,3.12,3.046,0.171406,0.017374,0.0,187
1,1,0,0,0,0,0,0,1,0,0,0,1,1,0,1,1,1,1,0,1,1,0,0,1,0,0,0,0,1,1,0,1,1,0,0,0,0,football_cif.y4m,747.33,747.41,0.448219,0.013826,0.0,23
1,1,0,0,1,0,0,0,0,0,0,0,1,1,0,1,1,0,1,1,0,1,0,1,0,0,0,0,0,1,0,1,0,0,0,0,0,0,football_cif.y4m,80.35,80.364,0.133903,0.017525,0.0,2
1,1,0,0,0,0,0,0,0,0,0,1,1,1,0,1,1,0,1,0,1,1,0,0,0,0,0,1,0,1,1,0,1,1,0,0,0,0,football_cif.y4m,386.67,386.24,1.167347,0.01404,0.0,301
1,1,0,0,0,0,0,1,0,0,0,0,1,0,1,1,0,1,1,1,0,1,0,1,0,0,0,0,0,1,0,1,0,0,0,0,0,0,football_cif.y4m,268.79,268.86,0.344384,0.020337,0.0,356
1,1,0,0,0,0,0,0,0,0,1,0,1,1,0,1,0,1,1,0,1,1,0,0,0,0,0,1,0,1,0,1,1,1,0,0,0,0,football_cif.y4m,13.19,13.192,0.014832,0.013335,0.0,269
1,1,0,0,0,0,0,0,0,0,1,0,1,0,1,1,0,1,1,1,0,1,0,0,1,0,0,0,0,1,0,1,1,0,0,0,1,0,football_cif.y4m,8.58,8.558,0.054498,0.018874,0.0,274
1,1,0,0,0,0,0,0,0,0,1,0,1,0,1,1,0,1,1,1,0,1,0,0,0,1,0,0,0,1,1,0,1,1,0,0,0,0,football_cif.y4m,6.45,6.452,0.075299,0.017509,0.0,307
1,1,0,0,1,0,0,0,0,0,0,0,1,0,1,1,0,1,1,1,0,1,0,0,1,0,0,0,0,1,0,1,1,1,0,0,0,0,football_cif.y4m,47.95,47.648,0.661226,0.017683,0.0,254
1,1,0,0,0,0,0,0,0,0,1,0,1,0,1,1,0,1,1,0,1,1,0,1,0,0,0,0,0,1,0,1,0,0,0,0,0,0,football_cif.y4m,1.98,1.934,0.103344,0.017928,0.0,208
1,1,0,0,1,0,0,0,0,0,0,0,1,1,0,1,1,1,1,1,0,1,0,0,1,0,0,0,0,1,0,1,1,0,1,0,0,0,football_cif.y4m,2.08,2.088,0.061806,0.017279,0.0,279
1,1,0,0,0,0,0,1,0,0,0,0,1,1,0,1,1,1,1,1,0,1,0,1,0,0,0,0,0,1,0,1,1,0,0,0,1,0,football_cif.y4m,6.73,6.716,0.076026,0.01384,0.0,171
1,1,0,0,0,0,0,0,0,1,0,0,1,1,0,1,0,1,1,0,1,1,0,0,0,0,0,1,0,1,0,1,1,0,0,0,1,0,football_cif.y4m,51.82,51.414,0.930043,0.020299,0.0,99
1,1,1,0,0,0,0,0,0,0,0,0,1,0,1,1,1,1,1,1,0,1,0,1,0,0,0,0,0,1,1,0,1,0,1,0,0,0,football_cif.y4m,8.4,8.424,0.055498,0.013701,0.0,81
1,1,0,0,0,0,0,0,0,0,1,0,1,0,1,1,1,1,1,0,1,1,0,0,1,0,0,0,0,1,1,0,1,0,1,0,0,0,football_cif.y4m,3.43,3.422,0.047645,0.018374,0.0,155
1,1,0,0,0,1,0,0,0,0,0,0,1,1,0,1,0,1,1,1,0,1,1,0,0,0,0,0,0,1,1,0,1,1,0,0,0,0,football_cif.y4m,4.99,4.962,0.093381,0.017509,0.0,185
1,1,0,0,1,0,0,0,0,0,0,0,1,1,0,1,0,0,1,0,1,1,0,0,0,0,0,1,0,1,0,1,0,0,0,0,0,0,football_cif.y4m,4.62,4.638,0.055408,0.016326,0.0,376
1,1,0,0,0,0,0,0,1,0,0,0,1,1,0,1,0,1,1,0,1,1,0,1,0,0,0,0,0,1,1,0,0,0,0,0,0,0,football_cif.y4m,1.98,2.078,0.146867,0.017137,0.0,204
1,1,0,0,0,0,0,0,1,0,0,0,1,1,0,1,1,0,1,0,1,1,0,0,0,0,1,0,0,1,1,0,1,0,0,0,0,1,football_cif.y4m,127.51,127.358,0.380355,0.016579,0.0,246
1,1,0,0,0,0,0,1,0,0,0,0,1,1,0,1,1,1,1,0,1,1,0,0,1,0,0,0,0,1,0,1,0,0,0,0,0,0,football_cif.y4m,61.73,61.5,0.496085,0.014255,0.0,230
1,1,0,0,0,0,0,0,1,0,0,0,1,0,1,1,1,0,1,0,1,1,0,0,0,0,0,1,0,1,1,0,1,0,0,0,1,0,football_cif.y4m,71.1,70.892,0.482566,0.021191,0.0,27
1,1,0,1,0,0,0,0,0,0,0,0,1,1,0,1,1,1,1,0,1,1,1,0,0,0,0,0,0,1,1,0,0,0,0,0,0,0,football_cif.y4m,6.37,6.37,0.022361,0.012356,0.0,137
1,1,0,0,0,0,0,0,0,0,1,0,1,1,0,1,1,1,1,1,0,1,0,0,0,0,1,0,0,1,0,1,1,0,0,0,1,0,football_cif.y4m,5.7,5.712,0.039623,0.017314,0.0,169
1,1,0,0,0,0,0,0,0,0,1,0,1,0,1,1,0,1,1,0,1,1,1,0,0,0,0,0,0,1,0,1,1,0,0,0,0,1,football_cif.y4m,123.05,123.1,0.283989,0.014169,0.0,33
1,1,0,0,0,0,0,0,1,0,0,0,1,0,1,1,0,1,1,0,1,1,0,1,0,0,0,0,0,1,1,0,0,0,0,0,0,0,football_cif.y4m,29.68,29.62,0.2503,0.02065,0.0,205
1,1,0,0,0,0,0,0,0,0,1,0,1,1,0,1,1,0,1,0,1,1,0,0,0,0,1,0,0,1,1,0,1,0,0,0,0,1,football_cif.y4m,8.18,8.192,0.057619,0.013543,0.0,245
1,1,1,0,0,0,0,0,0,0,0,0,1,1,0,1,0,0,1,1,0,1,0,0,1,0,0,0,0,1,1,0,1,0,0,0,0,1,football_cif.y4m,5.69,5.678,0.027749,0.017084,0.0,163
1,1,0,0,1,0,0,0,0,0,0,0,1,1,0,1,1,0,1,1,0,1,1,0,0,0,0,0,0,1,0,1,1,1,0,0,0,0,football_cif.y4m,4.71,4.698,0.029496,0.016326,0.0,4
1,1,0,0,1,0,0,0,0,0,0,0,1,1,0,1,0,0,1,0,1,1,1,0,0,0,0,0,0,1,1,0,1,0,0,0,1,0,football_cif.y4m,2.55,2.572,0.058481,0.017279,0.0,141
1,1,1,0,0,0,0,0,0,0,0,0,1,1,0,1,1,1,1,0,1,1,0,0,1,0,0,0,0,1,1,0,1,1,0,0,0,0,football_cif.y4m,407.61,407.31,0.759375,0.016656,0.0,159
1,1,0,0,0,0,0,0,1,0,0,0,1,1,0,1,0,1,1,0,1,1,0,0,1,0,0,0,0,1,0,1,1,0,0,0,0,1,football_cif.y4m,8.41,8.378,0.171668,0.01739,0.0,336
1,1,0,0,0,1,0,0,0,0,0,0,1,1,0,1,0,0,1,0,1,1,0,0,0,0,0,0,1,1,1,0,1,0,0,0,1,0,football_cif.y4m,67.75,67.61,0.351781,0.01393,0.0,72
1,1,0,0,0,0,0,0,1,0,0,0,1,1,0,1,1,0,1,1,0,1,0,0,1,0,0,0,0,1,1,0,1,0,0,0,0,1,football_cif.y4m,6.67,6.616,0.138311,0.013629,0.0,248
1,1,0,1,0,0,0,0,0,0,0,0,1,0,1,1,1,1,1,1,0,1,0,0,0,0,0,1,0,1,0,1,1,0,0,0,0,1,football_cif.y4m,253.44,253.784,0.785099,0.016474,0.0,130
1,1,0,0,0,1,0,0,0,0,0,0,1,0,1,1,1,1,1,1,0,1,0,0,0,0,0,0,1,1,1,0,0,0,0,0,0,0,football_cif.y4m,127.07,127.044,0.288236,0.014118,0.0,324
1,1,1,0,0,0,0,0,0,0,0,0,1,0,1,1,0,1,1,1,0,1,0,1,0,0,0,0,0,1,0,1,0,0,0,0,0,0,football_cif.y4m,103.39,103.356,0.183521,0.021122,0.0,354
1,1,0,0,0,0,0,0,0,0,1,0,1,0,1,1,0,0,1,1,0,1,0,0,0,1,0,0,0,1,0,1,0,0,0,0,0,0,football_cif.y4m,86.99,87.044,0.333212,0.016754,0.0,291
1,1,0,0,0,0,0,0,0,0,1,0,1,1,0,1,0,0,1,1,0,1,0,1,0,0,0,0,0,1,1,0,1,0,1,0,0,0,football_cif.y4m,3.3,3.298,0.073621,0.016868,0.0,237
1,1,0,0,0,1,0,0,0,0,0,0,1,1,0,1,1,0,1,1,0,1,1,0,0,0,0,0,0,1,1,0,1,1,0,0,0,0,football_cif.y4m,4.49,4.478,0.042071,0.01242,0.0,183
1,1,0,0,0,1,0,0,0,0,0,0,1,0,1,1,1,1,1,0,1,1,0,0,1,0,0,0,0,1,0,1,0,0,0,0,0,0,football_cif.y4m,3.95,3.958,0.032711,0.017802,0.0,227
1,1,0,0,0,0,0,0,1,0,0,0,1,1,0,1,0,1,1,0,1,1,0,0,0,0,0,1,0,1,0,1,0,0,0,0,0,0,football_cif.y4m,6.09,6.074,0.032094,0.017662,0.0,338
1,1,0,0,1,0,0,0,0,0,0,0,1,0,1,1,0,0,1,0,1,1,1,0,0,0,0,0,0,1,1,0,1,0,0,0,1,0,football_cif.y4m,35.77,35.806,0.073007,0.013934,0.0,142
1,1,0,0,1,0,0,0,0,0,0,0,1,1,0,1,1,1,1,0,1,1,0,0,1,0,0,0,0,1,1,0,1,0,0,0,0,1,football_cif.y4m,15.63,15.624,0.026077,0.01347,0.0,332
1,1,0,0,0,0,0,0,0,1,0,0,1,0,1,1,0,0,1,1,0,1,0,0,0,0,1,0,0,1,0,1,1,0,0,0,1,0,football_cif.y4m,372.58,372.608,0.280927,0.016608,0.0,95
1,1,0,0,1,0,0,0,0,0,0,0,1,0,1,1,0,0,1,0,1,1,0,0,0,1,0,0,0,1,0,1,0,0,0,0,0,0,football_cif.y4m,9.81,9.842,0.078549,0.013363,0.0,289
1,1,0,0,1,0,0,0,0,0,0,0,1,1,0,1,0,0,1,0,1,1,0,0,0,0,0,1,0,1,0,1,1,0,0,1,0,0,football_cif.y4m,2.69,2.754,0.114586,0.016868,0.0,378
1,1,0,0,1,0,0,0,0,0,0,0,1,1,0,1,1,1,1,1,0,1,0,0,1,0,0,0,0,1,0,1,1,0,0,0,1,0,football_cif.y4m,77.46,77.466,0.199825,0.013911,0.0,278
1,1,0,0,0,0,0,0,0,0,1,0,1,0,1,1,1,0,1,0,1,1,1,0,0,0,0,0,0,1,0,1,1,0,0,0,1,0,football_cif.y4m,6.87,6.816,0.190997,0.013262,0.0,30
1,1,0,0,1,0,0,0,0,0,0,0,1,1,0,1,0,0,1,0,1,1,0,1,0,0,0,0,0,1,0,1,1,0,0,0,0,1,football_cif.y4m,2.91,2.978,0.131605,0.018112,0.0,120
1,1,0,0,0,1,0,0,0,0,0,0,1,1,0,1,1,1,1,0,1,1,0,0,0,0,0,1,0,1,0,1,0,0,0,0,0,0,football_cif.y4m,3.89,3.872,0.054498,0.016442,0.0,265
1,1,0,0,0,0,0,0,0,0,1,0,1,1,0,1,1,0,1,1,0,1,0,0,0,0,0,1,0,1,0,1,0,0,0,0,0,0,football_cif.y4m,6.26,6.26,0.074833,0.017196,0.0,296
1,1,0,0,0,0,0,1,0,0,0,0,1,1,0,1,1,1,1,1,0,1,0,1,0,0,0,0,0,1,0,1,0,0,0,0,0,0,football_cif.y4m,9.57,9.542,0.085264,0.017553,0.0,232
1,1,0,0,0,0,0,0,0,0,1,0,1,0,1,1,0,0,1,1,0,1,0,0,1,0,0,0,0,1,1,0,1,0,0,1,0,0,football_cif.y4m,6.79,6.81,0.051478,0.017364,0.0,310
1,1,0,0,0,0,0,1,0,0,0,0,1,0,1,1,1,1,1,0,1,1,0,0,0,0,0,1,0,1,0,1,1,0,0,1,0,0,football_cif.y4m,122.05,121.904,0.613498,0.013998,0.0,349
1,1,0,0,1,0,0,0,0,0,0,0,1,1,0,1,0,1,1,0,1,1,0,0,0,0,0,1,0,1,0,1,0,0,0,0,0,0,football_cif.y4m,5.31,5.31,0.025495,0.013161,0.0,377
1,1,0,0,0,0,0,0,0,1,0,0,1,0,1,1,1,1,1,1,0,1,0,0,0,0,1,0,0,1,0,1,1,0,0,0,1,0,football_cif.y4m,364.28,364.02,0.609467,0.014069,0.0,94
1,1,1,0,0,0,0,0,0,0,0,0,1,1,0,1,1,0,1,0,1,1,1,0,0,0,0,0,0,1,0,1,1,1,0,0,0,0,football_cif.y4m,6.39,6.414,0.083546,0.017509,0.0,178
1,1,0,0,0,0,0,0,0,0,1,0,1,0,1,1,0,0,1,1,0,1,0,0,0,0,0,1,0,1,0,1,1,0,0,0,0,1,football_cif.y4m,7.92,7.912,0.022804,0.01303,0.0,127
1,1,0,0,0,0,0,1,0,0,0,0,1,0,1,1,1,0,1,0,1,1,0,0,0,1,0,0,0,1,0,1,1,0,0,0,1,0,football_cif.y4m,2.38,2.376,0.016733,0.017205,0.0,111
1,1,1,0,0,0,0,0,0,0,0,0,1,0,1,1,0,1,1,1,0,1,0,1,0,0,0,0,0,1,0,1,1,0,0,1,0,0,football_cif.y4m,6.02,6.026,0.039749,0.015304,0.0,353
1,1,0,0,0,0,1,0,0,0,0,0,1,0,1,1,1,1,1,1,0,1,0,1,0,0,0,0,0,1,1,0,1,0,0,0,1,0,football_cif.y4m,5.78,5.776,0.070922,0.017059,0.0,45
1,1,0,0,0,1,0,0,0,0,0,0,1,0,1,1,1,1,1,0,1,1,0,0,1,0,0,0,0,1,1,0,0,0,0,0,0,0,football_cif.y4m,2.0,2.018,0.074632,0.018172,0.0,226
1,1,0,0,0,0,0,0,0,0,0,1,1,1,0,1,1,0,1,0,1,1,0,0,0,0,0,1,0,1,1,0,1,0,0,0,0,1,football_cif.y4m,6.2,6.188,0.05933,0.016908,0.0,59
1,1,0,0,0,0,0,0,1,0,0,0,1,1,0,1,1,1,1,1,0,1,1,0,0,0,0,0,0,1,0,1,1,1,0,0,0,0,football_cif.y4m,78.22,78.014,0.396648,0.017525,0.0,19
1,1,0,0,0,0,0,0,0,0,0,1,1,1,0,1,0,1,1,0,1,1,0,0,0,1,0,0,0,1,1,0,1,1,0,0,0,0,football_cif.y4m,46.44,46.036,1.097784,0.014,0.0,304
1,1,0,0,0,0,0,0,1,0,0,0,1,0,1,1,0,1,1,0,1,1,0,1,0,0,0,0,0,1,0,1,0,0,0,0,0,0,football_cif.y4m,6.78,6.75,0.074162,0.013629,0.0,207
1,1,0,0,0,0,1,0,0,0,0,0,1,1,0,1,1,1,1,1,0,1,0,1,0,0,0,0,0,1,1,0,0,0,0,0,0,0,football_cif.y4m,216.25,217.55,3.708106,0.016487,0.0,43
1,1,0,0,0,0,1,0,0,0,0,0,1,1,0,1,1,0,1,1,0,1,1,0,0,0,0,0,0,1,1,0,1,0,0,0,0,1,football_cif.y4m,3.89,3.914,0.039115,0.016699,0.0,40
1,1,0,0,0,1,0,0,0,0,0,0,1,0,1,1,0,1,1,1,0,1,1,0,0,0,0,0,0,1,1,0,1,1,0,0,0,0,football_cif.y4m,121.42,121.454,0.088204,0.014064,0.0,186
1,1,0,0,1,0,0,0,0,0,0,0,1,0,1,1,0,0,1,0,1,1,0,0,0,1,0,0,0,1,0,1,1,0,0,0,0,1,football_cif.y4m,3.8,3.834,0.095289,0.018062,0.0,288
1,1,1,0,0,0,0,0,0,0,0,0,1,1,0,1,1,0,1,1,0,1,0,1,0,0,0,0,0,1,1,0,1,0,1,0,0,0,football_cif.y4m,5.31,5.328,0.055857,0.016923,0.0,82
1,1,0,0,0,0,0,0,0,0,1,0,1,0,1,1,1,1,1,0,1,1,0,0,0,1,0,0,0,1,0,1,0,0,0,0,0,0,football_cif.y4m,4.29,4.388,0.153851,0.012582,0.0,211
1,1,0,0,1,0,0,0,0,0,0,0,1,0,1,1,1,1,1,0,1,1,0,0,0,0,0,1,0,1,1,0,1,0,0,1,0,0,football_cif.y4m,126.25,126.13,0.320312,0.016579,0.0,347
1,1,0,1,0,0,0,0,0,0,0,0,1,0,1,1,0,0,1,1,0,1,1,0,0,0,0,0,0,1,1,0,1,0,0,0,1,0,football_cif.y4m,10.01,9.954,0.141174,0.017551,0.0,13
1,1,0,0,0,0,0,1,0,0,0,0,1,0,1,1,1,1,1,0,1,1,0,0,1,0,0,0,0,1,0,1,0,0,0,0,0,0,football_cif.y4m,598.45,598.824,1.521128,0.016526,0.0,228
1,1,0,0,0,0,0,0,0,1,0,0,1,1,0,1,0,1,1,0,1,1,0,0,1,0,0,0,0,1,0,1,1,0,0,0,0,1,football_cif.y4m,6.81,6.74,0.191572,0.01384,0.0,335
1,1,0,0,0,0,0,0,1,0,0,0,1,1,0,1,1,0,1,0,1,1,0,0,1,0,0,0,0,1,1,0,1,1,0,0,0,0,football_cif.y4m,26.36,26.406,0.157575,0.013681,0.0,24
1,1,1,0,0,0,0,0,0,0,0,0,1,0,1,1,0,1,1,0,1,1,0,1,0,0,0,0,0,1,0,1,1,0,0,1,0,0,football_cif.y4m,168.37,168.204,0.265009,0.020958,0.0,352
1,1,0,0,0,0,1,0,0,0,0,0,1,0,1,1,0,0,1,1,0,1,0,0,0,0,0,1,0,1,1,0,0,0,0,0,0,0,football_cif.y4m,4.68,4.658,0.052631,0.01264,0.0,368
1,1,1,0,0,0,0,0,0,0,0,0,1,0,1,1,1,1,1,1,0,1,0,1,0,0,0,0,0,1,1,0,0,0,0,0,0,0,football_cif.y4m,2.31,2.356,0.136675,0.017463,0.0,80
1,1,0,0,1,0,0,0,0,0,0,0,1,1,0,1,0,0,1,0,1,1,0,1,0,0,0,0,0,1,0,1,0,0,0,0,0,0,football_cif.y4m,49.03,48.886,0.426474,0.017625,0.0,121
1,1,0,0,0,0,0,0,0,0,1,0,1,0,1,1,1,1,1,0,1,1,0,0,1,0,0,0,0,1,1,0,1,1,0,0,0,0,football_cif.y4m,5.11,5.134,0.054129,0.012356,0.0,156
1,1,0,1,0,0,0,0,0,0,0,0,1,0,1,1,1,1,1,1,0,1,0,0,0,0,0,1,0,1,1,0,1,1,0,0,0,0,football_cif.y4m,1.55,1.572,0.066483,0.017388,0.0,9
1,1,0,0,0,0,0,0,0,0,1,0,1,1,0,1,0,0,1,1,0,1,0,0,0,0,1,0,0,1,1,0,1,0,0,0,0,1,football_cif.y4m,7.83,7.806,0.071624,0.013543,0.0,165
1,1,0,0,0,0,0,0,0,0,1,0,1,0,1,1,0,0,1,1,0,1,0,1,0,0,0,0,0,1,0,1,1,0,0,0,0,1,football_cif.y4m,5.73,5.724,0.038471,0.012722,0.0,126
1,1,0,0,1,0,0,0,0,0,0,0,1,1,0,1,1,1,1,0,1,1,0,0,1,0,0,0,0,1,0,1,1,0,1,0,0,0,football_cif.y4m,2.64,2.614,0.069498,0.017463,0.0,280
1,1,0,0,0,0,0,1,0,0,0,0,1,0,1,1,1,1,1,1,0,1,0,1,0,0,0,0,0,1,0,1,1,0,0,0,1,0,football_cif.y4m,1.56,1.556,0.016733,0.018027,0.0,172
1,1,0,0,0,0,0,0,0,0,1,0,1,0,1,1,0,1,1,1,0,1,0,0,0,1,0,0,0,1,0,1,0,0,0,0,0,0,football_cif.y4m,7.47,7.47,0.047434,0.017464,0.0,292
1,1,0,0,0,0,0,0,0,0,1,0,1,1,0,1,1,1,1,0,1,1,0,0,0,0,0,1,0,1,1,0,0,0,0,0,0,0,football_cif.y4m,25.56,25.56,0.16171,0.017737,0.0,105
1,1,0,0,0,1,0,0,0,0,0,0,1,0,1,1,1,1,1,0,1,1,0,0,0,0,0,0,1,1,1,0,1,0,1,0,0,0,football_cif.y4m,12.13,12.108,0.129885,0.013392,0.0,76
1,1,0,0,0,1,0,0,0,0,0,0,1,0,1,1,0,0,1,1,0,1,1,0,0,0,0,0,0,1,1,0,1,0,0,0,0,1,football_cif.y4m,124.74,124.478,0.592638,0.01665,0.0,221
1,1,0,0,0,0,0,0,0,0,1,0,1,1,0,1,1,0,1,1,0,1,0,0,0,0,1,0,0,1,0,1,1,0,0,0,0,1,football_cif.y4m,43.83,43.818,0.104259,0.01357,0.0,167
1,1,0,0,0,0,0,0,0,0,1,0,1,0,1,1,0,1,1,0,1,1,1,0,0,0,0,0,0,1,1,0,1,0,0,0,0,1,football_cif.y4m,352.12,352.33,0.915833,0.014324,0.0,35
1,1,0,0,1,0,0,0,0,0,0,0,1,1,0,1,0,0,1,1,0,1,0,1,0,0,0,0,0,1,0,1,1,0,1,0,0,0,football_cif.y4m,4.62,4.616,0.042778,0.012509,0.0,235
1,1,0,0,0,0,0,0,0,1,0,0,1,1,0,1,1,1,1,0,1,1,0,0,1,0,0,0,0,1,0,1,1,0,0,0,0,1,football_cif.y4m,9.04,9.044,0.043932,0.013404,0.0,333
1,1,0,0,0,0,1,0,0,0,0,0,1,0,1,1,1,1,1,1,0,1,0,1,0,0,0,0,0,1,1,0,0,0,0,0,0,0,football_cif.y4m,102.85,102.624,0.76376,0.016768,0.0,44
1,1,0,0,1,0,0,0,0,0,0,0,1,0,1,1,0,1,1,1,0,1,0,1,0,0,0,0,0,1,0,1,1,1,0,0,0,0,football_cif.y4m,145.6,145.698,0.205353,0.014196,0.0,256
1,1,0,0,0,0,0,1,0,0,0,0,1,0,1,1,1,0,1,0,1,1,0,1,0,0,0,0,0,1,0,1,1,0,0,0,0,1,football_cif.y4m,775.77,773.826,3.044426,0.014146,0.0,192
1,1,0,0,0,0,1,0,0,0,0,0,1,1,0,1,1,1,1,1,0,1,1,0,0,0,0,0,0,1,1,0,1,0,0,0,0,1,football_cif.y4m,24.71,24.612,0.327674,0.014056,0.0,41
1,1,0,0,0,0,0,0,0,0,1,0,1,0,1,1,0,1,1,1,0,1,0,0,0,0,0,1,0,1,0,1,1,0,0,0,1,0,football_cif.y4m,140.03,139.942,0.26565,0.020344,0.0,273
1,1,0,0,0,0,0,0,0,0,1,0,1,1,0,1,0,1,1,0,1,1,0,0,0,0,0,1,0,1,0,1,0,0,0,0,0,0,football_cif.y4m,158.43,158.016,0.896956,0.02043,0.0,101
1,1,0,0,0,0,0,0,0,0,1,0,1,0,1,1,1,1,1,0,1,1,0,0,0,0,1,0,0,1,1,0,1,0,1,0,0,0,football_cif.y4m,60.17,59.986,0.539935,0.016862,0.0,242
1,1,0,0,0,0,0,0,0,0,1,0,1,1,0,1,0,1,1,0,1,1,0,0,0,0,0,1,0,1,1,0,0,0,0,0,0,0,football_cif.y4m,8.92,8.632,0.428217,0.018874,0.0,103
1,1,1,0,0,0,0,0,0,0,0,0,1,1,0,1,1,0,1,1,0,1,0,1,0,0,0,0,0,1,0,1,0,0,0,0,0,0,football_cif.y4m,95.94,95.626,0.819408,0.014284,0.0,1
1,1,0,0,0,0,0,1,0,0,0,0,1,1,0,1,0,0,1,0,1,1,0,0,0,0,0,1,0,1,0,1,1,0,0,0,0,1,football_cif.y4m,6.07,6.102,0.07791,0.015304,0.0,56
1,1,0,0,1,0,0,0,0,0,0,0,1,0,1,1,0,0,1,0,1,1,0,0,0,0,0,0,1,1,0,1,0,0,0,0,0,0,football_cif.y4m,26.36,26.2,0.313767,0.017737,0.0,373
1,1,0,0,0,0,0,0,1,0,0,0,1,1,0,1,1,1,1,0,1,1,0,1,0,0,0,0,0,1,0,1,1,0,1,0,0,0,football_cif.y4m,149.38,149.052,1.486664,0.016659,0.0,318
1,1,0,0,0,1,0,0,0,0,0,0,1,1,0,1,0,0,1,1,0,1,0,0,0,0,1,0,0,1,1,0,0,0,0,0,0,0,football_cif.y4m,367.28,366.762,1.598724,0.016686,0.0,69
1,1,0,1,0,0,0,0,0,0,0,0,1,0,1,1,0,0,1,1,0,1,0,0,0,0,0,1,0,1,1,0,1,1,0,0,0,0,football_cif.y4m,4.91,4.934,0.071274,0.013129,0.0,11
1,1,0,0,1,0,0,0,0,0,0,0,1,0,1,1,0,0,1,1,0,1,0,1,0,0,0,0,0,1,0,1,1,0,0,1,0,0,football_cif.y4m,6.09,6.126,0.103586,0.017271,0.0,258
1,1,0,0,0,0,0,0,0,0,1,0,1,0,1,1,0,0,1,1,0,1,0,1,0,0,0,0,0,1,1,0,1,0,1,0,0,0,football_cif.y4m,488.41,488.59,0.687641,0.014224,0.0,238
1,1,0,0,0,0,0,1,0,0,0,0,1,0,1,1,1,0,1,1,0,1,1,0,0,0,0,0,0,1,0,1,1,0,0,0,1,0,football_cif.y4m,565.99,566.004,1.196946,0.016563,0.0,173
1,1,0,0,0,0,0,1,0,0,0,0,1,0,1,1,0,1,1,0,1,1,0,1,0,0,0,0,0,1,0,1,1,1,0,0,0,0,football_cif.y4m,610.29,610.56,1.362333,0.013984,0.0,190
1,1,0,1,0,0,0,0,0,0,0,0,1,0,1,1,1,0,1,1,0,1,0,0,0,0,0,1,0,1,0,1,1,1,0,0,0,0,football_cif.y4m,143.61,143.094,1.171956,0.01412,0.0,7
1,1,0,0,0,1,0,0,0,0,0,0,1,0,1,1,1,1,1,0,1,1,0,0,0,0,0,0,1,1,1,0,0,0,0,0,0,0,football_cif.y4m,2.49,2.41,0.129035,0.017928,0.0,323
1,1,0,0,0,1,0,0,0,0,0,0,1,0,1,1,0,0,1,0,1,1,0,0,0,0,0,0,1,1,1,0,1,0,0,0,1,0,football_cif.y4m,209.49,209.602,1.619312,0.013992,0.0,73
1,1,0,0,0,0,0,0,0,0,1,0,1,0,1,1,1,0,1,0,1,1,0,1,0,0,0,0,0,1,0,1,0,0,0,0,0,0,football_cif.y4m,217.14,217.952,2.086521,0.016487,0.0,209
1,1,0,1,0,0,0,0,0,0,0,0,1,1,0,1,1,0,1,0,1,1,1,0,0,0,0,0,0,1,1,0,0,0,0,0,0,0,football_cif.y4m,6.24,6.264,0.045056,0.013629,0.0,138
1,1,0,0,0,1,0,0,0,0,0,0,1,1,0,1,1,1,1,1,0,1,0,0,0,0,0,1,0,1,0,1,0,0,0,0,0,0,football_cif.y4m,150.45,150.328,0.604789,0.013998,0.0,264
1,1,0,0,0,0,0,0,0,1,0,0,1,0,1,1,0,1,1,0,1,1,0,0,0,0,0,1,0,1,0,1,1,0,0,0,1,0,football_cif.y4m,383.26,383.286,0.320437,0.016686,0.0,98
1,1,0,0,0,0,0,0,0,0,1,0,1,1,0,1,0,0,1,0,1,1,0,0,0,0,0,1,0,1,1,0,1,0,0,1,0,0,football_cif.y4m,4.44,4.318,0.20204,0.012862,0.0,380
1,1,0,0,1,0,0,0,0,0,0,0,1,1,0,1,1,1,1,1,0,1,0,1,0,0,0,0,0,1,1,0,1,0,1,0,0,0,football_cif.y4m,237.4,237.222,0.948114,0.0203,0.0,85
1,1,0,0,0,0,0,0,0,0,1,0,1,0,1,1,0,0,1,0,1,1,1,0,0,0,0,0,0,1,0,1,1,0,0,0,1,0,football_cif.y4m,97.68,97.458,0.541683,0.016768,0.0,31
1,1,0,1,0,0,0,0,0,0,0,0,1,0,1,1,1,0,1,1,0,1,0,0,0,0,0,1,0,1,1,0,1,1,0,0,0,0,football_cif.y4m,4.7,4.714,0.048785,0.016699,0.0,8
1,1,0,0,1,0,0,0,0,0,0,0,1,1,0,1,1,1,1,1,0,1,1,0,0,0,0,0,0,1,0,1,1,1,0,0,0,0,football_cif.y4m,6.81,6.86,0.112916,0.017662,0.0,216
1,1,0,0,1,0,0,0,0,0,0,0,1,1,0,1,1,1,1,0,1,1,0,0,0,1,0,0,0,1,0,1,1,1,0,0,0,0,football_cif.y4m,2.21,2.21,0.033912,0.018112,0.0,214
1,1,0,0,0,0,0,0,1,0,0,0,1,1,0,1,0,0,1,1,0,1,0,0,0,0,0,1,0,1,1,0,0,0,0,0,0,0,football_cif.y4m,7.93,7.946,0.085615,0.012747,0.0,341
1,1,0,0,1,0,0,0,0,0,0,0,1,1,0,1,0,0,1,1,0,1,0,1,0,0,0,0,0,1,1,0,1,0,1,0,0,0,football_cif.y4m,4.7,4.606,0.167571,0.016978,0.0,236
1,1,0,0,0,0,0,0,0,0,1,0,1,0,1,1,0,0,1,0,1,1,0,0,0,0,1,0,0,1,1,0,1,0,1,0,0,0,football_cif.y4m,9.94,9.932,0.073959,0.018509,0.0,240
1,1,0,0,0,0,0,1,0,0,0,0,1,0,1,1,0,0,1,0,1,1,0,0,0,1,0,0,0,1,0,1,1,0,0,0,1,0,football_cif.y4m,9.49,9.456,0.135019,0.018874,0.0,51
1,1,1,0,0,0,0,0,0,0,0,0,1,0,1,1,1,1,1,0,1,1,0,0,0,0,0,0,1,1,1,0,1,0,1,0,0,0,football_cif.y4m,6.37,6.37,0.022361,0.017664,0.0,77
1,1,0,0,0,0,0,0,0,0,1,0,1,0,1,1,1,0,1,1,0,1,0,0,0,0,0,1,0,1,0,1,1,0,0,0,0,1,football_cif.y4m,8.26,8.268,0.059749,0.017129,0.0,128
1,1,0,0,1,0,0,0,0,0,0,0,1,1,0,1,0,0,1,1,0,1,0,1,0,0,0,0,0,1,0,1,0,0,0,0,0,0,football_cif.y4m,88.09,87.938,0.317128,0.016754,0.0,234
1,1,0,0,0,0,0,0,1,0,0,0,1,0,1,1,1,0,1,0,1,1,0,0,0,0,0,1,0,1,0,1,1,0,0,0,1,0,football_cif.y4m,825.26,824.958,3.515426,0.014146,0.0,28
1,1,0,0,1,0,0,0,0,0,0,0,1,1,0,1,1,0,1,0,1,1,1,0,0,0,0,0,0,1,1,0,0,0,0,0,0,0,football_cif.y4m,141.86,141.478,1.013321,0.01412,0.0,139
1,1,0,0,0,0,0,0,0,0,1,0,1,0,1,1,1,0,1,1,0,1,0,0,0,0,1,0,0,1,1,0,1,0,1,0,0,0,football_cif.y4m,1.98,2.09,0.165831,0.017137,0.0,152
1,1,0,1,0,0,0,0,0,0,0,0,1,0,1,1,0,0,1,1,0,1,0,0,0,0,0,1,0,1,1,0,1,0,0,0,1,0,football_cif.y4m,110.55,110.682,0.313959,0.021105,0.0,12
1,1,0,0,0,0,1,0,0,0,0,0,1,0,1,1,0,1,1,1,0,1,0,0,0,0,0,1,0,1,1,0,0,0,0,0,0,0,football_cif.y4m,2.3,2.184,0.163799,0.017137,0.0,369
1,1,0,0,0,0,0,0,0,0,0,1,1,1,0,1,1,0,1,0,1,1,0,0,0,0,0,1,0,1,0,1,1,0,0,0,0,1,football_cif.y4m,43.65,43.722,0.199424,0.01357,0.0,58
1,1,0,0,0,0,0,0,1,0,0,0,1,1,0,1,1,0,1,1,0,1,1,0,0,0,0,0,0,1,1,0,0,0,0,0,0,0,football_cif.y4m,53.11,52.87,0.562894,0.020299,0.0,64
1,1,0,0,0,0,0,0,1,0,0,0,1,1,0,1,1,0,1,1,0,1,0,0,1,0,0,0,0,1,1,0,1,1,0,0,0,0,football_cif.y4m,38.37,38.366,0.054129,0.017647,0.0,21
1,1,0,0,0,1,0,0,0,0,0,0,1,0,1,1,1,1,1,0,1,1,0,0,1,0,0,0,0,1,1,0,1,0,0,0,0,1,football_cif.y4m,123.92,123.634,0.742044,0.016579,0.0,225
1,1,0,0,0,0,1,0,0,0,0,0,1,0,1,1,1,0,1,1,0,1,0,0,0,0,0,1,0,1,1,0,1,0,0,0,1,0,football_cif.y4m,134.32,134.188,0.525852,0.014169,0.0,366
1,1,0,0,0,0,0,1,0,0,0,0,1,0,1,1,1,1,1,0,1,1,0,0,1,0,0,0,0,1,0,1,1,0,0,0,0,1,foreman_cif.y4m,3.96,3.966,0.021909,0.004352,0.0,114
1,1,0,0,1,0,0,0,0,0,0,0,1,1,0,1,1,1,1,0,1,1,0,0,1,0,0,0,0,1,1,0,1,0,1,0,0,0,foreman_cif.y4m,3.19,3.176,0.039115,0.00408,0.0,281
1,1,0,0,0,1,0,0,0,0,0,0,1,0,1,1,1,0,1,1,0,1,0,0,0,0,0,0,1,1,1,0,1,0,0,1,0,0,foreman_cif.y4m,5.61,5.62,0.017321,0.004322,0.0,325
1,1,1,0,0,0,0,0,0,0,0,0,1,1,0,1,1,0,1,1,0,1,0,0,0,0,1,0,0,1,1,0,1,1,0,0,0,0,foreman_cif.y4m,5.14,5.156,0.034351,0.005491,0.0,181
1,1,0,0,0,0,0,0,1,0,0,0,1,1,0,1,1,0,1,0,1,1,0,0,1,0,0,0,0,1,1,0,1,0,0,0,0,1,foreman_cif.y4m,162.39,161.892,1.218286,0.004759,0.0,247
1,1,0,0,0,0,0,0,0,0,1,0,1,1,0,1,1,0,1,1,0,1,0,0,0,0,1,0,0,1,1,0,1,0,0,0,0,1,foreman_cif.y4m,215.42,215.196,0.567301,0.005523,0.0,166
1,1,0,0,0,0,0,0,1,0,0,0,1,1,0,1,1,0,1,0,1,1,0,0,1,0,0,0,0,1,1,0,1,0,0,0,1,0,foreman_cif.y4m,8.86,8.828,0.0614,0.005679,0.0,25
1,1,0,0,0,0,0,1,0,0,0,0,1,0,1,1,0,0,1,1,0,1,0,1,0,0,0,0,0,1,0,1,0,0,0,0,0,0,foreman_cif.y4m,10.02,9.992,0.0502,0.006125,0.0,355
1,1,0,0,1,0,0,0,0,0,0,0,1,1,0,1,0,0,1,1,0,1,1,0,0,0,0,0,0,1,1,0,1,0,0,0,0,1,foreman_cif.y4m,1.62,1.614,0.018166,0.004995,0.0,219
1,1,0,0,0,1,0,0,0,0,0,0,1,1,0,1,1,0,1,1,0,1,0,0,0,0,1,0,0,1,1,0,1,1,0,0,0,0,foreman_cif.y4m,10.19,10.226,0.088487,0.006125,0.0,182
1,1,0,1,0,0,0,0,0,0,0,0,1,0,1,1,0,1,1,1,0,1,0,0,0,0,0,1,0,1,1,0,1,1,0,0,0,0,foreman_cif.y4m,3.67,3.694,0.079246,0.005582,0.0,10
1,1,0,0,1,0,0,0,0,0,0,0,1,1,0,1,1,0,1,0,1,1,0,0,1,0,0,0,0,1,0,1,1,0,0,0,0,1,foreman_cif.y4m,44.55,44.546,0.105262,0.005575,0.0,116
1,1,0,0,0,1,0,0,0,0,0,0,1,1,0,1,1,1,1,0,1,1,0,0,0,0,0,1,0,1,0,1,1,1,0,0,0,0,foreman_cif.y4m,6.56,6.556,0.027019,0.004273,0.0,266
1,1,0,0,0,0,0,0,1,0,0,0,1,1,0,1,0,0,1,0,1,1,0,0,1,0,0,0,0,1,1,0,1,0,0,1,0,0,foreman_cif.y4m,37.35,37.318,0.139893,0.009629,0.0,313
1,1,0,0,0,0,0,1,0,0,0,0,1,0,1,1,0,0,1,1,0,1,0,0,0,0,0,0,1,1,0,1,0,0,0,0,0,0,foreman_cif.y4m,12.87,12.884,0.042778,0.009554,0.0,357
1,1,0,0,0,1,0,0,0,0,0,0,1,0,1,1,0,1,1,0,1,1,1,0,0,0,0,0,0,1,1,0,1,1,0,0,0,0,foreman_cif.y4m,2.59,2.582,0.039623,0.008425,0.0,187
1,1,0,0,0,0,0,0,1,0,0,0,1,1,0,1,1,1,1,0,1,1,0,0,1,0,0,0,0,1,1,0,1,1,0,0,0,0,foreman_cif.y4m,483.94,483.936,0.102127,0.005423,0.0,23
1,1,0,0,1,0,0,0,0,0,0,0,1,1,0,1,1,0,1,1,0,1,0,1,0,0,0,0,0,1,0,1,0,0,0,0,0,0,foreman_cif.y4m,59.16,59.232,0.147377,0.005881,0.0,2
1,1,0,0,0,0,0,0,0,0,0,1,1,1,0,1,1,0,1,0,1,1,0,0,0,0,0,1,0,1,1,0,1,1,0,0,0,0,foreman_cif.y4m,228.04,227.962,0.422516,0.004859,0.0,301
1,1,0,0,0,0,0,1,0,0,0,0,1,0,1,1,0,1,1,1,0,1,0,1,0,0,0,0,0,1,0,1,0,0,0,0,0,0,foreman_cif.y4m,223.56,223.85,1.587892,0.00941,0.0,356
1,1,0,0,0,0,0,0,0,0,1,0,1,1,0,1,0,1,1,0,1,1,0,0,0,0,0,1,0,1,0,1,1,1,0,0,0,0,foreman_cif.y4m,12.62,12.608,0.023875,0.005995,0.0,269
1,1,0,0,0,0,0,0,0,0,1,0,1,0,1,1,0,1,1,1,0,1,0,0,1,0,0,0,0,1,0,1,1,0,0,0,1,0,foreman_cif.y4m,9.01,9.008,0.031937,0.009604,0.0,274
1,1,0,0,0,0,0,0,0,0,1,0,1,0,1,1,0,1,1,1,0,1,0,0,0,1,0,0,0,1,1,0,1,1,0,0,0,0,foreman_cif.y4m,6.7,6.714,0.046152,0.007732,0.0,307
1,1,0,0,1,0,0,0,0,0,0,0,1,0,1,1,0,1,1,1,0,1,0,0,1,0,0,0,0,1,0,1,1,1,0,0,0,0,foreman_cif.y4m,31.55,31.602,0.162234,0.005725,0.0,254
1,1,0,0,0,0,0,0,0,0,1,0,1,0,1,1,0,1,1,0,1,1,0,1,0,0,0,0,0,1,0,1,0,0,0,0,0,0,foreman_cif.y4m,1.54,1.544,0.011402,0.005175,0.0,208
1,1,0,0,1,0,0,0,0,0,0,0,1,1,0,1,1,1,1,1,0,1,0,0,1,0,0,0,0,1,0,1,1,0,1,0,0,0,foreman_cif.y4m,2.06,2.068,0.027749,0.009067,0.0,279
1,1,0,0,0,0,0,1,0,0,0,0,1,1,0,1,1,1,1,1,0,1,0,1,0,0,0,0,0,1,0,1,1,0,0,0,1,0,foreman_cif.y4m,6.19,6.198,0.032711,0.004924,0.0,171
1,1,0,0,0,0,0,0,0,1,0,0,1,1,0,1,0,1,1,0,1,1,0,0,0,0,0,1,0,1,0,1,1,0,0,0,1,0,foreman_cif.y4m,39.96,39.646,0.593658,0.009629,0.0,99
1,1,1,0,0,0,0,0,0,0,0,0,1,0,1,1,1,1,1,1,0,1,0,1,0,0,0,0,0,1,1,0,1,0,1,0,0,0,foreman_cif.y4m,8.11,8.096,0.0498,0.004821,0.0,81
1,1,0,0,0,0,0,0,0,0,1,0,1,0,1,1,1,1,1,0,1,1,0,0,1,0,0,0,0,1,1,0,1,0,1,0,0,0,foreman_cif.y4m,2.78,2.77,0.018708,0.005931,0.0,155
1,1,0,0,0,1,0,0,0,0,0,0,1,1,0,1,0,1,1,1,0,1,1,0,0,0,0,0,0,1,1,0,1,1,0,0,0,0,foreman_cif.y4m,4.82,4.828,0.037683,0.007732,0.0,185
1,1,0,0,1,0,0,0,0,0,0,0,1,1,0,1,0,0,1,0,1,1,0,0,0,0,0,1,0,1,0,1,0,0,0,0,0,0,foreman_cif.y4m,3.53,3.542,0.021679,0.005263,0.0,376
1,1,0,0,0,0,0,0,1,0,0,0,1,1,0,1,0,1,1,0,1,1,0,1,0,0,0,0,0,1,1,0,0,0,0,0,0,0,foreman_cif.y4m,1.22,1.22,0.0,0.005246,0.0,204
1,1,0,0,0,0,0,0,1,0,0,0,1,1,0,1,1,0,1,0,1,1,0,0,0,0,1,0,0,1,1,0,1,0,0,0,0,1,foreman_cif.y4m,85.51,85.45,0.289914,0.005652,0.0,246
1,1,0,0,0,0,0,1,0,0,0,0,1,1,0,1,1,1,1,0,1,1,0,0,1,0,0,0,0,1,0,1,0,0,0,0,0,0,foreman_cif.y4m,46.17,46.102,0.129885,0.004932,0.0,230
1,1,0,0,0,0,0,0,1,0,0,0,1,0,1,1,1,0,1,0,1,1,0,0,0,0,0,1,0,1,1,0,1,0,0,0,1,0,foreman_cif.y4m,64.36,64.252,0.219021,0.010996,0.0,27
1,1,0,1,0,0,0,0,0,0,0,0,1,1,0,1,1,1,1,0,1,1,1,0,0,0,0,0,0,1,1,0,0,0,0,0,0,0,foreman_cif.y4m,4.77,4.758,0.054498,0.004161,0.0,137
1,1,0,0,0,0,0,0,0,0,1,0,1,1,0,1,1,1,1,1,0,1,0,0,0,0,1,0,0,1,0,1,1,0,0,0,1,0,foreman_cif.y4m,5.51,5.51,0.036742,0.007952,0.0,169
1,1,0,0,0,0,0,0,0,0,1,0,1,0,1,1,0,1,1,0,1,1,1,0,0,0,0,0,0,1,0,1,1,0,0,0,0,1,foreman_cif.y4m,101.57,101.7,0.428486,0.004902,0.0,33
1,1,0,0,0,0,0,0,1,0,0,0,1,0,1,1,0,1,1,0,1,1,0,1,0,0,0,0,0,1,1,0,0,0,0,0,0,0,foreman_cif.y4m,28.04,28.09,0.125897,0.010362,0.0,205
1,1,0,0,0,0,0,0,0,0,1,0,1,1,0,1,1,0,1,0,1,1,0,0,0,0,1,0,0,1,1,0,1,0,0,0,0,1,foreman_cif.y4m,7.27,7.274,0.056833,0.004862,0.0,245
1,1,1,0,0,0,0,0,0,0,0,0,1,1,0,1,0,0,1,1,0,1,0,0,1,0,0,0,0,1,1,0,1,0,0,0,0,1,foreman_cif.y4m,5.16,5.156,0.018166,0.005288,0.0,163
1,1,0,0,1,0,0,0,0,0,0,0,1,1,0,1,1,0,1,1,0,1,1,0,0,0,0,0,0,1,0,1,1,1,0,0,0,0,foreman_cif.y4m,3.52,3.534,0.04219,0.005263,0.0,4
1,1,0,0,1,0,0,0,0,0,0,0,1,1,0,1,0,0,1,0,1,1,1,0,0,0,0,0,0,1,1,0,1,0,0,0,1,0,foreman_cif.y4m,2.64,2.63,0.046904,0.009067,0.0,141
1,1,1,0,0,0,0,0,0,0,0,0,1,1,0,1,1,1,1,0,1,1,0,0,1,0,0,0,0,1,1,0,1,1,0,0,0,0,foreman_cif.y4m,247.76,247.752,0.242219,0.005746,0.0,159
1,1,0,0,0,0,0,0,1,0,0,0,1,1,0,1,0,1,1,0,1,1,0,0,1,0,0,0,0,1,0,1,1,0,0,0,0,1,foreman_cif.y4m,9.79,9.786,0.040373,0.008122,0.0,336
1,1,0,0,0,1,0,0,0,0,0,0,1,1,0,1,0,0,1,0,1,1,0,0,0,0,0,0,1,1,1,0,1,0,0,0,1,0,foreman_cif.y4m,49.71,49.526,0.277363,0.004814,0.0,72
1,1,0,0,0,0,0,0,1,0,0,0,1,1,0,1,1,0,1,1,0,1,0,0,1,0,0,0,0,1,1,0,1,0,0,0,0,1,foreman_cif.y4m,5.47,5.472,0.019235,0.004938,0.0,248
1,1,0,1,0,0,0,0,0,0,0,0,1,0,1,1,1,1,1,1,0,1,0,0,0,0,0,1,0,1,0,1,1,0,0,0,0,1,foreman_cif.y4m,198.15,201.724,7.370375,0.00556,0.0,130
1,1,0,0,0,1,0,0,0,0,0,0,1,0,1,1,1,1,1,1,0,1,0,0,0,0,0,0,1,1,1,0,0,0,0,0,0,0,foreman_cif.y4m,102.48,102.452,0.234776,0.005855,0.0,324
1,1,1,0,0,0,0,0,0,0,0,0,1,0,1,1,0,1,1,1,0,1,0,1,0,0,0,0,0,1,0,1,0,0,0,0,0,0,foreman_cif.y4m,99.06,99.024,0.094499,0.010917,0.0,354
1,1,0,0,0,0,0,0,0,0,1,0,1,0,1,1,0,0,1,1,0,1,0,0,0,1,0,0,0,1,0,1,0,0,0,0,0,0,foreman_cif.y4m,66.79,66.448,0.7158,0.005477,0.0,291
1,1,0,0,0,0,0,0,0,0,1,0,1,1,0,1,0,0,1,1,0,1,0,1,0,0,0,0,0,1,1,0,1,0,1,0,0,0,foreman_cif.y4m,2.44,2.406,0.074027,0.005084,0.0,237
1,1,0,0,0,1,0,0,0,0,0,0,1,1,0,1,1,0,1,1,0,1,1,0,0,0,0,0,0,1,1,0,1,1,0,0,0,0,foreman_cif.y4m,3.06,3.058,0.023875,0.004153,0.0,183
1,1,0,0,0,1,0,0,0,0,0,0,1,0,1,1,1,1,1,0,1,1,0,0,1,0,0,0,0,1,0,1,0,0,0,0,0,0,foreman_cif.y4m,2.7,2.686,0.040373,0.005486,0.0,227
1,1,0,0,0,0,0,0,1,0,0,0,1,1,0,1,0,1,1,0,1,1,0,0,0,0,0,1,0,1,0,1,0,0,0,0,0,0,foreman_cif.y4m,5.9,5.886,0.036469,0.00602,0.0,338
1,1,0,0,1,0,0,0,0,0,0,0,1,0,1,1,0,0,1,0,1,1,1,0,0,0,0,0,0,1,1,0,1,0,0,0,1,0,foreman_cif.y4m,25.08,25.078,0.029496,0.00484,0.0,142
1,1,0,0,1,0,0,0,0,0,0,0,1,1,0,1,1,1,1,0,1,1,0,0,1,0,0,0,0,1,1,0,1,0,0,0,0,1,foreman_cif.y4m,16.99,16.99,0.025495,0.005965,0.0,332
1,1,0,0,0,0,0,0,0,1,0,0,1,0,1,1,0,0,1,1,0,1,0,0,0,0,1,0,0,1,0,1,1,0,0,0,1,0,foreman_cif.y4m,233.35,233.372,0.256846,0.005487,0.0,95
1,1,0,0,1,0,0,0,0,0,0,0,1,0,1,1,0,0,1,0,1,1,0,0,0,1,0,0,0,1,0,1,0,0,0,0,0,0,foreman_cif.y4m,10.31,10.31,0.015811,0.006118,0.0,289
1,1,0,0,1,0,0,0,0,0,0,0,1,1,0,1,0,0,1,0,1,1,0,0,0,0,0,1,0,1,0,1,1,0,0,1,0,0,foreman_cif.y4m,2.13,2.122,0.013038,0.005084,0.0,378
1,1,0,0,1,0,0,0,0,0,0,0,1,1,0,1,1,1,1,1,0,1,0,0,1,0,0,0,0,1,0,1,1,0,0,0,1,0,foreman_cif.y4m,56.85,56.882,0.194088,0.004799,0.0,278
1,1,0,0,0,0,0,0,0,0,1,0,1,0,1,1,1,0,1,0,1,1,1,0,0,0,0,0,0,1,0,1,1,0,0,0,1,0,foreman_cif.y4m,6.71,6.714,0.096333,0.006182,0.0,30
1,1,0,0,1,0,0,0,0,0,0,0,1,1,0,1,0,0,1,0,1,1,0,1,0,0,0,0,0,1,0,1,1,0,0,0,0,1,foreman_cif.y4m,1.97,1.966,0.005477,0.005701,0.0,120
1,1,0,0,0,1,0,0,0,0,0,0,1,1,0,1,1,1,1,0,1,1,0,0,0,0,0,1,0,1,0,1,0,0,0,0,0,0,foreman_cif.y4m,2.75,2.742,0.031145,0.005345,0.0,265
1,1,0,0,0,0,0,0,0,0,1,0,1,1,0,1,1,0,1,1,0,1,0,0,0,0,0,1,0,1,0,1,0,0,0,0,0,0,foreman_cif.y4m,5.35,5.356,0.027928,0.005372,0.0,296
1,1,0,0,0,0,0,1,0,0,0,0,1,1,0,1,1,1,1,1,0,1,0,1,0,0,0,0,0,1,0,1,0,0,0,0,0,0,foreman_cif.y4m,9.97,9.98,0.065574,0.005927,0.0,232
1,1,0,0,0,0,0,0,0,0,1,0,1,0,1,1,0,0,1,1,0,1,0,0,1,0,0,0,0,1,1,0,1,0,0,1,0,0,foreman_cif.y4m,7.73,7.728,0.051186,0.007579,0.0,310
1,1,0,0,0,0,0,1,0,0,0,0,1,0,1,1,1,1,1,0,1,1,0,0,0,0,0,1,0,1,0,1,1,0,0,1,0,0,foreman_cif.y4m,88.93,88.978,0.22354,0.005673,0.0,349
1,1,0,0,1,0,0,0,0,0,0,0,1,1,0,1,0,1,1,0,1,1,0,0,0,0,0,1,0,1,0,1,0,0,0,0,0,0,foreman_cif.y4m,5.14,5.14,0.01,0.006171,0.0,377
1,1,0,0,0,0,0,0,0,1,0,0,1,0,1,1,1,1,1,1,0,1,0,0,0,0,1,0,0,1,0,1,1,0,0,0,1,0,foreman_cif.y4m,216.23,216.08,0.490714,0.004814,0.0,94
1,1,1,0,0,0,0,0,0,0,0,0,1,1,0,1,1,0,1,0,1,1,1,0,0,0,0,0,0,1,0,1,1,1,0,0,0,0,foreman_cif.y4m,6.74,6.736,0.035071,0.007732,0.0,178
1,1,0,0,0,0,0,0,0,0,1,0,1,0,1,1,0,0,1,1,0,1,0,0,0,0,0,1,0,1,0,1,1,0,0,0,0,1,foreman_cif.y4m,7.06,7.07,0.017321,0.006105,0.0,127
1,1,0,0,0,0,0,1,0,0,0,0,1,0,1,1,1,0,1,0,1,1,0,0,0,1,0,0,0,1,0,1,1,0,0,0,1,0,foreman_cif.y4m,2.06,2.066,0.023022,0.004785,0.0,111
1,1,1,0,0,0,0,0,0,0,0,0,1,0,1,1,0,1,1,1,0,1,0,1,0,0,0,0,0,1,0,1,1,0,0,1,0,0,foreman_cif.y4m,5.49,5.482,0.025884,0.006914,0.0,353
1,1,0,0,0,0,1,0,0,0,0,0,1,0,1,1,1,1,1,1,0,1,0,1,0,0,0,0,0,1,1,0,1,0,0,0,1,0,foreman_cif.y4m,5.01,5.006,0.020736,0.005582,0.0,45
1,1,0,0,0,1,0,0,0,0,0,0,1,0,1,1,1,1,1,0,1,1,0,0,1,0,0,0,0,1,1,0,0,0,0,0,0,0,foreman_cif.y4m,1.69,1.69,0.01,0.005325,0.0,226
1,1,0,0,0,0,0,0,0,0,0,1,1,1,0,1,1,0,1,0,1,1,0,0,0,0,0,1,0,1,1,0,1,0,0,0,0,1,foreman_cif.y4m,6.0,5.996,0.035777,0.005418,0.0,59
1,1,0,0,0,0,0,0,1,0,0,0,1,1,0,1,1,1,1,1,0,1,1,0,0,0,0,0,0,1,0,1,1,1,0,0,0,0,foreman_cif.y4m,60.3,60.238,0.461595,0.005881,0.0,19
1,1,0,0,0,0,0,0,0,0,0,1,1,1,0,1,0,1,1,0,1,1,0,0,0,1,0,0,0,1,1,0,1,1,0,0,0,0,foreman_cif.y4m,29.07,29.116,0.103586,0.00486,0.0,304
1,1,0,0,0,0,0,0,1,0,0,0,1,0,1,1,0,1,1,0,1,1,0,1,0,0,0,0,0,1,0,1,0,0,0,0,0,0,foreman_cif.y4m,5.37,5.384,0.036469,0.004938,0.0,207
1,1,0,0,0,0,1,0,0,0,0,0,1,1,0,1,1,1,1,1,0,1,0,1,0,0,0,0,0,1,1,0,0,0,0,0,0,0,foreman_cif.y4m,156.16,156.222,0.668446,0.005576,0.0,43
1,1,0,0,0,0,1,0,0,0,0,0,1,1,0,1,1,0,1,1,0,1,1,0,0,0,0,0,0,1,1,0,1,0,0,0,0,1,foreman_cif.y4m,2.81,2.808,0.023875,0.005129,0.0,40
1,1,0,0,0,1,0,0,0,0,0,0,1,0,1,1,0,1,1,1,0,1,1,0,0,0,0,0,0,1,1,0,1,1,0,0,0,0,foreman_cif.y4m,97.81,97.838,0.071554,0.005832,0.0,186
1,1,0,0,1,0,0,0,0,0,0,0,1,0,1,1,0,0,1,0,1,1,0,0,0,1,0,0,0,1,0,1,1,0,0,0,0,1,foreman_cif.y4m,3.28,3.27,0.04,0.005772,0.0,288
1,1,1,0,0,0,0,0,0,0,0,0,1,1,0,1,1,0,1,1,0,1,0,1,0,0,0,0,0,1,1,0,1,0,1,0,0,0,foreman_cif.y4m,5.08,5.084,0.027019,0.005491,0.0,82
1,1,0,0,0,0,0,0,0,0,1,0,1,0,1,1,1,1,1,0,1,1,0,0,0,1,0,0,0,1,0,1,0,0,0,0,0,0,foreman_cif.y4m,3.56,3.56,0.012247,0.004366,0.0,211
1,1,0,0,1,0,0,0,0,0,0,0,1,0,1,1,1,1,1,0,1,1,0,0,0,0,0,1,0,1,1,0,1,0,0,1,0,0,foreman_cif.y4m,86.44,85.744,1.612957,0.005652,0.0,347
1,1,0,1,0,0,0,0,0,0,0,0,1,0,1,1,0,0,1,1,0,1,1,0,0,0,0,0,0,1,1,0,1,0,0,0,1,0,foreman_cif.y4m,10.04,10.068,0.043243,0.005702,0.0,13
1,1,0,0,0,0,0,1,0,0,0,0,1,0,1,1,1,1,1,0,1,1,0,0,1,0,0,0,0,1,0,1,0,0,0,0,0,0,foreman_cif.y4m,482.75,482.812,0.61194,0.005476,0.0,228
1,1,0,0,0,0,0,0,0,1,0,0,1,1,0,1,0,1,1,0,1,1,0,0,1,0,0,0,0,1,0,1,1,0,0,0,0,1,foreman_cif.y4m,6.3,6.296,0.047223,0.004924,0.0,335
1,1,0,0,0,0,0,0,1,0,0,0,1,1,0,1,1,0,1,0,1,1,0,0,1,0,0,0,0,1,1,0,1,1,0,0,0,0,foreman_cif.y4m,21.96,21.968,0.166193,0.005691,0.0,24
1,1,1,0,0,0,0,0,0,0,0,0,1,0,1,1,0,1,1,0,1,1,0,1,0,0,0,0,0,1,0,1,1,0,0,1,0,0,foreman_cif.y4m,163.95,163.928,0.087006,0.010823,0.0,352
1,1,0,0,0,0,1,0,0,0,0,0,1,0,1,1,0,0,1,1,0,1,0,0,0,0,0,1,0,1,1,0,0,0,0,0,0,0,foreman_cif.y4m,4.01,4.01,0.025495,0.004413,0.0,368
1,1,1,0,0,0,0,0,0,0,0,0,1,0,1,1,1,1,1,1,0,1,0,1,0,0,0,0,0,1,1,0,0,0,0,0,0,0,foreman_cif.y4m,1.82,1.824,0.020736,0.005573,0.0,80
1,1,0,0,1,0,0,0,0,0,0,0,1,1,0,1,0,0,1,0,1,1,0,1,0,0,0,0,0,1,0,1,0,0,0,0,0,0,foreman_cif.y4m,32.21,32.304,0.209476,0.005966,0.0,121
1,1,0,0,0,0,0,0,0,0,1,0,1,0,1,1,1,1,1,0,1,1,0,0,1,0,0,0,0,1,1,0,1,1,0,0,0,0,foreman_cif.y4m,3.77,3.778,0.025884,0.004161,0.0,156
1,1,0,1,0,0,0,0,0,0,0,0,1,0,1,1,1,1,1,1,0,1,0,0,0,0,0,1,0,1,1,0,1,1,0,0,0,0,foreman_cif.y4m,1.16,1.158,0.004472,0.004763,0.0,9
1,1,0,0,0,0,0,0,0,0,1,0,1,1,0,1,0,0,1,1,0,1,0,0,0,0,1,0,0,1,1,0,1,0,0,0,0,1,foreman_cif.y4m,6.69,6.7,0.043589,0.004862,0.0,165
1,1,0,0,0,0,0,0,0,0,1,0,1,0,1,1,0,0,1,1,0,1,0,1,0,0,0,0,0,1,0,1,1,0,0,0,0,1,foreman_cif.y4m,4.86,4.862,0.021679,0.004322,0.0,126
1,1,0,0,1,0,0,0,0,0,0,0,1,1,0,1,1,1,1,0,1,1,0,0,1,0,0,0,0,1,0,1,1,0,1,0,0,0,foreman_cif.y4m,1.82,1.874,0.11149,0.005573,0.0,280
1,1,0,0,0,0,0,1,0,0,0,0,1,0,1,1,1,1,1,1,0,1,0,1,0,0,0,0,0,1,0,1,1,0,0,0,1,0,foreman_cif.y4m,1.48,1.492,0.032711,0.009228,0.0,172
1,1,0,0,0,0,0,0,0,0,1,0,1,0,1,1,0,1,1,1,0,1,0,0,0,1,0,0,0,1,0,1,0,0,0,0,0,0,foreman_cif.y4m,7.73,7.728,0.028636,0.007654,0.0,292
1,1,0,0,0,0,0,0,0,0,1,0,1,1,0,1,1,1,1,0,1,1,0,0,0,0,0,1,0,1,1,0,0,0,0,0,0,0,foreman_cif.y4m,19.18,19.188,0.142373,0.005795,0.0,105
1,1,0,0,0,1,0,0,0,0,0,0,1,0,1,1,1,1,1,0,1,1,0,0,0,0,0,0,1,1,1,0,1,0,1,0,0,0,foreman_cif.y4m,13.62,13.614,0.018166,0.006037,0.0,76
1,1,0,0,0,1,0,0,0,0,0,0,1,0,1,1,0,0,1,1,0,1,1,0,0,0,0,0,0,1,1,0,1,0,0,0,0,1,foreman_cif.y4m,84.13,84.006,0.469393,0.005421,0.0,221
1,1,0,0,0,0,0,0,0,0,1,0,1,1,0,1,1,0,1,1,0,1,0,0,0,0,1,0,0,1,0,1,1,0,0,0,0,1,foreman_cif.y4m,36.83,36.816,0.035071,0.005608,0.0,167
1,1,0,0,0,0,0,0,0,0,1,0,1,0,1,1,0,1,1,0,1,1,1,0,0,0,0,0,0,1,1,0,1,0,0,0,0,1,foreman_cif.y4m,299.31,299.098,0.957429,0.005128,0.0,35
1,1,0,0,1,0,0,0,0,0,0,0,1,1,0,1,0,0,1,1,0,1,0,1,0,0,0,0,0,1,0,1,1,0,1,0,0,0,foreman_cif.y4m,3.46,3.458,0.030332,0.004263,0.0,235
1,1,0,0,0,0,0,0,0,1,0,0,1,1,0,1,1,1,1,0,1,1,0,0,1,0,0,0,0,1,0,1,1,0,0,0,0,1,foreman_cif.y4m,10.22,10.228,0.022804,0.006113,0.0,333
1,1,0,0,0,0,1,0,0,0,0,0,1,0,1,1,1,1,1,1,0,1,0,1,0,0,0,0,0,1,1,0,0,0,0,0,0,0,foreman_cif.y4m,76.32,76.288,0.413848,0.005547,0.0,44
1,1,0,0,1,0,0,0,0,0,0,0,1,0,1,1,0,1,1,1,0,1,0,1,0,0,0,0,0,1,0,1,1,1,0,0,0,0,foreman_cif.y4m,129.83,129.838,0.135904,0.00497,0.0,256
1,1,0,0,0,0,0,1,0,0,0,0,1,0,1,1,1,0,1,0,1,1,0,1,0,0,0,0,0,1,0,1,1,0,0,0,0,1,foreman_cif.y4m,636.31,636.352,0.625835,0.006019,0.0,192
1,1,0,0,0,0,1,0,0,0,0,0,1,1,0,1,1,1,1,1,0,1,1,0,0,0,0,0,0,1,1,0,1,0,0,0,0,1,foreman_cif.y4m,16.91,16.916,0.054129,0.004934,0.0,41
1,1,0,0,0,0,0,0,0,0,1,0,1,0,1,1,0,1,1,1,0,1,0,0,0,0,0,1,0,1,0,1,1,0,0,0,1,0,foreman_cif.y4m,105.69,105.6,0.259037,0.009312,0.0,273
1,1,0,0,0,0,0,0,0,0,1,0,1,1,0,1,0,1,1,0,1,1,0,0,0,0,0,1,0,1,0,1,0,0,0,0,0,0,foreman_cif.y4m,113.74,113.66,0.270647,0.009433,0.0,101
1,1,0,0,0,0,0,0,0,0,1,0,1,0,1,1,1,1,1,0,1,1,0,0,0,0,1,0,0,1,1,0,1,0,1,0,0,0,foreman_cif.y4m,42.91,42.95,0.09798,0.005575,0.0,242
1,1,0,0,0,0,0,0,0,0,1,0,1,1,0,1,0,1,1,0,1,1,0,0,0,0,0,1,0,1,1,0,0,0,0,0,0,0,foreman_cif.y4m,9.21,9.204,0.015166,0.009604,0.0,103
1,1,1,0,0,0,0,0,0,0,0,0,1,1,0,1,1,0,1,1,0,1,0,1,0,0,0,0,0,1,0,1,0,0,0,0,0,0,foreman_cif.y4m,78.75,78.774,0.175157,0.005042,0.0,1
1,1,0,0,0,0,0,1,0,0,0,0,1,1,0,1,0,0,1,0,1,1,0,0,0,0,0,1,0,1,0,1,1,0,0,0,0,1,foreman_cif.y4m,5.46,5.472,0.052154,0.006914,0.0,56
1,1,0,0,1,0,0,0,0,0,0,0,1,0,1,1,0,0,1,0,1,1,0,0,0,0,0,0,1,1,0,1,0,0,0,0,0,0,foreman_cif.y4m,18.92,18.916,0.068044,0.005795,0.0,373
1,1,0,0,0,0,0,0,1,0,0,0,1,1,0,1,1,1,1,0,1,1,0,1,0,0,0,0,0,1,0,1,1,0,1,0,0,0,foreman_cif.y4m,124.32,124.696,1.108391,0.005472,0.0,318
1,1,0,0,0,1,0,0,0,0,0,0,1,1,0,1,0,0,1,1,0,1,0,0,0,0,1,0,0,1,1,0,0,0,0,0,0,0,foreman_cif.y4m,276.97,276.938,0.419667,0.00581,0.0,69
1,1,0,1,0,0,0,0,0,0,0,0,1,0,1,1,0,0,1,1,0,1,0,0,0,0,0,1,0,1,1,0,1,1,0,0,0,0,foreman_cif.y4m,4.68,4.7,0.063246,0.006177,0.0,11
1,1,0,0,1,0,0,0,0,0,0,0,1,0,1,1,0,0,1,1,0,1,0,1,0,0,0,0,0,1,0,1,1,0,0,1,0,0,foreman_cif.y4m,5.44,5.432,0.042661,0.006007,0.0,258
1,1,0,0,0,0,0,0,0,0,1,0,1,0,1,1,0,0,1,1,0,1,0,1,0,0,0,0,0,1,1,0,1,0,1,0,0,0,foreman_cif.y4m,391.39,391.376,0.130115,0.006099,0.0,238
1,1,0,0,0,0,0,1,0,0,0,0,1,0,1,1,1,0,1,1,0,1,1,0,0,0,0,0,0,1,0,1,1,0,0,0,1,0,foreman_cif.y4m,462.83,462.924,1.979831,0.005728,0.0,173
1,1,0,0,0,0,0,1,0,0,0,0,1,0,1,1,0,1,1,0,1,1,0,1,0,0,0,0,0,1,0,1,1,1,0,0,0,0,foreman_cif.y4m,431.95,431.814,0.348109,0.004734,0.0,190
1,1,0,1,0,0,0,0,0,0,0,0,1,0,1,1,1,0,1,1,0,1,0,0,0,0,0,1,0,1,0,1,1,1,0,0,0,0,foreman_cif.y4m,91.2,91.216,0.34602,0.004841,0.0,7
1,1,0,0,0,1,0,0,0,0,0,0,1,0,1,1,1,1,1,0,1,1,0,0,0,0,0,0,1,1,1,0,0,0,0,0,0,0,foreman_cif.y4m,2.14,2.132,0.033466,0.005175,0.0,323
1,1,0,0,0,1,0,0,0,0,0,0,1,0,1,1,0,0,1,0,1,1,0,0,0,0,0,0,1,1,1,0,1,0,0,0,1,0,foreman_cif.y4m,159.31,159.494,0.560295,0.004806,0.0,73
1,1,0,0,0,0,0,0,0,0,1,0,1,0,1,1,1,0,1,0,1,1,0,1,0,0,0,0,0,1,0,1,0,0,0,0,0,0,foreman_cif.y4m,147.25,147.452,0.971015,0.005576,0.0,209
1,1,0,1,0,0,0,0,0,0,0,0,1,1,0,1,1,0,1,0,1,1,1,0,0,0,0,0,0,1,1,0,0,0,0,0,0,0,foreman_cif.y4m,4.92,4.928,0.039623,0.004956,0.0,138
1,1,0,0,0,1,0,0,0,0,0,0,1,1,0,1,1,1,1,1,0,1,0,0,0,0,0,1,0,1,0,1,0,0,0,0,0,0,foreman_cif.y4m,106.65,106.436,0.476162,0.005681,0.0,264
1,1,0,0,0,0,0,0,0,1,0,0,1,0,1,1,0,1,1,0,1,1,0,0,0,0,0,1,0,1,0,1,1,0,0,0,1,0,foreman_cif.y4m,304.6,304.712,0.55612,0.00581,0.0,98
1,1,0,0,0,0,0,0,0,0,1,0,1,1,0,1,0,0,1,0,1,1,0,0,0,0,0,1,0,1,1,0,1,0,0,1,0,0,foreman_cif.y4m,3.75,3.756,0.0251,0.004462,0.0,380
1,1,0,0,1,0,0,0,0,0,0,0,1,1,0,1,1,1,1,1,0,1,0,1,0,0,0,0,0,1,1,0,1,0,1,0,0,0,foreman_cif.y4m,175.55,175.61,0.250599,0.009285,0.0,85
1,1,0,0,0,0,0,0,0,0,1,0,1,0,1,1,0,0,1,0,1,1,1,0,0,0,0,0,0,1,0,1,1,0,0,0,1,0,foreman_cif.y4m,78.32,78.352,0.165741,0.005792,0.0,31
1,1,0,1,0,0,0,0,0,0,0,0,1,0,1,1,1,0,1,1,0,1,0,0,0,0,0,1,0,1,1,0,1,1,0,0,0,0,foreman_cif.y4m,3.43,3.432,0.013038,0.005129,0.0,8
1,1,0,0,1,0,0,0,0,0,0,0,1,1,0,1,1,1,1,1,0,1,1,0,0,0,0,0,0,1,0,1,1,1,0,0,0,0,foreman_cif.y4m,6.75,6.762,0.052154,0.00602,0.0,216
1,1,0,0,1,0,0,0,0,0,0,0,1,1,0,1,1,1,1,0,1,1,0,0,0,1,0,0,0,1,0,1,1,1,0,0,0,0,foreman_cif.y4m,1.38,1.374,0.008944,0.005701,0.0,214
1,1,0,0,0,0,0,0,1,0,0,0,1,1,0,1,0,0,1,1,0,1,0,0,0,0,0,1,0,1,1,0,0,0,0,0,0,0,foreman_cif.y4m,7.42,7.416,0.043359,0.004344,0.0,341
1,1,0,0,1,0,0,0,0,0,0,0,1,1,0,1,0,0,1,1,0,1,0,1,0,0,0,0,0,1,1,0,1,0,1,0,0,0,foreman_cif.y4m,4.69,4.694,0.035777,0.007884,0.0,236
1,1,0,0,0,0,0,0,0,0,1,0,1,0,1,1,0,0,1,0,1,1,0,0,0,0,1,0,0,1,1,0,1,0,1,0,0,0,foreman_cif.y4m,11.33,11.332,0.075961,0.008709,0.0,240
1,1,0,0,0,0,0,1,0,0,0,0,1,0,1,1,0,0,1,0,1,1,0,0,0,1,0,0,0,1,0,1,1,0,0,0,1,0,foreman_cif.y4m,10.67,10.67,0.05244,0.009604,0.0,51
1,1,1,0,0,0,0,0,0,0,0,0,1,0,1,1,1,1,1,0,1,1,0,0,0,0,0,0,1,1,1,0,1,0,1,0,0,0,foreman_cif.y4m,6.28,6.276,0.047223,0.005776,0.0,77
1,1,0,0,0,0,0,0,0,0,1,0,1,0,1,1,1,0,1,1,0,1,0,0,0,0,0,1,0,1,0,1,1,0,0,0,0,1,foreman_cif.y4m,7.67,7.664,0.029665,0.005932,0.0,128
1,1,0,0,1,0,0,0,0,0,0,0,1,1,0,1,0,0,1,1,0,1,0,1,0,0,0,0,0,1,0,1,0,0,0,0,0,0,foreman_cif.y4m,66.22,66.214,0.076026,0.005477,0.0,234
1,1,0,0,0,0,0,0,1,0,0,0,1,0,1,1,1,0,1,0,1,1,0,0,0,0,0,1,0,1,0,1,1,0,0,0,1,0,foreman_cif.y4m,666.95,666.97,0.283196,0.006019,0.0,28
1,1,0,0,1,0,0,0,0,0,0,0,1,1,0,1,1,0,1,0,1,1,1,0,0,0,0,0,0,1,1,0,0,0,0,0,0,0,foreman_cif.y4m,94.67,94.112,1.392846,0.004841,0.0,139
1,1,0,0,0,0,0,0,0,0,1,0,1,0,1,1,1,0,1,1,0,1,0,0,0,0,1,0,0,1,1,0,1,0,1,0,0,0,foreman_cif.y4m,1.28,1.282,0.008367,0.005246,0.0,152
1,1,0,1,0,0,0,0,0,0,0,0,1,0,1,1,0,0,1,1,0,1,0,0,0,0,0,1,0,1,1,0,1,0,0,0,1,0,foreman_cif.y4m,100.81,100.762,0.271238,0.010868,0.0,12
1,1,0,0,0,0,1,0,0,0,0,0,1,0,1,1,0,1,1,1,0,1,0,0,0,0,0,1,0,1,1,0,0,0,0,0,0,0,foreman_cif.y4m,1.25,1.25,0.007071,0.005246,0.0,369
1,1,0,0,0,0,0,0,0,0,0,1,1,1,0,1,1,0,1,0,1,1,0,0,0,0,0,1,0,1,0,1,1,0,0,0,0,1,foreman_cif.y4m,36.76,36.76,0.04062,0.005608,0.0,58
1,1,0,0,0,0,0,0,1,0,0,0,1,1,0,1,1,0,1,1,0,1,1,0,0,0,0,0,0,1,1,0,0,0,0,0,0,0,foreman_cif.y4m,38.83,38.824,0.064265,0.009629,0.0,64
1,1,0,0,0,0,0,0,1,0,0,0,1,1,0,1,1,0,1,1,0,1,0,0,1,0,0,0,0,1,1,0,1,1,0,0,0,0,foreman_cif.y4m,27.86,27.874,0.043932,0.005689,0.0,21
1,1,0,0,0,1,0,0,0,0,0,0,1,0,1,1,1,1,1,0,1,1,0,0,1,0,0,0,0,1,1,0,1,0,0,0,0,1,foreman_cif.y4m,80.07,79.716,0.816474,0.005652,0.0,225
1,1,0,0,0,0,1,0,0,0,0,0,1,0,1,1,1,0,1,1,0,1,0,0,0,0,0,1,0,1,1,0,1,0,0,0,1,0,foreman_cif.y4m,114.41,114.416,0.222666,0.004902,0.0,366
1,1,0,0,0,0,0,1,0,0,0,0,1,0,1,1,1,1,1,0,1,1,0,0,1,0,0,0,0,1,0,1,1,0,0,0,0,1,hall_monitor_cif.y4m,2.31,2.314,0.020736,0.001753,0.0,114
1,1,0,0,1,0,0,0,0,0,0,0,1,1,0,1,1,1,1,0,1,1,0,0,1,0,0,0,0,1,1,0,1,0,1,0,0,0,hall_monitor_cif.y4m,1.43,1.43,0.014142,0.001552,0.0,281
1,1,0,0,0,1,0,0,0,0,0,0,1,0,1,1,1,0,1,1,0,1,0,0,0,0,0,0,1,1,1,0,1,0,0,1,0,0,hall_monitor_cif.y4m,3.26,3.262,0.008367,0.00172,0.0,325
1,1,1,0,0,0,0,0,0,0,0,0,1,1,0,1,1,0,1,1,0,1,0,0,0,0,1,0,0,1,1,0,1,1,0,0,0,0,hall_monitor_cif.y4m,3.06,3.07,0.033912,0.002323,0.0,181
1,1,0,0,0,0,0,0,1,0,0,0,1,1,0,1,1,0,1,0,1,1,0,0,1,0,0,0,0,1,1,0,1,0,0,0,0,1,hall_monitor_cif.y4m,49.43,49.782,1.100373,0.001764,0.0,247
1,1,0,0,0,0,0,0,0,0,1,0,1,1,0,1,1,0,1,1,0,1,0,0,0,0,1,0,0,1,1,0,1,0,0,0,0,1,hall_monitor_cif.y4m,73.44,73.46,0.155081,0.002412,0.0,166
1,1,0,0,0,0,0,0,1,0,0,0,1,1,0,1,1,0,1,0,1,1,0,0,1,0,0,0,0,1,1,0,1,0,0,0,1,0,hall_monitor_cif.y4m,5.22,5.224,0.0251,0.00256,0.0,25
1,1,0,0,0,0,0,1,0,0,0,0,1,0,1,1,0,0,1,1,0,1,0,1,0,0,0,0,0,1,0,1,0,0,0,0,0,0,hall_monitor_cif.y4m,5.8,5.81,0.171756,0.002983,0.0,355
1,1,0,0,1,0,0,0,0,0,0,0,1,1,0,1,0,0,1,1,0,1,1,0,0,0,0,0,0,1,1,0,1,0,0,0,0,1,hall_monitor_cif.y4m,0.8,0.798,0.010954,0.002462,0.0,219
1,1,0,0,0,1,0,0,0,0,0,0,1,1,0,1,1,0,1,1,0,1,0,0,0,0,1,0,0,1,1,0,1,1,0,0,0,0,hall_monitor_cif.y4m,5.85,5.9,0.165378,0.002983,0.0,182
1,1,0,1,0,0,0,0,0,0,0,0,1,0,1,1,0,1,1,1,0,1,0,0,0,0,0,1,0,1,1,0,1,1,0,0,0,0,hall_monitor_cif.y4m,2.23,2.224,0.015166,0.002393,0.0,10
1,1,0,0,1,0,0,0,0,0,0,0,1,1,0,1,1,0,1,0,1,1,0,0,1,0,0,0,0,1,0,1,1,0,0,0,0,1,hall_monitor_cif.y4m,19.54,19.534,0.063087,0.002624,0.0,116
1,1,0,0,0,1,0,0,0,0,0,0,1,1,0,1,1,1,1,0,1,1,0,0,0,0,0,1,0,1,0,1,1,1,0,0,0,0,hall_monitor_cif.y4m,3.75,3.752,0.026833,0.001669,0.0,266
1,1,0,0,0,0,0,0,1,0,0,0,1,1,0,1,0,0,1,0,1,1,0,0,1,0,0,0,0,1,1,0,1,0,0,1,0,0,hall_monitor_cif.y4m,15.88,15.894,0.026077,0.004736,0.0,313
1,1,0,0,0,0,0,1,0,0,0,0,1,0,1,1,0,0,1,1,0,1,0,0,0,0,0,0,1,1,0,1,0,0,0,0,0,0,hall_monitor_cif.y4m,8.72,8.718,0.033466,0.004699,0.0,357
1,1,0,0,0,1,0,0,0,0,0,0,1,0,1,1,0,1,1,0,1,1,1,0,0,0,0,0,0,1,1,0,1,1,0,0,0,0,hall_monitor_cif.y4m,1.45,1.45,0.007071,0.004582,0.0,187
1,1,0,0,0,0,0,0,1,0,0,0,1,1,0,1,1,1,1,0,1,1,0,0,1,0,0,0,0,1,1,0,1,1,0,0,0,0,hall_monitor_cif.y4m,156.95,156.962,0.030332,0.002329,0.0,23
1,1,0,0,1,0,0,0,0,0,0,0,1,1,0,1,1,0,1,1,0,1,0,1,0,0,0,0,0,1,0,1,0,0,0,0,0,0,hall_monitor_cif.y4m,19.49,19.482,0.112561,0.002467,0.0,2
1,1,0,0,0,0,0,0,0,0,0,1,1,1,0,1,1,0,1,0,1,1,0,0,0,0,0,1,0,1,1,0,1,1,0,0,0,0,hall_monitor_cif.y4m,63.3,63.298,0.203642,0.001837,0.0,301
1,1,0,0,0,0,0,1,0,0,0,0,1,0,1,1,0,1,1,1,0,1,0,1,0,0,0,0,0,1,0,1,0,0,0,0,0,0,hall_monitor_cif.y4m,80.02,80.044,0.498126,0.004618,0.0,356
1,1,0,0,0,0,0,0,0,0,1,0,1,1,0,1,0,1,1,0,1,1,0,0,0,0,0,1,0,1,0,1,1,1,0,0,0,0,hall_monitor_cif.y4m,7.5,7.49,0.029155,0.002769,0.0,269
1,1,0,0,0,0,0,0,0,0,1,0,1,0,1,1,0,1,1,1,0,1,0,0,1,0,0,0,0,1,0,1,1,0,0,0,1,0,hall_monitor_cif.y4m,6.44,6.442,0.014832,0.004796,0.0,274
1,1,0,0,0,0,0,0,0,0,1,0,1,0,1,1,0,1,1,1,0,1,0,0,0,1,0,0,0,1,1,0,1,1,0,0,0,0,hall_monitor_cif.y4m,4.03,4.042,0.027749,0.004034,0.0,307
1,1,0,0,1,0,0,0,0,0,0,0,1,0,1,1,0,1,1,1,0,1,0,0,1,0,0,0,0,1,0,1,1,1,0,0,0,0,hall_monitor_cif.y4m,11.75,11.752,0.037014,0.00274,0.0,254
1,1,0,0,0,0,0,0,0,0,1,0,1,0,1,1,0,1,1,0,1,1,0,1,0,0,0,0,0,1,0,1,0,0,0,0,0,0,hall_monitor_cif.y4m,0.89,0.892,0.008367,0.002514,0.0,208
1,1,0,0,1,0,0,0,0,0,0,0,1,1,0,1,1,1,1,1,0,1,0,0,1,0,0,0,0,1,0,1,1,0,1,0,0,0,hall_monitor_cif.y4m,1.15,1.152,0.025884,0.004324,0.0,279
1,1,0,0,0,0,0,1,0,0,0,0,1,1,0,1,1,1,1,1,0,1,0,1,0,0,0,0,0,1,0,1,1,0,0,0,1,0,hall_monitor_cif.y4m,3.48,3.478,0.010954,0.001895,0.0,171
1,1,0,0,0,0,0,0,0,1,0,0,1,1,0,1,0,1,1,0,1,1,0,0,0,0,0,1,0,1,0,1,1,0,0,0,1,0,hall_monitor_cif.y4m,17.66,17.658,0.067602,0.004736,0.0,99
1,1,1,0,0,0,0,0,0,0,0,0,1,0,1,1,1,1,1,1,0,1,0,1,0,0,0,0,0,1,1,0,1,0,1,0,0,0,hall_monitor_cif.y4m,4.23,4.24,0.024495,0.001748,0.0,81
1,1,0,0,0,0,0,0,0,0,1,0,1,0,1,1,1,1,1,0,1,1,0,0,1,0,0,0,0,1,1,0,1,0,1,0,0,0,hall_monitor_cif.y4m,1.58,1.584,0.011402,0.002958,0.0,155
1,1,0,0,0,1,0,0,0,0,0,0,1,1,0,1,0,1,1,1,0,1,1,0,0,0,0,0,0,1,1,0,1,1,0,0,0,0,hall_monitor_cif.y4m,2.9,2.904,0.008944,0.004034,0.0,185
1,1,0,0,1,0,0,0,0,0,0,0,1,1,0,1,0,0,1,0,1,1,0,0,0,0,0,1,0,1,0,1,0,0,0,0,0,0,hall_monitor_cif.y4m,1.76,1.762,0.019235,0.002201,0.0,376
1,1,0,0,0,0,0,0,1,0,0,0,1,1,0,1,0,1,1,0,1,1,0,1,0,0,0,0,0,1,1,0,0,0,0,0,0,0,hall_monitor_cif.y4m,0.77,0.768,0.008367,0.002614,0.0,204
1,1,0,0,0,0,0,0,1,0,0,0,1,1,0,1,1,0,1,0,1,1,0,0,0,0,1,0,0,1,1,0,1,0,0,0,0,1,hall_monitor_cif.y4m,33.75,33.772,0.199173,0.002438,0.0,246
1,1,0,0,0,0,0,1,0,0,0,0,1,1,0,1,1,1,1,0,1,1,0,0,1,0,0,0,0,1,0,1,0,0,0,0,0,0,hall_monitor_cif.y4m,15.44,15.418,0.103296,0.001819,0.0,230
1,1,0,0,0,0,0,0,1,0,0,0,1,0,1,1,1,0,1,0,1,1,0,0,0,0,0,1,0,1,1,0,1,0,0,0,1,0,hall_monitor_cif.y4m,32.86,32.828,0.102567,0.005568,0.0,27
1,1,0,1,0,0,0,0,0,0,0,0,1,1,0,1,1,1,1,0,1,1,1,0,0,0,0,0,0,1,1,0,0,0,0,0,0,0,hall_monitor_cif.y4m,2.09,2.124,0.058566,0.001617,0.0,137
1,1,0,0,0,0,0,0,0,0,1,0,1,1,0,1,1,1,1,1,0,1,0,0,0,0,1,0,0,1,0,1,1,0,0,0,1,0,hall_monitor_cif.y4m,3.17,3.16,0.033912,0.00419,0.0,169
1,1,0,0,0,0,0,0,0,0,1,0,1,0,1,1,0,1,1,0,1,1,1,0,0,0,0,0,0,1,0,1,1,0,0,0,0,1,hall_monitor_cif.y4m,29.15,29.142,0.062209,0.001834,0.0,33
1,1,0,0,0,0,0,0,1,0,0,0,1,0,1,1,0,1,1,0,1,1,0,1,0,0,0,0,0,1,1,0,0,0,0,0,0,0,hall_monitor_cif.y4m,18.34,18.332,0.08228,0.00548,0.0,205
1,1,0,0,0,0,0,0,0,0,1,0,1,1,0,1,1,0,1,0,1,1,0,0,0,0,1,0,0,1,1,0,1,0,0,0,0,1,hall_monitor_cif.y4m,4.48,4.488,0.037683,0.001741,0.0,245
1,1,1,0,0,0,0,0,0,0,0,0,1,1,0,1,0,0,1,1,0,1,0,0,1,0,0,0,0,1,1,0,1,0,0,0,0,1,hall_monitor_cif.y4m,3.03,3.014,0.040373,0.002498,0.0,163
1,1,0,0,1,0,0,0,0,0,0,0,1,1,0,1,1,0,1,1,0,1,1,0,0,0,0,0,0,1,0,1,1,1,0,0,0,0,hall_monitor_cif.y4m,1.8,1.802,0.025884,0.002201,0.0,4
1,1,0,0,1,0,0,0,0,0,0,0,1,1,0,1,0,0,1,0,1,1,1,0,0,0,0,0,0,1,1,0,1,0,0,0,1,0,hall_monitor_cif.y4m,1.57,1.59,0.04,0.004324,0.0,141
1,1,1,0,0,0,0,0,0,0,0,0,1,1,0,1,1,1,1,0,1,1,0,0,1,0,0,0,0,1,1,0,1,1,0,0,0,0,hall_monitor_cif.y4m,76.86,76.736,0.572084,0.00257,0.0,159
1,1,0,0,0,0,0,0,1,0,0,0,1,1,0,1,0,1,1,0,1,1,0,0,1,0,0,0,0,1,0,1,1,0,0,0,0,1,hall_monitor_cif.y4m,7.28,7.274,0.026077,0.004267,0.0,336
1,1,0,0,0,1,0,0,0,0,0,0,1,1,0,1,0,0,1,0,1,1,0,0,0,0,0,0,1,1,1,0,1,0,0,0,1,0,hall_monitor_cif.y4m,18.94,18.948,0.123976,0.001789,0.0,72
1,1,0,0,0,0,0,0,1,0,0,0,1,1,0,1,1,0,1,1,0,1,0,0,1,0,0,0,0,1,1,0,1,0,0,0,0,1,hall_monitor_cif.y4m,3.03,3.032,0.0249,0.001874,0.0,248
1,1,0,1,0,0,0,0,0,0,0,0,1,0,1,1,1,1,1,1,0,1,0,0,0,0,0,1,0,1,0,1,1,0,0,0,0,1,hall_monitor_cif.y4m,59.62,59.14,1.397802,0.002343,0.0,130
1,1,0,0,0,1,0,0,0,0,0,0,1,0,1,1,1,1,1,1,0,1,0,0,0,0,0,0,1,1,1,0,0,0,0,0,0,0,hall_monitor_cif.y4m,50.14,50.182,0.118195,0.002676,0.0,324
1,1,1,0,0,0,0,0,0,0,0,0,1,0,1,1,0,1,1,1,0,1,0,1,0,0,0,0,0,1,0,1,0,0,0,0,0,0,hall_monitor_cif.y4m,47.85,47.854,0.103586,0.005486,0.0,354
1,1,0,0,0,0,0,0,0,0,1,0,1,0,1,1,0,0,1,1,0,1,0,0,0,1,0,0,0,1,0,1,0,0,0,0,0,0,hall_monitor_cif.y4m,26.01,26.042,0.101833,0.002556,0.0,291
1,1,0,0,0,0,0,0,0,0,1,0,1,1,0,1,0,0,1,1,0,1,0,1,0,0,0,0,0,1,1,0,1,0,1,0,0,0,hall_monitor_cif.y4m,1.06,1.076,0.032094,0.002443,0.0,237
1,1,0,0,0,1,0,0,0,0,0,0,1,1,0,1,1,0,1,1,0,1,1,0,0,0,0,0,0,1,1,0,1,1,0,0,0,0,hall_monitor_cif.y4m,1.4,1.41,0.017321,0.001608,0.0,183
1,1,0,0,0,1,0,0,0,0,0,0,1,0,1,1,1,1,1,0,1,1,0,0,1,0,0,0,0,1,0,1,0,0,0,0,0,0,hall_monitor_cif.y4m,1.26,1.258,0.008367,0.002614,0.0,227
1,1,0,0,0,0,0,0,1,0,0,0,1,1,0,1,0,1,1,0,1,1,0,0,0,0,0,1,0,1,0,1,0,0,0,0,0,0,hall_monitor_cif.y4m,3.4,3.398,0.017889,0.00245,0.0,338
1,1,0,0,1,0,0,0,0,0,0,0,1,0,1,1,0,0,1,0,1,1,1,0,0,0,0,0,0,1,1,0,1,0,0,0,1,0,hall_monitor_cif.y4m,9.37,9.396,0.088487,0.001844,0.0,142
1,1,0,0,1,0,0,0,0,0,0,0,1,1,0,1,1,1,1,0,1,1,0,0,1,0,0,0,0,1,1,0,1,0,0,0,0,1,hall_monitor_cif.y4m,9.63,9.636,0.020736,0.002778,0.0,332
1,1,0,0,0,0,0,0,0,1,0,0,1,0,1,1,0,0,1,1,0,1,0,0,0,0,1,0,0,1,0,1,1,0,0,0,1,0,hall_monitor_cif.y4m,66.89,66.362,0.943223,0.002795,0.0,95
1,1,0,0,1,0,0,0,0,0,0,0,1,0,1,1,0,0,1,0,1,1,0,0,0,1,0,0,0,1,0,1,0,0,0,0,0,0,hall_monitor_cif.y4m,6.0,5.996,0.050299,0.002944,0.0,289
1,1,0,0,1,0,0,0,0,0,0,0,1,1,0,1,0,0,1,0,1,1,0,0,0,0,0,1,0,1,0,1,1,0,0,1,0,0,hall_monitor_cif.y4m,0.99,0.99,0.015811,0.002443,0.0,378
1,1,0,0,1,0,0,0,0,0,0,0,1,1,0,1,1,1,1,1,0,1,0,0,1,0,0,0,0,1,0,1,1,0,0,0,1,0,hall_monitor_cif.y4m,18.45,18.448,0.046043,0.001838,0.0,278
1,1,0,0,0,0,0,0,0,0,1,0,1,0,1,1,1,0,1,0,1,1,1,0,0,0,0,0,0,1,0,1,1,0,0,0,1,0,hall_monitor_cif.y4m,4.15,4.164,0.032094,0.002957,0.0,30
1,1,0,0,1,0,0,0,0,0,0,0,1,1,0,1,0,0,1,0,1,1,0,1,0,0,0,0,0,1,0,1,1,0,0,0,0,1,hall_monitor_cif.y4m,1.01,1.01,0.007071,0.002824,0.0,120
1,1,0,0,0,1,0,0,0,0,0,0,1,1,0,1,1,1,1,0,1,1,0,0,0,0,0,1,0,1,0,1,0,0,0,0,0,0,hall_monitor_cif.y4m,1.45,1.452,0.008367,0.002263,0.0,265
1,1,0,0,0,0,0,0,0,0,1,0,1,1,0,1,1,0,1,1,0,1,0,0,0,0,0,1,0,1,0,1,0,0,0,0,0,0,hall_monitor_cif.y4m,3.08,3.084,0.033615,0.002573,0.0,296
1,1,0,0,0,0,0,1,0,0,0,0,1,1,0,1,1,1,1,1,0,1,0,1,0,0,0,0,0,1,0,1,0,0,0,0,0,0,hall_monitor_cif.y4m,5.94,5.934,0.04669,0.002387,0.0,232
1,1,0,0,0,0,0,0,0,0,1,0,1,0,1,1,0,0,1,1,0,1,0,0,1,0,0,0,0,1,1,0,1,0,0,1,0,0,hall_monitor_cif.y4m,4.52,4.474,0.072319,0.003914,0.0,310
1,1,0,0,0,0,0,1,0,0,0,0,1,0,1,1,1,1,1,0,1,1,0,0,0,0,0,1,0,1,0,1,1,0,0,1,0,0,hall_monitor_cif.y4m,44.52,44.528,0.060581,0.00263,0.0,349
1,1,0,0,1,0,0,0,0,0,0,0,1,1,0,1,0,1,1,0,1,1,0,0,0,0,0,1,0,1,0,1,0,0,0,0,0,0,hall_monitor_cif.y4m,2.96,2.964,0.011402,0.00289,0.0,377
1,1,0,0,0,0,0,0,0,1,0,0,1,0,1,1,1,1,1,1,0,1,0,0,0,0,1,0,0,1,0,1,1,0,0,0,1,0,hall_monitor_cif.y4m,61.98,62.024,0.210547,0.00178,0.0,94
1,1,1,0,0,0,0,0,0,0,0,0,1,1,0,1,1,0,1,0,1,1,1,0,0,0,0,0,0,1,0,1,1,1,0,0,0,0,hall_monitor_cif.y4m,4.05,4.062,0.032711,0.004034,0.0,178
1,1,0,0,0,0,0,0,0,0,1,0,1,0,1,1,0,0,1,1,0,1,0,0,0,0,0,1,0,1,0,1,1,0,0,0,0,1,hall_monitor_cif.y4m,3.61,3.656,0.14519,0.002824,0.0,127
1,1,0,0,0,0,0,1,0,0,0,0,1,0,1,1,1,0,1,0,1,1,0,0,0,1,0,0,0,1,0,1,1,0,0,0,1,0,hall_monitor_cif.y4m,1.14,1.144,0.011402,0.002364,0.0,111
1,1,1,0,0,0,0,0,0,0,0,0,1,0,1,1,0,1,1,1,0,1,0,1,0,0,0,0,0,1,0,1,1,0,0,1,0,0,hall_monitor_cif.y4m,2.65,2.654,0.02881,0.00336,0.0,353
1,1,0,0,0,0,1,0,0,0,0,0,1,0,1,1,1,1,1,1,0,1,0,1,0,0,0,0,0,1,1,0,1,0,0,0,1,0,hall_monitor_cif.y4m,2.97,2.976,0.013416,0.002393,0.0,45
1,1,0,0,0,1,0,0,0,0,0,0,1,0,1,1,1,1,1,0,1,1,0,0,1,0,0,0,0,1,1,0,0,0,0,0,0,0,hall_monitor_cif.y4m,0.95,0.952,0.013038,0.002642,0.0,226
1,1,0,0,0,0,0,0,0,0,0,1,1,1,0,1,1,0,1,0,1,1,0,0,0,0,0,1,0,1,1,0,1,0,0,0,0,1,hall_monitor_cif.y4m,3.71,3.698,0.046043,0.002312,0.0,59
1,1,0,0,0,0,0,0,1,0,0,0,1,1,0,1,1,1,1,1,0,1,1,0,0,0,0,0,0,1,0,1,1,1,0,0,0,0,hall_monitor_cif.y4m,22.22,22.232,0.052154,0.002467,0.0,19
1,1,0,0,0,0,0,0,0,0,0,1,1,1,0,1,0,1,1,0,1,1,0,0,0,1,0,0,0,1,1,0,1,1,0,0,0,0,hall_monitor_cif.y4m,11.95,11.948,0.037014,0.001875,0.0,304
1,1,0,0,0,0,0,0,1,0,0,0,1,0,1,1,0,1,1,0,1,1,0,1,0,0,0,0,0,1,0,1,0,0,0,0,0,0,hall_monitor_cif.y4m,3.03,3.026,0.015166,0.001874,0.0,207
1,1,0,0,0,0,1,0,0,0,0,0,1,1,0,1,1,1,1,1,0,1,0,1,0,0,0,0,0,1,1,0,0,0,0,0,0,0,hall_monitor_cif.y4m,57.19,56.792,1.205454,0.00238,0.0,43
1,1,0,0,0,0,1,0,0,0,0,0,1,1,0,1,1,0,1,1,0,1,1,0,0,0,0,0,0,1,1,0,1,0,0,0,0,1,hall_monitor_cif.y4m,1.47,1.466,0.016733,0.002455,0.0,40
1,1,0,0,0,1,0,0,0,0,0,0,1,0,1,1,0,1,1,1,0,1,1,0,0,0,0,0,0,1,1,0,1,1,0,0,0,0,hall_monitor_cif.y4m,52.01,52.014,0.016733,0.002666,0.0,186
1,1,0,0,1,0,0,0,0,0,0,0,1,0,1,1,0,0,1,0,1,1,0,0,0,1,0,0,0,1,0,1,1,0,0,0,0,1,hall_monitor_cif.y4m,1.83,1.828,0.004472,0.00278,0.0,288
1,1,1,0,0,0,0,0,0,0,0,0,1,1,0,1,1,0,1,1,0,1,0,1,0,0,0,0,0,1,1,0,1,0,1,0,0,0,hall_monitor_cif.y4m,3.07,3.058,0.045497,0.002323,0.0,82
1,1,0,0,0,0,0,0,0,0,1,0,1,0,1,1,1,1,1,0,1,1,0,0,0,1,0,0,0,1,0,1,0,0,0,0,0,0,hall_monitor_cif.y4m,2.18,2.182,0.010954,0.001741,0.0,211
1,1,0,0,1,0,0,0,0,0,0,0,1,0,1,1,1,1,1,0,1,1,0,0,0,0,0,1,0,1,1,0,1,0,0,1,0,0,hall_monitor_cif.y4m,30.74,30.872,0.320266,0.002439,0.0,347
1,1,0,1,0,0,0,0,0,0,0,0,1,0,1,1,0,0,1,1,0,1,1,0,0,0,0,0,0,1,1,0,1,0,0,0,1,0,hall_monitor_cif.y4m,5.89,5.9,0.023452,0.002572,0.0,13
1,1,0,0,0,0,0,1,0,0,0,0,1,0,1,1,1,1,1,0,1,1,0,0,1,0,0,0,0,1,0,1,0,0,0,0,0,0,hall_monitor_cif.y4m,153.96,154.006,0.076354,0.002767,0.0,228
1,1,0,0,0,0,0,0,0,1,0,0,1,1,0,1,0,1,1,0,1,1,0,0,1,0,0,0,0,1,0,1,1,0,0,0,0,1,hall_monitor_cif.y4m,3.57,3.572,0.014832,0.001895,0.0,335
1,1,0,0,0,0,0,0,1,0,0,0,1,1,0,1,1,0,1,0,1,1,0,0,1,0,0,0,0,1,1,0,1,1,0,0,0,0,hall_monitor_cif.y4m,11.96,12.006,0.15093,0.002718,0.0,24
1,1,1,0,0,0,0,0,0,0,0,0,1,0,1,1,0,1,1,0,1,1,0,1,0,0,0,0,0,1,0,1,1,0,0,1,0,0,hall_monitor_cif.y4m,69.01,69.002,0.132552,0.005435,0.0,352
1,1,0,0,0,0,1,0,0,0,0,0,1,0,1,1,0,0,1,1,0,1,0,0,0,0,0,1,0,1,1,0,0,0,0,0,0,0,hall_monitor_cif.y4m,2.4,2.406,0.013416,0.00181,0.0,368
1,1,1,0,0,0,0,0,0,0,0,0,1,0,1,1,1,1,1,1,0,1,0,1,0,0,0,0,0,1,1,0,0,0,0,0,0,0,hall_monitor_cif.y4m,1.15,1.146,0.005477,0.002806,0.0,80
1,1,0,0,1,0,0,0,0,0,0,0,1,1,0,1,0,0,1,0,1,1,0,1,0,0,0,0,0,1,0,1,0,0,0,0,0,0,hall_monitor_cif.y4m,12.95,12.954,0.030496,0.002543,0.0,121
1,1,0,0,0,0,0,0,0,0,1,0,1,0,1,1,1,1,1,0,1,1,0,0,1,0,0,0,0,1,1,0,1,1,0,0,0,0,hall_monitor_cif.y4m,1.79,1.788,0.017889,0.001617,0.0,156
1,1,0,1,0,0,0,0,0,0,0,0,1,0,1,1,1,1,1,1,0,1,0,0,0,0,0,1,0,1,1,0,1,1,0,0,0,0,hall_monitor_cif.y4m,0.68,0.688,0.019235,0.002477,0.0,9
1,1,0,0,0,0,0,0,0,0,1,0,1,1,0,1,0,0,1,1,0,1,0,0,0,0,1,0,0,1,1,0,1,0,0,0,0,1,hall_monitor_cif.y4m,3.62,3.622,0.037683,0.001741,0.0,165
1,1,0,0,0,0,0,0,0,0,1,0,1,0,1,1,0,0,1,1,0,1,0,1,0,0,0,0,0,1,0,1,1,0,0,0,0,1,hall_monitor_cif.y4m,2.71,2.706,0.011402,0.001684,0.0,126
1,1,0,0,1,0,0,0,0,0,0,0,1,1,0,1,1,1,1,0,1,1,0,0,1,0,0,0,0,1,0,1,1,0,1,0,0,0,hall_monitor_cif.y4m,1.14,1.136,0.005477,0.002806,0.0,280
1,1,0,0,0,0,0,1,0,0,0,0,1,0,1,1,1,1,1,1,0,1,0,1,0,0,0,0,0,1,0,1,1,0,0,0,1,0,hall_monitor_cif.y4m,0.94,0.94,0.012247,0.005114,0.0,172
1,1,0,0,0,0,0,0,0,0,1,0,1,0,1,1,0,1,1,1,0,1,0,0,0,1,0,0,0,1,0,1,0,0,0,0,0,0,hall_monitor_cif.y4m,4.63,4.624,0.032863,0.003965,0.0,292
1,1,0,0,0,0,0,0,0,0,1,0,1,1,0,1,1,1,1,0,1,1,0,0,0,0,0,1,0,1,1,0,0,0,0,0,0,0,hall_monitor_cif.y4m,8.94,8.93,0.044159,0.002782,0.0,105
1,1,0,0,0,1,0,0,0,0,0,0,1,0,1,1,1,1,1,0,1,1,0,0,0,0,0,0,1,1,1,0,1,0,1,0,0,0,hall_monitor_cif.y4m,7.71,7.732,0.064576,0.002934,0.0,76
1,1,0,0,0,1,0,0,0,0,0,0,1,0,1,1,0,0,1,1,0,1,1,0,0,0,0,0,0,1,1,0,1,0,0,0,0,1,hall_monitor_cif.y4m,34.24,34.218,0.222643,0.002657,0.0,221
1,1,0,0,0,0,0,0,0,0,1,0,1,1,0,1,1,0,1,1,0,1,0,0,0,0,1,0,0,1,0,1,1,0,0,0,0,1,hall_monitor_cif.y4m,19.36,19.348,0.036332,0.002676,0.0,167
1,1,0,0,0,0,0,0,0,0,1,0,1,0,1,1,0,1,1,0,1,1,1,0,0,0,0,0,0,1,1,0,1,0,0,0,0,1,hall_monitor_cif.y4m,117.59,117.31,1.046924,0.002075,0.0,35
1,1,0,0,1,0,0,0,0,0,0,0,1,1,0,1,0,0,1,1,0,1,0,1,0,0,0,0,0,1,0,1,1,0,1,0,0,0,hall_monitor_cif.y4m,1.69,1.682,0.016432,0.001688,0.0,235
1,1,0,0,0,0,0,0,0,1,0,0,1,1,0,1,1,1,1,0,1,1,0,0,1,0,0,0,0,1,0,1,1,0,0,0,0,1,hall_monitor_cif.y4m,5.73,5.724,0.058566,0.002945,0.0,333
1,1,0,0,0,0,1,0,0,0,0,0,1,0,1,1,1,1,1,1,0,1,0,1,0,0,0,0,0,1,1,0,0,0,0,0,0,0,hall_monitor_cif.y4m,30.69,30.622,0.173983,0.002676,0.0,44
1,1,0,0,1,0,0,0,0,0,0,0,1,0,1,1,0,1,1,1,0,1,0,1,0,0,0,0,0,1,0,1,1,1,0,0,0,0,hall_monitor_cif.y4m,46.22,46.278,0.114543,0.001888,0.0,256
1,1,0,0,0,0,0,1,0,0,0,0,1,0,1,1,1,0,1,0,1,1,0,1,0,0,0,0,0,1,0,1,1,0,0,0,0,1,hall_monitor_cif.y4m,335.02,335.156,2.256154,0.002696,0.0,192
1,1,0,0,0,0,1,0,0,0,0,0,1,1,0,1,1,1,1,1,0,1,1,0,0,0,0,0,0,1,1,0,1,0,0,0,0,1,hall_monitor_cif.y4m,7.14,7.132,0.022804,0.001911,0.0,41
1,1,0,0,0,0,0,0,0,0,1,0,1,0,1,1,0,1,1,1,0,1,0,0,0,0,0,1,0,1,0,1,1,0,0,0,1,0,hall_monitor_cif.y4m,48.49,47.974,1.128131,0.004577,0.0,273
1,1,0,0,0,0,0,0,0,0,1,0,1,1,0,1,0,1,1,0,1,1,0,0,0,0,0,1,0,1,0,1,0,0,0,0,0,0,hall_monitor_cif.y4m,45.32,45.232,0.231776,0.004687,0.0,101
1,1,0,0,0,0,0,0,0,0,1,0,1,0,1,1,1,1,1,0,1,1,0,0,0,0,1,0,0,1,1,0,1,0,1,0,0,0,hall_monitor_cif.y4m,17.96,17.98,0.043012,0.002624,0.0,242
1,1,0,0,0,0,0,0,0,0,1,0,1,1,0,1,0,1,1,0,1,1,0,0,0,0,0,1,0,1,1,0,0,0,0,0,0,0,hall_monitor_cif.y4m,6.65,6.74,0.221585,0.004796,0.0,103
1,1,1,0,0,0,0,0,0,0,0,0,1,1,0,1,1,0,1,1,0,1,0,1,0,0,0,0,0,1,0,1,0,0,0,0,0,0,hall_monitor_cif.y4m,26.12,26.118,0.208734,0.001958,0.0,1
1,1,0,0,0,0,0,1,0,0,0,0,1,1,0,1,0,0,1,0,1,1,0,0,0,0,0,1,0,1,0,1,1,0,0,0,0,1,hall_monitor_cif.y4m,2.67,2.676,0.013416,0.00336,0.0,56
1,1,0,0,1,0,0,0,0,0,0,0,1,0,1,1,0,0,1,0,1,1,0,0,0,0,0,0,1,1,0,1,0,0,0,0,0,0,hall_monitor_cif.y4m,8.95,8.952,0.025884,0.002782,0.0,373
1,1,0,0,0,0,0,0,1,0,0,0,1,1,0,1,1,1,1,0,1,1,0,1,0,0,0,0,0,1,0,1,1,0,1,0,0,0,hall_monitor_cif.y4m,44.35,44.428,0.398397,0.002607,0.0,318
1,1,0,0,0,1,0,0,0,0,0,0,1,1,0,1,0,0,1,1,0,1,0,0,0,0,1,0,0,1,1,0,0,0,0,0,0,0,hall_monitor_cif.y4m,105.24,105.01,0.666446,0.002625,0.0,69
1,1,0,1,0,0,0,0,0,0,0,0,1,0,1,1,0,0,1,1,0,1,0,0,0,0,0,1,0,1,1,0,1,1,0,0,0,0,hall_monitor_cif.y4m,2.61,2.624,0.030496,0.002892,0.0,11
1,1,0,0,1,0,0,0,0,0,0,0,1,0,1,1,0,0,1,1,0,1,0,1,0,0,0,0,0,1,0,1,1,0,0,1,0,0,hall_monitor_cif.y4m,3.14,3.132,0.031145,0.002447,0.0,258
1,1,0,0,0,0,0,0,0,0,1,0,1,0,1,1,0,0,1,1,0,1,0,1,0,0,0,0,0,1,1,0,1,0,1,0,0,0,hall_monitor_cif.y4m,196.34,196.258,0.285342,0.002803,0.0,238
1,1,0,0,0,0,0,1,0,0,0,0,1,0,1,1,1,0,1,1,0,1,1,0,0,0,0,0,0,1,0,1,1,0,0,0,1,0,hall_monitor_cif.y4m,129.21,129.528,1.4437,0.002558,0.0,173
1,1,0,0,0,0,0,1,0,0,0,0,1,0,1,1,0,1,1,0,1,1,0,1,0,0,0,0,0,1,0,1,1,1,0,0,0,0,hall_monitor_cif.y4m,81.12,81.27,0.346482,0.001708,0.0,190
1,1,0,1,0,0,0,0,0,0,0,0,1,0,1,1,1,0,1,1,0,1,0,0,0,0,0,1,0,1,0,1,1,1,0,0,0,0,hall_monitor_cif.y4m,31.36,30.96,0.652189,0.001827,0.0,7
1,1,0,0,0,1,0,0,0,0,0,0,1,0,1,1,1,1,1,0,1,1,0,0,0,0,0,0,1,1,1,0,0,0,0,0,0,0,hall_monitor_cif.y4m,1.22,1.218,0.017889,0.002514,0.0,323
1,1,0,0,0,1,0,0,0,0,0,0,1,0,1,1,0,0,1,0,1,1,0,0,0,0,0,0,1,1,1,0,1,0,0,0,1,0,hall_monitor_cif.y4m,58.36,57.604,1.195086,0.001835,0.0,73
1,1,0,0,0,0,0,0,0,0,1,0,1,0,1,1,1,0,1,0,1,1,0,1,0,0,0,0,0,1,0,1,0,0,0,0,0,0,hall_monitor_cif.y4m,47.57,47.668,0.566366,0.00238,0.0,209
1,1,0,1,0,0,0,0,0,0,0,0,1,1,0,1,1,0,1,0,1,1,1,0,0,0,0,0,0,1,1,0,0,0,0,0,0,0,hall_monitor_cif.y4m,2.81,2.812,0.022804,0.001819,0.0,138
1,1,0,0,0,1,0,0,0,0,0,0,1,1,0,1,1,1,1,1,0,1,0,0,0,0,0,1,0,1,0,1,0,0,0,0,0,0,hall_monitor_cif.y4m,47.27,47.172,0.291239,0.002661,0.0,264
1,1,0,0,0,0,0,0,0,1,0,0,1,0,1,1,0,1,1,0,1,1,0,0,0,0,0,1,0,1,0,1,1,0,0,0,1,0,hall_monitor_cif.y4m,125.38,125.228,0.401211,0.002625,0.0,98
1,1,0,0,0,0,0,0,0,0,1,0,1,1,0,1,0,0,1,0,1,1,0,0,0,0,0,1,0,1,1,0,1,0,0,1,0,0,hall_monitor_cif.y4m,2.07,2.072,0.010954,0.001816,0.0,380
1,1,0,0,1,0,0,0,0,0,0,0,1,1,0,1,1,1,1,1,0,1,0,1,0,0,0,0,0,1,1,0,1,0,1,0,0,0,hall_monitor_cif.y4m,55.3,55.228,0.523469,0.004553,0.0,85
1,1,0,0,0,0,0,0,0,0,1,0,1,0,1,1,0,0,1,0,1,1,1,0,0,0,0,0,0,1,0,1,1,0,0,0,1,0,hall_monitor_cif.y4m,25.71,25.95,0.639727,0.002477,0.0,31
1,1,0,1,0,0,0,0,0,0,0,0,1,0,1,1,1,0,1,1,0,1,0,0,0,0,0,1,0,1,1,0,1,1,0,0,0,0,hall_monitor_cif.y4m,1.79,1.788,0.013038,0.002455,0.0,8
1,1,0,0,1,0,0,0,0,0,0,0,1,1,0,1,1,1,1,1,0,1,1,0,0,0,0,0,0,1,0,1,1,1,0,0,0,0,hall_monitor_cif.y4m,4.14,4.142,0.037683,0.00245,0.0,216
1,1,0,0,1,0,0,0,0,0,0,0,1,1,0,1,1,1,1,0,1,1,0,0,0,1,0,0,0,1,0,1,1,1,0,0,0,0,hall_monitor_cif.y4m,0.84,0.84,0.007071,0.002824,0.0,214
1,1,0,0,0,0,0,0,1,0,0,0,1,1,0,1,0,0,1,1,0,1,0,0,0,0,0,1,0,1,1,0,0,0,0,0,0,0,hall_monitor_cif.y4m,4.19,4.178,0.052631,0.001735,0.0,341
1,1,0,0,1,0,0,0,0,0,0,0,1,1,0,1,0,0,1,1,0,1,0,1,0,0,0,0,0,1,1,0,1,0,1,0,0,0,hall_monitor_cif.y4m,2.77,2.788,0.026833,0.004164,0.0,236
1,1,0,0,0,0,0,0,0,0,1,0,1,0,1,1,0,0,1,0,1,1,0,0,0,0,1,0,0,1,1,0,1,0,1,0,0,0,hall_monitor_cif.y4m,5.89,5.868,0.041473,0.004118,0.0,240
1,1,0,0,0,0,0,1,0,0,0,0,1,0,1,1,0,0,1,0,1,1,0,0,0,1,0,0,0,1,0,1,1,0,0,0,1,0,hall_monitor_cif.y4m,8.68,8.692,0.057619,0.004795,0.0,51
1,1,1,0,0,0,0,0,0,0,0,0,1,0,1,1,1,1,1,0,1,1,0,0,0,0,0,0,1,1,1,0,1,0,1,0,0,0,hall_monitor_cif.y4m,3.57,3.564,0.021909,0.002658,0.0,77
1,1,0,0,0,0,0,0,0,0,1,0,1,0,1,1,1,0,1,1,0,1,0,0,0,0,0,1,0,1,0,1,1,0,0,0,0,1,hall_monitor_cif.y4m,4.14,4.154,0.019494,0.002374,0.0,128
1,1,0,0,1,0,0,0,0,0,0,0,1,1,0,1,0,0,1,1,0,1,0,1,0,0,0,0,0,1,0,1,0,0,0,0,0,0,hall_monitor_cif.y4m,25.57,25.566,0.016733,0.002556,0.0,234
1,1,0,0,0,0,0,0,1,0,0,0,1,0,1,1,1,0,1,0,1,1,0,0,0,0,0,1,0,1,0,1,1,0,0,0,1,0,hall_monitor_cif.y4m,348.35,348.362,0.114324,0.002697,0.0,28
1,1,0,0,1,0,0,0,0,0,0,0,1,1,0,1,1,0,1,0,1,1,1,0,0,0,0,0,0,1,1,0,0,0,0,0,0,0,hall_monitor_cif.y4m,31.21,30.694,0.784876,0.001827,0.0,139
1,1,0,0,0,0,0,0,0,0,1,0,1,0,1,1,1,0,1,1,0,1,0,0,0,0,1,0,0,1,1,0,1,0,1,0,0,0,hall_monitor_cif.y4m,0.78,0.776,0.011402,0.002614,0.0,152
1,1,0,1,0,0,0,0,0,0,0,0,1,0,1,1,0,0,1,1,0,1,0,0,0,0,0,1,0,1,1,0,1,0,0,0,1,0,hall_monitor_cif.y4m,44.84,44.846,0.067676,0.005468,0.0,12
1,1,0,0,0,0,1,0,0,0,0,0,1,0,1,1,0,1,1,1,0,1,0,0,0,0,0,1,0,1,1,0,0,0,0,0,0,0,hall_monitor_cif.y4m,0.78,0.778,0.013038,0.002614,0.0,369
1,1,0,0,0,0,0,0,0,0,0,1,1,1,0,1,1,0,1,0,1,1,0,0,0,0,0,1,0,1,0,1,1,0,0,0,0,1,hall_monitor_cif.y4m,19.3,19.294,0.020736,0.002676,0.0,58
1,1,0,0,0,0,0,0,1,0,0,0,1,1,0,1,1,0,1,1,0,1,1,0,0,0,0,0,0,1,1,0,0,0,0,0,0,0,hall_monitor_cif.y4m,17.86,17.926,0.209595,0.004736,0.0,64
1,1,0,0,0,0,0,0,1,0,0,0,1,1,0,1,1,0,1,1,0,1,0,0,1,0,0,0,0,1,1,0,1,1,0,0,0,0,hall_monitor_cif.y4m,12.49,12.486,0.015166,0.002724,0.0,21
1,1,0,0,0,1,0,0,0,0,0,0,1,0,1,1,1,1,1,0,1,1,0,0,1,0,0,0,0,1,1,0,1,0,0,0,0,1,hall_monitor_cif.y4m,33.83,33.782,0.205597,0.002439,0.0,225
1,1,0,0,0,0,1,0,0,0,0,0,1,0,1,1,1,0,1,1,0,1,0,0,0,0,0,1,0,1,1,0,1,0,0,0,1,0,hall_monitor_cif.y4m,37.92,37.862,0.321512,0.00182,0.0,366
1,1,0,0,0,0,0,1,0,0,0,0,1,0,1,1,1,1,1,0,1,1,0,0,1,0,0,0,0,1,0,1,1,0,0,0,0,1,harbour_cif.y4m,3.7,3.688,0.027749,0.00786,0.0,114
1,1,0,0,1,0,0,0,0,0,0,0,1,1,0,1,1,1,1,0,1,1,0,0,1,0,0,0,0,1,1,0,1,0,1,0,0,0,harbour_cif.y4m,3.57,3.572,0.013038,0.007533,0.0,281
1,1,0,0,0,1,0,0,0,0,0,0,1,0,1,1,1,0,1,1,0,1,0,0,0,0,0,0,1,1,1,0,1,0,0,1,0,0,harbour_cif.y4m,5.74,5.716,0.047223,0.007534,0.0,325
1,1,1,0,0,0,0,0,0,0,0,0,1,1,0,1,1,0,1,1,0,1,0,0,0,0,1,0,0,1,1,0,1,1,0,0,0,0,harbour_cif.y4m,4.9,4.896,0.046152,0.011851,0.0,181
1,1,0,0,0,0,0,0,1,0,0,0,1,1,0,1,1,0,1,0,1,1,0,0,1,0,0,0,0,1,1,0,1,0,0,0,0,1,harbour_cif.y4m,102.27,102.254,0.11149,0.009905,0.0,247
1,1,0,0,0,0,0,0,0,0,1,0,1,1,0,1,1,0,1,1,0,1,0,0,0,0,1,0,0,1,1,0,1,0,0,0,0,1,harbour_cif.y4m,135.38,135.17,0.538052,0.00916,0.0,166
1,1,0,0,0,0,0,0,1,0,0,0,1,1,0,1,1,0,1,0,1,1,0,0,1,0,0,0,0,1,1,0,1,0,0,0,1,0,harbour_cif.y4m,9.1,9.082,0.099599,0.014633,0.0,25
1,1,0,0,0,0,0,1,0,0,0,0,1,0,1,1,0,0,1,1,0,1,0,1,0,0,0,0,0,1,0,1,0,0,0,0,0,0,harbour_cif.y4m,8.7,8.7,0.033912,0.010056,0.0,355
1,1,0,0,1,0,0,0,0,0,0,0,1,1,0,1,0,0,1,1,0,1,1,0,0,0,0,0,0,1,1,0,1,0,0,0,0,1,harbour_cif.y4m,1.59,1.586,0.011402,0.012835,0.0,219
1,1,0,0,0,1,0,0,0,0,0,0,1,1,0,1,1,0,1,1,0,1,0,0,0,0,1,0,0,1,1,0,1,1,0,0,0,0,harbour_cif.y4m,8.58,8.612,0.195499,0.010056,0.0,182
1,1,0,1,0,0,0,0,0,0,0,0,1,0,1,1,0,1,1,1,0,1,0,0,0,0,0,1,0,1,1,0,1,1,0,0,0,0,harbour_cif.y4m,3.5,3.516,0.034351,0.011958,0.0,10
1,1,0,0,1,0,0,0,0,0,0,0,1,1,0,1,1,0,1,0,1,1,0,0,1,0,0,0,0,1,0,1,1,0,0,0,0,1,harbour_cif.y4m,36.87,36.832,0.185796,0.015857,0.0,116
1,1,0,0,0,1,0,0,0,0,0,0,1,1,0,1,1,1,1,0,1,1,0,0,0,0,0,1,0,1,0,1,1,1,0,0,0,0,harbour_cif.y4m,6.55,6.568,0.084971,0.007671,0.0,266
1,1,0,0,0,0,0,0,1,0,0,0,1,1,0,1,0,0,1,0,1,1,0,0,1,0,0,0,0,1,1,0,1,0,0,1,0,0,harbour_cif.y4m,24.68,24.494,0.379117,0.014358,0.0,313
1,1,0,0,0,0,0,1,0,0,0,0,1,0,1,1,0,0,1,1,0,1,0,0,0,0,0,0,1,1,0,1,0,0,0,0,0,0,harbour_cif.y4m,11.85,11.848,0.052154,0.014552,0.0,357
1,1,0,0,0,1,0,0,0,0,0,0,1,0,1,1,0,1,1,0,1,1,1,0,0,0,0,0,0,1,1,0,1,1,0,0,0,0,harbour_cif.y4m,2.49,2.486,0.046152,0.01328,0.0,187
1,1,0,0,0,0,0,0,1,0,0,0,1,1,0,1,1,1,1,0,1,1,0,0,1,0,0,0,0,1,1,0,1,1,0,0,0,0,harbour_cif.y4m,283.09,282.978,0.547239,0.009084,0.0,23
1,1,0,0,1,0,0,0,0,0,0,0,1,1,0,1,1,0,1,1,0,1,0,1,0,0,0,0,0,1,0,1,0,0,0,0,0,0,harbour_cif.y4m,36.58,36.542,0.094446,0.014524,0.0,2
1,1,0,0,0,0,0,0,0,0,0,1,1,1,0,1,1,0,1,0,1,1,0,0,0,0,0,1,0,1,1,0,1,1,0,0,0,0,harbour_cif.y4m,124.58,124.59,0.463627,0.01007,0.0,301
1,1,0,0,0,0,0,1,0,0,0,0,1,0,1,1,0,1,1,1,0,1,0,1,0,0,0,0,0,1,0,1,0,0,0,0,0,0,harbour_cif.y4m,125.87,125.95,0.473656,0.014287,0.0,356
1,1,0,0,0,0,0,0,0,0,1,0,1,1,0,1,0,1,1,0,1,1,0,0,0,0,0,1,0,1,0,1,1,1,0,0,0,0,harbour_cif.y4m,11.79,11.788,0.023875,0.009939,0.0,269
1,1,0,0,0,0,0,0,0,0,1,0,1,0,1,1,0,1,1,1,0,1,0,0,1,0,0,0,0,1,0,1,1,0,0,0,1,0,harbour_cif.y4m,9.18,9.06,0.215291,0.01464,0.0,274
1,1,0,0,0,0,0,0,0,0,1,0,1,0,1,1,0,1,1,1,0,1,0,0,0,1,0,0,0,1,1,0,1,1,0,0,0,0,harbour_cif.y4m,6.35,6.348,0.045497,0.012134,0.0,307
1,1,0,0,1,0,0,0,0,0,0,0,1,0,1,1,0,1,1,1,0,1,0,0,1,0,0,0,0,1,0,1,1,1,0,0,0,0,harbour_cif.y4m,22.27,21.692,0.861377,0.015741,0.0,254
1,1,0,0,0,0,0,0,0,0,1,0,1,0,1,1,0,1,1,0,1,1,0,1,0,0,0,0,0,1,0,1,0,0,0,0,0,0,harbour_cif.y4m,1.43,1.47,0.081854,0.0129,0.0,208
1,1,0,0,1,0,0,0,0,0,0,0,1,1,0,1,1,1,1,1,0,1,0,0,1,0,0,0,0,1,0,1,1,0,1,0,0,0,harbour_cif.y4m,1.75,1.758,0.016432,0.017187,0.0,279
1,1,0,0,0,0,0,1,0,0,0,0,1,1,0,1,1,1,1,1,0,1,0,1,0,0,0,0,0,1,0,1,1,0,0,0,1,0,harbour_cif.y4m,5.82,5.866,0.122188,0.009274,0.0,171
1,1,0,0,0,0,0,0,0,1,0,0,1,1,0,1,0,1,1,0,1,1,0,0,0,0,0,1,0,1,0,1,1,0,0,0,1,0,harbour_cif.y4m,25.41,25.318,0.179917,0.014358,0.0,99
1,1,1,0,0,0,0,0,0,0,0,0,1,0,1,1,1,1,1,1,0,1,0,1,0,0,0,0,0,1,1,0,1,0,1,0,0,0,harbour_cif.y4m,7.92,7.904,0.038471,0.009288,0.0,81
1,1,0,0,0,0,0,0,0,0,1,0,1,0,1,1,1,1,1,0,1,1,0,0,1,0,0,0,0,1,1,0,1,0,1,0,0,0,harbour_cif.y4m,2.67,2.666,0.011402,0.014968,0.0,155
1,1,0,0,0,1,0,0,0,0,0,0,1,1,0,1,0,1,1,1,0,1,1,0,0,0,0,0,0,1,1,0,1,1,0,0,0,0,harbour_cif.y4m,4.28,4.282,0.017889,0.012134,0.0,185
1,1,0,0,1,0,0,0,0,0,0,0,1,1,0,1,0,0,1,0,1,1,0,0,0,0,0,1,0,1,0,1,0,0,0,0,0,0,harbour_cif.y4m,3.9,3.9,0.027386,0.01151,0.0,376
1,1,0,0,0,0,0,0,1,0,0,0,1,1,0,1,0,1,1,0,1,1,0,1,0,0,0,0,0,1,1,0,0,0,0,0,0,0,harbour_cif.y4m,1.44,1.432,0.016432,0.013924,0.0,204
1,1,0,0,0,0,0,0,1,0,0,0,1,1,0,1,1,0,1,0,1,1,0,0,0,0,1,0,0,1,1,0,1,0,0,0,0,1,harbour_cif.y4m,69.48,69.272,0.691788,0.014592,0.0,246
1,1,0,0,0,0,0,1,0,0,0,0,1,1,0,1,1,1,1,0,1,1,0,0,1,0,0,0,0,1,0,1,0,0,0,0,0,0,harbour_cif.y4m,37.87,37.82,0.11811,0.010194,0.0,230
1,1,0,0,0,0,0,0,1,0,0,0,1,0,1,1,1,0,1,0,1,1,0,0,0,0,0,1,0,1,1,0,1,0,0,0,1,0,harbour_cif.y4m,49.96,49.83,0.273404,0.01667,0.0,27
1,1,0,1,0,0,0,0,0,0,0,0,1,1,0,1,1,1,1,0,1,1,1,0,0,0,0,0,0,1,1,0,0,0,0,0,0,0,harbour_cif.y4m,4.42,4.424,0.0251,0.00741,0.0,137
1,1,0,0,0,0,0,0,0,0,1,0,1,1,0,1,1,1,1,1,0,1,0,0,0,0,1,0,0,1,0,1,1,0,0,0,1,0,harbour_cif.y4m,5.65,5.644,0.058566,0.01264,0.0,169
1,1,0,0,0,0,0,0,0,0,1,0,1,0,1,1,0,1,1,0,1,1,1,0,0,0,0,0,0,1,0,1,1,0,0,0,0,1,harbour_cif.y4m,70.06,70.11,0.189473,0.010137,0.0,33
1,1,0,0,0,0,0,0,1,0,0,0,1,0,1,1,0,1,1,0,1,1,0,1,0,0,0,0,0,1,1,0,0,0,0,0,0,0,harbour_cif.y4m,21.0,20.698,0.554995,0.01583,0.0,205
1,1,0,0,0,0,0,0,0,0,1,0,1,1,0,1,1,0,1,0,1,1,0,0,0,0,1,0,0,1,1,0,1,0,0,0,0,1,harbour_cif.y4m,7.12,7.106,0.031305,0.009263,0.0,245
1,1,1,0,0,0,0,0,0,0,0,0,1,1,0,1,0,0,1,1,0,1,0,0,1,0,0,0,0,1,1,0,1,0,0,0,0,1,harbour_cif.y4m,4.96,4.962,0.05933,0.012744,0.0,163
1,1,0,0,1,0,0,0,0,0,0,0,1,1,0,1,1,0,1,1,0,1,1,0,0,0,0,0,0,1,0,1,1,1,0,0,0,0,harbour_cif.y4m,3.87,3.872,0.014832,0.01151,0.0,4
1,1,0,0,1,0,0,0,0,0,0,0,1,1,0,1,0,0,1,0,1,1,1,0,0,0,0,0,0,1,1,0,1,0,0,0,1,0,harbour_cif.y4m,2.22,2.238,0.026833,0.017187,0.0,141
1,1,1,0,0,0,0,0,0,0,0,0,1,1,0,1,1,1,1,0,1,1,0,0,1,0,0,0,0,1,1,0,1,1,0,0,0,0,harbour_cif.y4m,147.89,147.614,0.496216,0.014826,0.0,159
1,1,0,0,0,0,0,0,1,0,0,0,1,1,0,1,0,1,1,0,1,1,0,0,1,0,0,0,0,1,0,1,1,0,0,0,0,1,harbour_cif.y4m,8.71,8.716,0.088487,0.012761,0.0,336
1,1,0,0,0,1,0,0,0,0,0,0,1,1,0,1,0,0,1,0,1,1,0,0,0,0,0,0,1,1,1,0,1,0,0,0,1,0,harbour_cif.y4m,31.49,31.43,0.168375,0.009792,0.0,72
1,1,0,0,0,0,0,0,1,0,0,0,1,1,0,1,1,0,1,1,0,1,0,0,1,0,0,0,0,1,1,0,1,0,0,0,0,1,harbour_cif.y4m,5.76,5.7,0.113798,0.00926,0.0,248
1,1,0,1,0,0,0,0,0,0,0,0,1,0,1,1,1,1,1,1,0,1,0,0,0,0,0,1,0,1,0,1,1,0,0,0,0,1,harbour_cif.y4m,121.08,120.974,0.591422,0.014404,0.0,130
1,1,0,0,0,1,0,0,0,0,0,0,1,0,1,1,1,1,1,1,0,1,0,0,0,0,0,0,1,1,1,0,0,0,0,0,0,0,harbour_cif.y4m,74.75,74.67,0.421189,0.010388,0.0,324
1,1,1,0,0,0,0,0,0,0,0,0,1,0,1,1,0,1,1,1,0,1,0,1,0,0,0,0,0,1,0,1,0,0,0,0,0,0,harbour_cif.y4m,70.89,70.818,0.290723,0.016583,0.0,354
1,1,0,0,0,0,0,0,0,0,1,0,1,0,1,1,0,0,1,1,0,1,0,0,0,1,0,0,0,1,0,1,0,0,0,0,0,0,harbour_cif.y4m,55.94,55.722,0.517465,0.015721,0.0,291
1,1,0,0,0,0,0,0,0,0,1,0,1,1,0,1,0,0,1,1,0,1,0,1,0,0,0,0,0,1,1,0,1,0,1,0,0,0,harbour_cif.y4m,2.88,2.914,0.122188,0.013749,0.0,237
1,1,0,0,0,1,0,0,0,0,0,0,1,1,0,1,1,0,1,1,0,1,1,0,0,0,0,0,0,1,1,0,1,1,0,0,0,0,harbour_cif.y4m,2.86,2.852,0.031145,0.007599,0.0,183
1,1,0,0,0,1,0,0,0,0,0,0,1,0,1,1,1,1,1,0,1,1,0,0,1,0,0,0,0,1,0,1,0,0,0,0,0,0,harbour_cif.y4m,3.09,3.102,0.032711,0.01453,0.0,227
1,1,0,0,0,0,0,0,1,0,0,0,1,1,0,1,0,1,1,0,1,1,0,0,0,0,0,1,0,1,0,1,0,0,0,0,0,0,harbour_cif.y4m,6.11,6.168,0.107098,0.013921,0.0,338
1,1,0,0,1,0,0,0,0,0,0,0,1,0,1,1,0,0,1,0,1,1,1,0,0,0,0,0,0,1,1,0,1,0,0,0,1,0,harbour_cif.y4m,17.83,17.832,0.023875,0.00966,0.0,142
1,1,0,0,1,0,0,0,0,0,0,0,1,1,0,1,1,1,1,0,1,1,0,0,1,0,0,0,0,1,1,0,1,0,0,0,0,1,harbour_cif.y4m,15.76,15.738,0.046043,0.009945,0.0,332
1,1,0,0,0,0,0,0,0,1,0,0,1,0,1,1,0,0,1,1,0,1,0,0,0,0,1,0,0,1,0,1,1,0,0,0,1,0,harbour_cif.y4m,146.32,145.89,0.875071,0.015912,0.0,95
1,1,0,0,1,0,0,0,0,0,0,0,1,0,1,1,0,0,1,0,1,1,0,0,0,1,0,0,0,1,0,1,0,0,0,0,0,0,harbour_cif.y4m,9.64,9.642,0.013038,0.009949,0.0,289
1,1,0,0,1,0,0,0,0,0,0,0,1,1,0,1,0,0,1,0,1,1,0,0,0,0,0,1,0,1,0,1,1,0,0,1,0,0,harbour_cif.y4m,2.54,2.546,0.040373,0.013749,0.0,378
1,1,0,0,1,0,0,0,0,0,0,0,1,1,0,1,1,1,1,1,0,1,0,0,1,0,0,0,0,1,0,1,1,0,0,0,1,0,harbour_cif.y4m,34.09,34.056,0.11149,0.009615,0.0,278
1,1,0,0,0,0,0,0,0,0,1,0,1,0,1,1,1,0,1,0,1,1,1,0,0,0,0,0,0,1,0,1,1,0,0,0,1,0,harbour_cif.y4m,5.73,5.72,0.078422,0.010052,0.0,30
1,1,0,0,1,0,0,0,0,0,0,0,1,1,0,1,0,0,1,0,1,1,0,1,0,0,0,0,0,1,0,1,1,0,0,0,0,1,harbour_cif.y4m,2.2,2.212,0.027749,0.014738,0.0,120
1,1,0,0,0,1,0,0,0,0,0,0,1,1,0,1,1,1,1,0,1,1,0,0,0,0,0,1,0,1,0,1,0,0,0,0,0,0,harbour_cif.y4m,2.94,2.936,0.029665,0.011634,0.0,265
1,1,0,0,0,0,0,0,0,0,1,0,1,1,0,1,1,0,1,1,0,1,0,0,0,0,0,1,0,1,0,1,0,0,0,0,0,0,harbour_cif.y4m,4.93,4.898,0.066483,0.012842,0.0,296
1,1,0,0,0,0,0,1,0,0,0,0,1,1,0,1,1,1,1,1,0,1,0,1,0,0,0,0,0,1,0,1,0,0,0,0,0,0,harbour_cif.y4m,8.95,8.956,0.066558,0.01382,0.0,232
1,1,0,0,0,0,0,0,0,0,1,0,1,0,1,1,0,0,1,1,0,1,0,0,1,0,0,0,0,1,1,0,1,0,0,1,0,0,harbour_cif.y4m,7.5,7.482,0.041473,0.011966,0.0,310
1,1,0,0,0,0,0,1,0,0,0,0,1,0,1,1,1,1,1,0,1,1,0,0,0,0,0,1,0,1,0,1,1,0,0,1,0,0,harbour_cif.y4m,74.53,74.334,0.594374,0.010174,0.0,349
1,1,0,0,1,0,0,0,0,0,0,0,1,1,0,1,0,1,1,0,1,1,0,0,0,0,0,1,0,1,0,1,0,0,0,0,0,0,harbour_cif.y4m,4.34,4.356,0.090167,0.010023,0.0,377
1,1,0,0,0,0,0,0,0,1,0,0,1,0,1,1,1,1,1,1,0,1,0,0,0,0,1,0,0,1,0,1,1,0,0,0,1,0,harbour_cif.y4m,123.42,123.32,0.556642,0.010083,0.0,94
1,1,1,0,0,0,0,0,0,0,0,0,1,1,0,1,1,0,1,0,1,1,1,0,0,0,0,0,0,1,0,1,1,1,0,0,0,0,harbour_cif.y4m,5.96,5.976,0.032094,0.012134,0.0,178
1,1,0,0,0,0,0,0,0,0,1,0,1,0,1,1,0,0,1,1,0,1,0,0,0,0,0,1,0,1,0,1,1,0,0,0,0,1,harbour_cif.y4m,6.45,6.448,0.019235,0.009853,0.0,127
1,1,0,0,0,0,0,1,0,0,0,0,1,0,1,1,1,0,1,0,1,1,0,0,0,1,0,0,0,1,0,1,1,0,0,0,1,0,harbour_cif.y4m,1.8,1.798,0.019235,0.012238,0.0,111
1,1,1,0,0,0,0,0,0,0,0,0,1,0,1,1,0,1,1,1,0,1,0,1,0,0,0,0,0,1,0,1,1,0,0,1,0,0,harbour_cif.y4m,6.14,6.146,0.026077,0.013993,0.0,353
1,1,0,0,0,0,1,0,0,0,0,0,1,0,1,1,1,1,1,1,0,1,0,1,0,0,0,0,0,1,1,0,1,0,0,0,1,0,harbour_cif.y4m,4.69,4.652,0.069426,0.011958,0.0,45
1,1,0,0,0,1,0,0,0,0,0,0,1,0,1,1,1,1,1,0,1,1,0,0,1,0,0,0,0,1,1,0,0,0,0,0,0,0,harbour_cif.y4m,1.45,1.452,0.013038,0.013018,0.0,226
1,1,0,0,0,0,0,0,0,0,0,1,1,1,0,1,1,0,1,0,1,1,0,0,0,0,0,1,0,1,1,0,1,0,0,0,0,1,harbour_cif.y4m,5.87,5.844,0.042778,0.011814,0.0,59
1,1,0,0,0,0,0,0,1,0,0,0,1,1,0,1,1,1,1,1,0,1,1,0,0,0,0,0,0,1,0,1,1,1,0,0,0,0,harbour_cif.y4m,35.95,35.924,0.140464,0.014524,0.0,19
1,1,0,0,0,0,0,0,0,0,0,1,1,1,0,1,0,1,1,0,1,1,0,0,0,1,0,0,0,1,1,0,1,1,0,0,0,0,harbour_cif.y4m,19.74,19.736,0.121161,0.009874,0.0,304
1,1,0,0,0,0,0,0,1,0,0,0,1,0,1,1,0,1,1,0,1,1,0,1,0,0,0,0,0,1,0,1,0,0,0,0,0,0,harbour_cif.y4m,5.4,5.394,0.033615,0.00926,0.0,207
1,1,0,0,0,0,1,0,0,0,0,0,1,1,0,1,1,1,1,1,0,1,0,1,0,0,0,0,0,1,1,0,0,0,0,0,0,0,harbour_cif.y4m,112.45,114.146,4.115408,0.014504,0.0,43
1,1,0,0,0,0,1,0,0,0,0,0,1,1,0,1,1,0,1,1,0,1,1,0,0,0,0,0,0,1,1,0,1,0,0,0,0,1,harbour_cif.y4m,3.15,3.152,0.037683,0.012513,0.0,40
1,1,0,0,0,1,0,0,0,0,0,0,1,0,1,1,0,1,1,1,0,1,1,0,0,0,0,0,0,1,1,0,1,1,0,0,0,0,harbour_cif.y4m,85.57,85.574,0.050299,0.01037,0.0,186
1,1,0,0,1,0,0,0,0,0,0,0,1,0,1,1,0,0,1,0,1,1,0,0,0,1,0,0,0,1,0,1,1,0,0,0,0,1,harbour_cif.y4m,3.53,3.518,0.111669,0.014779,0.0,288
1,1,1,0,0,0,0,0,0,0,0,0,1,1,0,1,1,0,1,1,0,1,0,1,0,0,0,0,0,1,1,0,1,0,1,0,0,0,harbour_cif.y4m,4.91,4.91,0.054772,0.011851,0.0,82
1,1,0,0,0,0,0,0,0,0,1,0,1,0,1,1,1,1,1,0,1,1,0,0,0,1,0,0,0,1,0,1,0,0,0,0,0,0,harbour_cif.y4m,3.66,3.654,0.018166,0.00777,0.0,211
1,1,0,0,1,0,0,0,0,0,0,0,1,0,1,1,1,1,1,0,1,1,0,0,0,0,0,1,0,1,1,0,1,0,0,1,0,0,harbour_cif.y4m,67.39,66.78,1.348925,0.014592,0.0,347
1,1,0,1,0,0,0,0,0,0,0,0,1,0,1,1,0,0,1,1,0,1,1,0,0,0,0,0,0,1,1,0,1,0,0,0,1,0,harbour_cif.y4m,9.49,9.466,0.043359,0.014863,0.0,13
1,1,0,0,0,0,0,1,0,0,0,0,1,0,1,1,1,1,1,0,1,1,0,0,1,0,0,0,0,1,0,1,0,0,0,0,0,0,harbour_cif.y4m,260.68,260.682,0.472938,0.015963,0.0,228
1,1,0,0,0,0,0,0,0,1,0,0,1,1,0,1,0,1,1,0,1,1,0,0,1,0,0,0,0,1,0,1,1,0,0,0,0,1,harbour_cif.y4m,6.28,6.214,0.110136,0.009274,0.0,335
1,1,0,0,0,0,0,0,1,0,0,0,1,1,0,1,1,0,1,0,1,1,0,0,1,0,0,0,0,1,1,0,1,1,0,0,0,0,harbour_cif.y4m,16.58,16.556,0.165922,0.010265,0.0,24
1,1,1,0,0,0,0,0,0,0,0,0,1,0,1,1,0,1,1,0,1,1,0,1,0,0,0,0,0,1,0,1,1,0,0,1,0,0,harbour_cif.y4m,114.81,115.3,0.950921,0.016288,0.0,352
1,1,0,0,0,0,1,0,0,0,0,0,1,0,1,1,0,0,1,1,0,1,0,0,0,0,0,1,0,1,1,0,0,0,0,0,0,0,harbour_cif.y4m,4.02,4.03,0.04899,0.007661,0.0,368
1,1,1,0,0,0,0,0,0,0,0,0,1,0,1,1,1,1,1,1,0,1,0,1,0,0,0,0,0,1,1,0,0,0,0,0,0,0,harbour_cif.y4m,1.84,1.848,0.0249,0.014246,0.0,80
1,1,0,0,1,0,0,0,0,0,0,0,1,1,0,1,0,0,1,0,1,1,0,1,0,0,0,0,0,1,0,1,0,0,0,0,0,0,harbour_cif.y4m,21.77,21.538,0.536302,0.014598,0.0,121
1,1,0,0,0,0,0,0,0,0,1,0,1,0,1,1,1,1,1,0,1,1,0,0,1,0,0,0,0,1,1,0,1,1,0,0,0,0,harbour_cif.y4m,4.03,4.024,0.015166,0.00741,0.0,156
1,1,0,1,0,0,0,0,0,0,0,0,1,0,1,1,1,1,1,1,0,1,0,0,0,0,0,1,0,1,1,0,1,1,0,0,0,0,harbour_cif.y4m,1.09,1.096,0.045056,0.01233,0.0,9
1,1,0,0,0,0,0,0,0,0,1,0,1,1,0,1,0,0,1,1,0,1,0,0,0,0,1,0,0,1,1,0,1,0,0,0,0,1,harbour_cif.y4m,6.78,6.808,0.07328,0.009263,0.0,165
1,1,0,0,0,0,0,0,0,0,1,0,1,0,1,1,0,0,1,1,0,1,0,1,0,0,0,0,0,1,0,1,1,0,0,0,0,1,harbour_cif.y4m,4.44,4.438,0.019235,0.007766,0.0,126
1,1,0,0,1,0,0,0,0,0,0,0,1,1,0,1,1,1,1,0,1,1,0,0,1,0,0,0,0,1,0,1,1,0,1,0,0,0,harbour_cif.y4m,1.86,1.862,0.034928,0.014246,0.0,280
1,1,0,0,0,0,0,1,0,0,0,0,1,0,1,1,1,1,1,1,0,1,0,1,0,0,0,0,0,1,0,1,1,0,0,0,1,0,harbour_cif.y4m,1.29,1.29,0.01,0.014026,0.0,172
1,1,0,0,0,0,0,0,0,0,1,0,1,0,1,1,0,1,1,1,0,1,0,0,0,1,0,0,0,1,0,1,0,0,0,0,0,0,harbour_cif.y4m,6.66,6.662,0.028636,0.012085,0.0,292
1,1,0,0,0,0,0,0,0,0,1,0,1,1,0,1,1,1,1,0,1,1,0,0,0,0,0,1,0,1,1,0,0,0,0,0,0,0,harbour_cif.y4m,14.98,14.922,0.101341,0.015693,0.0,105
1,1,0,0,0,1,0,0,0,0,0,0,1,0,1,1,1,1,1,0,1,1,0,0,0,0,0,0,1,1,1,0,1,0,1,0,0,0,harbour_cif.y4m,12.28,12.252,0.141845,0.009922,0.0,76
1,1,0,0,0,1,0,0,0,0,0,0,1,0,1,1,0,0,1,1,0,1,1,0,0,0,0,0,0,1,1,0,1,0,0,0,0,1,harbour_cif.y4m,71.52,71.378,0.415837,0.015645,0.0,221
1,1,0,0,0,0,0,0,0,0,1,0,1,1,0,1,1,0,1,1,0,1,0,0,0,0,1,0,0,1,0,1,1,0,0,0,0,1,harbour_cif.y4m,27.33,27.344,0.027928,0.010153,0.0,167
1,1,0,0,0,0,0,0,0,0,1,0,1,0,1,1,0,1,1,0,1,1,1,0,0,0,0,0,0,1,1,0,1,0,0,0,0,1,harbour_cif.y4m,156.26,156.098,0.46714,0.010575,0.0,35
1,1,0,0,1,0,0,0,0,0,0,0,1,1,0,1,0,0,1,1,0,1,0,1,0,0,0,0,0,1,0,1,1,0,1,0,0,0,harbour_cif.y4m,3.13,3.116,0.054589,0.007516,0.0,235
1,1,0,0,0,0,0,0,0,1,0,0,1,1,0,1,1,1,1,0,1,1,0,0,1,0,0,0,0,1,0,1,1,0,0,0,0,1,harbour_cif.y4m,8.81,8.794,0.037815,0.009915,0.0,333
1,1,0,0,0,0,1,0,0,0,0,0,1,0,1,1,1,1,1,1,0,1,0,1,0,0,0,0,0,1,1,0,0,0,0,0,0,0,harbour_cif.y4m,57.33,57.358,0.17254,0.015846,0.0,44
1,1,0,0,1,0,0,0,0,0,0,0,1,0,1,1,0,1,1,1,0,1,0,1,0,0,0,0,0,1,0,1,1,1,0,0,0,0,harbour_cif.y4m,87.66,87.6,0.668169,0.010102,0.0,256
1,1,0,0,0,0,0,1,0,0,0,0,1,0,1,1,1,0,1,0,1,1,0,1,0,0,0,0,0,1,0,1,1,0,0,0,0,1,harbour_cif.y4m,392.8,391.878,1.969256,0.010453,0.0,192
1,1,0,0,0,0,1,0,0,0,0,0,1,1,0,1,1,1,1,1,0,1,1,0,0,0,0,0,0,1,1,0,1,0,0,0,0,1,harbour_cif.y4m,12.31,12.27,0.258554,0.009757,0.0,41
1,1,0,0,0,0,0,0,0,0,1,0,1,0,1,1,0,1,1,1,0,1,0,0,0,0,0,1,0,1,0,1,1,0,0,0,1,0,harbour_cif.y4m,76.14,75.952,0.34463,0.014033,0.0,273
1,1,0,0,0,0,0,0,0,0,1,0,1,1,0,1,0,1,1,0,1,1,0,0,0,0,0,1,0,1,0,1,0,0,0,0,0,0,harbour_cif.y4m,73.21,73.096,0.33118,0.014351,0.0,101
1,1,0,0,0,0,0,0,0,0,1,0,1,0,1,1,1,1,1,0,1,1,0,0,0,0,1,0,0,1,1,0,1,0,1,0,0,0,harbour_cif.y4m,34.81,34.76,0.33444,0.015857,0.0,242
1,1,0,0,0,0,0,0,0,0,1,0,1,1,0,1,0,1,1,0,1,1,0,0,0,0,0,1,0,1,1,0,0,0,0,0,0,0,harbour_cif.y4m,8.6,8.52,0.170147,0.01464,0.0,103
1,1,1,0,0,0,0,0,0,0,0,0,1,1,0,1,1,0,1,1,0,1,0,1,0,0,0,0,0,1,0,1,0,0,0,0,0,0,harbour_cif.y4m,54.76,54.614,0.343337,0.010188,0.0,1
1,1,0,0,0,0,0,1,0,0,0,0,1,1,0,1,0,0,1,0,1,1,0,0,0,0,0,1,0,1,0,1,1,0,0,0,0,1,harbour_cif.y4m,6.28,6.248,0.107098,0.013993,0.0,56
1,1,0,0,1,0,0,0,0,0,0,0,1,0,1,1,0,0,1,0,1,1,0,0,0,0,0,0,1,1,0,1,0,0,0,0,0,0,harbour_cif.y4m,14.52,14.554,0.161493,0.015693,0.0,373
1,1,0,0,0,0,0,0,1,0,0,0,1,1,0,1,1,1,1,0,1,1,0,1,0,0,0,0,0,1,0,1,1,0,1,0,0,0,harbour_cif.y4m,90.68,90.21,2.020124,0.015762,0.0,318
1,1,0,0,0,1,0,0,0,0,0,0,1,1,0,1,0,0,1,1,0,1,0,0,0,0,1,0,0,1,1,0,0,0,0,0,0,0,harbour_cif.y4m,167.76,167.63,0.678823,0.01498,0.0,69
1,1,0,1,0,0,0,0,0,0,0,0,1,0,1,1,0,0,1,1,0,1,0,0,0,0,0,1,0,1,1,0,1,1,0,0,0,0,harbour_cif.y4m,4.15,4.188,0.091488,0.010008,0.0,11
1,1,0,0,1,0,0,0,0,0,0,0,1,0,1,1,0,0,1,1,0,1,0,1,0,0,0,0,0,1,0,1,1,0,0,1,0,0,harbour_cif.y4m,5.74,5.744,0.070214,0.013715,0.0,258
1,1,0,0,0,0,0,0,0,0,1,0,1,0,1,1,0,0,1,1,0,1,0,1,0,0,0,0,0,1,1,0,1,0,1,0,0,0,harbour_cif.y4m,230.56,230.184,0.697875,0.010538,0.0,238
1,1,0,0,0,0,0,1,0,0,0,0,1,0,1,1,1,0,1,1,0,1,1,0,0,0,0,0,0,1,0,1,1,0,0,0,1,0,harbour_cif.y4m,249.79,249.85,1.694122,0.014832,0.0,173
1,1,0,0,0,0,0,1,0,0,0,0,1,0,1,1,0,1,1,0,1,1,0,1,0,0,0,0,0,1,0,1,1,1,0,0,0,0,harbour_cif.y4m,218.76,218.798,0.347736,0.009997,0.0,190
1,1,0,1,0,0,0,0,0,0,0,0,1,0,1,1,1,0,1,1,0,1,0,0,0,0,0,1,0,1,0,1,1,1,0,0,0,0,harbour_cif.y4m,60.21,59.966,0.456541,0.009969,0.0,7
1,1,0,0,0,1,0,0,0,0,0,0,1,0,1,1,1,1,1,0,1,1,0,0,0,0,0,0,1,1,1,0,0,0,0,0,0,0,harbour_cif.y4m,1.91,1.898,0.054037,0.0129,0.0,323
1,1,0,0,0,1,0,0,0,0,0,0,1,0,1,1,0,0,1,0,1,1,0,0,0,0,0,0,1,1,1,0,1,0,0,0,1,0,harbour_cif.y4m,107.4,107.43,0.726498,0.009879,0.0,73
1,1,0,0,0,0,0,0,0,0,1,0,1,0,1,1,1,0,1,0,1,1,0,1,0,0,0,0,0,1,0,1,0,0,0,0,0,0,harbour_cif.y4m,122.33,122.41,0.357141,0.014504,0.0,209
1,1,0,1,0,0,0,0,0,0,0,0,1,1,0,1,1,0,1,0,1,1,1,0,0,0,0,0,0,1,1,0,0,0,0,0,0,0,harbour_cif.y4m,4.95,4.93,0.036742,0.009375,0.0,138
1,1,0,0,0,1,0,0,0,0,0,0,1,1,0,1,1,1,1,1,0,1,0,0,0,0,0,1,0,1,0,1,0,0,0,0,0,0,harbour_cif.y4m,87.32,86.92,0.875528,0.01024,0.0,264
1,1,0,0,0,0,0,0,0,1,0,0,1,0,1,1,0,1,1,0,1,1,0,0,0,0,0,1,0,1,0,1,1,0,0,0,1,0,harbour_cif.y4m,178.34,178.226,0.470457,0.01498,0.0,98
1,1,0,0,0,0,0,0,0,0,1,0,1,1,0,1,0,0,1,0,1,1,0,0,0,0,0,1,0,1,1,0,1,0,0,1,0,0,harbour_cif.y4m,3.4,3.436,0.11149,0.007726,0.0,380
1,1,0,0,1,0,0,0,0,0,0,0,1,1,0,1,1,1,1,1,0,1,0,1,0,0,0,0,0,1,1,0,1,0,1,0,0,0,harbour_cif.y4m,127.05,127.24,0.342783,0.013966,0.0,85
1,1,0,0,0,0,0,0,0,0,1,0,1,0,1,1,0,0,1,0,1,1,1,0,0,0,0,0,0,1,0,1,1,0,0,0,1,0,harbour_cif.y4m,56.09,56.068,0.130269,0.0148,0.0,31
1,1,0,1,0,0,0,0,0,0,0,0,1,0,1,1,1,0,1,1,0,1,0,0,0,0,0,1,0,1,1,0,1,1,0,0,0,0,harbour_cif.y4m,3.47,3.476,0.033615,0.012513,0.0,8
1,1,0,0,1,0,0,0,0,0,0,0,1,1,0,1,1,1,1,1,0,1,1,0,0,0,0,0,0,1,0,1,1,1,0,0,0,0,harbour_cif.y4m,6.28,6.278,0.028636,0.013921,0.0,216
1,1,0,0,1,0,0,0,0,0,0,0,1,1,0,1,1,1,1,0,1,1,0,0,0,1,0,0,0,1,0,1,1,1,0,0,0,0,harbour_cif.y4m,1.66,1.652,0.019235,0.014738,0.0,214
1,1,0,0,0,0,0,0,1,0,0,0,1,1,0,1,0,0,1,1,0,1,0,0,0,0,0,1,0,1,1,0,0,0,0,0,0,0,harbour_cif.y4m,6.56,6.558,0.057619,0.007639,0.0,341
1,1,0,0,1,0,0,0,0,0,0,0,1,1,0,1,0,0,1,1,0,1,0,1,0,0,0,0,0,1,1,0,1,0,1,0,0,0,harbour_cif.y4m,4.45,4.432,0.093915,0.012343,0.0,236
1,1,0,0,0,0,0,0,0,0,1,0,1,0,1,1,0,0,1,0,1,1,0,0,0,0,1,0,0,1,1,0,1,0,1,0,0,0,harbour_cif.y4m,10.19,10.176,0.04219,0.013154,0.0,240
1,1,0,0,0,0,0,1,0,0,0,0,1,0,1,1,0,0,1,0,1,1,0,0,0,1,0,0,0,1,0,1,1,0,0,0,1,0,harbour_cif.y4m,9.48,9.258,0.393281,0.01464,0.0,51
1,1,1,0,0,0,0,0,0,0,0,0,1,0,1,1,1,1,1,0,1,1,0,0,0,0,0,0,1,1,1,0,1,0,1,0,0,0,harbour_cif.y4m,6.29,6.282,0.037683,0.014934,0.0,77
1,1,0,0,0,0,0,0,0,0,1,0,1,0,1,1,1,0,1,1,0,1,0,0,0,0,0,1,0,1,0,1,1,0,0,0,0,1,harbour_cif.y4m,8.23,8.252,0.0614,0.013605,0.0,128
1,1,0,0,1,0,0,0,0,0,0,0,1,1,0,1,0,0,1,1,0,1,0,1,0,0,0,0,0,1,0,1,0,0,0,0,0,0,harbour_cif.y4m,53.61,53.654,0.143283,0.015721,0.0,234
1,1,0,0,0,0,0,0,1,0,0,0,1,0,1,1,1,0,1,0,1,1,0,0,0,0,0,1,0,1,0,1,1,0,0,0,1,0,harbour_cif.y4m,400.12,400.074,0.117601,0.010453,0.0,28
1,1,0,0,1,0,0,0,0,0,0,0,1,1,0,1,1,0,1,0,1,1,1,0,0,0,0,0,0,1,1,0,0,0,0,0,0,0,harbour_cif.y4m,58.99,58.72,0.699321,0.009969,0.0,139
1,1,0,0,0,0,0,0,0,0,1,0,1,0,1,1,1,0,1,1,0,1,0,0,0,0,1,0,0,1,1,0,1,0,1,0,0,0,harbour_cif.y4m,1.4,1.404,0.005477,0.013924,0.0,152
1,1,0,1,0,0,0,0,0,0,0,0,1,0,1,1,0,0,1,1,0,1,0,0,0,0,0,1,0,1,1,0,1,0,0,0,1,0,harbour_cif.y4m,75.6,75.558,0.183902,0.016345,0.0,12
1,1,0,0,0,0,1,0,0,0,0,0,1,0,1,1,0,1,1,1,0,1,0,0,0,0,0,1,0,1,1,0,0,0,0,0,0,0,harbour_cif.y4m,1.63,1.602,0.073959,0.013924,0.0,369
1,1,0,0,0,0,0,0,0,0,0,1,1,1,0,1,1,0,1,0,1,1,0,0,0,0,0,1,0,1,0,1,1,0,0,0,0,1,harbour_cif.y4m,27.66,27.668,0.096281,0.010153,0.0,58
1,1,0,0,0,0,0,0,1,0,0,0,1,1,0,1,1,0,1,1,0,1,1,0,0,0,0,0,0,1,1,0,0,0,0,0,0,0,harbour_cif.y4m,25.55,25.51,0.136565,0.014358,0.0,64
1,1,0,0,0,0,0,0,1,0,0,0,1,1,0,1,1,0,1,1,0,1,0,0,1,0,0,0,0,1,1,0,1,1,0,0,0,0,harbour_cif.y4m,21.45,21.494,0.067305,0.015594,0.0,21
1,1,0,0,0,1,0,0,0,0,0,0,1,0,1,1,1,1,1,0,1,1,0,0,1,0,0,0,0,1,1,0,1,0,0,0,0,1,harbour_cif.y4m,68.68,68.612,0.277074,0.014592,0.0,225
1,1,0,0,0,0,1,0,0,0,0,0,1,0,1,1,1,0,1,1,0,1,0,0,0,0,0,1,0,1,1,0,1,0,0,0,1,0,harbour_cif.y4m,78.17,78.194,0.67493,0.010137,0.0,366
1,1,0,0,0,0,0,1,0,0,0,0,1,0,1,1,1,1,1,0,1,1,0,0,1,0,0,0,0,1,0,1,1,0,0,0,0,1,highway_cif.y4m,21.53,21.552,0.057184,0.002327,0.0,114
1,1,0,0,1,0,0,0,0,0,0,0,1,1,0,1,1,1,1,0,1,1,0,0,1,0,0,0,0,1,1,0,1,0,1,0,0,0,highway_cif.y4m,14.52,14.522,0.064187,0.00205,0.0,281
1,1,0,0,0,1,0,0,0,0,0,0,1,0,1,1,1,0,1,1,0,1,0,0,0,0,0,0,1,1,1,0,1,0,0,1,0,0,highway_cif.y4m,29.59,29.594,0.036469,0.002258,0.0,325
1,1,1,0,0,0,0,0,0,0,0,0,1,1,0,1,1,0,1,1,0,1,0,0,0,0,1,0,0,1,1,0,1,1,0,0,0,0,highway_cif.y4m,26.44,26.414,0.133716,0.002707,0.0,181
1,1,0,0,0,0,0,0,1,0,0,0,1,1,0,1,1,0,1,0,1,1,0,0,1,0,0,0,0,1,1,0,1,0,0,0,0,1,highway_cif.y4m,608.77,608.818,7.887,0.002242,0.0,247
1,1,0,0,0,0,0,0,0,0,1,0,1,1,0,1,1,0,1,1,0,1,0,0,0,0,1,0,0,1,1,0,1,0,0,0,0,1,highway_cif.y4m,813.4,813.46,0.641872,0.003636,0.0,166
1,1,0,0,0,0,0,0,1,0,0,0,1,1,0,1,1,0,1,0,1,1,0,0,1,0,0,0,0,1,1,0,1,0,0,0,1,0,highway_cif.y4m,41.96,41.994,0.260058,0.002361,0.0,25
1,1,0,0,0,0,0,1,0,0,0,0,1,0,1,1,0,0,1,1,0,1,0,1,0,0,0,0,0,1,0,1,0,0,0,0,0,0,highway_cif.y4m,57.54,57.512,0.1499,0.004825,0.0,355
1,1,0,0,1,0,0,0,0,0,0,0,1,1,0,1,0,0,1,1,0,1,1,0,0,0,0,0,0,1,1,0,1,0,0,0,0,1,highway_cif.y4m,7.92,7.934,0.043932,0.002449,0.0,219
1,1,0,0,0,1,0,0,0,0,0,0,1,1,0,1,1,0,1,1,0,1,0,0,0,0,1,0,0,1,1,0,1,1,0,0,0,0,highway_cif.y4m,57.65,57.576,0.330651,0.004825,0.0,182
1,1,0,1,0,0,0,0,0,0,0,0,1,0,1,1,0,1,1,1,0,1,0,0,0,0,0,1,0,1,1,0,1,1,0,0,0,0,highway_cif.y4m,19.13,19.126,0.043932,0.00278,0.0,10
1,1,0,0,1,0,0,0,0,0,0,0,1,1,0,1,1,0,1,0,1,1,0,0,1,0,0,0,0,1,0,1,1,0,0,0,0,1,highway_cif.y4m,169.99,170.072,0.249139,0.002368,0.0,116
1,1,0,0,0,1,0,0,0,0,0,0,1,1,0,1,1,1,1,0,1,1,0,0,0,0,0,1,0,1,0,1,1,1,0,0,0,0,highway_cif.y4m,35.55,35.54,0.12083,0.002269,0.0,266
1,1,0,0,0,0,0,0,1,0,0,0,1,1,0,1,0,0,1,0,1,1,0,0,1,0,0,0,0,1,1,0,1,0,0,1,0,0,highway_cif.y4m,179.39,178.736,1.748622,0.00737,0.0,313
1,1,0,0,0,0,0,1,0,0,0,0,1,0,1,1,0,0,1,1,0,1,0,0,0,0,0,0,1,1,0,1,0,0,0,0,0,0,highway_cif.y4m,76.48,76.574,0.225233,0.006642,0.0,357
1,1,0,0,0,1,0,0,0,0,0,0,1,0,1,1,0,1,1,0,1,1,1,0,0,0,0,0,0,1,1,0,1,1,0,0,0,0,highway_cif.y4m,13.87,13.594,0.456979,0.006531,0.0,187
1,1,0,0,0,0,0,0,1,0,0,0,1,1,0,1,1,1,1,0,1,1,0,0,1,0,0,0,0,1,1,0,1,1,0,0,0,0,highway_cif.y4m,1879.8,1879.79,0.372693,0.003578,0.0,23
1,1,0,0,1,0,0,0,0,0,0,0,1,1,0,1,1,0,1,1,0,1,0,1,0,0,0,0,0,1,0,1,0,0,0,0,0,0,highway_cif.y4m,204.97,204.806,0.81782,0.002666,0.0,2
1,1,0,0,0,0,0,0,0,0,0,1,1,1,0,1,1,0,1,0,1,1,0,0,0,0,0,1,0,1,1,0,1,1,0,0,0,0,highway_cif.y4m,668.16,668.364,0.870017,0.002391,0.0,301
1,1,0,0,0,0,0,1,0,0,0,0,1,0,1,1,0,1,1,1,0,1,0,1,0,0,0,0,0,1,0,1,0,0,0,0,0,0,highway_cif.y4m,931.98,931.004,2.01872,0.007279,0.0,356
1,1,0,0,0,0,0,0,0,0,1,0,1,1,0,1,0,1,1,0,1,1,0,0,0,0,0,1,0,1,0,1,1,1,0,0,0,0,highway_cif.y4m,67.84,67.818,0.061806,0.004559,0.0,269
1,1,0,0,0,0,0,0,0,0,1,0,1,0,1,1,0,1,1,1,0,1,0,0,1,0,0,0,0,1,0,1,1,0,0,0,1,0,highway_cif.y4m,55.9,55.772,0.292524,0.006659,0.0,274
1,1,0,0,0,0,0,0,0,0,1,0,1,0,1,1,0,1,1,1,0,1,0,0,0,1,0,0,0,1,1,0,1,1,0,0,0,0,highway_cif.y4m,37.64,37.644,0.086776,0.006522,0.0,307
1,1,0,0,1,0,0,0,0,0,0,0,1,0,1,1,0,1,1,1,0,1,0,0,1,0,0,0,0,1,0,1,1,1,0,0,0,0,highway_cif.y4m,115.67,115.656,0.093167,0.00243,0.0,254
1,1,0,0,0,0,0,0,0,0,1,0,1,0,1,1,0,1,1,0,1,1,0,1,0,0,0,0,0,1,0,1,0,0,0,0,0,0,highway_cif.y4m,8.27,8.268,0.013038,0.002592,0.0,208
1,1,0,0,1,0,0,0,0,0,0,0,1,1,0,1,1,1,1,1,0,1,0,0,1,0,0,0,0,1,0,1,1,0,1,0,0,0,highway_cif.y4m,11.47,11.456,0.053198,0.005724,0.0,279
1,1,0,0,0,0,0,1,0,0,0,0,1,1,0,1,1,1,1,1,0,1,0,1,0,0,0,0,0,1,0,1,1,0,0,0,1,0,highway_cif.y4m,29.99,29.968,0.053572,0.002401,0.0,171
1,1,0,0,0,0,0,0,0,1,0,0,1,1,0,1,0,1,1,0,1,1,0,0,0,0,0,1,0,1,0,1,1,0,0,0,1,0,highway_cif.y4m,193.67,193.69,0.189868,0.00737,0.0,99
1,1,1,0,0,0,0,0,0,0,0,0,1,0,1,1,1,1,1,1,0,1,0,1,0,0,0,0,0,1,1,0,1,0,1,0,0,0,highway_cif.y4m,37.98,37.984,0.101143,0.002347,0.0,81
1,1,0,0,0,0,0,0,0,0,1,0,1,0,1,1,1,1,1,0,1,1,0,0,1,0,0,0,0,1,1,0,1,0,1,0,0,0,highway_cif.y4m,14.29,14.274,0.101143,0.003016,0.0,155
1,1,0,0,0,1,0,0,0,0,0,0,1,1,0,1,0,1,1,1,0,1,1,0,0,0,0,0,0,1,1,0,1,1,0,0,0,0,highway_cif.y4m,26.4,26.37,0.068557,0.006522,0.0,185
1,1,0,0,1,0,0,0,0,0,0,0,1,1,0,1,0,0,1,0,1,1,0,0,0,0,0,1,0,1,0,1,0,0,0,0,0,0,highway_cif.y4m,15.75,15.72,0.082462,0.002501,0.0,376
1,1,0,0,0,0,0,0,1,0,0,0,1,1,0,1,0,1,1,0,1,1,0,1,0,0,0,0,0,1,1,0,0,0,0,0,0,0,highway_cif.y4m,5.78,5.786,0.020736,0.002468,0.0,204
1,1,0,0,0,0,0,0,1,0,0,0,1,1,0,1,1,0,1,0,1,1,0,0,0,0,1,0,0,1,1,0,1,0,0,0,0,1,highway_cif.y4m,357.94,358.124,0.65881,0.002714,0.0,246
1,1,0,0,0,0,0,1,0,0,0,0,1,1,0,1,1,1,1,0,1,1,0,0,1,0,0,0,0,1,0,1,0,0,0,0,0,0,highway_cif.y4m,162.78,162.884,0.683433,0.002306,0.0,230
1,1,0,0,0,0,0,0,1,0,0,0,1,0,1,1,1,0,1,0,1,1,0,0,0,0,0,1,0,1,1,0,1,0,0,0,1,0,highway_cif.y4m,302.77,302.772,0.752742,0.008149,0.0,27
1,1,0,1,0,0,0,0,0,0,0,0,1,1,0,1,1,1,1,0,1,1,1,0,0,0,0,0,0,1,1,0,0,0,0,0,0,0,highway_cif.y4m,21.19,21.194,0.292626,0.002102,0.0,137
1,1,0,0,0,0,0,0,0,0,1,0,1,1,0,1,1,1,1,1,0,1,0,0,0,0,1,0,0,1,0,1,1,0,0,0,1,0,highway_cif.y4m,29.55,29.534,0.14519,0.006248,0.0,169
1,1,0,0,0,0,0,0,0,0,1,0,1,0,1,1,0,1,1,0,1,1,1,0,0,0,0,0,0,1,0,1,1,0,0,0,0,1,highway_cif.y4m,335.47,335.456,0.801393,0.002335,0.0,33
1,1,0,0,0,0,0,0,1,0,0,0,1,0,1,1,0,1,1,0,1,1,0,1,0,0,0,0,0,1,1,0,0,0,0,0,0,0,highway_cif.y4m,168.17,168.12,0.136198,0.007636,0.0,205
1,1,0,0,0,0,0,0,0,0,1,0,1,1,0,1,1,0,1,0,1,1,0,0,0,0,1,0,0,1,1,0,1,0,0,0,0,1,highway_cif.y4m,39.67,39.582,0.16559,0.002342,0.0,245
1,1,1,0,0,0,0,0,0,0,0,0,1,1,0,1,0,0,1,1,0,1,0,0,1,0,0,0,0,1,1,0,1,0,0,0,0,1,highway_cif.y4m,24.9,24.906,0.094234,0.002336,0.0,163
1,1,0,0,1,0,0,0,0,0,0,0,1,1,0,1,1,0,1,1,0,1,1,0,0,0,0,0,0,1,0,1,1,1,0,0,0,0,highway_cif.y4m,15.56,15.55,0.031623,0.002501,0.0,4
1,1,0,0,1,0,0,0,0,0,0,0,1,1,0,1,0,0,1,0,1,1,1,0,0,0,0,0,0,1,1,0,1,0,0,0,1,0,highway_cif.y4m,14.73,14.7,0.06245,0.005724,0.0,141
1,1,1,0,0,0,0,0,0,0,0,0,1,1,0,1,1,1,1,0,1,1,0,0,1,0,0,0,0,1,1,0,1,1,0,0,0,0,highway_cif.y4m,769.69,769.464,1.064721,0.00286,0.0,159
1,1,0,0,0,0,0,0,1,0,0,0,1,1,0,1,0,1,1,0,1,1,0,0,1,0,0,0,0,1,0,1,1,0,0,0,0,1,highway_cif.y4m,67.59,67.62,0.149666,0.006406,0.0,336
1,1,0,0,0,1,0,0,0,0,0,0,1,1,0,1,0,0,1,0,1,1,0,0,0,0,0,0,1,1,1,0,1,0,0,0,1,0,highway_cif.y4m,205.23,205.246,1.114711,0.002201,0.0,72
1,1,0,0,0,0,0,0,1,0,0,0,1,1,0,1,1,0,1,1,0,1,0,0,1,0,0,0,0,1,1,0,1,0,0,0,0,1,highway_cif.y4m,26.14,26.146,0.087063,0.002389,0.0,248
1,1,0,1,0,0,0,0,0,0,0,0,1,0,1,1,1,1,1,1,0,1,0,0,0,0,0,1,0,1,0,1,1,0,0,0,0,1,highway_cif.y4m,690.66,692.458,6.452389,0.002613,0.0,130
1,1,0,0,0,1,0,0,0,0,0,0,1,0,1,1,1,1,1,1,0,1,0,0,0,0,0,0,1,1,1,0,0,0,0,0,0,0,highway_cif.y4m,519.46,519.512,0.877593,0.003895,0.0,324
1,1,1,0,0,0,0,0,0,0,0,0,1,0,1,1,0,1,1,1,0,1,0,1,0,0,0,0,0,1,0,1,0,0,0,0,0,0,highway_cif.y4m,435.12,435.158,0.198167,0.0081,0.0,354
1,1,0,0,0,0,0,0,0,0,1,0,1,0,1,1,0,0,1,1,0,1,0,0,0,1,0,0,0,1,0,1,0,0,0,0,0,0,highway_cif.y4m,234.24,234.108,0.253712,0.002291,0.0,291
1,1,0,0,0,0,0,0,0,0,1,0,1,1,0,1,0,0,1,1,0,1,0,1,0,0,0,0,0,1,1,0,1,0,1,0,0,0,highway_cif.y4m,9.47,9.5,0.121244,0.00231,0.0,237
1,1,0,0,0,1,0,0,0,0,0,0,1,1,0,1,1,0,1,1,0,1,1,0,0,0,0,0,0,1,1,0,1,1,0,0,0,0,highway_cif.y4m,13.97,13.958,0.037014,0.002099,0.0,183
1,1,0,0,0,1,0,0,0,0,0,0,1,0,1,1,1,1,1,0,1,1,0,0,1,0,0,0,0,1,0,1,0,0,0,0,0,0,highway_cif.y4m,11.62,11.614,0.024083,0.002626,0.0,227
1,1,0,0,0,0,0,0,1,0,0,0,1,1,0,1,0,1,1,0,1,1,0,0,0,0,0,1,0,1,0,1,0,0,0,0,0,0,highway_cif.y4m,27.95,27.952,0.064962,0.002794,0.0,338
1,1,0,0,1,0,0,0,0,0,0,0,1,0,1,1,0,0,1,0,1,1,1,0,0,0,0,0,0,1,1,0,1,0,0,0,1,0,highway_cif.y4m,94.09,94.146,0.112383,0.002234,0.0,142
1,1,0,0,1,0,0,0,0,0,0,0,1,1,0,1,1,1,1,0,1,1,0,0,1,0,0,0,0,1,1,0,1,0,0,0,0,1,highway_cif.y4m,85.2,85.206,0.073007,0.004562,0.0,332
1,1,0,0,0,0,0,0,0,1,0,0,1,0,1,1,0,0,1,1,0,1,0,0,0,0,1,0,0,1,0,1,1,0,0,0,1,0,highway_cif.y4m,703.77,703.994,0.513449,0.002429,0.0,95
1,1,0,0,1,0,0,0,0,0,0,0,1,0,1,1,0,0,1,0,1,1,0,0,0,1,0,0,0,1,0,1,0,0,0,0,0,0,highway_cif.y4m,56.13,56.116,0.043359,0.004954,0.0,289
1,1,0,0,1,0,0,0,0,0,0,0,1,1,0,1,0,0,1,0,1,1,0,0,0,0,0,1,0,1,0,1,1,0,0,1,0,0,highway_cif.y4m,8.67,8.664,0.035071,0.00231,0.0,378
1,1,0,0,1,0,0,0,0,0,0,0,1,1,0,1,1,1,1,1,0,1,0,0,1,0,0,0,0,1,0,1,1,0,0,0,1,0,highway_cif.y4m,194.84,194.976,0.566242,0.002201,0.0,278
1,1,0,0,0,0,0,0,0,0,1,0,1,0,1,1,1,0,1,0,1,1,1,0,0,0,0,0,0,1,0,1,1,0,0,0,1,0,highway_cif.y4m,39.72,39.71,0.116404,0.004852,0.0,30
1,1,0,0,1,0,0,0,0,0,0,0,1,1,0,1,0,0,1,0,1,1,0,1,0,0,0,0,0,1,0,1,1,0,0,0,0,1,highway_cif.y4m,9.17,9.172,0.025884,0.002819,0.0,120
1,1,0,0,0,1,0,0,0,0,0,0,1,1,0,1,1,1,1,0,1,1,0,0,0,0,0,1,0,1,0,1,0,0,0,0,0,0,highway_cif.y4m,12.4,12.4,0.036742,0.002556,0.0,265
1,1,0,0,0,0,0,0,0,0,1,0,1,1,0,1,1,0,1,1,0,1,0,0,0,0,0,1,0,1,0,1,0,0,0,0,0,0,highway_cif.y4m,24.77,24.794,0.064653,0.002418,0.0,296
1,1,0,0,0,0,0,1,0,0,0,0,1,1,0,1,1,1,1,1,0,1,0,1,0,0,0,0,0,1,0,1,0,0,0,0,0,0,highway_cif.y4m,50.2,50.224,0.055498,0.002725,0.0,232
1,1,0,0,0,0,0,0,0,0,1,0,1,0,1,1,0,0,1,1,0,1,0,0,1,0,0,0,0,1,1,0,1,0,0,1,0,0,highway_cif.y4m,39.91,39.9,0.098489,0.006392,0.0,310
1,1,0,0,0,0,0,1,0,0,0,0,1,0,1,1,1,1,1,0,1,1,0,0,0,0,0,1,0,1,0,1,1,0,0,1,0,0,highway_cif.y4m,458.36,458.266,0.412044,0.003791,0.0,349
1,1,0,0,1,0,0,0,0,0,0,0,1,1,0,1,0,1,1,0,1,1,0,0,0,0,0,1,0,1,0,1,0,0,0,0,0,0,highway_cif.y4m,28.23,28.29,0.239165,0.004847,0.0,377
1,1,0,0,0,0,0,0,0,1,0,0,1,0,1,1,1,1,1,1,0,1,0,0,0,0,1,0,0,1,0,1,1,0,0,0,1,0,highway_cif.y4m,672.1,671.6,0.972805,0.002338,0.0,94
1,1,1,0,0,0,0,0,0,0,0,0,1,1,0,1,1,0,1,0,1,1,1,0,0,0,0,0,0,1,0,1,1,1,0,0,0,0,highway_cif.y4m,37.62,37.596,0.105499,0.006522,0.0,178
1,1,0,0,0,0,0,0,0,0,1,0,1,0,1,1,0,0,1,1,0,1,0,0,0,0,0,1,0,1,0,1,1,0,0,0,0,1,highway_cif.y4m,35.22,35.188,0.07791,0.004811,0.0,127
1,1,0,0,0,0,0,1,0,0,0,0,1,0,1,1,1,0,1,0,1,1,0,0,0,1,0,0,0,1,0,1,1,0,0,0,1,0,highway_cif.y4m,10.21,10.198,0.08228,0.002287,0.0,111
1,1,1,0,0,0,0,0,0,0,0,0,1,0,1,1,0,1,1,1,0,1,0,1,0,0,0,0,0,1,0,1,1,0,0,1,0,0,highway_cif.y4m,28.72,28.75,0.099247,0.004664,0.0,353
1,1,0,0,0,0,1,0,0,0,0,0,1,0,1,1,1,1,1,1,0,1,0,1,0,0,0,0,0,1,1,0,1,0,0,0,1,0,highway_cif.y4m,25.74,25.726,0.078294,0.00278,0.0,45
1,1,0,0,0,1,0,0,0,0,0,0,1,0,1,1,1,1,1,0,1,1,0,0,1,0,0,0,0,1,1,0,0,0,0,0,0,0,highway_cif.y4m,8.67,8.668,0.032711,0.002708,0.0,226
1,1,0,0,0,0,0,0,0,0,0,1,1,1,0,1,1,0,1,0,1,1,0,0,0,0,0,1,0,1,1,0,1,0,0,0,0,1,highway_cif.y4m,31.92,31.86,0.119373,0.002679,0.0,59
1,1,0,0,0,0,0,0,1,0,0,0,1,1,0,1,1,1,1,1,0,1,1,0,0,0,0,0,0,1,0,1,1,1,0,0,0,0,highway_cif.y4m,231.75,231.644,0.596473,0.002666,0.0,19
1,1,0,0,0,0,0,0,0,0,0,1,1,1,0,1,0,1,1,0,1,1,0,0,0,1,0,0,0,1,1,0,1,1,0,0,0,0,highway_cif.y4m,118.81,118.78,0.153297,0.002273,0.0,304
1,1,0,0,0,0,0,0,1,0,0,0,1,0,1,1,0,1,1,0,1,1,0,1,0,0,0,0,0,1,0,1,0,0,0,0,0,0,highway_cif.y4m,25.92,25.838,0.164378,0.002389,0.0,207
1,1,0,0,0,0,1,0,0,0,0,0,1,1,0,1,1,1,1,1,0,1,0,1,0,0,0,0,0,1,1,0,0,0,0,0,0,0,highway_cif.y4m,675.02,676.118,3.480664,0.002672,0.0,43
1,1,0,0,0,0,1,0,0,0,0,0,1,1,0,1,1,0,1,1,0,1,1,0,0,0,0,0,0,1,1,0,1,0,0,0,0,1,highway_cif.y4m,11.94,11.944,0.016733,0.002224,0.0,40
1,1,0,0,0,1,0,0,0,0,0,0,1,0,1,1,0,1,1,1,0,1,1,0,0,0,0,0,0,1,1,0,1,1,0,0,0,0,highway_cif.y4m,500.32,500.36,0.650461,0.003915,0.0,186
1,1,0,0,1,0,0,0,0,0,0,0,1,0,1,1,0,0,1,0,1,1,0,0,0,1,0,0,0,1,0,1,1,0,0,0,0,1,highway_cif.y4m,15.46,15.424,0.074364,0.002862,0.0,288
1,1,1,0,0,0,0,0,0,0,0,0,1,1,0,1,1,0,1,1,0,1,0,1,0,0,0,0,0,1,1,0,1,0,1,0,0,0,highway_cif.y4m,25.98,26.002,0.15975,0.002707,0.0,82
1,1,0,0,0,0,0,0,0,0,1,0,1,0,1,1,1,1,1,0,1,1,0,0,0,1,0,0,0,1,0,1,0,0,0,0,0,0,highway_cif.y4m,20.32,20.298,0.058907,0.002316,0.0,211
1,1,0,0,1,0,0,0,0,0,0,0,1,0,1,1,1,1,1,0,1,1,0,0,0,0,0,1,0,1,1,0,1,0,0,1,0,0,highway_cif.y4m,331.71,331.222,1.247926,0.002714,0.0,347
1,1,0,1,0,0,0,0,0,0,0,0,1,0,1,1,0,0,1,1,0,1,1,0,0,0,0,0,0,1,1,0,1,0,0,0,1,0,highway_cif.y4m,47.13,47.16,0.071764,0.002353,0.0,13
1,1,0,0,0,0,0,1,0,0,0,0,1,0,1,1,1,1,1,0,1,1,0,0,1,0,0,0,0,1,0,1,0,0,0,0,0,0,highway_cif.y4m,1473.03,1473.178,0.414693,0.002387,0.0,228
1,1,0,0,0,0,0,0,0,1,0,0,1,1,0,1,0,1,1,0,1,1,0,0,1,0,0,0,0,1,0,1,1,0,0,0,0,1,highway_cif.y4m,30.33,30.318,0.068337,0.002401,0.0,335
1,1,0,0,0,0,0,0,1,0,0,0,1,1,0,1,1,0,1,0,1,1,0,0,1,0,0,0,0,1,1,0,1,1,0,0,0,0,highway_cif.y4m,121.35,121.354,0.207437,0.003784,0.0,24
1,1,1,0,0,0,0,0,0,0,0,0,1,0,1,1,0,1,1,0,1,1,0,1,0,0,0,0,0,1,0,1,1,0,0,1,0,0,highway_cif.y4m,701.77,701.894,0.543167,0.007964,0.0,352
1,1,0,0,0,0,1,0,0,0,0,0,1,0,1,1,0,0,1,1,0,1,0,0,0,0,0,1,0,1,1,0,0,0,0,0,0,0,highway_cif.y4m,21.66,21.674,0.037815,0.002314,0.0,368
1,1,1,0,0,0,0,0,0,0,0,0,1,0,1,1,1,1,1,1,0,1,0,1,0,0,0,0,0,1,1,0,0,0,0,0,0,0,highway_cif.y4m,10.05,9.742,0.455763,0.002712,0.0,80
1,1,0,0,1,0,0,0,0,0,0,0,1,1,0,1,0,0,1,0,1,1,0,1,0,0,0,0,0,1,0,1,0,0,0,0,0,0,highway_cif.y4m,136.44,136.212,0.743451,0.002745,0.0,121
1,1,0,0,0,0,0,0,0,0,1,0,1,0,1,1,1,1,1,0,1,1,0,0,1,0,0,0,0,1,1,0,1,1,0,0,0,0,highway_cif.y4m,16.51,16.536,0.051284,0.002102,0.0,156
1,1,0,1,0,0,0,0,0,0,0,0,1,0,1,1,1,1,1,1,0,1,0,0,0,0,0,1,0,1,1,0,1,1,0,0,0,0,highway_cif.y4m,5.49,5.492,0.030332,0.002289,0.0,9
1,1,0,0,0,0,0,0,0,0,1,0,1,1,0,1,0,0,1,1,0,1,0,0,0,0,1,0,0,1,1,0,1,0,0,0,0,1,highway_cif.y4m,31.85,31.77,0.137295,0.002342,0.0,165
1,1,0,0,0,0,0,0,0,0,1,0,1,0,1,1,0,0,1,1,0,1,0,1,0,0,0,0,0,1,0,1,1,0,0,0,0,1,highway_cif.y4m,25.3,25.354,0.117388,0.002289,0.0,126
1,1,0,0,1,0,0,0,0,0,0,0,1,1,0,1,1,1,1,0,1,1,0,0,1,0,0,0,0,1,0,1,1,0,1,0,0,0,highway_cif.y4m,9.15,9.24,0.241454,0.002712,0.0,280
1,1,0,0,0,0,0,1,0,0,0,0,1,0,1,1,1,1,1,1,0,1,0,1,0,0,0,0,0,1,0,1,1,0,0,0,1,0,highway_cif.y4m,8.99,8.91,0.173638,0.007588,0.0,172
1,1,0,0,0,0,0,0,0,0,1,0,1,0,1,1,0,1,1,1,0,1,0,0,0,1,0,0,0,1,0,1,0,0,0,0,0,0,highway_cif.y4m,43.12,43.184,0.140464,0.006453,0.0,292
1,1,0,0,0,0,0,0,0,0,1,0,1,1,0,1,1,1,1,0,1,1,0,0,0,0,0,1,0,1,1,0,0,0,0,0,0,0,highway_cif.y4m,80.47,80.476,0.251257,0.002472,0.0,105
1,1,0,0,0,1,0,0,0,0,0,0,1,0,1,1,1,1,1,0,1,1,0,0,0,0,0,0,1,1,1,0,1,0,1,0,0,0,highway_cif.y4m,72.2,72.26,0.213659,0.004819,0.0,76
1,1,0,0,0,1,0,0,0,0,0,0,1,0,1,1,0,0,1,1,0,1,1,0,0,0,0,0,0,1,1,0,1,0,0,0,0,1,highway_cif.y4m,345.25,345.03,0.564137,0.002335,0.0,221
1,1,0,0,0,0,0,0,0,0,1,0,1,1,0,1,1,0,1,1,0,1,0,0,0,0,1,0,0,1,0,1,1,0,0,0,0,1,highway_cif.y4m,192.84,192.922,0.121943,0.00374,0.0,167
1,1,0,0,0,0,0,0,0,0,1,0,1,0,1,1,0,1,1,0,1,1,1,0,0,0,0,0,0,1,1,0,1,0,0,0,0,1,highway_cif.y4m,1059.65,1059.828,0.593102,0.002647,0.0,35
1,1,0,0,1,0,0,0,0,0,0,0,1,1,0,1,0,0,1,1,0,1,0,1,0,0,0,0,0,1,0,1,1,0,1,0,0,0,highway_cif.y4m,15.65,15.646,0.053666,0.002141,0.0,235
1,1,0,0,0,0,0,0,0,1,0,0,1,1,0,1,1,1,1,0,1,1,0,0,1,0,0,0,0,1,0,1,1,0,0,0,0,1,highway_cif.y4m,53.93,53.946,0.147241,0.004941,0.0,333
1,1,0,0,0,0,1,0,0,0,0,0,1,0,1,1,1,1,1,1,0,1,0,1,0,0,0,0,0,1,1,0,0,0,0,0,0,0,highway_cif.y4m,302.23,302.192,0.357169,0.002381,0.0,44
1,1,0,0,1,0,0,0,0,0,0,0,1,0,1,1,0,1,1,1,0,1,0,1,0,0,0,0,0,1,0,1,1,1,0,0,0,0,highway_cif.y4m,502.04,501.834,0.775455,0.002393,0.0,256
1,1,0,0,0,0,0,1,0,0,0,0,1,0,1,1,1,0,1,0,1,1,0,1,0,0,0,0,0,1,0,1,1,0,0,0,0,1,highway_cif.y4m,3076.83,3076.648,1.551345,0.003915,0.0,192
1,1,0,0,0,0,1,0,0,0,0,0,1,1,0,1,1,1,1,1,0,1,1,0,0,0,0,0,0,1,1,0,1,0,0,0,0,1,highway_cif.y4m,69.95,69.954,0.184201,0.002298,0.0,41
1,1,0,0,0,0,0,0,0,0,1,0,1,0,1,1,0,1,1,1,0,1,0,0,0,0,0,1,0,1,0,1,1,0,0,0,1,0,highway_cif.y4m,503.43,503.24,0.753757,0.007285,0.0,273
1,1,0,0,0,0,0,0,0,0,1,0,1,1,0,1,0,1,1,0,1,1,0,0,0,0,0,1,0,1,0,1,0,0,0,0,0,0,highway_cif.y4m,512.84,512.53,0.564491,0.007318,0.0,101
1,1,0,0,0,0,0,0,0,0,1,0,1,0,1,1,1,1,1,0,1,1,0,0,0,0,1,0,0,1,1,0,1,0,1,0,0,0,highway_cif.y4m,164.89,164.878,0.376922,0.002368,0.0,242
1,1,0,0,0,0,0,0,0,0,1,0,1,1,0,1,0,1,1,0,1,1,0,0,0,0,0,1,0,1,1,0,0,0,0,0,0,0,highway_cif.y4m,61.53,60.404,2.300604,0.006659,0.0,103
1,1,1,0,0,0,0,0,0,0,0,0,1,1,0,1,1,0,1,1,0,1,0,1,0,0,0,0,0,1,0,1,0,0,0,0,0,0,highway_cif.y4m,282.2,282.256,0.193985,0.002448,0.0,1
1,1,0,0,0,0,0,1,0,0,0,0,1,1,0,1,0,0,1,0,1,1,0,0,0,0,0,1,0,1,0,1,1,0,0,0,0,1,highway_cif.y4m,29.0,28.996,0.089051,0.004664,0.0,56
1,1,0,0,1,0,0,0,0,0,0,0,1,0,1,1,0,0,1,0,1,1,0,0,0,0,0,0,1,1,0,1,0,0,0,0,0,0,highway_cif.y4m,80.71,80.756,0.165922,0.002472,0.0,373
1,1,0,0,0,0,0,0,1,0,0,0,1,1,0,1,1,1,1,0,1,1,0,1,0,0,0,0,0,1,0,1,1,0,1,0,0,0,highway_cif.y4m,443.79,443.342,1.250328,0.0023,0.0,318
1,1,0,0,0,1,0,0,0,0,0,0,1,1,0,1,0,0,1,1,0,1,0,0,0,0,1,0,0,1,1,0,0,0,0,0,0,0,highway_cif.y4m,959.61,959.668,0.426814,0.0029,0.0,69
1,1,0,1,0,0,0,0,0,0,0,0,1,0,1,1,0,0,1,1,0,1,0,0,0,0,0,1,0,1,1,0,1,1,0,0,0,0,highway_cif.y4m,24.94,24.938,0.053572,0.004823,0.0,11
1,1,0,0,1,0,0,0,0,0,0,0,1,0,1,1,0,0,1,1,0,1,0,1,0,0,0,0,0,1,0,1,1,0,0,1,0,0,highway_cif.y4m,25.94,25.934,0.058138,0.002789,0.0,258
1,1,0,0,0,0,0,0,0,0,1,0,1,0,1,1,0,0,1,1,0,1,0,1,0,0,0,0,0,1,1,0,1,0,1,0,0,0,highway_cif.y4m,1882.43,1882.376,0.662782,0.003969,0.0,238
1,1,0,0,0,0,0,1,0,0,0,0,1,0,1,1,1,0,1,1,0,1,1,0,0,0,0,0,0,1,0,1,1,0,0,0,1,0,highway_cif.y4m,1296.09,1295.586,2.323129,0.002845,0.0,173
1,1,0,0,0,0,0,1,0,0,0,0,1,0,1,1,0,1,1,0,1,1,0,1,0,0,0,0,0,1,0,1,1,1,0,0,0,0,highway_cif.y4m,984.08,985.248,3.094523,0.002277,0.0,190
1,1,0,1,0,0,0,0,0,0,0,0,1,0,1,1,1,0,1,1,0,1,0,0,0,0,0,1,0,1,0,1,1,1,0,0,0,0,highway_cif.y4m,355.52,355.188,0.835775,0.002299,0.0,7
1,1,0,0,0,1,0,0,0,0,0,0,1,0,1,1,1,1,1,0,1,1,0,0,0,0,0,0,1,1,1,0,0,0,0,0,0,0,highway_cif.y4m,11.16,11.156,0.159154,0.002592,0.0,323
1,1,0,0,0,1,0,0,0,0,0,0,1,0,1,1,0,0,1,0,1,1,0,0,0,0,0,0,1,1,1,0,1,0,0,0,1,0,highway_cif.y4m,668.07,667.706,4.389571,0.002335,0.0,73
1,1,0,0,0,0,0,0,0,0,1,0,1,0,1,1,1,0,1,0,1,1,0,1,0,0,0,0,0,1,0,1,0,0,0,0,0,0,highway_cif.y4m,532.45,532.272,0.986899,0.002672,0.0,209
1,1,0,1,0,0,0,0,0,0,0,0,1,1,0,1,1,0,1,0,1,1,1,0,0,0,0,0,0,1,1,0,0,0,0,0,0,0,highway_cif.y4m,24.55,24.694,0.387466,0.002399,0.0,138
1,1,0,0,0,1,0,0,0,0,0,0,1,1,0,1,1,1,1,1,0,1,0,0,0,0,0,1,0,1,0,1,0,0,0,0,0,0,highway_cif.y4m,492.87,492.688,0.535322,0.003807,0.0,264
1,1,0,0,0,0,0,0,0,1,0,0,1,0,1,1,0,1,1,0,1,1,0,0,0,0,0,1,0,1,0,1,1,0,0,0,1,0,highway_cif.y4m,1142.58,1142.494,0.566242,0.0029,0.0,98
1,1,0,0,0,0,0,0,0,0,1,0,1,1,0,1,0,0,1,0,1,1,0,0,0,0,0,1,0,1,1,0,1,0,0,1,0,0,highway_cif.y4m,19.17,19.16,0.025495,0.002341,0.0,380
1,1,0,0,1,0,0,0,0,0,0,0,1,1,0,1,1,1,1,1,0,1,0,1,0,0,0,0,0,1,1,0,1,0,1,0,0,0,highway_cif.y4m,643.57,644.116,1.68847,0.007216,0.0,85
1,1,0,0,0,0,0,0,0,0,1,0,1,0,1,1,0,0,1,0,1,1,1,0,0,0,0,0,0,1,0,1,1,0,0,0,1,0,highway_cif.y4m,277.82,278.04,0.50055,0.002764,0.0,31
1,1,0,1,0,0,0,0,0,0,0,0,1,0,1,1,1,0,1,1,0,1,0,0,0,0,0,1,0,1,1,0,1,1,0,0,0,0,highway_cif.y4m,14.11,14.118,0.044944,0.002224,0.0,8
1,1,0,0,1,0,0,0,0,0,0,0,1,1,0,1,1,1,1,1,0,1,1,0,0,0,0,0,0,1,0,1,1,1,0,0,0,0,highway_cif.y4m,35.14,35.148,0.088713,0.002794,0.0,216
1,1,0,0,1,0,0,0,0,0,0,0,1,1,0,1,1,1,1,0,1,1,0,0,0,1,0,0,0,1,0,1,1,1,0,0,0,0,highway_cif.y4m,6.79,6.87,0.244233,0.002819,0.0,214
1,1,0,0,0,0,0,0,1,0,0,0,1,1,0,1,0,0,1,1,0,1,0,0,0,0,0,1,0,1,1,0,0,0,0,0,0,0,highway_cif.y4m,38.64,38.666,0.169204,0.002287,0.0,341
1,1,0,0,1,0,0,0,0,0,0,0,1,1,0,1,0,0,1,1,0,1,0,1,0,0,0,0,0,1,1,0,1,0,1,0,0,0,highway_cif.y4m,26.06,26.044,0.115672,0.006753,0.0,236
1,1,0,0,0,0,0,0,0,0,1,0,1,0,1,1,0,0,1,0,1,1,0,0,0,0,1,0,0,1,1,0,1,0,1,0,0,0,highway_cif.y4m,49.23,49.296,0.141351,0.006557,0.0,240
1,1,0,0,0,0,0,1,0,0,0,0,1,0,1,1,0,0,1,0,1,1,0,0,0,1,0,0,0,1,0,1,1,0,0,0,1,0,highway_cif.y4m,75.62,75.512,0.385577,0.006659,0.0,51
1,1,1,0,0,0,0,0,0,0,0,0,1,0,1,1,1,1,1,0,1,1,0,0,0,0,0,0,1,1,1,0,1,0,1,0,0,0,highway_cif.y4m,28.29,28.304,0.085907,0.002438,0.0,77
1,1,0,0,0,0,0,0,0,0,1,0,1,0,1,1,1,0,1,1,0,1,0,0,0,0,0,1,0,1,0,1,1,0,0,0,0,1,highway_cif.y4m,34.38,34.32,0.11068,0.002729,0.0,128
1,1,0,0,1,0,0,0,0,0,0,0,1,1,0,1,0,0,1,1,0,1,0,1,0,0,0,0,0,1,0,1,0,0,0,0,0,0,highway_cif.y4m,228.49,228.54,0.147817,0.002291,0.0,234
1,1,0,0,0,0,0,0,1,0,0,0,1,0,1,1,1,0,1,0,1,1,0,0,0,0,0,1,0,1,0,1,1,0,0,0,1,0,highway_cif.y4m,3211.71,3211.78,0.267955,0.003915,0.0,28
1,1,0,0,1,0,0,0,0,0,0,0,1,1,0,1,1,0,1,0,1,1,1,0,0,0,0,0,0,1,1,0,0,0,0,0,0,0,highway_cif.y4m,348.68,348.68,0.369391,0.002299,0.0,139
1,1,0,0,0,0,0,0,0,0,1,0,1,0,1,1,1,0,1,1,0,1,0,0,0,0,1,0,0,1,1,0,1,0,1,0,0,0,highway_cif.y4m,5.86,5.998,0.220726,0.002468,0.0,152
1,1,0,1,0,0,0,0,0,0,0,0,1,0,1,1,0,0,1,1,0,1,0,0,0,0,0,1,0,1,1,0,1,0,0,0,1,0,highway_cif.y4m,473.89,473.988,0.671059,0.008032,0.0,12
1,1,0,0,0,0,1,0,0,0,0,0,1,0,1,1,0,1,1,1,0,1,0,0,0,0,0,1,0,1,1,0,0,0,0,0,0,0,highway_cif.y4m,5.84,5.834,0.018166,0.002468,0.0,369
1,1,0,0,0,0,0,0,0,0,0,1,1,1,0,1,1,0,1,0,1,1,0,0,0,0,0,1,0,1,0,1,1,0,0,0,0,1,highway_cif.y4m,192.65,192.638,0.040866,0.00374,0.0,58
1,1,0,0,0,0,0,0,1,0,0,0,1,1,0,1,1,0,1,1,0,1,1,0,0,0,0,0,0,1,1,0,0,0,0,0,0,0,highway_cif.y4m,187.41,187.324,0.224009,0.00737,0.0,64
1,1,0,0,0,0,0,0,1,0,0,0,1,1,0,1,1,0,1,1,0,1,0,0,1,0,0,0,0,1,1,0,1,1,0,0,0,0,highway_cif.y4m,111.96,112.0,0.115542,0.00239,0.0,21
1,1,0,0,0,1,0,0,0,0,0,0,1,0,1,1,1,1,1,0,1,1,0,0,1,0,0,0,0,1,1,0,1,0,0,0,0,1,highway_cif.y4m,351.05,350.618,0.971787,0.002714,0.0,225
1,1,0,0,0,0,1,0,0,0,0,0,1,0,1,1,1,0,1,1,0,1,0,0,0,0,0,1,0,1,1,0,1,0,0,0,1,0,highway_cif.y4m,436.65,436.526,0.875831,0.002332,0.0,366
1,1,0,0,0,0,0,1,0,0,0,0,1,0,1,1,1,1,1,0,1,1,0,0,1,0,0,0,0,1,0,1,1,0,0,0,0,1,husky_cif.y4m,5.75,5.748,0.022804,0.026414,0.0,114
1,1,0,0,1,0,0,0,0,0,0,0,1,1,0,1,1,1,1,0,1,1,0,0,1,0,0,0,0,1,1,0,1,0,1,0,0,0,husky_cif.y4m,5.93,5.922,0.0249,0.025677,0.0,281
1,1,0,0,0,1,0,0,0,0,0,0,1,0,1,1,1,0,1,1,0,1,0,0,0,0,0,0,1,1,1,0,1,0,0,1,0,0,husky_cif.y4m,8.01,8.014,0.016733,0.025885,0.0,325
1,1,1,0,0,0,0,0,0,0,0,0,1,1,0,1,1,0,1,1,0,1,0,0,0,0,1,0,0,1,1,0,1,1,0,0,0,0,husky_cif.y4m,7.57,7.574,0.020736,0.039986,0.0,181
1,1,0,0,0,0,0,0,1,0,0,0,1,1,0,1,1,0,1,0,1,1,0,0,1,0,0,0,0,1,1,0,1,0,0,0,0,1,husky_cif.y4m,225.16,225.076,0.732892,0.030559,0.0,247
1,1,0,0,0,0,0,0,0,0,1,0,1,1,0,1,1,0,1,1,0,1,0,0,0,0,1,0,0,1,1,0,1,0,0,0,0,1,husky_cif.y4m,299.45,299.282,0.455159,0.025363,0.0,166
1,1,0,0,0,0,0,0,1,0,0,0,1,1,0,1,1,0,1,0,1,1,0,0,1,0,0,0,0,1,1,0,1,0,0,0,1,0,husky_cif.y4m,14.25,14.268,0.099096,0.050169,0.0,25
1,1,0,0,0,0,0,1,0,0,0,0,1,0,1,1,0,0,1,1,0,1,0,1,0,0,0,0,0,1,0,1,0,0,0,0,0,0,husky_cif.y4m,12.11,12.062,0.27225,0.024896,0.0,355
1,1,0,0,1,0,0,0,0,0,0,0,1,1,0,1,0,0,1,1,0,1,1,0,0,0,0,0,0,1,1,0,1,0,0,0,0,1,husky_cif.y4m,2.71,2.73,0.04062,0.05031,0.0,219
1,1,0,0,0,1,0,0,0,0,0,0,1,1,0,1,1,0,1,1,0,1,0,0,0,0,1,0,0,1,1,0,1,1,0,0,0,0,husky_cif.y4m,11.68,11.812,0.231236,0.024896,0.0,182
1,1,0,1,0,0,0,0,0,0,0,0,1,0,1,1,0,1,1,1,0,1,0,0,0,0,0,1,0,1,1,0,1,1,0,0,0,0,husky_cif.y4m,5.46,5.472,0.096281,0.040106,0.0,10
1,1,0,0,1,0,0,0,0,0,0,0,1,1,0,1,1,0,1,0,1,1,0,0,1,0,0,0,0,1,0,1,1,0,0,0,0,1,husky_cif.y4m,73.4,73.43,0.233131,0.051479,0.0,116
1,1,0,0,0,1,0,0,0,0,0,0,1,1,0,1,1,1,1,0,1,1,0,0,0,0,0,1,0,1,0,1,1,1,0,0,0,0,husky_cif.y4m,9.93,9.97,0.130576,0.025829,0.0,266
1,1,0,0,0,0,0,0,1,0,0,0,1,1,0,1,0,0,1,0,1,1,0,0,1,0,0,0,0,1,1,0,1,0,0,1,0,0,husky_cif.y4m,47.68,47.664,0.13975,0.044336,0.0,313
1,1,0,0,0,0,0,1,0,0,0,0,1,0,1,1,0,0,1,1,0,1,0,0,0,0,0,0,1,1,0,1,0,0,0,0,0,0,husky_cif.y4m,14.18,14.19,0.052915,0.041226,0.0,357
1,1,0,0,0,1,0,0,0,0,0,0,1,0,1,1,0,1,1,0,1,1,1,0,0,0,0,0,0,1,1,0,1,1,0,0,0,0,husky_cif.y4m,3.5,3.51,0.084558,0.037887,0.0,187
1,1,0,0,0,0,0,0,1,0,0,0,1,1,0,1,1,1,1,0,1,1,0,0,1,0,0,0,0,1,1,0,1,1,0,0,0,0,husky_cif.y4m,713.24,713.238,0.085849,0.025339,0.0,23
1,1,0,0,1,0,0,0,0,0,0,0,1,1,0,1,1,0,1,1,0,1,0,1,0,0,0,0,0,1,0,1,0,0,0,0,0,0,husky_cif.y4m,85.17,85.14,0.222374,0.044581,0.0,2
1,1,0,0,0,0,0,0,0,0,0,1,1,1,0,1,1,0,1,0,1,1,0,0,0,0,0,1,0,1,1,0,1,1,0,0,0,0,husky_cif.y4m,336.93,336.734,0.887373,0.030704,0.0,301
1,1,0,0,0,0,0,1,0,0,0,0,1,0,1,1,0,1,1,1,0,1,0,1,0,0,0,0,0,1,0,1,0,0,0,0,0,0,husky_cif.y4m,291.9,292.938,2.22104,0.044303,0.0,356
1,1,0,0,0,0,0,0,0,0,1,0,1,1,0,1,0,1,1,0,1,1,0,0,0,0,0,1,0,1,0,1,1,1,0,0,0,0,husky_cif.y4m,17.39,17.388,0.019235,0.024804,0.0,269
1,1,0,0,0,0,0,0,0,0,1,0,1,0,1,1,0,1,1,1,0,1,0,0,1,0,0,0,0,1,0,1,1,0,0,0,1,0,husky_cif.y4m,9.31,9.288,0.049699,0.041353,0.0,274
1,1,0,0,0,0,0,0,0,0,1,0,1,0,1,1,0,1,1,1,0,1,0,0,0,1,0,0,0,1,1,0,1,1,0,0,0,0,husky_cif.y4m,8.19,8.172,0.038341,0.037811,0.0,307
1,1,0,0,1,0,0,0,0,0,0,0,1,0,1,1,0,1,1,1,0,1,0,0,1,0,0,0,0,1,0,1,1,1,0,0,0,0,husky_cif.y4m,45.07,44.864,0.50998,0.052563,0.0,254
1,1,0,0,0,0,0,0,0,0,1,0,1,0,1,1,0,1,1,0,1,1,0,1,0,0,0,0,0,1,0,1,0,0,0,0,0,0,husky_cif.y4m,1.99,1.994,0.011402,0.050349,0.0,208
1,1,0,0,1,0,0,0,0,0,0,0,1,1,0,1,1,1,1,1,0,1,0,0,1,0,0,0,0,1,0,1,1,0,1,0,0,0,husky_cif.y4m,2.36,2.362,0.017889,0.043195,0.0,279
1,1,0,0,0,0,0,1,0,0,0,0,1,1,0,1,1,1,1,1,0,1,0,1,0,0,0,0,0,1,0,1,1,0,0,0,1,0,husky_cif.y4m,8.62,8.638,0.069426,0.030243,0.0,171
1,1,0,0,0,0,0,0,0,1,0,0,1,1,0,1,0,1,1,0,1,1,0,0,0,0,0,1,0,1,0,1,1,0,0,0,1,0,husky_cif.y4m,49.54,49.454,0.66282,0.044336,0.0,99
1,1,1,0,0,0,0,0,0,0,0,0,1,0,1,1,1,1,1,1,0,1,0,1,0,0,0,0,0,1,1,0,1,0,1,0,0,0,husky_cif.y4m,11.86,11.872,0.043243,0.03013,0.0,81
1,1,0,0,0,0,0,0,0,0,1,0,1,0,1,1,1,1,1,0,1,1,0,0,1,0,0,0,0,1,1,0,1,0,1,0,0,0,husky_cif.y4m,4.21,4.21,0.01,0.052096,0.0,155
1,1,0,0,0,1,0,0,0,0,0,0,1,1,0,1,0,1,1,1,0,1,1,0,0,0,0,0,0,1,1,0,1,1,0,0,0,0,husky_cif.y4m,5.86,5.89,0.070356,0.037811,0.0,185
1,1,0,0,1,0,0,0,0,0,0,0,1,1,0,1,0,0,1,0,1,1,0,0,0,0,0,1,0,1,0,1,0,0,0,0,0,0,husky_cif.y4m,6.7,6.684,0.035071,0.03894,0.0,376
1,1,0,0,0,0,0,0,1,0,0,0,1,1,0,1,0,1,1,0,1,1,0,1,0,0,0,0,0,1,1,0,0,0,0,0,0,0,husky_cif.y4m,2.68,2.682,0.010954,0.049659,0.0,204
1,1,0,0,0,0,0,0,1,0,0,0,1,1,0,1,1,0,1,0,1,1,0,0,0,0,1,0,0,1,1,0,1,0,0,0,0,1,husky_cif.y4m,128.59,128.548,0.133679,0.042978,0.0,246
1,1,0,0,0,0,0,1,0,0,0,0,1,1,0,1,1,1,1,0,1,1,0,0,1,0,0,0,0,1,0,1,0,0,0,0,0,0,husky_cif.y4m,77.46,77.362,0.476781,0.030977,0.0,230
1,1,0,0,0,0,0,0,1,0,0,0,1,0,1,1,1,0,1,0,1,1,0,0,0,0,0,1,0,1,1,0,1,0,0,0,1,0,husky_cif.y4m,80.4,80.446,0.208758,0.045496,0.0,27
1,1,0,1,0,0,0,0,0,0,0,0,1,1,0,1,1,1,1,0,1,1,1,0,0,0,0,0,0,1,1,0,0,0,0,0,0,0,husky_cif.y4m,8.75,8.756,0.033615,0.025744,0.0,137
1,1,0,0,0,0,0,0,0,0,1,0,1,1,0,1,1,1,1,1,0,1,0,0,0,0,1,0,0,1,0,1,1,0,0,0,1,0,husky_cif.y4m,7.89,7.926,0.075697,0.037447,0.0,169
1,1,0,0,0,0,0,0,0,0,1,0,1,0,1,1,0,1,1,0,1,1,1,0,0,0,0,0,0,1,0,1,1,0,0,0,0,1,husky_cif.y4m,167.32,167.08,0.548042,0.030488,0.0,33
1,1,0,0,0,0,0,0,1,0,0,0,1,0,1,1,0,1,1,0,1,1,0,1,0,0,0,0,0,1,1,0,0,0,0,0,0,0,husky_cif.y4m,30.66,30.638,0.079183,0.044774,0.0,205
1,1,0,0,0,0,0,0,0,0,1,0,1,1,0,1,1,0,1,0,1,1,0,0,0,0,1,0,0,1,1,0,1,0,0,0,0,1,husky_cif.y4m,11.29,11.294,0.057706,0.02958,0.0,245
1,1,1,0,0,0,0,0,0,0,0,0,1,1,0,1,0,0,1,1,0,1,0,0,1,0,0,0,0,1,1,0,1,0,0,0,0,1,husky_cif.y4m,7.78,7.776,0.023022,0.047648,0.0,163
1,1,0,0,1,0,0,0,0,0,0,0,1,1,0,1,1,0,1,1,0,1,1,0,0,0,0,0,0,1,0,1,1,1,0,0,0,0,husky_cif.y4m,6.6,6.604,0.030496,0.03894,0.0,4
1,1,0,0,1,0,0,0,0,0,0,0,1,1,0,1,0,0,1,0,1,1,1,0,0,0,0,0,0,1,1,0,1,0,0,0,1,0,husky_cif.y4m,2.92,2.894,0.040373,0.043195,0.0,141
1,1,1,0,0,0,0,0,0,0,0,0,1,1,0,1,1,1,1,0,1,1,0,0,1,0,0,0,0,1,1,0,1,1,0,0,0,0,husky_cif.y4m,363.32,363.03,0.914467,0.043329,0.0,159
1,1,0,0,0,0,0,0,1,0,0,0,1,1,0,1,0,1,1,0,1,1,0,0,1,0,0,0,0,1,0,1,1,0,0,0,0,1,husky_cif.y4m,9.79,9.796,0.057706,0.037406,0.0,336
1,1,0,0,0,1,0,0,0,0,0,0,1,1,0,1,0,0,1,0,1,1,0,0,0,0,0,0,1,1,1,0,1,0,0,0,1,0,husky_cif.y4m,65.67,65.614,0.907513,0.030472,0.0,72
1,1,0,0,0,0,0,0,1,0,0,0,1,1,0,1,1,0,1,1,0,1,0,0,1,0,0,0,0,1,1,0,1,0,0,0,0,1,husky_cif.y4m,7.89,7.916,0.060249,0.029701,0.0,248
1,1,0,1,0,0,0,0,0,0,0,0,1,0,1,1,1,1,1,1,0,1,0,0,0,0,0,1,0,1,0,1,1,0,0,0,0,1,husky_cif.y4m,285.9,286.874,3.173173,0.043316,0.0,130
1,1,0,0,0,1,0,0,0,0,0,0,1,0,1,1,1,1,1,1,0,1,0,0,0,0,0,0,1,1,1,0,0,0,0,0,0,0,husky_cif.y4m,134.78,134.808,0.213471,0.025575,0.0,324
1,1,1,0,0,0,0,0,0,0,0,0,1,0,1,1,0,1,1,1,0,1,0,1,0,0,0,0,0,1,0,1,0,0,0,0,0,0,husky_cif.y4m,131.53,131.524,0.039115,0.045458,0.0,354
1,1,0,0,0,0,0,0,0,0,1,0,1,0,1,1,0,0,1,1,0,1,0,0,0,1,0,0,0,1,0,1,0,0,0,0,0,0,husky_cif.y4m,122.53,122.552,1.094038,0.051348,0.0,291
1,1,0,0,0,0,0,0,0,0,1,0,1,1,0,1,0,0,1,1,0,1,0,1,0,0,0,0,0,1,1,0,1,0,1,0,0,0,husky_cif.y4m,4.52,4.508,0.025884,0.049401,0.0,237
1,1,0,0,0,1,0,0,0,0,0,0,1,1,0,1,1,0,1,1,0,1,1,0,0,0,0,0,0,1,1,0,1,1,0,0,0,0,husky_cif.y4m,5.54,5.528,0.023875,0.025797,0.0,183
1,1,0,0,0,1,0,0,0,0,0,0,1,0,1,1,1,1,1,0,1,1,0,0,1,0,0,0,0,1,0,1,0,0,0,0,0,0,husky_cif.y4m,5.34,5.338,0.054955,0.051246,0.0,227
1,1,0,0,0,0,0,0,1,0,0,0,1,1,0,1,0,1,1,0,1,1,0,0,0,0,0,1,0,1,0,1,0,0,0,0,0,0,husky_cif.y4m,8.5,8.498,0.043818,0.043948,0.0,338
1,1,0,0,1,0,0,0,0,0,0,0,1,0,1,1,0,0,1,0,1,1,1,0,0,0,0,0,0,1,1,0,1,0,0,0,1,0,husky_cif.y4m,37.06,37.086,0.040988,0.030476,0.0,142
1,1,0,0,1,0,0,0,0,0,0,0,1,1,0,1,1,1,1,0,1,1,0,0,1,0,0,0,0,1,1,0,1,0,0,0,0,1,husky_cif.y4m,22.33,22.34,0.02,0.025004,0.0,332
1,1,0,0,0,0,0,0,0,1,0,0,1,0,1,1,0,0,1,1,0,1,0,0,0,0,1,0,0,1,0,1,1,0,0,0,1,0,husky_cif.y4m,373.52,373.442,0.205353,0.050697,0.0,95
1,1,0,0,1,0,0,0,0,0,0,0,1,0,1,1,0,0,1,0,1,1,0,0,0,1,0,0,0,1,0,1,0,0,0,0,0,0,husky_cif.y4m,13.44,13.462,0.087006,0.024993,0.0,289
1,1,0,0,1,0,0,0,0,0,0,0,1,1,0,1,0,0,1,0,1,1,0,0,0,0,0,1,0,1,0,1,1,0,0,1,0,0,husky_cif.y4m,3.52,3.528,0.025884,0.049401,0.0,378
1,1,0,0,1,0,0,0,0,0,0,0,1,1,0,1,1,1,1,1,0,1,0,0,1,0,0,0,0,1,0,1,1,0,0,0,1,0,husky_cif.y4m,81.24,81.228,0.083487,0.030457,0.0,278
1,1,0,0,0,0,0,0,0,0,1,0,1,0,1,1,1,0,1,0,1,1,1,0,0,0,0,0,0,1,0,1,1,0,0,0,1,0,husky_cif.y4m,8.1,8.176,0.137586,0.024617,0.0,30
1,1,0,0,1,0,0,0,0,0,0,0,1,1,0,1,0,0,1,0,1,1,0,1,0,0,0,0,0,1,0,1,1,0,0,0,0,1,husky_cif.y4m,3.7,3.698,0.010954,0.051544,0.0,120
1,1,0,0,0,1,0,0,0,0,0,0,1,1,0,1,1,1,1,0,1,1,0,0,0,0,0,1,0,1,0,1,0,0,0,0,0,0,husky_cif.y4m,4.74,4.752,0.021679,0.039056,0.0,265
1,1,0,0,0,0,0,0,0,0,1,0,1,1,0,1,1,0,1,1,0,1,0,0,0,0,0,1,0,1,0,1,0,0,0,0,0,0,husky_cif.y4m,7.89,7.9,0.049497,0.047781,0.0,296
1,1,0,0,0,0,0,1,0,0,0,0,1,1,0,1,1,1,1,1,0,1,0,1,0,0,0,0,0,1,0,1,0,0,0,0,0,0,husky_cif.y4m,14.34,14.348,0.071903,0.043859,0.0,232
1,1,0,0,0,0,0,0,0,0,1,0,1,0,1,1,0,0,1,1,0,1,0,0,1,0,0,0,0,1,1,0,1,0,0,1,0,0,husky_cif.y4m,9.42,9.434,0.036469,0.03741,0.0,310
1,1,0,0,0,0,0,1,0,0,0,0,1,0,1,1,1,1,1,0,1,1,0,0,0,0,0,1,0,1,0,1,1,0,0,1,0,0,husky_cif.y4m,125.46,125.508,0.349671,0.025353,0.0,349
1,1,0,0,1,0,0,0,0,0,0,0,1,1,0,1,0,1,1,0,1,1,0,0,0,0,0,1,0,1,0,1,0,0,0,0,0,0,husky_cif.y4m,6.72,6.74,0.03937,0.024934,0.0,377
1,1,0,0,0,0,0,0,0,1,0,0,1,0,1,1,1,1,1,1,0,1,0,0,0,0,1,0,0,1,0,1,1,0,0,0,1,0,husky_cif.y4m,325.53,325.128,0.809487,0.030466,0.0,94
1,1,1,0,0,0,0,0,0,0,0,0,1,1,0,1,1,0,1,0,1,1,1,0,0,0,0,0,0,1,0,1,1,1,0,0,0,0,husky_cif.y4m,8.0,8.002,0.022804,0.037811,0.0,178
1,1,0,0,0,0,0,0,0,0,1,0,1,0,1,1,0,0,1,1,0,1,0,0,0,0,0,1,0,1,0,1,1,0,0,0,0,1,husky_cif.y4m,11.07,11.062,0.016432,0.024703,0.0,127
1,1,0,0,0,0,0,1,0,0,0,0,1,0,1,1,1,0,1,0,1,1,0,0,0,1,0,0,0,1,0,1,1,0,0,0,1,0,husky_cif.y4m,2.91,2.902,0.034205,0.049023,0.0,111
1,1,1,0,0,0,0,0,0,0,0,0,1,0,1,1,0,1,1,1,0,1,0,1,0,0,0,0,0,1,0,1,1,0,0,1,0,0,husky_cif.y4m,8.72,8.692,0.069785,0.037585,0.0,353
1,1,0,0,0,0,1,0,0,0,0,0,1,0,1,1,1,1,1,1,0,1,0,1,0,0,0,0,0,1,1,0,1,0,0,0,1,0,husky_cif.y4m,7.32,7.35,0.053852,0.040106,0.0,45
1,1,0,0,0,1,0,0,0,0,0,0,1,0,1,1,1,1,1,0,1,1,0,0,1,0,0,0,0,1,1,0,0,0,0,0,0,0,husky_cif.y4m,2.24,2.236,0.015166,0.050768,0.0,226
1,1,0,0,0,0,0,0,0,0,0,1,1,1,0,1,1,0,1,0,1,1,0,0,0,0,0,1,0,1,1,0,1,0,0,0,0,1,husky_cif.y4m,8.88,8.878,0.041473,0.039695,0.0,59
1,1,0,0,0,0,0,0,1,0,0,0,1,1,0,1,1,1,1,1,0,1,1,0,0,0,0,0,0,1,0,1,1,1,0,0,0,0,husky_cif.y4m,81.29,80.778,1.115513,0.044581,0.0,19
1,1,0,0,0,0,0,0,0,0,0,1,1,1,0,1,0,1,1,0,1,1,0,0,0,1,0,0,0,1,1,0,1,1,0,0,0,0,husky_cif.y4m,41.67,41.42,0.622575,0.030585,0.0,304
1,1,0,0,0,0,0,0,1,0,0,0,1,0,1,1,0,1,1,0,1,1,0,1,0,0,0,0,0,1,0,1,0,0,0,0,0,0,husky_cif.y4m,8.06,8.058,0.056303,0.029701,0.0,207
1,1,0,0,0,0,1,0,0,0,0,0,1,1,0,1,1,1,1,1,0,1,0,1,0,0,0,0,0,1,1,0,0,0,0,0,0,0,husky_cif.y4m,258.89,262.628,8.829392,0.043005,0.0,43
1,1,0,0,0,0,1,0,0,0,0,0,1,1,0,1,1,0,1,1,0,1,1,0,0,0,0,0,0,1,1,0,1,0,0,0,0,1,husky_cif.y4m,5.17,5.176,0.045056,0.046687,0.0,40
1,1,0,0,0,1,0,0,0,0,0,0,1,0,1,1,0,1,1,1,0,1,1,0,0,0,0,0,0,1,1,0,1,1,0,0,0,0,husky_cif.y4m,144.96,145.028,0.180748,0.025859,0.0,186
1,1,0,0,1,0,0,0,0,0,0,0,1,0,1,1,0,0,1,0,1,1,0,0,0,1,0,0,0,1,0,1,1,0,0,0,0,1,husky_cif.y4m,4.79,4.762,0.104259,0.051755,0.0,288
1,1,1,0,0,0,0,0,0,0,0,0,1,1,0,1,1,0,1,1,0,1,0,1,0,0,0,0,0,1,1,0,1,0,1,0,0,0,husky_cif.y4m,7.45,7.448,0.039623,0.039986,0.0,82
1,1,0,0,0,0,0,0,0,0,1,0,1,0,1,1,1,1,1,0,1,1,0,0,0,1,0,0,0,1,0,1,0,0,0,0,0,0,husky_cif.y4m,5.2,5.204,0.027019,0.025834,0.0,211
1,1,0,0,1,0,0,0,0,0,0,0,1,0,1,1,1,1,1,0,1,1,0,0,0,0,0,1,0,1,1,0,1,0,0,1,0,0,husky_cif.y4m,127.38,127.19,1.005535,0.042978,0.0,347
1,1,0,1,0,0,0,0,0,0,0,0,1,0,1,1,0,0,1,1,0,1,1,0,0,0,0,0,0,1,1,0,1,0,0,0,1,0,husky_cif.y4m,14.95,14.936,0.123612,0.051429,0.0,13
1,1,0,0,0,0,0,1,0,0,0,0,1,0,1,1,1,1,1,0,1,1,0,0,1,0,0,0,0,1,0,1,0,0,0,0,0,0,husky_cif.y4m,645.37,645.722,1.017973,0.050765,0.0,228
1,1,0,0,0,0,0,0,0,1,0,0,1,1,0,1,0,1,1,0,1,1,0,0,1,0,0,0,0,1,0,1,1,0,0,0,0,1,husky_cif.y4m,8.85,8.836,0.039749,0.030243,0.0,335
1,1,0,0,0,0,0,0,1,0,0,0,1,1,0,1,1,0,1,0,1,1,0,0,1,0,0,0,0,1,1,0,1,1,0,0,0,0,husky_cif.y4m,26.93,27.0,0.166883,0.025305,0.0,24
1,1,1,0,0,0,0,0,0,0,0,0,1,0,1,1,0,1,1,0,1,1,0,1,0,0,0,0,0,1,0,1,1,0,0,1,0,0,husky_cif.y4m,228.67,228.602,0.23403,0.0447,0.0,352
1,1,0,0,0,0,1,0,0,0,0,0,1,0,1,1,0,0,1,1,0,1,0,0,0,0,0,1,0,1,1,0,0,0,0,0,0,0,husky_cif.y4m,5.64,5.638,0.033466,0.025969,0.0,368
1,1,1,0,0,0,0,0,0,0,0,0,1,0,1,1,1,1,1,1,0,1,0,1,0,0,0,0,0,1,1,0,0,0,0,0,0,0,husky_cif.y4m,2.93,2.932,0.008367,0.05027,0.0,80
1,1,0,0,1,0,0,0,0,0,0,0,1,1,0,1,0,0,1,0,1,1,0,1,0,0,0,0,0,1,0,1,0,0,0,0,0,0,husky_cif.y4m,45.25,45.11,0.593633,0.044678,0.0,121
1,1,0,0,0,0,0,0,0,0,1,0,1,0,1,1,1,1,1,0,1,1,0,0,1,0,0,0,0,1,1,0,1,1,0,0,0,0,husky_cif.y4m,6.73,6.73,0.066708,0.025744,0.0,156
1,1,0,1,0,0,0,0,0,0,0,0,1,0,1,1,1,1,1,1,0,1,0,0,0,0,0,1,0,1,1,0,1,1,0,0,0,0,husky_cif.y4m,1.89,1.894,0.018166,0.049294,0.0,9
1,1,0,0,0,0,0,0,0,0,1,0,1,1,0,1,0,0,1,1,0,1,0,0,0,0,1,0,0,1,1,0,1,0,0,0,0,1,husky_cif.y4m,10.33,10.336,0.045056,0.02958,0.0,165
1,1,0,0,0,0,0,0,0,0,1,0,1,0,1,1,0,0,1,1,0,1,0,1,0,0,0,0,0,1,0,1,1,0,0,0,0,1,husky_cif.y4m,7.3,7.288,0.026833,0.026375,0.0,126
1,1,0,0,1,0,0,0,0,0,0,0,1,1,0,1,1,1,1,0,1,1,0,0,1,0,0,0,0,1,0,1,1,0,1,0,0,0,husky_cif.y4m,2.91,2.91,0.012247,0.05027,0.0,280
1,1,0,0,0,0,0,1,0,0,0,0,1,0,1,1,1,1,1,1,0,1,0,1,0,0,0,0,0,1,0,1,1,0,0,0,1,0,husky_cif.y4m,1.77,1.782,0.017889,0.04002,0.0,172
1,1,0,0,0,0,0,0,0,0,1,0,1,0,1,1,0,1,1,1,0,1,0,0,0,1,0,0,0,1,0,1,0,0,0,0,0,0,husky_cif.y4m,9.17,9.198,0.087006,0.037594,0.0,292
1,1,0,0,0,0,0,0,0,0,1,0,1,1,0,1,1,1,1,0,1,1,0,0,0,0,0,1,0,1,1,0,0,0,0,0,0,0,husky_cif.y4m,28.18,28.174,0.119708,0.052471,0.0,105
1,1,0,0,0,1,0,0,0,0,0,0,1,0,1,1,1,1,1,0,1,1,0,0,0,0,0,0,1,1,1,0,1,0,1,0,0,0,husky_cif.y4m,17.03,17.142,0.26224,0.0247,0.0,76
1,1,0,0,0,1,0,0,0,0,0,0,1,0,1,1,0,0,1,1,0,1,1,0,0,0,0,0,0,1,1,0,1,0,0,0,0,1,husky_cif.y4m,138.01,137.94,0.393573,0.050415,0.0,221
1,1,0,0,0,0,0,0,0,0,1,0,1,1,0,1,1,0,1,1,0,1,0,0,0,0,1,0,0,1,0,1,1,0,0,0,0,1,husky_cif.y4m,47.41,47.41,0.027386,0.025188,0.0,167
1,1,0,0,0,0,0,0,0,0,1,0,1,0,1,1,0,1,1,0,1,1,1,0,0,0,0,0,0,1,1,0,1,0,0,0,0,1,husky_cif.y4m,344.12,344.032,0.301032,0.031262,0.0,35
1,1,0,0,1,0,0,0,0,0,0,0,1,1,0,1,0,0,1,1,0,1,0,1,0,0,0,0,0,1,0,1,1,0,1,0,0,0,husky_cif.y4m,5.76,5.772,0.034205,0.025882,0.0,235
1,1,0,0,0,0,0,0,0,1,0,0,1,1,0,1,1,1,1,0,1,1,0,0,1,0,0,0,0,1,0,1,1,0,0,0,0,1,husky_cif.y4m,13.04,13.082,0.085557,0.025025,0.0,333
1,1,0,0,0,0,1,0,0,0,0,0,1,0,1,1,1,1,1,1,0,1,0,1,0,0,0,0,0,1,1,0,0,0,0,0,0,0,husky_cif.y4m,123.75,123.916,0.357253,0.050646,0.0,44
1,1,0,0,1,0,0,0,0,0,0,0,1,0,1,1,0,1,1,1,0,1,0,1,0,0,0,0,0,1,0,1,1,1,0,0,0,0,husky_cif.y4m,204.02,204.0,0.22,0.030777,0.0,256
1,1,0,0,0,0,0,1,0,0,0,0,1,0,1,1,1,0,1,0,1,1,0,1,0,0,0,0,0,1,0,1,1,0,0,0,0,1,husky_cif.y4m,730.15,730.142,1.044663,0.025845,0.0,192
1,1,0,0,0,0,1,0,0,0,0,0,1,1,0,1,1,1,1,1,0,1,1,0,0,0,0,0,0,1,1,0,1,0,0,0,0,1,husky_cif.y4m,23.55,23.562,0.048166,0.030604,0.0,41
1,1,0,0,0,0,0,0,0,0,1,0,1,0,1,1,0,1,1,1,0,1,0,0,0,0,0,1,0,1,0,1,1,0,0,0,1,0,husky_cif.y4m,142.94,142.814,0.754904,0.043986,0.0,273
1,1,0,0,0,0,0,0,0,0,1,0,1,1,0,1,0,1,1,0,1,1,0,0,0,0,0,1,0,1,0,1,0,0,0,0,0,0,husky_cif.y4m,146.57,146.458,0.407885,0.0444,0.0,101
1,1,0,0,0,0,0,0,0,0,1,0,1,0,1,1,1,1,1,0,1,1,0,0,0,0,1,0,0,1,1,0,1,0,1,0,0,0,husky_cif.y4m,71.29,71.382,0.158335,0.051479,0.0,242
1,1,0,0,0,0,0,0,0,0,1,0,1,1,0,1,0,1,1,0,1,1,0,0,0,0,0,1,0,1,1,0,0,0,0,0,0,0,husky_cif.y4m,9.5,9.518,0.069065,0.041353,0.0,103
1,1,1,0,0,0,0,0,0,0,0,0,1,1,0,1,1,0,1,1,0,1,0,1,0,0,0,0,0,1,0,1,0,0,0,0,0,0,husky_cif.y4m,115.51,115.36,0.400312,0.030767,0.0,1
1,1,0,0,0,0,0,1,0,0,0,0,1,1,0,1,0,0,1,0,1,1,0,0,0,0,0,1,0,1,0,1,1,0,0,0,0,1,husky_cif.y4m,8.77,8.792,0.098336,0.037585,0.0,56
1,1,0,0,1,0,0,0,0,0,0,0,1,0,1,1,0,0,1,0,1,1,0,0,0,0,0,0,1,1,0,1,0,0,0,0,0,0,husky_cif.y4m,27.04,27.092,0.091214,0.052471,0.0,373
1,1,0,0,0,0,0,0,1,0,0,0,1,1,0,1,1,1,1,0,1,1,0,1,0,0,0,0,0,1,0,1,1,0,1,0,0,0,husky_cif.y4m,213.61,213.092,2.745891,0.050581,0.0,318
1,1,0,0,0,1,0,0,0,0,0,0,1,1,0,1,0,0,1,1,0,1,0,0,0,0,1,0,0,1,1,0,0,0,0,0,0,0,husky_cif.y4m,358.91,358.736,0.827575,0.043497,0.0,69
1,1,0,1,0,0,0,0,0,0,0,0,1,0,1,1,0,0,1,1,0,1,0,0,0,0,0,1,0,1,1,0,1,1,0,0,0,0,husky_cif.y4m,6.47,6.498,0.087864,0.024914,0.0,11
1,1,0,0,1,0,0,0,0,0,0,0,1,0,1,1,0,0,1,1,0,1,0,1,0,0,0,0,0,1,0,1,1,0,0,1,0,0,husky_cif.y4m,7.87,7.868,0.041473,0.042828,0.0,258
1,1,0,0,0,0,0,0,0,0,1,0,1,0,1,1,0,0,1,1,0,1,0,1,0,0,0,0,0,1,1,0,1,0,1,0,0,0,husky_cif.y4m,411.15,411.156,0.774196,0.025963,0.0,238
1,1,0,0,0,0,0,1,0,0,0,0,1,0,1,1,1,0,1,1,0,1,1,0,0,0,0,0,0,1,0,1,1,0,0,0,1,0,husky_cif.y4m,614.28,613.574,1.37954,0.0434,0.0,173
1,1,0,0,0,0,0,1,0,0,0,0,1,0,1,1,0,1,1,0,1,1,0,1,0,0,0,0,0,1,0,1,1,1,0,0,0,0,husky_cif.y4m,618.18,618.442,0.979576,0.030415,0.0,190
1,1,0,1,0,0,0,0,0,0,0,0,1,0,1,1,1,0,1,1,0,1,0,0,0,0,0,1,0,1,0,1,1,1,0,0,0,0,husky_cif.y4m,124.74,124.642,0.323991,0.030649,0.0,7
1,1,0,0,0,1,0,0,0,0,0,0,1,0,1,1,1,1,1,0,1,1,0,0,0,0,0,0,1,1,1,0,0,0,0,0,0,0,husky_cif.y4m,2.66,2.664,0.053198,0.050349,0.0,323
1,1,0,0,0,1,0,0,0,0,0,0,1,0,1,1,0,0,1,0,1,1,0,0,0,0,0,0,1,1,1,0,1,0,0,0,1,0,husky_cif.y4m,243.4,243.666,1.102125,0.030618,0.0,73
1,1,0,0,0,0,0,0,0,0,1,0,1,0,1,1,1,0,1,0,1,1,0,1,0,0,0,0,0,1,0,1,0,0,0,0,0,0,husky_cif.y4m,256.9,258.646,4.853888,0.043005,0.0,209
1,1,0,1,0,0,0,0,0,0,0,0,1,1,0,1,1,0,1,0,1,1,1,0,0,0,0,0,0,1,1,0,0,0,0,0,0,0,husky_cif.y4m,7.24,7.234,0.035777,0.029669,0.0,138
1,1,0,0,0,1,0,0,0,0,0,0,1,1,0,1,1,1,1,1,0,1,0,0,0,0,0,1,0,1,0,1,0,0,0,0,0,0,husky_cif.y4m,136.98,137.034,0.242549,0.025498,0.0,264
1,1,0,0,0,0,0,0,0,1,0,0,1,0,1,1,0,1,1,0,1,1,0,0,0,0,0,1,0,1,0,1,1,0,0,0,1,0,husky_cif.y4m,373.4,373.152,0.795657,0.043497,0.0,98
1,1,0,0,0,0,0,0,0,0,1,0,1,1,0,1,0,0,1,0,1,1,0,0,0,0,0,1,0,1,1,0,1,0,0,1,0,0,husky_cif.y4m,5.36,5.344,0.032094,0.026574,0.0,380
1,1,0,0,1,0,0,0,0,0,0,0,1,1,0,1,1,1,1,1,0,1,0,1,0,0,0,0,0,1,1,0,1,0,1,0,0,0,husky_cif.y4m,270.14,270.382,0.664883,0.043899,0.0,85
1,1,0,0,0,0,0,0,0,0,1,0,1,0,1,1,0,0,1,0,1,1,1,0,0,0,0,0,0,1,0,1,1,0,0,0,1,0,husky_cif.y4m,116.07,116.104,0.102127,0.043252,0.0,31
1,1,0,1,0,0,0,0,0,0,0,0,1,0,1,1,1,0,1,1,0,1,0,0,0,0,0,1,0,1,1,0,1,1,0,0,0,0,husky_cif.y4m,6.5,6.49,0.035355,0.046687,0.0,8
1,1,0,0,1,0,0,0,0,0,0,0,1,1,0,1,1,1,1,1,0,1,1,0,0,0,0,0,0,1,0,1,1,1,0,0,0,0,husky_cif.y4m,9.17,9.18,0.051478,0.043948,0.0,216
1,1,0,0,1,0,0,0,0,0,0,0,1,1,0,1,1,1,1,0,1,1,0,0,0,1,0,0,0,1,0,1,1,1,0,0,0,0,husky_cif.y4m,2.97,2.974,0.005477,0.051544,0.0,214
1,1,0,0,0,0,0,0,1,0,0,0,1,1,0,1,0,0,1,1,0,1,0,0,0,0,0,1,0,1,1,0,0,0,0,0,0,0,husky_cif.y4m,11.03,11.032,0.063008,0.026483,0.0,341
1,1,0,0,1,0,0,0,0,0,0,0,1,1,0,1,0,0,1,1,0,1,0,1,0,0,0,0,0,1,1,0,1,0,1,0,0,0,husky_cif.y4m,5.89,5.882,0.030332,0.037449,0.0,236
1,1,0,0,0,0,0,0,0,0,1,0,1,0,1,1,0,0,1,0,1,1,0,0,0,0,1,0,0,1,1,0,1,0,1,0,0,0,husky_cif.y4m,14.93,14.934,0.060249,0.040962,0.0,240
1,1,0,0,0,0,0,1,0,0,0,0,1,0,1,1,0,0,1,0,1,1,0,0,0,1,0,0,0,1,0,1,1,0,0,0,1,0,husky_cif.y4m,10.54,10.554,0.074364,0.041353,0.0,51
1,1,1,0,0,0,0,0,0,0,0,0,1,0,1,1,1,1,1,0,1,1,0,0,0,0,0,0,1,1,1,0,1,0,1,0,0,0,husky_cif.y4m,9.02,9.068,0.133679,0.051523,0.0,77
1,1,0,0,0,0,0,0,0,0,1,0,1,0,1,1,1,0,1,1,0,1,0,0,0,0,0,1,0,1,0,1,1,0,0,0,0,1,husky_cif.y4m,12.22,12.242,0.043818,0.042718,0.0,128
1,1,0,0,1,0,0,0,0,0,0,0,1,1,0,1,0,0,1,1,0,1,0,1,0,0,0,0,0,1,0,1,0,0,0,0,0,0,husky_cif.y4m,123.46,123.466,0.072664,0.051348,0.0,234
1,1,0,0,0,0,0,0,1,0,0,0,1,0,1,1,1,0,1,0,1,1,0,0,0,0,0,1,0,1,0,1,1,0,0,0,1,0,husky_cif.y4m,763.61,763.598,0.212885,0.025845,0.0,28
1,1,0,0,1,0,0,0,0,0,0,0,1,1,0,1,1,0,1,0,1,1,1,0,0,0,0,0,0,1,1,0,0,0,0,0,0,0,husky_cif.y4m,127.36,127.222,0.64025,0.030649,0.0,139
1,1,0,0,0,0,0,0,0,0,1,0,1,0,1,1,1,0,1,1,0,1,0,0,0,0,1,0,0,1,1,0,1,0,1,0,0,0,husky_cif.y4m,2.68,2.676,0.005477,0.049659,0.0,152
1,1,0,1,0,0,0,0,0,0,0,0,1,0,1,1,0,0,1,1,0,1,0,0,0,0,0,1,0,1,1,0,1,0,0,0,1,0,husky_cif.y4m,131.47,131.486,0.298714,0.044691,0.0,12
1,1,0,0,0,0,1,0,0,0,0,0,1,0,1,1,0,1,1,1,0,1,0,0,0,0,0,1,0,1,1,0,0,0,0,0,0,0,husky_cif.y4m,2.73,2.782,0.107564,0.049659,0.0,369
1,1,0,0,0,0,0,0,0,0,0,1,1,1,0,1,1,0,1,0,1,1,0,0,0,0,0,1,0,1,0,1,1,0,0,0,0,1,husky_cif.y4m,47.45,47.444,0.02881,0.025188,0.0,58
1,1,0,0,0,0,0,0,1,0,0,0,1,1,0,1,1,0,1,1,0,1,1,0,0,0,0,0,0,1,1,0,0,0,0,0,0,0,husky_cif.y4m,48.72,48.784,0.143631,0.044336,0.0,64
1,1,0,0,0,0,0,0,1,0,0,0,1,1,0,1,1,0,1,1,0,1,0,0,1,0,0,0,0,1,1,0,1,1,0,0,0,0,husky_cif.y4m,43.37,43.396,0.081731,0.052335,0.0,21
1,1,0,0,0,1,0,0,0,0,0,0,1,0,1,1,1,1,1,0,1,1,0,0,1,0,0,0,0,1,1,0,1,0,0,0,0,1,husky_cif.y4m,127.33,126.938,0.898092,0.042978,0.0,225
1,1,0,0,0,0,1,0,0,0,0,0,1,0,1,1,1,0,1,1,0,1,0,0,0,0,0,1,0,1,1,0,1,0,0,0,1,0,husky_cif.y4m,181.74,180.538,2.268363,0.030488,0.0,366
1,1,0,0,0,0,0,1,0,0,0,0,1,0,1,1,1,1,1,0,1,1,0,0,1,0,0,0,0,1,0,1,1,0,0,0,0,1,ice_cif.y4m,2.84,2.844,0.011402,0.005167,0.0,114
1,1,0,0,1,0,0,0,0,0,0,0,1,1,0,1,1,1,1,0,1,1,0,0,1,0,0,0,0,1,1,0,1,0,1,0,0,0,ice_cif.y4m,2.21,2.212,0.020494,0.004625,0.0,281
1,1,0,0,0,1,0,0,0,0,0,0,1,0,1,1,1,0,1,1,0,1,0,0,0,0,0,0,1,1,1,0,1,0,0,1,0,0,ice_cif.y4m,3.81,3.814,0.016733,0.005015,0.0,325
1,1,1,0,0,0,0,0,0,0,0,0,1,1,0,1,1,0,1,1,0,1,0,0,0,0,1,0,0,1,1,0,1,1,0,0,0,0,ice_cif.y4m,3.57,3.572,0.016432,0.005983,0.0,181
1,1,0,0,0,0,0,0,1,0,0,0,1,1,0,1,1,0,1,0,1,1,0,0,1,0,0,0,0,1,1,0,1,0,0,0,0,1,ice_cif.y4m,115.36,114.962,0.886098,0.005256,0.0,247
1,1,0,0,0,0,0,0,0,0,1,0,1,1,0,1,1,0,1,1,0,1,0,0,0,0,1,0,0,1,1,0,1,0,0,0,0,1,ice_cif.y4m,169.47,169.4,0.229129,0.007215,0.0,166
1,1,0,0,0,0,0,0,1,0,0,0,1,1,0,1,1,0,1,0,1,1,0,0,1,0,0,0,0,1,1,0,1,0,0,0,1,0,ice_cif.y4m,5.34,5.342,0.014832,0.00594,0.0,25
1,1,0,0,0,0,0,1,0,0,0,0,1,0,1,1,0,0,1,1,0,1,0,1,0,0,0,0,0,1,0,1,0,0,0,0,0,0,ice_cif.y4m,6.19,6.256,0.145705,0.007168,0.0,355
1,1,0,0,1,0,0,0,0,0,0,0,1,1,0,1,0,0,1,1,0,1,1,0,0,0,0,0,0,1,1,0,1,0,0,0,0,1,ice_cif.y4m,1.11,1.114,0.020736,0.006333,0.0,219
1,1,0,0,0,1,0,0,0,0,0,0,1,1,0,1,1,0,1,1,0,1,0,0,0,0,1,0,0,1,1,0,1,1,0,0,0,0,ice_cif.y4m,6.08,6.122,0.191755,0.007168,0.0,182
1,1,0,1,0,0,0,0,0,0,0,0,1,0,1,1,0,1,1,1,0,1,0,0,0,0,0,1,0,1,1,0,1,1,0,0,0,0,ice_cif.y4m,2.9,2.848,0.114324,0.006097,0.0,10
1,1,0,0,1,0,0,0,0,0,0,0,1,1,0,1,1,0,1,0,1,1,0,0,1,0,0,0,0,1,0,1,1,0,0,0,0,1,ice_cif.y4m,31.29,31.106,0.363291,0.005623,0.0,116
1,1,0,0,0,1,0,0,0,0,0,0,1,1,0,1,1,1,1,0,1,1,0,0,0,0,0,1,0,1,0,1,1,1,0,0,0,0,ice_cif.y4m,4.68,4.678,0.044385,0.004963,0.0,266
1,1,0,0,0,0,0,0,1,0,0,0,1,1,0,1,0,0,1,0,1,1,0,0,1,0,0,0,0,1,1,0,1,0,0,1,0,0,ice_cif.y4m,26.53,26.296,0.586242,0.007852,0.0,313
1,1,0,0,0,0,0,1,0,0,0,0,1,0,1,1,0,0,1,1,0,1,0,0,0,0,0,0,1,1,0,1,0,0,0,0,0,0,ice_cif.y4m,8.37,8.446,0.148088,0.008346,0.0,357
1,1,0,0,0,1,0,0,0,0,0,0,1,0,1,1,0,1,1,0,1,1,1,0,0,0,0,0,0,1,1,0,1,1,0,0,0,0,ice_cif.y4m,1.62,1.564,0.093434,0.007769,0.0,187
1,1,0,0,0,0,0,0,1,0,0,0,1,1,0,1,1,1,1,0,1,1,0,0,1,0,0,0,0,1,1,0,1,1,0,0,0,0,ice_cif.y4m,369.24,369.058,0.74106,0.007135,0.0,23
1,1,0,0,1,0,0,0,0,0,0,0,1,1,0,1,1,0,1,1,0,1,0,1,0,0,0,0,0,1,0,1,0,0,0,0,0,0,ice_cif.y4m,37.49,37.49,0.136015,0.005856,0.0,2
1,1,0,0,0,0,0,0,0,0,0,1,1,1,0,1,1,0,1,0,1,1,0,0,0,0,0,1,0,1,1,0,1,1,0,0,0,0,ice_cif.y4m,173.56,173.418,0.622832,0.005761,0.0,301
1,1,0,0,0,0,0,1,0,0,0,0,1,0,1,1,0,1,1,1,0,1,0,1,0,0,0,0,0,1,0,1,0,0,0,0,0,0,ice_cif.y4m,130.01,130.348,0.792004,0.007904,0.0,356
1,1,0,0,0,0,0,0,0,0,1,0,1,1,0,1,0,1,1,0,1,1,0,0,0,0,0,1,0,1,0,1,1,1,0,0,0,0,ice_cif.y4m,7.57,7.602,0.066858,0.006825,0.0,269
1,1,0,0,0,0,0,0,0,0,1,0,1,0,1,1,0,1,1,1,0,1,0,0,1,0,0,0,0,1,0,1,1,0,0,0,1,0,ice_cif.y4m,6.11,6.136,0.054589,0.008445,0.0,274
1,1,0,0,0,0,0,0,0,0,1,0,1,0,1,1,0,1,1,1,0,1,0,0,0,1,0,0,0,1,1,0,1,1,0,0,0,0,ice_cif.y4m,4.29,4.304,0.0251,0.007566,0.0,307
1,1,0,0,1,0,0,0,0,0,0,0,1,0,1,1,0,1,1,1,0,1,0,0,1,0,0,0,0,1,0,1,1,1,0,0,0,0,ice_cif.y4m,22.12,21.972,0.337001,0.005773,0.0,254
1,1,0,0,0,0,0,0,0,0,1,0,1,0,1,1,0,1,1,0,1,1,0,1,0,0,0,0,0,1,0,1,0,0,0,0,0,0,ice_cif.y4m,1.17,1.144,0.074364,0.006504,0.0,208
1,1,0,0,1,0,0,0,0,0,0,0,1,1,0,1,1,1,1,1,0,1,0,0,1,0,0,0,0,1,0,1,1,0,1,0,0,0,ice_cif.y4m,1.38,1.382,0.008367,0.010323,0.0,279
1,1,0,0,0,0,0,1,0,0,0,0,1,1,0,1,1,1,1,1,0,1,0,1,0,0,0,0,0,1,0,1,1,0,0,0,1,0,ice_cif.y4m,4.2,4.188,0.030332,0.00557,0.0,171
1,1,0,0,0,0,0,0,0,1,0,0,1,1,0,1,0,1,1,0,1,1,0,0,0,0,0,1,0,1,0,1,1,0,0,0,1,0,ice_cif.y4m,25.34,25.242,0.273715,0.007852,0.0,99
1,1,1,0,0,0,0,0,0,0,0,0,1,0,1,1,1,1,1,1,0,1,0,1,0,0,0,0,0,1,1,0,1,0,1,0,0,0,ice_cif.y4m,5.37,5.396,0.039749,0.005477,0.0,81
1,1,0,0,0,0,0,0,0,0,1,0,1,0,1,1,1,1,1,0,1,1,0,0,1,0,0,0,0,1,1,0,1,0,1,0,0,0,ice_cif.y4m,1.84,1.832,0.1001,0.006534,0.0,155
1,1,0,0,0,1,0,0,0,0,0,0,1,1,0,1,0,1,1,1,0,1,1,0,0,0,0,0,0,1,1,0,1,1,0,0,0,0,ice_cif.y4m,3.16,3.166,0.023022,0.007566,0.0,185
1,1,0,0,1,0,0,0,0,0,0,0,1,1,0,1,0,0,1,0,1,1,0,0,0,0,0,1,0,1,0,1,0,0,0,0,0,0,ice_cif.y4m,2.3,2.292,0.016432,0.005501,0.0,376
1,1,0,0,0,0,0,0,1,0,0,0,1,1,0,1,0,1,1,0,1,1,0,1,0,0,0,0,0,1,1,0,0,0,0,0,0,0,ice_cif.y4m,0.83,0.83,0.007071,0.005825,0.0,204
1,1,0,0,0,0,0,0,1,0,0,0,1,1,0,1,1,0,1,0,1,1,0,0,0,0,1,0,0,1,1,0,1,0,0,0,0,1,ice_cif.y4m,66.64,66.516,0.391254,0.005516,0.0,246
1,1,0,0,0,0,0,1,0,0,0,0,1,1,0,1,1,1,1,0,1,1,0,0,1,0,0,0,0,1,0,1,0,0,0,0,0,0,ice_cif.y4m,35.84,35.886,0.15093,0.005356,0.0,230
1,1,0,0,0,0,0,0,1,0,0,0,1,0,1,1,1,0,1,0,1,1,0,0,0,0,0,1,0,1,1,0,1,0,0,0,1,0,ice_cif.y4m,42.78,42.744,0.199073,0.008789,0.0,27
1,1,0,1,0,0,0,0,0,0,0,0,1,1,0,1,1,1,1,0,1,1,1,0,0,0,0,0,0,1,1,0,0,0,0,0,0,0,ice_cif.y4m,3.04,3.02,0.048477,0.004659,0.0,137
1,1,0,0,0,0,0,0,0,0,1,0,1,1,0,1,1,1,1,1,0,1,0,0,0,0,1,0,0,1,0,1,1,0,0,0,1,0,ice_cif.y4m,3.26,3.27,0.041833,0.007462,0.0,169
1,1,0,0,0,0,0,0,0,0,1,0,1,0,1,1,0,1,1,0,1,1,1,0,0,0,0,0,0,1,0,1,1,0,0,0,0,1,ice_cif.y4m,76.8,76.828,0.12276,0.00525,0.0,33
1,1,0,0,0,0,0,0,1,0,0,0,1,0,1,1,0,1,1,0,1,1,0,1,0,0,0,0,0,1,1,0,0,0,0,0,0,0,ice_cif.y4m,17.5,17.092,0.596967,0.008495,0.0,205
1,1,0,0,0,0,0,0,0,0,1,0,1,1,0,1,1,0,1,0,1,1,0,0,0,0,1,0,0,1,1,0,1,0,0,0,0,1,ice_cif.y4m,4.57,4.58,0.025495,0.005398,0.0,245
1,1,1,0,0,0,0,0,0,0,0,0,1,1,0,1,0,0,1,1,0,1,0,0,1,0,0,0,0,1,1,0,1,0,0,0,0,1,ice_cif.y4m,3.54,3.548,0.047645,0.005774,0.0,163
1,1,0,0,1,0,0,0,0,0,0,0,1,1,0,1,1,0,1,1,0,1,1,0,0,0,0,0,0,1,0,1,1,1,0,0,0,0,ice_cif.y4m,2.22,2.236,0.021909,0.005501,0.0,4
1,1,0,0,1,0,0,0,0,0,0,0,1,1,0,1,0,0,1,0,1,1,1,0,0,0,0,0,0,1,1,0,1,0,0,0,1,0,ice_cif.y4m,1.65,1.64,0.055678,0.010323,0.0,141
1,1,1,0,0,0,0,0,0,0,0,0,1,1,0,1,1,1,1,0,1,1,0,0,1,0,0,0,0,1,1,0,1,1,0,0,0,0,ice_cif.y4m,169.09,168.81,0.86461,0.005594,0.0,159
1,1,0,0,0,0,0,0,1,0,0,0,1,1,0,1,0,1,1,0,1,1,0,0,1,0,0,0,0,1,0,1,1,0,0,0,0,1,ice_cif.y4m,6.52,6.52,0.046368,0.0077,0.0,336
1,1,0,0,0,1,0,0,0,0,0,0,1,1,0,1,0,0,1,0,1,1,0,0,0,0,0,0,1,1,1,0,1,0,0,0,1,0,ice_cif.y4m,30.32,30.204,0.340338,0.005168,0.0,72
1,1,0,0,0,0,0,0,1,0,0,0,1,1,0,1,1,0,1,1,0,1,0,0,1,0,0,0,0,1,1,0,1,0,0,0,0,1,ice_cif.y4m,3.95,3.916,0.056391,0.005567,0.0,248
1,1,0,1,0,0,0,0,0,0,0,0,1,0,1,1,1,1,1,1,0,1,0,0,0,0,0,1,0,1,0,1,1,0,0,0,0,1,ice_cif.y4m,115.78,115.686,0.358441,0.005514,0.0,130
1,1,0,0,0,1,0,0,0,0,0,0,1,0,1,1,1,1,1,1,0,1,0,0,0,0,0,0,1,1,1,0,0,0,0,0,0,0,ice_cif.y4m,71.32,71.15,0.380986,0.006683,0.0,324
1,1,1,0,0,0,0,0,0,0,0,0,1,0,1,1,0,1,1,1,0,1,0,1,0,0,0,0,0,1,0,1,0,0,0,0,0,0,ice_cif.y4m,60.66,60.636,0.04827,0.008701,0.0,354
1,1,0,0,0,0,0,0,0,0,1,0,1,0,1,1,0,0,1,1,0,1,0,0,0,1,0,0,0,1,0,1,0,0,0,0,0,0,ice_cif.y4m,44.17,44.226,0.265198,0.005521,0.0,291
1,1,0,0,0,0,0,0,0,0,1,0,1,1,0,1,0,0,1,1,0,1,0,1,0,0,0,0,0,1,1,0,1,0,1,0,0,0,ice_cif.y4m,1.27,1.278,0.022804,0.005558,0.0,237
1,1,0,0,0,1,0,0,0,0,0,0,1,1,0,1,1,0,1,1,0,1,1,0,0,0,0,0,0,1,1,0,1,1,0,0,0,0,ice_cif.y4m,2.03,2.038,0.031937,0.004721,0.0,183
1,1,0,0,0,1,0,0,0,0,0,0,1,0,1,1,1,1,1,0,1,1,0,0,1,0,0,0,0,1,0,1,0,0,0,0,0,0,ice_cif.y4m,1.57,1.562,0.017889,0.005855,0.0,227
1,1,0,0,0,0,0,0,1,0,0,0,1,1,0,1,0,1,1,0,1,1,0,0,0,0,0,1,0,1,0,1,0,0,0,0,0,0,ice_cif.y4m,4.15,4.16,0.022361,0.006302,0.0,338
1,1,0,0,1,0,0,0,0,0,0,0,1,0,1,1,0,0,1,0,1,1,1,0,0,0,0,0,0,1,1,0,1,0,0,0,1,0,ice_cif.y4m,16.33,16.384,0.112606,0.005227,0.0,142
1,1,0,0,1,0,0,0,0,0,0,0,1,1,0,1,1,1,1,0,1,1,0,0,1,0,0,0,0,1,1,0,1,0,0,0,0,1,ice_cif.y4m,11.08,11.078,0.008367,0.006884,0.0,332
1,1,0,0,0,0,0,0,0,1,0,0,1,0,1,1,0,0,1,1,0,1,0,0,0,0,1,0,0,1,0,1,1,0,0,0,1,0,ice_cif.y4m,164.79,164.464,0.764055,0.005461,0.0,95
1,1,0,0,1,0,0,0,0,0,0,0,1,0,1,1,0,0,1,0,1,1,0,0,0,1,0,0,0,1,0,1,0,0,0,0,0,0,ice_cif.y4m,6.37,6.37,0.062048,0.007104,0.0,289
1,1,0,0,1,0,0,0,0,0,0,0,1,1,0,1,0,0,1,0,1,1,0,0,0,0,0,1,0,1,0,1,1,0,0,1,0,0,ice_cif.y4m,1.21,1.21,0.021213,0.005558,0.0,378
1,1,0,0,1,0,0,0,0,0,0,0,1,1,0,1,1,1,1,1,0,1,0,0,1,0,0,0,0,1,0,1,1,0,0,0,1,0,ice_cif.y4m,35.08,34.992,0.204744,0.005154,0.0,278
1,1,0,0,0,0,0,0,0,0,1,0,1,0,1,1,1,0,1,0,1,1,1,0,0,0,0,0,0,1,0,1,1,0,0,0,1,0,ice_cif.y4m,4.43,4.406,0.183657,0.00719,0.0,30
1,1,0,0,1,0,0,0,0,0,0,0,1,1,0,1,0,0,1,0,1,1,0,1,0,0,0,0,0,1,0,1,1,0,0,0,0,1,ice_cif.y4m,1.13,1.142,0.027749,0.006158,0.0,120
1,1,0,0,0,1,0,0,0,0,0,0,1,1,0,1,1,1,1,0,1,1,0,0,0,0,0,1,0,1,0,1,0,0,0,0,0,0,ice_cif.y4m,1.86,1.84,0.047434,0.005614,0.0,265
1,1,0,0,0,0,0,0,0,0,1,0,1,1,0,1,1,0,1,1,0,1,0,0,0,0,0,1,0,1,0,1,0,0,0,0,0,0,ice_cif.y4m,3.81,3.792,0.036332,0.005891,0.0,296
1,1,0,0,0,0,0,1,0,0,0,0,1,1,0,1,1,1,1,1,0,1,0,1,0,0,0,0,0,1,0,1,0,0,0,0,0,0,ice_cif.y4m,6.09,6.098,0.052631,0.006172,0.0,232
1,1,0,0,0,0,0,0,0,0,1,0,1,0,1,1,0,0,1,1,0,1,0,0,1,0,0,0,0,1,1,0,1,0,0,1,0,0,ice_cif.y4m,4.85,4.844,0.02881,0.007387,0.0,310
1,1,0,0,0,0,0,1,0,0,0,0,1,0,1,1,1,1,1,0,1,1,0,0,0,0,0,1,0,1,0,1,1,0,0,1,0,0,ice_cif.y4m,70.5,70.054,1.137994,0.006736,0.0,349
1,1,0,0,1,0,0,0,0,0,0,0,1,1,0,1,0,1,1,0,1,1,0,0,0,0,0,1,0,1,0,1,0,0,0,0,0,0,ice_cif.y4m,2.95,2.968,0.077266,0.00678,0.0,377
1,1,0,0,0,0,0,0,0,1,0,0,1,0,1,1,1,1,1,1,0,1,0,0,0,0,1,0,0,1,0,1,1,0,0,0,1,0,ice_cif.y4m,169.92,169.422,1.30381,0.005705,0.0,94
1,1,1,0,0,0,0,0,0,0,0,0,1,1,0,1,1,0,1,0,1,1,1,0,0,0,0,0,0,1,0,1,1,1,0,0,0,0,ice_cif.y4m,4.36,4.37,0.029155,0.007566,0.0,178
1,1,0,0,0,0,0,0,0,0,1,0,1,0,1,1,0,0,1,1,0,1,0,0,0,0,0,1,0,1,0,1,1,0,0,0,0,1,ice_cif.y4m,3.95,3.946,0.018166,0.006706,0.0,127
1,1,0,0,0,0,0,1,0,0,0,0,1,0,1,1,1,0,1,0,1,1,0,0,0,1,0,0,0,1,0,1,1,0,0,0,1,0,ice_cif.y4m,1.42,1.416,0.005477,0.006288,0.0,111
1,1,1,0,0,0,0,0,0,0,0,0,1,0,1,1,0,1,1,1,0,1,0,1,0,0,0,0,0,1,0,1,1,0,0,1,0,0,ice_cif.y4m,3.32,3.308,0.050695,0.007081,0.0,353
1,1,0,0,0,0,1,0,0,0,0,0,1,0,1,1,1,1,1,1,0,1,0,1,0,0,0,0,0,1,1,0,1,0,0,0,1,0,ice_cif.y4m,3.74,3.734,0.083247,0.006097,0.0,45
1,1,0,0,0,1,0,0,0,0,0,0,1,0,1,1,1,1,1,0,1,1,0,0,1,0,0,0,0,1,1,0,0,0,0,0,0,0,ice_cif.y4m,1.13,1.136,0.008944,0.006733,0.0,226
1,1,0,0,0,0,0,0,0,0,0,1,1,1,0,1,1,0,1,0,1,1,0,0,0,0,0,1,0,1,1,0,1,0,0,0,0,1,ice_cif.y4m,4.33,4.324,0.052249,0.005916,0.0,59
1,1,0,0,0,0,0,0,1,0,0,0,1,1,0,1,1,1,1,1,0,1,1,0,0,0,0,0,0,1,0,1,1,1,0,0,0,0,ice_cif.y4m,34.14,34.138,0.196138,0.005856,0.0,19
1,1,0,0,0,0,0,0,0,0,0,1,1,1,0,1,0,1,1,0,1,1,0,0,0,1,0,0,0,1,1,0,1,1,0,0,0,0,ice_cif.y4m,19.9,19.61,0.756142,0.005279,0.0,304
1,1,0,0,0,0,0,0,1,0,0,0,1,0,1,1,0,1,1,0,1,1,0,1,0,0,0,0,0,1,0,1,0,0,0,0,0,0,ice_cif.y4m,4.05,4.022,0.074632,0.005567,0.0,207
1,1,0,0,0,0,1,0,0,0,0,0,1,1,0,1,1,1,1,1,0,1,0,1,0,0,0,0,0,1,1,0,0,0,0,0,0,0,ice_cif.y4m,105.73,105.798,0.457952,0.005436,0.0,43
1,1,0,0,0,0,1,0,0,0,0,0,1,1,0,1,1,0,1,1,0,1,1,0,0,0,0,0,0,1,1,0,1,0,0,0,0,1,ice_cif.y4m,1.88,1.892,0.045497,0.005482,0.0,40
1,1,0,0,0,1,0,0,0,0,0,0,1,0,1,1,0,1,1,1,0,1,1,0,0,0,0,0,0,1,1,0,1,1,0,0,0,0,ice_cif.y4m,66.93,66.978,0.070498,0.006744,0.0,186
1,1,0,0,1,0,0,0,0,0,0,0,1,0,1,1,0,0,1,0,1,1,0,0,0,1,0,0,0,1,0,1,1,0,0,0,0,1,ice_cif.y4m,2.05,2.058,0.040866,0.006251,0.0,288
1,1,1,0,0,0,0,0,0,0,0,0,1,1,0,1,1,0,1,1,0,1,0,1,0,0,0,0,0,1,1,0,1,0,1,0,0,0,ice_cif.y4m,3.55,3.542,0.034205,0.005984,0.0,82
1,1,0,0,0,0,0,0,0,0,1,0,1,0,1,1,1,1,1,0,1,1,0,0,0,1,0,0,0,1,0,1,0,0,0,0,0,0,ice_cif.y4m,2.62,2.622,0.016432,0.005078,0.0,211
1,1,0,0,1,0,0,0,0,0,0,0,1,0,1,1,1,1,1,0,1,1,0,0,0,0,0,1,0,1,1,0,1,0,0,1,0,0,ice_cif.y4m,67.91,67.616,0.735207,0.005516,0.0,347
1,1,0,1,0,0,0,0,0,0,0,0,1,0,1,1,0,0,1,1,0,1,1,0,0,0,0,0,0,1,1,0,1,0,0,0,1,0,ice_cif.y4m,6.16,6.16,0.069642,0.005961,0.0,13
1,1,0,0,0,0,0,1,0,0,0,0,1,0,1,1,1,1,1,0,1,1,0,0,1,0,0,0,0,1,0,1,0,0,0,0,0,0,ice_cif.y4m,281.07,280.956,0.25036,0.005414,0.0,228
1,1,0,0,0,0,0,0,0,1,0,0,1,1,0,1,0,1,1,0,1,1,0,0,1,0,0,0,0,1,0,1,1,0,0,0,0,1,ice_cif.y4m,4.29,4.296,0.039115,0.00557,0.0,335
1,1,0,0,0,0,0,0,1,0,0,0,1,1,0,1,1,0,1,0,1,1,0,0,1,0,0,0,0,1,1,0,1,1,0,0,0,0,ice_cif.y4m,14.26,14.248,0.22687,0.006517,0.0,24
1,1,1,0,0,0,0,0,0,0,0,0,1,0,1,1,0,1,1,0,1,1,0,1,0,0,0,0,0,1,0,1,1,0,0,1,0,0,ice_cif.y4m,101.2,100.876,0.588838,0.008416,0.0,352
1,1,0,0,0,0,1,0,0,0,0,0,1,0,1,1,0,0,1,1,0,1,0,0,0,0,0,1,0,1,1,0,0,0,0,0,0,0,ice_cif.y4m,2.78,2.79,0.02,0.005136,0.0,368
1,1,1,0,0,0,0,0,0,0,0,0,1,0,1,1,1,1,1,1,0,1,0,1,0,0,0,0,0,1,1,0,0,0,0,0,0,0,ice_cif.y4m,1.29,1.29,0.012247,0.006288,0.0,80
1,1,0,0,1,0,0,0,0,0,0,0,1,1,0,1,0,0,1,0,1,1,0,1,0,0,0,0,0,1,0,1,0,0,0,0,0,0,ice_cif.y4m,21.38,21.17,0.390512,0.005957,0.0,121
1,1,0,0,0,0,0,0,0,0,1,0,1,0,1,1,1,1,1,0,1,1,0,0,1,0,0,0,0,1,1,0,1,1,0,0,0,0,ice_cif.y4m,2.38,2.386,0.029665,0.004659,0.0,156
1,1,0,1,0,0,0,0,0,0,0,0,1,0,1,1,1,1,1,1,0,1,0,0,0,0,0,1,0,1,1,0,1,1,0,0,0,0,ice_cif.y4m,0.85,0.862,0.025884,0.006324,0.0,9
1,1,0,0,0,0,0,0,0,0,1,0,1,1,0,1,0,0,1,1,0,1,0,0,0,0,1,0,0,1,1,0,1,0,0,0,0,1,ice_cif.y4m,4.59,4.57,0.055227,0.005398,0.0,165
1,1,0,0,0,0,0,0,0,0,1,0,1,0,1,1,0,0,1,1,0,1,0,1,0,0,0,0,0,1,0,1,1,0,0,0,0,1,ice_cif.y4m,3.34,3.338,0.008367,0.005099,0.0,126
1,1,0,0,1,0,0,0,0,0,0,0,1,1,0,1,1,1,1,0,1,1,0,0,1,0,0,0,0,1,0,1,1,0,1,0,0,0,ice_cif.y4m,1.35,1.344,0.008944,0.006288,0.0,280
1,1,0,0,0,0,0,1,0,0,0,0,1,0,1,1,1,1,1,1,0,1,0,1,0,0,0,0,0,1,0,1,1,0,0,0,1,0,ice_cif.y4m,1.0,1.002,0.067602,0.009308,0.0,172
1,1,0,0,0,0,0,0,0,0,1,0,1,0,1,1,0,1,1,1,0,1,0,0,0,1,0,0,0,1,0,1,0,0,0,0,0,0,ice_cif.y4m,5.0,5.01,0.023452,0.007506,0.0,292
1,1,0,0,0,0,0,0,0,0,1,0,1,1,0,1,1,1,1,0,1,1,0,0,0,0,0,1,0,1,1,0,0,0,0,0,0,0,ice_cif.y4m,11.94,11.962,0.083785,0.005919,0.0,105
1,1,0,0,0,1,0,0,0,0,0,0,1,0,1,1,1,1,1,0,1,1,0,0,0,0,0,0,1,1,1,0,1,0,1,0,0,0,ice_cif.y4m,8.17,8.118,0.122352,0.007074,0.0,76
1,1,0,0,0,1,0,0,0,0,0,0,1,0,1,1,0,0,1,1,0,1,1,0,0,0,0,0,0,1,1,0,1,0,0,0,0,1,ice_cif.y4m,64.05,63.796,0.582177,0.0054,0.0,221
1,1,0,0,0,0,0,0,0,0,1,0,1,1,0,1,1,0,1,1,0,1,0,0,0,0,1,0,0,1,0,1,1,0,0,0,0,1,ice_cif.y4m,23.11,23.13,0.059582,0.006441,0.0,167
1,1,0,0,0,0,0,0,0,0,1,0,1,0,1,1,0,1,1,0,1,1,1,0,0,0,0,0,0,1,1,0,1,0,0,0,0,1,ice_cif.y4m,189.25,188.916,1.266819,0.005853,0.0,35
1,1,0,0,1,0,0,0,0,0,0,0,1,1,0,1,0,0,1,1,0,1,0,1,0,0,0,0,0,1,0,1,1,0,1,0,0,0,ice_cif.y4m,2.29,2.286,0.018166,0.004782,0.0,235
1,1,0,0,0,0,0,0,0,1,0,0,1,1,0,1,1,1,1,0,1,1,0,0,1,0,0,0,0,1,0,1,1,0,0,0,0,1,ice_cif.y4m,6.17,6.164,0.02881,0.007095,0.0,333
1,1,0,0,0,0,1,0,0,0,0,0,1,0,1,1,1,1,1,1,0,1,0,1,0,0,0,0,0,1,1,0,0,0,0,0,0,0,ice_cif.y4m,55.32,55.166,0.433451,0.00549,0.0,44
1,1,0,0,1,0,0,0,0,0,0,0,1,0,1,1,0,1,1,1,0,1,0,1,0,0,0,0,0,1,0,1,1,1,0,0,0,0,ice_cif.y4m,85.57,85.442,0.487206,0.00529,0.0,256
1,1,0,0,0,0,0,1,0,0,0,0,1,0,1,1,1,0,1,0,1,1,0,1,0,0,0,0,0,1,0,1,1,0,0,0,0,1,ice_cif.y4m,407.23,407.202,0.622391,0.007235,0.0,192
1,1,0,0,0,0,1,0,0,0,0,0,1,1,0,1,1,1,1,1,0,1,1,0,0,0,0,0,0,1,1,0,1,0,0,0,0,1,ice_cif.y4m,11.23,11.344,0.256476,0.005343,0.0,41
1,1,0,0,0,0,0,0,0,0,1,0,1,0,1,1,0,1,1,1,0,1,0,0,0,0,0,1,0,1,0,1,1,0,0,0,1,0,ice_cif.y4m,75.12,74.738,1.089849,0.007861,0.0,273
1,1,0,0,0,0,0,0,0,0,1,0,1,1,0,1,0,1,1,0,1,1,0,0,0,0,0,1,0,1,0,1,0,0,0,0,0,0,ice_cif.y4m,77.42,77.386,0.232551,0.00799,0.0,101
1,1,0,0,0,0,0,0,0,0,1,0,1,0,1,1,1,1,1,0,1,1,0,0,0,0,1,0,0,1,1,0,1,0,1,0,0,0,ice_cif.y4m,30.6,30.656,0.161957,0.005623,0.0,242
1,1,0,0,0,0,0,0,0,0,1,0,1,1,0,1,0,1,1,0,1,1,0,0,0,0,0,1,0,1,1,0,0,0,0,0,0,0,ice_cif.y4m,5.97,6.03,0.131909,0.008445,0.0,103
1,1,1,0,0,0,0,0,0,0,0,0,1,1,0,1,1,0,1,1,0,1,0,1,0,0,0,0,0,1,0,1,0,0,0,0,0,0,ice_cif.y4m,58.04,57.738,0.72251,0.005403,0.0,1
1,1,0,0,0,0,0,1,0,0,0,0,1,1,0,1,0,0,1,0,1,1,0,0,0,0,0,1,0,1,0,1,1,0,0,0,0,1,ice_cif.y4m,3.3,3.286,0.033615,0.007081,0.0,56
1,1,0,0,1,0,0,0,0,0,0,0,1,0,1,1,0,0,1,0,1,1,0,0,0,0,0,0,1,1,0,1,0,0,0,0,0,0,ice_cif.y4m,12.29,12.258,0.199173,0.005919,0.0,373
1,1,0,0,0,0,0,0,1,0,0,0,1,1,0,1,1,1,1,0,1,1,0,1,0,0,0,0,0,1,0,1,1,0,1,0,0,0,ice_cif.y4m,81.86,81.982,0.4437,0.005393,0.0,318
1,1,0,0,0,1,0,0,0,0,0,0,1,1,0,1,0,0,1,1,0,1,0,0,0,0,1,0,0,1,1,0,0,0,0,0,0,0,ice_cif.y4m,193.11,193.07,0.832857,0.005657,0.0,69
1,1,0,1,0,0,0,0,0,0,0,0,1,0,1,1,0,0,1,1,0,1,0,0,0,0,0,1,0,1,1,0,1,1,0,0,0,0,ice_cif.y4m,2.67,2.696,0.070214,0.006785,0.0,11
1,1,0,0,1,0,0,0,0,0,0,0,1,0,1,1,0,0,1,1,0,1,0,1,0,0,0,0,0,1,0,1,1,0,0,1,0,0,ice_cif.y4m,3.73,3.744,0.059414,0.006242,0.0,258
1,1,0,0,0,0,0,0,0,0,1,0,1,0,1,1,0,0,1,1,0,1,0,1,0,0,0,0,0,1,1,0,1,0,1,0,0,0,ice_cif.y4m,251.22,251.06,0.418868,0.007296,0.0,238
1,1,0,0,0,0,0,1,0,0,0,0,1,0,1,1,1,0,1,1,0,1,1,0,0,0,0,0,0,1,0,1,1,0,0,0,1,0,ice_cif.y4m,285.38,284.952,1.426068,0.005564,0.0,173
1,1,0,0,0,0,0,1,0,0,0,0,1,0,1,1,0,1,1,0,1,1,0,1,0,0,0,0,0,1,0,1,1,1,0,0,0,0,ice_cif.y4m,315.11,315.32,0.353058,0.005626,0.0,190
1,1,0,1,0,0,0,0,0,0,0,0,1,0,1,1,1,0,1,1,0,1,0,0,0,0,0,1,0,1,0,1,1,1,0,0,0,0,ice_cif.y4m,69.66,69.184,0.980627,0.005312,0.0,7
1,1,0,0,0,1,0,0,0,0,0,0,1,0,1,1,1,1,1,0,1,1,0,0,0,0,0,0,1,1,1,0,0,0,0,0,0,0,ice_cif.y4m,1.41,1.398,0.023875,0.006504,0.0,323
1,1,0,0,0,1,0,0,0,0,0,0,1,0,1,1,0,0,1,0,1,1,0,0,0,0,0,0,1,1,1,0,1,0,0,0,1,0,ice_cif.y4m,114.28,115.49,3.108714,0.005316,0.0,73
1,1,0,0,0,0,0,0,0,0,1,0,1,0,1,1,1,0,1,0,1,1,0,1,0,0,0,0,0,1,0,1,0,0,0,0,0,0,ice_cif.y4m,119.14,119.16,0.273496,0.005436,0.0,209
1,1,0,1,0,0,0,0,0,0,0,0,1,1,0,1,1,0,1,0,1,1,1,0,0,0,0,0,0,1,1,0,0,0,0,0,0,0,ice_cif.y4m,3.66,3.664,0.043359,0.00553,0.0,138
1,1,0,0,0,1,0,0,0,0,0,0,1,1,0,1,1,1,1,1,0,1,0,0,0,0,0,1,0,1,0,1,0,0,0,0,0,0,ice_cif.y4m,81.51,81.1,0.926418,0.006715,0.0,264
1,1,0,0,0,0,0,0,0,1,0,0,1,0,1,1,0,1,1,0,1,1,0,0,0,0,0,1,0,1,0,1,1,0,0,0,1,0,ice_cif.y4m,190.44,190.31,0.523259,0.005657,0.0,98
1,1,0,0,0,0,0,0,0,0,1,0,1,1,0,1,0,0,1,0,1,1,0,0,0,0,0,1,0,1,1,0,1,0,0,1,0,0,ice_cif.y4m,2.59,2.602,0.029496,0.005255,0.0,380
1,1,0,0,1,0,0,0,0,0,0,0,1,1,0,1,1,1,1,1,0,1,0,1,0,0,0,0,0,1,1,0,1,0,1,0,0,0,ice_cif.y4m,133.58,133.632,0.324761,0.007785,0.0,85
1,1,0,0,0,0,0,0,0,0,1,0,1,0,1,1,0,0,1,0,1,1,1,0,0,0,0,0,0,1,0,1,1,0,0,0,1,0,ice_cif.y4m,58.42,58.374,0.335604,0.005601,0.0,31
1,1,0,1,0,0,0,0,0,0,0,0,1,0,1,1,1,0,1,1,0,1,0,0,0,0,0,1,0,1,1,0,1,1,0,0,0,0,ice_cif.y4m,2.26,2.252,0.021679,0.005482,0.0,8
1,1,0,0,1,0,0,0,0,0,0,0,1,1,0,1,1,1,1,1,0,1,1,0,0,0,0,0,0,1,0,1,1,1,0,0,0,0,ice_cif.y4m,4.37,4.412,0.114978,0.006302,0.0,216
1,1,0,0,1,0,0,0,0,0,0,0,1,1,0,1,1,1,1,0,1,1,0,0,0,1,0,0,0,1,0,1,1,1,0,0,0,0,ice_cif.y4m,0.89,0.886,0.005477,0.006158,0.0,214
1,1,0,0,0,0,0,0,1,0,0,0,1,1,0,1,0,0,1,1,0,1,0,0,0,0,0,1,0,1,1,0,0,0,0,0,0,0,ice_cif.y4m,5.15,5.12,0.050498,0.005172,0.0,341
1,1,0,0,1,0,0,0,0,0,0,0,1,1,0,1,0,0,1,1,0,1,0,1,0,0,0,0,0,1,1,0,1,0,1,0,0,0,ice_cif.y4m,2.84,2.82,0.073144,0.00741,0.0,236
1,1,0,0,0,0,0,0,0,0,1,0,1,0,1,1,0,0,1,0,1,1,0,0,0,0,1,0,0,1,1,0,1,0,1,0,0,0,ice_cif.y4m,6.59,6.636,0.110363,0.007925,0.0,240
1,1,0,0,0,0,0,1,0,0,0,0,1,0,1,1,0,0,1,0,1,1,0,0,0,1,0,0,0,1,0,1,1,0,0,0,1,0,ice_cif.y4m,6.97,6.99,0.144049,0.008445,0.0,51
1,1,1,0,0,0,0,0,0,0,0,0,1,0,1,1,1,1,1,0,1,1,0,0,0,0,0,0,1,1,1,0,1,0,1,0,0,0,ice_cif.y4m,4.38,4.362,0.047645,0.006068,0.0,77
1,1,0,0,0,0,0,0,0,0,1,0,1,0,1,1,1,0,1,1,0,1,0,0,0,0,0,1,0,1,0,1,1,0,0,0,0,1,ice_cif.y4m,4.97,4.968,0.021679,0.006136,0.0,128
1,1,0,0,1,0,0,0,0,0,0,0,1,1,0,1,0,0,1,1,0,1,0,1,0,0,0,0,0,1,0,1,0,0,0,0,0,0,ice_cif.y4m,45.96,45.956,0.047223,0.005521,0.0,234
1,1,0,0,0,0,0,0,1,0,0,0,1,0,1,1,1,0,1,0,1,1,0,0,0,0,0,1,0,1,0,1,1,0,0,0,1,0,ice_cif.y4m,439.19,439.33,0.248998,0.007235,0.0,28
1,1,0,0,1,0,0,0,0,0,0,0,1,1,0,1,1,0,1,0,1,1,1,0,0,0,0,0,0,1,1,0,0,0,0,0,0,0,ice_cif.y4m,69.97,69.592,1.003977,0.005312,0.0,139
1,1,0,0,0,0,0,0,0,0,1,0,1,0,1,1,1,0,1,1,0,1,0,0,0,0,1,0,0,1,1,0,1,0,1,0,0,0,ice_cif.y4m,0.8,0.8,0.0,0.005825,0.0,152
1,1,0,1,0,0,0,0,0,0,0,0,1,0,1,1,0,0,1,1,0,1,0,0,0,0,0,1,0,1,1,0,1,0,0,0,1,0,ice_cif.y4m,71.49,71.57,0.179583,0.008513,0.0,12
1,1,0,0,0,0,1,0,0,0,0,0,1,0,1,1,0,1,1,1,0,1,0,0,0,0,0,1,0,1,1,0,0,0,0,0,0,0,ice_cif.y4m,0.8,0.8,0.007071,0.005825,0.0,369
1,1,0,0,0,0,0,0,0,0,0,1,1,1,0,1,1,0,1,0,1,1,0,0,0,0,0,1,0,1,0,1,1,0,0,0,0,1,ice_cif.y4m,23.28,23.286,0.178129,0.006441,0.0,58
1,1,0,0,0,0,0,0,1,0,0,0,1,1,0,1,1,0,1,1,0,1,1,0,0,0,0,0,0,1,1,0,0,0,0,0,0,0,ice_cif.y4m,25.14,25.048,0.252032,0.007852,0.0,64
1,1,0,0,0,0,0,0,1,0,0,0,1,1,0,1,1,0,1,1,0,1,0,0,1,0,0,0,0,1,1,0,1,1,0,0,0,0,ice_cif.y4m,17.01,17.002,0.052154,0.005823,0.0,21
1,1,0,0,0,1,0,0,0,0,0,0,1,0,1,1,1,1,1,0,1,1,0,0,1,0,0,0,0,1,1,0,1,0,0,0,0,1,ice_cif.y4m,67.78,67.758,0.39474,0.005516,0.0,225
1,1,0,0,0,0,1,0,0,0,0,0,1,0,1,1,1,0,1,1,0,1,0,0,0,0,0,1,0,1,1,0,1,0,0,0,1,0,ice_cif.y4m,78.3,78.47,0.417971,0.005248,0.0,366
1,1,0,0,0,0,0,1,0,0,0,0,1,0,1,1,1,1,1,0,1,1,0,0,1,0,0,0,0,1,0,1,1,0,0,0,0,1,mad900_cif.y4m,8.35,8.354,0.033615,0.002277,0.0,114
1,1,0,0,1,0,0,0,0,0,0,0,1,1,0,1,1,1,1,0,1,1,0,0,1,0,0,0,0,1,1,0,1,0,1,0,0,0,mad900_cif.y4m,5.64,5.662,0.055408,0.001967,0.0,281
1,1,0,0,0,1,0,0,0,0,0,0,1,0,1,1,1,0,1,1,0,1,0,0,0,0,0,0,1,1,1,0,1,0,0,1,0,0,mad900_cif.y4m,12.61,12.592,0.054037,0.002186,0.0,325
1,1,1,0,0,0,0,0,0,0,0,0,1,1,0,1,1,0,1,1,0,1,0,0,0,0,1,0,0,1,1,0,1,1,0,0,0,0,mad900_cif.y4m,10.83,10.82,0.028284,0.002715,0.0,181
1,1,0,0,0,0,0,0,1,0,0,0,1,1,0,1,1,0,1,0,1,1,0,0,1,0,0,0,0,1,1,0,1,0,0,0,0,1,mad900_cif.y4m,259.7,256.08,12.109589,0.002548,0.0,247
1,1,0,0,0,0,0,0,0,0,1,0,1,1,0,1,1,0,1,1,0,1,0,0,0,0,1,0,0,1,1,0,1,0,0,0,0,1,mad900_cif.y4m,285.31,285.346,0.136675,0.003094,0.0,166
1,1,0,0,0,0,0,0,1,0,0,0,1,1,0,1,1,0,1,0,1,1,0,0,1,0,0,0,0,1,1,0,1,0,0,0,1,0,mad900_cif.y4m,16.77,16.772,0.094974,0.002669,0.0,25
1,1,0,0,0,0,0,1,0,0,0,0,1,0,1,1,0,0,1,1,0,1,0,1,0,0,0,0,0,1,0,1,0,0,0,0,0,0,mad900_cif.y4m,23.56,23.484,0.204646,0.003554,0.0,355
1,1,0,0,1,0,0,0,0,0,0,0,1,1,0,1,0,0,1,1,0,1,1,0,0,0,0,0,0,1,1,0,1,0,0,0,0,1,mad900_cif.y4m,2.84,2.856,0.026077,0.002047,0.0,219
1,1,0,0,0,1,0,0,0,0,0,0,1,1,0,1,1,0,1,1,0,1,0,0,0,0,1,0,0,1,1,0,1,1,0,0,0,0,mad900_cif.y4m,23.6,23.58,0.162635,0.003554,0.0,182
1,1,0,1,0,0,0,0,0,0,0,0,1,0,1,1,0,1,1,1,0,1,0,0,0,0,0,1,0,1,1,0,1,1,0,0,0,0,mad900_cif.y4m,7.6,7.662,0.143073,0.002826,0.0,10
1,1,0,0,1,0,0,0,0,0,0,0,1,1,0,1,1,0,1,0,1,1,0,0,1,0,0,0,0,1,0,1,1,0,0,0,0,1,mad900_cif.y4m,75.51,75.502,0.159906,0.002855,0.0,116
1,1,0,0,0,1,0,0,0,0,0,0,1,1,0,1,1,1,1,0,1,1,0,0,0,0,0,1,0,1,0,1,1,1,0,0,0,0,mad900_cif.y4m,14.44,14.434,0.074699,0.002168,0.0,266
1,1,0,0,0,0,0,0,1,0,0,0,1,1,0,1,0,0,1,0,1,1,0,0,1,0,0,0,0,1,1,0,1,0,0,1,0,0,mad900_cif.y4m,60.38,60.214,0.450144,0.004404,0.0,313
1,1,0,0,0,0,0,1,0,0,0,0,1,0,1,1,0,0,1,1,0,1,0,0,0,0,0,0,1,1,0,1,0,0,0,0,0,0,mad900_cif.y4m,33.36,33.394,0.281745,0.00454,0.0,357
1,1,0,0,0,1,0,0,0,0,0,0,1,0,1,1,0,1,1,0,1,1,1,0,0,0,0,0,0,1,1,0,1,1,0,0,0,0,mad900_cif.y4m,4.65,4.656,0.008944,0.004179,0.0,187
1,1,0,0,0,0,0,0,1,0,0,0,1,1,0,1,1,1,1,0,1,1,0,0,1,0,0,0,0,1,1,0,1,1,0,0,0,0,mad900_cif.y4m,628.95,628.952,0.090664,0.003012,0.0,23
1,1,0,0,1,0,0,0,0,0,0,0,1,1,0,1,1,0,1,1,0,1,0,1,0,0,0,0,0,1,0,1,0,0,0,0,0,0,mad900_cif.y4m,88.15,88.196,0.293564,0.003035,0.0,2
1,1,0,0,0,0,0,0,0,0,0,1,1,1,0,1,1,0,1,0,1,1,0,0,0,0,0,1,0,1,1,0,1,1,0,0,0,0,mad900_cif.y4m,279.42,279.17,0.570219,0.002736,0.0,301
1,1,0,0,0,0,0,1,0,0,0,0,1,0,1,1,0,1,1,1,0,1,0,1,0,0,0,0,0,1,0,1,0,0,0,0,0,0,mad900_cif.y4m,313.1,316.924,7.309092,0.004143,0.0,356
1,1,0,0,0,0,0,0,0,0,1,0,1,1,0,1,0,1,1,0,1,1,0,0,0,0,0,1,0,1,0,1,1,1,0,0,0,0,mad900_cif.y4m,28.77,28.77,0.041231,0.003307,0.0,269
1,1,0,0,0,0,0,0,0,0,1,0,1,0,1,1,0,1,1,1,0,1,0,0,1,0,0,0,0,1,0,1,1,0,0,0,1,0,mad900_cif.y4m,23.24,23.252,0.039623,0.004616,0.0,274
1,1,0,0,0,0,0,0,0,0,1,0,1,0,1,1,0,1,1,1,0,1,0,0,0,1,0,0,0,1,1,0,1,1,0,0,0,0,mad900_cif.y4m,13.73,13.778,0.07791,0.003677,0.0,307
1,1,0,0,1,0,0,0,0,0,0,0,1,0,1,1,0,1,1,1,0,1,0,0,1,0,0,0,0,1,0,1,1,1,0,0,0,0,mad900_cif.y4m,48.42,48.428,0.127554,0.002829,0.0,254
1,1,0,0,0,0,0,0,0,0,1,0,1,0,1,1,0,1,1,0,1,1,0,1,0,0,0,0,0,1,0,1,0,0,0,0,0,0,mad900_cif.y4m,3.48,3.43,0.10198,0.002183,0.0,208
1,1,0,0,1,0,0,0,0,0,0,0,1,1,0,1,1,1,1,1,0,1,0,0,1,0,0,0,0,1,0,1,1,0,1,0,0,0,mad900_cif.y4m,4.08,4.074,0.030496,0.004453,0.0,279
1,1,0,0,0,0,0,1,0,0,0,0,1,1,0,1,1,1,1,1,0,1,0,1,0,0,0,0,0,1,0,1,1,0,0,0,1,0,mad900_cif.y4m,13.39,13.388,0.028636,0.002609,0.0,171
1,1,0,0,0,0,0,0,0,1,0,0,1,1,0,1,0,1,1,0,1,1,0,0,0,0,0,1,0,1,0,1,1,0,0,0,1,0,mad900_cif.y4m,59.19,59.044,0.375406,0.004404,0.0,99
1,1,1,0,0,0,0,0,0,0,0,0,1,0,1,1,1,1,1,1,0,1,0,1,0,0,0,0,0,1,1,0,1,0,1,0,0,0,mad900_cif.y4m,17.8,17.826,0.052726,0.002492,0.0,81
1,1,0,0,0,0,0,0,0,0,1,0,1,0,1,1,1,1,1,0,1,1,0,0,1,0,0,0,0,1,1,0,1,0,1,0,0,0,mad900_cif.y4m,5.04,5.034,0.015166,0.002869,0.0,155
1,1,0,0,0,1,0,0,0,0,0,0,1,1,0,1,0,1,1,1,0,1,1,0,0,0,0,0,0,1,1,0,1,1,0,0,0,0,mad900_cif.y4m,9.88,9.876,0.032094,0.003677,0.0,185
1,1,0,0,1,0,0,0,0,0,0,0,1,1,0,1,0,0,1,0,1,1,0,0,0,0,0,1,0,1,0,1,0,0,0,0,0,0,mad900_cif.y4m,6.35,6.35,0.018708,0.002478,0.0,376
1,1,0,0,0,0,0,0,1,0,0,0,1,1,0,1,0,1,1,0,1,1,0,1,0,0,0,0,0,1,1,0,0,0,0,0,0,0,mad900_cif.y4m,2.35,2.34,0.014142,0.002476,0.0,204
1,1,0,0,0,0,0,0,1,0,0,0,1,1,0,1,1,0,1,0,1,1,0,0,0,0,1,0,0,1,1,0,1,0,0,0,0,1,mad900_cif.y4m,140.95,140.948,0.145327,0.003124,0.0,246
1,1,0,0,0,0,0,1,0,0,0,0,1,1,0,1,1,1,1,0,1,1,0,0,1,0,0,0,0,1,0,1,0,0,0,0,0,0,mad900_cif.y4m,87.76,87.796,0.215708,0.002609,0.0,230
1,1,0,0,0,0,0,0,1,0,0,0,1,0,1,1,1,0,1,0,1,1,0,0,0,0,0,1,0,1,1,0,1,0,0,0,1,0,mad900_cif.y4m,127.47,127.53,0.154434,0.005101,0.0,27
1,1,0,1,0,0,0,0,0,0,0,0,1,1,0,1,1,1,1,0,1,1,1,0,0,0,0,0,0,1,1,0,0,0,0,0,0,0,mad900_cif.y4m,8.17,8.192,0.085264,0.002007,0.0,137
1,1,0,0,0,0,0,0,0,0,1,0,1,1,0,1,1,1,1,1,0,1,0,0,0,0,1,0,0,1,0,1,1,0,0,0,1,0,mad900_cif.y4m,11.22,11.22,0.070356,0.003861,0.0,169
1,1,0,0,0,0,0,0,0,0,1,0,1,0,1,1,0,1,1,0,1,1,1,0,0,0,0,0,0,1,0,1,1,0,0,0,0,1,mad900_cif.y4m,176.61,176.564,0.206228,0.002639,0.0,33
1,1,0,0,0,0,0,0,1,0,0,0,1,0,1,1,0,1,1,0,1,1,0,1,0,0,0,0,0,1,1,0,0,0,0,0,0,0,mad900_cif.y4m,57.99,58.004,0.050299,0.004909,0.0,205
1,1,0,0,0,0,0,0,0,0,1,0,1,1,0,1,1,0,1,0,1,1,0,0,0,0,1,0,0,1,1,0,1,0,0,0,0,1,mad900_cif.y4m,15.48,15.494,0.046152,0.002485,0.0,245
1,1,1,0,0,0,0,0,0,0,0,0,1,1,0,1,0,0,1,1,0,1,0,0,1,0,0,0,0,1,1,0,1,0,0,0,0,1,mad900_cif.y4m,10.49,10.482,0.038341,0.002468,0.0,163
1,1,0,0,1,0,0,0,0,0,0,0,1,1,0,1,1,0,1,1,0,1,1,0,0,0,0,0,0,1,0,1,1,1,0,0,0,0,mad900_cif.y4m,6.36,6.358,0.019235,0.002478,0.0,4
1,1,0,0,1,0,0,0,0,0,0,0,1,1,0,1,0,0,1,0,1,1,1,0,0,0,0,0,0,1,1,0,1,0,0,0,1,0,mad900_cif.y4m,5.64,5.63,0.086891,0.004453,0.0,141
1,1,1,0,0,0,0,0,0,0,0,0,1,1,0,1,1,1,1,0,1,1,0,0,1,0,0,0,0,1,1,0,1,1,0,0,0,0,mad900_cif.y4m,290.94,290.888,0.629341,0.00321,0.0,159
1,1,0,0,0,0,0,0,1,0,0,0,1,1,0,1,0,1,1,0,1,1,0,0,1,0,0,0,0,1,0,1,1,0,0,0,0,1,mad900_cif.y4m,26.36,26.322,0.127554,0.003983,0.0,336
1,1,0,0,0,1,0,0,0,0,0,0,1,1,0,1,0,0,1,0,1,1,0,0,0,0,0,0,1,1,1,0,1,0,0,0,1,0,mad900_cif.y4m,78.87,78.218,1.641758,0.002504,0.0,72
1,1,0,0,0,0,0,0,1,0,0,0,1,1,0,1,1,0,1,1,0,1,0,0,1,0,0,0,0,1,1,0,1,0,0,0,0,1,mad900_cif.y4m,11.7,11.712,0.054498,0.002604,0.0,248
1,1,0,1,0,0,0,0,0,0,0,0,1,0,1,1,1,1,1,1,0,1,0,0,0,0,0,1,0,1,0,1,1,0,0,0,0,1,mad900_cif.y4m,281.22,277.41,11.004597,0.003003,0.0,130
1,1,0,0,0,1,0,0,0,0,0,0,1,0,1,1,1,1,1,1,0,1,0,0,0,0,0,0,1,1,1,0,0,0,0,0,0,0,mad900_cif.y4m,188.26,188.432,0.446285,0.003389,0.0,324
1,1,1,0,0,0,0,0,0,0,0,0,1,0,1,1,0,1,1,1,0,1,0,1,0,0,0,0,0,1,0,1,0,0,0,0,0,0,mad900_cif.y4m,185.53,185.556,0.172134,0.005037,0.0,354
1,1,0,0,0,0,0,0,0,0,1,0,1,0,1,1,0,0,1,1,0,1,0,0,0,1,0,0,0,1,0,1,0,0,0,0,0,0,mad900_cif.y4m,111.86,111.868,0.188335,0.002791,0.0,291
1,1,0,0,0,0,0,0,0,0,1,0,1,1,0,1,0,0,1,1,0,1,0,1,0,0,0,0,0,1,1,0,1,0,1,0,0,0,mad900_cif.y4m,4.24,4.202,0.163921,0.002258,0.0,237
1,1,0,0,0,1,0,0,0,0,0,0,1,1,0,1,1,0,1,1,0,1,1,0,0,0,0,0,0,1,1,0,1,1,0,0,0,0,mad900_cif.y4m,5.0,5.02,0.061644,0.002057,0.0,183
1,1,0,0,0,1,0,0,0,0,0,0,1,0,1,1,1,1,1,0,1,1,0,0,1,0,0,0,0,1,0,1,0,0,0,0,0,0,mad900_cif.y4m,4.71,4.698,0.035637,0.002426,0.0,227
1,1,0,0,0,0,0,0,1,0,0,0,1,1,0,1,0,1,1,0,1,1,0,0,0,0,0,1,0,1,0,1,0,0,0,0,0,0,mad900_cif.y4m,12.52,12.534,0.037815,0.003074,0.0,338
1,1,0,0,1,0,0,0,0,0,0,0,1,0,1,1,0,0,1,0,1,1,1,0,0,0,0,0,0,1,1,0,1,0,0,0,1,0,mad900_cif.y4m,42.18,42.2,0.086313,0.002526,0.0,142
1,1,0,0,1,0,0,0,0,0,0,0,1,1,0,1,1,1,1,0,1,1,0,0,1,0,0,0,0,1,1,0,1,0,0,0,0,1,mad900_cif.y4m,39.71,39.742,0.082885,0.00333,0.0,332
1,1,0,0,0,0,0,0,0,1,0,0,1,0,1,1,0,0,1,1,0,1,0,0,0,0,1,0,0,1,0,1,1,0,0,0,1,0,mad900_cif.y4m,265.45,265.682,0.513293,0.002907,0.0,95
1,1,0,0,1,0,0,0,0,0,0,0,1,0,1,1,0,0,1,0,1,1,0,0,0,1,0,0,0,1,0,1,0,0,0,0,0,0,mad900_cif.y4m,24.8,24.792,0.013038,0.003478,0.0,289
1,1,0,0,1,0,0,0,0,0,0,0,1,1,0,1,0,0,1,0,1,1,0,0,0,0,0,1,0,1,0,1,1,0,0,1,0,0,mad900_cif.y4m,3.99,3.982,0.033466,0.002258,0.0,378
1,1,0,0,1,0,0,0,0,0,0,0,1,1,0,1,1,1,1,1,0,1,0,0,1,0,0,0,0,1,0,1,1,0,0,0,1,0,mad900_cif.y4m,86.62,86.74,0.529339,0.00252,0.0,278
1,1,0,0,0,0,0,0,0,0,1,0,1,0,1,1,1,0,1,0,1,1,1,0,0,0,0,0,0,1,0,1,1,0,0,0,1,0,mad900_cif.y4m,15.96,15.962,0.215569,0.003536,0.0,30
1,1,0,0,1,0,0,0,0,0,0,0,1,1,0,1,0,0,1,0,1,1,0,1,0,0,0,0,0,1,0,1,1,0,0,0,0,1,mad900_cif.y4m,3.16,3.166,0.008944,0.002687,0.0,120
1,1,0,0,0,1,0,0,0,0,0,0,1,1,0,1,1,1,1,0,1,1,0,0,0,0,0,1,0,1,0,1,0,0,0,0,0,0,mad900_cif.y4m,4.85,4.856,0.013416,0.002571,0.0,265
1,1,0,0,0,0,0,0,0,0,1,0,1,1,0,1,1,0,1,1,0,1,0,0,0,0,0,1,0,1,0,1,0,0,0,0,0,0,mad900_cif.y4m,10.17,10.146,0.06269,0.002567,0.0,296
1,1,0,0,0,0,0,1,0,0,0,0,1,1,0,1,1,1,1,1,0,1,0,1,0,0,0,0,0,1,0,1,0,0,0,0,0,0,mad900_cif.y4m,20.33,20.354,0.044497,0.002971,0.0,232
1,1,0,0,0,0,0,0,0,0,1,0,1,0,1,1,0,0,1,1,0,1,0,0,1,0,0,0,0,1,1,0,1,0,0,1,0,0,mad900_cif.y4m,17.07,17.022,0.104738,0.00357,0.0,310
1,1,0,0,0,0,0,1,0,0,0,0,1,0,1,1,1,1,1,0,1,1,0,0,0,0,0,1,0,1,0,1,1,0,0,1,0,0,mad900_cif.y4m,166.71,166.632,0.364582,0.003279,0.0,349
1,1,0,0,1,0,0,0,0,0,0,0,1,1,0,1,0,1,1,0,1,1,0,0,0,0,0,1,0,1,0,1,0,0,0,0,0,0,mad900_cif.y4m,10.96,10.95,0.06245,0.003462,0.0,377
1,1,0,0,0,0,0,0,0,1,0,0,1,0,1,1,1,1,1,1,0,1,0,0,0,0,1,0,0,1,0,1,1,0,0,0,1,0,mad900_cif.y4m,279.41,279.202,0.99688,0.002673,0.0,94
1,1,1,0,0,0,0,0,0,0,0,0,1,1,0,1,1,0,1,0,1,1,1,0,0,0,0,0,0,1,0,1,1,1,0,0,0,0,mad900_cif.y4m,13.82,13.816,0.033615,0.003677,0.0,178
1,1,0,0,0,0,0,0,0,0,1,0,1,0,1,1,0,0,1,1,0,1,0,0,0,0,0,1,0,1,0,1,1,0,0,0,0,1,mad900_cif.y4m,13.99,13.99,0.05244,0.00338,0.0,127
1,1,0,0,0,0,0,1,0,0,0,0,1,0,1,1,1,0,1,0,1,1,0,0,0,1,0,0,0,1,0,1,1,0,0,0,1,0,mad900_cif.y4m,4.08,4.082,0.017889,0.002004,0.0,111
1,1,1,0,0,0,0,0,0,0,0,0,1,0,1,1,0,1,1,1,0,1,0,1,0,0,0,0,0,1,0,1,1,0,0,1,0,0,mad900_cif.y4m,10.28,10.29,0.03,0.003268,0.0,353
1,1,0,0,0,0,1,0,0,0,0,0,1,0,1,1,1,1,1,1,0,1,0,1,0,0,0,0,0,1,1,0,1,0,0,0,1,0,mad900_cif.y4m,9.79,9.786,0.035777,0.002826,0.0,45
1,1,0,0,0,1,0,0,0,0,0,0,1,0,1,1,1,1,1,0,1,1,0,0,1,0,0,0,0,1,1,0,0,0,0,0,0,0,mad900_cif.y4m,3.1,3.102,0.013038,0.002318,0.0,226
1,1,0,0,0,0,0,0,0,0,0,1,1,1,0,1,1,0,1,0,1,1,0,0,0,0,0,1,0,1,1,0,1,0,0,0,0,1,mad900_cif.y4m,13.38,13.384,0.095551,0.002705,0.0,59
1,1,0,0,0,0,0,0,1,0,0,0,1,1,0,1,1,1,1,1,0,1,1,0,0,0,0,0,0,1,0,1,1,1,0,0,0,0,mad900_cif.y4m,89.16,88.626,1.847642,0.003035,0.0,19
1,1,0,0,0,0,0,0,0,0,0,1,1,1,0,1,0,1,1,0,1,1,0,0,0,1,0,0,0,1,1,0,1,1,0,0,0,0,mad900_cif.y4m,45.23,45.228,0.078867,0.002575,0.0,304
1,1,0,0,0,0,0,0,1,0,0,0,1,0,1,1,0,1,1,0,1,1,0,1,0,0,0,0,0,1,0,1,0,0,0,0,0,0,mad900_cif.y4m,11.46,11.472,0.021679,0.002604,0.0,207
1,1,0,0,0,0,1,0,0,0,0,0,1,1,0,1,1,1,1,1,0,1,0,1,0,0,0,0,0,1,1,0,0,0,0,0,0,0,mad900_cif.y4m,265.43,263.674,5.724865,0.003051,0.0,43
1,1,0,0,0,0,1,0,0,0,0,0,1,1,0,1,1,0,1,1,0,1,1,0,0,0,0,0,0,1,1,0,1,0,0,0,0,1,mad900_cif.y4m,4.87,4.876,0.027019,0.002336,0.0,40
1,1,0,0,0,1,0,0,0,0,0,0,1,0,1,1,0,1,1,1,0,1,1,0,0,0,0,0,0,1,1,0,1,1,0,0,0,0,mad900_cif.y4m,195.92,195.778,0.201047,0.003361,0.0,186
1,1,0,0,1,0,0,0,0,0,0,0,1,0,1,1,0,0,1,0,1,1,0,0,0,1,0,0,0,1,0,1,1,0,0,0,0,1,mad900_cif.y4m,6.55,6.522,0.115629,0.002616,0.0,288
1,1,1,0,0,0,0,0,0,0,0,0,1,1,0,1,1,0,1,1,0,1,0,1,0,0,0,0,0,1,1,0,1,0,1,0,0,0,mad900_cif.y4m,10.98,10.976,0.06229,0.002715,0.0,82
1,1,0,0,0,0,0,0,0,0,1,0,1,0,1,1,1,1,1,0,1,1,0,0,0,1,0,0,0,1,0,1,0,0,0,0,0,0,mad900_cif.y4m,7.99,7.988,0.019235,0.002266,0.0,211
1,1,0,0,1,0,0,0,0,0,0,0,1,0,1,1,1,1,1,0,1,1,0,0,0,0,0,1,0,1,1,0,1,0,0,1,0,0,mad900_cif.y4m,138.21,137.494,1.760435,0.003124,0.0,347
1,1,0,1,0,0,0,0,0,0,0,0,1,0,1,1,0,0,1,1,0,1,1,0,0,0,0,0,0,1,1,0,1,0,0,0,1,0,mad900_cif.y4m,20.06,20.074,0.08735,0.002686,0.0,13
1,1,0,0,0,0,0,1,0,0,0,0,1,0,1,1,1,1,1,0,1,1,0,0,1,0,0,0,0,1,0,1,0,0,0,0,0,0,mad900_cif.y4m,707.99,707.99,0.431393,0.00287,0.0,228
1,1,0,0,0,0,0,0,0,1,0,0,1,1,0,1,0,1,1,0,1,1,0,0,1,0,0,0,0,1,0,1,1,0,0,0,0,1,mad900_cif.y4m,13.86,13.854,0.059414,0.002609,0.0,335
1,1,0,0,0,0,0,0,1,0,0,0,1,1,0,1,1,0,1,0,1,1,0,0,1,0,0,0,0,1,1,0,1,1,0,0,0,0,mad900_cif.y4m,44.79,44.708,0.135536,0.003244,0.0,24
1,1,1,0,0,0,0,0,0,0,0,0,1,0,1,1,0,1,1,0,1,1,0,1,0,0,0,0,0,1,0,1,1,0,0,1,0,0,mad900_cif.y4m,289.93,290.112,0.351383,0.005004,0.0,352
1,1,0,0,0,0,1,0,0,0,0,0,1,0,1,1,0,0,1,1,0,1,0,0,0,0,0,1,0,1,1,0,0,0,0,0,0,0,mad900_cif.y4m,8.66,8.666,0.030496,0.002285,0.0,368
1,1,1,0,0,0,0,0,0,0,0,0,1,0,1,1,1,1,1,1,0,1,0,1,0,0,0,0,0,1,1,0,0,0,0,0,0,0,mad900_cif.y4m,3.89,3.952,0.255284,0.002712,0.0,80
1,1,0,0,1,0,0,0,0,0,0,0,1,1,0,1,0,0,1,0,1,1,0,1,0,0,0,0,0,1,0,1,0,0,0,0,0,0,mad900_cif.y4m,48.54,48.536,0.040988,0.003131,0.0,121
1,1,0,0,0,0,0,0,0,0,1,0,1,0,1,1,1,1,1,0,1,1,0,0,1,0,0,0,0,1,1,0,1,1,0,0,0,0,mad900_cif.y4m,6.8,6.784,0.049295,0.002007,0.0,156
1,1,0,1,0,0,0,0,0,0,0,0,1,0,1,1,1,1,1,1,0,1,0,0,0,0,0,1,0,1,1,0,1,1,0,0,0,0,mad900_cif.y4m,2.16,2.154,0.008944,0.002026,0.0,9
1,1,0,0,0,0,0,0,0,0,1,0,1,1,0,1,0,0,1,1,0,1,0,0,0,0,1,0,0,1,1,0,1,0,0,0,0,1,mad900_cif.y4m,14.49,14.462,0.073959,0.002485,0.0,165
1,1,0,0,0,0,0,0,0,0,1,0,1,0,1,1,0,0,1,1,0,1,0,1,0,0,0,0,0,1,0,1,1,0,0,0,0,1,mad900_cif.y4m,10.28,10.288,0.044944,0.002196,0.0,126
1,1,0,0,1,0,0,0,0,0,0,0,1,1,0,1,1,1,1,0,1,1,0,0,1,0,0,0,0,1,0,1,1,0,1,0,0,0,mad900_cif.y4m,3.7,3.692,0.016432,0.002712,0.0,280
1,1,0,0,0,0,0,1,0,0,0,0,1,0,1,1,1,1,1,1,0,1,0,1,0,0,0,0,0,1,0,1,1,0,0,0,1,0,mad900_cif.y4m,2.97,2.968,0.013038,0.004403,0.0,172
1,1,0,0,0,0,0,0,0,0,1,0,1,0,1,1,0,1,1,1,0,1,0,0,0,1,0,0,0,1,0,1,0,0,0,0,0,0,mad900_cif.y4m,16.23,16.226,0.020736,0.003688,0.0,292
1,1,0,0,0,0,0,0,0,0,1,0,1,1,0,1,1,1,1,0,1,1,0,0,0,0,0,1,0,1,1,0,0,0,0,0,0,0,mad900_cif.y4m,31.06,31.03,0.114237,0.00284,0.0,105
1,1,0,0,0,1,0,0,0,0,0,0,1,0,1,1,1,1,1,0,1,1,0,0,0,0,0,0,1,1,1,0,1,0,1,0,0,0,mad900_cif.y4m,32.08,32.062,0.087006,0.003465,0.0,76
1,1,0,0,0,1,0,0,0,0,0,0,1,0,1,1,0,0,1,1,0,1,1,0,0,0,0,0,0,1,1,0,1,0,0,0,0,1,mad900_cif.y4m,132.58,132.592,0.07823,0.002847,0.0,221
1,1,0,0,0,0,0,0,0,0,1,0,1,1,0,1,1,0,1,1,0,1,0,0,0,0,1,0,0,1,0,1,1,0,0,0,0,1,mad900_cif.y4m,75.83,75.83,0.071063,0.003203,0.0,167
1,1,0,0,0,0,0,0,0,0,1,0,1,0,1,1,0,1,1,0,1,1,1,0,0,0,0,0,0,1,1,0,1,0,0,0,0,1,mad900_cif.y4m,436.22,435.892,0.517706,0.002846,0.0,35
1,1,0,0,1,0,0,0,0,0,0,0,1,1,0,1,0,0,1,1,0,1,0,1,0,0,0,0,0,1,0,1,1,0,1,0,0,0,mad900_cif.y4m,5.9,5.914,0.039115,0.002094,0.0,235
1,1,0,0,0,0,0,0,0,1,0,0,1,1,0,1,1,1,1,0,1,1,0,0,1,0,0,0,0,1,0,1,1,0,0,0,0,1,mad900_cif.y4m,23.58,23.59,0.02,0.003473,0.0,333
1,1,0,0,0,0,1,0,0,0,0,0,1,0,1,1,1,1,1,1,0,1,0,1,0,0,0,0,0,1,1,0,0,0,0,0,0,0,mad900_cif.y4m,123.8,123.83,0.137113,0.002892,0.0,44
1,1,0,0,1,0,0,0,0,0,0,0,1,0,1,1,0,1,1,1,0,1,0,1,0,0,0,0,0,1,0,1,1,1,0,0,0,0,mad900_cif.y4m,224.09,224.112,0.276261,0.002714,0.0,256
1,1,0,0,0,0,0,1,0,0,0,0,1,0,1,1,1,0,1,0,1,1,0,1,0,0,0,0,0,1,0,1,1,0,0,0,0,1,mad900_cif.y4m,1210.04,1210.006,1.943252,0.00325,0.0,192
1,1,0,0,0,0,1,0,0,0,0,0,1,1,0,1,1,1,1,1,0,1,1,0,0,0,0,0,0,1,1,0,1,0,0,0,0,1,mad900_cif.y4m,29.75,29.778,0.067602,0.002598,0.0,41
1,1,0,0,0,0,0,0,0,0,1,0,1,0,1,1,0,1,1,1,0,1,0,0,0,0,0,1,0,1,0,1,1,0,0,0,1,0,mad900_cif.y4m,165.82,165.596,0.642946,0.004102,0.0,273
1,1,0,0,0,0,0,0,0,0,1,0,1,1,0,1,0,1,1,0,1,1,0,0,0,0,0,1,0,1,0,1,0,0,0,0,0,0,mad900_cif.y4m,170.6,170.606,0.050794,0.004192,0.0,101
1,1,0,0,0,0,0,0,0,0,1,0,1,0,1,1,1,1,1,0,1,1,0,0,0,0,1,0,0,1,1,0,1,0,1,0,0,0,mad900_cif.y4m,75.43,75.408,0.105214,0.002855,0.0,242
1,1,0,0,0,0,0,0,0,0,1,0,1,1,0,1,0,1,1,0,1,1,0,0,0,0,0,1,0,1,1,0,0,0,0,0,0,0,mad900_cif.y4m,23.64,23.86,0.355528,0.004616,0.0,103
1,1,1,0,0,0,0,0,0,0,0,0,1,1,0,1,1,0,1,1,0,1,0,1,0,0,0,0,0,1,0,1,0,0,0,0,0,0,mad900_cif.y4m,138.26,138.288,0.088713,0.002774,0.0,1
1,1,0,0,0,0,0,1,0,0,0,0,1,1,0,1,0,0,1,0,1,1,0,0,0,0,0,1,0,1,0,1,1,0,0,0,0,1,mad900_cif.y4m,10.38,10.354,0.055498,0.003268,0.0,56
1,1,0,0,1,0,0,0,0,0,0,0,1,0,1,1,0,0,1,0,1,1,0,0,0,0,0,0,1,1,0,1,0,0,0,0,0,0,mad900_cif.y4m,31.45,31.49,0.101489,0.00284,0.0,373
1,1,0,0,0,0,0,0,1,0,0,0,1,1,0,1,1,1,1,0,1,1,0,1,0,0,0,0,0,1,0,1,1,0,1,0,0,0,mad900_cif.y4m,200.08,199.67,1.247958,0.002819,0.0,318
1,1,0,0,0,1,0,0,0,0,0,0,1,1,0,1,0,0,1,1,0,1,0,0,0,0,1,0,0,1,1,0,0,0,0,0,0,0,mad900_cif.y4m,432.16,431.934,0.578731,0.00324,0.0,69
1,1,0,1,0,0,0,0,0,0,0,0,1,0,1,1,0,0,1,1,0,1,0,0,0,0,0,1,0,1,1,0,1,1,0,0,0,0,mad900_cif.y4m,9.74,9.722,0.060166,0.003443,0.0,11
1,1,0,0,1,0,0,0,0,0,0,0,1,0,1,1,0,0,1,1,0,1,0,1,0,0,0,0,0,1,0,1,1,0,0,1,0,0,mad900_cif.y4m,11.55,11.544,0.055946,0.003037,0.0,258
1,1,0,0,0,0,0,0,0,0,1,0,1,0,1,1,0,0,1,1,0,1,0,1,0,0,0,0,0,1,1,0,1,0,1,0,0,0,mad900_cif.y4m,683.91,683.904,0.209356,0.00333,0.0,238
1,1,0,0,0,0,0,1,0,0,0,0,1,0,1,1,1,0,1,1,0,1,1,0,0,0,0,0,0,1,0,1,1,0,0,0,1,0,mad900_cif.y4m,678.62,678.496,1.090174,0.003168,0.0,173
1,1,0,0,0,0,0,1,0,0,0,0,1,0,1,1,0,1,1,0,1,1,0,1,0,0,0,0,0,1,0,1,1,1,0,0,0,0,mad900_cif.y4m,507.94,507.978,0.373724,0.002615,0.0,190
1,1,0,1,0,0,0,0,0,0,0,0,1,0,1,1,1,0,1,1,0,1,0,0,0,0,0,1,0,1,0,1,1,1,0,0,0,0,mad900_cif.y4m,139.38,138.956,0.91095,0.002612,0.0,7
1,1,0,0,0,1,0,0,0,0,0,0,1,0,1,1,1,1,1,0,1,1,0,0,0,0,0,0,1,1,1,0,0,0,0,0,0,0,mad900_cif.y4m,4.32,4.324,0.032094,0.002183,0.0,323
1,1,0,0,0,1,0,0,0,0,0,0,1,0,1,1,0,0,1,0,1,1,0,0,0,0,0,0,1,1,1,0,1,0,0,0,1,0,mad900_cif.y4m,270.22,268.17,7.497266,0.002641,0.0,73
1,1,0,0,0,0,0,0,0,0,1,0,1,0,1,1,1,0,1,0,1,1,0,1,0,0,0,0,0,1,0,1,0,0,0,0,0,0,mad900_cif.y4m,256.62,257.842,2.712125,0.003051,0.0,209
1,1,0,1,0,0,0,0,0,0,0,0,1,1,0,1,1,0,1,0,1,1,1,0,0,0,0,0,0,1,1,0,0,0,0,0,0,0,mad900_cif.y4m,10.69,10.698,0.047645,0.002578,0.0,138
1,1,0,0,0,1,0,0,0,0,0,0,1,1,0,1,1,1,1,1,0,1,0,0,0,0,0,1,0,1,0,1,0,0,0,0,0,0,mad900_cif.y4m,175.85,175.786,0.235223,0.003307,0.0,264
1,1,0,0,0,0,0,0,0,1,0,0,1,0,1,1,0,1,1,0,1,1,0,0,0,0,0,1,0,1,0,1,1,0,0,0,1,0,mad900_cif.y4m,473.85,473.594,1.002213,0.00324,0.0,98
1,1,0,0,0,0,0,0,0,0,1,0,1,1,0,1,0,0,1,0,1,1,0,0,0,0,0,1,0,1,1,0,1,0,0,1,0,0,mad900_cif.y4m,7.62,7.646,0.079246,0.002305,0.0,380
1,1,0,0,1,0,0,0,0,0,0,0,1,1,0,1,1,1,1,1,0,1,0,1,0,0,0,0,0,1,1,0,1,0,1,0,0,0,mad900_cif.y4m,286.11,286.344,1.320579,0.004051,0.0,85
1,1,0,0,0,0,0,0,0,0,1,0,1,0,1,1,0,0,1,0,1,1,1,0,0,0,0,0,0,1,0,1,1,0,0,0,1,0,mad900_cif.y4m,128.82,128.796,0.165318,0.003161,0.0,31
1,1,0,1,0,0,0,0,0,0,0,0,1,0,1,1,1,0,1,1,0,1,0,0,0,0,0,1,0,1,1,0,1,1,0,0,0,0,mad900_cif.y4m,5.58,5.586,0.024083,0.002336,0.0,8
1,1,0,0,1,0,0,0,0,0,0,0,1,1,0,1,1,1,1,1,0,1,1,0,0,0,0,0,0,1,0,1,1,1,0,0,0,0,mad900_cif.y4m,13.37,13.356,0.04219,0.003074,0.0,216
1,1,0,0,1,0,0,0,0,0,0,0,1,1,0,1,1,1,1,0,1,1,0,0,0,1,0,0,0,1,0,1,1,1,0,0,0,0,mad900_cif.y4m,2.53,2.534,0.011402,0.002687,0.0,214
1,1,0,0,0,0,0,0,1,0,0,0,1,1,0,1,0,0,1,1,0,1,0,0,0,0,0,1,0,1,1,0,0,0,0,0,0,0,mad900_cif.y4m,15.74,15.728,0.156748,0.002199,0.0,341
1,1,0,0,1,0,0,0,0,0,0,0,1,1,0,1,0,0,1,1,0,1,0,1,0,0,0,0,0,1,1,0,1,0,1,0,0,0,mad900_cif.y4m,9.65,9.648,0.026833,0.003719,0.0,236
1,1,0,0,0,0,0,0,0,0,1,0,1,0,1,1,0,0,1,0,1,1,0,0,0,0,1,0,0,1,1,0,1,0,1,0,0,0,mad900_cif.y4m,24.03,24.032,0.130269,0.003907,0.0,240
1,1,0,0,0,0,0,1,0,0,0,0,1,0,1,1,0,0,1,0,1,1,0,0,0,1,0,0,0,1,0,1,1,0,0,0,1,0,mad900_cif.y4m,27.48,27.284,0.570289,0.004616,0.0,51
1,1,1,0,0,0,0,0,0,0,0,0,1,0,1,1,1,1,1,0,1,1,0,0,0,0,0,0,1,1,1,0,1,0,1,0,0,0,mad900_cif.y4m,12.83,12.848,0.032711,0.002779,0.0,77
1,1,0,0,0,0,0,0,0,0,1,0,1,0,1,1,1,0,1,1,0,1,0,0,0,0,0,1,0,1,0,1,1,0,0,0,0,1,mad900_cif.y4m,15.85,15.86,0.04062,0.002943,0.0,128
1,1,0,0,1,0,0,0,0,0,0,0,1,1,0,1,0,0,1,1,0,1,0,1,0,0,0,0,0,1,0,1,0,0,0,0,0,0,mad900_cif.y4m,111.75,111.754,0.070214,0.002791,0.0,234
1,1,0,0,0,0,0,0,1,0,0,0,1,0,1,1,1,0,1,0,1,1,0,0,0,0,0,1,0,1,0,1,1,0,0,0,1,0,mad900_cif.y4m,1254.06,1254.14,0.311689,0.00325,0.0,28
1,1,0,0,1,0,0,0,0,0,0,0,1,1,0,1,1,0,1,0,1,1,1,0,0,0,0,0,0,1,1,0,0,0,0,0,0,0,mad900_cif.y4m,133.84,133.872,0.161152,0.002612,0.0,139
1,1,0,0,0,0,0,0,0,0,1,0,1,0,1,1,1,0,1,1,0,1,0,0,0,0,1,0,0,1,1,0,1,0,1,0,0,0,mad900_cif.y4m,2.38,2.39,0.023452,0.002476,0.0,152
1,1,0,1,0,0,0,0,0,0,0,0,1,0,1,1,0,0,1,1,0,1,0,0,0,0,0,1,0,1,1,0,1,0,0,0,1,0,mad900_cif.y4m,188.24,188.212,0.251734,0.005068,0.0,12
1,1,0,0,0,0,1,0,0,0,0,0,1,0,1,1,0,1,1,1,0,1,0,0,0,0,0,1,0,1,1,0,0,0,0,0,0,0,mad900_cif.y4m,2.37,2.364,0.008944,0.002476,0.0,369
1,1,0,0,0,0,0,0,0,0,0,1,1,1,0,1,1,0,1,0,1,1,0,0,0,0,0,1,0,1,0,1,1,0,0,0,0,1,mad900_cif.y4m,74.26,74.25,0.043589,0.003203,0.0,58
1,1,0,0,0,0,0,0,1,0,0,0,1,1,0,1,1,0,1,1,0,1,1,0,0,0,0,0,0,1,1,0,0,0,0,0,0,0,mad900_cif.y4m,60.97,60.85,0.389037,0.004404,0.0,64
1,1,0,0,0,0,0,0,1,0,0,0,1,1,0,1,1,0,1,1,0,1,0,0,1,0,0,0,0,1,1,0,1,1,0,0,0,0,mad900_cif.y4m,45.11,45.132,0.037683,0.002752,0.0,21
1,1,0,0,0,1,0,0,0,0,0,0,1,0,1,1,1,1,1,0,1,1,0,0,1,0,0,0,0,1,1,0,1,0,0,0,0,1,mad900_cif.y4m,132.33,132.138,0.557916,0.003124,0.0,225
1,1,0,0,0,0,1,0,0,0,0,0,1,0,1,1,1,0,1,1,0,1,0,0,0,0,0,1,0,1,1,0,1,0,0,0,1,0,mad900_cif.y4m,187.39,186.4,2.47086,0.002639,0.0,366
1,1,0,0,0,0,0,1,0,0,0,0,1,0,1,1,1,1,1,0,1,1,0,0,1,0,0,0,0,1,0,1,1,0,0,0,0,1,mobile_cif.y4m,3.83,3.834,0.036469,0.007853,0.0,114
1,1,0,0,1,0,0,0,0,0,0,0,1,1,0,1,1,1,1,0,1,1,0,0,1,0,0,0,0,1,1,0,1,0,1,0,0,0,mobile_cif.y4m,3.11,3.112,0.023875,0.007361,0.0,281
1,1,0,0,0,1,0,0,0,0,0,0,1,0,1,1,1,0,1,1,0,1,0,0,0,0,0,0,1,1,1,0,1,0,0,1,0,0,mobile_cif.y4m,5.66,5.662,0.013038,0.007608,0.0,325
1,1,1,0,0,0,0,0,0,0,0,0,1,1,0,1,1,0,1,1,0,1,0,0,0,0,1,0,0,1,1,0,1,1,0,0,0,0,mobile_cif.y4m,5.26,5.208,0.104259,0.01207,0.0,181
1,1,0,0,0,0,0,0,1,0,0,0,1,1,0,1,1,0,1,0,1,1,0,0,1,0,0,0,0,1,1,0,1,0,0,0,0,1,mobile_cif.y4m,100.54,100.57,0.282046,0.008851,0.0,247
1,1,0,0,0,0,0,0,0,0,1,0,1,1,0,1,1,0,1,1,0,1,0,0,0,0,1,0,0,1,1,0,1,0,0,0,0,1,mobile_cif.y4m,124.1,124.034,0.138311,0.00763,0.0,166
1,1,0,0,0,0,0,0,1,0,0,0,1,1,0,1,1,0,1,0,1,1,0,0,1,0,0,0,0,1,1,0,1,0,0,0,1,0,mobile_cif.y4m,9.96,9.96,0.051478,0.016233,0.0,25
1,1,0,0,0,0,0,1,0,0,0,0,1,0,1,1,0,0,1,1,0,1,0,1,0,0,0,0,0,1,0,1,0,0,0,0,0,0,mobile_cif.y4m,9.4,9.36,0.185338,0.008947,0.0,355
1,1,0,0,1,0,0,0,0,0,0,0,1,1,0,1,0,0,1,1,0,1,1,0,0,0,0,0,0,1,1,0,1,0,0,0,0,1,mobile_cif.y4m,1.71,1.708,0.017889,0.015592,0.0,219
1,1,0,0,0,1,0,0,0,0,0,0,1,1,0,1,1,0,1,1,0,1,0,0,0,0,1,0,0,1,1,0,1,1,0,0,0,0,mobile_cif.y4m,9.4,9.37,0.242487,0.008947,0.0,182
1,1,0,1,0,0,0,0,0,0,0,0,1,0,1,1,0,1,1,1,0,1,0,0,0,0,0,1,0,1,1,0,1,1,0,0,0,0,mobile_cif.y4m,3.68,3.682,0.004472,0.012162,0.0,10
1,1,0,0,1,0,0,0,0,0,0,0,1,1,0,1,1,0,1,0,1,1,0,0,1,0,0,0,0,1,0,1,1,0,0,0,0,1,mobile_cif.y4m,42.41,42.424,0.082037,0.016743,0.0,116
1,1,0,0,0,1,0,0,0,0,0,0,1,1,0,1,1,1,1,0,1,1,0,0,0,0,0,1,0,1,0,1,1,1,0,0,0,0,mobile_cif.y4m,6.39,6.398,0.046583,0.007543,0.0,266
1,1,0,0,0,0,0,0,1,0,0,0,1,1,0,1,0,0,1,0,1,1,0,0,1,0,0,0,0,1,1,0,1,0,0,1,0,0,mobile_cif.y4m,22.08,22.07,0.068191,0.014008,0.0,313
1,1,0,0,0,0,0,1,0,0,0,0,1,0,1,1,0,0,1,1,0,1,0,0,0,0,0,0,1,1,0,1,0,0,0,0,0,0,mobile_cif.y4m,13.11,13.094,0.032094,0.015074,0.0,357
1,1,0,0,0,1,0,0,0,0,0,0,1,0,1,1,0,1,1,0,1,1,1,0,0,0,0,0,0,1,1,0,1,1,0,0,0,0,mobile_cif.y4m,2.22,2.226,0.013416,0.014604,0.0,187
1,1,0,0,0,0,0,0,1,0,0,0,1,1,0,1,1,1,1,0,1,1,0,0,1,0,0,0,0,1,1,0,1,1,0,0,0,0,mobile_cif.y4m,279.9,279.876,0.095026,0.007465,0.0,23
1,1,0,0,1,0,0,0,0,0,0,0,1,1,0,1,1,0,1,1,0,1,0,1,0,0,0,0,0,1,0,1,0,0,0,0,0,0,mobile_cif.y4m,35.66,35.634,0.065803,0.014187,0.0,2
1,1,0,0,0,0,0,0,0,0,0,1,1,1,0,1,1,0,1,0,1,1,0,0,0,0,0,1,0,1,1,0,1,1,0,0,0,0,mobile_cif.y4m,117.13,117.024,0.288929,0.009611,0.0,301
1,1,0,0,0,0,0,1,0,0,0,0,1,0,1,1,0,1,1,1,0,1,0,1,0,0,0,0,0,1,0,1,0,0,0,0,0,0,mobile_cif.y4m,130.75,129.922,1.452815,0.013496,0.0,356
1,1,0,0,0,0,0,0,0,0,1,0,1,1,0,1,0,1,1,0,1,1,0,0,0,0,0,1,0,1,0,1,1,1,0,0,0,0,mobile_cif.y4m,12.74,12.732,0.019235,0.008584,0.0,269
1,1,0,0,0,0,0,0,0,0,1,0,1,0,1,1,0,1,1,1,0,1,0,0,1,0,0,0,0,1,0,1,1,0,0,0,1,0,mobile_cif.y4m,9.16,9.148,0.038341,0.015108,0.0,274
1,1,0,0,0,0,0,0,0,0,1,0,1,0,1,1,0,1,1,1,0,1,0,0,0,1,0,0,0,1,1,0,1,1,0,0,0,0,mobile_cif.y4m,6.59,6.58,0.045277,0.01305,0.0,307
1,1,0,0,1,0,0,0,0,0,0,0,1,0,1,1,0,1,1,1,0,1,0,0,1,0,0,0,0,1,0,1,1,1,0,0,0,0,mobile_cif.y4m,20.72,20.618,0.230911,0.017167,0.0,254
1,1,0,0,0,0,0,0,0,0,1,0,1,0,1,1,0,1,1,0,1,1,0,1,0,0,0,0,0,1,0,1,0,0,0,0,0,0,mobile_cif.y4m,1.58,1.592,0.016432,0.015749,0.0,208
1,1,0,0,1,0,0,0,0,0,0,0,1,1,0,1,1,1,1,1,0,1,0,0,1,0,0,0,0,1,0,1,1,0,1,0,0,0,mobile_cif.y4m,2.17,2.168,0.013038,0.022775,0.0,279
1,1,0,0,0,0,0,1,0,0,0,0,1,1,0,1,1,1,1,1,0,1,0,1,0,0,0,0,0,1,0,1,1,0,0,0,1,0,mobile_cif.y4m,6.16,6.14,0.044159,0.009406,0.0,171
1,1,0,0,0,0,0,0,0,1,0,0,1,1,0,1,0,1,1,0,1,1,0,0,0,0,0,1,0,1,0,1,1,0,0,0,1,0,mobile_cif.y4m,23.01,23.146,0.209595,0.014008,0.0,99
1,1,1,0,0,0,0,0,0,0,0,0,1,0,1,1,1,1,1,1,0,1,0,1,0,0,0,0,0,1,1,0,1,0,1,0,0,0,mobile_cif.y4m,8.36,8.386,0.085323,0.009258,0.0,81
1,1,0,0,0,0,0,0,0,0,1,0,1,0,1,1,1,1,1,0,1,1,0,0,1,0,0,0,0,1,1,0,1,0,1,0,0,0,mobile_cif.y4m,2.74,2.752,0.021679,0.016236,0.0,155
1,1,0,0,0,1,0,0,0,0,0,0,1,1,0,1,0,1,1,1,0,1,1,0,0,0,0,0,0,1,1,0,1,1,0,0,0,0,mobile_cif.y4m,4.8,4.798,0.025884,0.01305,0.0,185
1,1,0,0,1,0,0,0,0,0,0,0,1,1,0,1,0,0,1,0,1,1,0,0,0,0,0,1,0,1,0,1,0,0,0,0,0,0,mobile_cif.y4m,3.83,3.838,0.045497,0.011382,0.0,376
1,1,0,0,0,0,0,0,1,0,0,0,1,1,0,1,0,1,1,0,1,1,0,1,0,0,0,0,0,1,1,0,0,0,0,0,0,0,mobile_cif.y4m,1.34,1.338,0.004472,0.015179,0.0,204
1,1,0,0,0,0,0,0,1,0,0,0,1,1,0,1,1,0,1,0,1,1,0,0,0,0,1,0,0,1,1,0,1,0,0,0,0,1,mobile_cif.y4m,70.81,70.404,0.901294,0.013621,0.0,246
1,1,0,0,0,0,0,1,0,0,0,0,1,1,0,1,1,1,1,0,1,1,0,0,1,0,0,0,0,1,0,1,0,0,0,0,0,0,mobile_cif.y4m,43.93,43.918,0.074297,0.009178,0.0,230
1,1,0,0,0,0,0,0,1,0,0,0,1,0,1,1,1,0,1,0,1,1,0,0,0,0,0,1,0,1,1,0,1,0,0,0,1,0,mobile_cif.y4m,57.66,57.678,0.252824,0.016182,0.0,27
1,1,0,1,0,0,0,0,0,0,0,0,1,1,0,1,1,1,1,0,1,1,1,0,0,0,0,0,0,1,1,0,0,0,0,0,0,0,mobile_cif.y4m,4.26,4.29,0.07,0.007424,0.0,137
1,1,0,0,0,0,0,0,0,0,1,0,1,1,0,1,1,1,1,1,0,1,0,0,0,0,1,0,0,1,0,1,1,0,0,0,1,0,mobile_cif.y4m,5.68,5.688,0.033466,0.013768,0.0,169
1,1,0,0,0,0,0,0,0,0,1,0,1,0,1,1,0,1,1,0,1,1,1,0,0,0,0,0,0,1,0,1,1,0,0,0,0,1,mobile_cif.y4m,89.02,89.002,0.138094,0.009186,0.0,33
1,1,0,0,0,0,0,0,1,0,0,0,1,0,1,1,0,1,1,0,1,1,0,1,0,0,0,0,0,1,1,0,0,0,0,0,0,0,mobile_cif.y4m,22.89,22.788,0.176975,0.015842,0.0,205
1,1,0,0,0,0,0,0,0,0,1,0,1,1,0,1,1,0,1,0,1,1,0,0,0,0,1,0,0,1,1,0,1,0,0,0,0,1,mobile_cif.y4m,7.51,7.5,0.025495,0.009005,0.0,245
1,1,1,0,0,0,0,0,0,0,0,0,1,1,0,1,0,0,1,1,0,1,0,0,1,0,0,0,0,1,1,0,1,0,0,0,0,1,mobile_cif.y4m,5.4,5.408,0.027749,0.014417,0.0,163
1,1,0,0,1,0,0,0,0,0,0,0,1,1,0,1,1,0,1,1,0,1,1,0,0,0,0,0,0,1,0,1,1,1,0,0,0,0,mobile_cif.y4m,3.81,3.814,0.026077,0.011382,0.0,4
1,1,0,0,1,0,0,0,0,0,0,0,1,1,0,1,0,0,1,0,1,1,1,0,0,0,0,0,0,1,1,0,1,0,0,0,1,0,mobile_cif.y4m,2.75,2.746,0.076681,0.022775,0.0,141
1,1,1,0,0,0,0,0,0,0,0,0,1,1,0,1,1,1,1,0,1,1,0,0,1,0,0,0,0,1,1,0,1,1,0,0,0,0,mobile_cif.y4m,132.39,132.308,0.5687,0.014291,0.0,159
1,1,0,0,0,0,0,0,1,0,0,0,1,1,0,1,0,1,1,0,1,1,0,0,1,0,0,0,0,1,0,1,1,0,0,0,0,1,mobile_cif.y4m,10.04,10.058,0.046583,0.013798,0.0,336
1,1,0,0,0,1,0,0,0,0,0,0,1,1,0,1,0,0,1,0,1,1,0,0,0,0,0,0,1,1,1,0,1,0,0,0,1,0,mobile_cif.y4m,29.46,29.45,0.181108,0.009151,0.0,72
1,1,0,0,0,0,0,0,1,0,0,0,1,1,0,1,1,0,1,1,0,1,0,0,1,0,0,0,0,1,1,0,1,0,0,0,0,1,mobile_cif.y4m,5.52,5.528,0.027749,0.009176,0.0,248
1,1,0,1,0,0,0,0,0,0,0,0,1,0,1,1,1,1,1,1,0,1,0,0,0,0,0,1,0,1,0,1,1,0,0,0,0,1,mobile_cif.y4m,122.3,122.332,0.208014,0.013375,0.0,130
1,1,0,0,0,1,0,0,0,0,0,0,1,0,1,1,1,1,1,1,0,1,0,0,0,0,0,0,1,1,1,0,0,0,0,0,0,0,mobile_cif.y4m,91.1,91.012,0.187803,0.007975,0.0,324
1,1,1,0,0,0,0,0,0,0,0,0,1,0,1,1,0,1,1,1,0,1,0,1,0,0,0,0,0,1,0,1,0,0,0,0,0,0,mobile_cif.y4m,87.25,87.232,0.086139,0.016261,0.0,354
1,1,0,0,0,0,0,0,0,0,1,0,1,0,1,1,0,0,1,1,0,1,0,0,0,1,0,0,0,1,0,1,0,0,0,0,0,0,mobile_cif.y4m,69.3,69.092,0.406964,0.016689,0.0,291
1,1,0,0,0,0,0,0,0,0,1,0,1,1,0,1,0,0,1,1,0,1,0,1,0,0,0,0,0,1,1,0,1,0,1,0,0,0,mobile_cif.y4m,2.75,2.798,0.10895,0.015066,0.0,237
1,1,0,0,0,1,0,0,0,0,0,0,1,1,0,1,1,0,1,1,0,1,1,0,0,0,0,0,0,1,1,0,1,1,0,0,0,0,mobile_cif.y4m,2.66,2.664,0.018166,0.007448,0.0,183
1,1,0,0,0,1,0,0,0,0,0,0,1,0,1,1,1,1,1,0,1,1,0,0,1,0,0,0,0,1,0,1,0,0,0,0,0,0,mobile_cif.y4m,2.87,2.878,0.022804,0.015622,0.0,227
1,1,0,0,0,0,0,0,1,0,0,0,1,1,0,1,0,1,1,0,1,1,0,0,0,0,0,1,0,1,0,1,0,0,0,0,0,0,mobile_cif.y4m,6.18,6.16,0.04062,0.014165,0.0,338
1,1,0,0,1,0,0,0,0,0,0,0,1,0,1,1,0,0,1,0,1,1,1,0,0,0,0,0,0,1,1,0,1,0,0,0,1,0,mobile_cif.y4m,18.26,18.26,0.061237,0.009296,0.0,142
1,1,0,0,1,0,0,0,0,0,0,0,1,1,0,1,1,1,1,0,1,1,0,0,1,0,0,0,0,1,1,0,1,0,0,0,0,1,mobile_cif.y4m,17.31,17.324,0.034351,0.008725,0.0,332
1,1,0,0,0,0,0,0,0,1,0,0,1,0,1,1,0,0,1,1,0,1,0,0,0,0,1,0,0,1,0,1,1,0,0,0,1,0,mobile_cif.y4m,140.57,140.62,0.267582,0.017142,0.0,95
1,1,0,0,1,0,0,0,0,0,0,0,1,0,1,1,0,0,1,0,1,1,0,0,0,1,0,0,0,1,0,1,0,0,0,0,0,0,mobile_cif.y4m,10.1,10.106,0.008944,0.008957,0.0,289
1,1,0,0,1,0,0,0,0,0,0,0,1,1,0,1,0,0,1,0,1,1,0,0,0,0,0,1,0,1,0,1,1,0,0,1,0,0,mobile_cif.y4m,2.49,2.496,0.032863,0.015066,0.0,378
1,1,0,0,1,0,0,0,0,0,0,0,1,1,0,1,1,1,1,1,0,1,0,0,1,0,0,0,0,1,0,1,1,0,0,0,1,0,mobile_cif.y4m,33.39,33.412,0.132174,0.009233,0.0,278
1,1,0,0,0,0,0,0,0,0,1,0,1,0,1,1,1,0,1,0,1,1,1,0,0,0,0,0,0,1,0,1,1,0,0,0,1,0,mobile_cif.y4m,6.66,6.736,0.224789,0.008844,0.0,30
1,1,0,0,1,0,0,0,0,0,0,0,1,1,0,1,0,0,1,0,1,1,0,1,0,0,0,0,0,1,0,1,1,0,0,0,0,1,mobile_cif.y4m,2.01,2.008,0.008367,0.015797,0.0,120
1,1,0,0,0,1,0,0,0,0,0,0,1,1,0,1,1,1,1,0,1,1,0,0,0,0,0,1,0,1,0,1,0,0,0,0,0,0,mobile_cif.y4m,2.72,2.714,0.019494,0.011453,0.0,265
1,1,0,0,0,0,0,0,0,0,1,0,1,1,0,1,1,0,1,1,0,1,0,0,0,0,0,1,0,1,0,1,0,0,0,0,0,0,mobile_cif.y4m,5.36,5.366,0.040373,0.01451,0.0,296
1,1,0,0,0,0,0,1,0,0,0,0,1,1,0,1,1,1,1,1,0,1,0,1,0,0,0,0,0,1,0,1,0,0,0,0,0,0,mobile_cif.y4m,10.0,10.01,0.02,0.014098,0.0,232
1,1,0,0,0,0,0,0,0,0,1,0,1,0,1,1,0,0,1,1,0,1,0,0,1,0,0,0,0,1,1,0,1,0,0,1,0,0,mobile_cif.y4m,7.87,7.868,0.028636,0.01281,0.0,310
1,1,0,0,0,0,0,1,0,0,0,0,1,0,1,1,1,1,1,0,1,1,0,0,0,0,0,1,0,1,0,1,1,0,0,1,0,0,mobile_cif.y4m,77.54,77.266,0.529509,0.007838,0.0,349
1,1,0,0,1,0,0,0,0,0,0,0,1,1,0,1,0,1,1,0,1,1,0,0,0,0,0,1,0,1,0,1,0,0,0,0,0,0,mobile_cif.y4m,4.84,4.886,0.138311,0.009145,0.0,377
1,1,0,0,0,0,0,0,0,1,0,0,1,0,1,1,1,1,1,1,0,1,0,0,0,0,1,0,0,1,0,1,1,0,0,0,1,0,mobile_cif.y4m,114.48,114.438,0.134239,0.00952,0.0,94
1,1,1,0,0,0,0,0,0,0,0,0,1,1,0,1,1,0,1,0,1,1,1,0,0,0,0,0,0,1,0,1,1,1,0,0,0,0,mobile_cif.y4m,6.59,6.586,0.045607,0.01305,0.0,178
1,1,0,0,0,0,0,0,0,0,1,0,1,0,1,1,0,0,1,1,0,1,0,0,0,0,0,1,0,1,0,1,1,0,0,0,0,1,mobile_cif.y4m,6.81,6.812,0.008367,0.008957,0.0,127
1,1,0,0,0,0,0,1,0,0,0,0,1,0,1,1,1,0,1,0,1,1,0,0,0,1,0,0,0,1,0,1,1,0,0,0,1,0,mobile_cif.y4m,2.09,2.09,0.027386,0.015113,0.0,111
1,1,1,0,0,0,0,0,0,0,0,0,1,0,1,1,0,1,1,1,0,1,0,1,0,0,0,0,0,1,0,1,1,0,0,1,0,0,mobile_cif.y4m,5.55,5.57,0.05099,0.013575,0.0,353
1,1,0,0,0,0,1,0,0,0,0,0,1,0,1,1,1,1,1,1,0,1,0,1,0,0,0,0,0,1,1,0,1,0,0,0,1,0,mobile_cif.y4m,4.83,4.844,0.043359,0.012162,0.0,45
1,1,0,0,0,1,0,0,0,0,0,0,1,0,1,1,1,1,1,0,1,1,0,0,1,0,0,0,0,1,1,0,0,0,0,0,0,0,mobile_cif.y4m,1.66,1.652,0.019235,0.015835,0.0,226
1,1,0,0,0,0,0,0,0,0,0,1,1,1,0,1,1,0,1,0,1,1,0,0,0,0,0,1,0,1,1,0,1,0,0,0,0,1,mobile_cif.y4m,6.2,6.19,0.036056,0.011914,0.0,59
1,1,0,0,0,0,0,0,1,0,0,0,1,1,0,1,1,1,1,1,0,1,1,0,0,0,0,0,0,1,0,1,1,1,0,0,0,0,mobile_cif.y4m,34.88,34.934,0.108305,0.014187,0.0,19
1,1,0,0,0,0,0,0,0,0,0,1,1,1,0,1,0,1,1,0,1,1,0,0,0,1,0,0,0,1,1,0,1,1,0,0,0,0,mobile_cif.y4m,17.59,17.588,0.049699,0.00923,0.0,304
1,1,0,0,0,0,0,0,1,0,0,0,1,0,1,1,0,1,1,0,1,1,0,1,0,0,0,0,0,1,0,1,0,0,0,0,0,0,mobile_cif.y4m,5.55,5.554,0.032094,0.009176,0.0,207
1,1,0,0,0,0,1,0,0,0,0,0,1,1,0,1,1,1,1,1,0,1,0,1,0,0,0,0,0,1,1,0,0,0,0,0,0,0,mobile_cif.y4m,131.91,132.062,0.465156,0.013563,0.0,43
1,1,0,0,0,0,1,0,0,0,0,0,1,1,0,1,1,0,1,1,0,1,1,0,0,0,0,0,0,1,1,0,1,0,0,0,0,1,mobile_cif.y4m,3.08,3.088,0.035637,0.013774,0.0,40
1,1,0,0,0,1,0,0,0,0,0,0,1,0,1,1,0,1,1,1,0,1,1,0,0,0,0,0,0,1,1,0,1,1,0,0,0,0,mobile_cif.y4m,93.4,93.442,0.115412,0.008121,0.0,186
1,1,0,0,1,0,0,0,0,0,0,0,1,0,1,1,0,0,1,0,1,1,0,0,0,1,0,0,0,1,0,1,1,0,0,0,0,1,mobile_cif.y4m,3.43,3.434,0.020736,0.016062,0.0,288
1,1,1,0,0,0,0,0,0,0,0,0,1,1,0,1,1,0,1,1,0,1,0,1,0,0,0,0,0,1,1,0,1,0,1,0,0,0,mobile_cif.y4m,5.13,5.128,0.070143,0.01207,0.0,82
1,1,0,0,0,0,0,0,0,0,1,0,1,0,1,1,1,1,1,0,1,1,0,0,0,1,0,0,0,1,0,1,0,0,0,0,0,0,mobile_cif.y4m,3.65,3.656,0.013416,0.007633,0.0,211
1,1,0,0,1,0,0,0,0,0,0,0,1,0,1,1,1,1,1,0,1,1,0,0,0,0,0,1,0,1,1,0,1,0,0,1,0,0,mobile_cif.y4m,68.03,68.068,0.383758,0.013621,0.0,347
1,1,0,1,0,0,0,0,0,0,0,0,1,0,1,1,0,0,1,1,0,1,1,0,0,0,0,0,0,1,1,0,1,0,0,0,1,0,mobile_cif.y4m,10.78,10.766,0.069498,0.016872,0.0,13
1,1,0,0,0,0,0,1,0,0,0,0,1,0,1,1,1,1,1,0,1,1,0,0,1,0,0,0,0,1,0,1,0,0,0,0,0,0,mobile_cif.y4m,303.67,303.674,0.256768,0.017302,0.0,228
1,1,0,0,0,0,0,0,0,1,0,0,1,1,0,1,0,1,1,0,1,1,0,0,1,0,0,0,0,1,0,1,1,0,0,0,0,1,mobile_cif.y4m,6.35,6.35,0.038079,0.009406,0.0,335
1,1,0,0,0,0,0,0,1,0,0,0,1,1,0,1,1,0,1,0,1,1,0,0,1,0,0,0,0,1,1,0,1,1,0,0,0,0,mobile_cif.y4m,18.46,18.318,0.218563,0.008331,0.0,24
1,1,1,0,0,0,0,0,0,0,0,0,1,0,1,1,0,1,1,0,1,1,0,1,0,0,0,0,0,1,0,1,1,0,0,1,0,0,mobile_cif.y4m,135.99,135.928,0.145499,0.015762,0.0,352
1,1,0,0,0,0,1,0,0,0,0,0,1,0,1,1,0,0,1,1,0,1,0,0,0,0,0,1,0,1,1,0,0,0,0,0,0,0,mobile_cif.y4m,3.86,3.856,0.015166,0.007694,0.0,368
1,1,1,0,0,0,0,0,0,0,0,0,1,0,1,1,1,1,1,1,0,1,0,1,0,0,0,0,0,1,1,0,0,0,0,0,0,0,mobile_cif.y4m,1.88,1.88,0.0,0.015651,0.0,80
1,1,0,0,1,0,0,0,0,0,0,0,1,1,0,1,0,0,1,0,1,1,0,1,0,0,0,0,0,1,0,1,0,0,0,0,0,0,mobile_cif.y4m,19.57,19.528,0.071554,0.014239,0.0,121
1,1,0,0,0,0,0,0,0,0,1,0,1,0,1,1,1,1,1,0,1,1,0,0,1,0,0,0,0,1,1,0,1,1,0,0,0,0,mobile_cif.y4m,3.67,3.67,0.02,0.007424,0.0,156
1,1,0,1,0,0,0,0,0,0,0,0,1,0,1,1,1,1,1,1,0,1,0,0,0,0,0,1,0,1,1,0,1,1,0,0,0,0,mobile_cif.y4m,1.16,1.164,0.008944,0.015127,0.0,9
1,1,0,0,0,0,0,0,0,0,1,0,1,1,0,1,0,0,1,1,0,1,0,0,0,0,1,0,0,1,1,0,1,0,0,0,0,1,mobile_cif.y4m,7.01,7.024,0.095551,0.009005,0.0,165
1,1,0,0,0,0,0,0,0,0,1,0,1,0,1,1,0,0,1,1,0,1,0,1,0,0,0,0,0,1,0,1,1,0,0,0,0,1,mobile_cif.y4m,4.64,4.622,0.036332,0.007848,0.0,126
1,1,0,0,1,0,0,0,0,0,0,0,1,1,0,1,1,1,1,0,1,1,0,0,1,0,0,0,0,1,0,1,1,0,1,0,0,0,mobile_cif.y4m,1.87,1.874,0.018166,0.015651,0.0,280
1,1,0,0,0,0,0,1,0,0,0,0,1,0,1,1,1,1,1,1,0,1,0,1,0,0,0,0,0,1,0,1,1,0,0,0,1,0,mobile_cif.y4m,1.44,1.438,0.004472,0.018212,0.0,172
1,1,0,0,0,0,0,0,0,0,1,0,1,0,1,1,0,1,1,1,0,1,0,0,0,1,0,0,0,1,0,1,0,0,0,0,0,0,mobile_cif.y4m,7.59,7.61,0.04062,0.012958,0.0,292
1,1,0,0,0,0,0,0,0,0,1,0,1,1,0,1,1,1,1,0,1,1,0,0,0,0,0,1,0,1,1,0,0,0,0,0,0,0,mobile_cif.y4m,15.47,15.482,0.068337,0.017111,0.0,105
1,1,0,0,0,1,0,0,0,0,0,0,1,0,1,1,1,1,1,0,1,1,0,0,0,0,0,0,1,1,1,0,1,0,1,0,0,0,mobile_cif.y4m,13.09,13.092,0.048166,0.008804,0.0,76
1,1,0,0,0,1,0,0,0,0,0,0,1,0,1,1,0,0,1,1,0,1,1,0,0,0,0,0,0,1,1,0,1,0,0,0,0,1,mobile_cif.y4m,74.1,73.922,0.624596,0.01648,0.0,221
1,1,0,0,0,0,0,0,0,0,1,0,1,1,0,1,1,0,1,1,0,1,0,0,0,0,1,0,0,1,0,1,1,0,0,0,0,1,mobile_cif.y4m,30.43,30.432,0.023875,0.008247,0.0,167
1,1,0,0,0,0,0,0,0,0,1,0,1,0,1,1,0,1,1,0,1,1,1,0,0,0,0,0,0,1,1,0,1,0,0,0,0,1,mobile_cif.y4m,164.64,164.704,0.243475,0.010073,0.0,35
1,1,0,0,1,0,0,0,0,0,0,0,1,1,0,1,0,0,1,1,0,1,0,1,0,0,0,0,0,1,0,1,1,0,1,0,0,0,mobile_cif.y4m,2.98,2.982,0.034205,0.007538,0.0,235
1,1,0,0,0,0,0,0,0,1,0,0,1,1,0,1,1,1,1,0,1,1,0,0,1,0,0,0,0,1,0,1,1,0,0,0,0,1,mobile_cif.y4m,9.79,9.796,0.019494,0.008948,0.0,333
1,1,0,0,0,0,1,0,0,0,0,0,1,0,1,1,1,1,1,1,0,1,0,1,0,0,0,0,0,1,1,0,0,0,0,0,0,0,mobile_cif.y4m,71.23,71.292,0.302771,0.016681,0.0,44
1,1,0,0,1,0,0,0,0,0,0,0,1,0,1,1,0,1,1,1,0,1,0,1,0,0,0,0,0,1,0,1,1,1,0,0,0,0,mobile_cif.y4m,108.95,109.018,0.111893,0.009343,0.0,256
1,1,0,0,0,0,0,1,0,0,0,0,1,0,1,1,1,0,1,0,1,1,0,1,0,0,0,0,0,1,0,1,1,0,0,0,0,1,mobile_cif.y4m,486.09,486.71,1.715765,0.008529,0.0,192
1,1,0,0,0,0,1,0,0,0,0,0,1,1,0,1,1,1,1,1,0,1,1,0,0,0,0,0,0,1,1,0,1,0,0,0,0,1,mobile_cif.y4m,12.37,12.352,0.088994,0.009393,0.0,41
1,1,0,0,0,0,0,0,0,0,1,0,1,0,1,1,0,1,1,1,0,1,0,0,0,0,0,1,0,1,0,1,1,0,0,0,1,0,mobile_cif.y4m,75.97,76.044,0.347246,0.012997,0.0,273
1,1,0,0,0,0,0,0,0,0,1,0,1,1,0,1,0,1,1,0,1,1,0,0,0,0,0,1,0,1,0,1,0,0,0,0,0,0,mobile_cif.y4m,70.24,69.864,0.69118,0.01351,0.0,101
1,1,0,0,0,0,0,0,0,0,1,0,1,0,1,1,1,1,1,0,1,1,0,0,0,0,1,0,0,1,1,0,1,0,1,0,0,0,mobile_cif.y4m,41.27,41.246,0.099146,0.016743,0.0,242
1,1,0,0,0,0,0,0,0,0,1,0,1,1,0,1,0,1,1,0,1,1,0,0,0,0,0,1,0,1,1,0,0,0,0,0,0,0,mobile_cif.y4m,9.2,9.224,0.116319,0.015108,0.0,103
1,1,1,0,0,0,0,0,0,0,0,0,1,1,0,1,1,0,1,1,0,1,0,1,0,0,0,0,0,1,0,1,0,0,0,0,0,0,mobile_cif.y4m,64.22,64.176,0.120333,0.009437,0.0,1
1,1,0,0,0,0,0,1,0,0,0,0,1,1,0,1,0,0,1,0,1,1,0,0,0,0,0,1,0,1,0,1,1,0,0,0,0,1,mobile_cif.y4m,5.6,5.632,0.058052,0.013575,0.0,56
1,1,0,0,1,0,0,0,0,0,0,0,1,0,1,1,0,0,1,0,1,1,0,0,0,0,0,0,1,1,0,1,0,0,0,0,0,0,mobile_cif.y4m,14.74,14.732,0.032711,0.017111,0.0,373
1,1,0,0,0,0,0,0,1,0,0,0,1,1,0,1,1,1,1,0,1,1,0,1,0,0,0,0,0,1,0,1,1,0,1,0,0,0,mobile_cif.y4m,117.57,117.312,1.006936,0.01661,0.0,318
1,1,0,0,0,1,0,0,0,0,0,0,1,1,0,1,0,0,1,1,0,1,0,0,0,0,1,0,0,1,1,0,0,0,0,0,0,0,mobile_cif.y4m,179.68,179.57,0.491172,0.01452,0.0,69
1,1,0,1,0,0,0,0,0,0,0,0,1,0,1,1,0,0,1,1,0,1,0,0,0,0,0,1,0,1,1,0,1,1,0,0,0,0,mobile_cif.y4m,4.51,4.52,0.023452,0.009152,0.0,11
1,1,0,0,1,0,0,0,0,0,0,0,1,0,1,1,0,0,1,1,0,1,0,1,0,0,0,0,0,1,0,1,1,0,0,1,0,0,mobile_cif.y4m,5.78,5.774,0.032863,0.013618,0.0,258
1,1,0,0,0,0,0,0,0,0,1,0,1,0,1,1,0,0,1,1,0,1,0,1,0,0,0,0,0,1,1,0,1,0,1,0,0,0,mobile_cif.y4m,270.11,270.154,0.16772,0.008631,0.0,238
1,1,0,0,0,0,0,1,0,0,0,0,1,0,1,1,1,0,1,1,0,1,1,0,0,0,0,0,0,1,0,1,1,0,0,0,1,0,mobile_cif.y4m,277.7,277.754,0.479249,0.01444,0.0,173
1,1,0,0,0,0,0,1,0,0,0,0,1,0,1,1,0,1,1,0,1,1,0,1,0,0,0,0,0,1,0,1,1,1,0,0,0,0,mobile_cif.y4m,217.4,217.358,0.177679,0.009429,0.0,190
1,1,0,1,0,0,0,0,0,0,0,0,1,0,1,1,1,0,1,1,0,1,0,0,0,0,0,1,0,1,0,1,1,1,0,0,0,0,mobile_cif.y4m,56.65,56.654,0.199324,0.008926,0.0,7
1,1,0,0,0,1,0,0,0,0,0,0,1,0,1,1,1,1,1,0,1,1,0,0,0,0,0,0,1,1,1,0,0,0,0,0,0,0,mobile_cif.y4m,2.18,2.2,0.05244,0.015749,0.0,323
1,1,0,0,0,1,0,0,0,0,0,0,1,0,1,1,0,0,1,0,1,1,0,0,0,0,0,0,1,1,1,0,1,0,0,0,1,0,mobile_cif.y4m,124.02,124.714,1.631757,0.009166,0.0,73
1,1,0,0,0,0,0,0,0,0,1,0,1,0,1,1,1,0,1,0,1,1,0,1,0,0,0,0,0,1,0,1,0,0,0,0,0,0,mobile_cif.y4m,131.34,131.324,0.04827,0.013563,0.0,209
1,1,0,1,0,0,0,0,0,0,0,0,1,1,0,1,1,0,1,0,1,1,1,0,0,0,0,0,0,1,1,0,0,0,0,0,0,0,mobile_cif.y4m,5.1,5.1,0.030822,0.009104,0.0,138
1,1,0,0,0,1,0,0,0,0,0,0,1,1,0,1,1,1,1,1,0,1,0,0,0,0,0,1,0,1,0,1,0,0,0,0,0,0,mobile_cif.y4m,75.6,75.68,0.206761,0.007922,0.0,264
1,1,0,0,0,0,0,0,0,1,0,0,1,0,1,1,0,1,1,0,1,1,0,0,0,0,0,1,0,1,0,1,1,0,0,0,1,0,mobile_cif.y4m,189.92,189.708,0.629817,0.01452,0.0,98
1,1,0,0,0,0,0,0,0,0,1,0,1,1,0,1,0,0,1,0,1,1,0,0,0,0,0,1,0,1,1,0,1,0,0,1,0,0,mobile_cif.y4m,3.52,3.504,0.040373,0.007962,0.0,380
1,1,0,0,1,0,0,0,0,0,0,0,1,1,0,1,1,1,1,1,0,1,0,1,0,0,0,0,0,1,1,0,1,0,1,0,0,0,mobile_cif.y4m,133.53,133.428,0.261668,0.013013,0.0,85
1,1,0,0,0,0,0,0,0,0,1,0,1,0,1,1,0,0,1,0,1,1,1,0,0,0,0,0,0,1,0,1,1,0,0,0,1,0,mobile_cif.y4m,63.99,63.99,0.103682,0.013769,0.0,31
1,1,0,1,0,0,0,0,0,0,0,0,1,0,1,1,1,0,1,1,0,1,0,0,0,0,0,1,0,1,1,0,1,1,0,0,0,0,mobile_cif.y4m,3.61,3.602,0.031937,0.013774,0.0,8
1,1,0,0,1,0,0,0,0,0,0,0,1,1,0,1,1,1,1,1,0,1,1,0,0,0,0,0,0,1,0,1,1,1,0,0,0,0,mobile_cif.y4m,6.77,6.754,0.075697,0.014165,0.0,216
1,1,0,0,1,0,0,0,0,0,0,0,1,1,0,1,1,1,1,0,1,1,0,0,0,1,0,0,0,1,0,1,1,1,0,0,0,0,mobile_cif.y4m,1.46,1.464,0.005477,0.015797,0.0,214
1,1,0,0,0,0,0,0,1,0,0,0,1,1,0,1,0,0,1,1,0,1,0,0,0,0,0,1,0,1,1,0,0,0,0,0,0,0,mobile_cif.y4m,6.94,6.962,0.035637,0.007859,0.0,341
1,1,0,0,1,0,0,0,0,0,0,0,1,1,0,1,0,0,1,1,0,1,0,1,0,0,0,0,0,1,1,0,1,0,1,0,0,0,mobile_cif.y4m,4.61,4.592,0.042071,0.013581,0.0,236
1,1,0,0,0,0,0,0,0,0,1,0,1,0,1,1,0,0,1,0,1,1,0,0,0,0,1,0,0,1,1,0,1,0,1,0,0,0,mobile_cif.y4m,11.5,11.47,0.053852,0.013223,0.0,240
1,1,0,0,0,0,0,1,0,0,0,0,1,0,1,1,0,0,1,0,1,1,0,0,0,1,0,0,0,1,0,1,1,0,0,0,1,0,mobile_cif.y4m,10.18,10.156,0.055498,0.015108,0.0,51
1,1,1,0,0,0,0,0,0,0,0,0,1,0,1,1,1,1,1,0,1,1,0,0,0,0,0,0,1,1,1,0,1,0,1,0,0,0,mobile_cif.y4m,6.96,6.94,0.048477,0.016973,0.0,77
1,1,0,0,0,0,0,0,0,0,1,0,1,0,1,1,1,0,1,1,0,1,0,0,0,0,0,1,0,1,0,1,1,0,0,0,0,1,mobile_cif.y4m,8.45,8.448,0.039623,0.013522,0.0,128
1,1,0,0,1,0,0,0,0,0,0,0,1,1,0,1,0,0,1,1,0,1,0,1,0,0,0,0,0,1,0,1,0,0,0,0,0,0,mobile_cif.y4m,68.24,68.252,0.040866,0.016689,0.0,234
1,1,0,0,0,0,0,0,1,0,0,0,1,0,1,1,1,0,1,0,1,1,0,0,0,0,0,1,0,1,0,1,1,0,0,0,1,0,mobile_cif.y4m,500.5,500.538,0.114978,0.008529,0.0,28
1,1,0,0,1,0,0,0,0,0,0,0,1,1,0,1,1,0,1,0,1,1,1,0,0,0,0,0,0,1,1,0,0,0,0,0,0,0,mobile_cif.y4m,54.3,54.168,0.566366,0.008926,0.0,139
1,1,0,0,0,0,0,0,0,0,1,0,1,0,1,1,1,0,1,1,0,1,0,0,0,0,1,0,0,1,1,0,1,0,1,0,0,0,mobile_cif.y4m,1.35,1.352,0.004472,0.015179,0.0,152
1,1,0,1,0,0,0,0,0,0,0,0,1,0,1,1,0,0,1,1,0,1,0,0,0,0,0,1,0,1,1,0,1,0,0,0,1,0,mobile_cif.y4m,85.9,85.854,0.18942,0.015752,0.0,12
1,1,0,0,0,0,1,0,0,0,0,0,1,0,1,1,0,1,1,1,0,1,0,0,0,0,0,1,0,1,1,0,0,0,0,0,0,0,mobile_cif.y4m,1.32,1.334,0.042778,0.015179,0.0,369
1,1,0,0,0,0,0,0,0,0,0,1,1,1,0,1,1,0,1,0,1,1,0,0,0,0,0,1,0,1,0,1,1,0,0,0,0,1,mobile_cif.y4m,30.37,30.366,0.011402,0.008247,0.0,58
1,1,0,0,0,0,0,0,1,0,0,0,1,1,0,1,1,0,1,1,0,1,1,0,0,0,0,0,0,1,1,0,0,0,0,0,0,0,mobile_cif.y4m,22.92,22.944,0.120955,0.014008,0.0,64
1,1,0,0,0,0,0,0,1,0,0,0,1,1,0,1,1,0,1,1,0,1,0,0,1,0,0,0,0,1,1,0,1,1,0,0,0,0,mobile_cif.y4m,22.79,22.778,0.035637,0.017084,0.0,21
1,1,0,0,0,1,0,0,0,0,0,0,1,0,1,1,1,1,1,0,1,1,0,0,1,0,0,0,0,1,1,0,1,0,0,0,0,1,mobile_cif.y4m,66.93,66.964,0.200699,0.013621,0.0,225
1,1,0,0,0,0,1,0,0,0,0,0,1,0,1,1,1,0,1,1,0,1,0,0,0,0,0,1,0,1,1,0,1,0,0,0,1,0,mobile_cif.y4m,97.16,96.868,0.519153,0.009186,0.0,366
1,1,0,0,0,0,0,1,0,0,0,0,1,0,1,1,1,1,1,0,1,1,0,0,1,0,0,0,0,1,0,1,1,0,0,0,0,1,mother_daughter_cif.y4m,2.45,2.456,0.027019,0.001961,0.0,114
1,1,0,0,1,0,0,0,0,0,0,0,1,1,0,1,1,1,1,0,1,1,0,0,1,0,0,0,0,1,1,0,1,0,1,0,0,0,mother_daughter_cif.y4m,1.63,1.626,0.011402,0.001677,0.0,281
1,1,0,0,0,1,0,0,0,0,0,0,1,0,1,1,1,0,1,1,0,1,0,0,0,0,0,0,1,1,1,0,1,0,0,1,0,0,mother_daughter_cif.y4m,3.44,3.438,0.004472,0.001855,0.0,325
1,1,1,0,0,0,0,0,0,0,0,0,1,1,0,1,1,0,1,1,0,1,0,0,0,0,1,0,0,1,1,0,1,1,0,0,0,0,mother_daughter_cif.y4m,3.06,3.054,0.027928,0.002161,0.0,181
1,1,0,0,0,0,0,0,1,0,0,0,1,1,0,1,1,0,1,0,1,1,0,0,1,0,0,0,0,1,1,0,1,0,0,0,0,1,mother_daughter_cif.y4m,63.1,63.122,0.192925,0.002112,0.0,247
1,1,0,0,0,0,0,0,0,0,1,0,1,1,0,1,1,0,1,1,0,1,0,0,0,0,1,0,0,1,1,0,1,0,0,0,0,1,mother_daughter_cif.y4m,82.04,81.928,0.266964,0.002672,0.0,166
1,1,0,0,0,0,0,0,1,0,0,0,1,1,0,1,1,0,1,0,1,1,0,0,1,0,0,0,0,1,1,0,1,0,0,0,1,0,mother_daughter_cif.y4m,4.58,4.58,0.051478,0.001945,0.0,25
1,1,0,0,0,0,0,1,0,0,0,0,1,0,1,1,0,0,1,1,0,1,0,1,0,0,0,0,0,1,0,1,0,0,0,0,0,0,mother_daughter_cif.y4m,6.06,6.16,0.218632,0.002977,0.0,355
1,1,0,0,1,0,0,0,0,0,0,0,1,1,0,1,0,0,1,1,0,1,1,0,0,0,0,0,0,1,1,0,1,0,0,0,0,1,mother_daughter_cif.y4m,0.81,0.81,0.007071,0.001505,0.0,219
1,1,0,0,0,1,0,0,0,0,0,0,1,1,0,1,1,0,1,1,0,1,0,0,0,0,1,0,0,1,1,0,1,1,0,0,0,0,mother_daughter_cif.y4m,6.33,6.296,0.234051,0.002977,0.0,182
1,1,0,1,0,0,0,0,0,0,0,0,1,0,1,1,0,1,1,1,0,1,0,0,0,0,0,1,0,1,1,0,1,1,0,0,0,0,mother_daughter_cif.y4m,2.19,2.188,0.019235,0.00229,0.0,10
1,1,0,0,1,0,0,0,0,0,0,0,1,1,0,1,1,0,1,0,1,1,0,0,1,0,0,0,0,1,0,1,1,0,0,0,0,1,mother_daughter_cif.y4m,20.02,20.036,0.161028,0.00205,0.0,116
1,1,0,0,0,1,0,0,0,0,0,0,1,1,0,1,1,1,1,0,1,1,0,0,0,0,0,1,0,1,0,1,1,1,0,0,0,0,mother_daughter_cif.y4m,4.01,4.006,0.039115,0.001839,0.0,266
1,1,0,0,0,0,0,0,1,0,0,0,1,1,0,1,0,0,1,0,1,1,0,0,1,0,0,0,0,1,1,0,1,0,0,1,0,0,mother_daughter_cif.y4m,18.55,18.462,0.22775,0.003714,0.0,313
1,1,0,0,0,0,0,1,0,0,0,0,1,0,1,1,0,0,1,1,0,1,0,0,0,0,0,0,1,1,0,1,0,0,0,0,0,0,mother_daughter_cif.y4m,9.81,9.804,0.045607,0.003791,0.0,357
1,1,0,0,0,1,0,0,0,0,0,0,1,0,1,1,0,1,1,0,1,1,1,0,0,0,0,0,0,1,1,0,1,1,0,0,0,0,mother_daughter_cif.y4m,1.47,1.466,0.005477,0.003547,0.0,187
1,1,0,0,0,0,0,0,1,0,0,0,1,1,0,1,1,1,1,0,1,1,0,0,1,0,0,0,0,1,1,0,1,1,0,0,0,0,mother_daughter_cif.y4m,160.13,160.16,0.114237,0.002617,0.0,23
1,1,0,0,1,0,0,0,0,0,0,0,1,1,0,1,1,0,1,1,0,1,0,1,0,0,0,0,0,1,0,1,0,0,0,0,0,0,mother_daughter_cif.y4m,25.67,25.668,0.080747,0.002324,0.0,2
1,1,0,0,0,0,0,0,0,0,0,1,1,1,0,1,1,0,1,0,1,1,0,0,0,0,0,1,0,1,1,0,1,1,0,0,0,0,mother_daughter_cif.y4m,82.12,81.702,0.87331,0.002229,0.0,301
1,1,0,0,0,0,0,1,0,0,0,0,1,0,1,1,0,1,1,1,0,1,0,1,0,0,0,0,0,1,0,1,0,0,0,0,0,0,mother_daughter_cif.y4m,79.4,79.988,2.260812,0.003642,0.0,356
1,1,0,0,0,0,0,0,0,0,1,0,1,1,0,1,0,1,1,0,1,1,0,0,0,0,0,1,0,1,0,1,1,1,0,0,0,0,mother_daughter_cif.y4m,7.54,7.544,0.015166,0.002744,0.0,269
1,1,0,0,0,0,0,0,0,0,1,0,1,0,1,1,0,1,1,1,0,1,0,0,1,0,0,0,0,1,0,1,1,0,0,0,1,0,mother_daughter_cif.y4m,7.24,7.188,0.095499,0.003873,0.0,274
1,1,0,0,0,0,0,0,0,0,1,0,1,0,1,1,0,1,1,1,0,1,0,0,0,1,0,0,0,1,1,0,1,1,0,0,0,0,mother_daughter_cif.y4m,3.85,3.846,0.029665,0.003177,0.0,307
1,1,0,0,1,0,0,0,0,0,0,0,1,0,1,1,0,1,1,1,0,1,0,0,1,0,0,0,0,1,0,1,1,1,0,0,0,0,mother_daughter_cif.y4m,14.2,13.894,0.484696,0.002046,0.0,254
1,1,0,0,0,0,0,0,0,0,1,0,1,0,1,1,0,1,1,0,1,1,0,1,0,0,0,0,0,1,0,1,0,0,0,0,0,0,mother_daughter_cif.y4m,0.96,0.96,0.014142,0.001614,0.0,208
1,1,0,0,1,0,0,0,0,0,0,0,1,1,0,1,1,1,1,1,0,1,0,0,1,0,0,0,0,1,0,1,1,0,1,0,0,0,mother_daughter_cif.y4m,1.1,1.104,0.018166,0.003225,0.0,279
1,1,0,0,0,0,0,1,0,0,0,0,1,1,0,1,1,1,1,1,0,1,0,1,0,0,0,0,0,1,0,1,1,0,0,0,1,0,mother_daughter_cif.y4m,3.92,3.928,0.035637,0.002185,0.0,171
1,1,0,0,0,0,0,0,0,1,0,0,1,1,0,1,0,1,1,0,1,1,0,0,0,0,0,1,0,1,0,1,1,0,0,0,1,0,mother_daughter_cif.y4m,17.8,17.89,0.322025,0.003714,0.0,99
1,1,1,0,0,0,0,0,0,0,0,0,1,0,1,1,1,1,1,1,0,1,0,1,0,0,0,0,0,1,1,0,1,0,1,0,0,0,mother_daughter_cif.y4m,4.83,4.84,0.071764,0.002054,0.0,81
1,1,0,0,0,0,0,0,0,0,1,0,1,0,1,1,1,1,1,0,1,1,0,0,1,0,0,0,0,1,1,0,1,0,1,0,0,0,mother_daughter_cif.y4m,1.56,1.6,0.074833,0.002211,0.0,155
1,1,0,0,0,1,0,0,0,0,0,0,1,1,0,1,0,1,1,1,0,1,1,0,0,0,0,0,0,1,1,0,1,1,0,0,0,0,mother_daughter_cif.y4m,2.88,2.892,0.042071,0.003177,0.0,185
1,1,0,0,1,0,0,0,0,0,0,0,1,1,0,1,0,0,1,0,1,1,0,0,0,0,0,1,0,1,0,1,0,0,0,0,0,0,mother_daughter_cif.y4m,1.75,1.75,0.025495,0.001958,0.0,376
1,1,0,0,0,0,0,0,1,0,0,0,1,1,0,1,0,1,1,0,1,1,0,1,0,0,0,0,0,1,1,0,0,0,0,0,0,0,mother_daughter_cif.y4m,0.68,0.68,0.007071,0.001868,0.0,204
1,1,0,0,0,0,0,0,1,0,0,0,1,1,0,1,1,0,1,0,1,1,0,0,0,0,1,0,0,1,1,0,1,0,0,0,0,1,mother_daughter_cif.y4m,40.6,40.422,0.529216,0.002381,0.0,246
1,1,0,0,0,0,0,1,0,0,0,0,1,1,0,1,1,1,1,0,1,1,0,0,1,0,0,0,0,1,0,1,0,0,0,0,0,0,mother_daughter_cif.y4m,22.38,22.428,0.20204,0.002177,0.0,230
1,1,0,0,0,0,0,0,1,0,0,0,1,0,1,1,1,0,1,0,1,1,0,0,0,0,0,1,0,1,1,0,1,0,0,0,1,0,mother_daughter_cif.y4m,36.94,36.758,0.556525,0.00444,0.0,27
1,1,0,1,0,0,0,0,0,0,0,0,1,1,0,1,1,1,1,0,1,1,1,0,0,0,0,0,0,1,1,0,0,0,0,0,0,0,mother_daughter_cif.y4m,2.25,2.258,0.013038,0.001707,0.0,137
1,1,0,0,0,0,0,0,0,0,1,0,1,1,0,1,1,1,1,1,0,1,0,0,0,0,1,0,0,1,0,1,1,0,0,0,1,0,mother_daughter_cif.y4m,3.24,3.246,0.018166,0.003307,0.0,169
1,1,0,0,0,0,0,0,0,0,1,0,1,0,1,1,0,1,1,0,1,1,1,0,0,0,0,0,0,1,0,1,1,0,0,0,0,1,mother_daughter_cif.y4m,46.56,46.63,0.131529,0.002186,0.0,33
1,1,0,0,0,0,0,0,1,0,0,0,1,0,1,1,0,1,1,0,1,1,0,1,0,0,0,0,0,1,1,0,0,0,0,0,0,0,mother_daughter_cif.y4m,18.11,18.0,0.323574,0.004144,0.0,205
1,1,0,0,0,0,0,0,0,0,1,0,1,1,0,1,1,0,1,0,1,1,0,0,0,0,1,0,0,1,1,0,1,0,0,0,0,1,mother_daughter_cif.y4m,4.39,4.392,0.026833,0.00207,0.0,245
1,1,1,0,0,0,0,0,0,0,0,0,1,1,0,1,0,0,1,1,0,1,0,0,1,0,0,0,0,1,1,0,1,0,0,0,0,1,mother_daughter_cif.y4m,3.0,2.99,0.04,0.001865,0.0,163
1,1,0,0,1,0,0,0,0,0,0,0,1,1,0,1,1,0,1,1,0,1,1,0,0,0,0,0,0,1,0,1,1,1,0,0,0,0,mother_daughter_cif.y4m,1.75,1.75,0.018708,0.001958,0.0,4
1,1,0,0,1,0,0,0,0,0,0,0,1,1,0,1,0,0,1,0,1,1,1,0,0,0,0,0,0,1,1,0,1,0,0,0,1,0,mother_daughter_cif.y4m,1.55,1.536,0.043932,0.003225,0.0,141
1,1,1,0,0,0,0,0,0,0,0,0,1,1,0,1,1,1,1,0,1,1,0,0,1,0,0,0,0,1,1,0,1,1,0,0,0,0,mother_daughter_cif.y4m,84.31,84.018,0.729466,0.002419,0.0,159
1,1,0,0,0,0,0,0,1,0,0,0,1,1,0,1,0,1,1,0,1,1,0,0,1,0,0,0,0,1,0,1,1,0,0,0,0,1,mother_daughter_cif.y4m,7.72,7.696,0.075697,0.003392,0.0,336
1,1,0,0,0,1,0,0,0,0,0,0,1,1,0,1,0,0,1,0,1,1,0,0,0,0,0,0,1,1,1,0,1,0,0,0,1,0,mother_daughter_cif.y4m,22.18,22.132,0.137732,0.002064,0.0,72
1,1,0,0,0,0,0,0,1,0,0,0,1,1,0,1,1,0,1,1,0,1,0,0,1,0,0,0,0,1,1,0,1,0,0,0,0,1,mother_daughter_cif.y4m,3.44,3.448,0.027749,0.002191,0.0,248
1,1,0,1,0,0,0,0,0,0,0,0,1,0,1,1,1,1,1,1,0,1,0,0,0,0,0,1,0,1,0,1,1,0,0,0,0,1,mother_daughter_cif.y4m,67.94,67.764,0.493082,0.002298,0.0,130
1,1,0,0,0,1,0,0,0,0,0,0,1,0,1,1,1,1,1,1,0,1,0,0,0,0,0,0,1,1,1,0,0,0,0,0,0,0,mother_daughter_cif.y4m,51.1,51.16,0.364897,0.002929,0.0,324
1,1,1,0,0,0,0,0,0,0,0,0,1,0,1,1,0,1,1,1,0,1,0,1,0,0,0,0,0,1,0,1,0,0,0,0,0,0,mother_daughter_cif.y4m,51.08,51.034,0.302704,0.004384,0.0,354
1,1,0,0,0,0,0,0,0,0,1,0,1,0,1,1,0,0,1,1,0,1,0,0,0,1,0,0,0,1,0,1,0,0,0,0,0,0,mother_daughter_cif.y4m,27.95,27.96,0.120416,0.001965,0.0,291
1,1,0,0,0,0,0,0,0,0,1,0,1,1,0,1,0,0,1,1,0,1,0,1,0,0,0,0,0,1,1,0,1,0,1,0,0,0,mother_daughter_cif.y4m,1.13,1.122,0.013038,0.001658,0.0,237
1,1,0,0,0,1,0,0,0,0,0,0,1,1,0,1,1,0,1,1,0,1,1,0,0,0,0,0,0,1,1,0,1,1,0,0,0,0,mother_daughter_cif.y4m,1.44,1.446,0.008944,0.001766,0.0,183
1,1,0,0,0,1,0,0,0,0,0,0,1,0,1,1,1,1,1,0,1,1,0,0,1,0,0,0,0,1,0,1,0,0,0,0,0,0,mother_daughter_cif.y4m,1.27,1.264,0.008944,0.001804,0.0,227
1,1,0,0,0,0,0,0,1,0,0,0,1,1,0,1,0,1,1,0,1,1,0,0,0,0,0,1,0,1,0,1,0,0,0,0,0,0,mother_daughter_cif.y4m,3.56,3.564,0.020736,0.002398,0.0,338
1,1,0,0,1,0,0,0,0,0,0,0,1,0,1,1,0,0,1,0,1,1,1,0,0,0,0,0,0,1,1,0,1,0,0,0,1,0,mother_daughter_cif.y4m,12.37,12.374,0.058566,0.002068,0.0,142
1,1,0,0,1,0,0,0,0,0,0,0,1,1,0,1,1,1,1,0,1,1,0,0,1,0,0,0,0,1,1,0,1,0,0,0,0,1,mother_daughter_cif.y4m,10.13,10.134,0.0251,0.002791,0.0,332
1,1,0,0,0,0,0,0,0,1,0,0,1,0,1,1,0,0,1,1,0,1,0,0,0,0,1,0,0,1,0,1,1,0,0,0,1,0,mother_daughter_cif.y4m,75.74,75.348,1.088839,0.00206,0.0,95
1,1,0,0,1,0,0,0,0,0,0,0,1,0,1,1,0,0,1,0,1,1,0,0,0,1,0,0,0,1,0,1,0,0,0,0,0,0,mother_daughter_cif.y4m,6.48,6.47,0.07874,0.002859,0.0,289
1,1,0,0,1,0,0,0,0,0,0,0,1,1,0,1,0,0,1,0,1,1,0,0,0,0,0,1,0,1,0,1,1,0,0,1,0,0,mother_daughter_cif.y4m,1.08,1.08,0.015811,0.001658,0.0,378
1,1,0,0,1,0,0,0,0,0,0,0,1,1,0,1,1,1,1,1,0,1,0,0,1,0,0,0,0,1,0,1,1,0,0,0,1,0,mother_daughter_cif.y4m,24.26,24.24,0.093005,0.002055,0.0,278
1,1,0,0,0,0,0,0,0,0,1,0,1,0,1,1,1,0,1,0,1,1,1,0,0,0,0,0,0,1,0,1,1,0,0,0,1,0,mother_daughter_cif.y4m,4.23,4.242,0.093113,0.002889,0.0,30
1,1,0,0,1,0,0,0,0,0,0,0,1,1,0,1,0,0,1,0,1,1,0,1,0,0,0,0,0,1,0,1,1,0,0,0,0,1,mother_daughter_cif.y4m,0.97,0.968,0.014832,0.00205,0.0,120
1,1,0,0,0,1,0,0,0,0,0,0,1,1,0,1,1,1,1,0,1,1,0,0,0,0,0,1,0,1,0,1,0,0,0,0,0,0,mother_daughter_cif.y4m,1.4,1.4,0.012247,0.002063,0.0,265
1,1,0,0,0,0,0,0,0,0,1,0,1,1,0,1,1,0,1,1,0,1,0,0,0,0,0,1,0,1,0,1,0,0,0,0,0,0,mother_daughter_cif.y4m,2.88,2.89,0.036742,0.001949,0.0,296
1,1,0,0,0,0,0,1,0,0,0,0,1,1,0,1,1,1,1,1,0,1,0,1,0,0,0,0,0,1,0,1,0,0,0,0,0,0,mother_daughter_cif.y4m,5.59,5.562,0.055408,0.00228,0.0,232
1,1,0,0,0,0,0,0,0,0,1,0,1,0,1,1,0,0,1,1,0,1,0,0,1,0,0,0,0,1,1,0,1,0,0,1,0,0,mother_daughter_cif.y4m,4.54,4.544,0.056833,0.003037,0.0,310
1,1,0,0,0,0,0,1,0,0,0,0,1,0,1,1,1,1,1,0,1,1,0,0,0,0,0,1,0,1,0,1,1,0,0,1,0,0,mother_daughter_cif.y4m,47.57,47.374,0.715493,0.002825,0.0,349
1,1,0,0,1,0,0,0,0,0,0,0,1,1,0,1,0,1,1,0,1,1,0,0,0,0,0,1,0,1,0,1,0,0,0,0,0,0,mother_daughter_cif.y4m,2.87,2.87,0.007071,0.002872,0.0,377
1,1,0,0,0,0,0,0,0,1,0,0,1,0,1,1,1,1,1,1,0,1,0,0,0,0,1,0,0,1,0,1,1,0,0,0,1,0,mother_daughter_cif.y4m,80.67,80.448,0.763492,0.002199,0.0,94
1,1,1,0,0,0,0,0,0,0,0,0,1,1,0,1,1,0,1,0,1,1,1,0,0,0,0,0,0,1,0,1,1,1,0,0,0,0,mother_daughter_cif.y4m,3.86,3.876,0.053198,0.003177,0.0,178
1,1,0,0,0,0,0,0,0,0,1,0,1,0,1,1,0,0,1,1,0,1,0,0,0,0,0,1,0,1,0,1,1,0,0,0,0,1,mother_daughter_cif.y4m,3.8,3.778,0.065345,0.002774,0.0,127
1,1,0,0,0,0,0,1,0,0,0,0,1,0,1,1,1,0,1,0,1,1,0,0,0,1,0,0,0,1,0,1,1,0,0,0,1,0,mother_daughter_cif.y4m,1.13,1.132,0.008367,0.001475,0.0,111
1,1,1,0,0,0,0,0,0,0,0,0,1,0,1,1,0,1,1,1,0,1,0,1,0,0,0,0,0,1,0,1,1,0,0,1,0,0,mother_daughter_cif.y4m,2.69,2.706,0.032094,0.002597,0.0,353
1,1,0,0,0,0,1,0,0,0,0,0,1,0,1,1,1,1,1,1,0,1,0,1,0,0,0,0,0,1,1,0,1,0,0,0,1,0,mother_daughter_cif.y4m,2.91,2.91,0.012247,0.00229,0.0,45
1,1,0,0,0,1,0,0,0,0,0,0,1,0,1,1,1,1,1,0,1,1,0,0,1,0,0,0,0,1,1,0,0,0,0,0,0,0,mother_daughter_cif.y4m,0.92,0.918,0.008367,0.001762,0.0,226
1,1,0,0,0,0,0,0,0,0,0,1,1,1,0,1,1,0,1,0,1,1,0,0,0,0,0,1,0,1,1,0,1,0,0,0,0,1,mother_daughter_cif.y4m,3.62,3.622,0.032711,0.002143,0.0,59
1,1,0,0,0,0,0,0,1,0,0,0,1,1,0,1,1,1,1,1,0,1,1,0,0,0,0,0,0,1,0,1,1,1,0,0,0,0,mother_daughter_cif.y4m,23.6,23.734,0.332385,0.002324,0.0,19
1,1,0,0,0,0,0,0,0,0,0,1,1,1,0,1,0,1,1,0,1,1,0,0,0,1,0,0,0,1,1,0,1,1,0,0,0,0,mother_daughter_cif.y4m,13.76,13.868,0.544123,0.002159,0.0,304
1,1,0,0,0,0,0,0,1,0,0,0,1,0,1,1,0,1,1,0,1,1,0,1,0,0,0,0,0,1,0,1,0,0,0,0,0,0,mother_daughter_cif.y4m,3.36,3.364,0.005477,0.002191,0.0,207
1,1,0,0,0,0,1,0,0,0,0,0,1,1,0,1,1,1,1,1,0,1,0,1,0,0,0,0,0,1,1,0,0,0,0,0,0,0,mother_daughter_cif.y4m,65.25,65.284,0.404203,0.002306,0.0,43
1,1,0,0,0,0,1,0,0,0,0,0,1,1,0,1,1,0,1,1,0,1,1,0,0,0,0,0,0,1,1,0,1,0,0,0,0,1,mother_daughter_cif.y4m,1.41,1.402,0.031145,0.001755,0.0,40
1,1,0,0,0,1,0,0,0,0,0,0,1,0,1,1,0,1,1,1,0,1,1,0,0,0,0,0,0,1,1,0,1,1,0,0,0,0,mother_daughter_cif.y4m,50.21,50.218,0.016432,0.002885,0.0,186
1,1,0,0,1,0,0,0,0,0,0,0,1,0,1,1,0,0,1,0,1,1,0,0,0,1,0,0,0,1,0,1,1,0,0,0,0,1,mother_daughter_cif.y4m,1.84,1.852,0.027749,0.00198,0.0,288
1,1,1,0,0,0,0,0,0,0,0,0,1,1,0,1,1,0,1,1,0,1,0,1,0,0,0,0,0,1,1,0,1,0,1,0,0,0,mother_daughter_cif.y4m,3.05,3.046,0.057706,0.002161,0.0,82
1,1,0,0,0,0,0,0,0,0,1,0,1,0,1,1,1,1,1,0,1,1,0,0,0,1,0,0,0,1,0,1,0,0,0,0,0,0,mother_daughter_cif.y4m,2.4,2.406,0.021909,0.001952,0.0,211
1,1,0,0,1,0,0,0,0,0,0,0,1,0,1,1,1,1,1,0,1,1,0,0,0,0,0,1,0,1,1,0,1,0,0,1,0,0,mother_daughter_cif.y4m,39.66,39.028,1.129588,0.002381,0.0,347
1,1,0,1,0,0,0,0,0,0,0,0,1,0,1,1,0,0,1,1,0,1,1,0,0,0,0,0,0,1,1,0,1,0,0,0,1,0,mother_daughter_cif.y4m,5.34,5.35,0.05099,0.001943,0.0,13
1,1,0,0,0,0,0,1,0,0,0,0,1,0,1,1,1,1,1,0,1,1,0,0,1,0,0,0,0,1,0,1,0,0,0,0,0,0,mother_daughter_cif.y4m,186.01,185.708,0.672808,0.002018,0.0,228
1,1,0,0,0,0,0,0,0,1,0,0,1,1,0,1,0,1,1,0,1,1,0,0,1,0,0,0,0,1,0,1,1,0,0,0,0,1,mother_daughter_cif.y4m,4.06,4.054,0.058138,0.002185,0.0,335
1,1,0,0,0,0,0,0,1,0,0,0,1,1,0,1,1,0,1,0,1,1,0,0,1,0,0,0,0,1,1,0,1,1,0,0,0,0,mother_daughter_cif.y4m,12.36,12.418,0.190578,0.002736,0.0,24
1,1,1,0,0,0,0,0,0,0,0,0,1,0,1,1,0,1,1,0,1,1,0,1,0,0,0,0,0,1,0,1,1,0,0,1,0,0,mother_daughter_cif.y4m,78.69,78.74,0.217486,0.004352,0.0,352
1,1,0,0,0,0,1,0,0,0,0,0,1,0,1,1,0,0,1,1,0,1,0,0,0,0,0,1,0,1,1,0,0,0,0,0,0,0,mother_daughter_cif.y4m,2.58,2.574,0.013416,0.001974,0.0,368
1,1,1,0,0,0,0,0,0,0,0,0,1,0,1,1,1,1,1,1,0,1,0,1,0,0,0,0,0,1,1,0,0,0,0,0,0,0,mother_daughter_cif.y4m,1.11,1.108,0.004472,0.002075,0.0,80
1,1,0,0,1,0,0,0,0,0,0,0,1,1,0,1,0,0,1,0,1,1,0,1,0,0,0,0,0,1,0,1,0,0,0,0,0,0,mother_daughter_cif.y4m,15.46,15.226,0.526859,0.002412,0.0,121
1,1,0,0,0,0,0,0,0,0,1,0,1,0,1,1,1,1,1,0,1,1,0,0,1,0,0,0,0,1,1,0,1,1,0,0,0,0,mother_daughter_cif.y4m,1.95,1.954,0.011402,0.001707,0.0,156
1,1,0,1,0,0,0,0,0,0,0,0,1,0,1,1,1,1,1,1,0,1,0,0,0,0,0,1,0,1,1,0,1,1,0,0,0,0,mother_daughter_cif.y4m,0.66,0.656,0.005477,0.001495,0.0,9
1,1,0,0,0,0,0,0,0,0,1,0,1,1,0,1,0,0,1,1,0,1,0,0,0,0,1,0,0,1,1,0,1,0,0,0,0,1,mother_daughter_cif.y4m,4.14,4.132,0.025884,0.00207,0.0,165
1,1,0,0,0,0,0,0,0,0,1,0,1,0,1,1,0,0,1,1,0,1,0,1,0,0,0,0,0,1,0,1,1,0,0,0,0,1,mother_daughter_cif.y4m,2.89,2.894,0.016733,0.001849,0.0,126
1,1,0,0,1,0,0,0,0,0,0,0,1,1,0,1,1,1,1,0,1,1,0,0,1,0,0,0,0,1,0,1,1,0,1,0,0,0,mother_daughter_cif.y4m,1.1,1.102,0.004472,0.002075,0.0,280
1,1,0,0,0,0,0,1,0,0,0,0,1,0,1,1,1,1,1,1,0,1,0,1,0,0,0,0,0,1,0,1,1,0,0,0,1,0,mother_daughter_cif.y4m,0.92,0.922,0.004472,0.00357,0.0,172
1,1,0,0,0,0,0,0,0,0,1,0,1,0,1,1,0,1,1,1,0,1,0,0,0,1,0,0,0,1,0,1,0,0,0,0,0,0,mother_daughter_cif.y4m,4.54,4.544,0.026077,0.003173,0.0,292
1,1,0,0,0,0,0,0,0,0,1,0,1,1,0,1,1,1,1,0,1,1,0,0,0,0,0,1,0,1,1,0,0,0,0,0,0,0,mother_daughter_cif.y4m,8.64,8.64,0.1253,0.002053,0.0,105
1,1,0,0,0,1,0,0,0,0,0,0,1,0,1,1,1,1,1,0,1,1,0,0,0,0,0,0,1,1,1,0,1,0,1,0,0,0,mother_daughter_cif.y4m,8.34,8.26,0.13,0.002829,0.0,76
1,1,0,0,0,1,0,0,0,0,0,0,1,0,1,1,0,0,1,1,0,1,1,0,0,0,0,0,0,1,1,0,1,0,0,0,0,1,mother_daughter_cif.y4m,40.52,40.1,0.879687,0.002033,0.0,221
1,1,0,0,0,0,0,0,0,0,1,0,1,1,0,1,1,0,1,1,0,1,0,0,0,0,1,0,0,1,0,1,1,0,0,0,0,1,mother_daughter_cif.y4m,19.8,19.81,0.035355,0.002653,0.0,167
1,1,0,0,0,0,0,0,0,0,1,0,1,0,1,1,0,1,1,0,1,1,1,0,0,0,0,0,0,1,1,0,1,0,0,0,0,1,mother_daughter_cif.y4m,128.9,128.606,0.958713,0.002354,0.0,35
1,1,0,0,1,0,0,0,0,0,0,0,1,1,0,1,0,0,1,1,0,1,0,1,0,0,0,0,0,1,0,1,1,0,1,0,0,0,mother_daughter_cif.y4m,1.71,1.706,0.015166,0.001799,0.0,235
1,1,0,0,0,0,0,0,0,1,0,0,1,1,0,1,1,1,1,0,1,1,0,0,1,0,0,0,0,1,0,1,1,0,0,0,0,1,mother_daughter_cif.y4m,6.16,6.158,0.088713,0.00286,0.0,333
1,1,0,0,0,0,1,0,0,0,0,0,1,0,1,1,1,1,1,1,0,1,0,1,0,0,0,0,0,1,1,0,0,0,0,0,0,0,mother_daughter_cif.y4m,34.69,34.514,0.470457,0.002066,0.0,44
1,1,0,0,1,0,0,0,0,0,0,0,1,0,1,1,0,1,1,1,0,1,0,1,0,0,0,0,0,1,0,1,1,1,0,0,0,0,mother_daughter_cif.y4m,60.34,60.344,0.086487,0.002236,0.0,256
1,1,0,0,0,0,0,1,0,0,0,0,1,0,1,1,1,0,1,0,1,1,0,1,0,0,0,0,0,1,0,1,1,0,0,0,0,1,mother_daughter_cif.y4m,320.07,319.46,1.888809,0.002844,0.0,192
1,1,0,0,0,0,1,0,0,0,0,0,1,1,0,1,1,1,1,1,0,1,1,0,0,0,0,0,0,1,1,0,1,0,0,0,0,1,mother_daughter_cif.y4m,8.86,8.824,0.060663,0.002157,0.0,41
1,1,0,0,0,0,0,0,0,0,1,0,1,0,1,1,0,1,1,1,0,1,0,0,0,0,0,1,0,1,0,1,1,0,0,0,1,0,mother_daughter_cif.y4m,50.3,49.992,0.751312,0.003658,0.0,273
1,1,0,0,0,0,0,0,0,0,1,0,1,1,0,1,0,1,1,0,1,1,0,0,0,0,0,1,0,1,0,1,0,0,0,0,0,0,mother_daughter_cif.y4m,49.73,49.63,0.340881,0.003701,0.0,101
1,1,0,0,0,0,0,0,0,0,1,0,1,0,1,1,1,1,1,0,1,1,0,0,0,0,1,0,0,1,1,0,1,0,1,0,0,0,mother_daughter_cif.y4m,19.03,19.278,0.436142,0.00205,0.0,242
1,1,0,0,0,0,0,0,0,0,1,0,1,1,0,1,0,1,1,0,1,1,0,0,0,0,0,1,0,1,1,0,0,0,0,0,0,0,mother_daughter_cif.y4m,7.74,7.594,0.321683,0.003873,0.0,103
1,1,1,0,0,0,0,0,0,0,0,0,1,1,0,1,1,0,1,1,0,1,0,1,0,0,0,0,0,1,0,1,0,0,0,0,0,0,mother_daughter_cif.y4m,38.88,38.784,0.2614,0.002296,0.0,1
1,1,0,0,0,0,0,1,0,0,0,0,1,1,0,1,0,0,1,0,1,1,0,0,0,0,0,1,0,1,0,1,1,0,0,0,0,1,mother_daughter_cif.y4m,2.75,2.76,0.065955,0.002597,0.0,56
1,1,0,0,1,0,0,0,0,0,0,0,1,0,1,1,0,0,1,0,1,1,0,0,0,0,0,0,1,1,0,1,0,0,0,0,0,0,mother_daughter_cif.y4m,8.88,8.852,0.073959,0.002053,0.0,373
1,1,0,0,0,0,0,0,1,0,0,0,1,1,0,1,1,1,1,0,1,1,0,1,0,0,0,0,0,1,0,1,1,0,1,0,0,0,mother_daughter_cif.y4m,50.54,50.564,0.265763,0.00199,0.0,318
1,1,0,0,0,1,0,0,0,0,0,0,1,1,0,1,0,0,1,1,0,1,0,0,0,0,1,0,0,1,1,0,0,0,0,0,0,0,mother_daughter_cif.y4m,132.03,131.742,0.795374,0.002451,0.0,69
1,1,0,1,0,0,0,0,0,0,0,0,1,0,1,1,0,0,1,1,0,1,0,0,0,0,0,1,0,1,1,0,1,1,0,0,0,0,mother_daughter_cif.y4m,2.56,2.552,0.019235,0.002813,0.0,11
1,1,0,0,1,0,0,0,0,0,0,0,1,0,1,1,0,0,1,1,0,1,0,1,0,0,0,0,0,1,0,1,1,0,0,1,0,0,mother_daughter_cif.y4m,3.35,3.348,0.023875,0.002386,0.0,258
1,1,0,0,0,0,0,0,0,0,1,0,1,0,1,1,0,0,1,1,0,1,0,1,0,0,0,0,0,1,1,0,1,0,1,0,0,0,mother_daughter_cif.y4m,190.53,190.656,0.355781,0.002902,0.0,238
1,1,0,0,0,0,0,1,0,0,0,0,1,0,1,1,1,0,1,1,0,1,1,0,0,0,0,0,0,1,0,1,1,0,0,0,1,0,mother_daughter_cif.y4m,183.64,183.514,0.758703,0.002374,0.0,173
1,1,0,0,0,0,0,1,0,0,0,0,1,0,1,1,0,1,1,0,1,1,0,1,0,0,0,0,0,1,0,1,1,1,0,0,0,0,mother_daughter_cif.y4m,130.22,130.186,0.471678,0.00213,0.0,190
1,1,0,1,0,0,0,0,0,0,0,0,1,0,1,1,1,0,1,1,0,1,0,0,0,0,0,1,0,1,0,1,1,1,0,0,0,0,mother_daughter_cif.y4m,41.02,41.008,0.144465,0.002168,0.0,7
1,1,0,0,0,1,0,0,0,0,0,0,1,0,1,1,1,1,1,0,1,1,0,0,0,0,0,0,1,1,1,0,0,0,0,0,0,0,mother_daughter_cif.y4m,1.2,1.196,0.023022,0.001614,0.0,323
1,1,0,0,0,1,0,0,0,0,0,0,1,0,1,1,0,0,1,0,1,1,0,0,0,0,0,0,1,1,1,0,1,0,0,0,1,0,mother_daughter_cif.y4m,69.34,69.308,0.120499,0.00217,0.0,73
1,1,0,0,0,0,0,0,0,0,1,0,1,0,1,1,1,0,1,0,1,1,0,1,0,0,0,0,0,1,0,1,0,0,0,0,0,0,mother_daughter_cif.y4m,63.96,64.014,0.23639,0.002306,0.0,209
1,1,0,1,0,0,0,0,0,0,0,0,1,1,0,1,1,0,1,0,1,1,1,0,0,0,0,0,0,1,1,0,0,0,0,0,0,0,mother_daughter_cif.y4m,3.3,3.306,0.054589,0.00218,0.0,138
1,1,0,0,0,1,0,0,0,0,0,0,1,1,0,1,1,1,1,1,0,1,0,0,0,0,0,1,0,1,0,1,0,0,0,0,0,0,mother_daughter_cif.y4m,49.82,49.45,0.932926,0.002818,0.0,264
1,1,0,0,0,0,0,0,0,1,0,0,1,0,1,1,0,1,1,0,1,1,0,0,0,0,0,1,0,1,0,1,1,0,0,0,1,0,mother_daughter_cif.y4m,138.83,138.982,0.312602,0.002451,0.0,98
1,1,0,0,0,0,0,0,0,0,1,0,1,1,0,1,0,0,1,0,1,1,0,0,0,0,0,1,0,1,1,0,1,0,0,1,0,0,mother_daughter_cif.y4m,2.4,2.422,0.054037,0.001981,0.0,380
1,1,0,0,1,0,0,0,0,0,0,0,1,1,0,1,1,1,1,1,0,1,0,1,0,0,0,0,0,1,1,0,1,0,1,0,0,0,mother_daughter_cif.y4m,75.01,75.016,0.237655,0.003588,0.0,85
1,1,0,0,0,0,0,0,0,0,1,0,1,0,1,1,0,0,1,0,1,1,1,0,0,0,0,0,0,1,0,1,1,0,0,0,1,0,mother_daughter_cif.y4m,37.23,37.062,0.446285,0.002419,0.0,31
1,1,0,1,0,0,0,0,0,0,0,0,1,0,1,1,1,0,1,1,0,1,0,0,0,0,0,1,0,1,1,0,1,1,0,0,0,0,mother_daughter_cif.y4m,1.52,1.522,0.014832,0.001755,0.0,8
1,1,0,0,1,0,0,0,0,0,0,0,1,1,0,1,1,1,1,1,0,1,1,0,0,0,0,0,0,1,0,1,1,1,0,0,0,0,mother_daughter_cif.y4m,3.94,3.952,0.042071,0.002398,0.0,216
1,1,0,0,1,0,0,0,0,0,0,0,1,1,0,1,1,1,1,0,1,1,0,0,0,1,0,0,0,1,0,1,1,1,0,0,0,0,mother_daughter_cif.y4m,0.75,0.752,0.008367,0.00205,0.0,214
1,1,0,0,0,0,0,0,1,0,0,0,1,1,0,1,0,0,1,1,0,1,0,0,0,0,0,1,0,1,1,0,0,0,0,0,0,0,mother_daughter_cif.y4m,4.26,4.254,0.031305,0.001867,0.0,341
1,1,0,0,1,0,0,0,0,0,0,0,1,1,0,1,0,0,1,1,0,1,0,1,0,0,0,0,0,1,1,0,1,0,1,0,0,0,mother_daughter_cif.y4m,2.75,2.75,0.042426,0.003132,0.0,236
1,1,0,0,0,0,0,0,0,0,1,0,1,0,1,1,0,0,1,0,1,1,0,0,0,0,1,0,0,1,1,0,1,0,1,0,0,0,mother_daughter_cif.y4m,6.31,6.316,0.026077,0.003288,0.0,240
1,1,0,0,0,0,0,1,0,0,0,0,1,0,1,1,0,0,1,0,1,1,0,0,0,1,0,0,0,1,0,1,1,0,0,0,1,0,mother_daughter_cif.y4m,8.47,8.312,0.337372,0.003873,0.0,51
1,1,1,0,0,0,0,0,0,0,0,0,1,0,1,1,1,1,1,0,1,1,0,0,0,0,0,0,1,1,1,0,1,0,1,0,0,0,mother_daughter_cif.y4m,3.85,3.814,0.073689,0.002028,0.0,77
1,1,0,0,0,0,0,0,0,0,1,0,1,0,1,1,1,0,1,1,0,1,0,0,0,0,0,1,0,1,0,1,1,0,0,0,0,1,mother_daughter_cif.y4m,4.45,4.436,0.050299,0.00228,0.0,128
1,1,0,0,1,0,0,0,0,0,0,0,1,1,0,1,0,0,1,1,0,1,0,1,0,0,0,0,0,1,0,1,0,0,0,0,0,0,mother_daughter_cif.y4m,28.23,28.248,0.047117,0.001965,0.0,234
1,1,0,0,0,0,0,0,1,0,0,0,1,0,1,1,1,0,1,0,1,1,0,0,0,0,0,1,0,1,0,1,1,0,0,0,1,0,mother_daughter_cif.y4m,353.94,353.974,0.158524,0.002844,0.0,28
1,1,0,0,1,0,0,0,0,0,0,0,1,1,0,1,1,0,1,0,1,1,1,0,0,0,0,0,0,1,1,0,0,0,0,0,0,0,mother_daughter_cif.y4m,39.37,38.828,0.985403,0.002168,0.0,139
1,1,0,0,0,0,0,0,0,0,1,0,1,0,1,1,1,0,1,1,0,1,0,0,0,0,1,0,0,1,1,0,1,0,1,0,0,0,mother_daughter_cif.y4m,0.69,0.692,0.004472,0.001868,0.0,152
1,1,0,1,0,0,0,0,0,0,0,0,1,0,1,1,0,0,1,1,0,1,0,0,0,0,0,1,0,1,1,0,1,0,0,0,1,0,mother_daughter_cif.y4m,57.17,57.186,0.287454,0.004409,0.0,12
1,1,0,0,0,0,1,0,0,0,0,0,1,0,1,1,0,1,1,1,0,1,0,0,0,0,0,1,0,1,1,0,0,0,0,0,0,0,mother_daughter_cif.y4m,0.71,0.714,0.011402,0.001868,0.0,369
1,1,0,0,0,0,0,0,0,0,0,1,1,1,0,1,1,0,1,0,1,1,0,0,0,0,0,1,0,1,0,1,1,0,0,0,0,1,mother_daughter_cif.y4m,19.84,19.978,0.199048,0.002653,0.0,58
1,1,0,0,0,0,0,0,1,0,0,0,1,1,0,1,1,0,1,1,0,1,1,0,0,0,0,0,0,1,1,0,0,0,0,0,0,0,mother_daughter_cif.y4m,18.8,18.734,0.234478,0.003714,0.0,64
1,1,0,0,0,0,0,0,1,0,0,0,1,1,0,1,1,0,1,1,0,1,0,0,1,0,0,0,0,1,1,0,1,1,0,0,0,0,mother_daughter_cif.y4m,11.9,11.896,0.023022,0.001967,0.0,21
1,1,0,0,0,1,0,0,0,0,0,0,1,0,1,1,1,1,1,0,1,1,0,0,1,0,0,0,0,1,1,0,1,0,0,0,0,1,mother_daughter_cif.y4m,39.26,38.762,0.915653,0.002381,0.0,225
1,1,0,0,0,0,1,0,0,0,0,0,1,0,1,1,1,0,1,1,0,1,0,0,0,0,0,1,0,1,1,0,1,0,0,0,1,0,mother_daughter_cif.y4m,51.15,51.166,0.272452,0.00219,0.0,366
1,1,0,0,0,0,0,1,0,0,0,0,1,0,1,1,1,1,1,0,1,1,0,0,1,0,0,0,0,1,0,1,1,0,0,0,0,1,news_cif.y4m,2.9,2.898,0.022804,0.002653,0.0,114
1,1,0,0,1,0,0,0,0,0,0,0,1,1,0,1,1,1,1,0,1,1,0,0,1,0,0,0,0,1,1,0,1,0,1,0,0,0,news_cif.y4m,1.85,1.846,0.011402,0.002328,0.0,281
1,1,0,0,0,1,0,0,0,0,0,0,1,0,1,1,1,0,1,1,0,1,0,0,0,0,0,0,1,1,1,0,1,0,0,1,0,0,news_cif.y4m,3.93,3.93,0.012247,0.002524,0.0,325
1,1,1,0,0,0,0,0,0,0,0,0,1,1,0,1,1,0,1,1,0,1,0,0,0,0,1,0,0,1,1,0,1,1,0,0,0,0,news_cif.y4m,3.5,3.5,0.027386,0.003211,0.0,181
1,1,0,0,0,0,0,0,1,0,0,0,1,1,0,1,1,0,1,0,1,1,0,0,1,0,0,0,0,1,1,0,1,0,0,0,0,1,news_cif.y4m,77.26,77.29,0.140357,0.00285,0.0,247
1,1,0,0,0,0,0,0,0,0,1,0,1,1,0,1,1,0,1,1,0,1,0,0,0,0,1,0,0,1,1,0,1,0,0,0,0,1,news_cif.y4m,114.76,114.764,0.092358,0.004347,0.0,166
1,1,0,0,0,0,0,0,1,0,0,0,1,1,0,1,1,0,1,0,1,1,0,0,1,0,0,0,0,1,1,0,1,0,0,0,1,0,news_cif.y4m,5.81,5.818,0.043243,0.003369,0.0,25
1,1,0,0,0,0,0,1,0,0,0,0,1,0,1,1,0,0,1,1,0,1,0,1,0,0,0,0,0,1,0,1,0,0,0,0,0,0,news_cif.y4m,7.37,7.37,0.022361,0.004484,0.0,355
1,1,0,0,1,0,0,0,0,0,0,0,1,1,0,1,0,0,1,1,0,1,1,0,0,0,0,0,0,1,1,0,1,0,0,0,0,1,news_cif.y4m,0.96,0.966,0.015166,0.003274,0.0,219
1,1,0,0,0,1,0,0,0,0,0,0,1,1,0,1,1,0,1,1,0,1,0,0,0,0,1,0,0,1,1,0,1,1,0,0,0,0,news_cif.y4m,7.31,7.306,0.047223,0.004484,0.0,182
1,1,0,1,0,0,0,0,0,0,0,0,1,0,1,1,0,1,1,1,0,1,0,0,0,0,0,1,0,1,1,0,1,1,0,0,0,0,news_cif.y4m,2.68,2.682,0.017889,0.003315,0.0,10
1,1,0,0,1,0,0,0,0,0,0,0,1,1,0,1,1,0,1,0,1,1,0,0,1,0,0,0,0,1,0,1,1,0,0,0,0,1,news_cif.y4m,28.78,28.772,0.043243,0.003421,0.0,116
1,1,0,0,0,1,0,0,0,0,0,0,1,1,0,1,1,1,1,0,1,1,0,0,0,0,0,1,0,1,0,1,1,1,0,0,0,0,news_cif.y4m,4.61,4.604,0.034351,0.002507,0.0,266
1,1,0,0,0,0,0,0,1,0,0,0,1,1,0,1,0,0,1,0,1,1,0,0,1,0,0,0,0,1,1,0,1,0,0,1,0,0,news_cif.y4m,18.31,18.416,0.30196,0.005128,0.0,313
1,1,0,0,0,0,0,1,0,0,0,0,1,0,1,1,0,0,1,1,0,1,0,0,0,0,0,0,1,1,0,1,0,0,0,0,0,0,news_cif.y4m,9.13,9.164,0.086776,0.005276,0.0,357
1,1,0,0,0,1,0,0,0,0,0,0,1,0,1,1,0,1,1,0,1,1,1,0,0,0,0,0,0,1,1,0,1,1,0,0,0,0,news_cif.y4m,1.38,1.38,0.007071,0.005021,0.0,187
1,1,0,0,0,0,0,0,1,0,0,0,1,1,0,1,1,1,1,0,1,1,0,0,1,0,0,0,0,1,1,0,1,1,0,0,0,0,news_cif.y4m,240.01,240.04,0.050498,0.004259,0.0,23
1,1,0,0,1,0,0,0,0,0,0,0,1,1,0,1,1,0,1,1,0,1,0,1,0,0,0,0,0,1,0,1,0,0,0,0,0,0,news_cif.y4m,25.36,25.34,0.043012,0.00336,0.0,2
1,1,0,0,0,0,0,0,0,0,0,1,1,1,0,1,1,0,1,0,1,1,0,0,0,0,0,1,0,1,1,0,1,1,0,0,0,0,news_cif.y4m,109.21,109.06,0.672421,0.003232,0.0,301
1,1,0,0,0,0,0,1,0,0,0,0,1,0,1,1,0,1,1,1,0,1,0,1,0,0,0,0,0,1,0,1,0,0,0,0,0,0,news_cif.y4m,99.33,99.282,0.22676,0.004802,0.0,356
1,1,0,0,0,0,0,0,0,0,1,0,1,1,0,1,0,1,1,0,1,1,0,0,0,0,0,1,0,1,0,1,1,1,0,0,0,0,news_cif.y4m,8.53,8.526,0.027019,0.004217,0.0,269
1,1,0,0,0,0,0,0,0,0,1,0,1,0,1,1,0,1,1,1,0,1,0,0,1,0,0,0,0,1,0,1,1,0,0,0,1,0,news_cif.y4m,6.76,6.76,0.027386,0.005373,0.0,274
1,1,0,0,0,0,0,0,0,0,1,0,1,0,1,1,0,1,1,1,0,1,0,0,0,1,0,0,0,1,1,0,1,1,0,0,0,0,news_cif.y4m,4.57,4.566,0.035071,0.004622,0.0,307
1,1,0,0,1,0,0,0,0,0,0,0,1,0,1,1,0,1,1,1,0,1,0,0,1,0,0,0,0,1,0,1,1,1,0,0,0,0,news_cif.y4m,16.11,16.142,0.097057,0.003491,0.0,254
1,1,0,0,0,0,0,0,0,0,1,0,1,0,1,1,0,1,1,0,1,1,0,1,0,0,0,0,0,1,0,1,0,0,0,0,0,0,news_cif.y4m,1.08,1.074,0.019494,0.003355,0.0,208
1,1,0,0,1,0,0,0,0,0,0,0,1,1,0,1,1,1,1,1,0,1,0,0,1,0,0,0,0,1,0,1,1,0,1,0,0,0,news_cif.y4m,1.42,1.43,0.018708,0.006716,0.0,279
1,1,0,0,0,0,0,1,0,0,0,0,1,1,0,1,1,1,1,1,0,1,0,1,0,0,0,0,0,1,0,1,1,0,0,0,1,0,news_cif.y4m,4.21,4.216,0.039115,0.002883,0.0,171
1,1,0,0,0,0,0,0,0,1,0,0,1,1,0,1,0,1,1,0,1,1,0,0,0,0,0,1,0,1,0,1,1,0,0,0,1,0,news_cif.y4m,19.85,19.842,0.035637,0.005128,0.0,99
1,1,1,0,0,0,0,0,0,0,0,0,1,0,1,1,1,1,1,1,0,1,0,1,0,0,0,0,0,1,1,0,1,0,1,0,0,0,news_cif.y4m,5.13,5.136,0.050794,0.00275,0.0,81
1,1,0,0,0,0,0,0,0,0,1,0,1,0,1,1,1,1,1,0,1,1,0,0,1,0,0,0,0,1,1,0,1,0,1,0,0,0,news_cif.y4m,1.83,1.828,0.008367,0.003664,0.0,155
1,1,0,0,0,1,0,0,0,0,0,0,1,1,0,1,0,1,1,1,0,1,1,0,0,0,0,0,0,1,1,0,1,1,0,0,0,0,news_cif.y4m,3.22,3.228,0.031937,0.004622,0.0,185
1,1,0,0,1,0,0,0,0,0,0,0,1,1,0,1,0,0,1,0,1,1,0,0,0,0,0,1,0,1,0,1,0,0,0,0,0,0,news_cif.y4m,2.02,2.01,0.02,0.002997,0.0,376
1,1,0,0,0,0,0,0,1,0,0,0,1,1,0,1,0,1,1,0,1,1,0,1,0,0,0,0,0,1,1,0,0,0,0,0,0,0,news_cif.y4m,0.79,0.794,0.005477,0.003334,0.0,204
1,1,0,0,0,0,0,0,1,0,0,0,1,1,0,1,1,0,1,0,1,1,0,0,0,0,1,0,0,1,1,0,1,0,0,0,0,1,news_cif.y4m,47.53,47.564,0.097108,0.003416,0.0,246
1,1,0,0,0,0,0,1,0,0,0,0,1,1,0,1,1,1,1,0,1,1,0,0,1,0,0,0,0,1,0,1,0,0,0,0,0,0,news_cif.y4m,27.19,27.2,0.031623,0.002905,0.0,230
1,1,0,0,0,0,0,0,1,0,0,0,1,0,1,1,1,0,1,0,1,1,0,0,0,0,0,1,0,1,1,0,1,0,0,0,1,0,news_cif.y4m,41.51,41.522,0.075961,0.005484,0.0,27
1,1,0,1,0,0,0,0,0,0,0,0,1,1,0,1,1,1,1,0,1,1,1,0,0,0,0,0,0,1,1,0,0,0,0,0,0,0,news_cif.y4m,2.73,2.738,0.075961,0.002399,0.0,137
1,1,0,0,0,0,0,0,0,0,1,0,1,1,0,1,1,1,1,1,0,1,0,0,0,0,1,0,0,1,0,1,1,0,0,0,1,0,news_cif.y4m,3.31,3.31,0.015811,0.004714,0.0,169
1,1,0,0,0,0,0,0,0,0,1,0,1,0,1,1,0,1,1,0,1,1,1,0,0,0,0,0,0,1,0,1,1,0,0,0,0,1,news_cif.y4m,51.82,51.802,0.035637,0.00294,0.0,33
1,1,0,0,0,0,0,0,1,0,0,0,1,0,1,1,0,1,1,0,1,1,0,1,0,0,0,0,0,1,1,0,0,0,0,0,0,0,news_cif.y4m,19.32,19.306,0.037815,0.00556,0.0,205
1,1,0,0,0,0,0,0,0,0,1,0,1,1,0,1,1,0,1,0,1,1,0,0,0,0,1,0,0,1,1,0,1,0,0,0,0,1,news_cif.y4m,5.21,5.222,0.045497,0.002685,0.0,245
1,1,1,0,0,0,0,0,0,0,0,0,1,1,0,1,0,0,1,1,0,1,0,0,1,0,0,0,0,1,1,0,1,0,0,0,0,1,news_cif.y4m,3.36,3.354,0.040373,0.003256,0.0,163
1,1,0,0,1,0,0,0,0,0,0,0,1,1,0,1,1,0,1,1,0,1,1,0,0,0,0,0,0,1,0,1,1,1,0,0,0,0,news_cif.y4m,2.05,2.054,0.018166,0.002997,0.0,4
1,1,0,0,1,0,0,0,0,0,0,0,1,1,0,1,0,0,1,0,1,1,1,0,0,0,0,0,0,1,1,0,1,0,0,0,1,0,news_cif.y4m,1.86,1.846,0.058566,0.006716,0.0,141
1,1,1,0,0,0,0,0,0,0,0,0,1,1,0,1,1,1,1,0,1,1,0,0,1,0,0,0,0,1,1,0,1,1,0,0,0,0,news_cif.y4m,108.89,108.866,0.170968,0.003616,0.0,159
1,1,0,0,0,0,0,0,1,0,0,0,1,1,0,1,0,1,1,0,1,1,0,0,1,0,0,0,0,1,0,1,1,0,0,0,0,1,news_cif.y4m,7.67,7.678,0.037014,0.004827,0.0,336
1,1,0,0,0,1,0,0,0,0,0,0,1,1,0,1,0,0,1,0,1,1,0,0,0,0,0,0,1,1,1,0,1,0,0,0,1,0,news_cif.y4m,26.08,26.052,0.137368,0.002744,0.0,72
1,1,0,0,0,0,0,0,1,0,0,0,1,1,0,1,1,0,1,1,0,1,0,0,1,0,0,0,0,1,1,0,1,0,0,0,0,1,news_cif.y4m,3.72,3.714,0.024083,0.002828,0.0,248
1,1,0,1,0,0,0,0,0,0,0,0,1,0,1,1,1,1,1,1,0,1,0,0,0,0,0,1,0,1,0,1,1,0,0,0,0,1,news_cif.y4m,87.18,87.222,0.146356,0.003252,0.0,130
1,1,0,0,0,1,0,0,0,0,0,0,1,0,1,1,1,1,1,1,0,1,0,0,0,0,0,0,1,1,1,0,0,0,0,0,0,0,news_cif.y4m,70.08,70.058,0.1886,0.004345,0.0,324
1,1,1,0,0,0,0,0,0,0,0,0,1,0,1,1,0,1,1,1,0,1,0,1,0,0,0,0,0,1,0,1,0,0,0,0,0,0,news_cif.y4m,63.48,63.454,0.096592,0.005408,0.0,354
1,1,0,0,0,0,0,0,0,0,1,0,1,0,1,1,0,0,1,1,0,1,0,0,0,1,0,0,0,1,0,1,0,0,0,0,0,0,news_cif.y4m,38.12,38.114,0.032863,0.003338,0.0,291
1,1,0,0,0,0,0,0,0,0,1,0,1,1,0,1,0,0,1,1,0,1,0,1,0,0,0,0,0,1,1,0,1,0,1,0,0,0,news_cif.y4m,1.28,1.288,0.035637,0.003109,0.0,237
1,1,0,0,0,1,0,0,0,0,0,0,1,1,0,1,1,0,1,1,0,1,1,0,0,0,0,0,0,1,1,0,1,1,0,0,0,0,news_cif.y4m,1.94,1.942,0.004472,0.002424,0.0,183
1,1,0,0,0,1,0,0,0,0,0,0,1,0,1,1,1,1,1,0,1,1,0,0,1,0,0,0,0,1,0,1,0,0,0,0,0,0,news_cif.y4m,1.46,1.47,0.02,0.003262,0.0,227
1,1,0,0,0,0,0,0,1,0,0,0,1,1,0,1,0,1,1,0,1,1,0,0,0,0,0,1,0,1,0,1,0,0,0,0,0,0,news_cif.y4m,4.01,3.998,0.035637,0.003481,0.0,338
1,1,0,0,1,0,0,0,0,0,0,0,1,0,1,1,0,0,1,0,1,1,1,0,0,0,0,0,0,1,1,0,1,0,0,0,1,0,news_cif.y4m,12.32,12.358,0.061806,0.002773,0.0,142
1,1,0,0,1,0,0,0,0,0,0,0,1,1,0,1,1,1,1,0,1,1,0,0,1,0,0,0,0,1,1,0,1,0,0,0,0,1,news_cif.y4m,11.46,11.464,0.02881,0.004229,0.0,332
1,1,0,0,0,0,0,0,0,1,0,0,1,0,1,1,0,0,1,1,0,1,0,0,0,0,1,0,0,1,0,1,1,0,0,0,1,0,news_cif.y4m,102.71,102.902,0.489255,0.003526,0.0,95
1,1,0,0,1,0,0,0,0,0,0,0,1,0,1,1,0,0,1,0,1,1,0,0,0,1,0,0,0,1,0,1,0,0,0,0,0,0,news_cif.y4m,7.05,7.05,0.029155,0.004404,0.0,289
1,1,0,0,1,0,0,0,0,0,0,0,1,1,0,1,0,0,1,0,1,1,0,0,0,0,0,1,0,1,0,1,1,0,0,1,0,0,news_cif.y4m,1.25,1.254,0.020736,0.00311,0.0,378
1,1,0,0,1,0,0,0,0,0,0,0,1,1,0,1,1,1,1,1,0,1,0,0,1,0,0,0,0,1,0,1,1,0,0,0,1,0,news_cif.y4m,24.97,24.966,0.071274,0.002766,0.0,278
1,1,0,0,0,0,0,0,0,0,1,0,1,0,1,1,1,0,1,0,1,1,1,0,0,0,0,0,0,1,0,1,1,0,0,0,1,0,news_cif.y4m,5.17,5.17,0.04062,0.004435,0.0,30
1,1,0,0,1,0,0,0,0,0,0,0,1,1,0,1,0,0,1,0,1,1,0,1,0,0,0,0,0,1,0,1,1,0,0,0,0,1,news_cif.y4m,1.19,1.182,0.010954,0.003525,0.0,120
1,1,0,0,0,1,0,0,0,0,0,0,1,1,0,1,1,1,1,0,1,1,0,0,0,0,0,1,0,1,0,1,0,0,0,0,0,0,news_cif.y4m,1.78,1.77,0.014142,0.003085,0.0,265
1,1,0,0,0,0,0,0,0,0,1,0,1,1,0,1,1,0,1,1,0,1,0,0,0,0,0,1,0,1,0,1,0,0,0,0,0,0,news_cif.y4m,3.75,3.744,0.018166,0.003353,0.0,296
1,1,0,0,0,0,0,1,0,0,0,0,1,1,0,1,1,1,1,1,0,1,0,1,0,0,0,0,0,1,0,1,0,0,0,0,0,0,news_cif.y4m,6.61,6.596,0.026077,0.003389,0.0,232
1,1,0,0,0,0,0,0,0,0,1,0,1,0,1,1,0,0,1,1,0,1,0,0,1,0,0,0,0,1,1,0,1,0,0,1,0,0,news_cif.y4m,4.84,4.856,0.055946,0.004527,0.0,310
1,1,0,0,0,0,0,1,0,0,0,0,1,0,1,1,1,1,1,0,1,1,0,0,0,0,0,1,0,1,0,1,1,0,0,1,0,0,news_cif.y4m,58.9,58.974,0.132023,0.004322,0.0,349
1,1,0,0,1,0,0,0,0,0,0,0,1,1,0,1,0,1,1,0,1,1,0,0,0,0,0,1,0,1,0,1,0,0,0,0,0,0,news_cif.y4m,3.61,3.618,0.022804,0.00432,0.0,377
1,1,0,0,0,0,0,0,0,1,0,0,1,0,1,1,1,1,1,1,0,1,0,0,0,0,1,0,0,1,0,1,1,0,0,0,1,0,news_cif.y4m,107.1,107.134,0.734119,0.00317,0.0,94
1,1,1,0,0,0,0,0,0,0,0,0,1,1,0,1,1,0,1,0,1,1,1,0,0,0,0,0,0,1,0,1,1,1,0,0,0,0,news_cif.y4m,4.52,4.51,0.030822,0.004622,0.0,178
1,1,0,0,0,0,0,0,0,0,1,0,1,0,1,1,0,0,1,1,0,1,0,0,0,0,0,1,0,1,0,1,1,0,0,0,0,1,news_cif.y4m,4.18,4.22,0.116619,0.004222,0.0,127
1,1,0,0,0,0,0,1,0,0,0,0,1,0,1,1,1,0,1,0,1,1,0,0,0,1,0,0,0,1,0,1,1,0,0,0,1,0,news_cif.y4m,1.33,1.336,0.018166,0.003214,0.0,111
1,1,1,0,0,0,0,0,0,0,0,0,1,0,1,1,0,1,1,1,0,1,0,1,0,0,0,0,0,1,0,1,1,0,0,1,0,0,news_cif.y4m,3.02,3.016,0.015166,0.004695,0.0,353
1,1,0,0,0,0,1,0,0,0,0,0,1,0,1,1,1,1,1,1,0,1,0,1,0,0,0,0,0,1,1,0,1,0,0,0,1,0,news_cif.y4m,3.54,3.544,0.045056,0.003315,0.0,45
1,1,0,0,0,1,0,0,0,0,0,0,1,0,1,1,1,1,1,0,1,1,0,0,1,0,0,0,0,1,1,0,0,0,0,0,0,0,news_cif.y4m,1.11,1.11,0.01,0.003512,0.0,226
1,1,0,0,0,0,0,0,0,0,0,1,1,1,0,1,1,0,1,0,1,1,0,0,0,0,0,1,0,1,1,0,1,0,0,0,0,1,news_cif.y4m,4.16,4.146,0.040373,0.003196,0.0,59
1,1,0,0,0,0,0,0,1,0,0,0,1,1,0,1,1,1,1,1,0,1,1,0,0,0,0,0,0,1,0,1,1,1,0,0,0,0,news_cif.y4m,28.29,28.264,0.069857,0.00336,0.0,19
1,1,0,0,0,0,0,0,0,0,0,1,1,1,0,1,0,1,1,0,1,1,0,0,0,1,0,0,0,1,1,0,1,1,0,0,0,0,news_cif.y4m,16.43,16.44,0.053852,0.00283,0.0,304
1,1,0,0,0,0,0,0,1,0,0,0,1,0,1,1,0,1,1,0,1,1,0,1,0,0,0,0,0,1,0,1,0,0,0,0,0,0,news_cif.y4m,3.64,3.642,0.017889,0.002828,0.0,207
1,1,0,0,0,0,1,0,0,0,0,0,1,1,0,1,1,1,1,1,0,1,0,1,0,0,0,0,0,1,1,0,0,0,0,0,0,0,news_cif.y4m,85.62,85.704,0.212908,0.003347,0.0,43
1,1,0,0,0,0,1,0,0,0,0,0,1,1,0,1,1,0,1,1,0,1,1,0,0,0,0,0,0,1,1,0,1,0,0,0,0,1,news_cif.y4m,1.83,1.826,0.015166,0.003138,0.0,40
1,1,0,0,0,1,0,0,0,0,0,0,1,0,1,1,0,1,1,1,0,1,1,0,0,0,0,0,0,1,1,0,1,1,0,0,0,0,news_cif.y4m,63.07,63.08,0.046904,0.004331,0.0,186
1,1,0,0,1,0,0,0,0,0,0,0,1,0,1,1,0,0,1,0,1,1,0,0,0,1,0,0,0,1,0,1,1,0,0,0,0,1,news_cif.y4m,2.11,2.102,0.025884,0.003418,0.0,288
1,1,1,0,0,0,0,0,0,0,0,0,1,1,0,1,1,0,1,1,0,1,0,1,0,0,0,0,0,1,1,0,1,0,1,0,0,0,news_cif.y4m,3.48,3.48,0.032404,0.003211,0.0,82
1,1,0,0,0,0,0,0,0,0,1,0,1,0,1,1,1,1,1,0,1,1,0,0,0,1,0,0,0,1,0,1,0,0,0,0,0,0,news_cif.y4m,2.74,2.746,0.013416,0.00258,0.0,211
1,1,0,0,1,0,0,0,0,0,0,0,1,0,1,1,1,1,1,0,1,1,0,0,0,0,0,1,0,1,1,0,1,0,0,1,0,0,news_cif.y4m,44.16,44.18,0.188812,0.003416,0.0,347
1,1,0,1,0,0,0,0,0,0,0,0,1,0,1,1,0,0,1,1,0,1,1,0,0,0,0,0,0,1,1,0,1,0,0,0,1,0,news_cif.y4m,6.65,6.646,0.053666,0.003444,0.0,13
1,1,0,0,0,0,0,1,0,0,0,0,1,0,1,1,1,1,1,0,1,1,0,0,1,0,0,0,0,1,0,1,0,0,0,0,0,0,news_cif.y4m,227.14,227.156,0.050299,0.003486,0.0,228
1,1,0,0,0,0,0,0,0,1,0,0,1,1,0,1,0,1,1,0,1,1,0,0,1,0,0,0,0,1,0,1,1,0,0,0,0,1,news_cif.y4m,4.35,4.356,0.015166,0.002883,0.0,335
1,1,0,0,0,0,0,0,1,0,0,0,1,1,0,1,1,0,1,0,1,1,0,0,1,0,0,0,0,1,1,0,1,1,0,0,0,0,news_cif.y4m,15.83,15.822,0.063403,0.004247,0.0,24
1,1,1,0,0,0,0,0,0,0,0,0,1,0,1,1,0,1,1,0,1,1,0,1,0,0,0,0,0,1,0,1,1,0,0,1,0,0,news_cif.y4m,97.62,97.596,0.12341,0.005302,0.0,352
1,1,0,0,0,0,1,0,0,0,0,0,1,0,1,1,0,0,1,1,0,1,0,0,0,0,0,1,0,1,1,0,0,0,0,0,0,0,news_cif.y4m,2.99,2.986,0.023022,0.002608,0.0,368
1,1,1,0,0,0,0,0,0,0,0,0,1,0,1,1,1,1,1,1,0,1,0,1,0,0,0,0,0,1,1,0,0,0,0,0,0,0,news_cif.y4m,1.23,1.232,0.013038,0.003517,0.0,80
1,1,0,0,1,0,0,0,0,0,0,0,1,1,0,1,0,0,1,0,1,1,0,1,0,0,0,0,0,1,0,1,0,0,0,0,0,0,news_cif.y4m,17.25,17.238,0.071903,0.003451,0.0,121
1,1,0,0,0,0,0,0,0,0,1,0,1,0,1,1,1,1,1,0,1,1,0,0,1,0,0,0,0,1,1,0,1,1,0,0,0,0,news_cif.y4m,2.25,2.234,0.02881,0.002399,0.0,156
1,1,0,1,0,0,0,0,0,0,0,0,1,0,1,1,1,1,1,1,0,1,0,0,0,0,0,1,0,1,1,0,1,1,0,0,0,0,news_cif.y4m,0.78,0.776,0.005477,0.00332,0.0,9
1,1,0,0,0,0,0,0,0,0,1,0,1,1,0,1,0,0,1,1,0,1,0,0,0,0,1,0,0,1,1,0,1,0,0,0,0,1,news_cif.y4m,4.38,4.384,0.036469,0.002685,0.0,165
1,1,0,0,0,0,0,0,0,0,1,0,1,0,1,1,0,0,1,1,0,1,0,1,0,0,0,0,0,1,0,1,1,0,0,0,0,1,news_cif.y4m,3.32,3.332,0.029496,0.002581,0.0,126
1,1,0,0,1,0,0,0,0,0,0,0,1,1,0,1,1,1,1,0,1,1,0,0,1,0,0,0,0,1,0,1,1,0,1,0,0,0,news_cif.y4m,1.21,1.216,0.015166,0.003517,0.0,280
1,1,0,0,0,0,0,1,0,0,0,0,1,0,1,1,1,1,1,1,0,1,0,1,0,0,0,0,0,1,0,1,1,0,0,0,1,0,news_cif.y4m,0.92,0.922,0.008367,0.005909,0.0,172
1,1,0,0,0,0,0,0,0,0,1,0,1,0,1,1,0,1,1,1,0,1,0,0,0,1,0,0,0,1,0,1,0,0,0,0,0,0,news_cif.y4m,5.32,5.306,0.038471,0.004599,0.0,292
1,1,0,0,0,0,0,0,0,0,1,0,1,1,0,1,1,1,1,0,1,1,0,0,0,0,0,1,0,1,1,0,0,0,0,0,0,0,news_cif.y4m,11.73,11.732,0.033466,0.003506,0.0,105
1,1,0,0,0,1,0,0,0,0,0,0,1,0,1,1,1,1,1,0,1,1,0,0,0,0,0,0,1,1,1,0,1,0,1,0,0,0,news_cif.y4m,8.82,8.806,0.086487,0.00436,0.0,76
1,1,0,0,0,1,0,0,0,0,0,0,1,0,1,1,0,0,1,1,0,1,1,0,0,0,0,0,0,1,1,0,1,0,0,0,0,1,news_cif.y4m,47.41,47.398,0.251336,0.003406,0.0,221
1,1,0,0,0,0,0,0,0,0,1,0,1,1,0,1,1,0,1,1,0,1,0,0,0,0,1,0,0,1,0,1,1,0,0,0,0,1,news_cif.y4m,22.76,22.768,0.037014,0.004189,0.0,167
1,1,0,0,0,0,0,0,0,0,1,0,1,0,1,1,0,1,1,0,1,1,1,0,0,0,0,0,0,1,1,0,1,0,0,0,0,1,news_cif.y4m,165.36,165.366,0.200823,0.003275,0.0,35
1,1,0,0,1,0,0,0,0,0,0,0,1,1,0,1,0,0,1,1,0,1,0,1,0,0,0,0,0,1,0,1,1,0,1,0,0,0,news_cif.y4m,2.24,2.236,0.011402,0.002464,0.0,235
1,1,0,0,0,0,0,0,0,1,0,0,1,1,0,1,1,1,1,0,1,1,0,0,1,0,0,0,0,1,0,1,1,0,0,0,0,1,news_cif.y4m,6.59,6.57,0.027386,0.004379,0.0,333
1,1,0,0,0,0,1,0,0,0,0,0,1,0,1,1,1,1,1,1,0,1,0,1,0,0,0,0,0,1,1,0,0,0,0,0,0,0,news_cif.y4m,47.29,47.254,0.171843,0.003429,0.0,44
1,1,0,0,1,0,0,0,0,0,0,0,1,0,1,1,0,1,1,1,0,1,0,1,0,0,0,0,0,1,0,1,1,1,0,0,0,0,news_cif.y4m,71.48,71.5,0.06364,0.003044,0.0,256
1,1,0,0,0,0,0,1,0,0,0,0,1,0,1,1,1,0,1,0,1,1,0,1,0,0,0,0,0,1,0,1,1,0,0,0,0,1,news_cif.y4m,410.21,410.536,0.83056,0.004445,0.0,192
1,1,0,0,0,0,1,0,0,0,0,0,1,1,0,1,1,1,1,1,0,1,1,0,0,0,0,0,0,1,1,0,1,0,0,0,0,1,news_cif.y4m,9.6,9.584,0.031305,0.002847,0.0,41
1,1,0,0,0,0,0,0,0,0,1,0,1,0,1,1,0,1,1,1,0,1,0,0,0,0,0,1,0,1,0,1,1,0,0,0,1,0,news_cif.y4m,57.99,57.986,0.119499,0.004802,0.0,273
1,1,0,0,0,0,0,0,0,0,1,0,1,1,0,1,0,1,1,0,1,1,0,0,0,0,0,1,0,1,0,1,0,0,0,0,0,0,news_cif.y4m,50.51,50.558,0.094181,0.004872,0.0,101
1,1,0,0,0,0,0,0,0,0,1,0,1,0,1,1,1,1,1,0,1,1,0,0,0,0,1,0,0,1,1,0,1,0,1,0,0,0,news_cif.y4m,25.76,25.72,0.09434,0.003421,0.0,242
1,1,0,0,0,0,0,0,0,0,1,0,1,1,0,1,0,1,1,0,1,1,0,0,0,0,0,1,0,1,1,0,0,0,0,0,0,0,news_cif.y4m,6.87,6.876,0.039749,0.005373,0.0,103
1,1,1,0,0,0,0,0,0,0,0,0,1,1,0,1,1,0,1,1,0,1,0,1,0,0,0,0,0,1,0,1,0,0,0,0,0,0,news_cif.y4m,45.85,45.8,0.1,0.003105,0.0,1
1,1,0,0,0,0,0,1,0,0,0,0,1,1,0,1,0,0,1,0,1,1,0,0,0,0,0,1,0,1,0,1,1,0,0,0,0,1,news_cif.y4m,3.06,3.044,0.070922,0.004695,0.0,56
1,1,0,0,1,0,0,0,0,0,0,0,1,0,1,1,0,0,1,0,1,1,0,0,0,0,0,0,1,1,0,1,0,0,0,0,0,0,news_cif.y4m,11.59,11.59,0.031623,0.003506,0.0,373
1,1,0,0,0,0,0,0,1,0,0,0,1,1,0,1,1,1,1,0,1,1,0,1,0,0,0,0,0,1,0,1,1,0,1,0,0,0,news_cif.y4m,66.4,66.332,0.150566,0.003361,0.0,318
1,1,0,0,0,1,0,0,0,0,0,0,1,1,0,1,0,0,1,1,0,1,0,0,0,0,1,0,0,1,1,0,0,0,0,0,0,0,news_cif.y4m,155.06,155.044,0.312618,0.003643,0.0,69
1,1,0,1,0,0,0,0,0,0,0,0,1,0,1,1,0,0,1,1,0,1,0,0,0,0,0,1,0,1,1,0,1,1,0,0,0,0,news_cif.y4m,3.23,3.228,0.019235,0.004318,0.0,11
1,1,0,0,1,0,0,0,0,0,0,0,1,0,1,1,0,0,1,1,0,1,0,1,0,0,0,0,0,1,0,1,1,0,0,1,0,0,news_cif.y4m,3.67,3.67,0.007071,0.003416,0.0,258
1,1,0,0,0,0,0,0,0,0,1,0,1,0,1,1,0,0,1,1,0,1,0,1,0,0,0,0,0,1,1,0,1,0,1,0,0,0,news_cif.y4m,263.85,263.61,0.544931,0.004561,0.0,238
1,1,0,0,0,0,0,1,0,0,0,0,1,0,1,1,1,0,1,1,0,1,1,0,0,0,0,0,0,1,0,1,1,0,0,0,1,0,news_cif.y4m,211.62,212.118,1.157204,0.003567,0.0,173
1,1,0,0,0,0,0,1,0,0,0,0,1,0,1,1,0,1,1,0,1,1,0,1,0,0,0,0,0,1,0,1,1,1,0,0,0,0,news_cif.y4m,176.35,176.422,0.450855,0.003092,0.0,190
1,1,0,1,0,0,0,0,0,0,0,0,1,0,1,1,1,0,1,1,0,1,0,0,0,0,0,1,0,1,0,1,1,1,0,0,0,0,news_cif.y4m,46.85,46.82,0.075829,0.00292,0.0,7
1,1,0,0,0,1,0,0,0,0,0,0,1,0,1,1,1,1,1,0,1,1,0,0,0,0,0,0,1,1,1,0,0,0,0,0,0,0,news_cif.y4m,1.33,1.344,0.0251,0.003355,0.0,323
1,1,0,0,0,1,0,0,0,0,0,0,1,0,1,1,0,0,1,0,1,1,0,0,0,0,0,0,1,1,1,0,1,0,0,0,1,0,news_cif.y4m,88.71,88.632,0.248032,0.003029,0.0,73
1,1,0,0,0,0,0,0,0,0,1,0,1,0,1,1,1,0,1,0,1,1,0,1,0,0,0,0,0,1,0,1,0,0,0,0,0,0,news_cif.y4m,78.36,78.346,0.138311,0.003347,0.0,209
1,1,0,1,0,0,0,0,0,0,0,0,1,1,0,1,1,0,1,0,1,1,1,0,0,0,0,0,0,1,1,0,0,0,0,0,0,0,news_cif.y4m,3.47,3.462,0.0249,0.002749,0.0,138
1,1,0,0,0,1,0,0,0,0,0,0,1,1,0,1,1,1,1,1,0,1,0,0,0,0,0,1,0,1,0,1,0,0,0,0,0,0,news_cif.y4m,60.38,60.434,0.313576,0.004306,0.0,264
1,1,0,0,0,0,0,0,0,1,0,0,1,0,1,1,0,1,1,0,1,1,0,0,0,0,0,1,0,1,0,1,1,0,0,0,1,0,news_cif.y4m,177.52,177.626,0.465543,0.003643,0.0,98
1,1,0,0,0,0,0,0,0,0,1,0,1,1,0,1,0,0,1,0,1,1,0,0,0,0,0,1,0,1,1,0,1,0,0,1,0,0,news_cif.y4m,2.66,2.658,0.017889,0.002668,0.0,380
1,1,0,0,1,0,0,0,0,0,0,0,1,1,0,1,1,1,1,1,0,1,0,1,0,0,0,0,0,1,1,0,1,0,1,0,0,0,news_cif.y4m,86.19,86.232,0.846593,0.004725,0.0,85
1,1,0,0,0,0,0,0,0,0,1,0,1,0,1,1,0,0,1,0,1,1,1,0,0,0,0,0,0,1,0,1,1,0,0,0,1,0,news_cif.y4m,44.05,44.004,0.101637,0.003421,0.0,31
1,1,0,1,0,0,0,0,0,0,0,0,1,0,1,1,1,0,1,1,0,1,0,0,0,0,0,1,0,1,1,0,1,1,0,0,0,0,news_cif.y4m,2.22,2.216,0.015166,0.003138,0.0,8
1,1,0,0,1,0,0,0,0,0,0,0,1,1,0,1,1,1,1,1,0,1,1,0,0,0,0,0,0,1,0,1,1,1,0,0,0,0,news_cif.y4m,4.85,4.842,0.021679,0.003481,0.0,216
1,1,0,0,1,0,0,0,0,0,0,0,1,1,0,1,1,1,1,0,1,1,0,0,0,1,0,0,0,1,0,1,1,1,0,0,0,0,news_cif.y4m,0.85,0.852,0.008367,0.003525,0.0,214
1,1,0,0,0,0,0,0,1,0,0,0,1,1,0,1,0,0,1,1,0,1,0,0,0,0,0,1,0,1,1,0,0,0,0,0,0,0,news_cif.y4m,5.08,5.054,0.077974,0.002605,0.0,341
1,1,0,0,1,0,0,0,0,0,0,0,1,1,0,1,0,0,1,1,0,1,0,1,0,0,0,0,0,1,1,0,1,0,1,0,0,0,news_cif.y4m,2.8,2.79,0.04,0.004667,0.0,236
1,1,0,0,0,0,0,0,0,0,1,0,1,0,1,1,0,0,1,0,1,1,0,0,0,0,1,0,0,1,1,0,1,0,1,0,0,0,news_cif.y4m,6.38,6.374,0.068775,0.004863,0.0,240
1,1,0,0,0,0,0,1,0,0,0,0,1,0,1,1,0,0,1,0,1,1,0,0,0,1,0,0,0,1,0,1,1,0,0,0,1,0,news_cif.y4m,8.81,8.818,0.058052,0.005373,0.0,51
1,1,1,0,0,0,0,0,0,0,0,0,1,0,1,1,1,1,1,0,1,1,0,0,0,0,0,0,1,1,1,0,1,0,1,0,0,0,news_cif.y4m,4.24,4.23,0.014142,0.003527,0.0,77
1,1,0,0,0,0,0,0,0,0,1,0,1,0,1,1,1,0,1,1,0,1,0,0,0,0,0,1,0,1,0,1,1,0,0,0,0,1,news_cif.y4m,4.73,4.724,0.044497,0.003305,0.0,128
1,1,0,0,1,0,0,0,0,0,0,0,1,1,0,1,0,0,1,1,0,1,0,1,0,0,0,0,0,1,0,1,0,0,0,0,0,0,news_cif.y4m,37.57,37.57,0.044721,0.003338,0.0,234
1,1,0,0,0,0,0,0,1,0,0,0,1,0,1,1,1,0,1,0,1,1,0,0,0,0,0,1,0,1,0,1,1,0,0,0,1,0,news_cif.y4m,425.23,425.222,0.17254,0.004445,0.0,28
1,1,0,0,1,0,0,0,0,0,0,0,1,1,0,1,1,0,1,0,1,1,1,0,0,0,0,0,0,1,1,0,0,0,0,0,0,0,news_cif.y4m,43.62,43.572,0.20005,0.00292,0.0,139
1,1,0,0,0,0,0,0,0,0,1,0,1,0,1,1,1,0,1,1,0,1,0,0,0,0,1,0,0,1,1,0,1,0,1,0,0,0,news_cif.y4m,0.82,0.82,0.0,0.003334,0.0,152
1,1,0,1,0,0,0,0,0,0,0,0,1,0,1,1,0,0,1,1,0,1,0,0,0,0,0,1,0,1,1,0,1,0,0,0,1,0,news_cif.y4m,62.07,61.73,0.662458,0.005375,0.0,12
1,1,0,0,0,0,1,0,0,0,0,0,1,0,1,1,0,1,1,1,0,1,0,0,0,0,0,1,0,1,1,0,0,0,0,0,0,0,news_cif.y4m,0.8,0.804,0.005477,0.003334,0.0,369
1,1,0,0,0,0,0,0,0,0,0,1,1,1,0,1,1,0,1,0,1,1,0,0,0,0,0,1,0,1,0,1,1,0,0,0,0,1,news_cif.y4m,23.1,23.096,0.020736,0.004189,0.0,58
1,1,0,0,0,0,0,0,1,0,0,0,1,1,0,1,1,0,1,1,0,1,1,0,0,0,0,0,0,1,1,0,0,0,0,0,0,0,news_cif.y4m,19.4,19.384,0.092898,0.005128,0.0,64
1,1,0,0,0,0,0,0,1,0,0,0,1,1,0,1,1,0,1,1,0,1,0,0,1,0,0,0,0,1,1,0,1,1,0,0,0,0,news_cif.y4m,15.02,15.02,0.018708,0.00342,0.0,21
1,1,0,0,0,1,0,0,0,0,0,0,1,0,1,1,1,1,1,0,1,1,0,0,1,0,0,0,0,1,1,0,1,0,0,0,0,1,news_cif.y4m,46.67,46.36,0.514101,0.003416,0.0,225
1,1,0,0,0,0,1,0,0,0,0,0,1,0,1,1,1,0,1,1,0,1,0,0,0,0,0,1,0,1,1,0,1,0,0,0,1,0,news_cif.y4m,62.12,62.102,0.12498,0.002965,0.0,366
1,1,0,0,0,0,0,1,0,0,0,0,1,0,1,1,1,1,1,0,1,1,0,0,1,0,0,0,0,1,0,1,1,0,0,0,0,1,pamphlet_cif.y4m,2.45,2.45,0.015811,0.001658,0.0,114
1,1,0,0,1,0,0,0,0,0,0,0,1,1,0,1,1,1,1,0,1,1,0,0,1,0,0,0,0,1,1,0,1,0,1,0,0,0,pamphlet_cif.y4m,1.56,1.566,0.013416,0.001517,0.0,281
1,1,0,0,0,1,0,0,0,0,0,0,1,0,1,1,1,0,1,1,0,1,0,0,0,0,0,0,1,1,1,0,1,0,0,1,0,0,pamphlet_cif.y4m,3.47,3.468,0.013038,0.001593,0.0,325
1,1,1,0,0,0,0,0,0,0,0,0,1,1,0,1,1,0,1,1,0,1,0,0,0,0,1,0,0,1,1,0,1,1,0,0,0,0,pamphlet_cif.y4m,3.09,3.09,0.015811,0.001903,0.0,181
1,1,0,0,0,0,0,0,1,0,0,0,1,1,0,1,1,0,1,0,1,1,0,0,1,0,0,0,0,1,1,0,1,0,0,0,0,1,pamphlet_cif.y4m,66.48,66.434,0.168908,0.001672,0.0,247
1,1,0,0,0,0,0,0,0,0,1,0,1,1,0,1,1,0,1,1,0,1,0,0,0,0,1,0,0,1,1,0,1,0,0,0,0,1,pamphlet_cif.y4m,95.51,95.476,0.15437,0.002206,0.0,166
1,1,0,0,0,0,0,0,1,0,0,0,1,1,0,1,1,0,1,0,1,1,0,0,1,0,0,0,0,1,1,0,1,0,0,0,1,0,pamphlet_cif.y4m,4.94,4.948,0.063797,0.001799,0.0,25
1,1,0,0,0,0,0,1,0,0,0,0,1,0,1,1,0,0,1,1,0,1,0,1,0,0,0,0,0,1,0,1,0,0,0,0,0,0,pamphlet_cif.y4m,5.97,6.022,0.211353,0.002372,0.0,355
1,1,0,0,1,0,0,0,0,0,0,0,1,1,0,1,0,0,1,1,0,1,1,0,0,0,0,0,0,1,1,0,1,0,0,0,0,1,pamphlet_cif.y4m,0.91,0.912,0.008367,0.001607,0.0,219
1,1,0,0,0,1,0,0,0,0,0,0,1,1,0,1,1,0,1,1,0,1,0,0,0,0,1,0,0,1,1,0,1,1,0,0,0,0,pamphlet_cif.y4m,6.06,5.972,0.261668,0.002372,0.0,182
1,1,0,1,0,0,0,0,0,0,0,0,1,0,1,1,0,1,1,1,0,1,0,0,0,0,0,1,0,1,1,0,1,1,0,0,0,0,pamphlet_cif.y4m,2.21,2.214,0.016733,0.001989,0.0,10
1,1,0,0,1,0,0,0,0,0,0,0,1,1,0,1,1,0,1,0,1,1,0,0,1,0,0,0,0,1,0,1,1,0,0,0,0,1,pamphlet_cif.y4m,22.02,22.03,0.073824,0.001858,0.0,116
1,1,0,0,0,1,0,0,0,0,0,0,1,1,0,1,1,1,1,0,1,1,0,0,0,0,0,1,0,1,0,1,1,1,0,0,0,0,pamphlet_cif.y4m,3.9,3.914,0.040373,0.001576,0.0,266
1,1,0,0,0,0,0,0,1,0,0,0,1,1,0,1,0,0,1,0,1,1,0,0,1,0,0,0,0,1,1,0,1,0,0,1,0,0,pamphlet_cif.y4m,17.18,17.23,0.20664,0.002898,0.0,313
1,1,0,0,0,0,0,1,0,0,0,0,1,0,1,1,0,0,1,1,0,1,0,0,0,0,0,0,1,1,0,1,0,0,0,0,0,0,pamphlet_cif.y4m,9.44,9.406,0.089051,0.003029,0.0,357
1,1,0,0,0,1,0,0,0,0,0,0,1,0,1,1,0,1,1,0,1,1,1,0,0,0,0,0,0,1,1,0,1,1,0,0,0,0,pamphlet_cif.y4m,1.44,1.438,0.004472,0.003111,0.0,187
1,1,0,0,0,0,0,0,1,0,0,0,1,1,0,1,1,1,1,0,1,1,0,0,1,0,0,0,0,1,1,0,1,1,0,0,0,0,pamphlet_cif.y4m,199.47,199.502,0.066483,0.00211,0.0,23
1,1,0,0,1,0,0,0,0,0,0,0,1,1,0,1,1,0,1,1,0,1,0,1,0,0,0,0,0,1,0,1,0,0,0,0,0,0,pamphlet_cif.y4m,25.95,25.982,0.139535,0.001914,0.0,2
1,1,0,0,0,0,0,0,0,0,0,1,1,1,0,1,1,0,1,0,1,1,0,0,0,0,0,1,0,1,1,0,1,1,0,0,0,0,pamphlet_cif.y4m,94.55,94.536,0.151427,0.001806,0.0,301
1,1,0,0,0,0,0,1,0,0,0,0,1,0,1,1,0,1,1,1,0,1,0,1,0,0,0,0,0,1,0,1,0,0,0,0,0,0,pamphlet_cif.y4m,87.97,88.532,1.136121,0.002809,0.0,356
1,1,0,0,0,0,0,0,0,0,1,0,1,1,0,1,0,1,1,0,1,1,0,0,0,0,0,1,0,1,0,1,1,1,0,0,0,0,pamphlet_cif.y4m,7.21,7.208,0.010954,0.00224,0.0,269
1,1,0,0,0,0,0,0,0,0,1,0,1,0,1,1,0,1,1,1,0,1,0,0,1,0,0,0,0,1,0,1,1,0,0,0,1,0,pamphlet_cif.y4m,6.83,6.838,0.063797,0.003131,0.0,274
1,1,0,0,0,0,0,0,0,0,1,0,1,0,1,1,0,1,1,1,0,1,0,0,0,1,0,0,0,1,1,0,1,1,0,0,0,0,pamphlet_cif.y4m,3.92,3.916,0.015166,0.002752,0.0,307
1,1,0,0,1,0,0,0,0,0,0,0,1,0,1,1,0,1,1,1,0,1,0,0,1,0,0,0,0,1,0,1,1,1,0,0,0,0,pamphlet_cif.y4m,14.97,14.996,0.088204,0.001856,0.0,254
1,1,0,0,0,0,0,0,0,0,1,0,1,0,1,1,0,1,1,0,1,1,0,1,0,0,0,0,0,1,0,1,0,0,0,0,0,0,pamphlet_cif.y4m,1.0,0.998,0.014832,0.001655,0.0,208
1,1,0,0,1,0,0,0,0,0,0,0,1,1,0,1,1,1,1,1,0,1,0,0,1,0,0,0,0,1,0,1,1,0,1,0,0,0,pamphlet_cif.y4m,1.11,1.108,0.008367,0.002896,0.0,279
1,1,0,0,0,0,0,1,0,0,0,0,1,1,0,1,1,1,1,1,0,1,0,1,0,0,0,0,0,1,0,1,1,0,0,0,1,0,pamphlet_cif.y4m,3.81,3.804,0.018166,0.001807,0.0,171
1,1,0,0,0,0,0,0,0,1,0,0,1,1,0,1,0,1,1,0,1,1,0,0,0,0,0,1,0,1,0,1,1,0,0,0,1,0,pamphlet_cif.y4m,17.95,18.196,0.427995,0.002898,0.0,99
1,1,1,0,0,0,0,0,0,0,0,0,1,0,1,1,1,1,1,1,0,1,0,1,0,0,0,0,0,1,1,0,1,0,1,0,0,0,pamphlet_cif.y4m,4.68,4.724,0.085323,0.001694,0.0,81
1,1,0,0,0,0,0,0,0,0,1,0,1,0,1,1,1,1,1,0,1,1,0,0,1,0,0,0,0,1,1,0,1,0,1,0,0,0,pamphlet_cif.y4m,1.58,1.584,0.011402,0.002018,0.0,155
1,1,0,0,0,1,0,0,0,0,0,0,1,1,0,1,0,1,1,1,0,1,1,0,0,0,0,0,0,1,1,0,1,1,0,0,0,0,pamphlet_cif.y4m,2.82,2.818,0.027749,0.002752,0.0,185
1,1,0,0,1,0,0,0,0,0,0,0,1,1,0,1,0,0,1,0,1,1,0,0,0,0,0,1,0,1,0,1,0,0,0,0,0,0,pamphlet_cif.y4m,1.8,1.79,0.02,0.001808,0.0,376
1,1,0,0,0,0,0,0,1,0,0,0,1,1,0,1,0,1,1,0,1,1,0,1,0,0,0,0,0,1,1,0,0,0,0,0,0,0,pamphlet_cif.y4m,0.79,0.788,0.004472,0.001837,0.0,204
1,1,0,0,0,0,0,0,1,0,0,0,1,1,0,1,1,0,1,0,1,1,0,0,0,0,1,0,0,1,1,0,1,0,0,0,0,1,pamphlet_cif.y4m,37.8,37.852,0.09094,0.001992,0.0,246
1,1,0,0,0,0,0,1,0,0,0,0,1,1,0,1,1,1,1,0,1,1,0,0,1,0,0,0,0,1,0,1,0,0,0,0,0,0,pamphlet_cif.y4m,21.24,21.252,0.083187,0.001718,0.0,230
1,1,0,0,0,0,0,0,1,0,0,0,1,0,1,1,1,0,1,0,1,1,0,0,0,0,0,1,0,1,1,0,1,0,0,0,1,0,pamphlet_cif.y4m,37.79,37.878,0.28543,0.00336,0.0,27
1,1,0,1,0,0,0,0,0,0,0,0,1,1,0,1,1,1,1,0,1,1,1,0,0,0,0,0,0,1,1,0,0,0,0,0,0,0,pamphlet_cif.y4m,2.36,2.366,0.027019,0.001534,0.0,137
1,1,0,0,0,0,0,0,0,0,1,0,1,1,0,1,1,1,1,1,0,1,0,0,0,0,1,0,0,1,0,1,1,0,0,0,1,0,pamphlet_cif.y4m,3.19,3.2,0.037417,0.002853,0.0,169
1,1,0,0,0,0,0,0,0,0,1,0,1,0,1,1,0,1,1,0,1,1,1,0,0,0,0,0,0,1,0,1,1,0,0,0,0,1,pamphlet_cif.y4m,41.81,41.768,0.101833,0.001725,0.0,33
1,1,0,0,0,0,0,0,1,0,0,0,1,0,1,1,0,1,1,0,1,1,0,1,0,0,0,0,0,1,1,0,0,0,0,0,0,0,pamphlet_cif.y4m,18.02,17.998,0.055857,0.003263,0.0,205
1,1,0,0,0,0,0,0,0,0,1,0,1,1,0,1,1,0,1,0,1,1,0,0,0,0,1,0,0,1,1,0,1,0,0,0,0,1,pamphlet_cif.y4m,4.47,4.474,0.005477,0.001702,0.0,245
1,1,1,0,0,0,0,0,0,0,0,0,1,1,0,1,0,0,1,1,0,1,0,0,1,0,0,0,0,1,1,0,1,0,0,0,0,1,pamphlet_cif.y4m,3.0,3.0,0.031623,0.001748,0.0,163
1,1,0,0,1,0,0,0,0,0,0,0,1,1,0,1,1,0,1,1,0,1,1,0,0,0,0,0,0,1,0,1,1,1,0,0,0,0,pamphlet_cif.y4m,1.72,1.724,0.020736,0.001808,0.0,4
1,1,0,0,1,0,0,0,0,0,0,0,1,1,0,1,0,0,1,0,1,1,1,0,0,0,0,0,0,1,1,0,1,0,0,0,1,0,pamphlet_cif.y4m,1.61,1.592,0.045497,0.002896,0.0,141
1,1,1,0,0,0,0,0,0,0,0,0,1,1,0,1,1,1,1,0,1,1,0,0,1,0,0,0,0,1,1,0,1,1,0,0,0,0,pamphlet_cif.y4m,97.57,97.296,0.956206,0.002035,0.0,159
1,1,0,0,0,0,0,0,1,0,0,0,1,1,0,1,0,1,1,0,1,1,0,0,1,0,0,0,0,1,0,1,1,0,0,0,0,1,pamphlet_cif.y4m,7.3,7.302,0.023875,0.002855,0.0,336
1,1,0,0,0,1,0,0,0,0,0,0,1,1,0,1,0,0,1,0,1,1,0,0,0,0,0,0,1,1,1,0,1,0,0,0,1,0,pamphlet_cif.y4m,23.08,23.028,0.207292,0.001673,0.0,72
1,1,0,0,0,0,0,0,1,0,0,0,1,1,0,1,1,0,1,1,0,1,0,0,1,0,0,0,0,1,1,0,1,0,0,0,0,1,pamphlet_cif.y4m,3.33,3.336,0.026077,0.001814,0.0,248
1,1,0,1,0,0,0,0,0,0,0,0,1,0,1,1,1,1,1,1,0,1,0,0,0,0,0,1,0,1,0,1,1,0,0,0,0,1,pamphlet_cif.y4m,75.18,75.184,0.260921,0.001899,0.0,130
1,1,0,0,0,1,0,0,0,0,0,0,1,0,1,1,1,1,1,1,0,1,0,0,0,0,0,0,1,1,1,0,0,0,0,0,0,0,pamphlet_cif.y4m,53.92,54.01,0.36524,0.002307,0.0,324
1,1,1,0,0,0,0,0,0,0,0,0,1,0,1,1,0,1,1,1,0,1,0,1,0,0,0,0,0,1,0,1,0,0,0,0,0,0,pamphlet_cif.y4m,53.92,53.892,0.063008,0.003291,0.0,354
1,1,0,0,0,0,0,0,0,0,1,0,1,0,1,1,0,0,1,1,0,1,0,0,0,1,0,0,0,1,0,1,0,0,0,0,0,0,pamphlet_cif.y4m,30.51,30.436,0.143283,0.00177,0.0,291
1,1,0,0,0,0,0,0,0,0,1,0,1,1,0,1,0,0,1,1,0,1,0,1,0,0,0,0,0,1,1,0,1,0,1,0,0,0,pamphlet_cif.y4m,1.2,1.206,0.013416,0.001655,0.0,237
1,1,0,0,0,1,0,0,0,0,0,0,1,1,0,1,1,0,1,1,0,1,1,0,0,0,0,0,0,1,1,0,1,1,0,0,0,0,pamphlet_cif.y4m,1.56,1.566,0.019494,0.0016,0.0,183
1,1,0,0,0,1,0,0,0,0,0,0,1,0,1,1,1,1,1,0,1,1,0,0,1,0,0,0,0,1,0,1,0,0,0,0,0,0,pamphlet_cif.y4m,1.37,1.368,0.026833,0.001744,0.0,227
1,1,0,0,0,0,0,0,1,0,0,0,1,1,0,1,0,1,1,0,1,1,0,0,0,0,0,1,0,1,0,1,0,0,0,0,0,0,pamphlet_cif.y4m,3.59,3.588,0.023875,0.002061,0.0,338
1,1,0,0,1,0,0,0,0,0,0,0,1,0,1,1,0,0,1,0,1,1,1,0,0,0,0,0,0,1,1,0,1,0,0,0,1,0,pamphlet_cif.y4m,11.47,11.464,0.037148,0.001699,0.0,142
1,1,0,0,1,0,0,0,0,0,0,0,1,1,0,1,1,1,1,0,1,1,0,0,1,0,0,0,0,1,1,0,1,0,0,0,0,1,pamphlet_cif.y4m,9.45,9.456,0.020736,0.002231,0.0,332
1,1,0,0,0,0,0,0,0,1,0,0,1,0,1,1,0,0,1,1,0,1,0,0,0,0,1,0,0,1,0,1,1,0,0,0,1,0,pamphlet_cif.y4m,97.07,96.602,1.041427,0.001882,0.0,95
1,1,0,0,1,0,0,0,0,0,0,0,1,0,1,1,0,0,1,0,1,1,0,0,0,1,0,0,0,1,0,1,0,0,0,0,0,0,pamphlet_cif.y4m,5.82,5.814,0.037815,0.002285,0.0,289
1,1,0,0,1,0,0,0,0,0,0,0,1,1,0,1,0,0,1,0,1,1,0,0,0,0,0,1,0,1,0,1,1,0,0,1,0,0,pamphlet_cif.y4m,1.15,1.152,0.022804,0.001655,0.0,378
1,1,0,0,1,0,0,0,0,0,0,0,1,1,0,1,1,1,1,1,0,1,0,0,1,0,0,0,0,1,0,1,1,0,0,0,1,0,pamphlet_cif.y4m,24.52,24.524,0.092087,0.001684,0.0,278
1,1,0,0,0,0,0,0,0,0,1,0,1,0,1,1,1,0,1,0,1,1,1,0,0,0,0,0,0,1,0,1,1,0,0,0,1,0,pamphlet_cif.y4m,4.05,4.08,0.047958,0.00238,0.0,30
1,1,0,0,1,0,0,0,0,0,0,0,1,1,0,1,0,0,1,0,1,1,0,1,0,0,0,0,0,1,0,1,1,0,0,0,0,1,pamphlet_cif.y4m,1.04,1.042,0.004472,0.001955,0.0,120
1,1,0,0,0,1,0,0,0,0,0,0,1,1,0,1,1,1,1,0,1,1,0,0,0,0,0,1,0,1,0,1,0,0,0,0,0,0,pamphlet_cif.y4m,1.49,1.49,0.012247,0.001902,0.0,265
1,1,0,0,0,0,0,0,0,0,1,0,1,1,0,1,1,0,1,1,0,1,0,0,0,0,0,1,0,1,0,1,0,0,0,0,0,0,pamphlet_cif.y4m,3.11,3.11,0.007071,0.001839,0.0,296
1,1,0,0,0,0,0,1,0,0,0,0,1,1,0,1,1,1,1,1,0,1,0,1,0,0,0,0,0,1,0,1,0,0,0,0,0,0,pamphlet_cif.y4m,5.75,5.748,0.030332,0.00196,0.0,232
1,1,0,0,0,0,0,0,0,0,1,0,1,0,1,1,0,0,1,1,0,1,0,0,1,0,0,0,0,1,1,0,1,0,0,1,0,0,pamphlet_cif.y4m,4.37,4.384,0.037148,0.002601,0.0,310
1,1,0,0,0,0,0,1,0,0,0,0,1,0,1,1,1,1,1,0,1,1,0,0,0,0,0,1,0,1,0,1,1,0,0,1,0,0,pamphlet_cif.y4m,45.46,45.438,0.046583,0.002265,0.0,349
1,1,0,0,1,0,0,0,0,0,0,0,1,1,0,1,0,1,1,0,1,1,0,0,0,0,0,1,0,1,0,1,0,0,0,0,0,0,pamphlet_cif.y4m,2.92,2.934,0.033615,0.002338,0.0,377
1,1,0,0,0,0,0,0,0,1,0,0,1,0,1,1,1,1,1,1,0,1,0,0,0,0,1,0,0,1,0,1,1,0,0,0,1,0,pamphlet_cif.y4m,93.45,93.546,0.173868,0.001785,0.0,94
1,1,1,0,0,0,0,0,0,0,0,0,1,1,0,1,1,0,1,0,1,1,1,0,0,0,0,0,0,1,0,1,1,1,0,0,0,0,pamphlet_cif.y4m,3.92,3.922,0.020494,0.002752,0.0,178
1,1,0,0,0,0,0,0,0,0,1,0,1,0,1,1,0,0,1,1,0,1,0,0,0,0,0,1,0,1,0,1,1,0,0,0,0,1,pamphlet_cif.y4m,3.33,3.33,0.033166,0.002245,0.0,127
1,1,0,0,0,0,0,1,0,0,0,0,1,0,1,1,1,0,1,0,1,1,0,0,0,1,0,0,0,1,0,1,1,0,0,0,1,0,pamphlet_cif.y4m,1.2,1.202,0.008367,0.001583,0.0,111
1,1,1,0,0,0,0,0,0,0,0,0,1,0,1,1,0,1,1,1,0,1,0,1,0,0,0,0,0,1,0,1,1,0,0,1,0,0,pamphlet_cif.y4m,2.5,2.498,0.025884,0.002222,0.0,353
1,1,0,0,0,0,1,0,0,0,0,0,1,0,1,1,1,1,1,1,0,1,0,1,0,0,0,0,0,1,1,0,1,0,0,0,1,0,pamphlet_cif.y4m,3.02,3.038,0.029496,0.001989,0.0,45
1,1,0,0,0,1,0,0,0,0,0,0,1,0,1,1,1,1,1,0,1,1,0,0,1,0,0,0,0,1,1,0,0,0,0,0,0,0,pamphlet_cif.y4m,1.01,1.006,0.005477,0.001816,0.0,226
1,1,0,0,0,0,0,0,0,0,0,1,1,1,0,1,1,0,1,0,1,1,0,0,0,0,0,1,0,1,1,0,1,0,0,0,0,1,pamphlet_cif.y4m,3.66,3.672,0.038987,0.001862,0.0,59
1,1,0,0,0,0,0,0,1,0,0,0,1,1,0,1,1,1,1,1,0,1,1,0,0,0,0,0,0,1,0,1,1,1,0,0,0,0,pamphlet_cif.y4m,25.77,25.79,0.099247,0.001914,0.0,19
1,1,0,0,0,0,0,0,0,0,0,1,1,1,0,1,0,1,1,0,1,1,0,0,0,1,0,0,0,1,1,0,1,1,0,0,0,0,pamphlet_cif.y4m,14.46,14.464,0.038471,0.001751,0.0,304
1,1,0,0,0,0,0,0,1,0,0,0,1,0,1,1,0,1,1,0,1,1,0,1,0,0,0,0,0,1,0,1,0,0,0,0,0,0,pamphlet_cif.y4m,3.29,3.292,0.019235,0.001814,0.0,207
1,1,0,0,0,0,1,0,0,0,0,0,1,1,0,1,1,1,1,1,0,1,0,1,0,0,0,0,0,1,1,0,0,0,0,0,0,0,pamphlet_cif.y4m,68.22,67.26,3.271353,0.001907,0.0,43
1,1,0,0,0,0,1,0,0,0,0,0,1,1,0,1,1,0,1,1,0,1,1,0,0,0,0,0,0,1,1,0,1,0,0,0,0,1,pamphlet_cif.y4m,1.52,1.522,0.013038,0.001752,0.0,40
1,1,0,0,0,1,0,0,0,0,0,0,1,0,1,1,0,1,1,1,0,1,1,0,0,0,0,0,0,1,1,0,1,1,0,0,0,0,pamphlet_cif.y4m,54.02,54.044,0.037815,0.002231,0.0,186
1,1,0,0,1,0,0,0,0,0,0,0,1,0,1,1,0,0,1,0,1,1,0,0,0,1,0,0,0,1,0,1,1,0,0,0,0,1,pamphlet_cif.y4m,1.88,1.878,0.040249,0.001826,0.0,288
1,1,1,0,0,0,0,0,0,0,0,0,1,1,0,1,1,0,1,1,0,1,0,1,0,0,0,0,0,1,1,0,1,0,1,0,0,0,pamphlet_cif.y4m,3.06,3.056,0.020736,0.001903,0.0,82
1,1,0,0,0,0,0,0,0,0,1,0,1,0,1,1,1,1,1,0,1,1,0,0,0,1,0,0,0,1,0,1,0,0,0,0,0,0,pamphlet_cif.y4m,2.28,2.272,0.027749,0.001678,0.0,211
1,1,0,0,1,0,0,0,0,0,0,0,1,0,1,1,1,1,1,0,1,1,0,0,0,0,0,1,0,1,1,0,1,0,0,1,0,0,pamphlet_cif.y4m,34.99,35.028,0.125778,0.001992,0.0,347
1,1,0,1,0,0,0,0,0,0,0,0,1,0,1,1,0,0,1,1,0,1,1,0,0,0,0,0,0,1,1,0,1,0,0,0,1,0,pamphlet_cif.y4m,5.7,5.7,0.045277,0.001805,0.0,13
1,1,0,0,0,0,0,1,0,0,0,0,1,0,1,1,1,1,1,0,1,1,0,0,1,0,0,0,0,1,0,1,0,0,0,0,0,0,pamphlet_cif.y4m,221.68,221.752,0.132174,0.001819,0.0,228
1,1,0,0,0,0,0,0,0,1,0,0,1,1,0,1,0,1,1,0,1,1,0,0,1,0,0,0,0,1,0,1,1,0,0,0,0,1,pamphlet_cif.y4m,3.9,3.898,0.013038,0.001807,0.0,335
1,1,0,0,0,0,0,0,1,0,0,0,1,1,0,1,1,0,1,0,1,1,0,0,1,0,0,0,0,1,1,0,1,1,0,0,0,0,pamphlet_cif.y4m,12.31,12.256,0.118659,0.002278,0.0,24
1,1,1,0,0,0,0,0,0,0,0,0,1,0,1,1,0,1,1,0,1,1,0,1,0,0,0,0,0,1,0,1,1,0,0,1,0,0,pamphlet_cif.y4m,79.34,79.33,0.104881,0.003231,0.0,352
1,1,0,0,0,0,1,0,0,0,0,0,1,0,1,1,0,0,1,1,0,1,0,0,0,0,0,1,0,1,1,0,0,0,0,0,0,0,pamphlet_cif.y4m,2.46,2.46,0.021213,0.001696,0.0,368
1,1,1,0,0,0,0,0,0,0,0,0,1,0,1,1,1,1,1,1,0,1,0,1,0,0,0,0,0,1,1,0,0,0,0,0,0,0,pamphlet_cif.y4m,1.19,1.192,0.013038,0.001941,0.0,80
1,1,0,0,1,0,0,0,0,0,0,0,1,1,0,1,0,0,1,0,1,1,0,1,0,0,0,0,0,1,0,1,0,0,0,0,0,0,pamphlet_cif.y4m,15.44,15.44,0.033912,0.002022,0.0,121
1,1,0,0,0,0,0,0,0,0,1,0,1,0,1,1,1,1,1,0,1,1,0,0,1,0,0,0,0,1,1,0,1,1,0,0,0,0,pamphlet_cif.y4m,1.91,1.922,0.017889,0.001534,0.0,156
1,1,0,1,0,0,0,0,0,0,0,0,1,0,1,1,1,1,1,1,0,1,0,0,0,0,0,1,0,1,1,0,1,1,0,0,0,0,pamphlet_cif.y4m,0.71,0.716,0.008944,0.001679,0.0,9
1,1,0,0,0,0,0,0,0,0,1,0,1,1,0,1,0,0,1,1,0,1,0,0,0,0,1,0,0,1,1,0,1,0,0,0,0,1,pamphlet_cif.y4m,3.98,3.992,0.044385,0.001702,0.0,165
1,1,0,0,0,0,0,0,0,0,1,0,1,0,1,1,0,0,1,1,0,1,0,1,0,0,0,0,0,1,0,1,1,0,0,0,0,1,pamphlet_cif.y4m,2.86,2.846,0.037815,0.001598,0.0,126
1,1,0,0,1,0,0,0,0,0,0,0,1,1,0,1,1,1,1,0,1,1,0,0,1,0,0,0,0,1,0,1,1,0,1,0,0,0,pamphlet_cif.y4m,1.19,1.19,0.007071,0.001941,0.0,280
1,1,0,0,0,0,0,1,0,0,0,0,1,0,1,1,1,1,1,1,0,1,0,1,0,0,0,0,0,1,0,1,1,0,0,0,1,0,pamphlet_cif.y4m,0.95,0.948,0.008367,0.003297,0.0,172
1,1,0,0,0,0,0,0,0,0,1,0,1,0,1,1,0,1,1,1,0,1,0,0,0,1,0,0,0,1,0,1,0,0,0,0,0,0,pamphlet_cif.y4m,4.57,4.558,0.050695,0.002704,0.0,292
1,1,0,0,0,0,0,0,0,0,1,0,1,1,0,1,1,1,1,0,1,1,0,0,0,0,0,1,0,1,1,0,0,0,0,0,0,0,pamphlet_cif.y4m,9.42,9.408,0.074632,0.001875,0.0,105
1,1,0,0,0,1,0,0,0,0,0,0,1,0,1,1,1,1,1,0,1,1,0,0,0,0,0,0,1,1,1,0,1,0,1,0,0,0,pamphlet_cif.y4m,7.58,7.552,0.080436,0.002283,0.0,76
1,1,0,0,0,1,0,0,0,0,0,0,1,0,1,1,0,0,1,1,0,1,1,0,0,0,0,0,0,1,1,0,1,0,0,0,0,1,pamphlet_cif.y4m,38.83,38.71,0.287837,0.001843,0.0,221
1,1,0,0,0,0,0,0,0,0,1,0,1,1,0,1,1,0,1,1,0,1,0,0,0,0,1,0,0,1,0,1,1,0,0,0,0,1,pamphlet_cif.y4m,19.32,19.306,0.031305,0.002191,0.0,167
1,1,0,0,0,0,0,0,0,0,1,0,1,0,1,1,0,1,1,0,1,1,1,0,0,0,0,0,0,1,1,0,1,0,0,0,0,1,pamphlet_cif.y4m,144.84,144.546,0.853686,0.001877,0.0,35
1,1,0,0,1,0,0,0,0,0,0,0,1,1,0,1,0,0,1,1,0,1,0,1,0,0,0,0,0,1,0,1,1,0,1,0,0,0,pamphlet_cif.y4m,1.79,1.784,0.008944,0.001623,0.0,235
1,1,0,0,0,0,0,0,0,1,0,0,1,1,0,1,1,1,1,0,1,1,0,0,1,0,0,0,0,1,0,1,1,0,0,0,0,1,pamphlet_cif.y4m,5.63,5.65,0.112916,0.002275,0.0,333
1,1,0,0,0,0,1,0,0,0,0,0,1,0,1,1,1,1,1,1,0,1,0,1,0,0,0,0,0,1,1,0,0,0,0,0,0,0,pamphlet_cif.y4m,35.7,35.678,0.129692,0.001872,0.0,44
1,1,0,0,1,0,0,0,0,0,0,0,1,0,1,1,0,1,1,1,0,1,0,1,0,0,0,0,0,1,0,1,1,1,0,0,0,0,pamphlet_cif.y4m,58.82,58.768,0.087579,0.001782,0.0,256
1,1,0,0,0,0,0,1,0,0,0,0,1,0,1,1,1,0,1,0,1,1,0,1,0,0,0,0,0,1,0,1,1,0,0,0,0,1,pamphlet_cif.y4m,374.98,374.73,2.019517,0.00226,0.0,192
1,1,0,0,0,0,1,0,0,0,0,0,1,1,0,1,1,1,1,1,0,1,1,0,0,0,0,0,0,1,1,0,1,0,0,0,0,1,pamphlet_cif.y4m,8.78,8.772,0.07791,0.00179,0.0,41
1,1,0,0,0,0,0,0,0,0,1,0,1,0,1,1,0,1,1,1,0,1,0,0,0,0,0,1,0,1,0,1,1,0,0,0,1,0,pamphlet_cif.y4m,46.03,46.028,0.142548,0.002805,0.0,273
1,1,0,0,0,0,0,0,0,0,1,0,1,1,0,1,0,1,1,0,1,1,0,0,0,0,0,1,0,1,0,1,0,0,0,0,0,0,pamphlet_cif.y4m,47.78,48.0,0.516962,0.002878,0.0,101
1,1,0,0,0,0,0,0,0,0,1,0,1,0,1,1,1,1,1,0,1,1,0,0,0,0,1,0,0,1,1,0,1,0,1,0,0,0,pamphlet_cif.y4m,20.92,20.956,0.101637,0.001858,0.0,242
1,1,0,0,0,0,0,0,0,0,1,0,1,1,0,1,0,1,1,0,1,1,0,0,0,0,0,1,0,1,1,0,0,0,0,0,0,0,pamphlet_cif.y4m,6.99,7.008,0.036332,0.003131,0.0,103
1,1,1,0,0,0,0,0,0,0,0,0,1,1,0,1,1,0,1,1,0,1,0,1,0,0,0,0,0,1,0,1,0,0,0,0,0,0,pamphlet_cif.y4m,37.84,37.866,0.091269,0.001855,0.0,1
1,1,0,0,0,0,0,1,0,0,0,0,1,1,0,1,0,0,1,0,1,1,0,0,0,0,0,1,0,1,0,1,1,0,0,0,0,1,pamphlet_cif.y4m,2.56,2.546,0.036469,0.002222,0.0,56
1,1,0,0,1,0,0,0,0,0,0,0,1,0,1,1,0,0,1,0,1,1,0,0,0,0,0,0,1,1,0,1,0,0,0,0,0,0,pamphlet_cif.y4m,9.32,9.32,0.03,0.001875,0.0,373
1,1,0,0,0,0,0,0,1,0,0,0,1,1,0,1,1,1,1,0,1,1,0,1,0,0,0,0,0,1,0,1,1,0,1,0,0,0,pamphlet_cif.y4m,50.34,50.392,0.589126,0.001799,0.0,318
1,1,0,0,0,1,0,0,0,0,0,0,1,1,0,1,0,0,1,1,0,1,0,0,0,0,1,0,0,1,1,0,0,0,0,0,0,0,pamphlet_cif.y4m,146.99,146.584,0.906548,0.002048,0.0,69
1,1,0,1,0,0,0,0,0,0,0,0,1,0,1,1,0,0,1,1,0,1,0,0,0,0,0,1,0,1,1,0,1,1,0,0,0,0,pamphlet_cif.y4m,2.48,2.478,0.019235,0.002328,0.0,11
1,1,0,0,1,0,0,0,0,0,0,0,1,0,1,1,0,0,1,1,0,1,0,1,0,0,0,0,0,1,0,1,1,0,0,1,0,0,pamphlet_cif.y4m,3.34,3.332,0.016432,0.002075,0.0,258
1,1,0,0,0,0,0,0,0,0,1,0,1,0,1,1,0,0,1,1,0,1,0,1,0,0,0,0,0,1,1,0,1,0,1,0,0,0,pamphlet_cif.y4m,222.04,222.072,0.28674,0.00234,0.0,238
1,1,0,0,0,0,0,1,0,0,0,0,1,0,1,1,1,0,1,1,0,1,1,0,0,0,0,0,0,1,0,1,1,0,0,0,1,0,pamphlet_cif.y4m,205.46,205.08,0.888172,0.001967,0.0,173
1,1,0,0,0,0,0,1,0,0,0,0,1,0,1,1,0,1,1,0,1,1,0,1,0,0,0,0,0,1,0,1,1,1,0,0,0,0,pamphlet_cif.y4m,161.65,160.884,3.136898,0.001706,0.0,190
1,1,0,1,0,0,0,0,0,0,0,0,1,0,1,1,1,0,1,1,0,1,0,0,0,0,0,1,0,1,0,1,1,1,0,0,0,0,pamphlet_cif.y4m,40.63,40.692,0.132174,0.001746,0.0,7
1,1,0,0,0,1,0,0,0,0,0,0,1,0,1,1,1,1,1,0,1,1,0,0,0,0,0,0,1,1,1,0,0,0,0,0,0,0,pamphlet_cif.y4m,1.26,1.27,0.026458,0.001655,0.0,323
1,1,0,0,0,1,0,0,0,0,0,0,1,0,1,1,0,0,1,0,1,1,0,0,0,0,0,0,1,1,1,0,1,0,0,0,1,0,pamphlet_cif.y4m,66.9,67.552,1.855349,0.001736,0.0,73
1,1,0,0,0,0,0,0,0,0,1,0,1,0,1,1,1,0,1,0,1,1,0,1,0,0,0,0,0,1,0,1,0,0,0,0,0,0,pamphlet_cif.y4m,62.45,63.068,1.227689,0.001907,0.0,209
1,1,0,1,0,0,0,0,0,0,0,0,1,1,0,1,1,0,1,0,1,1,1,0,0,0,0,0,0,1,1,0,0,0,0,0,0,0,pamphlet_cif.y4m,3.05,3.048,0.017889,0.001788,0.0,138
1,1,0,0,0,1,0,0,0,0,0,0,1,1,0,1,1,1,1,1,0,1,0,0,0,0,0,1,0,1,0,1,0,0,0,0,0,0,pamphlet_cif.y4m,48.08,48.166,0.147241,0.002251,0.0,264
1,1,0,0,0,0,0,0,0,1,0,0,1,0,1,1,0,1,1,0,1,1,0,0,0,0,0,1,0,1,0,1,1,0,0,0,1,0,pamphlet_cif.y4m,155.35,155.398,0.436314,0.002048,0.0,98
1,1,0,0,0,0,0,0,0,0,1,0,1,1,0,1,0,0,1,0,1,1,0,0,0,0,0,1,0,1,1,0,1,0,0,1,0,0,pamphlet_cif.y4m,2.25,2.25,0.012247,0.001701,0.0,380
1,1,0,0,1,0,0,0,0,0,0,0,1,1,0,1,1,1,1,1,0,1,0,1,0,0,0,0,0,1,1,0,1,0,1,0,0,0,pamphlet_cif.y4m,73.41,73.542,0.772218,0.002726,0.0,85
1,1,0,0,0,0,0,0,0,0,1,0,1,0,1,1,0,0,1,0,1,1,1,0,0,0,0,0,0,1,0,1,1,0,0,0,1,0,pamphlet_cif.y4m,35.98,36.0,0.05244,0.00201,0.0,31
1,1,0,1,0,0,0,0,0,0,0,0,1,0,1,1,1,0,1,1,0,1,0,0,0,0,0,1,0,1,1,0,1,1,0,0,0,0,pamphlet_cif.y4m,1.73,1.73,0.007071,0.001752,0.0,8
1,1,0,0,1,0,0,0,0,0,0,0,1,1,0,1,1,1,1,1,0,1,1,0,0,0,0,0,0,1,0,1,1,1,0,0,0,0,pamphlet_cif.y4m,4.14,4.134,0.0251,0.002061,0.0,216
1,1,0,0,1,0,0,0,0,0,0,0,1,1,0,1,1,1,1,0,1,1,0,0,0,1,0,0,0,1,0,1,1,1,0,0,0,0,pamphlet_cif.y4m,0.86,0.854,0.008944,0.001955,0.0,214
1,1,0,0,0,0,0,0,1,0,0,0,1,1,0,1,0,0,1,1,0,1,0,0,0,0,0,1,0,1,1,0,0,0,0,0,0,0,pamphlet_cif.y4m,4.42,4.414,0.019494,0.001611,0.0,341
1,1,0,0,1,0,0,0,0,0,0,0,1,1,0,1,0,0,1,1,0,1,0,1,0,0,0,0,0,1,1,0,1,0,1,0,0,0,pamphlet_cif.y4m,2.66,2.664,0.027019,0.002695,0.0,236
1,1,0,0,0,0,0,0,0,0,1,0,1,0,1,1,0,0,1,0,1,1,0,0,0,0,1,0,0,1,1,0,1,0,1,0,0,0,pamphlet_cif.y4m,6.17,6.184,0.021909,0.00269,0.0,240
1,1,0,0,0,0,0,1,0,0,0,0,1,0,1,1,0,0,1,0,1,1,0,0,0,1,0,0,0,1,0,1,1,0,0,0,1,0,pamphlet_cif.y4m,8.35,8.364,0.038471,0.003131,0.0,51
1,1,1,0,0,0,0,0,0,0,0,0,1,0,1,1,1,1,1,0,1,1,0,0,0,0,0,0,1,1,1,0,1,0,1,0,0,0,pamphlet_cif.y4m,3.76,3.754,0.026077,0.001898,0.0,77
1,1,0,0,0,0,0,0,0,0,1,0,1,0,1,1,1,0,1,1,0,1,0,0,0,0,0,1,0,1,0,1,1,0,0,0,0,1,pamphlet_cif.y4m,4.26,4.28,0.052915,0.001962,0.0,128
1,1,0,0,1,0,0,0,0,0,0,0,1,1,0,1,0,0,1,1,0,1,0,1,0,0,0,0,0,1,0,1,0,0,0,0,0,0,pamphlet_cif.y4m,30.04,30.066,0.063875,0.00177,0.0,234
1,1,0,0,0,0,0,0,1,0,0,0,1,0,1,1,1,0,1,0,1,1,0,0,0,0,0,1,0,1,0,1,1,0,0,0,1,0,pamphlet_cif.y4m,388.64,388.646,0.056833,0.00226,0.0,28
1,1,0,0,1,0,0,0,0,0,0,0,1,1,0,1,1,0,1,0,1,1,1,0,0,0,0,0,0,1,1,0,0,0,0,0,0,0,pamphlet_cif.y4m,39.26,39.284,0.071972,0.001746,0.0,139
1,1,0,0,0,0,0,0,0,0,1,0,1,0,1,1,1,0,1,1,0,1,0,0,0,0,1,0,0,1,1,0,1,0,1,0,0,0,pamphlet_cif.y4m,0.81,0.81,0.01,0.001837,0.0,152
1,1,0,1,0,0,0,0,0,0,0,0,1,0,1,1,0,0,1,1,0,1,0,0,0,0,0,1,0,1,1,0,1,0,0,0,1,0,pamphlet_cif.y4m,53.78,53.812,0.170206,0.003306,0.0,12
1,1,0,0,0,0,1,0,0,0,0,0,1,0,1,1,0,1,1,1,0,1,0,0,0,0,0,1,0,1,1,0,0,0,0,0,0,0,pamphlet_cif.y4m,0.8,0.806,0.008944,0.001837,0.0,369
1,1,0,0,0,0,0,0,0,0,0,1,1,1,0,1,1,0,1,0,1,1,0,0,0,0,0,1,0,1,0,1,1,0,0,0,0,1,pamphlet_cif.y4m,19.25,19.254,0.016733,0.002191,0.0,58
1,1,0,0,0,0,0,0,1,0,0,0,1,1,0,1,1,0,1,1,0,1,1,0,0,0,0,0,0,1,1,0,0,0,0,0,0,0,pamphlet_cif.y4m,17.96,17.934,0.116103,0.002898,0.0,64
1,1,0,0,0,0,0,0,1,0,0,0,1,1,0,1,1,0,1,1,0,1,0,0,1,0,0,0,0,1,1,0,1,1,0,0,0,0,pamphlet_cif.y4m,12.81,12.814,0.053198,0.001782,0.0,21
1,1,0,0,0,1,0,0,0,0,0,0,1,0,1,1,1,1,1,0,1,1,0,0,1,0,0,0,0,1,1,0,1,0,0,0,0,1,pamphlet_cif.y4m,39.0,38.396,1.168003,0.001992,0.0,225
1,1,0,0,0,0,1,0,0,0,0,0,1,0,1,1,1,0,1,1,0,1,0,0,0,0,0,1,0,1,1,0,1,0,0,0,1,0,pamphlet_cif.y4m,48.88,48.944,0.525909,0.001721,0.0,366
1,1,0,0,0,0,0,1,0,0,0,0,1,0,1,1,1,1,1,0,1,1,0,0,1,0,0,0,0,1,0,1,1,0,0,0,0,1,paris_cif.y4m,8.79,8.764,0.091542,0.003617,0.0,114
1,1,0,0,1,0,0,0,0,0,0,0,1,1,0,1,1,1,1,0,1,1,0,0,1,0,0,0,0,1,1,0,1,0,1,0,0,0,paris_cif.y4m,5.48,5.472,0.016432,0.003366,0.0,281
1,1,0,0,0,1,0,0,0,0,0,0,1,0,1,1,1,0,1,1,0,1,0,0,0,0,0,0,1,1,1,0,1,0,0,1,0,0,paris_cif.y4m,12.01,12.012,0.077589,0.00356,0.0,325
1,1,1,0,0,0,0,0,0,0,0,0,1,1,0,1,1,0,1,1,0,1,0,0,0,0,1,0,0,1,1,0,1,1,0,0,0,0,paris_cif.y4m,10.54,10.558,0.106864,0.004955,0.0,181
1,1,0,0,0,0,0,0,1,0,0,0,1,1,0,1,1,0,1,0,1,1,0,0,1,0,0,0,0,1,1,0,1,0,0,0,0,1,paris_cif.y4m,212.03,215.824,9.250323,0.004325,0.0,247
1,1,0,0,0,0,0,0,0,0,1,0,1,1,0,1,1,0,1,1,0,1,0,0,0,0,1,0,0,1,1,0,1,0,0,0,0,1,paris_cif.y4m,358.83,358.81,0.263439,0.006667,0.0,166
1,1,0,0,0,0,0,0,1,0,0,0,1,1,0,1,1,0,1,0,1,1,0,0,1,0,0,0,0,1,1,0,1,0,0,0,1,0,paris_cif.y4m,17.22,17.332,0.27013,0.005907,0.0,25
1,1,0,0,0,0,0,1,0,0,0,0,1,0,1,1,0,0,1,1,0,1,0,1,0,0,0,0,0,1,0,1,0,0,0,0,0,0,paris_cif.y4m,21.98,21.994,0.254814,0.00643,0.0,355
1,1,0,0,1,0,0,0,0,0,0,0,1,1,0,1,0,0,1,1,0,1,1,0,0,0,0,0,0,1,1,0,1,0,0,0,0,1,paris_cif.y4m,3.08,3.086,0.024083,0.005427,0.0,219
1,1,0,0,0,1,0,0,0,0,0,0,1,1,0,1,1,0,1,1,0,1,0,0,0,0,1,0,0,1,1,0,1,1,0,0,0,0,paris_cif.y4m,21.81,21.75,0.176068,0.00643,0.0,182
1,1,0,1,0,0,0,0,0,0,0,0,1,0,1,1,0,1,1,1,0,1,0,0,0,0,0,1,0,1,1,0,1,1,0,0,0,0,paris_cif.y4m,8.34,8.306,0.112606,0.005037,0.0,10
1,1,0,0,1,0,0,0,0,0,0,0,1,1,0,1,1,0,1,0,1,1,0,0,1,0,0,0,0,1,0,1,1,0,0,0,0,1,paris_cif.y4m,88.0,88.0,0.104881,0.006058,0.0,116
1,1,0,0,0,1,0,0,0,0,0,0,1,1,0,1,1,1,1,0,1,1,0,0,0,0,0,1,0,1,0,1,1,1,0,0,0,0,paris_cif.y4m,13.49,13.53,0.114237,0.003513,0.0,266
1,1,0,0,0,0,0,0,1,0,0,0,1,1,0,1,0,0,1,0,1,1,0,0,1,0,0,0,0,1,1,0,1,0,0,1,0,0,paris_cif.y4m,54.72,54.426,0.666656,0.007563,0.0,313
1,1,0,0,0,0,0,1,0,0,0,0,1,0,1,1,0,0,1,1,0,1,0,0,0,0,0,0,1,1,0,1,0,0,0,0,0,0,paris_cif.y4m,30.84,30.892,0.170646,0.007804,0.0,357
1,1,0,0,0,1,0,0,0,0,0,0,1,0,1,1,0,1,1,0,1,1,1,0,0,0,0,0,0,1,1,0,1,1,0,0,0,0,paris_cif.y4m,5.59,5.546,0.121778,0.007554,0.0,187
1,1,0,0,0,0,0,0,1,0,0,0,1,1,0,1,1,1,1,0,1,1,0,0,1,0,0,0,0,1,1,0,1,1,0,0,0,0,paris_cif.y4m,730.36,730.424,1.459411,0.006573,0.0,23
1,1,0,0,1,0,0,0,0,0,0,0,1,1,0,1,1,0,1,1,0,1,0,1,0,0,0,0,0,1,0,1,0,0,0,0,0,0,paris_cif.y4m,73.95,73.82,0.305859,0.005545,0.0,2
1,1,0,0,0,0,0,0,0,0,0,1,1,1,0,1,1,0,1,0,1,1,0,0,0,0,0,1,0,1,1,0,1,1,0,0,0,0,paris_cif.y4m,297.15,296.846,0.977256,0.004923,0.0,301
1,1,0,0,0,0,0,1,0,0,0,0,1,0,1,1,0,1,1,1,0,1,0,1,0,0,0,0,0,1,0,1,0,0,0,0,0,0,paris_cif.y4m,267.39,272.444,10.188446,0.007267,0.0,356
1,1,0,0,0,0,0,0,0,0,1,0,1,1,0,1,0,1,1,0,1,1,0,0,0,0,0,1,0,1,0,1,1,1,0,0,0,0,paris_cif.y4m,26.38,26.39,0.023452,0.006239,0.0,269
1,1,0,0,0,0,0,0,0,0,1,0,1,0,1,1,0,1,1,1,0,1,0,0,1,0,0,0,0,1,0,1,1,0,0,0,1,0,paris_cif.y4m,23.92,23.712,0.510754,0.007888,0.0,274
1,1,0,0,0,0,0,0,0,0,1,0,1,0,1,1,0,1,1,1,0,1,0,0,0,1,0,0,0,1,1,0,1,1,0,0,0,0,paris_cif.y4m,14.09,13.994,0.234585,0.006998,0.0,307
1,1,0,0,1,0,0,0,0,0,0,0,1,0,1,1,0,1,1,1,0,1,0,0,1,0,0,0,0,1,0,1,1,1,0,0,0,0,paris_cif.y4m,49.51,49.298,0.662699,0.006058,0.0,254
1,1,0,0,0,0,0,0,0,0,1,0,1,0,1,1,0,1,1,0,1,1,0,1,0,0,0,0,0,1,0,1,0,0,0,0,0,0,paris_cif.y4m,3.76,3.714,0.120333,0.005531,0.0,208
1,1,0,0,1,0,0,0,0,0,0,0,1,1,0,1,1,1,1,1,0,1,0,0,1,0,0,0,0,1,0,1,1,0,1,0,0,0,paris_cif.y4m,4.52,4.532,0.038341,0.010996,0.0,279
1,1,0,0,0,0,0,1,0,0,0,0,1,1,0,1,1,1,1,1,0,1,0,1,0,0,0,0,0,1,0,1,1,0,0,0,1,0,paris_cif.y4m,14.94,14.768,0.319171,0.0043,0.0,171
1,1,0,0,0,0,0,0,0,1,0,0,1,1,0,1,0,1,1,0,1,1,0,0,0,0,0,1,0,1,0,1,1,0,0,0,1,0,paris_cif.y4m,55.62,55.606,0.055498,0.007563,0.0,99
1,1,1,0,0,0,0,0,0,0,0,0,1,0,1,1,1,1,1,1,0,1,0,1,0,0,0,0,0,1,1,0,1,0,1,0,0,0,paris_cif.y4m,18.06,18.03,0.161555,0.004121,0.0,81
1,1,0,0,0,0,0,0,0,0,1,0,1,0,1,1,1,1,1,0,1,1,0,0,1,0,0,0,0,1,1,0,1,0,1,0,0,0,paris_cif.y4m,6.24,6.176,0.166223,0.005939,0.0,155
1,1,0,0,0,1,0,0,0,0,0,0,1,1,0,1,0,1,1,1,0,1,1,0,0,0,0,0,0,1,1,0,1,1,0,0,0,0,paris_cif.y4m,11.07,10.904,0.387079,0.006998,0.0,185
1,1,0,0,1,0,0,0,0,0,0,0,1,1,0,1,0,0,1,0,1,1,0,0,0,0,0,1,0,1,0,1,0,0,0,0,0,0,paris_cif.y4m,6.31,6.296,0.061074,0.004689,0.0,376
1,1,0,0,0,0,0,0,1,0,0,0,1,1,0,1,0,1,1,0,1,1,0,1,0,0,0,0,0,1,1,0,0,0,0,0,0,0,paris_cif.y4m,2.56,2.562,0.017889,0.005481,0.0,204
1,1,0,0,0,0,0,0,1,0,0,0,1,1,0,1,1,0,1,0,1,1,0,0,0,0,1,0,0,1,1,0,1,0,0,0,0,1,paris_cif.y4m,146.92,146.862,0.29685,0.00574,0.0,246
1,1,0,0,0,0,0,1,0,0,0,0,1,1,0,1,1,1,1,0,1,1,0,0,1,0,0,0,0,1,0,1,0,0,0,0,0,0,paris_cif.y4m,88.92,88.862,0.228954,0.004426,0.0,230
1,1,0,0,0,0,0,0,1,0,0,0,1,0,1,1,1,0,1,0,1,1,0,0,0,0,0,1,0,1,1,0,1,0,0,0,1,0,paris_cif.y4m,145.93,145.804,0.465167,0.008205,0.0,27
1,1,0,1,0,0,0,0,0,0,0,0,1,1,0,1,1,1,1,0,1,1,1,0,0,0,0,0,0,1,1,0,0,0,0,0,0,0,paris_cif.y4m,7.98,7.966,0.047749,0.003448,0.0,137
1,1,0,0,0,0,0,0,0,0,1,0,1,1,0,1,1,1,1,1,0,1,0,0,0,0,1,0,0,1,0,1,1,0,0,0,1,0,paris_cif.y4m,11.08,10.972,0.301944,0.007211,0.0,169
1,1,0,0,0,0,0,0,0,0,1,0,1,0,1,1,0,1,1,0,1,1,1,0,0,0,0,0,0,1,0,1,1,0,0,0,0,1,paris_cif.y4m,160.21,160.25,0.141067,0.004417,0.0,33
1,1,0,0,0,0,0,0,1,0,0,0,1,0,1,1,0,1,1,0,1,1,0,1,0,0,0,0,0,1,1,0,0,0,0,0,0,0,paris_cif.y4m,56.49,56.302,0.418712,0.008135,0.0,205
1,1,0,0,0,0,0,0,0,0,1,0,1,1,0,1,1,0,1,0,1,1,0,0,0,0,1,0,0,1,1,0,1,0,0,0,0,1,paris_cif.y4m,15.17,15.16,0.065574,0.00408,0.0,245
1,1,1,0,0,0,0,0,0,0,0,0,1,1,0,1,0,0,1,1,0,1,0,0,1,0,0,0,0,1,1,0,1,0,0,0,0,1,paris_cif.y4m,10.75,10.748,0.035637,0.005321,0.0,163
1,1,0,0,1,0,0,0,0,0,0,0,1,1,0,1,1,0,1,1,0,1,1,0,0,0,0,0,0,1,0,1,1,1,0,0,0,0,paris_cif.y4m,6.3,6.302,0.046583,0.004689,0.0,4
1,1,0,0,1,0,0,0,0,0,0,0,1,1,0,1,0,0,1,0,1,1,1,0,0,0,0,0,0,1,1,0,1,0,0,0,1,0,paris_cif.y4m,5.8,5.752,0.126768,0.010996,0.0,141
1,1,1,0,0,0,0,0,0,0,0,0,1,1,0,1,1,1,1,0,1,1,0,0,1,0,0,0,0,1,1,0,1,1,0,0,0,0,paris_cif.y4m,315.7,315.76,0.343875,0.006097,0.0,159
1,1,0,0,0,0,0,0,1,0,0,0,1,1,0,1,0,1,1,0,1,1,0,0,1,0,0,0,0,1,0,1,1,0,0,0,0,1,paris_cif.y4m,24.28,24.292,0.232959,0.007264,0.0,336
1,1,0,0,0,1,0,0,0,0,0,0,1,1,0,1,0,0,1,0,1,1,0,0,0,0,0,0,1,1,1,0,1,0,0,0,1,0,paris_cif.y4m,67.93,67.984,1.527622,0.004099,0.0,72
1,1,0,0,0,0,0,0,1,0,0,0,1,1,0,1,1,0,1,1,0,1,0,0,1,0,0,0,0,1,1,0,1,0,0,0,0,1,paris_cif.y4m,13.24,13.086,0.254814,0.004257,0.0,248
1,1,0,1,0,0,0,0,0,0,0,0,1,0,1,1,1,1,1,1,0,1,0,0,0,0,0,1,0,1,0,1,1,0,0,0,0,1,paris_cif.y4m,233.86,234.062,0.911795,0.005557,0.0,130
1,1,0,0,0,1,0,0,0,0,0,0,1,0,1,1,1,1,1,1,0,1,0,0,0,0,0,0,1,1,1,0,0,0,0,0,0,0,paris_cif.y4m,199.11,199.036,0.841742,0.006284,0.0,324
1,1,1,0,0,0,0,0,0,0,0,0,1,0,1,1,0,1,1,1,0,1,0,1,0,0,0,0,0,1,0,1,0,0,0,0,0,0,paris_cif.y4m,193.92,193.856,0.357463,0.008123,0.0,354
1,1,0,0,0,0,0,0,0,0,1,0,1,0,1,1,0,0,1,1,0,1,0,0,0,1,0,0,0,1,0,1,0,0,0,0,0,0,paris_cif.y4m,121.51,121.722,1.072739,0.005983,0.0,291
1,1,0,0,0,0,0,0,0,0,1,0,1,1,0,1,0,0,1,1,0,1,0,1,0,0,0,0,0,1,1,0,1,0,1,0,0,0,paris_cif.y4m,4.27,4.316,0.12522,0.005277,0.0,237
1,1,0,0,0,1,0,0,0,0,0,0,1,1,0,1,1,0,1,1,0,1,1,0,0,0,0,0,0,1,1,0,1,1,0,0,0,0,paris_cif.y4m,5.37,5.368,0.031937,0.003449,0.0,183
1,1,0,0,0,1,0,0,0,0,0,0,1,0,1,1,1,1,1,0,1,1,0,0,1,0,0,0,0,1,0,1,0,0,0,0,0,0,paris_cif.y4m,4.94,4.922,0.034205,0.005514,0.0,227
1,1,0,0,0,0,0,0,1,0,0,0,1,1,0,1,0,1,1,0,1,1,0,0,0,0,0,1,0,1,0,1,0,0,0,0,0,0,paris_cif.y4m,14.45,14.34,0.241454,0.005663,0.0,338
1,1,0,0,1,0,0,0,0,0,0,0,1,0,1,1,0,0,1,0,1,1,1,0,0,0,0,0,0,1,1,0,1,0,0,0,1,0,paris_cif.y4m,36.72,36.702,0.088994,0.004195,0.0,142
1,1,0,0,1,0,0,0,0,0,0,0,1,1,0,1,1,1,1,0,1,1,0,0,1,0,0,0,0,1,1,0,1,0,0,0,0,1,paris_cif.y4m,38.72,38.736,0.054589,0.006263,0.0,332
1,1,0,0,0,0,0,0,0,1,0,0,1,0,1,1,0,0,1,1,0,1,0,0,0,0,1,0,0,1,0,1,1,0,0,0,1,0,paris_cif.y4m,315.91,315.86,0.319766,0.00632,0.0,95
1,1,0,0,1,0,0,0,0,0,0,0,1,0,1,1,0,0,1,0,1,1,0,0,0,1,0,0,0,1,0,1,0,0,0,0,0,0,paris_cif.y4m,21.38,21.32,0.253279,0.006399,0.0,289
1,1,0,0,1,0,0,0,0,0,0,0,1,1,0,1,0,0,1,0,1,1,0,0,0,0,0,1,0,1,0,1,1,0,0,1,0,0,paris_cif.y4m,4.11,4.106,0.030496,0.005277,0.0,378
1,1,0,0,1,0,0,0,0,0,0,0,1,1,0,1,1,1,1,1,0,1,0,0,1,0,0,0,0,1,0,1,1,0,0,0,1,0,paris_cif.y4m,72.44,72.502,0.353582,0.004174,0.0,278
1,1,0,0,0,0,0,0,0,0,1,0,1,0,1,1,1,0,1,0,1,1,1,0,0,0,0,0,0,1,0,1,1,0,0,0,1,0,paris_cif.y4m,15.22,15.206,0.159154,0.006389,0.0,30
1,1,0,0,1,0,0,0,0,0,0,0,1,1,0,1,0,0,1,0,1,1,0,1,0,0,0,0,0,1,0,1,1,0,0,0,0,1,paris_cif.y4m,4.35,4.302,0.327292,0.005746,0.0,120
1,1,0,0,0,1,0,0,0,0,0,0,1,1,0,1,1,1,1,0,1,1,0,0,0,0,0,1,0,1,0,1,0,0,0,0,0,0,paris_cif.y4m,5.12,5.112,0.034205,0.004769,0.0,265
1,1,0,0,0,0,0,0,0,0,1,0,1,1,0,1,1,0,1,1,0,1,0,0,0,0,0,1,0,1,0,1,0,0,0,0,0,0,paris_cif.y4m,10.88,10.87,0.037417,0.005412,0.0,296
1,1,0,0,0,0,0,1,0,0,0,0,1,1,0,1,1,1,1,1,0,1,0,1,0,0,0,0,0,1,0,1,0,0,0,0,0,0,paris_cif.y4m,20.0,19.998,0.028636,0.00557,0.0,232
1,1,0,0,0,0,0,0,0,0,1,0,1,0,1,1,0,0,1,1,0,1,0,0,1,0,0,0,0,1,1,0,1,0,0,1,0,0,paris_cif.y4m,15.53,15.508,0.050695,0.006848,0.0,310
1,1,0,0,0,0,0,1,0,0,0,0,1,0,1,1,1,1,1,0,1,1,0,0,0,0,0,1,0,1,0,1,1,0,0,1,0,0,paris_cif.y4m,181.23,181.068,0.710612,0.006332,0.0,349
1,1,0,0,1,0,0,0,0,0,0,0,1,1,0,1,0,1,1,0,1,1,0,0,0,0,0,1,0,1,0,1,0,0,0,0,0,0,paris_cif.y4m,10.83,10.828,0.052631,0.00644,0.0,377
1,1,0,0,0,0,0,0,0,1,0,0,1,0,1,1,1,1,1,1,0,1,0,0,0,0,1,0,0,1,0,1,1,0,0,0,1,0,paris_cif.y4m,295.39,295.212,0.320031,0.004814,0.0,94
1,1,1,0,0,0,0,0,0,0,0,0,1,1,0,1,1,0,1,0,1,1,1,0,0,0,0,0,0,1,0,1,1,1,0,0,0,0,paris_cif.y4m,14.52,14.448,0.193054,0.006998,0.0,178
1,1,0,0,0,0,0,0,0,0,1,0,1,0,1,1,0,0,1,1,0,1,0,0,0,0,0,1,0,1,0,1,1,0,0,0,0,1,paris_cif.y4m,12.93,12.89,0.12083,0.006327,0.0,127
1,1,0,0,0,0,0,1,0,0,0,0,1,0,1,1,1,0,1,0,1,1,0,0,0,1,0,0,0,1,0,1,1,0,0,0,1,0,paris_cif.y4m,4.08,4.08,0.015811,0.00533,0.0,111
1,1,1,0,0,0,0,0,0,0,0,0,1,0,1,1,0,1,1,1,0,1,0,1,0,0,0,0,0,1,0,1,1,0,0,1,0,0,paris_cif.y4m,10.76,10.922,0.34069,0.00759,0.0,353
1,1,0,0,0,0,1,0,0,0,0,0,1,0,1,1,1,1,1,1,0,1,0,1,0,0,0,0,0,1,1,0,1,0,0,0,1,0,paris_cif.y4m,11.0,10.974,0.07893,0.005037,0.0,45
1,1,0,0,0,1,0,0,0,0,0,0,1,0,1,1,1,1,1,0,1,1,0,0,1,0,0,0,0,1,1,0,0,0,0,0,0,0,paris_cif.y4m,3.58,3.584,0.033615,0.005704,0.0,226
1,1,0,0,0,0,0,0,0,0,0,1,1,1,0,1,1,0,1,0,1,1,0,0,0,0,0,1,0,1,1,0,1,0,0,0,0,1,paris_cif.y4m,12.83,12.836,0.071972,0.004883,0.0,59
1,1,0,0,0,0,0,0,1,0,0,0,1,1,0,1,1,1,1,1,0,1,1,0,0,0,0,0,0,1,0,1,1,1,0,0,0,0,paris_cif.y4m,73.73,76.332,3.944213,0.005545,0.0,19
1,1,0,0,0,0,0,0,0,0,0,1,1,1,0,1,0,1,1,0,1,1,0,0,0,1,0,0,0,1,1,0,1,1,0,0,0,0,paris_cif.y4m,44.93,44.784,0.457526,0.004169,0.0,304
1,1,0,0,0,0,0,0,1,0,0,0,1,0,1,1,0,1,1,0,1,1,0,1,0,0,0,0,0,1,0,1,0,0,0,0,0,0,paris_cif.y4m,12.59,12.594,0.052249,0.004257,0.0,207
1,1,0,0,0,0,1,0,0,0,0,0,1,1,0,1,1,1,1,1,0,1,0,1,0,0,0,0,0,1,1,0,0,0,0,0,0,0,paris_cif.y4m,242.42,244.34,6.073269,0.005667,0.0,43
1,1,0,0,0,0,1,0,0,0,0,0,1,1,0,1,1,0,1,1,0,1,1,0,0,0,0,0,0,1,1,0,1,0,0,0,0,1,paris_cif.y4m,5.86,5.852,0.035637,0.005152,0.0,40
1,1,0,0,0,1,0,0,0,0,0,0,1,0,1,1,0,1,1,1,0,1,1,0,0,0,0,0,0,1,1,0,1,1,0,0,0,0,paris_cif.y4m,207.97,206.998,2.501833,0.006354,0.0,186
1,1,0,0,1,0,0,0,0,0,0,0,1,0,1,1,0,0,1,0,1,1,0,0,0,1,0,0,0,1,0,1,1,0,0,0,0,1,paris_cif.y4m,6.68,6.676,0.082644,0.005714,0.0,288
1,1,1,0,0,0,0,0,0,0,0,0,1,1,0,1,1,0,1,1,0,1,0,1,0,0,0,0,0,1,1,0,1,0,1,0,0,0,paris_cif.y4m,10.8,10.73,0.139821,0.004955,0.0,82
1,1,0,0,0,0,0,0,0,0,1,0,1,0,1,1,1,1,1,0,1,1,0,0,0,1,0,0,0,1,0,1,0,0,0,0,0,0,paris_cif.y4m,8.39,8.304,0.155177,0.003584,0.0,211
1,1,0,0,1,0,0,0,0,0,0,0,1,0,1,1,1,1,1,0,1,1,0,0,0,0,0,1,0,1,1,0,1,0,0,1,0,0,paris_cif.y4m,139.71,139.662,0.476519,0.00574,0.0,347
1,1,0,1,0,0,0,0,0,0,0,0,1,0,1,1,0,0,1,1,0,1,1,0,0,0,0,0,0,1,1,0,1,0,0,0,1,0,paris_cif.y4m,20.7,20.69,0.062048,0.00598,0.0,13
1,1,0,0,0,0,0,1,0,0,0,0,1,0,1,1,1,1,1,0,1,1,0,0,1,0,0,0,0,1,0,1,0,0,0,0,0,0,paris_cif.y4m,697.63,697.456,0.802889,0.006302,0.0,228
1,1,0,0,0,0,0,0,0,1,0,0,1,1,0,1,0,1,1,0,1,1,0,0,1,0,0,0,0,1,0,1,1,0,0,0,0,1,paris_cif.y4m,14.97,15.058,0.213705,0.0043,0.0,335
1,1,0,0,0,0,0,0,1,0,0,0,1,1,0,1,1,0,1,0,1,1,0,0,1,0,0,0,0,1,1,0,1,1,0,0,0,0,paris_cif.y4m,42.35,42.498,0.286129,0.006227,0.0,24
1,1,1,0,0,0,0,0,0,0,0,0,1,0,1,1,0,1,1,0,1,1,0,1,0,0,0,0,0,1,0,1,1,0,0,1,0,0,paris_cif.y4m,275.79,275.264,1.068494,0.007906,0.0,352
1,1,0,0,0,0,1,0,0,0,0,0,1,0,1,1,0,0,1,1,0,1,0,0,0,0,0,1,0,1,1,0,0,0,0,0,0,0,paris_cif.y4m,8.67,8.768,0.172395,0.003648,0.0,368
1,1,1,0,0,0,0,0,0,0,0,0,1,0,1,1,1,1,1,1,0,1,0,1,0,0,0,0,0,1,1,0,0,0,0,0,0,0,paris_cif.y4m,3.98,4.002,0.058052,0.00571,0.0,80
1,1,0,0,1,0,0,0,0,0,0,0,1,1,0,1,0,0,1,0,1,1,0,1,0,0,0,0,0,1,0,1,0,0,0,0,0,0,paris_cif.y4m,48.45,48.472,0.067602,0.005619,0.0,121
1,1,0,0,0,0,0,0,0,0,1,0,1,0,1,1,1,1,1,0,1,1,0,0,1,0,0,0,0,1,1,0,1,1,0,0,0,0,paris_cif.y4m,6.59,6.596,0.031305,0.003448,0.0,156
1,1,0,1,0,0,0,0,0,0,0,0,1,0,1,1,1,1,1,1,0,1,0,0,0,0,0,1,0,1,1,0,1,1,0,0,0,0,paris_cif.y4m,2.53,2.552,0.058481,0.00543,0.0,9
1,1,0,0,0,0,0,0,0,0,1,0,1,1,0,1,0,0,1,1,0,1,0,0,0,0,1,0,0,1,1,0,1,0,0,0,0,1,paris_cif.y4m,14.73,14.644,0.185149,0.00408,0.0,165
1,1,0,0,0,0,0,0,0,0,1,0,1,0,1,1,0,0,1,1,0,1,0,1,0,0,0,0,0,1,0,1,1,0,0,0,0,1,paris_cif.y4m,9.77,9.794,0.061887,0.0036,0.0,126
1,1,0,0,1,0,0,0,0,0,0,0,1,1,0,1,1,1,1,0,1,1,0,0,1,0,0,0,0,1,0,1,1,0,1,0,0,0,paris_cif.y4m,4.54,4.47,0.179304,0.00571,0.0,280
1,1,0,0,0,0,0,1,0,0,0,0,1,0,1,1,1,1,1,1,0,1,0,1,0,0,0,0,0,1,0,1,1,0,0,0,1,0,paris_cif.y4m,3.53,3.486,0.110589,0.009087,0.0,172
1,1,0,0,0,0,0,0,0,0,1,0,1,0,1,1,0,1,1,1,0,1,0,0,0,1,0,0,0,1,0,1,0,0,0,0,0,0,paris_cif.y4m,16.22,16.252,0.100349,0.006934,0.0,292
1,1,0,0,0,0,0,0,0,0,1,0,1,1,0,1,1,1,1,0,1,1,0,0,0,0,0,1,0,1,1,0,0,0,0,0,0,0,paris_cif.y4m,31.0,30.99,0.064031,0.00612,0.0,105
1,1,0,0,0,1,0,0,0,0,0,0,1,0,1,1,1,1,1,0,1,1,0,0,0,0,0,0,1,1,1,0,1,0,1,0,0,0,paris_cif.y4m,27.65,27.546,0.417648,0.006312,0.0,76
1,1,0,0,0,1,0,0,0,0,0,0,1,0,1,1,0,0,1,1,0,1,1,0,0,0,0,0,0,1,1,0,1,0,0,0,0,1,paris_cif.y4m,147.8,147.832,0.33863,0.005987,0.0,221
1,1,0,0,0,0,0,0,0,0,1,0,1,1,0,1,1,0,1,1,0,1,0,0,0,0,1,0,0,1,0,1,1,0,0,0,0,1,paris_cif.y4m,63.58,63.606,0.066558,0.006128,0.0,167
1,1,0,0,0,0,0,0,0,0,1,0,1,0,1,1,0,1,1,0,1,1,1,0,0,0,0,0,0,1,1,0,1,0,0,0,0,1,paris_cif.y4m,441.59,441.2,0.904157,0.005019,0.0,35
1,1,0,0,1,0,0,0,0,0,0,0,1,1,0,1,0,0,1,1,0,1,0,1,0,0,0,0,0,1,0,1,1,0,1,0,0,0,paris_cif.y4m,6.19,6.182,0.013038,0.003551,0.0,235
1,1,0,0,0,0,0,0,0,1,0,0,1,1,0,1,1,1,1,0,1,1,0,0,1,0,0,0,0,1,0,1,1,0,0,0,0,1,paris_cif.y4m,20.62,20.538,0.175556,0.006394,0.0,333
1,1,0,0,0,0,1,0,0,0,0,0,1,0,1,1,1,1,1,1,0,1,0,1,0,0,0,0,0,1,1,0,0,0,0,0,0,0,paris_cif.y4m,136.44,136.47,0.214826,0.006026,0.0,44
1,1,0,0,1,0,0,0,0,0,0,0,1,0,1,1,0,1,1,1,0,1,0,1,0,0,0,0,0,1,0,1,1,1,0,0,0,0,paris_cif.y4m,204.15,203.462,1.00006,0.004544,0.0,256
1,1,0,0,0,0,0,1,0,0,0,0,1,0,1,1,1,0,1,0,1,1,0,1,0,0,0,0,0,1,0,1,1,0,0,0,0,1,paris_cif.y4m,1185.35,1185.558,4.509553,0.00681,0.0,192
1,1,0,0,0,0,1,0,0,0,0,0,1,1,0,1,1,1,1,1,0,1,1,0,0,0,0,0,0,1,1,0,1,0,0,0,0,1,paris_cif.y4m,28.8,28.63,0.350214,0.00428,0.0,41
1,1,0,0,0,0,0,0,0,0,1,0,1,0,1,1,0,1,1,1,0,1,0,0,0,0,0,1,0,1,0,1,1,0,0,0,1,0,paris_cif.y4m,175.29,175.254,0.390487,0.007162,0.0,273
1,1,0,0,0,0,0,0,0,0,1,0,1,1,0,1,0,1,1,0,1,1,0,0,0,0,0,1,0,1,0,1,0,0,0,0,0,0,paris_cif.y4m,165.97,165.844,0.460847,0.007346,0.0,101
1,1,0,0,0,0,0,0,0,0,1,0,1,0,1,1,1,1,1,0,1,1,0,0,0,0,1,0,0,1,1,0,1,0,1,0,0,0,paris_cif.y4m,86.1,85.944,0.474426,0.006058,0.0,242
1,1,0,0,0,0,0,0,0,0,1,0,1,1,0,1,0,1,1,0,1,1,0,0,0,0,0,1,0,1,1,0,0,0,0,0,0,0,paris_cif.y4m,24.93,24.718,0.452626,0.007888,0.0,103
1,1,1,0,0,0,0,0,0,0,0,0,1,1,0,1,1,0,1,1,0,1,0,1,0,0,0,0,0,1,0,1,0,0,0,0,0,0,paris_cif.y4m,141.72,141.544,0.335902,0.004614,0.0,1
1,1,0,0,0,0,0,1,0,0,0,0,1,1,0,1,0,0,1,0,1,1,0,0,0,0,0,1,0,1,0,1,1,0,0,0,0,1,paris_cif.y4m,10.49,10.496,0.070922,0.00759,0.0,56
1,1,0,0,1,0,0,0,0,0,0,0,1,0,1,1,0,0,1,0,1,1,0,0,0,0,0,0,1,1,0,1,0,0,0,0,0,0,paris_cif.y4m,30.05,30.024,0.10139,0.00612,0.0,373
1,1,0,0,0,0,0,0,1,0,0,0,1,1,0,1,1,1,1,0,1,1,0,1,0,0,0,0,0,1,0,1,1,0,1,0,0,0,paris_cif.y4m,194.33,194.752,0.894634,0.005938,0.0,318
1,1,0,0,0,1,0,0,0,0,0,0,1,1,0,1,0,0,1,1,0,1,0,0,0,0,1,0,0,1,1,0,0,0,0,0,0,0,paris_cif.y4m,475.69,475.588,0.407701,0.006156,0.0,69
1,1,0,1,0,0,0,0,0,0,0,0,1,0,1,1,0,0,1,1,0,1,0,0,0,0,0,1,0,1,1,0,1,1,0,0,0,0,paris_cif.y4m,9.88,9.872,0.079812,0.006446,0.0,11
1,1,0,0,1,0,0,0,0,0,0,0,1,0,1,1,0,0,1,1,0,1,0,1,0,0,0,0,0,1,0,1,1,0,0,1,0,0,paris_cif.y4m,12.36,12.316,0.115456,0.005572,0.0,258
1,1,0,0,0,0,0,0,0,0,1,0,1,0,1,1,0,0,1,1,0,1,0,1,0,0,0,0,0,1,1,0,1,0,1,0,0,0,paris_cif.y4m,721.78,722.03,1.132961,0.006895,0.0,238
1,1,0,0,0,0,0,1,0,0,0,0,1,0,1,1,1,0,1,1,0,1,1,0,0,0,0,0,0,1,0,1,1,0,0,0,1,0,paris_cif.y4m,648.83,648.938,0.694529,0.006096,0.0,173
1,1,0,0,0,0,0,1,0,0,0,0,1,0,1,1,0,1,1,0,1,1,0,1,0,0,0,0,0,1,0,1,1,1,0,0,0,0,paris_cif.y4m,497.49,497.762,0.679684,0.004746,0.0,190
1,1,0,1,0,0,0,0,0,0,0,0,1,0,1,1,1,0,1,1,0,1,0,0,0,0,0,1,0,1,0,1,1,1,0,0,0,0,paris_cif.y4m,133.88,133.548,1.078759,0.004393,0.0,7
1,1,0,0,0,1,0,0,0,0,0,0,1,0,1,1,1,1,1,0,1,1,0,0,0,0,0,0,1,1,1,0,0,0,0,0,0,0,paris_cif.y4m,4.39,4.37,0.083666,0.005531,0.0,323
1,1,0,0,0,1,0,0,0,0,0,0,1,0,1,1,0,0,1,0,1,1,0,0,0,0,0,0,1,1,1,0,1,0,0,0,1,0,paris_cif.y4m,231.41,235.532,10.79045,0.004543,0.0,73
1,1,0,0,0,0,0,0,0,0,1,0,1,0,1,1,1,0,1,0,1,1,0,1,0,0,0,0,0,1,0,1,0,0,0,0,0,0,paris_cif.y4m,238.31,240.416,3.783105,0.005667,0.0,209
1,1,0,1,0,0,0,0,0,0,0,0,1,1,0,1,1,0,1,0,1,1,1,0,0,0,0,0,0,1,1,0,0,0,0,0,0,0,paris_cif.y4m,11.88,11.818,0.120499,0.00416,0.0,138
1,1,0,0,0,1,0,0,0,0,0,0,1,1,0,1,1,1,1,1,0,1,0,0,0,0,0,1,0,1,0,1,0,0,0,0,0,0,paris_cif.y4m,186.9,186.79,0.664304,0.006304,0.0,264
1,1,0,0,0,0,0,0,0,1,0,0,1,0,1,1,0,1,1,0,1,1,0,0,0,0,0,1,0,1,0,1,1,0,0,0,1,0,paris_cif.y4m,505.84,505.766,0.796982,0.006156,0.0,98
1,1,0,0,0,0,0,0,0,0,1,0,1,1,0,1,0,0,1,0,1,1,0,0,0,0,0,1,0,1,1,0,1,0,0,1,0,0,paris_cif.y4m,8.46,8.354,0.240167,0.003731,0.0,380
1,1,0,0,1,0,0,0,0,0,0,0,1,1,0,1,1,1,1,1,0,1,0,1,0,0,0,0,0,1,1,0,1,0,1,0,0,0,paris_cif.y4m,274.01,274.36,2.155064,0.007097,0.0,85
1,1,0,0,0,0,0,0,0,0,1,0,1,0,1,1,0,0,1,0,1,1,1,0,0,0,0,0,0,1,0,1,1,0,0,0,1,0,paris_cif.y4m,137.54,137.538,0.121943,0.005725,0.0,31
1,1,0,1,0,0,0,0,0,0,0,0,1,0,1,1,1,0,1,1,0,1,0,0,0,0,0,1,0,1,1,0,1,1,0,0,0,0,paris_cif.y4m,6.44,6.438,0.022804,0.005152,0.0,8
1,1,0,0,1,0,0,0,0,0,0,0,1,1,0,1,1,1,1,1,0,1,1,0,0,0,0,0,0,1,0,1,1,1,0,0,0,0,paris_cif.y4m,14.95,14.952,0.037014,0.005663,0.0,216
1,1,0,0,1,0,0,0,0,0,0,0,1,1,0,1,1,1,1,0,1,1,0,0,0,1,0,0,0,1,0,1,1,1,0,0,0,0,paris_cif.y4m,2.85,2.97,0.206519,0.005746,0.0,214
1,1,0,0,0,0,0,0,1,0,0,0,1,1,0,1,0,0,1,1,0,1,0,0,0,0,0,1,0,1,1,0,0,0,0,0,0,0,paris_cif.y4m,14.46,14.512,0.191494,0.003658,0.0,341
1,1,0,0,1,0,0,0,0,0,0,0,1,1,0,1,0,0,1,1,0,1,0,1,0,0,0,0,0,1,1,0,1,0,1,0,0,0,paris_cif.y4m,9.07,9.064,0.008944,0.007094,0.0,236
1,1,0,0,0,0,0,0,0,0,1,0,1,0,1,1,0,0,1,0,1,1,0,0,0,0,1,0,0,1,1,0,1,0,1,0,0,0,paris_cif.y4m,22.85,22.816,0.068044,0.007169,0.0,240
1,1,0,0,0,0,0,1,0,0,0,0,1,0,1,1,0,0,1,0,1,1,0,0,0,1,0,0,0,1,0,1,1,0,0,0,1,0,paris_cif.y4m,27.45,27.016,0.982588,0.007888,0.0,51
1,1,1,0,0,0,0,0,0,0,0,0,1,0,1,1,1,1,1,0,1,1,0,0,0,0,0,0,1,1,1,0,1,0,1,0,0,0,paris_cif.y4m,14.7,14.73,0.079687,0.006061,0.0,77
1,1,0,0,0,0,0,0,0,0,1,0,1,0,1,1,1,0,1,1,0,1,0,0,0,0,0,1,0,1,0,1,1,0,0,0,0,1,paris_cif.y4m,15.88,15.866,0.050299,0.005483,0.0,128
1,1,0,0,1,0,0,0,0,0,0,0,1,1,0,1,0,0,1,1,0,1,0,1,0,0,0,0,0,1,0,1,0,0,0,0,0,0,paris_cif.y4m,118.43,118.43,0.058737,0.005983,0.0,234
1,1,0,0,0,0,0,0,1,0,0,0,1,0,1,1,1,0,1,0,1,1,0,0,0,0,0,1,0,1,0,1,1,0,0,0,1,0,paris_cif.y4m,1206.75,1206.698,0.260327,0.00681,0.0,28
1,1,0,0,1,0,0,0,0,0,0,0,1,1,0,1,1,0,1,0,1,1,1,0,0,0,0,0,0,1,1,0,0,0,0,0,0,0,paris_cif.y4m,136.28,135.812,1.014825,0.004393,0.0,139
1,1,0,0,0,0,0,0,0,0,1,0,1,0,1,1,1,0,1,1,0,1,0,0,0,0,1,0,0,1,1,0,1,0,1,0,0,0,paris_cif.y4m,2.8,2.88,0.138924,0.005481,0.0,152
1,1,0,1,0,0,0,0,0,0,0,0,1,0,1,1,0,0,1,1,0,1,0,0,0,0,0,1,0,1,1,0,1,0,0,0,1,0,paris_cif.y4m,204.09,204.14,0.325807,0.007972,0.0,12
1,1,0,0,0,0,1,0,0,0,0,0,1,0,1,1,0,1,1,1,0,1,0,0,0,0,0,1,0,1,1,0,0,0,0,0,0,0,paris_cif.y4m,2.88,2.846,0.076354,0.005481,0.0,369
1,1,0,0,0,0,0,0,0,0,0,1,1,1,0,1,1,0,1,0,1,1,0,0,0,0,0,1,0,1,0,1,1,0,0,0,0,1,paris_cif.y4m,63.41,63.422,0.053572,0.006128,0.0,58
1,1,0,0,0,0,0,0,1,0,0,0,1,1,0,1,1,0,1,1,0,1,1,0,0,0,0,0,0,1,1,0,0,0,0,0,0,0,paris_cif.y4m,57.46,57.338,0.341057,0.007563,0.0,64
1,1,0,0,0,0,0,0,1,0,0,0,1,1,0,1,1,0,1,1,0,1,0,0,1,0,0,0,0,1,1,0,1,1,0,0,0,0,paris_cif.y4m,40.48,40.432,0.113004,0.006033,0.0,21
1,1,0,0,0,1,0,0,0,0,0,0,1,0,1,1,1,1,1,0,1,1,0,0,1,0,0,0,0,1,1,0,1,0,0,0,0,1,paris_cif.y4m,142.4,142.13,0.627296,0.00574,0.0,225
1,1,0,0,0,0,1,0,0,0,0,0,1,0,1,1,1,0,1,1,0,1,0,0,0,0,0,1,0,1,1,0,1,0,0,0,1,0,paris_cif.y4m,168.37,168.156,0.902402,0.004416,0.0,366
1,1,0,0,0,0,0,1,0,0,0,0,1,0,1,1,1,1,1,0,1,1,0,0,1,0,0,0,0,1,0,1,1,0,0,0,0,1,sign_irene_cif.y4m,6.06,6.026,0.051769,0.003891,0.0,114
1,1,0,0,1,0,0,0,0,0,0,0,1,1,0,1,1,1,1,0,1,1,0,0,1,0,0,0,0,1,1,0,1,0,1,0,0,0,sign_irene_cif.y4m,4.35,4.34,0.029155,0.003602,0.0,281
1,1,0,0,0,1,0,0,0,0,0,0,1,0,1,1,1,0,1,1,0,1,0,0,0,0,0,0,1,1,1,0,1,0,0,1,0,0,sign_irene_cif.y4m,7.9,7.892,0.025884,0.003762,0.0,325
1,1,1,0,0,0,0,0,0,0,0,0,1,1,0,1,1,0,1,1,0,1,0,0,0,0,1,0,0,1,1,0,1,1,0,0,0,0,sign_irene_cif.y4m,7.06,7.096,0.060249,0.005003,0.0,181
1,1,0,0,0,0,0,0,1,0,0,0,1,1,0,1,1,0,1,0,1,1,0,0,1,0,0,0,0,1,1,0,1,0,0,0,0,1,sign_irene_cif.y4m,196.47,196.636,0.650254,0.004418,0.0,247
1,1,0,0,0,0,0,0,0,0,1,0,1,1,0,1,1,0,1,1,0,1,0,0,0,0,1,0,0,1,1,0,1,0,0,0,0,1,sign_irene_cif.y4m,303.48,303.55,0.325576,0.006215,0.0,166
1,1,0,0,0,0,0,0,1,0,0,0,1,1,0,1,1,0,1,0,1,1,0,0,1,0,0,0,0,1,1,0,1,0,0,0,1,0,sign_irene_cif.y4m,11.6,11.588,0.086718,0.00464,0.0,25
1,1,0,0,0,0,0,1,0,0,0,0,1,0,1,1,0,0,1,1,0,1,0,1,0,0,0,0,0,1,0,1,0,0,0,0,0,0,sign_irene_cif.y4m,15.3,15.326,0.07733,0.005924,0.0,355
1,1,0,0,1,0,0,0,0,0,0,0,1,1,0,1,0,0,1,1,0,1,1,0,0,0,0,0,0,1,1,0,1,0,0,0,0,1,sign_irene_cif.y4m,2.28,2.272,0.021679,0.00423,0.0,219
1,1,0,0,0,1,0,0,0,0,0,0,1,1,0,1,1,0,1,1,0,1,0,0,0,0,1,0,0,1,1,0,1,1,0,0,0,0,sign_irene_cif.y4m,15.32,15.32,0.060415,0.005924,0.0,182
1,1,0,1,0,0,0,0,0,0,0,0,1,0,1,1,0,1,1,1,0,1,0,0,0,0,0,1,0,1,1,0,1,1,0,0,0,0,sign_irene_cif.y4m,5.45,5.44,0.02,0.005097,0.0,10
1,1,0,0,1,0,0,0,0,0,0,0,1,1,0,1,1,0,1,0,1,1,0,0,1,0,0,0,0,1,0,1,1,0,0,0,0,1,sign_irene_cif.y4m,68.25,68.148,0.260615,0.004705,0.0,116
1,1,0,0,0,1,0,0,0,0,0,0,1,1,0,1,1,1,1,0,1,1,0,0,0,0,0,1,0,1,0,1,1,1,0,0,0,0,sign_irene_cif.y4m,9.71,9.734,0.039115,0.003759,0.0,266
1,1,0,0,0,0,0,0,1,0,0,0,1,1,0,1,0,0,1,0,1,1,0,0,1,0,0,0,0,1,1,0,1,0,0,1,0,0,sign_irene_cif.y4m,47.34,47.352,0.15975,0.008239,0.0,313
1,1,0,0,0,0,0,1,0,0,0,0,1,0,1,1,0,0,1,1,0,1,0,0,0,0,0,0,1,1,0,1,0,0,0,0,0,0,sign_irene_cif.y4m,18.94,18.992,0.110995,0.00791,0.0,357
1,1,0,0,0,1,0,0,0,0,0,0,1,0,1,1,0,1,1,0,1,1,1,0,0,0,0,0,0,1,1,0,1,1,0,0,0,0,sign_irene_cif.y4m,3.25,3.244,0.008944,0.007601,0.0,187
1,1,0,0,0,0,0,0,1,0,0,0,1,1,0,1,1,1,1,0,1,1,0,0,1,0,0,0,0,1,1,0,1,1,0,0,0,0,sign_irene_cif.y4m,622.57,622.568,0.121737,0.006123,0.0,23
1,1,0,0,1,0,0,0,0,0,0,0,1,1,0,1,1,0,1,1,0,1,0,1,0,0,0,0,0,1,0,1,0,0,0,0,0,0,sign_irene_cif.y4m,64.42,64.426,0.100648,0.005233,0.0,2
1,1,0,0,0,0,0,0,0,0,0,1,1,1,0,1,1,0,1,0,1,1,0,0,0,0,0,1,0,1,1,0,1,1,0,0,0,0,sign_irene_cif.y4m,286.9,286.482,1.035022,0.004654,0.0,301
1,1,0,0,0,0,0,1,0,0,0,0,1,0,1,1,0,1,1,1,0,1,0,1,0,0,0,0,0,1,0,1,0,0,0,0,0,0,sign_irene_cif.y4m,262.39,262.508,3.645095,0.008262,0.0,356
1,1,0,0,0,0,0,0,0,0,1,0,1,1,0,1,0,1,1,0,1,1,0,0,0,0,0,1,0,1,0,1,1,1,0,0,0,0,sign_irene_cif.y4m,17.74,17.752,0.023875,0.005718,0.0,269
1,1,0,0,0,0,0,0,0,0,1,0,1,0,1,1,0,1,1,1,0,1,0,0,1,0,0,0,0,1,0,1,1,0,0,0,1,0,sign_irene_cif.y4m,14.37,14.328,0.218335,0.007999,0.0,274
1,1,0,0,0,0,0,0,0,0,1,0,1,0,1,1,0,1,1,1,0,1,0,0,0,1,0,0,0,1,1,0,1,1,0,0,0,0,sign_irene_cif.y4m,9.95,9.946,0.080498,0.007306,0.0,307
1,1,0,0,1,0,0,0,0,0,0,0,1,0,1,1,0,1,1,1,0,1,0,0,1,0,0,0,0,1,0,1,1,1,0,0,0,0,sign_irene_cif.y4m,39.72,39.752,0.089275,0.004797,0.0,254
1,1,0,0,0,0,0,0,0,0,1,0,1,0,1,1,0,1,1,0,1,1,0,1,0,0,0,0,0,1,0,1,0,0,0,0,0,0,sign_irene_cif.y4m,2.22,2.224,0.02881,0.004331,0.0,208
1,1,0,0,1,0,0,0,0,0,0,0,1,1,0,1,1,1,1,1,0,1,0,0,1,0,0,0,0,1,0,1,1,0,1,0,0,0,sign_irene_cif.y4m,3.13,3.132,0.034205,0.008257,0.0,279
1,1,0,0,0,0,0,1,0,0,0,0,1,1,0,1,1,1,1,1,0,1,0,1,0,0,0,0,0,1,0,1,1,0,0,0,1,0,sign_irene_cif.y4m,8.97,8.98,0.045277,0.004216,0.0,171
1,1,0,0,0,0,0,0,0,1,0,0,1,1,0,1,0,1,1,0,1,1,0,0,0,0,0,1,0,1,0,1,1,0,0,0,1,0,sign_irene_cif.y4m,48.95,48.802,0.331617,0.008239,0.0,99
1,1,1,0,0,0,0,0,0,0,0,0,1,0,1,1,1,1,1,1,0,1,0,1,0,0,0,0,0,1,1,0,1,0,1,0,0,0,sign_irene_cif.y4m,10.8,10.802,0.041473,0.004159,0.0,81
1,1,0,0,0,0,0,0,0,0,1,0,1,0,1,1,1,1,1,0,1,1,0,0,1,0,0,0,0,1,1,0,1,0,1,0,0,0,sign_irene_cif.y4m,3.91,3.902,0.021679,0.005228,0.0,155
1,1,0,0,0,1,0,0,0,0,0,0,1,1,0,1,0,1,1,1,0,1,1,0,0,0,0,0,0,1,1,0,1,1,0,0,0,0,sign_irene_cif.y4m,6.9,6.892,0.030332,0.007306,0.0,185
1,1,0,0,1,0,0,0,0,0,0,0,1,1,0,1,0,0,1,0,1,1,0,0,0,0,0,1,0,1,0,1,0,0,0,0,0,0,sign_irene_cif.y4m,4.81,4.81,0.047434,0.004729,0.0,376
1,1,0,0,0,0,0,0,1,0,0,0,1,1,0,1,0,1,1,0,1,1,0,1,0,0,0,0,0,1,1,0,0,0,0,0,0,0,sign_irene_cif.y4m,1.73,1.734,0.005477,0.004739,0.0,204
1,1,0,0,0,0,0,0,1,0,0,0,1,1,0,1,1,0,1,0,1,1,0,0,0,0,1,0,0,1,1,0,1,0,0,0,0,1,sign_irene_cif.y4m,113.05,113.034,0.305663,0.005171,0.0,246
1,1,0,0,0,0,0,1,0,0,0,0,1,1,0,1,1,1,1,0,1,1,0,0,1,0,0,0,0,1,0,1,0,0,0,0,0,0,sign_irene_cif.y4m,61.77,61.884,0.220635,0.004505,0.0,230
1,1,0,0,0,0,0,0,1,0,0,0,1,0,1,1,1,0,1,0,1,1,0,0,0,0,0,1,0,1,1,0,1,0,0,0,1,0,sign_irene_cif.y4m,96.68,96.744,0.214079,0.008956,0.0,27
1,1,0,1,0,0,0,0,0,0,0,0,1,1,0,1,1,1,1,0,1,1,1,0,0,0,0,0,0,1,1,0,0,0,0,0,0,0,sign_irene_cif.y4m,6.55,6.522,0.064576,0.00365,0.0,137
1,1,0,0,0,0,0,0,0,0,1,0,1,1,0,1,1,1,1,1,0,1,0,0,0,0,1,0,0,1,0,1,1,0,0,0,1,0,sign_irene_cif.y4m,7.53,7.524,0.043359,0.007271,0.0,169
1,1,0,0,0,0,0,0,0,0,1,0,1,0,1,1,0,1,1,0,1,1,1,0,0,0,0,0,0,1,0,1,1,0,0,0,0,1,sign_irene_cif.y4m,125.72,125.862,0.286217,0.004467,0.0,33
1,1,0,0,0,0,0,0,1,0,0,0,1,0,1,1,0,1,1,0,1,1,0,1,0,0,0,0,0,1,1,0,0,0,0,0,0,0,sign_irene_cif.y4m,42.14,42.124,0.169352,0.008613,0.0,205
1,1,0,0,0,0,0,0,0,0,1,0,1,1,0,1,1,0,1,0,1,1,0,0,0,0,1,0,0,1,1,0,1,0,0,0,0,1,sign_irene_cif.y4m,10.39,10.39,0.025495,0.00413,0.0,245
1,1,1,0,0,0,0,0,0,0,0,0,1,1,0,1,0,0,1,1,0,1,0,0,1,0,0,0,0,1,1,0,1,0,0,0,0,1,sign_irene_cif.y4m,6.86,6.86,0.024495,0.004457,0.0,163
1,1,0,0,1,0,0,0,0,0,0,0,1,1,0,1,1,0,1,1,0,1,1,0,0,0,0,0,0,1,0,1,1,1,0,0,0,0,sign_irene_cif.y4m,4.74,4.756,0.040988,0.004729,0.0,4
1,1,0,0,1,0,0,0,0,0,0,0,1,1,0,1,0,0,1,0,1,1,1,0,0,0,0,0,0,1,1,0,1,0,0,0,1,0,sign_irene_cif.y4m,3.94,3.922,0.041473,0.008257,0.0,141
1,1,1,0,0,0,0,0,0,0,0,0,1,1,0,1,1,1,1,0,1,1,0,0,1,0,0,0,0,1,1,0,1,1,0,0,0,0,sign_irene_cif.y4m,289.75,289.254,0.792988,0.005326,0.0,159
1,1,0,0,0,0,0,0,1,0,0,0,1,1,0,1,0,1,1,0,1,1,0,0,1,0,0,0,0,1,0,1,1,0,0,0,0,1,sign_irene_cif.y4m,14.93,14.932,0.052631,0.007343,0.0,336
1,1,0,0,0,1,0,0,0,0,0,0,1,1,0,1,0,0,1,0,1,1,0,0,0,0,0,0,1,1,1,0,1,0,0,0,1,0,sign_irene_cif.y4m,59.57,59.624,0.634295,0.004197,0.0,72
1,1,0,0,0,0,0,0,1,0,0,0,1,1,0,1,1,0,1,1,0,1,0,0,1,0,0,0,0,1,1,0,1,0,0,0,0,1,sign_irene_cif.y4m,8.32,8.324,0.023022,0.004167,0.0,248
1,1,0,1,0,0,0,0,0,0,0,0,1,0,1,1,1,1,1,1,0,1,0,0,0,0,0,1,0,1,0,1,1,0,0,0,0,1,sign_irene_cif.y4m,231.59,231.246,0.816352,0.00506,0.0,130
1,1,0,0,0,1,0,0,0,0,0,0,1,0,1,1,1,1,1,1,0,1,0,0,0,0,0,0,1,1,1,0,0,0,0,0,0,0,sign_irene_cif.y4m,173.21,173.21,0.061237,0.006161,0.0,324
1,1,1,0,0,0,0,0,0,0,0,0,1,0,1,1,0,1,1,1,0,1,0,1,0,0,0,0,0,1,0,1,0,0,0,0,0,0,sign_irene_cif.y4m,130.94,130.922,0.074632,0.008891,0.0,354
1,1,0,0,0,0,0,0,0,0,1,0,1,0,1,1,0,0,1,1,0,1,0,0,0,1,0,0,0,1,0,1,0,0,0,0,0,0,sign_irene_cif.y4m,85.47,85.424,0.224789,0.004625,0.0,291
1,1,0,0,0,0,0,0,0,0,1,0,1,1,0,1,0,0,1,1,0,1,0,1,0,0,0,0,0,1,1,0,1,0,1,0,0,0,sign_irene_cif.y4m,3.11,3.112,0.019235,0.004502,0.0,237
1,1,0,0,0,1,0,0,0,0,0,0,1,1,0,1,1,0,1,1,0,1,1,0,0,0,0,0,0,1,1,0,1,1,0,0,0,0,sign_irene_cif.y4m,4.83,4.828,0.022804,0.003686,0.0,183
1,1,0,0,0,1,0,0,0,0,0,0,1,0,1,1,1,1,1,0,1,1,0,0,1,0,0,0,0,1,0,1,0,0,0,0,0,0,sign_irene_cif.y4m,3.62,3.622,0.040249,0.00476,0.0,227
1,1,0,0,0,0,0,0,1,0,0,0,1,1,0,1,0,1,1,0,1,1,0,0,0,0,0,1,0,1,0,1,0,0,0,0,0,0,sign_irene_cif.y4m,8.36,8.364,0.045056,0.005306,0.0,338
1,1,0,0,1,0,0,0,0,0,0,0,1,0,1,1,0,0,1,0,1,1,1,0,0,0,0,0,0,1,1,0,1,0,0,0,1,0,sign_irene_cif.y4m,30.13,30.104,0.085615,0.004209,0.0,142
1,1,0,0,1,0,0,0,0,0,0,0,1,1,0,1,1,1,1,0,1,1,0,0,1,0,0,0,0,1,1,0,1,0,0,0,0,1,sign_irene_cif.y4m,22.81,22.8,0.018708,0.005796,0.0,332
1,1,0,0,0,0,0,0,0,1,0,0,1,0,1,1,0,0,1,1,0,1,0,0,0,0,1,0,0,1,0,1,1,0,0,0,1,0,sign_irene_cif.y4m,267.78,267.754,0.5313,0.004739,0.0,95
1,1,0,0,1,0,0,0,0,0,0,0,1,0,1,1,0,0,1,0,1,1,0,0,0,1,0,0,0,1,0,1,0,0,0,0,0,0,sign_irene_cif.y4m,13.83,13.828,0.053104,0.005859,0.0,289
1,1,0,0,1,0,0,0,0,0,0,0,1,1,0,1,0,0,1,0,1,1,0,0,0,0,0,1,0,1,0,1,1,0,0,1,0,0,sign_irene_cif.y4m,2.71,2.702,0.039623,0.004502,0.0,378
1,1,0,0,1,0,0,0,0,0,0,0,1,1,0,1,1,1,1,1,0,1,0,0,1,0,0,0,0,1,0,1,1,0,0,0,1,0,sign_irene_cif.y4m,62.87,62.864,0.120955,0.004172,0.0,278
1,1,0,0,0,0,0,0,0,0,1,0,1,0,1,1,1,0,1,0,1,1,1,0,0,0,0,0,0,1,0,1,1,0,0,0,1,0,sign_irene_cif.y4m,10.74,10.746,0.040373,0.005842,0.0,30
1,1,0,0,1,0,0,0,0,0,0,0,1,1,0,1,0,0,1,0,1,1,0,1,0,0,0,0,0,1,0,1,1,0,0,0,0,1,sign_irene_cif.y4m,2.84,2.828,0.032711,0.00504,0.0,120
1,1,0,0,0,1,0,0,0,0,0,0,1,1,0,1,1,1,1,0,1,1,0,0,0,0,0,1,0,1,0,1,0,0,0,0,0,0,sign_irene_cif.y4m,4.16,4.16,0.01,0.004795,0.0,265
1,1,0,0,0,0,0,0,0,0,1,0,1,1,0,1,1,0,1,1,0,1,0,0,0,0,0,1,0,1,0,1,0,0,0,0,0,0,sign_irene_cif.y4m,7.96,7.972,0.068702,0.004557,0.0,296
1,1,0,0,0,0,0,1,0,0,0,0,1,1,0,1,1,1,1,1,0,1,0,1,0,0,0,0,0,1,0,1,0,0,0,0,0,0,sign_irene_cif.y4m,12.86,12.88,0.073824,0.005221,0.0,232
1,1,0,0,0,0,0,0,0,0,1,0,1,0,1,1,0,0,1,1,0,1,0,0,1,0,0,0,0,1,1,0,1,0,0,1,0,0,sign_irene_cif.y4m,10.16,10.172,0.06261,0.007138,0.0,310
1,1,0,0,0,0,0,1,0,0,0,0,1,0,1,1,1,1,1,0,1,1,0,0,0,0,0,1,0,1,0,1,1,0,0,1,0,0,sign_irene_cif.y4m,138.66,138.68,0.177059,0.006086,0.0,349
1,1,0,0,1,0,0,0,0,0,0,0,1,1,0,1,0,1,1,0,1,1,0,0,0,0,0,1,0,1,0,1,0,0,0,0,0,0,sign_irene_cif.y4m,8.07,8.056,0.035777,0.005779,0.0,377
1,1,0,0,0,0,0,0,0,1,0,0,1,0,1,1,1,1,1,1,0,1,0,0,0,0,1,0,0,1,0,1,1,0,0,0,1,0,sign_irene_cif.y4m,277.93,277.766,0.438953,0.004587,0.0,94
1,1,1,0,0,0,0,0,0,0,0,0,1,1,0,1,1,0,1,0,1,1,1,0,0,0,0,0,0,1,0,1,1,1,0,0,0,0,sign_irene_cif.y4m,9.99,9.996,0.055045,0.007306,0.0,178
1,1,0,0,0,0,0,0,0,0,1,0,1,0,1,1,0,0,1,1,0,1,0,0,0,0,0,1,0,1,0,1,1,0,0,0,0,1,sign_irene_cif.y4m,9.04,9.008,0.049699,0.005673,0.0,127
1,1,0,0,0,0,0,1,0,0,0,0,1,0,1,1,1,0,1,0,1,1,0,0,0,1,0,0,0,1,0,1,1,0,0,0,1,0,sign_irene_cif.y4m,2.91,2.906,0.02881,0.004128,0.0,111
1,1,1,0,0,0,0,0,0,0,0,0,1,0,1,1,0,1,1,1,0,1,0,1,0,0,0,0,0,1,0,1,1,0,0,1,0,0,sign_irene_cif.y4m,7.47,7.504,0.070214,0.006666,0.0,353
1,1,0,0,0,0,1,0,0,0,0,0,1,0,1,1,1,1,1,1,0,1,0,1,0,0,0,0,0,1,1,0,1,0,0,0,1,0,sign_irene_cif.y4m,7.71,7.692,0.054955,0.005097,0.0,45
1,1,0,0,0,1,0,0,0,0,0,0,1,0,1,1,1,1,1,0,1,1,0,0,1,0,0,0,0,1,1,0,0,0,0,0,0,0,sign_irene_cif.y4m,2.41,2.414,0.011402,0.004534,0.0,226
1,1,0,0,0,0,0,0,0,0,0,1,1,1,0,1,1,0,1,0,1,1,0,0,0,0,0,1,0,1,1,0,1,0,0,0,0,1,sign_irene_cif.y4m,8.41,8.44,0.071063,0.004945,0.0,59
1,1,0,0,0,0,0,0,1,0,0,0,1,1,0,1,1,1,1,1,0,1,1,0,0,0,0,0,0,1,0,1,1,1,0,0,0,0,sign_irene_cif.y4m,67.02,66.992,0.160375,0.005233,0.0,19
1,1,0,0,0,0,0,0,0,0,0,1,1,1,0,1,0,1,1,0,1,1,0,0,0,1,0,0,0,1,1,0,1,1,0,0,0,0,sign_irene_cif.y4m,38.3,38.31,0.089722,0.004248,0.0,304
1,1,0,0,0,0,0,0,1,0,0,0,1,0,1,1,0,1,1,0,1,1,0,1,0,0,0,0,0,1,0,1,0,0,0,0,0,0,sign_irene_cif.y4m,8.16,8.146,0.035777,0.004167,0.0,207
1,1,0,0,0,0,1,0,0,0,0,0,1,1,0,1,1,1,1,1,0,1,0,1,0,0,0,0,0,1,1,0,0,0,0,0,0,0,sign_irene_cif.y4m,211.92,212.726,5.137084,0.005096,0.0,43
1,1,0,0,0,0,1,0,0,0,0,0,1,1,0,1,1,0,1,1,0,1,1,0,0,0,0,0,0,1,1,0,1,0,0,0,0,1,sign_irene_cif.y4m,4.2,4.206,0.015166,0.004318,0.0,40
1,1,0,0,0,1,0,0,0,0,0,0,1,0,1,1,0,1,1,1,0,1,1,0,0,0,0,0,0,1,1,0,1,1,0,0,0,0,sign_irene_cif.y4m,147.25,147.266,0.108074,0.006137,0.0,186
1,1,0,0,1,0,0,0,0,0,0,0,1,0,1,1,0,0,1,0,1,1,0,0,0,1,0,0,0,1,0,1,1,0,0,0,0,1,sign_irene_cif.y4m,4.26,4.252,0.020494,0.004982,0.0,288
1,1,1,0,0,0,0,0,0,0,0,0,1,1,0,1,1,0,1,1,0,1,0,1,0,0,0,0,0,1,1,0,1,0,1,0,0,0,sign_irene_cif.y4m,6.89,6.894,0.061074,0.005003,0.0,82
1,1,0,0,0,0,0,0,0,0,1,0,1,0,1,1,1,1,1,0,1,1,0,0,0,1,0,0,0,1,0,1,0,0,0,0,0,0,sign_irene_cif.y4m,5.74,5.74,0.036742,0.003832,0.0,211
1,1,0,0,1,0,0,0,0,0,0,0,1,0,1,1,1,1,1,0,1,1,0,0,0,0,0,1,0,1,1,0,1,0,0,1,0,0,sign_irene_cif.y4m,109.03,108.964,0.292797,0.005171,0.0,347
1,1,0,1,0,0,0,0,0,0,0,0,1,0,1,1,0,0,1,1,0,1,1,0,0,0,0,0,0,1,1,0,1,0,0,0,1,0,sign_irene_cif.y4m,12.7,12.7,0.067454,0.004693,0.0,13
1,1,0,0,0,0,0,1,0,0,0,0,1,0,1,1,1,1,1,0,1,1,0,0,1,0,0,0,0,1,0,1,0,0,0,0,0,0,sign_irene_cif.y4m,542.89,542.884,0.11371,0.004691,0.0,228
1,1,0,0,0,0,0,0,0,1,0,0,1,1,0,1,0,1,1,0,1,1,0,0,1,0,0,0,0,1,0,1,1,0,0,0,0,1,sign_irene_cif.y4m,9.17,9.168,0.013038,0.004216,0.0,335
1,1,0,0,0,0,0,0,1,0,0,0,1,1,0,1,1,0,1,0,1,1,0,0,1,0,0,0,0,1,1,0,1,1,0,0,0,0,sign_irene_cif.y4m,35.86,35.9,0.199625,0.005728,0.0,24
1,1,1,0,0,0,0,0,0,0,0,0,1,0,1,1,0,1,1,0,1,1,0,1,0,0,0,0,0,1,0,1,1,0,0,1,0,0,sign_irene_cif.y4m,213.17,213.054,0.298211,0.008704,0.0,352
1,1,0,0,0,0,1,0,0,0,0,0,1,0,1,1,0,0,1,1,0,1,0,0,0,0,0,1,0,1,1,0,0,0,0,0,0,0,sign_irene_cif.y4m,6.19,6.188,0.028636,0.00385,0.0,368
1,1,1,0,0,0,0,0,0,0,0,0,1,0,1,1,1,1,1,1,0,1,0,1,0,0,0,0,0,1,1,0,0,0,0,0,0,0,sign_irene_cif.y4m,2.59,2.592,0.004472,0.004984,0.0,80
1,1,0,0,1,0,0,0,0,0,0,0,1,1,0,1,0,0,1,0,1,1,0,1,0,0,0,0,0,1,0,1,0,0,0,0,0,0,sign_irene_cif.y4m,41.34,41.226,0.260826,0.00531,0.0,121
1,1,0,0,0,0,0,0,0,0,1,0,1,0,1,1,1,1,1,0,1,1,0,0,1,0,0,0,0,1,1,0,1,1,0,0,0,0,sign_irene_cif.y4m,5.11,5.094,0.056833,0.00365,0.0,156
1,1,0,1,0,0,0,0,0,0,0,0,1,0,1,1,1,1,1,1,0,1,0,0,0,0,0,1,0,1,1,0,1,1,0,0,0,0,sign_irene_cif.y4m,1.73,1.732,0.008367,0.004223,0.0,9
1,1,0,0,0,0,0,0,0,0,1,0,1,1,0,1,0,0,1,1,0,1,0,0,0,0,1,0,0,1,1,0,1,0,0,0,0,1,sign_irene_cif.y4m,9.18,9.186,0.018166,0.00413,0.0,165
1,1,0,0,0,0,0,0,0,0,1,0,1,0,1,1,0,0,1,1,0,1,0,1,0,0,0,0,0,1,0,1,1,0,0,0,0,1,sign_irene_cif.y4m,6.72,6.738,0.077589,0.003864,0.0,126
1,1,0,0,1,0,0,0,0,0,0,0,1,1,0,1,1,1,1,0,1,1,0,0,1,0,0,0,0,1,0,1,1,0,1,0,0,0,sign_irene_cif.y4m,2.6,2.596,0.016733,0.004984,0.0,280
1,1,0,0,0,0,0,1,0,0,0,0,1,0,1,1,1,1,1,1,0,1,0,1,0,0,0,0,0,1,0,1,1,0,0,0,1,0,sign_irene_cif.y4m,1.98,1.976,0.005477,0.008195,0.0,172
1,1,0,0,0,0,0,0,0,0,1,0,1,0,1,1,0,1,1,1,0,1,0,0,0,1,0,0,0,1,0,1,0,0,0,0,0,0,sign_irene_cif.y4m,11.63,11.646,0.065803,0.007237,0.0,292
1,1,0,0,0,0,0,0,0,0,1,0,1,1,0,1,1,1,1,0,1,1,0,0,0,0,0,1,0,1,1,0,0,0,0,0,0,0,sign_irene_cif.y4m,27.33,27.296,0.079875,0.004817,0.0,105
1,1,0,0,0,1,0,0,0,0,0,0,1,0,1,1,1,1,1,0,1,1,0,0,0,0,0,0,1,1,1,0,1,0,1,0,0,0,sign_irene_cif.y4m,17.6,17.588,0.027749,0.00582,0.0,76
1,1,0,0,0,1,0,0,0,0,0,0,1,0,1,1,0,0,1,1,0,1,1,0,0,0,0,0,0,1,1,0,1,0,0,0,0,1,sign_irene_cif.y4m,116.66,116.478,0.901593,0.004646,0.0,221
1,1,0,0,0,0,0,0,0,0,1,0,1,1,0,1,1,0,1,1,0,1,0,0,0,0,1,0,0,1,0,1,1,0,0,0,0,1,sign_irene_cif.y4m,51.46,51.444,0.067305,0.005648,0.0,167
1,1,0,0,0,0,0,0,0,0,1,0,1,0,1,1,0,1,1,0,1,1,1,0,0,0,0,0,0,1,1,0,1,0,0,0,0,1,sign_irene_cif.y4m,379.22,379.092,0.42044,0.00481,0.0,35
1,1,0,0,1,0,0,0,0,0,0,0,1,1,0,1,0,0,1,1,0,1,0,1,0,0,0,0,0,1,0,1,1,0,1,0,0,0,sign_irene_cif.y4m,5.34,5.332,0.022804,0.00371,0.0,235
1,1,0,0,0,0,0,0,0,1,0,0,1,1,0,1,1,1,1,0,1,1,0,0,1,0,0,0,0,1,0,1,1,0,0,0,0,1,sign_irene_cif.y4m,13.35,13.35,0.018708,0.005888,0.0,333
1,1,0,0,0,0,1,0,0,0,0,0,1,0,1,1,1,1,1,1,0,1,0,1,0,0,0,0,0,1,1,0,0,0,0,0,0,0,sign_irene_cif.y4m,113.84,113.884,0.378788,0.004679,0.0,44
1,1,0,0,1,0,0,0,0,0,0,0,1,0,1,1,0,1,1,1,0,1,0,1,0,0,0,0,0,1,0,1,1,1,0,0,0,0,sign_irene_cif.y4m,165.12,164.98,0.258167,0.004554,0.0,256
1,1,0,0,0,0,0,1,0,0,0,0,1,0,1,1,1,0,1,0,1,1,0,1,0,0,0,0,0,1,0,1,1,0,0,0,0,1,sign_irene_cif.y4m,882.06,881.872,0.596465,0.006359,0.0,192
1,1,0,0,0,0,1,0,0,0,0,0,1,1,0,1,1,1,1,1,0,1,1,0,0,0,0,0,0,1,1,0,1,0,0,0,0,1,sign_irene_cif.y4m,24.38,24.378,0.042661,0.004269,0.0,41
1,1,0,0,0,0,0,0,0,0,1,0,1,0,1,1,0,1,1,1,0,1,0,0,0,0,0,1,0,1,0,1,1,0,0,0,1,0,sign_irene_cif.y4m,142.56,142.342,0.476624,0.008186,0.0,273
1,1,0,0,0,0,0,0,0,0,1,0,1,1,0,1,0,1,1,0,1,1,0,0,0,0,0,1,0,1,0,1,0,0,0,0,0,0,sign_irene_cif.y4m,137.89,137.84,0.251992,0.008305,0.0,101
1,1,0,0,0,0,0,0,0,0,1,0,1,0,1,1,1,1,1,0,1,1,0,0,0,0,1,0,0,1,1,0,1,0,1,0,0,0,sign_irene_cif.y4m,65.16,65.144,0.127201,0.004705,0.0,242
1,1,0,0,0,0,0,0,0,0,1,0,1,1,0,1,0,1,1,0,1,1,0,0,0,0,0,1,0,1,1,0,0,0,0,0,0,0,sign_irene_cif.y4m,14.9,14.72,0.32596,0.007999,0.0,103
1,1,1,0,0,0,0,0,0,0,0,0,1,1,0,1,1,0,1,1,0,1,0,1,0,0,0,0,0,1,0,1,0,0,0,0,0,0,sign_irene_cif.y4m,109.72,109.752,0.123167,0.004626,0.0,1
1,1,0,0,0,0,0,1,0,0,0,0,1,1,0,1,0,0,1,0,1,1,0,0,0,0,0,1,0,1,0,1,1,0,0,0,0,1,sign_irene_cif.y4m,7.58,7.624,0.081731,0.006666,0.0,56
1,1,0,0,1,0,0,0,0,0,0,0,1,0,1,1,0,0,1,0,1,1,0,0,0,0,0,0,1,1,0,1,0,0,0,0,0,0,sign_irene_cif.y4m,26.67,26.696,0.059833,0.004817,0.0,373
1,1,0,0,0,0,0,0,1,0,0,0,1,1,0,1,1,1,1,0,1,1,0,1,0,0,0,0,0,1,0,1,1,0,1,0,0,0,sign_irene_cif.y4m,154.02,154.548,1.150161,0.004601,0.0,318
1,1,0,0,0,1,0,0,0,0,0,0,1,1,0,1,0,0,1,1,0,1,0,0,0,0,1,0,0,1,1,0,0,0,0,0,0,0,sign_irene_cif.y4m,355.02,355.098,0.391497,0.005386,0.0,69
1,1,0,1,0,0,0,0,0,0,0,0,1,0,1,1,0,0,1,1,0,1,0,0,0,0,0,1,0,1,1,0,1,1,0,0,0,0,sign_irene_cif.y4m,7.06,7.086,0.090719,0.005757,0.0,11
1,1,0,0,1,0,0,0,0,0,0,0,1,0,1,1,0,0,1,1,0,1,0,1,0,0,0,0,0,1,0,1,1,0,0,1,0,0,sign_irene_cif.y4m,8.17,8.17,0.014142,0.005216,0.0,258
1,1,0,0,0,0,0,0,0,0,1,0,1,0,1,1,0,0,1,1,0,1,0,1,0,0,0,0,0,1,1,0,1,0,1,0,0,0,sign_irene_cif.y4m,611.02,611.09,0.34198,0.006437,0.0,238
1,1,0,0,0,0,0,1,0,0,0,0,1,0,1,1,1,0,1,1,0,1,1,0,0,0,0,0,0,1,0,1,1,0,0,0,1,0,sign_irene_cif.y4m,481.83,482.708,2.447973,0.005275,0.0,173
1,1,0,0,0,0,0,1,0,0,0,0,1,0,1,1,0,1,1,0,1,1,0,1,0,0,0,0,0,1,0,1,1,1,0,0,0,0,sign_irene_cif.y4m,446.97,448.398,4.77691,0.004509,0.0,190
1,1,0,1,0,0,0,0,0,0,0,0,1,0,1,1,1,0,1,1,0,1,0,0,0,0,0,1,0,1,0,1,1,1,0,0,0,0,sign_irene_cif.y4m,120.57,120.054,1.215578,0.004494,0.0,7
1,1,0,0,0,1,0,0,0,0,0,0,1,0,1,1,1,1,1,0,1,1,0,0,0,0,0,0,1,1,1,0,0,0,0,0,0,0,sign_irene_cif.y4m,2.96,2.968,0.034205,0.004331,0.0,323
1,1,0,0,0,1,0,0,0,0,0,0,1,0,1,1,0,0,1,0,1,1,0,0,0,0,0,0,1,1,1,0,1,0,0,0,1,0,sign_irene_cif.y4m,217.27,216.562,5.513055,0.004496,0.0,73
1,1,0,0,0,0,0,0,0,0,1,0,1,0,1,1,1,0,1,0,1,1,0,1,0,0,0,0,0,1,0,1,0,0,0,0,0,0,sign_irene_cif.y4m,189.7,189.842,0.983295,0.005096,0.0,209
1,1,0,1,0,0,0,0,0,0,0,0,1,1,0,1,1,0,1,0,1,1,1,0,0,0,0,0,0,1,1,0,0,0,0,0,0,0,sign_irene_cif.y4m,7.78,7.794,0.029665,0.004184,0.0,138
1,1,0,0,0,1,0,0,0,0,0,0,1,1,0,1,1,1,1,1,0,1,0,0,0,0,0,1,0,1,0,1,0,0,0,0,0,0,sign_irene_cif.y4m,147.44,147.476,0.265387,0.006124,0.0,264
1,1,0,0,0,0,0,0,0,1,0,0,1,0,1,1,0,1,1,0,1,1,0,0,0,0,0,1,0,1,0,1,1,0,0,0,1,0,sign_irene_cif.y4m,400.08,400.248,0.46451,0.005385,0.0,98
1,1,0,0,0,0,0,0,0,0,1,0,1,1,0,1,0,0,1,0,1,1,0,0,0,0,0,1,0,1,1,0,1,0,0,1,0,0,sign_irene_cif.y4m,5.45,5.452,0.019235,0.003936,0.0,380
1,1,0,0,1,0,0,0,0,0,0,0,1,1,0,1,1,1,1,1,0,1,0,1,0,0,0,0,0,1,1,0,1,0,1,0,0,0,sign_irene_cif.y4m,221.57,221.11,1.799931,0.00812,0.0,85
1,1,0,0,0,0,0,0,0,0,1,0,1,0,1,1,0,0,1,0,1,1,1,0,0,0,0,0,0,1,0,1,1,0,0,0,1,0,sign_irene_cif.y4m,113.06,113.084,0.131072,0.005184,0.0,31
1,1,0,1,0,0,0,0,0,0,0,0,1,0,1,1,1,0,1,1,0,1,0,0,0,0,0,1,0,1,1,0,1,1,0,0,0,0,sign_irene_cif.y4m,5.16,5.16,0.043012,0.004318,0.0,8
1,1,0,0,1,0,0,0,0,0,0,0,1,1,0,1,1,1,1,1,0,1,1,0,0,0,0,0,0,1,0,1,1,1,0,0,0,0,sign_irene_cif.y4m,9.85,9.844,0.027019,0.005306,0.0,216
1,1,0,0,1,0,0,0,0,0,0,0,1,1,0,1,1,1,1,0,1,1,0,0,0,1,0,0,0,1,0,1,1,1,0,0,0,0,sign_irene_cif.y4m,1.92,1.922,0.008367,0.00504,0.0,214
1,1,0,0,0,0,0,0,1,0,0,0,1,1,0,1,0,0,1,1,0,1,0,0,0,0,0,1,0,1,1,0,0,0,0,0,0,0,sign_irene_cif.y4m,10.4,10.41,0.09434,0.003864,0.0,341
1,1,0,0,1,0,0,0,0,0,0,0,1,1,0,1,0,0,1,1,0,1,0,1,0,0,0,0,0,1,1,0,1,0,1,0,0,0,sign_irene_cif.y4m,6.21,6.202,0.063008,0.007224,0.0,236
1,1,0,0,0,0,0,0,0,0,1,0,1,0,1,1,0,0,1,0,1,1,0,0,0,0,1,0,0,1,1,0,1,0,1,0,0,0,sign_irene_cif.y4m,13.62,13.608,0.074632,0.007552,0.0,240
1,1,0,0,0,0,0,1,0,0,0,0,1,0,1,1,0,0,1,0,1,1,0,0,0,1,0,0,0,1,0,1,1,0,0,0,1,0,sign_irene_cif.y4m,16.33,16.448,0.287524,0.007999,0.0,51
1,1,1,0,0,0,0,0,0,0,0,0,1,0,1,1,1,1,1,0,1,1,0,0,0,0,0,0,1,1,1,0,1,0,1,0,0,0,sign_irene_cif.y4m,9.02,9.032,0.037014,0.004776,0.0,77
1,1,0,0,0,0,0,0,0,0,1,0,1,0,1,1,1,0,1,1,0,1,0,0,0,0,0,1,0,1,0,1,1,0,0,0,0,1,sign_irene_cif.y4m,10.24,10.264,0.095026,0.005118,0.0,128
1,1,0,0,1,0,0,0,0,0,0,0,1,1,0,1,0,0,1,1,0,1,0,1,0,0,0,0,0,1,0,1,0,0,0,0,0,0,sign_irene_cif.y4m,84.92,84.916,0.096333,0.004625,0.0,234
1,1,0,0,0,0,0,0,1,0,0,0,1,0,1,1,1,0,1,0,1,1,0,0,0,0,0,1,0,1,0,1,1,0,0,0,1,0,sign_irene_cif.y4m,920.57,920.5,0.213776,0.006359,0.0,28
1,1,0,0,1,0,0,0,0,0,0,0,1,1,0,1,1,0,1,0,1,1,1,0,0,0,0,0,0,1,1,0,0,0,0,0,0,0,sign_irene_cif.y4m,122.21,121.808,1.049914,0.004494,0.0,139
1,1,0,0,0,0,0,0,0,0,1,0,1,0,1,1,1,0,1,1,0,1,0,0,0,0,1,0,0,1,1,0,1,0,1,0,0,0,sign_irene_cif.y4m,1.79,1.794,0.005477,0.004739,0.0,152
1,1,0,1,0,0,0,0,0,0,0,0,1,0,1,1,0,0,1,1,0,1,0,0,0,0,0,1,0,1,1,0,1,0,0,0,1,0,sign_irene_cif.y4m,148.32,148.326,0.241102,0.008796,0.0,12
1,1,0,0,0,0,1,0,0,0,0,0,1,0,1,1,0,1,1,1,0,1,0,0,0,0,0,1,0,1,1,0,0,0,0,0,0,0,sign_irene_cif.y4m,1.74,1.742,0.010954,0.004739,0.0,369
1,1,0,0,0,0,0,0,0,0,0,1,1,1,0,1,1,0,1,0,1,1,0,0,0,0,0,1,0,1,0,1,1,0,0,0,0,1,sign_irene_cif.y4m,51.35,51.352,0.040249,0.005648,0.0,58
1,1,0,0,0,0,0,0,1,0,0,0,1,1,0,1,1,0,1,1,0,1,1,0,0,0,0,0,0,1,1,0,0,0,0,0,0,0,sign_irene_cif.y4m,49.97,49.826,0.398284,0.008239,0.0,64
1,1,0,0,0,0,0,0,1,0,0,0,1,1,0,1,1,0,1,1,0,1,0,0,1,0,0,0,0,1,1,0,1,1,0,0,0,0,sign_irene_cif.y4m,34.01,34.01,0.03937,0.004735,0.0,21
1,1,0,0,0,1,0,0,0,0,0,0,1,0,1,1,1,1,1,0,1,1,0,0,1,0,0,0,0,1,1,0,1,0,0,0,0,1,sign_irene_cif.y4m,119.11,118.666,1.205023,0.005171,0.0,225
1,1,0,0,0,0,1,0,0,0,0,0,1,0,1,1,1,0,1,1,0,1,0,0,0,0,0,1,0,1,1,0,1,0,0,0,1,0,sign_irene_cif.y4m,143.42,143.978,1.862383,0.004475,0.0,366
1,1,0,0,0,0,0,1,0,0,0,0,1,0,1,1,1,1,1,0,1,1,0,0,1,0,0,0,0,1,0,1,1,0,0,0,0,1,silent_cif.y4m,2.98,2.982,0.013038,0.003034,0.0,114
1,1,0,0,1,0,0,0,0,0,0,0,1,1,0,1,1,1,1,0,1,1,0,0,1,0,0,0,0,1,1,0,1,0,1,0,0,0,silent_cif.y4m,2.28,2.274,0.026077,0.002842,0.0,281
1,1,0,0,0,1,0,0,0,0,0,0,1,0,1,1,1,0,1,1,0,1,0,0,0,0,0,0,1,1,1,0,1,0,0,1,0,0,silent_cif.y4m,4.18,4.178,0.013038,0.002939,0.0,325
1,1,1,0,0,0,0,0,0,0,0,0,1,1,0,1,1,0,1,1,0,1,0,0,0,0,1,0,0,1,1,0,1,1,0,0,0,0,silent_cif.y4m,3.86,3.842,0.044944,0.003837,0.0,181
1,1,0,0,0,0,0,0,1,0,0,0,1,1,0,1,1,0,1,0,1,1,0,0,1,0,0,0,0,1,1,0,1,0,0,0,0,1,silent_cif.y4m,98.85,98.87,0.63502,0.003369,0.0,247
1,1,0,0,0,0,0,0,0,0,1,0,1,1,0,1,1,0,1,1,0,1,0,0,0,0,1,0,0,1,1,0,1,0,0,0,0,1,silent_cif.y4m,148.06,148.07,0.096695,0.004488,0.0,166
1,1,0,0,0,0,0,0,1,0,0,0,1,1,0,1,1,0,1,0,1,1,0,0,1,0,0,0,0,1,1,0,1,0,0,0,1,0,silent_cif.y4m,6.24,6.25,0.014142,0.003691,0.0,25
1,1,0,0,0,0,0,1,0,0,0,0,1,0,1,1,0,0,1,1,0,1,0,1,0,0,0,0,0,1,0,1,0,0,0,0,0,0,silent_cif.y4m,7.5,7.5,0.057879,0.004802,0.0,355
1,1,0,0,1,0,0,0,0,0,0,0,1,1,0,1,0,0,1,1,0,1,1,0,0,0,0,0,0,1,1,0,1,0,0,0,0,1,silent_cif.y4m,1.21,1.208,0.010954,0.003216,0.0,219
1,1,0,0,0,1,0,0,0,0,0,0,1,1,0,1,1,0,1,1,0,1,0,0,0,0,1,0,0,1,1,0,1,1,0,0,0,0,silent_cif.y4m,7.41,7.342,0.279052,0.004802,0.0,182
1,1,0,1,0,0,0,0,0,0,0,0,1,0,1,1,0,1,1,1,0,1,0,0,0,0,0,1,0,1,1,0,1,1,0,0,0,0,silent_cif.y4m,2.78,2.78,0.033166,0.003924,0.0,10
1,1,0,0,1,0,0,0,0,0,0,0,1,1,0,1,1,0,1,0,1,1,0,0,1,0,0,0,0,1,0,1,1,0,0,0,0,1,silent_cif.y4m,31.69,31.652,0.10616,0.003855,0.0,116
1,1,0,0,0,1,0,0,0,0,0,0,1,1,0,1,1,1,1,0,1,1,0,0,0,0,0,1,0,1,0,1,1,1,0,0,0,0,silent_cif.y4m,4.87,4.876,0.068775,0.0029,0.0,266
1,1,0,0,0,0,0,0,1,0,0,0,1,1,0,1,0,0,1,0,1,1,0,0,1,0,0,0,0,1,1,0,1,0,0,1,0,0,silent_cif.y4m,23.11,23.094,0.067305,0.006162,0.0,313
1,1,0,0,0,0,0,1,0,0,0,0,1,0,1,1,0,0,1,1,0,1,0,0,0,0,0,0,1,1,0,1,0,0,0,0,0,0,silent_cif.y4m,10.09,10.104,0.043932,0.005932,0.0,357
1,1,0,0,0,1,0,0,0,0,0,0,1,0,1,1,0,1,1,0,1,1,1,0,0,0,0,0,0,1,1,0,1,1,0,0,0,0,silent_cif.y4m,1.78,1.786,0.02881,0.005808,0.0,187
1,1,0,0,0,0,0,0,1,0,0,0,1,1,0,1,1,1,1,0,1,1,0,0,1,0,0,0,0,1,1,0,1,1,0,0,0,0,silent_cif.y4m,313.41,313.42,0.066332,0.004398,0.0,23
1,1,0,0,1,0,0,0,0,0,0,0,1,1,0,1,1,0,1,1,0,1,0,1,0,0,0,0,0,1,0,1,0,0,0,0,0,0,silent_cif.y4m,32.18,32.18,0.047434,0.004013,0.0,2
1,1,0,0,0,0,0,0,0,0,0,1,1,1,0,1,1,0,1,0,1,1,0,0,0,0,0,1,0,1,1,0,1,1,0,0,0,0,silent_cif.y4m,139.78,139.654,0.862369,0.003582,0.0,301
1,1,0,0,0,0,0,1,0,0,0,0,1,0,1,1,0,1,1,1,0,1,0,1,0,0,0,0,0,1,0,1,0,0,0,0,0,0,silent_cif.y4m,123.26,123.328,0.30045,0.006028,0.0,356
1,1,0,0,0,0,0,0,0,0,1,0,1,1,0,1,0,1,1,0,1,1,0,0,0,0,0,1,0,1,0,1,1,1,0,0,0,0,silent_cif.y4m,9.2,9.196,0.015166,0.004703,0.0,269
1,1,0,0,0,0,0,0,0,0,1,0,1,0,1,1,0,1,1,1,0,1,0,0,1,0,0,0,0,1,0,1,1,0,0,0,1,0,silent_cif.y4m,7.27,7.274,0.046152,0.00604,0.0,274
1,1,0,0,0,0,0,0,0,0,1,0,1,0,1,1,0,1,1,1,0,1,0,0,0,1,0,0,0,1,1,0,1,1,0,0,0,0,silent_cif.y4m,4.89,4.9,0.035355,0.005312,0.0,307
1,1,0,0,1,0,0,0,0,0,0,0,1,0,1,1,0,1,1,1,0,1,0,0,1,0,0,0,0,1,0,1,1,1,0,0,0,0,silent_cif.y4m,20.18,20.188,0.063797,0.003803,0.0,254
1,1,0,0,0,0,0,0,0,0,1,0,1,0,1,1,0,1,1,0,1,1,0,1,0,0,0,0,0,1,0,1,0,0,0,0,0,0,silent_cif.y4m,1.19,1.182,0.010954,0.003281,0.0,208
1,1,0,0,1,0,0,0,0,0,0,0,1,1,0,1,1,1,1,1,0,1,0,0,1,0,0,0,0,1,0,1,1,0,1,0,0,0,silent_cif.y4m,1.53,1.536,0.024083,0.006012,0.0,279
1,1,0,0,0,0,0,1,0,0,0,0,1,1,0,1,1,1,1,1,0,1,0,1,0,0,0,0,0,1,0,1,1,0,0,0,1,0,silent_cif.y4m,4.64,4.646,0.027019,0.003353,0.0,171
1,1,0,0,0,0,0,0,0,1,0,0,1,1,0,1,0,1,1,0,1,1,0,0,0,0,0,1,0,1,0,1,1,0,0,0,1,0,silent_cif.y4m,24.32,24.306,0.148762,0.006162,0.0,99
1,1,1,0,0,0,0,0,0,0,0,0,1,0,1,1,1,1,1,1,0,1,0,1,0,0,0,0,0,1,1,0,1,0,1,0,0,0,silent_cif.y4m,5.74,5.75,0.025495,0.003259,0.0,81
1,1,0,0,0,0,0,0,0,0,1,0,1,0,1,1,1,1,1,0,1,1,0,0,1,0,0,0,0,1,1,0,1,0,1,0,0,0,silent_cif.y4m,2.02,2.02,0.007071,0.004034,0.0,155
1,1,0,0,0,1,0,0,0,0,0,0,1,1,0,1,0,1,1,1,0,1,1,0,0,0,0,0,0,1,1,0,1,1,0,0,0,0,silent_cif.y4m,3.48,3.48,0.021213,0.005312,0.0,185
1,1,0,0,1,0,0,0,0,0,0,0,1,1,0,1,0,0,1,0,1,1,0,0,0,0,0,1,0,1,0,1,0,0,0,0,0,0,silent_cif.y4m,2.5,2.498,0.021679,0.003642,0.0,376
1,1,0,0,0,0,0,0,1,0,0,0,1,1,0,1,0,1,1,0,1,1,0,1,0,0,0,0,0,1,1,0,0,0,0,0,0,0,silent_cif.y4m,0.93,0.934,0.005477,0.003669,0.0,204
1,1,0,0,0,0,0,0,1,0,0,0,1,1,0,1,1,0,1,0,1,1,0,0,0,0,1,0,0,1,1,0,1,0,0,0,0,1,silent_cif.y4m,56.06,55.494,0.960432,0.004113,0.0,246
1,1,0,0,0,0,0,1,0,0,0,0,1,1,0,1,1,1,1,0,1,1,0,0,1,0,0,0,0,1,0,1,0,0,0,0,0,0,silent_cif.y4m,29.51,29.518,0.088713,0.003422,0.0,230
1,1,0,0,0,0,0,0,1,0,0,0,1,0,1,1,1,0,1,0,1,1,0,0,0,0,0,1,0,1,1,0,1,0,0,0,1,0,silent_cif.y4m,47.75,47.642,0.171377,0.006639,0.0,27
1,1,0,1,0,0,0,0,0,0,0,0,1,1,0,1,1,1,1,0,1,1,1,0,0,0,0,0,0,1,1,0,0,0,0,0,0,0,silent_cif.y4m,3.23,3.268,0.060581,0.002854,0.0,137
1,1,0,0,0,0,0,0,0,0,1,0,1,1,0,1,1,1,1,1,0,1,0,0,0,0,1,0,0,1,0,1,1,0,0,0,1,0,silent_cif.y4m,4.04,4.04,0.030822,0.005345,0.0,169
1,1,0,0,0,0,0,0,0,0,1,0,1,0,1,1,0,1,1,0,1,1,1,0,0,0,0,0,0,1,0,1,1,0,0,0,0,1,silent_cif.y4m,58.33,58.296,0.228429,0.003427,0.0,33
1,1,0,0,0,0,0,0,1,0,0,0,1,0,1,1,0,1,1,0,1,1,0,1,0,0,0,0,0,1,1,0,0,0,0,0,0,0,silent_cif.y4m,21.44,21.464,0.07893,0.00642,0.0,205
1,1,0,0,0,0,0,0,0,0,1,0,1,1,0,1,1,0,1,0,1,1,0,0,0,0,1,0,0,1,1,0,1,0,0,0,0,1,silent_cif.y4m,5.36,5.354,0.059833,0.003236,0.0,245
1,1,1,0,0,0,0,0,0,0,0,0,1,1,0,1,0,0,1,1,0,1,0,0,1,0,0,0,0,1,1,0,1,0,0,0,0,1,silent_cif.y4m,3.7,3.71,0.028284,0.00353,0.0,163
1,1,0,0,1,0,0,0,0,0,0,0,1,1,0,1,1,0,1,1,0,1,1,0,0,0,0,0,0,1,0,1,1,1,0,0,0,0,silent_cif.y4m,2.47,2.468,0.014832,0.003642,0.0,4
1,1,0,0,1,0,0,0,0,0,0,0,1,1,0,1,0,0,1,0,1,1,1,0,0,0,0,0,0,1,1,0,1,0,0,0,1,0,silent_cif.y4m,2.01,2.0,0.04899,0.006012,0.0,141
1,1,1,0,0,0,0,0,0,0,0,0,1,1,0,1,1,1,1,0,1,1,0,0,1,0,0,0,0,1,1,0,1,1,0,0,0,0,silent_cif.y4m,147.91,147.44,1.039904,0.004246,0.0,159
1,1,0,0,0,0,0,0,1,0,0,0,1,1,0,1,0,1,1,0,1,1,0,0,1,0,0,0,0,1,0,1,1,0,0,0,0,1,silent_cif.y4m,7.87,7.898,0.044385,0.005364,0.0,336
1,1,0,0,0,1,0,0,0,0,0,0,1,1,0,1,0,0,1,0,1,1,0,0,0,0,0,0,1,1,1,0,1,0,0,0,1,0,silent_cif.y4m,30.75,30.754,0.156301,0.003261,0.0,72
1,1,0,0,0,0,0,0,1,0,0,0,1,1,0,1,1,0,1,1,0,1,0,0,1,0,0,0,0,1,1,0,1,0,0,0,0,1,silent_cif.y4m,4.07,4.062,0.038341,0.003352,0.0,248
1,1,0,1,0,0,0,0,0,0,0,0,1,0,1,1,1,1,1,1,0,1,0,0,0,0,0,1,0,1,0,1,1,0,0,0,0,1,silent_cif.y4m,106.29,107.44,2.350096,0.003979,0.0,130
1,1,0,0,0,1,0,0,0,0,0,0,1,0,1,1,1,1,1,1,0,1,0,0,0,0,0,0,1,1,1,0,0,0,0,0,0,0,silent_cif.y4m,79.93,79.948,0.089833,0.004665,0.0,324
1,1,1,0,0,0,0,0,0,0,0,0,1,0,1,1,0,1,1,1,0,1,0,1,0,0,0,0,0,1,0,1,0,0,0,0,0,0,silent_cif.y4m,67.73,67.78,0.075498,0.006556,0.0,354
1,1,0,0,0,0,0,0,0,0,1,0,1,0,1,1,0,0,1,1,0,1,0,0,0,1,0,0,0,1,0,1,0,0,0,0,0,0,silent_cif.y4m,42.54,42.572,0.317128,0.003772,0.0,291
1,1,0,0,0,0,0,0,0,0,1,0,1,1,0,1,0,0,1,1,0,1,0,1,0,0,0,0,0,1,1,0,1,0,1,0,0,0,silent_cif.y4m,1.63,1.638,0.021679,0.00342,0.0,237
1,1,0,0,0,1,0,0,0,0,0,0,1,1,0,1,1,0,1,1,0,1,1,0,0,0,0,0,0,1,1,0,1,1,0,0,0,0,silent_cif.y4m,2.29,2.296,0.015166,0.002897,0.0,183
1,1,0,0,0,1,0,0,0,0,0,0,1,0,1,1,1,1,1,0,1,1,0,0,1,0,0,0,0,1,0,1,0,0,0,0,0,0,silent_cif.y4m,1.92,1.91,0.014142,0.003657,0.0,227
1,1,0,0,0,0,0,0,1,0,0,0,1,1,0,1,0,1,1,0,1,1,0,0,0,0,0,1,0,1,0,1,0,0,0,0,0,0,silent_cif.y4m,4.47,4.464,0.015166,0.004104,0.0,338
1,1,0,0,1,0,0,0,0,0,0,0,1,0,1,1,0,0,1,0,1,1,1,0,0,0,0,0,0,1,1,0,1,0,0,0,1,0,silent_cif.y4m,15.31,15.288,0.052154,0.003308,0.0,142
1,1,0,0,1,0,0,0,0,0,0,0,1,1,0,1,1,1,1,0,1,1,0,0,1,0,0,0,0,1,1,0,1,0,0,0,0,1,silent_cif.y4m,11.92,11.926,0.02881,0.004705,0.0,332
1,1,0,0,0,0,0,0,0,1,0,0,1,0,1,1,0,0,1,1,0,1,0,0,0,0,1,0,0,1,0,1,1,0,0,0,1,0,silent_cif.y4m,136.07,135.962,0.488999,0.003969,0.0,95
1,1,0,0,1,0,0,0,0,0,0,0,1,0,1,1,0,0,1,0,1,1,0,0,0,1,0,0,0,1,0,1,0,0,0,0,0,0,silent_cif.y4m,7.29,7.294,0.020736,0.004743,0.0,289
1,1,0,0,1,0,0,0,0,0,0,0,1,1,0,1,0,0,1,0,1,1,0,0,0,0,0,1,0,1,0,1,1,0,0,1,0,0,silent_cif.y4m,1.47,1.472,0.017889,0.00342,0.0,378
1,1,0,0,1,0,0,0,0,0,0,0,1,1,0,1,1,1,1,1,0,1,0,0,1,0,0,0,0,1,0,1,1,0,0,0,1,0,silent_cif.y4m,32.78,32.736,0.131263,0.003306,0.0,278
1,1,0,0,0,0,0,0,0,0,1,0,1,0,1,1,1,0,1,0,1,1,1,0,0,0,0,0,0,1,0,1,1,0,0,0,1,0,silent_cif.y4m,5.04,5.022,0.030332,0.004828,0.0,30
1,1,0,0,1,0,0,0,0,0,0,0,1,1,0,1,0,0,1,0,1,1,0,1,0,0,0,0,0,1,0,1,1,0,0,0,0,1,silent_cif.y4m,1.41,1.408,0.004472,0.00392,0.0,120
1,1,0,0,0,1,0,0,0,0,0,0,1,1,0,1,1,1,1,0,1,1,0,0,0,0,0,1,0,1,0,1,0,0,0,0,0,0,silent_cif.y4m,2.07,2.072,0.013038,0.003723,0.0,265
1,1,0,0,0,0,0,0,0,0,1,0,1,1,0,1,1,0,1,1,0,1,0,0,0,0,0,1,0,1,0,1,0,0,0,0,0,0,silent_cif.y4m,3.97,3.986,0.042778,0.003625,0.0,296
1,1,0,0,0,0,0,1,0,0,0,0,1,1,0,1,1,1,1,1,0,1,0,1,0,0,0,0,0,1,0,1,0,0,0,0,0,0,silent_cif.y4m,6.98,6.986,0.035777,0.004017,0.0,232
1,1,0,0,0,0,0,0,0,0,1,0,1,0,1,1,0,0,1,1,0,1,0,0,1,0,0,0,0,1,1,0,1,0,0,1,0,0,silent_cif.y4m,5.35,5.37,0.05099,0.005138,0.0,310
1,1,0,0,0,0,0,1,0,0,0,0,1,0,1,1,1,1,1,0,1,1,0,0,0,0,0,1,0,1,0,1,1,0,0,1,0,0,silent_cif.y4m,64.79,64.838,0.141845,0.004614,0.0,349
1,1,0,0,1,0,0,0,0,0,0,0,1,1,0,1,0,1,1,0,1,1,0,0,0,0,0,1,0,1,0,1,0,0,0,0,0,0,silent_cif.y4m,3.9,3.902,0.013038,0.004872,0.0,377
1,1,0,0,0,0,0,0,0,1,0,0,1,0,1,1,1,1,1,1,0,1,0,0,0,0,1,0,0,1,0,1,1,0,0,0,1,0,silent_cif.y4m,131.17,131.088,0.277795,0.003505,0.0,94
1,1,1,0,0,0,0,0,0,0,0,0,1,1,0,1,1,0,1,0,1,1,1,0,0,0,0,0,0,1,0,1,1,1,0,0,0,0,silent_cif.y4m,4.89,4.89,0.018708,0.005312,0.0,178
1,1,0,0,0,0,0,0,0,0,1,0,1,0,1,1,0,0,1,1,0,1,0,0,0,0,0,1,0,1,0,1,1,0,0,0,0,1,silent_cif.y4m,4.68,4.692,0.030332,0.004739,0.0,127
1,1,0,0,0,0,0,1,0,0,0,0,1,0,1,1,1,0,1,0,1,1,0,0,0,1,0,0,0,1,0,1,1,0,0,0,1,0,silent_cif.y4m,1.54,1.548,0.0249,0.003069,0.0,111
1,1,1,0,0,0,0,0,0,0,0,0,1,0,1,1,0,1,1,1,0,1,0,1,0,0,0,0,0,1,0,1,1,0,0,1,0,0,silent_cif.y4m,3.71,3.714,0.020736,0.004977,0.0,353
1,1,0,0,0,0,1,0,0,0,0,0,1,0,1,1,1,1,1,1,0,1,0,1,0,0,0,0,0,1,1,0,1,0,0,0,1,0,silent_cif.y4m,3.77,3.774,0.016733,0.003924,0.0,45
1,1,0,0,0,1,0,0,0,0,0,0,1,0,1,1,1,1,1,0,1,1,0,0,1,0,0,0,0,1,1,0,0,0,0,0,0,0,silent_cif.y4m,1.26,1.262,0.004472,0.003448,0.0,226
1,1,0,0,0,0,0,0,0,0,0,1,1,1,0,1,1,0,1,0,1,1,0,0,0,0,0,1,0,1,1,0,1,0,0,0,0,1,silent_cif.y4m,4.48,4.494,0.027928,0.003775,0.0,59
1,1,0,0,0,0,0,0,1,0,0,0,1,1,0,1,1,1,1,1,0,1,1,0,0,0,0,0,0,1,0,1,1,1,0,0,0,0,silent_cif.y4m,33.39,33.396,0.076026,0.004013,0.0,19
1,1,0,0,0,0,0,0,0,0,0,1,1,1,0,1,0,1,1,0,1,1,0,0,0,1,0,0,0,1,1,0,1,1,0,0,0,0,silent_cif.y4m,19.62,19.612,0.075961,0.003324,0.0,304
1,1,0,0,0,0,0,0,1,0,0,0,1,0,1,1,0,1,1,0,1,1,0,1,0,0,0,0,0,1,0,1,0,0,0,0,0,0,silent_cif.y4m,4.06,4.07,0.031623,0.003352,0.0,207
1,1,0,0,0,0,1,0,0,0,0,0,1,1,0,1,1,1,1,1,0,1,0,1,0,0,0,0,0,1,1,0,0,0,0,0,0,0,silent_cif.y4m,92.84,94.212,3.548376,0.004019,0.0,43
1,1,0,0,0,0,1,0,0,0,0,0,1,1,0,1,1,0,1,1,0,1,1,0,0,0,0,0,0,1,1,0,1,0,0,0,0,1,silent_cif.y4m,2.1,2.096,0.015166,0.003457,0.0,40
1,1,0,0,0,1,0,0,0,0,0,0,1,0,1,1,0,1,1,1,0,1,1,0,0,0,0,0,0,1,1,0,1,1,0,0,0,0,silent_cif.y4m,74.97,74.96,0.057446,0.004619,0.0,186
1,1,0,0,1,0,0,0,0,0,0,0,1,0,1,1,0,0,1,0,1,1,0,0,0,1,0,0,0,1,0,1,1,0,0,0,0,1,silent_cif.y4m,2.36,2.356,0.042778,0.00379,0.0,288
1,1,1,0,0,0,0,0,0,0,0,0,1,1,0,1,1,0,1,1,0,1,0,1,0,0,0,0,0,1,1,0,1,0,1,0,0,0,silent_cif.y4m,3.76,3.76,0.018708,0.003837,0.0,82
1,1,0,0,0,0,0,0,0,0,1,0,1,0,1,1,1,1,1,0,1,1,0,0,0,1,0,0,0,1,0,1,0,0,0,0,0,0,silent_cif.y4m,2.89,2.9,0.029155,0.003,0.0,211
1,1,0,0,1,0,0,0,0,0,0,0,1,0,1,1,1,1,1,0,1,1,0,0,0,0,0,1,0,1,1,0,1,0,0,1,0,0,silent_cif.y4m,54.82,54.502,0.792824,0.004113,0.0,347
1,1,0,1,0,0,0,0,0,0,0,0,1,0,1,1,0,0,1,1,0,1,1,0,0,0,0,0,0,1,1,0,1,0,0,0,1,0,silent_cif.y4m,7.1,7.102,0.026833,0.003713,0.0,13
1,1,0,0,0,0,0,1,0,0,0,0,1,0,1,1,1,1,1,0,1,1,0,0,1,0,0,0,0,1,0,1,0,0,0,0,0,0,silent_cif.y4m,283.12,283.092,0.068702,0.003916,0.0,228
1,1,0,0,0,0,0,0,0,1,0,0,1,1,0,1,0,1,1,0,1,1,0,0,1,0,0,0,0,1,0,1,1,0,0,0,0,1,silent_cif.y4m,4.77,4.768,0.017889,0.003353,0.0,335
1,1,0,0,0,0,0,0,1,0,0,0,1,1,0,1,1,0,1,0,1,1,0,0,1,0,0,0,0,1,1,0,1,1,0,0,0,0,silent_cif.y4m,17.02,16.998,0.12276,0.004626,0.0,24
1,1,1,0,0,0,0,0,0,0,0,0,1,0,1,1,0,1,1,0,1,1,0,1,0,0,0,0,0,1,0,1,1,0,0,1,0,0,silent_cif.y4m,104.85,104.918,0.128335,0.006443,0.0,352
1,1,0,0,0,0,1,0,0,0,0,0,1,0,1,1,0,0,1,1,0,1,0,0,0,0,0,1,0,1,1,0,0,0,0,0,0,0,silent_cif.y4m,3.09,3.084,0.0251,0.003022,0.0,368
1,1,1,0,0,0,0,0,0,0,0,0,1,0,1,1,1,1,1,1,0,1,0,1,0,0,0,0,0,1,1,0,0,0,0,0,0,0,silent_cif.y4m,1.4,1.398,0.004472,0.003845,0.0,80
1,1,0,0,1,0,0,0,0,0,0,0,1,1,0,1,0,0,1,0,1,1,0,1,0,0,0,0,0,1,0,1,0,0,0,0,0,0,silent_cif.y4m,20.94,20.94,0.425029,0.004092,0.0,121
1,1,0,0,0,0,0,0,0,0,1,0,1,0,1,1,1,1,1,0,1,1,0,0,1,0,0,0,0,1,1,0,1,1,0,0,0,0,silent_cif.y4m,2.65,2.638,0.021679,0.002854,0.0,156
1,1,0,1,0,0,0,0,0,0,0,0,1,0,1,1,1,1,1,1,0,1,0,0,0,0,0,1,0,1,1,0,1,1,0,0,0,0,silent_cif.y4m,0.89,0.89,0.007071,0.003167,0.0,9
1,1,0,0,0,0,0,0,0,0,1,0,1,1,0,1,0,0,1,1,0,1,0,0,0,0,1,0,0,1,1,0,1,0,0,0,0,1,silent_cif.y4m,4.85,4.836,0.033615,0.003236,0.0,165
1,1,0,0,0,0,0,0,0,0,1,0,1,0,1,1,0,0,1,1,0,1,0,1,0,0,0,0,0,1,0,1,1,0,0,0,0,1,silent_cif.y4m,3.46,3.458,0.017889,0.002999,0.0,126
1,1,0,0,1,0,0,0,0,0,0,0,1,1,0,1,1,1,1,0,1,1,0,0,1,0,0,0,0,1,0,1,1,0,1,0,0,0,silent_cif.y4m,1.39,1.392,0.004472,0.003845,0.0,280
1,1,0,0,0,0,0,1,0,0,0,0,1,0,1,1,1,1,1,1,0,1,0,1,0,0,0,0,0,1,0,1,1,0,0,0,1,0,silent_cif.y4m,1.06,1.062,0.008367,0.006066,0.0,172
1,1,0,0,0,0,0,0,0,0,1,0,1,0,1,1,0,1,1,1,0,1,0,0,0,1,0,0,0,1,0,1,0,0,0,0,0,0,silent_cif.y4m,5.73,5.736,0.065038,0.005233,0.0,292
1,1,0,0,0,0,0,0,0,0,1,0,1,1,0,1,1,1,1,0,1,1,0,0,0,0,0,1,0,1,1,0,0,0,0,0,0,0,silent_cif.y4m,13.49,13.506,0.055946,0.003835,0.0,105
1,1,0,0,0,1,0,0,0,0,0,0,1,0,1,1,1,1,1,0,1,1,0,0,0,0,0,0,1,1,1,0,1,0,1,0,0,0,silent_cif.y4m,9.4,9.366,0.066558,0.004697,0.0,76
1,1,0,0,0,1,0,0,0,0,0,0,1,0,1,1,0,0,1,1,0,1,1,0,0,0,0,0,0,1,1,0,1,0,0,0,0,1,silent_cif.y4m,56.94,56.538,0.714927,0.00381,0.0,221
1,1,0,0,0,0,0,0,0,0,1,0,1,1,0,1,1,0,1,1,0,1,0,0,0,0,1,0,0,1,0,1,1,0,0,0,0,1,silent_cif.y4m,25.24,25.236,0.033615,0.004536,0.0,167
1,1,0,0,0,0,0,0,0,0,1,0,1,0,1,1,0,1,1,0,1,1,1,0,0,0,0,0,0,1,1,0,1,0,0,0,0,1,silent_cif.y4m,181.9,181.824,0.263496,0.003694,0.0,35
1,1,0,0,1,0,0,0,0,0,0,0,1,1,0,1,0,0,1,1,0,1,0,1,0,0,0,0,0,1,0,1,1,0,1,0,0,0,silent_cif.y4m,2.61,2.61,0.021213,0.00294,0.0,235
1,1,0,0,0,0,0,0,0,1,0,0,1,1,0,1,1,1,1,0,1,1,0,0,1,0,0,0,0,1,0,1,1,0,0,0,0,1,silent_cif.y4m,7.06,7.042,0.046043,0.004754,0.0,333
1,1,0,0,0,0,1,0,0,0,0,0,1,0,1,1,1,1,1,1,0,1,0,1,0,0,0,0,0,1,1,0,0,0,0,0,0,0,silent_cif.y4m,50.94,51.032,0.301778,0.003873,0.0,44
1,1,0,0,1,0,0,0,0,0,0,0,1,0,1,1,0,1,1,1,0,1,0,1,0,0,0,0,0,1,0,1,1,1,0,0,0,0,silent_cif.y4m,79.65,79.614,0.108995,0.003539,0.0,256
1,1,0,0,0,0,0,1,0,0,0,0,1,0,1,1,1,0,1,0,1,1,0,1,0,0,0,0,0,1,0,1,1,0,0,0,0,1,silent_cif.y4m,452.9,452.12,1.467804,0.004657,0.0,192
1,1,0,0,0,0,1,0,0,0,0,0,1,1,0,1,1,1,1,1,0,1,1,0,0,0,0,0,0,1,1,0,1,0,0,0,0,1,silent_cif.y4m,11.94,11.984,0.075033,0.003341,0.0,41
1,1,0,0,0,0,0,0,0,0,1,0,1,0,1,1,0,1,1,1,0,1,0,0,0,0,0,1,0,1,0,1,1,0,0,0,1,0,silent_cif.y4m,65.93,65.914,0.160094,0.006005,0.0,273
1,1,0,0,0,0,0,0,0,0,1,0,1,1,0,1,0,1,1,0,1,1,0,0,0,0,0,1,0,1,0,1,0,0,0,0,0,0,silent_cif.y4m,68.63,68.54,0.469947,0.006097,0.0,101
1,1,0,0,0,0,0,0,0,0,1,0,1,0,1,1,1,1,1,0,1,1,0,0,0,0,1,0,0,1,1,0,1,0,1,0,0,0,silent_cif.y4m,30.1,30.118,0.052631,0.003855,0.0,242
1,1,0,0,0,0,0,0,0,0,1,0,1,1,0,1,0,1,1,0,1,1,0,0,0,0,0,1,0,1,1,0,0,0,0,0,0,0,silent_cif.y4m,7.31,7.328,0.040866,0.00604,0.0,103
1,1,1,0,0,0,0,0,0,0,0,0,1,1,0,1,1,0,1,1,0,1,0,1,0,0,0,0,0,1,0,1,0,0,0,0,0,0,silent_cif.y4m,52.29,52.328,0.150067,0.003618,0.0,1
1,1,0,0,0,0,0,1,0,0,0,0,1,1,0,1,0,0,1,0,1,1,0,0,0,0,0,1,0,1,0,1,1,0,0,0,0,1,silent_cif.y4m,3.73,3.734,0.023022,0.004977,0.0,56
1,1,0,0,1,0,0,0,0,0,0,0,1,0,1,1,0,0,1,0,1,1,0,0,0,0,0,0,1,1,0,1,0,0,0,0,0,0,silent_cif.y4m,13.39,13.394,0.055946,0.003835,0.0,373
1,1,0,0,0,0,0,0,1,0,0,0,1,1,0,1,1,1,1,0,1,1,0,1,0,0,0,0,0,1,0,1,1,0,1,0,0,0,silent_cif.y4m,72.75,72.372,1.097848,0.003783,0.0,318
1,1,0,0,0,1,0,0,0,0,0,0,1,1,0,1,0,0,1,1,0,1,0,0,0,0,1,0,0,1,1,0,0,0,0,0,0,0,silent_cif.y4m,184.08,183.838,0.400587,0.004292,0.0,69
1,1,0,1,0,0,0,0,0,0,0,0,1,0,1,1,0,0,1,1,0,1,0,0,0,0,0,1,0,1,1,0,1,1,0,0,0,0,silent_cif.y4m,3.48,3.496,0.037815,0.004852,0.0,11
1,1,0,0,1,0,0,0,0,0,0,0,1,0,1,1,0,0,1,1,0,1,0,1,0,0,0,0,0,1,0,1,1,0,0,1,0,0,silent_cif.y4m,4.02,4.02,0.035355,0.004075,0.0,258
1,1,0,0,0,0,0,0,0,0,1,0,1,0,1,1,0,0,1,1,0,1,0,1,0,0,0,0,0,1,1,0,1,0,1,0,0,0,silent_cif.y4m,298.05,297.946,0.35557,0.004754,0.0,238
1,1,0,0,0,0,0,1,0,0,0,0,1,0,1,1,1,0,1,1,0,1,1,0,0,0,0,0,0,1,0,1,1,0,0,0,1,0,silent_cif.y4m,261.89,261.79,0.389936,0.004192,0.0,173
1,1,0,0,0,0,0,1,0,0,0,0,1,0,1,1,0,1,1,0,1,1,0,1,0,0,0,0,0,1,0,1,1,1,0,0,0,0,silent_cif.y4m,219.37,219.764,0.825457,0.003422,0.0,190
1,1,0,1,0,0,0,0,0,0,0,0,1,0,1,1,1,0,1,1,0,1,0,0,0,0,0,1,0,1,0,1,1,1,0,0,0,0,silent_cif.y4m,62.04,61.688,1.144889,0.00345,0.0,7
1,1,0,0,0,1,0,0,0,0,0,0,1,0,1,1,1,1,1,0,1,1,0,0,0,0,0,0,1,1,1,0,0,0,0,0,0,0,silent_cif.y4m,1.63,1.63,0.022361,0.003281,0.0,323
1,1,0,0,0,1,0,0,0,0,0,0,1,0,1,1,0,0,1,0,1,1,0,0,0,0,0,0,1,1,1,0,1,0,0,0,1,0,silent_cif.y4m,95.45,97.022,3.552586,0.003471,0.0,73
1,1,0,0,0,0,0,0,0,0,1,0,1,0,1,1,1,0,1,0,1,1,0,1,0,0,0,0,0,1,0,1,0,0,0,0,0,0,silent_cif.y4m,91.29,91.23,0.382557,0.004019,0.0,209
1,1,0,1,0,0,0,0,0,0,0,0,1,1,0,1,1,0,1,0,1,1,1,0,0,0,0,0,0,1,1,0,0,0,0,0,0,0,silent_cif.y4m,3.83,3.834,0.023022,0.003311,0.0,138
1,1,0,0,0,1,0,0,0,0,0,0,1,1,0,1,1,1,1,1,0,1,0,0,0,0,0,1,0,1,0,1,0,0,0,0,0,0,silent_cif.y4m,72.6,72.512,0.423285,0.004622,0.0,264
1,1,0,0,0,0,0,0,0,1,0,0,1,0,1,1,0,1,1,0,1,1,0,0,0,0,0,1,0,1,0,1,1,0,0,0,1,0,silent_cif.y4m,199.52,199.182,0.706979,0.004292,0.0,98
1,1,0,0,0,0,0,0,0,0,1,0,1,1,0,1,0,0,1,0,1,1,0,0,0,0,0,1,0,1,1,0,1,0,0,1,0,0,silent_cif.y4m,2.79,2.788,0.004472,0.003083,0.0,380
1,1,0,0,1,0,0,0,0,0,0,0,1,1,0,1,1,1,1,1,0,1,0,1,0,0,0,0,0,1,1,0,1,0,1,0,0,0,silent_cif.y4m,103.6,103.72,0.457439,0.005901,0.0,85
1,1,0,0,0,0,0,0,0,0,1,0,1,0,1,1,0,0,1,0,1,1,1,0,0,0,0,0,0,1,0,1,1,0,0,0,1,0,silent_cif.y4m,51.36,51.352,0.153199,0.004135,0.0,31
1,1,0,1,0,0,0,0,0,0,0,0,1,0,1,1,1,0,1,1,0,1,0,0,0,0,0,1,0,1,1,0,1,1,0,0,0,0,silent_cif.y4m,2.53,2.546,0.034351,0.003457,0.0,8
1,1,0,0,1,0,0,0,0,0,0,0,1,1,0,1,1,1,1,1,0,1,1,0,0,0,0,0,0,1,0,1,1,1,0,0,0,0,silent_cif.y4m,5.1,5.118,0.030332,0.004104,0.0,216
1,1,0,0,1,0,0,0,0,0,0,0,1,1,0,1,1,1,1,0,1,1,0,0,0,1,0,0,0,1,0,1,1,1,0,0,0,0,silent_cif.y4m,1.04,1.036,0.005477,0.00392,0.0,214
1,1,0,0,0,0,0,0,1,0,0,0,1,1,0,1,0,0,1,1,0,1,0,0,0,0,0,1,0,1,1,0,0,0,0,0,0,0,silent_cif.y4m,5.46,5.456,0.026077,0.003014,0.0,341
1,1,0,0,1,0,0,0,0,0,0,0,1,1,0,1,0,0,1,1,0,1,0,1,0,0,0,0,0,1,1,0,1,0,1,0,0,0,silent_cif.y4m,3.24,3.24,0.02,0.005341,0.0,236
1,1,0,0,0,0,0,0,0,0,1,0,1,0,1,1,0,0,1,0,1,1,0,0,0,0,1,0,0,1,1,0,1,0,1,0,0,0,silent_cif.y4m,7.28,7.274,0.030496,0.005568,0.0,240
1,1,0,0,0,0,0,1,0,0,0,0,1,0,1,1,0,0,1,0,1,1,0,0,0,1,0,0,0,1,0,1,1,0,0,0,1,0,silent_cif.y4m,8.74,8.76,0.101242,0.00604,0.0,51
1,1,1,0,0,0,0,0,0,0,0,0,1,0,1,1,1,1,1,0,1,1,0,0,0,0,0,0,1,1,1,0,1,0,1,0,0,0,silent_cif.y4m,4.66,4.66,0.025495,0.003801,0.0,77
1,1,0,0,0,0,0,0,0,0,1,0,1,0,1,1,1,0,1,1,0,1,0,0,0,0,0,1,0,1,0,1,1,0,0,0,0,1,silent_cif.y4m,5.25,5.274,0.039115,0.003995,0.0,128
1,1,0,0,1,0,0,0,0,0,0,0,1,1,0,1,0,0,1,1,0,1,0,1,0,0,0,0,0,1,0,1,0,0,0,0,0,0,silent_cif.y4m,42.19,42.178,0.027749,0.003772,0.0,234
1,1,0,0,0,0,0,0,1,0,0,0,1,0,1,1,1,0,1,0,1,1,0,0,0,0,0,1,0,1,0,1,1,0,0,0,1,0,silent_cif.y4m,480.51,480.474,0.145877,0.004657,0.0,28
1,1,0,0,1,0,0,0,0,0,0,0,1,1,0,1,1,0,1,0,1,1,1,0,0,0,0,0,0,1,1,0,0,0,0,0,0,0,silent_cif.y4m,56.11,56.144,0.117601,0.00345,0.0,139
1,1,0,0,0,0,0,0,0,0,1,0,1,0,1,1,1,0,1,1,0,1,0,0,0,0,1,0,0,1,1,0,1,0,1,0,0,0,silent_cif.y4m,0.97,0.972,0.008367,0.003669,0.0,152
1,1,0,1,0,0,0,0,0,0,0,0,1,0,1,1,0,0,1,1,0,1,0,0,0,0,0,1,0,1,1,0,1,0,0,0,1,0,silent_cif.y4m,70.39,70.356,0.335753,0.006511,0.0,12
1,1,0,0,0,0,1,0,0,0,0,0,1,0,1,1,0,1,1,1,0,1,0,0,0,0,0,1,0,1,1,0,0,0,0,0,0,0,silent_cif.y4m,0.95,0.942,0.016432,0.003669,0.0,369
1,1,0,0,0,0,0,0,0,0,0,1,1,1,0,1,1,0,1,0,1,1,0,0,0,0,0,1,0,1,0,1,1,0,0,0,0,1,silent_cif.y4m,25.17,25.16,0.031623,0.004536,0.0,58
1,1,0,0,0,0,0,0,1,0,0,0,1,1,0,1,1,0,1,1,0,1,1,0,0,0,0,0,0,1,1,0,0,0,0,0,0,0,silent_cif.y4m,24.24,24.2,0.102956,0.006162,0.0,64
1,1,0,0,0,0,0,0,1,0,0,0,1,1,0,1,1,0,1,1,0,1,0,0,1,0,0,0,0,1,1,0,1,1,0,0,0,0,silent_cif.y4m,17.42,17.414,0.045607,0.003728,0.0,21
1,1,0,0,0,1,0,0,0,0,0,0,1,0,1,1,1,1,1,0,1,1,0,0,1,0,0,0,0,1,1,0,1,0,0,0,0,1,silent_cif.y4m,54.65,54.224,1.044859,0.004113,0.0,225
1,1,0,0,0,0,1,0,0,0,0,0,1,0,1,1,1,0,1,1,0,1,0,0,0,0,0,1,0,1,1,0,1,0,0,0,1,0,silent_cif.y4m,67.87,68.058,0.652817,0.003446,0.0,366
1,1,0,0,0,0,0,1,0,0,0,0,1,0,1,1,1,1,1,0,1,1,0,0,1,0,0,0,0,1,0,1,1,0,0,0,0,1,soccer_cif.y4m,4.27,4.288,0.040249,0.007066,0.0,114
1,1,0,0,1,0,0,0,0,0,0,0,1,1,0,1,1,1,1,0,1,1,0,0,1,0,0,0,0,1,1,0,1,0,1,0,0,0,soccer_cif.y4m,3.6,3.598,0.014832,0.00662,0.0,281
1,1,0,0,0,1,0,0,0,0,0,0,1,0,1,1,1,0,1,1,0,1,0,0,0,0,0,0,1,1,1,0,1,0,0,1,0,0,soccer_cif.y4m,5.68,5.682,0.013038,0.006841,0.0,325
1,1,1,0,0,0,0,0,0,0,0,0,1,1,0,1,1,0,1,1,0,1,0,0,0,0,1,0,0,1,1,0,1,1,0,0,0,0,soccer_cif.y4m,5.09,5.07,0.063246,0.008713,0.0,181
1,1,0,0,0,0,0,0,1,0,0,0,1,1,0,1,1,0,1,0,1,1,0,0,1,0,0,0,0,1,1,0,1,0,0,0,0,1,soccer_cif.y4m,175.62,175.074,1.273236,0.007768,0.0,247
1,1,0,0,0,0,0,0,0,0,1,0,1,1,0,1,1,0,1,1,0,1,0,0,0,0,1,0,0,1,1,0,1,0,0,0,0,1,soccer_cif.y4m,265.77,265.782,0.228408,0.009164,0.0,166
1,1,0,0,0,0,0,0,1,0,0,0,1,1,0,1,1,0,1,0,1,1,0,0,1,0,0,0,0,1,1,0,1,0,0,0,1,0,soccer_cif.y4m,8.14,8.152,0.078549,0.008292,0.0,25
1,1,0,0,0,0,0,1,0,0,0,0,1,0,1,1,0,0,1,1,0,1,0,1,0,0,0,0,0,1,0,1,0,0,0,0,0,0,soccer_cif.y4m,9.28,9.178,0.218105,0.009391,0.0,355
1,1,0,0,1,0,0,0,0,0,0,0,1,1,0,1,0,0,1,1,0,1,1,0,0,0,0,0,0,1,1,0,1,0,0,0,0,1,soccer_cif.y4m,1.77,1.768,0.016432,0.008392,0.0,219
1,1,0,0,0,1,0,0,0,0,0,0,1,1,0,1,1,0,1,1,0,1,0,0,0,0,1,0,0,1,1,0,1,1,0,0,0,0,soccer_cif.y4m,9.17,9.158,0.18593,0.009391,0.0,182
1,1,0,1,0,0,0,0,0,0,0,0,1,0,1,1,0,1,1,1,0,1,0,0,0,0,0,1,0,1,1,0,1,1,0,0,0,0,soccer_cif.y4m,3.99,3.952,0.108028,0.008808,0.0,10
1,1,0,0,1,0,0,0,0,0,0,0,1,1,0,1,1,0,1,0,1,1,0,0,1,0,0,0,0,1,0,1,1,0,0,0,0,1,soccer_cif.y4m,50.22,50.178,0.122963,0.008153,0.0,116
1,1,0,0,0,1,0,0,0,0,0,0,1,1,0,1,1,1,1,0,1,1,0,0,0,0,0,1,0,1,0,1,1,1,0,0,0,0,soccer_cif.y4m,7.02,6.988,0.082583,0.006852,0.0,266
1,1,0,0,0,0,0,0,1,0,0,0,1,1,0,1,0,0,1,0,1,1,0,0,1,0,0,0,0,1,1,0,1,0,0,1,0,0,soccer_cif.y4m,41.27,41.054,0.674114,0.012953,0.0,313
1,1,0,0,0,0,0,1,0,0,0,0,1,0,1,1,0,0,1,1,0,1,0,0,0,0,0,0,1,1,0,1,0,0,0,0,0,0,soccer_cif.y4m,11.65,11.666,0.089051,0.011934,0.0,357
1,1,0,0,0,1,0,0,0,0,0,0,1,0,1,1,0,1,1,0,1,1,1,0,0,0,0,0,0,1,1,0,1,1,0,0,0,0,soccer_cif.y4m,2.39,2.47,0.173638,0.010988,0.0,187
1,1,0,0,0,0,0,0,1,0,0,0,1,1,0,1,1,1,1,0,1,1,0,0,1,0,0,0,0,1,1,0,1,1,0,0,0,0,soccer_cif.y4m,554.51,554.492,0.932668,0.009085,0.0,23
1,1,0,0,1,0,0,0,0,0,0,0,1,1,0,1,1,0,1,1,0,1,0,1,0,0,0,0,0,1,0,1,0,0,0,0,0,0,soccer_cif.y4m,58.19,58.224,0.13069,0.00902,0.0,2
1,1,0,0,0,0,0,0,0,0,0,1,1,1,0,1,1,0,1,0,1,1,0,0,0,0,0,1,0,1,1,0,1,1,0,0,0,0,soccer_cif.y4m,281.33,280.932,0.819982,0.007861,0.0,301
1,1,0,0,0,0,0,1,0,0,0,0,1,0,1,1,0,1,1,1,0,1,0,1,0,0,0,0,0,1,0,1,0,0,0,0,0,0,soccer_cif.y4m,218.54,222.464,7.527485,0.012739,0.0,356
1,1,0,0,0,0,0,0,0,0,1,0,1,1,0,1,0,1,1,0,1,1,0,0,0,0,0,1,0,1,0,1,1,1,0,0,0,0,soccer_cif.y4m,11.63,11.616,0.042778,0.009203,0.0,269
1,1,0,0,0,0,0,0,0,0,1,0,1,0,1,1,0,1,1,1,0,1,0,0,1,0,0,0,0,1,0,1,1,0,0,0,1,0,soccer_cif.y4m,9.08,9.008,0.161152,0.012035,0.0,274
1,1,0,0,0,0,0,0,0,0,1,0,1,0,1,1,0,1,1,1,0,1,0,0,0,1,0,0,0,1,1,0,1,1,0,0,0,0,soccer_cif.y4m,6.57,6.542,0.074632,0.010718,0.0,307
1,1,0,0,1,0,0,0,0,0,0,0,1,0,1,1,0,1,1,1,0,1,0,0,1,0,0,0,0,1,0,1,1,1,0,0,0,0,soccer_cif.y4m,35.87,35.478,0.917017,0.008396,0.0,254
1,1,0,0,0,0,0,0,0,0,1,0,1,0,1,1,0,1,1,0,1,1,0,1,0,0,0,0,0,1,0,1,0,0,0,0,0,0,soccer_cif.y4m,1.84,1.814,0.063875,0.008549,0.0,208
1,1,0,0,1,0,0,0,0,0,0,0,1,1,0,1,1,1,1,1,0,1,0,0,1,0,0,0,0,1,0,1,1,0,1,0,0,0,soccer_cif.y4m,1.96,1.952,0.021679,0.011348,0.0,279
1,1,0,0,0,0,0,1,0,0,0,0,1,1,0,1,1,1,1,1,0,1,0,1,0,0,0,0,0,1,0,1,1,0,0,0,1,0,soccer_cif.y4m,6.55,6.404,0.220749,0.007741,0.0,171
1,1,0,0,0,0,0,0,0,1,0,0,1,1,0,1,0,1,1,0,1,1,0,0,0,0,0,1,0,1,0,1,1,0,0,0,1,0,soccer_cif.y4m,43.2,43.198,0.117558,0.012953,0.0,99
1,1,1,0,0,0,0,0,0,0,0,0,1,0,1,1,1,1,1,1,0,1,0,1,0,0,0,0,0,1,1,0,1,0,1,0,0,0,soccer_cif.y4m,7.94,7.922,0.109407,0.007665,0.0,81
1,1,0,0,0,0,0,0,0,0,1,0,1,0,1,1,1,1,1,0,1,1,0,0,1,0,0,0,0,1,1,0,1,0,1,0,0,0,soccer_cif.y4m,2.89,2.926,0.098387,0.009106,0.0,155
1,1,0,0,0,1,0,0,0,0,0,0,1,1,0,1,0,1,1,1,0,1,1,0,0,0,0,0,0,1,1,0,1,1,0,0,0,0,soccer_cif.y4m,4.73,4.836,0.217784,0.010718,0.0,185
1,1,0,0,1,0,0,0,0,0,0,0,1,1,0,1,0,0,1,0,1,1,0,0,0,0,0,1,0,1,0,1,0,0,0,0,0,0,soccer_cif.y4m,3.63,3.634,0.042778,0.008303,0.0,376
1,1,0,0,0,0,0,0,1,0,0,0,1,1,0,1,0,1,1,0,1,1,0,1,0,0,0,0,0,1,1,0,0,0,0,0,0,0,soccer_cif.y4m,1.4,1.406,0.0251,0.008125,0.0,204
1,1,0,0,0,0,0,0,1,0,0,0,1,1,0,1,1,0,1,0,1,1,0,0,0,0,1,0,0,1,1,0,1,0,0,0,0,1,soccer_cif.y4m,106.78,106.666,0.448252,0.008707,0.0,246
1,1,0,0,0,0,0,1,0,0,0,0,1,1,0,1,1,1,1,0,1,1,0,0,1,0,0,0,0,1,0,1,0,0,0,0,0,0,soccer_cif.y4m,52.21,52.104,0.230391,0.007917,0.0,230
1,1,0,0,0,0,0,0,1,0,0,0,1,0,1,1,1,0,1,0,1,1,0,0,0,0,0,1,0,1,1,0,1,0,0,0,1,0,soccer_cif.y4m,67.15,67.098,0.270315,0.013795,0.0,27
1,1,0,1,0,0,0,0,0,0,0,0,1,1,0,1,1,1,1,0,1,1,1,0,0,0,0,0,0,1,1,0,0,0,0,0,0,0,soccer_cif.y4m,5.1,5.108,0.057184,0.00668,0.0,137
1,1,0,0,0,0,0,0,0,0,1,0,1,1,0,1,1,1,1,1,0,1,0,0,0,0,1,0,0,1,0,1,1,0,0,0,1,0,soccer_cif.y4m,5.3,5.306,0.139212,0.010656,0.0,169
1,1,0,0,0,0,0,0,0,0,1,0,1,0,1,1,0,1,1,0,1,1,1,0,0,0,0,0,0,1,0,1,1,0,0,0,0,1,soccer_cif.y4m,106.94,106.95,0.321947,0.007858,0.0,33
1,1,0,0,0,0,0,0,1,0,0,0,1,0,1,1,0,1,1,0,1,1,0,1,0,0,0,0,0,1,1,0,0,0,0,0,0,0,soccer_cif.y4m,26.79,26.794,0.097365,0.01326,0.0,205
1,1,0,0,0,0,0,0,0,0,1,0,1,1,0,1,1,0,1,0,1,1,0,0,0,0,1,0,0,1,1,0,1,0,0,0,0,1,soccer_cif.y4m,7.24,7.212,0.053572,0.007559,0.0,245
1,1,1,0,0,0,0,0,0,0,0,0,1,1,0,1,0,0,1,1,0,1,0,0,1,0,0,0,0,1,1,0,1,0,0,0,0,1,soccer_cif.y4m,5.01,5.04,0.080312,0.008098,0.0,163
1,1,0,0,1,0,0,0,0,0,0,0,1,1,0,1,1,0,1,1,0,1,1,0,0,0,0,0,0,1,0,1,1,1,0,0,0,0,soccer_cif.y4m,3.64,3.64,0.032404,0.008303,0.0,4
1,1,0,0,1,0,0,0,0,0,0,0,1,1,0,1,0,0,1,0,1,1,1,0,0,0,0,0,0,1,1,0,1,0,0,0,1,0,soccer_cif.y4m,2.31,2.316,0.077974,0.011348,0.0,141
1,1,1,0,0,0,0,0,0,0,0,0,1,1,0,1,1,1,1,0,1,1,0,0,1,0,0,0,0,1,1,0,1,1,0,0,0,0,soccer_cif.y4m,294.05,293.998,0.646274,0.008782,0.0,159
1,1,0,0,0,0,0,0,1,0,0,0,1,1,0,1,0,1,1,0,1,1,0,0,1,0,0,0,0,1,0,1,1,0,0,0,0,1,soccer_cif.y4m,8.97,8.98,0.1249,0.010786,0.0,336
1,1,0,0,0,1,0,0,0,0,0,0,1,1,0,1,0,0,1,0,1,1,0,0,0,0,0,0,1,1,1,0,1,0,0,0,1,0,soccer_cif.y4m,51.58,51.564,0.623322,0.007633,0.0,72
1,1,0,0,0,0,0,0,1,0,0,0,1,1,0,1,1,0,1,1,0,1,0,0,1,0,0,0,0,1,1,0,1,0,0,0,0,1,soccer_cif.y4m,5.98,5.912,0.163615,0.007648,0.0,248
1,1,0,1,0,0,0,0,0,0,0,0,1,0,1,1,1,1,1,1,0,1,0,0,0,0,0,1,0,1,0,1,1,0,0,0,0,1,soccer_cif.y4m,203.75,209.7,8.7807,0.008636,0.0,130
1,1,0,0,0,1,0,0,0,0,0,0,1,0,1,1,1,1,1,1,0,1,0,0,0,0,0,0,1,1,1,0,0,0,0,0,0,0,soccer_cif.y4m,111.24,111.204,0.230933,0.009337,0.0,324
1,1,1,0,0,0,0,0,0,0,0,0,1,0,1,1,0,1,1,1,0,1,0,1,0,0,0,0,0,1,0,1,0,0,0,0,0,0,soccer_cif.y4m,96.53,96.528,0.165892,0.013717,0.0,354
1,1,0,0,0,0,0,0,0,0,1,0,1,0,1,1,0,0,1,1,0,1,0,0,0,1,0,0,0,1,0,1,0,0,0,0,0,0,soccer_cif.y4m,71.1,71.184,0.446856,0.008097,0.0,291
1,1,0,0,0,0,0,0,0,0,1,0,1,1,0,1,0,0,1,1,0,1,0,1,0,0,0,0,0,1,1,0,1,0,1,0,0,0,soccer_cif.y4m,2.61,2.558,0.097826,0.007913,0.0,237
1,1,0,0,0,1,0,0,0,0,0,0,1,1,0,1,1,0,1,1,0,1,1,0,0,0,0,0,0,1,1,0,1,1,0,0,0,0,soccer_cif.y4m,3.69,3.686,0.041593,0.006733,0.0,183
1,1,0,0,0,1,0,0,0,0,0,0,1,0,1,1,1,1,1,0,1,1,0,0,1,0,0,0,0,1,0,1,0,0,0,0,0,0,soccer_cif.y4m,2.99,2.974,0.036469,0.008606,0.0,227
1,1,0,0,0,0,0,0,1,0,0,0,1,1,0,1,0,1,1,0,1,1,0,0,0,0,0,1,0,1,0,1,0,0,0,0,0,0,soccer_cif.y4m,6.04,5.872,0.24407,0.009229,0.0,338
1,1,0,0,1,0,0,0,0,0,0,0,1,0,1,1,0,0,1,0,1,1,1,0,0,0,0,0,0,1,1,0,1,0,0,0,1,0,soccer_cif.y4m,25.22,25.248,0.0502,0.007623,0.0,142
1,1,0,0,1,0,0,0,0,0,0,0,1,1,0,1,1,1,1,0,1,1,0,0,1,0,0,0,0,1,1,0,1,0,0,0,0,1,soccer_cif.y4m,14.59,14.648,0.148054,0.009275,0.0,332
1,1,0,0,0,0,0,0,0,1,0,0,1,0,1,1,0,0,1,1,0,1,0,0,0,0,1,0,0,1,0,1,1,0,0,0,1,0,soccer_cif.y4m,275.5,275.458,0.118828,0.008061,0.0,95
1,1,0,0,1,0,0,0,0,0,0,0,1,0,1,1,0,0,1,0,1,1,0,0,0,1,0,0,0,1,0,1,0,0,0,0,0,0,soccer_cif.y4m,9.28,9.278,0.037683,0.009334,0.0,289
1,1,0,0,1,0,0,0,0,0,0,0,1,1,0,1,0,0,1,0,1,1,0,0,0,0,0,1,0,1,0,1,1,0,0,1,0,0,soccer_cif.y4m,2.17,2.144,0.045607,0.007913,0.0,378
1,1,0,0,1,0,0,0,0,0,0,0,1,1,0,1,1,1,1,1,0,1,0,0,1,0,0,0,0,1,0,1,1,0,0,0,1,0,soccer_cif.y4m,57.13,57.182,0.141315,0.00759,0.0,278
1,1,0,0,0,0,0,0,0,0,1,0,1,0,1,1,1,0,1,0,1,1,1,0,0,0,0,0,0,1,0,1,1,0,0,0,1,0,soccer_cif.y4m,6.33,6.402,0.240458,0.009263,0.0,30
1,1,0,0,1,0,0,0,0,0,0,0,1,1,0,1,0,0,1,0,1,1,0,1,0,0,0,0,0,1,0,1,1,0,0,0,0,1,soccer_cif.y4m,2.07,2.07,0.015811,0.008862,0.0,120
1,1,0,0,0,1,0,0,0,0,0,0,1,1,0,1,1,1,1,0,1,1,0,0,0,0,0,1,0,1,0,1,0,0,0,0,0,0,soccer_cif.y4m,3.11,3.094,0.066182,0.00837,0.0,265
1,1,0,0,0,0,0,0,0,0,1,0,1,1,0,1,1,0,1,1,0,1,0,0,0,0,0,1,0,1,0,1,0,0,0,0,0,0,soccer_cif.y4m,5.5,5.486,0.043932,0.008178,0.0,296
1,1,0,0,0,0,0,1,0,0,0,0,1,1,0,1,1,1,1,1,0,1,0,1,0,0,0,0,0,1,0,1,0,0,0,0,0,0,soccer_cif.y4m,8.92,8.926,0.0251,0.009124,0.0,232
1,1,0,0,0,0,0,0,0,0,1,0,1,0,1,1,0,0,1,1,0,1,0,0,1,0,0,0,0,1,1,0,1,0,0,1,0,0,soccer_cif.y4m,7.18,7.194,0.034351,0.010538,0.0,310
1,1,0,0,0,0,0,1,0,0,0,0,1,0,1,1,1,1,1,0,1,1,0,0,0,0,0,1,0,1,0,1,1,0,0,1,0,0,soccer_cif.y4m,105.68,105.556,0.463174,0.009254,0.0,349
1,1,0,0,1,0,0,0,0,0,0,0,1,1,0,1,0,1,1,0,1,1,0,0,0,0,0,1,0,1,0,1,0,0,0,0,0,0,soccer_cif.y4m,4.84,4.856,0.034351,0.009166,0.0,377
1,1,0,0,0,0,0,0,0,1,0,0,1,0,1,1,1,1,1,1,0,1,0,0,0,0,1,0,0,1,0,1,1,0,0,0,1,0,soccer_cif.y4m,279.44,279.464,0.257546,0.007878,0.0,94
1,1,1,0,0,0,0,0,0,0,0,0,1,1,0,1,1,0,1,0,1,1,1,0,0,0,0,0,0,1,0,1,1,1,0,0,0,0,soccer_cif.y4m,6.6,6.59,0.083066,0.010718,0.0,178
1,1,0,0,0,0,0,0,0,0,1,0,1,0,1,1,0,0,1,1,0,1,0,0,0,0,0,1,0,1,0,1,1,0,0,0,0,1,soccer_cif.y4m,6.88,6.872,0.0249,0.009081,0.0,127
1,1,0,0,0,0,0,1,0,0,0,0,1,0,1,1,1,0,1,0,1,1,0,0,0,1,0,0,0,1,0,1,1,0,0,0,1,0,soccer_cif.y4m,2.15,2.146,0.011402,0.007938,0.0,111
1,1,1,0,0,0,0,0,0,0,0,0,1,0,1,1,0,1,1,1,0,1,0,1,0,0,0,0,0,1,0,1,1,0,0,1,0,0,soccer_cif.y4m,5.2,5.224,0.051769,0.009423,0.0,353
1,1,0,0,0,0,1,0,0,0,0,0,1,0,1,1,1,1,1,1,0,1,0,1,0,0,0,0,0,1,1,0,1,0,0,0,1,0,soccer_cif.y4m,5.36,5.314,0.12054,0.008808,0.0,45
1,1,0,0,0,1,0,0,0,0,0,0,1,0,1,1,1,1,1,0,1,1,0,0,1,0,0,0,0,1,1,0,0,0,0,0,0,0,soccer_cif.y4m,1.77,1.774,0.021909,0.008743,0.0,226
1,1,0,0,0,0,0,0,0,0,0,1,1,1,0,1,1,0,1,0,1,1,0,0,0,0,0,1,0,1,1,0,1,0,0,0,0,1,soccer_cif.y4m,5.87,5.866,0.052249,0.00867,0.0,59
1,1,0,0,0,0,0,0,1,0,0,0,1,1,0,1,1,1,1,1,0,1,1,0,0,0,0,0,0,1,0,1,1,1,0,0,0,0,soccer_cif.y4m,61.34,61.726,1.262113,0.00902,0.0,19
1,1,0,0,0,0,0,0,0,0,0,1,1,1,0,1,0,1,1,0,1,1,0,0,0,1,0,0,0,1,1,0,1,1,0,0,0,0,soccer_cif.y4m,34.56,34.036,1.065589,0.007744,0.0,304
1,1,0,0,0,0,0,0,1,0,0,0,1,0,1,1,0,1,1,0,1,1,0,1,0,0,0,0,0,1,0,1,0,0,0,0,0,0,soccer_cif.y4m,5.85,5.718,0.2251,0.007648,0.0,207
1,1,0,0,0,0,1,0,0,0,0,0,1,1,0,1,1,1,1,1,0,1,0,1,0,0,0,0,0,1,1,0,0,0,0,0,0,0,soccer_cif.y4m,172.38,172.582,0.797853,0.008621,0.0,43
1,1,0,0,0,0,1,0,0,0,0,0,1,1,0,1,1,0,1,1,0,1,1,0,0,0,0,0,0,1,1,0,1,0,0,0,0,1,soccer_cif.y4m,3.01,3.01,0.031623,0.007846,0.0,40
1,1,0,0,0,1,0,0,0,0,0,0,1,0,1,1,0,1,1,1,0,1,1,0,0,0,0,0,0,1,1,0,1,1,0,0,0,0,soccer_cif.y4m,109.46,109.534,0.210428,0.009346,0.0,186
1,1,0,0,1,0,0,0,0,0,0,0,1,0,1,1,0,0,1,0,1,1,0,0,0,1,0,0,0,1,0,1,1,0,0,0,0,1,soccer_cif.y4m,3.52,3.446,0.153721,0.00889,0.0,288
1,1,1,0,0,0,0,0,0,0,0,0,1,1,0,1,1,0,1,1,0,1,0,1,0,0,0,0,0,1,1,0,1,0,1,0,0,0,soccer_cif.y4m,4.94,4.948,0.030332,0.008713,0.0,82
1,1,0,0,0,0,0,0,0,0,1,0,1,0,1,1,1,1,1,0,1,1,0,0,0,1,0,0,0,1,0,1,0,0,0,0,0,0,soccer_cif.y4m,4.06,4.044,0.045607,0.006932,0.0,211
1,1,0,0,1,0,0,0,0,0,0,0,1,0,1,1,1,1,1,0,1,1,0,0,0,0,0,1,0,1,1,0,1,0,0,1,0,0,soccer_cif.y4m,102.0,101.842,0.445948,0.008707,0.0,347
1,1,0,1,0,0,0,0,0,0,0,0,1,0,1,1,0,0,1,1,0,1,1,0,0,0,0,0,0,1,1,0,1,0,0,0,1,0,soccer_cif.y4m,9.11,9.112,0.109179,0.008366,0.0,13
1,1,0,0,0,0,0,1,0,0,0,0,1,0,1,1,1,1,1,0,1,1,0,0,1,0,0,0,0,1,0,1,0,0,0,0,0,0,soccer_cif.y4m,483.22,483.542,0.817325,0.008008,0.0,228
1,1,0,0,0,0,0,0,0,1,0,0,1,1,0,1,0,1,1,0,1,1,0,0,1,0,0,0,0,1,0,1,1,0,0,0,0,1,soccer_cif.y4m,6.47,6.426,0.073689,0.007741,0.0,335
1,1,0,0,0,0,0,0,1,0,0,0,1,1,0,1,1,0,1,0,1,1,0,0,1,0,0,0,0,1,1,0,1,1,0,0,0,0,soccer_cif.y4m,22.55,22.572,0.164073,0.009033,0.0,24
1,1,1,0,0,0,0,0,0,0,0,0,1,0,1,1,0,1,1,0,1,1,0,1,0,0,0,0,0,1,0,1,1,0,0,1,0,0,soccer_cif.y4m,161.29,161.238,0.110995,0.013588,0.0,352
1,1,0,0,0,0,1,0,0,0,0,0,1,0,1,1,0,0,1,1,0,1,0,0,0,0,0,1,0,1,1,0,0,0,0,0,0,0,soccer_cif.y4m,4.24,4.224,0.047223,0.006977,0.0,368
1,1,1,0,0,0,0,0,0,0,0,0,1,0,1,1,1,1,1,1,0,1,0,1,0,0,0,0,0,1,1,0,0,0,0,0,0,0,soccer_cif.y4m,1.96,1.988,0.068337,0.008462,0.0,80
1,1,0,0,1,0,0,0,0,0,0,0,1,1,0,1,0,0,1,0,1,1,0,1,0,0,0,0,0,1,0,1,0,0,0,0,0,0,soccer_cif.y4m,36.17,35.95,0.432377,0.009086,0.0,121
1,1,0,0,0,0,0,0,0,0,1,0,1,0,1,1,1,1,1,0,1,1,0,0,1,0,0,0,0,1,1,0,1,1,0,0,0,0,soccer_cif.y4m,4.05,4.044,0.037815,0.00668,0.0,156
1,1,0,1,0,0,0,0,0,0,0,0,1,0,1,1,1,1,1,1,0,1,0,0,0,0,0,1,0,1,1,0,1,1,0,0,0,0,soccer_cif.y4m,1.29,1.318,0.047645,0.00799,0.0,9
1,1,0,0,0,0,0,0,0,0,1,0,1,1,0,1,0,0,1,1,0,1,0,0,0,0,1,0,0,1,1,0,1,0,0,0,0,1,soccer_cif.y4m,6.91,6.864,0.092087,0.007559,0.0,165
1,1,0,0,0,0,0,0,0,0,1,0,1,0,1,1,0,0,1,1,0,1,0,1,0,0,0,0,0,1,0,1,1,0,0,0,0,1,soccer_cif.y4m,5.05,5.064,0.038471,0.007004,0.0,126
1,1,0,0,1,0,0,0,0,0,0,0,1,1,0,1,1,1,1,0,1,1,0,0,1,0,0,0,0,1,0,1,1,0,1,0,0,0,soccer_cif.y4m,1.97,2.03,0.142302,0.008462,0.0,280
1,1,0,0,0,0,0,1,0,0,0,0,1,0,1,1,1,1,1,1,0,1,0,1,0,0,0,0,0,1,0,1,1,0,0,0,1,0,soccer_cif.y4m,1.47,1.52,0.113358,0.011723,0.0,172
1,1,0,0,0,0,0,0,0,0,1,0,1,0,1,1,0,1,1,1,0,1,0,0,0,1,0,0,0,1,0,1,0,0,0,0,0,0,soccer_cif.y4m,7.56,7.552,0.043243,0.010628,0.0,292
1,1,0,0,0,0,0,0,0,0,1,0,1,1,0,1,1,1,1,0,1,1,0,0,0,0,0,1,0,1,1,0,0,0,0,0,0,0,soccer_cif.y4m,19.64,19.634,0.065038,0.008492,0.0,105
1,1,0,0,0,1,0,0,0,0,0,0,1,0,1,1,1,1,1,0,1,1,0,0,0,0,0,0,1,1,1,0,1,0,1,0,0,0,soccer_cif.y4m,12.47,12.48,0.055678,0.009285,0.0,76
1,1,0,0,0,1,0,0,0,0,0,0,1,0,1,1,0,0,1,1,0,1,1,0,0,0,0,0,0,1,1,0,1,0,0,0,0,1,soccer_cif.y4m,104.56,104.274,0.806275,0.008021,0.0,221
1,1,0,0,0,0,0,0,0,0,1,0,1,1,0,1,1,0,1,1,0,1,0,0,0,0,1,0,0,1,0,1,1,0,0,0,0,1,soccer_cif.y4m,35.86,35.862,0.033466,0.008965,0.0,167
1,1,0,0,0,0,0,0,0,0,1,0,1,0,1,1,0,1,1,0,1,1,1,0,0,0,0,0,0,1,1,0,1,0,0,0,0,1,soccer_cif.y4m,315.59,315.24,0.833817,0.008147,0.0,35
1,1,0,0,1,0,0,0,0,0,0,0,1,1,0,1,0,0,1,1,0,1,0,1,0,0,0,0,0,1,0,1,1,0,1,0,0,0,soccer_cif.y4m,3.88,3.88,0.029155,0.006768,0.0,235
1,1,0,0,0,0,0,0,0,1,0,0,1,1,0,1,1,1,1,0,1,1,0,0,1,0,0,0,0,1,0,1,1,0,0,0,0,1,soccer_cif.y4m,8.95,8.936,0.019494,0.009369,0.0,333
1,1,0,0,0,0,1,0,0,0,0,0,1,0,1,1,1,1,1,1,0,1,0,1,0,0,0,0,0,1,1,0,0,0,0,0,0,0,soccer_cif.y4m,86.75,86.86,0.30348,0.008096,0.0,44
1,1,0,0,1,0,0,0,0,0,0,0,1,0,1,1,0,1,1,1,0,1,0,1,0,0,0,0,0,1,0,1,1,1,0,0,0,0,soccer_cif.y4m,131.72,131.678,0.372653,0.007884,0.0,256
1,1,0,0,0,0,0,1,0,0,0,0,1,0,1,1,1,0,1,0,1,1,0,1,0,0,0,0,0,1,0,1,1,0,0,0,0,1,soccer_cif.y4m,633.81,633.962,1.384764,0.009463,0.0,192
1,1,0,0,0,0,1,0,0,0,0,0,1,1,0,1,1,1,1,1,0,1,1,0,0,0,0,0,0,1,1,0,1,0,0,0,0,1,soccer_cif.y4m,18.79,18.74,0.170441,0.007745,0.0,41
1,1,0,0,0,0,0,0,0,0,1,0,1,0,1,1,0,1,1,1,0,1,0,0,0,0,0,1,0,1,0,1,1,0,0,0,1,0,soccer_cif.y4m,120.54,120.714,0.446352,0.012718,0.0,273
1,1,0,0,0,0,0,0,0,0,1,0,1,1,0,1,0,1,1,0,1,1,0,0,0,0,0,1,0,1,0,1,0,0,0,0,0,0,soccer_cif.y4m,133.54,133.59,0.131909,0.012837,0.0,101
1,1,0,0,0,0,0,0,0,0,1,0,1,0,1,1,1,1,1,0,1,1,0,0,0,0,1,0,0,1,1,0,1,0,1,0,0,0,soccer_cif.y4m,48.03,47.962,0.263951,0.008153,0.0,242
1,1,0,0,0,0,0,0,0,0,1,0,1,1,0,1,0,1,1,0,1,1,0,0,0,0,0,1,0,1,1,0,0,0,0,0,0,0,soccer_cif.y4m,9.35,9.154,0.378854,0.012035,0.0,103
1,1,1,0,0,0,0,0,0,0,0,0,1,1,0,1,1,0,1,1,0,1,0,1,0,0,0,0,0,1,0,1,0,0,0,0,0,0,soccer_cif.y4m,84.7,84.56,0.363524,0.00797,0.0,1
1,1,0,0,0,0,0,1,0,0,0,0,1,1,0,1,0,0,1,0,1,1,0,0,0,0,0,1,0,1,0,1,1,0,0,0,0,1,soccer_cif.y4m,5.17,5.178,0.046583,0.009423,0.0,56
1,1,0,0,1,0,0,0,0,0,0,0,1,0,1,1,0,0,1,0,1,1,0,0,0,0,0,0,1,1,0,1,0,0,0,0,0,0,soccer_cif.y4m,19.99,19.92,0.185607,0.008492,0.0,373
1,1,0,0,0,0,0,0,1,0,0,0,1,1,0,1,1,1,1,0,1,1,0,1,0,0,0,0,0,1,0,1,1,0,1,0,0,0,soccer_cif.y4m,128.79,128.826,0.687844,0.008006,0.0,318
1,1,0,0,0,1,0,0,0,0,0,0,1,1,0,1,0,0,1,1,0,1,0,0,0,0,1,0,0,1,1,0,0,0,0,0,0,0,soccer_cif.y4m,298.7,298.722,0.616944,0.008822,0.0,69
1,1,0,1,0,0,0,0,0,0,0,0,1,0,1,1,0,0,1,1,0,1,0,0,0,0,0,1,0,1,1,0,1,1,0,0,0,0,soccer_cif.y4m,4.46,4.414,0.073348,0.009169,0.0,11
1,1,0,0,1,0,0,0,0,0,0,0,1,0,1,1,0,0,1,1,0,1,0,1,0,0,0,0,0,1,0,1,1,0,0,1,0,0,soccer_cif.y4m,5.42,5.43,0.029155,0.009094,0.0,258
1,1,0,0,0,0,0,0,0,0,1,0,1,0,1,1,0,0,1,1,0,1,0,1,0,0,0,0,0,1,1,0,1,0,1,0,0,0,soccer_cif.y4m,432.84,433.01,1.093641,0.009605,0.0,238
1,1,0,0,0,0,0,1,0,0,0,0,1,0,1,1,1,0,1,1,0,1,1,0,0,0,0,0,0,1,0,1,1,0,0,0,1,0,soccer_cif.y4m,439.87,440.352,1.280516,0.008751,0.0,173
1,1,0,0,0,0,0,1,0,0,0,0,1,0,1,1,0,1,1,0,1,1,0,1,0,0,0,0,0,1,0,1,1,1,0,0,0,0,soccer_cif.y4m,474.97,474.518,1.042938,0.007751,0.0,190
1,1,0,1,0,0,0,0,0,0,0,0,1,0,1,1,1,0,1,1,0,1,0,0,0,0,0,1,0,1,0,1,1,1,0,0,0,0,soccer_cif.y4m,114.21,113.864,0.848281,0.007851,0.0,7
1,1,0,0,0,1,0,0,0,0,0,0,1,0,1,1,1,1,1,0,1,1,0,0,0,0,0,0,1,1,1,0,0,0,0,0,0,0,soccer_cif.y4m,2.26,2.224,0.082644,0.008549,0.0,323
1,1,0,0,0,1,0,0,0,0,0,0,1,0,1,1,0,0,1,0,1,1,0,0,0,0,0,0,1,1,1,0,1,0,0,0,1,0,soccer_cif.y4m,183.3,180.86,4.68448,0.007789,0.0,73
1,1,0,0,0,0,0,0,0,0,1,0,1,0,1,1,1,0,1,0,1,1,0,1,0,0,0,0,0,1,0,1,0,0,0,0,0,0,soccer_cif.y4m,177.02,176.764,1.231211,0.008621,0.0,209
1,1,0,1,0,0,0,0,0,0,0,0,1,1,0,1,1,0,1,0,1,1,1,0,0,0,0,0,0,1,1,0,0,0,0,0,0,0,soccer_cif.y4m,5.18,5.182,0.014832,0.007713,0.0,138
1,1,0,0,0,1,0,0,0,0,0,0,1,1,0,1,1,1,1,1,0,1,0,0,0,0,0,1,0,1,0,1,0,0,0,0,0,0,soccer_cif.y4m,118.37,118.29,0.473973,0.00926,0.0,264
1,1,0,0,0,0,0,0,0,1,0,0,1,0,1,1,0,1,1,0,1,1,0,0,0,0,0,1,0,1,0,1,1,0,0,0,1,0,soccer_cif.y4m,309.62,309.376,0.519115,0.008822,0.0,98
1,1,0,0,0,0,0,0,0,0,1,0,1,1,0,1,0,0,1,0,1,1,0,0,0,0,0,1,0,1,1,0,1,0,0,1,0,0,soccer_cif.y4m,3.93,3.914,0.04219,0.007135,0.0,380
1,1,0,0,1,0,0,0,0,0,0,0,1,1,0,1,1,1,1,1,0,1,0,1,0,0,0,0,0,1,1,0,1,0,1,0,0,0,soccer_cif.y4m,190.91,191.28,0.646568,0.012678,0.0,85
1,1,0,0,0,0,0,0,0,0,1,0,1,0,1,1,0,0,1,0,1,1,1,0,0,0,0,0,0,1,0,1,1,0,0,0,1,0,soccer_cif.y4m,86.99,86.946,0.222329,0.008794,0.0,31
1,1,0,1,0,0,0,0,0,0,0,0,1,0,1,1,1,0,1,1,0,1,0,0,0,0,0,1,0,1,1,0,1,1,0,0,0,0,soccer_cif.y4m,3.64,3.63,0.017321,0.007846,0.0,8
1,1,0,0,1,0,0,0,0,0,0,0,1,1,0,1,1,1,1,1,0,1,1,0,0,0,0,0,0,1,0,1,1,1,0,0,0,0,soccer_cif.y4m,6.63,6.644,0.038471,0.009229,0.0,216
1,1,0,0,1,0,0,0,0,0,0,0,1,1,0,1,1,1,1,0,1,1,0,0,0,1,0,0,0,1,0,1,1,1,0,0,0,0,soccer_cif.y4m,1.64,1.636,0.011402,0.008862,0.0,214
1,1,0,0,0,0,0,0,1,0,0,0,1,1,0,1,0,0,1,1,0,1,0,0,0,0,0,1,0,1,1,0,0,0,0,0,0,0,soccer_cif.y4m,7.65,7.6,0.117473,0.007021,0.0,341
1,1,0,0,1,0,0,0,0,0,0,0,1,1,0,1,0,0,1,1,0,1,0,1,0,0,0,0,0,1,1,0,1,0,1,0,0,0,soccer_cif.y4m,4.66,4.654,0.035777,0.010578,0.0,236
1,1,0,0,0,0,0,0,0,0,1,0,1,0,1,1,0,0,1,0,1,1,0,0,0,0,1,0,0,1,1,0,1,0,1,0,0,0,soccer_cif.y4m,10.05,10.044,0.043932,0.011534,0.0,240
1,1,0,0,0,0,0,1,0,0,0,0,1,0,1,1,0,0,1,0,1,1,0,0,0,1,0,0,0,1,0,1,1,0,0,0,1,0,soccer_cif.y4m,10.08,9.89,0.361455,0.012035,0.0,51
1,1,1,0,0,0,0,0,0,0,0,0,1,0,1,1,1,1,1,0,1,1,0,0,0,0,0,0,1,1,1,0,1,0,1,0,0,0,soccer_cif.y4m,6.21,6.218,0.18593,0.00845,0.0,77
1,1,0,0,0,0,0,0,0,0,1,0,1,0,1,1,1,0,1,1,0,1,0,0,0,0,0,1,0,1,0,1,1,0,0,0,0,1,soccer_cif.y4m,7.24,7.232,0.034205,0.009007,0.0,128
1,1,0,0,1,0,0,0,0,0,0,0,1,1,0,1,0,0,1,1,0,1,0,1,0,0,0,0,0,1,0,1,0,0,0,0,0,0,soccer_cif.y4m,70.08,70.124,0.121161,0.008097,0.0,234
1,1,0,0,0,0,0,0,1,0,0,0,1,0,1,1,1,0,1,0,1,1,0,0,0,0,0,1,0,1,0,1,1,0,0,0,1,0,soccer_cif.y4m,674.76,674.188,2.924273,0.009463,0.0,28
1,1,0,0,1,0,0,0,0,0,0,0,1,1,0,1,1,0,1,0,1,1,1,0,0,0,0,0,0,1,1,0,0,0,0,0,0,0,soccer_cif.y4m,110.83,110.912,0.327216,0.007851,0.0,139
1,1,0,0,0,0,0,0,0,0,1,0,1,0,1,1,1,0,1,1,0,1,0,0,0,0,1,0,0,1,1,0,1,0,1,0,0,0,soccer_cif.y4m,1.39,1.396,0.027019,0.008125,0.0,152
1,1,0,1,0,0,0,0,0,0,0,0,1,0,1,1,0,0,1,1,0,1,0,0,0,0,0,1,0,1,1,0,1,0,0,0,1,0,soccer_cif.y4m,105.26,105.274,0.238286,0.0136,0.0,12
1,1,0,0,0,0,1,0,0,0,0,0,1,0,1,1,0,1,1,1,0,1,0,0,0,0,0,1,0,1,1,0,0,0,0,0,0,0,soccer_cif.y4m,1.6,1.552,0.088713,0.008125,0.0,369
1,1,0,0,0,0,0,0,0,0,0,1,1,1,0,1,1,0,1,0,1,1,0,0,0,0,0,1,0,1,0,1,1,0,0,0,0,1,soccer_cif.y4m,35.13,35.13,0.05,0.008965,0.0,58
1,1,0,0,0,0,0,0,1,0,0,0,1,1,0,1,1,0,1,1,0,1,1,0,0,0,0,0,0,1,1,0,0,0,0,0,0,0,soccer_cif.y4m,41.65,41.492,0.544995,0.012953,0.0,64
1,1,0,0,0,0,0,0,1,0,0,0,1,1,0,1,1,0,1,1,0,1,0,0,1,0,0,0,0,1,1,0,1,1,0,0,0,0,soccer_cif.y4m,27.52,27.522,0.013038,0.008378,0.0,21
1,1,0,0,0,1,0,0,0,0,0,0,1,0,1,1,1,1,1,0,1,1,0,0,1,0,0,0,0,1,1,0,1,0,0,0,0,1,soccer_cif.y4m,100.82,100.63,0.556642,0.008707,0.0,225
1,1,0,0,0,0,1,0,0,0,0,0,1,0,1,1,1,0,1,1,0,1,0,0,0,0,0,1,0,1,1,0,1,0,0,0,1,0,soccer_cif.y4m,118.65,118.664,0.5503,0.007858,0.0,366
1,1,0,0,0,0,0,1,0,0,0,0,1,0,1,1,1,1,1,0,1,1,0,0,1,0,0,0,0,1,0,1,1,0,0,0,0,1,students_cif.y4m,8.87,8.868,0.025884,0.001986,0.0,114
1,1,0,0,1,0,0,0,0,0,0,0,1,1,0,1,1,1,1,0,1,1,0,0,1,0,0,0,0,1,1,0,1,0,1,0,0,0,students_cif.y4m,5.74,5.742,0.014832,0.001747,0.0,281
1,1,0,0,0,1,0,0,0,0,0,0,1,0,1,1,1,0,1,1,0,1,0,0,0,0,0,0,1,1,1,0,1,0,0,1,0,0,students_cif.y4m,12.72,12.7,0.069642,0.001944,0.0,325
1,1,1,0,0,0,0,0,0,0,0,0,1,1,0,1,1,0,1,1,0,1,0,0,0,0,1,0,0,1,1,0,1,1,0,0,0,0,students_cif.y4m,11.62,11.618,0.054498,0.002457,0.0,181
1,1,0,0,0,0,0,0,1,0,0,0,1,1,0,1,1,0,1,0,1,1,0,0,1,0,0,0,0,1,1,0,1,0,0,0,0,1,students_cif.y4m,241.22,241.838,2.527701,0.002209,0.0,247
1,1,0,0,0,0,0,0,0,0,1,0,1,1,0,1,1,0,1,1,0,1,0,0,0,0,1,0,0,1,1,0,1,0,0,0,0,1,students_cif.y4m,293.98,294.008,0.359889,0.003053,0.0,166
1,1,0,0,0,0,0,0,1,0,0,0,1,1,0,1,1,0,1,0,1,1,0,0,1,0,0,0,0,1,1,0,1,0,0,0,1,0,students_cif.y4m,17.71,17.632,0.20315,0.002512,0.0,25
1,1,0,0,0,0,0,1,0,0,0,0,1,0,1,1,0,0,1,1,0,1,0,1,0,0,0,0,0,1,0,1,0,0,0,0,0,0,students_cif.y4m,24.49,24.508,0.066106,0.003385,0.0,355
1,1,0,0,1,0,0,0,0,0,0,0,1,1,0,1,0,0,1,1,0,1,1,0,0,0,0,0,0,1,1,0,1,0,0,0,0,1,students_cif.y4m,2.87,2.882,0.021679,0.00192,0.0,219
1,1,0,0,0,1,0,0,0,0,0,0,1,1,0,1,1,0,1,1,0,1,0,0,0,0,1,0,0,1,1,0,1,1,0,0,0,0,students_cif.y4m,24.64,24.688,0.333871,0.003385,0.0,182
1,1,0,1,0,0,0,0,0,0,0,0,1,0,1,1,0,1,1,1,0,1,0,0,0,0,0,1,0,1,1,0,1,1,0,0,0,0,students_cif.y4m,8.23,8.24,0.029155,0.002542,0.0,10
1,1,0,0,1,0,0,0,0,0,0,0,1,1,0,1,1,0,1,0,1,1,0,0,1,0,0,0,0,1,0,1,1,0,0,0,0,1,students_cif.y4m,78.55,78.588,0.095237,0.002636,0.0,116
1,1,0,0,0,1,0,0,0,0,0,0,1,1,0,1,1,1,1,0,1,1,0,0,0,0,0,1,0,1,0,1,1,1,0,0,0,0,students_cif.y4m,14.67,14.694,0.047223,0.001918,0.0,266
1,1,0,0,0,0,0,0,1,0,0,0,1,1,0,1,0,0,1,0,1,1,0,0,1,0,0,0,0,1,1,0,1,0,0,1,0,0,students_cif.y4m,56.32,56.32,0.031623,0.00399,0.0,313
1,1,0,0,0,0,0,1,0,0,0,0,1,0,1,1,0,0,1,1,0,1,0,0,0,0,0,0,1,1,0,1,0,0,0,0,0,0,students_cif.y4m,34.77,34.7,0.336675,0.004293,0.0,357
1,1,0,0,0,1,0,0,0,0,0,0,1,0,1,1,0,1,1,0,1,1,1,0,0,0,0,0,0,1,1,0,1,1,0,0,0,0,students_cif.y4m,4.76,4.76,0.01,0.003977,0.0,187
1,1,0,0,0,0,0,0,1,0,0,0,1,1,0,1,1,1,1,0,1,1,0,0,1,0,0,0,0,1,1,0,1,1,0,0,0,0,students_cif.y4m,625.47,625.446,0.151921,0.003028,0.0,23
1,1,0,0,1,0,0,0,0,0,0,0,1,1,0,1,1,0,1,1,0,1,0,1,0,0,0,0,0,1,0,1,0,0,0,0,0,0,students_cif.y4m,82.85,82.9,0.296564,0.00274,0.0,2
1,1,0,0,0,0,0,0,0,0,0,1,1,1,0,1,1,0,1,0,1,1,0,0,0,0,0,1,0,1,1,0,1,1,0,0,0,0,students_cif.y4m,263.61,263.218,1.67065,0.00249,0.0,301
1,1,0,0,0,0,0,1,0,0,0,0,1,0,1,1,0,1,1,1,0,1,0,1,0,0,0,0,0,1,0,1,0,0,0,0,0,0,students_cif.y4m,308.46,301.91,10.526704,0.003776,0.0,356
1,1,0,0,0,0,0,0,0,0,1,0,1,1,0,1,0,1,1,0,1,1,0,0,0,0,0,1,0,1,0,1,1,1,0,0,0,0,students_cif.y4m,29.77,29.782,0.038987,0.003229,0.0,269
1,1,0,0,0,0,0,0,0,0,1,0,1,0,1,1,0,1,1,1,0,1,0,0,1,0,0,0,0,1,0,1,1,0,0,0,1,0,students_cif.y4m,24.33,24.428,0.261668,0.004376,0.0,274
1,1,0,0,0,0,0,0,0,0,1,0,1,0,1,1,0,1,1,1,0,1,0,0,0,1,0,0,0,1,1,0,1,1,0,0,0,0,students_cif.y4m,14.75,14.77,0.073824,0.003479,0.0,307
1,1,0,0,1,0,0,0,0,0,0,0,1,0,1,1,0,1,1,1,0,1,0,0,1,0,0,0,0,1,0,1,1,1,0,0,0,0,students_cif.y4m,44.84,44.826,0.042778,0.002618,0.0,254
1,1,0,0,0,0,0,0,0,0,1,0,1,0,1,1,0,1,1,0,1,1,0,1,0,0,0,0,0,1,0,1,0,0,0,0,0,0,students_cif.y4m,3.44,3.442,0.016432,0.002039,0.0,208
1,1,0,0,1,0,0,0,0,0,0,0,1,1,0,1,1,1,1,1,0,1,0,0,1,0,0,0,0,1,0,1,1,0,1,0,0,0,students_cif.y4m,4.45,4.472,0.040866,0.004746,0.0,279
1,1,0,0,0,0,0,1,0,0,0,0,1,1,0,1,1,1,1,1,0,1,0,1,0,0,0,0,0,1,0,1,1,0,0,0,1,0,students_cif.y4m,14.62,14.616,0.026077,0.002317,0.0,171
1,1,0,0,0,0,0,0,0,1,0,0,1,1,0,1,0,1,1,0,1,1,0,0,0,0,0,1,0,1,0,1,1,0,0,0,1,0,students_cif.y4m,56.22,56.238,0.049193,0.00399,0.0,99
1,1,1,0,0,0,0,0,0,0,0,0,1,0,1,1,1,1,1,1,0,1,0,1,0,0,0,0,0,1,1,0,1,0,1,0,0,0,students_cif.y4m,19.35,19.372,0.074967,0.002185,0.0,81
1,1,0,0,0,0,0,0,0,0,1,0,1,0,1,1,1,1,1,0,1,1,0,0,1,0,0,0,0,1,1,0,1,0,1,0,0,0,students_cif.y4m,5.58,5.626,0.140107,0.002605,0.0,155
1,1,0,0,0,1,0,0,0,0,0,0,1,1,0,1,0,1,1,1,0,1,1,0,0,0,0,0,0,1,1,0,1,1,0,0,0,0,students_cif.y4m,11.0,11.024,0.220862,0.003479,0.0,185
1,1,0,0,1,0,0,0,0,0,0,0,1,1,0,1,0,0,1,0,1,1,0,0,0,0,0,1,0,1,0,1,0,0,0,0,0,0,students_cif.y4m,6.51,6.514,0.032094,0.00225,0.0,376
1,1,0,0,0,0,0,0,1,0,0,0,1,1,0,1,0,1,1,0,1,1,0,1,0,0,0,0,0,1,1,0,0,0,0,0,0,0,students_cif.y4m,2.5,2.504,0.011402,0.002265,0.0,204
1,1,0,0,0,0,0,0,1,0,0,0,1,1,0,1,1,0,1,0,1,1,0,0,0,0,1,0,0,1,1,0,1,0,0,0,0,1,students_cif.y4m,129.31,129.302,0.238265,0.002841,0.0,246
1,1,0,0,0,0,0,1,0,0,0,0,1,1,0,1,1,1,1,0,1,1,0,0,1,0,0,0,0,1,0,1,0,0,0,0,0,0,students_cif.y4m,90.1,90.046,0.181466,0.002287,0.0,230
1,1,0,0,0,0,0,0,1,0,0,0,1,0,1,1,1,0,1,0,1,1,0,0,0,0,0,1,0,1,1,0,1,0,0,0,1,0,students_cif.y4m,141.36,141.374,0.237339,0.004758,0.0,27
1,1,0,1,0,0,0,0,0,0,0,0,1,1,0,1,1,1,1,0,1,1,1,0,0,0,0,0,0,1,1,0,0,0,0,0,0,0,students_cif.y4m,8.12,8.12,0.031623,0.00179,0.0,137
1,1,0,0,0,0,0,0,0,0,1,0,1,1,0,1,1,1,1,1,0,1,0,0,0,0,1,0,0,1,0,1,1,0,0,0,1,0,students_cif.y4m,11.47,11.472,0.060581,0.003741,0.0,169
1,1,0,0,0,0,0,0,0,0,1,0,1,0,1,1,0,1,1,0,1,1,1,0,0,0,0,0,0,1,0,1,1,0,0,0,0,1,students_cif.y4m,178.67,178.644,0.110136,0.002327,0.0,33
1,1,0,0,0,0,0,0,1,0,0,0,1,0,1,1,0,1,1,0,1,1,0,1,0,0,0,0,0,1,1,0,0,0,0,0,0,0,students_cif.y4m,59.18,58.996,0.409793,0.004584,0.0,205
1,1,0,0,0,0,0,0,0,0,1,0,1,1,0,1,1,0,1,0,1,1,0,0,0,0,1,0,0,1,1,0,1,0,0,0,0,1,students_cif.y4m,16.47,16.476,0.038471,0.002195,0.0,245
1,1,1,0,0,0,0,0,0,0,0,0,1,1,0,1,0,0,1,1,0,1,0,0,1,0,0,0,0,1,1,0,1,0,0,0,0,1,students_cif.y4m,11.18,11.154,0.048785,0.002279,0.0,163
1,1,0,0,1,0,0,0,0,0,0,0,1,1,0,1,1,0,1,1,0,1,1,0,0,0,0,0,0,1,0,1,1,1,0,0,0,0,students_cif.y4m,6.48,6.496,0.067305,0.00225,0.0,4
1,1,0,0,1,0,0,0,0,0,0,0,1,1,0,1,0,0,1,0,1,1,1,0,0,0,0,0,0,1,1,0,1,0,0,0,1,0,students_cif.y4m,5.98,5.986,0.08792,0.004746,0.0,141
1,1,1,0,0,0,0,0,0,0,0,0,1,1,0,1,1,1,1,0,1,1,0,0,1,0,0,0,0,1,1,0,1,1,0,0,0,0,students_cif.y4m,263.34,263.678,0.838194,0.003011,0.0,159
1,1,0,0,0,0,0,0,1,0,0,0,1,1,0,1,0,1,1,0,1,1,0,0,1,0,0,0,0,1,0,1,1,0,0,0,0,1,students_cif.y4m,26.39,26.406,0.075697,0.003869,0.0,336
1,1,0,0,0,1,0,0,0,0,0,0,1,1,0,1,0,0,1,0,1,1,0,0,0,0,0,0,1,1,1,0,1,0,0,0,1,0,students_cif.y4m,75.92,76.88,1.722469,0.002175,0.0,72
1,1,0,0,0,0,0,0,1,0,0,0,1,1,0,1,1,0,1,1,0,1,0,0,1,0,0,0,0,1,1,0,1,0,0,0,0,1,students_cif.y4m,12.38,12.392,0.039623,0.002326,0.0,248
1,1,0,1,0,0,0,0,0,0,0,0,1,0,1,1,1,1,1,1,0,1,0,0,0,0,0,1,0,1,0,1,1,0,0,0,0,1,students_cif.y4m,265.95,263.796,9.893441,0.002713,0.0,130
1,1,0,0,0,1,0,0,0,0,0,0,1,0,1,1,1,1,1,1,0,1,0,0,0,0,0,0,1,1,1,0,0,0,0,0,0,0,students_cif.y4m,197.47,197.536,0.320047,0.003259,0.0,324
1,1,1,0,0,0,0,0,0,0,0,0,1,0,1,1,0,1,1,1,0,1,0,1,0,0,0,0,0,1,0,1,0,0,0,0,0,0,students_cif.y4m,202.21,202.224,0.174299,0.004695,0.0,354
1,1,0,0,0,0,0,0,0,0,1,0,1,0,1,1,0,0,1,1,0,1,0,0,0,1,0,0,0,1,0,1,0,0,0,0,0,0,students_cif.y4m,115.46,115.45,0.232271,0.00257,0.0,291
1,1,0,0,0,0,0,0,0,0,1,0,1,1,0,1,0,0,1,1,0,1,0,1,0,0,0,0,0,1,1,0,1,0,1,0,0,0,students_cif.y4m,4.16,4.174,0.091815,0.002069,0.0,237
1,1,0,0,0,1,0,0,0,0,0,0,1,1,0,1,1,0,1,1,0,1,1,0,0,0,0,0,0,1,1,0,1,1,0,0,0,0,students_cif.y4m,4.97,4.974,0.020736,0.00181,0.0,183
1,1,0,0,0,1,0,0,0,0,0,0,1,0,1,1,1,1,1,0,1,1,0,0,1,0,0,0,0,1,0,1,0,0,0,0,0,0,students_cif.y4m,4.78,4.776,0.035071,0.0022,0.0,227
1,1,0,0,0,0,0,0,1,0,0,0,1,1,0,1,0,1,1,0,1,1,0,0,0,0,0,1,0,1,0,1,0,0,0,0,0,0,students_cif.y4m,13.86,13.844,0.050299,0.002801,0.0,338
1,1,0,0,1,0,0,0,0,0,0,0,1,0,1,1,0,0,1,0,1,1,1,0,0,0,0,0,0,1,1,0,1,0,0,0,1,0,students_cif.y4m,39.9,39.888,0.063008,0.002227,0.0,142
1,1,0,0,1,0,0,0,0,0,0,0,1,1,0,1,1,1,1,0,1,1,0,0,1,0,0,0,0,1,1,0,1,0,0,0,0,1,students_cif.y4m,41.83,41.842,0.081056,0.003229,0.0,332
1,1,0,0,0,0,0,0,0,1,0,0,1,0,1,1,0,0,1,1,0,1,0,0,0,0,1,0,0,1,0,1,1,0,0,0,1,0,students_cif.y4m,261.94,261.638,1.628134,0.002794,0.0,95
1,1,0,0,1,0,0,0,0,0,0,0,1,0,1,1,0,0,1,0,1,1,0,0,0,1,0,0,0,1,0,1,0,0,0,0,0,0,students_cif.y4m,24.65,24.664,0.060249,0.003291,0.0,289
1,1,0,0,1,0,0,0,0,0,0,0,1,1,0,1,0,0,1,0,1,1,0,0,0,0,0,1,0,1,0,1,1,0,0,1,0,0,students_cif.y4m,4.08,4.084,0.041593,0.002069,0.0,378
1,1,0,0,1,0,0,0,0,0,0,0,1,1,0,1,1,1,1,1,0,1,0,0,1,0,0,0,0,1,0,1,1,0,0,0,1,0,students_cif.y4m,81.86,82.142,0.69388,0.002196,0.0,278
1,1,0,0,0,0,0,0,0,0,1,0,1,0,1,1,1,0,1,0,1,1,1,0,0,0,0,0,0,1,0,1,1,0,0,0,1,0,students_cif.y4m,16.85,16.858,0.188069,0.003381,0.0,30
1,1,0,0,1,0,0,0,0,0,0,0,1,1,0,1,0,0,1,0,1,1,0,1,0,0,0,0,0,1,0,1,1,0,0,0,0,1,students_cif.y4m,3.34,3.342,0.008367,0.00243,0.0,120
1,1,0,0,0,1,0,0,0,0,0,0,1,1,0,1,1,1,1,0,1,1,0,0,0,0,0,1,0,1,0,1,0,0,0,0,0,0,students_cif.y4m,5.01,5.026,0.032094,0.002331,0.0,265
1,1,0,0,0,0,0,0,0,0,1,0,1,1,0,1,1,0,1,1,0,1,0,0,0,0,0,1,0,1,0,1,0,0,0,0,0,0,students_cif.y4m,10.43,10.458,0.053572,0.002363,0.0,296
1,1,0,0,0,0,0,1,0,0,0,0,1,1,0,1,1,1,1,1,0,1,0,1,0,0,0,0,0,1,0,1,0,0,0,0,0,0,students_cif.y4m,22.08,22.044,0.089051,0.002716,0.0,232
1,1,0,0,0,0,0,0,0,0,1,0,1,0,1,1,0,0,1,1,0,1,0,0,1,0,0,0,0,1,1,0,1,0,0,1,0,0,students_cif.y4m,17.43,17.426,0.064265,0.00339,0.0,310
1,1,0,0,0,0,0,1,0,0,0,0,1,0,1,1,1,1,1,0,1,1,0,0,0,0,0,1,0,1,0,1,1,0,0,1,0,0,students_cif.y4m,174.75,174.768,0.160686,0.003191,0.0,349
1,1,0,0,1,0,0,0,0,0,0,0,1,1,0,1,0,1,1,0,1,1,0,0,0,0,0,1,0,1,0,1,0,0,0,0,0,0,students_cif.y4m,11.48,11.498,0.069065,0.003395,0.0,377
1,1,0,0,0,0,0,0,0,1,0,0,1,0,1,1,1,1,1,1,0,1,0,0,0,0,1,0,0,1,0,1,1,0,0,0,1,0,students_cif.y4m,253.47,253.298,0.779436,0.002412,0.0,94
1,1,1,0,0,0,0,0,0,0,0,0,1,1,0,1,1,0,1,0,1,1,1,0,0,0,0,0,0,1,0,1,1,1,0,0,0,0,students_cif.y4m,14.84,14.81,0.08,0.003479,0.0,178
1,1,0,0,0,0,0,0,0,0,1,0,1,0,1,1,0,0,1,1,0,1,0,0,0,0,0,1,0,1,0,1,1,0,0,0,0,1,students_cif.y4m,14.2,14.284,0.246739,0.003302,0.0,127
1,1,0,0,0,0,0,1,0,0,0,0,1,0,1,1,1,0,1,0,1,1,0,0,0,1,0,0,0,1,0,1,1,0,0,0,1,0,students_cif.y4m,4.18,4.174,0.024083,0.001907,0.0,111
1,1,1,0,0,0,0,0,0,0,0,0,1,0,1,1,0,1,1,1,0,1,0,1,0,0,0,0,0,1,0,1,1,0,0,1,0,0,students_cif.y4m,10.65,10.644,0.031305,0.00332,0.0,353
1,1,0,0,0,0,1,0,0,0,0,0,1,0,1,1,1,1,1,1,0,1,0,1,0,0,0,0,0,1,1,0,1,0,0,0,1,0,students_cif.y4m,10.6,10.578,0.038987,0.002542,0.0,45
1,1,0,0,0,1,0,0,0,0,0,0,1,0,1,1,1,1,1,0,1,1,0,0,1,0,0,0,0,1,1,0,0,0,0,0,0,0,students_cif.y4m,3.33,3.398,0.157702,0.002163,0.0,226
1,1,0,0,0,0,0,0,0,0,0,1,1,1,0,1,1,0,1,0,1,1,0,0,0,0,0,1,0,1,1,0,1,0,0,0,0,1,students_cif.y4m,13.81,13.836,0.078294,0.002436,0.0,59
1,1,0,0,0,0,0,0,1,0,0,0,1,1,0,1,1,1,1,1,0,1,1,0,0,0,0,0,0,1,0,1,1,1,0,0,0,0,students_cif.y4m,82.49,83.732,2.807191,0.00274,0.0,19
1,1,0,0,0,0,0,0,0,0,0,1,1,1,0,1,0,1,1,0,1,1,0,0,0,1,0,0,0,1,1,0,1,1,0,0,0,0,students_cif.y4m,43.22,43.184,0.082644,0.002249,0.0,304
1,1,0,0,0,0,0,0,1,0,0,0,1,0,1,1,0,1,1,0,1,1,0,1,0,0,0,0,0,1,0,1,0,0,0,0,0,0,students_cif.y4m,12.6,12.586,0.052726,0.002326,0.0,207
1,1,0,0,0,0,1,0,0,0,0,0,1,1,0,1,1,1,1,1,0,1,0,1,0,0,0,0,0,1,1,0,0,0,0,0,0,0,students_cif.y4m,259.86,259.048,4.330141,0.00277,0.0,43
1,1,0,0,0,0,1,0,0,0,0,0,1,1,0,1,1,0,1,1,0,1,1,0,0,0,0,0,0,1,1,0,1,0,0,0,0,1,students_cif.y4m,5.0,4.998,0.034928,0.002162,0.0,40
1,1,0,0,0,1,0,0,0,0,0,0,1,0,1,1,0,1,1,1,0,1,1,0,0,0,0,0,0,1,1,0,1,1,0,0,0,0,students_cif.y4m,213.22,213.184,0.158524,0.003247,0.0,186
1,1,0,0,1,0,0,0,0,0,0,0,1,0,1,1,0,0,1,0,1,1,0,0,0,1,0,0,0,1,0,1,1,0,0,0,0,1,students_cif.y4m,6.85,6.836,0.046152,0.002392,0.0,288
1,1,1,0,0,0,0,0,0,0,0,0,1,1,0,1,1,0,1,1,0,1,0,1,0,0,0,0,0,1,1,0,1,0,1,0,0,0,students_cif.y4m,11.5,11.498,0.034928,0.002457,0.0,82
1,1,0,0,0,0,0,0,0,0,1,0,1,0,1,1,1,1,1,0,1,1,0,0,0,1,0,0,0,1,0,1,0,0,0,0,0,0,students_cif.y4m,8.24,8.242,0.019235,0.00199,0.0,211
1,1,0,0,1,0,0,0,0,0,0,0,1,0,1,1,1,1,1,0,1,1,0,0,0,0,0,1,0,1,1,0,1,0,0,1,0,0,students_cif.y4m,130.86,130.582,0.636805,0.002841,0.0,347
1,1,0,1,0,0,0,0,0,0,0,0,1,0,1,1,0,0,1,1,0,1,1,0,0,0,0,0,0,1,1,0,1,0,0,0,1,0,students_cif.y4m,21.6,21.574,0.10015,0.002517,0.0,13
1,1,0,0,0,0,0,1,0,0,0,0,1,0,1,1,1,1,1,0,1,1,0,0,1,0,0,0,0,1,0,1,0,0,0,0,0,0,students_cif.y4m,709.89,709.84,0.256807,0.002779,0.0,228
1,1,0,0,0,0,0,0,0,1,0,0,1,1,0,1,0,1,1,0,1,1,0,0,1,0,0,0,0,1,0,1,1,0,0,0,0,1,students_cif.y4m,14.77,14.774,0.043932,0.002317,0.0,335
1,1,0,0,0,0,0,0,1,0,0,0,1,1,0,1,1,0,1,0,1,1,0,0,1,0,0,0,0,1,1,0,1,1,0,0,0,0,students_cif.y4m,45.82,45.966,0.289966,0.003207,0.0,24
1,1,1,0,0,0,0,0,0,0,0,0,1,0,1,1,0,1,1,0,1,1,0,1,0,0,0,0,0,1,0,1,1,0,0,1,0,0,students_cif.y4m,301.84,301.9,0.520817,0.004625,0.0,352
1,1,0,0,0,0,1,0,0,0,0,0,1,0,1,1,0,0,1,1,0,1,0,0,0,0,0,1,0,1,1,0,0,0,0,0,0,0,students_cif.y4m,9.01,9.02,0.031623,0.002028,0.0,368
1,1,1,0,0,0,0,0,0,0,0,0,1,0,1,1,1,1,1,1,0,1,0,1,0,0,0,0,0,1,1,0,0,0,0,0,0,0,students_cif.y4m,3.87,3.874,0.011402,0.00247,0.0,80
1,1,0,0,1,0,0,0,0,0,0,0,1,1,0,1,0,0,1,0,1,1,0,1,0,0,0,0,0,1,0,1,0,0,0,0,0,0,students_cif.y4m,46.52,46.516,0.088769,0.002815,0.0,121
1,1,0,0,0,0,0,0,0,0,1,0,1,0,1,1,1,1,1,0,1,1,0,0,1,0,0,0,0,1,1,0,1,1,0,0,0,0,students_cif.y4m,6.97,6.962,0.021679,0.00179,0.0,156
1,1,0,1,0,0,0,0,0,0,0,0,1,0,1,1,1,1,1,1,0,1,0,0,0,0,0,1,0,1,1,0,1,1,0,0,0,0,students_cif.y4m,2.3,2.298,0.010954,0.001937,0.0,9
1,1,0,0,0,0,0,0,0,0,1,0,1,1,0,1,0,0,1,1,0,1,0,0,0,0,1,0,0,1,1,0,1,0,0,0,0,1,students_cif.y4m,15.5,15.516,0.083546,0.002195,0.0,165
1,1,0,0,0,0,0,0,0,0,1,0,1,0,1,1,0,0,1,1,0,1,0,1,0,0,0,0,0,1,0,1,1,0,0,0,0,1,students_cif.y4m,10.72,10.72,0.057879,0.001922,0.0,126
1,1,0,0,1,0,0,0,0,0,0,0,1,1,0,1,1,1,1,0,1,1,0,0,1,0,0,0,0,1,0,1,1,0,1,0,0,0,students_cif.y4m,3.87,3.874,0.016733,0.00247,0.0,280
1,1,0,0,0,0,0,1,0,0,0,0,1,0,1,1,1,1,1,1,0,1,0,1,0,0,0,0,0,1,0,1,1,0,0,0,1,0,students_cif.y4m,3.58,3.528,0.127554,0.004427,0.0,172
1,1,0,0,0,0,0,0,0,0,1,0,1,0,1,1,0,1,1,1,0,1,0,0,0,1,0,0,0,1,0,1,0,0,0,0,0,0,students_cif.y4m,16.95,16.968,0.093915,0.003463,0.0,292
1,1,0,0,0,0,0,0,0,0,1,0,1,1,0,1,1,1,1,0,1,1,0,0,0,0,0,1,0,1,1,0,0,0,0,0,0,0,students_cif.y4m,29.86,29.872,0.054037,0.002638,0.0,105
1,1,0,0,0,1,0,0,0,0,0,0,1,0,1,1,1,1,1,0,1,1,0,0,0,0,0,0,1,1,1,0,1,0,1,0,0,0,students_cif.y4m,32.04,32.084,0.149933,0.003292,0.0,76
1,1,0,0,0,1,0,0,0,0,0,0,1,0,1,1,0,0,1,1,0,1,1,0,0,0,0,0,0,1,1,0,1,0,0,0,0,1,students_cif.y4m,135.59,135.596,0.299883,0.002634,0.0,221
1,1,0,0,0,0,0,0,0,0,1,0,1,1,0,1,1,0,1,1,0,1,0,0,0,0,1,0,0,1,0,1,1,0,0,0,0,1,students_cif.y4m,74.89,74.898,0.0249,0.003152,0.0,167
1,1,0,0,0,0,0,0,0,0,1,0,1,0,1,1,0,1,1,0,1,1,1,0,0,0,0,0,0,1,1,0,1,0,0,0,0,1,students_cif.y4m,438.06,438.31,0.717321,0.002632,0.0,35
1,1,0,0,1,0,0,0,0,0,0,0,1,1,0,1,0,0,1,1,0,1,0,1,0,0,0,0,0,1,0,1,1,0,1,0,0,0,students_cif.y4m,5.93,5.926,0.027019,0.001865,0.0,235
1,1,0,0,0,0,0,0,0,1,0,0,1,1,0,1,1,1,1,0,1,1,0,0,1,0,0,0,0,1,0,1,1,0,0,0,0,1,students_cif.y4m,23.78,23.778,0.0614,0.003301,0.0,333
1,1,0,0,0,0,1,0,0,0,0,0,1,0,1,1,1,1,1,1,0,1,0,1,0,0,0,0,0,1,1,0,0,0,0,0,0,0,students_cif.y4m,127.38,127.17,0.4676,0.00268,0.0,44
1,1,0,0,1,0,0,0,0,0,0,0,1,0,1,1,0,1,1,1,0,1,0,1,0,0,0,0,0,1,0,1,1,1,0,0,0,0,students_cif.y4m,225.07,225.024,0.24079,0.002425,0.0,256
1,1,0,0,0,0,0,1,0,0,0,0,1,0,1,1,1,0,1,0,1,1,0,1,0,0,0,0,0,1,0,1,1,0,0,0,0,1,students_cif.y4m,1309.43,1309.302,0.971221,0.00334,0.0,192
1,1,0,0,0,0,1,0,0,0,0,0,1,1,0,1,1,1,1,1,0,1,1,0,0,0,0,0,0,1,1,0,1,0,0,0,0,1,students_cif.y4m,29.15,29.136,0.033615,0.002294,0.0,41
1,1,0,0,0,0,0,0,0,0,1,0,1,0,1,1,0,1,1,1,0,1,0,0,0,0,0,1,0,1,0,1,1,0,0,0,1,0,students_cif.y4m,166.3,165.952,0.775835,0.00377,0.0,273
1,1,0,0,0,0,0,0,0,0,1,0,1,1,0,1,0,1,1,0,1,1,0,0,0,0,0,1,0,1,0,1,0,0,0,0,0,0,students_cif.y4m,166.54,166.262,0.626115,0.003855,0.0,101
1,1,0,0,0,0,0,0,0,0,1,0,1,0,1,1,1,1,1,0,1,1,0,0,0,0,1,0,0,1,1,0,1,0,1,0,0,0,students_cif.y4m,76.12,76.17,0.123895,0.002636,0.0,242
1,1,0,0,0,0,0,0,0,0,1,0,1,1,0,1,0,1,1,0,1,1,0,0,0,0,0,1,0,1,1,0,0,0,0,0,0,0,students_cif.y4m,24.95,24.916,0.082037,0.004376,0.0,103
1,1,1,0,0,0,0,0,0,0,0,0,1,1,0,1,1,0,1,1,0,1,0,1,0,0,0,0,0,1,0,1,0,0,0,0,0,0,students_cif.y4m,139.3,139.304,0.373805,0.00249,0.0,1
1,1,0,0,0,0,0,1,0,0,0,0,1,1,0,1,0,0,1,0,1,1,0,0,0,0,0,1,0,1,0,1,1,0,0,0,0,1,students_cif.y4m,10.95,10.974,0.380237,0.00332,0.0,56
1,1,0,0,1,0,0,0,0,0,0,0,1,0,1,1,0,0,1,0,1,1,0,0,0,0,0,0,1,1,0,1,0,0,0,0,0,0,students_cif.y4m,29.44,29.452,0.075631,0.002638,0.0,373
1,1,0,0,0,0,0,0,1,0,0,0,1,1,0,1,1,1,1,0,1,1,0,1,0,0,0,0,0,1,0,1,1,0,1,0,0,0,students_cif.y4m,195.16,195.312,0.747041,0.002615,0.0,318
1,1,0,0,0,1,0,0,0,0,0,0,1,1,0,1,0,0,1,1,0,1,0,0,0,0,1,0,0,1,1,0,0,0,0,0,0,0,students_cif.y4m,459.8,460.038,0.645577,0.003065,0.0,69
1,1,0,1,0,0,0,0,0,0,0,0,1,0,1,1,0,0,1,1,0,1,0,0,0,0,0,1,0,1,1,0,1,1,0,0,0,0,students_cif.y4m,10.51,10.548,0.102567,0.003378,0.0,11
1,1,0,0,1,0,0,0,0,0,0,0,1,0,1,1,0,0,1,1,0,1,0,1,0,0,0,0,0,1,0,1,1,0,0,1,0,0,students_cif.y4m,12.54,12.55,0.062048,0.002797,0.0,258
1,1,0,0,0,0,0,0,0,0,1,0,1,0,1,1,0,0,1,1,0,1,0,1,0,0,0,0,0,1,1,0,1,0,1,0,0,0,students_cif.y4m,736.55,736.686,0.849459,0.003406,0.0,238
1,1,0,0,0,0,0,1,0,0,0,0,1,0,1,1,1,0,1,1,0,1,1,0,0,0,0,0,0,1,0,1,1,0,0,0,1,0,students_cif.y4m,683.3,682.99,1.114338,0.002993,0.0,173
1,1,0,0,0,0,0,1,0,0,0,0,1,0,1,1,0,1,1,0,1,1,0,1,0,0,0,0,0,1,0,1,1,1,0,0,0,0,students_cif.y4m,477.29,478.628,1.954129,0.002351,0.0,190
1,1,0,1,0,0,0,0,0,0,0,0,1,0,1,1,1,0,1,1,0,1,0,0,0,0,0,1,0,1,0,1,1,1,0,0,0,0,students_cif.y4m,127.44,127.116,1.146922,0.002276,0.0,7
1,1,0,0,0,1,0,0,0,0,0,0,1,0,1,1,1,1,1,0,1,1,0,0,0,0,0,0,1,1,1,0,0,0,0,0,0,0,students_cif.y4m,4.41,4.424,0.071274,0.002039,0.0,323
1,1,0,0,0,1,0,0,0,0,0,0,1,0,1,1,0,0,1,0,1,1,0,0,0,0,0,0,1,1,1,0,1,0,0,0,1,0,students_cif.y4m,262.29,262.626,3.148258,0.002349,0.0,73
1,1,0,0,0,0,0,0,0,0,1,0,1,0,1,1,1,0,1,0,1,1,0,1,0,0,0,0,0,1,0,1,0,0,0,0,0,0,students_cif.y4m,253.95,254.644,1.260904,0.00277,0.0,209
1,1,0,1,0,0,0,0,0,0,0,0,1,1,0,1,1,0,1,0,1,1,1,0,0,0,0,0,0,1,1,0,0,0,0,0,0,0,students_cif.y4m,11.48,11.468,0.055408,0.00227,0.0,138
1,1,0,0,0,1,0,0,0,0,0,0,1,1,0,1,1,1,1,1,0,1,0,0,0,0,0,1,0,1,0,1,0,0,0,0,0,0,students_cif.y4m,176.21,176.23,0.164469,0.00321,0.0,264
1,1,0,0,0,0,0,0,0,1,0,0,1,0,1,1,0,1,1,0,1,1,0,0,0,0,0,1,0,1,0,1,1,0,0,0,1,0,students_cif.y4m,473.55,473.394,0.511204,0.003065,0.0,98
1,1,0,0,0,0,0,0,0,0,1,0,1,1,0,1,0,0,1,0,1,1,0,0,0,0,0,1,0,1,1,0,1,0,0,1,0,0,students_cif.y4m,8.29,8.246,0.115022,0.002029,0.0,380
1,1,0,0,1,0,0,0,0,0,0,0,1,1,0,1,1,1,1,1,0,1,0,1,0,0,0,0,0,1,1,0,1,0,1,0,0,0,students_cif.y4m,289.68,289.85,1.080995,0.003691,0.0,85
1,1,0,0,0,0,0,0,0,0,1,0,1,0,1,1,0,0,1,0,1,1,1,0,0,0,0,0,0,1,0,1,1,0,0,0,1,0,students_cif.y4m,132.51,132.448,0.159123,0.002894,0.0,31
1,1,0,1,0,0,0,0,0,0,0,0,1,0,1,1,1,0,1,1,0,1,0,0,0,0,0,1,0,1,1,0,1,1,0,0,0,0,students_cif.y4m,5.72,5.712,0.010954,0.002162,0.0,8
1,1,0,0,1,0,0,0,0,0,0,0,1,1,0,1,1,1,1,1,0,1,1,0,0,0,0,0,0,1,0,1,1,1,0,0,0,0,students_cif.y4m,14.99,14.968,0.056745,0.002801,0.0,216
1,1,0,0,1,0,0,0,0,0,0,0,1,1,0,1,1,1,1,0,1,1,0,0,0,1,0,0,0,1,0,1,1,1,0,0,0,0,students_cif.y4m,2.77,2.762,0.043243,0.00243,0.0,214
1,1,0,0,0,0,0,0,1,0,0,0,1,1,0,1,0,0,1,1,0,1,0,0,0,0,0,1,0,1,1,0,0,0,0,0,0,0,students_cif.y4m,16.14,16.134,0.057706,0.001956,0.0,341
1,1,0,0,1,0,0,0,0,0,0,0,1,1,0,1,0,0,1,1,0,1,0,1,0,0,0,0,0,1,1,0,1,0,1,0,0,0,students_cif.y4m,9.76,9.758,0.057619,0.00349,0.0,236
1,1,0,0,0,0,0,0,0,0,1,0,1,0,1,1,0,0,1,0,1,1,0,0,0,0,1,0,0,1,1,0,1,0,1,0,0,0,students_cif.y4m,25.33,25.31,0.080932,0.003595,0.0,240
1,1,0,0,0,0,0,1,0,0,0,0,1,0,1,1,0,0,1,0,1,1,0,0,0,1,0,0,0,1,0,1,1,0,0,0,1,0,students_cif.y4m,27.79,27.586,0.407222,0.004376,0.0,51
1,1,1,0,0,0,0,0,0,0,0,0,1,0,1,1,1,1,1,0,1,1,0,0,0,0,0,0,1,1,1,0,1,0,1,0,0,0,students_cif.y4m,14.0,13.984,0.041593,0.002594,0.0,77
1,1,0,0,0,0,0,0,0,0,1,0,1,0,1,1,1,0,1,1,0,1,0,0,0,0,0,1,0,1,0,1,1,0,0,0,0,1,students_cif.y4m,16.9,16.892,0.052631,0.002711,0.0,128
1,1,0,0,1,0,0,0,0,0,0,0,1,1,0,1,0,0,1,1,0,1,0,1,0,0,0,0,0,1,0,1,0,0,0,0,0,0,students_cif.y4m,113.14,113.146,0.060663,0.00257,0.0,234
1,1,0,0,0,0,0,0,1,0,0,0,1,0,1,1,1,0,1,0,1,1,0,0,0,0,0,1,0,1,0,1,1,0,0,0,1,0,students_cif.y4m,1339.68,1339.812,0.396888,0.00334,0.0,28
1,1,0,0,1,0,0,0,0,0,0,0,1,1,0,1,1,0,1,0,1,1,1,0,0,0,0,0,0,1,1,0,0,0,0,0,0,0,students_cif.y4m,130.69,130.306,0.875974,0.002276,0.0,139
1,1,0,0,0,0,0,0,0,0,1,0,1,0,1,1,1,0,1,1,0,1,0,0,0,0,1,0,0,1,1,0,1,0,1,0,0,0,students_cif.y4m,2.54,2.536,0.015166,0.002265,0.0,152
1,1,0,1,0,0,0,0,0,0,0,0,1,0,1,1,0,0,1,1,0,1,0,0,0,0,0,1,0,1,1,0,1,0,0,0,1,0,students_cif.y4m,195.91,195.81,0.227156,0.004673,0.0,12
1,1,0,0,0,0,1,0,0,0,0,0,1,0,1,1,0,1,1,1,0,1,0,0,0,0,0,1,0,1,1,0,0,0,0,0,0,0,students_cif.y4m,2.51,2.52,0.017321,0.002265,0.0,369
1,1,0,0,0,0,0,0,0,0,0,1,1,1,0,1,1,0,1,0,1,1,0,0,0,0,0,1,0,1,0,1,1,0,0,0,0,1,students_cif.y4m,74.65,74.652,0.038987,0.003152,0.0,58
1,1,0,0,0,0,0,0,1,0,0,0,1,1,0,1,1,0,1,1,0,1,1,0,0,0,0,0,0,1,1,0,0,0,0,0,0,0,students_cif.y4m,57.53,57.486,0.143283,0.00399,0.0,64
1,1,0,0,0,0,0,0,1,0,0,0,1,1,0,1,1,0,1,1,0,1,0,0,1,0,0,0,0,1,1,0,1,1,0,0,0,0,students_cif.y4m,43.29,43.31,0.066332,0.002557,0.0,21
1,1,0,0,0,1,0,0,0,0,0,0,1,0,1,1,1,1,1,0,1,1,0,0,1,0,0,0,0,1,1,0,1,0,0,0,0,1,students_cif.y4m,133.81,133.514,0.88067,0.002841,0.0,225
1,1,0,0,0,0,1,0,0,0,0,0,1,0,1,1,1,0,1,1,0,1,0,0,0,0,0,1,0,1,1,0,1,0,0,0,1,0,students_cif.y4m,188.19,188.334,1.642888,0.00233,0.0,366
1,1,0,0,0,0,0,1,0,0,0,0,1,0,1,1,1,1,1,0,1,1,0,0,1,0,0,0,0,1,0,1,1,0,0,0,0,1,tempete_cif.y4m,3.74,3.758,0.030332,0.006997,0.0,114
1,1,0,0,1,0,0,0,0,0,0,0,1,1,0,1,1,1,1,0,1,1,0,0,1,0,0,0,0,1,1,0,1,0,1,0,0,0,tempete_cif.y4m,3.13,3.128,0.029496,0.00673,0.0,281
1,1,0,0,0,1,0,0,0,0,0,0,1,0,1,1,1,0,1,1,0,1,0,0,0,0,0,0,1,1,1,0,1,0,0,1,0,0,tempete_cif.y4m,5.57,5.568,0.013038,0.006918,0.0,325
1,1,1,0,0,0,0,0,0,0,0,0,1,1,0,1,1,0,1,1,0,1,0,0,0,0,1,0,0,1,1,0,1,1,0,0,0,0,tempete_cif.y4m,5.24,5.254,0.031305,0.010126,0.0,181
1,1,0,0,0,0,0,0,1,0,0,0,1,1,0,1,1,0,1,0,1,1,0,0,1,0,0,0,0,1,1,0,1,0,0,0,0,1,tempete_cif.y4m,101.84,101.952,1.051889,0.007995,0.0,247
1,1,0,0,0,0,0,0,0,0,1,0,1,1,0,1,1,0,1,1,0,1,0,0,0,0,1,0,0,1,1,0,1,0,0,0,0,1,tempete_cif.y4m,128.52,128.48,0.293598,0.008358,0.0,166
1,1,0,0,0,0,0,0,1,0,0,0,1,1,0,1,1,0,1,0,1,1,0,0,1,0,0,0,0,1,1,0,1,0,0,0,1,0,tempete_cif.y4m,8.69,8.71,0.057009,0.011902,0.0,25
1,1,0,0,0,0,0,1,0,0,0,0,1,0,1,1,0,0,1,1,0,1,0,1,0,0,0,0,0,1,0,1,0,0,0,0,0,0,tempete_cif.y4m,9.06,9.098,0.168137,0.008981,0.0,355
1,1,0,0,1,0,0,0,0,0,0,0,1,1,0,1,0,0,1,1,0,1,1,0,0,0,0,0,0,1,1,0,1,0,0,0,0,1,tempete_cif.y4m,1.66,1.662,0.019235,0.011082,0.0,219
1,1,0,0,0,1,0,0,0,0,0,0,1,1,0,1,1,0,1,1,0,1,0,0,0,0,1,0,0,1,1,0,1,1,0,0,0,0,tempete_cif.y4m,9.04,9.086,0.18942,0.008981,0.0,182
1,1,0,1,0,0,0,0,0,0,0,0,1,0,1,1,0,1,1,1,0,1,0,0,0,0,0,1,0,1,1,0,1,1,0,0,0,0,tempete_cif.y4m,3.62,3.624,0.016733,0.010212,0.0,10
1,1,0,0,1,0,0,0,0,0,0,0,1,1,0,1,1,0,1,0,1,1,0,0,1,0,0,0,0,1,0,1,1,0,0,0,0,1,tempete_cif.y4m,36.0,35.968,0.12853,0.01248,0.0,116
1,1,0,0,0,1,0,0,0,0,0,0,1,1,0,1,1,1,1,0,1,1,0,0,0,0,0,1,0,1,0,1,1,1,0,0,0,0,tempete_cif.y4m,6.3,6.32,0.088034,0.006851,0.0,266
1,1,0,0,0,0,0,0,1,0,0,0,1,1,0,1,0,0,1,0,1,1,0,0,1,0,0,0,0,1,1,0,1,0,0,1,0,0,tempete_cif.y4m,25.23,25.244,0.097108,0.01495,0.0,313
1,1,0,0,0,0,0,1,0,0,0,0,1,0,1,1,0,0,1,1,0,1,0,0,0,0,0,0,1,1,0,1,0,0,0,0,0,0,tempete_cif.y4m,11.62,11.582,0.066483,0.014367,0.0,357
1,1,0,0,0,1,0,0,0,0,0,0,1,0,1,1,0,1,1,0,1,1,1,0,0,0,0,0,0,1,1,0,1,1,0,0,0,0,tempete_cif.y4m,2.18,2.176,0.011402,0.013995,0.0,187
1,1,0,0,0,0,0,0,1,0,0,0,1,1,0,1,1,1,1,0,1,1,0,0,1,0,0,0,0,1,1,0,1,1,0,0,0,0,tempete_cif.y4m,302.45,302.434,0.085615,0.008272,0.0,23
1,1,0,0,1,0,0,0,0,0,0,0,1,1,0,1,1,0,1,1,0,1,0,1,0,0,0,0,0,1,0,1,0,0,0,0,0,0,tempete_cif.y4m,37.83,37.822,0.082885,0.011627,0.0,2
1,1,0,0,0,0,0,0,0,0,0,1,1,1,0,1,1,0,1,0,1,1,0,0,0,0,0,1,0,1,1,0,1,1,0,0,0,0,tempete_cif.y4m,112.99,113.026,0.319734,0.008571,0.0,301
1,1,0,0,0,0,0,1,0,0,0,0,1,0,1,1,0,1,1,1,0,1,0,1,0,0,0,0,0,1,0,1,0,0,0,0,0,0,tempete_cif.y4m,144.34,146.018,2.841385,0.015005,0.0,356
1,1,0,0,0,0,0,0,0,0,1,0,1,1,0,1,0,1,1,0,1,1,0,0,0,0,0,1,0,1,0,1,1,1,0,0,0,0,tempete_cif.y4m,11.99,11.994,0.011402,0.00875,0.0,269
1,1,0,0,0,0,0,0,0,0,1,0,1,0,1,1,0,1,1,1,0,1,0,0,1,0,0,0,0,1,0,1,1,0,0,0,1,0,tempete_cif.y4m,7.99,7.996,0.024083,0.014437,0.0,274
1,1,0,0,0,0,0,0,0,0,1,0,1,0,1,1,0,1,1,1,0,1,0,0,0,1,0,0,0,1,1,0,1,1,0,0,0,0,tempete_cif.y4m,6.58,6.582,0.026833,0.012702,0.0,307
1,1,0,0,1,0,0,0,0,0,0,0,1,0,1,1,0,1,1,1,0,1,0,0,1,0,0,0,0,1,0,1,1,1,0,0,0,0,tempete_cif.y4m,21.49,21.488,0.034928,0.012703,0.0,254
1,1,0,0,0,0,0,0,0,0,1,0,1,0,1,1,0,1,1,0,1,1,0,1,0,0,0,0,0,1,0,1,0,0,0,0,0,0,tempete_cif.y4m,1.5,1.504,0.011402,0.011201,0.0,208
1,1,0,0,1,0,0,0,0,0,0,0,1,1,0,1,1,1,1,1,0,1,0,0,1,0,0,0,0,1,0,1,1,0,1,0,0,0,tempete_cif.y4m,1.87,1.87,0.021213,0.016698,0.0,279
1,1,0,0,0,0,0,1,0,0,0,0,1,1,0,1,1,1,1,1,0,1,0,1,0,0,0,0,0,1,0,1,1,0,0,0,1,0,tempete_cif.y4m,5.75,5.752,0.021679,0.008085,0.0,171
1,1,0,0,0,0,0,0,0,1,0,0,1,1,0,1,0,1,1,0,1,1,0,0,0,0,0,1,0,1,0,1,1,0,0,0,1,0,tempete_cif.y4m,26.35,26.32,0.073824,0.01495,0.0,99
1,1,1,0,0,0,0,0,0,0,0,0,1,0,1,1,1,1,1,1,0,1,0,1,0,0,0,0,0,1,1,0,1,0,1,0,0,0,tempete_cif.y4m,7.79,7.776,0.032094,0.007958,0.0,81
1,1,0,0,0,0,0,0,0,0,1,0,1,0,1,1,1,1,1,0,1,1,0,0,1,0,0,0,0,1,1,0,1,0,1,0,0,0,tempete_cif.y4m,2.69,2.682,0.013038,0.012763,0.0,155
1,1,0,0,0,1,0,0,0,0,0,0,1,1,0,1,0,1,1,1,0,1,1,0,0,0,0,0,0,1,1,0,1,1,0,0,0,0,tempete_cif.y4m,4.81,4.806,0.018166,0.012702,0.0,185
1,1,0,0,1,0,0,0,0,0,0,0,1,1,0,1,0,0,1,0,1,1,0,0,0,0,0,1,0,1,0,1,0,0,0,0,0,0,tempete_cif.y4m,3.63,3.654,0.04827,0.009742,0.0,376
1,1,0,0,0,0,0,0,1,0,0,0,1,1,0,1,0,1,1,0,1,1,0,1,0,0,0,0,0,1,1,0,0,0,0,0,0,0,tempete_cif.y4m,1.27,1.274,0.005477,0.011759,0.0,204
1,1,0,0,0,0,0,0,1,0,0,0,1,1,0,1,1,0,1,0,1,1,0,0,0,0,1,0,0,1,1,0,1,0,0,0,0,1,tempete_cif.y4m,68.69,68.502,0.2955,0.01133,0.0,246
1,1,0,0,0,0,0,1,0,0,0,0,1,1,0,1,1,1,1,0,1,1,0,0,1,0,0,0,0,1,0,1,0,0,0,0,0,0,tempete_cif.y4m,37.76,37.74,0.147139,0.008227,0.0,230
1,1,0,0,0,0,0,0,1,0,0,0,1,0,1,1,1,0,1,0,1,1,0,0,0,0,0,1,0,1,1,0,1,0,0,0,1,0,tempete_cif.y4m,50.82,50.59,0.562228,0.016507,0.0,27
1,1,0,1,0,0,0,0,0,0,0,0,1,1,0,1,1,1,1,0,1,1,1,0,0,0,0,0,0,1,1,0,0,0,0,0,0,0,tempete_cif.y4m,4.51,4.476,0.058566,0.006798,0.0,137
1,1,0,0,0,0,0,0,0,0,1,0,1,1,0,1,1,1,1,1,0,1,0,0,0,0,1,0,0,1,0,1,1,0,0,0,1,0,tempete_cif.y4m,5.46,5.46,0.037417,0.013014,0.0,169
1,1,0,0,0,0,0,0,0,0,1,0,1,0,1,1,0,1,1,0,1,1,1,0,0,0,0,0,0,1,0,1,1,0,0,0,0,1,tempete_cif.y4m,79.73,79.622,0.434592,0.008238,0.0,33
1,1,0,0,0,0,0,0,1,0,0,0,1,0,1,1,0,1,1,0,1,1,0,1,0,0,0,0,0,1,1,0,0,0,0,0,0,0,tempete_cif.y4m,21.25,21.286,0.141527,0.015809,0.0,205
1,1,0,0,0,0,0,0,0,0,1,0,1,1,0,1,1,0,1,0,1,1,0,0,0,0,1,0,0,1,1,0,1,0,0,0,0,1,tempete_cif.y4m,6.95,6.954,0.005477,0.007858,0.0,245
1,1,1,0,0,0,0,0,0,0,0,0,1,1,0,1,0,0,1,1,0,1,0,0,1,0,0,0,0,1,1,0,1,0,0,0,0,1,tempete_cif.y4m,5.33,5.322,0.043243,0.010833,0.0,163
1,1,0,0,1,0,0,0,0,0,0,0,1,1,0,1,1,0,1,1,0,1,1,0,0,0,0,0,0,1,0,1,1,1,0,0,0,0,tempete_cif.y4m,3.65,3.654,0.023022,0.009742,0.0,4
1,1,0,0,1,0,0,0,0,0,0,0,1,1,0,1,0,0,1,0,1,1,1,0,0,0,0,0,0,1,1,0,1,0,0,0,1,0,tempete_cif.y4m,2.42,2.418,0.037683,0.016698,0.0,141
1,1,1,0,0,0,0,0,0,0,0,0,1,1,0,1,1,1,1,0,1,1,0,0,1,0,0,0,0,1,1,0,1,1,0,0,0,0,tempete_cif.y4m,129.8,129.702,0.326833,0.011788,0.0,159
1,1,0,0,0,0,0,0,1,0,0,0,1,1,0,1,0,1,1,0,1,1,0,0,1,0,0,0,0,1,0,1,1,0,0,0,0,1,tempete_cif.y4m,9.19,9.224,0.06229,0.013008,0.0,336
1,1,0,0,0,1,0,0,0,0,0,0,1,1,0,1,0,0,1,0,1,1,0,0,0,0,0,0,1,1,1,0,1,0,0,0,1,0,tempete_cif.y4m,32.28,32.368,0.280571,0.008063,0.0,72
1,1,0,0,0,0,0,0,1,0,0,0,1,1,0,1,1,0,1,1,0,1,0,0,1,0,0,0,0,1,1,0,1,0,0,0,0,1,tempete_cif.y4m,5.0,4.996,0.023022,0.007996,0.0,248
1,1,0,1,0,0,0,0,0,0,0,0,1,0,1,1,1,1,1,1,0,1,0,0,0,0,0,1,0,1,0,1,1,0,0,0,0,1,tempete_cif.y4m,123.61,123.566,0.613376,0.011126,0.0,130
1,1,0,0,0,1,0,0,0,0,0,0,1,0,1,1,1,1,1,1,0,1,0,0,0,0,0,0,1,1,1,0,0,0,0,0,0,0,tempete_cif.y4m,81.61,81.698,0.283849,0.008756,0.0,324
1,1,1,0,0,0,0,0,0,0,0,0,1,0,1,1,0,1,1,1,0,1,0,1,0,0,0,0,0,1,0,1,0,0,0,0,0,0,tempete_cif.y4m,77.41,77.424,0.093968,0.016354,0.0,354
1,1,0,0,0,0,0,0,0,0,1,0,1,0,1,1,0,0,1,1,0,1,0,0,0,1,0,0,0,1,0,1,0,0,0,0,0,0,tempete_cif.y4m,58.14,58.146,0.479041,0.012403,0.0,291
1,1,0,0,0,0,0,0,0,0,1,0,1,1,0,1,0,0,1,1,0,1,0,1,0,0,0,0,0,1,1,0,1,0,1,0,0,0,tempete_cif.y4m,2.42,2.47,0.090277,0.01158,0.0,237
1,1,0,0,0,1,0,0,0,0,0,0,1,1,0,1,1,0,1,1,0,1,1,0,0,0,0,0,0,1,1,0,1,1,0,0,0,0,tempete_cif.y4m,2.74,2.744,0.023022,0.006858,0.0,183
1,1,0,0,0,1,0,0,0,0,0,0,1,0,1,1,1,1,1,0,1,1,0,0,1,0,0,0,0,1,0,1,0,0,0,0,0,0,tempete_cif.y4m,2.8,2.804,0.0251,0.012255,0.0,227
1,1,0,0,0,0,0,0,1,0,0,0,1,1,0,1,0,1,1,0,1,1,0,0,0,0,0,1,0,1,0,1,0,0,0,0,0,0,tempete_cif.y4m,5.7,5.714,0.033615,0.011276,0.0,338
1,1,0,0,1,0,0,0,0,0,0,0,1,0,1,1,0,0,1,0,1,1,1,0,0,0,0,0,0,1,1,0,1,0,0,0,1,0,tempete_cif.y4m,17.97,17.986,0.047223,0.008231,0.0,142
1,1,0,0,1,0,0,0,0,0,0,0,1,1,0,1,1,1,1,0,1,1,0,0,1,0,0,0,0,1,1,0,1,0,0,0,0,1,tempete_cif.y4m,16.55,16.554,0.035071,0.008798,0.0,332
1,1,0,0,0,0,0,0,0,1,0,0,1,0,1,1,0,0,1,1,0,1,0,0,0,0,1,0,0,1,0,1,1,0,0,0,1,0,tempete_cif.y4m,128.45,128.138,0.698405,0.012833,0.0,95
1,1,0,0,1,0,0,0,0,0,0,0,1,0,1,1,0,0,1,0,1,1,0,0,0,1,0,0,0,1,0,1,0,0,0,0,0,0,tempete_cif.y4m,9.84,9.84,0.038079,0.009099,0.0,289
1,1,0,0,1,0,0,0,0,0,0,0,1,1,0,1,0,0,1,0,1,1,0,0,0,0,0,1,0,1,0,1,1,0,0,1,0,0,tempete_cif.y4m,2.32,2.322,0.022804,0.01158,0.0,378
1,1,0,0,1,0,0,0,0,0,0,0,1,1,0,1,1,1,1,1,0,1,0,0,1,0,0,0,0,1,0,1,1,0,0,0,1,0,tempete_cif.y4m,35.32,35.276,0.19756,0.008124,0.0,278
1,1,0,0,0,0,0,0,0,0,1,0,1,0,1,1,1,0,1,0,1,1,1,0,0,0,0,0,0,1,0,1,1,0,0,0,1,0,tempete_cif.y4m,6.24,6.264,0.117175,0.008927,0.0,30
1,1,0,0,1,0,0,0,0,0,0,0,1,1,0,1,0,0,1,0,1,1,0,1,0,0,0,0,0,1,0,1,1,0,0,0,0,1,tempete_cif.y4m,1.95,1.952,0.008367,0.012458,0.0,120
1,1,0,0,0,1,0,0,0,0,0,0,1,1,0,1,1,1,1,0,1,1,0,0,0,0,0,1,0,1,0,1,0,0,0,0,0,0,tempete_cif.y4m,2.67,2.664,0.015166,0.009841,0.0,265
1,1,0,0,0,0,0,0,0,0,1,0,1,1,0,1,1,0,1,1,0,1,0,0,0,0,0,1,0,1,0,1,0,0,0,0,0,0,tempete_cif.y4m,5.06,5.066,0.035777,0.010938,0.0,296
1,1,0,0,0,0,0,1,0,0,0,0,1,1,0,1,1,1,1,1,0,1,0,1,0,0,0,0,0,1,0,1,0,0,0,0,0,0,tempete_cif.y4m,9.63,9.626,0.04827,0.011176,0.0,232
1,1,0,0,0,0,0,0,0,0,1,0,1,0,1,1,0,0,1,1,0,1,0,0,1,0,0,0,0,1,1,0,1,0,0,1,0,0,tempete_cif.y4m,7.95,7.944,0.026077,0.012444,0.0,310
1,1,0,0,0,0,0,1,0,0,0,0,1,0,1,1,1,1,1,0,1,1,0,0,0,0,0,1,0,1,0,1,1,0,0,1,0,0,tempete_cif.y4m,78.42,78.316,0.27098,0.008573,0.0,349
1,1,0,0,1,0,0,0,0,0,0,0,1,1,0,1,0,1,1,0,1,1,0,0,0,0,0,1,0,1,0,1,0,0,0,0,0,0,tempete_cif.y4m,4.53,4.556,0.099398,0.009153,0.0,377
1,1,0,0,0,0,0,0,0,1,0,0,1,0,1,1,1,1,1,1,0,1,0,0,0,0,1,0,0,1,0,1,1,0,0,0,1,0,tempete_cif.y4m,114.47,114.458,0.277435,0.008429,0.0,94
1,1,1,0,0,0,0,0,0,0,0,0,1,1,0,1,1,0,1,0,1,1,1,0,0,0,0,0,0,1,0,1,1,1,0,0,0,0,tempete_cif.y4m,6.6,6.612,0.040866,0.012702,0.0,178
1,1,0,0,0,0,0,0,0,0,1,0,1,0,1,1,0,0,1,1,0,1,0,0,0,0,0,1,0,1,0,1,1,0,0,0,0,1,tempete_cif.y4m,6.56,6.552,0.019235,0.00904,0.0,127
1,1,0,0,0,0,0,1,0,0,0,0,1,0,1,1,1,0,1,0,1,1,0,0,0,1,0,0,0,1,0,1,1,0,0,0,1,0,tempete_cif.y4m,1.97,1.966,0.026077,0.010562,0.0,111
1,1,1,0,0,0,0,0,0,0,0,0,1,0,1,1,0,1,1,1,0,1,0,1,0,0,0,0,0,1,0,1,1,0,0,1,0,0,tempete_cif.y4m,5.63,5.638,0.064576,0.012381,0.0,353
1,1,0,0,0,0,1,0,0,0,0,0,1,0,1,1,1,1,1,1,0,1,0,1,0,0,0,0,0,1,1,0,1,0,0,0,1,0,tempete_cif.y4m,4.8,4.814,0.051769,0.010212,0.0,45
1,1,0,0,0,1,0,0,0,0,0,0,1,0,1,1,1,1,1,0,1,1,0,0,1,0,0,0,0,1,1,0,0,0,0,0,0,0,tempete_cif.y4m,1.56,1.592,0.053572,0.011358,0.0,226
1,1,0,0,0,0,0,0,0,0,0,1,1,1,0,1,1,0,1,0,1,1,0,0,0,0,0,1,0,1,1,0,1,0,0,0,0,1,tempete_cif.y4m,6.19,6.196,0.061482,0.009955,0.0,59
1,1,0,0,0,0,0,0,1,0,0,0,1,1,0,1,1,1,1,1,0,1,1,0,0,0,0,0,0,1,0,1,1,1,0,0,0,0,tempete_cif.y4m,39.24,39.22,0.206034,0.011627,0.0,19
1,1,0,0,0,0,0,0,0,0,0,1,1,1,0,1,0,1,1,0,1,1,0,0,0,1,0,0,0,1,1,0,1,1,0,0,0,0,tempete_cif.y4m,20.48,19.974,0.738837,0.008132,0.0,304
1,1,0,0,0,0,0,0,1,0,0,0,1,0,1,1,0,1,1,0,1,1,0,1,0,0,0,0,0,1,0,1,0,0,0,0,0,0,tempete_cif.y4m,4.92,4.914,0.029665,0.007996,0.0,207
1,1,0,0,0,0,1,0,0,0,0,0,1,1,0,1,1,1,1,1,0,1,0,1,0,0,0,0,0,1,1,0,0,0,0,0,0,0,tempete_cif.y4m,126.96,128.958,3.623075,0.01121,0.0,43
1,1,0,0,0,0,1,0,0,0,0,0,1,1,0,1,1,0,1,1,0,1,1,0,0,0,0,0,0,1,1,0,1,0,0,0,0,1,tempete_cif.y4m,2.83,2.838,0.021679,0.010559,0.0,40
1,1,0,0,0,1,0,0,0,0,0,0,1,0,1,1,0,1,1,1,0,1,1,0,0,0,0,0,0,1,1,0,1,1,0,0,0,0,tempete_cif.y4m,86.24,86.26,0.065955,0.00884,0.0,186
1,1,0,0,1,0,0,0,0,0,0,0,1,0,1,1,0,0,1,0,1,1,0,0,0,1,0,0,0,1,0,1,1,0,0,0,0,1,tempete_cif.y4m,3.39,3.392,0.036332,0.012601,0.0,288
1,1,1,0,0,0,0,0,0,0,0,0,1,1,0,1,1,0,1,1,0,1,0,1,0,0,0,0,0,1,1,0,1,0,1,0,0,0,tempete_cif.y4m,5.14,5.146,0.067676,0.010126,0.0,82
1,1,0,0,0,0,0,0,0,0,1,0,1,0,1,1,1,1,1,0,1,1,0,0,0,1,0,0,0,1,0,1,0,0,0,0,0,0,tempete_cif.y4m,3.43,3.426,0.018166,0.006932,0.0,211
1,1,0,0,1,0,0,0,0,0,0,0,1,0,1,1,1,1,1,0,1,1,0,0,0,0,0,1,0,1,1,0,1,0,0,1,0,0,tempete_cif.y4m,70.54,70.084,1.158568,0.01133,0.0,347
1,1,0,1,0,0,0,0,0,0,0,0,1,0,1,1,0,0,1,1,0,1,1,0,0,0,0,0,0,1,1,0,1,0,0,0,1,0,tempete_cif.y4m,9.96,9.976,0.082341,0.012021,0.0,13
1,1,0,0,0,0,0,1,0,0,0,0,1,0,1,1,1,1,1,0,1,1,0,0,1,0,0,0,0,1,0,1,0,0,0,0,0,0,tempete_cif.y4m,256.21,256.162,0.221743,0.012963,0.0,228
1,1,0,0,0,0,0,0,0,1,0,0,1,1,0,1,0,1,1,0,1,1,0,0,1,0,0,0,0,1,0,1,1,0,0,0,0,1,tempete_cif.y4m,5.88,5.892,0.036332,0.008085,0.0,335
1,1,0,0,0,0,0,0,1,0,0,0,1,1,0,1,1,0,1,0,1,1,0,0,1,0,0,0,0,1,1,0,1,1,0,0,0,0,tempete_cif.y4m,18.05,18.064,0.147071,0.008866,0.0,24
1,1,1,0,0,0,0,0,0,0,0,0,1,0,1,1,0,1,1,0,1,1,0,1,0,0,0,0,0,1,0,1,1,0,0,1,0,0,tempete_cif.y4m,127.1,127.022,0.178241,0.016057,0.0,352
1,1,0,0,0,0,1,0,0,0,0,0,1,0,1,1,0,0,1,1,0,1,0,0,0,0,0,1,0,1,1,0,0,0,0,0,0,0,tempete_cif.y4m,3.75,3.75,0.031623,0.007003,0.0,368
1,1,1,0,0,0,0,0,0,0,0,0,1,0,1,1,1,1,1,1,0,1,0,1,0,0,0,0,0,1,1,0,0,0,0,0,0,0,tempete_cif.y4m,1.9,1.926,0.108995,0.012126,0.0,80
1,1,0,0,1,0,0,0,0,0,0,0,1,1,0,1,0,0,1,0,1,1,0,1,0,0,0,0,0,1,0,1,0,0,0,0,0,0,tempete_cif.y4m,22.1,21.878,0.327216,0.011731,0.0,121
1,1,0,0,0,0,0,0,0,0,1,0,1,0,1,1,1,1,1,0,1,1,0,0,1,0,0,0,0,1,1,0,1,1,0,0,0,0,tempete_cif.y4m,3.64,3.644,0.020736,0.006798,0.0,156
1,1,0,1,0,0,0,0,0,0,0,0,1,0,1,1,1,1,1,1,0,1,0,0,0,0,0,1,0,1,1,0,1,1,0,0,0,0,tempete_cif.y4m,1.1,1.102,0.008367,0.010588,0.0,9
1,1,0,0,0,0,0,0,0,0,1,0,1,1,0,1,0,0,1,1,0,1,0,0,0,0,1,0,0,1,1,0,1,0,0,0,0,1,tempete_cif.y4m,6.25,6.264,0.104785,0.007858,0.0,165
1,1,0,0,0,0,0,0,0,0,1,0,1,0,1,1,0,0,1,1,0,1,0,1,0,0,0,0,0,1,0,1,1,0,0,0,0,1,tempete_cif.y4m,4.73,4.726,0.035071,0.007015,0.0,126
1,1,0,0,1,0,0,0,0,0,0,0,1,1,0,1,1,1,1,0,1,1,0,0,1,0,0,0,0,1,0,1,1,0,1,0,0,0,tempete_cif.y4m,1.8,1.802,0.008367,0.012126,0.0,280
1,1,0,0,0,0,0,1,0,0,0,0,1,0,1,1,1,1,1,1,0,1,0,1,0,0,0,0,0,1,0,1,1,0,0,0,1,0,tempete_cif.y4m,1.36,1.356,0.005477,0.015568,0.0,172
1,1,0,0,0,0,0,0,0,0,1,0,1,0,1,1,0,1,1,1,0,1,0,0,0,1,0,0,0,1,0,1,0,0,0,0,0,0,tempete_cif.y4m,7.55,7.546,0.045607,0.012517,0.0,292
1,1,0,0,0,0,0,0,0,0,1,0,1,1,0,1,1,1,1,0,1,1,0,0,0,0,0,1,0,1,1,0,0,0,0,0,0,0,tempete_cif.y4m,14.43,14.434,0.047223,0.012856,0.0,105
1,1,0,0,0,1,0,0,0,0,0,0,1,0,1,1,1,1,1,0,1,1,0,0,0,0,0,0,1,1,1,0,1,0,1,0,0,0,tempete_cif.y4m,12.82,12.826,0.118659,0.008904,0.0,76
1,1,0,0,0,1,0,0,0,0,0,0,1,0,1,1,0,0,1,1,0,1,1,0,0,0,0,0,0,1,1,0,1,0,0,0,0,1,tempete_cif.y4m,69.86,69.774,0.19995,0.012391,0.0,221
1,1,0,0,0,0,0,0,0,0,1,0,1,1,0,1,1,0,1,1,0,1,0,0,0,0,1,0,0,1,0,1,1,0,0,0,0,1,tempete_cif.y4m,31.14,31.148,0.047645,0.008769,0.0,167
1,1,0,0,0,0,0,0,0,0,1,0,1,0,1,1,0,1,1,0,1,1,1,0,0,0,0,0,0,1,1,0,1,0,0,0,0,1,tempete_cif.y4m,159.33,159.122,0.753306,0.009023,0.0,35
1,1,0,0,1,0,0,0,0,0,0,0,1,1,0,1,0,0,1,1,0,1,0,1,0,0,0,0,0,1,0,1,1,0,1,0,0,0,tempete_cif.y4m,3.01,3.018,0.033466,0.006902,0.0,235
1,1,0,0,0,0,0,0,0,1,0,0,1,1,0,1,1,1,1,0,1,1,0,0,1,0,0,0,0,1,0,1,1,0,0,0,0,1,tempete_cif.y4m,9.56,9.544,0.076354,0.009069,0.0,333
1,1,0,0,0,0,1,0,0,0,0,0,1,0,1,1,1,1,1,1,0,1,0,1,0,0,0,0,0,1,1,0,0,0,0,0,0,0,tempete_cif.y4m,62.84,62.806,0.200449,0.012544,0.0,44
1,1,0,0,1,0,0,0,0,0,0,0,1,0,1,1,0,1,1,1,0,1,0,1,0,0,0,0,0,1,0,1,1,1,0,0,0,0,tempete_cif.y4m,104.07,104.042,0.104738,0.008374,0.0,256
1,1,0,0,0,0,0,1,0,0,0,0,1,0,1,1,1,0,1,0,1,1,0,1,0,0,0,0,0,1,0,1,1,0,0,0,0,1,tempete_cif.y4m,443.13,443.3,1.436175,0.009105,0.0,192
1,1,0,0,0,0,1,0,0,0,0,0,1,1,0,1,1,1,1,1,0,1,1,0,0,0,0,0,0,1,1,0,1,0,0,0,0,1,tempete_cif.y4m,11.91,11.912,0.049699,0.008307,0.0,41
1,1,0,0,0,0,0,0,0,0,1,0,1,0,1,1,0,1,1,1,0,1,0,0,0,0,0,1,0,1,0,1,1,0,0,0,1,0,tempete_cif.y4m,83.02,82.732,0.527039,0.014711,0.0,273
1,1,0,0,0,0,0,0,0,0,1,0,1,1,0,1,0,1,1,0,1,1,0,0,0,0,0,1,0,1,0,1,0,0,0,0,0,0,tempete_cif.y4m,77.34,77.084,0.546928,0.015085,0.0,101
1,1,0,0,0,0,0,0,0,0,1,0,1,0,1,1,1,1,1,0,1,1,0,0,0,0,1,0,0,1,1,0,1,0,1,0,0,0,tempete_cif.y4m,34.23,34.192,0.12498,0.01248,0.0,242
1,1,0,0,0,0,0,0,0,0,1,0,1,1,0,1,0,1,1,0,1,1,0,0,0,0,0,1,0,1,1,0,0,0,0,0,0,0,tempete_cif.y4m,8.41,8.292,0.206325,0.014437,0.0,103
1,1,1,0,0,0,0,0,0,0,0,0,1,1,0,1,1,0,1,1,0,1,0,1,0,0,0,0,0,1,0,1,0,0,0,0,0,0,tempete_cif.y4m,60.35,60.352,0.109179,0.008463,0.0,1
1,1,0,0,0,0,0,1,0,0,0,0,1,1,0,1,0,0,1,0,1,1,0,0,0,0,0,1,0,1,0,1,1,0,0,0,0,1,tempete_cif.y4m,5.74,5.718,0.049699,0.012381,0.0,56
1,1,0,0,1,0,0,0,0,0,0,0,1,0,1,1,0,0,1,0,1,1,0,0,0,0,0,0,1,1,0,1,0,0,0,0,0,0,tempete_cif.y4m,14.2,14.19,0.058737,0.012856,0.0,373
1,1,0,0,0,0,0,0,1,0,0,0,1,1,0,1,1,1,1,0,1,1,0,1,0,0,0,0,0,1,0,1,1,0,1,0,0,0,tempete_cif.y4m,102.87,102.872,1.024436,0.012437,0.0,318
1,1,0,0,0,1,0,0,0,0,0,0,1,1,0,1,0,0,1,1,0,1,0,0,0,0,1,0,0,1,1,0,0,0,0,0,0,0,tempete_cif.y4m,162.67,162.144,1.660611,0.011979,0.0,69
1,1,0,1,0,0,0,0,0,0,0,0,1,0,1,1,0,0,1,1,0,1,0,0,0,0,0,1,0,1,1,0,1,1,0,0,0,0,tempete_cif.y4m,4.15,4.156,0.057706,0.009168,0.0,11
1,1,0,0,1,0,0,0,0,0,0,0,1,0,1,1,0,0,1,1,0,1,0,1,0,0,0,0,0,1,0,1,1,0,0,1,0,0,tempete_cif.y4m,5.1,5.096,0.027019,0.01111,0.0,258
1,1,0,0,0,0,0,0,0,0,1,0,1,0,1,1,0,0,1,1,0,1,0,1,0,0,0,0,0,1,1,0,1,0,1,0,0,0,tempete_cif.y4m,246.78,246.57,0.454313,0.009198,0.0,238
1,1,0,0,0,0,0,1,0,0,0,0,1,0,1,1,1,0,1,1,0,1,1,0,0,0,0,0,0,1,0,1,1,0,0,0,1,0,tempete_cif.y4m,236.59,236.456,0.770993,0.01189,0.0,173
1,1,0,0,0,0,0,1,0,0,0,0,1,0,1,1,0,1,1,0,1,1,0,1,0,0,0,0,0,1,0,1,1,1,0,0,0,0,tempete_cif.y4m,197.15,197.16,0.459293,0.008331,0.0,190
1,1,0,1,0,0,0,0,0,0,0,0,1,0,1,1,1,0,1,1,0,1,0,0,0,0,0,1,0,1,0,1,1,1,0,0,0,0,tempete_cif.y4m,58.69,58.706,0.097108,0.008074,0.0,7
1,1,0,0,0,1,0,0,0,0,0,0,1,0,1,1,1,1,1,0,1,1,0,0,0,0,0,0,1,1,1,0,0,0,0,0,0,0,tempete_cif.y4m,2.01,2.004,0.043359,0.011201,0.0,323
1,1,0,0,0,1,0,0,0,0,0,0,1,0,1,1,0,0,1,0,1,1,0,0,0,0,0,0,1,1,1,0,1,0,0,0,1,0,tempete_cif.y4m,126.25,125.328,4.76791,0.008206,0.0,73
1,1,0,0,0,0,0,0,0,0,1,0,1,0,1,1,1,0,1,0,1,1,0,1,0,0,0,0,0,1,0,1,0,0,0,0,0,0,tempete_cif.y4m,122.5,122.876,1.286208,0.01121,0.0,209
1,1,0,1,0,0,0,0,0,0,0,0,1,1,0,1,1,0,1,0,1,1,1,0,0,0,0,0,0,1,1,0,0,0,0,0,0,0,tempete_cif.y4m,4.54,4.544,0.020736,0.007953,0.0,138
1,1,0,0,0,1,0,0,0,0,0,0,1,1,0,1,1,1,1,1,0,1,0,0,0,0,0,1,0,1,0,1,0,0,0,0,0,0,tempete_cif.y4m,79.33,79.47,0.504629,0.008641,0.0,264
1,1,0,0,0,0,0,0,0,1,0,0,1,0,1,1,0,1,1,0,1,1,0,0,0,0,0,1,0,1,0,1,1,0,0,0,1,0,tempete_cif.y4m,168.51,168.486,0.31667,0.011979,0.0,98
1,1,0,0,0,0,0,0,0,0,1,0,1,1,0,1,0,0,1,0,1,1,0,0,0,0,0,1,0,1,1,0,1,0,0,1,0,0,tempete_cif.y4m,3.45,3.452,0.046043,0.007157,0.0,380
1,1,0,0,1,0,0,0,0,0,0,0,1,1,0,1,1,1,1,1,0,1,0,1,0,0,0,0,0,1,1,0,1,0,1,0,0,0,tempete_cif.y4m,133.42,133.632,0.44852,0.014646,0.0,85
1,1,0,0,0,0,0,0,0,0,1,0,1,0,1,1,0,0,1,0,1,1,1,0,0,0,0,0,0,1,0,1,1,0,0,0,1,0,tempete_cif.y4m,58.86,58.83,0.165076,0.011439,0.0,31
1,1,0,1,0,0,0,0,0,0,0,0,1,0,1,1,1,0,1,1,0,1,0,0,0,0,0,1,0,1,1,0,1,1,0,0,0,0,tempete_cif.y4m,3.33,3.336,0.024083,0.010559,0.0,8
1,1,0,0,1,0,0,0,0,0,0,0,1,1,0,1,1,1,1,1,0,1,1,0,0,0,0,0,0,1,0,1,1,1,0,0,0,0,tempete_cif.y4m,6.36,6.358,0.033466,0.011276,0.0,216
1,1,0,0,1,0,0,0,0,0,0,0,1,1,0,1,1,1,1,0,1,1,0,0,0,1,0,0,0,1,0,1,1,1,0,0,0,0,tempete_cif.y4m,1.44,1.444,0.011402,0.012458,0.0,214
1,1,0,0,0,0,0,0,1,0,0,0,1,1,0,1,0,0,1,1,0,1,0,0,0,0,0,1,0,1,1,0,0,0,0,0,0,0,tempete_cif.y4m,7.01,7.026,0.090719,0.00706,0.0,341
1,1,0,0,1,0,0,0,0,0,0,0,1,1,0,1,0,0,1,1,0,1,0,1,0,0,0,0,0,1,1,0,1,0,1,0,0,0,tempete_cif.y4m,4.51,4.51,0.021213,0.013359,0.0,236
1,1,0,0,0,0,0,0,0,0,1,0,1,0,1,1,0,0,1,0,1,1,0,0,0,0,1,0,0,1,1,0,1,0,1,0,0,0,tempete_cif.y4m,10.8,10.81,0.033912,0.013322,0.0,240
1,1,0,0,0,0,0,1,0,0,0,0,1,0,1,1,0,0,1,0,1,1,0,0,0,1,0,0,0,1,0,1,1,0,0,0,1,0,tempete_cif.y4m,9.57,9.41,0.249299,0.014437,0.0,51
1,1,1,0,0,0,0,0,0,0,0,0,1,0,1,1,1,1,1,0,1,1,0,0,0,0,0,0,1,1,1,0,1,0,1,0,0,0,tempete_cif.y4m,6.21,6.218,0.046043,0.012147,0.0,77
1,1,0,0,0,0,0,0,0,0,1,0,1,0,1,1,1,0,1,1,0,1,0,0,0,0,0,1,0,1,0,1,1,0,0,0,0,1,tempete_cif.y4m,7.45,7.45,0.051478,0.011018,0.0,128
1,1,0,0,1,0,0,0,0,0,0,0,1,1,0,1,0,0,1,1,0,1,0,1,0,0,0,0,0,1,0,1,0,0,0,0,0,0,tempete_cif.y4m,56.82,56.834,0.054589,0.012403,0.0,234
1,1,0,0,0,0,0,0,1,0,0,0,1,0,1,1,1,0,1,0,1,1,0,0,0,0,0,1,0,1,0,1,1,0,0,0,1,0,tempete_cif.y4m,459.61,459.6,0.023452,0.009105,0.0,28
1,1,0,0,1,0,0,0,0,0,0,0,1,1,0,1,1,0,1,0,1,1,1,0,0,0,0,0,0,1,1,0,0,0,0,0,0,0,tempete_cif.y4m,57.54,56.912,1.022678,0.008074,0.0,139
1,1,0,0,0,0,0,0,0,0,1,0,1,0,1,1,1,0,1,1,0,1,0,0,0,0,1,0,0,1,1,0,1,0,1,0,0,0,tempete_cif.y4m,1.29,1.294,0.005477,0.011759,0.0,152
1,1,0,1,0,0,0,0,0,0,0,0,1,0,1,1,0,0,1,1,0,1,0,0,0,0,0,1,0,1,1,0,1,0,0,0,1,0,tempete_cif.y4m,77.55,77.468,0.328968,0.016138,0.0,12
1,1,0,0,0,0,1,0,0,0,0,0,1,0,1,1,0,1,1,1,0,1,0,0,0,0,0,1,0,1,1,0,0,0,0,0,0,0,tempete_cif.y4m,1.28,1.278,0.004472,0.011759,0.0,369
1,1,0,0,0,0,0,0,0,0,0,1,1,1,0,1,1,0,1,0,1,1,0,0,0,0,0,1,0,1,0,1,1,0,0,0,0,1,tempete_cif.y4m,31.08,31.068,0.027749,0.008769,0.0,58
1,1,0,0,0,0,0,0,1,0,0,0,1,1,0,1,1,0,1,1,0,1,1,0,0,0,0,0,0,1,1,0,0,0,0,0,0,0,tempete_cif.y4m,26.33,26.3,0.079373,0.01495,0.0,64
1,1,0,0,0,0,0,0,1,0,0,0,1,1,0,1,1,0,1,1,0,1,0,0,1,0,0,0,0,1,1,0,1,1,0,0,0,0,tempete_cif.y4m,22.01,21.984,0.045056,0.012765,0.0,21
1,1,0,0,0,1,0,0,0,0,0,0,1,0,1,1,1,1,1,0,1,1,0,0,1,0,0,0,0,1,1,0,1,0,0,0,0,1,tempete_cif.y4m,66.27,65.992,0.519442,0.01133,0.0,225
1,1,0,0,0,0,1,0,0,0,0,0,1,0,1,1,1,0,1,1,0,1,0,0,0,0,0,1,0,1,1,0,1,0,0,0,1,0,tempete_cif.y4m,90.45,90.588,0.45246,0.008238,0.0,366
1,1,0,0,0,0,0,1,0,0,0,0,1,0,1,1,1,1,1,0,1,1,0,0,1,0,0,0,0,1,0,1,1,0,0,0,0,1,waterfall_cif.y4m,2.44,2.438,0.010954,0.003284,0.0,114
1,1,0,0,1,0,0,0,0,0,0,0,1,1,0,1,1,1,1,0,1,1,0,0,1,0,0,0,0,1,1,0,1,0,1,0,0,0,waterfall_cif.y4m,1.87,1.876,0.021909,0.002941,0.0,281
1,1,0,0,0,1,0,0,0,0,0,0,1,0,1,1,1,0,1,1,0,1,0,0,0,0,0,0,1,1,1,0,1,0,0,1,0,0,waterfall_cif.y4m,3.78,3.782,0.014832,0.003209,0.0,325
1,1,1,0,0,0,0,0,0,0,0,0,1,1,0,1,1,0,1,1,0,1,0,0,0,0,1,0,0,1,1,0,1,1,0,0,0,0,waterfall_cif.y4m,3.56,3.56,0.027386,0.004206,0.0,181
1,1,0,0,0,0,0,0,1,0,0,0,1,1,0,1,1,0,1,0,1,1,0,0,1,0,0,0,0,1,1,0,1,0,0,0,0,1,waterfall_cif.y4m,55.22,55.186,0.109909,0.003275,0.0,247
1,1,0,0,0,0,0,0,0,0,1,0,1,1,0,1,1,0,1,1,0,1,0,0,0,0,1,0,0,1,1,0,1,0,0,0,0,1,waterfall_cif.y4m,56.54,56.444,0.32362,0.002882,0.0,166
1,1,0,0,0,0,0,0,1,0,0,0,1,1,0,1,1,0,1,0,1,1,0,0,1,0,0,0,0,1,1,0,1,0,0,0,1,0,waterfall_cif.y4m,5.42,5.416,0.051769,0.004173,0.0,25
1,1,0,0,0,0,0,1,0,0,0,0,1,0,1,1,0,0,1,1,0,1,0,1,0,0,0,0,0,1,0,1,0,0,0,0,0,0,waterfall_cif.y4m,6.1,6.11,0.09083,0.004127,0.0,355
1,1,0,0,1,0,0,0,0,0,0,0,1,1,0,1,0,0,1,1,0,1,1,0,0,0,0,0,0,1,1,0,1,0,0,0,0,1,waterfall_cif.y4m,0.87,0.87,0.007071,0.003504,0.0,219
1,1,0,0,0,1,0,0,0,0,0,0,1,1,0,1,1,0,1,1,0,1,0,0,0,0,1,0,0,1,1,0,1,1,0,0,0,0,waterfall_cif.y4m,6.15,6.208,0.133679,0.004127,0.0,182
1,1,0,1,0,0,0,0,0,0,0,0,1,0,1,1,0,1,1,1,0,1,0,0,0,0,0,1,0,1,1,0,1,1,0,0,0,0,waterfall_cif.y4m,2.39,2.392,0.008367,0.004303,0.0,10
1,1,0,0,1,0,0,0,0,0,0,0,1,1,0,1,1,0,1,0,1,1,0,0,1,0,0,0,0,1,0,1,1,0,0,0,0,1,waterfall_cif.y4m,20.51,20.412,0.175841,0.004363,0.0,116
1,1,0,0,0,1,0,0,0,0,0,0,1,1,0,1,1,1,1,0,1,1,0,0,0,0,0,1,0,1,0,1,1,1,0,0,0,0,waterfall_cif.y4m,4.15,4.162,0.038987,0.003012,0.0,266
1,1,0,0,0,0,0,0,1,0,0,0,1,1,0,1,0,0,1,0,1,1,0,0,1,0,0,0,0,1,1,0,1,0,0,1,0,0,waterfall_cif.y4m,17.34,16.924,0.821663,0.005634,0.0,313
1,1,0,0,0,0,0,1,0,0,0,0,1,0,1,1,0,0,1,1,0,1,0,0,0,0,0,0,1,1,0,1,0,0,0,0,0,0,waterfall_cif.y4m,9.7,9.594,0.201569,0.006218,0.0,357
1,1,0,0,0,1,0,0,0,0,0,0,1,0,1,1,0,1,1,0,1,1,1,0,0,0,0,0,0,1,1,0,1,1,0,0,0,0,waterfall_cif.y4m,1.52,1.55,0.104163,0.005815,0.0,187
1,1,0,0,0,0,0,0,1,0,0,0,1,1,0,1,1,1,1,0,1,1,0,0,1,0,0,0,0,1,1,0,1,1,0,0,0,0,waterfall_cif.y4m,110.51,110.6,0.191833,0.002743,0.0,23
1,1,0,0,1,0,0,0,0,0,0,0,1,1,0,1,1,0,1,1,0,1,0,1,0,0,0,0,0,1,0,1,0,0,0,0,0,0,waterfall_cif.y4m,23.44,23.484,0.083845,0.004436,0.0,2
1,1,0,0,0,0,0,0,0,0,0,1,1,1,0,1,1,0,1,0,1,1,0,0,0,0,0,1,0,1,1,0,1,1,0,0,0,0,waterfall_cif.y4m,62.0,61.796,0.707623,0.00364,0.0,301
1,1,0,0,0,0,0,1,0,0,0,0,1,0,1,1,0,1,1,1,0,1,0,1,0,0,0,0,0,1,0,1,0,0,0,0,0,0,waterfall_cif.y4m,66.39,66.358,0.476676,0.00514,0.0,356
1,1,0,0,0,0,0,0,0,0,1,0,1,1,0,1,0,1,1,0,1,1,0,0,0,0,0,1,0,1,0,1,1,1,0,0,0,0,waterfall_cif.y4m,7.83,7.832,0.021679,0.003897,0.0,269
1,1,0,0,0,0,0,0,0,0,1,0,1,0,1,1,0,1,1,1,0,1,0,0,1,0,0,0,0,1,0,1,1,0,0,0,1,0,waterfall_cif.y4m,7.34,7.162,0.343249,0.006272,0.0,274
1,1,0,0,0,0,0,0,0,0,1,0,1,0,1,1,0,1,1,1,0,1,0,0,0,1,0,0,0,1,1,0,1,1,0,0,0,0,waterfall_cif.y4m,4.34,4.342,0.037683,0.005212,0.0,307
1,1,0,0,1,0,0,0,0,0,0,0,1,0,1,1,0,1,1,1,0,1,0,0,1,0,0,0,0,1,0,1,1,1,0,0,0,0,waterfall_cif.y4m,13.83,13.694,0.356132,0.004276,0.0,254
1,1,0,0,0,0,0,0,0,0,1,0,1,0,1,1,0,1,1,0,1,1,0,1,0,0,0,0,0,1,0,1,0,0,0,0,0,0,waterfall_cif.y4m,0.98,0.978,0.013038,0.003653,0.0,208
1,1,0,0,1,0,0,0,0,0,0,0,1,1,0,1,1,1,1,1,0,1,0,0,1,0,0,0,0,1,0,1,1,0,1,0,0,0,waterfall_cif.y4m,1.21,1.22,0.045826,0.007222,0.0,279
1,1,0,0,0,0,0,1,0,0,0,0,1,1,0,1,1,1,1,1,0,1,0,1,0,0,0,0,0,1,0,1,1,0,0,0,1,0,waterfall_cif.y4m,3.95,3.964,0.061482,0.003805,0.0,171
1,1,0,0,0,0,0,0,0,1,0,0,1,1,0,1,0,1,1,0,1,1,0,0,0,0,0,1,0,1,0,1,1,0,0,0,1,0,waterfall_cif.y4m,17.65,17.346,0.658354,0.005634,0.0,99
1,1,1,0,0,0,0,0,0,0,0,0,1,0,1,1,1,1,1,1,0,1,0,1,0,0,0,0,0,1,1,0,1,0,1,0,0,0,waterfall_cif.y4m,5.45,5.438,0.065727,0.003587,0.0,81
1,1,0,0,0,0,0,0,0,0,1,0,1,0,1,1,1,1,1,0,1,1,0,0,1,0,0,0,0,1,1,0,1,0,1,0,0,0,waterfall_cif.y4m,1.69,1.692,0.010954,0.004189,0.0,155
1,1,0,0,0,1,0,0,0,0,0,0,1,1,0,1,0,1,1,1,0,1,1,0,0,0,0,0,0,1,1,0,1,1,0,0,0,0,waterfall_cif.y4m,3.41,3.416,0.035071,0.005212,0.0,185
1,1,0,0,1,0,0,0,0,0,0,0,1,1,0,1,0,0,1,0,1,1,0,0,0,0,0,1,0,1,0,1,0,0,0,0,0,0,waterfall_cif.y4m,2.11,2.108,0.020494,0.0039,0.0,376
1,1,0,0,0,0,0,0,1,0,0,0,1,1,0,1,0,1,1,0,1,1,0,1,0,0,0,0,0,1,1,0,0,0,0,0,0,0,waterfall_cif.y4m,0.74,0.736,0.005477,0.003749,0.0,204
1,1,0,0,0,0,0,0,1,0,0,0,1,1,0,1,1,0,1,0,1,1,0,0,0,0,1,0,0,1,1,0,1,0,0,0,0,1,waterfall_cif.y4m,38.99,38.228,1.304462,0.004531,0.0,246
1,1,0,0,0,0,0,1,0,0,0,0,1,1,0,1,1,1,1,0,1,1,0,0,1,0,0,0,0,1,0,1,0,0,0,0,0,0,waterfall_cif.y4m,22.91,22.892,0.099599,0.003463,0.0,230
1,1,0,0,0,0,0,0,1,0,0,0,1,0,1,1,1,0,1,0,1,1,0,0,0,0,0,1,0,1,1,0,1,0,0,0,1,0,waterfall_cif.y4m,37.94,37.816,0.315087,0.006827,0.0,27
1,1,0,1,0,0,0,0,0,0,0,0,1,1,0,1,1,1,1,0,1,1,1,0,0,0,0,0,0,1,1,0,0,0,0,0,0,0,waterfall_cif.y4m,2.42,2.434,0.032094,0.003039,0.0,137
1,1,0,0,0,0,0,0,0,0,1,0,1,1,0,1,1,1,1,1,0,1,0,0,0,0,1,0,0,1,0,1,1,0,0,0,1,0,waterfall_cif.y4m,3.37,3.354,0.032094,0.005633,0.0,169
1,1,0,0,0,0,0,0,0,0,1,0,1,0,1,1,0,1,1,0,1,1,1,0,0,0,0,0,0,1,0,1,1,0,0,0,0,1,waterfall_cif.y4m,46.23,46.242,0.135351,0.003513,0.0,33
1,1,0,0,0,0,0,0,1,0,0,0,1,0,1,1,0,1,1,0,1,1,0,1,0,0,0,0,0,1,1,0,0,0,0,0,0,0,waterfall_cif.y4m,17.8,17.434,0.667518,0.00637,0.0,205
1,1,0,0,0,0,0,0,0,0,1,0,1,1,0,1,1,0,1,0,1,1,0,0,0,0,1,0,0,1,1,0,1,0,0,0,0,1,waterfall_cif.y4m,4.62,4.626,0.039115,0.003553,0.0,245
1,1,1,0,0,0,0,0,0,0,0,0,1,1,0,1,0,0,1,1,0,1,0,0,1,0,0,0,0,1,1,0,1,0,0,0,0,1,waterfall_cif.y4m,3.5,3.496,0.072319,0.003912,0.0,163
1,1,0,0,1,0,0,0,0,0,0,0,1,1,0,1,1,0,1,1,0,1,1,0,0,0,0,0,0,1,0,1,1,1,0,0,0,0,waterfall_cif.y4m,2.11,2.11,0.024495,0.0039,0.0,4
1,1,0,0,1,0,0,0,0,0,0,0,1,1,0,1,0,0,1,0,1,1,1,0,0,0,0,0,0,1,1,0,1,0,0,0,1,0,waterfall_cif.y4m,1.63,1.632,0.044944,0.007222,0.0,141
1,1,1,0,0,0,0,0,0,0,0,0,1,1,0,1,1,1,1,0,1,1,0,0,1,0,0,0,0,1,1,0,1,1,0,0,0,0,waterfall_cif.y4m,68.44,68.134,0.713849,0.004682,0.0,159
1,1,0,0,0,0,0,0,1,0,0,0,1,1,0,1,0,1,1,0,1,1,0,0,1,0,0,0,0,1,0,1,1,0,0,0,0,1,waterfall_cif.y4m,8.11,8.082,0.07791,0.005605,0.0,336
1,1,0,0,0,1,0,0,0,0,0,0,1,1,0,1,0,0,1,0,1,1,0,0,0,0,0,0,1,1,1,0,1,0,0,0,1,0,waterfall_cif.y4m,19.93,19.916,0.144845,0.003269,0.0,72
1,1,0,0,0,0,0,0,1,0,0,0,1,1,0,1,1,0,1,1,0,1,0,0,1,0,0,0,0,1,1,0,1,0,0,0,0,1,waterfall_cif.y4m,3.39,3.386,0.023022,0.003697,0.0,248
1,1,0,1,0,0,0,0,0,0,0,0,1,0,1,1,1,1,1,1,0,1,0,0,0,0,0,1,0,1,0,1,1,0,0,0,0,1,waterfall_cif.y4m,63.34,63.294,0.195397,0.00434,0.0,130
1,1,0,0,0,1,0,0,0,0,0,0,1,0,1,1,1,1,1,1,0,1,0,0,0,0,0,0,1,1,1,0,0,0,0,0,0,0,waterfall_cif.y4m,47.66,47.636,0.285447,0.003362,0.0,324
1,1,1,0,0,0,0,0,0,0,0,0,1,0,1,1,0,1,1,1,0,1,0,1,0,0,0,0,0,1,0,1,0,0,0,0,0,0,waterfall_cif.y4m,54.2,54.198,0.152709,0.006785,0.0,354
1,1,0,0,0,0,0,0,0,0,1,0,1,0,1,1,0,0,1,1,0,1,0,0,0,1,0,0,0,1,0,1,0,0,0,0,0,0,waterfall_cif.y4m,31.92,31.764,0.345442,0.004264,0.0,291
1,1,0,0,0,0,0,0,0,0,1,0,1,1,0,1,0,0,1,1,0,1,0,1,0,0,0,0,0,1,1,0,1,0,1,0,0,0,waterfall_cif.y4m,1.58,1.582,0.036332,0.003615,0.0,237
1,1,0,0,0,1,0,0,0,0,0,0,1,1,0,1,1,0,1,1,0,1,1,0,0,0,0,0,0,1,1,0,1,1,0,0,0,0,waterfall_cif.y4m,1.45,1.446,0.011402,0.003034,0.0,183
1,1,0,0,0,1,0,0,0,0,0,0,1,0,1,1,1,1,1,0,1,1,0,0,1,0,0,0,0,1,0,1,0,0,0,0,0,0,waterfall_cif.y4m,1.57,1.562,0.021679,0.003895,0.0,227
1,1,0,0,0,0,0,0,1,0,0,0,1,1,0,1,0,1,1,0,1,1,0,0,0,0,0,1,0,1,0,1,0,0,0,0,0,0,waterfall_cif.y4m,3.87,3.874,0.036469,0.00474,0.0,338
1,1,0,0,1,0,0,0,0,0,0,0,1,0,1,1,0,0,1,0,1,1,1,0,0,0,0,0,0,1,1,0,1,0,0,0,1,0,waterfall_cif.y4m,11.55,11.568,0.060166,0.003433,0.0,142
1,1,0,0,1,0,0,0,0,0,0,0,1,1,0,1,1,1,1,0,1,1,0,0,1,0,0,0,0,1,1,0,1,0,0,0,0,1,waterfall_cif.y4m,11.81,11.818,0.034205,0.003932,0.0,332
1,1,0,0,0,0,0,0,0,1,0,0,1,0,1,1,0,0,1,1,0,1,0,0,0,0,1,0,0,1,0,1,1,0,0,0,1,0,waterfall_cif.y4m,68.57,68.438,0.411485,0.004468,0.0,95
1,1,0,0,1,0,0,0,0,0,0,0,1,0,1,1,0,0,1,0,1,1,0,0,0,1,0,0,0,1,0,1,0,0,0,0,0,0,waterfall_cif.y4m,6.76,6.746,0.060663,0.004038,0.0,289
1,1,0,0,1,0,0,0,0,0,0,0,1,1,0,1,0,0,1,0,1,1,0,0,0,0,0,1,0,1,0,1,1,0,0,1,0,0,waterfall_cif.y4m,1.36,1.352,0.010954,0.003615,0.0,378
1,1,0,0,1,0,0,0,0,0,0,0,1,1,0,1,1,1,1,1,0,1,0,0,1,0,0,0,0,1,0,1,1,0,0,0,1,0,waterfall_cif.y4m,21.53,21.502,0.065345,0.00348,0.0,278
1,1,0,0,0,0,0,0,0,0,1,0,1,0,1,1,1,0,1,0,1,1,1,0,0,0,0,0,0,1,0,1,1,0,0,0,1,0,waterfall_cif.y4m,4.5,4.476,0.165922,0.004118,0.0,30
1,1,0,0,1,0,0,0,0,0,0,0,1,1,0,1,0,0,1,0,1,1,0,1,0,0,0,0,0,1,0,1,1,0,0,0,0,1,waterfall_cif.y4m,1.11,1.108,0.008367,0.004053,0.0,120
1,1,0,0,0,1,0,0,0,0,0,0,1,1,0,1,1,1,1,0,1,1,0,0,0,0,0,1,0,1,0,1,0,0,0,0,0,0,waterfall_cif.y4m,1.47,1.46,0.018708,0.003986,0.0,265
1,1,0,0,0,0,0,0,0,0,1,0,1,1,0,1,1,0,1,1,0,1,0,0,0,0,0,1,0,1,0,1,0,0,0,0,0,0,waterfall_cif.y4m,3.03,3.022,0.025884,0.003969,0.0,296
1,1,0,0,0,0,0,1,0,0,0,0,1,1,0,1,1,1,1,1,0,1,0,1,0,0,0,0,0,1,0,1,0,0,0,0,0,0,waterfall_cif.y4m,6.51,6.508,0.031937,0.004685,0.0,232
1,1,0,0,0,0,0,0,0,0,1,0,1,0,1,1,0,0,1,1,0,1,0,0,1,0,0,0,0,1,1,0,1,0,0,1,0,0,waterfall_cif.y4m,5.51,5.522,0.057619,0.005098,0.0,310
1,1,0,0,0,0,0,1,0,0,0,0,1,0,1,1,1,1,1,0,1,1,0,0,0,0,0,1,0,1,0,1,1,0,0,1,0,0,waterfall_cif.y4m,41.15,40.702,0.982965,0.003105,0.0,349
1,1,0,0,1,0,0,0,0,0,0,0,1,1,0,1,0,1,1,0,1,1,0,0,0,0,0,1,0,1,0,1,0,0,0,0,0,0,waterfall_cif.y4m,3.06,3.05,0.041833,0.004256,0.0,377
1,1,0,0,0,0,0,0,0,1,0,0,1,0,1,1,1,1,1,1,0,1,0,0,0,0,1,0,0,1,0,1,1,0,0,0,1,0,waterfall_cif.y4m,62.52,62.084,0.966607,0.00348,0.0,94
1,1,1,0,0,0,0,0,0,0,0,0,1,1,0,1,1,0,1,0,1,1,1,0,0,0,0,0,0,1,0,1,1,1,0,0,0,0,waterfall_cif.y4m,4.34,4.33,0.05099,0.005212,0.0,178
1,1,0,0,0,0,0,0,0,0,1,0,1,0,1,1,0,0,1,1,0,1,0,0,0,0,0,1,0,1,0,1,1,0,0,0,0,1,waterfall_cif.y4m,4.21,4.218,0.031145,0.004103,0.0,127
1,1,0,0,0,0,0,1,0,0,0,0,1,0,1,1,1,0,1,0,1,1,0,0,0,1,0,0,0,1,0,1,1,0,0,0,1,0,waterfall_cif.y4m,1.21,1.21,0.015811,0.003377,0.0,111
1,1,1,0,0,0,0,0,0,0,0,0,1,0,1,1,0,1,1,1,0,1,0,1,0,0,0,0,0,1,0,1,1,0,0,1,0,0,waterfall_cif.y4m,2.87,2.892,0.040866,0.004792,0.0,353
1,1,0,0,0,0,1,0,0,0,0,0,1,0,1,1,1,1,1,1,0,1,0,1,0,0,0,0,0,1,1,0,1,0,0,0,1,0,waterfall_cif.y4m,2.93,2.936,0.018166,0.004303,0.0,45
1,1,0,0,0,1,0,0,0,0,0,0,1,0,1,1,1,1,1,0,1,1,0,0,1,0,0,0,0,1,1,0,0,0,0,0,0,0,waterfall_cif.y4m,1.1,1.082,0.0502,0.003781,0.0,226
1,1,0,0,0,0,0,0,0,0,0,1,1,1,0,1,1,0,1,0,1,1,0,0,0,0,0,1,0,1,1,0,1,0,0,0,0,1,waterfall_cif.y4m,4.23,4.238,0.020494,0.004185,0.0,59
1,1,0,0,0,0,0,0,1,0,0,0,1,1,0,1,1,1,1,1,0,1,1,0,0,0,0,0,0,1,0,1,1,1,0,0,0,0,waterfall_cif.y4m,23.41,23.368,0.160997,0.004436,0.0,19
1,1,0,0,0,0,0,0,0,0,0,1,1,1,0,1,0,1,1,0,1,1,0,0,0,1,0,0,0,1,1,0,1,1,0,0,0,0,waterfall_cif.y4m,12.12,11.904,0.457854,0.003437,0.0,304
1,1,0,0,0,0,0,0,1,0,0,0,1,0,1,1,0,1,1,0,1,1,0,1,0,0,0,0,0,1,0,1,0,0,0,0,0,0,waterfall_cif.y4m,3.39,3.394,0.020736,0.003697,0.0,207
1,1,0,0,0,0,1,0,0,0,0,0,1,1,0,1,1,1,1,1,0,1,0,1,0,0,0,0,0,1,1,0,0,0,0,0,0,0,waterfall_cif.y4m,65.87,65.894,0.14775,0.004439,0.0,43
1,1,0,0,0,0,1,0,0,0,0,0,1,1,0,1,1,0,1,1,0,1,1,0,0,0,0,0,0,1,1,0,1,0,0,0,0,1,waterfall_cif.y4m,1.51,1.508,0.010954,0.003744,0.0,40
1,1,0,0,0,1,0,0,0,0,0,0,1,0,1,1,0,1,1,1,0,1,1,0,0,0,0,0,0,1,1,0,1,1,0,0,0,0,waterfall_cif.y4m,49.34,49.196,0.714654,0.003301,0.0,186
1,1,0,0,1,0,0,0,0,0,0,0,1,0,1,1,0,0,1,0,1,1,0,0,0,1,0,0,0,1,0,1,1,0,0,0,0,1,waterfall_cif.y4m,2.18,2.168,0.06261,0.004048,0.0,288
1,1,1,0,0,0,0,0,0,0,0,0,1,1,0,1,1,0,1,1,0,1,0,1,0,0,0,0,0,1,1,0,1,0,1,0,0,0,waterfall_cif.y4m,3.6,3.588,0.023875,0.004206,0.0,82
1,1,0,0,0,0,0,0,0,0,1,0,1,0,1,1,1,1,1,0,1,1,0,0,0,1,0,0,0,1,0,1,0,0,0,0,0,0,waterfall_cif.y4m,2.52,2.51,0.030822,0.003103,0.0,211
1,1,0,0,1,0,0,0,0,0,0,0,1,0,1,1,1,1,1,0,1,1,0,0,0,0,0,1,0,1,1,0,1,0,0,1,0,0,waterfall_cif.y4m,39.23,38.432,1.659645,0.004531,0.0,347
1,1,0,1,0,0,0,0,0,0,0,0,1,0,1,1,0,0,1,1,0,1,1,0,0,0,0,0,0,1,1,0,1,0,0,0,1,0,waterfall_cif.y4m,6.58,6.586,0.019494,0.004281,0.0,13
1,1,0,0,0,0,0,1,0,0,0,0,1,0,1,1,1,1,1,0,1,1,0,0,1,0,0,0,0,1,0,1,0,0,0,0,0,0,waterfall_cif.y4m,191.86,191.79,0.330681,0.004509,0.0,228
1,1,0,0,0,0,0,0,0,1,0,0,1,1,0,1,0,1,1,0,1,1,0,0,1,0,0,0,0,1,0,1,1,0,0,0,0,1,waterfall_cif.y4m,4.01,4.012,0.037683,0.003805,0.0,335
1,1,0,0,0,0,0,0,1,0,0,0,1,1,0,1,1,0,1,0,1,1,0,0,1,0,0,0,0,1,1,0,1,1,0,0,0,0,waterfall_cif.y4m,10.78,10.736,0.163799,0.003451,0.0,24
1,1,1,0,0,0,0,0,0,0,0,0,1,0,1,1,0,1,1,0,1,1,0,1,0,0,0,0,0,1,0,1,1,0,0,1,0,0,waterfall_cif.y4m,83.11,83.138,0.086429,0.006723,0.0,352
1,1,0,0,0,0,1,0,0,0,0,0,1,0,1,1,0,0,1,1,0,1,0,0,0,0,0,1,0,1,1,0,0,0,0,0,0,0,waterfall_cif.y4m,2.62,2.636,0.04219,0.00322,0.0,368
1,1,1,0,0,0,0,0,0,0,0,0,1,0,1,1,1,1,1,1,0,1,0,1,0,0,0,0,0,1,1,0,0,0,0,0,0,0,waterfall_cif.y4m,1.18,1.176,0.005477,0.003905,0.0,80
1,1,0,0,1,0,0,0,0,0,0,0,1,1,0,1,0,0,1,0,1,1,0,1,0,0,0,0,0,1,0,1,0,0,0,0,0,0,waterfall_cif.y4m,13.87,13.796,0.165922,0.004517,0.0,121
1,1,0,0,0,0,0,0,0,0,1,0,1,0,1,1,1,1,1,0,1,1,0,0,1,0,0,0,0,1,1,0,1,1,0,0,0,0,waterfall_cif.y4m,2.26,2.254,0.008944,0.003039,0.0,156
1,1,0,1,0,0,0,0,0,0,0,0,1,0,1,1,1,1,1,1,0,1,0,0,0,0,0,1,0,1,1,0,1,1,0,0,0,0,waterfall_cif.y4m,0.6,0.604,0.011402,0.003351,0.0,9
1,1,0,0,0,0,0,0,0,0,1,0,1,1,0,1,0,0,1,1,0,1,0,0,0,0,1,0,0,1,1,0,1,0,0,0,0,1,waterfall_cif.y4m,4.3,4.312,0.058052,0.003553,0.0,165
1,1,0,0,0,0,0,0,0,0,1,0,1,0,1,1,0,0,1,1,0,1,0,1,0,0,0,0,0,1,0,1,1,0,0,0,0,1,waterfall_cif.y4m,3.22,3.226,0.023022,0.003155,0.0,126
1,1,0,0,1,0,0,0,0,0,0,0,1,1,0,1,1,1,1,0,1,1,0,0,1,0,0,0,0,1,0,1,1,0,1,0,0,0,waterfall_cif.y4m,1.17,1.168,0.004472,0.003906,0.0,280
1,1,0,0,0,0,0,1,0,0,0,0,1,0,1,1,1,1,1,1,0,1,0,1,0,0,0,0,0,1,0,1,1,0,0,0,1,0,waterfall_cif.y4m,1.0,1.002,0.010954,0.006857,0.0,172
1,1,0,0,0,0,0,0,0,0,1,0,1,0,1,1,0,1,1,1,0,1,0,0,0,1,0,0,0,1,0,1,0,0,0,0,0,0,waterfall_cif.y4m,4.86,4.842,0.038987,0.00519,0.0,292
1,1,0,0,0,0,0,0,0,0,1,0,1,1,0,1,1,1,1,0,1,1,0,0,0,0,0,1,0,1,1,0,0,0,0,0,0,0,waterfall_cif.y4m,8.76,8.696,0.125817,0.004294,0.0,105
1,1,0,0,0,1,0,0,0,0,0,0,1,0,1,1,1,1,1,0,1,1,0,0,0,0,0,0,1,1,1,0,1,0,1,0,0,0,waterfall_cif.y4m,8.68,8.766,0.162419,0.004015,0.0,76
1,1,0,0,0,1,0,0,0,0,0,0,1,0,1,1,0,0,1,1,0,1,1,0,0,0,0,0,0,1,1,0,1,0,0,0,0,1,waterfall_cif.y4m,39.38,38.728,1.542375,0.00431,0.0,221
1,1,0,0,0,0,0,0,0,0,1,0,1,1,0,1,1,0,1,1,0,1,0,0,0,0,1,0,0,1,0,1,1,0,0,0,0,1,waterfall_cif.y4m,18.17,18.184,0.046152,0.003348,0.0,167
1,1,0,0,0,0,0,0,0,0,1,0,1,0,1,1,0,1,1,0,1,1,1,0,0,0,0,0,0,1,1,0,1,0,0,0,0,1,waterfall_cif.y4m,111.63,111.436,0.48387,0.003745,0.0,35
1,1,0,0,1,0,0,0,0,0,0,0,1,1,0,1,0,0,1,1,0,1,0,1,0,0,0,0,0,1,0,1,1,0,1,0,0,0,waterfall_cif.y4m,1.68,1.674,0.023022,0.00323,0.0,235
1,1,0,0,0,0,0,0,0,1,0,0,1,1,0,1,1,1,1,0,1,1,0,0,1,0,0,0,0,1,0,1,1,0,0,0,0,1,waterfall_cif.y4m,6.52,6.518,0.019235,0.004051,0.0,333
1,1,0,0,0,0,1,0,0,0,0,0,1,0,1,1,1,1,1,1,0,1,0,1,0,0,0,0,0,1,1,0,0,0,0,0,0,0,waterfall_cif.y4m,35.04,35.026,0.04669,0.004459,0.0,44
1,1,0,0,1,0,0,0,0,0,0,0,1,0,1,1,0,1,1,1,0,1,0,1,0,0,0,0,0,1,0,1,1,1,0,0,0,0,waterfall_cif.y4m,65.47,65.488,0.038987,0.003681,0.0,256
1,1,0,0,0,0,0,1,0,0,0,0,1,0,1,1,1,0,1,0,1,1,0,1,0,0,0,0,0,1,0,1,1,0,0,0,0,1,waterfall_cif.y4m,315.5,316.79,2.740274,0.003315,0.0,192
1,1,0,0,0,0,1,0,0,0,0,0,1,1,0,1,1,1,1,1,0,1,1,0,0,0,0,0,0,1,1,0,1,0,0,0,0,1,waterfall_cif.y4m,7.4,7.434,0.084439,0.003535,0.0,41
1,1,0,0,0,0,0,0,0,0,1,0,1,0,1,1,0,1,1,1,0,1,0,0,0,0,0,1,0,1,0,1,1,0,0,0,1,0,waterfall_cif.y4m,43.34,43.21,0.358887,0.005016,0.0,273
1,1,0,0,0,0,0,0,0,0,1,0,1,1,0,1,0,1,1,0,1,1,0,0,0,0,0,1,0,1,0,1,0,0,0,0,0,0,waterfall_cif.y4m,40.43,40.342,0.311239,0.005181,0.0,101
1,1,0,0,0,0,0,0,0,0,1,0,1,0,1,1,1,1,1,0,1,1,0,0,0,0,1,0,0,1,1,0,1,0,1,0,0,0,waterfall_cif.y4m,19.82,19.798,0.115629,0.004363,0.0,242
1,1,0,0,0,0,0,0,0,0,1,0,1,1,0,1,0,1,1,0,1,1,0,0,0,0,0,1,0,1,1,0,0,0,0,0,0,0,waterfall_cif.y4m,7.55,7.252,0.465048,0.006272,0.0,103
1,1,1,0,0,0,0,0,0,0,0,0,1,1,0,1,1,0,1,1,0,1,0,1,0,0,0,0,0,1,0,1,0,0,0,0,0,0,waterfall_cif.y4m,37.57,37.528,0.244683,0.003743,0.0,1
1,1,0,0,0,0,0,1,0,0,0,0,1,1,0,1,0,0,1,0,1,1,0,0,0,0,0,1,0,1,0,1,1,0,0,0,0,1,waterfall_cif.y4m,2.92,2.94,0.05244,0.004792,0.0,56
1,1,0,0,1,0,0,0,0,0,0,0,1,0,1,1,0,0,1,0,1,1,0,0,0,0,0,0,1,1,0,1,0,0,0,0,0,0,waterfall_cif.y4m,8.29,8.27,0.053385,0.004294,0.0,373
1,1,0,0,0,0,0,0,1,0,0,0,1,1,0,1,1,1,1,0,1,1,0,1,0,0,0,0,0,1,0,1,1,0,1,0,0,0,waterfall_cif.y4m,57.64,57.258,0.607758,0.004386,0.0,318
1,1,0,0,0,1,0,0,0,0,0,0,1,1,0,1,0,0,1,1,0,1,0,0,0,0,1,0,0,1,1,0,0,0,0,0,0,0,waterfall_cif.y4m,119.21,119.028,0.424994,0.004802,0.0,69
1,1,0,1,0,0,0,0,0,0,0,0,1,0,1,1,0,0,1,1,0,1,0,0,0,0,0,1,0,1,1,0,1,1,0,0,0,0,waterfall_cif.y4m,2.83,2.812,0.039623,0.004229,0.0,11
1,1,0,0,1,0,0,0,0,0,0,0,1,0,1,1,0,0,1,1,0,1,0,1,0,0,0,0,0,1,0,1,1,0,0,1,0,0,waterfall_cif.y4m,3.52,3.53,0.038079,0.00456,0.0,258
1,1,0,0,0,0,0,0,0,0,1,0,1,0,1,1,0,0,1,1,0,1,0,1,0,0,0,0,0,1,1,0,1,0,1,0,0,0,waterfall_cif.y4m,179.45,179.598,0.444601,0.003401,0.0,238
1,1,0,0,0,0,0,1,0,0,0,0,1,0,1,1,1,0,1,1,0,1,1,0,0,0,0,0,0,1,0,1,1,0,0,0,1,0,waterfall_cif.y4m,174.28,174.092,1.073205,0.004721,0.0,173
1,1,0,0,0,0,0,1,0,0,0,0,1,0,1,1,0,1,1,0,1,1,0,1,0,0,0,0,0,1,0,1,1,1,0,0,0,0,waterfall_cif.y4m,106.02,106.082,0.306953,0.003421,0.0,190
1,1,0,1,0,0,0,0,0,0,0,0,1,0,1,1,1,0,1,1,0,1,0,0,0,0,0,1,0,1,0,1,1,1,0,0,0,0,waterfall_cif.y4m,34.07,34.074,0.168315,0.003331,0.0,7
1,1,0,0,0,1,0,0,0,0,0,0,1,0,1,1,1,1,1,0,1,1,0,0,0,0,0,0,1,1,1,0,0,0,0,0,0,0,waterfall_cif.y4m,1.35,1.35,0.04062,0.003653,0.0,323
1,1,0,0,0,1,0,0,0,0,0,0,1,0,1,1,0,0,1,0,1,1,0,0,0,0,0,0,1,1,1,0,1,0,0,0,1,0,waterfall_cif.y4m,63.3,63.316,0.283602,0.00346,0.0,73
1,1,0,0,0,0,0,0,0,0,1,0,1,0,1,1,1,0,1,0,1,1,0,1,0,0,0,0,0,1,0,1,0,0,0,0,0,0,waterfall_cif.y4m,66.57,66.598,0.124579,0.004439,0.0,209
1,1,0,1,0,0,0,0,0,0,0,0,1,1,0,1,1,0,1,0,1,1,1,0,0,0,0,0,0,1,1,0,0,0,0,0,0,0,waterfall_cif.y4m,3.11,3.108,0.023875,0.003537,0.0,138
1,1,0,0,0,1,0,0,0,0,0,0,1,1,0,1,1,1,1,1,0,1,0,0,0,0,0,1,0,1,0,1,0,0,0,0,0,0,waterfall_cif.y4m,39.72,39.436,0.608835,0.003122,0.0,264
1,1,0,0,0,0,0,0,0,1,0,0,1,0,1,1,0,1,1,0,1,1,0,0,0,0,0,1,0,1,0,1,1,0,0,0,1,0,waterfall_cif.y4m,125.01,124.6,1.195805,0.004802,0.0,98
1,1,0,0,0,0,0,0,0,0,1,0,1,1,0,1,0,0,1,0,1,1,0,0,0,0,0,1,0,1,1,0,1,0,0,1,0,0,waterfall_cif.y4m,2.35,2.346,0.015166,0.00333,0.0,380
1,1,0,0,1,0,0,0,0,0,0,0,1,1,0,1,1,1,1,1,0,1,0,1,0,0,0,0,0,1,1,0,1,0,1,0,0,0,waterfall_cif.y4m,67.97,67.864,0.354725,0.004978,0.0,85
1,1,0,0,0,0,0,0,0,0,1,0,1,0,1,1,0,0,1,0,1,1,1,0,0,0,0,0,0,1,0,1,1,0,0,0,1,0,waterfall_cif.y4m,36.15,36.072,0.164378,0.004686,0.0,31
1,1,0,1,0,0,0,0,0,0,0,0,1,0,1,1,1,0,1,1,0,1,0,0,0,0,0,1,0,1,1,0,1,1,0,0,0,0,waterfall_cif.y4m,1.62,1.622,0.010954,0.003744,0.0,8
1,1,0,0,1,0,0,0,0,0,0,0,1,1,0,1,1,1,1,1,0,1,1,0,0,0,0,0,0,1,0,1,1,1,0,0,0,0,waterfall_cif.y4m,4.48,4.48,0.066708,0.004741,0.0,216
1,1,0,0,1,0,0,0,0,0,0,0,1,1,0,1,1,1,1,0,1,1,0,0,0,1,0,0,0,1,0,1,1,1,0,0,0,0,waterfall_cif.y4m,0.81,0.81,0.01,0.004053,0.0,214
1,1,0,0,0,0,0,0,1,0,0,0,1,1,0,1,0,0,1,1,0,1,0,0,0,0,0,1,0,1,1,0,0,0,0,0,0,0,waterfall_cif.y4m,4.64,4.64,0.060415,0.003351,0.0,341
1,1,0,0,1,0,0,0,0,0,0,0,1,1,0,1,0,0,1,1,0,1,0,1,0,0,0,0,0,1,1,0,1,0,1,0,0,0,waterfall_cif.y4m,2.99,2.992,0.023875,0.005288,0.0,236
1,1,0,0,0,0,0,0,0,0,1,0,1,0,1,1,0,0,1,0,1,1,0,0,0,0,1,0,0,1,1,0,1,0,1,0,0,0,waterfall_cif.y4m,7.2,7.22,0.045277,0.005236,0.0,240
1,1,0,0,0,0,0,1,0,0,0,0,1,0,1,1,0,0,1,0,1,1,0,0,0,1,0,0,0,1,0,1,1,0,0,0,1,0,waterfall_cif.y4m,8.46,8.272,0.350528,0.006272,0.0,51
1,1,1,0,0,0,0,0,0,0,0,0,1,0,1,1,1,1,1,0,1,1,0,0,0,0,0,0,1,1,1,0,1,0,1,0,0,0,waterfall_cif.y4m,4.26,4.248,0.062209,0.004352,0.0,77
1,1,0,0,0,0,0,0,0,0,1,0,1,0,1,1,1,0,1,1,0,1,0,0,0,0,0,1,0,1,0,1,1,0,0,0,0,1,waterfall_cif.y4m,4.97,4.96,0.056125,0.004444,0.0,128
1,1,0,0,1,0,0,0,0,0,0,0,1,1,0,1,0,0,1,1,0,1,0,1,0,0,0,0,0,1,0,1,0,0,0,0,0,0,waterfall_cif.y4m,31.33,31.372,0.105688,0.004264,0.0,234
1,1,0,0,0,0,0,0,1,0,0,0,1,0,1,1,1,0,1,0,1,1,0,0,0,0,0,1,0,1,0,1,1,0,0,0,1,0,waterfall_cif.y4m,323.36,323.43,0.147817,0.003315,0.0,28
1,1,0,0,1,0,0,0,0,0,0,0,1,1,0,1,1,0,1,0,1,1,1,0,0,0,0,0,0,1,1,0,0,0,0,0,0,0,waterfall_cif.y4m,31.6,31.162,0.995274,0.003331,0.0,139
1,1,0,0,0,0,0,0,0,0,1,0,1,0,1,1,1,0,1,1,0,1,0,0,0,0,1,0,0,1,1,0,1,0,1,0,0,0,waterfall_cif.y4m,0.75,0.754,0.005477,0.003749,0.0,152
1,1,0,1,0,0,0,0,0,0,0,0,1,0,1,1,0,0,1,1,0,1,0,0,0,0,0,1,0,1,1,0,1,0,0,0,1,0,waterfall_cif.y4m,56.89,56.768,0.354288,0.006726,0.0,12
1,1,0,0,0,0,1,0,0,0,0,0,1,0,1,1,0,1,1,1,0,1,0,0,0,0,0,1,0,1,1,0,0,0,0,0,0,0,waterfall_cif.y4m,0.74,0.736,0.005477,0.003749,0.0,369
1,1,0,0,0,0,0,0,0,0,0,1,1,1,0,1,1,0,1,0,1,1,0,0,0,0,0,1,0,1,0,1,1,0,0,0,0,1,waterfall_cif.y4m,18.28,18.296,0.041593,0.003348,0.0,58
1,1,0,0,0,0,0,0,1,0,0,0,1,1,0,1,1,0,1,1,0,1,1,0,0,0,0,0,0,1,1,0,0,0,0,0,0,0,waterfall_cif.y4m,17.55,17.234,0.68897,0.005634,0.0,64
1,1,0,0,0,0,0,0,1,0,0,0,1,1,0,1,1,0,1,1,0,1,0,0,1,0,0,0,0,1,1,0,1,1,0,0,0,0,waterfall_cif.y4m,13.17,13.162,0.017889,0.004238,0.0,21
1,1,0,0,0,1,0,0,0,0,0,0,1,0,1,1,1,1,1,0,1,1,0,0,1,0,0,0,0,1,1,0,1,0,0,0,0,1,waterfall_cif.y4m,38.88,38.848,0.213705,0.004531,0.0,225
1,1,0,0,0,0,1,0,0,0,0,0,1,0,1,1,1,0,1,1,0,1,0,0,0,0,0,1,0,1,1,0,1,0,0,0,1,0,waterfall_cif.y4m,51.97,51.87,0.543553,0.003513,0.0,366
1,1,0,0,0,0,0,1,0,0,0,0,1,0,1,1,1,1,1,0,1,1,0,0,1,0,0,0,0,1,0,1,1,0,0,0,0,1,blue_sky_1080p25.y4m,36.43,36.082,0.767118,0.00318,0.0,114
1,1,0,0,1,0,0,0,0,0,0,0,1,1,0,1,1,1,1,0,1,1,0,0,1,0,0,0,0,1,1,0,1,0,1,0,0,0,blue_sky_1080p25.y4m,21.48,21.422,0.199173,0.002968,0.0,281
1,1,0,0,0,1,0,0,0,0,0,0,1,0,1,1,1,0,1,1,0,1,0,0,0,0,0,0,1,1,1,0,1,0,0,1,0,0,blue_sky_1080p25.y4m,55.48,55.432,0.107564,0.003114,0.0,325
1,1,1,0,0,0,0,0,0,0,0,0,1,1,0,1,1,0,1,1,0,1,0,0,0,0,1,0,0,1,1,0,1,1,0,0,0,0,blue_sky_1080p25.y4m,39.79,39.81,0.172772,0.003956,0.0,181
1,1,0,0,0,0,0,0,1,0,0,0,1,1,0,1,1,0,1,0,1,1,0,0,1,0,0,0,0,1,1,0,1,0,0,0,0,1,blue_sky_1080p25.y4m,901.49,903.854,5.829008,0.003894,0.0,247
1,1,0,0,0,0,0,0,0,0,1,0,1,1,0,1,1,0,1,1,0,1,0,0,0,0,1,0,0,1,1,0,1,0,0,0,0,1,blue_sky_1080p25.y4m,1609.5,1609.554,0.295432,0.003368,0.0,166
1,1,0,0,0,0,0,0,1,0,0,0,1,1,0,1,1,0,1,0,1,1,0,0,1,0,0,0,0,1,1,0,1,0,0,0,1,0,blue_sky_1080p25.y4m,57.46,56.818,1.848451,0.004599,0.0,25
1,1,0,0,0,0,0,1,0,0,0,0,1,0,1,1,0,0,1,1,0,1,0,1,0,0,0,0,0,1,0,1,0,0,0,0,0,0,blue_sky_1080p25.y4m,59.56,59.402,0.408987,0.003742,0.0,355
1,1,0,0,1,0,0,0,0,0,0,0,1,1,0,1,0,0,1,1,0,1,1,0,0,0,0,0,0,1,1,0,1,0,0,0,0,1,blue_sky_1080p25.y4m,12.77,12.796,0.055045,0.003346,0.0,219
1,1,0,0,0,1,0,0,0,0,0,0,1,1,0,1,1,0,1,1,0,1,0,0,0,0,1,0,0,1,1,0,1,1,0,0,0,0,blue_sky_1080p25.y4m,56.91,56.926,0.090995,0.003742,0.0,182
1,1,0,1,0,0,0,0,0,0,0,0,1,0,1,1,0,1,1,1,0,1,0,0,0,0,0,1,0,1,1,0,1,1,0,0,0,0,blue_sky_1080p25.y4m,30.1,30.658,0.840369,0.003973,0.0,10
1,1,0,0,1,0,0,0,0,0,0,0,1,1,0,1,1,0,1,0,1,1,0,0,1,0,0,0,0,1,0,1,1,0,0,0,0,1,blue_sky_1080p25.y4m,274.45,274.226,0.767939,0.005033,0.0,116
1,1,0,0,0,1,0,0,0,0,0,0,1,1,0,1,1,1,1,0,1,1,0,0,0,0,0,1,0,1,0,1,1,1,0,0,0,0,blue_sky_1080p25.y4m,40.55,40.522,0.152709,0.003173,0.0,266
1,1,0,0,0,0,0,0,1,0,0,0,1,1,0,1,0,0,1,0,1,1,0,0,1,0,0,0,0,1,1,0,1,0,0,1,0,0,blue_sky_1080p25.y4m,324.82,324.496,0.755599,0.006,0.0,313
1,1,0,0,0,0,0,1,0,0,0,0,1,0,1,1,0,0,1,1,0,1,0,0,0,0,0,0,1,1,0,1,0,0,0,0,0,0,blue_sky_1080p25.y4m,123.33,123.178,0.625756,0.006346,0.0,357
1,1,0,0,0,1,0,0,0,0,0,0,1,0,1,1,0,1,1,0,1,1,1,0,0,0,0,0,0,1,1,0,1,1,0,0,0,0,blue_sky_1080p25.y4m,30.65,30.484,0.376869,0.005263,0.0,187
1,1,0,0,0,0,0,0,1,0,0,0,1,1,0,1,1,1,1,0,1,1,0,0,1,0,0,0,0,1,1,0,1,1,0,0,0,0,blue_sky_1080p25.y4m,2431.73,2431.618,1.013938,0.003362,0.0,23
1,1,0,0,1,0,0,0,0,0,0,0,1,1,0,1,1,0,1,1,0,1,0,1,0,0,0,0,0,1,0,1,0,0,0,0,0,0,blue_sky_1080p25.y4m,283.23,283.148,0.60821,0.004872,0.0,2
1,1,0,0,0,0,0,0,0,0,0,1,1,1,0,1,1,0,1,0,1,1,0,0,0,0,0,1,0,1,1,0,1,1,0,0,0,0,blue_sky_1080p25.y4m,1734.02,1733.636,1.593088,0.00388,0.0,301
1,1,0,0,0,0,0,1,0,0,0,0,1,0,1,1,0,1,1,1,0,1,0,1,0,0,0,0,0,1,0,1,0,0,0,0,0,0,blue_sky_1080p25.y4m,1272.42,1272.548,3.834256,0.006025,0.0,356
1,1,0,0,0,0,0,0,0,0,1,0,1,1,0,1,0,1,1,0,1,1,0,0,0,0,0,1,0,1,0,1,1,1,0,0,0,0,blue_sky_1080p25.y4m,69.66,69.632,0.133866,0.003608,0.0,269
1,1,0,0,0,0,0,0,0,0,1,0,1,0,1,1,0,1,1,1,0,1,0,0,1,0,0,0,0,1,0,1,1,0,0,0,1,0,blue_sky_1080p25.y4m,113.87,113.802,0.16453,0.006335,0.0,274
1,1,0,0,0,0,0,0,0,0,1,0,1,0,1,1,0,1,1,1,0,1,0,0,0,1,0,0,0,1,1,0,1,1,0,0,0,0,blue_sky_1080p25.y4m,50.09,49.848,0.652242,0.004533,0.0,307
1,1,0,0,1,0,0,0,0,0,0,0,1,0,1,1,0,1,1,1,0,1,0,0,1,0,0,0,0,1,0,1,1,1,0,0,0,0,blue_sky_1080p25.y4m,243.31,243.006,0.731526,0.005161,0.0,254
1,1,0,0,0,0,0,0,0,0,1,0,1,0,1,1,0,1,1,0,1,1,0,1,0,0,0,0,0,1,0,1,0,0,0,0,0,0,blue_sky_1080p25.y4m,18.75,18.66,0.163401,0.003452,0.0,208
1,1,0,0,1,0,0,0,0,0,0,0,1,1,0,1,1,1,1,1,0,1,0,0,1,0,0,0,0,1,0,1,1,0,1,0,0,0,blue_sky_1080p25.y4m,15.09,14.964,0.293394,0.006016,0.0,279
1,1,0,0,0,0,0,1,0,0,0,0,1,1,0,1,1,1,1,1,0,1,0,1,0,0,0,0,0,1,0,1,1,0,0,0,1,0,blue_sky_1080p25.y4m,54.56,54.3,0.611433,0.003582,0.0,171
1,1,0,0,0,0,0,0,0,1,0,0,1,1,0,1,0,1,1,0,1,1,0,0,0,0,0,1,0,1,0,1,1,0,0,0,1,0,blue_sky_1080p25.y4m,331.86,331.652,0.458988,0.006,0.0,99
1,1,1,0,0,0,0,0,0,0,0,0,1,0,1,1,1,1,1,1,0,1,0,1,0,0,0,0,0,1,1,0,1,0,1,0,0,0,blue_sky_1080p25.y4m,58.73,58.634,0.248455,0.003681,0.0,81
1,1,0,0,0,0,0,0,0,0,1,0,1,0,1,1,1,1,1,0,1,1,0,0,1,0,0,0,0,1,1,0,1,0,1,0,0,0,blue_sky_1080p25.y4m,26.2,25.844,0.784908,0.004367,0.0,155
1,1,0,0,0,1,0,0,0,0,0,0,1,1,0,1,0,1,1,1,0,1,1,0,0,0,0,0,0,1,1,0,1,1,0,0,0,0,blue_sky_1080p25.y4m,49.73,49.54,0.393764,0.004533,0.0,185
1,1,0,0,1,0,0,0,0,0,0,0,1,1,0,1,0,0,1,0,1,1,0,0,0,0,0,1,0,1,0,1,0,0,0,0,0,0,blue_sky_1080p25.y4m,25.52,25.54,0.096695,0.003728,0.0,376
1,1,0,0,0,0,0,0,1,0,0,0,1,1,0,1,0,1,1,0,1,1,0,1,0,0,0,0,0,1,1,0,0,0,0,0,0,0,blue_sky_1080p25.y4m,11.91,11.92,0.04,0.003969,0.0,204
1,1,0,0,0,0,0,0,1,0,0,0,1,1,0,1,1,0,1,0,1,1,0,0,0,0,1,0,0,1,1,0,1,0,0,0,0,1,blue_sky_1080p25.y4m,749.68,750.078,0.714542,0.004791,0.0,246
1,1,0,0,0,0,0,1,0,0,0,0,1,1,0,1,1,1,1,0,1,1,0,0,1,0,0,0,0,1,0,1,0,0,0,0,0,0,blue_sky_1080p25.y4m,319.22,319.11,2.38977,0.004009,0.0,230
1,1,0,0,0,0,0,0,1,0,0,0,1,0,1,1,1,0,1,0,1,1,0,0,0,0,0,1,0,1,1,0,1,0,0,0,1,0,blue_sky_1080p25.y4m,535.28,534.688,1.92509,0.007231,0.0,27
1,1,0,1,0,0,0,0,0,0,0,0,1,1,0,1,1,1,1,0,1,1,1,0,0,0,0,0,0,1,1,0,0,0,0,0,0,0,blue_sky_1080p25.y4m,26.31,26.276,0.092087,0.002916,0.0,137
1,1,0,0,0,0,0,0,0,0,1,0,1,1,0,1,1,1,1,1,0,1,0,0,0,0,1,0,0,1,0,1,1,0,0,0,1,0,blue_sky_1080p25.y4m,40.4,40.384,0.399036,0.004812,0.0,169
1,1,0,0,0,0,0,0,0,0,1,0,1,0,1,1,0,1,1,0,1,1,1,0,0,0,0,0,0,1,0,1,1,0,0,0,0,1,blue_sky_1080p25.y4m,595.48,595.786,0.975182,0.004005,0.0,33
1,1,0,0,0,0,0,0,1,0,0,0,1,0,1,1,0,1,1,0,1,1,0,1,0,0,0,0,0,1,1,0,0,0,0,0,0,0,blue_sky_1080p25.y4m,244.26,244.224,0.381418,0.006767,0.0,205
1,1,0,0,0,0,0,0,0,0,1,0,1,1,0,1,1,0,1,0,1,1,0,0,0,0,1,0,0,1,1,0,1,0,0,0,0,1,blue_sky_1080p25.y4m,49.27,49.02,0.675167,0.003649,0.0,245
1,1,1,0,0,0,0,0,0,0,0,0,1,1,0,1,0,0,1,1,0,1,0,0,1,0,0,0,0,1,1,0,1,0,0,0,0,1,blue_sky_1080p25.y4m,39.3,38.976,0.799644,0.004024,0.0,163
1,1,0,0,1,0,0,0,0,0,0,0,1,1,0,1,1,0,1,1,0,1,1,0,0,0,0,0,0,1,0,1,1,1,0,0,0,0,blue_sky_1080p25.y4m,25.37,25.336,0.236918,0.003728,0.0,4
1,1,0,0,1,0,0,0,0,0,0,0,1,1,0,1,0,0,1,0,1,1,1,0,0,0,0,0,0,1,1,0,1,0,0,0,1,0,blue_sky_1080p25.y4m,17.39,17.334,0.141174,0.006016,0.0,141
1,1,1,0,0,0,0,0,0,0,0,0,1,1,0,1,1,1,1,0,1,1,0,0,1,0,0,0,0,1,1,0,1,1,0,0,0,0,blue_sky_1080p25.y4m,1623.45,1623.08,1.063884,0.004942,0.0,159
1,1,0,0,0,0,0,0,1,0,0,0,1,1,0,1,0,1,1,0,1,1,0,0,1,0,0,0,0,1,0,1,1,0,0,0,0,1,blue_sky_1080p25.y4m,103.08,102.914,0.487422,0.004984,0.0,336
1,1,0,0,0,1,0,0,0,0,0,0,1,1,0,1,0,0,1,0,1,1,0,0,0,0,0,0,1,1,1,0,1,0,0,0,1,0,blue_sky_1080p25.y4m,274.77,274.31,1.208367,0.003897,0.0,72
1,1,0,0,0,0,0,0,1,0,0,0,1,1,0,1,1,0,1,1,0,1,0,0,1,0,0,0,0,1,1,0,1,0,0,0,0,1,blue_sky_1080p25.y4m,46.49,46.444,0.220749,0.003562,0.0,248
1,1,0,1,0,0,0,0,0,0,0,0,1,0,1,1,1,1,1,1,0,1,0,0,0,0,0,1,0,1,0,1,1,0,0,0,0,1,blue_sky_1080p25.y4m,919.19,920.298,8.039261,0.004721,0.0,130
1,1,0,0,0,1,0,0,0,0,0,0,1,0,1,1,1,1,1,1,0,1,0,0,0,0,0,0,1,1,1,0,0,0,0,0,0,0,blue_sky_1080p25.y4m,606.72,606.714,0.252349,0.003862,0.0,324
1,1,1,0,0,0,0,0,0,0,0,0,1,0,1,1,0,1,1,1,0,1,0,1,0,0,0,0,0,1,0,1,0,0,0,0,0,0,blue_sky_1080p25.y4m,561.81,561.956,0.819347,0.007255,0.0,354
1,1,0,0,0,0,0,0,0,0,1,0,1,0,1,1,0,0,1,1,0,1,0,0,0,1,0,0,0,1,0,1,0,0,0,0,0,0,blue_sky_1080p25.y4m,345.37,344.516,1.478624,0.005028,0.0,291
1,1,0,0,0,0,0,0,0,0,1,0,1,1,0,1,0,0,1,1,0,1,0,1,0,0,0,0,0,1,1,0,1,0,1,0,0,0,blue_sky_1080p25.y4m,27.02,27.064,0.148088,0.003957,0.0,237
1,1,0,0,0,1,0,0,0,0,0,0,1,1,0,1,1,0,1,1,0,1,1,0,0,0,0,0,0,1,1,0,1,1,0,0,0,0,blue_sky_1080p25.y4m,17.55,17.494,0.15437,0.002982,0.0,183
1,1,0,0,0,1,0,0,0,0,0,0,1,0,1,1,1,1,1,0,1,1,0,0,1,0,0,0,0,1,0,1,0,0,0,0,0,0,blue_sky_1080p25.y4m,20.65,20.646,0.114149,0.00417,0.0,227
1,1,0,0,0,0,0,0,1,0,0,0,1,1,0,1,0,1,1,0,1,1,0,0,0,0,0,1,0,1,0,1,0,0,0,0,0,0,blue_sky_1080p25.y4m,50.6,50.108,1.134403,0.00452,0.0,338
1,1,0,0,1,0,0,0,0,0,0,0,1,0,1,1,0,0,1,0,1,1,1,0,0,0,0,0,0,1,1,0,1,0,0,0,1,0,blue_sky_1080p25.y4m,138.69,138.594,0.287976,0.003822,0.0,142
1,1,0,0,1,0,0,0,0,0,0,0,1,1,0,1,1,1,1,0,1,1,0,0,1,0,0,0,0,1,1,0,1,0,0,0,0,1,blue_sky_1080p25.y4m,96.75,96.772,0.117558,0.003626,0.0,332
1,1,0,0,0,0,0,0,0,1,0,0,1,0,1,1,0,0,1,1,0,1,0,0,0,0,1,0,0,1,0,1,1,0,0,0,1,0,blue_sky_1080p25.y4m,1551.35,1550.822,1.002731,0.005171,0.0,95
1,1,0,0,1,0,0,0,0,0,0,0,1,0,1,1,0,0,1,0,1,1,0,0,0,1,0,0,0,1,0,1,0,0,0,0,0,0,blue_sky_1080p25.y4m,61.68,61.672,0.180194,0.003738,0.0,289
1,1,0,0,1,0,0,0,0,0,0,0,1,1,0,1,0,0,1,0,1,1,0,0,0,0,0,1,0,1,0,1,1,0,0,1,0,0,blue_sky_1080p25.y4m,14.97,14.724,0.417768,0.003957,0.0,378
1,1,0,0,1,0,0,0,0,0,0,0,1,1,0,1,1,1,1,1,0,1,0,0,1,0,0,0,0,1,0,1,1,0,0,0,1,0,blue_sky_1080p25.y4m,293.89,293.706,0.806554,0.003812,0.0,278
1,1,0,0,0,0,0,0,0,0,1,0,1,0,1,1,1,0,1,0,1,1,1,0,0,0,0,0,0,1,0,1,1,0,0,0,1,0,blue_sky_1080p25.y4m,39.37,39.178,0.429383,0.003768,0.0,30
1,1,0,0,1,0,0,0,0,0,0,0,1,1,0,1,0,0,1,0,1,1,0,1,0,0,0,0,0,1,0,1,1,0,0,0,0,1,blue_sky_1080p25.y4m,15.59,15.226,0.7813,0.004284,0.0,120
1,1,0,0,0,1,0,0,0,0,0,0,1,1,0,1,1,1,1,0,1,1,0,0,0,0,0,1,0,1,0,1,0,0,0,0,0,0,blue_sky_1080p25.y4m,17.56,17.894,0.926164,0.00373,0.0,265
1,1,0,0,0,0,0,0,0,0,1,0,1,1,0,1,1,0,1,1,0,1,0,0,0,0,0,1,0,1,0,1,0,0,0,0,0,0,blue_sky_1080p25.y4m,33.86,33.348,1.113135,0.00404,0.0,296
1,1,0,0,0,0,0,1,0,0,0,0,1,1,0,1,1,1,1,1,0,1,0,1,0,0,0,0,0,1,0,1,0,0,0,0,0,0,blue_sky_1080p25.y4m,63.51,63.44,0.429069,0.004509,0.0,232
1,1,0,0,0,0,0,0,0,0,1,0,1,0,1,1,0,0,1,1,0,1,0,0,1,0,0,0,0,1,1,0,1,0,0,1,0,0,blue_sky_1080p25.y4m,65.01,64.758,0.586575,0.004533,0.0,310
1,1,0,0,0,0,0,1,0,0,0,0,1,0,1,1,1,1,1,0,1,1,0,0,0,0,0,1,0,1,0,1,1,0,0,1,0,0,blue_sky_1080p25.y4m,890.54,890.228,0.783754,0.00376,0.0,349
1,1,0,0,1,0,0,0,0,0,0,0,1,1,0,1,0,1,1,0,1,1,0,0,0,0,0,1,0,1,0,1,0,0,0,0,0,0,blue_sky_1080p25.y4m,33.49,33.328,0.315864,0.003643,0.0,377
1,1,0,0,0,0,0,0,0,1,0,0,1,0,1,1,1,1,1,1,0,1,0,0,0,0,1,0,0,1,0,1,1,0,0,0,1,0,blue_sky_1080p25.y4m,1672.68,1671.94,1.997261,0.003949,0.0,94
1,1,1,0,0,0,0,0,0,0,0,0,1,1,0,1,1,0,1,0,1,1,1,0,0,0,0,0,0,1,0,1,1,1,0,0,0,0,blue_sky_1080p25.y4m,47.44,46.986,1.050919,0.004533,0.0,178
1,1,0,0,0,0,0,0,0,0,1,0,1,0,1,1,0,0,1,1,0,1,0,0,0,0,0,1,0,1,0,1,1,0,0,0,0,1,blue_sky_1080p25.y4m,38.56,38.582,0.107098,0.00363,0.0,127
1,1,0,0,0,0,0,1,0,0,0,0,1,0,1,1,1,0,1,0,1,1,0,0,0,1,0,0,0,1,0,1,1,0,0,0,1,0,blue_sky_1080p25.y4m,16.01,16.076,0.524338,0.003103,0.0,111
1,1,1,0,0,0,0,0,0,0,0,0,1,0,1,1,0,1,1,1,0,1,0,1,0,0,0,0,0,1,0,1,1,0,0,1,0,0,blue_sky_1080p25.y4m,26.94,26.878,0.142197,0.004459,0.0,353
1,1,0,0,0,0,1,0,0,0,0,0,1,0,1,1,1,1,1,1,0,1,0,1,0,0,0,0,0,1,1,0,1,0,0,0,1,0,blue_sky_1080p25.y4m,34.49,33.716,1.486079,0.003973,0.0,45
1,1,0,0,0,1,0,0,0,0,0,0,1,0,1,1,1,1,1,0,1,1,0,0,1,0,0,0,0,1,1,0,0,0,0,0,0,0,blue_sky_1080p25.y4m,18.63,18.528,0.265462,0.003364,0.0,226
1,1,0,0,0,0,0,0,0,0,0,1,1,1,0,1,1,0,1,0,1,1,0,0,0,0,0,1,0,1,1,0,1,0,0,0,0,1,blue_sky_1080p25.y4m,45.98,45.998,0.238684,0.003954,0.0,59
1,1,0,0,0,0,0,0,1,0,0,0,1,1,0,1,1,1,1,1,0,1,1,0,0,0,0,0,0,1,0,1,1,1,0,0,0,0,blue_sky_1080p25.y4m,305.95,306.53,1.069369,0.004872,0.0,19
1,1,0,0,0,0,0,0,0,0,0,1,1,1,0,1,0,1,1,0,1,1,0,0,0,1,0,0,0,1,1,0,1,1,0,0,0,0,blue_sky_1080p25.y4m,249.99,249.806,0.638851,0.003898,0.0,304
1,1,0,0,0,0,0,0,1,0,0,0,1,0,1,1,0,1,1,0,1,1,0,1,0,0,0,0,0,1,0,1,0,0,0,0,0,0,blue_sky_1080p25.y4m,48.65,48.284,0.826184,0.003562,0.0,207
1,1,0,0,0,0,1,0,0,0,0,0,1,1,0,1,1,1,1,1,0,1,0,1,0,0,0,0,0,1,1,0,0,0,0,0,0,0,blue_sky_1080p25.y4m,973.39,970.91,4.264323,0.004779,0.0,43
1,1,0,0,0,0,1,0,0,0,0,0,1,1,0,1,1,0,1,1,0,1,1,0,0,0,0,0,0,1,1,0,1,0,0,0,0,1,blue_sky_1080p25.y4m,17.73,17.354,0.621957,0.003811,0.0,40
1,1,0,0,0,1,0,0,0,0,0,0,1,0,1,1,0,1,1,1,0,1,1,0,0,0,0,0,0,1,1,0,1,1,0,0,0,0,blue_sky_1080p25.y4m,1252.2,1251.832,0.797916,0.003946,0.0,186
1,1,0,0,1,0,0,0,0,0,0,0,1,0,1,1,0,0,1,0,1,1,0,0,0,1,0,0,0,1,0,1,1,0,0,0,0,1,blue_sky_1080p25.y4m,34.07,34.62,1.373372,0.00434,0.0,288
1,1,1,0,0,0,0,0,0,0,0,0,1,1,0,1,1,0,1,1,0,1,0,1,0,0,0,0,0,1,1,0,1,0,1,0,0,0,blue_sky_1080p25.y4m,37.33,37.33,0.095131,0.003956,0.0,82
1,1,0,0,0,0,0,0,0,0,1,0,1,0,1,1,1,1,1,0,1,1,0,0,0,1,0,0,0,1,0,1,0,0,0,0,0,0,blue_sky_1080p25.y4m,33.8,33.616,0.417768,0.003189,0.0,211
1,1,0,0,1,0,0,0,0,0,0,0,1,0,1,1,1,1,1,0,1,1,0,0,0,0,0,1,0,1,1,0,1,0,0,1,0,0,blue_sky_1080p25.y4m,746.94,746.382,1.205993,0.004791,0.0,347
1,1,0,1,0,0,0,0,0,0,0,0,1,0,1,1,0,0,1,1,0,1,1,0,0,0,0,0,0,1,1,0,1,0,0,0,1,0,blue_sky_1080p25.y4m,66.4,66.042,1.001334,0.004658,0.0,13
1,1,0,0,0,0,0,1,0,0,0,0,1,0,1,1,1,1,1,0,1,1,0,0,1,0,0,0,0,1,0,1,0,0,0,0,0,0,blue_sky_1080p25.y4m,3062.79,3063.01,4.894083,0.005196,0.0,228
1,1,0,0,0,0,0,0,0,1,0,0,1,1,0,1,0,1,1,0,1,1,0,0,1,0,0,0,0,1,0,1,1,0,0,0,0,1,blue_sky_1080p25.y4m,54.93,54.752,0.578636,0.003582,0.0,335
1,1,0,0,0,0,0,0,1,0,0,0,1,1,0,1,1,0,1,0,1,1,0,0,1,0,0,0,0,1,1,0,1,1,0,0,0,0,blue_sky_1080p25.y4m,137.92,137.8,0.266271,0.003716,0.0,24
1,1,1,0,0,0,0,0,0,0,0,0,1,0,1,1,0,1,1,0,1,1,0,1,0,0,0,0,0,1,0,1,1,0,0,1,0,0,blue_sky_1080p25.y4m,894.17,894.066,1.316142,0.007317,0.0,352
1,1,0,0,0,0,1,0,0,0,0,0,1,0,1,1,0,0,1,1,0,1,0,0,0,0,0,1,0,1,1,0,0,0,0,0,0,0,blue_sky_1080p25.y4m,36.35,35.878,0.979423,0.00312,0.0,368
1,1,1,0,0,0,0,0,0,0,0,0,1,0,1,1,1,1,1,1,0,1,0,1,0,0,0,0,0,1,1,0,0,0,0,0,0,0,blue_sky_1080p25.y4m,24.36,24.206,0.456925,0.004152,0.0,80
1,1,0,0,1,0,0,0,0,0,0,0,1,1,0,1,0,0,1,0,1,1,0,1,0,0,0,0,0,1,0,1,0,0,0,0,0,0,blue_sky_1080p25.y4m,252.61,252.608,0.060992,0.004876,0.0,121
1,1,0,0,0,0,0,0,0,0,1,0,1,0,1,1,1,1,1,0,1,1,0,0,1,0,0,0,0,1,1,0,1,1,0,0,0,0,blue_sky_1080p25.y4m,26.89,26.856,0.139571,0.002916,0.0,156
1,1,0,1,0,0,0,0,0,0,0,0,1,0,1,1,1,1,1,1,0,1,0,0,0,0,0,1,0,1,1,0,1,1,0,0,0,0,blue_sky_1080p25.y4m,10.03,9.966,0.245214,0.003017,0.0,9
1,1,0,0,0,0,0,0,0,0,1,0,1,1,0,1,0,0,1,1,0,1,0,0,0,0,1,0,0,1,1,0,1,0,0,0,0,1,blue_sky_1080p25.y4m,48.72,48.664,0.30287,0.003649,0.0,165
1,1,0,0,0,0,0,0,0,0,1,0,1,0,1,1,0,0,1,1,0,1,0,1,0,0,0,0,0,1,0,1,1,0,0,0,0,1,blue_sky_1080p25.y4m,46.67,46.672,0.063797,0.003172,0.0,126
1,1,0,0,1,0,0,0,0,0,0,0,1,1,0,1,1,1,1,0,1,1,0,0,1,0,0,0,0,1,0,1,1,0,1,0,0,0,blue_sky_1080p25.y4m,24.62,24.594,0.072664,0.004152,0.0,280
1,1,0,0,0,0,0,1,0,0,0,0,1,0,1,1,1,1,1,1,0,1,0,1,0,0,0,0,0,1,0,1,1,0,0,0,1,0,blue_sky_1080p25.y4m,19.43,19.322,0.253219,0.005613,0.0,172
1,1,0,0,0,0,0,0,0,0,1,0,1,0,1,1,0,1,1,1,0,1,0,0,0,1,0,0,0,1,0,1,0,0,0,0,0,0,blue_sky_1080p25.y4m,54.51,54.478,0.176267,0.004537,0.0,292
1,1,0,0,0,0,0,0,0,0,1,0,1,1,0,1,1,1,1,0,1,1,0,0,0,0,0,1,0,1,1,0,0,0,0,0,0,0,blue_sky_1080p25.y4m,126.9,126.79,0.37921,0.005165,0.0,105
1,1,0,0,0,1,0,0,0,0,0,0,1,0,1,1,1,1,1,0,1,1,0,0,0,0,0,0,1,1,1,0,1,0,1,0,0,0,blue_sky_1080p25.y4m,75.18,75.132,0.143248,0.003738,0.0,76
1,1,0,0,0,1,0,0,0,0,0,0,1,0,1,1,0,0,1,1,0,1,1,0,0,0,0,0,0,1,1,0,1,0,0,0,0,1,blue_sky_1080p25.y4m,742.7,742.45,0.941727,0.005033,0.0,221
1,1,0,0,0,0,0,0,0,0,1,0,1,1,0,1,1,0,1,1,0,1,0,0,0,0,1,0,0,1,0,1,1,0,0,0,0,1,blue_sky_1080p25.y4m,182.68,182.66,0.089443,0.003725,0.0,167
1,1,0,0,0,0,0,0,0,0,1,0,1,0,1,1,0,1,1,0,1,1,1,0,0,0,0,0,0,1,1,0,1,0,0,0,0,1,blue_sky_1080p25.y4m,2141.76,2140.184,3.467453,0.004206,0.0,35
1,1,0,0,1,0,0,0,0,0,0,0,1,1,0,1,0,0,1,1,0,1,0,1,0,0,0,0,0,1,0,1,1,0,1,0,0,0,blue_sky_1080p25.y4m,19.17,19.052,0.21661,0.002919,0.0,235
1,1,0,0,0,0,0,0,0,1,0,0,1,1,0,1,1,1,1,0,1,1,0,0,1,0,0,0,0,1,0,1,1,0,0,0,0,1,blue_sky_1080p25.y4m,58.6,58.6,0.169853,0.003733,0.0,333
1,1,0,0,0,0,1,0,0,0,0,0,1,0,1,1,1,1,1,1,0,1,0,1,0,0,0,0,0,1,1,0,0,0,0,0,0,0,blue_sky_1080p25.y4m,512.0,511.684,0.549754,0.005063,0.0,44
1,1,0,0,1,0,0,0,0,0,0,0,1,0,1,1,0,1,1,1,0,1,0,1,0,0,0,0,0,1,0,1,1,1,0,0,0,0,blue_sky_1080p25.y4m,727.34,726.714,2.637571,0.003963,0.0,256
1,1,0,0,0,0,0,1,0,0,0,0,1,0,1,1,1,0,1,0,1,1,0,1,0,0,0,0,0,1,0,1,1,0,0,0,0,1,blue_sky_1080p25.y4m,3536.63,3535.478,3.031612,0.003951,0.0,192
1,1,0,0,0,0,1,0,0,0,0,0,1,1,0,1,1,1,1,1,0,1,1,0,0,0,0,0,0,1,1,0,1,0,0,0,0,1,blue_sky_1080p25.y4m,128.46,128.404,0.232121,0.003819,0.0,41
1,1,0,0,0,0,0,0,0,0,1,0,1,0,1,1,0,1,1,1,0,1,0,0,0,0,0,1,0,1,0,1,1,0,0,0,1,0,blue_sky_1080p25.y4m,1106.78,1106.508,0.796505,0.005914,0.0,273
1,1,0,0,0,0,0,0,0,0,1,0,1,1,0,1,0,1,1,0,1,1,0,0,0,0,0,1,0,1,0,1,0,0,0,0,0,0,blue_sky_1080p25.y4m,1130.21,1133.214,6.88293,0.005995,0.0,101
1,1,0,0,0,0,0,0,0,0,1,0,1,0,1,1,1,1,1,0,1,1,0,0,0,0,1,0,0,1,1,0,1,0,1,0,0,0,blue_sky_1080p25.y4m,296.57,296.518,0.331919,0.005033,0.0,242
1,1,0,0,0,0,0,0,0,0,1,0,1,1,0,1,0,1,1,0,1,1,0,0,0,0,0,1,0,1,1,0,0,0,0,0,0,0,blue_sky_1080p25.y4m,107.77,107.584,0.453575,0.006335,0.0,103
1,1,1,0,0,0,0,0,0,0,0,0,1,1,0,1,1,0,1,1,0,1,0,1,0,0,0,0,0,1,0,1,0,0,0,0,0,0,blue_sky_1080p25.y4m,643.42,642.462,2.106329,0.003973,0.0,1
1,1,0,0,0,0,0,1,0,0,0,0,1,1,0,1,0,0,1,0,1,1,0,0,0,0,0,1,0,1,0,1,1,0,0,0,0,1,blue_sky_1080p25.y4m,26.93,26.63,0.521105,0.004459,0.0,56
1,1,0,0,1,0,0,0,0,0,0,0,1,0,1,1,0,0,1,0,1,1,0,0,0,0,0,0,1,1,0,1,0,0,0,0,0,0,blue_sky_1080p25.y4m,123.87,123.454,1.016159,0.005165,0.0,373
1,1,0,0,0,0,0,0,1,0,0,0,1,1,0,1,1,1,1,0,1,1,0,1,0,0,0,0,0,1,0,1,1,0,1,0,0,0,blue_sky_1080p25.y4m,698.23,697.804,1.600462,0.005059,0.0,318
1,1,0,0,0,1,0,0,0,0,0,0,1,1,0,1,0,0,1,1,0,1,0,0,0,0,1,0,0,1,1,0,0,0,0,0,0,0,blue_sky_1080p25.y4m,2151.26,2151.18,3.848708,0.004976,0.0,69
1,1,0,1,0,0,0,0,0,0,0,0,1,0,1,1,0,0,1,1,0,1,0,0,0,0,0,1,0,1,1,0,1,1,0,0,0,0,blue_sky_1080p25.y4m,24.15,23.634,1.079551,0.003646,0.0,11
1,1,0,0,1,0,0,0,0,0,0,0,1,0,1,1,0,0,1,1,0,1,0,1,0,0,0,0,0,1,0,1,1,0,0,1,0,0,blue_sky_1080p25.y4m,47.44,46.988,1.091728,0.004445,0.0,258
1,1,0,0,0,0,0,0,0,0,1,0,1,0,1,1,0,0,1,1,0,1,0,1,0,0,0,0,0,1,1,0,1,0,1,0,0,0,blue_sky_1080p25.y4m,2073.06,2072.96,1.562002,0.003953,0.0,238
1,1,0,0,0,0,0,1,0,0,0,0,1,0,1,1,1,0,1,1,0,1,1,0,0,0,0,0,0,1,0,1,1,0,0,0,1,0,blue_sky_1080p25.y4m,2327.9,2323.472,13.634329,0.004962,0.0,173
1,1,0,0,0,0,0,1,0,0,0,0,1,0,1,1,0,1,1,0,1,1,0,1,0,0,0,0,0,1,0,1,1,1,0,0,0,0,blue_sky_1080p25.y4m,1876.4,1877.576,3.371384,0.00394,0.0,190
1,1,0,1,0,0,0,0,0,0,0,0,1,0,1,1,1,0,1,1,0,1,0,0,0,0,0,1,0,1,0,1,1,1,0,0,0,0,blue_sky_1080p25.y4m,774.75,773.898,2.000517,0.003902,0.0,7
1,1,0,0,0,1,0,0,0,0,0,0,1,0,1,1,1,1,1,0,1,1,0,0,0,0,0,0,1,1,1,0,0,0,0,0,0,0,blue_sky_1080p25.y4m,25.24,25.236,0.207437,0.003452,0.0,323
1,1,0,0,0,1,0,0,0,0,0,0,1,0,1,1,0,0,1,0,1,1,0,0,0,0,0,0,1,1,1,0,1,0,0,0,1,0,blue_sky_1080p25.y4m,1026.11,1027.638,3.531511,0.003854,0.0,73
1,1,0,0,0,0,0,0,0,0,1,0,1,0,1,1,1,0,1,0,1,1,0,1,0,0,0,0,0,1,0,1,0,0,0,0,0,0,blue_sky_1080p25.y4m,957.52,957.652,2.705655,0.004779,0.0,209
1,1,0,1,0,0,0,0,0,0,0,0,1,1,0,1,1,0,1,0,1,1,1,0,0,0,0,0,0,1,1,0,0,0,0,0,0,0,blue_sky_1080p25.y4m,43.96,43.492,1.063635,0.003669,0.0,138
1,1,0,0,0,1,0,0,0,0,0,0,1,1,0,1,1,1,1,1,0,1,0,0,0,0,0,1,0,1,0,1,0,0,0,0,0,0,blue_sky_1080p25.y4m,952.91,952.606,0.96038,0.003833,0.0,264
1,1,0,0,0,0,0,0,0,1,0,0,1,0,1,1,0,1,1,0,1,1,0,0,0,0,0,1,0,1,0,1,1,0,0,0,1,0,blue_sky_1080p25.y4m,2245.04,2244.186,2.257084,0.004976,0.0,98
1,1,0,0,0,0,0,0,0,0,1,0,1,1,0,1,0,0,1,0,1,1,0,0,0,0,0,1,0,1,1,0,1,0,0,1,0,0,blue_sky_1080p25.y4m,35.02,34.746,0.636066,0.00311,0.0,380
1,1,0,0,1,0,0,0,0,0,0,0,1,1,0,1,1,1,1,1,0,1,0,1,0,0,0,0,0,1,1,0,1,0,1,0,0,0,blue_sky_1080p25.y4m,1220.49,1219.814,2.206973,0.005948,0.0,85
1,1,0,0,0,0,0,0,0,0,1,0,1,0,1,1,0,0,1,0,1,1,1,0,0,0,0,0,0,1,0,1,1,0,0,0,1,0,blue_sky_1080p25.y4m,516.7,516.636,0.483973,0.004819,0.0,31
1,1,0,1,0,0,0,0,0,0,0,0,1,0,1,1,1,0,1,1,0,1,0,0,0,0,0,1,0,1,1,0,1,1,0,0,0,0,blue_sky_1080p25.y4m,18.81,18.4,0.853317,0.003811,0.0,8
1,1,0,0,1,0,0,0,0,0,0,0,1,1,0,1,1,1,1,1,0,1,1,0,0,0,0,0,0,1,0,1,1,1,0,0,0,0,blue_sky_1080p25.y4m,48.7,48.532,0.433209,0.00452,0.0,216
1,1,0,0,1,0,0,0,0,0,0,0,1,1,0,1,1,1,1,0,1,1,0,0,0,1,0,0,0,1,0,1,1,1,0,0,0,0,blue_sky_1080p25.y4m,14.6,14.362,0.414451,0.004284,0.0,214
1,1,0,0,0,0,0,0,1,0,0,0,1,1,0,1,0,0,1,1,0,1,0,0,0,0,0,1,0,1,1,0,0,0,0,0,0,0,blue_sky_1080p25.y4m,43.55,43.446,0.532616,0.003101,0.0,341
1,1,0,0,1,0,0,0,0,0,0,0,1,1,0,1,0,0,1,1,0,1,0,1,0,0,0,0,0,1,1,0,1,0,1,0,0,0,blue_sky_1080p25.y4m,39.47,39.65,1.242276,0.004856,0.0,236
1,1,0,0,0,0,0,0,0,0,1,0,1,0,1,1,0,0,1,0,1,1,0,0,0,0,1,0,0,1,1,0,1,0,1,0,0,0,blue_sky_1080p25.y4m,76.9,76.888,0.47336,0.005415,0.0,240
1,1,0,0,0,0,0,1,0,0,0,0,1,0,1,1,0,0,1,0,1,1,0,0,0,1,0,0,0,1,0,1,1,0,0,0,1,0,blue_sky_1080p25.y4m,118.56,117.24,3.326357,0.006335,0.0,51
1,1,1,0,0,0,0,0,0,0,0,0,1,0,1,1,1,1,1,0,1,1,0,0,0,0,0,0,1,1,1,0,1,0,1,0,0,0,blue_sky_1080p25.y4m,49.35,48.888,1.109423,0.00467,0.0,77
1,1,0,0,0,0,0,0,0,0,1,0,1,0,1,1,1,0,1,1,0,1,0,0,0,0,0,1,0,1,0,1,1,0,0,0,0,1,blue_sky_1080p25.y4m,54.13,54.192,0.22298,0.004429,0.0,128
1,1,0,0,1,0,0,0,0,0,0,0,1,1,0,1,0,0,1,1,0,1,0,1,0,0,0,0,0,1,0,1,0,0,0,0,0,0,blue_sky_1080p25.y4m,348.75,348.628,0.701227,0.005028,0.0,234
1,1,0,0,0,0,0,0,1,0,0,0,1,0,1,1,1,0,1,0,1,1,0,0,0,0,0,1,0,1,0,1,1,0,0,0,1,0,blue_sky_1080p25.y4m,3272.84,3272.828,4.083879,0.003951,0.0,28
1,1,0,0,1,0,0,0,0,0,0,0,1,1,0,1,1,0,1,0,1,1,1,0,0,0,0,0,0,1,1,0,0,0,0,0,0,0,blue_sky_1080p25.y4m,769.96,769.952,0.100598,0.003902,0.0,139
1,1,0,0,0,0,0,0,0,0,1,0,1,0,1,1,1,0,1,1,0,1,0,0,0,0,1,0,0,1,1,0,1,0,1,0,0,0,blue_sky_1080p25.y4m,11.96,12.306,0.559893,0.003969,0.0,152
1,1,0,1,0,0,0,0,0,0,0,0,1,0,1,1,0,0,1,1,0,1,0,0,0,0,0,1,0,1,1,0,1,0,0,0,1,0,blue_sky_1080p25.y4m,846.08,844.944,2.960681,0.007291,0.0,12
1,1,0,0,0,0,1,0,0,0,0,0,1,0,1,1,0,1,1,1,0,1,0,0,0,0,0,1,0,1,1,0,0,0,0,0,0,0,blue_sky_1080p25.y4m,13.28,12.972,0.560152,0.003969,0.0,369
1,1,0,0,0,0,0,0,0,0,0,1,1,1,0,1,1,0,1,0,1,1,0,0,0,0,0,1,0,1,0,1,1,0,0,0,0,1,blue_sky_1080p25.y4m,188.51,188.52,0.333317,0.003725,0.0,58
1,1,0,0,0,0,0,0,1,0,0,0,1,1,0,1,1,0,1,1,0,1,1,0,0,0,0,0,0,1,1,0,0,0,0,0,0,0,blue_sky_1080p25.y4m,331.22,330.654,1.160379,0.006,0.0,64
1,1,0,0,0,0,0,0,1,0,0,0,1,1,0,1,1,0,1,1,0,1,0,0,1,0,0,0,0,1,1,0,1,1,0,0,0,0,blue_sky_1080p25.y4m,147.77,146.978,1.935089,0.005159,0.0,21
1,1,0,0,0,1,0,0,0,0,0,0,1,0,1,1,1,1,1,0,1,1,0,0,1,0,0,0,0,1,1,0,1,0,0,0,0,1,blue_sky_1080p25.y4m,767.1,766.776,0.705464,0.004791,0.0,225
1,1,0,0,0,0,1,0,0,0,0,0,1,0,1,1,1,0,1,1,0,1,0,0,0,0,0,1,0,1,1,0,1,0,0,0,1,0,blue_sky_1080p25.y4m,653.06,653.636,3.190679,0.004011,0.0,366
1,1,0,0,0,0,0,1,0,0,0,0,1,0,1,1,1,1,1,0,1,1,0,0,1,0,0,0,0,1,0,1,1,0,0,0,0,1,sintel_trailer_2k_480p24.y4m,43.78,43.282,1.154846,0.001847,0.0,114
1,1,0,0,1,0,0,0,0,0,0,0,1,1,0,1,1,1,1,0,1,1,0,0,1,0,0,0,0,1,1,0,1,0,1,0,0,0,sintel_trailer_2k_480p24.y4m,38.76,38.79,0.247386,0.00171,0.0,281
1,1,0,0,0,1,0,0,0,0,0,0,1,0,1,1,1,0,1,1,0,1,0,0,0,0,0,0,1,1,1,0,1,0,0,1,0,0,sintel_trailer_2k_480p24.y4m,72.5,72.49,0.163707,0.001729,0.0,325
1,1,1,0,0,0,0,0,0,0,0,0,1,1,0,1,1,0,1,1,0,1,0,0,0,0,1,0,0,1,1,0,1,1,0,0,0,0,sintel_trailer_2k_480p24.y4m,58.78,58.836,0.1753,0.001634,0.0,181
1,1,0,0,0,0,0,0,1,0,0,0,1,1,0,1,1,0,1,0,1,1,0,0,1,0,0,0,0,1,1,0,1,0,0,0,0,1,sintel_trailer_2k_480p24.y4m,2133.39,2139.632,15.882074,0.001899,0.0,247
1,1,0,0,0,0,0,0,0,0,1,0,1,1,0,1,1,0,1,1,0,1,0,0,0,0,1,0,0,1,1,0,1,0,0,0,0,1,sintel_trailer_2k_480p24.y4m,3972.92,3970.726,5.14554,0.003142,0.0,166
1,1,0,0,0,0,0,0,1,0,0,0,1,1,0,1,1,0,1,0,1,1,0,0,1,0,0,0,0,1,1,0,1,0,0,0,1,0,sintel_trailer_2k_480p24.y4m,84.26,84.422,0.440704,0.001294,0.0,25
1,1,0,0,0,0,0,1,0,0,0,0,1,0,1,1,0,0,1,1,0,1,0,1,0,0,0,0,0,1,0,1,0,0,0,0,0,0,sintel_trailer_2k_480p24.y4m,96.9,96.928,0.09654,0.003138,0.0,355
1,1,0,0,1,0,0,0,0,0,0,0,1,1,0,1,0,0,1,1,0,1,1,0,0,0,0,0,0,1,1,0,1,0,0,0,0,1,sintel_trailer_2k_480p24.y4m,15.8,15.818,0.071204,0.001314,0.0,219
1,1,0,0,0,1,0,0,0,0,0,0,1,1,0,1,1,0,1,1,0,1,0,0,0,0,1,0,0,1,1,0,1,1,0,0,0,0,sintel_trailer_2k_480p24.y4m,96.99,96.982,0.108259,0.003138,0.0,182
1,1,0,1,0,0,0,0,0,0,0,0,1,0,1,1,0,1,1,1,0,1,0,0,0,0,0,1,0,1,1,0,1,1,0,0,0,0,sintel_trailer_2k_480p24.y4m,40.71,40.366,0.832124,0.001686,0.0,10
1,1,0,0,1,0,0,0,0,0,0,0,1,1,0,1,1,0,1,0,1,1,0,0,1,0,0,0,0,1,0,1,1,0,0,0,0,1,sintel_trailer_2k_480p24.y4m,362.98,362.96,0.408901,0.001273,0.0,116
1,1,0,0,0,1,0,0,0,0,0,0,1,1,0,1,1,1,1,0,1,1,0,0,0,0,0,1,0,1,0,1,1,1,0,0,0,0,sintel_trailer_2k_480p24.y4m,64.67,64.574,0.228648,0.00177,0.0,266
1,1,0,0,0,0,0,0,1,0,0,0,1,1,0,1,0,0,1,0,1,1,0,0,1,0,0,0,0,1,1,0,1,0,0,1,0,0,sintel_trailer_2k_480p24.y4m,509.39,508.812,1.316081,0.003137,0.0,313
1,1,0,0,0,0,0,1,0,0,0,0,1,0,1,1,0,0,1,1,0,1,0,0,0,0,0,0,1,1,0,1,0,0,0,0,0,0,sintel_trailer_2k_480p24.y4m,141.06,141.112,0.251635,0.003185,0.0,357
1,1,0,0,0,1,0,0,0,0,0,0,1,0,1,1,0,1,1,0,1,1,1,0,0,0,0,0,0,1,1,0,1,1,0,0,0,0,sintel_trailer_2k_480p24.y4m,29.31,29.292,0.102323,0.003004,0.0,187
1,1,0,0,0,0,0,0,1,0,0,0,1,1,0,1,1,1,1,0,1,1,0,0,1,0,0,0,0,1,1,0,1,1,0,0,0,0,sintel_trailer_2k_480p24.y4m,9789.93,9789.584,1.131539,0.003107,0.0,23
1,1,0,0,1,0,0,0,0,0,0,0,1,1,0,1,1,0,1,1,0,1,0,1,0,0,0,0,0,1,0,1,0,0,0,0,0,0,sintel_trailer_2k_480p24.y4m,786.97,788.06,3.548831,0.001605,0.0,2
1,1,0,0,0,0,0,0,0,0,0,1,1,1,0,1,1,0,1,0,1,1,0,0,0,0,0,1,0,1,1,0,1,1,0,0,0,0,sintel_trailer_2k_480p24.y4m,3156.61,3157.28,1.576943,0.001873,0.0,301
1,1,0,0,0,0,0,1,0,0,0,0,1,0,1,1,0,1,1,1,0,1,0,1,0,0,0,0,0,1,0,1,0,0,0,0,0,0,sintel_trailer_2k_480p24.y4m,2656.3,2698.838,97.783365,0.003151,0.0,356
1,1,0,0,0,0,0,0,0,0,1,0,1,1,0,1,0,1,1,0,1,1,0,0,0,0,0,1,0,1,0,1,1,1,0,0,0,0,sintel_trailer_2k_480p24.y4m,145.43,145.366,0.149766,0.003001,0.0,269
1,1,0,0,0,0,0,0,0,0,1,0,1,0,1,1,0,1,1,1,0,1,0,0,1,0,0,0,0,1,0,1,1,0,0,0,1,0,sintel_trailer_2k_480p24.y4m,95.2,95.136,0.227772,0.00322,0.0,274
1,1,0,0,0,0,0,0,0,0,1,0,1,0,1,1,0,1,1,1,0,1,0,0,0,1,0,0,0,1,1,0,1,1,0,0,0,0,sintel_trailer_2k_480p24.y4m,57.26,56.814,0.745205,0.002739,0.0,307
1,1,0,0,1,0,0,0,0,0,0,0,1,0,1,1,0,1,1,1,0,1,0,0,1,0,0,0,0,1,0,1,1,1,0,0,0,0,sintel_trailer_2k_480p24.y4m,433.56,433.002,1.443388,0.001324,0.0,254
1,1,0,0,0,0,0,0,0,0,1,0,1,0,1,1,0,1,1,0,1,1,0,1,0,0,0,0,0,1,0,1,0,0,0,0,0,0,sintel_trailer_2k_480p24.y4m,19.05,19.062,0.182948,0.001363,0.0,208
1,1,0,0,1,0,0,0,0,0,0,0,1,1,0,1,1,1,1,1,0,1,0,0,1,0,0,0,0,1,0,1,1,0,1,0,0,0,sintel_trailer_2k_480p24.y4m,17.78,17.772,0.0249,0.003305,0.0,279
1,1,0,0,0,0,0,1,0,0,0,0,1,1,0,1,1,1,1,1,0,1,0,1,0,0,0,0,0,1,0,1,1,0,0,0,1,0,sintel_trailer_2k_480p24.y4m,60.58,60.58,0.105594,0.001806,0.0,171
1,1,0,0,0,0,0,0,0,1,0,0,1,1,0,1,0,1,1,0,1,1,0,0,0,0,0,1,0,1,0,1,1,0,0,0,1,0,sintel_trailer_2k_480p24.y4m,504.15,504.182,0.09094,0.003137,0.0,99
1,1,1,0,0,0,0,0,0,0,0,0,1,0,1,1,1,1,1,1,0,1,0,1,0,0,0,0,0,1,1,0,1,0,1,0,0,0,sintel_trailer_2k_480p24.y4m,83.04,83.184,0.512474,0.001882,0.0,81
1,1,0,0,0,0,0,0,0,0,1,0,1,0,1,1,1,1,1,0,1,1,0,0,1,0,0,0,0,1,1,0,1,0,1,0,0,0,sintel_trailer_2k_480p24.y4m,26.22,25.906,0.702125,0.001556,0.0,155
1,1,0,0,0,1,0,0,0,0,0,0,1,1,0,1,0,1,1,1,0,1,1,0,0,0,0,0,0,1,1,0,1,1,0,0,0,0,sintel_trailer_2k_480p24.y4m,43.79,43.432,0.577772,0.002739,0.0,185
1,1,0,0,1,0,0,0,0,0,0,0,1,1,0,1,0,0,1,0,1,1,0,0,0,0,0,1,0,1,0,1,0,0,0,0,0,0,sintel_trailer_2k_480p24.y4m,40.45,40.45,0.092736,0.001568,0.0,376
1,1,0,0,0,0,0,0,1,0,0,0,1,1,0,1,0,1,1,0,1,1,0,1,0,0,0,0,0,1,1,0,0,0,0,0,0,0,sintel_trailer_2k_480p24.y4m,15.62,15.604,0.201569,0.001404,0.0,204
1,1,0,0,0,0,0,0,1,0,0,0,1,1,0,1,1,0,1,0,1,1,0,0,0,0,1,0,0,1,1,0,1,0,0,0,0,1,sintel_trailer_2k_480p24.y4m,1036.07,1036.308,1.634173,0.00156,0.0,246
1,1,0,0,0,0,0,1,0,0,0,0,1,1,0,1,1,1,1,0,1,1,0,0,1,0,0,0,0,1,0,1,0,0,0,0,0,0,sintel_trailer_2k_480p24.y4m,527.61,527.34,1.31244,0.001937,0.0,230
1,1,0,0,0,0,0,0,1,0,0,0,1,0,1,1,1,0,1,0,1,1,0,0,0,0,0,1,0,1,1,0,1,0,0,0,1,0,sintel_trailer_2k_480p24.y4m,647.37,647.246,0.398033,0.003645,0.0,27
1,1,0,1,0,0,0,0,0,0,0,0,1,1,0,1,1,1,1,0,1,1,1,0,0,0,0,0,0,1,1,0,0,0,0,0,0,0,sintel_trailer_2k_480p24.y4m,51.39,51.338,0.135904,0.001674,0.0,137
1,1,0,0,0,0,0,0,0,0,1,0,1,1,0,1,1,1,1,1,0,1,0,0,0,0,1,0,0,1,0,1,1,0,0,0,1,0,sintel_trailer_2k_480p24.y4m,61.23,61.17,0.147139,0.002867,0.0,169
1,1,0,0,0,0,0,0,0,0,1,0,1,0,1,1,0,1,1,0,1,1,1,0,0,0,0,0,0,1,0,1,1,0,0,0,0,1,sintel_trailer_2k_480p24.y4m,988.24,988.468,0.697402,0.001917,0.0,33
1,1,0,0,0,0,0,0,1,0,0,0,1,0,1,1,0,1,1,0,1,1,0,1,0,0,0,0,0,1,1,0,0,0,0,0,0,0,sintel_trailer_2k_480p24.y4m,298.96,298.776,0.637244,0.003454,0.0,205
1,1,0,0,0,0,0,0,0,0,1,0,1,1,0,1,1,0,1,0,1,1,0,0,0,0,1,0,0,1,1,0,1,0,0,0,0,1,sintel_trailer_2k_480p24.y4m,74.52,74.542,0.062209,0.00188,0.0,245
1,1,1,0,0,0,0,0,0,0,0,0,1,1,0,1,0,0,1,1,0,1,0,0,1,0,0,0,0,1,1,0,1,0,0,0,0,1,sintel_trailer_2k_480p24.y4m,54.92,54.928,0.328131,0.00129,0.0,163
1,1,0,0,1,0,0,0,0,0,0,0,1,1,0,1,1,0,1,1,0,1,1,0,0,0,0,0,0,1,0,1,1,1,0,0,0,0,sintel_trailer_2k_480p24.y4m,39.91,39.988,0.141845,0.001568,0.0,4
1,1,0,0,1,0,0,0,0,0,0,0,1,1,0,1,0,0,1,0,1,1,1,0,0,0,0,0,0,1,1,0,1,0,0,0,1,0,sintel_trailer_2k_480p24.y4m,25.57,25.568,0.155628,0.003303,0.0,141
1,1,1,0,0,0,0,0,0,0,0,0,1,1,0,1,1,1,1,0,1,1,0,0,1,0,0,0,0,1,1,0,1,1,0,0,0,0,sintel_trailer_2k_480p24.y4m,3630.93,3630.26,6.526055,0.001576,0.0,159
1,1,0,0,0,0,0,0,1,0,0,0,1,1,0,1,0,1,1,0,1,1,0,0,1,0,0,0,0,1,0,1,1,0,0,0,0,1,sintel_trailer_2k_480p24.y4m,102.51,102.418,0.916935,0.002929,0.0,336
1,1,0,0,0,1,0,0,0,0,0,0,1,1,0,1,0,0,1,0,1,1,0,0,0,0,0,0,1,1,1,0,1,0,0,0,1,0,sintel_trailer_2k_480p24.y4m,632.02,632.358,4.595854,0.001872,0.0,72
1,1,0,0,0,0,0,0,1,0,0,0,1,1,0,1,1,0,1,1,0,1,0,0,1,0,0,0,0,1,1,0,1,0,0,0,0,1,sintel_trailer_2k_480p24.y4m,58.38,57.97,0.978826,0.001805,0.0,248
1,1,0,1,0,0,0,0,0,0,0,0,1,0,1,1,1,1,1,1,0,1,0,0,0,0,0,1,0,1,0,1,1,0,0,0,0,1,sintel_trailer_2k_480p24.y4m,2595.22,2524.478,105.115851,0.001516,0.0,130
1,1,0,0,0,1,0,0,0,0,0,0,1,0,1,1,1,1,1,1,0,1,0,0,0,0,0,0,1,1,1,0,0,0,0,0,0,0,sintel_trailer_2k_480p24.y4m,969.83,970.03,0.588175,0.003242,0.0,324
1,1,1,0,0,0,0,0,0,0,0,0,1,0,1,1,0,1,1,1,0,1,0,1,0,0,0,0,0,1,0,1,0,0,0,0,0,0,sintel_trailer_2k_480p24.y4m,980.24,980.04,0.415873,0.003609,0.0,354
1,1,0,0,0,0,0,0,0,0,1,0,1,0,1,1,0,0,1,1,0,1,0,0,0,1,0,0,0,1,0,1,0,0,0,0,0,0,sintel_trailer_2k_480p24.y4m,630.1,629.29,2.064619,0.001227,0.0,291
1,1,0,0,0,0,0,0,0,0,1,0,1,1,0,1,0,0,1,1,0,1,0,1,0,0,0,0,0,1,1,0,1,0,1,0,0,0,sintel_trailer_2k_480p24.y4m,29.85,29.86,0.082158,0.00133,0.0,237
1,1,0,0,0,1,0,0,0,0,0,0,1,1,0,1,1,0,1,1,0,1,1,0,0,0,0,0,0,1,1,0,1,1,0,0,0,0,sintel_trailer_2k_480p24.y4m,31.01,31.002,0.039623,0.001756,0.0,183
1,1,0,0,0,1,0,0,0,0,0,0,1,0,1,1,1,1,1,0,1,1,0,0,1,0,0,0,0,1,0,1,0,0,0,0,0,0,sintel_trailer_2k_480p24.y4m,27.36,27.396,0.121367,0.001408,0.0,227
1,1,0,0,0,0,0,0,1,0,0,0,1,1,0,1,0,1,1,0,1,1,0,0,0,0,0,1,0,1,0,1,0,0,0,0,0,0,sintel_trailer_2k_480p24.y4m,58.45,58.29,0.352491,0.001664,0.0,338
1,1,0,0,1,0,0,0,0,0,0,0,1,0,1,1,0,0,1,0,1,1,1,0,0,0,0,0,0,1,1,0,1,0,0,0,1,0,sintel_trailer_2k_480p24.y4m,310.4,310.408,0.264707,0.001779,0.0,142
1,1,0,0,1,0,0,0,0,0,0,0,1,1,0,1,1,1,1,0,1,1,0,0,1,0,0,0,0,1,1,0,1,0,0,0,0,1,sintel_trailer_2k_480p24.y4m,190.81,190.778,0.264896,0.003039,0.0,332
1,1,0,0,0,0,0,0,0,1,0,0,1,0,1,1,0,0,1,1,0,1,0,0,0,0,1,0,0,1,0,1,1,0,0,0,1,0,sintel_trailer_2k_480p24.y4m,3275.57,3275.344,0.528848,0.00126,0.0,95
1,1,0,0,1,0,0,0,0,0,0,0,1,0,1,1,0,0,1,0,1,1,0,0,0,1,0,0,0,1,0,1,0,0,0,0,0,0,sintel_trailer_2k_480p24.y4m,120.21,120.19,0.242074,0.003088,0.0,289
1,1,0,0,1,0,0,0,0,0,0,0,1,1,0,1,0,0,1,0,1,1,0,0,0,0,0,1,0,1,0,1,1,0,0,1,0,0,sintel_trailer_2k_480p24.y4m,22.62,22.59,0.250599,0.00133,0.0,378
1,1,0,0,1,0,0,0,0,0,0,0,1,1,0,1,1,1,1,1,0,1,0,0,1,0,0,0,0,1,0,1,1,0,0,0,1,0,sintel_trailer_2k_480p24.y4m,799.71,801.542,5.182439,0.001766,0.0,278
1,1,0,0,0,0,0,0,0,0,1,0,1,0,1,1,1,0,1,0,1,1,1,0,0,0,0,0,0,1,0,1,1,0,0,0,1,0,sintel_trailer_2k_480p24.y4m,61.52,61.51,0.13435,0.003148,0.0,30
1,1,0,0,1,0,0,0,0,0,0,0,1,1,0,1,0,0,1,0,1,1,0,1,0,0,0,0,0,1,0,1,1,0,0,0,0,1,sintel_trailer_2k_480p24.y4m,17.33,17.55,0.366333,0.001497,0.0,120
1,1,0,0,0,1,0,0,0,0,0,0,1,1,0,1,1,1,1,0,1,1,0,0,0,0,0,1,0,1,0,1,0,0,0,0,0,0,sintel_trailer_2k_480p24.y4m,27.7,27.678,0.086718,0.001613,0.0,265
1,1,0,0,0,0,0,0,0,0,1,0,1,1,0,1,1,0,1,1,0,1,0,0,0,0,0,1,0,1,0,1,0,0,0,0,0,0,sintel_trailer_2k_480p24.y4m,46.52,46.142,0.577555,0.00134,0.0,296
1,1,0,0,0,0,0,1,0,0,0,0,1,1,0,1,1,1,1,1,0,1,0,1,0,0,0,0,0,1,0,1,0,0,0,0,0,0,sintel_trailer_2k_480p24.y4m,103.23,103.408,0.620701,0.001615,0.0,232
1,1,0,0,0,0,0,0,0,0,1,0,1,0,1,1,0,0,1,1,0,1,0,0,1,0,0,0,0,1,1,0,1,0,0,1,0,0,sintel_trailer_2k_480p24.y4m,81.75,81.704,0.173436,0.002685,0.0,310
1,1,0,0,0,0,0,1,0,0,0,0,1,0,1,1,1,1,1,0,1,1,0,0,0,0,0,1,0,1,0,1,1,0,0,1,0,0,sintel_trailer_2k_480p24.y4m,1216.39,1216.402,0.215801,0.003213,0.0,349
1,1,0,0,1,0,0,0,0,0,0,0,1,1,0,1,0,1,1,0,1,1,0,0,0,0,0,1,0,1,0,1,0,0,0,0,0,0,sintel_trailer_2k_480p24.y4m,56.99,56.932,0.127554,0.003108,0.0,377
1,1,0,0,0,0,0,0,0,1,0,0,1,0,1,1,1,1,1,1,0,1,0,0,0,0,1,0,0,1,0,1,1,0,0,0,1,0,sintel_trailer_2k_480p24.y4m,3411.91,3412.098,1.390637,0.001993,0.0,94
1,1,1,0,0,0,0,0,0,0,0,0,1,1,0,1,1,0,1,0,1,1,1,0,0,0,0,0,0,1,0,1,1,1,0,0,0,0,sintel_trailer_2k_480p24.y4m,56.01,56.01,0.082158,0.002739,0.0,178
1,1,0,0,0,0,0,0,0,0,1,0,1,0,1,1,0,0,1,1,0,1,0,0,0,0,0,1,0,1,0,1,1,0,0,0,0,1,sintel_trailer_2k_480p24.y4m,81.77,81.604,0.227991,0.003,0.0,127
1,1,0,0,0,0,0,1,0,0,0,0,1,0,1,1,1,0,1,0,1,1,0,0,0,1,0,0,0,1,0,1,1,0,0,0,1,0,sintel_trailer_2k_480p24.y4m,19.43,19.434,0.328831,0.001296,0.0,111
1,1,1,0,0,0,0,0,0,0,0,0,1,0,1,1,0,1,1,1,0,1,0,1,0,0,0,0,0,1,0,1,1,0,0,1,0,0,sintel_trailer_2k_480p24.y4m,52.26,52.36,0.2745,0.002841,0.0,353
1,1,0,0,0,0,1,0,0,0,0,0,1,0,1,1,1,1,1,1,0,1,0,1,0,0,0,0,0,1,1,0,1,0,0,0,1,0,sintel_trailer_2k_480p24.y4m,48.86,48.274,0.906024,0.001686,0.0,45
1,1,0,0,0,1,0,0,0,0,0,0,1,0,1,1,1,1,1,0,1,1,0,0,1,0,0,0,0,1,1,0,0,0,0,0,0,0,sintel_trailer_2k_480p24.y4m,20.61,20.568,0.153199,0.001441,0.0,226
1,1,0,0,0,0,0,0,0,0,0,1,1,1,0,1,1,0,1,0,1,1,0,0,0,0,0,1,0,1,1,0,1,0,0,0,0,1,sintel_trailer_2k_480p24.y4m,69.67,69.766,0.2386,0.001627,0.0,59
1,1,0,0,0,0,0,0,1,0,0,0,1,1,0,1,1,1,1,1,0,1,1,0,0,0,0,0,0,1,0,1,1,1,0,0,0,0,sintel_trailer_2k_480p24.y4m,814.64,819.866,14.011479,0.001605,0.0,19
1,1,0,0,0,0,0,0,0,0,0,1,1,1,0,1,0,1,1,0,1,1,0,0,0,1,0,0,0,1,1,0,1,1,0,0,0,0,sintel_trailer_2k_480p24.y4m,428.48,428.454,0.613702,0.001916,0.0,304
1,1,0,0,0,0,0,0,1,0,0,0,1,0,1,1,0,1,1,0,1,1,0,1,0,0,0,0,0,1,0,1,0,0,0,0,0,0,sintel_trailer_2k_480p24.y4m,55.03,54.426,1.545099,0.001805,0.0,207
1,1,0,0,0,0,1,0,0,0,0,0,1,1,0,1,1,1,1,1,0,1,0,1,0,0,0,0,0,1,1,0,0,0,0,0,0,0,sintel_trailer_2k_480p24.y4m,1880.35,1893.916,41.04728,0.001517,0.0,43
1,1,0,0,0,0,1,0,0,0,0,0,1,1,0,1,1,0,1,1,0,1,1,0,0,0,0,0,0,1,1,0,1,0,0,0,0,1,sintel_trailer_2k_480p24.y4m,27.53,27.328,0.376059,0.00128,0.0,40
1,1,0,0,0,1,0,0,0,0,0,0,1,0,1,1,0,1,1,1,0,1,1,0,0,0,0,0,0,1,1,0,1,1,0,0,0,0,sintel_trailer_2k_480p24.y4m,1585.05,1585.372,1.19173,0.003206,0.0,186
1,1,0,0,1,0,0,0,0,0,0,0,1,0,1,1,0,0,1,0,1,1,0,0,0,1,0,0,0,1,0,1,1,0,0,0,0,1,sintel_trailer_2k_480p24.y4m,32.18,32.118,0.291668,0.001477,0.0,288
1,1,1,0,0,0,0,0,0,0,0,0,1,1,0,1,1,0,1,1,0,1,0,1,0,0,0,0,0,1,1,0,1,0,1,0,0,0,sintel_trailer_2k_480p24.y4m,58.15,58.212,0.134425,0.001634,0.0,82
1,1,0,0,0,0,0,0,0,0,1,0,1,0,1,1,1,1,1,0,1,1,0,0,0,1,0,0,0,1,0,1,0,0,0,0,0,0,sintel_trailer_2k_480p24.y4m,40.86,40.65,0.472916,0.001813,0.0,211
1,1,0,0,1,0,0,0,0,0,0,0,1,0,1,1,1,1,1,0,1,1,0,0,0,0,0,1,0,1,1,0,1,0,0,1,0,0,sintel_trailer_2k_480p24.y4m,1064.6,1064.398,1.057767,0.00156,0.0,347
1,1,0,1,0,0,0,0,0,0,0,0,1,0,1,1,0,0,1,1,0,1,1,0,0,0,0,0,0,1,1,0,1,0,0,0,1,0,sintel_trailer_2k_480p24.y4m,99.57,99.608,0.50037,0.001289,0.0,13
1,1,0,0,0,0,0,1,0,0,0,0,1,0,1,1,1,1,1,0,1,1,0,0,1,0,0,0,0,1,0,1,0,0,0,0,0,0,sintel_trailer_2k_480p24.y4m,6026.31,6030.72,11.163398,0.001216,0.0,228
1,1,0,0,0,0,0,0,0,1,0,0,1,1,0,1,0,1,1,0,1,1,0,0,1,0,0,0,0,1,0,1,1,0,0,0,0,1,sintel_trailer_2k_480p24.y4m,64.39,64.342,0.331693,0.001806,0.0,335
1,1,0,0,0,0,0,0,1,0,0,0,1,1,0,1,1,0,1,0,1,1,0,0,1,0,0,0,0,1,1,0,1,1,0,0,0,0,sintel_trailer_2k_480p24.y4m,243.01,243.01,0.402306,0.003071,0.0,24
1,1,1,0,0,0,0,0,0,0,0,0,1,0,1,1,0,1,1,0,1,1,0,1,0,0,0,0,0,1,0,1,1,0,0,1,0,0,sintel_trailer_2k_480p24.y4m,1660.65,1660.912,0.482566,0.00359,0.0,352
1,1,0,0,0,0,1,0,0,0,0,0,1,0,1,1,0,0,1,1,0,1,0,0,0,0,0,1,0,1,1,0,0,0,0,0,0,0,sintel_trailer_2k_480p24.y4m,45.61,45.404,0.575178,0.001763,0.0,368
1,1,1,0,0,0,0,0,0,0,0,0,1,0,1,1,1,1,1,1,0,1,0,1,0,0,0,0,0,1,1,0,0,0,0,0,0,0,sintel_trailer_2k_480p24.y4m,24.06,23.784,0.628554,0.001481,0.0,80
1,1,0,0,1,0,0,0,0,0,0,0,1,1,0,1,0,0,1,0,1,1,0,1,0,0,0,0,0,1,0,1,0,0,0,0,0,0,sintel_trailer_2k_480p24.y4m,433.38,433.318,0.196901,0.001651,0.0,121
1,1,0,0,0,0,0,0,0,0,1,0,1,0,1,1,1,1,1,0,1,1,0,0,1,0,0,0,0,1,1,0,1,1,0,0,0,0,sintel_trailer_2k_480p24.y4m,45.8,45.802,0.096281,0.001674,0.0,156
1,1,0,1,0,0,0,0,0,0,0,0,1,0,1,1,1,1,1,1,0,1,0,0,0,0,0,1,0,1,1,0,1,1,0,0,0,0,sintel_trailer_2k_480p24.y4m,12.59,12.606,0.042778,0.001312,0.0,9
1,1,0,0,0,0,0,0,0,0,1,0,1,1,0,1,0,0,1,1,0,1,0,0,0,0,1,0,0,1,1,0,1,0,0,0,0,1,sintel_trailer_2k_480p24.y4m,73.14,73.136,0.116319,0.00188,0.0,165
1,1,0,0,0,0,0,0,0,0,1,0,1,0,1,1,0,0,1,1,0,1,0,1,0,0,0,0,0,1,0,1,1,0,0,0,0,1,sintel_trailer_2k_480p24.y4m,59.33,58.848,1.140491,0.001802,0.0,126
1,1,0,0,1,0,0,0,0,0,0,0,1,1,0,1,1,1,1,0,1,1,0,0,1,0,0,0,0,1,0,1,1,0,1,0,0,0,sintel_trailer_2k_480p24.y4m,22.73,22.448,0.659219,0.001481,0.0,280
1,1,0,0,0,0,0,1,0,0,0,0,1,0,1,1,1,1,1,1,0,1,0,1,0,0,0,0,0,1,0,1,1,0,0,0,1,0,sintel_trailer_2k_480p24.y4m,18.3,18.736,0.680647,0.003118,0.0,172
1,1,0,0,0,0,0,0,0,0,1,0,1,0,1,1,0,1,1,1,0,1,0,0,0,1,0,0,0,1,0,1,0,0,0,0,0,0,sintel_trailer_2k_480p24.y4m,64.12,64.118,0.10895,0.002733,0.0,292
1,1,0,0,0,0,0,0,0,0,1,0,1,1,0,1,1,1,1,0,1,1,0,0,0,0,0,1,0,1,1,0,0,0,0,0,0,0,sintel_trailer_2k_480p24.y4m,200.58,200.566,0.23341,0.001341,0.0,105
1,1,0,0,0,1,0,0,0,0,0,0,1,0,1,1,1,1,1,0,1,1,0,0,0,0,0,0,1,1,1,0,1,0,1,0,0,0,sintel_trailer_2k_480p24.y4m,155.89,155.602,0.715381,0.003093,0.0,76
1,1,0,0,0,1,0,0,0,0,0,0,1,0,1,1,0,0,1,1,0,1,1,0,0,0,0,0,0,1,1,0,1,0,0,0,0,1,sintel_trailer_2k_480p24.y4m,1003.88,1004.026,0.569763,0.00126,0.0,221
1,1,0,0,0,0,0,0,0,0,1,0,1,1,0,1,1,0,1,1,0,1,0,0,0,0,1,0,0,1,0,1,1,0,0,0,0,1,sintel_trailer_2k_480p24.y4m,519.92,519.982,0.163768,0.003048,0.0,167
1,1,0,0,0,0,0,0,0,0,1,0,1,0,1,1,0,1,1,0,1,1,1,0,0,0,0,0,0,1,1,0,1,0,0,0,0,1,sintel_trailer_2k_480p24.y4m,3415.46,3415.882,2.304391,0.002097,0.0,35
1,1,0,0,1,0,0,0,0,0,0,0,1,1,0,1,0,0,1,1,0,1,0,1,0,0,0,0,0,1,0,1,1,0,1,0,0,0,sintel_trailer_2k_480p24.y4m,34.7,34.66,0.082158,0.001704,0.0,235
1,1,0,0,0,0,0,0,0,1,0,0,1,1,0,1,1,1,1,0,1,1,0,0,1,0,0,0,0,1,0,1,1,0,0,0,0,1,sintel_trailer_2k_480p24.y4m,116.81,116.842,0.142899,0.003107,0.0,333
1,1,0,0,0,0,1,0,0,0,0,0,1,0,1,1,1,1,1,1,0,1,0,1,0,0,0,0,0,1,1,0,0,0,0,0,0,0,sintel_trailer_2k_480p24.y4m,646.03,645.542,1.258996,0.001271,0.0,44
1,1,0,0,1,0,0,0,0,0,0,0,1,0,1,1,0,1,1,1,0,1,0,1,0,0,0,0,0,1,0,1,1,1,0,0,0,0,sintel_trailer_2k_480p24.y4m,1441.27,1441.53,0.64792,0.001832,0.0,256
1,1,0,0,0,0,0,1,0,0,0,0,1,0,1,1,1,0,1,0,1,1,0,1,0,0,0,0,0,1,0,1,1,0,0,0,0,1,sintel_trailer_2k_480p24.y4m,10934.67,10931.918,6.85477,0.003399,0.0,192
1,1,0,0,0,0,1,0,0,0,0,0,1,1,0,1,1,1,1,1,0,1,1,0,0,0,0,0,0,1,1,0,1,0,0,0,0,1,sintel_trailer_2k_480p24.y4m,191.1,191.15,0.33444,0.001813,0.0,41
1,1,0,0,0,0,0,0,0,0,1,0,1,0,1,1,0,1,1,1,0,1,0,0,0,0,0,1,0,1,0,1,1,0,0,0,1,0,sintel_trailer_2k_480p24.y4m,1150.29,1150.91,0.929919,0.003154,0.0,273
1,1,0,0,0,0,0,0,0,0,1,0,1,1,0,1,0,1,1,0,1,1,0,0,0,0,0,1,0,1,0,1,0,0,0,0,0,0,sintel_trailer_2k_480p24.y4m,1716.0,1729.23,66.788103,0.003188,0.0,101
1,1,0,0,0,0,0,0,0,0,1,0,1,0,1,1,1,1,1,0,1,1,0,0,0,0,1,0,0,1,1,0,1,0,1,0,0,0,sintel_trailer_2k_480p24.y4m,350.35,350.432,0.453012,0.001273,0.0,242
1,1,0,0,0,0,0,0,0,0,1,0,1,1,0,1,0,1,1,0,1,1,0,0,0,0,0,1,0,1,1,0,0,0,0,0,0,0,sintel_trailer_2k_480p24.y4m,95.45,94.47,2.287848,0.00322,0.0,103
1,1,1,0,0,0,0,0,0,0,0,0,1,1,0,1,1,0,1,1,0,1,0,1,0,0,0,0,0,1,0,1,0,0,0,0,0,0,sintel_trailer_2k_480p24.y4m,736.04,735.378,1.636741,0.001875,0.0,1
1,1,0,0,0,0,0,1,0,0,0,0,1,1,0,1,0,0,1,0,1,1,0,0,0,0,0,1,0,1,0,1,1,0,0,0,0,1,sintel_trailer_2k_480p24.y4m,51.81,51.866,0.131643,0.002841,0.0,56
1,1,0,0,1,0,0,0,0,0,0,0,1,0,1,1,0,0,1,0,1,1,0,0,0,0,0,0,1,1,0,1,0,0,0,0,0,0,sintel_trailer_2k_480p24.y4m,204.64,204.412,0.817967,0.001341,0.0,373
1,1,0,0,0,0,0,0,1,0,0,0,1,1,0,1,1,1,1,0,1,1,0,1,0,0,0,0,0,1,0,1,1,0,1,0,0,0,sintel_trailer_2k_480p24.y4m,1191.54,1198.484,13.118122,0.001225,0.0,318
1,1,0,0,0,1,0,0,0,0,0,0,1,1,0,1,0,0,1,1,0,1,0,0,0,0,1,0,0,1,1,0,0,0,0,0,0,0,sintel_trailer_2k_480p24.y4m,3141.46,3141.954,1.621783,0.001585,0.0,69
1,1,0,1,0,0,0,0,0,0,0,0,1,0,1,1,0,0,1,1,0,1,0,0,0,0,0,1,0,1,1,0,1,1,0,0,0,0,sintel_trailer_2k_480p24.y4m,41.76,41.774,0.079561,0.003069,0.0,11
1,1,0,0,1,0,0,0,0,0,0,0,1,0,1,1,0,0,1,1,0,1,0,1,0,0,0,0,0,1,0,1,1,0,0,1,0,0,sintel_trailer_2k_480p24.y4m,49.4,49.34,0.232702,0.001667,0.0,258
1,1,0,0,0,0,0,0,0,0,1,0,1,0,1,1,0,0,1,1,0,1,0,1,0,0,0,0,0,1,1,0,1,0,1,0,0,0,sintel_trailer_2k_480p24.y4m,4510.97,4510.978,1.157592,0.00344,0.0,238
1,1,0,0,0,0,0,1,0,0,0,0,1,0,1,1,1,0,1,1,0,1,1,0,0,0,0,0,0,1,0,1,1,0,0,0,1,0,sintel_trailer_2k_480p24.y4m,5877.23,5879.432,6.473737,0.001541,0.0,173
1,1,0,0,0,0,0,1,0,0,0,0,1,0,1,1,0,1,1,0,1,1,0,1,0,0,0,0,0,1,0,1,1,1,0,0,0,0,sintel_trailer_2k_480p24.y4m,5877.89,5895.518,48.706983,0.001947,0.0,190
1,1,0,1,0,0,0,0,0,0,0,0,1,0,1,1,1,0,1,1,0,1,0,0,0,0,0,1,0,1,0,1,1,1,0,0,0,0,sintel_trailer_2k_480p24.y4m,1439.75,1438.584,2.58235,0.00194,0.0,7
1,1,0,0,0,1,0,0,0,0,0,0,1,0,1,1,1,1,1,0,1,1,0,0,0,0,0,0,1,1,1,0,0,0,0,0,0,0,sintel_trailer_2k_480p24.y4m,26.7,26.672,0.242837,0.001363,0.0,323
1,1,0,0,0,1,0,0,0,0,0,0,1,0,1,1,0,0,1,0,1,1,0,0,0,0,0,0,1,1,1,0,1,0,0,0,1,0,sintel_trailer_2k_480p24.y4m,1945.0,1944.232,14.982599,0.001821,0.0,73
1,1,0,0,0,0,0,0,0,0,1,0,1,0,1,1,1,0,1,0,1,1,0,1,0,0,0,0,0,1,0,1,0,0,0,0,0,0,sintel_trailer_2k_480p24.y4m,1838.5,1828.786,19.914685,0.001517,0.0,209
1,1,0,1,0,0,0,0,0,0,0,0,1,1,0,1,1,0,1,0,1,1,1,0,0,0,0,0,0,1,1,0,0,0,0,0,0,0,sintel_trailer_2k_480p24.y4m,52.9,52.372,1.242566,0.00192,2e-06,138
1,1,0,0,0,1,0,0,0,0,0,0,1,1,0,1,1,1,1,1,0,1,0,0,0,0,0,1,0,1,0,1,0,0,0,0,0,0,sintel_trailer_2k_480p24.y4m,1661.48,1660.948,1.057719,0.0032,0.0,264
1,1,0,0,0,0,0,0,0,1,0,0,1,0,1,1,0,1,1,0,1,1,0,0,0,0,0,1,0,1,0,1,1,0,0,0,1,0,sintel_trailer_2k_480p24.y4m,3086.42,3085.922,0.95122,0.001585,0.0,98
1,1,0,0,0,0,0,0,0,0,1,0,1,1,0,1,0,0,1,0,1,1,0,0,0,0,0,1,0,1,1,0,1,0,0,1,0,0,sintel_trailer_2k_480p24.y4m,39.93,39.702,0.840161,0.001784,0.0,380
1,1,0,0,1,0,0,0,0,0,0,0,1,1,0,1,1,1,1,1,0,1,0,1,0,0,0,0,0,1,1,0,1,0,1,0,0,0,sintel_trailer_2k_480p24.y4m,2211.42,2206.616,13.833381,0.00312,0.0,85
1,1,0,0,0,0,0,0,0,0,1,0,1,0,1,1,0,0,1,0,1,1,1,0,0,0,0,0,0,1,0,1,1,0,0,0,1,0,sintel_trailer_2k_480p24.y4m,710.82,719.432,31.784429,0.001572,0.0,31
1,1,0,1,0,0,0,0,0,0,0,0,1,0,1,1,1,0,1,1,0,1,0,0,0,0,0,1,0,1,1,0,1,1,0,0,0,0,sintel_trailer_2k_480p24.y4m,29.71,29.596,0.261973,0.00128,0.0,8
1,1,0,0,1,0,0,0,0,0,0,0,1,1,0,1,1,1,1,1,0,1,1,0,0,0,0,0,0,1,0,1,1,1,0,0,0,0,sintel_trailer_2k_480p24.y4m,62.54,62.5,0.219659,0.001664,0.0,216
1,1,0,0,1,0,0,0,0,0,0,0,1,1,0,1,1,1,1,0,1,1,0,0,0,1,0,0,0,1,0,1,1,1,0,0,0,0,sintel_trailer_2k_480p24.y4m,18.13,17.864,0.4342,0.001497,0.0,214
1,1,0,0,0,0,0,0,1,0,0,0,1,1,0,1,0,0,1,1,0,1,0,0,0,0,0,1,0,1,1,0,0,0,0,0,0,0,sintel_trailer_2k_480p24.y4m,70.66,70.67,0.069282,0.001747,0.0,341
1,1,0,0,1,0,0,0,0,0,0,0,1,1,0,1,0,0,1,1,0,1,0,1,0,0,0,0,0,1,1,0,1,0,1,0,0,0,sintel_trailer_2k_480p24.y4m,39.09,39.028,0.241081,0.002755,0.0,236
1,1,0,0,0,0,0,0,0,0,1,0,1,0,1,1,0,0,1,0,1,1,0,0,0,0,1,0,0,1,1,0,1,0,1,0,0,0,sintel_trailer_2k_480p24.y4m,111.8,111.72,0.199374,0.002813,0.0,240
1,1,0,0,0,0,0,1,0,0,0,0,1,0,1,1,0,0,1,0,1,1,0,0,0,1,0,0,0,1,0,1,1,0,0,0,1,0,sintel_trailer_2k_480p24.y4m,109.08,108.658,1.00773,0.00322,0.0,51
1,1,1,0,0,0,0,0,0,0,0,0,1,0,1,1,1,1,1,0,1,1,0,0,0,0,0,0,1,1,1,0,1,0,1,0,0,0,sintel_trailer_2k_480p24.y4m,57.76,57.076,1.280187,0.001333,0.0,77
1,1,0,0,0,0,0,0,0,0,1,0,1,0,1,1,1,0,1,1,0,1,0,0,0,0,0,1,0,1,0,1,1,0,0,0,0,1,sintel_trailer_2k_480p24.y4m,80.08,80.12,0.205305,0.001621,0.0,128
1,1,0,0,1,0,0,0,0,0,0,0,1,1,0,1,0,0,1,1,0,1,0,1,0,0,0,0,0,1,0,1,0,0,0,0,0,0,sintel_trailer_2k_480p24.y4m,630.24,630.194,0.157892,0.001227,0.0,234
1,1,0,0,0,0,0,0,1,0,0,0,1,0,1,1,1,0,1,0,1,1,0,0,0,0,0,1,0,1,0,1,1,0,0,0,1,0,sintel_trailer_2k_480p24.y4m,11887.81,11890.092,4.823813,0.003399,0.0,28
1,1,0,0,1,0,0,0,0,0,0,0,1,1,0,1,1,0,1,0,1,1,1,0,0,0,0,0,0,1,1,0,0,0,0,0,0,0,sintel_trailer_2k_480p24.y4m,1366.39,1365.774,1.631205,0.00194,0.0,139
1,1,0,0,0,0,0,0,0,0,1,0,1,0,1,1,1,0,1,1,0,1,0,0,0,0,1,0,0,1,1,0,1,0,1,0,0,0,sintel_trailer_2k_480p24.y4m,15.92,16.238,0.64142,0.001404,0.0,152
1,1,0,1,0,0,0,0,0,0,0,0,1,0,1,1,0,0,1,1,0,1,0,0,0,0,0,1,0,1,1,0,1,0,0,0,1,0,sintel_trailer_2k_480p24.y4m,909.47,909.588,1.076717,0.003634,0.0,12
1,1,0,0,0,0,1,0,0,0,0,0,1,0,1,1,0,1,1,1,0,1,0,0,0,0,0,1,0,1,1,0,0,0,0,0,0,0,sintel_trailer_2k_480p24.y4m,17.2,17.114,0.182428,0.001404,0.0,369
1,1,0,0,0,0,0,0,0,0,0,1,1,1,0,1,1,0,1,0,1,1,0,0,0,0,0,1,0,1,0,1,1,0,0,0,0,1,sintel_trailer_2k_480p24.y4m,504.07,504.06,0.355528,0.003048,0.0,58
1,1,0,0,0,0,0,0,1,0,0,0,1,1,0,1,1,0,1,1,0,1,1,0,0,0,0,0,0,1,1,0,0,0,0,0,0,0,sintel_trailer_2k_480p24.y4m,523.6,523.316,1.076164,0.003137,0.0,64
1,1,0,0,0,0,0,0,1,0,0,0,1,1,0,1,1,0,1,1,0,1,0,0,1,0,0,0,0,1,1,0,1,1,0,0,0,0,sintel_trailer_2k_480p24.y4m,317.12,317.118,0.059749,0.001298,0.0,21
1,1,0,0,0,1,0,0,0,0,0,0,1,0,1,1,1,1,1,0,1,1,0,0,1,0,0,0,0,1,1,0,1,0,0,0,0,1,sintel_trailer_2k_480p24.y4m,1049.29,1049.252,0.619976,0.00156,0.0,225
1,1,0,0,0,0,1,0,0,0,0,0,1,0,1,1,1,0,1,1,0,1,0,0,0,0,0,1,0,1,1,0,1,0,0,0,1,0,sintel_trailer_2k_480p24.y4m,1048.32,1049.058,5.977438,0.00193,0.0,366
