root,preset,p_0,p_1,p_2,p_3,p_4,p_5,p_6,p_7,p_8,p_9,wpp,wpp_0,wpp_1,pmode,pmode_0,pmode_!,pme,pme_0,pme_1,tune,none,psnr,ssim,grain,zero-latency,fast-decode,animation,copy-pic,copy-pic_0,copy-pic_1,frame-threads,ft_0,ft_4,ft_8,ft_12,ft_16,workload,median-time,mean-time,std-time,mean-compression-ratio,std-compression-ratio,id
1,1,0,0,0,0,0,1,0,0,0,0,1,0,1,1,1,1,1,0,1,1,0,0,1,0,0,0,0,1,0,1,1,0,0,0,0,1,akiyo_cif.y4m,2.29,2.292,0.013038,0.001524,0.0,114
1,1,0,0,1,0,0,0,0,0,0,0,1,1,0,1,1,1,1,0,1,1,0,0,1,0,0,0,0,1,1,0,1,0,1,0,0,0,akiyo_cif.y4m,1.29,1.278,0.021679,0.001328,0.0,281
1,1,0,0,0,1,0,0,0,0,0,0,1,0,1,1,1,0,1,1,0,1,0,0,0,0,0,0,1,1,1,0,1,0,0,1,0,0,akiyo_cif.y4m,3.21,3.206,0.005477,0.001458,0.0,325
1,1,1,0,0,0,0,0,0,0,0,0,1,1,0,1,1,0,1,1,0,1,0,0,0,0,1,0,0,1,1,0,1,1,0,0,0,0,akiyo_cif.y4m,2.72,2.732,0.021679,0.00138,0.0,181
1,1,0,0,0,0,0,0,1,0,0,0,1,1,0,1,1,0,1,0,1,1,0,0,1,0,0,0,0,1,1,0,1,0,0,0,0,1,akiyo_cif.y4m,53.89,53.922,0.266964,0.001835,0.0,247
1,1,0,0,0,0,0,0,0,0,1,0,1,1,0,1,1,0,1,1,0,1,0,0,0,0,1,0,0,1,1,0,1,0,0,0,0,1,akiyo_cif.y4m,75.39,75.352,0.092844,0.002784,0.0,166
1,1,0,0,0,0,0,0,1,0,0,0,1,1,0,1,1,0,1,0,1,1,0,0,1,0,0,0,0,1,1,0,1,0,0,0,1,0,akiyo_cif.y4m,2.02,2.022,0.028636,0.00133,0.0,25
1,1,0,0,0,0,0,1,0,0,0,0,1,0,1,1,0,0,1,1,0,1,0,1,0,0,0,0,0,1,0,1,0,0,0,0,0,0,akiyo_cif.y4m,6.46,6.474,0.06229,0.002857,0.0,355
1,1,0,0,1,0,0,0,0,0,0,0,1,1,0,1,0,0,1,1,0,1,1,0,0,0,0,0,0,1,1,0,1,0,0,0,0,1,akiyo_cif.y4m,0.68,0.678,0.013038,0.001151,0.0,219
1,1,0,0,0,1,0,0,0,0,0,0,1,1,0,1,1,0,1,1,0,1,0,0,0,0,1,0,0,1,1,0,1,1,0,0,0,0,akiyo_cif.y4m,6.5,6.54,0.104642,0.002857,0.0,182
1,1,0,1,0,0,0,0,0,0,0,0,1,0,1,1,0,1,1,1,0,1,0,0,0,0,0,1,0,1,1,0,1,1,0,0,0,0,akiyo_cif.y4m,1.99,1.99,0.015811,0.001487,0.0,10
1,1,0,0,1,0,0,0,0,0,0,0,1,1,0,1,1,0,1,0,1,1,0,0,1,0,0,0,0,1,0,1,1,0,0,0,0,1,akiyo_cif.y4m,31.2,31.24,0.107471,0.00161,0.0,116
1,1,0,0,0,1,0,0,0,0,0,0,1,1,0,1,1,1,1,0,1,1,0,0,0,0,0,1,0,1,0,1,1,1,0,0,0,0,akiyo_cif.y4m,3.73,3.722,0.021679,0.001436,0.0,266
1,1,0,0,0,0,0,0,1,0,0,0,1,1,0,1,0,0,1,0,1,1,0,0,1,0,0,0,0,1,1,0,1,0,0,1,0,0,akiyo_cif.y4m,12.88,12.878,0.071554,0.002743,0.0,313
1,1,0,0,0,0,0,1,0,0,0,0,1,0,1,1,0,0,1,1,0,1,0,0,0,0,0,0,1,1,0,1,0,0,0,0,0,0,akiyo_cif.y4m,3.72,3.73,0.02,0.002633,0.0,357
1,1,0,0,0,1,0,0,0,0,0,0,1,0,1,1,0,1,1,0,1,1,1,0,0,0,0,0,0,1,1,0,1,1,0,0,0,0,akiyo_cif.y4m,1.19,1.188,0.010954,0.002815,0.0,187
1,1,0,0,0,0,0,0,1,0,0,0,1,1,0,1,1,1,1,0,1,1,0,0,1,0,0,0,0,1,1,0,1,1,0,0,0,0,akiyo_cif.y4m,154.69,154.722,0.105925,0.002712,0.0,23
1,1,0,0,1,0,0,0,0,0,0,0,1,1,0,1,1,0,1,1,0,1,0,1,0,0,0,0,0,1,0,1,0,0,0,0,0,0,akiyo_cif.y4m,17.69,17.692,0.07328,0.001566,0.0,2
1,1,0,0,0,0,0,0,0,0,0,1,1,1,0,1,1,0,1,0,1,1,0,0,0,0,0,1,0,1,1,0,1,1,0,0,0,0,akiyo_cif.y4m,57.17,57.106,0.419738,0.00199,0.0,301
1,1,0,0,0,0,0,1,0,0,0,0,1,0,1,1,0,1,1,1,0,1,0,1,0,0,0,0,0,1,0,1,0,0,0,0,0,0,akiyo_cif.y4m,63.69,63.676,0.73296,0.002535,0.0,356
1,1,0,0,0,0,0,0,0,0,1,0,1,1,0,1,0,1,1,0,1,1,0,0,0,0,0,1,0,1,0,1,1,1,0,0,0,0,akiyo_cif.y4m,4.15,4.142,0.031145,0.002675,0.0,269
1,1,0,0,0,0,0,0,0,0,1,0,1,0,1,1,0,1,1,1,0,1,0,0,1,0,0,0,0,1,0,1,1,0,0,0,1,0,akiyo_cif.y4m,2.94,2.934,0.013416,0.002721,0.0,274
1,1,0,0,0,0,0,0,0,0,1,0,1,0,1,1,0,1,1,1,0,1,0,0,0,1,0,0,0,1,1,0,1,1,0,0,0,0,akiyo_cif.y4m,3.71,3.7,0.024495,0.002407,0.0,307
1,1,0,0,1,0,0,0,0,0,0,0,1,0,1,1,0,1,1,1,0,1,0,0,1,0,0,0,0,1,0,1,1,1,0,0,0,0,akiyo_cif.y4m,10.67,10.676,0.16288,0.001557,0.0,254
1,1,0,0,0,0,0,0,0,0,1,0,1,0,1,1,0,1,1,0,1,1,0,1,0,0,0,0,0,1,0,1,0,0,0,0,0,0,akiyo_cif.y4m,0.82,0.816,0.011402,0.001222,0.0,208
1,1,0,0,1,0,0,0,0,0,0,0,1,1,0,1,1,1,1,1,0,1,0,0,1,0,0,0,0,1,0,1,1,0,1,0,0,0,akiyo_cif.y4m,1.1,1.11,0.023452,0.003917,0.0,279
1,1,0,0,0,0,0,1,0,0,0,0,1,1,0,1,1,1,1,1,0,1,0,1,0,0,0,0,0,1,0,1,1,0,0,0,1,0,akiyo_cif.y4m,3.83,3.834,0.02881,0.001749,0.0,171
1,1,0,0,0,0,0,0,0,1,0,0,1,1,0,1,0,1,1,0,1,1,0,0,0,0,0,1,0,1,0,1,1,0,0,0,1,0,akiyo_cif.y4m,12.92,12.916,0.053666,0.002743,0.0,99
1,1,1,0,0,0,0,0,0,0,0,0,1,0,1,1,1,1,1,1,0,1,0,1,0,0,0,0,0,1,1,0,1,0,1,0,0,0,akiyo_cif.y4m,4.33,4.338,0.09094,0.001616,0.0,81
1,1,0,0,0,0,0,0,0,0,1,0,1,0,1,1,1,1,1,0,1,1,0,0,1,0,0,0,0,1,1,0,1,0,1,0,0,0,akiyo_cif.y4m,1.34,1.342,0.008367,0.00158,0.0,155
1,1,0,0,0,1,0,0,0,0,0,0,1,1,0,1,0,1,1,1,0,1,1,0,0,0,0,0,0,1,1,0,1,1,0,0,0,0,akiyo_cif.y4m,2.66,2.656,0.011402,0.002407,0.0,185
1,1,0,0,1,0,0,0,0,0,0,0,1,1,0,1,0,0,1,0,1,1,0,0,0,0,0,1,0,1,0,1,0,0,0,0,0,0,akiyo_cif.y4m,1.37,1.362,0.010954,0.001269,0.0,376
1,1,0,0,0,0,0,0,1,0,0,0,1,1,0,1,0,1,1,0,1,1,0,1,0,0,0,0,0,1,1,0,0,0,0,0,0,0,akiyo_cif.y4m,0.62,0.622,0.008367,0.001395,0.0,204
1,1,0,0,0,0,0,0,1,0,0,0,1,1,0,1,1,0,1,0,1,1,0,0,0,0,1,0,0,1,1,0,1,0,0,0,0,1,akiyo_cif.y4m,39.04,38.726,0.631965,0.001739,0.0,246
1,1,0,0,0,0,0,1,0,0,0,0,1,1,0,1,1,1,1,0,1,1,0,0,1,0,0,0,0,1,0,1,0,0,0,0,0,0,akiyo_cif.y4m,37.68,37.618,0.195627,0.001906,0.0,230
1,1,0,0,0,0,0,0,1,0,0,0,1,0,1,1,1,0,1,0,1,1,0,0,0,0,0,1,0,1,1,0,1,0,0,0,1,0,akiyo_cif.y4m,50.75,50.926,0.568709,0.003276,0.0,27
1,1,0,1,0,0,0,0,0,0,0,0,1,1,0,1,1,1,1,0,1,1,1,0,0,0,0,0,0,1,1,0,0,0,0,0,0,0,akiyo_cif.y4m,1.87,1.89,0.033912,0.001362,0.0,137
1,1,0,0,0,0,0,0,0,0,1,0,1,1,0,1,1,1,1,1,0,1,0,0,0,0,1,0,0,1,0,1,1,0,0,0,1,0,akiyo_cif.y4m,2.83,2.822,0.037683,0.002535,0.0,169
1,1,0,0,0,0,0,0,0,0,1,0,1,0,1,1,0,1,1,0,1,1,1,0,0,0,0,0,0,1,0,1,1,0,0,0,0,1,akiyo_cif.y4m,62.52,62.504,0.088204,0.001859,0.0,33
1,1,0,0,0,0,0,0,1,0,0,0,1,0,1,1,0,1,1,0,1,1,0,1,0,0,0,0,0,1,1,0,0,0,0,0,0,0,akiyo_cif.y4m,16.71,16.712,0.08167,0.003186,0.0,205
1,1,0,0,0,0,0,0,0,0,1,0,1,1,0,1,1,0,1,0,1,1,0,0,0,0,1,0,0,1,1,0,1,0,0,0,0,1,akiyo_cif.y4m,1.89,1.892,0.010954,0.001497,0.0,245
1,1,1,0,0,0,0,0,0,0,0,0,1,1,0,1,0,0,1,1,0,1,0,0,1,0,0,0,0,1,1,0,1,0,0,0,0,1,akiyo_cif.y4m,2.67,2.672,0.026833,0.001309,0.0,163
1,1,0,0,1,0,0,0,0,0,0,0,1,1,0,1,1,0,1,1,0,1,1,0,0,0,0,0,0,1,0,1,1,1,0,0,0,0,akiyo_cif.y4m,1.33,1.332,0.008367,0.001269,0.0,4
1,1,0,0,1,0,0,0,0,0,0,0,1,1,0,1,0,0,1,0,1,1,1,0,0,0,0,0,0,1,1,0,1,0,0,0,1,0,akiyo_cif.y4m,1.52,1.526,0.0251,0.003917,0.0,141
1,1,1,0,0,0,0,0,0,0,0,0,1,1,0,1,1,1,1,0,1,1,0,0,1,0,0,0,0,1,1,0,1,1,0,0,0,0,akiyo_cif.y4m,53.57,53.74,0.377624,0.001812,0.0,159
1,1,0,0,0,0,0,0,1,0,0,0,1,1,0,1,0,1,1,0,1,1,0,0,1,0,0,0,0,1,0,1,1,0,0,0,0,1,akiyo_cif.y4m,7.48,7.474,0.037815,0.002621,0.0,336
1,1,0,0,0,1,0,0,0,0,0,0,1,1,0,1,0,0,1,0,1,1,0,0,0,0,0,0,1,1,1,0,1,0,0,0,1,0,akiyo_cif.y4m,16.67,16.722,0.173407,0.001698,0.0,72
1,1,0,0,0,0,0,0,1,0,0,0,1,1,0,1,1,0,1,1,0,1,0,0,1,0,0,0,0,1,1,0,1,0,0,0,0,1,akiyo_cif.y4m,1.77,1.778,0.016432,0.001609,0.0,248
1,1,0,1,0,0,0,0,0,0,0,0,1,0,1,1,1,1,1,1,0,1,0,0,0,0,0,1,0,1,0,1,1,0,0,0,0,1,akiyo_cif.y4m,52.3,52.206,0.225566,0.001681,0.0,130
1,1,0,0,0,1,0,0,0,0,0,0,1,0,1,1,1,1,1,1,0,1,0,0,0,0,0,0,1,1,1,0,0,0,0,0,0,0,akiyo_cif.y4m,97.3,97.314,0.084439,0.002884,0.0,324
1,1,1,0,0,0,0,0,0,0,0,0,1,0,1,1,0,1,1,1,0,1,0,1,0,0,0,0,0,1,0,1,0,0,0,0,0,0,akiyo_cif.y4m,71.46,71.54,0.128841,0.003216,0.0,354
1,1,0,0,0,0,0,0,0,0,1,0,1,0,1,1,0,0,1,1,0,1,0,0,0,1,0,0,0,1,0,1,0,0,0,0,0,0,akiyo_cif.y4m,42.23,42.402,0.356469,0.001531,0.0,291
1,1,0,0,0,0,0,0,0,0,1,0,1,1,0,1,0,0,1,1,0,1,0,1,0,0,0,0,0,1,1,0,1,0,1,0,0,0,akiyo_cif.y4m,0.89,0.896,0.023022,0.001195,0.0,237
1,1,0,0,0,1,0,0,0,0,0,0,1,1,0,1,1,0,1,1,0,1,1,0,0,0,0,0,0,1,1,0,1,1,0,0,0,0,akiyo_cif.y4m,1.24,1.236,0.011402,0.00141,0.0,183
1,1,0,0,0,1,0,0,0,0,0,0,1,0,1,1,1,1,1,0,1,1,0,0,1,0,0,0,0,1,0,1,0,0,0,0,0,0,akiyo_cif.y4m,1.0,1.006,0.008944,0.001259,0.0,227
1,1,0,0,0,0,0,0,1,0,0,0,1,1,0,1,0,1,1,0,1,1,0,0,0,0,0,1,0,1,0,1,0,0,0,0,0,0,akiyo_cif.y4m,3.4,3.4,0.018708,0.001583,0.0,338
1,1,0,0,1,0,0,0,0,0,0,0,1,0,1,1,0,0,1,0,1,1,1,0,0,0,0,0,0,1,1,0,1,0,0,0,1,0,akiyo_cif.y4m,9.85,9.842,0.037014,0.001738,0.0,142
1,1,0,0,1,0,0,0,0,0,0,0,1,1,0,1,1,1,1,0,1,1,0,0,1,0,0,0,0,1,1,0,1,0,0,0,0,1,akiyo_cif.y4m,9.4,9.408,0.039623,0.002707,0.0,332
1,1,0,0,0,0,0,0,0,1,0,0,1,0,1,1,0,0,1,1,0,1,0,0,0,0,1,0,0,1,0,1,1,0,0,0,1,0,akiyo_cif.y4m,51.2,51.134,0.433509,0.001684,0.0,95
1,1,0,0,1,0,0,0,0,0,0,0,1,0,1,1,0,0,1,0,1,1,0,0,0,1,0,0,0,1,0,1,0,0,0,0,0,0,akiyo_cif.y4m,6.06,6.066,0.023022,0.002757,0.0,289
1,1,0,0,1,0,0,0,0,0,0,0,1,1,0,1,0,0,1,0,1,1,0,0,0,0,0,1,0,1,0,1,1,0,0,1,0,0,akiyo_cif.y4m,0.84,0.842,0.008367,0.001195,0.0,378
1,1,0,0,1,0,0,0,0,0,0,0,1,1,0,1,1,1,1,1,0,1,0,0,1,0,0,0,0,1,0,1,1,0,0,0,1,0,akiyo_cif.y4m,18.61,18.632,0.044944,0.001716,0.0,278
1,1,0,0,0,0,0,0,0,0,1,0,1,0,1,1,1,0,1,0,1,1,1,0,0,0,0,0,0,1,0,1,1,0,0,0,1,0,akiyo_cif.y4m,4.49,4.484,0.032863,0.00284,0.0,30
1,1,0,0,1,0,0,0,0,0,0,0,1,1,0,1,0,0,1,0,1,1,0,1,0,0,0,0,0,1,0,1,1,0,0,0,0,1,akiyo_cif.y4m,0.76,0.764,0.005477,0.001482,0.0,120
1,1,0,0,0,1,0,0,0,0,0,0,1,1,0,1,1,1,1,0,1,1,0,0,0,0,0,1,0,1,0,1,0,0,0,0,0,0,akiyo_cif.y4m,1.12,1.114,0.008944,0.001347,0.0,265
1,1,0,0,0,0,0,0,0,0,1,0,1,1,0,1,1,0,1,1,0,1,0,0,0,0,0,1,0,1,0,1,0,0,0,0,0,0,akiyo_cif.y4m,2.68,2.686,0.013416,0.001403,0.0,296
1,1,0,0,0,0,0,1,0,0,0,0,1,1,0,1,1,1,1,1,0,1,0,1,0,0,0,0,0,1,0,1,0,0,0,0,0,0,akiyo_cif.y4m,5.47,5.468,0.065345,0.00148,0.0,232
1,1,0,0,0,0,0,0,0,0,1,0,1,0,1,1,0,0,1,1,0,1,0,0,1,0,0,0,0,1,1,0,1,0,0,1,0,0,akiyo_cif.y4m,4.04,4.026,0.042778,0.002316,0.0,310
1,1,0,0,0,0,0,1,0,0,0,0,1,0,1,1,1,1,1,0,1,1,0,0,0,0,0,1,0,1,0,1,1,0,0,1,0,0,akiyo_cif.y4m,60.05,60.06,0.153134,0.002843,0.0,349
1,1,0,0,1,0,0,0,0,0,0,0,1,1,0,1,0,1,1,0,1,1,0,0,0,0,0,1,0,1,0,1,0,0,0,0,0,0,akiyo_cif.y4m,2.97,2.972,0.0249,0.002768,0.0,377
1,1,0,0,0,0,0,0,0,1,0,0,1,0,1,1,1,1,1,1,0,1,0,0,0,0,1,0,0,1,0,1,1,0,0,0,1,0,akiyo_cif.y4m,55.61,55.546,0.156939,0.001946,0.0,94
1,1,1,0,0,0,0,0,0,0,0,0,1,1,0,1,1,0,1,0,1,1,1,0,0,0,0,0,0,1,0,1,1,1,0,0,0,0,akiyo_cif.y4m,3.72,3.71,0.031623,0.002407,0.0,178
1,1,0,0,0,0,0,0,0,0,1,0,1,0,1,1,0,0,1,1,0,1,0,0,0,0,0,1,0,1,0,1,1,0,0,0,0,1,akiyo_cif.y4m,3.31,3.448,0.287176,0.002708,0.0,127
1,1,0,0,0,0,0,1,0,0,0,0,1,0,1,1,1,0,1,0,1,1,0,0,0,1,0,0,0,1,0,1,1,0,0,0,1,0,akiyo_cif.y4m,1.06,1.058,0.013038,0.001153,0.0,111
1,1,1,0,0,0,0,0,0,0,0,0,1,0,1,1,0,1,1,1,0,1,0,1,0,0,0,0,0,1,0,1,1,0,0,1,0,0,akiyo_cif.y4m,2.19,2.192,0.010954,0.002416,0.0,353
1,1,0,0,0,0,1,0,0,0,0,0,1,0,1,1,1,1,1,1,0,1,0,1,0,0,0,0,0,1,1,0,1,0,0,0,1,0,akiyo_cif.y4m,2.59,2.604,0.0251,0.001487,0.0,45
1,1,0,0,0,1,0,0,0,0,0,0,1,0,1,1,1,1,1,0,1,1,0,0,1,0,0,0,0,1,1,0,0,0,0,0,0,0,akiyo_cif.y4m,0.83,0.834,0.005477,0.001355,0.0,226
1,1,0,0,0,0,0,0,0,0,0,1,1,1,0,1,1,0,1,0,1,1,0,0,0,0,0,1,0,1,1,0,1,0,0,0,0,1,akiyo_cif.y4m,3.26,3.26,0.024495,0.001366,0.0,59
1,1,0,0,0,0,0,0,1,0,0,0,1,1,0,1,1,1,1,1,0,1,1,0,0,0,0,0,0,1,0,1,1,1,0,0,0,0,akiyo_cif.y4m,18.06,18.028,0.083187,0.001566,0.0,19
1,1,0,0,0,0,0,0,0,0,0,1,1,1,0,1,0,1,1,0,1,1,0,0,0,1,0,0,0,1,1,0,1,1,0,0,0,0,akiyo_cif.y4m,10.81,10.808,0.062209,0.00178,0.0,304
1,1,0,0,0,0,0,0,1,0,0,0,1,0,1,1,0,1,1,0,1,1,0,1,0,0,0,0,0,1,0,1,0,0,0,0,0,0,akiyo_cif.y4m,1.77,1.766,0.015166,0.001609,0.0,207
1,1,0,0,0,0,1,0,0,0,0,0,1,1,0,1,1,1,1,1,0,1,0,1,0,0,0,0,0,1,1,0,0,0,0,0,0,0,akiyo_cif.y4m,69.63,69.602,0.154013,0.001675,0.0,43
1,1,0,0,0,0,1,0,0,0,0,0,1,1,0,1,1,0,1,1,0,1,1,0,0,0,0,0,0,1,1,0,1,0,0,0,0,1,akiyo_cif.y4m,1.12,1.124,0.011402,0.001273,0.0,40
1,1,0,0,0,1,0,0,0,0,0,0,1,0,1,1,0,1,1,1,0,1,1,0,0,0,0,0,0,1,1,0,1,1,0,0,0,0,akiyo_cif.y4m,88.61,88.648,0.080436,0.002882,0.0,186
1,1,0,0,1,0,0,0,0,0,0,0,1,0,1,1,0,0,1,0,1,1,0,0,0,1,0,0,0,1,0,1,1,0,0,0,0,1,akiyo_cif.y4m,1.59,1.588,0.025884,0.001374,0.0,288
1,1,1,0,0,0,0,0,0,0,0,0,1,1,0,1,1,0,1,1,0,1,0,1,0,0,0,0,0,1,1,0,1,0,1,0,0,0,akiyo_cif.y4m,2.67,2.682,0.026833,0.00138,0.0,82
1,1,0,0,0,0,0,0,0,0,1,0,1,0,1,1,1,1,1,0,1,1,0,0,0,1,0,0,0,1,0,1,0,0,0,0,0,0,akiyo_cif.y4m,2.24,2.244,0.015166,0.001524,0.0,211
1,1,0,0,1,0,0,0,0,0,0,0,1,0,1,1,1,1,1,0,1,1,0,0,0,0,0,1,0,1,1,0,1,0,0,1,0,0,akiyo_cif.y4m,37.02,36.996,0.184743,0.001739,0.0,347
1,1,0,1,0,0,0,0,0,0,0,0,1,0,1,1,0,0,1,1,0,1,1,0,0,0,0,0,0,1,1,0,1,0,0,0,1,0,akiyo_cif.y4m,5.28,5.286,0.052726,0.001406,0.0,13
1,1,0,0,0,0,0,1,0,0,0,0,1,0,1,1,1,1,1,0,1,1,0,0,1,0,0,0,0,1,0,1,0,0,0,0,0,0,akiyo_cif.y4m,161.79,161.81,0.117686,0.00163,0.0,228
1,1,0,0,0,0,0,0,0,1,0,0,1,1,0,1,0,1,1,0,1,1,0,0,1,0,0,0,0,1,0,1,1,0,0,0,0,1,akiyo_cif.y4m,3.83,3.832,0.004472,0.00175,0.0,335
1,1,0,0,0,0,0,0,1,0,0,0,1,1,0,1,1,0,1,0,1,1,0,0,1,0,0,0,0,1,1,0,1,1,0,0,0,0,akiyo_cif.y4m,12.37,12.374,0.092087,0.002862,0.0,24
1,1,1,0,0,0,0,0,0,0,0,0,1,0,1,1,0,1,1,0,1,1,0,1,0,0,0,0,0,1,0,1,1,0,0,1,0,0,akiyo_cif.y4m,150.41,150.332,0.27617,0.003191,0.0,352
1,1,0,0,0,0,1,0,0,0,0,0,1,0,1,1,0,0,1,1,0,1,0,0,0,0,0,1,0,1,1,0,0,0,0,0,0,0,akiyo_cif.y4m,2.44,2.436,0.011402,0.001555,0.0,368
1,1,1,0,0,0,0,0,0,0,0,0,1,0,1,1,1,1,1,1,0,1,0,1,0,0,0,0,0,1,1,0,0,0,0,0,0,0,akiyo_cif.y4m,1.01,1.006,0.011402,0.001533,0.0,80
1,1,0,0,1,0,0,0,0,0,0,0,1,1,0,1,0,0,1,0,1,1,0,1,0,0,0,0,0,1,0,1,0,0,0,0,0,0,akiyo_cif.y4m,10.91,10.912,0.053104,0.001655,0.0,121
1,1,0,0,0,0,0,0,0,0,1,0,1,0,1,1,1,1,1,0,1,1,0,0,1,0,0,0,0,1,1,0,1,1,0,0,0,0,akiyo_cif.y4m,1.62,1.622,0.014832,0.001362,0.0,156
1,1,0,1,0,0,0,0,0,0,0,0,1,0,1,1,1,1,1,1,0,1,0,0,0,0,0,1,0,1,1,0,1,1,0,0,0,0,akiyo_cif.y4m,0.58,0.576,0.005477,0.001241,0.0,9
1,1,0,0,0,0,0,0,0,0,1,0,1,1,0,1,0,0,1,1,0,1,0,0,0,0,1,0,0,1,1,0,1,0,0,0,0,1,akiyo_cif.y4m,1.8,1.8,0.022361,0.001497,0.0,165
1,1,0,0,0,0,0,0,0,0,1,0,1,0,1,1,0,0,1,1,0,1,0,1,0,0,0,0,0,1,0,1,1,0,0,0,0,1,akiyo_cif.y4m,2.72,2.722,0.048166,0.001446,0.0,126
1,1,0,0,1,0,0,0,0,0,0,0,1,1,0,1,1,1,1,0,1,1,0,0,1,0,0,0,0,1,0,1,1,0,1,0,0,0,akiyo_cif.y4m,1.0,1.0,0.007071,0.001533,0.0,280
1,1,0,0,0,0,0,1,0,0,0,0,1,0,1,1,1,1,1,1,0,1,0,1,0,0,0,0,0,1,0,1,1,0,0,0,1,0,akiyo_cif.y4m,0.8,0.802,0.013038,0.003317,0.0,172
1,1,0,0,0,0,0,0,0,0,1,0,1,0,1,1,0,1,1,1,0,1,0,0,0,1,0,0,0,1,0,1,0,0,0,0,0,0,akiyo_cif.y4m,4.41,4.408,0.028636,0.002412,0.0,292
1,1,0,0,0,0,0,0,0,0,1,0,1,1,0,1,1,1,1,0,1,1,0,0,0,0,0,1,0,1,1,0,0,0,0,0,0,0,akiyo_cif.y4m,7.1,7.108,0.044385,0.001567,0.0,105
1,1,0,0,0,1,0,0,0,0,0,0,1,0,1,1,1,1,1,0,1,1,0,0,0,0,0,0,1,1,1,0,1,0,1,0,0,0,akiyo_cif.y4m,7.64,7.658,0.054498,0.002782,0.0,76
1,1,0,0,0,1,0,0,0,0,0,0,1,0,1,1,0,0,1,1,0,1,1,0,0,0,0,0,0,1,1,0,1,0,0,0,0,1,akiyo_cif.y4m,38.15,38.056,0.279249,0.001608,0.0,221
1,1,0,0,0,0,0,0,0,0,1,0,1,1,0,1,1,0,1,1,0,1,0,0,0,0,1,0,0,1,0,1,1,0,0,0,0,1,akiyo_cif.y4m,19.06,19.054,0.032863,0.002804,0.0,167
1,1,0,0,0,0,0,0,0,0,1,0,1,0,1,1,0,1,1,0,1,1,1,0,0,0,0,0,0,1,1,0,1,0,0,0,0,1,akiyo_cif.y4m,109.44,108.858,1.320916,0.002064,0.0,35
1,1,0,0,1,0,0,0,0,0,0,0,1,1,0,1,0,0,1,1,0,1,0,1,0,0,0,0,0,1,0,1,1,0,1,0,0,0,akiyo_cif.y4m,1.48,1.474,0.008944,0.001442,0.0,235
1,1,0,0,0,0,0,0,0,1,0,0,1,1,0,1,1,1,1,0,1,1,0,0,1,0,0,0,0,1,0,1,1,0,0,0,0,1,akiyo_cif.y4m,5.79,5.772,0.048683,0.002779,0.0,333
1,1,0,0,0,0,1,0,0,0,0,0,1,0,1,1,1,1,1,1,0,1,0,1,0,0,0,0,0,1,1,0,0,0,0,0,0,0,akiyo_cif.y4m,46.37,46.35,0.079057,0.001607,0.0,44
1,1,0,0,1,0,0,0,0,0,0,0,1,0,1,1,0,1,1,1,0,1,0,1,0,0,0,0,0,1,0,1,1,1,0,0,0,0,akiyo_cif.y4m,82.25,82.204,0.107378,0.001908,0.0,256
1,1,0,0,0,0,0,1,0,0,0,0,1,0,1,1,1,0,1,0,1,1,0,1,0,0,0,0,0,1,0,1,1,0,0,0,0,1,akiyo_cif.y4m,333.04,332.732,0.570061,0.002941,0.0,192
1,1,0,0,0,0,1,0,0,0,0,0,1,1,0,1,1,1,1,1,0,1,1,0,0,0,0,0,0,1,1,0,1,0,0,0,0,1,akiyo_cif.y4m,7.36,7.356,0.051284,0.001813,0.0,41
1,1,0,0,0,0,0,0,0,0,1,0,1,0,1,1,0,1,1,1,0,1,0,0,0,0,0,1,0,1,0,1,1,0,0,0,1,0,akiyo_cif.y4m,53.51,53.466,0.25774,0.002746,0.0,273
1,1,0,0,0,0,0,0,0,0,1,0,1,1,0,1,0,1,1,0,1,1,0,0,0,0,0,1,0,1,0,1,0,0,0,0,0,0,akiyo_cif.y4m,34.66,34.8,0.257682,0.002594,0.0,101
1,1,0,0,0,0,0,0,0,0,1,0,1,0,1,1,1,1,1,0,1,1,0,0,0,0,1,0,0,1,1,0,1,0,1,0,0,0,akiyo_cif.y4m,30.82,30.838,0.080125,0.00161,0.0,242
1,1,0,0,0,0,0,0,0,0,1,0,1,1,0,1,0,1,1,0,1,1,0,0,0,0,0,1,0,1,1,0,0,0,0,0,0,0,akiyo_cif.y4m,3.03,3.036,0.019494,0.002721,0.0,103
1,1,1,0,0,0,0,0,0,0,0,0,1,1,0,1,1,0,1,1,0,1,0,1,0,0,0,0,0,1,0,1,0,0,0,0,0,0,akiyo_cif.y4m,54.95,54.924,0.111937,0.001976,0.0,1
1,1,0,0,0,0,0,1,0,0,0,0,1,1,0,1,0,0,1,0,1,1,0,0,0,0,0,1,0,1,0,1,1,0,0,0,0,1,akiyo_cif.y4m,2.22,2.218,0.014832,0.002416,0.0,56
1,1,0,0,1,0,0,0,0,0,0,0,1,0,1,1,0,0,1,0,1,1,0,0,0,0,0,0,1,1,0,1,0,0,0,0,0,0,akiyo_cif.y4m,7.36,7.358,0.035637,0.001567,0.0,373
1,1,0,0,0,0,0,0,1,0,0,0,1,1,0,1,1,1,1,0,1,1,0,1,0,0,0,0,0,1,0,1,1,0,1,0,0,0,akiyo_cif.y4m,68.95,68.544,0.682884,0.001537,0.0,318
1,1,0,0,0,1,0,0,0,0,0,0,1,1,0,1,0,0,1,1,0,1,0,0,0,0,1,0,0,1,1,0,0,0,0,0,0,0,akiyo_cif.y4m,107.79,107.81,0.252587,0.001841,0.0,69
1,1,0,1,0,0,0,0,0,0,0,0,1,0,1,1,0,0,1,1,0,1,0,0,0,0,0,1,0,1,1,0,1,1,0,0,0,0,akiyo_cif.y4m,2.59,2.594,0.015166,0.002777,0.0,11
1,1,0,0,1,0,0,0,0,0,0,0,1,0,1,1,0,0,1,1,0,1,0,1,0,0,0,0,0,1,0,1,1,0,0,1,0,0,akiyo_cif.y4m,1.55,1.56,0.018708,0.001494,0.0,258
1,1,0,0,0,0,0,0,0,0,1,0,1,0,1,1,0,0,1,1,0,1,0,1,0,0,0,0,0,1,1,0,1,0,1,0,0,0,akiyo_cif.y4m,197.66,197.648,0.330863,0.003013,0.0,238
1,1,0,0,0,0,0,1,0,0,0,0,1,0,1,1,1,0,1,1,0,1,1,0,0,0,0,0,0,1,0,1,1,0,0,0,1,0,akiyo_cif.y4m,149.36,149.382,0.535462,0.001778,0.0,173
1,1,0,0,0,0,0,1,0,0,0,0,1,0,1,1,0,1,1,0,1,1,0,1,0,0,0,0,0,1,0,1,1,1,0,0,0,0,akiyo_cif.y4m,90.52,90.44,0.342418,0.001882,0.0,190
1,1,0,1,0,0,0,0,0,0,0,0,1,0,1,1,1,0,1,1,0,1,0,0,0,0,0,1,0,1,0,1,1,1,0,0,0,0,akiyo_cif.y4m,33.4,33.374,0.072664,0.001897,0.0,7
1,1,0,0,0,1,0,0,0,0,0,0,1,0,1,1,1,1,1,0,1,1,0,0,0,0,0,0,1,1,1,0,0,0,0,0,0,0,akiyo_cif.y4m,1.11,1.104,0.032863,0.001222,0.0,323
1,1,0,0,0,1,0,0,0,0,0,0,1,0,1,1,0,0,1,0,1,1,0,0,0,0,0,0,1,1,1,0,1,0,0,0,1,0,akiyo_cif.y4m,74.57,74.59,0.149833,0.001865,0.0,73
1,1,0,0,0,0,0,0,0,0,1,0,1,0,1,1,1,0,1,0,1,1,0,1,0,0,0,0,0,1,0,1,0,0,0,0,0,0,akiyo_cif.y4m,67.77,67.844,0.139571,0.001675,0.0,209
1,1,0,1,0,0,0,0,0,0,0,0,1,1,0,1,1,0,1,0,1,1,1,0,0,0,0,0,0,1,1,0,0,0,0,0,0,0,akiyo_cif.y4m,1.5,1.498,0.008367,0.001582,0.0,138
1,1,0,0,0,1,0,0,0,0,0,0,1,1,0,1,1,1,1,1,0,1,0,0,0,0,0,1,0,1,0,1,0,0,0,0,0,0,akiyo_cif.y4m,42.63,42.618,0.077266,0.00286,0.0,264
1,1,0,0,0,0,0,0,0,1,0,0,1,0,1,1,0,1,1,0,1,1,0,0,0,0,0,1,0,1,0,1,1,0,0,0,1,0,akiyo_cif.y4m,110.83,110.802,0.09985,0.001841,0.0,98
1,1,0,0,0,0,0,0,0,0,1,0,1,1,0,1,0,0,1,0,1,1,0,0,0,0,0,1,0,1,1,0,1,0,0,1,0,0,akiyo_cif.y4m,2.12,2.12,0.012247,0.001579,0.0,380
1,1,0,0,1,0,0,0,0,0,0,0,1,1,0,1,1,1,1,1,0,1,0,1,0,0,0,0,0,1,1,0,1,0,1,0,0,0,akiyo_cif.y4m,84.45,84.508,0.46127,0.00268,0.0,85
1,1,0,0,0,0,0,0,0,0,1,0,1,0,1,1,0,0,1,0,1,1,1,0,0,0,0,0,0,1,0,1,1,0,0,0,1,0,akiyo_cif.y4m,48.75,48.738,0.07823,0.001757,0.0,31
1,1,0,1,0,0,0,0,0,0,0,0,1,0,1,1,1,0,1,1,0,1,0,0,0,0,0,1,0,1,1,0,1,1,0,0,0,0,akiyo_cif.y4m,1.29,1.294,0.020736,0.001273,0.0,8
1,1,0,0,1,0,0,0,0,0,0,0,1,1,0,1,1,1,1,1,0,1,1,0,0,0,0,0,0,1,0,1,1,1,0,0,0,0,akiyo_cif.y4m,3.77,3.768,0.017889,0.001583,0.0,216
1,1,0,0,1,0,0,0,0,0,0,0,1,1,0,1,1,1,1,0,1,1,0,0,0,1,0,0,0,1,0,1,1,1,0,0,0,0,akiyo_cif.y4m,0.66,0.66,0.01,0.001482,0.0,214
1,1,0,0,0,0,0,0,1,0,0,0,1,1,0,1,0,0,1,1,0,1,0,0,0,0,0,1,0,1,1,0,0,0,0,0,0,0,akiyo_cif.y4m,4.01,4.002,0.020494,0.001476,0.0,341
1,1,0,0,1,0,0,0,0,0,0,0,1,1,0,1,0,0,1,1,0,1,0,1,0,0,0,0,0,1,1,0,1,0,1,0,0,0,akiyo_cif.y4m,2.31,2.296,0.034351,0.002431,0.0,236
1,1,0,0,0,0,0,0,0,0,1,0,1,0,1,1,0,0,1,0,1,1,0,0,0,0,1,0,0,1,1,0,1,0,1,0,0,0,akiyo_cif.y4m,5.5,5.516,0.060249,0.002432,0.0,240
1,1,0,0,0,0,0,1,0,0,0,0,1,0,1,1,0,0,1,0,1,1,0,0,0,1,0,0,0,1,0,1,1,0,0,0,1,0,akiyo_cif.y4m,3.5,3.508,0.025884,0.002721,0.0,51
1,1,1,0,0,0,0,0,0,0,0,0,1,0,1,1,1,1,1,0,1,1,0,0,0,0,0,0,1,1,1,0,1,0,1,0,0,0,akiyo_cif.y4m,3.41,3.416,0.013416,0.001493,0.0,77
1,1,0,0,0,0,0,0,0,0,1,0,1,0,1,1,1,0,1,1,0,1,0,0,0,0,0,1,0,1,0,1,1,0,0,0,0,1,akiyo_cif.y4m,1.84,1.844,0.008944,0.001401,0.0,128
1,1,0,0,1,0,0,0,0,0,0,0,1,1,0,1,0,0,1,1,0,1,0,1,0,0,0,0,0,1,0,1,0,0,0,0,0,0,akiyo_cif.y4m,44.81,44.804,0.032863,0.001527,0.0,234
1,1,0,0,0,0,0,0,1,0,0,0,1,0,1,1,1,0,1,0,1,1,0,0,0,0,0,1,0,1,0,1,1,0,0,0,1,0,akiyo_cif.y4m,342.0,342.068,0.295838,0.002941,0.0,28
1,1,0,0,1,0,0,0,0,0,0,0,1,1,0,1,1,0,1,0,1,1,1,0,0,0,0,0,0,1,1,0,0,0,0,0,0,0,akiyo_cif.y4m,32.31,32.324,0.13704,0.001897,0.0,139
1,1,0,0,0,0,0,0,0,0,1,0,1,0,1,1,1,0,1,1,0,1,0,0,0,0,1,0,0,1,1,0,1,0,1,0,0,0,akiyo_cif.y4m,0.64,0.634,0.008944,0.001395,0.0,152
1,1,0,1,0,0,0,0,0,0,0,0,1,0,1,1,0,0,1,1,0,1,0,0,0,0,0,1,0,1,1,0,1,0,0,0,1,0,akiyo_cif.y4m,98.69,98.626,0.254028,0.003264,0.0,12
1,1,0,0,0,0,1,0,0,0,0,0,1,0,1,1,0,1,1,1,0,1,0,0,0,0,0,1,0,1,1,0,0,0,0,0,0,0,akiyo_cif.y4m,0.63,0.63,0.007071,0.001395,0.0,369
1,1,0,0,0,0,0,0,0,0,0,1,1,1,0,1,1,0,1,0,1,1,0,0,0,0,0,1,0,1,0,1,1,0,0,0,0,1,akiyo_cif.y4m,19.02,19.006,0.033615,0.002804,0.0,58
1,1,0,0,0,0,0,0,1,0,0,0,1,1,0,1,1,0,1,1,0,1,1,0,0,0,0,0,0,1,1,0,0,0,0,0,0,0,akiyo_cif.y4m,12.91,12.892,0.050695,0.002743,0.0,64
1,1,0,0,0,0,0,0,1,0,0,0,1,1,0,1,1,0,1,1,0,1,0,0,1,0,0,0,0,1,1,0,1,1,0,0,0,0,akiyo_cif.y4m,10.08,10.072,0.019235,0.001493,0.0,21
1,1,0,0,0,1,0,0,0,0,0,0,1,0,1,1,1,1,1,0,1,1,0,0,1,0,0,0,0,1,1,0,1,0,0,0,0,1,akiyo_cif.y4m,36.72,36.788,0.177116,0.001739,0.0,225
1,1,0,0,0,0,1,0,0,0,0,0,1,0,1,1,1,0,1,1,0,1,0,0,0,0,0,1,0,1,1,0,1,0,0,0,1,0,akiyo_cif.y4m,69.69,69.654,0.636302,0.001861,0.0,366
1,1,0,0,0,0,0,1,0,0,0,0,1,0,1,1,1,1,1,0,1,1,0,0,1,0,0,0,0,1,0,1,1,0,0,0,0,1,bowing_cif.y4m,2.81,2.81,0.01,0.001742,0.0,114
1,1,0,0,1,0,0,0,0,0,0,0,1,1,0,1,1,1,1,0,1,1,0,0,1,0,0,0,0,1,1,0,1,0,1,0,0,0,bowing_cif.y4m,2.1,2.106,0.019494,0.001582,0.0,281
1,1,0,0,0,1,0,0,0,0,0,0,1,0,1,1,1,0,1,1,0,1,0,0,0,0,0,0,1,1,1,0,1,0,0,1,0,0,bowing_cif.y4m,3.94,3.93,0.025495,0.001651,0.0,325
1,1,1,0,0,0,0,0,0,0,0,0,1,1,0,1,1,0,1,1,0,1,0,0,0,0,1,0,0,1,1,0,1,1,0,0,0,0,bowing_cif.y4m,3.38,3.378,0.037014,0.001567,0.0,181
1,1,0,0,0,0,0,0,1,0,0,0,1,1,0,1,1,0,1,0,1,1,0,0,1,0,0,0,0,1,1,0,1,0,0,0,0,1,bowing_cif.y4m,85.89,86.214,0.727413,0.001847,0.0,247
1,1,0,0,0,0,0,0,0,0,1,0,1,1,0,1,1,0,1,1,0,1,0,0,0,0,1,0,0,1,1,0,1,0,0,0,0,1,bowing_cif.y4m,130.59,130.608,0.252527,0.00213,0.0,166
1,1,0,0,0,0,0,0,1,0,0,0,1,1,0,1,1,0,1,0,1,1,0,0,1,0,0,0,0,1,1,0,1,0,0,0,1,0,bowing_cif.y4m,3.39,3.382,0.035637,0.00142,0.0,25
1,1,0,0,0,0,0,1,0,0,0,0,1,0,1,1,0,0,1,1,0,1,0,1,0,0,0,0,0,1,0,1,0,0,0,0,0,0,bowing_cif.y4m,6.44,6.498,0.142899,0.002335,0.0,355
1,1,0,0,1,0,0,0,0,0,0,0,1,1,0,1,0,0,1,1,0,1,1,0,0,0,0,0,0,1,1,0,1,0,0,0,0,1,bowing_cif.y4m,1.01,1.01,0.01,0.001282,0.0,219
1,1,0,0,0,1,0,0,0,0,0,0,1,1,0,1,1,0,1,1,0,1,0,0,0,0,1,0,0,1,1,0,1,1,0,0,0,0,bowing_cif.y4m,6.48,6.532,0.146867,0.002335,0.0,182
1,1,0,1,0,0,0,0,0,0,0,0,1,0,1,1,0,1,1,1,0,1,0,0,0,0,0,1,0,1,1,0,1,1,0,0,0,0,bowing_cif.y4m,2.46,2.454,0.018166,0.001664,0.0,10
1,1,0,0,1,0,0,0,0,0,0,0,1,1,0,1,1,0,1,0,1,1,0,0,1,0,0,0,0,1,0,1,1,0,0,0,0,1,bowing_cif.y4m,48.81,48.786,0.097877,0.001548,0.0,116
1,1,0,0,0,1,0,0,0,0,0,0,1,1,0,1,1,1,1,0,1,1,0,0,0,0,0,1,0,1,0,1,1,1,0,0,0,0,bowing_cif.y4m,4.5,4.516,0.046152,0.001658,0.0,266
1,1,0,0,0,0,0,0,1,0,0,0,1,1,0,1,0,0,1,0,1,1,0,0,1,0,0,0,0,1,1,0,1,0,0,1,0,0,bowing_cif.y4m,23.75,23.748,0.107796,0.002685,0.0,313
1,1,0,0,0,0,0,1,0,0,0,0,1,0,1,1,0,0,1,1,0,1,0,0,0,0,0,0,1,1,0,1,0,0,0,0,0,0,bowing_cif.y4m,4.94,4.96,0.044159,0.002445,0.0,357
1,1,0,0,0,1,0,0,0,0,0,0,1,0,1,1,0,1,1,0,1,1,1,0,0,0,0,0,0,1,1,0,1,1,0,0,0,0,bowing_cif.y4m,1.48,1.478,0.004472,0.002583,0.0,187
1,1,0,0,0,0,0,0,1,0,0,0,1,1,0,1,1,1,1,0,1,1,0,0,1,0,0,0,0,1,1,0,1,1,0,0,0,0,bowing_cif.y4m,278.47,278.504,0.102127,0.002071,0.0,23
1,1,0,0,1,0,0,0,0,0,0,0,1,1,0,1,1,0,1,1,0,1,0,1,0,0,0,0,0,1,0,1,0,0,0,0,0,0,bowing_cif.y4m,36.71,36.716,0.10015,0.001582,0.0,2
1,1,0,0,0,0,0,0,0,0,0,1,1,1,0,1,1,0,1,0,1,1,0,0,0,0,0,1,0,1,1,0,1,1,0,0,0,0,bowing_cif.y4m,138.64,138.502,0.484685,0.001919,0.0,301
1,1,0,0,0,0,0,1,0,0,0,0,1,0,1,1,0,1,1,1,0,1,0,1,0,0,0,0,0,1,0,1,0,0,0,0,0,0,bowing_cif.y4m,102.79,105.094,4.027981,0.002565,0.0,356
1,1,0,0,0,0,0,0,0,0,1,0,1,1,0,1,0,1,1,0,1,1,0,0,0,0,0,1,0,1,0,1,1,1,0,0,0,0,bowing_cif.y4m,5.25,5.248,0.019235,0.002153,0.0,269
1,1,0,0,0,0,0,0,0,0,1,0,1,0,1,1,0,1,1,1,0,1,0,0,1,0,0,0,0,1,0,1,1,0,0,0,1,0,bowing_cif.y4m,3.57,3.578,0.016432,0.002516,0.0,274
1,1,0,0,0,0,0,0,0,0,1,0,1,0,1,1,0,1,1,1,0,1,0,0,0,1,0,0,0,1,1,0,1,1,0,0,0,0,bowing_cif.y4m,4.05,4.05,0.027386,0.002342,0.0,307
1,1,0,0,1,0,0,0,0,0,0,0,1,0,1,1,0,1,1,1,0,1,0,0,1,0,0,0,0,1,0,1,1,1,0,0,0,0,bowing_cif.y4m,21.65,21.61,0.141421,0.001518,0.0,254
1,1,0,0,0,0,0,0,0,0,1,0,1,0,1,1,0,1,1,0,1,1,0,1,0,0,0,0,0,1,0,1,0,0,0,0,0,0,bowing_cif.y4m,1.09,1.09,0.012247,0.001339,0.0,208
1,1,0,0,1,0,0,0,0,0,0,0,1,1,0,1,1,1,1,1,0,1,0,0,1,0,0,0,0,1,0,1,1,0,1,0,0,0,bowing_cif.y4m,1.23,1.228,0.022804,0.002355,0.0,279
1,1,0,0,0,0,0,1,0,0,0,0,1,1,0,1,1,1,1,1,0,1,0,1,0,0,0,0,0,1,0,1,1,0,0,0,1,0,bowing_cif.y4m,4.12,4.114,0.024083,0.001882,0.0,171
1,1,0,0,0,0,0,0,0,1,0,0,1,1,0,1,0,1,1,0,1,1,0,0,0,0,0,1,0,1,0,1,1,0,0,0,1,0,bowing_cif.y4m,25.13,24.936,0.356833,0.002685,0.0,99
1,1,1,0,0,0,0,0,0,0,0,0,1,0,1,1,1,1,1,1,0,1,0,1,0,0,0,0,0,1,1,0,1,0,1,0,0,0,bowing_cif.y4m,4.98,4.976,0.065803,0.0018,0.0,81
1,1,0,0,0,0,0,0,0,0,1,0,1,0,1,1,1,1,1,0,1,1,0,0,1,0,0,0,0,1,1,0,1,0,1,0,0,0,bowing_cif.y4m,1.67,1.698,0.044385,0.001655,0.0,155
1,1,0,0,0,1,0,0,0,0,0,0,1,1,0,1,0,1,1,1,0,1,1,0,0,0,0,0,0,1,1,0,1,1,0,0,0,0,bowing_cif.y4m,2.92,2.928,0.019235,0.002342,0.0,185
1,1,0,0,1,0,0,0,0,0,0,0,1,1,0,1,0,0,1,0,1,1,0,0,0,0,0,1,0,1,0,1,0,0,0,0,0,0,bowing_cif.y4m,2.11,2.106,0.027019,0.00149,0.0,376
1,1,0,0,0,0,0,0,1,0,0,0,1,1,0,1,0,1,1,0,1,1,0,1,0,0,0,0,0,1,1,0,0,0,0,0,0,0,bowing_cif.y4m,0.81,0.81,0.007071,0.00149,0.0,204
1,1,0,0,0,0,0,0,1,0,0,0,1,1,0,1,1,0,1,0,1,1,0,0,0,0,1,0,0,1,1,0,1,0,0,0,0,1,bowing_cif.y4m,78.04,77.902,0.461812,0.00167,0.0,246
1,1,0,0,0,0,0,1,0,0,0,0,1,1,0,1,1,1,1,0,1,1,0,0,1,0,0,0,0,1,0,1,0,0,0,0,0,0,bowing_cif.y4m,57.59,57.704,0.181466,0.0019,0.0,230
1,1,0,0,0,0,0,0,1,0,0,0,1,0,1,1,1,0,1,0,1,1,0,0,0,0,0,1,0,1,1,0,1,0,0,0,1,0,bowing_cif.y4m,60.74,60.692,0.133304,0.003106,0.0,27
1,1,0,1,0,0,0,0,0,0,0,0,1,1,0,1,1,1,1,0,1,1,1,0,0,0,0,0,0,1,1,0,0,0,0,0,0,0,bowing_cif.y4m,2.91,2.892,0.053572,0.001584,0.0,137
1,1,0,0,0,0,0,0,0,0,1,0,1,1,0,1,1,1,1,1,0,1,0,0,0,0,1,0,0,1,0,1,1,0,0,0,1,0,bowing_cif.y4m,3.59,3.584,0.020736,0.002388,0.0,169
1,1,0,0,0,0,0,0,0,0,1,0,1,0,1,1,0,1,1,0,1,1,1,0,0,0,0,0,0,1,0,1,1,0,0,0,0,1,bowing_cif.y4m,111.95,112.158,0.37917,0.001874,0.0,33
1,1,0,0,0,0,0,0,1,0,0,0,1,0,1,1,0,1,1,0,1,1,0,1,0,0,0,0,0,1,1,0,0,0,0,0,0,0,bowing_cif.y4m,21.14,21.128,0.057184,0.003064,0.0,205
1,1,0,0,0,0,0,0,0,0,1,0,1,1,0,1,1,0,1,0,1,1,0,0,0,0,1,0,0,1,1,0,1,0,0,0,0,1,bowing_cif.y4m,3.3,3.292,0.027749,0.001703,0.0,245
1,1,1,0,0,0,0,0,0,0,0,0,1,1,0,1,0,0,1,1,0,1,0,0,1,0,0,0,0,1,1,0,1,0,0,0,0,1,bowing_cif.y4m,3.31,3.31,0.022361,0.001412,0.0,163
1,1,0,0,1,0,0,0,0,0,0,0,1,1,0,1,1,0,1,1,0,1,1,0,0,0,0,0,0,1,0,1,1,1,0,0,0,0,bowing_cif.y4m,2.08,2.078,0.013038,0.00149,0.0,4
1,1,0,0,1,0,0,0,0,0,0,0,1,1,0,1,0,0,1,0,1,1,1,0,0,0,0,0,0,1,1,0,1,0,0,0,1,0,bowing_cif.y4m,1.69,1.696,0.040373,0.002356,0.0,141
1,1,1,0,0,0,0,0,0,0,0,0,1,1,0,1,1,1,1,0,1,1,0,0,1,0,0,0,0,1,1,0,1,1,0,0,0,0,bowing_cif.y4m,144.04,144.06,0.268235,0.001695,0.0,159
1,1,0,0,0,0,0,0,1,0,0,0,1,1,0,1,0,1,1,0,1,1,0,0,1,0,0,0,0,1,0,1,1,0,0,0,0,1,bowing_cif.y4m,7.5,7.486,0.031305,0.002443,0.0,336
1,1,0,0,0,1,0,0,0,0,0,0,1,1,0,1,0,0,1,0,1,1,0,0,0,0,0,0,1,1,1,0,1,0,0,0,1,0,bowing_cif.y4m,34.69,34.714,0.349185,0.001813,0.0,72
1,1,0,0,0,0,0,0,1,0,0,0,1,1,0,1,1,0,1,1,0,1,0,0,1,0,0,0,0,1,1,0,1,0,0,0,0,1,bowing_cif.y4m,2.64,2.64,0.018708,0.001778,0.0,248
1,1,0,1,0,0,0,0,0,0,0,0,1,0,1,1,1,1,1,1,0,1,0,0,0,0,0,1,0,1,0,1,1,0,0,0,0,1,bowing_cif.y4m,91.21,89.14,3.769748,0.001587,0.0,130
1,1,0,0,0,1,0,0,0,0,0,0,1,0,1,1,1,1,1,1,0,1,0,0,0,0,0,0,1,1,1,0,0,0,0,0,0,0,bowing_cif.y4m,129.9,129.912,0.113886,0.002257,0.0,324
1,1,1,0,0,0,0,0,0,0,0,0,1,0,1,1,0,1,1,1,0,1,0,1,0,0,0,0,0,1,0,1,0,0,0,0,0,0,bowing_cif.y4m,94.18,94.118,0.138816,0.003013,0.0,354
1,1,0,0,0,0,0,0,0,0,1,0,1,0,1,1,0,0,1,1,0,1,0,0,0,1,0,0,0,1,0,1,0,0,0,0,0,0,bowing_cif.y4m,64.14,64.116,0.831463,0.001466,0.0,291
1,1,0,0,0,0,0,0,0,0,1,0,1,1,0,1,0,0,1,1,0,1,0,1,0,0,0,0,0,1,1,0,1,0,1,0,0,0,bowing_cif.y4m,1.47,1.454,0.056833,0.001331,0.0,237
1,1,0,0,0,1,0,0,0,0,0,0,1,1,0,1,1,0,1,1,0,1,1,0,0,0,0,0,0,1,1,0,1,1,0,0,0,0,bowing_cif.y4m,1.87,1.872,0.019235,0.001663,0.0,183
1,1,0,0,0,1,0,0,0,0,0,0,1,0,1,1,1,1,1,0,1,1,0,0,1,0,0,0,0,1,0,1,0,0,0,0,0,0,bowing_cif.y4m,1.55,1.544,0.018166,0.001405,0.0,227
1,1,0,0,0,0,0,0,1,0,0,0,1,1,0,1,0,1,1,0,1,1,0,0,0,0,0,1,0,1,0,1,0,0,0,0,0,0,bowing_cif.y4m,3.77,3.762,0.013038,0.001701,0.0,338
1,1,0,0,1,0,0,0,0,0,0,0,1,0,1,1,0,0,1,0,1,1,1,0,0,0,0,0,0,1,1,0,1,0,0,0,1,0,bowing_cif.y4m,16.35,16.34,0.034641,0.001812,0.0,142
1,1,0,0,1,0,0,0,0,0,0,0,1,1,0,1,1,1,1,0,1,1,0,0,1,0,0,0,0,1,1,0,1,0,0,0,0,1,bowing_cif.y4m,9.78,9.78,0.018708,0.002184,0.0,332
1,1,0,0,0,0,0,0,0,1,0,0,1,0,1,1,0,0,1,1,0,1,0,0,0,0,1,0,0,1,0,1,1,0,0,0,1,0,bowing_cif.y4m,129.86,129.662,0.378246,0.001552,0.0,95
1,1,0,0,1,0,0,0,0,0,0,0,1,0,1,1,0,0,1,0,1,1,0,0,0,1,0,0,0,1,0,1,0,0,0,0,0,0,bowing_cif.y4m,6.66,6.618,0.06261,0.00221,0.0,289
1,1,0,0,1,0,0,0,0,0,0,0,1,1,0,1,0,0,1,0,1,1,0,0,0,0,0,1,0,1,0,1,1,0,0,1,0,0,bowing_cif.y4m,1.33,1.328,0.014832,0.001331,0.0,378
1,1,0,0,1,0,0,0,0,0,0,0,1,1,0,1,1,1,1,1,0,1,0,0,1,0,0,0,0,1,0,1,1,0,0,0,1,0,bowing_cif.y4m,37.74,37.668,0.151228,0.001782,0.0,278
1,1,0,0,0,0,0,0,0,0,1,0,1,0,1,1,1,0,1,0,1,1,1,0,0,0,0,0,0,1,0,1,1,0,0,0,1,0,bowing_cif.y4m,4.59,4.594,0.035777,0.002334,0.0,30
1,1,0,0,1,0,0,0,0,0,0,0,1,1,0,1,0,0,1,0,1,1,0,1,0,0,0,0,0,1,0,1,1,0,0,0,0,1,bowing_cif.y4m,1.13,1.132,0.004472,0.001585,0.0,120
1,1,0,0,0,1,0,0,0,0,0,0,1,1,0,1,1,1,1,0,1,1,0,0,0,0,0,1,0,1,0,1,0,0,0,0,0,0,bowing_cif.y4m,1.67,1.668,0.014832,0.001577,0.0,265
1,1,0,0,0,0,0,0,0,0,1,0,1,1,0,1,1,0,1,1,0,1,0,0,0,0,0,1,0,1,0,1,0,0,0,0,0,0,bowing_cif.y4m,3.35,3.342,0.016432,0.001514,0.0,296
1,1,0,0,0,0,0,1,0,0,0,0,1,1,0,1,1,1,1,1,0,1,0,1,0,0,0,0,0,1,0,1,0,0,0,0,0,0,bowing_cif.y4m,6.46,6.468,0.052154,0.001617,0.0,232
1,1,0,0,0,0,0,0,0,0,1,0,1,0,1,1,0,0,1,1,0,1,0,0,1,0,0,0,0,1,1,0,1,0,0,1,0,0,bowing_cif.y4m,4.83,4.82,0.029155,0.002232,0.0,310
1,1,0,0,0,0,0,1,0,0,0,0,1,0,1,1,1,1,1,0,1,1,0,0,0,0,0,1,0,1,0,1,1,0,0,1,0,0,bowing_cif.y4m,86.57,86.598,0.093113,0.00219,0.0,349
1,1,0,0,1,0,0,0,0,0,0,0,1,1,0,1,0,1,1,0,1,1,0,0,0,0,0,1,0,1,0,1,0,0,0,0,0,0,bowing_cif.y4m,3.23,3.228,0.039623,0.002258,0.0,377
1,1,0,0,0,0,0,0,0,1,0,0,1,0,1,1,1,1,1,1,0,1,0,0,0,0,1,0,0,1,0,1,1,0,0,0,1,0,bowing_cif.y4m,134.26,134.238,0.264707,0.001928,0.0,94
1,1,1,0,0,0,0,0,0,0,0,0,1,1,0,1,1,0,1,0,1,1,1,0,0,0,0,0,0,1,0,1,1,1,0,0,0,0,bowing_cif.y4m,3.97,3.974,0.030496,0.002342,0.0,178
1,1,0,0,0,0,0,0,0,0,1,0,1,0,1,1,0,0,1,1,0,1,0,0,0,0,0,1,0,1,0,1,1,0,0,0,0,1,bowing_cif.y4m,4.0,4.0,0.018708,0.002162,0.0,127
1,1,0,0,0,0,0,1,0,0,0,0,1,0,1,1,1,0,1,0,1,1,0,0,0,1,0,0,0,1,0,1,1,0,0,0,1,0,bowing_cif.y4m,1.36,1.35,0.014142,0.001265,0.0,111
1,1,1,0,0,0,0,0,0,0,0,0,1,0,1,1,0,1,1,1,0,1,0,1,0,0,0,0,0,1,0,1,1,0,0,1,0,0,bowing_cif.y4m,2.94,2.958,0.0249,0.001912,0.0,353
1,1,0,0,0,0,1,0,0,0,0,0,1,0,1,1,1,1,1,1,0,1,0,1,0,0,0,0,0,1,1,0,1,0,0,0,1,0,bowing_cif.y4m,3.27,3.272,0.017889,0.001664,0.0,45
1,1,0,0,0,1,0,0,0,0,0,0,1,0,1,1,1,1,1,0,1,1,0,0,1,0,0,0,0,1,1,0,0,0,0,0,0,0,bowing_cif.y4m,1.15,1.142,0.023875,0.001488,0.0,226
1,1,0,0,0,0,0,0,0,0,0,1,1,1,0,1,1,0,1,0,1,1,0,0,0,0,0,1,0,1,1,0,1,0,0,0,0,1,bowing_cif.y4m,4.24,4.242,0.06261,0.00156,0.0,59
1,1,0,0,0,0,0,0,1,0,0,0,1,1,0,1,1,1,1,1,0,1,1,0,0,0,0,0,0,1,0,1,1,1,0,0,0,0,bowing_cif.y4m,38.82,38.78,0.128841,0.001582,0.0,19
1,1,0,0,0,0,0,0,0,0,0,1,1,1,0,1,0,1,1,0,1,1,0,0,0,1,0,0,0,1,1,0,1,1,0,0,0,0,bowing_cif.y4m,20.13,20.172,0.090111,0.001897,0.0,304
1,1,0,0,0,0,0,0,1,0,0,0,1,0,1,1,0,1,1,0,1,1,0,1,0,0,0,0,0,1,0,1,0,0,0,0,0,0,bowing_cif.y4m,2.6,2.592,0.025884,0.001778,0.0,207
1,1,0,0,0,0,1,0,0,0,0,0,1,1,0,1,1,1,1,1,0,1,0,1,0,0,0,0,0,1,1,0,0,0,0,0,0,0,bowing_cif.y4m,147.64,152.796,7.617771,0.00158,0.0,43
1,1,0,0,0,0,1,0,0,0,0,0,1,1,0,1,1,0,1,1,0,1,1,0,0,0,0,0,0,1,1,0,1,0,0,0,0,1,bowing_cif.y4m,1.69,1.69,0.01,0.001426,0.0,40
1,1,0,0,0,1,0,0,0,0,0,0,1,0,1,1,0,1,1,1,0,1,1,0,0,0,0,0,0,1,1,0,1,1,0,0,0,0,bowing_cif.y4m,113.09,113.124,0.055946,0.002193,0.0,186
1,1,0,0,1,0,0,0,0,0,0,0,1,0,1,1,0,0,1,0,1,1,0,0,0,1,0,0,0,1,0,1,1,0,0,0,0,1,bowing_cif.y4m,2.11,2.116,0.013416,0.001486,0.0,288
1,1,1,0,0,0,0,0,0,0,0,0,1,1,0,1,1,0,1,1,0,1,0,1,0,0,0,0,0,1,1,0,1,0,1,0,0,0,bowing_cif.y4m,3.33,3.342,0.032711,0.001567,0.0,82
1,1,0,0,0,0,0,0,0,0,1,0,1,0,1,1,1,1,1,0,1,1,0,0,0,1,0,0,0,1,0,1,0,0,0,0,0,0,bowing_cif.y4m,2.59,2.6,0.02,0.00175,0.0,211
1,1,0,0,1,0,0,0,0,0,0,0,1,0,1,1,1,1,1,0,1,1,0,0,0,0,0,1,0,1,1,0,1,0,0,1,0,0,bowing_cif.y4m,74.07,74.022,0.387776,0.00167,0.0,347
1,1,0,1,0,0,0,0,0,0,0,0,1,0,1,1,0,0,1,1,0,1,1,0,0,0,0,0,0,1,1,0,1,0,0,0,1,0,bowing_cif.y4m,6.4,6.408,0.016432,0.001464,0.0,13
1,1,0,0,0,0,0,1,0,0,0,0,1,0,1,1,1,1,1,0,1,1,0,0,1,0,0,0,0,1,0,1,0,0,0,0,0,0,bowing_cif.y4m,284.76,284.82,0.162635,0.00147,0.0,228
1,1,0,0,0,0,0,0,0,1,0,0,1,1,0,1,0,1,1,0,1,1,0,0,1,0,0,0,0,1,0,1,1,0,0,0,0,1,bowing_cif.y4m,4.13,4.14,0.023452,0.001882,0.0,335
1,1,0,0,0,0,0,0,1,0,0,0,1,1,0,1,1,0,1,0,1,1,0,0,1,0,0,0,0,1,1,0,1,1,0,0,0,0,bowing_cif.y4m,16.39,16.4,0.078422,0.002243,0.0,24
1,1,1,0,0,0,0,0,0,0,0,0,1,0,1,1,0,1,1,0,1,1,0,1,0,0,0,0,0,1,0,1,1,0,0,1,0,0,bowing_cif.y4m,210.66,210.678,0.281638,0.00301,0.0,352
1,1,0,0,0,0,1,0,0,0,0,0,1,0,1,1,0,0,1,1,0,1,0,0,0,0,0,1,0,1,1,0,0,0,0,0,0,0,bowing_cif.y4m,2.85,2.85,0.007071,0.001753,0.0,368
1,1,1,0,0,0,0,0,0,0,0,0,1,0,1,1,1,1,1,1,0,1,0,1,0,0,0,0,0,1,1,0,0,0,0,0,0,0,bowing_cif.y4m,1.23,1.234,0.016733,0.001591,0.0,80
1,1,0,0,1,0,0,0,0,0,0,0,1,1,0,1,0,0,1,0,1,1,0,1,0,0,0,0,0,1,0,1,0,0,0,0,0,0,bowing_cif.y4m,22.44,22.41,0.069282,0.001674,0.0,121
1,1,0,0,0,0,0,0,0,0,1,0,1,0,1,1,1,1,1,0,1,1,0,0,1,0,0,0,0,1,1,0,1,1,0,0,0,0,bowing_cif.y4m,2.4,2.408,0.027749,0.001584,0.0,156
1,1,0,1,0,0,0,0,0,0,0,0,1,0,1,1,1,1,1,1,0,1,0,0,0,0,0,1,0,1,1,0,1,1,0,0,0,0,bowing_cif.y4m,0.77,0.768,0.008367,0.001343,0.0,9
1,1,0,0,0,0,0,0,0,0,1,0,1,1,0,1,0,0,1,1,0,1,0,0,0,0,1,0,0,1,1,0,1,0,0,0,0,1,bowing_cif.y4m,3.11,3.118,0.022804,0.001703,0.0,165
1,1,0,0,0,0,0,0,0,0,1,0,1,0,1,1,0,0,1,1,0,1,0,1,0,0,0,0,0,1,0,1,1,0,0,0,0,1,bowing_cif.y4m,3.38,3.384,0.015166,0.001649,0.0,126
1,1,0,0,1,0,0,0,0,0,0,0,1,1,0,1,1,1,1,0,1,1,0,0,1,0,0,0,0,1,0,1,1,0,1,0,0,0,bowing_cif.y4m,1.22,1.218,0.004472,0.001591,0.0,280
1,1,0,0,0,0,0,1,0,0,0,0,1,0,1,1,1,1,1,1,0,1,0,1,0,0,0,0,0,1,0,1,1,0,0,0,1,0,bowing_cif.y4m,0.95,0.954,0.008944,0.002603,0.0,172
1,1,0,0,0,0,0,0,0,0,1,0,1,0,1,1,0,1,1,1,0,1,0,0,0,1,0,0,0,1,0,1,0,0,0,0,0,0,bowing_cif.y4m,4.81,4.798,0.042071,0.002348,0.0,292
1,1,0,0,0,0,0,0,0,0,1,0,1,1,0,1,1,1,1,0,1,1,0,0,0,0,0,1,0,1,1,0,0,0,0,0,0,0,bowing_cif.y4m,12.73,12.746,0.114368,0.001541,0.0,105
1,1,0,0,0,1,0,0,0,0,0,0,1,0,1,1,1,1,1,0,1,1,0,0,0,0,0,0,1,1,1,0,1,0,1,0,0,0,bowing_cif.y4m,8.59,8.584,0.068775,0.00222,0.0,76
1,1,0,0,0,1,0,0,0,0,0,0,1,0,1,1,0,0,1,1,0,1,1,0,0,0,0,0,0,1,1,0,1,0,0,0,0,1,bowing_cif.y4m,77.95,78.008,0.317522,0.001527,0.0,221
1,1,0,0,0,0,0,0,0,0,1,0,1,1,0,1,1,0,1,1,0,1,0,0,0,0,1,0,0,1,0,1,1,0,0,0,0,1,bowing_cif.y4m,25.48,25.476,0.036469,0.002165,0.0,167
1,1,0,0,0,0,0,0,0,0,1,0,1,0,1,1,0,1,1,0,1,1,1,0,0,0,0,0,0,1,1,0,1,0,0,0,0,1,bowing_cif.y4m,192.75,192.776,0.59965,0.002016,0.0,35
1,1,0,0,1,0,0,0,0,0,0,0,1,1,0,1,0,0,1,1,0,1,0,1,0,0,0,0,0,1,0,1,1,0,1,0,0,0,bowing_cif.y4m,2.15,2.146,0.023022,0.00167,0.0,235
1,1,0,0,0,0,0,0,0,1,0,0,1,1,0,1,1,1,1,0,1,1,0,0,1,0,0,0,0,1,0,1,1,0,0,0,0,1,bowing_cif.y4m,6.36,6.36,0.057879,0.002217,0.0,333
1,1,0,0,0,0,1,0,0,0,0,0,1,0,1,1,1,1,1,1,0,1,0,1,0,0,0,0,0,1,1,0,0,0,0,0,0,0,bowing_cif.y4m,76.09,76.062,0.271238,0.001533,0.0,44
1,1,0,0,1,0,0,0,0,0,0,0,1,0,1,1,0,1,1,1,0,1,0,1,0,0,0,0,0,1,0,1,1,1,0,0,0,0,bowing_cif.y4m,139.91,139.962,0.163003,0.001875,0.0,256
1,1,0,0,0,0,0,1,0,0,0,0,1,0,1,1,1,0,1,0,1,1,0,1,0,0,0,0,0,1,0,1,1,0,0,0,0,1,bowing_cif.y4m,461.42,461.406,1.408556,0.002223,0.0,192
1,1,0,0,0,0,1,0,0,0,0,0,1,1,0,1,1,1,1,1,0,1,1,0,0,0,0,0,0,1,1,0,1,0,0,0,0,1,bowing_cif.y4m,12.17,12.198,0.065345,0.001884,0.0,41
1,1,0,0,0,0,0,0,0,0,1,0,1,0,1,1,0,1,1,1,0,1,0,0,0,0,0,1,0,1,0,1,1,0,0,0,1,0,bowing_cif.y4m,90.71,90.844,0.281389,0.002557,0.0,273
1,1,0,0,0,0,0,0,0,0,1,0,1,1,0,1,0,1,1,0,1,1,0,0,0,0,0,1,0,1,0,1,0,0,0,0,0,0,bowing_cif.y4m,57.86,57.548,0.830825,0.002681,0.0,101
1,1,0,0,0,0,0,0,0,0,1,0,1,0,1,1,1,1,1,0,1,1,0,0,0,0,1,0,0,1,1,0,1,0,1,0,0,0,bowing_cif.y4m,45.26,45.204,0.19718,0.001548,0.0,242
1,1,0,0,0,0,0,0,0,0,1,0,1,1,0,1,0,1,1,0,1,1,0,0,0,0,0,1,0,1,1,0,0,0,0,0,0,0,bowing_cif.y4m,3.77,3.768,0.021679,0.002516,0.0,103
1,1,1,0,0,0,0,0,0,0,0,0,1,1,0,1,1,0,1,1,0,1,0,1,0,0,0,0,0,1,0,1,0,0,0,0,0,0,bowing_cif.y4m,91.81,91.74,0.164621,0.001952,0.0,1
1,1,0,0,0,0,0,1,0,0,0,0,1,1,0,1,0,0,1,0,1,1,0,0,0,0,0,1,0,1,0,1,1,0,0,0,0,1,bowing_cif.y4m,2.95,2.958,0.056303,0.001912,0.0,56
1,1,0,0,1,0,0,0,0,0,0,0,1,0,1,1,0,0,1,0,1,1,0,0,0,0,0,0,1,1,0,1,0,0,0,0,0,0,bowing_cif.y4m,12.71,12.718,0.09094,0.001541,0.0,373
1,1,0,0,0,0,0,0,1,0,0,0,1,1,0,1,1,1,1,0,1,1,0,1,0,0,0,0,0,1,0,1,1,0,1,0,0,0,bowing_cif.y4m,118.02,119.626,2.830659,0.001445,0.0,318
1,1,0,0,0,1,0,0,0,0,0,0,1,1,0,1,0,0,1,1,0,1,0,0,0,0,1,0,0,1,1,0,0,0,0,0,0,0,bowing_cif.y4m,184.56,184.238,1.057767,0.001707,0.0,69
1,1,0,1,0,0,0,0,0,0,0,0,1,0,1,1,0,0,1,1,0,1,0,0,0,0,0,1,0,1,1,0,1,1,0,0,0,0,bowing_cif.y4m,2.77,2.768,0.022804,0.00226,0.0,11
1,1,0,0,1,0,0,0,0,0,0,0,1,0,1,1,0,0,1,1,0,1,0,1,0,0,0,0,0,1,0,1,1,0,0,1,0,0,bowing_cif.y4m,2.39,2.374,0.041593,0.001653,0.0,258
1,1,0,0,0,0,0,0,0,0,1,0,1,0,1,1,0,0,1,1,0,1,0,1,0,0,0,0,0,1,1,0,1,0,1,0,0,0,bowing_cif.y4m,292.01,291.82,0.372693,0.002294,0.0,238
1,1,0,0,0,0,0,1,0,0,0,0,1,0,1,1,1,0,1,1,0,1,1,0,0,0,0,0,0,1,0,1,1,0,0,0,1,0,bowing_cif.y4m,273.11,272.256,1.952109,0.001615,0.0,173
1,1,0,0,0,0,0,1,0,0,0,0,1,0,1,1,0,1,1,0,1,1,0,1,0,0,0,0,0,1,0,1,1,1,0,0,0,0,bowing_cif.y4m,239.9,239.892,0.778569,0.00184,0.0,190
1,1,0,1,0,0,0,0,0,0,0,0,1,0,1,1,1,0,1,1,0,1,0,0,0,0,0,1,0,1,0,1,1,1,0,0,0,0,bowing_cif.y4m,52.69,52.698,0.098843,0.001922,0.0,7
1,1,0,0,0,1,0,0,0,0,0,0,1,0,1,1,1,1,1,0,1,1,0,0,0,0,0,0,1,1,1,0,0,0,0,0,0,0,bowing_cif.y4m,1.41,1.416,0.052726,0.001339,0.0,323
1,1,0,0,0,1,0,0,0,0,0,0,1,0,1,1,0,0,1,0,1,1,0,0,0,0,0,0,1,1,1,0,1,0,0,0,1,0,bowing_cif.y4m,145.54,147.146,5.976276,0.001826,0.0,73
1,1,0,0,0,0,0,0,0,0,1,0,1,0,1,1,1,0,1,0,1,1,0,1,0,0,0,0,0,1,0,1,0,0,0,0,0,0,bowing_cif.y4m,147.68,147.848,0.47903,0.00158,0.0,209
1,1,0,1,0,0,0,0,0,0,0,0,1,1,0,1,1,0,1,0,1,1,1,0,0,0,0,0,0,1,1,0,0,0,0,0,0,0,bowing_cif.y4m,2.29,2.296,0.020736,0.001774,0.0,138
1,1,0,0,0,1,0,0,0,0,0,0,1,1,0,1,1,1,1,1,0,1,0,0,0,0,0,1,0,1,0,1,0,0,0,0,0,0,bowing_cif.y4m,54.12,54.102,0.145499,0.002225,0.0,264
1,1,0,0,0,0,0,0,0,1,0,0,1,0,1,1,0,1,1,0,1,1,0,0,0,0,0,1,0,1,0,1,1,0,0,0,1,0,bowing_cif.y4m,199.31,199.44,0.420179,0.001707,0.0,98
1,1,0,0,0,0,0,0,0,0,1,0,1,1,0,1,0,0,1,0,1,1,0,0,0,0,0,1,0,1,1,0,1,0,0,1,0,0,bowing_cif.y4m,2.56,2.568,0.010954,0.001747,0.0,380
1,1,0,0,1,0,0,0,0,0,0,0,1,1,0,1,1,1,1,1,0,1,0,1,0,0,0,0,0,1,1,0,1,0,1,0,0,0,bowing_cif.y4m,154.13,154.164,0.522905,0.002483,0.0,85
1,1,0,0,0,0,0,0,0,0,1,0,1,0,1,1,0,0,1,0,1,1,1,0,0,0,0,0,0,1,0,1,1,0,0,0,1,0,bowing_cif.y4m,85.66,85.652,0.173983,0.001669,0.0,31
1,1,0,1,0,0,0,0,0,0,0,0,1,0,1,1,1,0,1,1,0,1,0,0,0,0,0,1,0,1,1,0,1,1,0,0,0,0,bowing_cif.y4m,1.92,1.916,0.011402,0.001426,0.0,8
1,1,0,0,1,0,0,0,0,0,0,0,1,1,0,1,1,1,1,1,0,1,1,0,0,0,0,0,0,1,0,1,1,1,0,0,0,0,bowing_cif.y4m,4.35,4.35,0.043012,0.001701,0.0,216
1,1,0,0,1,0,0,0,0,0,0,0,1,1,0,1,1,1,1,0,1,1,0,0,0,1,0,0,0,1,0,1,1,1,0,0,0,0,bowing_cif.y4m,0.9,0.9,0.007071,0.001585,0.0,214
1,1,0,0,0,0,0,0,1,0,0,0,1,1,0,1,0,0,1,1,0,1,0,0,0,0,0,1,0,1,1,0,0,0,0,0,0,0,bowing_cif.y4m,5.02,5.026,0.040373,0.001656,0.0,341
1,1,0,0,1,0,0,0,0,0,0,0,1,1,0,1,0,0,1,1,0,1,0,1,0,0,0,0,0,1,1,0,1,0,1,0,0,0,bowing_cif.y4m,2.73,2.726,0.016733,0.002231,0.0,236
1,1,0,0,0,0,0,0,0,0,1,0,1,0,1,1,0,0,1,0,1,1,0,0,0,0,1,0,0,1,1,0,1,0,1,0,0,0,bowing_cif.y4m,6.55,6.548,0.074297,0.002393,0.0,240
1,1,0,0,0,0,0,1,0,0,0,0,1,0,1,1,0,0,1,0,1,1,0,0,0,1,0,0,0,1,0,1,1,0,0,0,1,0,bowing_cif.y4m,4.34,4.338,0.033466,0.002516,0.0,51
1,1,1,0,0,0,0,0,0,0,0,0,1,0,1,1,1,1,1,0,1,1,0,0,0,0,0,0,1,1,1,0,1,0,1,0,0,0,bowing_cif.y4m,3.8,3.798,0.020494,0.001557,0.0,77
1,1,0,0,0,0,0,0,0,0,1,0,1,0,1,1,1,0,1,1,0,1,0,0,0,0,0,1,0,1,0,1,1,0,0,0,0,1,bowing_cif.y4m,3.15,3.15,0.022361,0.001571,0.0,128
1,1,0,0,1,0,0,0,0,0,0,0,1,1,0,1,0,0,1,1,0,1,0,1,0,0,0,0,0,1,0,1,0,0,0,0,0,0,bowing_cif.y4m,69.32,69.342,0.065345,0.001466,0.0,234
1,1,0,0,0,0,0,0,1,0,0,0,1,0,1,1,1,0,1,0,1,1,0,0,0,0,0,1,0,1,0,1,1,0,0,0,1,0,bowing_cif.y4m,486.43,486.456,0.08735,0.002223,0.0,28
1,1,0,0,1,0,0,0,0,0,0,0,1,1,0,1,1,0,1,0,1,1,1,0,0,0,0,0,0,1,1,0,0,0,0,0,0,0,bowing_cif.y4m,51.33,51.17,0.698176,0.001922,0.0,139
1,1,0,0,0,0,0,0,0,0,1,0,1,0,1,1,1,0,1,1,0,1,0,0,0,0,1,0,0,1,1,0,1,0,1,0,0,0,bowing_cif.y4m,0.85,0.858,0.023875,0.00149,0.0,152
1,1,0,1,0,0,0,0,0,0,0,0,1,0,1,1,0,0,1,1,0,1,0,0,0,0,0,1,0,1,1,0,1,0,0,0,1,0,bowing_cif.y4m,131.83,131.822,0.430546,0.003101,0.0,12
1,1,0,0,0,0,1,0,0,0,0,0,1,0,1,1,0,1,1,1,0,1,0,0,0,0,0,1,0,1,1,0,0,0,0,0,0,0,bowing_cif.y4m,0.83,0.824,0.008944,0.00149,0.0,369
1,1,0,0,0,0,0,0,0,0,0,1,1,1,0,1,1,0,1,0,1,1,0,0,0,0,0,1,0,1,0,1,1,0,0,0,0,1,bowing_cif.y4m,25.45,25.446,0.016733,0.002165,0.0,58
1,1,0,0,0,0,0,0,1,0,0,0,1,1,0,1,1,0,1,1,0,1,1,0,0,0,0,0,0,1,1,0,0,0,0,0,0,0,bowing_cif.y4m,24.25,24.274,0.086776,0.002685,0.0,64
1,1,0,0,0,0,0,0,1,0,0,0,1,1,0,1,1,0,1,1,0,1,0,0,1,0,0,0,0,1,1,0,1,1,0,0,0,0,bowing_cif.y4m,17.94,17.954,0.038471,0.001456,0.0,21
1,1,0,0,0,1,0,0,0,0,0,0,1,0,1,1,1,1,1,0,1,1,0,0,1,0,0,0,0,1,1,0,1,0,0,0,0,1,bowing_cif.y4m,75.73,75.94,0.429942,0.00167,0.0,225
1,1,0,0,0,0,1,0,0,0,0,0,1,0,1,1,1,0,1,1,0,1,0,0,0,0,0,1,0,1,1,0,1,0,0,0,1,0,bowing_cif.y4m,119.44,119.602,0.582469,0.001877,0.0,366
1,1,0,0,0,0,0,1,0,0,0,0,1,0,1,1,1,1,1,0,1,1,0,0,1,0,0,0,0,1,0,1,1,0,0,0,0,1,bridge_close_cif.y4m,15.12,15.394,0.502673,0.003901,0.0,114
1,1,0,0,1,0,0,0,0,0,0,0,1,1,0,1,1,1,1,0,1,1,0,0,1,0,0,0,0,1,1,0,1,0,1,0,0,0,bridge_close_cif.y4m,11.01,11.008,0.008367,0.003826,0.0,281
1,1,0,0,0,1,0,0,0,0,0,0,1,0,1,1,1,0,1,1,0,1,0,0,0,0,0,0,1,1,1,0,1,0,0,1,0,0,bridge_close_cif.y4m,20.19,20.142,0.08167,0.003761,0.0,325
1,1,1,0,0,0,0,0,0,0,0,0,1,1,0,1,1,0,1,1,0,1,0,0,0,0,1,0,0,1,1,0,1,1,0,0,0,0,bridge_close_cif.y4m,16.76,16.796,0.083247,0.003235,0.0,181
1,1,0,0,0,0,0,0,1,0,0,0,1,1,0,1,1,0,1,0,1,1,0,0,1,0,0,0,0,1,1,0,1,0,0,0,0,1,bridge_close_cif.y4m,332.49,333.806,4.310189,0.004698,0.0,247
1,1,0,0,0,0,0,0,0,0,1,0,1,1,0,1,1,0,1,1,0,1,0,0,0,0,1,0,0,1,1,0,1,0,0,0,0,1,bridge_close_cif.y4m,473.62,473.612,0.494136,0.00695,0.0,166
1,1,0,0,0,0,0,0,1,0,0,0,1,1,0,1,1,0,1,0,1,1,0,0,1,0,0,0,0,1,1,0,1,0,0,0,1,0,bridge_close_cif.y4m,17.56,17.554,0.087636,0.003545,0.0,25
1,1,0,0,0,0,0,1,0,0,0,0,1,0,1,1,0,0,1,1,0,1,0,1,0,0,0,0,0,1,0,1,0,0,0,0,0,0,bridge_close_cif.y4m,37.46,37.412,0.341863,0.007221,0.0,355
1,1,0,0,1,0,0,0,0,0,0,0,1,1,0,1,0,0,1,1,0,1,1,0,0,0,0,0,0,1,1,0,1,0,0,0,0,1,bridge_close_cif.y4m,4.64,4.596,0.103586,0.003072,0.0,219
1,1,0,0,0,1,0,0,0,0,0,0,1,1,0,1,1,0,1,1,0,1,0,0,0,0,1,0,0,1,1,0,1,1,0,0,0,0,bridge_close_cif.y4m,37.61,37.624,0.360735,0.007221,0.0,182
1,1,0,1,0,0,0,0,0,0,0,0,1,0,1,1,0,1,1,1,0,1,0,0,0,0,0,1,0,1,1,0,1,1,0,0,0,0,bridge_close_cif.y4m,11.81,11.776,0.095289,0.003295,0.0,10
1,1,0,0,1,0,0,0,0,0,0,0,1,1,0,1,1,0,1,0,1,1,0,0,1,0,0,0,0,1,0,1,1,0,0,0,0,1,bridge_close_cif.y4m,168.29,168.422,0.441894,0.004171,0.0,116
1,1,0,0,0,1,0,0,0,0,0,0,1,1,0,1,1,1,1,0,1,1,0,0,0,0,0,1,0,1,0,1,1,1,0,0,0,0,bridge_close_cif.y4m,23.23,23.168,0.129692,0.003852,0.0,266
1,1,0,0,0,0,0,0,1,0,0,0,1,1,0,1,0,0,1,0,1,1,0,0,1,0,0,0,0,1,1,0,1,0,0,1,0,0,bridge_close_cif.y4m,95.52,95.538,0.139176,0.011003,0.0,313
1,1,0,0,0,0,0,1,0,0,0,0,1,0,1,1,0,0,1,1,0,1,0,0,0,0,0,0,1,1,0,1,0,0,0,0,0,0,bridge_close_cif.y4m,32.0,31.936,0.39507,0.010503,0.0,357
1,1,0,0,0,1,0,0,0,0,0,0,1,0,1,1,0,1,1,0,1,1,1,0,0,0,0,0,0,1,1,0,1,1,0,0,0,0,bridge_close_cif.y4m,11.79,11.732,0.135536,0.010111,0.0,187
1,1,0,0,0,0,0,0,1,0,0,0,1,1,0,1,1,1,1,0,1,1,0,0,1,0,0,0,0,1,1,0,1,1,0,0,0,0,bridge_close_cif.y4m,930.63,930.664,0.25225,0.00689,0.0,23
1,1,0,0,1,0,0,0,0,0,0,0,1,1,0,1,1,0,1,1,0,1,0,1,0,0,0,0,0,1,0,1,0,0,0,0,0,0,bridge_close_cif.y4m,104.64,104.244,0.726588,0.003818,0.0,2
1,1,0,0,0,0,0,0,0,0,0,1,1,1,0,1,1,0,1,0,1,1,0,0,0,0,0,1,0,1,1,0,1,1,0,0,0,0,bridge_close_cif.y4m,371.59,371.398,0.491396,0.004863,0.0,301
1,1,0,0,0,0,0,1,0,0,0,0,1,0,1,1,0,1,1,1,0,1,0,1,0,0,0,0,0,1,0,1,0,0,0,0,0,0,bridge_close_cif.y4m,410.65,411.286,2.284476,0.010423,0.0,356
1,1,0,0,0,0,0,0,0,0,1,0,1,1,0,1,0,1,1,0,1,1,0,0,0,0,0,1,0,1,0,1,1,1,0,0,0,0,bridge_close_cif.y4m,34.68,34.71,0.315436,0.007213,0.0,269
1,1,0,0,0,0,0,0,0,0,1,0,1,0,1,1,0,1,1,1,0,1,0,0,1,0,0,0,0,1,0,1,1,0,0,0,1,0,bridge_close_cif.y4m,24.51,24.784,0.807267,0.010472,0.0,274
1,1,0,0,0,0,0,0,0,0,1,0,1,0,1,1,0,1,1,1,0,1,0,0,0,1,0,0,0,1,1,0,1,1,0,0,0,0,bridge_close_cif.y4m,26.33,26.22,0.280446,0.009689,0.0,307
1,1,0,0,1,0,0,0,0,0,0,0,1,0,1,1,0,1,1,1,0,1,0,0,1,0,0,0,0,1,0,1,1,1,0,0,0,0,bridge_close_cif.y4m,67.62,67.574,0.138672,0.003954,0.0,254
1,1,0,0,0,0,0,0,0,0,1,0,1,0,1,1,0,1,1,0,1,1,0,1,0,0,0,0,0,1,0,1,0,0,0,0,0,0,bridge_close_cif.y4m,5.43,5.332,0.242116,0.003128,0.0,208
1,1,0,0,1,0,0,0,0,0,0,0,1,1,0,1,1,1,1,1,0,1,0,0,1,0,0,0,0,1,0,1,1,0,1,0,0,0,bridge_close_cif.y4m,7.34,7.334,0.015166,0.008428,0.0,279
1,1,0,0,0,0,0,1,0,0,0,0,1,1,0,1,1,1,1,1,0,1,0,1,0,0,0,0,0,1,0,1,1,0,0,0,1,0,bridge_close_cif.y4m,24.31,24.212,0.194216,0.004243,0.0,171
1,1,0,0,0,0,0,0,0,1,0,0,1,1,0,1,0,1,1,0,1,1,0,0,0,0,0,1,0,1,0,1,1,0,0,0,1,0,bridge_close_cif.y4m,104.31,104.176,0.252844,0.011003,0.0,99
1,1,1,0,0,0,0,0,0,0,0,0,1,0,1,1,1,1,1,1,0,1,0,1,0,0,0,0,0,1,1,0,1,0,1,0,0,0,bridge_close_cif.y4m,28.16,28.186,0.080808,0.004277,0.0,81
1,1,0,0,0,0,0,0,0,0,1,0,1,0,1,1,1,1,1,0,1,1,0,0,1,0,0,0,0,1,1,0,1,0,1,0,0,0,bridge_close_cif.y4m,11.34,11.432,0.242631,0.004431,0.0,155
1,1,0,0,0,1,0,0,0,0,0,0,1,1,0,1,0,1,1,1,0,1,1,0,0,0,0,0,0,1,1,0,1,1,0,0,0,0,bridge_close_cif.y4m,20.29,20.286,0.020736,0.009689,0.0,185
1,1,0,0,1,0,0,0,0,0,0,0,1,1,0,1,0,0,1,0,1,1,0,0,0,0,0,1,0,1,0,1,0,0,0,0,0,0,bridge_close_cif.y4m,10.05,10.026,0.107842,0.003179,0.0,376
1,1,0,0,0,0,0,0,1,0,0,0,1,1,0,1,0,1,1,0,1,1,0,1,0,0,0,0,0,1,1,0,0,0,0,0,0,0,bridge_close_cif.y4m,4.25,4.31,0.164469,0.003799,0.0,204
1,1,0,0,0,0,0,0,1,0,0,0,1,1,0,1,1,0,1,0,1,1,0,0,0,0,1,0,0,1,1,0,1,0,0,0,0,1,bridge_close_cif.y4m,247.03,247.074,0.325008,0.004063,0.0,246
1,1,0,0,0,0,0,1,0,0,0,0,1,1,0,1,1,1,1,0,1,1,0,0,1,0,0,0,0,1,0,1,0,0,0,0,0,0,bridge_close_cif.y4m,200.31,200.244,0.296614,0.00482,0.0,230
1,1,0,0,0,0,0,0,1,0,0,0,1,0,1,1,1,0,1,0,1,1,0,0,0,0,0,1,0,1,1,0,1,0,0,0,1,0,bridge_close_cif.y4m,320.13,320.076,0.8509,0.011709,0.0,27
1,1,0,1,0,0,0,0,0,0,0,0,1,1,0,1,1,1,1,0,1,1,1,0,0,0,0,0,0,1,1,0,0,0,0,0,0,0,bridge_close_cif.y4m,14.07,14.072,0.040249,0.003695,0.0,137
1,1,0,0,0,0,0,0,0,0,1,0,1,1,0,1,1,1,1,1,0,1,0,0,0,0,1,0,0,1,0,1,1,0,0,0,1,0,bridge_close_cif.y4m,23.07,23.026,0.137405,0.01013,0.0,169
1,1,0,0,0,0,0,0,0,0,1,0,1,0,1,1,0,1,1,0,1,1,1,0,0,0,0,0,0,1,0,1,1,0,0,0,0,1,bridge_close_cif.y4m,352.94,352.772,0.527466,0.004841,0.0,33
1,1,0,0,0,0,0,0,1,0,0,0,1,0,1,1,0,1,1,0,1,1,0,1,0,0,0,0,0,1,1,0,0,0,0,0,0,0,bridge_close_cif.y4m,111.18,111.04,0.362974,0.011555,0.0,205
1,1,0,0,0,0,0,0,0,0,1,0,1,1,0,1,1,0,1,0,1,1,0,0,0,0,1,0,0,1,1,0,1,0,0,0,0,1,bridge_close_cif.y4m,18.97,18.98,0.060415,0.004138,0.0,245
1,1,1,0,0,0,0,0,0,0,0,0,1,1,0,1,0,0,1,1,0,1,0,0,1,0,0,0,0,1,1,0,1,0,0,0,0,1,bridge_close_cif.y4m,16.51,16.5,0.037417,0.003266,0.0,163
1,1,0,0,1,0,0,0,0,0,0,0,1,1,0,1,1,0,1,1,0,1,1,0,0,0,0,0,0,1,0,1,1,1,0,0,0,0,bridge_close_cif.y4m,9.79,9.782,0.017889,0.003179,0.0,4
1,1,0,0,1,0,0,0,0,0,0,0,1,1,0,1,0,0,1,0,1,1,1,0,0,0,0,0,0,1,1,0,1,0,0,0,1,0,bridge_close_cif.y4m,10.12,10.118,0.067602,0.008428,0.0,141
1,1,1,0,0,0,0,0,0,0,0,0,1,1,0,1,1,1,1,0,1,1,0,0,1,0,0,0,0,1,1,0,1,1,0,0,0,0,bridge_close_cif.y4m,379.64,379.594,0.324854,0.004412,0.0,159
1,1,0,0,0,0,0,0,1,0,0,0,1,1,0,1,0,1,1,0,1,1,0,0,1,0,0,0,0,1,0,1,1,0,0,0,0,1,bridge_close_cif.y4m,41.21,41.07,0.304877,0.010131,0.0,336
1,1,0,0,0,1,0,0,0,0,0,0,1,1,0,1,0,0,1,0,1,1,0,0,0,0,0,0,1,1,1,0,1,0,0,0,1,0,bridge_close_cif.y4m,111.21,111.248,0.156269,0.004425,0.0,72
1,1,0,0,0,0,0,0,1,0,0,0,1,1,0,1,1,0,1,1,0,1,0,0,1,0,0,0,0,1,1,0,1,0,0,0,0,1,bridge_close_cif.y4m,14.7,14.724,0.035777,0.004088,0.0,248
1,1,0,1,0,0,0,0,0,0,0,0,1,0,1,1,1,1,1,1,0,1,0,0,0,0,0,1,0,1,0,1,1,0,0,0,0,1,bridge_close_cif.y4m,330.46,329.674,1.189403,0.003941,0.0,130
1,1,0,0,0,1,0,0,0,0,0,0,1,0,1,1,1,1,1,1,0,1,0,0,0,0,0,0,1,1,1,0,0,0,0,0,0,0,bridge_close_cif.y4m,484.83,484.79,0.282577,0.007337,0.0,324
1,1,1,0,0,0,0,0,0,0,0,0,1,0,1,1,0,1,1,1,0,1,0,1,0,0,0,0,0,1,0,1,0,0,0,0,0,0,bridge_close_cif.y4m,430.77,431.012,0.506725,0.011651,0.0,354
1,1,0,0,0,0,0,0,0,0,1,0,1,0,1,1,0,0,1,1,0,1,0,0,0,1,0,0,0,1,0,1,0,0,0,0,0,0,bridge_close_cif.y4m,249.49,249.626,0.572608,0.004114,0.0,291
1,1,0,0,0,0,0,0,0,0,1,0,1,1,0,1,0,0,1,1,0,1,0,1,0,0,0,0,0,1,1,0,1,0,1,0,0,0,bridge_close_cif.y4m,6.6,6.652,0.12853,0.003706,0.0,237
1,1,0,0,0,1,0,0,0,0,0,0,1,1,0,1,1,0,1,1,0,1,1,0,0,0,0,0,0,1,1,0,1,1,0,0,0,0,bridge_close_cif.y4m,8.82,8.8,0.04062,0.003876,0.0,183
1,1,0,0,0,1,0,0,0,0,0,0,1,0,1,1,1,1,1,0,1,1,0,0,1,0,0,0,0,1,0,1,0,0,0,0,0,0,bridge_close_cif.y4m,8.27,8.202,0.127161,0.004213,0.0,227
1,1,0,0,0,0,0,0,1,0,0,0,1,1,0,1,0,1,1,0,1,1,0,0,0,0,0,1,0,1,0,1,0,0,0,0,0,0,bridge_close_cif.y4m,21.48,21.468,0.083187,0.003458,0.0,338
1,1,0,0,1,0,0,0,0,0,0,0,1,0,1,1,0,0,1,0,1,1,1,0,0,0,0,0,0,1,1,0,1,0,0,0,1,0,bridge_close_cif.y4m,59.97,59.958,0.110318,0.004507,0.0,142
1,1,0,0,1,0,0,0,0,0,0,0,1,1,0,1,1,1,1,0,1,1,0,0,1,0,0,0,0,1,1,0,1,0,0,0,0,1,bridge_close_cif.y4m,58.82,58.866,0.236495,0.007155,0.0,332
1,1,0,0,0,0,0,0,0,1,0,0,1,0,1,1,0,0,1,1,0,1,0,0,0,0,1,0,0,1,0,1,1,0,0,0,1,0,bridge_close_cif.y4m,331.35,331.326,0.191911,0.004423,0.0,95
1,1,0,0,1,0,0,0,0,0,0,0,1,0,1,1,0,0,1,0,1,1,0,0,0,1,0,0,0,1,0,1,0,0,0,0,0,0,bridge_close_cif.y4m,38.47,38.528,0.321045,0.0075,0.0,289
1,1,0,0,1,0,0,0,0,0,0,0,1,1,0,1,0,0,1,0,1,1,0,0,0,0,0,1,0,1,0,1,1,0,0,1,0,0,bridge_close_cif.y4m,6.53,6.512,0.048166,0.003706,0.0,378
1,1,0,0,1,0,0,0,0,0,0,0,1,1,0,1,1,1,1,1,0,1,0,0,1,0,0,0,0,1,0,1,1,0,0,0,1,0,bridge_close_cif.y4m,112.54,112.518,0.368673,0.004404,0.0,278
1,1,0,0,0,0,0,0,0,0,1,0,1,0,1,1,1,0,1,0,1,1,1,0,0,0,0,0,0,1,0,1,1,0,0,0,1,0,bridge_close_cif.y4m,24.92,24.872,0.144465,0.007251,0.0,30
1,1,0,0,1,0,0,0,0,0,0,0,1,1,0,1,0,0,1,0,1,1,0,1,0,0,0,0,0,1,0,1,1,0,0,0,0,1,bridge_close_cif.y4m,6.75,6.766,0.0498,0.004372,0.0,120
1,1,0,0,0,1,0,0,0,0,0,0,1,1,0,1,1,1,1,0,1,1,0,0,0,0,0,1,0,1,0,1,0,0,0,0,0,0,bridge_close_cif.y4m,7.61,7.622,0.163921,0.003252,0.0,265
1,1,0,0,0,0,0,0,0,0,1,0,1,1,0,1,1,0,1,1,0,1,0,0,0,0,0,1,0,1,0,1,0,0,0,0,0,0,bridge_close_cif.y4m,15.8,15.884,0.242136,0.003281,0.0,296
1,1,0,0,0,0,0,1,0,0,0,0,1,1,0,1,1,1,1,1,0,1,0,1,0,0,0,0,0,1,0,1,0,0,0,0,0,0,bridge_close_cif.y4m,36.29,36.308,0.084083,0.003396,0.0,232
1,1,0,0,0,0,0,0,0,0,1,0,1,0,1,1,0,0,1,1,0,1,0,0,1,0,0,0,0,1,1,0,1,0,0,1,0,0,bridge_close_cif.y4m,30.15,29.99,0.364486,0.009768,0.0,310
1,1,0,0,0,0,0,1,0,0,0,0,1,0,1,1,1,1,1,0,1,1,0,0,0,0,0,1,0,1,0,1,1,0,0,1,0,0,bridge_close_cif.y4m,367.4,367.332,0.346511,0.007053,0.0,349
1,1,0,0,1,0,0,0,0,0,0,0,1,1,0,1,0,1,1,0,1,1,0,0,0,0,0,1,0,1,0,1,0,0,0,0,0,0,bridge_close_cif.y4m,17.94,17.874,0.104785,0.00718,0.0,377
1,1,0,0,0,0,0,0,0,1,0,0,1,0,1,1,1,1,1,1,0,1,0,0,0,0,1,0,0,1,0,1,1,0,0,0,1,0,bridge_close_cif.y4m,362.46,362.398,0.476991,0.004904,0.0,94
1,1,1,0,0,0,0,0,0,0,0,0,1,1,0,1,1,0,1,0,1,1,1,0,0,0,0,0,0,1,0,1,1,1,0,0,0,0,bridge_close_cif.y4m,26.37,26.356,0.064653,0.009689,0.0,178
1,1,0,0,0,0,0,0,0,0,1,0,1,0,1,1,0,0,1,1,0,1,0,0,0,0,0,1,0,1,0,1,1,0,0,0,0,1,bridge_close_cif.y4m,24.21,24.334,0.402032,0.007449,0.0,127
1,1,0,0,0,0,0,1,0,0,0,0,1,0,1,1,1,0,1,0,1,1,0,0,0,1,0,0,0,1,0,1,1,0,0,0,1,0,bridge_close_cif.y4m,6.25,6.186,0.155981,0.002733,0.0,111
1,1,1,0,0,0,0,0,0,0,0,0,1,0,1,1,0,1,1,1,0,1,0,1,0,0,0,0,0,1,0,1,1,0,0,1,0,0,bridge_close_cif.y4m,19.96,20.054,0.601565,0.008131,0.0,353
1,1,0,0,0,0,1,0,0,0,0,0,1,0,1,1,1,1,1,1,0,1,0,1,0,0,0,0,0,1,1,0,1,0,0,0,1,0,bridge_close_cif.y4m,15.3,15.322,0.152053,0.003295,0.0,45
1,1,0,0,0,1,0,0,0,0,0,0,1,0,1,1,1,1,1,0,1,1,0,0,1,0,0,0,0,1,1,0,0,0,0,0,0,0,bridge_close_cif.y4m,5.84,5.81,0.073485,0.003245,0.0,226
1,1,0,0,0,0,0,0,0,0,0,1,1,1,0,1,1,0,1,0,1,1,0,0,0,0,0,1,0,1,1,0,1,0,0,0,0,1,bridge_close_cif.y4m,20.44,20.402,0.161307,0.003229,0.0,59
1,1,0,0,0,0,0,0,1,0,0,0,1,1,0,1,1,1,1,1,0,1,1,0,0,0,0,0,0,1,0,1,1,1,0,0,0,0,bridge_close_cif.y4m,119.73,119.77,0.431914,0.003818,0.0,19
1,1,0,0,0,0,0,0,0,0,0,1,1,1,0,1,0,1,1,0,1,1,0,0,0,1,0,0,0,1,1,0,1,1,0,0,0,0,bridge_close_cif.y4m,72.26,72.246,0.043932,0.004468,0.0,304
1,1,0,0,0,0,0,0,1,0,0,0,1,0,1,1,0,1,1,0,1,1,0,1,0,0,0,0,0,1,0,1,0,0,0,0,0,0,bridge_close_cif.y4m,13.68,13.68,0.095656,0.004088,0.0,207
1,1,0,0,0,0,1,0,0,0,0,0,1,1,0,1,1,1,1,1,0,1,0,1,0,0,0,0,0,1,1,0,0,0,0,0,0,0,bridge_close_cif.y4m,468.57,470.184,2.528632,0.004002,0.0,43
1,1,0,0,0,0,1,0,0,0,0,0,1,1,0,1,1,0,1,1,0,1,1,0,0,0,0,0,0,1,1,0,1,0,0,0,0,1,bridge_close_cif.y4m,7.73,7.644,0.181742,0.003241,0.0,40
1,1,0,0,0,1,0,0,0,0,0,0,1,0,1,1,0,1,1,1,0,1,1,0,0,0,0,0,0,1,1,0,1,1,0,0,0,0,bridge_close_cif.y4m,494.77,494.698,0.276713,0.007503,0.0,186
1,1,0,0,1,0,0,0,0,0,0,0,1,0,1,1,0,0,1,0,1,1,0,0,0,1,0,0,0,1,0,1,1,0,0,0,0,1,bridge_close_cif.y4m,12.14,12.044,0.301712,0.004311,0.0,288
1,1,1,0,0,0,0,0,0,0,0,0,1,1,0,1,1,0,1,1,0,1,0,1,0,0,0,0,0,1,1,0,1,0,1,0,0,0,bridge_close_cif.y4m,17.46,17.478,0.071903,0.003235,0.0,82
1,1,0,0,0,0,0,0,0,0,1,0,1,0,1,1,1,1,1,0,1,1,0,0,0,1,0,0,0,1,0,1,0,0,0,0,0,0,bridge_close_cif.y4m,14.19,14.158,0.068702,0.003915,0.0,211
1,1,0,0,1,0,0,0,0,0,0,0,1,0,1,1,1,1,1,0,1,1,0,0,0,0,0,1,0,1,1,0,1,0,0,1,0,0,bridge_close_cif.y4m,232.85,232.832,0.190447,0.004063,0.0,347
1,1,0,1,0,0,0,0,0,0,0,0,1,0,1,1,0,0,1,1,0,1,1,0,0,0,0,0,0,1,1,0,1,0,0,0,1,0,bridge_close_cif.y4m,35.21,35.23,0.091378,0.003563,0.0,13
1,1,0,0,0,0,0,1,0,0,0,0,1,0,1,1,1,1,1,0,1,1,0,0,1,0,0,0,0,1,0,1,0,0,0,0,0,0,bridge_close_cif.y4m,903.21,903.036,0.423474,0.004467,0.0,228
1,1,0,0,0,0,0,0,0,1,0,0,1,1,0,1,0,1,1,0,1,1,0,0,1,0,0,0,0,1,0,1,1,0,0,0,0,1,bridge_close_cif.y4m,25.12,25.076,0.104307,0.004243,0.0,335
1,1,0,0,0,0,0,0,1,0,0,0,1,1,0,1,1,0,1,0,1,1,0,0,1,0,0,0,0,1,1,0,1,1,0,0,0,0,bridge_close_cif.y4m,69.89,70.02,0.498147,0.007401,0.0,24
1,1,1,0,0,0,0,0,0,0,0,0,1,0,1,1,0,1,1,0,1,1,0,1,0,0,0,0,0,1,0,1,1,0,0,1,0,0,bridge_close_cif.y4m,875.56,875.374,1.48949,0.011578,0.0,352
1,1,0,0,0,0,1,0,0,0,0,0,1,0,1,1,0,0,1,1,0,1,0,0,0,0,0,1,0,1,1,0,0,0,0,0,0,0,bridge_close_cif.y4m,15.6,15.532,0.141669,0.00384,0.0,368
1,1,1,0,0,0,0,0,0,0,0,0,1,0,1,1,1,1,1,1,0,1,0,1,0,0,0,0,0,1,1,0,0,0,0,0,0,0,bridge_close_cif.y4m,7.06,7.036,0.060249,0.003881,0.0,80
1,1,0,0,1,0,0,0,0,0,0,0,1,1,0,1,0,0,1,0,1,1,0,1,0,0,0,0,0,1,0,1,0,0,0,0,0,0,bridge_close_cif.y4m,71.34,71.306,0.122393,0.003844,0.0,121
1,1,0,0,0,0,0,0,0,0,1,0,1,0,1,1,1,1,1,0,1,1,0,0,1,0,0,0,0,1,1,0,1,1,0,0,0,0,bridge_close_cif.y4m,12.77,12.77,0.025495,0.003695,0.0,156
1,1,0,1,0,0,0,0,0,0,0,0,1,0,1,1,1,1,1,1,0,1,0,0,0,0,0,1,0,1,1,0,1,1,0,0,0,0,bridge_close_cif.y4m,3.54,3.54,0.027386,0.002826,0.0,9
1,1,0,0,0,0,0,0,0,0,1,0,1,1,0,1,0,0,1,1,0,1,0,0,0,0,1,0,0,1,1,0,1,0,0,0,0,1,bridge_close_cif.y4m,17.69,17.692,0.068337,0.004138,0.0,165
1,1,0,0,0,0,0,0,0,0,1,0,1,0,1,1,0,0,1,1,0,1,0,1,0,0,0,0,0,1,0,1,1,0,0,0,0,1,bridge_close_cif.y4m,18.23,18.25,0.233131,0.003842,0.0,126
1,1,0,0,1,0,0,0,0,0,0,0,1,1,0,1,1,1,1,0,1,1,0,0,1,0,0,0,0,1,0,1,1,0,1,0,0,0,bridge_close_cif.y4m,7.18,7.112,0.152217,0.003881,0.0,280
1,1,0,0,0,0,0,1,0,0,0,0,1,0,1,1,1,1,1,1,0,1,0,1,0,0,0,0,0,1,0,1,1,0,0,0,1,0,bridge_close_cif.y4m,7.01,6.974,0.094234,0.010553,0.0,172
1,1,0,0,0,0,0,0,0,0,1,0,1,0,1,1,0,1,1,1,0,1,0,0,0,1,0,0,0,1,0,1,0,0,0,0,0,0,bridge_close_cif.y4m,29.73,29.754,0.070922,0.009676,0.0,292
1,1,0,0,0,0,0,0,0,0,1,0,1,1,0,1,1,1,1,0,1,1,0,0,0,0,0,1,0,1,1,0,0,0,0,0,0,0,bridge_close_cif.y4m,44.72,44.64,0.181521,0.003981,0.0,105
1,1,0,0,0,1,0,0,0,0,0,0,1,0,1,1,1,1,1,0,1,1,0,0,0,0,0,0,1,1,1,0,1,0,1,0,0,0,bridge_close_cif.y4m,49.82,50.024,0.533882,0.007429,0.0,76
1,1,0,0,0,1,0,0,0,0,0,0,1,0,1,1,0,0,1,1,0,1,1,0,0,0,0,0,0,1,1,0,1,0,0,0,0,1,bridge_close_cif.y4m,251.87,251.78,0.241971,0.004181,0.0,221
1,1,0,0,0,0,0,0,0,0,1,0,1,1,0,1,1,0,1,1,0,1,0,0,0,0,1,0,0,1,0,1,1,0,0,0,0,1,bridge_close_cif.y4m,123.92,123.95,0.137113,0.007343,0.0,167
1,1,0,0,0,0,0,0,0,0,1,0,1,0,1,1,0,1,1,0,1,1,1,0,0,0,0,0,0,1,1,0,1,0,0,0,0,1,bridge_close_cif.y4m,658.33,658.392,0.91598,0.005564,0.0,35
1,1,0,0,1,0,0,0,0,0,0,0,1,1,0,1,0,0,1,1,0,1,0,1,0,0,0,0,0,1,0,1,1,0,1,0,0,0,bridge_close_cif.y4m,10.04,10.042,0.034928,0.003774,0.0,235
1,1,0,0,0,0,0,0,0,1,0,0,1,1,0,1,1,1,1,0,1,1,0,0,1,0,0,0,0,1,0,1,1,0,0,0,0,1,bridge_close_cif.y4m,36.95,36.938,0.321201,0.007489,0.0,333
1,1,0,0,0,0,1,0,0,0,0,0,1,0,1,1,1,1,1,1,0,1,0,1,0,0,0,0,0,1,1,0,0,0,0,0,0,0,bridge_close_cif.y4m,277.59,277.606,0.371658,0.004234,0.0,44
1,1,0,0,1,0,0,0,0,0,0,0,1,0,1,1,0,1,1,1,0,1,0,1,0,0,0,0,0,1,0,1,1,1,0,0,0,0,bridge_close_cif.y4m,512.78,512.908,1.223426,0.004932,0.0,256
1,1,0,0,0,0,0,1,0,0,0,0,1,0,1,1,1,0,1,0,1,1,0,1,0,0,0,0,0,1,0,1,1,0,0,0,0,1,bridge_close_cif.y4m,1924.96,1925.506,3.26846,0.007673,0.0,192
1,1,0,0,0,0,1,0,0,0,0,0,1,1,0,1,1,1,1,1,0,1,1,0,0,0,0,0,0,1,1,0,1,0,0,0,0,1,bridge_close_cif.y4m,45.68,45.662,0.158651,0.004572,0.0,41
1,1,0,0,0,0,0,0,0,0,1,0,1,0,1,1,0,1,1,1,0,1,0,0,0,0,0,1,0,1,0,1,1,0,0,0,1,0,bridge_close_cif.y4m,362.32,362.294,0.290396,0.010518,0.0,273
1,1,0,0,0,0,0,0,0,0,1,0,1,1,0,1,0,1,1,0,1,1,0,0,0,0,0,1,0,1,0,1,0,0,0,0,0,0,bridge_close_cif.y4m,245.44,245.476,0.180222,0.010523,0.0,101
1,1,0,0,0,0,0,0,0,0,1,0,1,0,1,1,1,1,1,0,1,1,0,0,0,0,1,0,0,1,1,0,1,0,1,0,0,0,bridge_close_cif.y4m,169.26,168.668,1.667384,0.004171,0.0,242
1,1,0,0,0,0,0,0,0,0,1,0,1,1,0,1,0,1,1,0,1,1,0,0,0,0,0,1,0,1,1,0,0,0,0,0,0,0,bridge_close_cif.y4m,25.62,25.618,0.065727,0.010472,0.0,103
1,1,1,0,0,0,0,0,0,0,0,0,1,1,0,1,1,0,1,1,0,1,0,1,0,0,0,0,0,1,0,1,0,0,0,0,0,0,bridge_close_cif.y4m,297.6,296.206,3.444181,0.004989,0.0,1
1,1,0,0,0,0,0,1,0,0,0,0,1,1,0,1,0,0,1,0,1,1,0,0,0,0,0,1,0,1,0,1,1,0,0,0,0,1,bridge_close_cif.y4m,19.96,19.962,0.100598,0.008131,0.0,56
1,1,0,0,1,0,0,0,0,0,0,0,1,0,1,1,0,0,1,0,1,1,0,0,0,0,0,0,1,1,0,1,0,0,0,0,0,0,bridge_close_cif.y4m,44.48,44.408,0.226208,0.003981,0.0,373
1,1,0,0,0,0,0,0,1,0,0,0,1,1,0,1,1,1,1,0,1,1,0,1,0,0,0,0,0,1,0,1,1,0,1,0,0,0,bridge_close_cif.y4m,419.16,418.782,0.885449,0.004174,0.0,318
1,1,0,0,0,1,0,0,0,0,0,0,1,1,0,1,0,0,1,1,0,1,0,0,0,0,1,0,0,1,1,0,0,0,0,0,0,0,bridge_close_cif.y4m,630.35,630.392,0.217991,0.004499,0.0,69
1,1,0,1,0,0,0,0,0,0,0,0,1,0,1,1,0,0,1,1,0,1,0,0,0,0,0,1,0,1,1,0,1,1,0,0,0,0,bridge_close_cif.y4m,15.94,15.932,0.027749,0.007292,0.0,11
1,1,0,0,1,0,0,0,0,0,0,0,1,0,1,1,0,0,1,1,0,1,0,1,0,0,0,0,0,1,0,1,1,0,0,1,0,0,bridge_close_cif.y4m,11.55,11.556,0.14519,0.00344,0.0,258
1,1,0,0,0,0,0,0,0,0,1,0,1,0,1,1,0,0,1,1,0,1,0,1,0,0,0,0,0,1,1,0,1,0,1,0,0,0,bridge_close_cif.y4m,1057.29,1057.548,0.803785,0.007739,0.0,238
1,1,0,0,0,0,0,1,0,0,0,0,1,0,1,1,1,0,1,1,0,1,1,0,0,0,0,0,0,1,0,1,1,0,0,0,1,0,bridge_close_cif.y4m,799.74,799.08,1.763363,0.004439,0.0,173
1,1,0,0,0,0,0,1,0,0,0,0,1,0,1,1,0,1,1,0,1,1,0,1,0,0,0,0,0,1,0,1,1,1,0,0,0,0,bridge_close_cif.y4m,548.89,548.838,2.230285,0.004837,0.0,190
1,1,0,1,0,0,0,0,0,0,0,0,1,0,1,1,1,0,1,1,0,1,0,0,0,0,0,1,0,1,0,1,1,1,0,0,0,0,bridge_close_cif.y4m,198.79,197.43,3.011254,0.004754,0.0,7
1,1,0,0,0,1,0,0,0,0,0,0,1,0,1,1,1,1,1,0,1,1,0,0,0,0,0,0,1,1,1,0,0,0,0,0,0,0,bridge_close_cif.y4m,6.93,6.898,0.067602,0.003128,0.0,323
1,1,0,0,0,1,0,0,0,0,0,0,1,0,1,1,0,0,1,0,1,1,0,0,0,0,0,0,1,1,1,0,1,0,0,0,1,0,bridge_close_cif.y4m,465.95,462.72,6.198762,0.004531,0.0,73
1,1,0,0,0,0,0,0,0,0,1,0,1,0,1,1,1,0,1,0,1,1,0,1,0,0,0,0,0,1,0,1,0,0,0,0,0,0,bridge_close_cif.y4m,416.23,416.066,0.378325,0.004002,0.0,209
1,1,0,1,0,0,0,0,0,0,0,0,1,1,0,1,1,0,1,0,1,1,1,0,0,0,0,0,0,1,1,0,0,0,0,0,0,0,bridge_close_cif.y4m,12.45,12.456,0.053666,0.004202,0.0,138
1,1,0,0,0,1,0,0,0,0,0,0,1,1,0,1,1,1,1,1,0,1,0,0,0,0,0,1,0,1,0,1,0,0,0,0,0,0,bridge_close_cif.y4m,274.59,274.548,0.205353,0.007364,0.0,264
1,1,0,0,0,0,0,0,0,1,0,0,1,0,1,1,0,1,1,0,1,1,0,0,0,0,0,1,0,1,0,1,1,0,0,0,1,0,bridge_close_cif.y4m,699.78,699.802,0.474363,0.004499,0.0,98
1,1,0,0,0,0,0,0,0,0,1,0,1,1,0,1,0,0,1,0,1,1,0,0,0,0,0,1,0,1,1,0,1,0,0,1,0,0,bridge_close_cif.y4m,14.37,14.302,0.149231,0.003833,0.0,380
1,1,0,0,1,0,0,0,0,0,0,0,1,1,0,1,1,1,1,1,0,1,0,1,0,0,0,0,0,1,1,0,1,0,1,0,0,0,bridge_close_cif.y4m,502.45,502.346,1.386337,0.010498,0.0,85
1,1,0,0,0,0,0,0,0,0,1,0,1,0,1,1,0,0,1,0,1,1,1,0,0,0,0,0,0,1,0,1,1,0,0,0,1,0,bridge_close_cif.y4m,262.83,262.7,0.570833,0.004108,0.0,31
1,1,0,1,0,0,0,0,0,0,0,0,1,0,1,1,1,0,1,1,0,1,0,0,0,0,0,1,0,1,1,0,1,1,0,0,0,0,bridge_close_cif.y4m,8.38,8.34,0.123895,0.003241,0.0,8
1,1,0,0,1,0,0,0,0,0,0,0,1,1,0,1,1,1,1,1,0,1,1,0,0,0,0,0,0,1,0,1,1,1,0,0,0,0,bridge_close_cif.y4m,25.78,25.738,0.121943,0.003458,0.0,216
1,1,0,0,1,0,0,0,0,0,0,0,1,1,0,1,1,1,1,0,1,1,0,0,0,1,0,0,0,1,0,1,1,1,0,0,0,0,bridge_close_cif.y4m,5.65,5.576,0.193856,0.004372,0.0,214
1,1,0,0,0,0,0,0,1,0,0,0,1,1,0,1,0,0,1,1,0,1,0,0,0,0,0,1,0,1,1,0,0,0,0,0,0,0,bridge_close_cif.y4m,25.18,25.126,0.264915,0.003764,0.0,341
1,1,0,0,1,0,0,0,0,0,0,0,1,1,0,1,0,0,1,1,0,1,0,1,0,0,0,0,0,1,1,0,1,0,1,0,0,0,bridge_close_cif.y4m,20.04,20.058,0.166793,0.009829,0.0,236
1,1,0,0,0,0,0,0,0,0,1,0,1,0,1,1,0,0,1,0,1,1,0,0,0,0,1,0,0,1,1,0,1,0,1,0,0,0,bridge_close_cif.y4m,42.93,42.872,0.212885,0.009991,0.0,240
1,1,0,0,0,0,0,1,0,0,0,0,1,0,1,1,0,0,1,0,1,1,0,0,0,1,0,0,0,1,0,1,1,0,0,0,1,0,bridge_close_cif.y4m,32.17,32.154,0.155499,0.010472,0.0,51
1,1,1,0,0,0,0,0,0,0,0,0,1,0,1,1,1,1,1,0,1,1,0,0,0,0,0,0,1,1,1,0,1,0,1,0,0,0,bridge_close_cif.y4m,20.79,20.618,0.620943,0.003599,0.0,77
1,1,0,0,0,0,0,0,0,0,1,0,1,0,1,1,1,0,1,1,0,1,0,0,0,0,0,1,0,1,0,1,1,0,0,0,0,1,bridge_close_cif.y4m,15.05,15.06,0.051478,0.003396,0.0,128
1,1,0,0,1,0,0,0,0,0,0,0,1,1,0,1,0,0,1,1,0,1,0,1,0,0,0,0,0,1,0,1,0,0,0,0,0,0,bridge_close_cif.y4m,256.52,256.592,1.057814,0.004112,0.0,234
1,1,0,0,0,0,0,0,1,0,0,0,1,0,1,1,1,0,1,0,1,1,0,0,0,0,0,1,0,1,0,1,1,0,0,0,1,0,bridge_close_cif.y4m,1940.75,1940.766,1.285527,0.007673,0.0,28
1,1,0,0,1,0,0,0,0,0,0,0,1,1,0,1,1,0,1,0,1,1,1,0,0,0,0,0,0,1,1,0,0,0,0,0,0,0,bridge_close_cif.y4m,188.69,188.568,0.208495,0.004754,0.0,139
1,1,0,0,0,0,0,0,0,0,1,0,1,0,1,1,1,0,1,1,0,1,0,0,0,0,1,0,0,1,1,0,1,0,1,0,0,0,bridge_close_cif.y4m,4.57,4.522,0.130652,0.003799,0.0,152
1,1,0,1,0,0,0,0,0,0,0,0,1,0,1,1,0,0,1,1,0,1,0,0,0,0,0,1,0,1,1,0,1,0,0,0,1,0,bridge_close_cif.y4m,614.13,612.714,3.509691,0.011627,0.0,12
1,1,0,0,0,0,1,0,0,0,0,0,1,0,1,1,0,1,1,1,0,1,0,0,0,0,0,1,0,1,1,0,0,0,0,0,0,0,bridge_close_cif.y4m,4.66,4.632,0.063797,0.003799,0.0,369
1,1,0,0,0,0,0,0,0,0,0,1,1,1,0,1,1,0,1,0,1,1,0,0,0,0,0,1,0,1,0,1,1,0,0,0,0,1,bridge_close_cif.y4m,117.21,117.17,0.115542,0.007343,0.0,58
1,1,0,0,0,0,0,0,1,0,0,0,1,1,0,1,1,0,1,1,0,1,1,0,0,0,0,0,0,1,1,0,0,0,0,0,0,0,bridge_close_cif.y4m,103.24,103.234,0.066182,0.011003,0.0,64
1,1,0,0,0,0,0,0,1,0,0,0,1,1,0,1,1,0,1,1,0,1,0,0,1,0,0,0,0,1,1,0,1,1,0,0,0,0,bridge_close_cif.y4m,65.21,65.236,0.097108,0.003938,0.0,21
1,1,0,0,0,1,0,0,0,0,0,0,1,0,1,1,1,1,1,0,1,1,0,0,1,0,0,0,0,1,1,0,1,0,0,0,0,1,bridge_close_cif.y4m,231.98,231.8,0.475342,0.004063,0.0,225
1,1,0,0,0,0,1,0,0,0,0,0,1,0,1,1,1,0,1,1,0,1,0,0,0,0,0,1,0,1,1,0,1,0,0,0,1,0,bridge_close_cif.y4m,436.57,436.32,1.127519,0.004845,0.0,366
1,1,0,0,0,0,0,1,0,0,0,0,1,0,1,1,1,1,1,0,1,1,0,0,1,0,0,0,0,1,0,1,1,0,0,0,0,1,bridge_far_cif.y4m,16.12,16.124,0.032094,0.001313,0.0,114
1,1,0,0,1,0,0,0,0,0,0,0,1,1,0,1,1,1,1,0,1,1,0,0,1,0,0,0,0,1,1,0,1,0,1,0,0,0,bridge_far_cif.y4m,9.68,9.674,0.026077,0.001243,0.0,281
1,1,0,0,0,1,0,0,0,0,0,0,1,0,1,1,1,0,1,1,0,1,0,0,0,0,0,0,1,1,1,0,1,0,0,1,0,0,bridge_far_cif.y4m,21.55,21.552,0.067602,0.001186,0.0,325
1,1,1,0,0,0,0,0,0,0,0,0,1,1,0,1,1,0,1,1,0,1,0,0,0,0,1,0,0,1,1,0,1,1,0,0,0,0,bridge_far_cif.y4m,16.37,16.36,0.066708,0.000852,0.0,181
1,1,0,0,0,0,0,0,1,0,0,0,1,1,0,1,1,0,1,0,1,1,0,0,1,0,0,0,0,1,1,0,1,0,0,0,0,1,bridge_far_cif.y4m,366.16,364.624,4.408972,0.001381,0.0,247
1,1,0,0,0,0,0,0,0,0,1,0,1,1,0,1,1,0,1,1,0,1,0,0,0,0,1,0,0,1,1,0,1,0,0,0,0,1,bridge_far_cif.y4m,391.78,391.76,0.208926,0.001607,0.0,166
1,1,0,0,0,0,0,0,1,0,0,0,1,1,0,1,1,0,1,0,1,1,0,0,1,0,0,0,0,1,1,0,1,0,0,0,1,0,bridge_far_cif.y4m,10.14,10.16,0.078422,0.00058,0.0,25
1,1,0,0,0,0,0,1,0,0,0,0,1,0,1,1,0,0,1,1,0,1,0,1,0,0,0,0,0,1,0,1,0,0,0,0,0,0,bridge_far_cif.y4m,40.22,40.194,0.209952,0.003181,0.0,355
1,1,0,0,1,0,0,0,0,0,0,0,1,1,0,1,0,0,1,1,0,1,1,0,0,0,0,0,0,1,1,0,1,0,0,0,0,1,bridge_far_cif.y4m,4.35,4.35,0.018708,0.000446,0.0,219
1,1,0,0,0,1,0,0,0,0,0,0,1,1,0,1,1,0,1,1,0,1,0,0,0,0,1,0,0,1,1,0,1,1,0,0,0,0,bridge_far_cif.y4m,40.68,40.672,0.197155,0.003181,0.0,182
1,1,0,1,0,0,0,0,0,0,0,0,1,0,1,1,0,1,1,1,0,1,0,0,0,0,0,1,0,1,1,0,1,1,0,0,0,0,bridge_far_cif.y4m,11.61,11.606,0.023022,0.000893,0.0,10
1,1,0,0,1,0,0,0,0,0,0,0,1,1,0,1,1,0,1,0,1,1,0,0,1,0,0,0,0,1,0,1,1,0,0,0,0,1,bridge_far_cif.y4m,151.44,151.44,0.262488,0.000738,0.0,116
1,1,0,0,0,1,0,0,0,0,0,0,1,1,0,1,1,1,1,0,1,1,0,0,0,0,0,1,0,1,0,1,1,1,0,0,0,0,bridge_far_cif.y4m,25.64,25.61,0.141244,0.001271,0.0,266
1,1,0,0,0,0,0,0,1,0,0,0,1,1,0,1,0,0,1,0,1,1,0,0,1,0,0,0,0,1,1,0,1,0,0,1,0,0,bridge_far_cif.y4m,110.52,110.172,0.770143,0.005778,0.0,313
1,1,0,0,0,0,0,1,0,0,0,0,1,0,1,1,0,0,1,1,0,1,0,0,0,0,0,0,1,1,0,1,0,0,0,0,0,0,bridge_far_cif.y4m,33.2,33.2,0.042426,0.004418,0.0,357
1,1,0,0,0,1,0,0,0,0,0,0,1,0,1,1,0,1,1,0,1,1,1,0,0,0,0,0,0,1,1,0,1,1,0,0,0,0,bridge_far_cif.y4m,10.16,10.154,0.008944,0.003904,0.0,187
1,1,0,0,0,0,0,0,1,0,0,0,1,1,0,1,1,1,1,0,1,1,0,0,1,0,0,0,0,1,1,0,1,1,0,0,0,0,bridge_far_cif.y4m,822.94,822.998,0.155467,0.001574,0.0,23
1,1,0,0,1,0,0,0,0,0,0,0,1,1,0,1,1,0,1,1,0,1,0,1,0,0,0,0,0,1,0,1,0,0,0,0,0,0,bridge_far_cif.y4m,104.33,104.432,0.197661,0.000912,0.0,2
1,1,0,0,0,0,0,0,0,0,0,1,1,1,0,1,1,0,1,0,1,1,0,0,0,0,0,1,0,1,1,0,1,1,0,0,0,0,bridge_far_cif.y4m,316.85,316.202,1.430007,0.001108,0.0,301
1,1,0,0,0,0,0,1,0,0,0,0,1,0,1,1,0,1,1,1,0,1,0,1,0,0,0,0,0,1,0,1,0,0,0,0,0,0,bridge_far_cif.y4m,537.87,536.72,2.094182,0.005053,0.0,356
1,1,0,0,0,0,0,0,0,0,1,0,1,1,0,1,0,1,1,0,1,1,0,0,0,0,0,1,0,1,0,1,1,1,0,0,0,0,bridge_far_cif.y4m,33.17,33.476,0.671439,0.003205,0.0,269
1,1,0,0,0,0,0,0,0,0,1,0,1,0,1,1,0,1,1,1,0,1,0,0,1,0,0,0,0,1,0,1,1,0,0,0,1,0,bridge_far_cif.y4m,25.05,25.058,0.065345,0.004381,0.0,274
1,1,0,0,0,0,0,0,0,0,1,0,1,0,1,1,0,1,1,1,0,1,0,0,0,1,0,0,0,1,1,0,1,1,0,0,0,0,bridge_far_cif.y4m,29.87,29.846,0.057706,0.004008,0.0,307
1,1,0,0,1,0,0,0,0,0,0,0,1,0,1,1,0,1,1,1,0,1,0,0,1,0,0,0,0,1,0,1,1,1,0,0,0,0,bridge_far_cif.y4m,59.51,59.484,0.093968,0.000656,0.0,254
1,1,0,0,0,0,0,0,0,0,1,0,1,0,1,1,0,1,1,0,1,1,0,1,0,0,0,0,0,1,0,1,0,0,0,0,0,0,bridge_far_cif.y4m,5.42,5.396,0.054129,0.000504,0.0,208
1,1,0,0,1,0,0,0,0,0,0,0,1,1,0,1,1,1,1,1,0,1,0,0,1,0,0,0,0,1,0,1,1,0,1,0,0,0,bridge_far_cif.y4m,8.01,8.01,0.025495,0.003321,0.0,279
1,1,0,0,0,0,0,1,0,0,0,0,1,1,0,1,1,1,1,1,0,1,0,1,0,0,0,0,0,1,0,1,1,0,0,0,1,0,bridge_far_cif.y4m,22.46,22.472,0.046043,0.001404,0.0,171
1,1,0,0,0,0,0,0,0,1,0,0,1,1,0,1,0,1,1,0,1,1,0,0,0,0,0,1,0,1,0,1,1,0,0,0,1,0,bridge_far_cif.y4m,123.47,123.576,0.20489,0.005778,0.0,99
1,1,1,0,0,0,0,0,0,0,0,0,1,0,1,1,1,1,1,1,0,1,0,1,0,0,0,0,0,1,1,0,1,0,1,0,0,0,bridge_far_cif.y4m,27.45,27.384,0.166673,0.001437,0.0,81
1,1,0,0,0,0,0,0,0,0,1,0,1,0,1,1,1,1,1,0,1,1,0,0,1,0,0,0,0,1,1,0,1,0,1,0,0,0,bridge_far_cif.y4m,8.5,8.372,0.23403,0.000937,0.0,155
1,1,0,0,0,1,0,0,0,0,0,0,1,1,0,1,0,1,1,1,0,1,1,0,0,0,0,0,0,1,1,0,1,1,0,0,0,0,bridge_far_cif.y4m,22.21,22.306,0.449032,0.004008,0.0,185
1,1,0,0,1,0,0,0,0,0,0,0,1,1,0,1,0,0,1,0,1,1,0,0,0,0,0,1,0,1,0,1,0,0,0,0,0,0,bridge_far_cif.y4m,8.01,8.008,0.063797,0.000828,0.0,376
1,1,0,0,0,0,0,0,1,0,0,0,1,1,0,1,0,1,1,0,1,1,0,1,0,0,0,0,0,1,1,0,0,0,0,0,0,0,bridge_far_cif.y4m,4.32,4.322,0.013038,0.000665,0.0,204
1,1,0,0,0,0,0,0,1,0,0,0,1,1,0,1,1,0,1,0,1,1,0,0,0,0,1,0,0,1,1,0,1,0,0,0,0,1,bridge_far_cif.y4m,202.84,202.888,0.266402,0.000996,0.0,246
1,1,0,0,0,0,0,1,0,0,0,0,1,1,0,1,1,1,1,0,1,1,0,0,1,0,0,0,0,1,0,1,0,0,0,0,0,0,bridge_far_cif.y4m,187.0,186.968,0.269017,0.001439,0.0,230
1,1,0,0,0,0,0,0,1,0,0,0,1,0,1,1,1,0,1,0,1,1,0,0,0,0,0,1,0,1,1,0,1,0,0,0,1,0,bridge_far_cif.y4m,328.39,327.818,1.757774,0.005632,0.0,27
1,1,0,1,0,0,0,0,0,0,0,0,1,1,0,1,1,1,1,0,1,1,1,0,0,0,0,0,0,1,1,0,0,0,0,0,0,0,bridge_far_cif.y4m,12.52,12.552,0.163003,0.00114,0.0,137
1,1,0,0,0,0,0,0,0,0,1,0,1,1,0,1,1,1,1,1,0,1,0,0,0,0,1,0,0,1,0,1,1,0,0,0,1,0,bridge_far_cif.y4m,26.42,26.374,0.12054,0.004152,0.0,169
1,1,0,0,0,0,0,0,0,0,1,0,1,0,1,1,0,1,1,0,1,1,1,0,0,0,0,0,0,1,0,1,1,0,0,0,0,1,bridge_far_cif.y4m,322.59,322.016,0.962616,0.00142,0.0,33
1,1,0,0,0,0,0,0,1,0,0,0,1,0,1,1,0,1,1,0,1,1,0,1,0,0,0,0,0,1,1,0,0,0,0,0,0,0,bridge_far_cif.y4m,145.39,145.398,0.511635,0.005627,0.0,205
1,1,0,0,0,0,0,0,0,0,1,0,1,1,0,1,1,0,1,0,1,1,0,0,0,0,1,0,0,1,1,0,1,0,0,0,0,1,bridge_far_cif.y4m,14.85,14.844,0.054589,0.001326,0.0,245
1,1,1,0,0,0,0,0,0,0,0,0,1,1,0,1,0,0,1,1,0,1,0,0,1,0,0,0,0,1,1,0,1,0,0,0,0,1,bridge_far_cif.y4m,14.26,14.304,0.085029,0.000492,0.0,163
1,1,0,0,1,0,0,0,0,0,0,0,1,1,0,1,1,0,1,1,0,1,1,0,0,0,0,0,0,1,0,1,1,1,0,0,0,0,bridge_far_cif.y4m,8.02,8.044,0.041593,0.000828,0.0,4
1,1,0,0,1,0,0,0,0,0,0,0,1,1,0,1,0,0,1,0,1,1,1,0,0,0,0,0,0,1,1,0,1,0,0,0,1,0,bridge_far_cif.y4m,11.44,11.456,0.183657,0.003321,0.0,141
1,1,1,0,0,0,0,0,0,0,0,0,1,1,0,1,1,1,1,0,1,1,0,0,1,0,0,0,0,1,1,0,1,1,0,0,0,0,bridge_far_cif.y4m,298.28,298.048,0.754334,0.001103,0.0,159
1,1,0,0,0,0,0,0,1,0,0,0,1,1,0,1,0,1,1,0,1,1,0,0,1,0,0,0,0,1,0,1,1,0,0,0,0,1,bridge_far_cif.y4m,57.18,57.166,0.284042,0.004153,0.0,336
1,1,0,0,0,1,0,0,0,0,0,0,1,1,0,1,0,0,1,0,1,1,0,0,0,0,0,0,1,1,1,0,1,0,0,0,1,0,bridge_far_cif.y4m,119.47,119.614,0.282542,0.001285,0.0,72
1,1,0,0,0,0,0,0,1,0,0,0,1,1,0,1,1,0,1,1,0,1,0,0,1,0,0,0,0,1,1,0,1,0,0,0,0,1,bridge_far_cif.y4m,10.98,10.972,0.025884,0.001324,0.0,248
1,1,0,1,0,0,0,0,0,0,0,0,1,0,1,1,1,1,1,1,0,1,0,0,0,0,0,1,0,1,0,1,1,0,0,0,0,1,bridge_far_cif.y4m,321.61,321.866,1.653793,0.000939,0.0,130
1,1,0,0,0,1,0,0,0,0,0,0,1,0,1,1,1,1,1,1,0,1,0,0,0,0,0,0,1,1,1,0,0,0,0,0,0,0,bridge_far_cif.y4m,534.75,534.764,0.359486,0.002467,0.0,324
1,1,1,0,0,0,0,0,0,0,0,0,1,0,1,1,0,1,1,1,0,1,0,1,0,0,0,0,0,1,0,1,0,0,0,0,0,0,bridge_far_cif.y4m,503.25,503.17,0.469201,0.005568,0.0,354
1,1,0,0,0,0,0,0,0,0,1,0,1,0,1,1,0,0,1,1,0,1,0,0,0,1,0,0,0,1,0,1,0,0,0,0,0,0,bridge_far_cif.y4m,220.77,220.646,0.479875,0.000668,0.0,291
1,1,0,0,0,0,0,0,0,0,1,0,1,1,0,1,0,0,1,1,0,1,0,1,0,0,0,0,0,1,1,0,1,0,1,0,0,0,bridge_far_cif.y4m,4.69,4.704,0.060249,0.00058,0.0,237
1,1,0,0,0,1,0,0,0,0,0,0,1,1,0,1,1,0,1,1,0,1,1,0,0,0,0,0,0,1,1,0,1,1,0,0,0,0,bridge_far_cif.y4m,8.15,8.144,0.013416,0.00127,0.0,183
1,1,0,0,0,1,0,0,0,0,0,0,1,0,1,1,1,1,1,0,1,1,0,0,1,0,0,0,0,1,0,1,0,0,0,0,0,0,bridge_far_cif.y4m,5.75,5.754,0.015166,0.000761,0.0,227
1,1,0,0,0,0,0,0,1,0,0,0,1,1,0,1,0,1,1,0,1,1,0,0,0,0,0,1,0,1,0,1,0,0,0,0,0,0,bridge_far_cif.y4m,18.85,18.856,0.02881,0.000937,0.0,338
1,1,0,0,1,0,0,0,0,0,0,0,1,0,1,1,0,0,1,0,1,1,1,0,0,0,0,0,0,1,1,0,1,0,0,0,1,0,bridge_far_cif.y4m,61.0,60.962,0.126174,0.001274,0.0,142
1,1,0,0,1,0,0,0,0,0,0,0,1,1,0,1,1,1,1,0,1,1,0,0,1,0,0,0,0,1,1,0,1,0,0,0,0,1,bridge_far_cif.y4m,58.11,58.11,0.046368,0.003172,0.0,332
1,1,0,0,0,0,0,0,0,1,0,0,1,0,1,1,0,0,1,1,0,1,0,0,0,0,1,0,0,1,0,1,1,0,0,0,1,0,bridge_far_cif.y4m,235.9,235.672,0.986063,0.000806,0.0,95
1,1,0,0,1,0,0,0,0,0,0,0,1,0,1,1,0,0,1,0,1,1,0,0,0,1,0,0,0,1,0,1,0,0,0,0,0,0,bridge_far_cif.y4m,40.54,40.508,0.114978,0.003399,0.0,289
1,1,0,0,1,0,0,0,0,0,0,0,1,1,0,1,0,0,1,0,1,1,0,0,0,0,0,1,0,1,0,1,1,0,0,1,0,0,bridge_far_cif.y4m,4.7,4.712,0.023875,0.00058,0.0,378
1,1,0,0,1,0,0,0,0,0,0,0,1,1,0,1,1,1,1,1,0,1,0,0,1,0,0,0,0,1,0,1,1,0,0,0,1,0,bridge_far_cif.y4m,115.45,115.432,0.232637,0.001262,0.0,278
1,1,0,0,0,0,0,0,0,0,1,0,1,0,1,1,1,0,1,0,1,1,1,0,0,0,0,0,0,1,0,1,1,0,0,0,1,0,bridge_far_cif.y4m,28.29,28.334,0.17358,0.003174,0.0,30
1,1,0,0,1,0,0,0,0,0,0,0,1,1,0,1,0,0,1,0,1,1,0,1,0,0,0,0,0,1,0,1,1,0,0,0,0,1,bridge_far_cif.y4m,4.93,4.946,0.037815,0.000868,0.0,120
1,1,0,0,0,1,0,0,0,0,0,0,1,1,0,1,1,1,1,0,1,1,0,0,0,0,0,1,0,1,0,1,0,0,0,0,0,0,bridge_far_cif.y4m,6.84,6.82,0.062048,0.000859,0.0,265
1,1,0,0,0,0,0,0,0,0,1,0,1,1,0,1,1,0,1,1,0,1,0,0,0,0,0,1,0,1,0,1,0,0,0,0,0,0,bridge_far_cif.y4m,13.25,13.246,0.045056,0.00056,0.0,296
1,1,0,0,0,0,0,1,0,0,0,0,1,1,0,1,1,1,1,1,0,1,0,1,0,0,0,0,0,1,0,1,0,0,0,0,0,0,bridge_far_cif.y4m,35.39,35.38,0.036742,0.000908,0.0,232
1,1,0,0,0,0,0,0,0,0,1,0,1,0,1,1,0,0,1,1,0,1,0,0,1,0,0,0,0,1,1,0,1,0,0,1,0,0,bridge_far_cif.y4m,33.67,33.598,0.177257,0.003982,0.0,310
1,1,0,0,0,0,0,1,0,0,0,0,1,0,1,1,1,1,1,0,1,1,0,0,0,0,0,1,0,1,0,1,1,0,0,1,0,0,bridge_far_cif.y4m,323.78,323.746,0.19995,0.002059,0.0,349
1,1,0,0,1,0,0,0,0,0,0,0,1,1,0,1,0,1,1,0,1,1,0,0,0,0,0,1,0,1,0,1,0,0,0,0,0,0,bridge_far_cif.y4m,19.56,19.602,0.217302,0.003088,0.0,377
1,1,0,0,0,0,0,0,0,1,0,0,1,0,1,1,1,1,1,1,0,1,0,0,0,0,1,0,0,1,0,1,1,0,0,0,1,0,bridge_far_cif.y4m,301.49,301.54,0.619476,0.001187,0.0,94
1,1,1,0,0,0,0,0,0,0,0,0,1,1,0,1,1,0,1,0,1,1,1,0,0,0,0,0,0,1,0,1,1,1,0,0,0,0,bridge_far_cif.y4m,30.37,30.39,0.092736,0.004008,0.0,178
1,1,0,0,0,0,0,0,0,0,1,0,1,0,1,1,0,0,1,1,0,1,0,0,0,0,0,1,0,1,0,1,1,0,0,0,0,1,bridge_far_cif.y4m,24.06,24.174,0.40253,0.003339,0.0,127
1,1,0,0,0,0,0,1,0,0,0,0,1,0,1,1,1,0,1,0,1,1,0,0,0,1,0,0,0,1,0,1,1,0,0,0,1,0,bridge_far_cif.y4m,5.98,5.968,0.021679,0.000392,0.0,111
1,1,1,0,0,0,0,0,0,0,0,0,1,0,1,1,0,1,1,1,0,1,0,1,0,0,0,0,0,1,0,1,1,0,0,1,0,0,bridge_far_cif.y4m,21.29,21.252,0.241909,0.003479,0.0,353
1,1,0,0,0,0,1,0,0,0,0,0,1,0,1,1,1,1,1,1,0,1,0,1,0,0,0,0,0,1,1,0,1,0,0,0,1,0,bridge_far_cif.y4m,14.99,14.988,0.040866,0.000893,0.0,45
1,1,0,0,0,1,0,0,0,0,0,0,1,0,1,1,1,1,1,0,1,1,0,0,1,0,0,0,0,1,1,0,0,0,0,0,0,0,bridge_far_cif.y4m,5.61,5.606,0.016733,0.000632,0.0,226
1,1,0,0,0,0,0,0,0,0,0,1,1,1,0,1,1,0,1,0,1,1,0,0,0,0,0,1,0,1,1,0,1,0,0,0,0,1,bridge_far_cif.y4m,20.1,20.08,0.093005,0.000858,0.0,59
1,1,0,0,0,0,0,0,1,0,0,0,1,1,0,1,1,1,1,1,0,1,1,0,0,0,0,0,0,1,0,1,1,1,0,0,0,0,bridge_far_cif.y4m,120.81,120.958,0.437401,0.000912,0.0,19
1,1,0,0,0,0,0,0,0,0,0,1,1,1,0,1,0,1,1,0,1,1,0,0,0,1,0,0,0,1,1,0,1,1,0,0,0,0,bridge_far_cif.y4m,74.91,74.956,0.088487,0.001308,0.0,304
1,1,0,0,0,0,0,0,1,0,0,0,1,0,1,1,0,1,1,0,1,1,0,1,0,0,0,0,0,1,0,1,0,0,0,0,0,0,bridge_far_cif.y4m,10.71,10.694,0.037815,0.001324,0.0,207
1,1,0,0,0,0,1,0,0,0,0,0,1,1,0,1,1,1,1,1,0,1,0,1,0,0,0,0,0,1,1,0,0,0,0,0,0,0,bridge_far_cif.y4m,386.78,387.444,2.751314,0.000948,0.0,43
1,1,0,0,0,0,1,0,0,0,0,0,1,1,0,1,1,0,1,1,0,1,1,0,0,0,0,0,0,1,1,0,1,0,0,0,0,1,bridge_far_cif.y4m,6.25,6.244,0.030496,0.000546,0.0,40
1,1,0,0,0,1,0,0,0,0,0,0,1,0,1,1,0,1,1,1,0,1,1,0,0,0,0,0,0,1,1,0,1,1,0,0,0,0,bridge_far_cif.y4m,566.51,566.532,0.37225,0.002497,0.0,186
1,1,0,0,1,0,0,0,0,0,0,0,1,0,1,1,0,0,1,0,1,1,0,0,0,1,0,0,0,1,0,1,1,0,0,0,0,1,bridge_far_cif.y4m,9.36,9.38,0.078422,0.000832,0.0,288
1,1,1,0,0,0,0,0,0,0,0,0,1,1,0,1,1,0,1,1,0,1,0,1,0,0,0,0,0,1,1,0,1,0,1,0,0,0,bridge_far_cif.y4m,16.27,16.262,0.037683,0.000852,0.0,82
1,1,0,0,0,0,0,0,0,0,1,0,1,0,1,1,1,1,1,0,1,1,0,0,0,1,0,0,0,1,0,1,0,0,0,0,0,0,bridge_far_cif.y4m,15.12,15.154,0.072664,0.001318,0.0,211
1,1,0,0,1,0,0,0,0,0,0,0,1,0,1,1,1,1,1,0,1,1,0,0,0,0,0,1,0,1,1,0,1,0,0,1,0,0,bridge_far_cif.y4m,202.0,202.024,0.176153,0.000996,0.0,347
1,1,0,1,0,0,0,0,0,0,0,0,1,0,1,1,0,0,1,1,0,1,1,0,0,0,0,0,0,1,1,0,1,0,0,0,1,0,bridge_far_cif.y4m,31.69,31.688,0.08438,0.000577,0.0,13
1,1,0,0,0,0,0,1,0,0,0,0,1,0,1,1,1,1,1,0,1,1,0,0,1,0,0,0,0,1,0,1,0,0,0,0,0,0,bridge_far_cif.y4m,853.47,853.49,0.323419,0.000753,0.0,228
1,1,0,0,0,0,0,0,0,1,0,0,1,1,0,1,0,1,1,0,1,1,0,0,1,0,0,0,0,1,0,1,1,0,0,0,0,1,bridge_far_cif.y4m,23.73,23.43,0.412977,0.001404,0.0,335
1,1,0,0,0,0,0,0,1,0,0,0,1,1,0,1,1,0,1,0,1,1,0,0,1,0,0,0,0,1,1,0,1,1,0,0,0,0,bridge_far_cif.y4m,78.02,77.956,0.303117,0.002144,0.0,24
1,1,1,0,0,0,0,0,0,0,0,0,1,0,1,1,0,1,1,0,1,1,0,1,0,0,0,0,0,1,0,1,1,0,0,1,0,0,bridge_far_cif.y4m,1096.38,1097.146,1.498609,0.00559,0.0,352
1,1,0,0,0,0,1,0,0,0,0,0,1,0,1,1,0,0,1,1,0,1,0,0,0,0,0,1,0,1,1,0,0,0,0,0,0,0,bridge_far_cif.y4m,15.38,15.39,0.026458,0.001211,0.0,368
1,1,1,0,0,0,0,0,0,0,0,0,1,0,1,1,1,1,1,1,0,1,0,1,0,0,0,0,0,1,1,0,0,0,0,0,0,0,bridge_far_cif.y4m,6.84,6.84,0.015811,0.000718,0.0,80
1,1,0,0,1,0,0,0,0,0,0,0,1,1,0,1,0,0,1,0,1,1,0,1,0,0,0,0,0,1,0,1,0,0,0,0,0,0,bridge_far_cif.y4m,72.35,72.342,0.051672,0.00095,0.0,121
1,1,0,0,0,0,0,0,0,0,1,0,1,0,1,1,1,1,1,0,1,1,0,0,1,0,0,0,0,1,1,0,1,1,0,0,0,0,bridge_far_cif.y4m,10.72,10.718,0.029496,0.00114,0.0,156
1,1,0,1,0,0,0,0,0,0,0,0,1,0,1,1,1,1,1,1,0,1,0,0,0,0,0,1,0,1,1,0,1,1,0,0,0,0,bridge_far_cif.y4m,4.01,4.004,0.020736,0.000466,0.0,9
1,1,0,0,0,0,0,0,0,0,1,0,1,1,0,1,0,0,1,1,0,1,0,0,0,0,1,0,0,1,1,0,1,0,0,0,0,1,bridge_far_cif.y4m,13.43,13.432,0.034928,0.001326,0.0,165
1,1,0,0,0,0,0,0,0,0,1,0,1,0,1,1,0,0,1,1,0,1,0,1,0,0,0,0,0,1,0,1,1,0,0,0,0,1,bridge_far_cif.y4m,18.7,18.688,0.050695,0.001265,0.0,126
1,1,0,0,1,0,0,0,0,0,0,0,1,1,0,1,1,1,1,0,1,1,0,0,1,0,0,0,0,1,0,1,1,0,1,0,0,0,bridge_far_cif.y4m,6.81,6.814,0.015166,0.000718,0.0,280
1,1,0,0,0,0,0,1,0,0,0,0,1,0,1,1,1,1,1,1,0,1,0,1,0,0,0,0,0,1,0,1,1,0,0,0,1,0,bridge_far_cif.y4m,6.39,6.39,0.015811,0.003853,0.0,172
1,1,0,0,0,0,0,0,0,0,1,0,1,0,1,1,0,1,1,1,0,1,0,0,0,1,0,0,0,1,0,1,0,0,0,0,0,0,bridge_far_cif.y4m,36.42,36.344,0.180361,0.004022,0.0,292
1,1,0,0,0,0,0,0,0,0,1,0,1,1,0,1,1,1,1,0,1,1,0,0,0,0,0,1,0,1,1,0,0,0,0,0,0,0,bridge_far_cif.y4m,44.12,44.168,0.241702,0.000667,0.0,105
1,1,0,0,0,1,0,0,0,0,0,0,1,0,1,1,1,1,1,0,1,1,0,0,0,0,0,0,1,1,1,0,1,0,1,0,0,0,bridge_far_cif.y4m,51.89,51.856,0.112161,0.003374,0.0,76
1,1,0,0,0,1,0,0,0,0,0,0,1,0,1,1,0,0,1,1,0,1,1,0,0,0,0,0,0,1,1,0,1,0,0,0,0,1,bridge_far_cif.y4m,194.75,194.622,0.629579,0.000729,0.0,221
1,1,0,0,0,0,0,0,0,0,1,0,1,1,0,1,1,0,1,1,0,1,0,0,0,0,1,0,0,1,0,1,1,0,0,0,0,1,bridge_far_cif.y4m,129.28,129.29,0.067823,0.002196,0.0,167
1,1,0,0,0,0,0,0,0,0,1,0,1,0,1,1,0,1,1,0,1,1,1,0,0,0,0,0,0,1,1,0,1,0,0,0,0,1,bridge_far_cif.y4m,744.23,744.054,0.410098,0.00174,0.0,35
1,1,0,0,1,0,0,0,0,0,0,0,1,1,0,1,0,0,1,1,0,1,0,1,0,0,0,0,0,1,0,1,1,0,1,0,0,0,bridge_far_cif.y4m,9.0,9.006,0.026077,0.001164,0.0,235
1,1,0,0,0,0,0,0,0,1,0,0,1,1,0,1,1,1,1,0,1,1,0,0,1,0,0,0,0,1,0,1,1,0,0,0,0,1,bridge_far_cif.y4m,37.82,37.78,0.219203,0.00337,0.0,333
1,1,0,0,0,0,1,0,0,0,0,0,1,0,1,1,1,1,1,1,0,1,0,1,0,0,0,0,0,1,1,0,0,0,0,0,0,0,bridge_far_cif.y4m,222.43,222.37,0.268608,0.000744,0.0,44
1,1,0,0,1,0,0,0,0,0,0,0,1,0,1,1,0,1,1,1,0,1,0,1,0,0,0,0,0,1,0,1,1,1,0,0,0,0,bridge_far_cif.y4m,502.61,502.23,0.711372,0.001509,0.0,256
1,1,0,0,0,0,0,1,0,0,0,0,1,0,1,1,1,0,1,0,1,1,0,1,0,0,0,0,0,1,0,1,1,0,0,0,0,1,bridge_far_cif.y4m,2319.28,2319.64,1.304435,0.002724,0.0,192
1,1,0,0,0,0,1,0,0,0,0,0,1,1,0,1,1,1,1,1,0,1,1,0,0,0,0,0,0,1,1,0,1,0,0,0,0,1,bridge_far_cif.y4m,44.58,44.576,0.051284,0.001278,0.0,41
1,1,0,0,0,0,0,0,0,0,1,0,1,0,1,1,0,1,1,1,0,1,0,0,0,0,0,1,0,1,0,1,1,0,0,0,1,0,bridge_far_cif.y4m,383.59,382.844,1.722042,0.004452,0.0,273
1,1,0,0,0,0,0,0,0,0,1,0,1,1,0,1,0,1,1,0,1,1,0,0,0,0,0,1,0,1,0,1,0,0,0,0,0,0,bridge_far_cif.y4m,275.97,275.194,1.793064,0.005118,0.0,101
1,1,0,0,0,0,0,0,0,0,1,0,1,0,1,1,1,1,1,0,1,1,0,0,0,0,1,0,0,1,1,0,1,0,1,0,0,0,bridge_far_cif.y4m,142.63,142.572,0.353369,0.000738,0.0,242
1,1,0,0,0,0,0,0,0,0,1,0,1,1,0,1,0,1,1,0,1,1,0,0,0,0,0,1,0,1,1,0,0,0,0,0,0,0,bridge_far_cif.y4m,26.49,26.258,0.452515,0.004381,0.0,103
1,1,1,0,0,0,0,0,0,0,0,0,1,1,0,1,1,0,1,1,0,1,0,1,0,0,0,0,0,1,0,1,0,0,0,0,0,0,bridge_far_cif.y4m,274.61,274.352,0.567644,0.001546,0.0,1
1,1,0,0,0,0,0,1,0,0,0,0,1,1,0,1,0,0,1,0,1,1,0,0,0,0,0,1,0,1,0,1,1,0,0,0,0,1,bridge_far_cif.y4m,21.46,21.516,0.159937,0.003479,0.0,56
1,1,0,0,1,0,0,0,0,0,0,0,1,0,1,1,0,0,1,0,1,1,0,0,0,0,0,0,1,1,0,1,0,0,0,0,0,0,bridge_far_cif.y4m,46.35,46.346,0.065038,0.000667,0.0,373
1,1,0,0,0,0,0,0,1,0,0,0,1,1,0,1,1,1,1,0,1,1,0,1,0,0,0,0,0,1,0,1,1,0,1,0,0,0,bridge_far_cif.y4m,349.28,349.54,0.611923,0.000676,0.0,318
1,1,0,0,0,1,0,0,0,0,0,0,1,1,0,1,0,0,1,1,0,1,0,0,0,0,1,0,0,1,1,0,0,0,0,0,0,0,bridge_far_cif.y4m,595.8,595.652,0.49104,0.001117,0.0,69
1,1,0,1,0,0,0,0,0,0,0,0,1,0,1,1,0,0,1,1,0,1,0,0,0,0,0,1,0,1,1,0,1,1,0,0,0,0,bridge_far_cif.y4m,16.77,16.772,0.052631,0.003074,0.0,11
1,1,0,0,1,0,0,0,0,0,0,0,1,0,1,1,0,0,1,1,0,1,0,1,0,0,0,0,0,1,0,1,1,0,0,1,0,0,bridge_far_cif.y4m,9.72,9.736,0.036469,0.000939,0.0,258
1,1,0,0,0,0,0,0,0,0,1,0,1,0,1,1,0,0,1,1,0,1,0,1,0,0,0,0,0,1,1,0,1,0,1,0,0,0,bridge_far_cif.y4m,1267.1,1267.194,0.272176,0.002783,0.0,238
1,1,0,0,0,0,0,1,0,0,0,0,1,0,1,1,1,0,1,1,0,1,1,0,0,0,0,0,0,1,0,1,1,0,0,0,1,0,bridge_far_cif.y4m,745.64,745.27,4.615003,0.001066,0.0,173
1,1,0,0,0,0,0,1,0,0,0,0,1,0,1,1,0,1,1,0,1,1,0,1,0,0,0,0,0,1,0,1,1,1,0,0,0,0,bridge_far_cif.y4m,381.46,381.17,1.294102,0.001153,0.0,190
1,1,0,1,0,0,0,0,0,0,0,0,1,0,1,1,1,0,1,1,0,1,0,0,0,0,0,1,0,1,0,1,1,1,0,0,0,0,bridge_far_cif.y4m,224.5,224.308,0.500919,0.001417,0.0,7
1,1,0,0,0,1,0,0,0,0,0,0,1,0,1,1,1,1,1,0,1,1,0,0,0,0,0,0,1,1,1,0,0,0,0,0,0,0,bridge_far_cif.y4m,6.65,6.66,0.03,0.000504,0.0,323
1,1,0,0,0,1,0,0,0,0,0,0,1,0,1,1,0,0,1,0,1,1,0,0,0,0,0,0,1,1,1,0,1,0,0,0,1,0,bridge_far_cif.y4m,411.63,412.65,2.584686,0.001196,0.0,73
1,1,0,0,0,0,0,0,0,0,1,0,1,0,1,1,1,0,1,0,1,1,0,1,0,0,0,0,0,1,0,1,0,0,0,0,0,0,bridge_far_cif.y4m,297.25,296.876,1.124691,0.000948,0.0,209
1,1,0,1,0,0,0,0,0,0,0,0,1,1,0,1,1,0,1,0,1,1,1,0,0,0,0,0,0,1,1,0,0,0,0,0,0,0,bridge_far_cif.y4m,10.36,10.382,0.039623,0.001362,0.0,138
1,1,0,0,0,1,0,0,0,0,0,0,1,1,0,1,1,1,1,1,0,1,0,0,0,0,0,1,0,1,0,1,0,0,0,0,0,0,bridge_far_cif.y4m,271.87,271.956,0.42706,0.002364,0.0,264
1,1,0,0,0,0,0,0,0,1,0,0,1,0,1,1,0,1,1,0,1,1,0,0,0,0,0,1,0,1,0,1,1,0,0,0,1,0,bridge_far_cif.y4m,699.06,698.774,1.042008,0.001117,0.0,98
1,1,0,0,0,0,0,0,0,0,1,0,1,1,0,1,0,0,1,0,1,1,0,0,0,0,0,1,0,1,1,0,1,0,0,1,0,0,bridge_far_cif.y4m,13.31,13.3,0.031623,0.001218,0.0,380
1,1,0,0,1,0,0,0,0,0,0,0,1,1,0,1,1,1,1,1,0,1,0,1,0,0,0,0,0,1,1,0,1,0,1,0,0,0,bridge_far_cif.y4m,482.21,482.626,1.206536,0.00452,0.0,85
1,1,0,0,0,0,0,0,0,0,1,0,1,0,1,1,0,0,1,0,1,1,1,0,0,0,0,0,0,1,0,1,1,0,0,0,1,0,bridge_far_cif.y4m,220.19,220.03,0.631348,0.001008,0.0,31
1,1,0,1,0,0,0,0,0,0,0,0,1,0,1,1,1,0,1,1,0,1,0,0,0,0,0,1,0,1,1,0,1,1,0,0,0,0,bridge_far_cif.y4m,6.35,6.346,0.030496,0.000546,0.0,8
1,1,0,0,1,0,0,0,0,0,0,0,1,1,0,1,1,1,1,1,0,1,1,0,0,0,0,0,0,1,0,1,1,1,0,0,0,0,bridge_far_cif.y4m,23.78,23.766,0.038471,0.000937,0.0,216
1,1,0,0,1,0,0,0,0,0,0,0,1,1,0,1,1,1,1,0,1,1,0,0,0,1,0,0,0,1,0,1,1,1,0,0,0,0,bridge_far_cif.y4m,4.85,4.916,0.155499,0.000868,0.0,214
1,1,0,0,0,0,0,0,1,0,0,0,1,1,0,1,0,0,1,1,0,1,0,0,0,0,0,1,0,1,1,0,0,0,0,0,0,0,bridge_far_cif.y4m,26.2,26.214,0.207798,0.001172,0.0,341
1,1,0,0,1,0,0,0,0,0,0,0,1,1,0,1,0,0,1,1,0,1,0,1,0,0,0,0,0,1,1,0,1,0,1,0,0,0,bridge_far_cif.y4m,19.72,19.752,0.078549,0.003885,0.0,236
1,1,0,0,0,0,0,0,0,0,1,0,1,0,1,1,0,0,1,0,1,1,0,0,0,0,1,0,0,1,1,0,1,0,1,0,0,0,bridge_far_cif.y4m,42.04,42.028,0.242322,0.004228,0.0,240
1,1,0,0,0,0,0,1,0,0,0,0,1,0,1,1,0,0,1,0,1,1,0,0,0,1,0,0,0,1,0,1,1,0,0,0,1,0,bridge_far_cif.y4m,34.88,34.92,0.121037,0.004381,0.0,51
1,1,1,0,0,0,0,0,0,0,0,0,1,0,1,1,1,1,1,0,1,1,0,0,0,0,0,0,1,1,1,0,1,0,1,0,0,0,bridge_far_cif.y4m,17.64,17.682,0.100846,0.000606,0.0,77
1,1,0,0,0,0,0,0,0,0,1,0,1,0,1,1,1,0,1,1,0,1,0,0,0,0,0,1,0,1,0,1,1,0,0,0,0,1,bridge_far_cif.y4m,10.63,10.62,0.034641,0.000906,0.0,128
1,1,0,0,1,0,0,0,0,0,0,0,1,1,0,1,0,0,1,1,0,1,0,1,0,0,0,0,0,1,0,1,0,0,0,0,0,0,bridge_far_cif.y4m,238.29,238.354,0.485623,0.000668,0.0,234
1,1,0,0,0,0,0,0,1,0,0,0,1,0,1,1,1,0,1,0,1,1,0,0,0,0,0,1,0,1,0,1,1,0,0,0,1,0,bridge_far_cif.y4m,2377.71,2377.84,0.649461,0.002724,0.0,28
1,1,0,0,1,0,0,0,0,0,0,0,1,1,0,1,1,0,1,0,1,1,1,0,0,0,0,0,0,1,1,0,0,0,0,0,0,0,bridge_far_cif.y4m,208.79,208.574,0.586882,0.001417,0.0,139
1,1,0,0,0,0,0,0,0,0,1,0,1,0,1,1,1,0,1,1,0,1,0,0,0,0,1,0,0,1,1,0,1,0,1,0,0,0,bridge_far_cif.y4m,4.32,4.318,0.013038,0.000665,0.0,152
1,1,0,1,0,0,0,0,0,0,0,0,1,0,1,1,0,0,1,1,0,1,0,0,0,0,0,1,0,1,1,0,1,0,0,0,1,0,bridge_far_cif.y4m,686.16,685.828,1.097392,0.005627,0.0,12
1,1,0,0,0,0,1,0,0,0,0,0,1,0,1,1,0,1,1,1,0,1,0,0,0,0,0,1,0,1,1,0,0,0,0,0,0,0,bridge_far_cif.y4m,4.31,4.312,0.008367,0.000665,0.0,369
1,1,0,0,0,0,0,0,0,0,0,1,1,1,0,1,1,0,1,0,1,1,0,0,0,0,0,1,0,1,0,1,1,0,0,0,0,1,bridge_far_cif.y4m,128.99,128.984,0.058138,0.002196,0.0,58
1,1,0,0,0,0,0,0,1,0,0,0,1,1,0,1,1,0,1,1,0,1,1,0,0,0,0,0,0,1,1,0,0,0,0,0,0,0,bridge_far_cif.y4m,127.41,127.342,0.274718,0.005778,0.0,64
1,1,0,0,0,0,0,0,1,0,0,0,1,1,0,1,1,0,1,1,0,1,0,0,1,0,0,0,0,1,1,0,1,1,0,0,0,0,bridge_far_cif.y4m,67.59,67.534,0.140107,0.000601,0.0,21
1,1,0,0,0,1,0,0,0,0,0,0,1,0,1,1,1,1,1,0,1,1,0,0,1,0,0,0,0,1,1,0,1,0,0,0,0,1,bridge_far_cif.y4m,200.49,199.866,1.533274,0.000996,0.0,225
1,1,0,0,0,0,1,0,0,0,0,0,1,0,1,1,1,0,1,1,0,1,0,0,0,0,0,1,0,1,1,0,1,0,0,0,1,0,bridge_far_cif.y4m,437.17,437.912,2.300526,0.001421,0.0,366
1,1,0,0,0,0,0,1,0,0,0,0,1,0,1,1,1,1,1,0,1,1,0,0,1,0,0,0,0,1,0,1,1,0,0,0,0,1,bus_cif.y4m,2.82,2.814,0.042778,0.012614,0.0,114
1,1,0,0,1,0,0,0,0,0,0,0,1,1,0,1,1,1,1,0,1,1,0,0,1,0,0,0,0,1,1,0,1,0,1,0,0,0,bus_cif.y4m,2.59,2.586,0.067305,0.012059,0.0,281
1,1,0,0,0,1,0,0,0,0,0,0,1,0,1,1,1,0,1,1,0,1,0,0,0,0,0,0,1,1,1,0,1,0,0,1,0,0,bus_cif.y4m,3.75,3.746,0.016733,0.012162,0.0,325
1,1,1,0,0,0,0,0,0,0,0,0,1,1,0,1,1,0,1,1,0,1,0,0,0,0,1,0,0,1,1,0,1,1,0,0,0,0,bus_cif.y4m,3.22,3.212,0.027749,0.011863,0.0,181
1,1,0,0,0,0,0,0,1,0,0,0,1,1,0,1,1,0,1,0,1,1,0,0,1,0,0,0,0,1,1,0,1,0,0,0,0,1,bus_cif.y4m,90.5,90.802,0.497112,0.01393,0.0,247
1,1,0,0,0,0,0,0,0,0,1,0,1,1,0,1,1,0,1,1,0,1,0,0,0,0,1,0,0,1,1,0,1,0,0,0,0,1,bus_cif.y4m,104.88,104.91,0.133791,0.011847,0.0,166
1,1,0,0,0,0,0,0,1,0,0,0,1,1,0,1,1,0,1,0,1,1,0,0,1,0,0,0,0,1,1,0,1,0,0,0,1,0,bus_cif.y4m,4.61,4.618,0.021679,0.013878,0.0,25
1,1,0,0,0,0,0,1,0,0,0,0,1,0,1,1,0,0,1,1,0,1,0,1,0,0,0,0,0,1,0,1,0,0,0,0,0,0,bus_cif.y4m,5.84,5.822,0.111669,0.012669,0.0,355
1,1,0,0,1,0,0,0,0,0,0,0,1,1,0,1,0,0,1,1,0,1,1,0,0,0,0,0,0,1,1,0,1,0,0,0,0,1,bus_cif.y4m,1.14,1.136,0.011402,0.014895,0.0,219
1,1,0,0,0,1,0,0,0,0,0,0,1,1,0,1,1,0,1,1,0,1,0,0,0,0,1,0,0,1,1,0,1,1,0,0,0,0,bus_cif.y4m,5.75,5.808,0.20241,0.012669,0.0,182
1,1,0,1,0,0,0,0,0,0,0,0,1,0,1,1,0,1,1,1,0,1,0,0,0,0,0,1,0,1,1,0,1,1,0,0,0,0,bus_cif.y4m,2.27,2.264,0.019494,0.011948,0.0,10
1,1,0,0,1,0,0,0,0,0,0,0,1,1,0,1,1,0,1,0,1,1,0,0,1,0,0,0,0,1,0,1,1,0,0,0,0,1,bus_cif.y4m,45.35,45.364,0.123207,0.013818,0.0,116
1,1,0,0,0,1,0,0,0,0,0,0,1,1,0,1,1,1,1,0,1,1,0,0,0,0,0,1,0,1,0,1,1,1,0,0,0,0,bus_cif.y4m,4.55,4.568,0.068337,0.012153,0.0,266
1,1,0,0,0,0,0,0,1,0,0,0,1,1,0,1,0,0,1,0,1,1,0,0,1,0,0,0,0,1,1,0,1,0,0,1,0,0,bus_cif.y4m,16.71,16.716,0.063482,0.015041,0.0,313
1,1,0,0,0,0,0,1,0,0,0,0,1,0,1,1,0,0,1,1,0,1,0,0,0,0,0,0,1,1,0,1,0,0,0,0,0,0,bus_cif.y4m,5.12,5.106,0.0251,0.014443,0.0,357
1,1,0,0,0,1,0,0,0,0,0,0,1,0,1,1,0,1,1,0,1,1,1,0,0,0,0,0,0,1,1,0,1,1,0,0,0,0,bus_cif.y4m,1.37,1.364,0.008944,0.014156,0.0,187
1,1,0,0,0,0,0,0,1,0,0,0,1,1,0,1,1,1,1,0,1,1,0,0,1,0,0,0,0,1,1,0,1,1,0,0,0,0,bus_cif.y4m,250.36,250.338,0.087864,0.011794,0.0,23
1,1,0,0,1,0,0,0,0,0,0,0,1,1,0,1,1,0,1,1,0,1,0,1,0,0,0,0,0,1,0,1,0,0,0,0,0,0,bus_cif.y4m,27.05,27.03,0.072457,0.012964,0.0,2
1,1,0,0,0,0,0,0,0,0,0,1,1,1,0,1,1,0,1,0,1,1,0,0,0,0,0,1,0,1,1,0,1,1,0,0,0,0,bus_cif.y4m,111.72,111.506,0.81953,0.01425,0.0,301
1,1,0,0,0,0,0,1,0,0,0,0,1,0,1,1,0,1,1,1,0,1,0,1,0,0,0,0,0,1,0,1,0,0,0,0,0,0,bus_cif.y4m,98.56,98.238,1.117238,0.014811,0.0,356
1,1,0,0,0,0,0,0,0,0,1,0,1,1,0,1,0,1,1,0,1,1,0,0,0,0,0,1,0,1,0,1,1,1,0,0,0,0,bus_cif.y4m,6.28,6.286,0.018166,0.01249,0.0,269
1,1,0,0,0,0,0,0,0,0,1,0,1,0,1,1,0,1,1,1,0,1,0,0,1,0,0,0,0,1,0,1,1,0,0,0,1,0,bus_cif.y4m,3.57,3.56,0.03937,0.014524,0.0,274
1,1,0,0,0,0,0,0,0,0,1,0,1,0,1,1,0,1,1,1,0,1,0,0,0,1,0,0,0,1,1,0,1,1,0,0,0,0,bus_cif.y4m,3.92,3.924,0.033615,0.013024,0.0,307
1,1,0,0,1,0,0,0,0,0,0,0,1,0,1,1,0,1,1,1,0,1,0,0,1,0,0,0,0,1,0,1,1,1,0,0,0,0,bus_cif.y4m,15.47,15.472,0.060581,0.01448,0.0,254
1,1,0,0,0,0,0,0,0,0,1,0,1,0,1,1,0,1,1,0,1,1,0,1,0,0,0,0,0,1,0,1,0,0,0,0,0,0,bus_cif.y4m,1.01,1.004,0.018166,0.015012,0.0,208
1,1,0,0,1,0,0,0,0,0,0,0,1,1,0,1,1,1,1,1,0,1,0,0,1,0,0,0,0,1,0,1,1,0,1,0,0,0,bus_cif.y4m,1.15,1.152,0.017889,0.01814,0.0,279
1,1,0,0,0,0,0,1,0,0,0,0,1,1,0,1,1,1,1,1,0,1,0,1,0,0,0,0,0,1,0,1,1,0,0,0,1,0,bus_cif.y4m,4.1,4.1,0.007071,0.014358,0.0,171
1,1,0,0,0,0,0,0,0,1,0,0,1,1,0,1,0,1,1,0,1,1,0,0,0,0,0,1,0,1,0,1,1,0,0,0,1,0,bus_cif.y4m,17.94,17.78,0.415271,0.015041,0.0,99
1,1,1,0,0,0,0,0,0,0,0,0,1,0,1,1,1,1,1,1,0,1,0,1,0,0,0,0,0,1,1,0,1,0,1,0,0,0,bus_cif.y4m,5.0,4.966,0.053198,0.014307,0.0,81
1,1,0,0,0,0,0,0,0,0,1,0,1,0,1,1,1,1,1,0,1,1,0,0,1,0,0,0,0,1,1,0,1,0,1,0,0,0,bus_cif.y4m,1.68,1.684,0.011402,0.014672,0.0,155
1,1,0,0,0,1,0,0,0,0,0,0,1,1,0,1,0,1,1,1,0,1,1,0,0,0,0,0,0,1,1,0,1,1,0,0,0,0,bus_cif.y4m,2.76,2.768,0.037014,0.013024,0.0,185
1,1,0,0,1,0,0,0,0,0,0,0,1,1,0,1,0,0,1,0,1,1,0,0,0,0,0,1,0,1,0,1,0,0,0,0,0,0,bus_cif.y4m,2.43,2.432,0.019235,0.011345,0.0,376
1,1,0,0,0,0,0,0,1,0,0,0,1,1,0,1,0,1,1,0,1,1,0,1,0,0,0,0,0,1,1,0,0,0,0,0,0,0,bus_cif.y4m,0.86,0.86,0.007071,0.013589,0.0,204
1,1,0,0,0,0,0,0,1,0,0,0,1,1,0,1,1,0,1,0,1,1,0,0,0,0,1,0,0,1,1,0,1,0,0,0,0,1,bus_cif.y4m,70.59,70.648,0.230586,0.012648,0.0,246
1,1,0,0,0,0,0,1,0,0,0,0,1,1,0,1,1,1,1,0,1,1,0,0,1,0,0,0,0,1,0,1,0,0,0,0,0,0,bus_cif.y4m,64.17,64.012,0.431532,0.014063,0.0,230
1,1,0,0,0,0,0,0,1,0,0,0,1,0,1,1,1,0,1,0,1,1,0,0,0,0,0,1,0,1,1,0,1,0,0,0,1,0,bus_cif.y4m,51.67,51.704,0.139392,0.016146,0.0,27
1,1,0,1,0,0,0,0,0,0,0,0,1,1,0,1,1,1,1,0,1,1,1,0,0,0,0,0,0,1,1,0,0,0,0,0,0,0,bus_cif.y4m,3.57,3.566,0.023022,0.012073,0.0,137
1,1,0,0,0,0,0,0,0,0,1,0,1,1,0,1,1,1,1,1,0,1,0,0,0,0,1,0,0,1,0,1,1,0,0,0,1,0,bus_cif.y4m,3.37,3.39,0.028284,0.013041,0.0,169
1,1,0,0,0,0,0,0,0,0,1,0,1,0,1,1,0,1,1,0,1,1,1,0,0,0,0,0,0,1,0,1,1,0,0,0,0,1,bus_cif.y4m,115.01,115.048,0.337964,0.014042,0.0,33
1,1,0,0,0,0,0,0,1,0,0,0,1,0,1,1,0,1,1,0,1,1,0,1,0,0,0,0,0,1,1,0,0,0,0,0,0,0,bus_cif.y4m,13.18,13.152,0.085849,0.015872,0.0,205
1,1,0,0,0,0,0,0,0,0,1,0,1,1,0,1,1,0,1,0,1,1,0,0,0,0,1,0,0,1,1,0,1,0,0,0,0,1,bus_cif.y4m,4.12,4.126,0.033615,0.013413,0.0,245
1,1,1,0,0,0,0,0,0,0,0,0,1,1,0,1,0,0,1,1,0,1,0,0,1,0,0,0,0,1,1,0,1,0,0,0,0,1,bus_cif.y4m,3.3,3.298,0.062209,0.013226,0.0,163
1,1,0,0,1,0,0,0,0,0,0,0,1,1,0,1,1,0,1,1,0,1,1,0,0,0,0,0,0,1,0,1,1,1,0,0,0,0,bus_cif.y4m,2.45,2.452,0.025884,0.011345,0.0,4
1,1,0,0,1,0,0,0,0,0,0,0,1,1,0,1,0,0,1,0,1,1,1,0,0,0,0,0,0,1,1,0,1,0,0,0,1,0,bus_cif.y4m,1.38,1.398,0.073621,0.01814,0.0,141
1,1,1,0,0,0,0,0,0,0,0,0,1,1,0,1,1,1,1,0,1,1,0,0,1,0,0,0,0,1,1,0,1,1,0,0,0,0,bus_cif.y4m,106.89,106.938,0.180194,0.012765,0.0,159
1,1,0,0,0,0,0,0,1,0,0,0,1,1,0,1,0,1,1,0,1,1,0,0,1,0,0,0,0,1,0,1,1,0,0,0,0,1,bus_cif.y4m,5.52,5.522,0.028636,0.01314,0.0,336
1,1,0,0,0,1,0,0,0,0,0,0,1,1,0,1,0,0,1,0,1,1,0,0,0,0,0,0,1,1,1,0,1,0,0,0,1,0,bus_cif.y4m,25.33,25.406,0.197687,0.01405,0.0,72
1,1,0,0,0,0,0,0,1,0,0,0,1,1,0,1,1,0,1,1,0,1,0,0,1,0,0,0,0,1,1,0,1,0,0,0,0,1,bus_cif.y4m,3.26,3.274,0.037148,0.013557,0.0,248
1,1,0,1,0,0,0,0,0,0,0,0,1,0,1,1,1,1,1,1,0,1,0,0,0,0,0,1,0,1,0,1,1,0,0,0,0,1,bus_cif.y4m,87.07,86.982,0.375726,0.012586,0.0,130
1,1,0,0,0,1,0,0,0,0,0,0,1,0,1,1,1,1,1,1,0,1,0,0,0,0,0,0,1,1,1,0,0,0,0,0,0,0,bus_cif.y4m,103.51,103.544,0.103102,0.01199,0.0,324
1,1,1,0,0,0,0,0,0,0,0,0,1,0,1,1,0,1,1,1,0,1,0,1,0,0,0,0,0,1,0,1,0,0,0,0,0,0,bus_cif.y4m,84.4,84.404,0.200699,0.016109,0.0,354
1,1,0,0,0,0,0,0,0,0,1,0,1,0,1,1,0,0,1,1,0,1,0,0,0,1,0,0,0,1,0,1,0,0,0,0,0,0,bus_cif.y4m,73.06,72.366,1.337771,0.013747,0.0,291
1,1,0,0,0,0,0,0,0,0,1,0,1,1,0,1,0,0,1,1,0,1,0,1,0,0,0,0,0,1,1,0,1,0,1,0,0,0,bus_cif.y4m,1.6,1.598,0.038987,0.013475,0.0,237
1,1,0,0,0,1,0,0,0,0,0,0,1,1,0,1,1,0,1,1,0,1,1,0,0,0,0,0,0,1,1,0,1,1,0,0,0,0,bus_cif.y4m,2.33,2.33,0.018708,0.01203,0.0,183
1,1,0,0,0,1,0,0,0,0,0,0,1,0,1,1,1,1,1,0,1,1,0,0,1,0,0,0,0,1,0,1,0,0,0,0,0,0,bus_cif.y4m,1.92,1.924,0.037815,0.014103,0.0,227
1,1,0,0,0,0,0,0,1,0,0,0,1,1,0,1,0,1,1,0,1,1,0,0,0,0,0,1,0,1,0,1,0,0,0,0,0,0,bus_cif.y4m,3.76,3.766,0.013416,0.013282,0.0,338
1,1,0,0,1,0,0,0,0,0,0,0,1,0,1,1,0,0,1,0,1,1,1,0,0,0,0,0,0,1,1,0,1,0,0,0,1,0,bus_cif.y4m,14.56,14.558,0.019235,0.014056,0.0,142
1,1,0,0,1,0,0,0,0,0,0,0,1,1,0,1,1,1,1,0,1,1,0,0,1,0,0,0,0,1,1,0,1,0,0,0,0,1,bus_cif.y4m,8.81,8.808,0.014832,0.012565,0.0,332
1,1,0,0,0,0,0,0,0,1,0,0,1,0,1,1,0,0,1,1,0,1,0,0,0,0,1,0,0,1,0,1,1,0,0,0,1,0,bus_cif.y4m,105.45,105.084,0.695687,0.013833,0.0,95
1,1,0,0,1,0,0,0,0,0,0,0,1,0,1,1,0,0,1,0,1,1,0,0,0,1,0,0,0,1,0,1,0,0,0,0,0,0,bus_cif.y4m,6.07,6.07,0.012247,0.012823,0.0,289
1,1,0,0,1,0,0,0,0,0,0,0,1,1,0,1,0,0,1,0,1,1,0,0,0,0,0,1,0,1,0,1,1,0,0,1,0,0,bus_cif.y4m,1.48,1.46,0.038079,0.013475,0.0,378
1,1,0,0,1,0,0,0,0,0,0,0,1,1,0,1,1,1,1,1,0,1,0,0,1,0,0,0,0,1,0,1,1,0,0,0,1,0,bus_cif.y4m,27.82,27.834,0.050299,0.013959,0.0,278
1,1,0,0,0,0,0,0,0,0,1,0,1,0,1,1,1,0,1,0,1,1,1,0,0,0,0,0,0,1,0,1,1,0,0,0,1,0,bus_cif.y4m,3.99,4.018,0.060581,0.012636,0.0,30
1,1,0,0,1,0,0,0,0,0,0,0,1,1,0,1,0,0,1,0,1,1,0,1,0,0,0,0,0,1,0,1,1,0,0,0,0,1,bus_cif.y4m,1.33,1.326,0.005477,0.014322,0.0,120
1,1,0,0,0,1,0,0,0,0,0,0,1,1,0,1,1,1,1,0,1,1,0,0,0,0,0,1,0,1,0,1,0,0,0,0,0,0,bus_cif.y4m,1.79,1.796,0.013416,0.0114,0.0,265
1,1,0,0,0,0,0,0,0,0,1,0,1,1,0,1,1,0,1,1,0,1,0,0,0,0,0,1,0,1,0,1,0,0,0,0,0,0,bus_cif.y4m,3.32,3.318,0.0249,0.013299,0.0,296
1,1,0,0,0,0,0,1,0,0,0,0,1,1,0,1,1,1,1,1,0,1,0,1,0,0,0,0,0,1,0,1,0,0,0,0,0,0,bus_cif.y4m,6.01,6.058,0.09094,0.013176,0.0,232
1,1,0,0,0,0,0,0,0,0,1,0,1,0,1,1,0,0,1,1,0,1,0,0,1,0,0,0,0,1,1,0,1,0,0,1,0,0,bus_cif.y4m,4.44,4.44,0.021213,0.012911,0.0,310
1,1,0,0,0,0,0,1,0,0,0,0,1,0,1,1,1,1,1,0,1,1,0,0,0,0,0,1,0,1,0,1,1,0,0,1,0,0,bus_cif.y4m,80.81,80.788,0.288045,0.011911,0.0,349
1,1,0,0,1,0,0,0,0,0,0,0,1,1,0,1,0,1,1,0,1,1,0,0,0,0,0,1,0,1,0,1,0,0,0,0,0,0,bus_cif.y4m,3.0,3.004,0.011402,0.012817,0.0,377
1,1,0,0,0,0,0,0,0,1,0,0,1,0,1,1,1,1,1,1,0,1,0,0,0,0,1,0,0,1,0,1,1,0,0,0,1,0,bus_cif.y4m,104.69,104.63,0.162942,0.01419,0.0,94
1,1,1,0,0,0,0,0,0,0,0,0,1,1,0,1,1,0,1,0,1,1,1,0,0,0,0,0,0,1,0,1,1,1,0,0,0,0,bus_cif.y4m,3.9,3.906,0.008944,0.013024,0.0,178
1,1,0,0,0,0,0,0,0,0,1,0,1,0,1,1,0,0,1,1,0,1,0,0,0,0,0,1,0,1,0,1,1,0,0,0,0,1,bus_cif.y4m,4.55,4.548,0.004472,0.012716,0.0,127
1,1,0,0,0,0,0,1,0,0,0,0,1,0,1,1,1,0,1,0,1,1,0,0,0,1,0,0,0,1,0,1,1,0,0,0,1,0,bus_cif.y4m,1.34,1.342,0.013038,0.014403,0.0,111
1,1,1,0,0,0,0,0,0,0,0,0,1,0,1,1,0,1,1,1,0,1,0,1,0,0,0,0,0,1,0,1,1,0,0,1,0,0,bus_cif.y4m,3.4,3.402,0.029496,0.013051,0.0,353
1,1,0,0,0,0,1,0,0,0,0,0,1,0,1,1,1,1,1,1,0,1,0,1,0,0,0,0,0,1,1,0,1,0,0,0,1,0,bus_cif.y4m,3.1,3.098,0.035637,0.011948,0.0,45
1,1,0,0,0,1,0,0,0,0,0,0,1,0,1,1,1,1,1,0,1,1,0,0,1,0,0,0,0,1,1,0,0,0,0,0,0,0,bus_cif.y4m,1.03,1.024,0.008944,0.015161,0.0,226
1,1,0,0,0,0,0,0,0,0,0,1,1,1,0,1,1,0,1,0,1,1,0,0,0,0,0,1,0,1,1,0,1,0,0,0,0,1,bus_cif.y4m,3.77,3.78,0.02,0.0118,0.0,59
1,1,0,0,0,0,0,0,1,0,0,0,1,1,0,1,1,1,1,1,0,1,1,0,0,0,0,0,0,1,0,1,1,1,0,0,0,0,bus_cif.y4m,27.06,27.09,0.091378,0.012964,0.0,19
1,1,0,0,0,0,0,0,0,0,0,1,1,1,0,1,0,1,1,0,1,1,0,0,0,1,0,0,0,1,1,0,1,1,0,0,0,0,bus_cif.y4m,15.49,15.454,0.084439,0.014173,0.0,304
1,1,0,0,0,0,0,0,1,0,0,0,1,0,1,1,0,1,1,0,1,1,0,1,0,0,0,0,0,1,0,1,0,0,0,0,0,0,bus_cif.y4m,3.25,3.254,0.011402,0.013557,0.0,207
1,1,0,0,0,0,1,0,0,0,0,0,1,1,0,1,1,1,1,1,0,1,0,1,0,0,0,0,0,1,1,0,0,0,0,0,0,0,bus_cif.y4m,137.4,137.358,0.448798,0.012619,0.0,43
1,1,0,0,0,0,1,0,0,0,0,0,1,1,0,1,1,0,1,1,0,1,1,0,0,0,0,0,0,1,1,0,1,0,0,0,0,1,bus_cif.y4m,1.96,1.954,0.018166,0.012754,0.0,40
1,1,0,0,0,1,0,0,0,0,0,0,1,0,1,1,0,1,1,1,0,1,1,0,0,0,0,0,0,1,1,0,1,1,0,0,0,0,bus_cif.y4m,105.08,105.05,0.062048,0.011995,0.0,186
1,1,0,0,1,0,0,0,0,0,0,0,1,0,1,1,0,0,1,0,1,1,0,0,0,1,0,0,0,1,0,1,1,0,0,0,0,1,bus_cif.y4m,2.06,2.042,0.035637,0.014478,0.0,288
1,1,1,0,0,0,0,0,0,0,0,0,1,1,0,1,1,0,1,1,0,1,0,1,0,0,0,0,0,1,1,0,1,0,1,0,0,0,bus_cif.y4m,3.14,3.154,0.027928,0.011863,0.0,82
1,1,0,0,0,0,0,0,0,0,1,0,1,0,1,1,1,1,1,0,1,1,0,0,0,1,0,0,0,1,0,1,0,0,0,0,0,0,bus_cif.y4m,2.53,2.522,0.030332,0.01231,0.0,211
1,1,0,0,1,0,0,0,0,0,0,0,1,0,1,1,1,1,1,0,1,1,0,0,0,0,0,1,0,1,1,0,1,0,0,1,0,0,bus_cif.y4m,73.07,72.49,1.261111,0.012648,0.0,347
1,1,0,1,0,0,0,0,0,0,0,0,1,0,1,1,0,0,1,1,0,1,1,0,0,0,0,0,0,1,1,0,1,0,0,0,1,0,bus_cif.y4m,6.21,6.214,0.043932,0.014521,0.0,13
1,1,0,0,0,0,0,1,0,0,0,0,1,0,1,1,1,1,1,0,1,1,0,0,1,0,0,0,0,1,0,1,0,0,0,0,0,0,bus_cif.y4m,209.56,209.602,0.144465,0.013827,0.0,228
1,1,0,0,0,0,0,0,0,1,0,0,1,1,0,1,0,1,1,0,1,1,0,0,1,0,0,0,0,1,0,1,1,0,0,0,0,1,bus_cif.y4m,4.19,4.17,0.037417,0.014358,0.0,335
1,1,0,0,0,0,0,0,1,0,0,0,1,1,0,1,1,0,1,0,1,1,0,0,1,0,0,0,0,1,1,0,1,1,0,0,0,0,bus_cif.y4m,11.52,11.53,0.09798,0.012206,0.0,24
1,1,1,0,0,0,0,0,0,0,0,0,1,0,1,1,0,1,1,0,1,1,0,1,0,0,0,0,0,1,0,1,1,0,0,1,0,0,bus_cif.y4m,162.03,162.12,0.265989,0.015886,0.0,352
1,1,0,0,0,0,1,0,0,0,0,0,1,0,1,1,0,0,1,1,0,1,0,0,0,0,0,1,0,1,1,0,0,0,0,0,0,0,bus_cif.y4m,2.66,2.666,0.033615,0.012315,0.0,368
1,1,1,0,0,0,0,0,0,0,0,0,1,0,1,1,1,1,1,1,0,1,0,1,0,0,0,0,0,1,1,0,0,0,0,0,0,0,bus_cif.y4m,1.16,1.162,0.008367,0.014021,0.0,80
1,1,0,0,1,0,0,0,0,0,0,0,1,1,0,1,0,0,1,0,1,1,0,1,0,0,0,0,0,1,0,1,0,0,0,0,0,0,bus_cif.y4m,16.0,15.92,0.233452,0.013011,0.0,121
1,1,0,0,0,0,0,0,0,0,1,0,1,0,1,1,1,1,1,0,1,1,0,0,1,0,0,0,0,1,1,0,1,1,0,0,0,0,bus_cif.y4m,2.89,2.882,0.049699,0.012074,0.0,156
1,1,0,1,0,0,0,0,0,0,0,0,1,0,1,1,1,1,1,1,0,1,0,0,0,0,0,1,0,1,1,0,1,1,0,0,0,0,bus_cif.y4m,0.75,0.754,0.015166,0.014466,0.0,9
1,1,0,0,0,0,0,0,0,0,1,0,1,1,0,1,0,0,1,1,0,1,0,0,0,0,1,0,0,1,1,0,1,0,0,0,0,1,bus_cif.y4m,3.97,3.954,0.04219,0.013413,0.0,165
1,1,0,0,0,0,0,0,0,0,1,0,1,0,1,1,0,0,1,1,0,1,0,1,0,0,0,0,0,1,0,1,1,0,0,0,0,1,bus_cif.y4m,3.35,3.336,0.02881,0.012585,0.0,126
1,1,0,0,1,0,0,0,0,0,0,0,1,1,0,1,1,1,1,0,1,1,0,0,1,0,0,0,0,1,0,1,1,0,1,0,0,0,bus_cif.y4m,1.16,1.164,0.005477,0.014021,0.0,280
1,1,0,0,0,0,0,1,0,0,0,0,1,0,1,1,1,1,1,1,0,1,0,1,0,0,0,0,0,1,0,1,1,0,0,0,1,0,bus_cif.y4m,0.82,0.828,0.013038,0.016654,0.0,172
1,1,0,0,0,0,0,0,0,0,1,0,1,0,1,1,0,1,1,1,0,1,0,0,0,1,0,0,0,1,0,1,0,0,0,0,0,0,bus_cif.y4m,4.35,4.352,0.039623,0.012982,0.0,292
1,1,0,0,0,0,0,0,0,0,1,0,1,1,0,1,1,1,1,0,1,1,0,0,0,0,0,1,0,1,1,0,0,0,0,0,0,0,bus_cif.y4m,10.03,10.03,0.03937,0.014458,0.0,105
1,1,0,0,0,1,0,0,0,0,0,0,1,0,1,1,1,1,1,0,1,1,0,0,0,0,0,0,1,1,1,0,1,0,1,0,0,0,bus_cif.y4m,7.87,7.902,0.07791,0.012631,0.0,76
1,1,0,0,0,1,0,0,0,0,0,0,1,0,1,1,0,0,1,1,0,1,1,0,0,0,0,0,0,1,1,0,1,0,0,0,0,1,bus_cif.y4m,73.53,73.502,0.267152,0.013688,0.0,221
1,1,0,0,0,0,0,0,0,0,1,0,1,1,0,1,1,0,1,1,0,1,0,0,0,0,1,0,0,1,0,1,1,0,0,0,0,1,bus_cif.y4m,20.1,20.112,0.021679,0.012097,0.0,167
1,1,0,0,0,0,0,0,0,0,1,0,1,0,1,1,0,1,1,0,1,1,1,0,0,0,0,0,0,1,1,0,1,0,0,0,0,1,bus_cif.y4m,127.56,127.424,0.611825,0.014675,0.0,35
1,1,0,0,1,0,0,0,0,0,0,0,1,1,0,1,0,0,1,1,0,1,0,1,0,0,0,0,0,1,0,1,1,0,1,0,0,0,bus_cif.y4m,2.49,2.48,0.023452,0.012175,0.0,235
1,1,0,0,0,0,0,0,0,1,0,0,1,1,0,1,1,1,1,0,1,1,0,0,1,0,0,0,0,1,0,1,1,0,0,0,0,1,bus_cif.y4m,5.98,5.984,0.023022,0.012842,0.0,333
1,1,0,0,0,0,1,0,0,0,0,0,1,0,1,1,1,1,1,1,0,1,0,1,0,0,0,0,0,1,1,0,0,0,0,0,0,0,bus_cif.y4m,73.67,73.756,0.204646,0.013714,0.0,44
1,1,0,0,1,0,0,0,0,0,0,0,1,0,1,1,0,1,1,1,0,1,0,1,0,0,0,0,0,1,0,1,1,1,0,0,0,0,bus_cif.y4m,137.8,137.872,0.169912,0.014044,0.0,256
1,1,0,0,0,0,0,1,0,0,0,0,1,0,1,1,1,0,1,0,1,1,0,1,0,0,0,0,0,1,0,1,1,0,0,0,0,1,bus_cif.y4m,298.32,298.634,1.697227,0.012292,0.0,192
1,1,0,0,0,0,1,0,0,0,0,0,1,1,0,1,1,1,1,1,0,1,1,0,0,0,0,0,0,1,1,0,1,0,0,0,0,1,bus_cif.y4m,9.56,9.584,0.070922,0.014115,0.0,41
1,1,0,0,0,0,0,0,0,0,1,0,1,0,1,1,0,1,1,1,0,1,0,0,0,0,0,1,0,1,0,1,1,0,0,0,1,0,bus_cif.y4m,82.4,81.936,1.205085,0.014699,0.0,273
1,1,0,0,0,0,0,0,0,0,1,0,1,1,0,1,0,1,1,0,1,1,0,0,0,0,0,1,0,1,0,1,0,0,0,0,0,0,bus_cif.y4m,51.03,51.11,0.239687,0.014824,0.0,101
1,1,0,0,0,0,0,0,0,0,1,0,1,0,1,1,1,1,1,0,1,1,0,0,0,0,1,0,0,1,1,0,1,0,1,0,0,0,bus_cif.y4m,44.55,44.524,0.13813,0.013818,0.0,242
1,1,0,0,0,0,0,0,0,0,1,0,1,1,0,1,0,1,1,0,1,1,0,0,0,0,0,1,0,1,1,0,0,0,0,0,0,0,bus_cif.y4m,3.72,3.73,0.036056,0.014524,0.0,103
1,1,1,0,0,0,0,0,0,0,0,0,1,1,0,1,1,0,1,1,0,1,0,1,0,0,0,0,0,1,0,1,0,0,0,0,0,0,bus_cif.y4m,79.26,79.176,0.199825,0.014093,0.0,1
1,1,0,0,0,0,0,1,0,0,0,0,1,1,0,1,0,0,1,0,1,1,0,0,0,0,0,1,0,1,0,1,1,0,0,0,0,1,bus_cif.y4m,3.38,3.358,0.040249,0.013051,0.0,56
1,1,0,0,1,0,0,0,0,0,0,0,1,0,1,1,0,0,1,0,1,1,0,0,0,0,0,0,1,1,0,1,0,0,0,0,0,0,bus_cif.y4m,9.79,9.78,0.031623,0.014458,0.0,373
1,1,0,0,0,0,0,0,1,0,0,0,1,1,0,1,1,1,1,0,1,1,0,1,0,0,0,0,0,1,0,1,1,0,1,0,0,0,bus_cif.y4m,123.03,122.976,1.348288,0.013625,0.0,318
1,1,0,0,0,1,0,0,0,0,0,0,1,1,0,1,0,0,1,1,0,1,0,0,0,0,1,0,0,1,1,0,0,0,0,0,0,0,bus_cif.y4m,123.49,123.644,0.43992,0.012945,0.0,69
1,1,0,1,0,0,0,0,0,0,0,0,1,0,1,1,0,0,1,1,0,1,0,0,0,0,0,1,0,1,1,0,1,1,0,0,0,0,bus_cif.y4m,2.83,2.824,0.026077,0.012807,0.0,11
1,1,0,0,1,0,0,0,0,0,0,0,1,0,1,1,0,0,1,1,0,1,0,1,0,0,0,0,0,1,0,1,1,0,0,1,0,0,bus_cif.y4m,2.75,2.758,0.031145,0.012552,0.0,258
1,1,0,0,0,0,0,0,0,0,1,0,1,0,1,1,0,0,1,1,0,1,0,1,0,0,0,0,0,1,1,0,1,0,1,0,0,0,bus_cif.y4m,166.47,166.484,0.083247,0.012368,0.0,238
1,1,0,0,0,0,0,1,0,0,0,0,1,0,1,1,1,0,1,1,0,1,1,0,0,0,0,0,0,1,0,1,1,0,0,0,1,0,bus_cif.y4m,195.77,195.706,0.559491,0.012867,0.0,173
1,1,0,0,0,0,0,1,0,0,0,0,1,0,1,1,0,1,1,0,1,1,0,1,0,0,0,0,0,1,0,1,1,1,0,0,0,0,bus_cif.y4m,194.79,194.888,0.779468,0.014128,0.0,190
1,1,0,1,0,0,0,0,0,0,0,0,1,0,1,1,1,0,1,1,0,1,0,0,0,0,0,1,0,1,0,1,1,1,0,0,0,0,bus_cif.y4m,50.39,50.404,0.272727,0.014057,0.0,7
1,1,0,0,0,1,0,0,0,0,0,0,1,0,1,1,1,1,1,0,1,1,0,0,0,0,0,0,1,1,1,0,0,0,0,0,0,0,bus_cif.y4m,1.35,1.354,0.011402,0.015012,0.0,323
1,1,0,0,0,1,0,0,0,0,0,0,1,0,1,1,0,0,1,0,1,1,0,0,0,0,0,0,1,1,1,0,1,0,0,0,1,0,bus_cif.y4m,146.34,146.492,0.893795,0.014012,0.0,73
1,1,0,0,0,0,0,0,0,0,1,0,1,0,1,1,1,0,1,0,1,1,0,1,0,0,0,0,0,1,0,1,0,0,0,0,0,0,bus_cif.y4m,136.35,136.134,0.493538,0.012619,0.0,209
1,1,0,1,0,0,0,0,0,0,0,0,1,1,0,1,1,0,1,0,1,1,1,0,0,0,0,0,0,1,1,0,0,0,0,0,0,0,bus_cif.y4m,2.78,2.784,0.026077,0.013519,0.0,138
1,1,0,0,0,1,0,0,0,0,0,0,1,1,0,1,1,1,1,1,0,1,0,0,0,0,0,1,0,1,0,1,0,0,0,0,0,0,bus_cif.y4m,54.03,54.01,0.189605,0.011931,0.0,264
1,1,0,0,0,0,0,0,0,1,0,0,1,0,1,1,0,1,1,0,1,1,0,0,0,0,0,1,0,1,0,1,1,0,0,0,1,0,bus_cif.y4m,131.29,131.022,0.465961,0.012945,0.0,98
1,1,0,0,0,0,0,0,0,0,1,0,1,1,0,1,0,0,1,0,1,1,0,0,0,0,0,1,0,1,1,0,1,0,0,1,0,0,bus_cif.y4m,2.49,2.484,0.02881,0.012658,0.0,380
1,1,0,0,1,0,0,0,0,0,0,0,1,1,0,1,1,1,1,1,0,1,0,1,0,0,0,0,0,1,1,0,1,0,1,0,0,0,bus_cif.y4m,142.26,142.582,0.982711,0.014679,0.0,85
1,1,0,0,0,0,0,0,0,0,1,0,1,0,1,1,0,0,1,0,1,1,1,0,0,0,0,0,0,1,0,1,1,0,0,0,1,0,bus_cif.y4m,72.52,72.562,0.196774,0.012712,0.0,31
1,1,0,1,0,0,0,0,0,0,0,0,1,0,1,1,1,0,1,1,0,1,0,0,0,0,0,1,0,1,1,0,1,1,0,0,0,0,bus_cif.y4m,2.32,2.322,0.033466,0.012754,0.0,8
1,1,0,0,1,0,0,0,0,0,0,0,1,1,0,1,1,1,1,1,0,1,1,0,0,0,0,0,0,1,0,1,1,1,0,0,0,0,bus_cif.y4m,4.05,4.05,0.012247,0.013282,0.0,216
1,1,0,0,1,0,0,0,0,0,0,0,1,1,0,1,1,1,1,0,1,1,0,0,0,1,0,0,0,1,0,1,1,1,0,0,0,0,bus_cif.y4m,1.0,1.002,0.004472,0.014322,0.0,214
1,1,0,0,0,0,0,0,1,0,0,0,1,1,0,1,0,0,1,1,0,1,0,0,0,0,0,1,0,1,1,0,0,0,0,0,0,0,bus_cif.y4m,4.97,4.984,0.036469,0.012513,0.0,341
1,1,0,0,1,0,0,0,0,0,0,0,1,1,0,1,0,0,1,1,0,1,0,1,0,0,0,0,0,1,1,0,1,0,1,0,0,0,bus_cif.y4m,2.71,2.718,0.025884,0.013671,0.0,236
1,1,0,0,0,0,0,0,0,0,1,0,1,0,1,1,0,0,1,0,1,1,0,0,0,0,1,0,0,1,1,0,1,0,1,0,0,0,bus_cif.y4m,6.25,6.254,0.040373,0.014657,0.0,240
1,1,0,0,0,0,0,1,0,0,0,0,1,0,1,1,0,0,1,0,1,1,0,0,0,1,0,0,0,1,0,1,1,0,0,0,1,0,bus_cif.y4m,3.95,3.94,0.033166,0.014524,0.0,51
1,1,1,0,0,0,0,0,0,0,0,0,1,0,1,1,1,1,1,0,1,1,0,0,0,0,0,0,1,1,1,0,1,0,1,0,0,0,bus_cif.y4m,3.9,3.898,0.021679,0.014585,0.0,77
1,1,0,0,0,0,0,0,0,0,1,0,1,0,1,1,1,0,1,1,0,1,0,0,0,0,0,1,0,1,0,1,1,0,0,0,0,1,bus_cif.y4m,4.06,4.066,0.018166,0.012522,0.0,128
1,1,0,0,1,0,0,0,0,0,0,0,1,1,0,1,0,0,1,1,0,1,0,1,0,0,0,0,0,1,0,1,0,0,0,0,0,0,bus_cif.y4m,73.95,73.94,0.107238,0.013748,0.0,234
1,1,0,0,0,0,0,0,1,0,0,0,1,0,1,1,1,0,1,0,1,1,0,0,0,0,0,1,0,1,0,1,1,0,0,0,1,0,bus_cif.y4m,308.04,308.016,0.070922,0.012292,0.0,28
1,1,0,0,1,0,0,0,0,0,0,0,1,1,0,1,1,0,1,0,1,1,1,0,0,0,0,0,0,1,1,0,0,0,0,0,0,0,bus_cif.y4m,47.84,47.792,0.154499,0.014057,0.0,139
1,1,0,0,0,0,0,0,0,0,1,0,1,0,1,1,1,0,1,1,0,1,0,0,0,0,1,0,0,1,1,0,1,0,1,0,0,0,bus_cif.y4m,0.87,0.876,0.019494,0.013589,0.0,152
1,1,0,1,0,0,0,0,0,0,0,0,1,0,1,1,0,0,1,1,0,1,0,0,0,0,0,1,0,1,1,0,1,0,0,0,1,0,bus_cif.y4m,98.67,98.204,1.154807,0.015943,0.0,12
1,1,0,0,0,0,1,0,0,0,0,0,1,0,1,1,0,1,1,1,0,1,0,0,0,0,0,1,0,1,1,0,0,0,0,0,0,0,bus_cif.y4m,0.86,0.864,0.008944,0.013589,0.0,369
1,1,0,0,0,0,0,0,0,0,0,1,1,1,0,1,1,0,1,0,1,1,0,0,0,0,0,1,0,1,0,1,1,0,0,0,0,1,bus_cif.y4m,20.4,20.404,0.011402,0.012097,0.0,58
1,1,0,0,0,0,0,0,1,0,0,0,1,1,0,1,1,0,1,1,0,1,1,0,0,0,0,0,0,1,1,0,0,0,0,0,0,0,bus_cif.y4m,17.24,17.182,0.10872,0.015041,0.0,64
1,1,0,0,0,0,0,0,1,0,0,0,1,1,0,1,1,0,1,1,0,1,0,0,1,0,0,0,0,1,1,0,1,1,0,0,0,0,bus_cif.y4m,14.84,14.852,0.026833,0.014421,0.0,21
1,1,0,0,0,1,0,0,0,0,0,0,1,0,1,1,1,1,1,0,1,1,0,0,1,0,0,0,0,1,1,0,1,0,0,0,0,1,bus_cif.y4m,70.31,70.296,0.458726,0.012648,0.0,225
1,1,0,0,0,0,1,0,0,0,0,0,1,0,1,1,1,0,1,1,0,1,0,0,0,0,0,1,0,1,1,0,1,0,0,0,1,0,bus_cif.y4m,125.56,125.336,0.95385,0.014042,0.0,366
1,1,0,0,0,0,0,1,0,0,0,0,1,0,1,1,1,1,1,0,1,1,0,0,1,0,0,0,0,1,0,1,1,0,0,0,0,1,city_cif.y4m,3.73,3.712,0.063403,0.006112,0.0,114
1,1,0,0,1,0,0,0,0,0,0,0,1,1,0,1,1,1,1,0,1,1,0,0,1,0,0,0,0,1,1,0,1,0,1,0,0,0,city_cif.y4m,2.81,2.818,0.031145,0.005759,0.0,281
1,1,0,0,0,1,0,0,0,0,0,0,1,0,1,1,1,0,1,1,0,1,0,0,0,0,0,0,1,1,1,0,1,0,0,1,0,0,city_cif.y4m,4.89,4.884,0.037815,0.005992,0.0,325
1,1,1,0,0,0,0,0,0,0,0,0,1,1,0,1,1,0,1,1,0,1,0,0,0,0,1,0,0,1,1,0,1,1,0,0,0,0,city_cif.y4m,4.32,4.346,0.060249,0.005595,0.0,181
1,1,0,0,0,0,0,0,1,0,0,0,1,1,0,1,1,0,1,0,1,1,0,0,1,0,0,0,0,1,1,0,1,0,0,0,0,1,city_cif.y4m,110.0,110.118,0.612552,0.00625,0.0,247
1,1,0,0,0,0,0,0,0,0,1,0,1,1,0,1,1,0,1,1,0,1,0,0,0,0,1,0,0,1,1,0,1,0,0,0,0,1,city_cif.y4m,126.0,125.956,0.286932,0.005785,0.0,166
1,1,0,0,0,0,0,0,1,0,0,0,1,1,0,1,1,0,1,0,1,1,0,0,1,0,0,0,0,1,1,0,1,0,0,0,1,0,city_cif.y4m,4.54,4.542,0.026833,0.005181,0.0,25
1,1,0,0,0,0,0,1,0,0,0,0,1,0,1,1,0,0,1,1,0,1,0,1,0,0,0,0,0,1,0,1,0,0,0,0,0,0,city_cif.y4m,8.6,8.57,0.07746,0.006813,0.0,355
1,1,0,0,1,0,0,0,0,0,0,0,1,1,0,1,0,0,1,1,0,1,1,0,0,0,0,0,0,1,1,0,1,0,0,0,0,1,city_cif.y4m,1.26,1.262,0.013038,0.004724,0.0,219
1,1,0,0,0,1,0,0,0,0,0,0,1,1,0,1,1,0,1,1,0,1,0,0,0,0,1,0,0,1,1,0,1,1,0,0,0,0,city_cif.y4m,8.51,8.584,0.22289,0.006813,0.0,182
1,1,0,1,0,0,0,0,0,0,0,0,1,0,1,1,0,1,1,1,0,1,0,0,0,0,0,1,0,1,1,0,1,1,0,0,0,0,city_cif.y4m,3.21,3.218,0.048683,0.00571,0.0,10
1,1,0,0,1,0,0,0,0,0,0,0,1,1,0,1,1,0,1,0,1,1,0,0,1,0,0,0,0,1,0,1,1,0,0,0,0,1,city_cif.y4m,64.87,64.852,0.092033,0.005338,0.0,116
1,1,0,0,0,1,0,0,0,0,0,0,1,1,0,1,1,1,1,0,1,1,0,0,0,0,0,1,0,1,0,1,1,1,0,0,0,0,city_cif.y4m,5.67,5.674,0.032094,0.006012,0.0,266
1,1,0,0,0,0,0,0,1,0,0,0,1,1,0,1,0,0,1,0,1,1,0,0,1,0,0,0,0,1,1,0,1,0,0,1,0,0,city_cif.y4m,25.42,25.396,0.066558,0.008279,0.0,313
1,1,0,0,0,0,0,1,0,0,0,0,1,0,1,1,0,0,1,1,0,1,0,0,0,0,0,0,1,1,0,1,0,0,0,0,0,0,city_cif.y4m,6.69,6.69,0.03937,0.008252,0.0,357
1,1,0,0,0,1,0,0,0,0,0,0,1,0,1,1,0,1,1,0,1,1,1,0,0,0,0,0,0,1,1,0,1,1,0,0,0,0,city_cif.y4m,2.46,2.422,0.090664,0.008313,0.0,187
1,1,0,0,0,0,0,0,1,0,0,0,1,1,0,1,1,1,1,0,1,1,0,0,1,0,0,0,0,1,1,0,1,1,0,0,0,0,city_cif.y4m,257.52,257.384,0.775261,0.005723,0.0,23
1,1,0,0,1,0,0,0,0,0,0,0,1,1,0,1,1,0,1,1,0,1,0,1,0,0,0,0,0,1,0,1,0,0,0,0,0,0,city_cif.y4m,34.6,34.632,0.145671,0.00599,0.0,2
1,1,0,0,0,0,0,0,0,0,0,1,1,1,0,1,1,0,1,0,1,1,0,0,0,0,0,1,0,1,1,0,1,1,0,0,0,0,city_cif.y4m,180.87,180.802,0.24077,0.006609,0.0,301
1,1,0,0,0,0,0,1,0,0,0,0,1,0,1,1,0,1,1,1,0,1,0,1,0,0,0,0,0,1,0,1,0,0,0,0,0,0,city_cif.y4m,134.65,133.782,1.698623,0.007744,0.0,356
1,1,0,0,0,0,0,0,0,0,1,0,1,1,0,1,0,1,1,0,1,1,0,0,0,0,0,1,0,1,0,1,1,1,0,0,0,0,city_cif.y4m,8.31,8.31,0.021213,0.00674,0.0,269
1,1,0,0,0,0,0,0,0,0,1,0,1,0,1,1,0,1,1,1,0,1,0,0,1,0,0,0,0,1,0,1,1,0,0,0,1,0,city_cif.y4m,4.67,4.702,0.084971,0.008297,0.0,274
1,1,0,0,0,0,0,0,0,0,1,0,1,0,1,1,0,1,1,1,0,1,0,0,0,1,0,0,0,1,1,0,1,1,0,0,0,0,city_cif.y4m,6.07,6.072,0.043818,0.007431,0.0,307
1,1,0,0,1,0,0,0,0,0,0,0,1,0,1,1,0,1,1,1,0,1,0,0,1,0,0,0,0,1,0,1,1,1,0,0,0,0,city_cif.y4m,20.87,20.662,0.516353,0.005531,0.0,254
1,1,0,0,0,0,0,0,0,0,1,0,1,0,1,1,0,1,1,0,1,1,0,1,0,0,0,0,0,1,0,1,0,0,0,0,0,0,city_cif.y4m,1.45,1.422,0.0502,0.004903,0.0,208
1,1,0,0,1,0,0,0,0,0,0,0,1,1,0,1,1,1,1,1,0,1,0,0,1,0,0,0,0,1,0,1,1,0,1,0,0,0,city_cif.y4m,1.62,1.626,0.015166,0.008744,0.0,279
1,1,0,0,0,0,0,1,0,0,0,0,1,1,0,1,1,1,1,1,0,1,0,1,0,0,0,0,0,1,0,1,1,0,0,0,1,0,city_cif.y4m,5.47,5.456,0.043932,0.006769,0.0,171
1,1,0,0,0,0,0,0,0,1,0,0,1,1,0,1,0,1,1,0,1,1,0,0,0,0,0,1,0,1,0,1,1,0,0,0,1,0,city_cif.y4m,26.92,26.934,0.085029,0.008279,0.0,99
1,1,1,0,0,0,0,0,0,0,0,0,1,0,1,1,1,1,1,1,0,1,0,1,0,0,0,0,0,1,1,0,1,0,1,0,0,0,city_cif.y4m,5.93,5.928,0.088713,0.006692,0.0,81
1,1,0,0,0,0,0,0,0,0,1,0,1,0,1,1,1,1,1,0,1,1,0,0,1,0,0,0,0,1,1,0,1,0,1,0,0,0,city_cif.y4m,2.41,2.364,0.108536,0.005413,0.0,155
1,1,0,0,0,1,0,0,0,0,0,0,1,1,0,1,0,1,1,1,0,1,1,0,0,0,0,0,0,1,1,0,1,1,0,0,0,0,city_cif.y4m,4.71,4.69,0.057009,0.007431,0.0,185
1,1,0,0,1,0,0,0,0,0,0,0,1,1,0,1,0,0,1,0,1,1,0,0,0,0,0,1,0,1,0,1,0,0,0,0,0,0,city_cif.y4m,2.72,2.724,0.016733,0.005334,0.0,376
1,1,0,0,0,0,0,0,1,0,0,0,1,1,0,1,0,1,1,0,1,1,0,1,0,0,0,0,0,1,1,0,0,0,0,0,0,0,city_cif.y4m,0.97,0.984,0.042778,0.00476,0.0,204
1,1,0,0,0,0,0,0,1,0,0,0,1,1,0,1,1,0,1,0,1,1,0,0,0,0,1,0,0,1,1,0,1,0,0,0,0,1,city_cif.y4m,115.61,115.504,0.268291,0.005714,0.0,246
1,1,0,0,0,0,0,1,0,0,0,0,1,1,0,1,1,1,1,0,1,1,0,0,1,0,0,0,0,1,0,1,0,0,0,0,0,0,city_cif.y4m,80.68,80.742,0.464672,0.0064,0.0,230
1,1,0,0,0,0,0,0,1,0,0,0,1,0,1,1,1,0,1,0,1,1,0,0,0,0,0,1,0,1,1,0,1,0,0,0,1,0,city_cif.y4m,86.77,86.73,0.264858,0.009683,0.0,27
1,1,0,1,0,0,0,0,0,0,0,0,1,1,0,1,1,1,1,0,1,1,1,0,0,0,0,0,0,1,1,0,0,0,0,0,0,0,city_cif.y4m,3.81,3.812,0.043243,0.005789,0.0,137
1,1,0,0,0,0,0,0,0,0,1,0,1,1,0,1,1,1,1,1,0,1,0,0,0,0,1,0,0,1,0,1,1,0,0,0,1,0,city_cif.y4m,4.69,4.714,0.04827,0.007889,0.0,169
1,1,0,0,0,0,0,0,0,0,1,0,1,0,1,1,0,1,1,0,1,1,1,0,0,0,0,0,0,1,0,1,1,0,0,0,0,1,city_cif.y4m,148.21,148.374,0.514325,0.006323,0.0,33
1,1,0,0,0,0,0,0,1,0,0,0,1,0,1,1,0,1,1,0,1,1,0,1,0,0,0,0,0,1,1,0,0,0,0,0,0,0,city_cif.y4m,23.48,23.47,0.142127,0.009193,0.0,205
1,1,0,0,0,0,0,0,0,0,1,0,1,1,0,1,1,0,1,0,1,1,0,0,0,0,1,0,0,1,1,0,1,0,0,0,0,1,city_cif.y4m,4.33,4.338,0.042661,0.006321,0.0,245
1,1,1,0,0,0,0,0,0,0,0,0,1,1,0,1,0,0,1,1,0,1,0,0,1,0,0,0,0,1,1,0,1,0,0,0,0,1,city_cif.y4m,4.29,4.312,0.046043,0.005092,0.0,163
1,1,0,0,1,0,0,0,0,0,0,0,1,1,0,1,1,0,1,1,0,1,1,0,0,0,0,0,0,1,0,1,1,1,0,0,0,0,city_cif.y4m,2.73,2.732,0.016432,0.005335,0.0,4
1,1,0,0,1,0,0,0,0,0,0,0,1,1,0,1,0,0,1,0,1,1,1,0,0,0,0,0,0,1,1,0,1,0,0,0,1,0,city_cif.y4m,2.13,2.13,0.049497,0.008744,0.0,141
1,1,1,0,0,0,0,0,0,0,0,0,1,1,0,1,1,1,1,0,1,1,0,0,1,0,0,0,0,1,1,0,1,1,0,0,0,0,city_cif.y4m,179.84,179.758,0.240666,0.005873,0.0,159
1,1,0,0,0,0,0,0,1,0,0,0,1,1,0,1,0,1,1,0,1,1,0,0,1,0,0,0,0,1,0,1,1,0,0,0,0,1,city_cif.y4m,9.12,9.126,0.070922,0.007994,0.0,336
1,1,0,0,0,1,0,0,0,0,0,0,1,1,0,1,0,0,1,0,1,1,0,0,0,0,0,0,1,1,1,0,1,0,0,0,1,0,city_cif.y4m,33.47,33.464,0.186762,0.00656,0.0,72
1,1,0,0,0,0,0,0,1,0,0,0,1,1,0,1,1,0,1,1,0,1,0,0,1,0,0,0,0,1,1,0,1,0,0,0,0,1,city_cif.y4m,3.34,3.346,0.033615,0.006429,0.0,248
1,1,0,1,0,0,0,0,0,0,0,0,1,0,1,1,1,1,1,1,0,1,0,0,0,0,0,1,0,1,0,1,1,0,0,0,0,1,city_cif.y4m,110.29,111.298,2.017801,0.005604,0.0,130
1,1,0,0,0,1,0,0,0,0,0,0,1,0,1,1,1,1,1,1,0,1,0,0,0,0,0,0,1,1,1,0,0,0,0,0,0,0,city_cif.y4m,139.99,139.94,0.160624,0.00611,0.0,324
1,1,1,0,0,0,0,0,0,0,0,0,1,0,1,1,0,1,1,1,0,1,0,1,0,0,0,0,0,1,0,1,0,0,0,0,0,0,city_cif.y4m,130.23,129.962,1.436826,0.009691,0.0,354
1,1,0,0,0,0,0,0,0,0,1,0,1,0,1,1,0,0,1,1,0,1,0,0,0,1,0,0,0,1,0,1,0,0,0,0,0,0,city_cif.y4m,94.05,94.98,1.648226,0.00523,0.0,291
1,1,0,0,0,0,0,0,0,0,1,0,1,1,0,1,0,0,1,1,0,1,0,1,0,0,0,0,0,1,1,0,1,0,1,0,0,0,city_cif.y4m,2.06,2.116,0.138672,0.004574,0.0,237
1,1,0,0,0,1,0,0,0,0,0,0,1,1,0,1,1,0,1,1,0,1,1,0,0,0,0,0,0,1,1,0,1,1,0,0,0,0,city_cif.y4m,2.35,2.354,0.011402,0.00582,0.0,183
1,1,0,0,0,1,0,0,0,0,0,0,1,0,1,1,1,1,1,0,1,1,0,0,1,0,0,0,0,1,0,1,0,0,0,0,0,0,city_cif.y4m,2.06,2.05,0.028284,0.004955,0.0,227
1,1,0,0,0,0,0,0,1,0,0,0,1,1,0,1,0,1,1,0,1,1,0,0,0,0,0,1,0,1,0,1,0,0,0,0,0,0,city_cif.y4m,4.92,4.902,0.057619,0.006146,0.0,338
1,1,0,0,1,0,0,0,0,0,0,0,1,0,1,1,0,0,1,0,1,1,1,0,0,0,0,0,0,1,1,0,1,0,0,0,1,0,city_cif.y4m,16.37,16.352,0.09576,0.006708,0.0,142
1,1,0,0,1,0,0,0,0,0,0,0,1,1,0,1,1,1,1,0,1,1,0,0,1,0,0,0,0,1,1,0,1,0,0,0,0,1,city_cif.y4m,13.26,13.232,0.043243,0.006732,0.0,332
1,1,0,0,0,0,0,0,0,1,0,0,1,0,1,1,0,0,1,1,0,1,0,0,0,0,1,0,0,1,0,1,1,0,0,0,1,0,city_cif.y4m,168.22,168.174,0.161028,0.00537,0.0,95
1,1,0,0,1,0,0,0,0,0,0,0,1,0,1,1,0,0,1,0,1,1,0,0,0,1,0,0,0,1,0,1,0,0,0,0,0,0,city_cif.y4m,9.37,9.374,0.045056,0.00674,0.0,289
1,1,0,0,1,0,0,0,0,0,0,0,1,1,0,1,0,0,1,0,1,1,0,0,0,0,0,1,0,1,0,1,1,0,0,1,0,0,city_cif.y4m,1.76,1.776,0.041593,0.004574,0.0,378
1,1,0,0,1,0,0,0,0,0,0,0,1,1,0,1,1,1,1,1,0,1,0,0,1,0,0,0,0,1,0,1,1,0,0,0,1,0,city_cif.y4m,36.4,36.398,0.235096,0.006639,0.0,278
1,1,0,0,0,0,0,0,0,0,1,0,1,0,1,1,1,0,1,0,1,1,1,0,0,0,0,0,0,1,0,1,1,0,0,0,1,0,city_cif.y4m,5.95,5.97,0.092736,0.00679,0.0,30
1,1,0,0,1,0,0,0,0,0,0,0,1,1,0,1,0,0,1,0,1,1,0,1,0,0,0,0,0,1,0,1,1,0,0,0,0,1,city_cif.y4m,1.47,1.466,0.043359,0.005139,0.0,120
1,1,0,0,0,1,0,0,0,0,0,0,1,1,0,1,1,1,1,0,1,1,0,0,0,0,0,1,0,1,0,1,0,0,0,0,0,0,city_cif.y4m,2.03,2.032,0.013038,0.005391,0.0,265
1,1,0,0,0,0,0,0,0,0,1,0,1,1,0,1,1,0,1,1,0,1,0,0,0,0,0,1,0,1,0,1,0,0,0,0,0,0,city_cif.y4m,4.29,4.274,0.037815,0.005191,0.0,296
1,1,0,0,0,0,0,1,0,0,0,0,1,1,0,1,1,1,1,1,0,1,0,1,0,0,0,0,0,1,0,1,0,0,0,0,0,0,city_cif.y4m,8.35,8.346,0.068044,0.006034,0.0,232
1,1,0,0,0,0,0,0,0,0,1,0,1,0,1,1,0,0,1,1,0,1,0,0,1,0,0,0,0,1,1,0,1,0,0,1,0,0,city_cif.y4m,7.28,7.256,0.061887,0.007333,0.0,310
1,1,0,0,0,0,0,1,0,0,0,0,1,0,1,1,1,1,1,0,1,1,0,0,0,0,0,1,0,1,0,1,1,0,0,1,0,0,city_cif.y4m,111.32,111.278,0.113004,0.006015,0.0,349
1,1,0,0,1,0,0,0,0,0,0,0,1,1,0,1,0,1,1,0,1,1,0,0,0,0,0,1,0,1,0,1,0,0,0,0,0,0,city_cif.y4m,4.06,4.062,0.052631,0.006817,0.0,377
1,1,0,0,0,0,0,0,0,1,0,0,1,0,1,1,1,1,1,1,0,1,0,0,0,0,1,0,0,1,0,1,1,0,0,0,1,0,city_cif.y4m,170.54,170.568,0.306545,0.006508,0.0,94
1,1,1,0,0,0,0,0,0,0,0,0,1,1,0,1,1,0,1,0,1,1,1,0,0,0,0,0,0,1,0,1,1,1,0,0,0,0,city_cif.y4m,5.96,5.94,0.05831,0.007431,0.0,178
1,1,0,0,0,0,0,0,0,0,1,0,1,0,1,1,0,0,1,1,0,1,0,0,0,0,0,1,0,1,0,1,1,0,0,0,0,1,city_cif.y4m,6.07,6.064,0.019494,0.00673,0.0,127
1,1,0,0,0,0,0,1,0,0,0,0,1,0,1,1,1,0,1,0,1,1,0,0,0,1,0,0,0,1,0,1,1,0,0,0,1,0,city_cif.y4m,1.68,1.68,0.035355,0.004523,0.0,111
1,1,1,0,0,0,0,0,0,0,0,0,1,0,1,1,0,1,1,1,0,1,0,1,0,0,0,0,0,1,0,1,1,0,0,1,0,0,city_cif.y4m,3.89,3.88,0.053852,0.005624,0.0,353
1,1,0,0,0,0,1,0,0,0,0,0,1,0,1,1,1,1,1,1,0,1,0,1,0,0,0,0,0,1,1,0,1,0,0,0,1,0,city_cif.y4m,4.21,4.198,0.050695,0.00571,0.0,45
1,1,0,0,0,1,0,0,0,0,0,0,1,0,1,1,1,1,1,0,1,1,0,0,1,0,0,0,0,1,1,0,0,0,0,0,0,0,city_cif.y4m,1.32,1.364,0.074364,0.005006,0.0,226
1,1,0,0,0,0,0,0,0,0,0,1,1,1,0,1,1,0,1,0,1,1,0,0,0,0,0,1,0,1,1,0,1,0,0,0,0,1,city_cif.y4m,5.24,5.244,0.032094,0.005596,0.0,59
1,1,0,0,0,0,0,0,1,0,0,0,1,1,0,1,1,1,1,1,0,1,1,0,0,0,0,0,0,1,0,1,1,1,0,0,0,0,city_cif.y4m,37.31,37.326,0.124218,0.00599,0.0,19
1,1,0,0,0,0,0,0,0,0,0,1,1,1,0,1,0,1,1,0,1,1,0,0,0,1,0,0,0,1,1,0,1,1,0,0,0,0,city_cif.y4m,21.34,21.308,0.075961,0.006664,0.0,304
1,1,0,0,0,0,0,0,1,0,0,0,1,0,1,1,0,1,1,0,1,1,0,1,0,0,0,0,0,1,0,1,0,0,0,0,0,0,city_cif.y4m,3.32,3.328,0.025884,0.006429,0.0,207
1,1,0,0,0,0,1,0,0,0,0,0,1,1,0,1,1,1,1,1,0,1,0,1,0,0,0,0,0,1,1,0,0,0,0,0,0,0,city_cif.y4m,193.27,193.136,0.632361,0.005627,0.0,43
1,1,0,0,0,0,1,0,0,0,0,0,1,1,0,1,1,0,1,1,0,1,1,0,0,0,0,0,0,1,1,0,1,0,0,0,0,1,city_cif.y4m,2.15,2.184,0.083546,0.00489,0.0,40
1,1,0,0,0,1,0,0,0,0,0,0,1,0,1,1,0,1,1,1,0,1,1,0,0,0,0,0,0,1,1,0,1,1,0,0,0,0,city_cif.y4m,136.55,136.666,0.248656,0.006208,0.0,186
1,1,0,0,1,0,0,0,0,0,0,0,1,0,1,1,0,0,1,0,1,1,0,0,0,1,0,0,0,1,0,1,1,0,0,0,0,1,city_cif.y4m,2.77,2.778,0.060992,0.005213,0.0,288
1,1,1,0,0,0,0,0,0,0,0,0,1,1,0,1,1,0,1,1,0,1,0,1,0,0,0,0,0,1,1,0,1,0,1,0,0,0,city_cif.y4m,4.21,4.21,0.070356,0.005595,0.0,82
1,1,0,0,0,0,0,0,0,0,1,0,1,0,1,1,1,1,1,0,1,1,0,0,0,1,0,0,0,1,0,1,0,0,0,0,0,0,city_cif.y4m,3.45,3.436,0.060663,0.006086,0.0,211
1,1,0,0,1,0,0,0,0,0,0,0,1,0,1,1,1,1,1,0,1,1,0,0,0,0,0,1,0,1,1,0,1,0,0,1,0,0,city_cif.y4m,109.41,108.842,1.423612,0.005714,0.0,347
1,1,0,1,0,0,0,0,0,0,0,0,1,0,1,1,0,0,1,1,0,1,1,0,0,0,0,0,0,1,1,0,1,0,0,0,1,0,city_cif.y4m,8.27,8.272,0.060166,0.005457,0.0,13
1,1,0,0,0,0,0,1,0,0,0,0,1,0,1,1,1,1,1,0,1,1,0,0,1,0,0,0,0,1,0,1,0,0,0,0,0,0,city_cif.y4m,331.88,332.084,0.601939,0.005332,0.0,228
1,1,0,0,0,0,0,0,0,1,0,0,1,1,0,1,0,1,1,0,1,1,0,0,1,0,0,0,0,1,0,1,1,0,0,0,0,1,city_cif.y4m,5.44,5.41,0.069642,0.006769,0.0,335
1,1,0,0,0,0,0,0,1,0,0,0,1,1,0,1,1,0,1,0,1,1,0,0,1,0,0,0,0,1,1,0,1,1,0,0,0,0,city_cif.y4m,16.42,16.556,0.239854,0.006222,0.0,24
1,1,1,0,0,0,0,0,0,0,0,0,1,0,1,1,0,1,1,0,1,1,0,1,0,0,0,0,0,1,0,1,1,0,0,1,0,0,city_cif.y4m,277.82,277.82,0.181246,0.00956,0.0,352
1,1,0,0,0,0,1,0,0,0,0,0,1,0,1,1,0,0,1,1,0,1,0,0,0,0,0,1,0,1,1,0,0,0,0,0,0,0,city_cif.y4m,3.61,3.608,0.066858,0.006104,0.0,368
1,1,1,0,0,0,0,0,0,0,0,0,1,0,1,1,1,1,1,1,0,1,0,1,0,0,0,0,0,1,1,0,0,0,0,0,0,0,city_cif.y4m,1.53,1.584,0.103586,0.005063,0.0,80
1,1,0,0,1,0,0,0,0,0,0,0,1,1,0,1,0,0,1,0,1,1,0,1,0,0,0,0,0,1,0,1,0,0,0,0,0,0,city_cif.y4m,21.56,21.436,0.318324,0.006084,0.0,121
1,1,0,0,0,0,0,0,0,0,1,0,1,0,1,1,1,1,1,0,1,1,0,0,1,0,0,0,0,1,1,0,1,1,0,0,0,0,city_cif.y4m,3.23,3.232,0.008367,0.005789,0.0,156
1,1,0,1,0,0,0,0,0,0,0,0,1,0,1,1,1,1,1,1,0,1,0,0,0,0,0,1,0,1,1,0,1,1,0,0,0,0,city_cif.y4m,0.86,0.856,0.011402,0.004498,0.0,9
1,1,0,0,0,0,0,0,0,0,1,0,1,1,0,1,0,0,1,1,0,1,0,0,0,0,1,0,0,1,1,0,1,0,0,0,0,1,city_cif.y4m,4.06,4.066,0.013416,0.006321,0.0,165
1,1,0,0,0,0,0,0,0,0,1,0,1,0,1,1,0,0,1,1,0,1,0,1,0,0,0,0,0,1,0,1,1,0,0,0,0,1,city_cif.y4m,4.19,4.204,0.02881,0.006037,0.0,126
1,1,0,0,1,0,0,0,0,0,0,0,1,1,0,1,1,1,1,0,1,1,0,0,1,0,0,0,0,1,0,1,1,0,1,0,0,0,city_cif.y4m,1.61,1.654,0.089889,0.005063,0.0,280
1,1,0,0,0,0,0,1,0,0,0,0,1,0,1,1,1,1,1,1,0,1,0,1,0,0,0,0,0,1,0,1,1,0,0,0,1,0,city_cif.y4m,1.36,1.41,0.091104,0.009888,0.0,172
1,1,0,0,0,0,0,0,0,0,1,0,1,0,1,1,0,1,1,1,0,1,0,0,0,1,0,0,0,1,0,1,0,0,0,0,0,0,city_cif.y4m,6.95,6.942,0.069785,0.007426,0.0,292
1,1,0,0,0,0,0,0,0,0,1,0,1,1,0,1,1,1,1,0,1,1,0,0,0,0,0,1,0,1,1,0,0,0,0,0,0,0,city_cif.y4m,12.24,12.258,0.049193,0.005553,0.0,105
1,1,0,0,0,1,0,0,0,0,0,0,1,0,1,1,1,1,1,0,1,1,0,0,0,0,0,0,1,1,1,0,1,0,1,0,0,0,city_cif.y4m,12.4,12.422,0.114761,0.006704,0.0,76
1,1,0,0,0,1,0,0,0,0,0,0,1,0,1,1,0,0,1,1,0,1,1,0,0,0,0,0,0,1,1,0,1,0,0,0,0,1,city_cif.y4m,111.3,111.286,0.204768,0.005236,0.0,221
1,1,0,0,0,0,0,0,0,0,1,0,1,1,0,1,1,0,1,1,0,1,0,0,0,0,1,0,0,1,0,1,1,0,0,0,0,1,city_cif.y4m,27.42,27.424,0.027019,0.006194,0.0,167
1,1,0,0,0,0,0,0,0,0,1,0,1,0,1,1,0,1,1,0,1,1,1,0,0,0,0,0,0,1,1,0,1,0,0,0,0,1,city_cif.y4m,242.36,242.312,0.271606,0.00677,0.0,35
1,1,0,0,1,0,0,0,0,0,0,0,1,1,0,1,0,0,1,1,0,1,0,1,0,0,0,0,0,1,0,1,1,0,1,0,0,0,city_cif.y4m,2.72,2.724,0.016733,0.005849,0.0,235
1,1,0,0,0,0,0,0,0,1,0,0,1,1,0,1,1,1,1,0,1,1,0,0,1,0,0,0,0,1,0,1,1,0,0,0,0,1,city_cif.y4m,9.07,9.074,0.032094,0.006711,0.0,333
1,1,0,0,0,0,1,0,0,0,0,0,1,0,1,1,1,1,1,1,0,1,0,1,0,0,0,0,0,1,1,0,0,0,0,0,0,0,city_cif.y4m,107.72,107.66,0.12,0.00525,0.0,44
1,1,0,0,1,0,0,0,0,0,0,0,1,0,1,1,0,1,1,1,0,1,0,1,0,0,0,0,0,1,0,1,1,1,0,0,0,0,city_cif.y4m,198.38,198.488,0.358985,0.006415,0.0,256
1,1,0,0,0,0,0,1,0,0,0,0,1,0,1,1,1,0,1,0,1,1,0,1,0,0,0,0,0,1,0,1,1,0,0,0,0,1,city_cif.y4m,428.43,429.06,1.036074,0.006469,0.0,192
1,1,0,0,0,0,1,0,0,0,0,0,1,1,0,1,1,1,1,1,0,1,1,0,0,0,0,0,0,1,1,0,1,0,0,0,0,1,city_cif.y4m,12.07,12.004,0.301214,0.006782,0.0,41
1,1,0,0,0,0,0,0,0,0,1,0,1,0,1,1,0,1,1,1,0,1,0,0,0,0,0,1,0,1,0,1,1,0,0,0,1,0,city_cif.y4m,140.49,140.064,1.165345,0.007739,0.0,273
1,1,0,0,0,0,0,0,0,0,1,0,1,1,0,1,0,1,1,0,1,1,0,0,0,0,0,1,0,1,0,1,0,0,0,0,0,0,city_cif.y4m,78.57,78.574,0.119499,0.007703,0.0,101
1,1,0,0,0,0,0,0,0,0,1,0,1,0,1,1,1,1,1,0,1,1,0,0,0,0,1,0,0,1,1,0,1,0,1,0,0,0,city_cif.y4m,64.03,64.014,0.203666,0.005338,0.0,242
1,1,0,0,0,0,0,0,0,0,1,0,1,1,0,1,0,1,1,0,1,1,0,0,0,0,0,1,0,1,1,0,0,0,0,0,0,0,city_cif.y4m,5.17,5.148,0.063008,0.008297,0.0,103
1,1,1,0,0,0,0,0,0,0,0,0,1,1,0,1,1,0,1,1,0,1,0,1,0,0,0,0,0,1,0,1,0,0,0,0,0,0,city_cif.y4m,124.17,124.004,0.587605,0.006515,0.0,1
1,1,0,0,0,0,0,1,0,0,0,0,1,1,0,1,0,0,1,0,1,1,0,0,0,0,0,1,0,1,0,1,1,0,0,0,0,1,city_cif.y4m,3.88,3.854,0.060663,0.005624,0.0,56
1,1,0,0,1,0,0,0,0,0,0,0,1,0,1,1,0,0,1,0,1,1,0,0,0,0,0,0,1,1,0,1,0,0,0,0,0,0,city_cif.y4m,12.4,12.396,0.072319,0.005553,0.0,373
1,1,0,0,0,0,0,0,1,0,0,0,1,1,0,1,1,1,1,0,1,1,0,1,0,0,0,0,0,1,0,1,1,0,1,0,0,0,city_cif.y4m,171.88,171.564,0.988651,0.005168,0.0,318
1,1,0,0,0,1,0,0,0,0,0,0,1,1,0,1,0,0,1,1,0,1,0,0,0,0,1,0,0,1,1,0,0,0,0,0,0,0,city_cif.y4m,221.22,221.062,0.329424,0.005952,0.0,69
1,1,0,1,0,0,0,0,0,0,0,0,1,0,1,1,0,0,1,1,0,1,0,0,0,0,0,1,0,1,1,0,1,1,0,0,0,0,city_cif.y4m,3.9,3.908,0.039623,0.006828,0.0,11
1,1,0,0,1,0,0,0,0,0,0,0,1,0,1,1,0,0,1,1,0,1,0,1,0,0,0,0,0,1,0,1,1,0,0,1,0,0,city_cif.y4m,2.92,2.93,0.038079,0.005865,0.0,258
1,1,0,0,0,0,0,0,0,0,1,0,1,0,1,1,0,0,1,1,0,1,0,1,0,0,0,0,0,1,1,0,1,0,1,0,0,0,city_cif.y4m,259.16,259.078,0.564376,0.006572,0.0,238
1,1,0,0,0,0,0,1,0,0,0,0,1,0,1,1,1,0,1,1,0,1,1,0,0,0,0,0,0,1,0,1,1,0,0,0,1,0,city_cif.y4m,298.48,297.734,2.041686,0.005861,0.0,173
1,1,0,0,0,0,0,1,0,0,0,0,1,0,1,1,0,1,1,0,1,1,0,1,0,0,0,0,0,1,0,1,1,1,0,0,0,0,city_cif.y4m,258.83,258.926,1.191566,0.006414,0.0,190
1,1,0,1,0,0,0,0,0,0,0,0,1,0,1,1,1,0,1,1,0,1,0,0,0,0,0,1,0,1,0,1,1,1,0,0,0,0,city_cif.y4m,71.39,71.4,0.229565,0.006327,0.0,7
1,1,0,0,0,1,0,0,0,0,0,0,1,0,1,1,1,1,1,0,1,1,0,0,0,0,0,0,1,1,1,0,0,0,0,0,0,0,city_cif.y4m,1.7,1.712,0.031145,0.004903,0.0,323
1,1,0,0,0,1,0,0,0,0,0,0,1,0,1,1,0,0,1,0,1,1,0,0,0,0,0,0,1,1,1,0,1,0,0,0,1,0,city_cif.y4m,204.86,204.616,0.813775,0.006326,0.0,73
1,1,0,0,0,0,0,0,0,0,1,0,1,0,1,1,1,0,1,0,1,1,0,1,0,0,0,0,0,1,0,1,0,0,0,0,0,0,city_cif.y4m,186.7,185.512,3.758001,0.005627,0.0,209
1,1,0,1,0,0,0,0,0,0,0,0,1,1,0,1,1,0,1,0,1,1,1,0,0,0,0,0,0,1,1,0,0,0,0,0,0,0,city_cif.y4m,2.85,2.844,0.024083,0.006408,0.0,138
1,1,0,0,0,1,0,0,0,0,0,0,1,1,0,1,1,1,1,1,0,1,0,0,0,0,0,1,0,1,0,1,0,0,0,0,0,0,city_cif.y4m,74.99,74.892,0.277164,0.006138,0.0,264
1,1,0,0,0,0,0,0,0,1,0,0,1,0,1,1,0,1,1,0,1,1,0,0,0,0,0,1,0,1,0,1,1,0,0,0,1,0,city_cif.y4m,249.49,249.372,0.324299,0.005952,0.0,98
1,1,0,0,0,0,0,0,0,0,1,0,1,1,0,1,0,0,1,0,1,1,0,0,0,0,0,1,0,1,1,0,1,0,0,1,0,0,city_cif.y4m,3.29,3.274,0.031305,0.006135,0.0,380
1,1,0,0,1,0,0,0,0,0,0,0,1,1,0,1,1,1,1,1,0,1,0,1,0,0,0,0,0,1,1,0,1,0,1,0,0,0,city_cif.y4m,198.55,198.656,1.26243,0.007809,0.0,85
1,1,0,0,0,0,0,0,0,0,1,0,1,0,1,1,0,0,1,0,1,1,1,0,0,0,0,0,0,1,0,1,1,0,0,0,1,0,city_cif.y4m,111.12,110.906,0.551888,0.005738,0.0,31
1,1,0,1,0,0,0,0,0,0,0,0,1,0,1,1,1,0,1,1,0,1,0,0,0,0,0,1,0,1,1,0,1,1,0,0,0,0,city_cif.y4m,2.34,2.342,0.023875,0.00489,0.0,8
1,1,0,0,1,0,0,0,0,0,0,0,1,1,0,1,1,1,1,1,0,1,1,0,0,0,0,0,0,1,0,1,1,1,0,0,0,0,city_cif.y4m,5.62,5.654,0.096333,0.006146,0.0,216
1,1,0,0,1,0,0,0,0,0,0,0,1,1,0,1,1,1,1,0,1,1,0,0,0,1,0,0,0,1,0,1,1,1,0,0,0,0,city_cif.y4m,1.23,1.178,0.076616,0.005139,0.0,214
1,1,0,0,0,0,0,0,1,0,0,0,1,1,0,1,0,0,1,1,0,1,0,0,0,0,0,1,0,1,1,0,0,0,0,0,0,0,city_cif.y4m,6.29,6.284,0.051284,0.006021,0.0,341
1,1,0,0,1,0,0,0,0,0,0,0,1,1,0,1,0,0,1,1,0,1,0,1,0,0,0,0,0,1,1,0,1,0,1,0,0,0,city_cif.y4m,4.29,4.296,0.046152,0.007479,0.0,236
1,1,0,0,0,0,0,0,0,0,1,0,1,0,1,1,0,0,1,0,1,1,0,0,0,0,1,0,0,1,1,0,1,0,1,0,0,0,city_cif.y4m,8.86,8.872,0.08228,0.00782,0.0,240
1,1,0,0,0,0,0,1,0,0,0,0,1,0,1,1,0,0,1,0,1,1,0,0,0,1,0,0,0,1,0,1,1,0,0,0,1,0,city_cif.y4m,5.74,5.722,0.034928,0.008297,0.0,51
1,1,1,0,0,0,0,0,0,0,0,0,1,0,1,1,1,1,1,0,1,1,0,0,0,0,0,0,1,1,1,0,1,0,1,0,0,0,city_cif.y4m,4.79,4.804,0.173724,0.005544,0.0,77
1,1,0,0,0,0,0,0,0,0,1,0,1,0,1,1,1,0,1,1,0,1,0,0,0,0,0,1,0,1,0,1,1,0,0,0,0,1,city_cif.y4m,4.01,4.03,0.027386,0.005782,0.0,128
1,1,0,0,1,0,0,0,0,0,0,0,1,1,0,1,0,0,1,1,0,1,0,1,0,0,0,0,0,1,0,1,0,0,0,0,0,0,city_cif.y4m,98.44,98.33,0.265424,0.00523,0.0,234
1,1,0,0,0,0,0,0,1,0,0,0,1,0,1,1,1,0,1,0,1,1,0,0,0,0,0,1,0,1,0,1,1,0,0,0,1,0,city_cif.y4m,441.67,442.038,0.874854,0.006469,0.0,28
1,1,0,0,1,0,0,0,0,0,0,0,1,1,0,1,1,0,1,0,1,1,1,0,0,0,0,0,0,1,1,0,0,0,0,0,0,0,city_cif.y4m,67.12,67.118,0.0249,0.006327,0.0,139
1,1,0,0,0,0,0,0,0,0,1,0,1,0,1,1,1,0,1,1,0,1,0,0,0,0,1,0,0,1,1,0,1,0,1,0,0,0,city_cif.y4m,1.11,1.09,0.050498,0.00476,0.0,152
1,1,0,1,0,0,0,0,0,0,0,0,1,0,1,1,0,0,1,1,0,1,0,0,0,0,0,1,0,1,1,0,1,0,0,0,1,0,city_cif.y4m,182.69,182.554,0.629944,0.009592,0.0,12
1,1,0,0,0,0,1,0,0,0,0,0,1,0,1,1,0,1,1,1,0,1,0,0,0,0,0,1,0,1,1,0,0,0,0,0,0,0,city_cif.y4m,0.96,0.964,0.011402,0.00476,0.0,369
1,1,0,0,0,0,0,0,0,0,0,1,1,1,0,1,1,0,1,0,1,1,0,0,0,0,0,1,0,1,0,1,1,0,0,0,0,1,city_cif.y4m,27.36,27.36,0.01,0.006194,0.0,58
1,1,0,0,0,0,0,0,1,0,0,0,1,1,0,1,1,0,1,1,0,1,1,0,0,0,0,0,0,1,1,0,0,0,0,0,0,0,city_cif.y4m,26.61,26.3,0.845074,0.008279,0.0,64
1,1,0,0,0,0,0,0,1,0,0,0,1,1,0,1,1,0,1,1,0,1,0,0,1,0,0,0,0,1,1,0,1,1,0,0,0,0,city_cif.y4m,18.86,18.862,0.022804,0.005466,0.0,21
1,1,0,0,0,1,0,0,0,0,0,0,1,0,1,1,1,1,1,0,1,1,0,0,1,0,0,0,0,1,1,0,1,0,0,0,0,1,city_cif.y4m,110.7,110.688,0.151394,0.005714,0.0,225
1,1,0,0,0,0,1,0,0,0,0,0,1,0,1,1,1,0,1,1,0,1,0,0,0,0,0,1,0,1,1,0,1,0,0,0,1,0,city_cif.y4m,175.96,175.236,1.914335,0.006323,0.0,366
1,1,0,0,0,0,0,1,0,0,0,0,1,0,1,1,1,1,1,0,1,1,0,0,1,0,0,0,0,1,0,1,1,0,0,0,0,1,coastguard_cif.y4m,4.65,4.642,0.0249,0.009646,0.0,114
1,1,0,0,1,0,0,0,0,0,0,0,1,1,0,1,1,1,1,0,1,1,0,0,1,0,0,0,0,1,1,0,1,0,1,0,0,0,coastguard_cif.y4m,4.92,4.93,0.030822,0.009434,0.0,281
1,1,0,0,0,1,0,0,0,0,0,0,1,0,1,1,1,0,1,1,0,1,0,0,0,0,0,0,1,1,1,0,1,0,0,1,0,0,coastguard_cif.y4m,7.17,7.158,0.043243,0.009541,0.0,325
1,1,1,0,0,0,0,0,0,0,0,0,1,1,0,1,1,0,1,1,0,1,0,0,0,0,1,0,0,1,1,0,1,1,0,0,0,0,coastguard_cif.y4m,5.58,5.578,0.025884,0.008613,0.0,181
1,1,0,0,0,0,0,0,1,0,0,0,1,1,0,1,1,0,1,0,1,1,0,0,1,0,0,0,0,1,1,0,1,0,0,0,0,1,coastguard_cif.y4m,152.63,152.51,0.536796,0.012347,0.0,247
1,1,0,0,0,0,0,0,0,0,1,0,1,1,0,1,1,0,1,1,0,1,0,0,0,0,1,0,0,1,1,0,1,0,0,0,0,1,coastguard_cif.y4m,188.51,188.5,0.132476,0.01275,0.0,166
1,1,0,0,0,0,0,0,1,0,0,0,1,1,0,1,1,0,1,0,1,1,0,0,1,0,0,0,0,1,1,0,1,0,0,0,1,0,coastguard_cif.y4m,8.73,8.738,0.081056,0.009504,0.0,25
1,1,0,0,0,0,0,1,0,0,0,0,1,0,1,1,0,0,1,1,0,1,0,1,0,0,0,0,0,1,0,1,0,0,0,0,0,0,coastguard_cif.y4m,10.52,10.548,0.071903,0.012586,0.0,355
1,1,0,0,1,0,0,0,0,0,0,0,1,1,0,1,0,0,1,1,0,1,1,0,0,0,0,0,0,1,1,0,1,0,0,0,0,1,coastguard_cif.y4m,1.88,1.878,0.019235,0.009163,0.0,219
1,1,0,0,0,1,0,0,0,0,0,0,1,1,0,1,1,0,1,1,0,1,0,0,0,0,1,0,0,1,1,0,1,1,0,0,0,0,coastguard_cif.y4m,10.55,10.552,0.07791,0.012586,0.0,182
1,1,0,1,0,0,0,0,0,0,0,0,1,0,1,1,0,1,1,1,0,1,0,0,0,0,0,1,0,1,1,0,1,1,0,0,0,0,coastguard_cif.y4m,3.83,3.834,0.020736,0.008724,0.0,10
1,1,0,0,1,0,0,0,0,0,0,0,1,1,0,1,1,0,1,0,1,1,0,0,1,0,0,0,0,1,0,1,1,0,0,0,0,1,coastguard_cif.y4m,67.61,67.57,0.149499,0.010574,0.0,116
1,1,0,0,0,1,0,0,0,0,0,0,1,1,0,1,1,1,1,0,1,1,0,0,0,0,0,1,0,1,0,1,1,1,0,0,0,0,coastguard_cif.y4m,8.55,8.57,0.062048,0.009584,0.0,266
1,1,0,0,0,0,0,0,1,0,0,0,1,1,0,1,0,0,1,0,1,1,0,0,1,0,0,0,0,1,1,0,1,0,0,1,0,0,coastguard_cif.y4m,32.78,32.784,0.040373,0.014757,0.0,313
1,1,0,0,0,0,0,1,0,0,0,0,1,0,1,1,0,0,1,1,0,1,0,0,0,0,0,0,1,1,0,1,0,0,0,0,0,0,coastguard_cif.y4m,10.09,10.09,0.025495,0.012445,0.0,357
1,1,0,0,0,1,0,0,0,0,0,0,1,0,1,1,0,1,1,0,1,1,1,0,0,0,0,0,0,1,1,0,1,1,0,0,0,0,coastguard_cif.y4m,2.67,2.662,0.010954,0.011663,0.0,187
1,1,0,0,0,0,0,0,1,0,0,0,1,1,0,1,1,1,1,0,1,1,0,0,1,0,0,0,0,1,1,0,1,1,0,0,0,0,coastguard_cif.y4m,440.52,440.564,0.07893,0.012677,0.0,23
1,1,0,0,1,0,0,0,0,0,0,0,1,1,0,1,1,0,1,1,0,1,0,1,0,0,0,0,0,1,0,1,0,0,0,0,0,0,coastguard_cif.y4m,54.67,54.632,0.070852,0.010445,0.0,2
1,1,0,0,0,0,0,0,0,0,0,1,1,1,0,1,1,0,1,0,1,1,0,0,0,0,0,1,0,1,1,0,1,1,0,0,0,0,coastguard_cif.y4m,185.73,185.448,0.835925,0.012532,0.0,301
1,1,0,0,0,0,0,1,0,0,0,0,1,0,1,1,0,1,1,1,0,1,0,1,0,0,0,0,0,1,0,1,0,0,0,0,0,0,coastguard_cif.y4m,169.21,171.082,4.333286,0.014496,0.0,356
1,1,0,0,0,0,0,0,0,0,1,0,1,1,0,1,0,1,1,0,1,1,0,0,0,0,0,1,0,1,0,1,1,1,0,0,0,0,coastguard_cif.y4m,12.49,12.496,0.029665,0.012446,0.0,269
1,1,0,0,0,0,0,0,0,0,1,0,1,0,1,1,0,1,1,1,0,1,0,0,1,0,0,0,0,1,0,1,1,0,0,0,1,0,coastguard_cif.y4m,6.84,6.83,0.024495,0.012578,0.0,274
1,1,0,0,0,0,0,0,0,0,1,0,1,0,1,1,0,1,1,1,0,1,0,0,0,1,0,0,0,1,1,0,1,1,0,0,0,0,coastguard_cif.y4m,6.94,6.944,0.020736,0.010778,0.0,307
1,1,0,0,1,0,0,0,0,0,0,0,1,0,1,1,0,1,1,1,0,1,0,0,1,0,0,0,0,1,0,1,1,1,0,0,0,0,coastguard_cif.y4m,27.32,27.31,0.117898,0.010238,0.0,254
1,1,0,0,0,0,0,0,0,0,1,0,1,0,1,1,0,1,1,0,1,1,0,1,0,0,0,0,0,1,0,1,0,0,0,0,0,0,coastguard_cif.y4m,1.71,1.704,0.019494,0.009275,0.0,208
1,1,0,0,1,0,0,0,0,0,0,0,1,1,0,1,1,1,1,1,0,1,0,0,1,0,0,0,0,1,0,1,1,0,1,0,0,0,coastguard_cif.y4m,2.04,2.048,0.021679,0.01499,0.0,279
1,1,0,0,0,0,0,1,0,0,0,0,1,1,0,1,1,1,1,1,0,1,0,1,0,0,0,0,0,1,0,1,1,0,0,0,1,0,coastguard_cif.y4m,7.19,7.19,0.015811,0.01174,0.0,171
1,1,0,0,0,0,0,0,0,1,0,0,1,1,0,1,0,1,1,0,1,1,0,0,0,0,0,1,0,1,0,1,1,0,0,0,1,0,coastguard_cif.y4m,33.17,33.07,0.298329,0.014757,0.0,99
1,1,1,0,0,0,0,0,0,0,0,0,1,0,1,1,1,1,1,1,0,1,0,1,0,0,0,0,0,1,1,0,1,0,1,0,0,0,coastguard_cif.y4m,9.06,9.034,0.054129,0.011668,0.0,81
1,1,0,0,0,0,0,0,0,0,1,0,1,0,1,1,1,1,1,0,1,1,0,0,1,0,0,0,0,1,1,0,1,0,1,0,0,0,coastguard_cif.y4m,3.02,3.022,0.014832,0.010381,0.0,155
1,1,0,0,0,1,0,0,0,0,0,0,1,1,0,1,0,1,1,1,0,1,1,0,0,0,0,0,0,1,1,0,1,1,0,0,0,0,coastguard_cif.y4m,4.99,4.998,0.036332,0.010778,0.0,185
1,1,0,0,1,0,0,0,0,0,0,0,1,1,0,1,0,0,1,0,1,1,0,0,0,0,0,1,0,1,0,1,0,0,0,0,0,0,coastguard_cif.y4m,4.48,4.472,0.037014,0.00842,0.0,376
1,1,0,0,0,0,0,0,1,0,0,0,1,1,0,1,0,1,1,0,1,1,0,1,0,0,0,0,0,1,1,0,0,0,0,0,0,0,coastguard_cif.y4m,1.45,1.448,0.004472,0.009372,0.0,204
1,1,0,0,0,0,0,0,1,0,0,0,1,1,0,1,1,0,1,0,1,1,0,0,0,0,1,0,0,1,1,0,1,0,0,0,0,1,coastguard_cif.y4m,122.0,122.006,0.104785,0.010721,0.0,246
1,1,0,0,0,0,0,1,0,0,0,0,1,1,0,1,1,1,1,0,1,1,0,0,1,0,0,0,0,1,0,1,0,0,0,0,0,0,coastguard_cif.y4m,102.45,102.314,0.356553,0.012552,0.0,230
1,1,0,0,0,0,0,0,1,0,0,0,1,0,1,1,1,0,1,0,1,1,0,0,0,0,0,1,0,1,1,0,1,0,0,0,1,0,coastguard_cif.y4m,87.05,87.076,0.225122,0.0157,0.0,27
1,1,0,1,0,0,0,0,0,0,0,0,1,1,0,1,1,1,1,0,1,1,1,0,0,0,0,0,0,1,1,0,0,0,0,0,0,0,coastguard_cif.y4m,6.68,6.676,0.036469,0.009401,0.0,137
1,1,0,0,0,0,0,0,0,0,1,0,1,1,0,1,1,1,1,1,0,1,0,0,0,0,1,0,0,1,0,1,1,0,0,0,1,0,coastguard_cif.y4m,6.81,6.804,0.02881,0.011053,0.0,169
1,1,0,0,0,0,0,0,0,0,1,0,1,0,1,1,0,1,1,0,1,1,1,0,0,0,0,0,0,1,0,1,1,0,0,0,0,1,coastguard_cif.y4m,209.25,209.43,0.305941,0.012482,0.0,33
1,1,0,0,0,0,0,0,1,0,0,0,1,0,1,1,0,1,1,0,1,1,0,1,0,0,0,0,0,1,1,0,0,0,0,0,0,0,coastguard_cif.y4m,24.86,24.898,0.101587,0.015387,0.0,205
1,1,0,0,0,0,0,0,0,0,1,0,1,1,0,1,1,0,1,0,1,1,0,0,0,0,1,0,0,1,1,0,1,0,0,0,0,1,coastguard_cif.y4m,8.5,8.49,0.029155,0.011324,0.0,245
1,1,1,0,0,0,0,0,0,0,0,0,1,1,0,1,0,0,1,1,0,1,0,0,1,0,0,0,0,1,1,0,1,0,0,0,0,1,coastguard_cif.y4m,5.69,5.678,0.038987,0.008542,0.0,163
1,1,0,0,1,0,0,0,0,0,0,0,1,1,0,1,1,0,1,1,0,1,1,0,0,0,0,0,0,1,0,1,1,1,0,0,0,0,coastguard_cif.y4m,4.46,4.46,0.015811,0.00842,0.0,4
1,1,0,0,1,0,0,0,0,0,0,0,1,1,0,1,0,0,1,0,1,1,1,0,0,0,0,0,0,1,1,0,1,0,0,0,1,0,coastguard_cif.y4m,2.74,2.736,0.023022,0.01499,0.0,141
1,1,1,0,0,0,0,0,0,0,0,0,1,1,0,1,1,1,1,0,1,1,0,0,1,0,0,0,0,1,1,0,1,1,0,0,0,0,coastguard_cif.y4m,178.36,178.268,0.388034,0.010751,0.0,159
1,1,0,0,0,0,0,0,1,0,0,0,1,1,0,1,0,1,1,0,1,1,0,0,1,0,0,0,0,1,0,1,1,0,0,0,0,1,coastguard_cif.y4m,10.67,10.66,0.059582,0.011118,0.0,336
1,1,0,0,0,1,0,0,0,0,0,0,1,1,0,1,0,0,1,0,1,1,0,0,0,0,0,0,1,1,1,0,1,0,0,0,1,0,coastguard_cif.y4m,48.57,48.564,0.461931,0.011943,0.0,72
1,1,0,0,0,0,0,0,1,0,0,0,1,1,0,1,1,0,1,1,0,1,0,0,1,0,0,0,0,1,1,0,1,0,0,0,0,1,coastguard_cif.y4m,6.11,6.12,0.018708,0.011304,0.0,248
1,1,0,1,0,0,0,0,0,0,0,0,1,0,1,1,1,1,1,1,0,1,0,0,0,0,0,1,0,1,0,1,1,0,0,0,0,1,coastguard_cif.y4m,146.65,148.224,3.673089,0.010633,0.0,130
1,1,0,0,0,1,0,0,0,0,0,0,1,0,1,1,1,1,1,1,0,1,0,0,0,0,0,0,1,1,1,0,0,0,0,0,0,0,coastguard_cif.y4m,189.54,189.546,0.219841,0.013426,0.0,324
1,1,1,0,0,0,0,0,0,0,0,0,1,0,1,1,0,1,1,1,0,1,0,1,0,0,0,0,0,1,0,1,0,0,0,0,0,0,coastguard_cif.y4m,142.04,142.05,0.332114,0.015663,0.0,354
1,1,0,0,0,0,0,0,0,0,1,0,1,0,1,1,0,0,1,1,0,1,0,0,0,1,0,0,0,1,0,1,0,0,0,0,0,0,coastguard_cif.y4m,109.2,109.376,0.719257,0.01048,0.0,291
1,1,0,0,0,0,0,0,0,0,1,0,1,1,0,1,0,0,1,1,0,1,0,1,0,0,0,0,0,1,1,0,1,0,1,0,0,0,coastguard_cif.y4m,2.96,3.0,0.086023,0.009175,0.0,237
1,1,0,0,0,1,0,0,0,0,0,0,1,1,0,1,1,0,1,1,0,1,1,0,0,0,0,0,0,1,1,0,1,1,0,0,0,0,coastguard_cif.y4m,4.09,4.086,0.016733,0.009504,0.0,183
1,1,0,0,0,1,0,0,0,0,0,0,1,0,1,1,1,1,1,0,1,1,0,0,1,0,0,0,0,1,0,1,0,0,0,0,0,0,coastguard_cif.y4m,3.43,3.432,0.019235,0.010029,0.0,227
1,1,0,0,0,0,0,0,1,0,0,0,1,1,0,1,0,1,1,0,1,1,0,0,0,0,0,1,0,1,0,1,0,0,0,0,0,0,coastguard_cif.y4m,6.26,6.274,0.0251,0.010086,0.0,338
1,1,0,0,1,0,0,0,0,0,0,0,1,0,1,1,0,0,1,0,1,1,1,0,0,0,0,0,0,1,1,0,1,0,0,0,1,0,coastguard_cif.y4m,27.94,27.93,0.03937,0.012062,0.0,142
1,1,0,0,1,0,0,0,0,0,0,0,1,1,0,1,1,1,1,0,1,1,0,0,1,0,0,0,0,1,1,0,1,0,0,0,0,1,coastguard_cif.y4m,15.3,15.3,0.015811,0.012503,0.0,332
1,1,0,0,0,0,0,0,0,1,0,0,1,0,1,1,0,0,1,1,0,1,0,0,0,0,1,0,0,1,0,1,1,0,0,0,1,0,coastguard_cif.y4m,169.86,169.87,0.281869,0.010476,0.0,95
1,1,0,0,1,0,0,0,0,0,0,0,1,0,1,1,0,0,1,0,1,1,0,0,0,1,0,0,0,1,0,1,0,0,0,0,0,0,coastguard_cif.y4m,11.0,11.0,0.033912,0.012462,0.0,289
1,1,0,0,1,0,0,0,0,0,0,0,1,1,0,1,0,0,1,0,1,1,0,0,0,0,0,1,0,1,0,1,1,0,0,1,0,0,coastguard_cif.y4m,2.79,2.774,0.034351,0.009175,0.0,378
1,1,0,0,1,0,0,0,0,0,0,0,1,1,0,1,1,1,1,1,0,1,0,0,1,0,0,0,0,1,0,1,1,0,0,0,1,0,coastguard_cif.y4m,56.64,56.63,0.165529,0.011895,0.0,278
1,1,0,0,0,0,0,0,0,0,1,0,1,0,1,1,1,0,1,0,1,1,1,0,0,0,0,0,0,1,0,1,1,0,0,0,1,0,coastguard_cif.y4m,7.28,7.244,0.086776,0.01259,0.0,30
1,1,0,0,1,0,0,0,0,0,0,0,1,1,0,1,0,0,1,0,1,1,0,1,0,0,0,0,0,1,0,1,1,0,0,0,0,1,coastguard_cif.y4m,2.46,2.466,0.018166,0.010232,0.0,120
1,1,0,0,0,1,0,0,0,0,0,0,1,1,0,1,1,1,1,0,1,1,0,0,0,0,0,1,0,1,0,1,0,0,0,0,0,0,coastguard_cif.y4m,3.16,3.16,0.01,0.00851,0.0,265
1,1,0,0,0,0,0,0,0,0,1,0,1,1,0,1,1,0,1,1,0,1,0,0,0,0,0,1,0,1,0,1,0,0,0,0,0,0,coastguard_cif.y4m,5.24,5.244,0.027019,0.008612,0.0,296
1,1,0,0,0,0,0,1,0,0,0,0,1,1,0,1,1,1,1,1,0,1,0,1,0,0,0,0,0,1,0,1,0,0,0,0,0,0,coastguard_cif.y4m,10.46,10.44,0.096177,0.009999,0.0,232
1,1,0,0,0,0,0,0,0,0,1,0,1,0,1,1,0,0,1,1,0,1,0,0,1,0,0,0,0,1,1,0,1,0,0,1,0,0,coastguard_cif.y4m,8.27,8.256,0.055946,0.010572,0.0,310
1,1,0,0,0,0,0,1,0,0,0,0,1,0,1,1,1,1,1,0,1,1,0,0,0,0,0,1,0,1,0,1,1,0,0,1,0,0,coastguard_cif.y4m,149.52,149.808,0.7955,0.013213,0.0,349
1,1,0,0,1,0,0,0,0,0,0,0,1,1,0,1,0,1,1,0,1,1,0,0,0,0,0,1,0,1,0,1,0,0,0,0,0,0,coastguard_cif.y4m,5.48,5.492,0.033466,0.012535,0.0,377
1,1,0,0,0,0,0,0,0,1,0,0,1,0,1,1,1,1,1,1,0,1,0,0,0,0,1,0,0,1,0,1,1,0,0,0,1,0,coastguard_cif.y4m,178.49,178.44,0.4272,0.012433,0.0,94
1,1,1,0,0,0,0,0,0,0,0,0,1,1,0,1,1,0,1,0,1,1,1,0,0,0,0,0,0,1,0,1,1,1,0,0,0,0,coastguard_cif.y4m,7.06,7.038,0.111445,0.010778,0.0,178
1,1,0,0,0,0,0,0,0,0,1,0,1,0,1,1,0,0,1,1,0,1,0,0,0,0,0,1,0,1,0,1,1,0,0,0,0,1,coastguard_cif.y4m,8.27,8.262,0.013038,0.012424,0.0,127
1,1,0,0,0,0,0,1,0,0,0,0,1,0,1,1,1,0,1,0,1,1,0,0,0,1,0,0,0,1,0,1,1,0,0,0,1,0,coastguard_cif.y4m,2.05,2.06,0.028284,0.008391,0.0,111
1,1,1,0,0,0,0,0,0,0,0,0,1,0,1,1,0,1,1,1,0,1,0,1,0,0,0,0,0,1,0,1,1,0,0,1,0,0,coastguard_cif.y4m,7.02,7.022,0.035637,0.012532,0.0,353
1,1,0,0,0,0,1,0,0,0,0,0,1,0,1,1,1,1,1,1,0,1,0,1,0,0,0,0,0,1,1,0,1,0,0,0,1,0,coastguard_cif.y4m,5.2,5.188,0.023875,0.008724,0.0,45
1,1,0,0,0,1,0,0,0,0,0,0,1,0,1,1,1,1,1,0,1,1,0,0,1,0,0,0,0,1,1,0,0,0,0,0,0,0,coastguard_cif.y4m,1.65,1.65,0.0,0.009434,0.0,226
1,1,0,0,0,0,0,0,0,0,0,1,1,1,0,1,1,0,1,0,1,1,0,0,0,0,0,1,0,1,1,0,1,0,0,0,0,1,coastguard_cif.y4m,6.76,6.754,0.037148,0.008589,0.0,59
1,1,0,0,0,0,0,0,1,0,0,0,1,1,0,1,1,1,1,1,0,1,1,0,0,0,0,0,0,1,0,1,1,1,0,0,0,0,coastguard_cif.y4m,51.9,51.904,0.365281,0.010445,0.0,19
1,1,0,0,0,0,0,0,0,0,0,1,1,1,0,1,0,1,1,0,1,1,0,0,0,1,0,0,0,1,1,0,1,1,0,0,0,0,coastguard_cif.y4m,27.5,27.456,0.143805,0.012086,0.0,304
1,1,0,0,0,0,0,0,1,0,0,0,1,0,1,1,0,1,1,0,1,1,0,1,0,0,0,0,0,1,0,1,0,0,0,0,0,0,coastguard_cif.y4m,6.0,6.01,0.033166,0.011304,0.0,207
1,1,0,0,0,0,1,0,0,0,0,0,1,1,0,1,1,1,1,1,0,1,0,1,0,0,0,0,0,1,1,0,0,0,0,0,0,0,coastguard_cif.y4m,250.85,250.096,1.695444,0.010636,0.0,43
1,1,0,0,0,0,1,0,0,0,0,0,1,1,0,1,1,0,1,1,0,1,1,0,0,0,0,0,0,1,1,0,1,0,0,0,0,1,coastguard_cif.y4m,3.37,3.378,0.038341,0.008409,0.0,40
1,1,0,0,0,1,0,0,0,0,0,0,1,0,1,1,0,1,1,1,0,1,1,0,0,0,0,0,0,1,1,0,1,1,0,0,0,0,coastguard_cif.y4m,176.37,176.304,0.173003,0.013427,0.0,186
1,1,0,0,1,0,0,0,0,0,0,0,1,0,1,1,0,0,1,0,1,1,0,0,0,1,0,0,0,1,0,1,1,0,0,0,0,1,coastguard_cif.y4m,3.66,3.656,0.046152,0.010183,0.0,288
1,1,1,0,0,0,0,0,0,0,0,0,1,1,0,1,1,0,1,1,0,1,0,1,0,0,0,0,0,1,1,0,1,0,1,0,0,0,coastguard_cif.y4m,5.53,5.52,0.033166,0.008613,0.0,82
1,1,0,0,0,0,0,0,0,0,1,0,1,0,1,1,1,1,1,0,1,1,0,0,0,1,0,0,0,1,0,1,0,0,0,0,0,0,coastguard_cif.y4m,4.52,4.528,0.038341,0.009648,0.0,211
1,1,0,0,1,0,0,0,0,0,0,0,1,0,1,1,1,1,1,0,1,1,0,0,0,0,0,1,0,1,1,0,1,0,0,1,0,0,coastguard_cif.y4m,121.34,121.038,0.848452,0.010721,0.0,347
1,1,0,1,0,0,0,0,0,0,0,0,1,0,1,1,0,0,1,1,0,1,1,0,0,0,0,0,0,1,1,0,1,0,0,0,1,0,coastguard_cif.y4m,10.62,10.636,0.094499,0.009723,0.0,13
1,1,0,0,0,0,0,1,0,0,0,0,1,0,1,1,1,1,1,0,1,1,0,0,1,0,0,0,0,1,0,1,0,0,0,0,0,0,coastguard_cif.y4m,369.34,369.28,0.236538,0.010505,0.0,228
1,1,0,0,0,0,0,0,0,1,0,0,1,1,0,1,0,1,1,0,1,1,0,0,1,0,0,0,0,1,0,1,1,0,0,0,0,1,coastguard_cif.y4m,7.27,7.266,0.032094,0.01174,0.0,335
1,1,0,0,0,0,0,0,1,0,0,0,1,1,0,1,1,0,1,0,1,1,0,0,1,0,0,0,0,1,1,0,1,1,0,0,0,0,coastguard_cif.y4m,21.07,21.056,0.212908,0.013204,0.0,24
1,1,1,0,0,0,0,0,0,0,0,0,1,0,1,1,0,1,1,0,1,1,0,1,0,0,0,0,0,1,0,1,1,0,0,1,0,0,coastguard_cif.y4m,297.45,297.5,0.502096,0.015575,0.0,352
1,1,0,0,0,0,1,0,0,0,0,0,1,0,1,1,0,0,1,1,0,1,0,0,0,0,0,1,0,1,1,0,0,0,0,0,0,0,coastguard_cif.y4m,4.93,4.928,0.043243,0.009638,0.0,368
1,1,1,0,0,0,0,0,0,0,0,0,1,0,1,1,1,1,1,1,0,1,0,1,0,0,0,0,0,1,1,0,0,0,0,0,0,0,coastguard_cif.y4m,1.86,1.864,0.011402,0.009588,0.0,80
1,1,0,0,1,0,0,0,0,0,0,0,1,1,0,1,0,0,1,0,1,1,0,1,0,0,0,0,0,1,0,1,0,0,0,0,0,0,coastguard_cif.y4m,28.34,28.342,0.43014,0.01052,0.0,121
1,1,0,0,0,0,0,0,0,0,1,0,1,0,1,1,1,1,1,0,1,1,0,0,1,0,0,0,0,1,1,0,1,1,0,0,0,0,coastguard_cif.y4m,5.47,5.476,0.029665,0.009401,0.0,156
1,1,0,1,0,0,0,0,0,0,0,0,1,0,1,1,1,1,1,1,0,1,0,0,0,0,0,1,0,1,1,0,1,1,0,0,0,0,coastguard_cif.y4m,1.16,1.166,0.008944,0.008435,0.0,9
1,1,0,0,0,0,0,0,0,0,1,0,1,1,0,1,0,0,1,1,0,1,0,0,0,0,1,0,0,1,1,0,1,0,0,0,0,1,coastguard_cif.y4m,7.96,8.0,0.079687,0.011324,0.0,165
1,1,0,0,0,0,0,0,0,0,1,0,1,0,1,1,0,0,1,1,0,1,0,1,0,0,0,0,0,1,0,1,1,0,0,0,0,1,coastguard_cif.y4m,5.91,5.914,0.027019,0.009582,0.0,126
1,1,0,0,1,0,0,0,0,0,0,0,1,1,0,1,1,1,1,0,1,1,0,0,1,0,0,0,0,1,0,1,1,0,1,0,0,0,coastguard_cif.y4m,1.85,1.852,0.004472,0.009588,0.0,280
1,1,0,0,0,0,0,1,0,0,0,0,1,0,1,1,1,1,1,1,0,1,0,1,0,0,0,0,0,1,0,1,1,0,0,0,1,0,coastguard_cif.y4m,1.42,1.42,0.007071,0.012286,0.0,172
1,1,0,0,0,0,0,0,0,0,1,0,1,0,1,1,0,1,1,1,0,1,0,0,0,1,0,0,0,1,0,1,0,0,0,0,0,0,coastguard_cif.y4m,7.78,7.796,0.035071,0.010738,0.0,292
1,1,0,0,0,0,0,0,0,0,1,0,1,1,0,1,1,1,1,0,1,1,0,0,0,0,0,1,0,1,1,0,0,0,0,0,0,0,coastguard_cif.y4m,18.26,18.294,0.101637,0.010291,0.0,105
1,1,0,0,0,1,0,0,0,0,0,0,1,0,1,1,1,1,1,0,1,1,0,0,0,0,0,0,1,1,1,0,1,0,1,0,0,0,coastguard_cif.y4m,14.31,14.308,0.0249,0.012457,0.0,76
1,1,0,0,0,1,0,0,0,0,0,0,1,0,1,1,0,0,1,1,0,1,1,0,0,0,0,0,0,1,1,0,1,0,0,0,0,1,coastguard_cif.y4m,120.18,120.16,0.171318,0.01044,0.0,221
1,1,0,0,0,0,0,0,0,0,1,0,1,1,0,1,1,0,1,1,0,1,0,0,0,0,1,0,0,1,0,1,1,0,0,0,0,1,coastguard_cif.y4m,36.81,36.836,0.042778,0.013094,0.0,167
1,1,0,0,0,0,0,0,0,0,1,0,1,0,1,1,0,1,1,0,1,1,1,0,0,0,0,0,0,1,1,0,1,0,0,0,0,1,coastguard_cif.y4m,217.7,217.886,0.376736,0.013088,0.0,35
1,1,0,0,1,0,0,0,0,0,0,0,1,1,0,1,0,0,1,1,0,1,0,1,0,0,0,0,0,1,0,1,1,0,1,0,0,0,coastguard_cif.y4m,4.5,4.504,0.029665,0.009576,0.0,235
1,1,0,0,0,0,0,0,0,1,0,0,1,1,0,1,1,1,1,0,1,1,0,0,1,0,0,0,0,1,0,1,1,0,0,0,0,1,coastguard_cif.y4m,10.57,10.568,0.030332,0.012463,0.0,333
1,1,0,0,0,0,1,0,0,0,0,0,1,0,1,1,1,1,1,1,0,1,0,1,0,0,0,0,0,1,1,0,0,0,0,0,0,0,coastguard_cif.y4m,122.07,122.064,0.476319,0.010486,0.0,44
1,1,0,0,1,0,0,0,0,0,0,0,1,0,1,1,0,1,1,1,0,1,0,1,0,0,0,0,0,1,0,1,1,1,0,0,0,0,coastguard_cif.y4m,253.52,253.49,0.244745,0.01266,0.0,256
1,1,0,0,0,0,0,1,0,0,0,0,1,0,1,1,1,0,1,0,1,1,0,1,0,0,0,0,0,1,0,1,1,0,0,0,0,1,coastguard_cif.y4m,545.58,545.47,0.222374,0.013591,0.0,192
1,1,0,0,0,0,1,0,0,0,0,0,1,1,0,1,1,1,1,1,0,1,1,0,0,0,0,0,0,1,1,0,1,0,0,0,0,1,coastguard_cif.y4m,17.56,17.564,0.066933,0.01218,0.0,41
1,1,0,0,0,0,0,0,0,0,1,0,1,0,1,1,0,1,1,1,0,1,0,0,0,0,0,1,0,1,0,1,1,0,0,0,1,0,coastguard_cif.y4m,147.5,147.248,0.793927,0.014306,0.0,273
1,1,0,0,0,0,0,0,0,0,1,0,1,1,0,1,0,1,1,0,1,1,0,0,0,0,0,1,0,1,0,1,0,0,0,0,0,0,coastguard_cif.y4m,92.4,92.256,0.371322,0.014566,0.0,101
1,1,0,0,0,0,0,0,0,0,1,0,1,0,1,1,1,1,1,0,1,1,0,0,0,0,1,0,0,1,1,0,1,0,1,0,0,0,coastguard_cif.y4m,67.39,67.434,0.119708,0.010574,0.0,242
1,1,0,0,0,0,0,0,0,0,1,0,1,1,0,1,0,1,1,0,1,1,0,0,0,0,0,1,0,1,1,0,0,0,0,0,0,0,coastguard_cif.y4m,7.13,7.126,0.038471,0.012578,0.0,103
1,1,1,0,0,0,0,0,0,0,0,0,1,1,0,1,1,0,1,1,0,1,0,1,0,0,0,0,0,1,0,1,0,0,0,0,0,0,coastguard_cif.y4m,141.33,141.354,0.322537,0.012778,0.0,1
1,1,0,0,0,0,0,1,0,0,0,0,1,1,0,1,0,0,1,0,1,1,0,0,0,0,0,1,0,1,0,1,1,0,0,0,0,1,coastguard_cif.y4m,7.13,7.108,0.054037,0.012532,0.0,56
1,1,0,0,1,0,0,0,0,0,0,0,1,0,1,1,0,0,1,0,1,1,0,0,0,0,0,0,1,1,0,1,0,0,0,0,0,0,coastguard_cif.y4m,17.68,17.692,0.029496,0.010291,0.0,373
1,1,0,0,0,0,0,0,1,0,0,0,1,1,0,1,1,1,1,0,1,1,0,1,0,0,0,0,0,1,0,1,1,0,1,0,0,0,coastguard_cif.y4m,211.71,210.93,1.907394,0.010396,0.0,318
1,1,0,0,0,1,0,0,0,0,0,0,1,1,0,1,0,0,1,1,0,1,0,0,0,0,1,0,0,1,1,0,0,0,0,0,0,0,coastguard_cif.y4m,222.73,222.994,0.457417,0.01085,0.0,69
1,1,0,1,0,0,0,0,0,0,0,0,1,0,1,1,0,0,1,1,0,1,0,0,0,0,0,1,0,1,1,0,1,1,0,0,0,0,coastguard_cif.y4m,5.17,5.156,0.093167,0.012543,0.0,11
1,1,0,0,1,0,0,0,0,0,0,0,1,0,1,1,0,0,1,1,0,1,0,1,0,0,0,0,0,1,0,1,1,0,0,1,0,0,coastguard_cif.y4m,5.14,5.156,0.052726,0.0099,0.0,258
1,1,0,0,0,0,0,0,0,0,1,0,1,0,1,1,0,0,1,1,0,1,0,1,0,0,0,0,0,1,1,0,1,0,1,0,0,0,coastguard_cif.y4m,301.69,301.582,0.282613,0.013715,0.0,238
1,1,0,0,0,0,0,1,0,0,0,0,1,0,1,1,1,0,1,1,0,1,1,0,0,0,0,0,0,1,0,1,1,0,0,0,1,0,coastguard_cif.y4m,367.55,366.82,1.475076,0.010754,0.0,173
1,1,0,0,0,0,0,1,0,0,0,0,1,0,1,1,0,1,1,0,1,1,0,1,0,0,0,0,0,1,0,1,1,1,0,0,0,0,coastguard_cif.y4m,369.46,369.474,0.569631,0.012314,0.0,190
1,1,0,1,0,0,0,0,0,0,0,0,1,0,1,1,1,0,1,1,0,1,0,0,0,0,0,1,0,1,0,1,1,1,0,0,0,0,coastguard_cif.y4m,79.64,79.61,0.134907,0.012494,0.0,7
1,1,0,0,0,1,0,0,0,0,0,0,1,0,1,1,1,1,1,0,1,1,0,0,0,0,0,0,1,1,1,0,0,0,0,0,0,0,coastguard_cif.y4m,2.24,2.23,0.053385,0.009275,0.0,323
1,1,0,0,0,1,0,0,0,0,0,0,1,0,1,1,0,0,1,0,1,1,0,0,0,0,0,0,1,1,1,0,1,0,0,0,1,0,coastguard_cif.y4m,267.14,266.54,3.148309,0.012513,0.0,73
1,1,0,0,0,0,0,0,0,0,1,0,1,0,1,1,1,0,1,0,1,1,0,1,0,0,0,0,0,1,0,1,0,0,0,0,0,0,coastguard_cif.y4m,256.69,258.83,6.141466,0.010636,0.0,209
1,1,0,1,0,0,0,0,0,0,0,0,1,1,0,1,1,0,1,0,1,1,1,0,0,0,0,0,0,1,1,0,0,0,0,0,0,0,coastguard_cif.y4m,5.18,5.196,0.027019,0.011401,0.0,138
1,1,0,0,0,1,0,0,0,0,0,0,1,1,0,1,1,1,1,1,0,1,0,0,0,0,0,1,0,1,0,1,0,0,0,0,0,0,coastguard_cif.y4m,92.18,92.058,0.231991,0.013481,0.0,264
1,1,0,0,0,0,0,0,0,1,0,0,1,0,1,1,0,1,1,0,1,1,0,0,0,0,0,1,0,1,0,1,1,0,0,0,1,0,coastguard_cif.y4m,230.75,230.824,0.394943,0.01085,0.0,98
1,1,0,0,0,0,0,0,0,0,1,0,1,1,0,1,0,0,1,0,1,1,0,0,0,0,0,1,0,1,1,0,1,0,0,1,0,0,coastguard_cif.y4m,4.26,4.27,0.02,0.009681,0.0,380
1,1,0,0,1,0,0,0,0,0,0,0,1,1,0,1,1,1,1,1,0,1,0,1,0,0,0,0,0,1,1,0,1,0,1,0,0,0,coastguard_cif.y4m,275.97,276.454,0.996032,0.014321,0.0,85
1,1,0,0,0,0,0,0,0,0,1,0,1,0,1,1,0,0,1,0,1,1,1,0,0,0,0,0,0,1,0,1,1,0,0,0,1,0,coastguard_cif.y4m,130.76,130.746,0.142759,0.010788,0.0,31
1,1,0,1,0,0,0,0,0,0,0,0,1,0,1,1,1,0,1,1,0,1,0,0,0,0,0,1,0,1,1,0,1,1,0,0,0,0,coastguard_cif.y4m,3.84,3.83,0.028284,0.008409,0.0,8
1,1,0,0,1,0,0,0,0,0,0,0,1,1,0,1,1,1,1,1,0,1,1,0,0,0,0,0,0,1,0,1,1,1,0,0,0,0,coastguard_cif.y4m,6.71,6.714,0.061074,0.010086,0.0,216
1,1,0,0,1,0,0,0,0,0,0,0,1,1,0,1,1,1,1,0,1,1,0,0,0,1,0,0,0,1,0,1,1,1,0,0,0,0,coastguard_cif.y4m,1.67,1.674,0.005477,0.010232,0.0,214
1,1,0,0,0,0,0,0,1,0,0,0,1,1,0,1,0,0,1,1,0,1,0,0,0,0,0,1,0,1,1,0,0,0,0,0,0,0,coastguard_cif.y4m,8.88,8.874,0.056833,0.009563,0.0,341
1,1,0,0,1,0,0,0,0,0,0,0,1,1,0,1,0,0,1,1,0,1,0,1,0,0,0,0,0,1,1,0,1,0,1,0,0,0,coastguard_cif.y4m,4.8,4.82,0.036742,0.010932,0.0,236
1,1,0,0,0,0,0,0,0,0,1,0,1,0,1,1,0,0,1,0,1,1,0,0,0,0,1,0,0,1,1,0,1,0,1,0,0,0,coastguard_cif.y4m,11.02,11.022,0.074967,0.012396,0.0,240
1,1,0,0,0,0,0,1,0,0,0,0,1,0,1,1,0,0,1,0,1,1,0,0,0,1,0,0,0,1,0,1,1,0,0,0,1,0,coastguard_cif.y4m,7.89,7.882,0.031937,0.012578,0.0,51
1,1,1,0,0,0,0,0,0,0,0,0,1,0,1,1,1,1,1,0,1,1,0,0,0,0,0,0,1,1,1,0,1,0,1,0,0,0,coastguard_cif.y4m,6.6,6.578,0.041473,0.009811,0.0,77
1,1,0,0,0,0,0,0,0,0,1,0,1,0,1,1,1,0,1,1,0,1,0,0,0,0,0,1,0,1,0,1,1,0,0,0,0,1,coastguard_cif.y4m,7.98,7.982,0.035637,0.009792,0.0,128
1,1,0,0,1,0,0,0,0,0,0,0,1,1,0,1,0,0,1,1,0,1,0,1,0,0,0,0,0,1,0,1,0,0,0,0,0,0,coastguard_cif.y4m,111.9,111.958,0.208854,0.01048,0.0,234
1,1,0,0,0,0,0,0,1,0,0,0,1,0,1,1,1,0,1,0,1,1,0,0,0,0,0,1,0,1,0,1,1,0,0,0,1,0,coastguard_cif.y4m,558.3,558.276,0.169352,0.013591,0.0,28
1,1,0,0,1,0,0,0,0,0,0,0,1,1,0,1,1,0,1,0,1,1,1,0,0,0,0,0,0,1,1,0,0,0,0,0,0,0,coastguard_cif.y4m,83.32,83.068,0.725376,0.012494,0.0,139
1,1,0,0,0,0,0,0,0,0,1,0,1,0,1,1,1,0,1,1,0,1,0,0,0,0,1,0,0,1,1,0,1,0,1,0,0,0,coastguard_cif.y4m,1.46,1.464,0.005477,0.009372,0.0,152
1,1,0,1,0,0,0,0,0,0,0,0,1,0,1,1,0,0,1,1,0,1,0,0,0,0,0,1,0,1,1,0,1,0,0,0,1,0,coastguard_cif.y4m,185.4,185.46,0.323728,0.015645,0.0,12
1,1,0,0,0,0,1,0,0,0,0,0,1,0,1,1,0,1,1,1,0,1,0,0,0,0,0,1,0,1,1,0,0,0,0,0,0,0,coastguard_cif.y4m,1.42,1.42,0.007071,0.009372,0.0,369
1,1,0,0,0,0,0,0,0,0,0,1,1,1,0,1,1,0,1,0,1,1,0,0,0,0,0,1,0,1,0,1,1,0,0,0,0,1,coastguard_cif.y4m,36.78,36.774,0.027019,0.013094,0.0,58
1,1,0,0,0,0,0,0,1,0,0,0,1,1,0,1,1,0,1,1,0,1,1,0,0,0,0,0,0,1,1,0,0,0,0,0,0,0,coastguard_cif.y4m,34.4,34.418,0.047117,0.014757,0.0,64
1,1,0,0,0,0,0,0,1,0,0,0,1,1,0,1,1,0,1,1,0,1,0,0,1,0,0,0,0,1,1,0,1,1,0,0,0,0,coastguard_cif.y4m,28.41,28.396,0.045056,0.010251,0.0,21
1,1,0,0,0,1,0,0,0,0,0,0,1,0,1,1,1,1,1,0,1,1,0,0,1,0,0,0,0,1,1,0,1,0,0,0,0,1,coastguard_cif.y4m,122.07,122.114,0.182016,0.010721,0.0,225
1,1,0,0,0,0,1,0,0,0,0,0,1,0,1,1,1,0,1,1,0,1,0,0,0,0,0,1,0,1,1,0,1,0,0,0,1,0,coastguard_cif.y4m,223.68,223.394,1.225594,0.012481,0.0,366
1,1,0,0,0,0,0,1,0,0,0,0,1,0,1,1,1,1,1,0,1,1,0,0,1,0,0,0,0,1,0,1,1,0,0,0,0,1,container_cif.y4m,2.69,2.696,0.035777,0.003294,0.0,114
1,1,0,0,1,0,0,0,0,0,0,0,1,1,0,1,1,1,1,0,1,1,0,0,1,0,0,0,0,1,1,0,1,0,1,0,0,0,container_cif.y4m,2.14,2.146,0.015166,0.003118,0.0,281
1,1,0,0,0,1,0,0,0,0,0,0,1,0,1,1,1,0,1,1,0,1,0,0,0,0,0,0,1,1,1,0,1,0,0,1,0,0,container_cif.y4m,4.05,4.056,0.035071,0.003071,0.0,325
1,1,1,0,0,0,0,0,0,0,0,0,1,1,0,1,1,0,1,1,0,1,0,0,0,0,1,0,0,1,1,0,1,1,0,0,0,0,container_cif.y4m,3.27,3.272,0.013038,0.002887,0.0,181
1,1,0,0,0,0,0,0,1,0,0,0,1,1,0,1,1,0,1,0,1,1,0,0,1,0,0,0,0,1,1,0,1,0,0,0,0,1,container_cif.y4m,70.11,70.118,0.297103,0.0043,0.0,247
1,1,0,0,0,0,0,0,0,0,1,0,1,1,0,1,1,0,1,1,0,1,0,0,0,0,1,0,0,1,1,0,1,0,0,0,0,1,container_cif.y4m,77.17,77.154,0.163034,0.00364,0.0,166
1,1,0,0,0,0,0,0,1,0,0,0,1,1,0,1,1,0,1,0,1,1,0,0,1,0,0,0,0,1,1,0,1,0,0,0,1,0,container_cif.y4m,3.07,3.058,0.039623,0.003021,0.0,25
1,1,0,0,0,0,0,1,0,0,0,0,1,0,1,1,0,0,1,1,0,1,0,1,0,0,0,0,0,1,0,1,0,0,0,0,0,0,container_cif.y4m,7.22,7.178,0.145499,0.004679,0.0,355
1,1,0,0,1,0,0,0,0,0,0,0,1,1,0,1,0,0,1,1,0,1,1,0,0,0,0,0,0,1,1,0,1,0,0,0,0,1,container_cif.y4m,0.88,0.878,0.013038,0.002337,0.0,219
1,1,0,0,0,1,0,0,0,0,0,0,1,1,0,1,1,0,1,1,0,1,0,0,0,0,1,0,0,1,1,0,1,1,0,0,0,0,container_cif.y4m,7.27,7.256,0.189156,0.004679,0.0,182
1,1,0,1,0,0,0,0,0,0,0,0,1,0,1,1,0,1,1,1,0,1,0,0,0,0,0,1,0,1,1,0,1,1,0,0,0,0,container_cif.y4m,2.26,2.258,0.014832,0.002975,0.0,10
1,1,0,0,1,0,0,0,0,0,0,0,1,1,0,1,1,0,1,0,1,1,0,0,1,0,0,0,0,1,0,1,1,0,0,0,0,1,container_cif.y4m,31.48,31.564,0.181466,0.003499,0.0,116
1,1,0,0,0,1,0,0,0,0,0,0,1,1,0,1,1,1,1,0,1,1,0,0,0,0,0,1,0,1,0,1,1,1,0,0,0,0,container_cif.y4m,4.74,4.736,0.016733,0.003218,0.0,266
1,1,0,0,0,0,0,0,1,0,0,0,1,1,0,1,0,0,1,0,1,1,0,0,1,0,0,0,0,1,1,0,1,0,0,1,0,0,container_cif.y4m,15.82,15.764,0.144326,0.004966,0.0,313
1,1,0,0,0,0,0,1,0,0,0,0,1,0,1,1,0,0,1,1,0,1,0,0,0,0,0,0,1,1,0,1,0,0,0,0,0,0,container_cif.y4m,5.3,5.302,0.053572,0.00444,0.0,357
1,1,0,0,0,1,0,0,0,0,0,0,1,0,1,1,0,1,1,0,1,1,1,0,0,0,0,0,0,1,1,0,1,1,0,0,0,0,container_cif.y4m,1.55,1.556,0.013416,0.004805,0.0,187
1,1,0,0,0,0,0,0,1,0,0,0,1,1,0,1,1,1,1,0,1,1,0,0,1,0,0,0,0,1,1,0,1,1,0,0,0,0,container_cif.y4m,168.35,168.336,0.024083,0.003629,0.0,23
1,1,0,0,1,0,0,0,0,0,0,0,1,1,0,1,1,0,1,1,0,1,0,1,0,0,0,0,0,1,0,1,0,0,0,0,0,0,container_cif.y4m,24.26,24.244,0.063482,0.003425,0.0,2
1,1,0,0,0,0,0,0,0,0,0,1,1,1,0,1,1,0,1,0,1,1,0,0,0,0,0,1,0,1,1,0,1,1,0,0,0,0,container_cif.y4m,68.36,68.402,0.10895,0.004072,0.0,301
1,1,0,0,0,0,0,1,0,0,0,0,1,0,1,1,0,1,1,1,0,1,0,1,0,0,0,0,0,1,0,1,0,0,0,0,0,0,container_cif.y4m,70.22,72.464,3.253557,0.004141,0.0,356
1,1,0,0,0,0,0,0,0,0,1,0,1,1,0,1,0,1,1,0,1,1,0,0,0,0,0,1,0,1,0,1,1,1,0,0,0,0,container_cif.y4m,7.13,7.134,0.032094,0.004555,0.0,269
1,1,0,0,0,0,0,0,0,0,1,0,1,0,1,1,0,1,1,1,0,1,0,0,1,0,0,0,0,1,0,1,1,0,0,0,1,0,container_cif.y4m,3.71,3.698,0.023875,0.004493,0.0,274
1,1,0,0,0,0,0,0,0,0,1,0,1,0,1,1,0,1,1,1,0,1,0,0,0,1,0,0,0,1,1,0,1,1,0,0,0,0,container_cif.y4m,4.04,4.028,0.031145,0.003525,0.0,307
1,1,0,0,1,0,0,0,0,0,0,0,1,0,1,1,0,1,1,1,0,1,0,0,1,0,0,0,0,1,0,1,1,1,0,0,0,0,container_cif.y4m,13.03,13.02,0.035355,0.003267,0.0,254
1,1,0,0,0,0,0,0,0,0,1,0,1,0,1,1,0,1,1,0,1,1,0,1,0,0,0,0,0,1,0,1,0,0,0,0,0,0,container_cif.y4m,1.02,1.024,0.011402,0.002416,0.0,208
1,1,0,0,1,0,0,0,0,0,0,0,1,1,0,1,1,1,1,1,0,1,0,0,1,0,0,0,0,1,0,1,1,0,1,0,0,0,container_cif.y4m,1.27,1.264,0.013416,0.006139,0.0,279
1,1,0,0,0,0,0,1,0,0,0,0,1,1,0,1,1,1,1,1,0,1,0,1,0,0,0,0,0,1,0,1,1,0,0,0,1,0,container_cif.y4m,4.42,4.416,0.015166,0.003749,0.0,171
1,1,0,0,0,0,0,0,0,1,0,0,1,1,0,1,0,1,1,0,1,1,0,0,0,0,0,1,0,1,0,1,1,0,0,0,1,0,container_cif.y4m,15.62,15.654,0.096333,0.004966,0.0,99
1,1,1,0,0,0,0,0,0,0,0,0,1,0,1,1,1,1,1,1,0,1,0,1,0,0,0,0,0,1,1,0,1,0,1,0,0,0,container_cif.y4m,5.55,5.552,0.097314,0.003886,0.0,81
1,1,0,0,0,0,0,0,0,0,1,0,1,0,1,1,1,1,1,0,1,1,0,0,1,0,0,0,0,1,1,0,1,0,1,0,0,0,container_cif.y4m,1.53,1.526,0.005477,0.003101,0.0,155
1,1,0,0,0,1,0,0,0,0,0,0,1,1,0,1,0,1,1,1,0,1,1,0,0,0,0,0,0,1,1,0,1,1,0,0,0,0,container_cif.y4m,3.04,3.042,0.013038,0.003525,0.0,185
1,1,0,0,1,0,0,0,0,0,0,0,1,1,0,1,0,0,1,0,1,1,0,0,0,0,0,1,0,1,0,1,0,0,0,0,0,0,container_cif.y4m,1.97,1.962,0.016432,0.002788,0.0,376
1,1,0,0,0,0,0,0,1,0,0,0,1,1,0,1,0,1,1,0,1,1,0,1,0,0,0,0,0,1,1,0,0,0,0,0,0,0,container_cif.y4m,0.76,0.76,0.012247,0.0028,0.0,204
1,1,0,0,0,0,0,0,1,0,0,0,1,1,0,1,1,0,1,0,1,1,0,0,0,0,1,0,0,1,1,0,1,0,0,0,0,1,container_cif.y4m,49.89,49.97,0.171318,0.003798,0.0,246
1,1,0,0,0,0,0,1,0,0,0,0,1,1,0,1,1,1,1,0,1,1,0,0,1,0,0,0,0,1,0,1,0,0,0,0,0,0,container_cif.y4m,54.1,54.044,0.132778,0.004354,0.0,230
1,1,0,0,0,0,0,0,1,0,0,0,1,0,1,1,1,0,1,0,1,1,0,0,0,0,0,1,0,1,1,0,1,0,0,0,1,0,container_cif.y4m,54.17,54.148,0.134981,0.005322,0.0,27
1,1,0,1,0,0,0,0,0,0,0,0,1,1,0,1,1,1,1,0,1,1,1,0,0,0,0,0,0,1,1,0,0,0,0,0,0,0,container_cif.y4m,2.71,2.724,0.040988,0.002977,0.0,137
1,1,0,0,0,0,0,0,0,0,1,0,1,1,0,1,1,1,1,1,0,1,0,0,0,0,1,0,0,1,0,1,1,0,0,0,1,0,container_cif.y4m,3.85,3.848,0.027749,0.004007,0.0,169
1,1,0,0,0,0,0,0,0,0,1,0,1,0,1,1,0,1,1,0,1,1,1,0,0,0,0,0,0,1,0,1,1,0,0,0,0,1,container_cif.y4m,99.14,99.132,0.10895,0.004404,0.0,33
1,1,0,0,0,0,0,0,1,0,0,0,1,0,1,1,0,1,1,0,1,1,0,1,0,0,0,0,0,1,1,0,0,0,0,0,0,0,container_cif.y4m,16.78,16.798,0.068702,0.005242,0.0,205
1,1,0,0,0,0,0,0,0,0,1,0,1,1,0,1,1,0,1,0,1,1,0,0,0,0,1,0,0,1,1,0,1,0,0,0,0,1,container_cif.y4m,3.64,3.644,0.040988,0.003732,0.0,245
1,1,1,0,0,0,0,0,0,0,0,0,1,1,0,1,0,0,1,1,0,1,0,0,1,0,0,0,0,1,1,0,1,0,0,0,0,1,container_cif.y4m,3.2,3.208,0.019235,0.002662,0.0,163
1,1,0,0,1,0,0,0,0,0,0,0,1,1,0,1,1,0,1,1,0,1,1,0,0,0,0,0,0,1,0,1,1,1,0,0,0,0,container_cif.y4m,1.93,1.936,0.015166,0.002788,0.0,4
1,1,0,0,1,0,0,0,0,0,0,0,1,1,0,1,0,0,1,0,1,1,1,0,0,0,0,0,0,1,1,0,1,0,0,0,1,0,container_cif.y4m,1.78,1.786,0.040373,0.006139,0.0,141
1,1,1,0,0,0,0,0,0,0,0,0,1,1,0,1,1,1,1,0,1,1,0,0,1,0,0,0,0,1,1,0,1,1,0,0,0,0,container_cif.y4m,71.81,71.718,0.170499,0.003936,0.0,159
1,1,0,0,0,0,0,0,1,0,0,0,1,1,0,1,0,1,1,0,1,1,0,0,1,0,0,0,0,1,0,1,1,0,0,0,0,1,container_cif.y4m,8.35,8.344,0.083845,0.004098,0.0,336
1,1,0,0,0,1,0,0,0,0,0,0,1,1,0,1,0,0,1,0,1,1,0,0,0,0,0,0,1,1,1,0,1,0,0,0,1,0,container_cif.y4m,22.16,22.172,0.137004,0.004047,0.0,72
1,1,0,0,0,0,0,0,1,0,0,0,1,1,0,1,1,0,1,1,0,1,0,0,1,0,0,0,0,1,1,0,1,0,0,0,0,1,container_cif.y4m,2.74,2.736,0.023022,0.003621,0.0,248
1,1,0,1,0,0,0,0,0,0,0,0,1,0,1,1,1,1,1,1,0,1,0,0,0,0,0,1,0,1,0,1,1,0,0,0,0,1,container_cif.y4m,65.35,64.348,1.655014,0.003612,0.0,130
1,1,0,0,0,1,0,0,0,0,0,0,1,0,1,1,1,1,1,1,0,1,0,0,0,0,0,0,1,1,1,0,0,0,0,0,0,0,container_cif.y4m,94.87,94.794,0.141527,0.004602,0.0,324
1,1,1,0,0,0,0,0,0,0,0,0,1,0,1,1,0,1,1,1,0,1,0,1,0,0,0,0,0,1,0,1,0,0,0,0,0,0,container_cif.y4m,82.28,82.188,0.139893,0.005289,0.0,354
1,1,0,0,0,0,0,0,0,0,1,0,1,0,1,1,0,0,1,1,0,1,0,0,0,1,0,0,0,1,0,1,0,0,0,0,0,0,container_cif.y4m,49.69,49.74,0.426146,0.003414,0.0,291
1,1,0,0,0,0,0,0,0,0,1,0,1,1,0,1,0,0,1,1,0,1,0,1,0,0,0,0,0,1,1,0,1,0,1,0,0,0,container_cif.y4m,1.42,1.43,0.05,0.002652,0.0,237
1,1,0,0,0,1,0,0,0,0,0,0,1,1,0,1,1,0,1,1,0,1,1,0,0,0,0,0,0,1,1,0,1,1,0,0,0,0,container_cif.y4m,1.75,1.752,0.017889,0.003203,0.0,183
1,1,0,0,0,1,0,0,0,0,0,0,1,0,1,1,1,1,1,0,1,1,0,0,1,0,0,0,0,1,0,1,0,0,0,0,0,0,container_cif.y4m,1.64,1.64,0.022361,0.002841,0.0,227
1,1,0,0,0,0,0,0,1,0,0,0,1,1,0,1,0,1,1,0,1,1,0,0,0,0,0,1,0,1,0,1,0,0,0,0,0,0,container_cif.y4m,3.9,3.896,0.020736,0.003412,0.0,338
1,1,0,0,1,0,0,0,0,0,0,0,1,0,1,1,0,0,1,0,1,1,1,0,0,0,0,0,0,1,1,0,1,0,0,0,1,0,container_cif.y4m,12.8,12.812,0.030332,0.003875,0.0,142
1,1,0,0,1,0,0,0,0,0,0,0,1,1,0,1,1,1,1,0,1,1,0,0,1,0,0,0,0,1,1,0,1,0,0,0,0,1,container_cif.y4m,11.77,11.772,0.013038,0.004548,0.0,332
1,1,0,0,0,0,0,0,0,1,0,0,1,0,1,1,0,0,1,1,0,1,0,0,0,0,1,0,0,1,0,1,1,0,0,0,1,0,container_cif.y4m,66.26,66.034,0.440602,0.003602,0.0,95
1,1,0,0,1,0,0,0,0,0,0,0,1,0,1,1,0,0,1,0,1,1,0,0,0,1,0,0,0,1,0,1,0,0,0,0,0,0,container_cif.y4m,7.67,7.67,0.025495,0.004605,0.0,289
1,1,0,0,1,0,0,0,0,0,0,0,1,1,0,1,0,0,1,0,1,1,0,0,0,0,0,1,0,1,0,1,1,0,0,1,0,0,container_cif.y4m,1.33,1.324,0.018166,0.002652,0.0,378
1,1,0,0,1,0,0,0,0,0,0,0,1,1,0,1,1,1,1,1,0,1,0,0,1,0,0,0,0,1,0,1,1,0,0,0,1,0,container_cif.y4m,25.44,25.504,0.143631,0.003865,0.0,278
1,1,0,0,0,0,0,0,0,0,1,0,1,0,1,1,1,0,1,0,1,1,1,0,0,0,0,0,0,1,0,1,1,0,0,0,1,0,container_cif.y4m,4.77,4.828,0.105688,0.004698,0.0,30
1,1,0,0,1,0,0,0,0,0,0,0,1,1,0,1,0,0,1,0,1,1,0,1,0,0,0,0,0,1,0,1,1,0,0,0,0,1,container_cif.y4m,0.97,0.97,0.012247,0.003023,0.0,120
1,1,0,0,0,1,0,0,0,0,0,0,1,1,0,1,1,1,1,0,1,1,0,0,0,0,0,1,0,1,0,1,0,0,0,0,0,0,container_cif.y4m,1.46,1.454,0.021909,0.002865,0.0,265
1,1,0,0,0,0,0,0,0,0,1,0,1,1,0,1,1,0,1,1,0,1,0,0,0,0,0,1,0,1,0,1,0,0,0,0,0,0,container_cif.y4m,2.85,2.842,0.031145,0.002748,0.0,296
1,1,0,0,0,0,0,1,0,0,0,0,1,1,0,1,1,1,1,1,0,1,0,1,0,0,0,0,0,1,0,1,0,0,0,0,0,0,container_cif.y4m,6.14,6.166,0.055946,0.003329,0.0,232
1,1,0,0,0,0,0,0,0,0,1,0,1,0,1,1,0,0,1,1,0,1,0,0,1,0,0,0,0,1,1,0,1,0,0,1,0,0,container_cif.y4m,5.2,5.18,0.053385,0.003431,0.0,310
1,1,0,0,0,0,0,1,0,0,0,0,1,0,1,1,1,1,1,0,1,1,0,0,0,0,0,1,0,1,0,1,1,0,0,1,0,0,container_cif.y4m,62.75,62.79,0.156365,0.00413,0.0,349
1,1,0,0,1,0,0,0,0,0,0,0,1,1,0,1,0,1,1,0,1,1,0,0,0,0,0,1,0,1,0,1,0,0,0,0,0,0,container_cif.y4m,3.59,3.598,0.022804,0.004731,0.0,377
1,1,0,0,0,0,0,0,0,1,0,0,1,0,1,1,1,1,1,1,0,1,0,0,0,0,1,0,0,1,0,1,1,0,0,0,1,0,container_cif.y4m,73.15,73.162,0.13755,0.004325,0.0,94
1,1,1,0,0,0,0,0,0,0,0,0,1,1,0,1,1,0,1,0,1,1,1,0,0,0,0,0,0,1,0,1,1,1,0,0,0,0,container_cif.y4m,4.03,4.03,0.015811,0.003525,0.0,178
1,1,0,0,0,0,0,0,0,0,1,0,1,0,1,1,0,0,1,1,0,1,0,0,0,0,0,1,0,1,0,1,1,0,0,0,0,1,container_cif.y4m,4.87,4.88,0.035355,0.004619,0.0,127
1,1,0,0,0,0,0,1,0,0,0,0,1,0,1,1,1,0,1,0,1,1,0,0,0,1,0,0,0,1,0,1,1,0,0,0,1,0,container_cif.y4m,1.21,1.202,0.010954,0.002275,0.0,111
1,1,1,0,0,0,0,0,0,0,0,0,1,0,1,1,0,1,1,1,0,1,0,1,0,0,0,0,0,1,0,1,1,0,0,1,0,0,container_cif.y4m,3.32,3.318,0.025884,0.004273,0.0,353
1,1,0,0,0,0,1,0,0,0,0,0,1,0,1,1,1,1,1,1,0,1,0,1,0,0,0,0,0,1,1,0,1,0,0,0,1,0,container_cif.y4m,2.86,2.856,0.011402,0.002975,0.0,45
1,1,0,0,0,1,0,0,0,0,0,0,1,0,1,1,1,1,1,0,1,1,0,0,1,0,0,0,0,1,1,0,0,0,0,0,0,0,container_cif.y4m,0.92,0.928,0.017889,0.002553,0.0,226
1,1,0,0,0,0,0,0,0,0,0,1,1,1,0,1,1,0,1,0,1,1,0,0,0,0,0,1,0,1,1,0,1,0,0,0,0,1,container_cif.y4m,3.96,3.964,0.055946,0.002884,0.0,59
1,1,0,0,0,0,0,0,1,0,0,0,1,1,0,1,1,1,1,1,0,1,1,0,0,0,0,0,0,1,0,1,1,1,0,0,0,0,container_cif.y4m,23.57,23.742,0.516595,0.003425,0.0,19
1,1,0,0,0,0,0,0,0,0,0,1,1,1,0,1,0,1,1,0,1,1,0,0,0,1,0,0,0,1,1,0,1,1,0,0,0,0,container_cif.y4m,13.35,13.358,0.058052,0.004124,0.0,304
1,1,0,0,0,0,0,0,1,0,0,0,1,0,1,1,0,1,1,0,1,1,0,1,0,0,0,0,0,1,0,1,0,0,0,0,0,0,container_cif.y4m,2.69,2.698,0.020494,0.003621,0.0,207
1,1,0,0,0,0,1,0,0,0,0,0,1,1,0,1,1,1,1,1,0,1,0,1,0,0,0,0,0,1,1,0,0,0,0,0,0,0,container_cif.y4m,98.24,97.914,0.735207,0.003712,0.0,43
1,1,0,0,0,0,1,0,0,0,0,0,1,1,0,1,1,0,1,1,0,1,1,0,0,0,0,0,0,1,1,0,1,0,0,0,0,1,container_cif.y4m,1.35,1.356,0.015166,0.002636,0.0,40
1,1,0,0,0,1,0,0,0,0,0,0,1,0,1,1,0,1,1,1,0,1,1,0,0,0,0,0,0,1,1,0,1,1,0,0,0,0,container_cif.y4m,99.1,99.088,0.046043,0.004528,0.0,186
1,1,0,0,1,0,0,0,0,0,0,0,1,0,1,1,0,0,1,0,1,1,0,0,0,1,0,0,0,1,0,1,1,0,0,0,0,1,container_cif.y4m,2.16,2.166,0.032863,0.002922,0.0,288
1,1,1,0,0,0,0,0,0,0,0,0,1,1,0,1,1,0,1,1,0,1,0,1,0,0,0,0,0,1,1,0,1,0,1,0,0,0,container_cif.y4m,3.26,3.27,0.017321,0.002887,0.0,82
1,1,0,0,0,0,0,0,0,0,1,0,1,0,1,1,1,1,1,0,1,1,0,0,0,1,0,0,0,1,0,1,0,0,0,0,0,0,container_cif.y4m,2.73,2.732,0.0249,0.003297,0.0,211
1,1,0,0,1,0,0,0,0,0,0,0,1,0,1,1,1,1,1,0,1,1,0,0,0,0,0,1,0,1,1,0,1,0,0,1,0,0,container_cif.y4m,51.29,51.028,0.578161,0.003798,0.0,347
1,1,0,1,0,0,0,0,0,0,0,0,1,0,1,1,0,0,1,1,0,1,1,0,0,0,0,0,0,1,1,0,1,0,0,0,1,0,container_cif.y4m,6.08,6.084,0.047223,0.003081,0.0,13
1,1,0,0,0,0,0,1,0,0,0,0,1,0,1,1,1,1,1,0,1,1,0,0,1,0,0,0,0,1,0,1,0,0,0,0,0,0,container_cif.y4m,194.47,194.344,0.203298,0.003561,0.0,228
1,1,0,0,0,0,0,0,0,1,0,0,1,1,0,1,0,1,1,0,1,1,0,0,1,0,0,0,0,1,0,1,1,0,0,0,0,1,container_cif.y4m,4.48,4.494,0.024083,0.003749,0.0,335
1,1,0,0,0,0,0,0,1,0,0,0,1,1,0,1,1,0,1,0,1,1,0,0,1,0,0,0,0,1,1,0,1,1,0,0,0,0,container_cif.y4m,13.15,13.09,0.144049,0.004334,0.0,24
1,1,1,0,0,0,0,0,0,0,0,0,1,0,1,1,0,1,1,0,1,1,0,1,0,0,0,0,0,1,0,1,1,0,0,1,0,0,container_cif.y4m,171.7,171.886,0.323156,0.005291,0.0,352
1,1,0,0,0,0,1,0,0,0,0,0,1,0,1,1,0,0,1,1,0,1,0,0,0,0,0,1,0,1,1,0,0,0,0,0,0,0,container_cif.y4m,2.84,2.842,0.013038,0.003172,0.0,368
1,1,1,0,0,0,0,0,0,0,0,0,1,0,1,1,1,1,1,1,0,1,0,1,0,0,0,0,0,1,1,0,0,0,0,0,0,0,container_cif.y4m,1.14,1.136,0.005477,0.002907,0.0,80
1,1,0,0,1,0,0,0,0,0,0,0,1,1,0,1,0,0,1,0,1,1,0,1,0,0,0,0,0,1,0,1,0,0,0,0,0,0,container_cif.y4m,13.22,13.23,0.033912,0.003513,0.0,121
1,1,0,0,0,0,0,0,0,0,1,0,1,0,1,1,1,1,1,0,1,1,0,0,1,0,0,0,0,1,1,0,1,1,0,0,0,0,container_cif.y4m,2.41,2.412,0.032711,0.002977,0.0,156
1,1,0,1,0,0,0,0,0,0,0,0,1,0,1,1,1,1,1,1,0,1,0,0,0,0,0,1,0,1,1,0,1,1,0,0,0,0,container_cif.y4m,0.64,0.636,0.005477,0.002343,0.0,9
1,1,0,0,0,0,0,0,0,0,1,0,1,1,0,1,0,0,1,1,0,1,0,0,0,0,1,0,0,1,1,0,1,0,0,0,0,1,container_cif.y4m,3.49,3.502,0.030332,0.003732,0.0,165
1,1,0,0,0,0,0,0,0,0,1,0,1,0,1,1,0,0,1,1,0,1,0,1,0,0,0,0,0,1,0,1,1,0,0,0,0,1,container_cif.y4m,3.37,3.376,0.043359,0.00321,0.0,126
1,1,0,0,1,0,0,0,0,0,0,0,1,1,0,1,1,1,1,0,1,1,0,0,1,0,0,0,0,1,0,1,1,0,1,0,0,0,container_cif.y4m,1.12,1.116,0.005477,0.002907,0.0,280
1,1,0,0,0,0,0,1,0,0,0,0,1,0,1,1,1,1,1,1,0,1,0,1,0,0,0,0,0,1,0,1,1,0,0,0,1,0,container_cif.y4m,0.96,0.958,0.008367,0.005046,0.0,172
1,1,0,0,0,0,0,0,0,0,1,0,1,0,1,1,0,1,1,1,0,1,0,0,0,1,0,0,0,1,0,1,0,0,0,0,0,0,container_cif.y4m,4.78,4.776,0.020736,0.00352,0.0,292
1,1,0,0,0,0,0,0,0,0,1,0,1,1,0,1,1,1,1,0,1,1,0,0,0,0,0,1,0,1,1,0,0,0,0,0,0,0,container_cif.y4m,8.01,7.976,0.061074,0.003301,0.0,105
1,1,0,0,0,1,0,0,0,0,0,0,1,0,1,1,1,1,1,0,1,1,0,0,0,0,0,0,1,1,1,0,1,0,1,0,0,0,container_cif.y4m,10.05,10.054,0.032094,0.004566,0.0,76
1,1,0,0,0,1,0,0,0,0,0,0,1,0,1,1,0,0,1,1,0,1,1,0,0,0,0,0,0,1,1,0,1,0,0,0,0,1,container_cif.y4m,48.32,48.278,0.10895,0.003478,0.0,221
1,1,0,0,0,0,0,0,0,0,1,0,1,1,0,1,1,0,1,1,0,1,0,0,0,0,1,0,0,1,0,1,1,0,0,0,0,1,container_cif.y4m,22.29,22.278,0.038341,0.004296,0.0,167
1,1,0,0,0,0,0,0,0,0,1,0,1,0,1,1,0,1,1,0,1,1,1,0,0,0,0,0,0,1,1,0,1,0,0,0,0,1,container_cif.y4m,122.84,122.516,0.802047,0.004755,0.0,35
1,1,0,0,1,0,0,0,0,0,0,0,1,1,0,1,0,0,1,1,0,1,0,1,0,0,0,0,0,1,0,1,1,0,1,0,0,0,container_cif.y4m,1.88,1.882,0.004472,0.00307,0.0,235
1,1,0,0,0,0,0,0,0,1,0,0,1,1,0,1,1,1,1,0,1,1,0,0,1,0,0,0,0,1,0,1,1,0,0,0,0,1,container_cif.y4m,7.43,7.434,0.023022,0.004615,0.0,333
1,1,0,0,0,0,1,0,0,0,0,0,1,0,1,1,1,1,1,1,0,1,0,1,0,0,0,0,0,1,1,0,0,0,0,0,0,0,container_cif.y4m,49.23,49.254,0.131072,0.003505,0.0,44
1,1,0,0,1,0,0,0,0,0,0,0,1,0,1,1,0,1,1,1,0,1,0,1,0,0,0,0,0,1,0,1,1,1,0,0,0,0,container_cif.y4m,110.7,110.644,0.114804,0.004319,0.0,256
1,1,0,0,0,0,0,1,0,0,0,0,1,0,1,1,1,0,1,0,1,1,0,1,0,0,0,0,0,1,0,1,1,0,0,0,0,1,container_cif.y4m,374.73,375.398,2.869211,0.004748,0.0,192
1,1,0,0,0,0,1,0,0,0,0,0,1,1,0,1,1,1,1,1,0,1,1,0,0,0,0,0,0,1,1,0,1,0,0,0,0,1,container_cif.y4m,8.57,8.556,0.037815,0.003941,0.0,41
1,1,0,0,0,0,0,0,0,0,1,0,1,0,1,1,0,1,1,1,0,1,0,0,0,0,0,1,0,1,0,1,1,0,0,0,1,0,container_cif.y4m,57.91,57.828,0.187003,0.00422,0.0,273
1,1,0,0,0,0,0,0,0,0,1,0,1,1,0,1,0,1,1,0,1,1,0,0,0,0,0,1,0,1,0,1,0,0,0,0,0,0,container_cif.y4m,38.39,38.372,0.19601,0.004209,0.0,101
1,1,0,0,0,0,0,0,0,0,1,0,1,0,1,1,1,1,1,0,1,1,0,0,0,0,1,0,0,1,1,0,1,0,1,0,0,0,container_cif.y4m,31.31,31.288,0.092033,0.003499,0.0,242
1,1,0,0,0,0,0,0,0,0,1,0,1,1,0,1,0,1,1,0,1,1,0,0,0,0,0,1,0,1,1,0,0,0,0,0,0,0,container_cif.y4m,3.98,3.978,0.0249,0.004492,0.0,103
1,1,1,0,0,0,0,0,0,0,0,0,1,1,0,1,1,0,1,1,0,1,0,1,0,0,0,0,0,1,0,1,0,0,0,0,0,0,container_cif.y4m,66.04,66.008,0.083187,0.004408,0.0,1
1,1,0,0,0,0,0,1,0,0,0,0,1,1,0,1,0,0,1,0,1,1,0,0,0,0,0,1,0,1,0,1,1,0,0,0,0,1,container_cif.y4m,3.31,3.298,0.033466,0.004273,0.0,56
1,1,0,0,1,0,0,0,0,0,0,0,1,0,1,1,0,0,1,0,1,1,0,0,0,0,0,0,1,1,0,1,0,0,0,0,0,0,container_cif.y4m,8.14,8.148,0.025884,0.003301,0.0,373
1,1,0,0,0,0,0,0,1,0,0,0,1,1,0,1,1,1,1,0,1,1,0,1,0,0,0,0,0,1,0,1,1,0,1,0,0,0,container_cif.y4m,84.77,84.86,0.819085,0.003438,0.0,318
1,1,0,0,0,1,0,0,0,0,0,0,1,1,0,1,0,0,1,1,0,1,0,0,0,0,1,0,0,1,1,0,0,0,0,0,0,0,container_cif.y4m,122.41,122.338,0.422102,0.00397,0.0,69
1,1,0,1,0,0,0,0,0,0,0,0,1,0,1,1,0,0,1,1,0,1,0,0,0,0,0,1,0,1,1,0,1,1,0,0,0,0,container_cif.y4m,3.27,3.282,0.034205,0.004705,0.0,11
1,1,0,0,1,0,0,0,0,0,0,0,1,0,1,1,0,0,1,1,0,1,0,1,0,0,0,0,0,1,0,1,1,0,0,1,0,0,container_cif.y4m,2.28,2.266,0.019494,0.00335,0.0,258
1,1,0,0,0,0,0,0,0,0,1,0,1,0,1,1,0,0,1,1,0,1,0,1,0,0,0,0,0,1,1,0,1,0,1,0,0,0,container_cif.y4m,202.24,202.284,0.165318,0.004816,0.0,238
1,1,0,0,0,0,0,1,0,0,0,0,1,0,1,1,1,0,1,1,0,1,1,0,0,0,0,0,0,1,0,1,1,0,0,0,1,0,container_cif.y4m,190.72,190.952,0.369215,0.003863,0.0,173
1,1,0,0,0,0,0,1,0,0,0,0,1,0,1,1,0,1,1,0,1,1,0,1,0,0,0,0,0,1,0,1,1,1,0,0,0,0,container_cif.y4m,143.04,143.004,0.160094,0.004251,0.0,190
1,1,0,1,0,0,0,0,0,0,0,0,1,0,1,1,1,0,1,1,0,1,0,0,0,0,0,1,0,1,0,1,1,1,0,0,0,0,container_cif.y4m,40.59,40.558,0.143073,0.004371,0.0,7
1,1,0,0,0,1,0,0,0,0,0,0,1,0,1,1,1,1,1,0,1,1,0,0,0,0,0,0,1,1,1,0,0,0,0,0,0,0,container_cif.y4m,1.31,1.364,0.10139,0.002416,0.0,323
1,1,0,0,0,1,0,0,0,0,0,0,1,0,1,1,0,0,1,0,1,1,0,0,0,0,0,0,1,1,1,0,1,0,0,0,1,0,container_cif.y4m,97.42,100.706,4.88239,0.004101,0.0,73
1,1,0,0,0,0,0,0,0,0,1,0,1,0,1,1,1,0,1,0,1,1,0,1,0,0,0,0,0,1,0,1,0,0,0,0,0,0,container_cif.y4m,104.94,104.982,0.085849,0.003712,0.0,209
1,1,0,1,0,0,0,0,0,0,0,0,1,1,0,1,1,0,1,0,1,1,1,0,0,0,0,0,0,1,1,0,0,0,0,0,0,0,container_cif.y4m,2.41,2.404,0.021909,0.0038,0.0,138
1,1,0,0,0,1,0,0,0,0,0,0,1,1,0,1,1,1,1,1,0,1,0,0,0,0,0,1,0,1,0,1,0,0,0,0,0,0,container_cif.y4m,48.76,48.738,0.221517,0.00445,0.0,264
1,1,0,0,0,0,0,0,0,1,0,0,1,0,1,1,0,1,1,0,1,1,0,0,0,0,0,1,0,1,0,1,1,0,0,0,1,0,container_cif.y4m,125.88,125.624,0.420333,0.00397,0.0,98
1,1,0,0,0,0,0,0,0,0,1,0,1,1,0,1,0,0,1,0,1,1,0,0,0,0,0,1,0,1,1,0,1,0,0,1,0,0,container_cif.y4m,2.44,2.436,0.011402,0.003172,0.0,380
1,1,0,0,1,0,0,0,0,0,0,0,1,1,0,1,1,1,1,1,0,1,0,1,0,0,0,0,0,1,1,0,1,0,1,0,0,0,container_cif.y4m,115.17,115.154,0.091542,0.004223,0.0,85
1,1,0,0,0,0,0,0,0,0,1,0,1,0,1,1,0,0,1,0,1,1,1,0,0,0,0,0,0,1,0,1,1,0,0,0,1,0,container_cif.y4m,57.71,57.7,0.043012,0.003797,0.0,31
1,1,0,1,0,0,0,0,0,0,0,0,1,0,1,1,1,0,1,1,0,1,0,0,0,0,0,1,0,1,1,0,1,1,0,0,0,0,container_cif.y4m,1.54,1.54,0.007071,0.002636,0.0,8
1,1,0,0,1,0,0,0,0,0,0,0,1,1,0,1,1,1,1,1,0,1,1,0,0,0,0,0,0,1,0,1,1,1,0,0,0,0,container_cif.y4m,4.03,4.028,0.031937,0.003412,0.0,216
1,1,0,0,1,0,0,0,0,0,0,0,1,1,0,1,1,1,1,0,1,1,0,0,0,1,0,0,0,1,0,1,1,1,0,0,0,0,container_cif.y4m,0.85,0.85,0.01,0.003024,0.0,214
1,1,0,0,0,0,0,0,1,0,0,0,1,1,0,1,0,0,1,1,0,1,0,0,0,0,0,1,0,1,1,0,0,0,0,0,0,0,container_cif.y4m,4.81,4.798,0.056303,0.003086,0.0,341
1,1,0,0,1,0,0,0,0,0,0,0,1,1,0,1,0,0,1,1,0,1,0,1,0,0,0,0,0,1,1,0,1,0,1,0,0,0,container_cif.y4m,2.94,2.954,0.045607,0.00403,0.0,236
1,1,0,0,0,0,0,0,0,0,1,0,1,0,1,1,0,0,1,0,1,1,0,0,0,0,1,0,0,1,1,0,1,0,1,0,0,0,container_cif.y4m,7.49,7.516,0.059833,0.003939,0.0,240
1,1,0,0,0,0,0,1,0,0,0,0,1,0,1,1,0,0,1,0,1,1,0,0,0,1,0,0,0,1,0,1,1,0,0,0,1,0,container_cif.y4m,3.94,3.944,0.045056,0.004492,0.0,51
1,1,1,0,0,0,0,0,0,0,0,0,1,0,1,1,1,1,1,0,1,1,0,0,0,0,0,0,1,1,1,0,1,0,1,0,0,0,container_cif.y4m,3.92,3.918,0.020494,0.003166,0.0,77
1,1,0,0,0,0,0,0,0,0,1,0,1,0,1,1,1,0,1,1,0,1,0,0,0,0,0,1,0,1,0,1,1,0,0,0,0,1,container_cif.y4m,3.2,3.204,0.032094,0.003272,0.0,128
1,1,0,0,1,0,0,0,0,0,0,0,1,1,0,1,0,0,1,1,0,1,0,1,0,0,0,0,0,1,0,1,0,0,0,0,0,0,container_cif.y4m,53.25,53.222,0.063008,0.003414,0.0,234
1,1,0,0,0,0,0,0,1,0,0,0,1,0,1,1,1,0,1,0,1,1,0,0,0,0,0,1,0,1,0,1,1,0,0,0,1,0,container_cif.y4m,383.18,383.262,0.233495,0.004748,0.0,28
1,1,0,0,1,0,0,0,0,0,0,0,1,1,0,1,1,0,1,0,1,1,1,0,0,0,0,0,0,1,1,0,0,0,0,0,0,0,container_cif.y4m,41.5,41.35,0.293769,0.004371,0.0,139
1,1,0,0,0,0,0,0,0,0,1,0,1,0,1,1,1,0,1,1,0,1,0,0,0,0,1,0,0,1,1,0,1,0,1,0,0,0,container_cif.y4m,0.77,0.778,0.023875,0.0028,0.0,152
1,1,0,1,0,0,0,0,0,0,0,0,1,0,1,1,0,0,1,1,0,1,0,0,0,0,0,1,0,1,1,0,1,0,0,0,1,0,container_cif.y4m,110.26,110.188,0.34069,0.005321,0.0,12
1,1,0,0,0,0,1,0,0,0,0,0,1,0,1,1,0,1,1,1,0,1,0,0,0,0,0,1,0,1,1,0,0,0,0,0,0,0,container_cif.y4m,0.77,0.768,0.014832,0.0028,0.0,369
1,1,0,0,0,0,0,0,0,0,0,1,1,1,0,1,1,0,1,0,1,1,0,0,0,0,0,1,0,1,0,1,1,0,0,0,0,1,container_cif.y4m,22.17,22.174,0.035071,0.004296,0.0,58
1,1,0,0,0,0,0,0,1,0,0,0,1,1,0,1,1,0,1,1,0,1,1,0,0,0,0,0,0,1,1,0,0,0,0,0,0,0,container_cif.y4m,15.67,15.668,0.084971,0.004966,0.0,64
1,1,0,0,0,0,0,0,1,0,0,0,1,1,0,1,1,0,1,1,0,1,0,0,1,0,0,0,0,1,1,0,1,1,0,0,0,0,container_cif.y4m,12.18,12.182,0.028636,0.003219,0.0,21
1,1,0,0,0,1,0,0,0,0,0,0,1,0,1,1,1,1,1,0,1,1,0,0,1,0,0,0,0,1,1,0,1,0,0,0,0,1,container_cif.y4m,50.23,50.246,0.102127,0.003798,0.0,225
1,1,0,0,0,0,1,0,0,0,0,0,1,0,1,1,1,0,1,1,0,1,0,0,0,0,0,1,0,1,1,0,1,0,0,0,1,0,container_cif.y4m,99.12,99.09,0.675463,0.004404,0.0,366
1,1,0,0,0,0,0,1,0,0,0,0,1,0,1,1,1,1,1,0,1,1,0,0,1,0,0,0,0,1,0,1,1,0,0,0,0,1,crew_cif.y4m,5.81,5.76,0.113358,0.010351,0.0,114
1,1,0,0,1,0,0,0,0,0,0,0,1,1,0,1,1,1,1,0,1,1,0,0,1,0,0,0,0,1,1,0,1,0,1,0,0,0,crew_cif.y4m,5.04,5.038,0.0502,0.009959,0.0,281
1,1,0,0,0,1,0,0,0,0,0,0,1,0,1,1,1,0,1,1,0,1,0,0,0,0,0,0,1,1,1,0,1,0,0,1,0,0,crew_cif.y4m,7.0,6.996,0.052249,0.010127,0.0,325
1,1,1,0,0,0,0,0,0,0,0,0,1,1,0,1,1,0,1,1,0,1,0,0,0,0,1,0,0,1,1,0,1,1,0,0,0,0,crew_cif.y4m,5.92,5.92,0.133229,0.009547,0.0,181
1,1,0,0,0,0,0,0,1,0,0,0,1,1,0,1,1,0,1,0,1,1,0,0,1,0,0,0,0,1,1,0,1,0,0,0,0,1,crew_cif.y4m,210.96,210.658,1.519595,0.01137,0.0,247
1,1,0,0,0,0,0,0,0,0,1,0,1,1,0,1,1,0,1,1,0,1,0,0,0,0,1,0,0,1,1,0,1,0,0,0,0,1,crew_cif.y4m,377.5,377.526,0.202435,0.011578,0.0,166
1,1,0,0,0,0,0,0,1,0,0,0,1,1,0,1,1,0,1,0,1,1,0,0,1,0,0,0,0,1,1,0,1,0,0,0,1,0,crew_cif.y4m,9.34,9.346,0.030496,0.007962,0.0,25
1,1,0,0,0,0,0,1,0,0,0,0,1,0,1,1,0,0,1,1,0,1,0,1,0,0,0,0,0,1,0,1,0,0,0,0,0,0,crew_cif.y4m,11.11,11.102,0.108028,0.011434,0.0,355
1,1,0,0,1,0,0,0,0,0,0,0,1,1,0,1,0,0,1,1,0,1,1,0,0,0,0,0,0,1,1,0,1,0,0,0,0,1,crew_cif.y4m,2.41,2.42,0.02,0.008453,0.0,219
1,1,0,0,0,1,0,0,0,0,0,0,1,1,0,1,1,0,1,1,0,1,0,0,0,0,1,0,0,1,1,0,1,1,0,0,0,0,crew_cif.y4m,10.89,10.87,0.179444,0.011434,0.0,182
1,1,0,1,0,0,0,0,0,0,0,0,1,0,1,1,0,1,1,1,0,1,0,0,0,0,0,1,0,1,1,0,1,1,0,0,0,0,crew_cif.y4m,4.6,4.546,0.098133,0.009617,0.0,10
1,1,0,0,1,0,0,0,0,0,0,0,1,1,0,1,1,0,1,0,1,1,0,0,1,0,0,0,0,1,0,1,1,0,0,0,0,1,crew_cif.y4m,110.51,110.51,0.12145,0.008191,0.0,116
1,1,0,0,0,1,0,0,0,0,0,0,1,1,0,1,1,1,1,0,1,1,0,0,0,0,0,1,0,1,0,1,1,1,0,0,0,0,crew_cif.y4m,8.53,8.524,0.059833,0.010198,0.0,266
1,1,0,0,0,0,0,0,1,0,0,0,1,1,0,1,0,0,1,0,1,1,0,0,1,0,0,0,0,1,1,0,1,0,0,1,0,0,crew_cif.y4m,50.91,50.448,1.103028,0.014134,0.0,313
1,1,0,0,0,0,0,1,0,0,0,0,1,0,1,1,0,0,1,1,0,1,0,0,0,0,0,0,1,1,0,1,0,0,0,0,0,0,crew_cif.y4m,10.61,10.646,0.109909,0.012288,0.0,357
1,1,0,0,0,1,0,0,0,0,0,0,1,0,1,1,0,1,1,0,1,1,1,0,0,0,0,0,0,1,1,0,1,1,0,0,0,0,crew_cif.y4m,3.54,3.514,0.069857,0.011493,0.0,187
1,1,0,0,0,0,0,0,1,0,0,0,1,1,0,1,1,1,1,0,1,1,0,0,1,0,0,0,0,1,1,0,1,1,0,0,0,0,crew_cif.y4m,804.18,804.212,0.119457,0.011478,0.0,23
1,1,0,0,1,0,0,0,0,0,0,0,1,1,0,1,1,0,1,1,0,1,0,1,0,0,0,0,0,1,0,1,0,0,0,0,0,0,crew_cif.y4m,70.73,70.82,0.156525,0.009608,0.0,2
1,1,0,0,0,0,0,0,0,0,0,1,1,1,0,1,1,0,1,0,1,1,0,0,0,0,0,1,0,1,1,0,1,1,0,0,0,0,crew_cif.y4m,391.72,391.706,0.640258,0.011276,0.0,301
1,1,0,0,0,0,0,1,0,0,0,0,1,0,1,1,0,1,1,1,0,1,0,1,0,0,0,0,0,1,0,1,0,0,0,0,0,0,crew_cif.y4m,248.24,251.428,6.916312,0.014322,0.0,356
1,1,0,0,0,0,0,0,0,0,1,0,1,1,0,1,0,1,1,0,1,1,0,0,0,0,0,1,0,1,0,1,1,1,0,0,0,0,crew_cif.y4m,12.63,12.618,0.027749,0.01118,0.0,269
1,1,0,0,0,0,0,0,0,0,1,0,1,0,1,1,0,1,1,1,0,1,0,0,1,0,0,0,0,1,0,1,1,0,0,0,1,0,crew_cif.y4m,8.07,8.02,0.096954,0.012405,0.0,274
1,1,0,0,0,0,0,0,0,0,1,0,1,0,1,1,0,1,1,1,0,1,0,0,0,1,0,0,0,1,1,0,1,1,0,0,0,0,crew_cif.y4m,7.12,7.114,0.039749,0.011238,0.0,307
1,1,0,0,1,0,0,0,0,0,0,0,1,0,1,1,0,1,1,1,0,1,0,0,1,0,0,0,0,1,0,1,1,1,0,0,0,0,crew_cif.y4m,45.12,44.966,0.304187,0.008308,0.0,254
1,1,0,0,0,0,0,0,0,0,1,0,1,0,1,1,0,1,1,0,1,1,0,1,0,0,0,0,0,1,0,1,0,0,0,0,0,0,crew_cif.y4m,2.25,2.22,0.079057,0.008561,0.0,208
1,1,0,0,1,0,0,0,0,0,0,0,1,1,0,1,1,1,1,1,0,1,0,0,1,0,0,0,0,1,0,1,1,0,1,0,0,0,crew_cif.y4m,2.4,2.39,0.033912,0.011437,0.0,279
1,1,0,0,0,0,0,1,0,0,0,0,1,1,0,1,1,1,1,1,0,1,0,1,0,0,0,0,0,1,0,1,1,0,0,0,1,0,crew_cif.y4m,8.02,7.99,0.079687,0.010923,0.0,171
1,1,0,0,0,0,0,0,0,1,0,0,1,1,0,1,0,1,1,0,1,1,0,0,0,0,0,1,0,1,0,1,1,0,0,0,1,0,crew_cif.y4m,55.89,55.804,0.250659,0.014134,0.0,99
1,1,1,0,0,0,0,0,0,0,0,0,1,0,1,1,1,1,1,1,0,1,0,1,0,0,0,0,0,1,1,0,1,0,1,0,0,0,crew_cif.y4m,8.38,8.348,0.0614,0.010891,0.0,81
1,1,0,0,0,0,0,0,0,0,1,0,1,0,1,1,1,1,1,0,1,1,0,0,1,0,0,0,0,1,1,0,1,0,1,0,0,0,crew_cif.y4m,3.84,3.774,0.164864,0.009401,0.0,155
1,1,0,0,0,1,0,0,0,0,0,0,1,1,0,1,0,1,1,1,0,1,1,0,0,0,0,0,0,1,1,0,1,1,0,0,0,0,crew_cif.y4m,5.01,5.14,0.253574,0.011238,0.0,185
1,1,0,0,1,0,0,0,0,0,0,0,1,1,0,1,0,0,1,0,1,1,0,0,0,0,0,1,0,1,0,1,0,0,0,0,0,0,crew_cif.y4m,4.81,4.83,0.05831,0.009278,0.0,376
1,1,0,0,0,0,0,0,1,0,0,0,1,1,0,1,0,1,1,0,1,1,0,1,0,0,0,0,0,1,1,0,0,0,0,0,0,0,crew_cif.y4m,2.12,2.118,0.162542,0.008441,0.0,204
1,1,0,0,0,0,0,0,1,0,0,0,1,1,0,1,1,0,1,0,1,1,0,0,0,0,1,0,0,1,1,0,1,0,0,0,0,1,crew_cif.y4m,231.22,231.164,0.255304,0.009376,0.0,246
1,1,0,0,0,0,0,1,0,0,0,0,1,1,0,1,1,1,1,0,1,1,0,0,1,0,0,0,0,1,0,1,0,0,0,0,0,0,crew_cif.y4m,146.89,146.62,1.101885,0.01154,0.0,230
1,1,0,0,0,0,0,0,1,0,0,0,1,0,1,1,1,0,1,0,1,1,0,0,0,0,0,1,0,1,1,0,1,0,0,0,1,0,crew_cif.y4m,124.95,124.918,0.233281,0.015105,0.0,27
1,1,0,1,0,0,0,0,0,0,0,0,1,1,0,1,1,1,1,0,1,1,1,0,0,0,0,0,0,1,1,0,0,0,0,0,0,0,crew_cif.y4m,7.24,7.234,0.047749,0.009969,0.0,137
1,1,0,0,0,0,0,0,0,0,1,0,1,1,0,1,1,1,1,1,0,1,0,0,0,0,1,0,0,1,0,1,1,0,0,0,1,0,crew_cif.y4m,6.94,6.952,0.055857,0.011207,0.0,169
1,1,0,0,0,0,0,0,0,0,1,0,1,0,1,1,0,1,1,0,1,1,1,0,0,0,0,0,0,1,0,1,1,0,0,0,0,1,crew_cif.y4m,290.09,289.818,0.835685,0.011419,0.0,33
1,1,0,0,0,0,0,0,1,0,0,0,1,0,1,1,0,1,1,0,1,1,0,1,0,0,0,0,0,1,1,0,0,0,0,0,0,0,crew_cif.y4m,33.31,33.322,0.103779,0.014599,0.0,205
1,1,0,0,0,0,0,0,0,0,1,0,1,1,0,1,1,0,1,0,1,1,0,0,0,0,1,0,0,1,1,0,1,0,0,0,0,1,crew_cif.y4m,8.18,8.184,0.043932,0.010456,0.0,245
1,1,1,0,0,0,0,0,0,0,0,0,1,1,0,1,0,0,1,1,0,1,0,0,1,0,0,0,0,1,1,0,1,0,0,0,0,1,crew_cif.y4m,5.98,5.97,0.109772,0.008227,0.0,163
1,1,0,0,1,0,0,0,0,0,0,0,1,1,0,1,1,0,1,1,0,1,1,0,0,0,0,0,0,1,0,1,1,1,0,0,0,0,crew_cif.y4m,4.83,4.828,0.028636,0.009278,0.0,4
1,1,0,0,1,0,0,0,0,0,0,0,1,1,0,1,0,0,1,0,1,1,1,0,0,0,0,0,0,1,1,0,1,0,0,0,1,0,crew_cif.y4m,2.9,2.924,0.073007,0.011437,0.0,141
1,1,1,0,0,0,0,0,0,0,0,0,1,1,0,1,1,1,1,0,1,1,0,0,1,0,0,0,0,1,1,0,1,1,0,0,0,0,crew_cif.y4m,398.2,398.172,0.235945,0.009386,0.0,159
1,1,0,0,0,0,0,0,1,0,0,0,1,1,0,1,0,1,1,0,1,1,0,0,1,0,0,0,0,1,0,1,1,0,0,0,0,1,crew_cif.y4m,9.22,9.392,0.3187,0.011353,0.0,336
1,1,0,0,0,1,0,0,0,0,0,0,1,1,0,1,0,0,1,0,1,1,0,0,0,0,0,0,1,1,1,0,1,0,0,0,1,0,crew_cif.y4m,68.43,68.268,0.91174,0.01107,0.0,72
1,1,0,0,0,0,0,0,1,0,0,0,1,1,0,1,1,0,1,1,0,1,0,0,1,0,0,0,0,1,1,0,1,0,0,0,0,1,crew_cif.y4m,6.72,6.652,0.156748,0.010512,0.0,248
1,1,0,1,0,0,0,0,0,0,0,0,1,0,1,1,1,1,1,1,0,1,0,0,0,0,0,1,0,1,0,1,1,0,0,0,0,1,crew_cif.y4m,214.3,217.258,6.397212,0.009279,0.0,130
1,1,0,0,0,1,0,0,0,0,0,0,1,0,1,1,1,1,1,1,0,1,0,0,0,0,0,0,1,1,1,0,0,0,0,0,0,0,crew_cif.y4m,271.06,271.044,0.233302,0.011656,0.0,324
1,1,1,0,0,0,0,0,0,0,0,0,1,0,1,1,0,1,1,1,0,1,0,1,0,0,0,0,0,1,0,1,0,0,0,0,0,0,crew_cif.y4m,198.36,198.366,0.251754,0.015005,0.0,354
1,1,0,0,0,0,0,0,0,0,1,0,1,0,1,1,0,0,1,1,0,1,0,0,0,1,0,0,0,1,0,1,0,0,0,0,0,0,crew_cif.y4m,164.93,165.102,2.134882,0.008084,0.0,291
1,1,0,0,0,0,0,0,0,0,1,0,1,1,0,1,0,0,1,1,0,1,0,1,0,0,0,0,0,1,1,0,1,0,1,0,0,0,crew_cif.y4m,3.63,3.61,0.087178,0.008251,0.0,237
1,1,0,0,0,1,0,0,0,0,0,0,1,1,0,1,1,0,1,1,0,1,1,0,0,0,0,0,0,1,1,0,1,1,0,0,0,0,crew_cif.y4m,4.75,4.75,0.033912,0.010062,0.0,183
1,1,0,0,0,1,0,0,0,0,0,0,1,0,1,1,1,1,1,0,1,1,0,0,1,0,0,0,0,1,0,1,0,0,0,0,0,0,crew_cif.y4m,4.18,4.188,0.031145,0.008974,0.0,227
1,1,0,0,0,0,0,0,1,0,0,0,1,1,0,1,0,1,1,0,1,1,0,0,0,0,0,1,0,1,0,1,0,0,0,0,0,0,crew_cif.y4m,6.98,6.95,0.10198,0.009725,0.0,338
1,1,0,0,1,0,0,0,0,0,0,0,1,0,1,1,0,0,1,0,1,1,1,0,0,0,0,0,0,1,1,0,1,0,0,0,1,0,crew_cif.y4m,33.74,33.732,0.043243,0.01099,0.0,142
1,1,0,0,1,0,0,0,0,0,0,0,1,1,0,1,1,1,1,0,1,1,0,0,1,0,0,0,0,1,1,0,1,0,0,0,0,1,crew_cif.y4m,14.62,14.616,0.026077,0.011228,0.0,332
1,1,0,0,0,0,0,0,0,1,0,0,1,0,1,1,0,0,1,1,0,1,0,0,0,0,1,0,0,1,0,1,1,0,0,0,1,0,crew_cif.y4m,375.87,375.99,0.370608,0.008064,0.0,95
1,1,0,0,1,0,0,0,0,0,0,0,1,0,1,1,0,0,1,0,1,1,0,0,0,1,0,0,0,1,0,1,0,0,0,0,0,0,crew_cif.y4m,10.76,10.762,0.019235,0.011326,0.0,289
1,1,0,0,1,0,0,0,0,0,0,0,1,1,0,1,0,0,1,0,1,1,0,0,0,0,0,1,0,1,0,1,1,0,0,1,0,0,crew_cif.y4m,3.06,3.008,0.090388,0.008251,0.0,378
1,1,0,0,1,0,0,0,0,0,0,0,1,1,0,1,1,1,1,1,0,1,0,0,1,0,0,0,0,1,0,1,1,0,0,0,1,0,crew_cif.y4m,71.23,71.268,0.274809,0.010873,0.0,278
1,1,0,0,0,0,0,0,0,0,1,0,1,0,1,1,1,0,1,0,1,1,1,0,0,0,0,0,0,1,0,1,1,0,0,0,1,0,crew_cif.y4m,7.82,7.814,0.057706,0.011442,0.0,30
1,1,0,0,1,0,0,0,0,0,0,0,1,1,0,1,0,0,1,0,1,1,0,1,0,0,0,0,0,1,0,1,1,0,0,0,0,1,crew_cif.y4m,3.2,3.128,0.11606,0.009246,0.0,120
1,1,0,0,0,1,0,0,0,0,0,0,1,1,0,1,1,1,1,0,1,1,0,0,0,0,0,1,0,1,0,1,0,0,0,0,0,0,crew_cif.y4m,3.81,3.816,0.043359,0.009332,0.0,265
1,1,0,0,0,0,0,0,0,0,1,0,1,1,0,1,1,0,1,1,0,1,0,0,0,0,0,1,0,1,0,1,0,0,0,0,0,0,crew_cif.y4m,6.11,6.124,0.031305,0.008307,0.0,296
1,1,0,0,0,0,0,1,0,0,0,0,1,1,0,1,1,1,1,1,0,1,0,1,0,0,0,0,0,1,0,1,0,0,0,0,0,0,crew_cif.y4m,10.92,10.948,0.074297,0.009622,0.0,232
1,1,0,0,0,0,0,0,0,0,1,0,1,0,1,1,0,0,1,1,0,1,0,0,1,0,0,0,0,1,1,0,1,0,0,1,0,0,crew_cif.y4m,7.76,7.744,0.059414,0.01115,0.0,310
1,1,0,0,0,0,0,1,0,0,0,0,1,0,1,1,1,1,1,0,1,1,0,0,0,0,0,1,0,1,0,1,1,0,0,1,0,0,crew_cif.y4m,236.62,236.162,1.259552,0.01162,0.0,349
1,1,0,0,1,0,0,0,0,0,0,0,1,1,0,1,0,1,1,0,1,1,0,0,0,0,0,1,0,1,0,1,0,0,0,0,0,0,crew_cif.y4m,6.59,6.612,0.158651,0.011355,0.0,377
1,1,0,0,0,0,0,0,0,1,0,0,1,0,1,1,1,1,1,1,0,1,0,0,0,0,1,0,0,1,0,1,1,0,0,0,1,0,crew_cif.y4m,396.21,396.352,0.273441,0.011419,0.0,94
1,1,1,0,0,0,0,0,0,0,0,0,1,1,0,1,1,0,1,0,1,1,1,0,0,0,0,0,0,1,0,1,1,1,0,0,0,0,crew_cif.y4m,7.03,7.026,0.037815,0.011238,0.0,178
1,1,0,0,0,0,0,0,0,0,1,0,1,0,1,1,0,0,1,1,0,1,0,0,0,0,0,1,0,1,0,1,1,0,0,0,0,1,crew_cif.y4m,8.69,8.696,0.054129,0.011228,0.0,127
1,1,0,0,0,0,0,1,0,0,0,0,1,0,1,1,1,0,1,0,1,1,0,0,0,1,0,0,0,1,0,1,1,0,0,0,1,0,crew_cif.y4m,2.75,2.746,0.061074,0.007888,0.0,111
1,1,1,0,0,0,0,0,0,0,0,0,1,0,1,1,0,1,1,1,0,1,0,1,0,0,0,0,0,1,0,1,1,0,0,1,0,0,crew_cif.y4m,7.15,7.176,0.054129,0.010146,0.0,353
1,1,0,0,0,0,1,0,0,0,0,0,1,0,1,1,1,1,1,1,0,1,0,1,0,0,0,0,0,1,1,0,1,0,0,0,1,0,crew_cif.y4m,6.05,6.062,0.042071,0.009617,0.0,45
1,1,0,0,0,1,0,0,0,0,0,0,1,0,1,1,1,1,1,0,1,1,0,0,1,0,0,0,0,1,1,0,0,0,0,0,0,0,crew_cif.y4m,2.38,2.358,0.055857,0.008725,0.0,226
1,1,0,0,0,0,0,0,0,0,0,1,1,1,0,1,1,0,1,0,1,1,0,0,0,0,0,1,0,1,1,0,1,0,0,0,0,1,crew_cif.y4m,6.81,6.814,0.072319,0.009513,0.0,59
1,1,0,0,0,0,0,0,1,0,0,0,1,1,0,1,1,1,1,1,0,1,1,0,0,0,0,0,0,1,0,1,1,1,0,0,0,0,crew_cif.y4m,80.12,79.896,0.708153,0.009608,0.0,19
1,1,0,0,0,0,0,0,0,0,0,1,1,1,0,1,0,1,1,0,1,1,0,0,0,1,0,0,0,1,1,0,1,1,0,0,0,0,crew_cif.y4m,45.83,45.654,0.592309,0.011166,0.0,304
1,1,0,0,0,0,0,0,1,0,0,0,1,0,1,1,0,1,1,0,1,1,0,1,0,0,0,0,0,1,0,1,0,0,0,0,0,0,crew_cif.y4m,6.75,6.72,0.09798,0.010512,0.0,207
1,1,0,0,0,0,1,0,0,0,0,0,1,1,0,1,1,1,1,1,0,1,0,1,0,0,0,0,0,1,1,0,0,0,0,0,0,0,crew_cif.y4m,393.17,396.126,9.322646,0.00929,0.0,43
1,1,0,0,0,0,1,0,0,0,0,0,1,1,0,1,1,0,1,1,0,1,1,0,0,0,0,0,0,1,1,0,1,0,0,0,0,1,crew_cif.y4m,3.97,3.952,0.035637,0.008054,0.0,40
1,1,0,0,0,1,0,0,0,0,0,0,1,0,1,1,0,1,1,1,0,1,1,0,0,0,0,0,0,1,1,0,1,1,0,0,0,0,crew_cif.y4m,238.92,239.098,0.53406,0.01165,0.0,186
1,1,0,0,1,0,0,0,0,0,0,0,1,0,1,1,0,0,1,0,1,1,0,0,0,1,0,0,0,1,0,1,1,0,0,0,0,1,crew_cif.y4m,3.91,4.022,0.236791,0.009187,0.0,288
1,1,1,0,0,0,0,0,0,0,0,0,1,1,0,1,1,0,1,1,0,1,0,1,0,0,0,0,0,1,1,0,1,0,1,0,0,0,crew_cif.y4m,5.74,5.754,0.063482,0.009547,0.0,82
1,1,0,0,0,0,0,0,0,0,1,0,1,0,1,1,1,1,1,0,1,1,0,0,0,1,0,0,0,1,0,1,0,0,0,0,0,0,crew_cif.y4m,4.71,4.712,0.047117,0.010288,0.0,211
1,1,0,0,1,0,0,0,0,0,0,0,1,0,1,1,1,1,1,0,1,1,0,0,0,0,0,1,0,1,1,0,1,0,0,1,0,0,crew_cif.y4m,218.37,218.264,0.293649,0.009376,0.0,347
1,1,0,1,0,0,0,0,0,0,0,0,1,0,1,1,0,0,1,1,0,1,1,0,0,0,0,0,0,1,1,0,1,0,0,0,1,0,crew_cif.y4m,10.82,10.836,0.101637,0.008251,0.0,13
1,1,0,0,0,0,0,1,0,0,0,0,1,0,1,1,1,1,1,0,1,1,0,0,1,0,0,0,0,1,0,1,0,0,0,0,0,0,crew_cif.y4m,573.69,574.012,0.54765,0.008027,0.0,228
1,1,0,0,0,0,0,0,0,1,0,0,1,1,0,1,0,1,1,0,1,1,0,0,1,0,0,0,0,1,0,1,1,0,0,0,0,1,crew_cif.y4m,7.73,7.702,0.097314,0.010923,0.0,335
1,1,0,0,0,0,0,0,1,0,0,0,1,1,0,1,1,0,1,0,1,1,0,0,1,0,0,0,0,1,1,0,1,1,0,0,0,0,crew_cif.y4m,28.7,28.73,0.15248,0.01134,0.0,24
1,1,1,0,0,0,0,0,0,0,0,0,1,0,1,1,0,1,1,0,1,1,0,1,0,0,0,0,0,1,0,1,1,0,0,1,0,0,crew_cif.y4m,416.01,415.912,0.695536,0.014881,0.0,352
1,1,0,0,0,0,1,0,0,0,0,0,1,0,1,1,0,0,1,1,0,1,0,0,0,0,0,1,0,1,1,0,0,0,0,0,0,0,crew_cif.y4m,5.47,5.43,0.124097,0.010269,0.0,368
1,1,1,0,0,0,0,0,0,0,0,0,1,0,1,1,1,1,1,1,0,1,0,1,0,0,0,0,0,1,1,0,0,0,0,0,0,0,crew_cif.y4m,2.79,2.74,0.123085,0.008751,0.0,80
1,1,0,0,1,0,0,0,0,0,0,0,1,1,0,1,0,0,1,0,1,1,0,1,0,0,0,0,0,1,0,1,0,0,0,0,0,0,crew_cif.y4m,47.55,47.508,0.161926,0.009708,0.0,121
1,1,0,0,0,0,0,0,0,0,1,0,1,0,1,1,1,1,1,0,1,1,0,0,1,0,0,0,0,1,1,0,1,1,0,0,0,0,crew_cif.y4m,5.63,5.604,0.057271,0.009969,0.0,156
1,1,0,1,0,0,0,0,0,0,0,0,1,0,1,1,1,1,1,1,0,1,0,0,0,0,0,1,0,1,1,0,1,1,0,0,0,0,crew_cif.y4m,1.64,1.646,0.008944,0.007947,0.0,9
1,1,0,0,0,0,0,0,0,0,1,0,1,1,0,1,0,0,1,1,0,1,0,0,0,0,1,0,0,1,1,0,1,0,0,0,0,1,crew_cif.y4m,7.64,7.58,0.0886,0.010456,0.0,165
1,1,0,0,0,0,0,0,0,0,1,0,1,0,1,1,0,0,1,1,0,1,0,1,0,0,0,0,0,1,0,1,1,0,0,0,0,1,crew_cif.y4m,6.14,6.128,0.067231,0.010231,0.0,126
1,1,0,0,1,0,0,0,0,0,0,0,1,1,0,1,1,1,1,0,1,1,0,0,1,0,0,0,0,1,0,1,1,0,1,0,0,0,crew_cif.y4m,2.73,2.674,0.119708,0.008751,0.0,280
1,1,0,0,0,0,0,1,0,0,0,0,1,0,1,1,1,1,1,1,0,1,0,1,0,0,0,0,0,1,0,1,1,0,0,0,1,0,crew_cif.y4m,1.77,1.824,0.127984,0.011626,0.0,172
1,1,0,0,0,0,0,0,0,0,1,0,1,0,1,1,0,1,1,1,0,1,0,0,0,1,0,0,0,1,0,1,0,0,0,0,0,0,crew_cif.y4m,8.3,8.316,0.070214,0.011241,0.0,292
1,1,0,0,0,0,0,0,0,0,1,0,1,1,0,1,1,1,1,0,1,1,0,0,0,0,0,1,0,1,1,0,0,0,0,0,0,0,crew_cif.y4m,25.65,25.642,0.097314,0.008376,0.0,105
1,1,0,0,0,1,0,0,0,0,0,0,1,0,1,1,1,1,1,0,1,1,0,0,0,0,0,0,1,1,1,0,1,0,1,0,0,0,crew_cif.y4m,14.04,14.092,0.072595,0.011311,0.0,76
1,1,0,0,0,1,0,0,0,0,0,0,1,0,1,1,0,0,1,1,0,1,1,0,0,0,0,0,0,1,1,0,1,0,0,0,0,1,crew_cif.y4m,217.38,217.33,0.460814,0.008066,0.0,221
1,1,0,0,0,0,0,0,0,0,1,0,1,1,0,1,1,0,1,1,0,1,0,0,0,0,1,0,0,1,0,1,1,0,0,0,0,1,crew_cif.y4m,47.94,48.018,0.255578,0.011238,0.0,167
1,1,0,0,0,0,0,0,0,0,1,0,1,0,1,1,0,1,1,0,1,1,1,0,0,0,0,0,0,1,1,0,1,0,0,0,0,1,crew_cif.y4m,394.24,393.794,0.896872,0.011823,0.0,35
1,1,0,0,1,0,0,0,0,0,0,0,1,1,0,1,0,0,1,1,0,1,0,1,0,0,0,0,0,1,0,1,1,0,1,0,0,0,crew_cif.y4m,5.19,5.208,0.032711,0.01009,0.0,235
1,1,0,0,0,0,0,0,0,1,0,0,1,1,0,1,1,1,1,0,1,1,0,0,1,0,0,0,0,1,0,1,1,0,0,0,0,1,crew_cif.y4m,10.55,10.556,0.021909,0.011339,0.0,333
1,1,0,0,0,0,1,0,0,0,0,0,1,0,1,1,1,1,1,1,0,1,0,1,0,0,0,0,0,1,1,0,0,0,0,0,0,0,crew_cif.y4m,198.84,198.654,0.561186,0.008089,0.0,44
1,1,0,0,1,0,0,0,0,0,0,0,1,0,1,1,0,1,1,1,0,1,0,1,0,0,0,0,0,1,0,1,1,1,0,0,0,0,crew_cif.y4m,372.44,372.508,1.924882,0.011364,0.0,256
1,1,0,0,0,0,0,1,0,0,0,0,1,0,1,1,1,0,1,0,1,1,0,1,0,0,0,0,0,1,0,1,1,0,0,0,0,1,crew_cif.y4m,796.11,795.256,2.165348,0.011739,0.0,192
1,1,0,0,0,0,1,0,0,0,0,0,1,1,0,1,1,1,1,1,0,1,1,0,0,0,0,0,0,1,1,0,1,0,0,0,0,1,crew_cif.y4m,24.6,24.552,0.155306,0.011082,0.0,41
1,1,0,0,0,0,0,0,0,0,1,0,1,0,1,1,0,1,1,1,0,1,0,0,0,0,0,1,0,1,0,1,1,0,0,0,1,0,crew_cif.y4m,250.93,250.91,0.173061,0.014358,0.0,273
1,1,0,0,0,0,0,0,0,0,1,0,1,1,0,1,0,1,1,0,1,1,0,0,0,0,0,1,0,1,0,1,0,0,0,0,0,0,crew_cif.y4m,141.43,141.436,0.206107,0.014402,0.0,101
1,1,0,0,0,0,0,0,0,0,1,0,1,0,1,1,1,1,1,0,1,1,0,0,0,0,1,0,0,1,1,0,1,0,1,0,0,0,crew_cif.y4m,105.61,105.658,0.12478,0.008191,0.0,242
1,1,0,0,0,0,0,0,0,0,1,0,1,1,0,1,0,1,1,0,1,1,0,0,0,0,0,1,0,1,1,0,0,0,0,0,0,0,crew_cif.y4m,8.68,8.648,0.09654,0.012405,0.0,103
1,1,1,0,0,0,0,0,0,0,0,0,1,1,0,1,1,0,1,1,0,1,0,1,0,0,0,0,0,1,0,1,0,0,0,0,0,0,crew_cif.y4m,225.4,225.344,0.172714,0.011434,0.0,1
1,1,0,0,0,0,0,1,0,0,0,0,1,1,0,1,0,0,1,0,1,1,0,0,0,0,0,1,0,1,0,1,1,0,0,0,0,1,crew_cif.y4m,7.11,7.152,0.091488,0.010146,0.0,56
1,1,0,0,1,0,0,0,0,0,0,0,1,0,1,1,0,0,1,0,1,1,0,0,0,0,0,0,1,1,0,1,0,0,0,0,0,0,crew_cif.y4m,25.02,24.912,0.293121,0.008376,0.0,373
1,1,0,0,0,0,0,0,1,0,0,0,1,1,0,1,1,1,1,0,1,1,0,1,0,0,0,0,0,1,0,1,1,0,1,0,0,0,crew_cif.y4m,314.05,314.808,2.387859,0.00799,0.0,318
1,1,0,0,0,1,0,0,0,0,0,0,1,1,0,1,0,0,1,1,0,1,0,0,0,0,1,0,0,1,1,0,0,0,0,0,0,0,crew_cif.y4m,382.1,382.188,0.235202,0.009459,0.0,69
1,1,0,1,0,0,0,0,0,0,0,0,1,0,1,1,0,0,1,1,0,1,0,0,0,0,0,1,0,1,1,0,1,1,0,0,0,0,crew_cif.y4m,5.6,5.606,0.131453,0.011333,0.0,11
1,1,0,0,1,0,0,0,0,0,0,0,1,0,1,1,0,0,1,1,0,1,0,1,0,0,0,0,0,1,0,1,1,0,0,1,0,0,crew_cif.y4m,6.03,6.006,0.083247,0.009392,0.0,258
1,1,0,0,0,0,0,0,0,0,1,0,1,0,1,1,0,0,1,1,0,1,0,1,0,0,0,0,0,1,1,0,1,0,1,0,0,0,crew_cif.y4m,491.53,491.488,0.063797,0.011856,0.0,238
1,1,0,0,0,0,0,1,0,0,0,0,1,0,1,1,1,0,1,1,0,1,1,0,0,0,0,0,0,1,0,1,1,0,0,0,1,0,crew_cif.y4m,595.01,595.236,2.05337,0.009375,0.0,173
1,1,0,0,0,0,0,1,0,0,0,0,1,0,1,1,0,1,1,0,1,1,0,1,0,0,0,0,0,1,0,1,1,1,0,0,0,0,crew_cif.y4m,634.65,634.412,1.656448,0.011292,0.0,190
1,1,0,1,0,0,0,0,0,0,0,0,1,0,1,1,1,0,1,1,0,1,0,0,0,0,0,1,0,1,0,1,1,1,0,0,0,0,crew_cif.y4m,135.91,135.868,0.123976,0.011463,0.0,7
1,1,0,0,0,1,0,0,0,0,0,0,1,0,1,1,1,1,1,0,1,1,0,0,0,0,0,0,1,1,1,0,0,0,0,0,0,0,crew_cif.y4m,2.6,2.58,0.042426,0.008561,0.0,323
1,1,0,0,0,1,0,0,0,0,0,0,1,0,1,1,0,0,1,0,1,1,0,0,0,0,0,0,1,1,1,0,1,0,0,0,1,0,crew_cif.y4m,416.42,421.97,11.712568,0.011306,0.0,73
1,1,0,0,0,0,0,0,0,0,1,0,1,0,1,1,1,0,1,0,1,1,0,1,0,0,0,0,0,1,0,1,0,0,0,0,0,0,crew_cif.y4m,373.95,376.174,5.452057,0.00929,0.0,209
1,1,0,1,0,0,0,0,0,0,0,0,1,1,0,1,1,0,1,0,1,1,1,0,0,0,0,0,0,1,1,0,0,0,0,0,0,0,crew_cif.y4m,5.49,5.486,0.016733,0.010518,0.0,138
1,1,0,0,0,1,0,0,0,0,0,0,1,1,0,1,1,1,1,1,0,1,0,0,0,0,0,1,0,1,0,1,0,0,0,0,0,0,crew_cif.y4m,126.06,126.04,0.237065,0.011616,0.0,264
1,1,0,0,0,0,0,0,0,1,0,0,1,0,1,1,0,1,1,0,1,1,0,0,0,0,0,1,0,1,0,1,1,0,0,0,1,0,crew_cif.y4m,389.84,390.112,0.646429,0.009459,0.0,98
1,1,0,0,0,0,0,0,0,0,1,0,1,1,0,1,0,0,1,0,1,1,0,0,0,0,0,1,0,1,1,0,1,0,0,1,0,0,crew_cif.y4m,5.09,4.956,0.251952,0.010324,0.0,380
1,1,0,0,1,0,0,0,0,0,0,0,1,1,0,1,1,1,1,1,0,1,0,1,0,0,0,0,0,1,1,0,1,0,1,0,0,0,crew_cif.y4m,400.63,400.948,2.398848,0.014272,0.0,85
1,1,0,0,0,0,0,0,0,0,1,0,1,0,1,1,0,0,1,0,1,1,1,0,0,0,0,0,0,1,0,1,1,0,0,0,1,0,crew_cif.y4m,214.8,214.696,0.316275,0.00941,0.0,31
1,1,0,1,0,0,0,0,0,0,0,0,1,0,1,1,1,0,1,1,0,1,0,0,0,0,0,1,0,1,1,0,1,1,0,0,0,0,crew_cif.y4m,4.44,4.448,0.037683,0.008054,0.0,8
1,1,0,0,1,0,0,0,0,0,0,0,1,1,0,1,1,1,1,1,0,1,1,0,0,0,0,0,0,1,0,1,1,1,0,0,0,0,crew_cif.y4m,7.8,7.72,0.168967,0.009725,0.0,216
1,1,0,0,1,0,0,0,0,0,0,0,1,1,0,1,1,1,1,0,1,1,0,0,0,1,0,0,0,1,0,1,1,1,0,0,0,0,crew_cif.y4m,2.36,2.35,0.030822,0.009246,0.0,214
1,1,0,0,0,0,0,0,1,0,0,0,1,1,0,1,0,0,1,1,0,1,0,0,0,0,0,1,0,1,1,0,0,0,0,0,0,0,crew_cif.y4m,9.23,9.196,0.066933,0.010198,0.0,341
1,1,0,0,1,0,0,0,0,0,0,0,1,1,0,1,0,0,1,1,0,1,0,1,0,0,0,0,0,1,1,0,1,0,1,0,0,0,crew_cif.y4m,5.55,5.526,0.104067,0.011088,0.0,236
1,1,0,0,0,0,0,0,0,0,1,0,1,0,1,1,0,0,1,0,1,1,0,0,0,0,1,0,0,1,1,0,1,0,1,0,0,0,crew_cif.y4m,10.88,10.848,0.092033,0.012472,0.0,240
1,1,0,0,0,0,0,1,0,0,0,0,1,0,1,1,0,0,1,0,1,1,0,0,0,1,0,0,0,1,0,1,1,0,0,0,1,0,crew_cif.y4m,9.3,9.228,0.119038,0.012405,0.0,51
1,1,1,0,0,0,0,0,0,0,0,0,1,0,1,1,1,1,1,0,1,1,0,0,0,0,0,0,1,1,1,0,1,0,1,0,0,0,crew_cif.y4m,6.59,6.648,0.155628,0.008362,0.0,77
1,1,0,0,0,0,0,0,0,0,1,0,1,0,1,1,1,0,1,1,0,1,0,0,0,0,0,1,0,1,0,1,1,0,0,0,0,1,crew_cif.y4m,8.01,8.016,0.039115,0.009303,0.0,128
1,1,0,0,1,0,0,0,0,0,0,0,1,1,0,1,0,0,1,1,0,1,0,1,0,0,0,0,0,1,0,1,0,0,0,0,0,0,crew_cif.y4m,168.97,169.1,0.626059,0.008084,0.0,234
1,1,0,0,0,0,0,0,1,0,0,0,1,0,1,1,1,0,1,0,1,1,0,0,0,0,0,1,0,1,0,1,1,0,0,0,1,0,crew_cif.y4m,834.68,835.89,2.092415,0.011739,0.0,28
1,1,0,0,1,0,0,0,0,0,0,0,1,1,0,1,1,0,1,0,1,1,1,0,0,0,0,0,0,1,1,0,0,0,0,0,0,0,crew_cif.y4m,130.81,130.692,0.501568,0.011463,0.0,139
1,1,0,0,0,0,0,0,0,0,1,0,1,0,1,1,1,0,1,1,0,1,0,0,0,0,1,0,0,1,1,0,1,0,1,0,0,0,crew_cif.y4m,2.24,2.194,0.125618,0.008441,0.0,152
1,1,0,1,0,0,0,0,0,0,0,0,1,0,1,1,0,0,1,1,0,1,0,0,0,0,0,1,0,1,1,0,1,0,0,0,1,0,crew_cif.y4m,238.04,237.998,0.422635,0.014942,0.0,12
1,1,0,0,0,0,1,0,0,0,0,0,1,0,1,1,0,1,1,1,0,1,0,0,0,0,0,1,0,1,1,0,0,0,0,0,0,0,crew_cif.y4m,2.3,2.266,0.093167,0.008441,0.0,369
1,1,0,0,0,0,0,0,0,0,0,1,1,1,0,1,1,0,1,0,1,1,0,0,0,0,0,1,0,1,0,1,1,0,0,0,0,1,crew_cif.y4m,47.82,48.036,0.388883,0.011238,0.0,58
1,1,0,0,0,0,0,0,1,0,0,0,1,1,0,1,1,0,1,1,0,1,1,0,0,0,0,0,0,1,1,0,0,0,0,0,0,0,crew_cif.y4m,52.65,52.618,0.104019,0.014134,0.0,64
1,1,0,0,0,0,0,0,1,0,0,0,1,1,0,1,1,0,1,1,0,1,0,0,1,0,0,0,0,1,1,0,1,1,0,0,0,0,crew_cif.y4m,36.41,36.49,0.213776,0.008284,0.0,21
1,1,0,0,0,1,0,0,0,0,0,0,1,0,1,1,1,1,1,0,1,1,0,0,1,0,0,0,0,1,1,0,1,0,0,0,0,1,crew_cif.y4m,225.57,224.816,1.627046,0.009376,0.0,225
1,1,0,0,0,0,1,0,0,0,0,0,1,0,1,1,1,0,1,1,0,1,0,0,0,0,0,1,0,1,1,0,1,0,0,0,1,0,crew_cif.y4m,309.54,311.006,2.959946,0.011419,0.0,366
1,1,0,0,0,0,0,1,0,0,0,0,1,0,1,1,1,1,1,0,1,1,0,0,1,0,0,0,0,1,0,1,1,0,0,0,0,1,deadline_cif.y4m,14.14,14.102,0.060992,0.003521,0.0,114
1,1,0,0,1,0,0,0,0,0,0,0,1,1,0,1,1,1,1,0,1,1,0,0,1,0,0,0,0,1,1,0,1,0,1,0,0,0,deadline_cif.y4m,8.87,8.902,0.084971,0.003218,0.0,281
1,1,0,0,0,1,0,0,0,0,0,0,1,0,1,1,1,0,1,1,0,1,0,0,0,0,0,0,1,1,1,0,1,0,0,1,0,0,deadline_cif.y4m,17.94,17.928,0.025884,0.00339,0.0,325
1,1,1,0,0,0,0,0,0,0,0,0,1,1,0,1,1,0,1,1,0,1,0,0,0,0,1,0,0,1,1,0,1,1,0,0,0,0,deadline_cif.y4m,15.49,15.48,0.044721,0.00325,0.0,181
1,1,0,0,0,0,0,0,1,0,0,0,1,1,0,1,1,0,1,0,1,1,0,0,1,0,0,0,0,1,1,0,1,0,0,0,0,1,deadline_cif.y4m,370.06,384.644,20.1129,0.003857,0.0,247
1,1,0,0,0,0,0,0,0,0,1,0,1,1,0,1,1,0,1,1,0,1,0,0,0,0,1,0,0,1,1,0,1,0,0,0,0,1,deadline_cif.y4m,563.04,562.92,0.288271,0.005574,0.0,166
1,1,0,0,0,0,0,0,1,0,0,0,1,1,0,1,1,0,1,0,1,1,0,0,1,0,0,0,0,1,1,0,1,0,0,0,1,0,deadline_cif.y4m,15.39,15.332,0.158965,0.003276,0.0,25
1,1,0,0,0,0,0,1,0,0,0,0,1,0,1,1,0,0,1,1,0,1,0,1,0,0,0,0,0,1,0,1,0,0,0,0,0,0,deadline_cif.y4m,35.38,35.348,0.169027,0.005608,0.0,355
1,1,0,0,1,0,0,0,0,0,0,0,1,1,0,1,0,0,1,1,0,1,1,0,0,0,0,0,0,1,1,0,1,0,0,0,0,1,deadline_cif.y4m,4.44,4.432,0.031145,0.003135,0.0,219
1,1,0,0,0,1,0,0,0,0,0,0,1,1,0,1,1,0,1,1,0,1,0,0,0,0,1,0,0,1,1,0,1,1,0,0,0,0,deadline_cif.y4m,36.0,36.058,0.191494,0.005608,0.0,182
1,1,0,1,0,0,0,0,0,0,0,0,1,0,1,1,0,1,1,1,0,1,0,0,0,0,0,1,0,1,1,0,1,1,0,0,0,0,deadline_cif.y4m,12.19,12.192,0.064576,0.003372,0.0,10
1,1,0,0,1,0,0,0,0,0,0,0,1,1,0,1,1,0,1,0,1,1,0,0,1,0,0,0,0,1,0,1,1,0,0,0,0,1,deadline_cif.y4m,241.79,241.898,0.352236,0.003586,0.0,116
1,1,0,0,0,1,0,0,0,0,0,0,1,1,0,1,1,1,1,0,1,1,0,0,0,0,0,1,0,1,0,1,1,1,0,0,0,0,deadline_cif.y4m,21.09,21.064,0.094763,0.003394,0.0,266
1,1,0,0,0,0,0,0,1,0,0,0,1,1,0,1,0,0,1,0,1,1,0,0,1,0,0,0,0,1,1,0,1,0,0,1,0,0,deadline_cif.y4m,88.13,88.158,0.173407,0.005871,0.0,313
1,1,0,0,0,0,0,1,0,0,0,0,1,0,1,1,0,0,1,1,0,1,0,0,0,0,0,0,1,1,0,1,0,0,0,0,0,0,deadline_cif.y4m,23.76,23.756,0.050299,0.005517,0.0,357
1,1,0,0,0,1,0,0,0,0,0,0,1,0,1,1,0,1,1,0,1,1,1,0,0,0,0,0,0,1,1,0,1,1,0,0,0,0,deadline_cif.y4m,7.21,7.27,0.2499,0.00573,0.0,187
1,1,0,0,0,0,0,0,1,0,0,0,1,1,0,1,1,1,1,0,1,1,0,0,1,0,0,0,0,1,1,0,1,1,0,0,0,0,deadline_cif.y4m,1219.73,1219.676,0.306235,0.005511,0.0,23
1,1,0,0,1,0,0,0,0,0,0,0,1,1,0,1,1,0,1,1,0,1,0,1,0,0,0,0,0,1,0,1,0,0,0,0,0,0,deadline_cif.y4m,121.88,122.056,0.593827,0.003509,0.0,2
1,1,0,0,0,0,0,0,0,0,0,1,1,1,0,1,1,0,1,0,1,1,0,0,0,0,0,1,0,1,1,0,1,1,0,0,0,0,deadline_cif.y4m,510.89,510.21,1.38638,0.004145,0.0,301
1,1,0,0,0,0,0,1,0,0,0,0,1,0,1,1,0,1,1,1,0,1,0,1,0,0,0,0,0,1,0,1,0,0,0,0,0,0,deadline_cif.y4m,475.69,480.04,6.643049,0.005676,0.0,356
1,1,0,0,0,0,0,0,0,0,1,0,1,1,0,1,0,1,1,0,1,1,0,0,0,0,0,1,0,1,0,1,1,1,0,0,0,0,deadline_cif.y4m,27.65,27.67,0.08124,0.005397,0.0,269
1,1,0,0,0,0,0,0,0,0,1,0,1,0,1,1,0,1,1,1,0,1,0,0,1,0,0,0,0,1,0,1,1,0,0,0,1,0,deadline_cif.y4m,19.01,19.032,0.046043,0.005622,0.0,274
1,1,0,0,0,0,0,0,0,0,1,0,1,0,1,1,0,1,1,1,0,1,0,0,0,1,0,0,0,1,1,0,1,1,0,0,0,0,deadline_cif.y4m,21.97,21.946,0.039115,0.00523,0.0,307
1,1,0,0,1,0,0,0,0,0,0,0,1,0,1,1,0,1,1,1,0,1,0,0,1,0,0,0,0,1,0,1,1,1,0,0,0,0,deadline_cif.y4m,72.25,72.252,0.108259,0.003598,0.0,254
1,1,0,0,0,0,0,0,0,0,1,0,1,0,1,1,0,1,1,0,1,1,0,1,0,0,0,0,0,1,0,1,0,0,0,0,0,0,deadline_cif.y4m,4.74,4.8,0.145774,0.003259,0.0,208
1,1,0,0,1,0,0,0,0,0,0,0,1,1,0,1,1,1,1,1,0,1,0,0,1,0,0,0,0,1,0,1,1,0,1,0,0,0,deadline_cif.y4m,6.87,6.86,0.028284,0.007285,0.0,279
1,1,0,0,0,0,0,1,0,0,0,0,1,1,0,1,1,1,1,1,0,1,0,1,0,0,0,0,0,1,0,1,1,0,0,0,1,0,deadline_cif.y4m,22.23,22.196,0.183521,0.003956,0.0,171
1,1,0,0,0,0,0,0,0,1,0,0,1,1,0,1,0,1,1,0,1,1,0,0,0,0,0,1,0,1,0,1,1,0,0,0,1,0,deadline_cif.y4m,91.77,91.748,0.237739,0.005871,0.0,99
1,1,1,0,0,0,0,0,0,0,0,0,1,0,1,1,1,1,1,1,0,1,0,1,0,0,0,0,0,1,1,0,1,0,1,0,0,0,deadline_cif.y4m,24.07,24.098,0.141315,0.003833,0.0,81
1,1,0,0,0,0,0,0,0,0,1,0,1,0,1,1,1,1,1,0,1,1,0,0,1,0,0,0,0,1,1,0,1,0,1,0,0,0,deadline_cif.y4m,8.56,8.5,0.145774,0.003796,0.0,155
1,1,0,0,0,1,0,0,0,0,0,0,1,1,0,1,0,1,1,1,0,1,1,0,0,0,0,0,0,1,1,0,1,1,0,0,0,0,deadline_cif.y4m,15.46,15.466,0.047749,0.00523,0.0,185
1,1,0,0,1,0,0,0,0,0,0,0,1,1,0,1,0,0,1,0,1,1,0,0,0,0,0,1,0,1,0,1,0,0,0,0,0,0,deadline_cif.y4m,8.96,8.96,0.032404,0.003024,0.0,376
1,1,0,0,0,0,0,0,1,0,0,0,1,1,0,1,0,1,1,0,1,1,0,1,0,0,0,0,0,1,1,0,0,0,0,0,0,0,deadline_cif.y4m,3.63,3.62,0.014142,0.003342,0.0,204
1,1,0,0,0,0,0,0,1,0,0,0,1,1,0,1,1,0,1,0,1,1,0,0,0,0,1,0,0,1,1,0,1,0,0,0,0,1,deadline_cif.y4m,306.78,306.148,1.475388,0.003542,0.0,246
1,1,0,0,0,0,0,1,0,0,0,0,1,1,0,1,1,1,1,0,1,1,0,0,1,0,0,0,0,1,0,1,0,0,0,0,0,0,deadline_cif.y4m,269.64,269.844,0.858068,0.003945,0.0,230
1,1,0,0,0,0,0,0,1,0,0,0,1,0,1,1,1,0,1,0,1,1,0,0,0,0,0,1,0,1,1,0,1,0,0,0,1,0,deadline_cif.y4m,320.62,320.776,0.596934,0.006457,0.0,27
1,1,0,1,0,0,0,0,0,0,0,0,1,1,0,1,1,1,1,0,1,1,1,0,0,0,0,0,0,1,1,0,0,0,0,0,0,0,deadline_cif.y4m,13.05,13.062,0.096281,0.003243,0.0,137
1,1,0,0,0,0,0,0,0,0,1,0,1,1,0,1,1,1,1,1,0,1,0,0,0,0,1,0,0,1,0,1,1,0,0,0,1,0,deadline_cif.y4m,16.87,16.9,0.087464,0.005339,0.0,169
1,1,0,0,0,0,0,0,0,0,1,0,1,0,1,1,0,1,1,0,1,1,1,0,0,0,0,0,0,1,0,1,1,0,0,0,0,1,deadline_cif.y4m,460.58,460.24,0.983692,0.003947,0.0,33
1,1,0,0,0,0,0,0,1,0,0,0,1,0,1,1,0,1,1,0,1,1,0,1,0,0,0,0,0,1,1,0,0,0,0,0,0,0,deadline_cif.y4m,91.51,91.5,0.221811,0.006381,0.0,205
1,1,0,0,0,0,0,0,0,0,1,0,1,1,0,1,1,0,1,0,1,1,0,0,0,0,1,0,0,1,1,0,1,0,0,0,0,1,deadline_cif.y4m,14.59,14.578,0.046043,0.003545,0.0,245
1,1,1,0,0,0,0,0,0,0,0,0,1,1,0,1,0,0,1,1,0,1,0,0,1,0,0,0,0,1,1,0,1,0,0,0,0,1,deadline_cif.y4m,15.38,15.382,0.078867,0.003237,0.0,163
1,1,0,0,1,0,0,0,0,0,0,0,1,1,0,1,1,0,1,1,0,1,1,0,0,0,0,0,0,1,0,1,1,1,0,0,0,0,deadline_cif.y4m,8.92,8.914,0.035777,0.003024,0.0,4
1,1,0,0,1,0,0,0,0,0,0,0,1,1,0,1,0,0,1,0,1,1,1,0,0,0,0,0,0,1,1,0,1,0,0,0,1,0,deadline_cif.y4m,9.07,9.082,0.075299,0.007285,0.0,141
1,1,1,0,0,0,0,0,0,0,0,0,1,1,0,1,1,1,1,0,1,1,0,0,1,0,0,0,0,1,1,0,1,1,0,0,0,0,deadline_cif.y4m,483.52,483.668,0.595961,0.003669,0.0,159
1,1,0,0,0,0,0,0,1,0,0,0,1,1,0,1,0,1,1,0,1,1,0,0,1,0,0,0,0,1,0,1,1,0,0,0,0,1,deadline_cif.y4m,35.0,35.054,0.132778,0.005393,0.0,336
1,1,0,0,0,1,0,0,0,0,0,0,1,1,0,1,0,0,1,0,1,1,0,0,0,0,0,0,1,1,1,0,1,0,0,0,1,0,deadline_cif.y4m,115.43,115.554,0.469819,0.003822,0.0,72
1,1,0,0,0,0,0,0,1,0,0,0,1,1,0,1,1,0,1,1,0,1,0,0,1,0,0,0,0,1,1,0,1,0,0,0,0,1,deadline_cif.y4m,13.36,13.368,0.085264,0.003678,0.0,248
1,1,0,1,0,0,0,0,0,0,0,0,1,0,1,1,1,1,1,1,0,1,0,0,0,0,0,1,0,1,0,1,1,0,0,0,0,1,deadline_cif.y4m,402.43,401.176,2.907461,0.003423,0.0,130
1,1,0,0,0,1,0,0,0,0,0,0,1,0,1,1,1,1,1,1,0,1,0,0,0,0,0,0,1,1,1,0,0,0,0,0,0,0,deadline_cif.y4m,653.96,654.026,0.292284,0.005515,0.0,324
1,1,1,0,0,0,0,0,0,0,0,0,1,0,1,1,0,1,1,1,0,1,0,1,0,0,0,0,0,1,0,1,0,0,0,0,0,0,deadline_cif.y4m,463.34,462.898,0.756915,0.006387,0.0,354
1,1,0,0,0,0,0,0,0,0,1,0,1,0,1,1,0,0,1,1,0,1,0,0,0,1,0,0,0,1,0,1,0,0,0,0,0,0,deadline_cif.y4m,305.38,304.34,2.195826,0.003498,0.0,291
1,1,0,0,0,0,0,0,0,0,1,0,1,1,0,1,0,0,1,1,0,1,0,1,0,0,0,0,0,1,1,0,1,0,1,0,0,0,deadline_cif.y4m,5.98,5.992,0.044385,0.003122,0.0,237
1,1,0,0,0,1,0,0,0,0,0,0,1,1,0,1,1,0,1,1,0,1,1,0,0,0,0,0,0,1,1,0,1,1,0,0,0,0,deadline_cif.y4m,9.14,9.146,0.013416,0.003317,0.0,183
1,1,0,0,0,1,0,0,0,0,0,0,1,0,1,1,1,1,1,0,1,1,0,0,1,0,0,0,0,1,0,1,0,0,0,0,0,0,deadline_cif.y4m,6.79,6.784,0.027019,0.003325,0.0,227
1,1,0,0,0,0,0,0,1,0,0,0,1,1,0,1,0,1,1,0,1,1,0,0,0,0,0,1,0,1,0,1,0,0,0,0,0,0,deadline_cif.y4m,19.24,19.156,0.14519,0.003583,0.0,338
1,1,0,0,1,0,0,0,0,0,0,0,1,0,1,1,0,0,1,0,1,1,1,0,0,0,0,0,0,1,1,0,1,0,0,0,1,0,deadline_cif.y4m,60.92,60.982,0.135167,0.003885,0.0,142
1,1,0,0,1,0,0,0,0,0,0,0,1,1,0,1,1,1,1,0,1,1,0,0,1,0,0,0,0,1,1,0,1,0,0,0,0,1,deadline_cif.y4m,49.56,49.526,0.069857,0.005454,0.0,332
1,1,0,0,0,0,0,0,0,1,0,0,1,0,1,1,0,0,1,1,0,1,0,0,0,0,1,0,0,1,0,1,1,0,0,0,1,0,deadline_cif.y4m,467.26,467.404,0.548024,0.003683,0.0,95
1,1,0,0,1,0,0,0,0,0,0,0,1,0,1,1,0,0,1,0,1,1,0,0,0,1,0,0,0,1,0,1,0,0,0,0,0,0,deadline_cif.y4m,33.12,33.146,0.096333,0.005525,0.0,289
1,1,0,0,1,0,0,0,0,0,0,0,1,1,0,1,0,0,1,0,1,1,0,0,0,0,0,1,0,1,0,1,1,0,0,1,0,0,deadline_cif.y4m,5.55,5.56,0.029155,0.003122,0.0,378
1,1,0,0,1,0,0,0,0,0,0,0,1,1,0,1,1,1,1,1,0,1,0,0,1,0,0,0,0,1,0,1,1,0,0,0,1,0,deadline_cif.y4m,127.76,127.92,0.638396,0.003828,0.0,278
1,1,0,0,0,0,0,0,0,0,1,0,1,0,1,1,1,0,1,0,1,1,1,0,0,0,0,0,0,1,0,1,1,0,0,0,1,0,deadline_cif.y4m,24.69,24.69,0.076811,0.005612,0.0,30
1,1,0,0,1,0,0,0,0,0,0,0,1,1,0,1,0,0,1,0,1,1,0,1,0,0,0,0,0,1,0,1,1,0,0,0,0,1,deadline_cif.y4m,5.31,5.306,0.016733,0.003584,0.0,120
1,1,0,0,0,1,0,0,0,0,0,0,1,1,0,1,1,1,1,0,1,1,0,0,0,0,0,1,0,1,0,1,0,0,0,0,0,0,deadline_cif.y4m,7.47,7.462,0.031145,0.003119,0.0,265
1,1,0,0,0,0,0,0,0,0,1,0,1,1,0,1,1,0,1,1,0,1,0,0,0,0,0,1,0,1,0,1,0,0,0,0,0,0,deadline_cif.y4m,16.27,16.29,0.038079,0.003359,0.0,296
1,1,0,0,0,0,0,1,0,0,0,0,1,1,0,1,1,1,1,1,0,1,0,1,0,0,0,0,0,1,0,1,0,0,0,0,0,0,deadline_cif.y4m,30.34,30.362,0.10616,0.00347,0.0,232
1,1,0,0,0,0,0,0,0,0,1,0,1,0,1,1,0,0,1,1,0,1,0,0,1,0,0,0,0,1,1,0,1,0,0,1,0,0,deadline_cif.y4m,23.21,23.266,0.110136,0.005024,0.0,310
1,1,0,0,0,0,0,1,0,0,0,0,1,0,1,1,1,1,1,0,1,1,0,0,0,0,0,1,0,1,0,1,1,0,0,1,0,0,deadline_cif.y4m,416.23,416.054,0.384357,0.005468,0.0,349
1,1,0,0,1,0,0,0,0,0,0,0,1,1,0,1,0,1,1,0,1,1,0,0,0,0,0,1,0,1,0,1,0,0,0,0,0,0,deadline_cif.y4m,17.95,17.936,0.066933,0.005559,0.0,377
1,1,0,0,0,0,0,0,0,1,0,0,1,0,1,1,1,1,1,1,0,1,0,0,0,0,1,0,0,1,0,1,1,0,0,0,1,0,deadline_cif.y4m,504.93,504.918,0.574691,0.004099,0.0,94
1,1,1,0,0,0,0,0,0,0,0,0,1,1,0,1,1,0,1,0,1,1,1,0,0,0,0,0,0,1,0,1,1,1,0,0,0,0,deadline_cif.y4m,21.98,21.966,0.114149,0.00523,0.0,178
1,1,0,0,0,0,0,0,0,0,1,0,1,0,1,1,0,0,1,1,0,1,0,0,0,0,0,1,0,1,0,1,1,0,0,0,0,1,deadline_cif.y4m,20.25,20.248,0.033466,0.005433,0.0,127
1,1,0,0,0,0,0,1,0,0,0,0,1,0,1,1,1,0,1,0,1,1,0,0,0,1,0,0,0,1,0,1,1,0,0,0,1,0,deadline_cif.y4m,6.06,6.056,0.018166,0.003074,0.0,111
1,1,1,0,0,0,0,0,0,0,0,0,1,0,1,1,0,1,1,1,0,1,0,1,0,0,0,0,0,1,0,1,1,0,0,1,0,0,deadline_cif.y4m,15.47,15.464,0.013416,0.005039,0.0,353
1,1,0,0,0,0,1,0,0,0,0,0,1,0,1,1,1,1,1,1,0,1,0,1,0,0,0,0,0,1,1,0,1,0,0,0,1,0,deadline_cif.y4m,15.51,15.522,0.051672,0.003372,0.0,45
1,1,0,0,0,1,0,0,0,0,0,0,1,0,1,1,1,1,1,0,1,1,0,0,1,0,0,0,0,1,1,0,0,0,0,0,0,0,deadline_cif.y4m,5.06,5.058,0.013038,0.003426,0.0,226
1,1,0,0,0,0,0,0,0,0,0,1,1,1,0,1,1,0,1,0,1,1,0,0,0,0,0,1,0,1,1,0,1,0,0,0,0,1,deadline_cif.y4m,18.34,18.326,0.027928,0.003201,0.0,59
1,1,0,0,0,0,0,0,1,0,0,0,1,1,0,1,1,1,1,1,0,1,1,0,0,0,0,0,0,1,0,1,1,1,0,0,0,0,deadline_cif.y4m,127.64,128.032,3.735983,0.003509,0.0,19
1,1,0,0,0,0,0,0,0,0,0,1,1,1,0,1,0,1,1,0,1,1,0,0,0,1,0,0,0,1,1,0,1,1,0,0,0,0,deadline_cif.y4m,73.01,73.012,0.135904,0.003916,0.0,304
1,1,0,0,0,0,0,0,1,0,0,0,1,0,1,1,0,1,1,0,1,1,0,1,0,0,0,0,0,1,0,1,0,0,0,0,0,0,deadline_cif.y4m,13.08,13.044,0.051284,0.003678,0.0,207
1,1,0,0,0,0,1,0,0,0,0,0,1,1,0,1,1,1,1,1,0,1,0,1,0,0,0,0,0,1,1,0,0,0,0,0,0,0,deadline_cif.y4m,623.15,617.074,17.510877,0.003458,0.0,43
1,1,0,0,0,0,1,0,0,0,0,0,1,1,0,1,1,0,1,1,0,1,1,0,0,0,0,0,0,1,1,0,1,0,0,0,0,1,deadline_cif.y4m,7.78,7.784,0.038471,0.003122,0.0,40
1,1,0,0,0,1,0,0,0,0,0,0,1,0,1,1,0,1,1,1,0,1,1,0,0,0,0,0,0,1,1,0,1,1,0,0,0,0,deadline_cif.y4m,548.61,548.456,0.257449,0.005414,0.0,186
1,1,0,0,1,0,0,0,0,0,0,0,1,0,1,1,0,0,1,0,1,1,0,0,0,1,0,0,0,1,0,1,1,0,0,0,0,1,deadline_cif.y4m,9.16,9.19,0.089443,0.003527,0.0,288
1,1,1,0,0,0,0,0,0,0,0,0,1,1,0,1,1,0,1,1,0,1,0,1,0,0,0,0,0,1,1,0,1,0,1,0,0,0,deadline_cif.y4m,15.39,15.348,0.115195,0.00325,0.0,82
1,1,0,0,0,0,0,0,0,0,1,0,1,0,1,1,1,1,1,0,1,1,0,0,0,1,0,0,0,1,0,1,0,0,0,0,0,0,deadline_cif.y4m,12.48,12.46,0.058737,0.003513,0.0,211
1,1,0,0,1,0,0,0,0,0,0,0,1,0,1,1,1,1,1,0,1,1,0,0,0,0,0,1,0,1,1,0,1,0,0,1,0,0,deadline_cif.y4m,298.44,298.414,0.46918,0.003542,0.0,347
1,1,0,1,0,0,0,0,0,0,0,0,1,0,1,1,0,0,1,1,0,1,1,0,0,0,0,0,0,1,1,0,1,0,0,0,1,0,deadline_cif.y4m,30.42,30.46,0.123288,0.00346,0.0,13
1,1,0,0,0,0,0,1,0,0,0,0,1,0,1,1,1,1,1,0,1,1,0,0,1,0,0,0,0,1,0,1,0,0,0,0,0,0,deadline_cif.y4m,1106.47,1106.652,0.515771,0.003652,0.0,228
1,1,0,0,0,0,0,0,0,1,0,0,1,1,0,1,0,1,1,0,1,1,0,0,1,0,0,0,0,1,0,1,1,0,0,0,0,1,deadline_cif.y4m,21.69,21.714,0.041593,0.003956,0.0,335
1,1,0,0,0,0,0,0,1,0,0,0,1,1,0,1,1,0,1,0,1,1,0,0,1,0,0,0,0,1,1,0,1,1,0,0,0,0,deadline_cif.y4m,72.95,72.84,0.218518,0.005395,0.0,24
1,1,1,0,0,0,0,0,0,0,0,0,1,0,1,1,0,1,1,0,1,1,0,1,0,0,0,0,0,1,0,1,1,0,0,1,0,0,deadline_cif.y4m,917.81,917.544,0.959182,0.006324,0.0,352
1,1,0,0,0,0,1,0,0,0,0,0,1,0,1,1,0,0,1,1,0,1,0,0,0,0,0,1,0,1,1,0,0,0,0,0,0,0,deadline_cif.y4m,13.54,13.548,0.031145,0.00352,0.0,368
1,1,1,0,0,0,0,0,0,0,0,0,1,0,1,1,1,1,1,1,0,1,0,1,0,0,0,0,0,1,1,0,0,0,0,0,0,0,deadline_cif.y4m,5.5,5.512,0.017889,0.003592,0.0,80
1,1,0,0,1,0,0,0,0,0,0,0,1,1,0,1,0,0,1,0,1,1,0,1,0,0,0,0,0,1,0,1,0,0,0,0,0,0,deadline_cif.y4m,73.61,73.618,0.065345,0.003604,0.0,121
1,1,0,0,0,0,0,0,0,0,1,0,1,0,1,1,1,1,1,0,1,1,0,0,1,0,0,0,0,1,1,0,1,1,0,0,0,0,deadline_cif.y4m,10.63,10.646,0.047223,0.003243,0.0,156
1,1,0,1,0,0,0,0,0,0,0,0,1,0,1,1,1,1,1,1,0,1,0,0,0,0,0,1,0,1,1,0,1,1,0,0,0,0,deadline_cif.y4m,3.67,3.68,0.037417,0.003131,0.0,9
1,1,0,0,0,0,0,0,0,0,1,0,1,1,0,1,0,0,1,1,0,1,0,0,0,0,1,0,0,1,1,0,1,0,0,0,0,1,deadline_cif.y4m,13.76,13.76,0.018708,0.003545,0.0,165
1,1,0,0,0,0,0,0,0,0,1,0,1,0,1,1,0,0,1,1,0,1,0,1,0,0,0,0,0,1,0,1,1,0,0,0,0,1,deadline_cif.y4m,15.39,15.316,0.140819,0.003451,0.0,126
1,1,0,0,1,0,0,0,0,0,0,0,1,1,0,1,1,1,1,0,1,1,0,0,1,0,0,0,0,1,0,1,1,0,1,0,0,0,deadline_cif.y4m,5.51,5.512,0.022804,0.003592,0.0,280
1,1,0,0,0,0,0,1,0,0,0,0,1,0,1,1,1,1,1,1,0,1,0,1,0,0,0,0,0,1,0,1,1,0,0,0,1,0,deadline_cif.y4m,4.5,4.51,0.071063,0.006641,0.0,172
1,1,0,0,0,0,0,0,0,0,1,0,1,0,1,1,0,1,1,1,0,1,0,0,0,1,0,0,0,1,0,1,0,0,0,0,0,0,deadline_cif.y4m,25.87,25.878,0.052631,0.005167,0.0,292
1,1,0,0,0,0,0,0,0,0,1,0,1,1,0,1,1,1,1,0,1,1,0,0,0,0,0,1,0,1,1,0,0,0,0,0,0,0,deadline_cif.y4m,49.46,49.456,0.151756,0.003643,0.0,105
1,1,0,0,0,1,0,0,0,0,0,0,1,0,1,1,1,1,1,0,1,1,0,0,0,0,0,0,1,1,1,0,1,0,1,0,0,0,deadline_cif.y4m,43.04,43.018,0.099348,0.005483,0.0,76
1,1,0,0,0,1,0,0,0,0,0,0,1,0,1,1,0,0,1,1,0,1,1,0,0,0,0,0,0,1,1,0,1,0,0,0,0,1,deadline_cif.y4m,300.92,300.98,0.272855,0.003552,0.0,221
1,1,0,0,0,0,0,0,0,0,1,0,1,1,0,1,1,0,1,1,0,1,0,0,0,0,1,0,0,1,0,1,1,0,0,0,0,1,deadline_cif.y4m,106.94,106.922,0.085849,0.00533,0.0,167
1,1,0,0,0,0,0,0,0,0,1,0,1,0,1,1,0,1,1,0,1,1,1,0,0,0,0,0,0,1,1,0,1,0,0,0,0,1,deadline_cif.y4m,757.39,757.214,0.51704,0.004345,0.0,35
1,1,0,0,1,0,0,0,0,0,0,0,1,1,0,1,0,0,1,1,0,1,0,1,0,0,0,0,0,1,0,1,1,0,1,0,0,0,deadline_cif.y4m,10.28,10.272,0.022804,0.003346,0.0,235
1,1,0,0,0,0,0,0,0,1,0,0,1,1,0,1,1,1,1,0,1,1,0,0,1,0,0,0,0,1,0,1,1,0,0,0,0,1,deadline_cif.y4m,31.91,31.904,0.080808,0.00552,0.0,333
1,1,0,0,0,0,1,0,0,0,0,0,1,0,1,1,1,1,1,1,0,1,0,1,0,0,0,0,0,1,1,0,0,0,0,0,0,0,deadline_cif.y4m,360.73,360.878,0.705741,0.003576,0.0,44
1,1,0,0,1,0,0,0,0,0,0,0,1,0,1,1,0,1,1,1,0,1,0,1,0,0,0,0,0,1,0,1,1,1,0,0,0,0,deadline_cif.y4m,607.66,607.768,0.648359,0.003995,0.0,256
1,1,0,0,0,0,0,1,0,0,0,0,1,0,1,1,1,0,1,0,1,1,0,1,0,0,0,0,0,1,0,1,1,0,0,0,0,1,deadline_cif.y4m,1955.23,1956.032,2.039417,0.005777,0.0,192
1,1,0,0,0,0,1,0,0,0,0,0,1,1,0,1,1,1,1,1,0,1,1,0,0,0,0,0,0,1,1,0,1,0,0,0,0,1,deadline_cif.y4m,47.3,47.322,0.089554,0.00398,0.0,41
1,1,0,0,0,0,0,0,0,0,1,0,1,0,1,1,0,1,1,1,0,1,0,0,0,0,0,1,0,1,0,1,1,0,0,0,1,0,deadline_cif.y4m,413.17,412.612,1.290453,0.005759,0.0,273
1,1,0,0,0,0,0,0,0,0,1,0,1,1,0,1,0,1,1,0,1,1,0,0,0,0,0,1,0,1,0,1,0,0,0,0,0,0,deadline_cif.y4m,257.72,257.168,1.270028,0.005753,0.0,101
1,1,0,0,0,0,0,0,0,0,1,0,1,0,1,1,1,1,1,0,1,1,0,0,0,0,1,0,0,1,1,0,1,0,1,0,0,0,deadline_cif.y4m,231.72,231.59,0.335932,0.003586,0.0,242
1,1,0,0,0,0,0,0,0,0,1,0,1,1,0,1,0,1,1,0,1,1,0,0,0,0,0,1,0,1,1,0,0,0,0,0,0,0,deadline_cif.y4m,19.98,20.016,0.096073,0.005622,0.0,103
1,1,1,0,0,0,0,0,0,0,0,0,1,1,0,1,1,0,1,1,0,1,0,1,0,0,0,0,0,1,0,1,0,0,0,0,0,0,deadline_cif.y4m,418.37,418.308,0.45417,0.004074,0.0,1
1,1,0,0,0,0,0,1,0,0,0,0,1,1,0,1,0,0,1,0,1,1,0,0,0,0,0,1,0,1,0,1,1,0,0,0,0,1,deadline_cif.y4m,15.58,15.554,0.174871,0.005039,0.0,56
1,1,0,0,1,0,0,0,0,0,0,0,1,0,1,1,0,0,1,0,1,1,0,0,0,0,0,0,1,1,0,1,0,0,0,0,0,0,deadline_cif.y4m,49.01,49.046,0.097108,0.003643,0.0,373
1,1,0,0,0,0,0,0,1,0,0,0,1,1,0,1,1,1,1,0,1,1,0,1,0,0,0,0,0,1,0,1,1,0,1,0,0,0,deadline_cif.y4m,524.07,521.796,4.135122,0.003496,0.0,318
1,1,0,0,0,1,0,0,0,0,0,0,1,1,0,1,0,0,1,1,0,1,0,0,0,0,1,0,0,1,1,0,0,0,0,0,0,0,deadline_cif.y4m,751.74,751.368,2.22793,0.003732,0.0,69
1,1,0,1,0,0,0,0,0,0,0,0,1,0,1,1,0,0,1,1,0,1,0,0,0,0,0,1,0,1,1,0,1,1,0,0,0,0,deadline_cif.y4m,16.03,15.992,0.084083,0.005559,0.0,11
1,1,0,0,1,0,0,0,0,0,0,0,1,0,1,1,0,0,1,1,0,1,0,1,0,0,0,0,0,1,0,1,1,0,0,1,0,0,deadline_cif.y4m,11.18,11.164,0.031305,0.003371,0.0,258
1,1,0,0,0,0,0,0,0,0,1,0,1,0,1,1,0,0,1,1,0,1,0,1,0,0,0,0,0,1,1,0,1,0,1,0,0,0,deadline_cif.y4m,1197.8,1197.702,0.507267,0.005834,0.0,238
1,1,0,0,0,0,0,1,0,0,0,0,1,0,1,1,1,0,1,1,0,1,1,0,0,0,0,0,0,1,0,1,1,0,0,0,1,0,deadline_cif.y4m,1027.89,1027.836,3.44299,0.003643,0.0,173
1,1,0,0,0,0,0,1,0,0,0,0,1,0,1,1,0,1,1,0,1,1,0,1,0,0,0,0,0,1,0,1,1,1,0,0,0,0,deadline_cif.y4m,832.68,832.866,1.410011,0.004021,0.0,190
1,1,0,1,0,0,0,0,0,0,0,0,1,0,1,1,1,0,1,1,0,1,0,0,0,0,0,1,0,1,0,1,1,1,0,0,0,0,deadline_cif.y4m,221.74,221.694,0.351682,0.003936,0.0,7
1,1,0,0,0,1,0,0,0,0,0,0,1,0,1,1,1,1,1,0,1,1,0,0,0,0,0,0,1,1,1,0,0,0,0,0,0,0,deadline_cif.y4m,6.38,6.418,0.12112,0.003259,0.0,323
1,1,0,0,0,1,0,0,0,0,0,0,1,0,1,1,0,0,1,0,1,1,0,0,0,0,0,0,1,1,1,0,1,0,0,0,1,0,deadline_cif.y4m,657.78,659.678,5.832347,0.003931,0.0,73
1,1,0,0,0,0,0,0,0,0,1,0,1,0,1,1,1,0,1,0,1,1,0,1,0,0,0,0,0,1,0,1,0,0,0,0,0,0,deadline_cif.y4m,573.51,565.924,11.096492,0.003458,0.0,209
1,1,0,1,0,0,0,0,0,0,0,0,1,1,0,1,1,0,1,0,1,1,1,0,0,0,0,0,0,1,1,0,0,0,0,0,0,0,deadline_cif.y4m,11.2,11.204,0.011402,0.003653,0.0,138
1,1,0,0,0,1,0,0,0,0,0,0,1,1,0,1,1,1,1,1,0,1,0,0,0,0,0,1,0,1,0,1,0,0,0,0,0,0,deadline_cif.y4m,276.33,276.39,0.286618,0.005457,0.0,264
1,1,0,0,0,0,0,0,0,1,0,0,1,0,1,1,0,1,1,0,1,1,0,0,0,0,0,1,0,1,0,1,1,0,0,0,1,0,deadline_cif.y4m,787.12,787.146,0.316828,0.003732,0.0,98
1,1,0,0,0,0,0,0,0,0,1,0,1,1,0,1,0,0,1,0,1,1,0,0,0,0,0,1,0,1,1,0,1,0,0,1,0,0,deadline_cif.y4m,12.37,12.34,0.05099,0.003582,0.0,380
1,1,0,0,1,0,0,0,0,0,0,0,1,1,0,1,1,1,1,1,0,1,0,1,0,0,0,0,0,1,1,0,1,0,1,0,0,0,deadline_cif.y4m,649.06,647.008,6.879787,0.005712,0.0,85
1,1,0,0,0,0,0,0,0,0,1,0,1,0,1,1,0,0,1,0,1,1,1,0,0,0,0,0,0,1,0,1,1,0,0,0,1,0,deadline_cif.y4m,375.92,375.944,0.235754,0.003562,0.0,31
1,1,0,1,0,0,0,0,0,0,0,0,1,0,1,1,1,0,1,1,0,1,0,0,0,0,0,1,0,1,1,0,1,1,0,0,0,0,deadline_cif.y4m,9.15,9.144,0.026077,0.003122,0.0,8
1,1,0,0,1,0,0,0,0,0,0,0,1,1,0,1,1,1,1,1,0,1,1,0,0,0,0,0,0,1,0,1,1,1,0,0,0,0,deadline_cif.y4m,21.4,21.41,0.035355,0.003583,0.0,216
1,1,0,0,1,0,0,0,0,0,0,0,1,1,0,1,1,1,1,0,1,1,0,0,0,1,0,0,0,1,0,1,1,1,0,0,0,0,deadline_cif.y4m,3.98,3.974,0.018166,0.003584,0.0,214
1,1,0,0,0,0,0,0,1,0,0,0,1,1,0,1,0,0,1,1,0,1,0,0,0,0,0,1,0,1,1,0,0,0,0,0,0,0,deadline_cif.y4m,23.42,23.464,0.114586,0.003452,0.0,341
1,1,0,0,1,0,0,0,0,0,0,0,1,1,0,1,0,0,1,1,0,1,0,1,0,0,0,0,0,1,1,0,1,0,1,0,0,0,deadline_cif.y4m,13.98,13.998,0.049193,0.005208,0.0,236
1,1,0,0,0,0,0,0,0,0,1,0,1,0,1,1,0,0,1,0,1,1,0,0,0,0,1,0,0,1,1,0,1,0,1,0,0,0,deadline_cif.y4m,33.26,33.284,0.140285,0.005368,0.0,240
1,1,0,0,0,0,0,1,0,0,0,0,1,0,1,1,0,0,1,0,1,1,0,0,0,1,0,0,0,1,0,1,1,0,0,0,1,0,deadline_cif.y4m,22.97,22.982,0.035637,0.005622,0.0,51
1,1,1,0,0,0,0,0,0,0,0,0,1,0,1,1,1,1,1,0,1,1,0,0,0,0,0,0,1,1,1,0,1,0,1,0,0,0,deadline_cif.y4m,20.04,20.006,0.065422,0.003572,0.0,77
1,1,0,0,0,0,0,0,0,0,1,0,1,0,1,1,1,0,1,1,0,1,0,0,0,0,0,1,0,1,0,1,1,0,0,0,0,1,deadline_cif.y4m,13.64,13.638,0.048166,0.003277,0.0,128
1,1,0,0,1,0,0,0,0,0,0,0,1,1,0,1,0,0,1,1,0,1,0,1,0,0,0,0,0,1,0,1,0,0,0,0,0,0,deadline_cif.y4m,323.92,323.802,0.340984,0.003502,0.0,234
1,1,0,0,0,0,0,0,1,0,0,0,1,0,1,1,1,0,1,0,1,1,0,0,0,0,0,1,0,1,0,1,1,0,0,0,1,0,deadline_cif.y4m,1976.74,1977.17,1.338245,0.005777,0.0,28
1,1,0,0,1,0,0,0,0,0,0,0,1,1,0,1,1,0,1,0,1,1,1,0,0,0,0,0,0,1,1,0,0,0,0,0,0,0,deadline_cif.y4m,217.01,216.986,0.264254,0.003936,0.0,139
1,1,0,0,0,0,0,0,0,0,1,0,1,0,1,1,1,0,1,1,0,1,0,0,0,0,1,0,0,1,1,0,1,0,1,0,0,0,deadline_cif.y4m,3.7,3.688,0.021679,0.003342,0.0,152
1,1,0,1,0,0,0,0,0,0,0,0,1,0,1,1,0,0,1,1,0,1,0,0,0,0,0,1,0,1,1,0,1,0,0,0,1,0,deadline_cif.y4m,615.92,615.962,0.634326,0.006386,0.0,12
1,1,0,0,0,0,1,0,0,0,0,0,1,0,1,1,0,1,1,1,0,1,0,0,0,0,0,1,0,1,1,0,0,0,0,0,0,0,deadline_cif.y4m,3.66,3.658,0.008367,0.003342,0.0,369
1,1,0,0,0,0,0,0,0,0,0,1,1,1,0,1,1,0,1,0,1,1,0,0,0,0,0,1,0,1,0,1,1,0,0,0,0,1,deadline_cif.y4m,106.64,106.64,0.056125,0.00533,0.0,58
1,1,0,0,0,0,0,0,1,0,0,0,1,1,0,1,1,0,1,1,0,1,1,0,0,0,0,0,0,1,1,0,0,0,0,0,0,0,deadline_cif.y4m,92.05,92.028,0.069785,0.005871,0.0,64
1,1,0,0,0,0,0,0,1,0,0,0,1,1,0,1,1,0,1,1,0,1,0,0,1,0,0,0,0,1,1,0,1,1,0,0,0,0,deadline_cif.y4m,64.56,64.58,0.053385,0.003554,0.0,21
1,1,0,0,0,1,0,0,0,0,0,0,1,0,1,1,1,1,1,0,1,1,0,0,1,0,0,0,0,1,1,0,1,0,0,0,0,1,deadline_cif.y4m,293.5,293.706,0.385331,0.003542,0.0,225
1,1,0,0,0,0,1,0,0,0,0,0,1,0,1,1,1,0,1,1,0,1,0,0,0,0,0,1,0,1,1,0,1,0,0,0,1,0,deadline_cif.y4m,510.99,518.352,10.640783,0.003947,0.0,366
1,1,0,0,0,0,0,1,0,0,0,0,1,0,1,1,1,1,1,0,1,1,0,0,1,0,0,0,0,1,0,1,1,0,0,0,0,1,flower_cif.y4m,4.09,4.098,0.0249,0.015283,0.0,114
1,1,0,0,1,0,0,0,0,0,0,0,1,1,0,1,1,1,1,0,1,1,0,0,1,0,0,0,0,1,1,0,1,0,1,0,0,0,flower_cif.y4m,3.63,3.64,0.017321,0.014696,0.0,281
1,1,0,0,0,1,0,0,0,0,0,0,1,0,1,1,1,0,1,1,0,1,0,0,0,0,0,0,1,1,1,0,1,0,0,1,0,0,flower_cif.y4m,5.64,5.636,0.020736,0.015,0.0,325
1,1,1,0,0,0,0,0,0,0,0,0,1,1,0,1,1,0,1,1,0,1,0,0,0,0,1,0,0,1,1,0,1,1,0,0,0,0,flower_cif.y4m,4.78,4.778,0.029496,0.014556,0.0,181
1,1,0,0,0,0,0,0,1,0,0,0,1,1,0,1,1,0,1,0,1,1,0,0,1,0,0,0,0,1,1,0,1,0,0,0,0,1,flower_cif.y4m,127.3,127.248,0.268086,0.017588,0.0,247
1,1,0,0,0,0,0,0,0,0,1,0,1,1,0,1,1,0,1,1,0,1,0,0,0,0,1,0,0,1,1,0,1,0,0,0,0,1,flower_cif.y4m,188.6,188.634,0.204402,0.016978,0.0,166
1,1,0,0,0,0,0,0,1,0,0,0,1,1,0,1,1,0,1,0,1,1,0,0,1,0,0,0,0,1,1,0,1,0,0,0,1,0,flower_cif.y4m,6.95,6.958,0.029496,0.020016,0.0,25
1,1,0,0,0,0,0,1,0,0,0,0,1,0,1,1,0,0,1,1,0,1,0,1,0,0,0,0,0,1,0,1,0,0,0,0,0,0,flower_cif.y4m,10.01,10.008,0.134981,0.017878,0.0,355
1,1,0,0,1,0,0,0,0,0,0,0,1,1,0,1,0,0,1,1,0,1,1,0,0,0,0,0,0,1,1,0,1,0,0,0,0,1,flower_cif.y4m,1.61,1.622,0.017889,0.019069,0.0,219
1,1,0,0,0,1,0,0,0,0,0,0,1,1,0,1,1,0,1,1,0,1,0,0,0,0,1,0,0,1,1,0,1,1,0,0,0,0,flower_cif.y4m,10.08,10.098,0.143944,0.017878,0.0,182
1,1,0,1,0,0,0,0,0,0,0,0,1,0,1,1,0,1,1,1,0,1,0,0,0,0,0,1,0,1,1,0,1,1,0,0,0,0,flower_cif.y4m,3.46,3.454,0.008944,0.014724,0.0,10
1,1,0,0,1,0,0,0,0,0,0,0,1,1,0,1,1,0,1,0,1,1,0,0,1,0,0,0,0,1,0,1,1,0,0,0,0,1,flower_cif.y4m,66.68,66.668,0.046043,0.020144,0.0,116
1,1,0,0,0,1,0,0,0,0,0,0,1,1,0,1,1,1,1,0,1,1,0,0,0,0,0,1,0,1,0,1,1,1,0,0,0,0,flower_cif.y4m,6.67,6.664,0.070922,0.014981,0.0,266
1,1,0,0,0,0,0,0,1,0,0,0,1,1,0,1,0,0,1,0,1,1,0,0,1,0,0,0,0,1,1,0,1,0,0,1,0,0,flower_cif.y4m,25.65,25.562,0.263951,0.020731,0.0,313
1,1,0,0,0,0,0,1,0,0,0,0,1,0,1,1,0,0,1,1,0,1,0,0,0,0,0,0,1,1,0,1,0,0,0,0,0,0,flower_cif.y4m,8.87,8.856,0.063482,0.020769,0.0,357
1,1,0,0,0,1,0,0,0,0,0,0,1,0,1,1,0,1,1,0,1,1,1,0,0,0,0,0,0,1,1,0,1,1,0,0,0,0,flower_cif.y4m,2.04,2.082,0.09576,0.020223,0.0,187
1,1,0,0,0,0,0,0,1,0,0,0,1,1,0,1,1,1,1,0,1,1,0,0,1,0,0,0,0,1,1,0,1,1,0,0,0,0,flower_cif.y4m,429.3,429.296,0.080498,0.016863,0.0,23
1,1,0,0,1,0,0,0,0,0,0,0,1,1,0,1,1,0,1,1,0,1,0,1,0,0,0,0,0,1,0,1,0,0,0,0,0,0,flower_cif.y4m,41.64,41.646,0.057271,0.016719,0.0,2
1,1,0,0,0,0,0,0,0,0,0,1,1,1,0,1,1,0,1,0,1,1,0,0,0,0,0,1,0,1,1,0,1,1,0,0,0,0,flower_cif.y4m,143.57,143.538,0.169912,0.018461,0.0,301
1,1,0,0,0,0,0,1,0,0,0,0,1,0,1,1,0,1,1,1,0,1,0,1,0,0,0,0,0,1,0,1,0,0,0,0,0,0,flower_cif.y4m,147.3,147.34,0.686913,0.020031,0.0,356
1,1,0,0,0,0,0,0,0,0,1,0,1,1,0,1,0,1,1,0,1,1,0,0,0,0,0,1,0,1,0,1,1,1,0,0,0,0,flower_cif.y4m,10.88,10.892,0.026833,0.017559,0.0,269
1,1,0,0,0,0,0,0,0,0,1,0,1,0,1,1,0,1,1,1,0,1,0,0,1,0,0,0,0,1,0,1,1,0,0,0,1,0,flower_cif.y4m,6.09,6.098,0.035637,0.020879,0.0,274
1,1,0,0,0,0,0,0,0,0,1,0,1,0,1,1,0,1,1,1,0,1,0,0,0,1,0,0,0,1,1,0,1,1,0,0,0,0,flower_cif.y4m,6.44,6.454,0.047223,0.018839,0.0,307
1,1,0,0,1,0,0,0,0,0,0,0,1,0,1,1,0,1,1,1,0,1,0,0,1,0,0,0,0,1,0,1,1,1,0,0,0,0,flower_cif.y4m,21.79,21.77,0.067454,0.02041,0.0,254
1,1,0,0,0,0,0,0,0,0,1,0,1,0,1,1,0,1,1,0,1,1,0,1,0,0,0,0,0,1,0,1,0,0,0,0,0,0,flower_cif.y4m,1.49,1.492,0.008367,0.019199,0.0,208
1,1,0,0,1,0,0,0,0,0,0,0,1,1,0,1,1,1,1,1,0,1,0,0,1,0,0,0,0,1,0,1,1,0,1,0,0,0,flower_cif.y4m,1.74,1.742,0.014832,0.028942,0.0,279
1,1,0,0,0,0,0,1,0,0,0,0,1,1,0,1,1,1,1,1,0,1,0,1,0,0,0,0,0,1,0,1,1,0,0,0,1,0,flower_cif.y4m,6.43,6.418,0.030332,0.0181,0.0,171
1,1,0,0,0,0,0,0,0,1,0,0,1,1,0,1,0,1,1,0,1,1,0,0,0,0,0,1,0,1,0,1,1,0,0,0,1,0,flower_cif.y4m,25.72,25.65,0.114673,0.020731,0.0,99
1,1,1,0,0,0,0,0,0,0,0,0,1,0,1,1,1,1,1,1,0,1,0,1,0,0,0,0,0,1,1,0,1,0,1,0,0,0,flower_cif.y4m,7.93,7.936,0.055045,0.017988,0.0,81
1,1,0,0,0,0,0,0,0,0,1,0,1,0,1,1,1,1,1,0,1,1,0,0,1,0,0,0,0,1,1,0,1,0,1,0,0,0,flower_cif.y4m,2.43,2.428,0.019235,0.020065,0.0,155
1,1,0,0,0,1,0,0,0,0,0,0,1,1,0,1,0,1,1,1,0,1,1,0,0,0,0,0,0,1,1,0,1,1,0,0,0,0,flower_cif.y4m,4.69,4.692,0.029496,0.018839,0.0,185
1,1,0,0,1,0,0,0,0,0,0,0,1,1,0,1,0,0,1,0,1,1,0,0,0,0,0,1,0,1,0,1,0,0,0,0,0,0,flower_cif.y4m,3.45,3.45,0.018708,0.014049,0.0,376
1,1,0,0,0,0,0,0,1,0,0,0,1,1,0,1,0,1,1,0,1,1,0,1,0,0,0,0,0,1,1,0,0,0,0,0,0,0,flower_cif.y4m,1.16,1.156,0.005477,0.018758,0.0,204
1,1,0,0,0,0,0,0,1,0,0,0,1,1,0,1,1,0,1,0,1,1,0,0,0,0,1,0,0,1,1,0,1,0,0,0,0,1,flower_cif.y4m,97.78,97.766,0.234904,0.016715,0.0,246
1,1,0,0,0,0,0,1,0,0,0,0,1,1,0,1,1,1,1,0,1,1,0,0,1,0,0,0,0,1,0,1,0,0,0,0,0,0,flower_cif.y4m,94.49,94.552,0.282082,0.017754,0.0,230
1,1,0,0,0,0,0,0,1,0,0,0,1,0,1,1,1,0,1,0,1,1,0,0,0,0,0,1,0,1,1,0,1,0,0,0,1,0,flower_cif.y4m,84.21,83.83,0.985571,0.021121,0.0,27
1,1,0,1,0,0,0,0,0,0,0,0,1,1,0,1,1,1,1,0,1,1,1,0,0,0,0,0,0,1,1,0,0,0,0,0,0,0,flower_cif.y4m,4.91,4.892,0.030332,0.014729,0.0,137
1,1,0,0,0,0,0,0,0,0,1,0,1,1,0,1,1,1,1,1,0,1,0,0,0,0,1,0,0,1,0,1,1,0,0,0,1,0,flower_cif.y4m,5.31,5.32,0.056569,0.018907,0.0,169
1,1,0,0,0,0,0,0,0,0,1,0,1,0,1,1,0,1,1,0,1,1,1,0,0,0,0,0,0,1,0,1,1,0,0,0,0,1,flower_cif.y4m,166.62,166.612,0.138996,0.017906,0.0,33
1,1,0,0,0,0,0,0,1,0,0,0,1,0,1,1,0,1,1,0,1,1,0,1,0,0,0,0,0,1,1,0,0,0,0,0,0,0,flower_cif.y4m,20.32,20.308,0.089833,0.021553,0.0,205
1,1,0,0,0,0,0,0,0,0,1,0,1,1,0,1,1,0,1,0,1,1,0,0,0,0,1,0,0,1,1,0,1,0,0,0,0,1,flower_cif.y4m,6.23,6.234,0.011402,0.017264,0.0,245
1,1,1,0,0,0,0,0,0,0,0,0,1,1,0,1,0,0,1,1,0,1,0,0,1,0,0,0,0,1,1,0,1,0,0,0,0,1,flower_cif.y4m,5.07,5.082,0.053572,0.017796,0.0,163
1,1,0,0,1,0,0,0,0,0,0,0,1,1,0,1,1,0,1,1,0,1,1,0,0,0,0,0,0,1,0,1,1,1,0,0,0,0,flower_cif.y4m,3.49,3.5,0.04,0.014049,0.0,4
1,1,0,0,1,0,0,0,0,0,0,0,1,1,0,1,0,0,1,0,1,1,1,0,0,0,0,0,0,1,1,0,1,0,0,0,1,0,flower_cif.y4m,2.11,2.122,0.070498,0.028942,0.0,141
1,1,1,0,0,0,0,0,0,0,0,0,1,1,0,1,1,1,1,0,1,1,0,0,1,0,0,0,0,1,1,0,1,1,0,0,0,0,flower_cif.y4m,144.41,144.09,1.010965,0.017178,0.0,159
1,1,0,0,0,0,0,0,1,0,0,0,1,1,0,1,0,1,1,0,1,1,0,0,1,0,0,0,0,1,0,1,1,0,0,0,0,1,flower_cif.y4m,8.89,8.884,0.082946,0.018958,0.0,336
1,1,0,0,0,1,0,0,0,0,0,0,1,1,0,1,0,0,1,0,1,1,0,0,0,0,0,0,1,1,1,0,1,0,0,0,1,0,flower_cif.y4m,34.96,34.906,0.243372,0.017504,0.0,72
1,1,0,0,0,0,0,0,1,0,0,0,1,1,0,1,1,0,1,1,0,1,0,0,1,0,0,0,0,1,1,0,1,0,0,0,0,1,flower_cif.y4m,4.95,4.952,0.029496,0.017443,0.0,248
1,1,0,1,0,0,0,0,0,0,0,0,1,0,1,1,1,1,1,1,0,1,0,0,0,0,0,1,0,1,0,1,1,0,0,0,0,1,flower_cif.y4m,124.71,124.754,0.296361,0.01651,0.0,130
1,1,0,0,0,1,0,0,0,0,0,0,1,0,1,1,1,1,1,1,0,1,0,0,0,0,0,0,1,1,1,0,0,0,0,0,0,0,flower_cif.y4m,181.5,181.448,0.214406,0.016714,0.0,324
1,1,1,0,0,0,0,0,0,0,0,0,1,0,1,1,0,1,1,1,0,1,0,1,0,0,0,0,0,1,0,1,0,0,0,0,0,0,flower_cif.y4m,127.76,127.858,0.19652,0.02112,0.0,354
1,1,0,0,0,0,0,0,0,0,1,0,1,0,1,1,0,0,1,1,0,1,0,0,0,1,0,0,0,1,0,1,0,0,0,0,0,0,flower_cif.y4m,106.85,106.758,0.380224,0.020096,0.0,291
1,1,0,0,0,0,0,0,0,0,1,0,1,1,0,1,0,0,1,1,0,1,0,1,0,0,0,0,0,1,1,0,1,0,1,0,0,0,flower_cif.y4m,2.28,2.29,0.02,0.018555,0.0,237
1,1,0,0,0,1,0,0,0,0,0,0,1,1,0,1,1,0,1,1,0,1,1,0,0,0,0,0,0,1,1,0,1,1,0,0,0,0,flower_cif.y4m,3.09,3.09,0.045277,0.014787,0.0,183
1,1,0,0,0,1,0,0,0,0,0,0,1,0,1,1,1,1,1,0,1,1,0,0,1,0,0,0,0,1,0,1,0,0,0,0,0,0,flower_cif.y4m,2.57,2.578,0.041473,0.019344,0.0,227
1,1,0,0,0,0,0,0,1,0,0,0,1,1,0,1,0,1,1,0,1,1,0,0,0,0,0,1,0,1,0,1,0,0,0,0,0,0,flower_cif.y4m,5.95,5.944,0.032863,0.017064,0.0,338
1,1,0,0,1,0,0,0,0,0,0,0,1,0,1,1,0,0,1,0,1,1,1,0,0,0,0,0,0,1,1,0,1,0,0,0,1,0,flower_cif.y4m,21.89,21.892,0.049193,0.017594,0.0,142
1,1,0,0,1,0,0,0,0,0,0,0,1,1,0,1,1,1,1,0,1,1,0,0,1,0,0,0,0,1,1,0,1,0,0,0,0,1,flower_cif.y4m,15.41,15.428,0.036332,0.017703,0.0,332
1,1,0,0,0,0,0,0,0,1,0,0,1,0,1,1,0,0,1,1,0,1,0,0,0,0,1,0,0,1,0,1,1,0,0,0,1,0,flower_cif.y4m,145.66,145.704,0.368008,0.020562,0.0,95
1,1,0,0,1,0,0,0,0,0,0,0,1,0,1,1,0,0,1,0,1,1,0,0,0,1,0,0,0,1,0,1,0,0,0,0,0,0,flower_cif.y4m,10.83,10.846,0.042778,0.017958,0.0,289
1,1,0,0,1,0,0,0,0,0,0,0,1,1,0,1,0,0,1,0,1,1,0,0,0,0,0,1,0,1,0,1,1,0,0,1,0,0,flower_cif.y4m,2.13,2.122,0.025884,0.018555,0.0,378
1,1,0,0,1,0,0,0,0,0,0,0,1,1,0,1,1,1,1,1,0,1,0,0,1,0,0,0,0,1,0,1,1,0,0,0,1,0,flower_cif.y4m,41.73,41.714,0.090719,0.017513,0.0,278
1,1,0,0,0,0,0,0,0,0,1,0,1,0,1,1,1,0,1,0,1,1,1,0,0,0,0,0,0,1,0,1,1,0,0,0,1,0,flower_cif.y4m,6.83,6.84,0.183303,0.017789,0.0,30
1,1,0,0,1,0,0,0,0,0,0,0,1,1,0,1,0,0,1,0,1,1,0,1,0,0,0,0,0,1,0,1,1,0,0,0,0,1,flower_cif.y4m,1.8,1.804,0.005477,0.01955,0.0,120
1,1,0,0,0,1,0,0,0,0,0,0,1,1,0,1,1,1,1,0,1,1,0,0,0,0,0,1,0,1,0,1,0,0,0,0,0,0,flower_cif.y4m,2.44,2.446,0.034351,0.014131,0.0,265
1,1,0,0,0,0,0,0,0,0,1,0,1,1,0,1,1,0,1,1,0,1,0,0,0,0,0,1,0,1,0,1,0,0,0,0,0,0,flower_cif.y4m,4.87,4.868,0.032711,0.017914,0.0,296
1,1,0,0,0,0,0,1,0,0,0,0,1,1,0,1,1,1,1,1,0,1,0,1,0,0,0,0,0,1,0,1,0,0,0,0,0,0,flower_cif.y4m,9.46,9.428,0.064576,0.016954,0.0,232
1,1,0,0,0,0,0,0,0,0,1,0,1,0,1,1,0,0,1,1,0,1,0,0,1,0,0,0,0,1,1,0,1,0,0,1,0,0,flower_cif.y4m,7.44,7.454,0.036469,0.018635,0.0,310
1,1,0,0,0,0,0,1,0,0,0,0,1,0,1,1,1,1,1,0,1,1,0,0,0,0,0,1,0,1,0,1,1,0,0,1,0,0,flower_cif.y4m,141.58,141.524,0.241413,0.016656,0.0,349
1,1,0,0,1,0,0,0,0,0,0,0,1,1,0,1,0,1,1,0,1,1,0,0,0,0,0,1,0,1,0,1,0,0,0,0,0,0,flower_cif.y4m,4.97,4.99,0.036742,0.017878,0.0,377
1,1,0,0,0,0,0,0,0,1,0,0,1,0,1,1,1,1,1,1,0,1,0,0,0,0,1,0,0,1,0,1,1,0,0,0,1,0,flower_cif.y4m,141.85,141.79,0.360069,0.01839,0.0,94
1,1,1,0,0,0,0,0,0,0,0,0,1,1,0,1,1,0,1,0,1,1,1,0,0,0,0,0,0,1,0,1,1,1,0,0,0,0,flower_cif.y4m,6.45,6.462,0.023875,0.018839,0.0,178
1,1,0,0,0,0,0,0,0,0,1,0,1,0,1,1,0,0,1,1,0,1,0,0,0,0,0,1,0,1,0,1,1,0,0,0,0,1,flower_cif.y4m,7.58,7.58,0.007071,0.01775,0.0,127
1,1,0,0,0,0,0,1,0,0,0,0,1,0,1,1,1,0,1,0,1,1,0,0,0,1,0,0,0,1,0,1,1,0,0,0,1,0,flower_cif.y4m,1.84,1.85,0.029155,0.018323,0.0,111
1,1,1,0,0,0,0,0,0,0,0,0,1,0,1,1,0,1,1,1,0,1,0,1,0,0,0,0,0,1,0,1,1,0,0,1,0,0,flower_cif.y4m,5.66,5.662,0.029496,0.020521,0.0,353
1,1,0,0,0,0,1,0,0,0,0,0,1,0,1,1,1,1,1,1,0,1,0,1,0,0,0,0,0,1,1,0,1,0,0,0,1,0,flower_cif.y4m,4.47,4.452,0.039623,0.014724,0.0,45
1,1,0,0,0,1,0,0,0,0,0,0,1,0,1,1,1,1,1,0,1,1,0,0,1,0,0,0,0,1,1,0,0,0,0,0,0,0,flower_cif.y4m,1.48,1.48,0.007071,0.019436,0.0,226
1,1,0,0,0,0,0,0,0,0,0,1,1,1,0,1,1,0,1,0,1,1,0,0,0,0,0,1,0,1,1,0,1,0,0,0,0,1,flower_cif.y4m,5.86,5.862,0.030332,0.014467,0.0,59
1,1,0,0,0,0,0,0,1,0,0,0,1,1,0,1,1,1,1,1,0,1,1,0,0,0,0,0,0,1,0,1,1,1,0,0,0,0,flower_cif.y4m,38.52,38.568,0.213237,0.016719,0.0,19
1,1,0,0,0,0,0,0,0,0,0,1,1,1,0,1,0,1,1,0,1,1,0,0,0,1,0,0,0,1,1,0,1,1,0,0,0,0,flower_cif.y4m,20.63,20.63,0.043012,0.017562,0.0,304
1,1,0,0,0,0,0,0,1,0,0,0,1,0,1,1,0,1,1,0,1,1,0,1,0,0,0,0,0,1,0,1,0,0,0,0,0,0,flower_cif.y4m,5.02,5.012,0.046583,0.017443,0.0,207
1,1,0,0,0,0,1,0,0,0,0,0,1,1,0,1,1,1,1,1,0,1,0,1,0,0,0,0,0,1,1,0,0,0,0,0,0,0,flower_cif.y4m,193.71,193.714,0.086197,0.016646,0.0,43
1,1,0,0,0,0,1,0,0,0,0,0,1,1,0,1,1,0,1,1,0,1,1,0,0,0,0,0,0,1,1,0,1,0,0,0,0,1,flower_cif.y4m,2.71,2.716,0.023022,0.017302,0.0,40
1,1,0,0,0,1,0,0,0,0,0,0,1,0,1,1,0,1,1,1,0,1,1,0,0,0,0,0,0,1,1,0,1,1,0,0,0,0,flower_cif.y4m,169.88,169.892,0.075299,0.01667,0.0,186
1,1,0,0,1,0,0,0,0,0,0,0,1,0,1,1,0,0,1,0,1,1,0,0,0,1,0,0,0,1,0,1,1,0,0,0,0,1,flower_cif.y4m,3.07,3.046,0.039115,0.019812,0.0,288
1,1,1,0,0,0,0,0,0,0,0,0,1,1,0,1,1,0,1,1,0,1,0,1,0,0,0,0,0,1,1,0,1,0,1,0,0,0,flower_cif.y4m,4.78,4.794,0.059833,0.014556,0.0,82
1,1,0,0,0,0,0,0,0,0,1,0,1,0,1,1,1,1,1,0,1,1,0,0,0,1,0,0,0,1,0,1,0,0,0,0,0,0,flower_cif.y4m,3.62,3.614,0.02881,0.015101,0.0,211
1,1,0,0,1,0,0,0,0,0,0,0,1,0,1,1,1,1,1,0,1,1,0,0,0,0,0,1,0,1,1,0,1,0,0,1,0,0,flower_cif.y4m,97.72,97.61,0.255049,0.016715,0.0,347
1,1,0,1,0,0,0,0,0,0,0,0,1,0,1,1,0,0,1,1,0,1,1,0,0,0,0,0,0,1,1,0,1,0,0,0,1,0,flower_cif.y4m,9.81,9.834,0.066558,0.020627,0.0,13
1,1,0,0,0,0,0,1,0,0,0,0,1,0,1,1,1,1,1,0,1,1,0,0,1,0,0,0,0,1,0,1,0,0,0,0,0,0,flower_cif.y4m,302.85,302.87,0.163707,0.020691,0.0,228
1,1,0,0,0,0,0,0,0,1,0,0,1,1,0,1,0,1,1,0,1,1,0,0,1,0,0,0,0,1,0,1,1,0,0,0,0,1,flower_cif.y4m,6.61,6.576,0.070214,0.0181,0.0,335
1,1,0,0,0,0,0,0,1,0,0,0,1,1,0,1,1,0,1,0,1,1,0,0,1,0,0,0,0,1,1,0,1,1,0,0,0,0,flower_cif.y4m,19.91,19.898,0.089833,0.016918,0.0,24
1,1,1,0,0,0,0,0,0,0,0,0,1,0,1,1,0,1,1,0,1,1,0,1,0,0,0,0,0,1,0,1,1,0,0,1,0,0,flower_cif.y4m,247.92,247.764,0.318009,0.021,0.0,352
1,1,0,0,0,0,1,0,0,0,0,0,1,0,1,1,0,0,1,1,0,1,0,0,0,0,0,1,0,1,1,0,0,0,0,0,0,0,flower_cif.y4m,4.02,4.016,0.020736,0.015138,0.0,368
1,1,1,0,0,0,0,0,0,0,0,0,1,0,1,1,1,1,1,1,0,1,0,1,0,0,0,0,0,1,1,0,0,0,0,0,0,0,flower_cif.y4m,1.59,1.596,0.008944,0.019312,0.0,80
1,1,0,0,1,0,0,0,0,0,0,0,1,1,0,1,0,0,1,0,1,1,0,1,0,0,0,0,0,1,0,1,0,0,0,0,0,0,flower_cif.y4m,21.61,21.526,0.182839,0.016796,0.0,121
1,1,0,0,0,0,0,0,0,0,1,0,1,0,1,1,1,1,1,0,1,1,0,0,1,0,0,0,0,1,1,0,1,1,0,0,0,0,flower_cif.y4m,4.05,4.054,0.015166,0.014729,0.0,156
1,1,0,1,0,0,0,0,0,0,0,0,1,0,1,1,1,1,1,1,0,1,0,0,0,0,0,1,0,1,1,0,1,1,0,0,0,0,flower_cif.y4m,1.08,1.08,0.01,0.018363,0.0,9
1,1,0,0,0,0,0,0,0,0,1,0,1,1,0,1,0,0,1,1,0,1,0,0,0,0,1,0,0,1,1,0,1,0,0,0,0,1,flower_cif.y4m,6.05,6.018,0.067602,0.017264,0.0,165
1,1,0,0,0,0,0,0,0,0,1,0,1,0,1,1,0,0,1,1,0,1,0,1,0,0,0,0,0,1,0,1,1,0,0,0,0,1,flower_cif.y4m,5.06,5.058,0.029496,0.015329,0.0,126
1,1,0,0,1,0,0,0,0,0,0,0,1,1,0,1,1,1,1,0,1,1,0,0,1,0,0,0,0,1,0,1,1,0,1,0,0,0,flower_cif.y4m,1.6,1.606,0.008944,0.019312,0.0,280
1,1,0,0,0,0,0,1,0,0,0,0,1,0,1,1,1,1,1,1,0,1,0,1,0,0,0,0,0,1,0,1,1,0,0,0,1,0,flower_cif.y4m,1.22,1.214,0.008944,0.024017,0.0,172
1,1,0,0,0,0,0,0,0,0,1,0,1,0,1,1,0,1,1,1,0,1,0,0,0,1,0,0,0,1,0,1,0,0,0,0,0,0,flower_cif.y4m,7.38,7.378,0.065345,0.018725,0.0,292
1,1,0,0,0,0,0,0,0,0,1,0,1,1,0,1,1,1,1,0,1,1,0,0,0,0,0,1,0,1,1,0,0,0,0,0,0,0,flower_cif.y4m,14.74,14.762,0.054037,0.020479,0.0,105
1,1,0,0,0,1,0,0,0,0,0,0,1,0,1,1,1,1,1,0,1,1,0,0,0,0,0,0,1,1,1,0,1,0,1,0,0,0,flower_cif.y4m,14.07,14.006,0.205378,0.017721,0.0,76
1,1,0,0,0,1,0,0,0,0,0,0,1,0,1,1,0,0,1,1,0,1,1,0,0,0,0,0,0,1,1,0,1,0,0,0,0,1,flower_cif.y4m,100.71,100.746,0.149432,0.020046,0.0,221
1,1,0,0,0,0,0,0,0,0,1,0,1,1,0,1,1,0,1,1,0,1,0,0,0,0,1,0,0,1,0,1,1,0,0,0,0,1,flower_cif.y4m,34.29,34.268,0.054955,0.016832,0.0,167
1,1,0,0,0,0,0,0,0,0,1,0,1,0,1,1,0,1,1,0,1,1,1,0,0,0,0,0,0,1,1,0,1,0,0,0,0,1,flower_cif.y4m,186.48,186.272,0.633143,0.019036,0.0,35
1,1,0,0,1,0,0,0,0,0,0,0,1,1,0,1,0,0,1,1,0,1,0,1,0,0,0,0,0,1,0,1,1,0,1,0,0,0,flower_cif.y4m,3.3,3.314,0.032094,0.014859,0.0,235
1,1,0,0,0,0,0,0,0,1,0,0,1,1,0,1,1,1,1,0,1,1,0,0,1,0,0,0,0,1,0,1,1,0,0,0,0,1,flower_cif.y4m,10.55,10.58,0.093541,0.017971,0.0,333
1,1,0,0,0,0,1,0,0,0,0,0,1,0,1,1,1,1,1,1,0,1,0,1,0,0,0,0,0,1,1,0,0,0,0,0,0,0,flower_cif.y4m,111.22,111.336,0.268384,0.020175,0.0,44
1,1,0,0,1,0,0,0,0,0,0,0,1,0,1,1,0,1,1,1,0,1,0,1,0,0,0,0,0,1,0,1,1,1,0,0,0,0,flower_cif.y4m,202.0,201.982,0.054955,0.017964,0.0,256
1,1,0,0,0,0,0,1,0,0,0,0,1,0,1,1,1,0,1,0,1,1,0,1,0,0,0,0,0,1,0,1,1,0,0,0,0,1,flower_cif.y4m,499.84,500.006,1.050252,0.017362,0.0,192
1,1,0,0,0,0,1,0,0,0,0,0,1,1,0,1,1,1,1,1,0,1,1,0,0,0,0,0,0,1,1,0,1,0,0,0,0,1,flower_cif.y4m,14.21,14.198,0.043243,0.017691,0.0,41
1,1,0,0,0,0,0,0,0,0,1,0,1,0,1,1,0,1,1,1,0,1,0,0,0,0,0,1,0,1,0,1,1,0,0,0,1,0,flower_cif.y4m,124.29,123.874,0.946007,0.019952,0.0,273
1,1,0,0,0,0,0,0,0,0,1,0,1,1,0,1,0,1,1,0,1,1,0,0,0,0,0,1,0,1,0,1,0,0,0,0,0,0,flower_cif.y4m,82.56,82.41,0.470532,0.020095,0.0,101
1,1,0,0,0,0,0,0,0,0,1,0,1,0,1,1,1,1,1,0,1,1,0,0,0,0,1,0,0,1,1,0,1,0,1,0,0,0,flower_cif.y4m,65.75,65.72,0.084261,0.020144,0.0,242
1,1,0,0,0,0,0,0,0,0,1,0,1,1,0,1,0,1,1,0,1,1,0,0,0,0,0,1,0,1,1,0,0,0,0,0,0,0,flower_cif.y4m,6.44,6.456,0.021909,0.020879,0.0,103
1,1,1,0,0,0,0,0,0,0,0,0,1,1,0,1,1,0,1,1,0,1,0,1,0,0,0,0,0,1,0,1,0,0,0,0,0,0,flower_cif.y4m,119.86,119.882,0.107098,0.018046,0.0,1
1,1,0,0,0,0,0,1,0,0,0,0,1,1,0,1,0,0,1,0,1,1,0,0,0,0,0,1,0,1,0,1,1,0,0,0,0,1,flower_cif.y4m,5.66,5.672,0.053572,0.020521,0.0,56
1,1,0,0,1,0,0,0,0,0,0,0,1,0,1,1,0,0,1,0,1,1,0,0,0,0,0,0,1,1,0,1,0,0,0,0,0,0,flower_cif.y4m,14.24,14.258,0.074297,0.020479,0.0,373
1,1,0,0,0,0,0,0,1,0,0,0,1,1,0,1,1,1,1,0,1,1,0,1,0,0,0,0,0,1,0,1,1,0,1,0,0,0,flower_cif.y4m,183.56,183.418,0.559571,0.020057,0.0,318
1,1,0,0,0,1,0,0,0,0,0,0,1,1,0,1,0,0,1,1,0,1,0,0,0,0,1,0,0,1,1,0,0,0,0,0,0,0,flower_cif.y4m,193.94,193.556,1.040062,0.017406,0.0,69
1,1,0,1,0,0,0,0,0,0,0,0,1,0,1,1,0,0,1,1,0,1,0,0,0,0,0,1,0,1,1,0,1,1,0,0,0,0,flower_cif.y4m,4.75,4.756,0.019494,0.017879,0.0,11
1,1,0,0,1,0,0,0,0,0,0,0,1,0,1,1,0,0,1,1,0,1,0,1,0,0,0,0,0,1,0,1,1,0,0,1,0,0,flower_cif.y4m,3.98,3.986,0.020736,0.016524,0.0,258
1,1,0,0,0,0,0,0,0,0,1,0,1,0,1,1,0,0,1,1,0,1,0,1,0,0,0,0,0,1,1,0,1,0,1,0,0,0,flower_cif.y4m,285.12,285.24,0.396548,0.017433,0.0,238
1,1,0,0,0,0,0,1,0,0,0,0,1,0,1,1,1,0,1,1,0,1,1,0,0,0,0,0,0,1,0,1,1,0,0,0,1,0,flower_cif.y4m,303.81,303.596,0.760907,0.017327,0.0,173
1,1,0,0,0,0,0,1,0,0,0,0,1,0,1,1,0,1,1,0,1,1,0,1,0,0,0,0,0,1,0,1,1,1,0,0,0,0,flower_cif.y4m,286.5,286.352,0.286566,0.018283,0.0,190
1,1,0,1,0,0,0,0,0,0,0,0,1,0,1,1,1,0,1,1,0,1,0,0,0,0,0,1,0,1,0,1,1,1,0,0,0,0,flower_cif.y4m,69.02,69.048,0.194859,0.017652,0.0,7
1,1,0,0,0,1,0,0,0,0,0,0,1,0,1,1,1,1,1,0,1,1,0,0,0,0,0,0,1,1,1,0,0,0,0,0,0,0,flower_cif.y4m,1.98,1.98,0.054314,0.019199,0.0,323
1,1,0,0,0,1,0,0,0,0,0,0,1,0,1,1,0,0,1,0,1,1,0,0,0,0,0,0,1,1,1,0,1,0,0,0,1,0,flower_cif.y4m,213.65,213.628,0.283408,0.017803,0.0,73
1,1,0,0,0,0,0,0,0,0,1,0,1,0,1,1,1,0,1,0,1,1,0,1,0,0,0,0,0,1,0,1,0,0,0,0,0,0,flower_cif.y4m,210.83,210.962,0.216264,0.016646,0.0,209
1,1,0,1,0,0,0,0,0,0,0,0,1,1,0,1,1,0,1,0,1,1,1,0,0,0,0,0,0,1,1,0,0,0,0,0,0,0,flower_cif.y4m,4.04,4.036,0.027019,0.017364,0.0,138
1,1,0,0,0,1,0,0,0,0,0,0,1,1,0,1,1,1,1,1,0,1,0,0,0,0,0,1,0,1,0,1,0,0,0,0,0,0,flower_cif.y4m,90.27,90.33,0.16171,0.016657,0.0,264
1,1,0,0,0,0,0,0,0,1,0,0,1,0,1,1,0,1,1,0,1,1,0,0,0,0,0,1,0,1,0,1,1,0,0,0,1,0,flower_cif.y4m,193.96,193.936,0.530123,0.017406,0.0,98
1,1,0,0,0,0,0,0,0,0,1,0,1,1,0,1,0,0,1,0,1,1,0,0,0,0,0,1,0,1,1,0,1,0,0,1,0,0,flower_cif.y4m,3.77,3.774,0.015166,0.015438,0.0,380
1,1,0,0,1,0,0,0,0,0,0,0,1,1,0,1,1,1,1,1,0,1,0,1,0,0,0,0,0,1,1,0,1,0,1,0,0,0,flower_cif.y4m,240.76,240.668,0.510069,0.019939,0.0,85
1,1,0,0,0,0,0,0,0,0,1,0,1,0,1,1,0,0,1,0,1,1,1,0,0,0,0,0,0,1,0,1,1,0,0,0,1,0,flower_cif.y4m,111.04,111.056,0.173868,0.016845,0.0,31
1,1,0,1,0,0,0,0,0,0,0,0,1,0,1,1,1,0,1,1,0,1,0,0,0,0,0,1,0,1,1,0,1,1,0,0,0,0,flower_cif.y4m,3.16,3.168,0.031145,0.017302,0.0,8
1,1,0,0,1,0,0,0,0,0,0,0,1,1,0,1,1,1,1,1,0,1,1,0,0,0,0,0,0,1,0,1,1,1,0,0,0,0,flower_cif.y4m,6.02,6.014,0.013416,0.017064,0.0,216
1,1,0,0,1,0,0,0,0,0,0,0,1,1,0,1,1,1,1,0,1,1,0,0,0,1,0,0,0,1,0,1,1,1,0,0,0,0,flower_cif.y4m,1.26,1.28,0.056125,0.01955,0.0,214
1,1,0,0,0,0,0,0,1,0,0,0,1,1,0,1,0,0,1,1,0,1,0,0,0,0,0,1,0,1,1,0,0,0,0,0,0,0,flower_cif.y4m,7.49,7.522,0.097314,0.015336,0.0,341
1,1,0,0,1,0,0,0,0,0,0,0,1,1,0,1,0,0,1,1,0,1,0,1,0,0,0,0,0,1,1,0,1,0,1,0,0,0,flower_cif.y4m,3.99,3.988,0.013038,0.019628,0.0,236
1,1,0,0,0,0,0,0,0,0,1,0,1,0,1,1,0,0,1,0,1,1,0,0,0,0,1,0,0,1,1,0,1,0,1,0,0,0,flower_cif.y4m,10.71,10.698,0.031145,0.02071,0.0,240
1,1,0,0,0,0,0,1,0,0,0,0,1,0,1,1,0,0,1,0,1,1,0,0,0,1,0,0,0,1,0,1,1,0,0,0,1,0,flower_cif.y4m,6.62,6.628,0.030332,0.020879,0.0,51
1,1,1,0,0,0,0,0,0,0,0,0,1,0,1,1,1,1,1,0,1,1,0,0,0,0,0,0,1,1,1,0,1,0,1,0,0,0,flower_cif.y4m,6.05,6.048,0.055408,0.02073,0.0,77
1,1,0,0,0,0,0,0,0,0,1,0,1,0,1,1,1,0,1,1,0,1,0,0,0,0,0,1,0,1,0,1,1,0,0,0,0,1,flower_cif.y4m,6.2,6.194,0.027019,0.0164,0.0,128
1,1,0,0,1,0,0,0,0,0,0,0,1,1,0,1,0,0,1,1,0,1,0,1,0,0,0,0,0,1,0,1,0,0,0,0,0,0,flower_cif.y4m,106.91,106.94,0.065955,0.020096,0.0,234
1,1,0,0,0,0,0,0,1,0,0,0,1,0,1,1,1,0,1,0,1,1,0,0,0,0,0,1,0,1,0,1,1,0,0,0,1,0,flower_cif.y4m,515.26,515.244,0.043932,0.017362,0.0,28
1,1,0,0,1,0,0,0,0,0,0,0,1,1,0,1,1,0,1,0,1,1,1,0,0,0,0,0,0,1,1,0,0,0,0,0,0,0,flower_cif.y4m,68.63,68.648,0.200923,0.017652,0.0,139
1,1,0,0,0,0,0,0,0,0,1,0,1,0,1,1,1,0,1,1,0,1,0,0,0,0,1,0,0,1,1,0,1,0,1,0,0,0,flower_cif.y4m,1.19,1.186,0.018166,0.018758,0.0,152
1,1,0,1,0,0,0,0,0,0,0,0,1,0,1,1,0,0,1,1,0,1,0,0,0,0,0,1,0,1,1,0,1,0,0,0,1,0,flower_cif.y4m,157.77,157.544,0.962227,0.020989,0.0,12
1,1,0,0,0,0,1,0,0,0,0,0,1,0,1,1,0,1,1,1,0,1,0,0,0,0,0,1,0,1,1,0,0,0,0,0,0,0,flower_cif.y4m,1.15,1.148,0.004472,0.018758,0.0,369
1,1,0,0,0,0,0,0,0,0,0,1,1,1,0,1,1,0,1,0,1,1,0,0,0,0,0,1,0,1,0,1,1,0,0,0,0,1,flower_cif.y4m,34.28,34.25,0.045826,0.016832,0.0,58
1,1,0,0,0,0,0,0,1,0,0,0,1,1,0,1,1,0,1,1,0,1,1,0,0,0,0,0,0,1,1,0,0,0,0,0,0,0,flower_cif.y4m,26.22,26.204,0.104785,0.020731,0.0,64
1,1,0,0,0,0,0,0,1,0,0,0,1,1,0,1,1,0,1,1,0,1,0,0,1,0,0,0,0,1,1,0,1,1,0,0,0,0,flower_cif.y4m,22.12,22.108,0.037014,0.0204,0.0,21
1,1,0,0,0,1,0,0,0,0,0,0,1,0,1,1,1,1,1,0,1,1,0,0,1,0,0,0,0,1,1,0,1,0,0,0,0,1,flower_cif.y4m,100.57,100.61,0.285044,0.016715,0.0,225
1,1,0,0,0,0,1,0,0,0,0,0,1,0,1,1,1,0,1,1,0,1,0,0,0,0,0,1,0,1,1,0,1,0,0,0,1,0,flower_cif.y4m,175.88,175.682,0.67869,0.017905,0.0,366
1,1,0,0,0,0,0,1,0,0,0,0,1,0,1,1,1,1,1,0,1,1,0,0,1,0,0,0,0,1,0,1,1,0,0,0,0,1,football_cif.y4m,5.11,5.07,0.1251,0.017782,0.0,114
1,1,0,0,1,0,0,0,0,0,0,0,1,1,0,1,1,1,1,0,1,1,0,0,1,0,0,0,0,1,1,0,1,0,1,0,0,0,football_cif.y4m,5.07,5.06,0.023452,0.017176,0.0,281
1,1,0,0,0,1,0,0,0,0,0,0,1,0,1,1,1,0,1,1,0,1,0,0,0,0,0,0,1,1,1,0,1,0,0,1,0,0,football_cif.y4m,6.68,6.662,0.038987,0.017364,0.0,325
1,1,1,0,0,0,0,0,0,0,0,0,1,1,0,1,1,0,1,1,0,1,0,0,0,0,1,0,0,1,1,0,1,1,0,0,0,0,football_cif.y4m,5.39,5.384,0.024083,0.016933,0.0,181
1,1,0,0,0,0,0,0,1,0,0,0,1,1,0,1,1,0,1,0,1,1,0,0,1,0,0,0,0,1,1,0,1,0,0,0,0,1,football_cif.y4m,204.43,204.172,1.284648,0.019022,0.0,247
1,1,0,0,0,0,0,0,0,0,1,0,1,1,0,1,1,0,1,1,0,1,0,0,0,0,1,0,0,1,1,0,1,0,0,0,0,1,football_cif.y4m,362.13,361.854,0.800893,0.016606,0.0,166
1,1,0,0,0,0,0,0,1,0,0,0,1,1,0,1,1,0,1,0,1,1,0,0,1,0,0,0,0,1,1,0,1,0,0,0,1,0,football_cif.y4m,9.29,9.302,0.070143,0.016611,0.0,25
1,1,0,0,0,0,0,1,0,0,0,0,1,0,1,1,0,0,1,1,0,1,0,1,0,0,0,0,0,1,0,1,0,0,0,0,0,0,football_cif.y4m,9.61,9.626,0.097108,0.016326,0.0,355
1,1,0,0,1,0,0,0,0,0,0,0,1,1,0,1,0,0,1,1,0,1,1,0,0,0,0,0,0,1,1,0,1,0,0,0,0,1,football_cif.y4m,2.16,2.152,0.016432,0.017851,0.0,219
1,1,0,0,0,1,0,0,0,0,0,0,1,1,0,1,1,0,1,1,0,1,0,0,0,0,1,0,0,1,1,0,1,1,0,0,0,0,football_cif.y4m,9.42,9.512,0.319171,0.016326,0.0,182
1,1,0,1,0,0,0,0,0,0,0,0,1,0,1,1,0,1,1,1,0,1,0,0,0,0,0,1,0,1,1,0,1,1,0,0,0,0,football_cif.y4m,4.54,4.53,0.02,0.017069,0.0,10
1,1,0,0,1,0,0,0,0,0,0,0,1,1,0,1,1,0,1,0,1,1,0,0,1,0,0,0,0,1,0,1,1,0,0,0,0,1,football_cif.y4m,105.29,105.374,0.140464,0.016787,0.0,116
1,1,0,0,0,1,0,0,0,0,0,0,1,1,0,1,1,1,1,0,1,1,0,0,0,0,0,1,0,1,0,1,1,1,0,0,0,0,football_cif.y4m,8.3,8.386,0.163034,0.017316,0.0,266
1,1,0,0,0,0,0,0,1,0,0,0,1,1,0,1,0,0,1,0,1,1,0,0,1,0,0,0,0,1,1,0,1,0,0,1,0,0,football_cif.y4m,53.0,52.91,0.18097,0.02031,0.0,313
1,1,0,0,0,0,0,1,0,0,0,0,1,0,1,1,0,0,1,1,0,1,0,0,0,0,0,0,1,1,0,1,0,0,0,0,0,0,football_cif.y4m,9.83,9.852,0.060992,0.018114,0.0,357
1,1,0,0,0,1,0,0,0,0,0,0,1,0,1,1,0,1,1,0,1,1,1,0,0,0,0,0,0,1,1,0,1,1,0,0,0,0,football_cif.y4m,3.17,3.124,0.114149,0.017385,0.0,187
1,1,0,0,0,0,0,0,1,0,0,0,1,1,0,1,1,1,1,0,1,1,0,0,1,0,0,0,0,1,1,0,1,1,0,0,0,0,football_cif.y4m,771.89,771.908,1.053694,0.016484,0.0,23
1,1,0,0,1,0,0,0,0,0,0,0,1,1,0,1,1,0,1,1,0,1,0,1,0,0,0,0,0,1,0,1,0,0,0,0,0,0,football_cif.y4m,77.56,77.566,0.108766,0.017535,0.0,2
1,1,0,0,0,0,0,0,0,0,0,1,1,1,0,1,1,0,1,0,1,1,0,0,0,0,0,1,0,1,1,0,1,1,0,0,0,0,football_cif.y4m,400.04,399.834,0.714234,0.018908,0.0,301
1,1,0,0,0,0,0,1,0,0,0,0,1,0,1,1,0,1,1,1,0,1,0,1,0,0,0,0,0,1,0,1,0,0,0,0,0,0,football_cif.y4m,235.05,238.314,6.172056,0.020311,0.0,356
1,1,0,0,0,0,0,0,0,0,1,0,1,1,0,1,0,1,1,0,1,1,0,0,0,0,0,1,0,1,0,1,1,1,0,0,0,0,football_cif.y4m,11.39,11.39,0.021213,0.016082,0.0,269
1,1,0,0,0,0,0,0,0,0,1,0,1,0,1,1,0,1,1,1,0,1,0,0,1,0,0,0,0,1,0,1,1,0,0,0,1,0,football_cif.y4m,7.39,7.348,0.111669,0.018254,0.0,274
1,1,0,0,0,0,0,0,0,0,1,0,1,0,1,1,0,1,1,1,0,1,0,0,0,1,0,0,0,1,1,0,1,1,0,0,0,0,football_cif.y4m,6.43,6.402,0.076942,0.01752,0.0,307
1,1,0,0,1,0,0,0,0,0,0,0,1,0,1,1,0,1,1,1,0,1,0,0,1,0,0,0,0,1,0,1,1,1,0,0,0,0,football_cif.y4m,49.81,49.822,0.048166,0.017694,0.0,254
1,1,0,0,0,0,0,0,0,0,1,0,1,0,1,1,0,1,1,0,1,1,0,1,0,0,0,0,0,1,0,1,0,0,0,0,0,0,football_cif.y4m,2.09,2.048,0.083187,0.017938,0.0,208
1,1,0,0,1,0,0,0,0,0,0,0,1,1,0,1,1,1,1,1,0,1,0,0,1,0,0,0,0,1,0,1,1,0,1,0,0,0,football_cif.y4m,2.07,2.076,0.026077,0.017289,0.0,279
1,1,0,0,0,0,0,1,0,0,0,0,1,1,0,1,1,1,1,1,0,1,0,1,0,0,0,0,0,1,0,1,1,0,0,0,1,0,football_cif.y4m,7.44,7.36,0.196214,0.018848,0.0,171
1,1,0,0,0,0,0,0,0,1,0,0,1,1,0,1,0,1,1,0,1,1,0,0,0,0,0,1,0,1,0,1,1,0,0,0,1,0,football_cif.y4m,53.88,53.858,0.134981,0.02031,0.0,99
1,1,1,0,0,0,0,0,0,0,0,0,1,0,1,1,1,1,1,1,0,1,0,1,0,0,0,0,0,1,1,0,1,0,1,0,0,0,football_cif.y4m,8.18,8.156,0.071624,0.018927,0.0,81
1,1,0,0,0,0,0,0,0,0,1,0,1,0,1,1,1,1,1,0,1,1,0,0,1,0,0,0,0,1,1,0,1,0,1,0,0,0,football_cif.y4m,3.58,3.484,0.163493,0.018384,0.0,155
1,1,0,0,0,1,0,0,0,0,0,0,1,1,0,1,0,1,1,1,0,1,1,0,0,0,0,0,0,1,1,0,1,1,0,0,0,0,football_cif.y4m,5.1,5.048,0.127945,0.01752,0.0,185
1,1,0,0,1,0,0,0,0,0,0,0,1,1,0,1,0,0,1,0,1,1,0,0,0,0,0,1,0,1,0,1,0,0,0,0,0,0,football_cif.y4m,4.97,4.986,0.037815,0.016337,0.0,376
1,1,0,0,0,0,0,0,1,0,0,0,1,1,0,1,0,1,1,0,1,1,0,1,0,0,0,0,0,1,1,0,0,0,0,0,0,0,football_cif.y4m,2.15,2.144,0.162727,0.017148,0.0,204
1,1,0,0,0,0,0,0,1,0,0,0,1,1,0,1,1,0,1,0,1,1,0,0,0,0,1,0,0,1,1,0,1,0,0,0,0,1,football_cif.y4m,210.22,210.124,0.448252,0.016602,0.0,246
1,1,0,0,0,0,0,1,0,0,0,0,1,1,0,1,1,1,1,0,1,1,0,0,1,0,0,0,0,1,0,1,0,0,0,0,0,0,football_cif.y4m,131.7,131.796,0.695579,0.019218,0.0,230
1,1,0,0,0,0,0,0,1,0,0,0,1,0,1,1,1,0,1,0,1,1,0,0,0,0,0,1,0,1,1,0,1,0,0,0,1,0,football_cif.y4m,115.63,115.384,0.64174,0.021054,0.0,27
1,1,0,1,0,0,0,0,0,0,0,0,1,1,0,1,1,1,1,0,1,1,1,0,0,0,0,0,0,1,1,0,0,0,0,0,0,0,football_cif.y4m,7.05,7.064,0.045056,0.017239,0.0,137
1,1,0,0,0,0,0,0,0,0,1,0,1,1,0,1,1,1,1,1,0,1,0,0,0,0,1,0,0,1,0,1,1,0,0,0,1,0,football_cif.y4m,6.07,6.028,0.100598,0.017325,0.0,169
1,1,0,0,0,0,0,0,0,0,1,0,1,0,1,1,0,1,1,0,1,1,1,0,0,0,0,0,0,1,0,1,1,0,0,0,0,1,football_cif.y4m,274.99,274.896,0.79472,0.019065,0.0,33
1,1,0,0,0,0,0,0,1,0,0,0,1,0,1,1,0,1,1,0,1,1,0,1,0,0,0,0,0,1,1,0,0,0,0,0,0,0,football_cif.y4m,30.79,30.782,0.033466,0.02066,0.0,205
1,1,0,0,0,0,0,0,0,0,1,0,1,1,0,1,1,0,1,0,1,1,0,0,0,0,1,0,0,1,1,0,1,0,0,0,0,1,football_cif.y4m,7.95,7.946,0.008944,0.018212,0.0,245
1,1,1,0,0,0,0,0,0,0,0,0,1,1,0,1,0,0,1,1,0,1,0,0,1,0,0,0,0,1,1,0,1,0,0,0,0,1,football_cif.y4m,5.68,5.596,0.173868,0.017094,0.0,163
1,1,0,0,1,0,0,0,0,0,0,0,1,1,0,1,1,0,1,1,0,1,1,0,0,0,0,0,0,1,0,1,1,1,0,0,0,0,football_cif.y4m,4.57,4.59,0.095131,0.016337,0.0,4
1,1,0,0,1,0,0,0,0,0,0,0,1,1,0,1,0,0,1,0,1,1,1,0,0,0,0,0,0,1,1,0,1,0,0,0,1,0,football_cif.y4m,2.57,2.562,0.030332,0.017289,0.0,141
1,1,1,0,0,0,0,0,0,0,0,0,1,1,0,1,1,1,1,0,1,1,0,0,1,0,0,0,0,1,1,0,1,1,0,0,0,0,football_cif.y4m,395.08,395.052,0.387969,0.016666,0.0,159
1,1,0,0,0,0,0,0,1,0,0,0,1,1,0,1,0,1,1,0,1,1,0,0,1,0,0,0,0,1,0,1,1,0,0,0,0,1,football_cif.y4m,8.1,8.096,0.02881,0.0174,0.0,336
1,1,0,0,0,1,0,0,0,0,0,0,1,1,0,1,0,0,1,0,1,1,0,0,0,0,0,0,1,1,1,0,1,0,0,0,1,0,football_cif.y4m,70.71,70.808,0.918352,0.019196,0.0,72
1,1,0,0,0,0,0,0,1,0,0,0,1,1,0,1,1,0,1,1,0,1,0,0,1,0,0,0,0,1,1,0,1,0,0,0,0,1,football_cif.y4m,7.07,7.054,0.118025,0.018209,0.0,248
1,1,0,1,0,0,0,0,0,0,0,0,1,0,1,1,1,1,1,1,0,1,0,0,0,0,0,1,0,1,0,1,1,0,0,0,0,1,football_cif.y4m,207.71,210.756,4.761757,0.016498,0.0,130
1,1,0,0,0,1,0,0,0,0,0,0,1,0,1,1,1,1,1,1,0,1,0,0,0,0,0,0,1,1,1,0,0,0,0,0,0,0,football_cif.y4m,260.01,260.054,0.300217,0.016769,0.0,324
1,1,1,0,0,0,0,0,0,0,0,0,1,0,1,1,0,1,1,1,0,1,0,1,0,0,0,0,0,1,0,1,0,0,0,0,0,0,football_cif.y4m,176.8,176.762,0.222868,0.020968,0.0,354
1,1,0,0,0,0,0,0,0,0,1,0,1,0,1,1,0,0,1,1,0,1,0,0,0,1,0,0,0,1,0,1,0,0,0,0,0,0,football_cif.y4m,149.07,149.08,2.125523,0.016688,0.0,291
1,1,0,0,0,0,0,0,0,0,1,0,1,1,0,1,0,0,1,1,0,1,0,1,0,0,0,0,0,1,1,0,1,0,1,0,0,0,football_cif.y4m,3.26,3.25,0.107238,0.016878,0.0,237
1,1,0,0,0,1,0,0,0,0,0,0,1,1,0,1,1,0,1,1,0,1,1,0,0,0,0,0,0,1,1,0,1,1,0,0,0,0,football_cif.y4m,5.08,5.048,0.060166,0.017276,0.0,183
1,1,0,0,0,1,0,0,0,0,0,0,1,0,1,1,1,1,1,0,1,1,0,0,1,0,0,0,0,1,0,1,0,0,0,0,0,0,football_cif.y4m,3.95,3.952,0.057619,0.017813,0.0,227
1,1,0,0,0,0,0,0,1,0,0,0,1,1,0,1,0,1,1,0,1,1,0,0,0,0,0,1,0,1,0,1,0,0,0,0,0,0,football_cif.y4m,6.99,6.948,0.10616,0.01733,0.0,338
1,1,0,0,1,0,0,0,0,0,0,0,1,0,1,1,0,0,1,0,1,1,1,0,0,0,0,0,0,1,1,0,1,0,0,0,1,0,football_cif.y4m,36.35,36.342,0.058052,0.019179,0.0,142
1,1,0,0,1,0,0,0,0,0,0,0,1,1,0,1,1,1,1,0,1,1,0,0,1,0,0,0,0,1,1,0,1,0,0,0,0,1,football_cif.y4m,13.49,13.5,0.089163,0.016402,0.0,332
1,1,0,0,0,0,0,0,0,1,0,0,1,0,1,1,0,0,1,1,0,1,0,0,0,0,1,0,0,1,0,1,1,0,0,0,1,0,football_cif.y4m,387.57,387.534,0.265763,0.016618,0.0,95
1,1,0,0,1,0,0,0,0,0,0,0,1,0,1,1,0,0,1,0,1,1,0,0,0,1,0,0,0,1,0,1,0,0,0,0,0,0,football_cif.y4m,9.69,9.678,0.050695,0.016237,0.0,289
1,1,0,0,1,0,0,0,0,0,0,0,1,1,0,1,0,0,1,0,1,1,0,0,0,0,0,1,0,1,0,1,1,0,0,1,0,0,football_cif.y4m,3.0,2.964,0.083247,0.016878,0.0,378
1,1,0,0,1,0,0,0,0,0,0,0,1,1,0,1,1,1,1,1,0,1,0,0,1,0,0,0,0,1,0,1,1,0,0,0,1,0,football_cif.y4m,78.13,78.152,0.384213,0.019108,0.0,278
1,1,0,0,0,0,0,0,0,0,1,0,1,0,1,1,1,0,1,0,1,1,1,0,0,0,0,0,0,1,0,1,1,0,0,0,1,0,football_cif.y4m,6.99,6.984,0.088769,0.016039,0.0,30
1,1,0,0,1,0,0,0,0,0,0,0,1,1,0,1,0,0,1,0,1,1,0,1,0,0,0,0,0,1,0,1,1,0,0,0,0,1,football_cif.y4m,3.05,3.028,0.038987,0.018122,0.0,120
1,1,0,0,0,1,0,0,0,0,0,0,1,1,0,1,1,1,1,0,1,1,0,0,0,0,0,1,0,1,0,1,0,0,0,0,0,0,football_cif.y4m,3.67,3.68,0.045826,0.016453,0.0,265
1,1,0,0,0,0,0,0,0,0,1,0,1,1,0,1,1,0,1,1,0,1,0,0,0,0,0,1,0,1,0,1,0,0,0,0,0,0,football_cif.y4m,5.97,5.956,0.066558,0.017206,0.0,296
1,1,0,0,0,0,0,1,0,0,0,0,1,1,0,1,1,1,1,1,0,1,0,1,0,0,0,0,0,1,0,1,0,0,0,0,0,0,football_cif.y4m,10.21,10.198,0.062209,0.017195,0.0,232
1,1,0,0,0,0,0,0,0,0,1,0,1,0,1,1,0,0,1,1,0,1,0,0,1,0,0,0,0,1,1,0,1,0,0,1,0,0,football_cif.y4m,6.95,6.928,0.075631,0.017375,0.0,310
1,1,0,0,0,0,0,1,0,0,0,0,1,0,1,1,1,1,1,0,1,1,0,0,0,0,0,1,0,1,0,1,1,0,0,1,0,0,football_cif.y4m,211.08,210.826,0.746679,0.01665,0.0,349
1,1,0,0,1,0,0,0,0,0,0,0,1,1,0,1,0,1,1,0,1,1,0,0,0,0,0,1,0,1,0,1,0,0,0,0,0,0,football_cif.y4m,5.66,5.654,0.04827,0.015928,0.0,377
1,1,0,0,0,0,0,0,0,1,0,0,1,0,1,1,1,1,1,1,0,1,0,0,0,0,1,0,0,1,0,1,1,0,0,0,1,0,football_cif.y4m,385.98,385.98,0.731334,0.019123,0.0,94
1,1,1,0,0,0,0,0,0,0,0,0,1,1,0,1,1,0,1,0,1,1,1,0,0,0,0,0,0,1,0,1,1,1,0,0,0,0,football_cif.y4m,6.42,6.438,0.044385,0.01752,0.0,178
1,1,0,0,0,0,0,0,0,0,1,0,1,0,1,1,0,0,1,1,0,1,0,0,0,0,0,1,0,1,0,1,1,0,0,0,0,1,football_cif.y4m,7.97,7.966,0.015166,0.015805,0.0,127
1,1,0,0,0,0,0,1,0,0,0,0,1,0,1,1,1,0,1,0,1,1,0,0,0,1,0,0,0,1,0,1,1,0,0,0,1,0,football_cif.y4m,2.47,2.464,0.067305,0.017216,0.0,111
1,1,1,0,0,0,0,0,0,0,0,0,1,0,1,1,0,1,1,1,0,1,0,1,0,0,0,0,0,1,0,1,1,0,0,1,0,0,football_cif.y4m,6.19,6.152,0.072595,0.015314,0.0,353
1,1,0,0,0,0,1,0,0,0,0,0,1,0,1,1,1,1,1,1,0,1,0,1,0,0,0,0,0,1,1,0,1,0,0,0,1,0,football_cif.y4m,5.95,5.944,0.051284,0.017069,0.0,45
1,1,0,0,0,1,0,0,0,0,0,0,1,0,1,1,1,1,1,0,1,1,0,0,1,0,0,0,0,1,1,0,0,0,0,0,0,0,football_cif.y4m,2.11,2.072,0.085264,0.018182,0.0,226
1,1,0,0,0,0,0,0,0,0,0,1,1,1,0,1,1,0,1,0,1,1,0,0,0,0,0,1,0,1,1,0,1,0,0,0,0,1,football_cif.y4m,6.36,6.392,0.071903,0.016919,0.0,59
1,1,0,0,0,0,0,0,1,0,0,0,1,1,0,1,1,1,1,1,0,1,1,0,0,0,0,0,0,1,0,1,1,1,0,0,0,0,football_cif.y4m,78.6,78.308,0.550382,0.017535,0.0,19
1,1,0,0,0,0,0,0,0,0,0,1,1,1,0,1,0,1,1,0,1,1,0,0,0,1,0,0,0,1,1,0,1,1,0,0,0,0,football_cif.y4m,49.14,49.144,0.111041,0.019236,0.0,304
1,1,0,0,0,0,0,0,1,0,0,0,1,0,1,1,0,1,1,0,1,1,0,1,0,0,0,0,0,1,0,1,0,0,0,0,0,0,football_cif.y4m,6.96,6.926,0.076354,0.018209,0.0,207
1,1,0,0,0,0,1,0,0,0,0,0,1,1,0,1,1,1,1,1,0,1,0,1,0,0,0,0,0,1,1,0,0,0,0,0,0,0,football_cif.y4m,345.75,348.344,5.230247,0.016487,0.0,43
1,1,0,0,0,0,1,0,0,0,0,0,1,1,0,1,1,0,1,1,0,1,1,0,0,0,0,0,0,1,1,0,1,0,0,0,0,1,football_cif.y4m,3.95,3.986,0.080187,0.016709,0.0,40
1,1,0,0,0,1,0,0,0,0,0,0,1,0,1,1,0,1,1,1,0,1,1,0,0,0,0,0,0,1,1,0,1,1,0,0,0,0,football_cif.y4m,231.38,231.234,0.262164,0.016788,0.0,186
1,1,0,0,1,0,0,0,0,0,0,0,1,0,1,1,0,0,1,0,1,1,0,0,0,1,0,0,0,1,0,1,1,0,0,0,0,1,football_cif.y4m,3.6,3.58,0.034641,0.018072,0.0,288
1,1,1,0,0,0,0,0,0,0,0,0,1,1,0,1,1,0,1,1,0,1,0,1,0,0,0,0,0,1,1,0,1,0,1,0,0,0,football_cif.y4m,5.57,5.554,0.085029,0.016933,0.0,82
1,1,0,0,0,0,0,0,0,0,1,0,1,0,1,1,1,1,1,0,1,1,0,0,0,1,0,0,0,1,0,1,0,0,0,0,0,0,football_cif.y4m,4.88,4.814,0.176295,0.017451,0.0,211
1,1,0,0,1,0,0,0,0,0,0,0,1,0,1,1,1,1,1,0,1,1,0,0,0,0,0,1,0,1,1,0,1,0,0,1,0,0,football_cif.y4m,209.03,208.974,0.254224,0.016602,0.0,347
1,1,0,1,0,0,0,0,0,0,0,0,1,0,1,1,0,0,1,1,0,1,1,0,0,0,0,0,0,1,1,0,1,0,0,0,1,0,football_cif.y4m,10.51,10.46,0.205791,0.017174,0.0,13
1,1,0,0,0,0,0,1,0,0,0,0,1,0,1,1,1,1,1,0,1,1,0,0,1,0,0,0,0,1,0,1,0,0,0,0,0,0,football_cif.y4m,593.56,593.258,1.076067,0.016537,0.0,228
1,1,0,0,0,0,0,0,0,1,0,0,1,1,0,1,0,1,1,0,1,1,0,0,1,0,0,0,0,1,0,1,1,0,0,0,0,1,football_cif.y4m,7.09,7.27,0.298998,0.018848,0.0,335
1,1,0,0,0,0,0,0,1,0,0,0,1,1,0,1,1,0,1,0,1,1,0,0,1,0,0,0,0,1,1,0,1,1,0,0,0,0,football_cif.y4m,27.9,27.9,0.033912,0.016551,0.0,24
1,1,1,0,0,0,0,0,0,0,0,0,1,0,1,1,0,1,1,0,1,1,0,1,0,0,0,0,0,1,0,1,1,0,0,1,0,0,football_cif.y4m,354.32,354.574,0.659189,0.020743,0.0,352
1,1,0,0,0,0,1,0,0,0,0,0,1,0,1,1,0,0,1,1,0,1,0,0,0,0,0,1,0,1,1,0,0,0,0,0,0,0,football_cif.y4m,4.95,5.026,0.185822,0.017487,0.0,368
1,1,1,0,0,0,0,0,0,0,0,0,1,0,1,1,1,1,1,1,0,1,0,1,0,0,0,0,0,1,1,0,0,0,0,0,0,0,football_cif.y4m,2.72,2.652,0.141138,0.017474,0.0,80
1,1,0,0,1,0,0,0,0,0,0,0,1,1,0,1,0,0,1,0,1,1,0,1,0,0,0,0,0,1,0,1,0,0,0,0,0,0,football_cif.y4m,49.49,49.426,0.227991,0.017635,0.0,121
1,1,0,0,0,0,0,0,0,0,1,0,1,0,1,1,1,1,1,0,1,1,0,0,1,0,0,0,0,1,1,0,1,1,0,0,0,0,football_cif.y4m,5.37,5.39,0.047434,0.017239,0.0,156
1,1,0,1,0,0,0,0,0,0,0,0,1,0,1,1,1,1,1,1,0,1,0,0,0,0,0,1,0,1,1,0,1,1,0,0,0,0,football_cif.y4m,1.65,1.664,0.063875,0.017398,0.0,9
1,1,0,0,0,0,0,0,0,0,1,0,1,1,0,1,0,0,1,1,0,1,0,0,0,0,1,0,0,1,1,0,1,0,0,0,0,1,football_cif.y4m,7.58,7.532,0.123976,0.018212,0.0,165
1,1,0,0,0,0,0,0,0,0,1,0,1,0,1,1,0,0,1,1,0,1,0,1,0,0,0,0,0,1,0,1,1,0,0,0,0,1,football_cif.y4m,5.78,5.788,0.037683,0.0177,0.0,126
1,1,0,0,1,0,0,0,0,0,0,0,1,1,0,1,1,1,1,0,1,1,0,0,1,0,0,0,0,1,0,1,1,0,1,0,0,0,football_cif.y4m,2.22,2.244,0.045056,0.017474,0.0,280
1,1,0,0,0,0,0,1,0,0,0,0,1,0,1,1,1,1,1,1,0,1,0,1,0,0,0,0,0,1,0,1,1,0,0,0,1,0,football_cif.y4m,1.82,1.804,0.041593,0.018037,0.0,172
1,1,0,0,0,0,0,0,0,0,1,0,1,0,1,1,0,1,1,1,0,1,0,0,0,1,0,0,0,1,0,1,0,0,0,0,0,0,football_cif.y4m,7.17,7.166,0.045607,0.017475,0.0,292
1,1,0,0,0,0,0,0,0,0,1,0,1,1,0,1,1,1,1,0,1,1,0,0,0,0,0,1,0,1,1,0,0,0,0,0,0,0,football_cif.y4m,26.53,26.508,0.111221,0.017747,0.0,105
1,1,0,0,0,1,0,0,0,0,0,0,1,0,1,1,1,1,1,0,1,1,0,0,0,0,0,0,1,1,1,0,1,0,1,0,0,0,football_cif.y4m,12.63,12.612,0.064576,0.016237,0.0,76
1,1,0,0,0,1,0,0,0,0,0,0,1,0,1,1,0,0,1,1,0,1,1,0,0,0,0,0,0,1,1,0,1,0,0,0,0,1,football_cif.y4m,209.71,209.618,0.396888,0.016601,0.0,221
1,1,0,0,0,0,0,0,0,0,1,0,1,1,0,1,1,0,1,1,0,1,0,0,0,0,1,0,0,1,0,1,1,0,0,0,0,1,football_cif.y4m,46.96,47.018,0.493021,0.016489,0.0,167
1,1,0,0,0,0,0,0,0,0,1,0,1,0,1,1,0,1,1,0,1,1,1,0,0,0,0,0,0,1,1,0,1,0,0,0,0,1,football_cif.y4m,377.48,377.69,0.627615,0.01938,0.0,35
1,1,0,0,1,0,0,0,0,0,0,0,1,1,0,1,0,0,1,1,0,1,0,1,0,0,0,0,0,1,0,1,1,0,1,0,0,0,football_cif.y4m,5.19,5.18,0.035355,0.017362,0.0,235
1,1,0,0,0,0,0,0,0,1,0,0,1,1,0,1,1,1,1,0,1,1,0,0,1,0,0,0,0,1,0,1,1,0,0,0,0,1,football_cif.y4m,9.52,9.52,0.025495,0.016268,0.0,333
1,1,0,0,0,0,1,0,0,0,0,0,1,0,1,1,1,1,1,1,0,1,0,1,0,0,0,0,0,1,1,0,0,0,0,0,0,0,football_cif.y4m,186.01,185.978,0.34157,0.016635,0.0,44
1,1,0,0,1,0,0,0,0,0,0,0,1,0,1,1,0,1,1,1,0,1,0,1,0,0,0,0,0,1,0,1,1,1,0,0,0,0,football_cif.y4m,331.5,331.106,1.495236,0.018888,0.0,256
1,1,0,0,0,0,0,1,0,0,0,0,1,0,1,1,1,0,1,0,1,1,0,1,0,0,0,0,0,1,0,1,1,0,0,0,0,1,football_cif.y4m,787.99,787.422,1.322675,0.016884,0.0,192
1,1,0,0,0,0,1,0,0,0,0,0,1,1,0,1,1,1,1,1,0,1,1,0,0,0,0,0,0,1,1,0,1,0,0,0,0,1,football_cif.y4m,26.57,26.558,0.141669,0.019281,0.0,41
1,1,0,0,0,0,0,0,0,0,1,0,1,0,1,1,0,1,1,1,0,1,0,0,0,0,0,1,0,1,0,1,1,0,0,0,1,0,football_cif.y4m,225.72,225.838,0.387195,0.020246,0.0,273
1,1,0,0,0,0,0,0,0,0,1,0,1,1,0,1,0,1,1,0,1,1,0,0,0,0,0,1,0,1,0,1,0,0,0,0,0,0,football_cif.y4m,137.43,137.36,0.276405,0.020354,0.0,101
1,1,0,0,0,0,0,0,0,0,1,0,1,0,1,1,1,1,1,0,1,1,0,0,0,0,1,0,0,1,1,0,1,0,1,0,0,0,football_cif.y4m,102.74,102.49,0.610983,0.016787,0.0,242
1,1,0,0,0,0,0,0,0,0,1,0,1,1,0,1,0,1,1,0,1,1,0,0,0,0,0,1,0,1,1,0,0,0,0,0,0,0,football_cif.y4m,7.89,7.858,0.09576,0.018254,0.0,103
1,1,1,0,0,0,0,0,0,0,0,0,1,1,0,1,1,0,1,1,0,1,0,1,0,0,0,0,0,1,0,1,0,0,0,0,0,0,football_cif.y4m,214.54,214.328,0.428159,0.018986,0.0,1
1,1,0,0,0,0,0,1,0,0,0,0,1,1,0,1,0,0,1,0,1,1,0,0,0,0,0,1,0,1,0,1,1,0,0,0,0,1,football_cif.y4m,6.14,6.176,0.079246,0.015314,0.0,56
1,1,0,0,1,0,0,0,0,0,0,0,1,0,1,1,0,0,1,0,1,1,0,0,0,0,0,0,1,1,0,1,0,0,0,0,0,0,football_cif.y4m,26.58,26.556,0.13069,0.017747,0.0,373
1,1,0,0,0,0,0,0,1,0,0,0,1,1,0,1,1,1,1,0,1,1,0,1,0,0,0,0,0,1,0,1,1,0,1,0,0,0,football_cif.y4m,286.27,288.0,3.115486,0.016511,0.0,318
1,1,0,0,0,1,0,0,0,0,0,0,1,1,0,1,0,0,1,1,0,1,0,0,0,0,1,0,0,1,1,0,0,0,0,0,0,0,football_cif.y4m,384.19,384.172,0.847597,0.016696,0.0,69
1,1,0,1,0,0,0,0,0,0,0,0,1,0,1,1,0,0,1,1,0,1,0,0,0,0,0,1,0,1,1,0,1,1,0,0,0,0,football_cif.y4m,5.39,5.35,0.152807,0.015919,0.0,11
1,1,0,0,1,0,0,0,0,0,0,0,1,0,1,1,0,0,1,1,0,1,0,1,0,0,0,0,0,1,0,1,1,0,0,1,0,0,football_cif.y4m,6.04,6.02,0.06364,0.016616,0.0,258
1,1,0,0,0,0,0,0,0,0,1,0,1,0,1,1,0,0,1,1,0,1,0,1,0,0,0,0,0,1,1,0,1,0,1,0,0,0,football_cif.y4m,508.69,508.62,0.703882,0.016958,0.0,238
1,1,0,0,0,0,0,1,0,0,0,0,1,0,1,1,1,0,1,1,0,1,1,0,0,0,0,0,0,1,0,1,1,0,0,0,1,0,football_cif.y4m,586.31,586.2,1.407906,0.016573,0.0,173
1,1,0,0,0,0,0,1,0,0,0,0,1,0,1,1,0,1,1,0,1,1,0,1,0,0,0,0,0,1,0,1,1,1,0,0,0,0,football_cif.y4m,642.56,642.004,1.573112,0.019019,0.0,190
1,1,0,1,0,0,0,0,0,0,0,0,1,0,1,1,1,0,1,1,0,1,0,0,0,0,0,1,0,1,0,1,1,1,0,0,0,0,football_cif.y4m,125.04,125.034,0.266983,0.019111,0.0,7
1,1,0,0,0,1,0,0,0,0,0,0,1,0,1,1,1,1,1,0,1,1,0,0,0,0,0,0,1,1,1,0,0,0,0,0,0,0,football_cif.y4m,2.38,2.35,0.076485,0.017938,0.0,323
1,1,0,0,0,1,0,0,0,0,0,0,1,0,1,1,0,0,1,0,1,1,0,0,0,0,0,0,1,1,1,0,1,0,0,0,1,0,football_cif.y4m,366.71,367.444,1.268732,0.018824,0.0,73
1,1,0,0,0,0,0,0,0,0,1,0,1,0,1,1,1,0,1,0,1,1,0,1,0,0,0,0,0,1,0,1,0,0,0,0,0,0,football_cif.y4m,379.91,380.376,1.119008,0.016487,0.0,209
1,1,0,1,0,0,0,0,0,0,0,0,1,1,0,1,1,0,1,0,1,1,1,0,0,0,0,0,0,1,1,0,0,0,0,0,0,0,football_cif.y4m,5.56,5.602,0.104259,0.018374,0.0,138
1,1,0,0,0,1,0,0,0,0,0,0,1,1,0,1,1,1,1,1,0,1,0,0,0,0,0,1,0,1,0,1,0,0,0,0,0,0,football_cif.y4m,126.34,126.308,0.190971,0.016728,0.0,264
1,1,0,0,0,0,0,0,0,1,0,0,1,0,1,1,0,1,1,0,1,1,0,0,0,0,0,1,0,1,0,1,1,0,0,0,1,0,football_cif.y4m,376.75,376.51,0.587026,0.016696,0.0,98
1,1,0,0,0,0,0,0,0,0,1,0,1,1,0,1,0,0,1,0,1,1,0,0,0,0,0,1,0,1,1,0,1,0,0,1,0,0,football_cif.y4m,4.68,4.518,0.254303,0.017872,0.0,380
1,1,0,0,1,0,0,0,0,0,0,0,1,1,0,1,1,1,1,1,0,1,0,1,0,0,0,0,0,1,1,0,1,0,1,0,0,0,football_cif.y4m,366.23,366.382,0.350171,0.020185,0.0,85
1,1,0,0,0,0,0,0,0,0,1,0,1,0,1,1,0,0,1,0,1,1,1,0,0,0,0,0,0,1,0,1,1,0,0,0,1,0,football_cif.y4m,207.3,207.058,0.523087,0.016623,0.0,31
1,1,0,1,0,0,0,0,0,0,0,0,1,0,1,1,1,0,1,1,0,1,0,0,0,0,0,1,0,1,1,0,1,1,0,0,0,0,football_cif.y4m,4.84,4.836,0.053198,0.016709,0.0,8
1,1,0,0,1,0,0,0,0,0,0,0,1,1,0,1,1,1,1,1,0,1,1,0,0,0,0,0,0,1,0,1,1,1,0,0,0,0,football_cif.y4m,7.4,7.3,0.210119,0.01733,0.0,216
1,1,0,0,1,0,0,0,0,0,0,0,1,1,0,1,1,1,1,0,1,1,0,0,0,1,0,0,0,1,0,1,1,1,0,0,0,0,football_cif.y4m,2.57,2.546,0.065038,0.018123,0.0,214
1,1,0,0,0,0,0,0,1,0,0,0,1,1,0,1,0,0,1,1,0,1,0,0,0,0,0,1,0,1,1,0,0,0,0,0,0,0,football_cif.y4m,8.62,8.634,0.029665,0.017752,0.0,341
1,1,0,0,1,0,0,0,0,0,0,0,1,1,0,1,0,0,1,1,0,1,0,1,0,0,0,0,0,1,1,0,1,0,1,0,0,0,football_cif.y4m,4.74,4.742,0.065727,0.016989,0.0,236
1,1,0,0,0,0,0,0,0,0,1,0,1,0,1,1,0,0,1,0,1,1,0,0,0,0,1,0,0,1,1,0,1,0,1,0,0,0,football_cif.y4m,9.91,9.928,0.048166,0.018395,0.0,240
1,1,0,0,0,0,0,1,0,0,0,0,1,0,1,1,0,0,1,0,1,1,0,0,0,1,0,0,0,1,0,1,1,0,0,0,1,0,football_cif.y4m,8.4,8.274,0.186494,0.018254,0.0,51
1,1,1,0,0,0,0,0,0,0,0,0,1,0,1,1,1,1,1,0,1,1,0,0,0,0,0,0,1,1,1,0,1,0,1,0,0,0,football_cif.y4m,6.54,6.698,0.275445,0.017294,0.0,77
1,1,0,0,0,0,0,0,0,0,1,0,1,0,1,1,1,0,1,1,0,1,0,0,0,0,0,1,0,1,0,1,1,0,0,0,0,1,football_cif.y4m,8.16,8.166,0.048785,0.016517,0.0,128
1,1,0,0,1,0,0,0,0,0,0,0,1,1,0,1,0,0,1,1,0,1,0,1,0,0,0,0,0,1,0,1,0,0,0,0,0,0,football_cif.y4m,156.93,157.024,0.403646,0.016688,0.0,234
1,1,0,0,0,0,0,0,1,0,0,0,1,0,1,1,1,0,1,0,1,1,0,0,0,0,0,1,0,1,0,1,1,0,0,0,1,0,football_cif.y4m,841.69,841.43,1.324613,0.016884,0.0,28
1,1,0,0,1,0,0,0,0,0,0,0,1,1,0,1,1,0,1,0,1,1,1,0,0,0,0,0,0,1,1,0,0,0,0,0,0,0,football_cif.y4m,123.97,123.904,0.308756,0.019111,0.0,139
1,1,0,0,0,0,0,0,0,0,1,0,1,0,1,1,1,0,1,1,0,1,0,0,0,0,1,0,0,1,1,0,1,0,1,0,0,0,football_cif.y4m,2.24,2.144,0.136492,0.017148,0.0,152
1,1,0,1,0,0,0,0,0,0,0,0,1,0,1,1,0,0,1,1,0,1,0,0,0,0,0,1,0,1,1,0,1,0,0,0,1,0,football_cif.y4m,220.57,220.216,1.060886,0.020836,0.0,12
1,1,0,0,0,0,1,0,0,0,0,0,1,0,1,1,0,1,1,1,0,1,0,0,0,0,0,1,0,1,1,0,0,0,0,0,0,0,football_cif.y4m,2.28,2.244,0.091815,0.017148,0.0,369
1,1,0,0,0,0,0,0,0,0,0,1,1,1,0,1,1,0,1,0,1,1,0,0,0,0,0,1,0,1,0,1,1,0,0,0,0,1,football_cif.y4m,47.09,47.126,0.055045,0.016489,0.0,58
1,1,0,0,0,0,0,0,1,0,0,0,1,1,0,1,1,0,1,1,0,1,1,0,0,0,0,0,0,1,1,0,0,0,0,0,0,0,football_cif.y4m,51.5,51.078,1.075509,0.02031,0.0,64
1,1,0,0,0,0,0,0,1,0,0,0,1,1,0,1,1,0,1,1,0,1,0,0,1,0,0,0,0,1,1,0,1,1,0,0,0,0,football_cif.y4m,37.51,37.502,0.069785,0.017657,0.0,21
1,1,0,0,0,1,0,0,0,0,0,0,1,0,1,1,1,1,1,0,1,1,0,0,1,0,0,0,0,1,1,0,1,0,0,0,0,1,football_cif.y4m,210.76,210.802,0.296091,0.016602,0.0,225
1,1,0,0,0,0,1,0,0,0,0,0,1,0,1,1,1,0,1,1,0,1,0,0,0,0,0,1,0,1,1,0,1,0,0,0,1,0,football_cif.y4m,290.38,289.036,2.879476,0.019065,0.0,366
1,1,0,0,0,0,0,1,0,0,0,0,1,0,1,1,1,1,1,0,1,1,0,0,1,0,0,0,0,1,0,1,1,0,0,0,0,1,foreman_cif.y4m,4.16,4.166,0.040373,0.005905,0.0,114
1,1,0,0,1,0,0,0,0,0,0,0,1,1,0,1,1,1,1,0,1,1,0,0,1,0,0,0,0,1,1,0,1,0,1,0,0,0,foreman_cif.y4m,3.49,3.484,0.048785,0.00566,0.0,281
1,1,0,0,0,1,0,0,0,0,0,0,1,0,1,1,1,0,1,1,0,1,0,0,0,0,0,0,1,1,1,0,1,0,0,1,0,0,foreman_cif.y4m,5.97,5.962,0.033466,0.005881,0.0,325
1,1,1,0,0,0,0,0,0,0,0,0,1,1,0,1,1,0,1,1,0,1,0,0,0,0,1,0,0,1,1,0,1,1,0,0,0,0,foreman_cif.y4m,5.11,5.112,0.030332,0.0055,0.0,181
1,1,0,0,0,0,0,0,1,0,0,0,1,1,0,1,1,0,1,0,1,1,0,0,1,0,0,0,0,1,1,0,1,0,0,0,0,1,foreman_cif.y4m,154.27,154.488,0.733805,0.006517,0.0,247
1,1,0,0,0,0,0,0,0,0,1,0,1,1,0,1,1,0,1,1,0,1,0,0,0,0,1,0,0,1,1,0,1,0,0,0,0,1,foreman_cif.y4m,225.29,225.086,0.447471,0.00659,0.0,166
1,1,0,0,0,0,0,0,1,0,0,0,1,1,0,1,1,0,1,0,1,1,0,0,1,0,0,0,0,1,1,0,1,0,0,0,1,0,foreman_cif.y4m,6.49,6.442,0.085849,0.005446,0.0,25
1,1,0,0,0,0,0,1,0,0,0,0,1,0,1,1,0,0,1,1,0,1,0,1,0,0,0,0,0,1,0,1,0,0,0,0,0,0,foreman_cif.y4m,10.77,10.74,0.09,0.007436,0.0,355
1,1,0,0,1,0,0,0,0,0,0,0,1,1,0,1,0,0,1,1,0,1,1,0,0,0,0,0,0,1,1,0,1,0,0,0,0,1,foreman_cif.y4m,1.65,1.658,0.019235,0.005004,0.0,219
1,1,0,0,0,1,0,0,0,0,0,0,1,1,0,1,1,0,1,1,0,1,0,0,0,0,1,0,0,1,1,0,1,1,0,0,0,0,foreman_cif.y4m,10.75,10.766,0.102616,0.007436,0.0,182
1,1,0,1,0,0,0,0,0,0,0,0,1,0,1,1,0,1,1,1,0,1,0,0,0,0,0,1,0,1,1,0,1,1,0,0,0,0,foreman_cif.y4m,3.71,3.714,0.020736,0.005591,0.0,10
1,1,0,0,1,0,0,0,0,0,0,0,1,1,0,1,1,0,1,0,1,1,0,0,1,0,0,0,0,1,0,1,1,0,0,0,0,1,foreman_cif.y4m,84.68,84.71,0.069642,0.005566,0.0,116
1,1,0,0,0,1,0,0,0,0,0,0,1,1,0,1,1,1,1,0,1,1,0,0,0,0,0,1,0,1,0,1,1,1,0,0,0,0,foreman_cif.y4m,7.0,7.018,0.035637,0.005834,0.0,266
1,1,0,0,0,0,0,0,1,0,0,0,1,1,0,1,0,0,1,0,1,1,0,0,1,0,0,0,0,1,1,0,1,0,0,1,0,0,foreman_cif.y4m,37.97,37.738,0.550836,0.009638,0.0,313
1,1,0,0,0,0,0,1,0,0,0,0,1,0,1,1,0,0,1,1,0,1,0,0,0,0,0,0,1,1,0,1,0,0,0,0,0,0,foreman_cif.y4m,8.72,8.742,0.055408,0.008736,0.0,357
1,1,0,0,0,1,0,0,0,0,0,0,1,0,1,1,0,1,1,0,1,1,1,0,0,0,0,0,0,1,1,0,1,1,0,0,0,0,foreman_cif.y4m,2.41,2.418,0.019235,0.008434,0.0,187
1,1,0,0,0,0,0,0,1,0,0,0,1,1,0,1,1,1,1,0,1,1,0,0,1,0,0,0,0,1,1,0,1,1,0,0,0,0,foreman_cif.y4m,493.47,493.47,0.056125,0.00654,0.0,23
1,1,0,0,1,0,0,0,0,0,0,0,1,1,0,1,1,0,1,1,0,1,0,1,0,0,0,0,0,1,0,1,0,0,0,0,0,0,foreman_cif.y4m,59.89,59.894,0.055946,0.00589,0.0,2
1,1,0,0,0,0,0,0,0,0,0,1,1,1,0,1,1,0,1,0,1,1,0,0,0,0,0,1,0,1,1,0,1,1,0,0,0,0,foreman_cif.y4m,239.23,239.228,0.369959,0.006615,0.0,301
1,1,0,0,0,0,0,1,0,0,0,0,1,0,1,1,0,1,1,1,0,1,0,1,0,0,0,0,0,1,0,1,0,0,0,0,0,0,foreman_cif.y4m,185.98,187.926,4.599183,0.009294,0.0,356
1,1,0,0,0,0,0,0,0,0,1,0,1,1,0,1,0,1,1,0,1,1,0,0,0,0,0,1,0,1,0,1,1,1,0,0,0,0,foreman_cif.y4m,10.44,10.452,0.021679,0.007314,0.0,269
1,1,0,0,0,0,0,0,0,0,1,0,1,0,1,1,0,1,1,1,0,1,0,0,1,0,0,0,0,1,0,1,1,0,0,0,1,0,foreman_cif.y4m,6.16,6.162,0.031145,0.008868,0.0,274
1,1,0,0,0,0,0,0,0,0,1,0,1,0,1,1,0,1,1,1,0,1,0,0,0,1,0,0,0,1,1,0,1,1,0,0,0,0,foreman_cif.y4m,6.75,6.754,0.047223,0.007741,0.0,307
1,1,0,0,1,0,0,0,0,0,0,0,1,0,1,1,0,1,1,1,0,1,0,0,1,0,0,0,0,1,0,1,1,1,0,0,0,0,foreman_cif.y4m,32.18,32.14,0.074162,0.005734,0.0,254
1,1,0,0,0,0,0,0,0,0,1,0,1,0,1,1,0,1,1,0,1,1,0,1,0,0,0,0,0,1,0,1,0,0,0,0,0,0,foreman_cif.y4m,1.55,1.54,0.02,0.005184,0.0,208
1,1,0,0,1,0,0,0,0,0,0,0,1,1,0,1,1,1,1,1,0,1,0,0,1,0,0,0,0,1,0,1,1,0,1,0,0,0,foreman_cif.y4m,2.04,2.038,0.014832,0.009076,0.0,279
1,1,0,0,0,0,0,1,0,0,0,0,1,1,0,1,1,1,1,1,0,1,0,1,0,0,0,0,0,1,0,1,1,0,0,0,1,0,foreman_cif.y4m,6.52,6.52,0.018708,0.006762,0.0,171
1,1,0,0,0,0,0,0,0,1,0,0,1,1,0,1,0,1,1,0,1,1,0,0,0,0,0,1,0,1,0,1,1,0,0,0,1,0,foreman_cif.y4m,39.41,39.4,0.129808,0.009638,0.0,99
1,1,1,0,0,0,0,0,0,0,0,0,1,0,1,1,1,1,1,1,0,1,0,1,0,0,0,0,0,1,1,0,1,0,1,0,0,0,foreman_cif.y4m,7.8,7.764,0.074364,0.006654,0.0,81
1,1,0,0,0,0,0,0,0,0,1,0,1,0,1,1,1,1,1,0,1,1,0,0,1,0,0,0,0,1,1,0,1,0,1,0,0,0,foreman_cif.y4m,2.91,2.854,0.092358,0.00594,0.0,155
1,1,0,0,0,1,0,0,0,0,0,0,1,1,0,1,0,1,1,1,0,1,1,0,0,0,0,0,0,1,1,0,1,1,0,0,0,0,foreman_cif.y4m,4.86,4.85,0.041231,0.007741,0.0,185
1,1,0,0,1,0,0,0,0,0,0,0,1,1,0,1,0,0,1,0,1,1,0,0,0,0,0,1,0,1,0,1,0,0,0,0,0,0,foreman_cif.y4m,3.52,3.518,0.030332,0.005272,0.0,376
1,1,0,0,0,0,0,0,1,0,0,0,1,1,0,1,0,1,1,0,1,1,0,1,0,0,0,0,0,1,1,0,0,0,0,0,0,0,foreman_cif.y4m,1.25,1.254,0.005477,0.005255,0.0,204
1,1,0,0,0,0,0,0,1,0,0,0,1,1,0,1,1,0,1,0,1,1,0,0,0,0,1,0,0,1,1,0,1,0,0,0,0,1,foreman_cif.y4m,147.82,147.474,1.019622,0.005675,0.0,246
1,1,0,0,0,0,0,1,0,0,0,0,1,1,0,1,1,1,1,0,1,1,0,0,1,0,0,0,0,1,0,1,0,0,0,0,0,0,foreman_cif.y4m,109.38,109.37,0.3386,0.006674,0.0,230
1,1,0,0,0,0,0,0,1,0,0,0,1,0,1,1,1,0,1,0,1,1,0,0,0,0,0,1,0,1,1,0,1,0,0,0,1,0,foreman_cif.y4m,102.43,102.538,0.233388,0.010895,0.0,27
1,1,0,1,0,0,0,0,0,0,0,0,1,1,0,1,1,1,1,0,1,1,1,0,0,0,0,0,0,1,1,0,0,0,0,0,0,0,foreman_cif.y4m,5.25,5.25,0.022361,0.005713,0.0,137
1,1,0,0,0,0,0,0,0,0,1,0,1,1,0,1,1,1,1,1,0,1,0,0,0,0,1,0,0,1,0,1,1,0,0,0,1,0,foreman_cif.y4m,5.51,5.5,0.047958,0.007961,0.0,169
1,1,0,0,0,0,0,0,0,0,1,0,1,0,1,1,0,1,1,0,1,1,1,0,0,0,0,0,0,1,0,1,1,0,0,0,0,1,foreman_cif.y4m,219.05,218.806,0.459053,0.006558,0.0,33
1,1,0,0,0,0,0,0,1,0,0,0,1,0,1,1,0,1,1,0,1,1,0,1,0,0,0,0,0,1,1,0,0,0,0,0,0,0,foreman_cif.y4m,28.43,28.428,0.08438,0.010371,0.0,205
1,1,0,0,0,0,0,0,0,0,1,0,1,1,0,1,1,0,1,0,1,1,0,0,0,0,1,0,0,1,1,0,1,0,0,0,0,1,foreman_cif.y4m,5.96,5.982,0.030332,0.006315,0.0,245
1,1,1,0,0,0,0,0,0,0,0,0,1,1,0,1,0,0,1,1,0,1,0,0,1,0,0,0,0,1,1,0,1,0,0,0,0,1,foreman_cif.y4m,5.16,5.154,0.033615,0.005298,0.0,163
1,1,0,0,1,0,0,0,0,0,0,0,1,1,0,1,1,0,1,1,0,1,1,0,0,0,0,0,0,1,0,1,1,1,0,0,0,0,foreman_cif.y4m,3.5,3.504,0.040373,0.005272,0.0,4
1,1,0,0,1,0,0,0,0,0,0,0,1,1,0,1,0,0,1,0,1,1,1,0,0,0,0,0,0,1,1,0,1,0,0,0,1,0,foreman_cif.y4m,2.64,2.656,0.037815,0.009076,0.0,141
1,1,1,0,0,0,0,0,0,0,0,0,1,1,0,1,1,1,1,0,1,1,0,0,1,0,0,0,0,1,1,0,1,1,0,0,0,0,foreman_cif.y4m,243.42,243.324,0.349185,0.005755,0.0,159
1,1,0,0,0,0,0,0,1,0,0,0,1,1,0,1,0,1,1,0,1,1,0,0,1,0,0,0,0,1,0,1,1,0,0,0,0,1,foreman_cif.y4m,9.74,9.72,0.083666,0.008131,0.0,336
1,1,0,0,0,1,0,0,0,0,0,0,1,1,0,1,0,0,1,0,1,1,0,0,0,0,0,0,1,1,1,0,1,0,0,0,1,0,foreman_cif.y4m,53.75,53.72,0.334739,0.006645,0.0,72
1,1,0,0,0,0,0,0,1,0,0,0,1,1,0,1,1,0,1,1,0,1,0,0,1,0,0,0,0,1,1,0,1,0,0,0,0,1,foreman_cif.y4m,4.98,4.98,0.033912,0.00645,0.0,248
1,1,0,1,0,0,0,0,0,0,0,0,1,0,1,1,1,1,1,1,0,1,0,0,0,0,0,1,0,1,0,1,1,0,0,0,0,1,foreman_cif.y4m,154.79,154.568,0.635547,0.005585,0.0,130
1,1,0,0,0,1,0,0,0,0,0,0,1,0,1,1,1,1,1,1,0,1,0,0,0,0,0,0,1,1,1,0,0,0,0,0,0,0,foreman_cif.y4m,218.39,218.454,0.202559,0.006926,0.0,324
1,1,1,0,0,0,0,0,0,0,0,0,1,0,1,1,0,1,1,1,0,1,0,1,0,0,0,0,0,1,0,1,0,0,0,0,0,0,foreman_cif.y4m,167.82,167.852,0.175983,0.010832,0.0,354
1,1,0,0,0,0,0,0,0,0,1,0,1,0,1,1,0,0,1,1,0,1,0,0,0,1,0,0,0,1,0,1,0,0,0,0,0,0,foreman_cif.y4m,123.25,123.646,1.703124,0.005479,0.0,291
1,1,0,0,0,0,0,0,0,0,1,0,1,1,0,1,0,0,1,1,0,1,0,1,0,0,0,0,0,1,1,0,1,0,1,0,0,0,foreman_cif.y4m,2.38,2.378,0.042071,0.005093,0.0,237
1,1,0,0,0,1,0,0,0,0,0,0,1,1,0,1,1,0,1,1,0,1,1,0,0,0,0,0,0,1,1,0,1,1,0,0,0,0,foreman_cif.y4m,3.36,3.36,0.018708,0.005713,0.0,183
1,1,0,0,0,1,0,0,0,0,0,0,1,0,1,1,1,1,1,0,1,1,0,0,1,0,0,0,0,1,0,1,0,0,0,0,0,0,foreman_cif.y4m,2.74,2.732,0.022804,0.005495,0.0,227
1,1,0,0,0,0,0,0,1,0,0,0,1,1,0,1,0,1,1,0,1,1,0,0,0,0,0,1,0,1,0,1,0,0,0,0,0,0,foreman_cif.y4m,5.82,5.824,0.015166,0.005998,0.0,338
1,1,0,0,1,0,0,0,0,0,0,0,1,0,1,1,0,0,1,0,1,1,1,0,0,0,0,0,0,1,1,0,1,0,0,0,1,0,foreman_cif.y4m,26.28,26.292,0.075299,0.006735,0.0,142
1,1,0,0,1,0,0,0,0,0,0,0,1,1,0,1,1,1,1,0,1,1,0,0,1,0,0,0,0,1,1,0,1,0,0,0,0,1,foreman_cif.y4m,15.31,15.34,0.047958,0.007334,0.0,332
1,1,0,0,0,0,0,0,0,1,0,0,1,0,1,1,0,0,1,1,0,1,0,0,0,0,1,0,0,1,0,1,1,0,0,0,1,0,foreman_cif.y4m,238.89,238.856,0.220068,0.005496,0.0,95
1,1,0,0,1,0,0,0,0,0,0,0,1,0,1,1,0,0,1,0,1,1,0,0,0,1,0,0,0,1,0,1,0,0,0,0,0,0,foreman_cif.y4m,11.07,11.062,0.021679,0.007455,0.0,289
1,1,0,0,1,0,0,0,0,0,0,0,1,1,0,1,0,0,1,0,1,1,0,0,0,0,0,1,0,1,0,1,1,0,0,1,0,0,foreman_cif.y4m,2.11,2.104,0.023022,0.005093,0.0,378
1,1,0,0,1,0,0,0,0,0,0,0,1,1,0,1,1,1,1,1,0,1,0,0,1,0,0,0,0,1,0,1,1,0,0,0,1,0,foreman_cif.y4m,60.48,60.502,0.09654,0.006629,0.0,278
1,1,0,0,0,0,0,0,0,0,1,0,1,0,1,1,1,0,1,0,1,1,1,0,0,0,0,0,0,1,0,1,1,0,0,0,1,0,foreman_cif.y4m,7.04,7.018,0.08167,0.007453,0.0,30
1,1,0,0,1,0,0,0,0,0,0,0,1,1,0,1,0,0,1,0,1,1,0,1,0,0,0,0,0,1,0,1,1,0,0,0,0,1,foreman_cif.y4m,1.97,1.972,0.008367,0.00571,0.0,120
1,1,0,0,0,1,0,0,0,0,0,0,1,1,0,1,1,1,1,0,1,1,0,0,0,0,0,1,0,1,0,1,0,0,0,0,0,0,foreman_cif.y4m,2.74,2.748,0.025884,0.005354,0.0,265
1,1,0,0,0,0,0,0,0,0,1,0,1,1,0,1,1,0,1,1,0,1,0,0,0,0,0,1,0,1,0,1,0,0,0,0,0,0,foreman_cif.y4m,5.26,5.258,0.021679,0.005382,0.0,296
1,1,0,0,0,0,0,1,0,0,0,0,1,1,0,1,1,1,1,1,0,1,0,1,0,0,0,0,0,1,0,1,0,0,0,0,0,0,foreman_cif.y4m,9.99,9.978,0.080436,0.005925,0.0,232
1,1,0,0,0,0,0,0,0,0,1,0,1,0,1,1,0,0,1,1,0,1,0,0,1,0,0,0,0,1,1,0,1,0,0,1,0,0,foreman_cif.y4m,7.7,7.674,0.045607,0.007588,0.0,310
1,1,0,0,0,0,0,1,0,0,0,0,1,0,1,1,1,1,1,0,1,1,0,0,0,0,0,1,0,1,0,1,1,0,0,1,0,0,foreman_cif.y4m,152.0,152.06,0.214942,0.006801,0.0,349
1,1,0,0,1,0,0,0,0,0,0,0,1,1,0,1,0,1,1,0,1,1,0,0,0,0,0,1,0,1,0,1,0,0,0,0,0,0,foreman_cif.y4m,5.45,5.508,0.118828,0.007502,0.0,377
1,1,0,0,0,0,0,0,0,1,0,0,1,0,1,1,1,1,1,1,0,1,0,0,0,0,1,0,0,1,0,1,1,0,0,0,1,0,foreman_cif.y4m,237.35,237.324,0.337165,0.006575,0.0,94
1,1,1,0,0,0,0,0,0,0,0,0,1,1,0,1,1,0,1,0,1,1,1,0,0,0,0,0,0,1,0,1,1,1,0,0,0,0,foreman_cif.y4m,6.73,6.744,0.032094,0.007741,0.0,178
1,1,0,0,0,0,0,0,0,0,1,0,1,0,1,1,0,0,1,1,0,1,0,0,0,0,0,1,0,1,0,1,1,0,0,0,0,1,foreman_cif.y4m,7.6,7.59,0.024495,0.007394,0.0,127
1,1,0,0,0,0,0,1,0,0,0,0,1,0,1,1,1,0,1,0,1,1,0,0,0,1,0,0,0,1,0,1,1,0,0,0,1,0,foreman_cif.y4m,2.09,2.092,0.016432,0.004794,0.0,111
1,1,1,0,0,0,0,0,0,0,0,0,1,0,1,1,0,1,1,1,0,1,0,1,0,0,0,0,0,1,0,1,1,0,0,1,0,0,foreman_cif.y4m,5.52,5.492,0.087579,0.006923,0.0,353
1,1,0,0,0,0,1,0,0,0,0,0,1,0,1,1,1,1,1,1,0,1,0,1,0,0,0,0,0,1,1,0,1,0,0,0,1,0,foreman_cif.y4m,5.1,5.078,0.035637,0.005591,0.0,45
1,1,0,0,0,1,0,0,0,0,0,0,1,0,1,1,1,1,1,0,1,1,0,0,1,0,0,0,0,1,1,0,0,0,0,0,0,0,foreman_cif.y4m,1.82,1.798,0.050695,0.005334,0.0,226
1,1,0,0,0,0,0,0,0,0,0,1,1,1,0,1,1,0,1,0,1,1,0,0,0,0,0,1,0,1,1,0,1,0,0,0,0,1,foreman_cif.y4m,6.11,6.112,0.038341,0.005427,0.0,59
1,1,0,0,0,0,0,0,1,0,0,0,1,1,0,1,1,1,1,1,0,1,1,0,0,0,0,0,0,1,0,1,1,1,0,0,0,0,foreman_cif.y4m,61.02,60.946,0.279964,0.00589,0.0,19
1,1,0,0,0,0,0,0,0,0,0,1,1,1,0,1,0,1,1,0,1,1,0,0,0,1,0,0,0,1,1,0,1,1,0,0,0,0,foreman_cif.y4m,30.09,30.106,0.043359,0.006731,0.0,304
1,1,0,0,0,0,0,0,1,0,0,0,1,0,1,1,0,1,1,0,1,1,0,1,0,0,0,0,0,1,0,1,0,0,0,0,0,0,foreman_cif.y4m,4.85,4.868,0.030332,0.00645,0.0,207
1,1,0,0,0,0,1,0,0,0,0,0,1,1,0,1,1,1,1,1,0,1,0,1,0,0,0,0,0,1,1,0,0,0,0,0,0,0,foreman_cif.y4m,269.63,269.992,0.631878,0.005597,0.0,43
1,1,0,0,0,0,1,0,0,0,0,0,1,1,0,1,1,0,1,1,0,1,1,0,0,0,0,0,0,1,1,0,1,0,0,0,0,1,foreman_cif.y4m,2.82,2.828,0.013038,0.005138,0.0,40
1,1,0,0,0,1,0,0,0,0,0,0,1,0,1,1,0,1,1,1,0,1,1,0,0,0,0,0,0,1,1,0,1,1,0,0,0,0,foreman_cif.y4m,191.75,191.782,0.098336,0.007004,0.0,186
1,1,0,0,1,0,0,0,0,0,0,0,1,0,1,1,0,0,1,0,1,1,0,0,0,1,0,0,0,1,0,1,1,0,0,0,0,1,foreman_cif.y4m,3.25,3.274,0.049295,0.005781,0.0,288
1,1,1,0,0,0,0,0,0,0,0,0,1,1,0,1,1,0,1,1,0,1,0,1,0,0,0,0,0,1,1,0,1,0,1,0,0,0,foreman_cif.y4m,5.09,5.086,0.036469,0.0055,0.0,82
1,1,0,0,0,0,0,0,0,0,1,0,1,0,1,1,1,1,1,0,1,1,0,0,0,1,0,0,0,1,0,1,0,0,0,0,0,0,foreman_cif.y4m,4.01,3.972,0.075631,0.005942,0.0,211
1,1,0,0,1,0,0,0,0,0,0,0,1,0,1,1,1,1,1,0,1,1,0,0,0,0,0,1,0,1,1,0,1,0,0,1,0,0,foreman_cif.y4m,138.59,138.394,0.915003,0.005675,0.0,347
1,1,0,1,0,0,0,0,0,0,0,0,1,0,1,1,0,0,1,1,0,1,1,0,0,0,0,0,0,1,1,0,1,0,0,0,1,0,foreman_cif.y4m,9.98,10.01,0.074833,0.00566,0.0,13
1,1,0,0,0,0,0,1,0,0,0,0,1,0,1,1,1,1,1,0,1,1,0,0,1,0,0,0,0,1,0,1,0,0,0,0,0,0,foreman_cif.y4m,480.08,480.01,0.258747,0.005485,0.0,228
1,1,0,0,0,0,0,0,0,1,0,0,1,1,0,1,0,1,1,0,1,1,0,0,1,0,0,0,0,1,0,1,1,0,0,0,0,1,foreman_cif.y4m,6.51,6.502,0.043243,0.006762,0.0,335
1,1,0,0,0,0,0,0,1,0,0,0,1,1,0,1,1,0,1,0,1,1,0,0,1,0,0,0,0,1,1,0,1,1,0,0,0,0,foreman_cif.y4m,23.59,23.562,0.112116,0.006963,0.0,24
1,1,1,0,0,0,0,0,0,0,0,0,1,0,1,1,0,1,1,0,1,1,0,1,0,0,0,0,0,1,0,1,1,0,0,1,0,0,foreman_cif.y4m,347.39,347.756,0.71877,0.010707,0.0,352
1,1,0,0,0,0,1,0,0,0,0,0,1,0,1,1,0,0,1,1,0,1,0,0,0,0,0,1,0,1,1,0,0,0,0,0,0,0,foreman_cif.y4m,4.22,4.212,0.020494,0.005966,0.0,368
1,1,1,0,0,0,0,0,0,0,0,0,1,0,1,1,1,1,1,1,0,1,0,1,0,0,0,0,0,1,1,0,0,0,0,0,0,0,foreman_cif.y4m,1.81,1.808,0.013038,0.005582,0.0,80
1,1,0,0,1,0,0,0,0,0,0,0,1,1,0,1,0,0,1,0,1,1,0,1,0,0,0,0,0,1,0,1,0,0,0,0,0,0,foreman_cif.y4m,33.29,33.196,0.337757,0.005975,0.0,121
1,1,0,0,0,0,0,0,0,0,1,0,1,0,1,1,1,1,1,0,1,1,0,0,1,0,0,0,0,1,1,0,1,1,0,0,0,0,foreman_cif.y4m,4.15,4.156,0.037815,0.005713,0.0,156
1,1,0,1,0,0,0,0,0,0,0,0,1,0,1,1,1,1,1,1,0,1,0,0,0,0,0,1,0,1,1,0,1,1,0,0,0,0,foreman_cif.y4m,1.19,1.192,0.004472,0.004772,0.0,9
1,1,0,0,0,0,0,0,0,0,1,0,1,1,0,1,0,0,1,1,0,1,0,0,0,0,1,0,0,1,1,0,1,0,0,0,0,1,foreman_cif.y4m,5.62,5.616,0.035777,0.006315,0.0,165
1,1,0,0,0,0,0,0,0,0,1,0,1,0,1,1,0,0,1,1,0,1,0,1,0,0,0,0,0,1,0,1,1,0,0,0,0,1,foreman_cif.y4m,5.16,5.182,0.049699,0.005888,0.0,126
1,1,0,0,1,0,0,0,0,0,0,0,1,1,0,1,1,1,1,0,1,1,0,0,1,0,0,0,0,1,0,1,1,0,1,0,0,0,foreman_cif.y4m,1.77,1.77,0.015811,0.005582,0.0,280
1,1,0,0,0,0,0,1,0,0,0,0,1,0,1,1,1,1,1,1,0,1,0,1,0,0,0,0,0,1,0,1,1,0,0,0,1,0,foreman_cif.y4m,1.58,1.556,0.055045,0.009237,0.0,172
1,1,0,0,0,0,0,0,0,0,1,0,1,0,1,1,0,1,1,1,0,1,0,0,0,1,0,0,0,1,0,1,0,0,0,0,0,0,foreman_cif.y4m,7.78,7.762,0.071903,0.007663,0.0,292
1,1,0,0,0,0,0,0,0,0,1,0,1,1,0,1,1,1,1,0,1,1,0,0,0,0,0,1,0,1,1,0,0,0,0,0,0,0,foreman_cif.y4m,19.36,19.344,0.125618,0.005804,0.0,105
1,1,0,0,0,1,0,0,0,0,0,0,1,0,1,1,1,1,1,0,1,1,0,0,0,0,0,0,1,1,1,0,1,0,1,0,0,0,foreman_cif.y4m,14.35,14.336,0.048785,0.007326,0.0,76
1,1,0,0,0,1,0,0,0,0,0,0,1,0,1,1,0,0,1,1,0,1,1,0,0,0,0,0,0,1,1,0,1,0,0,0,0,1,foreman_cif.y4m,135.16,134.998,0.430198,0.005439,0.0,221
1,1,0,0,0,0,0,0,0,0,1,0,1,1,0,1,1,0,1,1,0,1,0,0,0,0,1,0,0,1,0,1,1,0,0,0,0,1,foreman_cif.y4m,39.19,39.208,0.048166,0.006899,0.0,167
1,1,0,0,0,0,0,0,0,0,1,0,1,0,1,1,0,1,1,0,1,1,1,0,0,0,0,0,0,1,1,0,1,0,0,0,0,1,foreman_cif.y4m,301.93,302.044,0.529887,0.006992,0.0,35
1,1,0,0,1,0,0,0,0,0,0,0,1,1,0,1,0,0,1,1,0,1,0,1,0,0,0,0,0,1,0,1,1,0,1,0,0,0,foreman_cif.y4m,3.84,3.822,0.029496,0.005789,0.0,235
1,1,0,0,0,0,0,0,0,1,0,0,1,1,0,1,1,1,1,0,1,1,0,0,1,0,0,0,0,1,0,1,1,0,0,0,0,1,foreman_cif.y4m,10.7,10.708,0.019235,0.00746,0.0,333
1,1,0,0,0,0,1,0,0,0,0,0,1,0,1,1,1,1,1,1,0,1,0,1,0,0,0,0,0,1,1,0,0,0,0,0,0,0,foreman_cif.y4m,141.51,141.526,0.468113,0.005462,0.0,44
1,1,0,0,1,0,0,0,0,0,0,0,1,0,1,1,0,1,1,1,0,1,0,1,0,0,0,0,0,1,0,1,1,1,0,0,0,0,foreman_cif.y4m,274.55,274.426,0.361151,0.00661,0.0,256
1,1,0,0,0,0,0,1,0,0,0,0,1,0,1,1,1,0,1,0,1,1,0,1,0,0,0,0,0,1,0,1,1,0,0,0,0,1,foreman_cif.y4m,651.97,652.174,0.633151,0.007393,0.0,192
1,1,0,0,0,0,1,0,0,0,0,0,1,1,0,1,1,1,1,1,0,1,1,0,0,0,0,0,0,1,1,0,1,0,0,0,0,1,foreman_cif.y4m,18.25,18.26,0.065192,0.006805,0.0,41
1,1,0,0,0,0,0,0,0,0,1,0,1,0,1,1,0,1,1,1,0,1,0,0,0,0,0,1,0,1,0,1,1,0,0,0,1,0,foreman_cif.y4m,176.81,176.608,0.73588,0.009347,0.0,273
1,1,0,0,0,0,0,0,0,0,1,0,1,1,0,1,0,1,1,0,1,1,0,0,0,0,0,1,0,1,0,1,0,0,0,0,0,0,foreman_cif.y4m,101.41,101.398,0.256652,0.009321,0.0,101
1,1,0,0,0,0,0,0,0,0,1,0,1,0,1,1,1,1,1,0,1,1,0,0,0,0,1,0,0,1,1,0,1,0,1,0,0,0,foreman_cif.y4m,80.96,80.986,0.070214,0.005566,0.0,242
1,1,0,0,0,0,0,0,0,0,1,0,1,1,0,1,0,1,1,0,1,1,0,0,0,0,0,1,0,1,1,0,0,0,0,0,0,0,foreman_cif.y4m,6.67,6.668,0.044385,0.008868,0.0,103
1,1,1,0,0,0,0,0,0,0,0,0,1,1,0,1,1,0,1,1,0,1,0,1,0,0,0,0,0,1,0,1,0,0,0,0,0,0,foreman_cif.y4m,164.04,164.028,0.152872,0.006702,0.0,1
1,1,0,0,0,0,0,1,0,0,0,0,1,1,0,1,0,0,1,0,1,1,0,0,0,0,0,1,0,1,0,1,1,0,0,0,0,1,foreman_cif.y4m,5.47,5.494,0.079561,0.006923,0.0,56
1,1,0,0,1,0,0,0,0,0,0,0,1,0,1,1,0,0,1,0,1,1,0,0,0,0,0,0,1,1,0,1,0,0,0,0,0,0,foreman_cif.y4m,19.09,19.098,0.050695,0.005804,0.0,373
1,1,0,0,0,0,0,0,1,0,0,0,1,1,0,1,1,1,1,0,1,1,0,1,0,0,0,0,0,1,0,1,1,0,1,0,0,0,foreman_cif.y4m,234.11,233.088,2.307243,0.005374,0.0,318
1,1,0,0,0,1,0,0,0,0,0,0,1,1,0,1,0,0,1,1,0,1,0,0,0,0,1,0,0,1,1,0,0,0,0,0,0,0,foreman_cif.y4m,295.65,294.932,1.787504,0.005819,0.0,69
1,1,0,1,0,0,0,0,0,0,0,0,1,0,1,1,0,0,1,1,0,1,0,0,0,0,0,1,0,1,1,0,1,1,0,0,0,0,foreman_cif.y4m,4.95,4.964,0.049295,0.007473,0.0,11
1,1,0,0,1,0,0,0,0,0,0,0,1,0,1,1,0,0,1,1,0,1,0,1,0,0,0,0,0,1,0,1,1,0,0,1,0,0,foreman_cif.y4m,4.14,4.148,0.0249,0.005764,0.0,258
1,1,0,0,0,0,0,0,0,0,1,0,1,0,1,1,0,0,1,1,0,1,0,1,0,0,0,0,0,1,1,0,1,0,1,0,0,0,foreman_cif.y4m,399.52,399.422,0.55301,0.007452,0.0,238
1,1,0,0,0,0,0,1,0,0,0,0,1,0,1,1,1,0,1,1,0,1,1,0,0,0,0,0,0,1,0,1,1,0,0,0,1,0,foreman_cif.y4m,462.14,461.822,0.7455,0.005737,0.0,173
1,1,0,0,0,0,0,1,0,0,0,0,1,0,1,1,0,1,1,0,1,1,0,1,0,0,0,0,0,1,0,1,1,1,0,0,0,0,foreman_cif.y4m,449.89,449.742,0.776833,0.006532,0.0,190
1,1,0,1,0,0,0,0,0,0,0,0,1,0,1,1,1,0,1,1,0,1,0,0,0,0,0,1,0,1,0,1,1,1,0,0,0,0,foreman_cif.y4m,90.28,89.966,0.565403,0.006585,0.0,7
1,1,0,0,0,1,0,0,0,0,0,0,1,0,1,1,1,1,1,0,1,1,0,0,0,0,0,0,1,1,1,0,0,0,0,0,0,0,foreman_cif.y4m,2.16,2.168,0.037014,0.005184,0.0,323
1,1,0,0,0,1,0,0,0,0,0,0,1,0,1,1,0,0,1,0,1,1,0,0,0,0,0,0,1,1,1,0,1,0,0,0,1,0,foreman_cif.y4m,284.64,284.676,1.998107,0.006495,0.0,73
1,1,0,0,0,0,0,0,0,0,1,0,1,0,1,1,1,0,1,0,1,1,0,1,0,0,0,0,0,1,0,1,0,0,0,0,0,0,foreman_cif.y4m,271.89,272.128,0.479135,0.005597,0.0,209
1,1,0,1,0,0,0,0,0,0,0,0,1,1,0,1,1,0,1,0,1,1,1,0,0,0,0,0,0,1,1,0,0,0,0,0,0,0,foreman_cif.y4m,4.09,4.102,0.030332,0.00639,0.0,138
1,1,0,0,0,1,0,0,0,0,0,0,1,1,0,1,1,1,1,1,0,1,0,0,0,0,0,1,0,1,0,1,0,0,0,0,0,0,foreman_cif.y4m,93.64,93.59,0.221585,0.00691,0.0,264
1,1,0,0,0,0,0,0,0,1,0,0,1,0,1,1,0,1,1,0,1,1,0,0,0,0,0,1,0,1,0,1,1,0,0,0,1,0,foreman_cif.y4m,305.01,304.988,0.329803,0.005819,0.0,98
1,1,0,0,0,0,0,0,0,0,1,0,1,1,0,1,0,0,1,0,1,1,0,0,0,0,0,1,0,1,1,0,1,0,0,1,0,0,foreman_cif.y4m,3.97,3.98,0.017321,0.006006,0.0,380
1,1,0,0,1,0,0,0,0,0,0,0,1,1,0,1,1,1,1,1,0,1,0,1,0,0,0,0,0,1,1,0,1,0,1,0,0,0,foreman_cif.y4m,307.57,307.296,0.452416,0.009359,0.0,85
1,1,0,0,0,0,0,0,0,0,1,0,1,0,1,1,0,0,1,0,1,1,1,0,0,0,0,0,0,1,0,1,1,0,0,0,1,0,foreman_cif.y4m,152.59,152.51,0.262964,0.005694,0.0,31
1,1,0,1,0,0,0,0,0,0,0,0,1,0,1,1,1,0,1,1,0,1,0,0,0,0,0,1,0,1,1,0,1,1,0,0,0,0,foreman_cif.y4m,3.46,3.454,0.041593,0.005138,0.0,8
1,1,0,0,1,0,0,0,0,0,0,0,1,1,0,1,1,1,1,1,0,1,1,0,0,0,0,0,0,1,0,1,1,1,0,0,0,0,foreman_cif.y4m,6.5,6.492,0.031145,0.005998,0.0,216
1,1,0,0,1,0,0,0,0,0,0,0,1,1,0,1,1,1,1,0,1,1,0,0,0,1,0,0,0,1,0,1,1,1,0,0,0,0,foreman_cif.y4m,1.58,1.532,0.07791,0.00571,0.0,214
1,1,0,0,0,0,0,0,1,0,0,0,1,1,0,1,0,0,1,1,0,1,0,0,0,0,0,1,0,1,1,0,0,0,0,0,0,0,foreman_cif.y4m,7.97,7.972,0.053104,0.005898,0.0,341
1,1,0,0,1,0,0,0,0,0,0,0,1,1,0,1,0,0,1,1,0,1,0,1,0,0,0,0,0,1,1,0,1,0,1,0,0,0,foreman_cif.y4m,4.66,4.666,0.0251,0.007893,0.0,236
1,1,0,0,0,0,0,0,0,0,1,0,1,0,1,1,0,0,1,0,1,1,0,0,0,0,1,0,0,1,1,0,1,0,1,0,0,0,foreman_cif.y4m,10.88,10.884,0.032094,0.008703,0.0,240
1,1,0,0,0,0,0,1,0,0,0,0,1,0,1,1,0,0,1,0,1,1,0,0,0,1,0,0,0,1,0,1,1,0,0,0,1,0,foreman_cif.y4m,7.57,7.576,0.040373,0.008868,0.0,51
1,1,1,0,0,0,0,0,0,0,0,0,1,0,1,1,1,1,1,0,1,1,0,0,0,0,0,0,1,1,1,0,1,0,1,0,0,0,foreman_cif.y4m,6.07,6.06,0.025495,0.005768,0.0,77
1,1,0,0,0,0,0,0,0,0,1,0,1,0,1,1,1,0,1,1,0,1,0,0,0,0,0,1,0,1,0,1,1,0,0,0,0,1,foreman_cif.y4m,5.72,5.72,0.014142,0.005695,0.0,128
1,1,0,0,1,0,0,0,0,0,0,0,1,1,0,1,0,0,1,1,0,1,0,1,0,0,0,0,0,1,0,1,0,0,0,0,0,0,foreman_cif.y4m,130.09,130.134,0.153883,0.005479,0.0,234
1,1,0,0,0,0,0,0,1,0,0,0,1,0,1,1,1,0,1,0,1,1,0,0,0,0,0,1,0,1,0,1,1,0,0,0,1,0,foreman_cif.y4m,683.21,683.242,0.211116,0.007393,0.0,28
1,1,0,0,1,0,0,0,0,0,0,0,1,1,0,1,1,0,1,0,1,1,1,0,0,0,0,0,0,1,1,0,0,0,0,0,0,0,foreman_cif.y4m,87.48,87.408,0.614915,0.006585,0.0,139
1,1,0,0,0,0,0,0,0,0,1,0,1,0,1,1,1,0,1,1,0,1,0,0,0,0,1,0,0,1,1,0,1,0,1,0,0,0,foreman_cif.y4m,1.29,1.288,0.004472,0.005255,0.0,152
1,1,0,1,0,0,0,0,0,0,0,0,1,0,1,1,0,0,1,1,0,1,0,0,0,0,0,1,0,1,1,0,1,0,0,0,1,0,foreman_cif.y4m,212.18,212.044,0.571778,0.01078,0.0,12
1,1,0,0,0,0,1,0,0,0,0,0,1,0,1,1,0,1,1,1,0,1,0,0,0,0,0,1,0,1,1,0,0,0,0,0,0,0,foreman_cif.y4m,1.26,1.26,0.0,0.005255,0.0,369
1,1,0,0,0,0,0,0,0,0,0,1,1,1,0,1,1,0,1,0,1,1,0,0,0,0,0,1,0,1,0,1,1,0,0,0,0,1,foreman_cif.y4m,39.11,39.118,0.016432,0.006899,0.0,58
1,1,0,0,0,0,0,0,1,0,0,0,1,1,0,1,1,0,1,1,0,1,1,0,0,0,0,0,0,1,1,0,0,0,0,0,0,0,foreman_cif.y4m,39.26,39.296,0.139392,0.009638,0.0,64
1,1,0,0,0,0,0,0,1,0,0,0,1,1,0,1,1,0,1,1,0,1,0,0,1,0,0,0,0,1,1,0,1,1,0,0,0,0,foreman_cif.y4m,28.09,28.09,0.048477,0.005698,0.0,21
1,1,0,0,0,1,0,0,0,0,0,0,1,0,1,1,1,1,1,0,1,1,0,0,1,0,0,0,0,1,1,0,1,0,0,0,0,1,foreman_cif.y4m,138.29,137.97,0.804021,0.005675,0.0,225
1,1,0,0,0,0,1,0,0,0,0,0,1,0,1,1,1,0,1,1,0,1,0,0,0,0,0,1,0,1,1,0,1,0,0,0,1,0,foreman_cif.y4m,239.11,238.312,2.621053,0.006558,0.0,366
1,1,0,0,0,0,0,1,0,0,0,0,1,0,1,1,1,1,1,0,1,1,0,0,1,0,0,0,0,1,0,1,1,0,0,0,0,1,hall_monitor_cif.y4m,2.63,2.62,0.024495,0.002586,0.0,114
1,1,0,0,1,0,0,0,0,0,0,0,1,1,0,1,1,1,1,0,1,1,0,0,1,0,0,0,0,1,1,0,1,0,1,0,0,0,hall_monitor_cif.y4m,1.79,1.794,0.011402,0.002378,0.0,281
1,1,0,0,0,1,0,0,0,0,0,0,1,0,1,1,1,0,1,1,0,1,0,0,0,0,0,0,1,1,1,0,1,0,0,1,0,0,hall_monitor_cif.y4m,3.63,3.632,0.016432,0.002546,0.0,325
1,1,1,0,0,0,0,0,0,0,0,0,1,1,0,1,1,0,1,1,0,1,0,0,0,0,1,0,0,1,1,0,1,1,0,0,0,0,hall_monitor_cif.y4m,3.07,3.06,0.023452,0.002332,0.0,181
1,1,0,0,0,0,0,0,1,0,0,0,1,1,0,1,1,0,1,0,1,1,0,0,1,0,0,0,0,1,1,0,1,0,0,0,0,1,hall_monitor_cif.y4m,59.98,59.902,0.712264,0.002708,0.0,247
1,1,0,0,0,0,0,0,0,0,1,0,1,1,0,1,1,0,1,1,0,1,0,0,0,0,1,0,0,1,1,0,1,0,0,0,0,1,hall_monitor_cif.y4m,77.55,77.542,0.237634,0.002973,0.0,166
1,1,0,0,0,0,0,0,1,0,0,0,1,1,0,1,1,0,1,0,1,1,0,0,1,0,0,0,0,1,1,0,1,0,0,0,1,0,hall_monitor_cif.y4m,2.94,2.95,0.037417,0.002468,0.0,25
1,1,0,0,0,0,0,1,0,0,0,0,1,0,1,1,0,0,1,1,0,1,0,1,0,0,0,0,0,1,0,1,0,0,0,0,0,0,hall_monitor_cif.y4m,6.33,6.372,0.127554,0.003621,0.0,355
1,1,0,0,1,0,0,0,0,0,0,0,1,1,0,1,0,0,1,1,0,1,1,0,0,0,0,0,0,1,1,0,1,0,0,0,0,1,hall_monitor_cif.y4m,0.79,0.794,0.005477,0.002471,0.0,219
1,1,0,0,0,1,0,0,0,0,0,0,1,1,0,1,1,0,1,1,0,1,0,0,0,0,1,0,0,1,1,0,1,1,0,0,0,0,hall_monitor_cif.y4m,6.41,6.404,0.084143,0.003621,0.0,182
1,1,0,1,0,0,0,0,0,0,0,0,1,0,1,1,0,1,1,1,0,1,0,0,0,0,0,1,0,1,1,0,1,1,0,0,0,0,hall_monitor_cif.y4m,2.23,2.23,0.022361,0.002402,0.0,10
1,1,0,0,1,0,0,0,0,0,0,0,1,1,0,1,1,0,1,0,1,1,0,0,1,0,0,0,0,1,0,1,1,0,0,0,0,1,hall_monitor_cif.y4m,33.27,33.296,0.060663,0.002689,0.0,116
1,1,0,0,0,1,0,0,0,0,0,0,1,1,0,1,1,1,1,0,1,1,0,0,0,0,0,1,0,1,0,1,1,1,0,0,0,0,hall_monitor_cif.y4m,4.31,4.296,0.030496,0.002483,0.0,266
1,1,0,0,0,0,0,0,1,0,0,0,1,1,0,1,0,0,1,0,1,1,0,0,1,0,0,0,0,1,1,0,1,0,0,1,0,0,hall_monitor_cif.y4m,16.15,16.166,0.060249,0.004745,0.0,313
1,1,0,0,0,0,0,1,0,0,0,0,1,0,1,1,0,0,1,1,0,1,0,0,0,0,0,0,1,1,0,1,0,0,0,0,0,0,hall_monitor_cif.y4m,4.19,4.182,0.047645,0.004376,0.0,357
1,1,0,0,0,1,0,0,0,0,0,0,1,0,1,1,0,1,1,0,1,1,1,0,0,0,0,0,0,1,1,0,1,1,0,0,0,0,hall_monitor_cif.y4m,1.58,1.574,0.008944,0.004591,0.0,187
1,1,0,0,0,0,0,0,1,0,0,0,1,1,0,1,1,1,1,0,1,1,0,0,1,0,0,0,0,1,1,0,1,1,0,0,0,0,hall_monitor_cif.y4m,164.92,164.916,0.046152,0.002912,0.0,23
1,1,0,0,1,0,0,0,0,0,0,0,1,1,0,1,1,0,1,1,0,1,0,1,0,0,0,0,0,1,0,1,0,0,0,0,0,0,hall_monitor_cif.y4m,19.28,19.292,0.099599,0.002476,0.0,2
1,1,0,0,0,0,0,0,0,0,0,1,1,1,0,1,1,0,1,0,1,1,0,0,0,0,0,1,0,1,1,0,1,1,0,0,0,0,hall_monitor_cif.y4m,69.49,69.536,0.300217,0.002696,0.0,301
1,1,0,0,0,0,0,1,0,0,0,0,1,0,1,1,0,1,1,1,0,1,0,1,0,0,0,0,0,1,0,1,0,0,0,0,0,0,hall_monitor_cif.y4m,75.03,75.596,1.04232,0.004562,0.0,356
1,1,0,0,0,0,0,0,0,0,1,0,1,1,0,1,0,1,1,0,1,1,0,0,0,0,0,1,0,1,0,1,1,1,0,0,0,0,hall_monitor_cif.y4m,5.05,5.074,0.072664,0.003402,0.0,269
1,1,0,0,0,0,0,0,0,0,1,0,1,0,1,1,0,1,1,1,0,1,0,0,1,0,0,0,0,1,0,1,1,0,0,0,1,0,hall_monitor_cif.y4m,3.29,3.284,0.026077,0.004446,0.0,274
1,1,0,0,0,0,0,0,0,0,1,0,1,0,1,1,0,1,1,1,0,1,0,0,0,1,0,0,0,1,1,0,1,1,0,0,0,0,hall_monitor_cif.y4m,4.07,4.062,0.040866,0.004043,0.0,307
1,1,0,0,1,0,0,0,0,0,0,0,1,0,1,1,0,1,1,1,0,1,0,0,1,0,0,0,0,1,0,1,1,1,0,0,0,0,hall_monitor_cif.y4m,12.48,12.5,0.078422,0.002749,0.0,254
1,1,0,0,0,0,0,0,0,0,1,0,1,0,1,1,0,1,1,0,1,1,0,1,0,0,0,0,0,1,0,1,0,0,0,0,0,0,hall_monitor_cif.y4m,0.88,0.882,0.004472,0.002523,0.0,208
1,1,0,0,1,0,0,0,0,0,0,0,1,1,0,1,1,1,1,1,0,1,0,0,1,0,0,0,0,1,0,1,1,0,1,0,0,0,hall_monitor_cif.y4m,1.14,1.146,0.027928,0.004333,0.0,279
1,1,0,0,0,0,0,1,0,0,0,0,1,1,0,1,1,1,1,1,0,1,0,1,0,0,0,0,0,1,0,1,1,0,0,0,1,0,hall_monitor_cif.y4m,4.05,4.038,0.035637,0.002801,0.0,171
1,1,0,0,0,0,0,0,0,1,0,0,1,1,0,1,0,1,1,0,1,1,0,0,0,0,0,1,0,1,0,1,1,0,0,0,1,0,hall_monitor_cif.y4m,17.99,17.982,0.048683,0.004745,0.0,99
1,1,1,0,0,0,0,0,0,0,0,0,1,0,1,1,1,1,1,1,0,1,0,1,0,0,0,0,0,1,1,0,1,0,1,0,0,0,hall_monitor_cif.y4m,4.61,4.586,0.042778,0.002632,0.0,81
1,1,0,0,0,0,0,0,0,0,1,0,1,0,1,1,1,1,1,0,1,1,0,0,1,0,0,0,0,1,1,0,1,0,1,0,0,0,hall_monitor_cif.y4m,1.58,1.578,0.008367,0.002967,0.0,155
1,1,0,0,0,1,0,0,0,0,0,0,1,1,0,1,0,1,1,1,0,1,1,0,0,0,0,0,0,1,1,0,1,1,0,0,0,0,hall_monitor_cif.y4m,2.9,2.912,0.021679,0.004043,0.0,185
1,1,0,0,1,0,0,0,0,0,0,0,1,1,0,1,0,0,1,0,1,1,0,0,0,0,0,1,0,1,0,1,0,0,0,0,0,0,hall_monitor_cif.y4m,1.78,1.782,0.013038,0.00221,0.0,376
1,1,0,0,0,0,0,0,1,0,0,0,1,1,0,1,0,1,1,0,1,1,0,1,0,0,0,0,0,1,1,0,0,0,0,0,0,0,hall_monitor_cif.y4m,0.77,0.764,0.008944,0.002623,0.0,204
1,1,0,0,0,0,0,0,1,0,0,0,1,1,0,1,1,0,1,0,1,1,0,0,0,0,1,0,0,1,1,0,1,0,0,0,0,1,hall_monitor_cif.y4m,48.45,48.492,0.230803,0.002482,0.0,246
1,1,0,0,0,0,0,1,0,0,0,0,1,1,0,1,1,1,1,0,1,1,0,0,1,0,0,0,0,1,0,1,0,0,0,0,0,0,hall_monitor_cif.y4m,33.14,33.096,0.112383,0.002773,0.0,230
1,1,0,0,0,0,0,0,1,0,0,0,1,0,1,1,1,0,1,0,1,1,0,0,0,0,0,1,0,1,1,0,1,0,0,0,1,0,hall_monitor_cif.y4m,47.71,47.274,0.790019,0.005473,0.0,27
1,1,0,1,0,0,0,0,0,0,0,0,1,1,0,1,1,1,1,0,1,1,1,0,0,0,0,0,0,1,1,0,0,0,0,0,0,0,hall_monitor_cif.y4m,2.62,2.622,0.025884,0.002444,0.0,137
1,1,0,0,0,0,0,0,0,0,1,0,1,1,0,1,1,1,1,1,0,1,0,0,0,0,1,0,0,1,0,1,1,0,0,0,1,0,hall_monitor_cif.y4m,3.21,3.212,0.026833,0.004199,0.0,169
1,1,0,0,0,0,0,0,0,0,1,0,1,0,1,1,0,1,1,0,1,1,1,0,0,0,0,0,0,1,0,1,1,0,0,0,0,1,hall_monitor_cif.y4m,57.89,57.894,0.166523,0.002746,0.0,33
1,1,0,0,0,0,0,0,1,0,0,0,1,0,1,1,0,1,1,0,1,1,0,1,0,0,0,0,0,1,1,0,0,0,0,0,0,0,hall_monitor_cif.y4m,18.6,18.628,0.068702,0.005489,0.0,205
1,1,0,0,0,0,0,0,0,0,1,0,1,1,0,1,1,0,1,0,1,1,0,0,0,0,1,0,0,1,1,0,1,0,0,0,0,1,hall_monitor_cif.y4m,2.95,2.944,0.018166,0.002496,0.0,245
1,1,1,0,0,0,0,0,0,0,0,0,1,1,0,1,0,0,1,1,0,1,0,0,1,0,0,0,0,1,1,0,1,0,0,0,0,1,hall_monitor_cif.y4m,2.99,3.0,0.024495,0.002507,0.0,163
1,1,0,0,1,0,0,0,0,0,0,0,1,1,0,1,1,0,1,1,0,1,1,0,0,0,0,0,0,1,0,1,1,1,0,0,0,0,hall_monitor_cif.y4m,1.77,1.772,0.022804,0.00221,0.0,4
1,1,0,0,1,0,0,0,0,0,0,0,1,1,0,1,0,0,1,0,1,1,1,0,0,0,0,0,0,1,1,0,1,0,0,0,1,0,hall_monitor_cif.y4m,1.63,1.622,0.091488,0.004333,0.0,141
1,1,1,0,0,0,0,0,0,0,0,0,1,1,0,1,1,1,1,0,1,1,0,0,1,0,0,0,0,1,1,0,1,1,0,0,0,0,hall_monitor_cif.y4m,71.8,71.834,0.196036,0.002579,0.0,159
1,1,0,0,0,0,0,0,1,0,0,0,1,1,0,1,0,1,1,0,1,1,0,0,1,0,0,0,0,1,0,1,1,0,0,0,0,1,hall_monitor_cif.y4m,7.5,7.486,0.032094,0.004276,0.0,336
1,1,0,0,0,1,0,0,0,0,0,0,1,1,0,1,0,0,1,0,1,1,0,0,0,0,0,0,1,1,1,0,1,0,0,0,1,0,hall_monitor_cif.y4m,22.04,22.014,0.106207,0.002738,0.0,72
1,1,0,0,0,0,0,0,1,0,0,0,1,1,0,1,1,0,1,1,0,1,0,0,1,0,0,0,0,1,1,0,1,0,0,0,0,1,hall_monitor_cif.y4m,2.39,2.404,0.019494,0.002648,0.0,248
1,1,0,1,0,0,0,0,0,0,0,0,1,0,1,1,1,1,1,1,0,1,0,0,0,0,0,1,0,1,0,1,1,0,0,0,0,1,hall_monitor_cif.y4m,58.93,59.138,0.938547,0.002389,0.0,130
1,1,0,0,0,1,0,0,0,0,0,0,1,0,1,1,1,1,1,1,0,1,0,0,0,0,0,0,1,1,1,0,0,0,0,0,0,0,hall_monitor_cif.y4m,95.46,95.436,0.170382,0.003269,0.0,324
1,1,1,0,0,0,0,0,0,0,0,0,1,0,1,1,0,1,1,1,0,1,0,1,0,0,0,0,0,1,0,1,0,0,0,0,0,0,hall_monitor_cif.y4m,70.62,70.658,0.159906,0.005388,0.0,354
1,1,0,0,0,0,0,0,0,0,1,0,1,0,1,1,0,0,1,1,0,1,0,0,0,1,0,0,0,1,0,1,0,0,0,0,0,0,hall_monitor_cif.y4m,44.94,44.952,0.333272,0.002617,0.0,291
1,1,0,0,0,0,0,0,0,0,1,0,1,1,0,1,0,0,1,1,0,1,0,1,0,0,0,0,0,1,1,0,1,0,1,0,0,0,hall_monitor_cif.y4m,1.06,1.058,0.019235,0.002452,0.0,237
1,1,0,0,0,1,0,0,0,0,0,0,1,1,0,1,1,0,1,1,0,1,1,0,0,0,0,0,0,1,1,0,1,1,0,0,0,0,hall_monitor_cif.y4m,1.74,1.734,0.015166,0.002452,0.0,183
1,1,0,0,0,1,0,0,0,0,0,0,1,0,1,1,1,1,1,0,1,1,0,0,1,0,0,0,0,1,0,1,0,0,0,0,0,0,hall_monitor_cif.y4m,1.26,1.266,0.008944,0.002623,0.0,227
1,1,0,0,0,0,0,0,1,0,0,0,1,1,0,1,0,1,1,0,1,1,0,0,0,0,0,1,0,1,0,1,0,0,0,0,0,0,hall_monitor_cif.y4m,3.48,3.482,0.013038,0.002434,0.0,338
1,1,0,0,1,0,0,0,0,0,0,0,1,0,1,1,0,0,1,0,1,1,1,0,0,0,0,0,0,1,1,0,1,0,0,0,1,0,hall_monitor_cif.y4m,10.94,10.918,0.080436,0.00283,0.0,142
1,1,0,0,1,0,0,0,0,0,0,0,1,1,0,1,1,1,1,0,1,1,0,0,1,0,0,0,0,1,1,0,1,0,0,0,0,1,hall_monitor_cif.y4m,9.72,9.728,0.023875,0.003433,0.0,332
1,1,0,0,0,0,0,0,0,1,0,0,1,0,1,1,0,0,1,1,0,1,0,0,0,0,1,0,0,1,0,1,1,0,0,0,1,0,hall_monitor_cif.y4m,66.78,66.408,0.873596,0.002804,0.0,95
1,1,0,0,1,0,0,0,0,0,0,0,1,0,1,1,0,0,1,0,1,1,0,0,0,1,0,0,0,1,0,1,0,0,0,0,0,0,hall_monitor_cif.y4m,6.44,6.438,0.058052,0.003627,0.0,289
1,1,0,0,1,0,0,0,0,0,0,0,1,1,0,1,0,0,1,0,1,1,0,0,0,0,0,1,0,1,0,1,1,0,0,1,0,0,hall_monitor_cif.y4m,1.0,0.996,0.011402,0.002452,0.0,378
1,1,0,0,1,0,0,0,0,0,0,0,1,1,0,1,1,1,1,1,0,1,0,0,1,0,0,0,0,1,0,1,1,0,0,0,1,0,hall_monitor_cif.y4m,21.33,21.318,0.093113,0.002778,0.0,278
1,1,0,0,0,0,0,0,0,0,1,0,1,0,1,1,1,0,1,0,1,1,1,0,0,0,0,0,0,1,0,1,1,0,0,0,1,0,hall_monitor_cif.y4m,4.56,4.56,0.025495,0.003598,0.0,30
1,1,0,0,1,0,0,0,0,0,0,0,1,1,0,1,0,0,1,0,1,1,0,1,0,0,0,0,0,1,0,1,1,0,0,0,0,1,hall_monitor_cif.y4m,1.02,1.016,0.005477,0.002833,0.0,120
1,1,0,0,0,1,0,0,0,0,0,0,1,1,0,1,1,1,1,0,1,1,0,0,0,0,0,1,0,1,0,1,0,0,0,0,0,0,hall_monitor_cif.y4m,1.44,1.446,0.013416,0.002272,0.0,265
1,1,0,0,0,0,0,0,0,0,1,0,1,1,0,1,1,0,1,1,0,1,0,0,0,0,0,1,0,1,0,1,0,0,0,0,0,0,hall_monitor_cif.y4m,3.08,3.066,0.034351,0.002582,0.0,296
1,1,0,0,0,0,0,1,0,0,0,0,1,1,0,1,1,1,1,1,0,1,0,1,0,0,0,0,0,1,0,1,0,0,0,0,0,0,hall_monitor_cif.y4m,6.29,6.304,0.061887,0.002367,0.0,232
1,1,0,0,0,0,0,0,0,0,1,0,1,0,1,1,0,0,1,1,0,1,0,0,1,0,0,0,0,1,1,0,1,0,0,1,0,0,hall_monitor_cif.y4m,4.49,4.488,0.028636,0.003923,0.0,310
1,1,0,0,0,0,0,1,0,0,0,0,1,0,1,1,1,1,1,0,1,1,0,0,0,0,0,1,0,1,0,1,1,0,0,1,0,0,hall_monitor_cif.y4m,57.78,57.738,0.211116,0.003047,0.0,349
1,1,0,0,1,0,0,0,0,0,0,0,1,1,0,1,0,1,1,0,1,1,0,0,0,0,0,1,0,1,0,1,0,0,0,0,0,0,hall_monitor_cif.y4m,3.2,3.188,0.025884,0.003571,0.0,377
1,1,0,0,0,0,0,0,0,1,0,0,1,0,1,1,1,1,1,1,0,1,0,0,0,0,1,0,0,1,0,1,1,0,0,0,1,0,hall_monitor_cif.y4m,70.91,70.502,0.925565,0.002655,0.0,94
1,1,1,0,0,0,0,0,0,0,0,0,1,1,0,1,1,0,1,0,1,1,1,0,0,0,0,0,0,1,0,1,1,1,0,0,0,0,hall_monitor_cif.y4m,4.08,4.088,0.025884,0.004043,0.0,178
1,1,0,0,0,0,0,0,0,0,1,0,1,0,1,1,0,0,1,1,0,1,0,0,0,0,0,1,0,1,0,1,1,0,0,0,0,1,hall_monitor_cif.y4m,3.93,3.93,0.012247,0.003523,0.0,127
1,1,0,0,0,0,0,1,0,0,0,0,1,0,1,1,1,0,1,0,1,1,0,0,0,1,0,0,0,1,0,1,1,0,0,0,1,0,hall_monitor_cif.y4m,1.15,1.144,0.013416,0.002373,0.0,111
1,1,1,0,0,0,0,0,0,0,0,0,1,0,1,1,0,1,1,1,0,1,0,1,0,0,0,0,0,1,0,1,1,0,0,1,0,0,hall_monitor_cif.y4m,2.64,2.646,0.035777,0.003369,0.0,353
1,1,0,0,0,0,1,0,0,0,0,0,1,0,1,1,1,1,1,1,0,1,0,1,0,0,0,0,0,1,1,0,1,0,0,0,1,0,hall_monitor_cif.y4m,2.88,2.888,0.019235,0.002402,0.0,45
1,1,0,0,0,1,0,0,0,0,0,0,1,0,1,1,1,1,1,0,1,1,0,0,1,0,0,0,0,1,1,0,0,0,0,0,0,0,hall_monitor_cif.y4m,0.93,0.936,0.015166,0.002652,0.0,226
1,1,0,0,0,0,0,0,0,0,0,1,1,1,0,1,1,0,1,0,1,1,0,0,0,0,0,1,0,1,1,0,1,0,0,0,0,1,hall_monitor_cif.y4m,3.71,3.714,0.053198,0.002321,0.0,59
1,1,0,0,0,0,0,0,1,0,0,0,1,1,0,1,1,1,1,1,0,1,1,0,0,0,0,0,0,1,0,1,1,1,0,0,0,0,hall_monitor_cif.y4m,22.44,22.498,0.113004,0.002476,0.0,19
1,1,0,0,0,0,0,0,0,0,0,1,1,1,0,1,0,1,1,0,1,1,0,0,0,1,0,0,0,1,1,0,1,1,0,0,0,0,hall_monitor_cif.y4m,13.52,13.524,0.023022,0.002806,0.0,304
1,1,0,0,0,0,0,0,1,0,0,0,1,0,1,1,0,1,1,0,1,1,0,1,0,0,0,0,0,1,0,1,0,0,0,0,0,0,hall_monitor_cif.y4m,2.37,2.358,0.021679,0.002648,0.0,207
1,1,0,0,0,0,1,0,0,0,0,0,1,1,0,1,1,1,1,1,0,1,0,1,0,0,0,0,0,1,1,0,0,0,0,0,0,0,hall_monitor_cif.y4m,79.93,79.566,2.084354,0.002423,0.0,43
1,1,0,0,0,0,1,0,0,0,0,0,1,1,0,1,1,0,1,1,0,1,1,0,0,0,0,0,0,1,1,0,1,0,0,0,0,1,hall_monitor_cif.y4m,1.49,1.49,0.01,0.002464,0.0,40
1,1,0,0,0,1,0,0,0,0,0,0,1,0,1,1,0,1,1,1,0,1,1,0,0,0,0,0,0,1,1,0,1,1,0,0,0,0,hall_monitor_cif.y4m,91.06,91.054,0.060663,0.0033,0.0,186
1,1,0,0,1,0,0,0,0,0,0,0,1,0,1,1,0,0,1,0,1,1,0,0,0,1,0,0,0,1,0,1,1,0,0,0,0,1,hall_monitor_cif.y4m,1.84,1.83,0.02,0.002789,0.0,288
1,1,1,0,0,0,0,0,0,0,0,0,1,1,0,1,1,0,1,1,0,1,0,1,0,0,0,0,0,1,1,0,1,0,1,0,0,0,hall_monitor_cif.y4m,3.06,3.052,0.049699,0.002332,0.0,82
1,1,0,0,0,0,0,0,0,0,1,0,1,0,1,1,1,1,1,0,1,1,0,0,0,1,0,0,0,1,0,1,0,0,0,0,0,0,hall_monitor_cif.y4m,2.42,2.424,0.015166,0.002572,0.0,211
1,1,0,0,1,0,0,0,0,0,0,0,1,0,1,1,1,1,1,0,1,1,0,0,0,0,0,1,0,1,1,0,1,0,0,1,0,0,hall_monitor_cif.y4m,43.2,42.566,0.909714,0.002482,0.0,347
1,1,0,1,0,0,0,0,0,0,0,0,1,0,1,1,0,0,1,1,0,1,1,0,0,0,0,0,0,1,1,0,1,0,0,0,1,0,hall_monitor_cif.y4m,6.07,6.064,0.054589,0.002548,0.0,13
1,1,0,0,0,0,0,1,0,0,0,0,1,0,1,1,1,1,1,0,1,1,0,0,1,0,0,0,0,1,0,1,0,0,0,0,0,0,hall_monitor_cif.y4m,153.87,153.852,0.065727,0.002776,0.0,228
1,1,0,0,0,0,0,0,0,1,0,0,1,1,0,1,0,1,1,0,1,1,0,0,1,0,0,0,0,1,0,1,1,0,0,0,0,1,hall_monitor_cif.y4m,3.98,3.986,0.018166,0.002801,0.0,335
1,1,0,0,0,0,0,0,1,0,0,0,1,1,0,1,1,0,1,0,1,1,0,0,1,0,0,0,0,1,1,0,1,1,0,0,0,0,hall_monitor_cif.y4m,13.15,13.128,0.080436,0.003433,0.0,24
1,1,1,0,0,0,0,0,0,0,0,0,1,0,1,1,0,1,1,0,1,1,0,1,0,0,0,0,0,1,0,1,1,0,0,1,0,0,hall_monitor_cif.y4m,144.49,144.528,0.260806,0.005426,0.0,352
1,1,0,0,0,0,1,0,0,0,0,0,1,0,1,1,0,0,1,1,0,1,0,0,0,0,0,1,0,1,1,0,0,0,0,0,0,0,hall_monitor_cif.y4m,2.66,2.664,0.020736,0.002634,0.0,368
1,1,1,0,0,0,0,0,0,0,0,0,1,0,1,1,1,1,1,1,0,1,0,1,0,0,0,0,0,1,1,0,0,0,0,0,0,0,hall_monitor_cif.y4m,1.13,1.134,0.011402,0.002815,0.0,80
1,1,0,0,1,0,0,0,0,0,0,0,1,1,0,1,0,0,1,0,1,1,0,1,0,0,0,0,0,1,0,1,0,0,0,0,0,0,hall_monitor_cif.y4m,13.1,13.118,0.041473,0.002552,0.0,121
1,1,0,0,0,0,0,0,0,0,1,0,1,0,1,1,1,1,1,0,1,1,0,0,1,0,0,0,0,1,1,0,1,1,0,0,0,0,hall_monitor_cif.y4m,2.18,2.18,0.018708,0.002444,0.0,156
1,1,0,1,0,0,0,0,0,0,0,0,1,0,1,1,1,1,1,1,0,1,0,0,0,0,0,1,0,1,1,0,1,1,0,0,0,0,hall_monitor_cif.y4m,0.68,0.68,0.012247,0.002486,0.0,9
1,1,0,0,0,0,0,0,0,0,1,0,1,1,0,1,0,0,1,1,0,1,0,0,0,0,1,0,0,1,1,0,1,0,0,0,0,1,hall_monitor_cif.y4m,2.62,2.624,0.015166,0.002496,0.0,165
1,1,0,0,0,0,0,0,0,0,1,0,1,0,1,1,0,0,1,1,0,1,0,1,0,0,0,0,0,1,0,1,1,0,0,0,0,1,hall_monitor_cif.y4m,3.16,3.148,0.039623,0.002519,0.0,126
1,1,0,0,1,0,0,0,0,0,0,0,1,1,0,1,1,1,1,0,1,1,0,0,1,0,0,0,0,1,0,1,1,0,1,0,0,0,hall_monitor_cif.y4m,1.13,1.128,0.004472,0.002815,0.0,280
1,1,0,0,0,0,0,1,0,0,0,0,1,0,1,1,1,1,1,1,0,1,0,1,0,0,0,0,0,1,0,1,1,0,0,0,1,0,hall_monitor_cif.y4m,0.91,0.916,0.015166,0.005123,0.0,172
1,1,0,0,0,0,0,0,0,0,1,0,1,0,1,1,0,1,1,1,0,1,0,0,0,1,0,0,0,1,0,1,0,0,0,0,0,0,hall_monitor_cif.y4m,4.64,4.64,0.036742,0.003974,0.0,292
1,1,0,0,0,0,0,0,0,0,1,0,1,1,0,1,1,1,1,0,1,1,0,0,0,0,0,1,0,1,1,0,0,0,0,0,0,0,hall_monitor_cif.y4m,9.02,9.012,0.013038,0.002791,0.0,105
1,1,0,0,0,1,0,0,0,0,0,0,1,0,1,1,1,1,1,0,1,1,0,0,0,0,0,0,1,1,1,0,1,0,1,0,0,0,hall_monitor_cif.y4m,8.21,8.232,0.050695,0.003547,0.0,76
1,1,0,0,0,1,0,0,0,0,0,0,1,0,1,1,0,0,1,1,0,1,1,0,0,0,0,0,0,1,1,0,1,0,0,0,0,1,hall_monitor_cif.y4m,45.52,45.648,0.449021,0.002702,0.0,221
1,1,0,0,0,0,0,0,0,0,1,0,1,1,0,1,1,0,1,1,0,1,0,0,0,0,1,0,0,1,0,1,1,0,0,0,0,1,hall_monitor_cif.y4m,20.91,20.922,0.047645,0.003407,0.0,167
1,1,0,0,0,0,0,0,0,0,1,0,1,0,1,1,0,1,1,0,1,1,1,0,0,0,0,0,0,1,1,0,1,0,0,0,0,1,hall_monitor_cif.y4m,118.58,118.39,0.372022,0.003089,0.0,35
1,1,0,0,1,0,0,0,0,0,0,0,1,1,0,1,0,0,1,1,0,1,0,1,0,0,0,0,0,1,0,1,1,0,1,0,0,0,hall_monitor_cif.y4m,2.02,2.02,0.02,0.002506,0.0,235
1,1,0,0,0,0,0,0,0,1,0,0,1,1,0,1,1,1,1,0,1,1,0,0,1,0,0,0,0,1,0,1,1,0,0,0,0,1,hall_monitor_cif.y4m,6.13,6.162,0.100598,0.003605,0.0,333
1,1,0,0,0,0,1,0,0,0,0,0,1,0,1,1,1,1,1,1,0,1,0,1,0,0,0,0,0,1,1,0,0,0,0,0,0,0,hall_monitor_cif.y4m,51.79,51.752,0.182126,0.002711,0.0,44
1,1,0,0,1,0,0,0,0,0,0,0,1,0,1,1,0,1,1,1,0,1,0,1,0,0,0,0,0,1,0,1,1,1,0,0,0,0,hall_monitor_cif.y4m,87.49,87.598,0.167093,0.002827,0.0,256
1,1,0,0,0,0,0,1,0,0,0,0,1,0,1,1,1,0,1,0,1,1,0,1,0,0,0,0,0,1,0,1,1,0,0,0,0,1,hall_monitor_cif.y4m,350.23,350.364,1.129416,0.003452,0.0,192
1,1,0,0,0,0,1,0,0,0,0,0,1,1,0,1,1,1,1,1,0,1,1,0,0,0,0,0,0,1,1,0,1,0,0,0,0,1,hall_monitor_cif.y4m,8.2,8.196,0.023022,0.002882,0.0,41
1,1,0,0,0,0,0,0,0,0,1,0,1,0,1,1,0,1,1,1,0,1,0,0,0,0,0,1,0,1,0,1,1,0,0,0,1,0,hall_monitor_cif.y4m,54.91,54.768,0.504103,0.004156,0.0,273
1,1,0,0,0,0,0,0,0,0,1,0,1,1,0,1,0,1,1,0,1,1,0,0,0,0,0,1,0,1,0,1,0,0,0,0,0,0,hall_monitor_cif.y4m,43.02,42.442,1.067366,0.004586,0.0,101
1,1,0,0,0,0,0,0,0,0,1,0,1,0,1,1,1,1,1,0,1,1,0,0,0,0,1,0,0,1,1,0,1,0,1,0,0,0,hall_monitor_cif.y4m,30.27,30.29,0.074498,0.002689,0.0,242
1,1,0,0,0,0,0,0,0,0,1,0,1,1,0,1,0,1,1,0,1,1,0,0,0,0,0,1,0,1,1,0,0,0,0,0,0,0,hall_monitor_cif.y4m,3.35,3.346,0.018166,0.004446,0.0,103
1,1,1,0,0,0,0,0,0,0,0,0,1,1,0,1,1,0,1,1,0,1,0,1,0,0,0,0,0,1,0,1,0,0,0,0,0,0,hall_monitor_cif.y4m,49.72,49.706,0.073007,0.002873,0.0,1
1,1,0,0,0,0,0,1,0,0,0,0,1,1,0,1,0,0,1,0,1,1,0,0,0,0,0,1,0,1,0,1,1,0,0,0,0,1,hall_monitor_cif.y4m,2.64,2.654,0.037148,0.003369,0.0,56
1,1,0,0,1,0,0,0,0,0,0,0,1,0,1,1,0,0,1,0,1,1,0,0,0,0,0,0,1,1,0,1,0,0,0,0,0,0,hall_monitor_cif.y4m,8.99,9.004,0.04219,0.002791,0.0,373
1,1,0,0,0,0,0,0,1,0,0,0,1,1,0,1,1,1,1,0,1,1,0,1,0,0,0,0,0,1,0,1,1,0,1,0,0,0,hall_monitor_cif.y4m,73.7,73.906,0.360042,0.002642,0.0,318
1,1,0,0,0,1,0,0,0,0,0,0,1,1,0,1,0,0,1,1,0,1,0,0,0,0,1,0,0,1,1,0,0,0,0,0,0,0,hall_monitor_cif.y4m,100.24,99.758,1.062459,0.002634,0.0,69
1,1,0,1,0,0,0,0,0,0,0,0,1,0,1,1,0,0,1,1,0,1,0,0,0,0,0,1,0,1,1,0,1,1,0,0,0,0,hall_monitor_cif.y4m,2.82,2.82,0.015811,0.003549,0.0,11
1,1,0,0,1,0,0,0,0,0,0,0,1,0,1,1,0,0,1,1,0,1,0,1,0,0,0,0,0,1,0,1,1,0,0,1,0,0,hall_monitor_cif.y4m,2.01,2.004,0.015166,0.002343,0.0,258
1,1,0,0,0,0,0,0,0,0,1,0,1,0,1,1,0,0,1,1,0,1,0,1,0,0,0,0,0,1,1,0,1,0,1,0,0,0,hall_monitor_cif.y4m,203.7,203.606,0.367532,0.00353,0.0,238
1,1,0,0,0,0,0,1,0,0,0,0,1,0,1,1,1,0,1,1,0,1,1,0,0,0,0,0,0,1,0,1,1,0,0,0,1,0,hall_monitor_cif.y4m,134.11,134.584,0.962538,0.002567,0.0,173
1,1,0,0,0,0,0,1,0,0,0,0,1,0,1,1,0,1,1,0,1,1,0,1,0,0,0,0,0,1,0,1,1,1,0,0,0,0,hall_monitor_cif.y4m,90.74,90.832,0.52409,0.002594,0.0,190
1,1,0,1,0,0,0,0,0,0,0,0,1,0,1,1,1,0,1,1,0,1,0,0,0,0,0,1,0,1,0,1,1,1,0,0,0,0,hall_monitor_cif.y4m,36.65,36.654,0.057271,0.002765,0.0,7
1,1,0,0,0,1,0,0,0,0,0,0,1,0,1,1,1,1,1,0,1,1,0,0,0,0,0,0,1,1,1,0,0,0,0,0,0,0,hall_monitor_cif.y4m,1.21,1.206,0.020736,0.002523,0.0,323
1,1,0,0,0,1,0,0,0,0,0,0,1,0,1,1,0,0,1,0,1,1,0,0,0,0,0,0,1,1,1,0,1,0,0,0,1,0,hall_monitor_cif.y4m,77.82,78.574,1.278331,0.002662,0.0,73
1,1,0,0,0,0,0,0,0,0,1,0,1,0,1,1,1,0,1,0,1,1,0,1,0,0,0,0,0,1,0,1,0,0,0,0,0,0,hall_monitor_cif.y4m,67.3,67.27,0.375965,0.002423,0.0,209
1,1,0,1,0,0,0,0,0,0,0,0,1,1,0,1,1,0,1,0,1,1,1,0,0,0,0,0,0,1,1,0,0,0,0,0,0,0,hall_monitor_cif.y4m,2.02,2.024,0.016733,0.002573,0.0,138
1,1,0,0,0,1,0,0,0,0,0,0,1,1,0,1,1,1,1,1,0,1,0,0,0,0,0,1,0,1,0,1,0,0,0,0,0,0,hall_monitor_cif.y4m,47.25,47.248,0.082583,0.003323,0.0,264
1,1,0,0,0,0,0,0,0,1,0,0,1,0,1,1,0,1,1,0,1,1,0,0,0,0,0,1,0,1,0,1,1,0,0,0,1,0,hall_monitor_cif.y4m,123.53,122.956,1.074351,0.002634,0.0,98
1,1,0,0,0,0,0,0,0,0,1,0,1,1,0,1,0,0,1,0,1,1,0,0,0,0,0,1,0,1,1,0,1,0,0,1,0,0,hall_monitor_cif.y4m,2.39,2.394,0.016733,0.002646,0.0,380
1,1,0,0,1,0,0,0,0,0,0,0,1,1,0,1,1,1,1,1,0,1,0,1,0,0,0,0,0,1,1,0,1,0,1,0,0,0,hall_monitor_cif.y4m,67.89,67.892,0.335365,0.004092,0.0,85
1,1,0,0,0,0,0,0,0,0,1,0,1,0,1,1,0,0,1,0,1,1,1,0,0,0,0,0,0,1,0,1,1,0,0,0,1,0,hall_monitor_cif.y4m,44.19,44.16,0.139821,0.002493,0.0,31
1,1,0,1,0,0,0,0,0,0,0,0,1,0,1,1,1,0,1,1,0,1,0,0,0,0,0,1,0,1,1,0,1,1,0,0,0,0,hall_monitor_cif.y4m,1.79,1.786,0.011402,0.002464,0.0,8
1,1,0,0,1,0,0,0,0,0,0,0,1,1,0,1,1,1,1,1,0,1,1,0,0,0,0,0,0,1,0,1,1,1,0,0,0,0,hall_monitor_cif.y4m,4.18,4.182,0.013038,0.002434,0.0,216
1,1,0,0,1,0,0,0,0,0,0,0,1,1,0,1,1,1,1,0,1,1,0,0,0,1,0,0,0,1,0,1,1,1,0,0,0,0,hall_monitor_cif.y4m,0.82,0.822,0.004472,0.002833,0.0,214
1,1,0,0,0,0,0,0,1,0,0,0,1,1,0,1,0,0,1,1,0,1,0,0,0,0,0,1,0,1,1,0,0,0,0,0,0,0,hall_monitor_cif.y4m,4.67,4.672,0.060581,0.002567,0.0,341
1,1,0,0,1,0,0,0,0,0,0,0,1,1,0,1,0,0,1,1,0,1,0,1,0,0,0,0,0,1,1,0,1,0,1,0,0,0,hall_monitor_cif.y4m,2.83,2.824,0.038471,0.004173,0.0,236
1,1,0,0,0,0,0,0,0,0,1,0,1,0,1,1,0,0,1,0,1,1,0,0,0,0,1,0,0,1,1,0,1,0,1,0,0,0,hall_monitor_cif.y4m,6.13,6.126,0.016733,0.004116,0.0,240
1,1,0,0,0,0,0,1,0,0,0,0,1,0,1,1,0,0,1,0,1,1,0,0,0,1,0,0,0,1,0,1,1,0,0,0,1,0,hall_monitor_cif.y4m,4.42,4.414,0.024083,0.004446,0.0,51
1,1,1,0,0,0,0,0,0,0,0,0,1,0,1,1,1,1,1,0,1,1,0,0,0,0,0,0,1,1,1,0,1,0,1,0,0,0,hall_monitor_cif.y4m,3.58,3.58,0.007071,0.002625,0.0,77
1,1,0,0,0,0,0,0,0,0,1,0,1,0,1,1,1,0,1,1,0,1,0,0,0,0,0,1,0,1,0,1,1,0,0,0,0,1,hall_monitor_cif.y4m,2.54,2.536,0.037815,0.002284,0.0,128
1,1,0,0,1,0,0,0,0,0,0,0,1,1,0,1,0,0,1,1,0,1,0,1,0,0,0,0,0,1,0,1,0,0,0,0,0,0,hall_monitor_cif.y4m,46.36,46.402,0.077266,0.002619,0.0,234
1,1,0,0,0,0,0,0,1,0,0,0,1,0,1,1,1,0,1,0,1,1,0,0,0,0,0,1,0,1,0,1,1,0,0,0,1,0,hall_monitor_cif.y4m,361.39,361.408,0.064576,0.003452,0.0,28
1,1,0,0,1,0,0,0,0,0,0,0,1,1,0,1,1,0,1,0,1,1,1,0,0,0,0,0,0,1,1,0,0,0,0,0,0,0,hall_monitor_cif.y4m,33.08,33.072,0.095499,0.002765,0.0,139
1,1,0,0,0,0,0,0,0,0,1,0,1,0,1,1,1,0,1,1,0,1,0,0,0,0,1,0,0,1,1,0,1,0,1,0,0,0,hall_monitor_cif.y4m,0.77,0.766,0.011402,0.002623,0.0,152
1,1,0,1,0,0,0,0,0,0,0,0,1,0,1,1,0,0,1,1,0,1,0,0,0,0,0,1,0,1,1,0,1,0,0,0,1,0,hall_monitor_cif.y4m,94.26,93.572,1.260504,0.005426,0.0,12
1,1,0,0,0,0,1,0,0,0,0,0,1,0,1,1,0,1,1,1,0,1,0,0,0,0,0,1,0,1,1,0,0,0,0,0,0,0,hall_monitor_cif.y4m,0.8,0.802,0.014832,0.002623,0.0,369
1,1,0,0,0,0,0,0,0,0,0,1,1,1,0,1,1,0,1,0,1,1,0,0,0,0,0,1,0,1,0,1,1,0,0,0,0,1,hall_monitor_cif.y4m,20.84,20.832,0.020494,0.003407,0.0,58
1,1,0,0,0,0,0,0,1,0,0,0,1,1,0,1,1,0,1,1,0,1,1,0,0,0,0,0,0,1,1,0,0,0,0,0,0,0,hall_monitor_cif.y4m,18.64,18.626,0.091542,0.004745,0.0,64
1,1,0,0,0,0,0,0,1,0,0,0,1,1,0,1,1,0,1,1,0,1,0,0,1,0,0,0,0,1,1,0,1,1,0,0,0,0,hall_monitor_cif.y4m,12.54,12.536,0.035071,0.002733,0.0,21
1,1,0,0,0,1,0,0,0,0,0,0,1,0,1,1,1,1,1,0,1,1,0,0,1,0,0,0,0,1,1,0,1,0,0,0,0,1,hall_monitor_cif.y4m,44.91,44.798,0.350457,0.002482,0.0,225
1,1,0,0,0,0,1,0,0,0,0,0,1,0,1,1,1,0,1,1,0,1,0,0,0,0,0,1,0,1,1,0,1,0,0,0,1,0,hall_monitor_cif.y4m,77.28,77.288,0.879187,0.00276,0.0,366
1,1,0,0,0,0,0,1,0,0,0,0,1,0,1,1,1,1,1,0,1,1,0,0,1,0,0,0,0,1,0,1,1,0,0,0,0,1,harbour_cif.y4m,4.59,4.51,0.158272,0.012792,0.0,114
1,1,0,0,1,0,0,0,0,0,0,0,1,1,0,1,1,1,1,0,1,1,0,0,1,0,0,0,0,1,1,0,1,0,1,0,0,0,harbour_cif.y4m,4.18,4.204,0.04827,0.012394,0.0,281
1,1,0,0,0,1,0,0,0,0,0,0,1,0,1,1,1,0,1,1,0,1,0,0,0,0,0,0,1,1,1,0,1,0,0,1,0,0,harbour_cif.y4m,6.39,6.394,0.045607,0.012393,0.0,325
1,1,1,0,0,0,0,0,0,0,0,0,1,1,0,1,1,0,1,1,0,1,0,0,0,0,1,0,0,1,1,0,1,1,0,0,0,0,harbour_cif.y4m,4.96,4.982,0.037683,0.01186,0.0,181
1,1,0,0,0,0,0,0,1,0,0,0,1,1,0,1,1,0,1,0,1,1,0,0,1,0,0,0,0,1,1,0,1,0,0,0,0,1,harbour_cif.y4m,119.37,119.416,0.236812,0.016158,0.0,247
1,1,0,0,0,0,0,0,0,0,1,0,1,1,0,1,1,0,1,1,0,1,0,0,0,0,1,0,0,1,1,0,1,0,0,0,0,1,harbour_cif.y4m,163.43,163.456,0.163951,0.013229,0.0,166
1,1,0,0,0,0,0,0,1,0,0,0,1,1,0,1,1,0,1,0,1,1,0,0,1,0,0,0,0,1,1,0,1,0,0,0,1,0,harbour_cif.y4m,7.93,7.928,0.100598,0.0145,0.0,25
1,1,0,0,0,0,0,1,0,0,0,0,1,0,1,1,0,0,1,1,0,1,0,1,0,0,0,0,0,1,0,1,0,0,0,0,0,0,harbour_cif.y4m,9.17,9.252,0.192146,0.013695,0.0,355
1,1,0,0,1,0,0,0,0,0,0,0,1,1,0,1,0,0,1,1,0,1,1,0,0,0,0,0,0,1,1,0,1,0,0,0,0,1,harbour_cif.y4m,1.6,1.622,0.031937,0.012844,0.0,219
1,1,0,0,0,1,0,0,0,0,0,0,1,1,0,1,1,0,1,1,0,1,0,0,0,0,1,0,0,1,1,0,1,1,0,0,0,0,harbour_cif.y4m,9.09,9.15,0.20347,0.013695,0.0,182
1,1,0,1,0,0,0,0,0,0,0,0,1,0,1,1,0,1,1,1,0,1,0,0,0,0,0,1,0,1,1,0,1,1,0,0,0,0,harbour_cif.y4m,3.71,3.72,0.024495,0.011967,0.0,10
1,1,0,0,1,0,0,0,0,0,0,0,1,1,0,1,1,0,1,0,1,1,0,0,1,0,0,0,0,1,0,1,1,0,0,0,0,1,harbour_cif.y4m,59.01,59.056,0.156141,0.015851,0.0,116
1,1,0,0,0,1,0,0,0,0,0,0,1,1,0,1,1,1,1,0,1,1,0,0,0,0,0,1,0,1,0,1,1,1,0,0,0,0,harbour_cif.y4m,7.28,7.288,0.093648,0.012516,0.0,266
1,1,0,0,0,0,0,0,1,0,0,0,1,1,0,1,0,0,1,0,1,1,0,0,1,0,0,0,0,1,1,0,1,0,0,1,0,0,harbour_cif.y4m,25.33,25.286,0.149766,0.014367,0.0,313
1,1,0,0,0,0,0,1,0,0,0,0,1,0,1,1,0,0,1,1,0,1,0,0,0,0,0,0,1,1,0,1,0,0,0,0,0,0,harbour_cif.y4m,8.78,8.784,0.040988,0.013501,0.0,357
1,1,0,0,0,1,0,0,0,0,0,0,1,0,1,1,0,1,1,0,1,1,1,0,0,0,0,0,0,1,1,0,1,1,0,0,0,0,harbour_cif.y4m,2.83,2.822,0.029496,0.013289,0.0,187
1,1,0,0,0,0,0,0,1,0,0,0,1,1,0,1,1,1,1,0,1,1,0,0,1,0,0,0,0,1,1,0,1,1,0,0,0,0,harbour_cif.y4m,338.66,338.67,0.174642,0.013096,0.0,23
1,1,0,0,1,0,0,0,0,0,0,0,1,1,0,1,1,0,1,1,0,1,0,1,0,0,0,0,0,1,0,1,0,0,0,0,0,0,harbour_cif.y4m,37.51,37.502,0.057184,0.014533,0.0,2
1,1,0,0,0,0,0,0,0,0,0,1,1,1,0,1,1,0,1,0,1,1,0,0,0,0,0,1,0,1,1,0,1,1,0,0,0,0,harbour_cif.y4m,144.45,144.346,0.229739,0.016131,0.0,301
1,1,0,0,0,0,0,1,0,0,0,0,1,0,1,1,0,1,1,1,0,1,0,1,0,0,0,0,0,1,0,1,0,0,0,0,0,0,harbour_cif.y4m,122.33,122.056,0.607725,0.013975,0.0,356
1,1,0,0,0,0,0,0,0,0,1,0,1,1,0,1,0,1,1,0,1,1,0,0,0,0,0,1,0,1,0,1,1,1,0,0,0,0,harbour_cif.y4m,11.12,11.114,0.019494,0.013585,0.0,269
1,1,0,0,0,0,0,0,0,0,1,0,1,0,1,1,0,1,1,1,0,1,0,0,1,0,0,0,0,1,0,1,1,0,0,0,1,0,harbour_cif.y4m,6.3,6.314,0.048785,0.013603,0.0,274
1,1,0,0,0,0,0,0,0,0,1,0,1,0,1,1,0,1,1,1,0,1,0,0,0,1,0,0,0,1,1,0,1,1,0,0,0,0,harbour_cif.y4m,6.06,6.028,0.088713,0.012143,0.0,307
1,1,0,0,1,0,0,0,0,0,0,0,1,0,1,1,0,1,1,1,0,1,0,0,1,0,0,0,0,1,0,1,1,1,0,0,0,0,harbour_cif.y4m,22.27,22.21,0.244847,0.01575,0.0,254
1,1,0,0,0,0,0,0,0,0,1,0,1,0,1,1,0,1,1,0,1,1,0,1,0,0,0,0,0,1,0,1,0,0,0,0,0,0,harbour_cif.y4m,1.42,1.424,0.005477,0.01291,0.0,208
1,1,0,0,1,0,0,0,0,0,0,0,1,1,0,1,1,1,1,1,0,1,0,0,1,0,0,0,0,1,0,1,1,0,1,0,0,0,harbour_cif.y4m,1.76,1.762,0.019235,0.017196,0.0,279
1,1,0,0,0,0,0,1,0,0,0,0,1,1,0,1,1,1,1,1,0,1,0,1,0,0,0,0,0,1,0,1,1,0,0,0,1,0,harbour_cif.y4m,6.88,6.838,0.130843,0.015068,0.0,171
1,1,0,0,0,0,0,0,0,1,0,0,1,1,0,1,0,1,1,0,1,1,0,0,0,0,0,1,0,1,0,1,1,0,0,0,1,0,harbour_cif.y4m,25.06,24.906,0.329742,0.014367,0.0,99
1,1,1,0,0,0,0,0,0,0,0,0,1,0,1,1,1,1,1,1,0,1,0,1,0,0,0,0,0,1,1,0,1,0,1,0,0,0,harbour_cif.y4m,7.83,7.862,0.054037,0.015163,0.0,81
1,1,0,0,0,0,0,0,0,0,1,0,1,0,1,1,1,1,1,0,1,1,0,0,1,0,0,0,0,1,1,0,1,0,1,0,0,0,harbour_cif.y4m,2.73,2.726,0.027019,0.014977,0.0,155
1,1,0,0,0,1,0,0,0,0,0,0,1,1,0,1,0,1,1,1,0,1,1,0,0,0,0,0,0,1,1,0,1,1,0,0,0,0,harbour_cif.y4m,4.84,4.794,0.119917,0.012143,0.0,185
1,1,0,0,1,0,0,0,0,0,0,0,1,1,0,1,0,0,1,0,1,1,0,0,0,0,0,1,0,1,0,1,0,0,0,0,0,0,harbour_cif.y4m,4.03,4.036,0.019494,0.011519,0.0,376
1,1,0,0,0,0,0,0,1,0,0,0,1,1,0,1,0,1,1,0,1,1,0,1,0,0,0,0,0,1,1,0,0,0,0,0,0,0,harbour_cif.y4m,1.62,1.584,0.091815,0.013933,0.0,204
1,1,0,0,0,0,0,0,1,0,0,0,1,1,0,1,1,0,1,0,1,1,0,0,0,0,1,0,0,1,1,0,1,0,0,0,0,1,harbour_cif.y4m,103.6,103.64,0.1251,0.014633,0.0,246
1,1,0,0,0,0,0,1,0,0,0,0,1,1,0,1,1,1,1,0,1,1,0,0,1,0,0,0,0,1,0,1,0,0,0,0,0,0,harbour_cif.y4m,80.67,80.694,0.327765,0.016368,0.0,230
1,1,0,0,0,0,0,0,1,0,0,0,1,0,1,1,1,0,1,0,1,1,0,0,0,0,0,1,0,1,1,0,1,0,0,0,1,0,harbour_cif.y4m,77.54,77.466,0.809617,0.016351,0.0,27
1,1,0,1,0,0,0,0,0,0,0,0,1,1,0,1,1,1,1,0,1,1,1,0,0,0,0,0,0,1,1,0,0,0,0,0,0,0,harbour_cif.y4m,5.6,5.62,0.032404,0.012278,0.0,137
1,1,0,0,0,0,0,0,0,0,1,0,1,1,0,1,1,1,1,1,0,1,0,0,0,0,1,0,0,1,0,1,1,0,0,0,1,0,harbour_cif.y4m,5.87,5.846,0.063087,0.012649,0.0,169
1,1,0,0,0,0,0,0,0,0,1,0,1,0,1,1,0,1,1,0,1,1,1,0,0,0,0,0,0,1,0,1,1,0,0,0,0,1,harbour_cif.y4m,147.36,147.408,0.455324,0.016282,0.0,33
1,1,0,0,0,0,0,0,1,0,0,0,1,0,1,1,0,1,1,0,1,1,0,1,0,0,0,0,0,1,1,0,0,0,0,0,0,0,harbour_cif.y4m,21.56,21.4,0.462601,0.015839,0.0,205
1,1,0,0,0,0,0,0,0,0,1,0,1,1,0,1,1,0,1,0,1,1,0,0,0,0,1,0,0,1,1,0,1,0,0,0,0,1,harbour_cif.y4m,7.19,7.186,0.046152,0.014666,0.0,245
1,1,1,0,0,0,0,0,0,0,0,0,1,1,0,1,0,0,1,1,0,1,0,0,1,0,0,0,0,1,1,0,1,0,0,0,0,1,harbour_cif.y4m,5.0,5.0,0.054314,0.012753,0.0,163
1,1,0,0,1,0,0,0,0,0,0,0,1,1,0,1,1,0,1,1,0,1,1,0,0,0,0,0,0,1,0,1,1,1,0,0,0,0,harbour_cif.y4m,3.91,3.904,0.026077,0.011519,0.0,4
1,1,0,0,1,0,0,0,0,0,0,0,1,1,0,1,0,0,1,0,1,1,1,0,0,0,0,0,0,1,1,0,1,0,0,0,1,0,harbour_cif.y4m,2.3,2.314,0.053666,0.017196,0.0,141
1,1,1,0,0,0,0,0,0,0,0,0,1,1,0,1,1,1,1,0,1,1,0,0,1,0,0,0,0,1,1,0,1,1,0,0,0,0,harbour_cif.y4m,142.44,142.406,0.203298,0.014835,0.0,159
1,1,0,0,0,0,0,0,1,0,0,0,1,1,0,1,0,1,1,0,1,1,0,0,1,0,0,0,0,1,0,1,1,0,0,0,0,1,harbour_cif.y4m,9.09,9.038,0.16331,0.01277,0.0,336
1,1,0,0,0,1,0,0,0,0,0,0,1,1,0,1,0,0,1,0,1,1,0,0,0,0,0,0,1,1,1,0,1,0,0,0,1,0,harbour_cif.y4m,35.19,35.146,0.170382,0.015942,0.0,72
1,1,0,0,0,0,0,0,1,0,0,0,1,1,0,1,1,0,1,1,0,1,0,0,1,0,0,0,0,1,1,0,1,0,0,0,0,1,harbour_cif.y4m,5.66,5.662,0.058052,0.014628,0.0,248
1,1,0,1,0,0,0,0,0,0,0,0,1,0,1,1,1,1,1,1,0,1,0,0,0,0,0,1,0,1,0,1,1,0,0,0,0,1,harbour_cif.y4m,121.44,121.408,0.290981,0.014513,0.0,130
1,1,0,0,0,1,0,0,0,0,0,0,1,0,1,1,1,1,1,1,0,1,0,0,0,0,0,0,1,1,1,0,0,0,0,0,0,0,harbour_cif.y4m,158.72,158.78,0.171318,0.014225,0.0,324
1,1,1,0,0,0,0,0,0,0,0,0,1,0,1,1,0,1,1,1,0,1,0,1,0,0,0,0,0,1,0,1,0,0,0,0,0,0,harbour_cif.y4m,108.58,108.576,0.117175,0.016269,0.0,354
1,1,0,0,0,0,0,0,0,0,1,0,1,0,1,1,0,0,1,1,0,1,0,0,0,1,0,0,0,1,0,1,0,0,0,0,0,0,harbour_cif.y4m,91.87,92.072,0.71918,0.015766,0.0,291
1,1,0,0,0,0,0,0,0,0,1,0,1,1,0,1,0,0,1,1,0,1,0,1,0,0,0,0,0,1,1,0,1,0,1,0,0,0,harbour_cif.y4m,2.84,2.874,0.105499,0.013758,0.0,237
1,1,0,0,0,1,0,0,0,0,0,0,1,1,0,1,1,0,1,1,0,1,1,0,0,0,0,0,0,1,1,0,1,1,0,0,0,0,harbour_cif.y4m,3.61,3.618,0.030332,0.012533,0.0,183
1,1,0,0,0,1,0,0,0,0,0,0,1,0,1,1,1,1,1,0,1,1,0,0,1,0,0,0,0,1,0,1,0,0,0,0,0,0,harbour_cif.y4m,3.21,3.206,0.032094,0.014539,0.0,227
1,1,0,0,0,0,0,0,1,0,0,0,1,1,0,1,0,1,1,0,1,1,0,0,0,0,0,1,0,1,0,1,0,0,0,0,0,0,harbour_cif.y4m,6.21,6.14,0.146969,0.013906,0.0,338
1,1,0,0,1,0,0,0,0,0,0,0,1,0,1,1,0,0,1,0,1,1,1,0,0,0,0,0,0,1,1,0,1,0,0,0,1,0,harbour_cif.y4m,21.54,21.568,0.093113,0.015787,0.0,142
1,1,0,0,1,0,0,0,0,0,0,0,1,1,0,1,1,1,1,0,1,1,0,0,1,0,0,0,0,1,1,0,1,0,0,0,0,1,harbour_cif.y4m,13.79,13.784,0.037148,0.013672,0.0,332
1,1,0,0,0,0,0,0,0,1,0,0,1,0,1,1,0,0,1,1,0,1,0,0,0,0,1,0,0,1,0,1,1,0,0,0,1,0,harbour_cif.y4m,146.74,146.702,0.257818,0.015921,0.0,95
1,1,0,0,1,0,0,0,0,0,0,0,1,0,1,1,0,0,1,0,1,1,0,0,0,1,0,0,0,1,0,1,0,0,0,0,0,0,harbour_cif.y4m,9.74,9.754,0.039749,0.013591,0.0,289
1,1,0,0,1,0,0,0,0,0,0,0,1,1,0,1,0,0,1,0,1,1,0,0,0,0,0,1,0,1,0,1,1,0,0,1,0,0,harbour_cif.y4m,2.56,2.556,0.038471,0.013758,0.0,378
1,1,0,0,1,0,0,0,0,0,0,0,1,1,0,1,1,1,1,1,0,1,0,0,1,0,0,0,0,1,0,1,1,0,0,0,1,0,harbour_cif.y4m,39.3,39.262,0.133304,0.015717,0.0,278
1,1,0,0,0,0,0,0,0,0,1,0,1,0,1,1,1,0,1,0,1,1,1,0,0,0,0,0,0,1,0,1,1,0,0,0,1,0,harbour_cif.y4m,6.3,6.282,0.035637,0.013703,0.0,30
1,1,0,0,1,0,0,0,0,0,0,0,1,1,0,1,0,0,1,0,1,1,0,1,0,0,0,0,0,1,0,1,1,0,0,0,0,1,harbour_cif.y4m,2.28,2.294,0.0498,0.014747,0.0,120
1,1,0,0,0,1,0,0,0,0,0,0,1,1,0,1,1,1,1,0,1,1,0,0,0,0,0,1,0,1,0,1,0,0,0,0,0,0,harbour_cif.y4m,2.87,2.872,0.021679,0.011643,0.0,265
1,1,0,0,0,0,0,0,0,0,1,0,1,1,0,1,1,0,1,1,0,1,0,0,0,0,0,1,0,1,0,1,0,0,0,0,0,0,harbour_cif.y4m,4.91,4.882,0.087006,0.012851,0.0,296
1,1,0,0,0,0,0,1,0,0,0,0,1,1,0,1,1,1,1,1,0,1,0,1,0,0,0,0,0,1,0,1,0,0,0,0,0,0,harbour_cif.y4m,9.11,9.076,0.070214,0.013812,0.0,232
1,1,0,0,0,0,0,0,0,0,1,0,1,0,1,1,0,0,1,1,0,1,0,0,1,0,0,0,0,1,1,0,1,0,0,1,0,0,harbour_cif.y4m,7.16,7.154,0.037148,0.011975,0.0,310
1,1,0,0,0,0,0,1,0,0,0,0,1,0,1,1,1,1,1,0,1,1,0,0,0,0,0,1,0,1,0,1,1,0,0,1,0,0,harbour_cif.y4m,135.92,135.91,0.154596,0.013845,0.0,349
1,1,0,0,1,0,0,0,0,0,0,0,1,1,0,1,0,1,1,0,1,1,0,0,0,0,0,1,0,1,0,1,0,0,0,0,0,0,harbour_cif.y4m,4.83,4.828,0.016432,0.013649,0.0,377
1,1,0,0,0,0,0,0,0,1,0,0,1,0,1,1,1,1,1,1,0,1,0,0,0,0,1,0,0,1,0,1,1,0,0,0,1,0,harbour_cif.y4m,139.02,139.062,0.208375,0.016203,0.0,94
1,1,1,0,0,0,0,0,0,0,0,0,1,1,0,1,1,0,1,0,1,1,1,0,0,0,0,0,0,1,0,1,1,1,0,0,0,0,harbour_cif.y4m,6.06,6.076,0.083845,0.012143,0.0,178
1,1,0,0,0,0,0,0,0,0,1,0,1,0,1,1,0,0,1,1,0,1,0,0,0,0,0,1,0,1,0,1,1,0,0,0,0,1,harbour_cif.y4m,7.19,7.182,0.046043,0.01352,0.0,127
1,1,0,0,0,0,0,1,0,0,0,0,1,0,1,1,1,0,1,0,1,1,0,0,0,1,0,0,0,1,0,1,1,0,0,0,1,0,harbour_cif.y4m,1.84,1.848,0.043243,0.012247,0.0,111
1,1,1,0,0,0,0,0,0,0,0,0,1,0,1,1,0,1,1,1,0,1,0,1,0,0,0,0,0,1,0,1,1,0,0,1,0,0,harbour_cif.y4m,5.82,5.834,0.066182,0.014002,0.0,353
1,1,0,0,0,0,1,0,0,0,0,0,1,0,1,1,1,1,1,1,0,1,0,1,0,0,0,0,0,1,1,0,1,0,0,0,1,0,harbour_cif.y4m,4.59,4.55,0.091378,0.011967,0.0,45
1,1,0,0,0,1,0,0,0,0,0,0,1,0,1,1,1,1,1,0,1,1,0,0,1,0,0,0,0,1,1,0,0,0,0,0,0,0,harbour_cif.y4m,1.48,1.512,0.063797,0.013027,0.0,226
1,1,0,0,0,0,0,0,0,0,0,1,1,1,0,1,1,0,1,0,1,1,0,0,0,0,0,1,0,1,1,0,1,0,0,0,0,1,harbour_cif.y4m,5.87,5.872,0.079498,0.011823,0.0,59
1,1,0,0,0,0,0,0,1,0,0,0,1,1,0,1,1,1,1,1,0,1,1,0,0,0,0,0,0,1,0,1,1,1,0,0,0,0,harbour_cif.y4m,36.45,36.388,0.283672,0.014533,0.0,19
1,1,0,0,0,0,0,0,0,0,0,1,1,1,0,1,0,1,1,0,1,1,0,0,0,1,0,0,0,1,1,0,1,1,0,0,0,0,harbour_cif.y4m,22.81,22.794,0.107378,0.016097,0.0,304
1,1,0,0,0,0,0,0,1,0,0,0,1,0,1,1,0,1,1,0,1,1,0,1,0,0,0,0,0,1,0,1,0,0,0,0,0,0,harbour_cif.y4m,5.58,5.574,0.040373,0.014628,0.0,207
1,1,0,0,0,0,1,0,0,0,0,0,1,1,0,1,1,1,1,1,0,1,0,1,0,0,0,0,0,1,1,0,0,0,0,0,0,0,harbour_cif.y4m,177.28,177.052,1.252964,0.014553,0.0,43
1,1,0,0,0,0,1,0,0,0,0,0,1,1,0,1,1,0,1,1,0,1,1,0,0,0,0,0,0,1,1,0,1,0,0,0,0,1,harbour_cif.y4m,3.21,3.212,0.034205,0.012522,0.0,40
1,1,0,0,0,1,0,0,0,0,0,0,1,0,1,1,0,1,1,1,0,1,1,0,0,0,0,0,0,1,1,0,1,1,0,0,0,0,harbour_cif.y4m,146.06,146.84,1.767244,0.014341,0.0,186
1,1,0,0,1,0,0,0,0,0,0,0,1,0,1,1,0,0,1,0,1,1,0,0,0,1,0,0,0,1,0,1,1,0,0,0,0,1,harbour_cif.y4m,3.51,3.528,0.08438,0.014788,0.0,288
1,1,1,0,0,0,0,0,0,0,0,0,1,1,0,1,1,0,1,1,0,1,0,1,0,0,0,0,0,1,1,0,1,0,1,0,0,0,harbour_cif.y4m,4.93,4.906,0.041593,0.01186,0.0,82
1,1,0,0,0,0,0,0,0,0,1,0,1,0,1,1,1,1,1,0,1,1,0,0,0,1,0,0,0,1,0,1,0,0,0,0,0,0,harbour_cif.y4m,4.25,4.232,0.067231,0.01262,0.0,211
1,1,0,0,1,0,0,0,0,0,0,0,1,0,1,1,1,1,1,0,1,1,0,0,0,0,0,1,0,1,1,0,1,0,0,1,0,0,harbour_cif.y4m,102.89,102.918,0.218906,0.014633,0.0,347
1,1,0,1,0,0,0,0,0,0,0,0,1,0,1,1,0,0,1,1,0,1,1,0,0,0,0,0,0,1,1,0,1,0,0,0,1,0,harbour_cif.y4m,9.33,9.35,0.048477,0.014864,0.0,13
1,1,0,0,0,0,0,1,0,0,0,0,1,0,1,1,1,1,1,0,1,1,0,0,1,0,0,0,0,1,0,1,0,0,0,0,0,0,harbour_cif.y4m,264.09,264.086,0.215592,0.015972,0.0,228
1,1,0,0,0,0,0,0,0,1,0,0,1,1,0,1,0,1,1,0,1,1,0,0,1,0,0,0,0,1,0,1,1,0,0,0,0,1,harbour_cif.y4m,6.76,6.838,0.154175,0.015069,0.0,335
1,1,0,0,0,0,0,0,1,0,0,0,1,1,0,1,1,0,1,0,1,1,0,0,1,0,0,0,0,1,1,0,1,1,0,0,0,0,harbour_cif.y4m,18.59,18.574,0.078294,0.014352,0.0,24
1,1,1,0,0,0,0,0,0,0,0,0,1,0,1,1,0,1,1,0,1,1,0,1,0,0,0,0,0,1,0,1,1,0,0,1,0,0,harbour_cif.y4m,219.43,218.448,1.494764,0.01616,0.0,352
1,1,0,0,0,0,1,0,0,0,0,0,1,0,1,1,0,0,1,1,0,1,0,0,0,0,0,1,0,1,1,0,0,0,0,0,0,0,harbour_cif.y4m,4.69,4.676,0.076026,0.012483,0.0,368
1,1,1,0,0,0,0,0,0,0,0,0,1,0,1,1,1,1,1,1,0,1,0,1,0,0,0,0,0,1,1,0,0,0,0,0,0,0,harbour_cif.y4m,1.83,1.828,0.028636,0.014255,0.0,80
1,1,0,0,1,0,0,0,0,0,0,0,1,1,0,1,0,0,1,0,1,1,0,1,0,0,0,0,0,1,0,1,0,0,0,0,0,0,harbour_cif.y4m,22.11,22.064,0.123004,0.014607,0.0,121
1,1,0,0,0,0,0,0,0,0,1,0,1,0,1,1,1,1,1,0,1,1,0,0,1,0,0,0,0,1,1,0,1,1,0,0,0,0,harbour_cif.y4m,4.77,4.778,0.022804,0.012278,0.0,156
1,1,0,1,0,0,0,0,0,0,0,0,1,0,1,1,1,1,1,1,0,1,0,0,0,0,0,1,0,1,1,0,1,1,0,0,0,0,harbour_cif.y4m,1.08,1.088,0.023875,0.012339,0.0,9
1,1,0,0,0,0,0,0,0,0,1,0,1,1,0,1,0,0,1,1,0,1,0,0,0,0,1,0,0,1,1,0,1,0,0,0,0,1,harbour_cif.y4m,6.94,6.916,0.06269,0.014666,0.0,165
1,1,0,0,0,0,0,0,0,0,1,0,1,0,1,1,0,0,1,1,0,1,0,1,0,0,0,0,0,1,0,1,1,0,0,0,0,1,harbour_cif.y4m,5.4,5.414,0.039115,0.012755,0.0,126
1,1,0,0,1,0,0,0,0,0,0,0,1,1,0,1,1,1,1,0,1,1,0,0,1,0,0,0,0,1,0,1,1,0,1,0,0,0,harbour_cif.y4m,2.14,2.036,0.15566,0.014256,0.0,280
1,1,0,0,0,0,0,1,0,0,0,0,1,0,1,1,1,1,1,1,0,1,0,1,0,0,0,0,0,1,0,1,1,0,0,0,1,0,harbour_cif.y4m,1.45,1.438,0.115412,0.014035,0.0,172
1,1,0,0,0,0,0,0,0,0,1,0,1,0,1,1,0,1,1,1,0,1,0,0,0,1,0,0,0,1,0,1,0,0,0,0,0,0,harbour_cif.y4m,6.71,6.768,0.099599,0.012094,0.0,292
1,1,0,0,0,0,0,0,0,0,1,0,1,1,0,1,1,1,1,0,1,1,0,0,0,0,0,1,0,1,1,0,0,0,0,0,0,0,harbour_cif.y4m,14.82,14.832,0.094181,0.015702,0.0,105
1,1,0,0,0,1,0,0,0,0,0,0,1,0,1,1,1,1,1,0,1,1,0,0,0,0,0,0,1,1,1,0,1,0,1,0,0,0,harbour_cif.y4m,13.0,12.896,0.250659,0.01357,0.0,76
1,1,0,0,0,1,0,0,0,0,0,0,1,0,1,1,0,0,1,1,0,1,1,0,0,0,0,0,0,1,1,0,1,0,0,0,0,1,harbour_cif.y4m,103.9,103.84,0.384903,0.015715,0.0,221
1,1,0,0,0,0,0,0,0,0,1,0,1,1,0,1,1,0,1,1,0,1,0,0,0,0,1,0,0,1,0,1,1,0,0,0,0,1,harbour_cif.y4m,32.67,32.674,0.039115,0.014227,0.0,167
1,1,0,0,0,0,0,0,0,0,1,0,1,0,1,1,0,1,1,0,1,1,1,0,0,0,0,0,0,1,1,0,1,0,0,0,0,1,harbour_cif.y4m,173.86,173.848,0.235945,0.016997,0.0,35
1,1,0,0,1,0,0,0,0,0,0,0,1,1,0,1,0,0,1,1,0,1,0,1,0,0,0,0,0,1,0,1,1,0,1,0,0,0,harbour_cif.y4m,3.88,3.874,0.024083,0.012383,0.0,235
1,1,0,0,0,0,0,0,0,1,0,0,1,1,0,1,1,1,1,0,1,1,0,0,1,0,0,0,0,1,0,1,1,0,0,0,0,1,harbour_cif.y4m,9.5,9.52,0.063246,0.013582,0.0,333
1,1,0,0,0,0,1,0,0,0,0,0,1,0,1,1,1,1,1,1,0,1,0,1,0,0,0,0,0,1,1,0,0,0,0,0,0,0,harbour_cif.y4m,102.69,102.432,0.450022,0.015797,0.0,44
1,1,0,0,1,0,0,0,0,0,0,0,1,0,1,1,0,1,1,1,0,1,0,1,0,0,0,0,0,1,0,1,1,1,0,0,0,0,harbour_cif.y4m,184.77,184.746,0.361151,0.016233,0.0,256
1,1,0,0,0,0,0,1,0,0,0,0,1,0,1,1,1,0,1,0,1,1,0,1,0,0,0,0,0,1,0,1,1,0,0,0,0,1,harbour_cif.y4m,438.69,438.726,1.077604,0.014604,0.0,192
1,1,0,0,0,0,1,0,0,0,0,0,1,1,0,1,1,1,1,1,0,1,1,0,0,0,0,0,0,1,1,0,1,0,0,0,0,1,harbour_cif.y4m,14.79,14.772,0.109179,0.015854,0.0,41
1,1,0,0,0,0,0,0,0,0,1,0,1,0,1,1,0,1,1,1,0,1,0,0,0,0,0,1,0,1,0,1,1,0,0,0,1,0,harbour_cif.y4m,118.0,117.784,0.611539,0.014518,0.0,273
1,1,0,0,0,0,0,0,0,0,1,0,1,1,0,1,0,1,1,0,1,1,0,0,0,0,0,1,0,1,0,1,0,0,0,0,0,0,harbour_cif.y4m,75.45,75.402,0.247931,0.014042,0.0,101
1,1,0,0,0,0,0,0,0,0,1,0,1,0,1,1,1,1,1,0,1,1,0,0,0,0,1,0,0,1,1,0,1,0,1,0,0,0,harbour_cif.y4m,58.32,58.318,0.139714,0.015851,0.0,242
1,1,0,0,0,0,0,0,0,0,1,0,1,1,0,1,0,1,1,0,1,1,0,0,0,0,0,1,0,1,1,0,0,0,0,0,0,0,harbour_cif.y4m,6.87,6.752,0.188865,0.013603,0.0,103
1,1,1,0,0,0,0,0,0,0,0,0,1,1,0,1,1,0,1,1,0,1,0,1,0,0,0,0,0,1,0,1,0,0,0,0,0,0,harbour_cif.y4m,114.66,114.586,0.154208,0.016344,0.0,1
1,1,0,0,0,0,0,1,0,0,0,0,1,1,0,1,0,0,1,0,1,1,0,0,0,0,0,1,0,1,0,1,1,0,0,0,0,1,harbour_cif.y4m,5.94,5.93,0.04,0.014002,0.0,56
1,1,0,0,1,0,0,0,0,0,0,0,1,0,1,1,0,0,1,0,1,1,0,0,0,0,0,0,1,1,0,1,0,0,0,0,0,0,harbour_cif.y4m,14.79,14.762,0.121532,0.015702,0.0,373
1,1,0,0,0,0,0,0,1,0,0,0,1,1,0,1,1,1,1,0,1,1,0,1,0,0,0,0,0,1,0,1,1,0,1,0,0,0,harbour_cif.y4m,163.79,164.51,1.680372,0.015687,0.0,318
1,1,0,0,0,1,0,0,0,0,0,0,1,1,0,1,0,0,1,1,0,1,0,0,0,0,1,0,0,1,1,0,0,0,0,0,0,0,harbour_cif.y4m,170.09,169.978,0.615362,0.014988,0.0,69
1,1,0,1,0,0,0,0,0,0,0,0,1,0,1,1,0,0,1,1,0,1,0,0,0,0,0,1,0,1,1,0,1,1,0,0,0,0,harbour_cif.y4m,4.6,4.606,0.038471,0.013661,0.0,11
1,1,0,0,1,0,0,0,0,0,0,0,1,0,1,1,0,0,1,1,0,1,0,1,0,0,0,0,0,1,0,1,1,0,0,1,0,0,harbour_cif.y4m,4.6,4.604,0.020736,0.013564,0.0,258
1,1,0,0,0,0,0,0,0,0,1,0,1,0,1,1,0,0,1,1,0,1,0,1,0,0,0,0,0,1,1,0,1,0,1,0,0,0,harbour_cif.y4m,237.86,237.7,0.370135,0.01471,0.0,238
1,1,0,0,0,0,0,1,0,0,0,0,1,0,1,1,1,0,1,1,0,1,1,0,0,0,0,0,0,1,0,1,1,0,0,0,1,0,harbour_cif.y4m,250.36,250.518,0.425171,0.014841,0.0,173
1,1,0,0,0,0,0,1,0,0,0,0,1,0,1,1,0,1,1,0,1,1,0,1,0,0,0,0,0,1,0,1,1,1,0,0,0,0,harbour_cif.y4m,252.82,252.88,0.230326,0.016124,0.0,190
1,1,0,1,0,0,0,0,0,0,0,0,1,0,1,1,1,0,1,1,0,1,0,0,0,0,0,1,0,1,0,1,1,1,0,0,0,0,harbour_cif.y4m,72.71,72.726,0.068044,0.016231,0.0,7
1,1,0,0,0,1,0,0,0,0,0,0,1,0,1,1,1,1,1,0,1,1,0,0,0,0,0,0,1,1,1,0,0,0,0,0,0,0,harbour_cif.y4m,1.88,1.88,0.030822,0.01291,0.0,323
1,1,0,0,0,1,0,0,0,0,0,0,1,0,1,1,0,0,1,0,1,1,0,0,0,0,0,0,1,1,1,0,1,0,0,0,1,0,harbour_cif.y4m,187.22,187.946,3.108188,0.016005,0.0,73
1,1,0,0,0,0,0,0,0,0,1,0,1,0,1,1,1,0,1,0,1,1,0,1,0,0,0,0,0,1,0,1,0,0,0,0,0,0,harbour_cif.y4m,186.35,186.474,0.545738,0.014553,0.0,209
1,1,0,1,0,0,0,0,0,0,0,0,1,1,0,1,1,0,1,0,1,1,1,0,0,0,0,0,0,1,1,0,0,0,0,0,0,0,harbour_cif.y4m,4.68,4.682,0.032711,0.01477,0.0,138
1,1,0,0,0,1,0,0,0,0,0,0,1,1,0,1,1,1,1,1,0,1,0,0,0,0,0,1,0,1,0,1,0,0,0,0,0,0,harbour_cif.y4m,86.9,86.822,0.323991,0.014229,0.0,264
1,1,0,0,0,0,0,0,0,1,0,0,1,0,1,1,0,1,1,0,1,1,0,0,0,0,0,1,0,1,0,1,1,0,0,0,1,0,harbour_cif.y4m,179.93,179.96,0.135277,0.014988,0.0,98
1,1,0,0,0,0,0,0,0,0,1,0,1,1,0,1,0,0,1,0,1,1,0,0,0,0,0,1,0,1,1,0,1,0,0,1,0,0,harbour_cif.y4m,3.98,3.978,0.013038,0.012633,0.0,380
1,1,0,0,1,0,0,0,0,0,0,0,1,1,0,1,1,1,1,1,0,1,0,1,0,0,0,0,0,1,1,0,1,0,1,0,0,0,harbour_cif.y4m,201.79,201.774,0.551752,0.014467,0.0,85
1,1,0,0,0,0,0,0,0,0,1,0,1,0,1,1,0,0,1,0,1,1,1,0,0,0,0,0,0,1,0,1,1,0,0,0,1,0,harbour_cif.y4m,102.35,102.372,0.149064,0.014731,0.0,31
1,1,0,1,0,0,0,0,0,0,0,0,1,0,1,1,1,0,1,1,0,1,0,0,0,0,0,1,0,1,1,0,1,1,0,0,0,0,harbour_cif.y4m,3.53,3.53,0.028284,0.012522,0.0,8
1,1,0,0,1,0,0,0,0,0,0,0,1,1,0,1,1,1,1,1,0,1,1,0,0,0,0,0,0,1,0,1,1,1,0,0,0,0,harbour_cif.y4m,6.31,6.266,0.085615,0.013906,0.0,216
1,1,0,0,1,0,0,0,0,0,0,0,1,1,0,1,1,1,1,0,1,1,0,0,0,1,0,0,0,1,0,1,1,1,0,0,0,0,harbour_cif.y4m,1.86,1.798,0.093915,0.014747,0.0,214
1,1,0,0,0,0,0,0,1,0,0,0,1,1,0,1,0,0,1,1,0,1,0,0,0,0,0,1,0,1,1,0,0,0,0,0,0,0,harbour_cif.y4m,7.36,7.366,0.050794,0.01255,0.0,341
1,1,0,0,1,0,0,0,0,0,0,0,1,1,0,1,0,0,1,1,0,1,0,1,0,0,0,0,0,1,1,0,1,0,1,0,0,0,harbour_cif.y4m,4.48,4.5,0.057879,0.012352,0.0,236
1,1,0,0,0,0,0,0,0,0,1,0,1,0,1,1,0,0,1,0,1,1,0,0,0,0,1,0,0,1,1,0,1,0,1,0,0,0,harbour_cif.y4m,10.1,10.108,0.065345,0.013129,0.0,240
1,1,0,0,0,0,0,1,0,0,0,0,1,0,1,1,0,0,1,0,1,1,0,0,0,1,0,0,0,1,0,1,1,0,0,0,1,0,harbour_cif.y4m,7.08,7.06,0.117686,0.013603,0.0,51
1,1,1,0,0,0,0,0,0,0,0,0,1,0,1,1,1,1,1,0,1,1,0,0,0,0,0,0,1,1,1,0,1,0,1,0,0,0,harbour_cif.y4m,6.05,6.048,0.045497,0.014922,0.0,77
1,1,0,0,0,0,0,0,0,0,1,0,1,0,1,1,1,0,1,1,0,1,0,0,0,0,0,1,0,1,0,1,1,0,0,0,0,1,harbour_cif.y4m,7.07,7.06,0.029155,0.01347,0.0,128
1,1,0,0,1,0,0,0,0,0,0,0,1,1,0,1,0,0,1,1,0,1,0,1,0,0,0,0,0,1,0,1,0,0,0,0,0,0,harbour_cif.y4m,90.09,90.126,0.107842,0.015766,0.0,234
1,1,0,0,0,0,0,0,1,0,0,0,1,0,1,1,1,0,1,0,1,1,0,0,0,0,0,1,0,1,0,1,1,0,0,0,1,0,harbour_cif.y4m,425.4,425.306,2.212155,0.014604,0.0,28
1,1,0,0,1,0,0,0,0,0,0,0,1,1,0,1,1,0,1,0,1,1,1,0,0,0,0,0,0,1,1,0,0,0,0,0,0,0,harbour_cif.y4m,71.75,71.538,0.543388,0.016231,0.0,139
1,1,0,0,0,0,0,0,0,0,1,0,1,0,1,1,1,0,1,1,0,1,0,0,0,0,1,0,0,1,1,0,1,0,1,0,0,0,harbour_cif.y4m,1.65,1.63,0.056125,0.013933,0.0,152
1,1,0,1,0,0,0,0,0,0,0,0,1,0,1,1,0,0,1,1,0,1,0,0,0,0,0,1,0,1,1,0,1,0,0,0,1,0,harbour_cif.y4m,146.21,146.206,0.259769,0.016242,0.0,12
1,1,0,0,0,0,1,0,0,0,0,0,1,0,1,1,0,1,1,1,0,1,0,0,0,0,0,1,0,1,1,0,0,0,0,0,0,0,harbour_cif.y4m,1.64,1.568,0.115195,0.013933,0.0,369
1,1,0,0,0,0,0,0,0,0,0,1,1,1,0,1,1,0,1,0,1,1,0,0,0,0,0,1,0,1,0,1,1,0,0,0,0,1,harbour_cif.y4m,30.59,30.622,0.143597,0.014227,0.0,58
1,1,0,0,0,0,0,0,1,0,0,0,1,1,0,1,1,0,1,1,0,1,1,0,0,0,0,0,0,1,1,0,0,0,0,0,0,0,harbour_cif.y4m,25.76,25.748,0.050695,0.014367,0.0,64
1,1,0,0,0,0,0,0,1,0,0,0,1,1,0,1,1,0,1,1,0,1,0,0,1,0,0,0,0,1,1,0,1,1,0,0,0,0,harbour_cif.y4m,22.22,22.258,0.106864,0.015603,0.0,21
1,1,0,0,0,1,0,0,0,0,0,0,1,0,1,1,1,1,1,0,1,1,0,0,1,0,0,0,0,1,1,0,1,0,0,0,0,1,harbour_cif.y4m,101.38,101.372,0.123976,0.014633,0.0,225
1,1,0,0,0,0,1,0,0,0,0,0,1,0,1,1,1,0,1,1,0,1,0,0,0,0,0,1,0,1,1,0,1,0,0,0,1,0,harbour_cif.y4m,161.6,160.62,2.104079,0.016282,0.0,366
1,1,0,0,0,0,0,1,0,0,0,0,1,0,1,1,1,1,1,0,1,1,0,0,1,0,0,0,0,1,0,1,1,0,0,0,0,1,highway_cif.y4m,24.38,24.368,0.046583,0.003362,0.0,114
1,1,0,0,1,0,0,0,0,0,0,0,1,1,0,1,1,1,1,0,1,1,0,0,1,0,0,0,0,1,1,0,1,0,1,0,0,0,highway_cif.y4m,17.42,17.448,0.08228,0.00309,0.0,281
1,1,0,0,0,1,0,0,0,0,0,0,1,0,1,1,1,0,1,1,0,1,0,0,0,0,0,0,1,1,1,0,1,0,0,1,0,0,highway_cif.y4m,32.42,32.384,0.076681,0.003231,0.0,325
1,1,1,0,0,0,0,0,0,0,0,0,1,1,0,1,1,0,1,1,0,1,0,0,0,0,1,0,0,1,1,0,1,1,0,0,0,0,highway_cif.y4m,26.29,26.296,0.117813,0.002708,0.0,181
1,1,0,0,0,0,0,0,1,0,0,0,1,1,0,1,1,0,1,0,1,1,0,0,1,0,0,0,0,1,1,0,1,0,0,0,0,1,highway_cif.y4m,687.06,683.194,10.965299,0.003321,0.0,247
1,1,0,0,0,0,0,0,0,0,1,0,1,1,0,1,1,0,1,1,0,1,0,0,0,0,1,0,0,1,1,0,1,0,0,0,0,1,highway_cif.y4m,917.31,917.136,0.963525,0.004628,0.0,166
1,1,0,0,0,0,0,0,1,0,0,0,1,1,0,1,1,0,1,0,1,1,0,0,1,0,0,0,0,1,1,0,1,0,0,0,1,0,highway_cif.y4m,23.64,23.638,0.077589,0.002171,0.0,25
1,1,0,0,0,0,0,1,0,0,0,0,1,0,1,1,0,0,1,1,0,1,0,1,0,0,0,0,0,1,0,1,0,0,0,0,0,0,highway_cif.y4m,59.88,59.778,0.267806,0.005799,0.0,355
1,1,0,0,1,0,0,0,0,0,0,0,1,1,0,1,0,0,1,1,0,1,1,0,0,0,0,0,0,1,1,0,1,0,0,0,0,1,highway_cif.y4m,7.95,7.944,0.020736,0.002451,0.0,219
1,1,0,0,0,1,0,0,0,0,0,0,1,1,0,1,1,0,1,1,0,1,0,0,0,0,1,0,0,1,1,0,1,1,0,0,0,0,highway_cif.y4m,59.87,59.95,0.219317,0.005799,0.0,182
1,1,0,1,0,0,0,0,0,0,0,0,1,0,1,1,0,1,1,1,0,1,0,0,0,0,0,1,0,1,1,0,1,1,0,0,0,0,highway_cif.y4m,19.02,19.018,0.042661,0.002782,0.0,10
1,1,0,0,1,0,0,0,0,0,0,0,1,1,0,1,1,0,1,0,1,1,0,0,1,0,0,0,0,1,0,1,1,0,0,0,0,1,highway_cif.y4m,328.82,328.9,0.65643,0.00238,0.0,116
1,1,0,0,0,1,0,0,0,0,0,0,1,1,0,1,1,1,1,0,1,1,0,0,0,0,0,1,0,1,0,1,1,1,0,0,0,0,highway_cif.y4m,40.17,40.124,0.088204,0.003309,0.0,266
1,1,0,0,0,0,0,0,1,0,0,0,1,1,0,1,0,0,1,0,1,1,0,0,1,0,0,0,0,1,1,0,1,0,0,1,0,0,highway_cif.y4m,183.78,183.236,1.235326,0.007371,0.0,313
1,1,0,0,0,0,0,1,0,0,0,0,1,0,1,1,0,0,1,1,0,1,0,0,0,0,0,0,1,1,0,1,0,0,0,0,0,0,highway_cif.y4m,38.47,38.49,0.115758,0.006475,0.0,357
1,1,0,0,0,1,0,0,0,0,0,0,1,0,1,1,0,1,1,0,1,1,1,0,0,0,0,0,0,1,1,0,1,1,0,0,0,0,highway_cif.y4m,13.09,13.096,0.027928,0.006532,0.0,187
1,1,0,0,0,0,0,0,1,0,0,0,1,1,0,1,1,1,1,0,1,1,0,0,1,0,0,0,0,1,1,0,1,1,0,0,0,0,highway_cif.y4m,2013.2,2013.016,0.520317,0.004571,0.0,23
1,1,0,0,1,0,0,0,0,0,0,0,1,1,0,1,1,0,1,1,0,1,0,1,0,0,0,0,0,1,0,1,0,0,0,0,0,0,highway_cif.y4m,206.43,206.562,1.038687,0.002668,0.0,2
1,1,0,0,0,0,0,0,0,0,0,1,1,1,0,1,1,0,1,0,1,1,0,0,0,0,0,1,0,1,1,0,1,1,0,0,0,0,highway_cif.y4m,766.08,766.176,0.897235,0.00335,0.0,301
1,1,0,0,0,0,0,1,0,0,0,0,1,0,1,1,0,1,1,1,0,1,0,1,0,0,0,0,0,1,0,1,0,0,0,0,0,0,highway_cif.y4m,861.15,860.7,5.309793,0.007218,0.0,356
1,1,0,0,0,0,0,0,0,0,1,0,1,1,0,1,0,1,1,0,1,1,0,0,0,0,0,1,0,1,0,1,1,1,0,0,0,0,highway_cif.y4m,48.99,49.004,0.065422,0.005522,0.0,269
1,1,0,0,0,0,0,0,0,0,1,0,1,0,1,1,0,1,1,1,0,1,0,0,1,0,0,0,0,1,0,1,1,0,0,0,1,0,highway_cif.y4m,30.56,31.02,0.690181,0.006496,0.0,274
1,1,0,0,0,0,0,0,0,0,1,0,1,0,1,1,0,1,1,1,0,1,0,0,0,1,0,0,0,1,1,0,1,1,0,0,0,0,highway_cif.y4m,37.58,37.612,0.190971,0.006523,0.0,307
1,1,0,0,1,0,0,0,0,0,0,0,1,0,1,1,0,1,1,1,0,1,0,0,1,0,0,0,0,1,0,1,1,1,0,0,0,0,highway_cif.y4m,119.7,119.718,0.277435,0.002431,0.0,254
1,1,0,0,0,0,0,0,0,0,1,0,1,0,1,1,0,1,1,0,1,1,0,1,0,0,0,0,0,1,0,1,0,0,0,0,0,0,highway_cif.y4m,8.28,8.264,0.032863,0.002593,0.0,208
1,1,0,0,1,0,0,0,0,0,0,0,1,1,0,1,1,1,1,1,0,1,0,0,1,0,0,0,0,1,0,1,1,0,1,0,0,0,highway_cif.y4m,11.55,11.556,0.075697,0.005725,0.0,279
1,1,0,0,0,0,0,1,0,0,0,0,1,1,0,1,1,1,1,1,0,1,0,1,0,0,0,0,0,1,0,1,1,0,0,0,1,0,highway_cif.y4m,33.07,33.132,0.124378,0.00349,0.0,171
1,1,0,0,0,0,0,0,0,1,0,0,1,1,0,1,0,1,1,0,1,1,0,0,0,0,0,1,0,1,0,1,1,0,0,0,1,0,highway_cif.y4m,187.98,188.046,0.253831,0.007371,0.0,99
1,1,1,0,0,0,0,0,0,0,0,0,1,0,1,1,1,1,1,1,0,1,0,1,0,0,0,0,0,1,1,0,1,0,1,0,0,0,highway_cif.y4m,38.65,38.724,0.147241,0.003493,0.0,81
1,1,0,0,0,0,0,0,0,0,1,0,1,0,1,1,1,1,1,0,1,1,0,0,1,0,0,0,0,1,1,0,1,0,1,0,0,0,highway_cif.y4m,13.81,13.826,0.095551,0.003018,0.0,155
1,1,0,0,0,1,0,0,0,0,0,0,1,1,0,1,0,1,1,1,0,1,1,0,0,0,0,0,0,1,1,0,1,1,0,0,0,0,highway_cif.y4m,26.54,26.55,0.200873,0.006523,0.0,185
1,1,0,0,1,0,0,0,0,0,0,0,1,1,0,1,0,0,1,0,1,1,0,0,0,0,0,1,0,1,0,1,0,0,0,0,0,0,highway_cif.y4m,15.56,15.522,0.069426,0.002502,0.0,376
1,1,0,0,0,0,0,0,1,0,0,0,1,1,0,1,0,1,1,0,1,1,0,1,0,0,0,0,0,1,1,0,0,0,0,0,0,0,highway_cif.y4m,5.79,5.798,0.010954,0.002469,0.0,204
1,1,0,0,0,0,0,0,1,0,0,0,1,1,0,1,1,0,1,0,1,1,0,0,0,0,1,0,0,1,1,0,1,0,0,0,0,1,highway_cif.y4m,505.85,505.87,0.697603,0.002722,0.0,246
1,1,0,0,0,0,0,1,0,0,0,0,1,1,0,1,1,1,1,0,1,1,0,0,1,0,0,0,0,1,0,1,0,0,0,0,0,0,highway_cif.y4m,379.3,379.316,0.859029,0.003395,0.0,230
1,1,0,0,0,0,0,0,1,0,0,0,1,0,1,1,1,0,1,0,1,1,0,0,0,0,0,1,0,1,1,0,1,0,0,0,1,0,highway_cif.y4m,491.62,491.048,1.935709,0.008013,0.0,27
1,1,0,1,0,0,0,0,0,0,0,0,1,1,0,1,1,1,1,0,1,1,1,0,0,0,0,0,0,1,1,0,0,0,0,0,0,0,highway_cif.y4m,24.68,24.652,0.178101,0.003073,0.0,137
1,1,0,0,0,0,0,0,0,0,1,0,1,1,0,1,1,1,1,1,0,1,0,0,0,0,1,0,0,1,0,1,1,0,0,0,1,0,highway_cif.y4m,29.56,29.604,0.099398,0.006249,0.0,169
1,1,0,0,0,0,0,0,0,0,1,0,1,0,1,1,0,1,1,0,1,1,1,0,0,0,0,0,0,1,0,1,1,0,0,0,0,1,highway_cif.y4m,673.05,672.586,1.398867,0.003342,0.0,33
1,1,0,0,0,0,0,0,1,0,0,0,1,0,1,1,0,1,1,0,1,1,0,1,0,0,0,0,0,1,1,0,0,0,0,0,0,0,highway_cif.y4m,169.58,169.29,0.694118,0.007638,0.0,205
1,1,0,0,0,0,0,0,0,0,1,0,1,1,0,1,1,0,1,0,1,1,0,0,0,0,1,0,0,1,1,0,1,0,0,0,0,1,highway_cif.y4m,27.46,27.474,0.127789,0.003194,0.0,245
1,1,1,0,0,0,0,0,0,0,0,0,1,1,0,1,0,0,1,1,0,1,0,0,1,0,0,0,0,1,1,0,1,0,0,0,0,1,highway_cif.y4m,24.68,24.71,0.09,0.002338,0.0,163
1,1,0,0,1,0,0,0,0,0,0,0,1,1,0,1,1,0,1,1,0,1,1,0,0,0,0,0,0,1,0,1,1,1,0,0,0,0,highway_cif.y4m,15.38,15.388,0.062209,0.002502,0.0,4
1,1,0,0,1,0,0,0,0,0,0,0,1,1,0,1,0,0,1,0,1,1,1,0,0,0,0,0,0,1,1,0,1,0,0,0,1,0,highway_cif.y4m,14.83,14.816,0.073348,0.005725,0.0,141
1,1,1,0,0,0,0,0,0,0,0,0,1,1,0,1,1,1,1,0,1,1,0,0,1,0,0,0,0,1,1,0,1,1,0,0,0,0,highway_cif.y4m,755.34,755.412,0.696649,0.002862,0.0,159
1,1,0,0,0,0,0,0,1,0,0,0,1,1,0,1,0,1,1,0,1,1,0,0,1,0,0,0,0,1,0,1,1,0,0,0,0,1,highway_cif.y4m,67.59,67.632,0.259557,0.006407,0.0,336
1,1,0,0,0,1,0,0,0,0,0,0,1,1,0,1,0,0,1,0,1,1,0,0,0,0,0,0,1,1,1,0,1,0,0,0,1,0,highway_cif.y4m,229.89,229.082,1.686763,0.003163,0.0,72
1,1,0,0,0,0,0,0,1,0,0,0,1,1,0,1,1,0,1,1,0,1,0,0,1,0,0,0,0,1,1,0,1,0,0,0,0,1,highway_cif.y4m,20.34,20.372,0.073621,0.003251,0.0,248
1,1,0,1,0,0,0,0,0,0,0,0,1,0,1,1,1,1,1,1,0,1,0,0,0,0,0,1,0,1,0,1,1,0,0,0,0,1,highway_cif.y4m,667.38,661.894,7.713312,0.002674,0.0,130
1,1,0,0,0,1,0,0,0,0,0,0,1,0,1,1,1,1,1,1,0,1,0,0,0,0,0,0,1,1,1,0,0,0,0,0,0,0,highway_cif.y4m,1081.73,1081.466,0.411619,0.004739,0.0,324
1,1,1,0,0,0,0,0,0,0,0,0,1,0,1,1,0,1,1,1,0,1,0,1,0,0,0,0,0,1,0,1,0,0,0,0,0,0,highway_cif.y4m,720.06,719.994,0.850488,0.007966,0.0,354
1,1,0,0,0,0,0,0,0,0,1,0,1,0,1,1,0,0,1,1,0,1,0,0,0,1,0,0,0,1,0,1,0,0,0,0,0,0,highway_cif.y4m,439.95,439.72,0.971442,0.002303,0.0,291
1,1,0,0,0,0,0,0,0,0,1,0,1,1,0,1,0,0,1,1,0,1,0,1,0,0,0,0,0,1,1,0,1,0,1,0,0,0,highway_cif.y4m,9.52,9.552,0.080125,0.002311,0.0,237
1,1,0,0,0,1,0,0,0,0,0,0,1,1,0,1,1,0,1,1,0,1,1,0,0,0,0,0,0,1,1,0,1,1,0,0,0,0,highway_cif.y4m,17.04,17.056,0.041593,0.003143,0.0,183
1,1,0,0,0,1,0,0,0,0,0,0,1,0,1,1,1,1,1,0,1,1,0,0,1,0,0,0,0,1,0,1,0,0,0,0,0,0,highway_cif.y4m,11.73,11.706,0.075033,0.002628,0.0,227
1,1,0,0,0,0,0,0,1,0,0,0,1,1,0,1,0,1,1,0,1,1,0,0,0,0,0,1,0,1,0,1,0,0,0,0,0,0,highway_cif.y4m,27.77,28.182,0.620137,0.00278,0.0,338
1,1,0,0,1,0,0,0,0,0,0,0,1,0,1,1,0,0,1,0,1,1,1,0,0,0,0,0,0,1,1,0,1,0,0,0,1,0,highway_cif.y4m,102.7,102.746,0.140641,0.003188,0.0,142
1,1,0,0,1,0,0,0,0,0,0,0,1,1,0,1,1,1,1,0,1,1,0,0,1,0,0,0,0,1,1,0,1,0,0,0,0,1,highway_cif.y4m,78.3,78.346,0.11908,0.005535,0.0,332
1,1,0,0,0,0,0,0,0,1,0,0,1,0,1,1,0,0,1,1,0,1,0,0,0,0,1,0,0,1,0,1,1,0,0,0,1,0,highway_cif.y4m,655.87,656.044,0.598774,0.00243,0.0,95
1,1,0,0,1,0,0,0,0,0,0,0,1,0,1,1,0,0,1,0,1,1,0,0,0,1,0,0,0,1,0,1,0,0,0,0,0,0,highway_cif.y4m,57.7,57.686,0.058138,0.005943,0.0,289
1,1,0,0,1,0,0,0,0,0,0,0,1,1,0,1,0,0,1,0,1,1,0,0,0,0,0,1,0,1,0,1,1,0,0,1,0,0,highway_cif.y4m,8.7,8.7,0.061237,0.002311,0.0,378
1,1,0,0,1,0,0,0,0,0,0,0,1,1,0,1,1,1,1,1,0,1,0,0,1,0,0,0,0,1,0,1,1,0,0,0,1,0,highway_cif.y4m,220.51,220.658,0.626833,0.003138,0.0,278
1,1,0,0,0,0,0,0,0,0,1,0,1,0,1,1,1,0,1,0,1,1,1,0,0,0,0,0,0,1,0,1,1,0,0,0,1,0,highway_cif.y4m,42.32,42.286,0.085907,0.005827,0.0,30
1,1,0,0,1,0,0,0,0,0,0,0,1,1,0,1,0,0,1,0,1,1,0,1,0,0,0,0,0,1,0,1,1,0,0,0,0,1,highway_cif.y4m,9.22,9.214,0.015166,0.002821,0.0,120
1,1,0,0,0,1,0,0,0,0,0,0,1,1,0,1,1,1,1,0,1,1,0,0,0,0,0,1,0,1,0,1,0,0,0,0,0,0,highway_cif.y4m,12.37,12.354,0.04669,0.002557,0.0,265
1,1,0,0,0,0,0,0,0,0,1,0,1,1,0,1,1,0,1,1,0,1,0,0,0,0,0,1,0,1,0,1,0,0,0,0,0,0,highway_cif.y4m,25.23,25.248,0.064962,0.002419,0.0,296
1,1,0,0,0,0,0,1,0,0,0,0,1,1,0,1,1,1,1,1,0,1,0,1,0,0,0,0,0,1,0,1,0,0,0,0,0,0,highway_cif.y4m,52.14,51.87,0.440908,0.002711,0.0,232
1,1,0,0,0,0,0,0,0,0,1,0,1,0,1,1,0,0,1,1,0,1,0,0,1,0,0,0,0,1,1,0,1,0,0,1,0,0,highway_cif.y4m,39.57,39.598,0.091214,0.006394,0.0,310
1,1,0,0,0,0,0,1,0,0,0,0,1,0,1,1,1,1,1,0,1,1,0,0,0,0,0,1,0,1,0,1,1,0,0,1,0,0,highway_cif.y4m,691.63,691.542,0.477253,0.004659,0.0,349
1,1,0,0,1,0,0,0,0,0,0,0,1,1,0,1,0,1,1,0,1,1,0,0,0,0,0,1,0,1,0,1,0,0,0,0,0,0,highway_cif.y4m,29.75,29.744,0.039115,0.005797,0.0,377
1,1,0,0,0,0,0,0,0,1,0,0,1,0,1,1,1,1,1,1,0,1,0,0,0,0,1,0,0,1,0,1,1,0,0,0,1,0,highway_cif.y4m,763.65,763.454,0.604343,0.003345,0.0,94
1,1,1,0,0,0,0,0,0,0,0,0,1,1,0,1,1,0,1,0,1,1,1,0,0,0,0,0,0,1,0,1,1,1,0,0,0,0,highway_cif.y4m,37.65,37.678,0.106395,0.006523,0.0,178
1,1,0,0,0,0,0,0,0,0,1,0,1,0,1,1,0,0,1,1,0,1,0,0,0,0,0,1,0,1,0,1,1,0,0,0,0,1,highway_cif.y4m,37.49,37.488,0.046043,0.005803,0.0,127
1,1,0,0,0,0,0,1,0,0,0,0,1,0,1,1,1,0,1,0,1,1,0,0,0,1,0,0,0,1,0,1,1,0,0,0,1,0,highway_cif.y4m,10.38,10.396,0.032863,0.002289,0.0,111
1,1,1,0,0,0,0,0,0,0,0,0,1,0,1,1,0,1,1,1,0,1,0,1,0,0,0,0,0,1,0,1,1,0,0,1,0,0,highway_cif.y4m,28.85,28.85,0.05831,0.004665,0.0,353
1,1,0,0,0,0,1,0,0,0,0,0,1,0,1,1,1,1,1,1,0,1,0,1,0,0,0,0,0,1,1,0,1,0,0,0,1,0,highway_cif.y4m,25.6,25.634,0.071274,0.002782,0.0,45
1,1,0,0,0,1,0,0,0,0,0,0,1,0,1,1,1,1,1,0,1,1,0,0,1,0,0,0,0,1,1,0,0,0,0,0,0,0,highway_cif.y4m,9.14,9.092,0.124378,0.002709,0.0,226
1,1,0,0,0,0,0,0,0,0,0,1,1,1,0,1,1,0,1,0,1,1,0,0,0,0,0,1,0,1,1,0,1,0,0,0,0,1,highway_cif.y4m,31.94,31.896,0.10139,0.002681,0.0,59
1,1,0,0,0,0,0,0,1,0,0,0,1,1,0,1,1,1,1,1,0,1,1,0,0,0,0,0,0,1,0,1,1,1,0,0,0,0,highway_cif.y4m,234.32,234.126,1.00704,0.002668,0.0,19
1,1,0,0,0,0,0,0,0,0,0,1,1,1,0,1,0,1,1,0,1,1,0,0,0,1,0,0,0,1,1,0,1,1,0,0,0,0,highway_cif.y4m,135.3,135.2,0.276134,0.003237,0.0,304
1,1,0,0,0,0,0,0,1,0,0,0,1,0,1,1,0,1,1,0,1,1,0,1,0,0,0,0,0,1,0,1,0,0,0,0,0,0,highway_cif.y4m,19.92,19.92,0.073144,0.003251,0.0,207
1,1,0,0,0,0,1,0,0,0,0,0,1,1,0,1,1,1,1,1,0,1,0,1,0,0,0,0,0,1,1,0,0,0,0,0,0,0,highway_cif.y4m,988.36,989.142,2.94093,0.002682,0.0,43
1,1,0,0,0,0,1,0,0,0,0,0,1,1,0,1,1,0,1,1,0,1,1,0,0,0,0,0,0,1,1,0,1,0,0,0,0,1,highway_cif.y4m,11.73,11.746,0.037815,0.002225,0.0,40
1,1,0,0,0,1,0,0,0,0,0,0,1,0,1,1,0,1,1,1,0,1,1,0,0,0,0,0,0,1,1,0,1,1,0,0,0,0,highway_cif.y4m,948.75,949.084,0.73156,0.0048,0.0,186
1,1,0,0,1,0,0,0,0,0,0,0,1,0,1,1,0,0,1,0,1,1,0,0,0,1,0,0,0,1,0,1,1,0,0,0,0,1,highway_cif.y4m,14.98,14.998,0.074632,0.002864,0.0,288
1,1,1,0,0,0,0,0,0,0,0,0,1,1,0,1,1,0,1,1,0,1,0,1,0,0,0,0,0,1,1,0,1,0,1,0,0,0,highway_cif.y4m,25.98,26.004,0.113049,0.002708,0.0,82
1,1,0,0,0,0,0,0,0,0,1,0,1,0,1,1,1,1,1,0,1,1,0,0,0,1,0,0,0,1,0,1,0,0,0,0,0,0,highway_cif.y4m,22.52,22.502,0.040866,0.003355,0.0,211
1,1,0,0,1,0,0,0,0,0,0,0,1,0,1,1,1,1,1,0,1,1,0,0,0,0,0,1,0,1,1,0,1,0,0,1,0,0,highway_cif.y4m,518.6,518.54,0.447828,0.002722,0.0,347
1,1,0,1,0,0,0,0,0,0,0,0,1,0,1,1,0,0,1,1,0,1,1,0,0,0,0,0,0,1,1,0,1,0,0,0,1,0,highway_cif.y4m,48.51,48.552,0.166193,0.002345,0.0,13
1,1,0,0,0,0,0,1,0,0,0,0,1,0,1,1,1,1,1,0,1,1,0,0,1,0,0,0,0,1,0,1,0,0,0,0,0,0,highway_cif.y4m,1471.6,1471.796,0.537987,0.002389,0.0,228
1,1,0,0,0,0,0,0,0,1,0,0,1,1,0,1,0,1,1,0,1,1,0,0,1,0,0,0,0,1,0,1,1,0,0,0,0,1,highway_cif.y4m,33.88,33.882,0.043818,0.00349,0.0,335
1,1,0,0,0,0,0,0,1,0,0,0,1,1,0,1,1,0,1,0,1,1,0,0,1,0,0,0,0,1,1,0,1,1,0,0,0,0,highway_cif.y4m,124.33,124.418,0.317836,0.004753,0.0,24
1,1,1,0,0,0,0,0,0,0,0,0,1,0,1,1,0,1,1,0,1,1,0,1,0,0,0,0,0,1,0,1,1,0,0,1,0,0,highway_cif.y4m,1485.91,1485.388,1.40106,0.007865,0.0,352
1,1,0,0,0,0,1,0,0,0,0,0,1,0,1,1,0,0,1,1,0,1,0,0,0,0,0,1,0,1,1,0,0,0,0,0,0,0,highway_cif.y4m,23.69,23.688,0.029496,0.003307,0.0,368
1,1,1,0,0,0,0,0,0,0,0,0,1,0,1,1,1,1,1,1,0,1,0,1,0,0,0,0,0,1,1,0,0,0,0,0,0,0,highway_cif.y4m,9.22,9.24,0.205548,0.002713,0.0,80
1,1,0,0,1,0,0,0,0,0,0,0,1,1,0,1,0,0,1,0,1,1,0,1,0,0,0,0,0,1,0,1,0,0,0,0,0,0,highway_cif.y4m,132.12,132.1,0.240728,0.002746,0.0,121
1,1,0,0,0,0,0,0,0,0,1,0,1,0,1,1,1,1,1,0,1,1,0,0,1,0,0,0,0,1,1,0,1,1,0,0,0,0,highway_cif.y4m,19.61,19.598,0.031145,0.003073,0.0,156
1,1,0,1,0,0,0,0,0,0,0,0,1,0,1,1,1,1,1,1,0,1,0,0,0,0,0,1,0,1,1,0,1,1,0,0,0,0,highway_cif.y4m,5.52,5.516,0.015166,0.00229,0.0,9
1,1,0,0,0,0,0,0,0,0,1,0,1,1,0,1,0,0,1,1,0,1,0,0,0,0,1,0,0,1,1,0,1,0,0,0,0,1,highway_cif.y4m,24.0,24.03,0.077782,0.003194,0.0,165
1,1,0,0,0,0,0,0,0,0,1,0,1,0,1,1,0,0,1,1,0,1,0,1,0,0,0,0,0,1,0,1,1,0,0,0,0,1,highway_cif.y4m,28.6,28.62,0.067823,0.003329,0.0,126
1,1,0,0,1,0,0,0,0,0,0,0,1,1,0,1,1,1,1,0,1,1,0,0,1,0,0,0,0,1,0,1,1,0,1,0,0,0,highway_cif.y4m,9.1,9.494,0.561854,0.002713,0.0,280
1,1,0,0,0,0,0,1,0,0,0,0,1,0,1,1,1,1,1,1,0,1,0,1,0,0,0,0,0,1,0,1,1,0,0,0,1,0,highway_cif.y4m,8.23,8.698,0.677916,0.007589,0.0,172
1,1,0,0,0,0,0,0,0,0,1,0,1,0,1,1,0,1,1,1,0,1,0,0,0,1,0,0,0,1,0,1,0,0,0,0,0,0,highway_cif.y4m,44.13,44.158,0.208734,0.006455,0.0,292
1,1,0,0,0,0,0,0,0,0,1,0,1,1,0,1,1,1,1,0,1,1,0,0,0,0,0,1,0,1,1,0,0,0,0,0,0,0,highway_cif.y4m,79.24,79.214,0.132401,0.002473,0.0,105
1,1,0,0,0,1,0,0,0,0,0,0,1,0,1,1,1,1,1,0,1,1,0,0,0,0,0,0,1,1,1,0,1,0,1,0,0,0,highway_cif.y4m,75.02,74.962,0.115629,0.005769,0.0,76
1,1,0,0,0,1,0,0,0,0,0,0,1,0,1,1,0,0,1,1,0,1,1,0,0,0,0,0,0,1,1,0,1,0,0,0,0,1,highway_cif.y4m,492.21,492.054,0.777772,0.002356,0.0,221
1,1,0,0,0,0,0,0,0,0,1,0,1,1,0,1,1,0,1,1,0,1,0,0,0,0,1,0,0,1,0,1,1,0,0,0,0,1,highway_cif.y4m,203.6,203.688,0.25024,0.004699,0.0,167
1,1,0,0,0,0,0,0,0,0,1,0,1,0,1,1,0,1,1,0,1,1,1,0,0,0,0,0,0,1,1,0,1,0,0,0,0,1,highway_cif.y4m,1147.63,1147.93,1.379076,0.00377,0.0,35
1,1,0,0,1,0,0,0,0,0,0,0,1,1,0,1,0,0,1,1,0,1,0,1,0,0,0,0,0,1,0,1,1,0,1,0,0,0,highway_cif.y4m,18.31,18.33,0.086891,0.003132,0.0,235
1,1,0,0,0,0,0,0,0,1,0,0,1,1,0,1,1,1,1,0,1,1,0,0,1,0,0,0,0,1,0,1,1,0,0,0,0,1,highway_cif.y4m,55.59,55.57,0.053385,0.005965,0.0,333
1,1,0,0,0,0,1,0,0,0,0,0,1,0,1,1,1,1,1,1,0,1,0,1,0,0,0,0,0,1,1,0,0,0,0,0,0,0,highway_cif.y4m,501.97,501.708,0.372854,0.002364,0.0,44
1,1,0,0,1,0,0,0,0,0,0,0,1,0,1,1,0,1,1,1,0,1,0,1,0,0,0,0,0,1,0,1,1,1,0,0,0,0,highway_cif.y4m,966.25,966.624,1.142335,0.003373,0.0,256
1,1,0,0,0,0,0,1,0,0,0,0,1,0,1,1,1,0,1,0,1,1,0,1,0,0,0,0,0,1,0,1,1,0,0,0,0,1,highway_cif.y4m,3165.07,3165.028,1.047363,0.004946,0.0,192
1,1,0,0,0,0,1,0,0,0,0,0,1,1,0,1,1,1,1,1,0,1,1,0,0,0,0,0,0,1,1,0,1,0,0,0,0,1,highway_cif.y4m,78.04,77.986,0.272085,0.003261,0.0,41
1,1,0,0,0,0,0,0,0,0,1,0,1,0,1,1,0,1,1,1,0,1,0,0,0,0,0,1,0,1,0,1,1,0,0,0,1,0,highway_cif.y4m,731.95,731.174,2.121398,0.007046,0.0,273
1,1,0,0,0,0,0,0,0,0,1,0,1,1,0,1,0,1,1,0,1,1,0,0,0,0,0,1,0,1,0,1,0,0,0,0,0,0,highway_cif.y4m,475.96,475.642,1.208168,0.007286,0.0,101
1,1,0,0,0,0,0,0,0,0,1,0,1,0,1,1,1,1,1,0,1,1,0,0,0,0,1,0,0,1,1,0,1,0,1,0,0,0,highway_cif.y4m,311.74,311.53,0.579655,0.00238,0.0,242
1,1,0,0,0,0,0,0,0,0,1,0,1,1,0,1,0,1,1,0,1,1,0,0,0,0,0,1,0,1,1,0,0,0,0,0,0,0,highway_cif.y4m,31.54,31.534,0.068775,0.006496,0.0,103
1,1,1,0,0,0,0,0,0,0,0,0,1,1,0,1,1,0,1,1,0,1,0,1,0,0,0,0,0,1,0,1,0,0,0,0,0,0,highway_cif.y4m,579.44,579.18,1.07861,0.003425,0.0,1
1,1,0,0,0,0,0,1,0,0,0,0,1,1,0,1,0,0,1,0,1,1,0,0,0,0,0,1,0,1,0,1,1,0,0,0,0,1,highway_cif.y4m,29.14,29.194,0.108536,0.004665,0.0,56
1,1,0,0,1,0,0,0,0,0,0,0,1,0,1,1,0,0,1,0,1,1,0,0,0,0,0,0,1,1,0,1,0,0,0,0,0,0,highway_cif.y4m,81.27,81.232,0.102811,0.002473,0.0,373
1,1,0,0,0,0,0,0,1,0,0,0,1,1,0,1,1,1,1,0,1,1,0,1,0,0,0,0,0,1,0,1,1,0,1,0,0,0,highway_cif.y4m,759.48,759.48,2.125465,0.002287,0.0,318
1,1,0,0,0,1,0,0,0,0,0,0,1,1,0,1,0,0,1,1,0,1,0,0,0,0,1,0,0,1,1,0,0,0,0,0,0,0,highway_cif.y4m,1022.38,1022.604,1.628444,0.002901,0.0,69
1,1,0,1,0,0,0,0,0,0,0,0,1,0,1,1,0,0,1,1,0,1,0,0,0,0,0,1,0,1,1,0,1,1,0,0,0,0,highway_cif.y4m,26.42,26.446,0.109681,0.005778,0.0,11
1,1,0,0,1,0,0,0,0,0,0,0,1,0,1,1,0,0,1,1,0,1,0,1,0,0,0,0,0,1,0,1,1,0,0,1,0,0,highway_cif.y4m,16.66,16.642,0.066858,0.002578,0.0,258
1,1,0,0,0,0,0,0,0,0,1,0,1,0,1,1,0,0,1,1,0,1,0,1,0,0,0,0,0,1,1,0,1,0,1,0,0,0,highway_cif.y4m,1945.26,1945.498,0.61349,0.004997,0.0,238
1,1,0,0,0,0,0,1,0,0,0,0,1,0,1,1,1,0,1,1,0,1,1,0,0,0,0,0,0,1,0,1,1,0,0,0,1,0,highway_cif.y4m,1298.33,1298.726,0.908807,0.002847,0.0,173
1,1,0,0,0,0,0,1,0,0,0,0,1,0,1,1,0,1,1,0,1,1,0,1,0,0,0,0,0,1,0,1,1,1,0,0,0,0,highway_cif.y4m,1038.81,1038.344,5.90373,0.003296,0.0,190
1,1,0,1,0,0,0,0,0,0,0,0,1,0,1,1,1,0,1,1,0,1,0,0,0,0,0,1,0,1,0,1,1,1,0,0,0,0,highway_cif.y4m,385.9,386.058,0.451575,0.003372,0.0,7
1,1,0,0,0,1,0,0,0,0,0,0,1,0,1,1,1,1,1,0,1,1,0,0,0,0,0,0,1,1,1,0,0,0,0,0,0,0,highway_cif.y4m,11.58,11.568,0.101833,0.002593,0.0,323
1,1,0,0,0,1,0,0,0,0,0,0,1,0,1,1,0,0,1,0,1,1,0,0,0,0,0,0,1,1,1,0,1,0,0,0,1,0,highway_cif.y4m,979.39,971.618,14.638583,0.003242,0.0,73
1,1,0,0,0,0,0,0,0,0,1,0,1,0,1,1,1,0,1,0,1,1,0,1,0,0,0,0,0,1,0,1,0,0,0,0,0,0,highway_cif.y4m,814.29,813.798,2.713802,0.002682,0.0,209
1,1,0,1,0,0,0,0,0,0,0,0,1,1,0,1,1,0,1,0,1,1,1,0,0,0,0,0,0,1,1,0,0,0,0,0,0,0,highway_cif.y4m,17.93,17.954,0.058992,0.003238,0.0,138
1,1,0,0,0,1,0,0,0,0,0,0,1,1,0,1,1,1,1,1,0,1,0,0,0,0,0,1,0,1,0,1,0,0,0,0,0,0,highway_cif.y4m,484.1,483.992,0.352661,0.004759,0.0,264
1,1,0,0,0,0,0,0,0,1,0,0,1,0,1,1,0,1,1,0,1,1,0,0,0,0,0,1,0,1,0,1,1,0,0,0,1,0,highway_cif.y4m,1143.68,1143.26,1.944736,0.002901,0.0,98
1,1,0,0,0,0,0,0,0,0,1,0,1,1,0,1,0,0,1,0,1,1,0,0,0,0,0,1,0,1,1,0,1,0,0,1,0,0,highway_cif.y4m,21.34,21.444,0.248455,0.003342,0.0,380
1,1,0,0,1,0,0,0,0,0,0,0,1,1,0,1,1,1,1,1,0,1,0,1,0,0,0,0,0,1,1,0,1,0,1,0,0,0,highway_cif.y4m,906.94,908.276,3.075342,0.006973,0.0,85
1,1,0,0,0,0,0,0,0,0,1,0,1,0,1,1,0,0,1,0,1,1,1,0,0,0,0,0,0,1,0,1,1,0,0,0,1,0,highway_cif.y4m,502.14,502.094,1.130146,0.002735,0.0,31
1,1,0,1,0,0,0,0,0,0,0,0,1,0,1,1,1,0,1,1,0,1,0,0,0,0,0,1,0,1,1,0,1,1,0,0,0,0,highway_cif.y4m,14.0,13.99,0.023452,0.002225,0.0,8
1,1,0,0,1,0,0,0,0,0,0,0,1,1,0,1,1,1,1,1,0,1,1,0,0,0,0,0,0,1,0,1,1,1,0,0,0,0,highway_cif.y4m,34.67,34.69,0.05831,0.00278,0.0,216
1,1,0,0,1,0,0,0,0,0,0,0,1,1,0,1,1,1,1,0,1,1,0,0,0,1,0,0,0,1,0,1,1,1,0,0,0,0,highway_cif.y4m,6.89,6.834,0.136492,0.002821,0.0,214
1,1,0,0,0,0,0,0,1,0,0,0,1,1,0,1,0,0,1,1,0,1,0,0,0,0,0,1,0,1,1,0,0,0,0,0,0,0,highway_cif.y4m,42.81,42.662,0.242219,0.003277,0.0,341
1,1,0,0,1,0,0,0,0,0,0,0,1,1,0,1,0,0,1,1,0,1,0,1,0,0,0,0,0,1,1,0,1,0,1,0,0,0,highway_cif.y4m,26.13,26.192,0.129692,0.006755,0.0,236
1,1,0,0,0,0,0,0,0,0,1,0,1,0,1,1,0,0,1,0,1,1,0,0,0,0,1,0,0,1,1,0,1,0,1,0,0,0,highway_cif.y4m,49.17,49.182,0.068337,0.006607,0.0,240
1,1,0,0,0,0,0,1,0,0,0,0,1,0,1,1,0,0,1,0,1,1,0,0,0,1,0,0,0,1,0,1,1,0,0,0,1,0,highway_cif.y4m,41.83,41.83,0.162788,0.006496,0.0,51
1,1,1,0,0,0,0,0,0,0,0,0,1,0,1,1,1,1,1,0,1,1,0,0,0,0,0,0,1,1,1,0,1,0,1,0,0,0,highway_cif.y4m,27.99,27.996,0.018166,0.00243,0.0,77
1,1,0,0,0,0,0,0,0,0,1,0,1,0,1,1,1,0,1,1,0,1,0,0,0,0,0,1,0,1,0,1,1,0,0,0,0,1,highway_cif.y4m,21.23,21.21,0.069282,0.00253,0.0,128
1,1,0,0,1,0,0,0,0,0,0,0,1,1,0,1,0,0,1,1,0,1,0,1,0,0,0,0,0,1,0,1,0,0,0,0,0,0,highway_cif.y4m,465.97,465.742,0.730733,0.002305,0.0,234
1,1,0,0,0,0,0,0,1,0,0,0,1,0,1,1,1,0,1,0,1,1,0,0,0,0,0,1,0,1,0,1,1,0,0,0,1,0,highway_cif.y4m,3290.59,3290.652,0.241185,0.004946,0.0,28
1,1,0,0,1,0,0,0,0,0,0,0,1,1,0,1,1,0,1,0,1,1,1,0,0,0,0,0,0,1,1,0,0,0,0,0,0,0,highway_cif.y4m,376.39,375.766,1.446731,0.003372,0.0,139
1,1,0,0,0,0,0,0,0,0,1,0,1,0,1,1,1,0,1,1,0,1,0,0,0,0,1,0,0,1,1,0,1,0,1,0,0,0,highway_cif.y4m,6.17,6.162,0.042071,0.002469,0.0,152
1,1,0,1,0,0,0,0,0,0,0,0,1,0,1,1,0,0,1,1,0,1,0,0,0,0,0,1,0,1,1,0,1,0,0,0,1,0,highway_cif.y4m,940.28,939.95,0.723706,0.007926,0.0,12
1,1,0,0,0,0,1,0,0,0,0,0,1,0,1,1,0,1,1,1,0,1,0,0,0,0,0,1,0,1,1,0,0,0,0,0,0,0,highway_cif.y4m,5.81,5.804,0.013416,0.002469,0.0,369
1,1,0,0,0,0,0,0,0,0,0,1,1,1,0,1,1,0,1,0,1,1,0,0,0,0,0,1,0,1,0,1,1,0,0,0,0,1,highway_cif.y4m,203.2,203.202,0.139535,0.004699,0.0,58
1,1,0,0,0,0,0,0,1,0,0,0,1,1,0,1,1,0,1,1,0,1,1,0,0,0,0,0,0,1,1,0,0,0,0,0,0,0,highway_cif.y4m,199.26,198.966,0.677259,0.007371,0.0,64
1,1,0,0,0,0,0,0,1,0,0,0,1,1,0,1,1,0,1,1,0,1,0,0,1,0,0,0,0,1,1,0,1,1,0,0,0,0,highway_cif.y4m,114.99,115.014,0.088487,0.002392,0.0,21
1,1,0,0,0,1,0,0,0,0,0,0,1,0,1,1,1,1,1,0,1,1,0,0,1,0,0,0,0,1,1,0,1,0,0,0,0,1,highway_cif.y4m,482.61,482.226,1.433189,0.002722,0.0,225
1,1,0,0,0,0,1,0,0,0,0,0,1,0,1,1,1,0,1,1,0,1,0,0,0,0,0,1,0,1,1,0,1,0,0,0,1,0,highway_cif.y4m,862.38,860.238,9.560584,0.003341,0.0,366
1,1,0,0,0,0,0,1,0,0,0,0,1,0,1,1,1,1,1,0,1,1,0,0,1,0,0,0,0,1,0,1,1,0,0,0,0,1,husky_cif.y4m,6.21,6.2,0.029155,0.041659,0.0,114
1,1,0,0,1,0,0,0,0,0,0,0,1,1,0,1,1,1,1,0,1,1,0,0,1,0,0,0,0,1,1,0,1,0,1,0,0,0,husky_cif.y4m,6.74,6.764,0.069138,0.040764,0.0,281
1,1,0,0,0,1,0,0,0,0,0,0,1,0,1,1,1,0,1,1,0,1,0,0,0,0,0,0,1,1,1,0,1,0,0,1,0,0,husky_cif.y4m,8.69,8.684,0.024083,0.040901,0.0,325
1,1,1,0,0,0,0,0,0,0,0,0,1,1,0,1,1,0,1,1,0,1,0,0,0,0,1,0,0,1,1,0,1,1,0,0,0,0,husky_cif.y4m,7.59,7.596,0.008944,0.039997,0.0,181
1,1,0,0,0,0,0,0,1,0,0,0,1,1,0,1,1,0,1,0,1,1,0,0,1,0,0,0,0,1,1,0,1,0,0,0,0,1,husky_cif.y4m,249.91,248.968,1.622905,0.046916,0.0,247
1,1,0,0,0,0,0,0,0,0,1,0,1,1,0,1,1,0,1,1,0,1,0,0,0,0,1,0,0,1,1,0,1,0,0,0,0,1,husky_cif.y4m,318.96,318.758,0.420797,0.034116,0.0,166
1,1,0,0,0,0,0,0,1,0,0,0,1,1,0,1,1,0,1,0,1,1,0,0,1,0,0,0,0,1,1,0,1,0,0,0,1,0,husky_cif.y4m,14.68,14.64,0.093808,0.049718,0.0,25
1,1,0,0,0,0,0,1,0,0,0,0,1,0,1,1,0,0,1,1,0,1,0,1,0,0,0,0,0,1,0,1,0,0,0,0,0,0,husky_cif.y4m,12.05,12.17,0.204817,0.033416,0.0,355
1,1,0,0,1,0,0,0,0,0,0,0,1,1,0,1,0,0,1,1,0,1,1,0,0,0,0,0,0,1,1,0,1,0,0,0,0,1,husky_cif.y4m,2.76,2.76,0.037417,0.050321,0.0,219
1,1,0,0,0,1,0,0,0,0,0,0,1,1,0,1,1,0,1,1,0,1,0,0,0,0,1,0,0,1,1,0,1,1,0,0,0,0,husky_cif.y4m,11.87,11.938,0.245296,0.033416,0.0,182
1,1,0,1,0,0,0,0,0,0,0,0,1,0,1,1,0,1,1,1,0,1,0,0,0,0,0,1,0,1,1,0,1,1,0,0,0,0,husky_cif.y4m,5.36,5.35,0.034641,0.040116,0.0,10
1,1,0,0,1,0,0,0,0,0,0,0,1,1,0,1,1,0,1,0,1,1,0,0,1,0,0,0,0,1,0,1,1,0,0,0,0,1,husky_cif.y4m,124.08,124.072,0.193054,0.05065,0.0,116
1,1,0,0,0,1,0,0,0,0,0,0,1,1,0,1,1,1,1,0,1,1,0,0,0,0,0,1,0,1,0,1,1,1,0,0,0,0,husky_cif.y4m,11.3,11.262,0.151228,0.040795,0.0,266
1,1,0,0,0,0,0,0,1,0,0,0,1,1,0,1,0,0,1,0,1,1,0,0,1,0,0,0,0,1,1,0,1,0,0,1,0,0,husky_cif.y4m,48.61,48.588,0.197282,0.044347,0.0,313
1,1,0,0,0,0,0,1,0,0,0,0,1,0,1,1,0,0,1,1,0,1,0,0,0,0,0,0,1,1,0,1,0,0,0,0,0,0,husky_cif.y4m,13.87,13.82,0.083666,0.040486,0.0,357
1,1,0,0,0,1,0,0,0,0,0,0,1,0,1,1,0,1,1,0,1,1,1,0,0,0,0,0,0,1,1,0,1,1,0,0,0,0,husky_cif.y4m,3.37,3.37,0.012247,0.037898,0.0,187
1,1,0,0,0,0,0,0,1,0,0,0,1,1,0,1,1,1,1,0,1,1,0,0,1,0,0,0,0,1,1,0,1,1,0,0,0,0,husky_cif.y4m,763.41,763.5,0.509902,0.034017,0.0,23
1,1,0,0,1,0,0,0,0,0,0,0,1,1,0,1,1,0,1,1,0,1,0,1,0,0,0,0,0,1,0,1,0,0,0,0,0,0,husky_cif.y4m,86.19,86.14,0.21587,0.044592,0.0,2
1,1,0,0,0,0,0,0,0,0,0,1,1,1,0,1,1,0,1,0,1,1,0,0,0,0,0,1,0,1,1,0,1,1,0,0,0,0,husky_cif.y4m,358.7,358.29,1.196286,0.047397,0.0,301
1,1,0,0,0,0,0,1,0,0,0,0,1,0,1,1,0,1,1,1,0,1,0,1,0,0,0,0,0,1,0,1,0,0,0,0,0,0,husky_cif.y4m,270.49,275.056,10.780778,0.04391,0.0,356
1,1,0,0,0,0,0,0,0,0,1,0,1,1,0,1,0,1,1,0,1,1,0,0,0,0,0,1,0,1,0,1,1,1,0,0,0,0,husky_cif.y4m,17.28,17.272,0.013038,0.033287,0.0,269
1,1,0,0,0,0,0,0,0,0,1,0,1,0,1,1,0,1,1,1,0,1,0,0,1,0,0,0,0,1,0,1,1,0,0,0,1,0,husky_cif.y4m,9.14,9.144,0.018166,0.040577,0.0,274
1,1,0,0,0,0,0,0,0,0,1,0,1,0,1,1,0,1,1,1,0,1,0,0,0,1,0,0,0,1,1,0,1,1,0,0,0,0,husky_cif.y4m,8.23,8.246,0.032094,0.037822,0.0,307
1,1,0,0,1,0,0,0,0,0,0,0,1,0,1,1,0,1,1,1,0,1,0,0,1,0,0,0,0,1,0,1,1,1,0,0,0,0,husky_cif.y4m,46.31,45.982,0.663114,0.052574,0.0,254
1,1,0,0,0,0,0,0,0,0,1,0,1,0,1,1,0,1,1,0,1,1,0,1,0,0,0,0,0,1,0,1,0,0,0,0,0,0,husky_cif.y4m,2.05,2.062,0.021679,0.05036,0.0,208
1,1,0,0,1,0,0,0,0,0,0,0,1,1,0,1,1,1,1,1,0,1,0,0,1,0,0,0,0,1,0,1,1,0,1,0,0,0,husky_cif.y4m,2.39,2.404,0.026077,0.043206,0.0,279
1,1,0,0,0,0,0,1,0,0,0,0,1,1,0,1,1,1,1,1,0,1,0,1,0,0,0,0,0,1,0,1,1,0,0,0,1,0,husky_cif.y4m,9.31,9.298,0.044385,0.046887,0.0,171
1,1,0,0,0,0,0,0,0,1,0,0,1,1,0,1,0,1,1,0,1,1,0,0,0,0,0,1,0,1,0,1,1,0,0,0,1,0,husky_cif.y4m,50.63,50.412,0.488897,0.044347,0.0,99
1,1,1,0,0,0,0,0,0,0,0,0,1,0,1,1,1,1,1,1,0,1,0,1,0,0,0,0,0,1,1,0,1,0,1,0,0,0,husky_cif.y4m,11.54,11.508,0.079812,0.046838,0.0,81
1,1,0,0,0,0,0,0,0,0,1,0,1,0,1,1,1,1,1,0,1,1,0,0,1,0,0,0,0,1,1,0,1,0,1,0,0,0,husky_cif.y4m,4.11,4.114,0.020736,0.052107,0.0,155
1,1,0,0,0,1,0,0,0,0,0,0,1,1,0,1,0,1,1,1,0,1,1,0,0,0,0,0,0,1,1,0,1,1,0,0,0,0,husky_cif.y4m,5.86,5.888,0.065345,0.037822,0.0,185
1,1,0,0,1,0,0,0,0,0,0,0,1,1,0,1,0,0,1,0,1,1,0,0,0,0,0,1,0,1,0,1,0,0,0,0,0,0,husky_cif.y4m,6.72,6.722,0.058052,0.03895,0.0,376
1,1,0,0,0,0,0,0,1,0,0,0,1,1,0,1,0,1,1,0,1,1,0,1,0,0,0,0,0,1,1,0,0,0,0,0,0,0,husky_cif.y4m,2.72,2.722,0.034205,0.04967,0.0,204
1,1,0,0,0,0,0,0,1,0,0,0,1,1,0,1,1,0,1,0,1,1,0,0,0,0,1,0,0,1,1,0,1,0,0,0,0,1,husky_cif.y4m,217.54,217.612,0.273807,0.043116,0.0,246
1,1,0,0,0,0,0,1,0,0,0,0,1,1,0,1,1,1,1,0,1,1,0,0,1,0,0,0,0,1,0,1,0,0,0,0,0,0,husky_cif.y4m,179.76,179.736,0.747717,0.047032,0.0,230
1,1,0,0,0,0,0,0,1,0,0,0,1,0,1,1,1,0,1,0,1,1,0,0,0,0,0,1,0,1,1,0,1,0,0,0,1,0,husky_cif.y4m,132.43,132.394,0.223338,0.044679,0.0,27
1,1,0,1,0,0,0,0,0,0,0,0,1,1,0,1,1,1,1,0,1,1,1,0,0,0,0,0,0,1,1,0,0,0,0,0,0,0,husky_cif.y4m,10.37,10.39,0.04899,0.04087,0.0,137
1,1,0,0,0,0,0,0,0,0,1,0,1,1,0,1,1,1,1,1,0,1,0,0,0,0,1,0,0,1,0,1,1,0,0,0,1,0,husky_cif.y4m,7.86,7.864,0.032863,0.037458,0.0,169
1,1,0,0,0,0,0,0,0,0,1,0,1,0,1,1,0,1,1,0,1,1,1,0,0,0,0,0,0,1,0,1,1,0,0,0,0,1,husky_cif.y4m,338.04,338.074,1.276824,0.046987,0.0,33
1,1,0,0,0,0,0,0,1,0,0,0,1,0,1,1,0,1,1,0,1,1,0,1,0,0,0,0,0,1,1,0,0,0,0,0,0,0,husky_cif.y4m,30.98,30.982,0.130843,0.044785,0.0,205
1,1,0,0,0,0,0,0,0,0,1,0,1,1,0,1,1,0,1,0,1,1,0,0,0,0,1,0,0,1,1,0,1,0,0,0,0,1,husky_cif.y4m,11.9,11.902,0.021679,0.04527,0.0,245
1,1,1,0,0,0,0,0,0,0,0,0,1,1,0,1,0,0,1,1,0,1,0,0,1,0,0,0,0,1,1,0,1,0,0,0,0,1,husky_cif.y4m,7.68,7.67,0.044721,0.047659,0.0,163
1,1,0,0,1,0,0,0,0,0,0,0,1,1,0,1,1,0,1,1,0,1,1,0,0,0,0,0,0,1,0,1,1,1,0,0,0,0,husky_cif.y4m,6.6,6.6,0.027386,0.038951,0.0,4
1,1,0,0,1,0,0,0,0,0,0,0,1,1,0,1,0,0,1,0,1,1,1,0,0,0,0,0,0,1,1,0,1,0,0,0,1,0,husky_cif.y4m,2.92,2.9,0.065192,0.043206,0.0,141
1,1,1,0,0,0,0,0,0,0,0,0,1,1,0,1,1,1,1,0,1,1,0,0,1,0,0,0,0,1,1,0,1,1,0,0,0,0,husky_cif.y4m,347.16,347.09,0.663325,0.04334,0.0,159
1,1,0,0,0,0,0,0,1,0,0,0,1,1,0,1,0,1,1,0,1,1,0,0,1,0,0,0,0,1,0,1,1,0,0,0,0,1,husky_cif.y4m,9.84,9.85,0.024495,0.037417,0.0,336
1,1,0,0,0,1,0,0,0,0,0,0,1,1,0,1,0,0,1,0,1,1,0,0,0,0,0,0,1,1,1,0,1,0,0,0,1,0,husky_cif.y4m,72.52,72.666,0.284482,0.047625,0.0,72
1,1,0,0,0,0,0,0,1,0,0,0,1,1,0,1,1,0,1,1,0,1,0,0,1,0,0,0,0,1,1,0,1,0,0,0,0,1,husky_cif.y4m,9.12,9.128,0.067602,0.045271,0.0,248
1,1,0,1,0,0,0,0,0,0,0,0,1,0,1,1,1,1,1,1,0,1,0,0,0,0,0,1,0,1,0,1,1,0,0,0,0,1,husky_cif.y4m,258.53,264.852,10.846922,0.043016,0.0,130
1,1,0,0,0,1,0,0,0,0,0,0,1,0,1,1,1,1,1,1,0,1,0,0,0,0,0,0,1,1,1,0,0,0,0,0,0,0,husky_cif.y4m,269.9,269.9,0.095131,0.033695,0.0,324
1,1,1,0,0,0,0,0,0,0,0,0,1,0,1,1,0,1,1,1,0,1,0,1,0,0,0,0,0,1,0,1,0,0,0,0,0,0,husky_cif.y4m,231.63,231.464,0.345297,0.044646,0.0,354
1,1,0,0,0,0,0,0,0,0,1,0,1,0,1,1,0,0,1,1,0,1,0,0,0,1,0,0,0,1,0,1,0,0,0,0,0,0,husky_cif.y4m,212.74,213.602,2.093232,0.050538,0.0,291
1,1,0,0,0,0,0,0,0,0,1,0,1,1,0,1,0,0,1,1,0,1,0,1,0,0,0,0,0,1,1,0,1,0,1,0,0,0,husky_cif.y4m,4.55,4.544,0.027928,0.049412,0.0,237
1,1,0,0,0,1,0,0,0,0,0,0,1,1,0,1,1,0,1,1,0,1,1,0,0,0,0,0,0,1,1,0,1,1,0,0,0,0,husky_cif.y4m,6.38,6.386,0.023022,0.040832,0.0,183
1,1,0,0,0,1,0,0,0,0,0,0,1,0,1,1,1,1,1,0,1,1,0,0,1,0,0,0,0,1,0,1,0,0,0,0,0,0,husky_cif.y4m,5.39,5.41,0.051478,0.051257,0.0,227
1,1,0,0,0,0,0,0,1,0,0,0,1,1,0,1,0,1,1,0,1,1,0,0,0,0,0,1,0,1,0,1,0,0,0,0,0,0,husky_cif.y4m,8.6,8.588,0.031145,0.043799,0.0,338
1,1,0,0,1,0,0,0,0,0,0,0,1,0,1,1,0,0,1,0,1,1,1,0,0,0,0,0,0,1,1,0,1,0,0,0,1,0,husky_cif.y4m,41.43,41.418,0.029496,0.047475,0.0,142
1,1,0,0,1,0,0,0,0,0,0,0,1,1,0,1,1,1,1,0,1,1,0,0,1,0,0,0,0,1,1,0,1,0,0,0,0,1,husky_cif.y4m,19.12,19.152,0.058052,0.033649,0.0,332
1,1,0,0,0,0,0,0,0,1,0,0,1,0,1,1,0,0,1,1,0,1,0,0,0,0,1,0,0,1,0,1,1,0,0,0,1,0,husky_cif.y4m,349.18,348.89,1.177243,0.050708,0.0,95
1,1,0,0,1,0,0,0,0,0,0,0,1,0,1,1,0,0,1,0,1,1,0,0,0,1,0,0,0,1,0,1,0,0,0,0,0,0,husky_cif.y4m,13.93,13.916,0.042778,0.033765,0.0,289
1,1,0,0,1,0,0,0,0,0,0,0,1,1,0,1,0,0,1,0,1,1,0,0,0,0,0,1,0,1,0,1,1,0,0,1,0,0,husky_cif.y4m,3.54,3.552,0.025884,0.049412,0.0,378
1,1,0,0,1,0,0,0,0,0,0,0,1,1,0,1,1,1,1,1,0,1,0,0,1,0,0,0,0,1,0,1,1,0,0,0,1,0,husky_cif.y4m,87.46,87.426,0.245112,0.047492,0.0,278
1,1,0,0,0,0,0,0,0,0,1,0,1,0,1,1,1,0,1,0,1,1,1,0,0,0,0,0,0,1,0,1,1,0,0,0,1,0,husky_cif.y4m,8.64,8.664,0.090167,0.032931,0.0,30
1,1,0,0,1,0,0,0,0,0,0,0,1,1,0,1,0,0,1,0,1,1,0,1,0,0,0,0,0,1,0,1,1,0,0,0,0,1,husky_cif.y4m,3.71,3.712,0.014832,0.051555,0.0,120
1,1,0,0,0,1,0,0,0,0,0,0,1,1,0,1,1,1,1,0,1,1,0,0,0,0,0,1,0,1,0,1,0,0,0,0,0,0,husky_cif.y4m,4.79,4.792,0.020494,0.039067,0.0,265
1,1,0,0,0,0,0,0,0,0,1,0,1,1,0,1,1,0,1,1,0,1,0,0,0,0,0,1,0,1,0,1,0,0,0,0,0,0,husky_cif.y4m,7.9,7.908,0.092574,0.047792,0.0,296
1,1,0,0,0,0,0,1,0,0,0,0,1,1,0,1,1,1,1,1,0,1,0,1,0,0,0,0,0,1,0,1,0,0,0,0,0,0,husky_cif.y4m,14.67,14.61,0.106066,0.043607,0.0,232
1,1,0,0,0,0,0,0,0,0,1,0,1,0,1,1,0,0,1,1,0,1,0,0,1,0,0,0,0,1,1,0,1,0,0,1,0,0,husky_cif.y4m,9.5,9.474,0.095551,0.037421,0.0,310
1,1,0,0,0,0,0,1,0,0,0,0,1,0,1,1,1,1,1,0,1,1,0,0,0,0,0,1,0,1,0,1,1,0,0,1,0,0,husky_cif.y4m,214.9,215.018,0.366292,0.033673,0.0,349
1,1,0,0,1,0,0,0,0,0,0,0,1,1,0,1,0,1,1,0,1,1,0,0,0,0,0,1,0,1,0,1,0,0,0,0,0,0,husky_cif.y4m,7.31,7.384,0.146901,0.033434,0.0,377
1,1,0,0,0,0,0,0,0,1,0,0,1,0,1,1,1,1,1,1,0,1,0,0,0,0,1,0,0,1,0,1,1,0,0,0,1,0,husky_cif.y4m,341.12,341.536,0.744668,0.04728,0.0,94
1,1,1,0,0,0,0,0,0,0,0,0,1,1,0,1,1,0,1,0,1,1,1,0,0,0,0,0,0,1,0,1,1,1,0,0,0,0,husky_cif.y4m,8.2,8.208,0.025884,0.037822,0.0,178
1,1,0,0,0,0,0,0,0,0,1,0,1,0,1,1,0,0,1,1,0,1,0,0,0,0,0,1,0,1,0,1,1,0,0,0,0,1,husky_cif.y4m,11.97,11.976,0.023022,0.033254,0.0,127
1,1,0,0,0,0,0,1,0,0,0,0,1,0,1,1,1,0,1,0,1,1,0,0,0,1,0,0,0,1,0,1,1,0,0,0,1,0,husky_cif.y4m,2.95,2.966,0.021909,0.049034,0.0,111
1,1,1,0,0,0,0,0,0,0,0,0,1,0,1,1,0,1,1,1,0,1,0,1,0,0,0,0,0,1,0,1,1,0,0,1,0,0,husky_cif.y4m,8.76,8.73,0.079057,0.037596,0.0,353
1,1,0,0,0,0,1,0,0,0,0,0,1,0,1,1,1,1,1,1,0,1,0,1,0,0,0,0,0,1,1,0,1,0,0,0,1,0,husky_cif.y4m,7.41,7.412,0.046583,0.040116,0.0,45
1,1,0,0,0,1,0,0,0,0,0,0,1,0,1,1,1,1,1,0,1,1,0,0,1,0,0,0,0,1,1,0,0,0,0,0,0,0,husky_cif.y4m,2.28,2.284,0.011402,0.050778,0.0,226
1,1,0,0,0,0,0,0,0,0,0,1,1,1,0,1,1,0,1,0,1,1,0,0,0,0,0,1,0,1,1,0,1,0,0,0,0,1,husky_cif.y4m,8.88,8.906,0.042778,0.039706,0.0,59
1,1,0,0,0,0,0,0,1,0,0,0,1,1,0,1,1,1,1,1,0,1,1,0,0,0,0,0,0,1,0,1,1,1,0,0,0,0,husky_cif.y4m,80.99,81.38,0.864205,0.044592,0.0,19
1,1,0,0,0,0,0,0,0,0,0,1,1,1,0,1,0,1,1,0,1,1,0,0,0,1,0,0,0,1,1,0,1,1,0,0,0,0,husky_cif.y4m,44.14,44.12,0.156045,0.047679,0.0,304
1,1,0,0,0,0,0,0,1,0,0,0,1,0,1,1,0,1,1,0,1,1,0,1,0,0,0,0,0,1,0,1,0,0,0,0,0,0,husky_cif.y4m,9.23,9.208,0.092033,0.045271,0.0,207
1,1,0,0,0,0,1,0,0,0,0,0,1,1,0,1,1,1,1,1,0,1,0,1,0,0,0,0,0,1,1,0,0,0,0,0,0,0,husky_cif.y4m,430.79,433.916,9.898784,0.043083,0.0,43
1,1,0,0,0,0,1,0,0,0,0,0,1,1,0,1,1,0,1,1,0,1,1,0,0,0,0,0,0,1,1,0,1,0,0,0,0,1,husky_cif.y4m,5.14,5.146,0.031305,0.046698,0.0,40
1,1,0,0,0,1,0,0,0,0,0,0,1,0,1,1,0,1,1,1,0,1,1,0,0,0,0,0,0,1,1,0,1,1,0,0,0,0,husky_cif.y4m,271.19,271.158,0.288132,0.033882,0.0,186
1,1,0,0,1,0,0,0,0,0,0,0,1,0,1,1,0,0,1,0,1,1,0,0,0,1,0,0,0,1,0,1,1,0,0,0,0,1,husky_cif.y4m,4.77,4.752,0.081056,0.051766,0.0,288
1,1,1,0,0,0,0,0,0,0,0,0,1,1,0,1,1,0,1,1,0,1,0,1,0,0,0,0,0,1,1,0,1,0,1,0,0,0,husky_cif.y4m,7.4,7.406,0.019494,0.039997,0.0,82
1,1,0,0,0,0,0,0,0,0,1,0,1,0,1,1,1,1,1,0,1,1,0,0,0,1,0,0,0,1,0,1,0,0,0,0,0,0,husky_cif.y4m,6.22,6.208,0.065727,0.04089,0.0,211
1,1,0,0,1,0,0,0,0,0,0,0,1,0,1,1,1,1,1,0,1,1,0,0,0,0,0,1,0,1,1,0,1,0,0,1,0,0,husky_cif.y4m,205.11,204.532,1.454242,0.043116,0.0,347
1,1,0,1,0,0,0,0,0,0,0,0,1,0,1,1,0,0,1,1,0,1,1,0,0,0,0,0,0,1,1,0,1,0,0,0,1,0,husky_cif.y4m,15.34,15.34,0.112472,0.051244,0.0,13
1,1,0,0,0,0,0,1,0,0,0,0,1,0,1,1,1,1,1,0,1,1,0,0,1,0,0,0,0,1,0,1,0,0,0,0,0,0,husky_cif.y4m,642.29,642.274,0.169056,0.050776,0.0,228
1,1,0,0,0,0,0,0,0,1,0,0,1,1,0,1,0,1,1,0,1,1,0,0,1,0,0,0,0,1,0,1,1,0,0,0,0,1,husky_cif.y4m,9.33,9.306,0.052726,0.046887,0.0,335
1,1,0,0,0,0,0,0,1,0,0,0,1,1,0,1,1,0,1,0,1,1,0,0,1,0,0,0,0,1,1,0,1,1,0,0,0,0,husky_cif.y4m,29.19,29.222,0.197282,0.034173,0.0,24
1,1,1,0,0,0,0,0,0,0,0,0,1,0,1,1,0,1,1,0,1,1,0,1,0,0,0,0,0,1,0,1,1,0,0,1,0,0,husky_cif.y4m,421.7,421.524,0.481851,0.044235,0.0,352
1,1,0,0,0,0,1,0,0,0,0,0,1,0,1,1,0,0,1,1,0,1,0,0,0,0,0,1,0,1,1,0,0,0,0,0,0,0,husky_cif.y4m,6.21,6.212,0.026833,0.041037,0.0,368
1,1,1,0,0,0,0,0,0,0,0,0,1,0,1,1,1,1,1,1,0,1,0,1,0,0,0,0,0,1,1,0,0,0,0,0,0,0,husky_cif.y4m,2.95,2.95,0.007071,0.050281,0.0,80
1,1,0,0,1,0,0,0,0,0,0,0,1,1,0,1,0,0,1,0,1,1,0,1,0,0,0,0,0,1,0,1,0,0,0,0,0,0,husky_cif.y4m,46.18,45.982,0.511244,0.044689,0.0,121
1,1,0,0,0,0,0,0,0,0,1,0,1,0,1,1,1,1,1,0,1,1,0,0,1,0,0,0,0,1,1,0,1,1,0,0,0,0,husky_cif.y4m,7.54,7.548,0.025884,0.04087,0.0,156
1,1,0,1,0,0,0,0,0,0,0,0,1,0,1,1,1,1,1,1,0,1,0,0,0,0,0,1,0,1,1,0,1,1,0,0,0,0,husky_cif.y4m,1.91,1.914,0.005477,0.049305,0.0,9
1,1,0,0,0,0,0,0,0,0,1,0,1,1,0,1,0,0,1,1,0,1,0,0,0,0,1,0,0,1,1,0,1,0,0,0,0,1,husky_cif.y4m,10.76,10.75,0.031623,0.04527,0.0,165
1,1,0,0,0,0,0,0,0,0,1,0,1,0,1,1,0,0,1,1,0,1,0,1,0,0,0,0,0,1,0,1,1,0,0,0,0,1,husky_cif.y4m,8.11,8.116,0.015166,0.041832,0.0,126
1,1,0,0,1,0,0,0,0,0,0,0,1,1,0,1,1,1,1,0,1,1,0,0,1,0,0,0,0,1,0,1,1,0,1,0,0,0,husky_cif.y4m,2.92,2.92,0.01,0.050281,0.0,280
1,1,0,0,0,0,0,1,0,0,0,0,1,0,1,1,1,1,1,1,0,1,0,1,0,0,0,0,0,1,0,1,1,0,0,0,1,0,husky_cif.y4m,1.74,1.738,0.004472,0.040031,0.0,172
1,1,0,0,0,0,0,0,0,0,1,0,1,0,1,1,0,1,1,1,0,1,0,0,0,1,0,0,0,1,0,1,0,0,0,0,0,0,husky_cif.y4m,9.24,9.226,0.052726,0.037604,0.0,292
1,1,0,0,0,0,0,0,0,0,1,0,1,1,0,1,1,1,1,0,1,1,0,0,0,0,0,1,0,1,1,0,0,0,0,0,0,0,husky_cif.y4m,27.78,27.694,0.183793,0.052482,0.0,105
1,1,0,0,0,1,0,0,0,0,0,0,1,0,1,1,1,1,1,0,1,1,0,0,0,0,0,0,1,1,1,0,1,0,1,0,0,0,husky_cif.y4m,17.62,17.718,0.26119,0.033261,0.0,76
1,1,0,0,0,1,0,0,0,0,0,0,1,0,1,1,0,0,1,1,0,1,1,0,0,0,0,0,0,1,1,0,1,0,0,0,0,1,husky_cif.y4m,223.32,223.228,0.508399,0.05047,0.0,221
1,1,0,0,0,0,0,0,0,0,1,0,1,1,0,1,1,0,1,1,0,1,0,0,0,0,1,0,0,1,0,1,1,0,0,0,0,1,husky_cif.y4m,51.12,51.102,0.052631,0.03403,0.0,167
1,1,0,0,0,0,0,0,0,0,1,0,1,0,1,1,0,1,1,0,1,1,1,0,0,0,0,0,0,1,1,0,1,0,0,0,0,1,husky_cif.y4m,365.83,365.798,1.028965,0.047921,0.0,35
1,1,0,0,1,0,0,0,0,0,0,0,1,1,0,1,0,0,1,1,0,1,0,1,0,0,0,0,0,1,0,1,1,0,1,0,0,0,husky_cif.y4m,6.75,6.734,0.051769,0.041067,0.0,235
1,1,0,0,0,0,0,0,0,1,0,0,1,1,0,1,1,1,1,0,1,1,0,0,1,0,0,0,0,1,0,1,1,0,0,0,0,1,husky_cif.y4m,13.65,13.662,0.074297,0.033777,0.0,333
1,1,0,0,0,0,1,0,0,0,0,0,1,0,1,1,1,1,1,1,0,1,0,1,0,0,0,0,0,1,1,0,0,0,0,0,0,0,husky_cif.y4m,221.83,221.586,0.869845,0.05058,0.0,44
1,1,0,0,1,0,0,0,0,0,0,0,1,0,1,1,0,1,1,1,0,1,0,1,0,0,0,0,0,1,0,1,1,1,0,0,0,0,husky_cif.y4m,413.28,413.402,0.400712,0.04714,0.0,256
1,1,0,0,0,0,0,1,0,0,0,0,1,0,1,1,1,0,1,0,1,1,0,1,0,0,0,0,0,1,0,1,1,0,0,0,0,1,husky_cif.y4m,752.86,753.178,0.934837,0.034411,0.0,192
1,1,0,0,0,0,1,0,0,0,0,0,1,1,0,1,1,1,1,1,0,1,1,0,0,0,0,0,0,1,1,0,1,0,0,0,0,1,husky_cif.y4m,25.56,25.564,0.065422,0.047559,0.0,41
1,1,0,0,0,0,0,0,0,0,1,0,1,0,1,1,0,1,1,1,0,1,0,0,0,0,0,1,0,1,0,1,1,0,0,0,1,0,husky_cif.y4m,225.38,224.802,1.427102,0.043657,0.0,273
1,1,0,0,0,0,0,0,0,0,1,0,1,1,0,1,0,1,1,0,1,1,0,0,0,0,0,1,0,1,0,1,0,0,0,0,0,0,husky_cif.y4m,143.33,143.126,0.514908,0.043997,0.0,101
1,1,0,0,0,0,0,0,0,0,1,0,1,0,1,1,1,1,1,0,1,1,0,0,0,0,1,0,0,1,1,0,1,0,1,0,0,0,husky_cif.y4m,124.32,124.18,0.257682,0.05065,0.0,242
1,1,0,0,0,0,0,0,0,0,1,0,1,1,0,1,0,1,1,0,1,1,0,0,0,0,0,1,0,1,1,0,0,0,0,0,0,0,husky_cif.y4m,9.58,9.578,0.058481,0.040577,0.0,103
1,1,1,0,0,0,0,0,0,0,0,0,1,1,0,1,1,0,1,1,0,1,0,1,0,0,0,0,0,1,0,1,0,0,0,0,0,0,husky_cif.y4m,230.82,230.966,0.391701,0.047149,0.0,1
1,1,0,0,0,0,0,1,0,0,0,0,1,1,0,1,0,0,1,0,1,1,0,0,0,0,0,1,0,1,0,1,1,0,0,0,0,1,husky_cif.y4m,8.57,8.564,0.019494,0.037596,0.0,56
1,1,0,0,1,0,0,0,0,0,0,0,1,0,1,1,0,0,1,0,1,1,0,0,0,0,0,0,1,1,0,1,0,0,0,0,0,0,husky_cif.y4m,27.35,27.388,0.097314,0.052482,0.0,373
1,1,0,0,0,0,0,0,1,0,0,0,1,1,0,1,1,1,1,0,1,1,0,1,0,0,0,0,0,1,0,1,1,0,1,0,0,0,husky_cif.y4m,388.6,389.994,4.294873,0.050512,0.0,318
1,1,0,0,0,1,0,0,0,0,0,0,1,1,0,1,0,0,1,1,0,1,0,0,0,0,1,0,0,1,1,0,0,0,0,0,0,0,husky_cif.y4m,354.72,354.864,0.338053,0.043508,0.0,69
1,1,0,1,0,0,0,0,0,0,0,0,1,0,1,1,0,0,1,1,0,1,0,0,0,0,0,1,0,1,1,0,1,1,0,0,0,0,husky_cif.y4m,6.95,6.982,0.072938,0.03338,0.0,11
1,1,0,0,1,0,0,0,0,0,0,0,1,0,1,1,0,0,1,1,0,1,0,1,0,0,0,0,0,1,0,1,1,0,0,1,0,0,husky_cif.y4m,7.9,7.892,0.033466,0.042389,0.0,258
1,1,0,0,0,0,0,0,0,0,1,0,1,0,1,1,0,0,1,1,0,1,0,1,0,0,0,0,0,1,1,0,1,0,1,0,0,0,husky_cif.y4m,438.82,438.772,0.462569,0.034514,0.0,238
1,1,0,0,0,0,0,1,0,0,0,0,1,0,1,1,1,0,1,1,0,1,1,0,0,0,0,0,0,1,0,1,1,0,0,0,1,0,husky_cif.y4m,595.46,594.592,1.958512,0.043411,0.0,173
1,1,0,0,0,0,0,1,0,0,0,0,1,0,1,1,0,1,1,0,1,1,0,1,0,0,0,0,0,1,0,1,1,1,0,0,0,0,husky_cif.y4m,675.75,675.944,1.140912,0.047269,0.0,190
1,1,0,1,0,0,0,0,0,0,0,0,1,0,1,1,1,0,1,1,0,1,0,0,0,0,0,1,0,1,0,1,1,1,0,0,0,0,husky_cif.y4m,127.88,127.868,0.30343,0.046993,0.0,7
1,1,0,0,0,1,0,0,0,0,0,0,1,0,1,1,1,1,1,0,1,1,0,0,0,0,0,0,1,1,1,0,0,0,0,0,0,0,husky_cif.y4m,2.77,2.762,0.051672,0.05036,0.0,323
1,1,0,0,0,1,0,0,0,0,0,0,1,0,1,1,0,0,1,0,1,1,0,0,0,0,0,0,1,1,1,0,1,0,0,0,1,0,husky_cif.y4m,434.53,435.432,3.116564,0.047049,0.0,73
1,1,0,0,0,0,0,0,0,0,1,0,1,0,1,1,1,0,1,0,1,1,0,1,0,0,0,0,0,1,0,1,0,0,0,0,0,0,husky_cif.y4m,427.15,428.138,1.980687,0.043083,0.0,209
1,1,0,1,0,0,0,0,0,0,0,0,1,1,0,1,1,0,1,0,1,1,1,0,0,0,0,0,0,1,1,0,0,0,0,0,0,0,husky_cif.y4m,7.51,7.538,0.07328,0.045361,0.0,138
1,1,0,0,0,1,0,0,0,0,0,0,1,1,0,1,1,1,1,1,0,1,0,0,0,0,0,1,0,1,0,1,0,0,0,0,0,0,husky_cif.y4m,133.51,133.458,0.202163,0.033832,0.0,264
1,1,0,0,0,0,0,0,0,1,0,0,1,0,1,1,0,1,1,0,1,1,0,0,0,0,0,1,0,1,0,1,1,0,0,0,1,0,husky_cif.y4m,374.02,373.968,0.456366,0.043508,0.0,98
1,1,0,0,0,0,0,0,0,0,1,0,1,1,0,1,0,0,1,0,1,1,0,0,0,0,0,1,0,1,1,0,1,0,0,1,0,0,husky_cif.y4m,5.83,5.84,0.023452,0.04208,0.0,380
1,1,0,0,1,0,0,0,0,0,0,0,1,1,0,1,1,1,1,1,0,1,0,1,0,0,0,0,0,1,1,0,1,0,1,0,0,0,husky_cif.y4m,446.92,447.13,0.746324,0.043626,0.0,85
1,1,0,0,0,0,0,0,0,0,1,0,1,0,1,1,0,0,1,0,1,1,1,0,0,0,0,0,0,1,0,1,1,0,0,0,1,0,husky_cif.y4m,218.14,218.242,0.337224,0.043116,0.0,31
1,1,0,1,0,0,0,0,0,0,0,0,1,0,1,1,1,0,1,1,0,1,0,0,0,0,0,1,0,1,1,0,1,1,0,0,0,0,husky_cif.y4m,6.5,6.498,0.029496,0.046698,0.0,8
1,1,0,0,1,0,0,0,0,0,0,0,1,1,0,1,1,1,1,1,0,1,1,0,0,0,0,0,0,1,0,1,1,1,0,0,0,0,husky_cif.y4m,9.45,9.444,0.040373,0.043799,0.0,216
1,1,0,0,1,0,0,0,0,0,0,0,1,1,0,1,1,1,1,0,1,1,0,0,0,1,0,0,0,1,0,1,1,1,0,0,0,0,husky_cif.y4m,3.56,3.498,0.144291,0.051555,0.0,214
1,1,0,0,0,0,0,0,1,0,0,0,1,1,0,1,0,0,1,1,0,1,0,0,0,0,0,1,0,1,1,0,0,0,0,0,0,0,husky_cif.y4m,12.08,12.086,0.071624,0.041878,0.0,341
1,1,0,0,1,0,0,0,0,0,0,0,1,1,0,1,0,0,1,1,0,1,0,1,0,0,0,0,0,1,1,0,1,0,1,0,0,0,husky_cif.y4m,5.95,5.958,0.020494,0.03746,0.0,236
1,1,0,0,0,0,0,0,0,0,1,0,1,0,1,1,0,0,1,0,1,1,0,0,0,0,1,0,0,1,1,0,1,0,1,0,0,0,husky_cif.y4m,14.19,14.226,0.059414,0.040923,0.0,240
1,1,0,0,0,0,0,1,0,0,0,0,1,0,1,1,0,0,1,0,1,1,0,0,0,1,0,0,0,1,0,1,1,0,0,0,1,0,husky_cif.y4m,10.31,10.316,0.054129,0.040577,0.0,51
1,1,1,0,0,0,0,0,0,0,0,0,1,0,1,1,1,1,1,0,1,1,0,0,0,0,0,0,1,1,1,0,1,0,1,0,0,0,husky_cif.y4m,8.94,8.926,0.080808,0.05141,0.0,77
1,1,0,0,0,0,0,0,0,0,1,0,1,0,1,1,1,0,1,1,0,1,0,0,0,0,0,1,0,1,0,1,1,0,0,0,0,1,husky_cif.y4m,12.33,12.346,0.051769,0.042278,0.0,128
1,1,0,0,1,0,0,0,0,0,0,0,1,1,0,1,0,0,1,1,0,1,0,1,0,0,0,0,0,1,0,1,0,0,0,0,0,0,husky_cif.y4m,215.61,215.622,0.110318,0.050538,0.0,234
1,1,0,0,0,0,0,0,1,0,0,0,1,0,1,1,1,0,1,0,1,1,0,0,0,0,0,1,0,1,0,1,1,0,0,0,1,0,husky_cif.y4m,800.48,800.526,0.12973,0.034412,0.0,28
1,1,0,0,1,0,0,0,0,0,0,0,1,1,0,1,1,0,1,0,1,1,1,0,0,0,0,0,0,1,1,0,0,0,0,0,0,0,husky_cif.y4m,131.31,131.328,0.389897,0.046993,0.0,139
1,1,0,0,0,0,0,0,0,0,1,0,1,0,1,1,1,0,1,1,0,1,0,0,0,0,1,0,0,1,1,0,1,0,1,0,0,0,husky_cif.y4m,2.81,2.798,0.032711,0.04967,0.0,152
1,1,0,1,0,0,0,0,0,0,0,0,1,0,1,1,0,0,1,1,0,1,0,0,0,0,0,1,0,1,1,0,1,0,0,0,1,0,husky_cif.y4m,235.41,235.064,0.903039,0.044285,0.0,12
1,1,0,0,0,0,1,0,0,0,0,0,1,0,1,1,0,1,1,1,0,1,0,0,0,0,0,1,0,1,1,0,0,0,0,0,0,0,husky_cif.y4m,2.69,2.692,0.008367,0.04967,0.0,369
1,1,0,0,0,0,0,0,0,0,0,1,1,1,0,1,1,0,1,0,1,1,0,0,0,0,0,1,0,1,0,1,1,0,0,0,0,1,husky_cif.y4m,51.11,51.118,0.021679,0.03403,0.0,58
1,1,0,0,0,0,0,0,1,0,0,0,1,1,0,1,1,0,1,1,0,1,1,0,0,0,0,0,0,1,1,0,0,0,0,0,0,0,husky_cif.y4m,49.75,49.83,0.16778,0.044347,0.0,64
1,1,0,0,0,0,0,0,1,0,0,0,1,1,0,1,1,0,1,1,0,1,0,0,1,0,0,0,0,1,1,0,1,1,0,0,0,0,husky_cif.y4m,42.93,42.954,0.061887,0.052346,0.0,21
1,1,0,0,0,1,0,0,0,0,0,0,1,0,1,1,1,1,1,0,1,1,0,0,1,0,0,0,0,1,1,0,1,0,0,0,0,1,husky_cif.y4m,202.86,202.77,0.194936,0.043116,0.0,225
1,1,0,0,0,0,1,0,0,0,0,0,1,0,1,1,1,0,1,1,0,1,0,0,0,0,0,1,0,1,1,0,1,0,0,0,1,0,husky_cif.y4m,366.53,366.52,0.853083,0.046986,0.0,366
1,1,0,0,0,0,0,1,0,0,0,0,1,0,1,1,1,1,1,0,1,1,0,0,1,0,0,0,0,1,0,1,1,0,0,0,0,1,ice_cif.y4m,3.49,3.464,0.07893,0.0063,0.0,114
1,1,0,0,1,0,0,0,0,0,0,0,1,1,0,1,1,1,1,0,1,1,0,0,1,0,0,0,0,1,1,0,1,0,1,0,0,0,ice_cif.y4m,2.38,2.376,0.027019,0.005735,0.0,281
1,1,0,0,0,1,0,0,0,0,0,0,1,0,1,1,1,0,1,1,0,1,0,0,0,0,0,0,1,1,1,0,1,0,0,1,0,0,ice_cif.y4m,3.95,3.924,0.084143,0.006123,0.0,325
1,1,1,0,0,0,0,0,0,0,0,0,1,1,0,1,1,0,1,1,0,1,0,0,0,0,1,0,0,1,1,0,1,1,0,0,0,0,ice_cif.y4m,3.49,3.482,0.031145,0.005995,0.0,181
1,1,0,0,0,0,0,0,1,0,0,0,1,1,0,1,1,0,1,0,1,1,0,0,1,0,0,0,0,1,1,0,1,0,0,0,0,1,ice_cif.y4m,117.07,116.98,0.567803,0.006228,0.0,247
1,1,0,0,0,0,0,0,0,0,1,0,1,1,0,1,1,0,1,1,0,1,0,0,0,0,1,0,0,1,1,0,1,0,0,0,0,1,ice_cif.y4m,175.14,175.08,0.183712,0.007269,0.0,166
1,1,0,0,0,0,0,0,1,0,0,0,1,1,0,1,1,0,1,0,1,1,0,0,1,0,0,0,0,1,1,0,1,0,0,0,1,0,ice_cif.y4m,3.73,3.728,0.013038,0.0055,0.0,25
1,1,0,0,0,0,0,1,0,0,0,0,1,0,1,1,0,0,1,1,0,1,0,1,0,0,0,0,0,1,0,1,0,0,0,0,0,0,ice_cif.y4m,6.49,6.582,0.155949,0.007857,0.0,355
1,1,0,0,1,0,0,0,0,0,0,0,1,1,0,1,0,0,1,1,0,1,1,0,0,0,0,0,0,1,1,0,1,0,0,0,0,1,ice_cif.y4m,1.14,1.138,0.008367,0.006344,0.0,219
1,1,0,0,0,1,0,0,0,0,0,0,1,1,0,1,1,0,1,1,0,1,0,0,0,0,1,0,0,1,1,0,1,1,0,0,0,0,ice_cif.y4m,6.47,6.488,0.125778,0.007857,0.0,182
1,1,0,1,0,0,0,0,0,0,0,0,1,0,1,1,0,1,1,1,0,1,0,0,0,0,0,1,0,1,1,0,1,1,0,0,0,0,ice_cif.y4m,2.62,2.674,0.136125,0.006109,0.0,10
1,1,0,0,1,0,0,0,0,0,0,0,1,1,0,1,1,0,1,0,1,1,0,0,1,0,0,0,0,1,0,1,1,0,0,0,0,1,ice_cif.y4m,63.85,63.81,0.15346,0.005502,0.0,116
1,1,0,0,0,1,0,0,0,0,0,0,1,1,0,1,1,1,1,0,1,1,0,0,0,0,0,1,0,1,0,1,1,1,0,0,0,0,ice_cif.y4m,5.0,4.996,0.027019,0.006134,0.0,266
1,1,0,0,0,0,0,0,1,0,0,0,1,1,0,1,0,0,1,0,1,1,0,0,1,0,0,0,0,1,1,0,1,0,0,1,0,0,ice_cif.y4m,25.76,25.004,1.200096,0.007863,0.0,313
1,1,0,0,0,0,0,1,0,0,0,0,1,0,1,1,0,0,1,1,0,1,0,0,0,0,0,0,1,1,0,1,0,0,0,0,0,0,ice_cif.y4m,4.74,4.742,0.034928,0.007635,0.0,357
1,1,0,0,0,1,0,0,0,0,0,0,1,0,1,1,0,1,1,0,1,1,1,0,0,0,0,0,0,1,1,0,1,1,0,0,0,0,ice_cif.y4m,1.62,1.59,0.072801,0.00778,0.0,187
1,1,0,0,0,0,0,0,1,0,0,0,1,1,0,1,1,1,1,0,1,1,0,0,1,0,0,0,0,1,1,0,1,1,0,0,0,0,ice_cif.y4m,376.44,376.762,0.884234,0.007202,0.0,23
1,1,0,0,1,0,0,0,0,0,0,0,1,1,0,1,1,0,1,1,0,1,0,1,0,0,0,0,0,1,0,1,0,0,0,0,0,0,ice_cif.y4m,37.07,37.064,0.163799,0.005867,0.0,2
1,1,0,0,0,0,0,0,0,0,0,1,1,1,0,1,1,0,1,0,1,1,0,0,0,0,0,1,0,1,1,0,1,1,0,0,0,0,ice_cif.y4m,181.29,181.136,0.46699,0.006435,0.0,301
1,1,0,0,0,0,0,1,0,0,0,0,1,0,1,1,0,1,1,1,0,1,0,1,0,0,0,0,0,1,0,1,0,0,0,0,0,0,ice_cif.y4m,122.55,122.504,0.621313,0.007796,0.0,356
1,1,0,0,0,0,0,0,0,0,1,0,1,1,0,1,0,1,1,0,1,1,0,0,0,0,0,1,0,1,0,1,1,1,0,0,0,0,ice_cif.y4m,5.12,5.142,0.058481,0.007381,0.0,269
1,1,0,0,0,0,0,0,0,0,1,0,1,0,1,1,0,1,1,1,0,1,0,0,1,0,0,0,0,1,0,1,1,0,0,0,1,0,ice_cif.y4m,3.57,3.564,0.02881,0.007742,0.0,274
1,1,0,0,0,0,0,0,0,0,1,0,1,0,1,1,0,1,1,1,0,1,0,0,0,1,0,0,0,1,1,0,1,1,0,0,0,0,ice_cif.y4m,4.52,4.514,0.031305,0.007577,0.0,307
1,1,0,0,1,0,0,0,0,0,0,0,1,0,1,1,0,1,1,1,0,1,0,0,1,0,0,0,0,1,0,1,1,1,0,0,0,0,ice_cif.y4m,21.91,21.854,0.219386,0.005785,0.0,254
1,1,0,0,0,0,0,0,0,0,1,0,1,0,1,1,0,1,1,0,1,1,0,1,0,0,0,0,0,1,0,1,0,0,0,0,0,0,ice_cif.y4m,1.1,1.13,0.051478,0.006515,0.0,208
1,1,0,0,1,0,0,0,0,0,0,0,1,1,0,1,1,1,1,1,0,1,0,0,1,0,0,0,0,1,0,1,1,0,1,0,0,0,ice_cif.y4m,1.4,1.398,0.021679,0.010335,0.0,279
1,1,0,0,0,0,0,1,0,0,0,0,1,1,0,1,1,1,1,1,0,1,0,1,0,0,0,0,0,1,0,1,1,0,0,0,1,0,ice_cif.y4m,4.82,4.778,0.125379,0.006765,0.0,171
1,1,0,0,0,0,0,0,0,1,0,0,1,1,0,1,0,1,1,0,1,1,0,0,0,0,0,1,0,1,0,1,1,0,0,0,1,0,ice_cif.y4m,25.45,25.016,0.782675,0.007863,0.0,99
1,1,1,0,0,0,0,0,0,0,0,0,1,0,1,1,1,1,1,1,0,1,0,1,0,0,0,0,0,1,1,0,1,0,1,0,0,0,ice_cif.y4m,5.37,5.376,0.055498,0.006676,0.0,81
1,1,0,0,0,0,0,0,0,0,1,0,1,0,1,1,1,1,1,0,1,1,0,0,1,0,0,0,0,1,1,0,1,0,1,0,0,0,ice_cif.y4m,1.95,1.932,0.046583,0.006546,0.0,155
1,1,0,0,0,1,0,0,0,0,0,0,1,1,0,1,0,1,1,1,0,1,1,0,0,0,0,0,0,1,1,0,1,1,0,0,0,0,ice_cif.y4m,3.5,3.47,0.079057,0.007577,0.0,185
1,1,0,0,1,0,0,0,0,0,0,0,1,1,0,1,0,0,1,0,1,1,0,0,0,0,0,1,0,1,0,1,0,0,0,0,0,0,ice_cif.y4m,2.31,2.312,0.008367,0.005512,0.0,376
1,1,0,0,0,0,0,0,1,0,0,0,1,1,0,1,0,1,1,0,1,1,0,1,0,0,0,0,0,1,1,0,0,0,0,0,0,0,ice_cif.y4m,0.83,0.83,0.007071,0.005836,0.0,204
1,1,0,0,0,0,0,0,1,0,0,0,1,1,0,1,1,0,1,0,1,1,0,0,0,0,1,0,0,1,1,0,1,0,0,0,0,1,ice_cif.y4m,100.8,100.828,0.095499,0.005554,0.0,246
1,1,0,0,0,0,0,1,0,0,0,0,1,1,0,1,1,1,1,0,1,1,0,0,1,0,0,0,0,1,0,1,0,0,0,0,0,0,ice_cif.y4m,85.27,85.184,0.254028,0.006265,0.0,230
1,1,0,0,0,0,0,0,1,0,0,0,1,0,1,1,1,0,1,0,1,1,0,0,0,0,0,1,0,1,1,0,1,0,0,0,1,0,ice_cif.y4m,72.24,72.254,0.256281,0.008507,0.0,27
1,1,0,1,0,0,0,0,0,0,0,0,1,1,0,1,1,1,1,0,1,1,1,0,0,0,0,0,0,1,1,0,0,0,0,0,0,0,ice_cif.y4m,3.33,3.298,0.058907,0.005796,0.0,137
1,1,0,0,0,0,0,0,0,0,1,0,1,1,0,1,1,1,1,1,0,1,0,0,0,0,1,0,0,1,0,1,1,0,0,0,1,0,ice_cif.y4m,3.31,3.322,0.026833,0.007473,0.0,169
1,1,0,0,0,0,0,0,0,0,1,0,1,0,1,1,0,1,1,0,1,1,1,0,0,0,0,0,0,1,0,1,1,0,0,0,0,1,ice_cif.y4m,145.8,145.8,0.284165,0.006258,0.0,33
1,1,0,0,0,0,0,0,1,0,0,0,1,0,1,1,0,1,1,0,1,1,0,1,0,0,0,0,0,1,1,0,0,0,0,0,0,0,ice_cif.y4m,17.0,16.896,0.210071,0.008507,0.0,205
1,1,0,0,0,0,0,0,0,0,1,0,1,1,0,1,1,0,1,0,1,1,0,0,0,0,1,0,0,1,1,0,1,0,0,0,0,1,ice_cif.y4m,3.61,3.62,0.061644,0.006099,0.0,245
1,1,1,0,0,0,0,0,0,0,0,0,1,1,0,1,0,0,1,1,0,1,0,0,1,0,0,0,0,1,1,0,1,0,0,0,0,1,ice_cif.y4m,3.65,3.648,0.048166,0.005785,0.0,163
1,1,0,0,1,0,0,0,0,0,0,0,1,1,0,1,1,0,1,1,0,1,1,0,0,0,0,0,0,1,0,1,1,1,0,0,0,0,ice_cif.y4m,2.24,2.26,0.027386,0.005513,0.0,4
1,1,0,0,1,0,0,0,0,0,0,0,1,1,0,1,0,0,1,0,1,1,1,0,0,0,0,0,0,1,1,0,1,0,0,0,1,0,ice_cif.y4m,1.68,1.67,0.031623,0.010335,0.0,141
1,1,1,0,0,0,0,0,0,0,0,0,1,1,0,1,1,1,1,0,1,1,0,0,1,0,0,0,0,1,1,0,1,1,0,0,0,0,ice_cif.y4m,172.85,172.872,0.466873,0.005606,0.0,159
1,1,0,0,0,0,0,0,1,0,0,0,1,1,0,1,0,1,1,0,1,1,0,0,1,0,0,0,0,1,0,1,1,0,0,0,0,1,ice_cif.y4m,6.37,6.372,0.023875,0.007711,0.0,336
1,1,0,0,0,1,0,0,0,0,0,0,1,1,0,1,0,0,1,0,1,1,0,0,0,0,0,0,1,1,1,0,1,0,0,0,1,0,ice_cif.y4m,32.82,32.792,0.412153,0.006358,0.0,72
1,1,0,0,0,0,0,0,1,0,0,0,1,1,0,1,1,0,1,1,0,1,0,0,1,0,0,0,0,1,1,0,1,0,0,0,0,1,ice_cif.y4m,3.08,3.078,0.008367,0.006203,0.0,248
1,1,0,1,0,0,0,0,0,0,0,0,1,0,1,1,1,1,1,1,0,1,0,0,0,0,0,1,0,1,0,1,1,0,0,0,0,1,ice_cif.y4m,107.67,108.468,2.555009,0.005448,0.0,130
1,1,0,0,0,1,0,0,0,0,0,0,1,0,1,1,1,1,1,1,0,1,0,0,0,0,0,0,1,1,1,0,0,0,0,0,0,0,ice_cif.y4m,139.6,139.626,0.222666,0.007144,0.0,324
1,1,1,0,0,0,0,0,0,0,0,0,1,0,1,1,0,1,1,1,0,1,0,1,0,0,0,0,0,1,0,1,0,0,0,0,0,0,ice_cif.y4m,109.88,109.93,0.156525,0.008398,0.0,354
1,1,0,0,0,0,0,0,0,0,1,0,1,0,1,1,0,0,1,1,0,1,0,0,0,1,0,0,0,1,0,1,0,0,0,0,0,0,ice_cif.y4m,84.81,84.558,1.1886,0.00542,0.0,291
1,1,0,0,0,0,0,0,0,0,1,0,1,1,0,1,0,0,1,1,0,1,0,1,0,0,0,0,0,1,1,0,1,0,1,0,0,0,ice_cif.y4m,1.35,1.346,0.037815,0.005569,0.0,237
1,1,0,0,0,1,0,0,0,0,0,0,1,1,0,1,1,0,1,1,0,1,1,0,0,0,0,0,0,1,1,0,1,1,0,0,0,0,ice_cif.y4m,2.32,2.304,0.026077,0.005882,0.0,183
1,1,0,0,0,1,0,0,0,0,0,0,1,0,1,1,1,1,1,0,1,1,0,0,1,0,0,0,0,1,0,1,0,0,0,0,0,0,ice_cif.y4m,1.6,1.61,0.035355,0.005866,0.0,227
1,1,0,0,0,0,0,0,1,0,0,0,1,1,0,1,0,1,1,0,1,1,0,0,0,0,0,1,0,1,0,1,0,0,0,0,0,0,ice_cif.y4m,4.29,4.302,0.030332,0.006182,0.0,338
1,1,0,0,1,0,0,0,0,0,0,0,1,0,1,1,0,0,1,0,1,1,1,0,0,0,0,0,0,1,1,0,1,0,0,0,1,0,ice_cif.y4m,17.65,17.644,0.041593,0.006468,0.0,142
1,1,0,0,1,0,0,0,0,0,0,0,1,1,0,1,1,1,1,0,1,1,0,0,1,0,0,0,0,1,1,0,1,0,0,0,0,1,ice_cif.y4m,9.54,9.538,0.022804,0.007645,0.0,332
1,1,0,0,0,0,0,0,0,1,0,0,1,0,1,1,0,0,1,1,0,1,0,0,0,0,1,0,0,1,0,1,1,0,0,0,1,0,ice_cif.y4m,163.5,163.382,0.285342,0.005472,0.0,95
1,1,0,0,1,0,0,0,0,0,0,0,1,0,1,1,0,0,1,0,1,1,0,0,0,1,0,0,0,1,0,1,0,0,0,0,0,0,ice_cif.y4m,6.51,6.518,0.031145,0.007761,0.0,289
1,1,0,0,1,0,0,0,0,0,0,0,1,1,0,1,0,0,1,0,1,1,0,0,0,0,0,1,0,1,0,1,1,0,0,1,0,0,ice_cif.y4m,1.23,1.232,0.038987,0.005569,0.0,378
1,1,0,0,1,0,0,0,0,0,0,0,1,1,0,1,1,1,1,1,0,1,0,0,1,0,0,0,0,1,0,1,1,0,0,0,1,0,ice_cif.y4m,38.97,38.99,0.121655,0.006321,0.0,278
1,1,0,0,0,0,0,0,0,0,1,0,1,0,1,1,1,0,1,0,1,1,1,0,0,0,0,0,0,1,0,1,1,0,0,0,1,0,ice_cif.y4m,4.52,4.516,0.110136,0.007827,0.0,30
1,1,0,0,1,0,0,0,0,0,0,0,1,1,0,1,0,0,1,0,1,1,0,1,0,0,0,0,0,1,0,1,1,0,0,0,0,1,ice_cif.y4m,1.15,1.158,0.019235,0.006169,0.0,120
1,1,0,0,0,1,0,0,0,0,0,0,1,1,0,1,1,1,1,0,1,1,0,0,0,0,0,1,0,1,0,1,0,0,0,0,0,0,ice_cif.y4m,1.89,1.94,0.107703,0.005626,0.0,265
1,1,0,0,0,0,0,0,0,0,1,0,1,1,0,1,1,0,1,1,0,1,0,0,0,0,0,1,0,1,0,1,0,0,0,0,0,0,ice_cif.y4m,3.72,3.736,0.02881,0.005902,0.0,296
1,1,0,0,0,0,0,1,0,0,0,0,1,1,0,1,1,1,1,1,0,1,0,1,0,0,0,0,0,1,0,1,0,0,0,0,0,0,ice_cif.y4m,6.21,6.22,0.067454,0.006069,0.0,232
1,1,0,0,0,0,0,0,0,0,1,0,1,0,1,1,0,0,1,1,0,1,0,0,1,0,0,0,0,1,1,0,1,0,0,1,0,0,ice_cif.y4m,4.93,4.916,0.037815,0.007398,0.0,310
1,1,0,0,0,0,0,1,0,0,0,0,1,0,1,1,1,1,1,0,1,1,0,0,0,0,0,1,0,1,0,1,1,0,0,1,0,0,ice_cif.y4m,116.41,116.416,0.052249,0.007147,0.0,349
1,1,0,0,1,0,0,0,0,0,0,0,1,1,0,1,0,1,1,0,1,1,0,0,0,0,0,1,0,1,0,1,0,0,0,0,0,0,ice_cif.y4m,3.09,3.084,0.031305,0.007494,0.0,377
1,1,0,0,0,0,0,0,0,1,0,0,1,0,1,1,1,1,1,1,0,1,0,0,0,0,1,0,0,1,0,1,1,0,0,0,1,0,ice_cif.y4m,180.27,180.18,0.409695,0.006442,0.0,94
1,1,1,0,0,0,0,0,0,0,0,0,1,1,0,1,1,0,1,0,1,1,1,0,0,0,0,0,0,1,0,1,1,1,0,0,0,0,ice_cif.y4m,4.38,4.384,0.027019,0.007577,0.0,178
1,1,0,0,0,0,0,0,0,0,1,0,1,0,1,1,0,0,1,1,0,1,0,0,0,0,0,1,0,1,0,1,1,0,0,0,0,1,ice_cif.y4m,4.09,4.098,0.029496,0.007379,0.0,127
1,1,0,0,0,0,0,1,0,0,0,0,1,0,1,1,1,0,1,0,1,1,0,0,0,1,0,0,0,1,0,1,1,0,0,0,1,0,ice_cif.y4m,1.44,1.452,0.025884,0.0063,0.0,111
1,1,1,0,0,0,0,0,0,0,0,0,1,0,1,1,0,1,1,1,0,1,0,1,0,0,0,0,0,1,0,1,1,0,0,1,0,0,ice_cif.y4m,3.46,3.448,0.038987,0.007092,0.0,353
1,1,0,0,0,0,1,0,0,0,0,0,1,0,1,1,1,1,1,1,0,1,0,1,0,0,0,0,0,1,1,0,1,0,0,0,1,0,ice_cif.y4m,3.86,3.826,0.091542,0.006109,0.0,45
1,1,0,0,0,1,0,0,0,0,0,0,1,0,1,1,1,1,1,0,1,1,0,0,1,0,0,0,0,1,1,0,0,0,0,0,0,0,ice_cif.y4m,1.28,1.25,0.056569,0.006744,0.0,226
1,1,0,0,0,0,0,0,0,0,0,1,1,1,0,1,1,0,1,0,1,1,0,0,0,0,0,1,0,1,1,0,1,0,0,0,0,1,ice_cif.y4m,4.25,4.244,0.045607,0.005927,0.0,59
1,1,0,0,0,0,0,0,1,0,0,0,1,1,0,1,1,1,1,1,0,1,1,0,0,0,0,0,0,1,0,1,1,1,0,0,0,0,ice_cif.y4m,33.82,34.022,0.337817,0.005867,0.0,19
1,1,0,0,0,0,0,0,0,0,0,1,1,1,0,1,0,1,1,0,1,1,0,0,0,1,0,0,0,1,1,0,1,1,0,0,0,0,ice_cif.y4m,22.08,21.82,0.583609,0.006451,0.0,304
1,1,0,0,0,0,0,0,1,0,0,0,1,0,1,1,0,1,1,0,1,1,0,1,0,0,0,0,0,1,0,1,0,0,0,0,0,0,ice_cif.y4m,3.04,3.028,0.032711,0.006203,0.0,207
1,1,0,0,0,0,1,0,0,0,0,0,1,1,0,1,1,1,1,1,0,1,0,1,0,0,0,0,0,1,1,0,0,0,0,0,0,0,ice_cif.y4m,170.08,171.926,5.053972,0.005476,0.0,43
1,1,0,0,0,0,1,0,0,0,0,0,1,1,0,1,1,0,1,1,0,1,1,0,0,0,0,0,0,1,1,0,1,0,0,0,0,1,ice_cif.y4m,2.05,2.05,0.025495,0.005493,0.0,40
1,1,0,0,0,1,0,0,0,0,0,0,1,0,1,1,0,1,1,1,0,1,1,0,0,0,0,0,0,1,1,0,1,1,0,0,0,0,ice_cif.y4m,126.51,126.48,0.070711,0.007103,0.0,186
1,1,0,0,1,0,0,0,0,0,0,0,1,0,1,1,0,0,1,0,1,1,0,0,0,1,0,0,0,1,0,1,1,0,0,0,0,1,ice_cif.y4m,2.02,2.02,0.018708,0.006263,0.0,288
1,1,1,0,0,0,0,0,0,0,0,0,1,1,0,1,1,0,1,1,0,1,0,1,0,0,0,0,0,1,1,0,1,0,1,0,0,0,ice_cif.y4m,3.53,3.568,0.066106,0.005995,0.0,82
1,1,0,0,0,0,0,0,0,0,1,0,1,0,1,1,1,1,1,0,1,1,0,0,0,1,0,0,0,1,0,1,0,0,0,0,0,0,ice_cif.y4m,2.88,2.884,0.020736,0.006249,0.0,211
1,1,0,0,1,0,0,0,0,0,0,0,1,0,1,1,1,1,1,0,1,1,0,0,0,0,0,1,0,1,1,0,1,0,0,1,0,0,ice_cif.y4m,102.94,102.872,0.256066,0.005554,0.0,347
1,1,0,1,0,0,0,0,0,0,0,0,1,0,1,1,0,0,1,1,0,1,1,0,0,0,0,0,0,1,1,0,1,0,0,0,1,0,ice_cif.y4m,6.34,6.324,0.105499,0.005864,0.0,13
1,1,0,0,0,0,0,1,0,0,0,0,1,0,1,1,1,1,1,0,1,1,0,0,1,0,0,0,0,1,0,1,0,0,0,0,0,0,ice_cif.y4m,285.62,286.274,1.139618,0.005426,0.0,228
1,1,0,0,0,0,0,0,0,1,0,0,1,1,0,1,0,1,1,0,1,1,0,0,1,0,0,0,0,1,0,1,1,0,0,0,0,1,ice_cif.y4m,4.98,4.972,0.049699,0.006765,0.0,335
1,1,0,0,0,0,0,0,1,0,0,0,1,1,0,1,1,0,1,0,1,1,0,0,1,0,0,0,0,1,1,0,1,1,0,0,0,0,ice_cif.y4m,14.84,14.862,0.106395,0.007312,0.0,24
1,1,1,0,0,0,0,0,0,0,0,0,1,0,1,1,0,1,1,0,1,1,0,1,0,0,0,0,0,1,0,1,1,0,0,1,0,0,ice_cif.y4m,193.37,193.442,0.254892,0.008257,0.0,352
1,1,0,0,0,0,1,0,0,0,0,0,1,0,1,1,0,0,1,1,0,1,0,0,0,0,0,1,0,1,1,0,0,0,0,0,0,0,ice_cif.y4m,3.04,3.042,0.010954,0.006287,0.0,368
1,1,1,0,0,0,0,0,0,0,0,0,1,0,1,1,1,1,1,1,0,1,0,1,0,0,0,0,0,1,1,0,0,0,0,0,0,0,ice_cif.y4m,1.49,1.424,0.090995,0.006299,0.0,80
1,1,0,0,1,0,0,0,0,0,0,0,1,1,0,1,0,0,1,0,1,1,0,1,0,0,0,0,0,1,0,1,0,0,0,0,0,0,ice_cif.y4m,21.55,21.522,0.103296,0.005969,0.0,121
1,1,0,0,0,0,0,0,0,0,1,0,1,0,1,1,1,1,1,0,1,1,0,0,1,0,0,0,0,1,1,0,1,1,0,0,0,0,ice_cif.y4m,2.58,2.582,0.019235,0.005796,0.0,156
1,1,0,1,0,0,0,0,0,0,0,0,1,0,1,1,1,1,1,1,0,1,0,0,0,0,0,1,0,1,1,0,1,1,0,0,0,0,ice_cif.y4m,0.8,0.818,0.032711,0.006336,0.0,9
1,1,0,0,0,0,0,0,0,0,1,0,1,1,0,1,0,0,1,1,0,1,0,0,0,0,1,0,0,1,1,0,1,0,0,0,0,1,ice_cif.y4m,3.43,3.416,0.04669,0.006099,0.0,165
1,1,0,0,0,0,0,0,0,0,1,0,1,0,1,1,0,0,1,1,0,1,0,1,0,0,0,0,0,1,0,1,1,0,0,0,0,1,ice_cif.y4m,3.64,3.652,0.021679,0.006223,0.0,126
1,1,0,0,1,0,0,0,0,0,0,0,1,1,0,1,1,1,1,0,1,1,0,0,1,0,0,0,0,1,0,1,1,0,1,0,0,0,ice_cif.y4m,1.33,1.332,0.013038,0.006299,0.0,280
1,1,0,0,0,0,0,1,0,0,0,0,1,0,1,1,1,1,1,1,0,1,0,1,0,0,0,0,0,1,0,1,1,0,0,0,1,0,ice_cif.y4m,0.95,0.952,0.008367,0.009319,0.0,172
1,1,0,0,0,0,0,0,0,0,1,0,1,0,1,1,0,1,1,1,0,1,0,0,0,1,0,0,0,1,0,1,0,0,0,0,0,0,ice_cif.y4m,4.96,4.964,0.045607,0.007517,0.0,292
1,1,0,0,0,0,0,0,0,0,1,0,1,1,0,1,1,1,1,0,1,1,0,0,0,0,0,1,0,1,1,0,0,0,0,0,0,0,ice_cif.y4m,12.1,12.1,0.047434,0.005931,0.0,105
1,1,0,0,0,1,0,0,0,0,0,0,1,0,1,1,1,1,1,0,1,1,0,0,0,0,0,0,1,1,1,0,1,0,1,0,0,0,ice_cif.y4m,8.44,8.456,0.046152,0.007723,0.0,76
1,1,0,0,0,1,0,0,0,0,0,0,1,0,1,1,0,0,1,1,0,1,1,0,0,0,0,0,0,1,1,0,1,0,0,0,0,1,ice_cif.y4m,99.04,99.072,0.266214,0.005433,0.0,221
1,1,0,0,0,0,0,0,0,0,1,0,1,1,0,1,1,0,1,1,0,1,0,0,0,0,1,0,0,1,0,1,1,0,0,0,0,1,ice_cif.y4m,24.26,24.268,0.031145,0.007214,0.0,167
1,1,0,0,0,0,0,0,0,0,1,0,1,0,1,1,0,1,1,0,1,1,1,0,0,0,0,0,0,1,1,0,1,0,0,0,0,1,ice_cif.y4m,187.13,186.866,0.699307,0.006602,0.0,35
1,1,0,0,1,0,0,0,0,0,0,0,1,1,0,1,0,0,1,1,0,1,0,1,0,0,0,0,0,1,0,1,1,0,1,0,0,0,ice_cif.y4m,2.42,2.422,0.008367,0.005902,0.0,235
1,1,0,0,0,0,0,0,0,1,0,0,1,1,0,1,1,1,1,0,1,1,0,0,1,0,0,0,0,1,0,1,1,0,0,0,0,1,ice_cif.y4m,6.32,6.328,0.047645,0.007771,0.0,333
1,1,0,0,0,0,1,0,0,0,0,0,1,0,1,1,1,1,1,1,0,1,0,1,0,0,0,0,0,1,1,0,0,0,0,0,0,0,ice_cif.y4m,89.02,88.984,0.195013,0.005462,0.0,44
1,1,0,0,1,0,0,0,0,0,0,0,1,0,1,1,0,1,1,1,0,1,0,1,0,0,0,0,0,1,0,1,1,1,0,0,0,0,ice_cif.y4m,159.41,159.594,0.861412,0.006275,0.0,256
1,1,0,0,0,0,0,1,0,0,0,0,1,0,1,1,1,0,1,0,1,1,0,1,0,0,0,0,0,1,0,1,1,0,0,0,0,1,ice_cif.y4m,412.34,413.62,2.09472,0.007325,0.0,192
1,1,0,0,0,0,1,0,0,0,0,0,1,1,0,1,1,1,1,1,0,1,1,0,0,0,0,0,0,1,1,0,1,0,0,0,0,1,ice_cif.y4m,12.48,12.426,0.204524,0.00659,0.0,41
1,1,0,0,0,0,0,0,0,0,1,0,1,0,1,1,0,1,1,1,0,1,0,0,0,0,0,1,0,1,0,1,1,0,0,0,1,0,ice_cif.y4m,114.68,114.612,0.660129,0.007958,0.0,273
1,1,0,0,0,0,0,0,0,0,1,0,1,1,0,1,0,1,1,0,1,1,0,0,0,0,0,1,0,1,0,1,0,0,0,0,0,0,ice_cif.y4m,74.86,74.77,0.438406,0.007873,0.0,101
1,1,0,0,0,0,0,0,0,0,1,0,1,0,1,1,1,1,1,0,1,1,0,0,0,0,1,0,0,1,1,0,1,0,1,0,0,0,ice_cif.y4m,61.43,61.422,0.170792,0.005502,0.0,242
1,1,0,0,0,0,0,0,0,0,1,0,1,1,0,1,0,1,1,0,1,1,0,0,0,0,0,1,0,1,1,0,0,0,0,0,0,0,ice_cif.y4m,3.8,3.786,0.039749,0.007742,0.0,103
1,1,1,0,0,0,0,0,0,0,0,0,1,1,0,1,1,0,1,1,0,1,0,1,0,0,0,0,0,1,0,1,0,0,0,0,0,0,ice_cif.y4m,107.76,107.476,0.6968,0.006345,0.0,1
1,1,0,0,0,0,0,1,0,0,0,0,1,1,0,1,0,0,1,0,1,1,0,0,0,0,0,1,0,1,0,1,1,0,0,0,0,1,ice_cif.y4m,3.33,3.322,0.043243,0.007092,0.0,56
1,1,0,0,1,0,0,0,0,0,0,0,1,0,1,1,0,0,1,0,1,1,0,0,0,0,0,0,1,1,0,1,0,0,0,0,0,0,ice_cif.y4m,12.0,11.942,0.248032,0.005931,0.0,373
1,1,0,0,0,0,0,0,1,0,0,0,1,1,0,1,1,1,1,0,1,1,0,1,0,0,0,0,0,1,0,1,1,0,1,0,0,0,ice_cif.y4m,132.5,133.068,1.237405,0.005353,0.0,318
1,1,0,0,0,1,0,0,0,0,0,0,1,1,0,1,0,0,1,1,0,1,0,0,0,0,1,0,0,1,1,0,0,0,0,0,0,0,ice_cif.y4m,188.18,188.06,0.527494,0.005669,0.0,69
1,1,0,1,0,0,0,0,0,0,0,0,1,0,1,1,0,0,1,1,0,1,0,0,0,0,0,1,0,1,1,0,1,1,0,0,0,0,ice_cif.y4m,2.81,2.814,0.027019,0.007484,0.0,11
1,1,0,0,1,0,0,0,0,0,0,0,1,0,1,1,0,0,1,1,0,1,0,1,0,0,0,0,0,1,0,1,1,0,0,1,0,0,ice_cif.y4m,2.5,2.506,0.008944,0.005796,0.0,258
1,1,0,0,0,0,0,0,0,0,1,0,1,0,1,1,0,0,1,1,0,1,0,1,0,0,0,0,0,1,1,0,1,0,1,0,0,0,ice_cif.y4m,249.85,249.942,0.416797,0.007415,0.0,238
1,1,0,0,0,0,0,1,0,0,0,0,1,0,1,1,1,0,1,1,0,1,1,0,0,0,0,0,0,1,0,1,1,0,0,0,1,0,ice_cif.y4m,282.07,281.616,1.128818,0.005576,0.0,173
1,1,0,0,0,0,0,1,0,0,0,0,1,0,1,1,0,1,1,0,1,1,0,1,0,0,0,0,0,1,0,1,1,1,0,0,0,0,ice_cif.y4m,324.13,324.47,0.843416,0.006351,0.0,190
1,1,0,1,0,0,0,0,0,0,0,0,1,0,1,1,1,0,1,1,0,1,0,0,0,0,0,1,0,1,0,1,1,1,0,0,0,0,ice_cif.y4m,70.68,70.632,0.245906,0.00627,0.0,7
1,1,0,0,0,1,0,0,0,0,0,0,1,0,1,1,1,1,1,0,1,1,0,0,0,0,0,0,1,1,1,0,0,0,0,0,0,0,ice_cif.y4m,1.46,1.472,0.044385,0.006515,0.0,323
1,1,0,0,0,1,0,0,0,0,0,0,1,0,1,1,0,0,1,0,1,1,0,0,0,0,0,0,1,1,1,0,1,0,0,0,1,0,ice_cif.y4m,173.14,173.234,0.876944,0.006247,0.0,73
1,1,0,0,0,0,0,0,0,0,1,0,1,0,1,1,1,0,1,0,1,1,0,1,0,0,0,0,0,1,0,1,0,0,0,0,0,0,ice_cif.y4m,186.16,186.204,0.7084,0.005476,0.0,209
1,1,0,1,0,0,0,0,0,0,0,0,1,1,0,1,1,0,1,0,1,1,1,0,0,0,0,0,0,1,1,0,0,0,0,0,0,0,ice_cif.y4m,2.62,2.62,0.012247,0.006232,0.0,138
1,1,0,0,0,1,0,0,0,0,0,0,1,1,0,1,1,1,1,1,0,1,0,0,0,0,0,1,0,1,0,1,0,0,0,0,0,0,ice_cif.y4m,69.82,69.78,0.118954,0.007134,0.0,264
1,1,0,0,0,0,0,0,0,1,0,0,1,0,1,1,0,1,1,0,1,1,0,0,0,0,0,1,0,1,0,1,1,0,0,0,1,0,ice_cif.y4m,187.12,186.822,0.50321,0.005669,0.0,98
1,1,0,0,0,0,0,0,0,0,1,0,1,1,0,1,0,0,1,0,1,1,0,0,0,0,0,1,0,1,1,0,1,0,0,1,0,0,ice_cif.y4m,2.87,2.876,0.024083,0.00636,0.0,380
1,1,0,0,1,0,0,0,0,0,0,0,1,1,0,1,1,1,1,1,0,1,0,1,0,0,0,0,0,1,1,0,1,0,1,0,0,0,ice_cif.y4m,201.26,201.254,0.205134,0.007888,0.0,85
1,1,0,0,0,0,0,0,0,0,1,0,1,0,1,1,0,0,1,0,1,1,1,0,0,0,0,0,0,1,0,1,1,0,0,0,1,0,ice_cif.y4m,100.91,100.876,0.199324,0.005579,0.0,31
1,1,0,1,0,0,0,0,0,0,0,0,1,0,1,1,1,0,1,1,0,1,0,0,0,0,0,1,0,1,1,0,1,1,0,0,0,0,ice_cif.y4m,2.23,2.244,0.034351,0.005493,0.0,8
1,1,0,0,1,0,0,0,0,0,0,0,1,1,0,1,1,1,1,1,0,1,1,0,0,0,0,0,0,1,0,1,1,1,0,0,0,0,ice_cif.y4m,4.63,4.596,0.076354,0.006182,0.0,216
1,1,0,0,1,0,0,0,0,0,0,0,1,1,0,1,1,1,1,0,1,1,0,0,0,1,0,0,0,1,0,1,1,1,0,0,0,0,ice_cif.y4m,1.0,0.976,0.061887,0.006169,0.0,214
1,1,0,0,0,0,0,0,1,0,0,0,1,1,0,1,0,0,1,1,0,1,0,0,0,0,0,1,0,1,1,0,0,0,0,0,0,0,ice_cif.y4m,5.37,5.386,0.035071,0.006245,0.0,341
1,1,0,0,1,0,0,0,0,0,0,0,1,1,0,1,0,0,1,1,0,1,0,1,0,0,0,0,0,1,1,0,1,0,1,0,0,0,ice_cif.y4m,2.84,2.784,0.095551,0.007421,0.0,236
1,1,0,0,0,0,0,0,0,0,1,0,1,0,1,1,0,0,1,0,1,1,0,0,0,0,1,0,0,1,1,0,1,0,1,0,0,0,ice_cif.y4m,6.96,6.966,0.076681,0.007847,0.0,240
1,1,0,0,0,0,0,1,0,0,0,0,1,0,1,1,0,0,1,0,1,1,0,0,0,1,0,0,0,1,0,1,1,0,0,0,1,0,ice_cif.y4m,3.87,3.864,0.068044,0.007742,0.0,51
1,1,1,0,0,0,0,0,0,0,0,0,1,0,1,1,1,1,1,0,1,1,0,0,0,0,0,0,1,1,1,0,1,0,1,0,0,0,ice_cif.y4m,4.54,4.486,0.121573,0.005972,0.0,77
1,1,0,0,0,0,0,0,0,0,1,0,1,0,1,1,1,0,1,1,0,1,0,0,0,0,0,1,0,1,0,1,1,0,0,0,0,1,ice_cif.y4m,3.45,3.464,0.021909,0.005651,0.0,128
1,1,0,0,1,0,0,0,0,0,0,0,1,1,0,1,0,0,1,1,0,1,0,1,0,0,0,0,0,1,0,1,0,0,0,0,0,0,ice_cif.y4m,86.2,86.282,0.219932,0.005401,0.0,234
1,1,0,0,0,0,0,0,1,0,0,0,1,0,1,1,1,0,1,0,1,1,0,0,0,0,0,1,0,1,0,1,1,0,0,0,1,0,ice_cif.y4m,444.0,444.05,0.130958,0.007325,0.0,28
1,1,0,0,1,0,0,0,0,0,0,0,1,1,0,1,1,0,1,0,1,1,1,0,0,0,0,0,0,1,1,0,0,0,0,0,0,0,ice_cif.y4m,68.44,68.33,0.392556,0.00627,0.0,139
1,1,0,0,0,0,0,0,0,0,1,0,1,0,1,1,1,0,1,1,0,1,0,0,0,0,1,0,0,1,1,0,1,0,1,0,0,0,ice_cif.y4m,0.91,0.882,0.048166,0.005836,0.0,152
1,1,0,1,0,0,0,0,0,0,0,0,1,0,1,1,0,0,1,1,0,1,0,0,0,0,0,1,0,1,1,0,1,0,0,0,1,0,ice_cif.y4m,127.83,127.948,0.273624,0.008368,0.0,12
1,1,0,0,0,0,1,0,0,0,0,0,1,0,1,1,0,1,1,1,0,1,0,0,0,0,0,1,0,1,1,0,0,0,0,0,0,0,ice_cif.y4m,0.81,0.806,0.005477,0.005836,0.0,369
1,1,0,0,0,0,0,0,0,0,0,1,1,1,0,1,1,0,1,0,1,1,0,0,0,0,0,1,0,1,0,1,1,0,0,0,0,1,ice_cif.y4m,24.27,24.268,0.017889,0.007214,0.0,58
1,1,0,0,0,0,0,0,1,0,0,0,1,1,0,1,1,0,1,1,0,1,1,0,0,0,0,0,0,1,1,0,0,0,0,0,0,0,ice_cif.y4m,25.99,25.994,0.055946,0.007863,0.0,64
1,1,0,0,0,0,0,0,1,0,0,0,1,1,0,1,1,0,1,1,0,1,0,0,1,0,0,0,0,1,1,0,1,1,0,0,0,0,ice_cif.y4m,17.26,17.25,0.078102,0.005835,0.0,21
1,1,0,0,0,1,0,0,0,0,0,0,1,0,1,1,1,1,1,0,1,1,0,0,1,0,0,0,0,1,1,0,1,0,0,0,0,1,ice_cif.y4m,101.92,101.868,0.092033,0.005554,0.0,225
1,1,0,0,0,0,1,0,0,0,0,0,1,0,1,1,1,0,1,1,0,1,0,0,0,0,0,1,0,1,1,0,1,0,0,0,1,0,ice_cif.y4m,142.93,142.92,1.01,0.006261,0.0,366
1,1,0,0,0,0,0,1,0,0,0,0,1,0,1,1,1,1,1,0,1,1,0,0,1,0,0,0,0,1,0,1,1,0,0,0,0,1,mad900_cif.y4m,9.11,9.032,0.154984,0.003015,0.0,114
1,1,0,0,1,0,0,0,0,0,0,0,1,1,0,1,1,1,1,0,1,1,0,0,1,0,0,0,0,1,1,0,1,0,1,0,0,0,mad900_cif.y4m,6.39,6.4,0.02,0.002673,0.0,281
1,1,0,0,0,1,0,0,0,0,0,0,1,0,1,1,1,0,1,1,0,1,0,0,0,0,0,0,1,1,1,0,1,0,0,1,0,0,mad900_cif.y4m,13.18,13.198,0.054037,0.002894,0.0,325
1,1,1,0,0,0,0,0,0,0,0,0,1,1,0,1,1,0,1,1,0,1,0,0,0,0,1,0,0,1,1,0,1,1,0,0,0,0,mad900_cif.y4m,10.87,10.922,0.110995,0.002718,0.0,181
1,1,0,0,0,0,0,0,1,0,0,0,1,1,0,1,1,0,1,0,1,1,0,0,1,0,0,0,0,1,1,0,1,0,0,0,0,1,mad900_cif.y4m,255.81,257.938,3.353747,0.00349,0.0,247
1,1,0,0,0,0,0,0,0,0,1,0,1,1,0,1,1,0,1,1,0,1,0,0,0,0,1,0,0,1,1,0,1,0,0,0,0,1,mad900_cif.y4m,313.39,313.018,0.845648,0.003618,0.0,166
1,1,0,0,0,0,0,0,1,0,0,0,1,1,0,1,1,0,1,0,1,1,0,0,1,0,0,0,0,1,1,0,1,0,0,0,1,0,mad900_cif.y4m,10.0,10.012,0.081056,0.002508,0.0,25
1,1,0,0,0,0,0,1,0,0,0,0,1,0,1,1,0,0,1,1,0,1,0,1,0,0,0,0,0,1,0,1,0,0,0,0,0,0,mad900_cif.y4m,23.94,23.97,0.114237,0.004056,0.0,355
1,1,0,0,1,0,0,0,0,0,0,0,1,1,0,1,0,0,1,1,0,1,1,0,0,0,0,0,0,1,1,0,1,0,0,0,0,1,mad900_cif.y4m,2.88,2.878,0.019235,0.00205,0.0,219
1,1,0,0,0,1,0,0,0,0,0,0,1,1,0,1,1,0,1,1,0,1,0,0,0,0,1,0,0,1,1,0,1,1,0,0,0,0,mad900_cif.y4m,24.09,24.008,0.135536,0.004056,0.0,182
1,1,0,1,0,0,0,0,0,0,0,0,1,0,1,1,0,1,1,1,0,1,0,0,0,0,0,1,0,1,1,0,1,1,0,0,0,0,mad900_cif.y4m,7.59,7.588,0.027749,0.002829,0.0,10
1,1,0,0,1,0,0,0,0,0,0,0,1,1,0,1,1,0,1,0,1,1,0,0,1,0,0,0,0,1,0,1,1,0,0,0,0,1,mad900_cif.y4m,136.98,136.994,0.245214,0.002896,0.0,116
1,1,0,0,0,1,0,0,0,0,0,0,1,1,0,1,1,1,1,0,1,1,0,0,0,0,0,1,0,1,0,1,1,1,0,0,0,0,mad900_cif.y4m,15.33,15.376,0.079875,0.002881,0.0,266
1,1,0,0,0,0,0,0,1,0,0,0,1,1,0,1,0,0,1,0,1,1,0,0,1,0,0,0,0,1,1,0,1,0,0,1,0,0,mad900_cif.y4m,56.8,56.882,0.141138,0.004407,0.0,313
1,1,0,0,0,0,0,1,0,0,0,0,1,0,1,1,0,0,1,1,0,1,0,0,0,0,0,0,1,1,0,1,0,0,0,0,0,0,mad900_cif.y4m,15.86,15.83,0.055678,0.003998,0.0,357
1,1,0,0,0,1,0,0,0,0,0,0,1,0,1,1,0,1,1,0,1,1,1,0,0,0,0,0,0,1,1,0,1,1,0,0,0,0,mad900_cif.y4m,4.66,4.664,0.015166,0.004182,0.0,187
1,1,0,0,0,0,0,0,1,0,0,0,1,1,0,1,1,1,1,0,1,1,0,0,1,0,0,0,0,1,1,0,1,1,0,0,0,0,mad900_cif.y4m,679.37,679.512,0.481477,0.003554,0.0,23
1,1,0,0,1,0,0,0,0,0,0,0,1,1,0,1,1,0,1,1,0,1,0,1,0,0,0,0,0,1,0,1,0,0,0,0,0,0,mad900_cif.y4m,88.83,88.85,0.141598,0.003038,0.0,2
1,1,0,0,0,0,0,0,0,0,0,1,1,1,0,1,1,0,1,0,1,1,0,0,0,0,0,1,0,1,1,0,1,1,0,0,0,0,mad900_cif.y4m,287.21,287.346,0.630777,0.003661,0.0,301
1,1,0,0,0,0,0,1,0,0,0,0,1,0,1,1,0,1,1,1,0,1,0,1,0,0,0,0,0,1,0,1,0,0,0,0,0,0,mad900_cif.y4m,308.67,308.27,7.003967,0.004054,0.0,356
1,1,0,0,0,0,0,0,0,0,1,0,1,1,0,1,0,1,1,0,1,1,0,0,0,0,0,1,0,1,0,1,1,1,0,0,0,0,mad900_cif.y4m,19.07,19.054,0.027019,0.003818,0.0,269
1,1,0,0,0,0,0,0,0,0,1,0,1,0,1,1,0,1,1,1,0,1,0,0,1,0,0,0,0,1,0,1,1,0,0,0,1,0,mad900_cif.y4m,11.65,11.664,0.04827,0.004078,0.0,274
1,1,0,0,0,0,0,0,0,0,1,0,1,0,1,1,0,1,1,1,0,1,0,0,0,1,0,0,0,1,1,0,1,1,0,0,0,0,mad900_cif.y4m,13.59,13.588,0.022804,0.00368,0.0,307
1,1,0,0,1,0,0,0,0,0,0,0,1,0,1,1,0,1,1,1,0,1,0,0,1,0,0,0,0,1,0,1,1,1,0,0,0,0,mad900_cif.y4m,48.66,48.624,0.074364,0.002832,0.0,254
1,1,0,0,0,0,0,0,0,0,1,0,1,0,1,1,0,1,1,0,1,1,0,1,0,0,0,0,0,1,0,1,0,0,0,0,0,0,mad900_cif.y4m,3.24,3.242,0.014832,0.002186,0.0,208
1,1,0,0,1,0,0,0,0,0,0,0,1,1,0,1,1,1,1,1,0,1,0,0,1,0,0,0,0,1,0,1,1,0,1,0,0,0,mad900_cif.y4m,4.09,4.078,0.034205,0.004456,0.0,279
1,1,0,0,0,0,0,1,0,0,0,0,1,1,0,1,1,1,1,1,0,1,0,1,0,0,0,0,0,1,0,1,1,0,0,0,1,0,mad900_cif.y4m,14.17,14.172,0.036332,0.003474,0.0,171
1,1,0,0,0,0,0,0,0,1,0,0,1,1,0,1,0,1,1,0,1,1,0,0,0,0,0,1,0,1,0,1,1,0,0,0,1,0,mad900_cif.y4m,61.32,61.27,0.149833,0.004407,0.0,99
1,1,1,0,0,0,0,0,0,0,0,0,1,0,1,1,1,1,1,1,0,1,0,1,0,0,0,0,0,1,1,0,1,0,1,0,0,0,mad900_cif.y4m,17.12,17.108,0.141315,0.003356,0.0,81
1,1,0,0,0,0,0,0,0,0,1,0,1,0,1,1,1,1,1,0,1,1,0,0,1,0,0,0,0,1,1,0,1,0,1,0,0,0,mad900_cif.y4m,5.25,5.234,0.06269,0.002872,0.0,155
1,1,0,0,0,1,0,0,0,0,0,0,1,1,0,1,0,1,1,1,0,1,1,0,0,0,0,0,0,1,1,0,1,1,0,0,0,0,mad900_cif.y4m,10.06,10.07,0.047958,0.00368,0.0,185
1,1,0,0,1,0,0,0,0,0,0,0,1,1,0,1,0,0,1,0,1,1,0,0,0,0,0,1,0,1,0,1,0,0,0,0,0,0,mad900_cif.y4m,6.26,6.266,0.021909,0.002481,0.0,376
1,1,0,0,0,0,0,0,1,0,0,0,1,1,0,1,0,1,1,0,1,1,0,1,0,0,0,0,0,1,1,0,0,0,0,0,0,0,mad900_cif.y4m,2.36,2.358,0.008367,0.002479,0.0,204
1,1,0,0,0,0,0,0,1,0,0,0,1,1,0,1,1,0,1,0,1,1,0,0,0,0,1,0,0,1,1,0,1,0,0,0,0,1,mad900_cif.y4m,199.28,198.61,1.390018,0.00314,0.0,246
1,1,0,0,0,0,0,1,0,0,0,0,1,1,0,1,1,1,1,0,1,1,0,0,1,0,0,0,0,1,0,1,0,0,0,0,0,0,mad900_cif.y4m,197.28,197.282,0.304089,0.003576,0.0,230
1,1,0,0,0,0,0,0,1,0,0,0,1,0,1,1,1,0,1,0,1,1,0,0,0,0,0,1,0,1,1,0,1,0,0,0,1,0,mad900_cif.y4m,192.6,192.584,0.17841,0.005072,0.0,27
1,1,0,1,0,0,0,0,0,0,0,0,1,1,0,1,1,1,1,0,1,1,1,0,0,0,0,0,0,1,1,0,0,0,0,0,0,0,mad900_cif.y4m,9.04,9.02,0.061237,0.002707,0.0,137
1,1,0,0,0,0,0,0,0,0,1,0,1,1,0,1,1,1,1,1,0,1,0,0,0,0,1,0,0,1,0,1,1,0,0,0,1,0,mad900_cif.y4m,11.4,11.378,0.083785,0.003864,0.0,169
1,1,0,0,0,0,0,0,0,0,1,0,1,0,1,1,0,1,1,0,1,1,1,0,0,0,0,0,0,1,0,1,1,0,0,0,0,1,mad900_cif.y4m,353.23,353.22,0.279016,0.003544,0.0,33
1,1,0,0,0,0,0,0,1,0,0,0,1,0,1,1,0,1,1,0,1,1,0,1,0,0,0,0,0,1,1,0,0,0,0,0,0,0,mad900_cif.y4m,58.62,58.574,0.127593,0.004912,0.0,205
1,1,0,0,0,0,0,0,0,0,1,0,1,1,0,1,1,0,1,0,1,1,0,0,0,0,1,0,0,1,1,0,1,0,0,0,0,1,mad900_cif.y4m,10.25,10.244,0.033615,0.003044,0.0,245
1,1,1,0,0,0,0,0,0,0,0,0,1,1,0,1,0,0,1,1,0,1,0,0,1,0,0,0,0,1,1,0,1,0,0,0,0,1,mad900_cif.y4m,10.63,10.626,0.051284,0.002471,0.0,163
1,1,0,0,1,0,0,0,0,0,0,0,1,1,0,1,1,0,1,1,0,1,1,0,0,0,0,0,0,1,0,1,1,1,0,0,0,0,mad900_cif.y4m,6.27,6.246,0.039115,0.002481,0.0,4
1,1,0,0,1,0,0,0,0,0,0,0,1,1,0,1,0,0,1,0,1,1,1,0,0,0,0,0,0,1,1,0,1,0,0,0,1,0,mad900_cif.y4m,5.66,5.65,0.054314,0.004456,0.0,141
1,1,1,0,0,0,0,0,0,0,0,0,1,1,0,1,1,1,1,0,1,1,0,0,1,0,0,0,0,1,1,0,1,1,0,0,0,0,mad900_cif.y4m,277.84,277.71,0.345326,0.003213,0.0,159
1,1,0,0,0,0,0,0,1,0,0,0,1,1,0,1,0,1,1,0,1,1,0,0,1,0,0,0,0,1,0,1,1,0,0,0,0,1,mad900_cif.y4m,26.04,26.022,0.115412,0.003986,0.0,336
1,1,0,0,0,1,0,0,0,0,0,0,1,1,0,1,0,0,1,0,1,1,0,0,0,0,0,0,1,1,1,0,1,0,0,0,1,0,mad900_cif.y4m,81.64,81.748,1.603159,0.00341,0.0,72
1,1,0,0,0,0,0,0,1,0,0,0,1,1,0,1,1,0,1,1,0,1,0,0,1,0,0,0,0,1,1,0,1,0,0,0,0,1,mad900_cif.y4m,8.39,8.384,0.035777,0.003169,0.0,248
1,1,0,1,0,0,0,0,0,0,0,0,1,0,1,1,1,1,1,1,0,1,0,0,0,0,0,1,0,1,0,1,1,0,0,0,0,1,mad900_cif.y4m,265.5,262.958,6.055474,0.003054,0.0,130
1,1,0,0,0,1,0,0,0,0,0,0,1,0,1,1,1,1,1,1,0,1,0,0,0,0,0,0,1,1,1,0,0,0,0,0,0,0,mad900_cif.y4m,364.39,364.54,0.483942,0.00387,0.0,324
1,1,1,0,0,0,0,0,0,0,0,0,1,0,1,1,0,1,1,1,0,1,0,1,0,0,0,0,0,1,0,1,0,0,0,0,0,0,mad900_cif.y4m,297.66,297.676,0.323002,0.005004,0.0,354
1,1,0,0,0,0,0,0,0,0,1,0,1,0,1,1,0,0,1,1,0,1,0,0,0,1,0,0,0,1,0,1,0,0,0,0,0,0,mad900_cif.y4m,202.75,202.534,1.645974,0.002824,0.0,291
1,1,0,0,0,0,0,0,0,0,1,0,1,1,0,1,0,0,1,1,0,1,0,1,0,0,0,0,0,1,1,0,1,0,1,0,0,0,mad900_cif.y4m,4.11,4.146,0.111937,0.002261,0.0,237
1,1,0,0,0,1,0,0,0,0,0,0,1,1,0,1,1,0,1,1,0,1,1,0,0,0,0,0,0,1,1,0,1,1,0,0,0,0,mad900_cif.y4m,5.66,5.656,0.016733,0.002774,0.0,183
1,1,0,0,0,1,0,0,0,0,0,0,1,0,1,1,1,1,1,0,1,1,0,0,1,0,0,0,0,1,0,1,0,0,0,0,0,0,mad900_cif.y4m,4.75,4.756,0.024083,0.002429,0.0,227
1,1,0,0,0,0,0,0,1,0,0,0,1,1,0,1,0,1,1,0,1,1,0,0,0,0,0,1,0,1,0,1,0,0,0,0,0,0,mad900_cif.y4m,13.09,13.086,0.011402,0.003056,0.0,338
1,1,0,0,1,0,0,0,0,0,0,0,1,0,1,1,0,0,1,0,1,1,1,0,0,0,0,0,0,1,1,0,1,0,0,0,1,0,mad900_cif.y4m,45.9,45.954,0.100896,0.003433,0.0,142
1,1,0,0,1,0,0,0,0,0,0,0,1,1,0,1,1,1,1,0,1,1,0,0,1,0,0,0,0,1,1,0,1,0,0,0,0,1,mad900_cif.y4m,35.46,35.448,0.032711,0.003867,0.0,332
1,1,0,0,0,0,0,0,0,1,0,0,1,0,1,1,0,0,1,1,0,1,0,0,0,0,1,0,0,1,0,1,1,0,0,0,1,0,mad900_cif.y4m,270.22,269.98,1.022081,0.00291,0.0,95
1,1,0,0,1,0,0,0,0,0,0,0,1,0,1,1,0,0,1,0,1,1,0,0,0,1,0,0,0,1,0,1,0,0,0,0,0,0,mad900_cif.y4m,25.26,25.27,0.057879,0.003995,0.0,289
1,1,0,0,1,0,0,0,0,0,0,0,1,1,0,1,0,0,1,0,1,1,0,0,0,0,0,1,0,1,0,1,1,0,0,1,0,0,mad900_cif.y4m,4.01,4.004,0.035777,0.002261,0.0,378
1,1,0,0,1,0,0,0,0,0,0,0,1,1,0,1,1,1,1,1,0,1,0,0,1,0,0,0,0,1,0,1,1,0,0,0,1,0,mad900_cif.y4m,90.45,90.43,0.144049,0.003414,0.0,278
1,1,0,0,0,0,0,0,0,0,1,0,1,0,1,1,1,0,1,0,1,1,1,0,0,0,0,0,0,1,0,1,1,0,0,0,1,0,mad900_cif.y4m,16.26,16.276,0.083845,0.004047,0.0,30
1,1,0,0,1,0,0,0,0,0,0,0,1,1,0,1,0,0,1,0,1,1,0,1,0,0,0,0,0,1,0,1,1,0,0,0,0,1,mad900_cif.y4m,3.22,3.228,0.010954,0.00269,0.0,120
1,1,0,0,0,1,0,0,0,0,0,0,1,1,0,1,1,1,1,0,1,1,0,0,0,0,0,1,0,1,0,1,0,0,0,0,0,0,mad900_cif.y4m,4.84,4.846,0.015166,0.002575,0.0,265
1,1,0,0,0,0,0,0,0,0,1,0,1,1,0,1,1,0,1,1,0,1,0,0,0,0,0,1,0,1,0,1,0,0,0,0,0,0,mad900_cif.y4m,10.16,10.148,0.039623,0.00257,0.0,296
1,1,0,0,0,0,0,1,0,0,0,0,1,1,0,1,1,1,1,1,0,1,0,1,0,0,0,0,0,1,0,1,0,0,0,0,0,0,mad900_cif.y4m,20.39,20.402,0.026833,0.002952,0.0,232
1,1,0,0,0,0,0,0,0,0,1,0,1,0,1,1,0,0,1,1,0,1,0,0,1,0,0,0,0,1,1,0,1,0,0,1,0,0,mad900_cif.y4m,17.0,16.99,0.065574,0.003573,0.0,310
1,1,0,0,0,0,0,1,0,0,0,0,1,0,1,1,1,1,1,0,1,1,0,0,0,0,0,1,0,1,0,1,1,0,0,1,0,0,mad900_cif.y4m,249.38,249.33,0.365034,0.003795,0.0,349
1,1,0,0,1,0,0,0,0,0,0,0,1,1,0,1,0,1,1,0,1,1,0,0,0,0,0,1,0,1,0,1,0,0,0,0,0,0,mad900_cif.y4m,11.14,11.116,0.081731,0.003904,0.0,377
1,1,0,0,0,0,0,0,0,1,0,0,1,0,1,1,1,1,1,1,0,1,0,0,0,0,1,0,0,1,0,1,1,0,0,0,1,0,mad900_cif.y4m,285.48,285.468,0.353228,0.003598,0.0,94
1,1,1,0,0,0,0,0,0,0,0,0,1,1,0,1,1,0,1,0,1,1,1,0,0,0,0,0,0,1,0,1,1,1,0,0,0,0,mad900_cif.y4m,13.83,13.826,0.015166,0.00368,0.0,178
1,1,0,0,0,0,0,0,0,0,1,0,1,0,1,1,0,0,1,1,0,1,0,0,0,0,0,1,0,1,0,1,1,0,0,0,0,1,mad900_cif.y4m,14.88,14.906,0.089051,0.003862,0.0,127
1,1,0,0,0,0,0,1,0,0,0,0,1,0,1,1,1,0,1,0,1,1,0,0,0,1,0,0,0,1,0,1,1,0,0,0,1,0,mad900_cif.y4m,4.06,4.07,0.018708,0.002007,0.0,111
1,1,1,0,0,0,0,0,0,0,0,0,1,0,1,1,0,1,1,1,0,1,0,1,0,0,0,0,0,1,0,1,1,0,0,1,0,0,mad900_cif.y4m,10.39,10.406,0.061482,0.003271,0.0,353
1,1,0,0,0,0,1,0,0,0,0,0,1,0,1,1,1,1,1,1,0,1,0,1,0,0,0,0,0,1,1,0,1,0,0,0,1,0,mad900_cif.y4m,9.95,9.956,0.034351,0.002829,0.0,45
1,1,0,0,0,1,0,0,0,0,0,0,1,0,1,1,1,1,1,0,1,1,0,0,1,0,0,0,0,1,1,0,0,0,0,0,0,0,mad900_cif.y4m,3.17,3.2,0.06245,0.002321,0.0,226
1,1,0,0,0,0,0,0,0,0,0,1,1,1,0,1,1,0,1,0,1,1,0,0,0,0,0,1,0,1,1,0,1,0,0,0,0,1,mad900_cif.y4m,13.32,13.326,0.064265,0.002708,0.0,59
1,1,0,0,0,0,0,0,1,0,0,0,1,1,0,1,1,1,1,1,0,1,1,0,0,0,0,0,0,1,0,1,1,1,0,0,0,0,mad900_cif.y4m,90.48,89.678,2.587686,0.003038,0.0,19
1,1,0,0,0,0,0,0,0,0,0,1,1,1,0,1,0,1,1,0,1,1,0,0,0,1,0,0,0,1,1,0,1,1,0,0,0,0,mad900_cif.y4m,49.17,48.992,0.40813,0.003497,0.0,304
1,1,0,0,0,0,0,0,1,0,0,0,1,0,1,1,0,1,1,0,1,1,0,1,0,0,0,0,0,1,0,1,0,0,0,0,0,0,mad900_cif.y4m,8.27,8.276,0.044497,0.003169,0.0,207
1,1,0,0,0,0,1,0,0,0,0,0,1,1,0,1,1,1,1,1,0,1,0,1,0,0,0,0,0,1,1,0,0,0,0,0,0,0,mad900_cif.y4m,404.03,401.042,10.602909,0.003067,0.0,43
1,1,0,0,0,0,1,0,0,0,0,0,1,1,0,1,1,0,1,1,0,1,1,0,0,0,0,0,0,1,1,0,1,0,0,0,0,1,mad900_cif.y4m,4.85,4.846,0.029665,0.002339,0.0,40
1,1,0,0,0,1,0,0,0,0,0,0,1,0,1,1,0,1,1,1,0,1,1,0,0,0,0,0,0,1,1,0,1,1,0,0,0,0,mad900_cif.y4m,360.53,360.454,0.262926,0.003879,0.0,186
1,1,0,0,1,0,0,0,0,0,0,0,1,0,1,1,0,0,1,0,1,1,0,0,0,1,0,0,0,1,0,1,1,0,0,0,0,1,mad900_cif.y4m,6.55,6.548,0.051186,0.002619,0.0,288
1,1,1,0,0,0,0,0,0,0,0,0,1,1,0,1,1,0,1,1,0,1,0,1,0,0,0,0,0,1,1,0,1,0,1,0,0,0,mad900_cif.y4m,10.79,10.798,0.045497,0.002718,0.0,82
1,1,0,0,0,0,0,0,0,0,1,0,1,0,1,1,1,1,1,0,1,1,0,0,0,1,0,0,0,1,0,1,0,0,0,0,0,0,mad900_cif.y4m,8.45,8.448,0.037683,0.002998,0.0,211
1,1,0,0,1,0,0,0,0,0,0,0,1,0,1,1,1,1,1,0,1,1,0,0,0,0,0,1,0,1,1,0,1,0,0,1,0,0,mad900_cif.y4m,189.85,189.748,0.228954,0.00314,0.0,347
1,1,0,1,0,0,0,0,0,0,0,0,1,0,1,1,0,0,1,1,0,1,1,0,0,0,0,0,0,1,1,0,1,0,0,0,1,0,mad900_cif.y4m,19.83,19.898,0.139893,0.00267,0.0,13
1,1,0,0,0,0,0,1,0,0,0,0,1,0,1,1,1,1,1,0,1,1,0,0,1,0,0,0,0,1,0,1,0,0,0,0,0,0,mad900_cif.y4m,719.78,720.062,0.563001,0.002873,0.0,228
1,1,0,0,0,0,0,0,0,1,0,0,1,1,0,1,0,1,1,0,1,1,0,0,1,0,0,0,0,1,0,1,1,0,0,0,0,1,mad900_cif.y4m,14.56,14.62,0.146458,0.003474,0.0,335
1,1,0,0,0,0,0,0,1,0,0,0,1,1,0,1,1,0,1,0,1,1,0,0,1,0,0,0,0,1,1,0,1,1,0,0,0,0,mad900_cif.y4m,46.78,46.878,0.257818,0.003823,0.0,24
1,1,1,0,0,0,0,0,0,0,0,0,1,0,1,1,0,1,1,0,1,1,0,1,0,0,0,0,0,1,0,1,1,0,0,1,0,0,mad900_cif.y4m,624.25,624.218,1.08994,0.004993,0.0,352
1,1,0,0,0,0,1,0,0,0,0,0,1,0,1,1,0,0,1,1,0,1,0,0,0,0,0,1,0,1,1,0,0,0,0,0,0,0,mad900_cif.y4m,9.2,9.184,0.04669,0.003009,0.0,368
1,1,1,0,0,0,0,0,0,0,0,0,1,0,1,1,1,1,1,1,0,1,0,1,0,0,0,0,0,1,1,0,0,0,0,0,0,0,mad900_cif.y4m,3.65,3.652,0.013038,0.002715,0.0,80
1,1,0,0,1,0,0,0,0,0,0,0,1,1,0,1,0,0,1,0,1,1,0,1,0,0,0,0,0,1,0,1,0,0,0,0,0,0,mad900_cif.y4m,50.53,50.208,0.771699,0.003134,0.0,121
1,1,0,0,0,0,0,0,0,0,1,0,1,0,1,1,1,1,1,0,1,1,0,0,1,0,0,0,0,1,1,0,1,1,0,0,0,0,mad900_cif.y4m,7.61,7.604,0.027019,0.002707,0.0,156
1,1,0,1,0,0,0,0,0,0,0,0,1,0,1,1,1,1,1,1,0,1,0,0,0,0,0,1,0,1,1,0,1,1,0,0,0,0,mad900_cif.y4m,2.15,2.148,0.014832,0.002029,0.0,9
1,1,0,0,0,0,0,0,0,0,1,0,1,1,0,1,0,0,1,1,0,1,0,0,0,0,1,0,0,1,1,0,1,0,0,0,0,1,mad900_cif.y4m,9.9,9.896,0.047749,0.003044,0.0,165
1,1,0,0,0,0,0,0,0,0,1,0,1,0,1,1,0,0,1,1,0,1,0,1,0,0,0,0,0,1,0,1,1,0,0,0,0,1,mad900_cif.y4m,10.92,10.928,0.07823,0.002912,0.0,126
1,1,0,0,1,0,0,0,0,0,0,0,1,1,0,1,1,1,1,0,1,1,0,0,1,0,0,0,0,1,0,1,1,0,1,0,0,0,mad900_cif.y4m,3.7,3.694,0.019494,0.002715,0.0,280
1,1,0,0,0,0,0,1,0,0,0,0,1,0,1,1,1,1,1,1,0,1,0,1,0,0,0,0,0,1,0,1,1,0,0,0,1,0,mad900_cif.y4m,2.97,2.982,0.021679,0.004406,0.0,172
1,1,0,0,0,0,0,0,0,0,1,0,1,0,1,1,0,1,1,1,0,1,0,0,0,1,0,0,0,1,0,1,0,0,0,0,0,0,mad900_cif.y4m,16.25,16.296,0.097365,0.003691,0.0,292
1,1,0,0,0,0,0,0,0,0,1,0,1,1,0,1,1,1,1,0,1,1,0,0,0,0,0,1,0,1,1,0,0,0,0,0,0,0,mad900_cif.y4m,31.2,31.236,0.156621,0.002843,0.0,105
1,1,0,0,0,1,0,0,0,0,0,0,1,0,1,1,1,1,1,0,1,1,0,0,0,0,0,0,1,1,1,0,1,0,1,0,0,0,mad900_cif.y4m,32.38,32.35,0.097211,0.003981,0.0,76
1,1,0,0,0,1,0,0,0,0,0,0,1,0,1,1,0,0,1,1,0,1,1,0,0,0,0,0,0,1,1,0,1,0,0,0,0,1,mad900_cif.y4m,187.55,187.676,0.23639,0.002859,0.0,221
1,1,0,0,0,0,0,0,0,0,1,0,1,1,0,1,1,0,1,1,0,1,0,0,0,0,1,0,0,1,0,1,1,0,0,0,0,1,mad900_cif.y4m,78.45,78.508,0.144983,0.003788,0.0,167
1,1,0,0,0,0,0,0,0,0,1,0,1,0,1,1,0,1,1,0,1,1,1,0,0,0,0,0,0,1,1,0,1,0,0,0,0,1,mad900_cif.y4m,462.69,462.864,0.43397,0.003816,0.0,35
1,1,0,0,1,0,0,0,0,0,0,0,1,1,0,1,0,0,1,1,0,1,0,1,0,0,0,0,0,1,0,1,1,0,1,0,0,0,mad900_cif.y4m,6.47,6.466,0.016733,0.002797,0.0,235
1,1,0,0,0,0,0,0,0,1,0,0,1,1,0,1,1,1,1,0,1,1,0,0,1,0,0,0,0,1,0,1,1,0,0,0,0,1,mad900_cif.y4m,24.19,24.21,0.04062,0.003992,0.0,333
1,1,0,0,0,0,1,0,0,0,0,0,1,0,1,1,1,1,1,1,0,1,0,1,0,0,0,0,0,1,1,0,0,0,0,0,0,0,mad900_cif.y4m,211.94,211.86,0.297993,0.002874,0.0,44
1,1,0,0,1,0,0,0,0,0,0,0,1,0,1,1,0,1,1,1,0,1,0,1,0,0,0,0,0,1,0,1,1,1,0,0,0,0,mad900_cif.y4m,425.55,425.386,0.348037,0.00362,0.0,256
1,1,0,0,0,0,0,1,0,0,0,0,1,0,1,1,1,0,1,0,1,1,0,1,0,0,0,0,0,1,0,1,1,0,0,0,0,1,mad900_cif.y4m,1235.9,1235.552,1.095249,0.003913,0.0,192
1,1,0,0,0,0,1,0,0,0,0,0,1,1,0,1,1,1,1,1,0,1,1,0,0,0,0,0,0,1,1,0,1,0,0,0,0,1,mad900_cif.y4m,32.05,32.026,0.104067,0.003519,0.0,41
1,1,0,0,0,0,0,0,0,0,1,0,1,0,1,1,0,1,1,1,0,1,0,0,0,0,0,1,0,1,0,1,1,0,0,0,1,0,mad900_cif.y4m,240.93,240.648,1.053907,0.003975,0.0,273
1,1,0,0,0,0,0,0,0,0,1,0,1,1,0,1,0,1,1,0,1,1,0,0,0,0,0,1,0,1,0,1,0,0,0,0,0,0,mad900_cif.y4m,168.28,167.604,1.467815,0.004105,0.0,101
1,1,0,0,0,0,0,0,0,0,1,0,1,0,1,1,1,1,1,0,1,1,0,0,0,0,1,0,0,1,1,0,1,0,1,0,0,0,mad900_cif.y4m,136.95,137.036,0.298211,0.002896,0.0,242
1,1,0,0,0,0,0,0,0,0,1,0,1,1,0,1,0,1,1,0,1,1,0,0,0,0,0,1,0,1,1,0,0,0,0,0,0,0,mad900_cif.y4m,12.18,12.184,0.065422,0.004078,0.0,103
1,1,1,0,0,0,0,0,0,0,0,0,1,1,0,1,1,0,1,1,0,1,0,1,0,0,0,0,0,1,0,1,0,0,0,0,0,0,mad900_cif.y4m,263.74,263.892,0.449689,0.003678,0.0,1
1,1,0,0,0,0,0,1,0,0,0,0,1,1,0,1,0,0,1,0,1,1,0,0,0,0,0,1,0,1,0,1,1,0,0,0,0,1,mad900_cif.y4m,10.56,10.55,0.05099,0.003271,0.0,56
1,1,0,0,1,0,0,0,0,0,0,0,1,0,1,1,0,0,1,0,1,1,0,0,0,0,0,0,1,1,0,1,0,0,0,0,0,0,mad900_cif.y4m,31.53,31.548,0.034928,0.002843,0.0,373
1,1,0,0,0,0,0,0,1,0,0,0,1,1,0,1,1,1,1,0,1,1,0,1,0,0,0,0,0,1,0,1,1,0,1,0,0,0,mad900_cif.y4m,354.21,351.52,5.289764,0.002808,0.0,318
1,1,0,0,0,1,0,0,0,0,0,0,1,1,0,1,0,0,1,1,0,1,0,0,0,0,1,0,0,1,1,0,0,0,0,0,0,0,mad900_cif.y4m,443.84,443.69,0.63824,0.003243,0.0,69
1,1,0,1,0,0,0,0,0,0,0,0,1,0,1,1,0,0,1,1,0,1,0,0,0,0,0,1,0,1,1,0,1,1,0,0,0,0,mad900_cif.y4m,9.95,9.956,0.053666,0.003908,0.0,11
1,1,0,0,1,0,0,0,0,0,0,0,1,0,1,1,0,0,1,1,0,1,0,1,0,0,0,0,0,1,0,1,1,0,0,1,0,0,mad900_cif.y4m,7.08,7.08,0.035355,0.002874,0.0,258
1,1,0,0,0,0,0,0,0,0,1,0,1,0,1,1,0,0,1,1,0,1,0,1,0,0,0,0,0,1,1,0,1,0,1,0,0,0,mad900_cif.y4m,698.14,698.06,0.348281,0.003982,0.0,238
1,1,0,0,0,0,0,1,0,0,0,0,1,0,1,1,1,0,1,1,0,1,1,0,0,0,0,0,0,1,0,1,1,0,0,0,1,0,mad900_cif.y4m,689.57,689.774,3.326068,0.003171,0.0,173
1,1,0,0,0,0,0,1,0,0,0,0,1,0,1,1,0,1,1,0,1,1,0,1,0,0,0,0,0,1,0,1,1,1,0,0,0,0,mad900_cif.y4m,559.75,560.044,0.705996,0.003536,0.0,190
1,1,0,1,0,0,0,0,0,0,0,0,1,0,1,1,1,0,1,1,0,1,0,0,0,0,0,1,0,1,0,1,1,1,0,0,0,0,mad900_cif.y4m,152.8,152.83,0.105357,0.003547,0.0,7
1,1,0,0,0,1,0,0,0,0,0,0,1,0,1,1,1,1,1,0,1,1,0,0,0,0,0,0,1,1,1,0,0,0,0,0,0,0,mad900_cif.y4m,4.34,4.306,0.092087,0.002186,0.0,323
1,1,0,0,0,1,0,0,0,0,0,0,1,0,1,1,0,0,1,0,1,1,0,0,0,0,0,0,1,1,1,0,1,0,0,0,1,0,mad900_cif.y4m,425.89,427.834,10.107949,0.003549,0.0,73
1,1,0,0,0,0,0,0,0,0,1,0,1,0,1,1,1,0,1,0,1,1,0,1,0,0,0,0,0,1,0,1,0,0,0,0,0,0,mad900_cif.y4m,401.21,401.762,2.804482,0.003067,0.0,209
1,1,0,1,0,0,0,0,0,0,0,0,1,1,0,1,1,0,1,0,1,1,1,0,0,0,0,0,0,1,1,0,0,0,0,0,0,0,mad900_cif.y4m,7.2,7.198,0.048166,0.003147,0.0,138
1,1,0,0,0,1,0,0,0,0,0,0,1,1,0,1,1,1,1,1,0,1,0,0,0,0,0,1,0,1,0,1,0,0,0,0,0,0,mad900_cif.y4m,174.99,174.936,0.351041,0.003879,0.0,264
1,1,0,0,0,0,0,0,0,1,0,0,1,0,1,1,0,1,1,0,1,1,0,0,0,0,0,1,0,1,0,1,1,0,0,0,1,0,mad900_cif.y4m,460.15,459.816,0.663687,0.003243,0.0,98
1,1,0,0,0,0,0,0,0,0,1,0,1,1,0,1,0,0,1,0,1,1,0,0,0,0,0,1,0,1,1,0,1,0,0,1,0,0,mad900_cif.y4m,8.11,8.104,0.015166,0.003049,0.0,380
1,1,0,0,1,0,0,0,0,0,0,0,1,1,0,1,1,1,1,1,0,1,0,1,0,0,0,0,0,1,1,0,1,0,1,0,0,0,mad900_cif.y4m,450.42,450.506,1.56907,0.003958,0.0,85
1,1,0,0,0,0,0,0,0,0,1,0,1,0,1,1,0,0,1,0,1,1,1,0,0,0,0,0,0,1,0,1,1,0,0,0,1,0,mad900_cif.y4m,235.45,235.572,0.253712,0.00315,0.0,31
1,1,0,1,0,0,0,0,0,0,0,0,1,0,1,1,1,0,1,1,0,1,0,0,0,0,0,1,0,1,1,0,1,1,0,0,0,0,mad900_cif.y4m,5.53,5.54,0.028284,0.002339,0.0,8
1,1,0,0,1,0,0,0,0,0,0,0,1,1,0,1,1,1,1,1,0,1,1,0,0,0,0,0,0,1,0,1,1,1,0,0,0,0,mad900_cif.y4m,13.5,13.504,0.015166,0.003056,0.0,216
1,1,0,0,1,0,0,0,0,0,0,0,1,1,0,1,1,1,1,0,1,1,0,0,0,1,0,0,0,1,0,1,1,1,0,0,0,0,mad900_cif.y4m,2.58,2.576,0.015166,0.00269,0.0,214
1,1,0,0,0,0,0,0,1,0,0,0,1,1,0,1,0,0,1,1,0,1,0,0,0,0,0,1,0,1,1,0,0,0,0,0,0,0,mad900_cif.y4m,16.61,16.616,0.071274,0.002931,0.0,341
1,1,0,0,1,0,0,0,0,0,0,0,1,1,0,1,0,0,1,1,0,1,0,1,0,0,0,0,0,1,1,0,1,0,1,0,0,0,mad900_cif.y4m,9.71,9.702,0.087006,0.003722,0.0,236
1,1,0,0,0,0,0,0,0,0,1,0,1,0,1,1,0,0,1,0,1,1,0,0,0,0,1,0,0,1,1,0,1,0,1,0,0,0,mad900_cif.y4m,23.45,23.518,0.137004,0.00388,0.0,240
1,1,0,0,0,0,0,1,0,0,0,0,1,0,1,1,0,0,1,0,1,1,0,0,0,1,0,0,0,1,0,1,1,0,0,0,1,0,mad900_cif.y4m,12.81,12.814,0.035777,0.004078,0.0,51
1,1,1,0,0,0,0,0,0,0,0,0,1,0,1,1,1,1,1,0,1,1,0,0,0,0,0,0,1,1,1,0,1,0,1,0,0,0,mad900_cif.y4m,12.85,12.852,0.022804,0.002757,0.0,77
1,1,0,0,0,0,0,0,0,0,1,0,1,0,1,1,1,0,1,1,0,1,0,0,0,0,0,1,0,1,0,1,1,0,0,0,0,1,mad900_cif.y4m,9.53,9.502,0.052631,0.002776,0.0,128
1,1,0,0,1,0,0,0,0,0,0,0,1,1,0,1,0,0,1,1,0,1,0,1,0,0,0,0,0,1,0,1,0,0,0,0,0,0,mad900_cif.y4m,213.79,213.746,0.224121,0.002824,0.0,234
1,1,0,0,0,0,0,0,1,0,0,0,1,0,1,1,1,0,1,0,1,1,0,0,0,0,0,1,0,1,0,1,1,0,0,0,1,0,mad900_cif.y4m,1277.44,1277.268,0.289344,0.003913,0.0,28
1,1,0,0,1,0,0,0,0,0,0,0,1,1,0,1,1,0,1,0,1,1,1,0,0,0,0,0,0,1,1,0,0,0,0,0,0,0,mad900_cif.y4m,146.86,146.866,0.052249,0.003547,0.0,139
1,1,0,0,0,0,0,0,0,0,1,0,1,0,1,1,1,0,1,1,0,1,0,0,0,0,1,0,0,1,1,0,1,0,1,0,0,0,mad900_cif.y4m,2.4,2.396,0.016733,0.002479,0.0,152
1,1,0,1,0,0,0,0,0,0,0,0,1,0,1,1,0,0,1,1,0,1,0,0,0,0,0,1,0,1,1,0,1,0,0,0,1,0,mad900_cif.y4m,395.44,395.288,0.74503,0.005036,0.0,12
1,1,0,0,0,0,1,0,0,0,0,0,1,0,1,1,0,1,1,1,0,1,0,0,0,0,0,1,0,1,1,0,0,0,0,0,0,0,mad900_cif.y4m,2.36,2.364,0.011402,0.002479,0.0,369
1,1,0,0,0,0,0,0,0,0,0,1,1,1,0,1,1,0,1,0,1,1,0,0,0,0,0,1,0,1,0,1,1,0,0,0,0,1,mad900_cif.y4m,78.31,78.312,0.061806,0.003788,0.0,58
1,1,0,0,0,0,0,0,1,0,0,0,1,1,0,1,1,0,1,1,0,1,1,0,0,0,0,0,0,1,1,0,0,0,0,0,0,0,mad900_cif.y4m,59.33,59.292,0.121532,0.004407,0.0,64
1,1,0,0,0,0,0,0,1,0,0,0,1,1,0,1,1,0,1,1,0,1,0,0,1,0,0,0,0,1,1,0,1,1,0,0,0,0,mad900_cif.y4m,45.28,45.284,0.027019,0.002755,0.0,21
1,1,0,0,0,1,0,0,0,0,0,0,1,0,1,1,1,1,1,0,1,1,0,0,1,0,0,0,0,1,1,0,1,0,0,0,0,1,mad900_cif.y4m,189.55,189.452,0.169027,0.00314,0.0,225
1,1,0,0,0,0,1,0,0,0,0,0,1,0,1,1,1,0,1,1,0,1,0,0,0,0,0,1,0,1,1,0,1,0,0,0,1,0,mad900_cif.y4m,370.41,370.474,3.386005,0.003544,0.0,366
1,1,0,0,0,0,0,1,0,0,0,0,1,0,1,1,1,1,1,0,1,1,0,0,1,0,0,0,0,1,0,1,1,0,0,0,0,1,mobile_cif.y4m,4.28,4.272,0.034205,0.012525,0.0,114
1,1,0,0,1,0,0,0,0,0,0,0,1,1,0,1,1,1,1,0,1,1,0,0,1,0,0,0,0,1,1,0,1,0,1,0,0,0,mobile_cif.y4m,3.81,3.806,0.0251,0.011954,0.0,281
1,1,0,0,0,1,0,0,0,0,0,0,1,0,1,1,1,0,1,1,0,1,0,0,0,0,0,0,1,1,1,0,1,0,0,1,0,0,mobile_cif.y4m,6.27,6.274,0.033615,0.01208,0.0,325
1,1,1,0,0,0,0,0,0,0,0,0,1,1,0,1,1,0,1,1,0,1,0,0,0,0,1,0,0,1,1,0,1,1,0,0,0,0,mobile_cif.y4m,5.23,5.234,0.040373,0.012079,0.0,181
1,1,0,0,0,0,0,0,1,0,0,0,1,1,0,1,1,0,1,0,1,1,0,0,1,0,0,0,0,1,1,0,1,0,0,0,0,1,mobile_cif.y4m,134.06,133.986,0.370581,0.014598,0.0,247
1,1,0,0,0,0,0,0,0,0,1,0,1,1,0,1,1,0,1,1,0,1,0,0,0,0,1,0,0,1,1,0,1,0,0,0,0,1,mobile_cif.y4m,149.99,150.018,0.213002,0.010372,0.0,166
1,1,0,0,0,0,0,0,1,0,0,0,1,1,0,1,1,0,1,0,1,1,0,0,1,0,0,0,0,1,1,0,1,0,0,0,1,0,mobile_cif.y4m,7.89,7.892,0.0502,0.015932,0.0,25
1,1,0,0,0,0,0,1,0,0,0,0,1,0,1,1,0,0,1,1,0,1,0,1,0,0,0,0,0,1,0,1,0,0,0,0,0,0,mobile_cif.y4m,10.41,10.486,0.19321,0.012081,0.0,355
1,1,0,0,1,0,0,0,0,0,0,0,1,1,0,1,0,0,1,1,0,1,1,0,0,0,0,0,0,1,1,0,1,0,0,0,0,1,mobile_cif.y4m,1.76,1.752,0.023875,0.015601,0.0,219
1,1,0,0,0,1,0,0,0,0,0,0,1,1,0,1,1,0,1,1,0,1,0,0,0,0,1,0,0,1,1,0,1,1,0,0,0,0,mobile_cif.y4m,10.37,10.246,0.23755,0.012081,0.0,182
1,1,0,1,0,0,0,0,0,0,0,0,1,0,1,1,0,1,1,1,0,1,0,0,0,0,0,1,0,1,1,0,1,1,0,0,0,0,mobile_cif.y4m,3.69,3.686,0.018166,0.012171,0.0,10
1,1,0,0,1,0,0,0,0,0,0,0,1,1,0,1,1,0,1,0,1,1,0,0,1,0,0,0,0,1,0,1,1,0,0,0,0,1,mobile_cif.y4m,72.41,72.456,0.09685,0.01668,0.0,116
1,1,0,0,0,1,0,0,0,0,0,0,1,1,0,1,1,1,1,0,1,1,0,0,0,0,0,1,0,1,0,1,1,1,0,0,0,0,mobile_cif.y4m,7.27,7.304,0.068044,0.012015,0.0,266
1,1,0,0,0,0,0,0,1,0,0,0,1,1,0,1,0,0,1,0,1,1,0,0,1,0,0,0,0,1,1,0,1,0,0,1,0,0,mobile_cif.y4m,22.42,22.408,0.081056,0.014017,0.0,313
1,1,0,0,0,0,0,1,0,0,0,0,1,0,1,1,0,0,1,1,0,1,0,0,0,0,0,0,1,1,0,1,0,0,0,0,0,0,mobile_cif.y4m,8.87,8.852,0.08228,0.013835,0.0,357
1,1,0,0,0,1,0,0,0,0,0,0,1,0,1,1,0,1,1,0,1,1,1,0,0,0,0,0,0,1,1,0,1,1,0,0,0,0,mobile_cif.y4m,2.31,2.402,0.18727,0.014613,0.0,187
1,1,0,0,0,0,0,0,1,0,0,0,1,1,0,1,1,1,1,0,1,1,0,0,1,0,0,0,0,1,1,0,1,1,0,0,0,0,mobile_cif.y4m,341.57,341.552,0.045497,0.010341,0.0,23
1,1,0,0,1,0,0,0,0,0,0,0,1,1,0,1,1,0,1,1,0,1,0,1,0,0,0,0,0,1,0,1,0,0,0,0,0,0,mobile_cif.y4m,35.85,35.89,0.080932,0.014196,0.0,2
1,1,0,0,0,0,0,0,0,0,0,1,1,1,0,1,1,0,1,0,1,1,0,0,0,0,0,1,0,1,1,0,1,1,0,0,0,0,mobile_cif.y4m,136.07,136.128,0.159437,0.015395,0.0,301
1,1,0,0,0,0,0,1,0,0,0,0,1,0,1,1,0,1,1,1,0,1,0,1,0,0,0,0,0,1,0,1,0,0,0,0,0,0,mobile_cif.y4m,140.35,140.266,2.126248,0.013022,0.0,356
1,1,0,0,0,0,0,0,0,0,1,0,1,1,0,1,0,1,1,0,1,1,0,0,0,0,0,1,0,1,0,1,1,1,0,0,0,0,mobile_cif.y4m,10.96,10.968,0.021679,0.011945,0.0,269
1,1,0,0,0,0,0,0,0,0,1,0,1,0,1,1,0,1,1,1,0,1,0,0,1,0,0,0,0,1,0,1,1,0,0,0,1,0,mobile_cif.y4m,6.16,6.18,0.046904,0.013859,0.0,274
1,1,0,0,0,0,0,0,0,0,1,0,1,0,1,1,0,1,1,1,0,1,0,0,0,1,0,0,0,1,1,0,1,1,0,0,0,0,mobile_cif.y4m,6.65,6.648,0.031145,0.013059,0.0,307
1,1,0,0,1,0,0,0,0,0,0,0,1,0,1,1,0,1,1,1,0,1,0,0,1,0,0,0,0,1,0,1,1,1,0,0,0,0,mobile_cif.y4m,21.42,21.214,0.434488,0.017176,0.0,254
1,1,0,0,0,0,0,0,0,0,1,0,1,0,1,1,0,1,1,0,1,1,0,1,0,0,0,0,0,1,0,1,0,0,0,0,0,0,mobile_cif.y4m,1.61,1.61,0.012247,0.015758,0.0,208
1,1,0,0,1,0,0,0,0,0,0,0,1,1,0,1,1,1,1,1,0,1,0,0,1,0,0,0,0,1,0,1,1,0,1,0,0,0,mobile_cif.y4m,2.19,2.192,0.019235,0.022784,0.0,279
1,1,0,0,0,0,0,1,0,0,0,0,1,1,0,1,1,1,1,1,0,1,0,1,0,0,0,0,0,1,0,1,1,0,0,0,1,0,mobile_cif.y4m,6.96,6.962,0.013038,0.015,0.0,171
1,1,0,0,0,0,0,0,0,1,0,0,1,1,0,1,0,1,1,0,1,1,0,0,0,0,0,1,0,1,0,1,1,0,0,0,1,0,mobile_cif.y4m,24.09,23.972,0.250839,0.014017,0.0,99
1,1,1,0,0,0,0,0,0,0,0,0,1,0,1,1,1,1,1,1,0,1,0,1,0,0,0,0,0,1,1,0,1,0,1,0,0,0,mobile_cif.y4m,8.38,8.374,0.11371,0.014964,0.0,81
1,1,0,0,0,0,0,0,0,0,1,0,1,0,1,1,1,1,1,0,1,1,0,0,1,0,0,0,0,1,1,0,1,0,1,0,0,0,mobile_cif.y4m,2.77,2.77,0.01,0.016245,0.0,155
1,1,0,0,0,1,0,0,0,0,0,0,1,1,0,1,0,1,1,1,0,1,1,0,0,0,0,0,0,1,1,0,1,1,0,0,0,0,mobile_cif.y4m,4.83,4.836,0.018166,0.013059,0.0,185
1,1,0,0,1,0,0,0,0,0,0,0,1,1,0,1,0,0,1,0,1,1,0,0,0,0,0,1,0,1,0,1,0,0,0,0,0,0,mobile_cif.y4m,3.81,3.812,0.0249,0.01139,0.0,376
1,1,0,0,0,0,0,0,1,0,0,0,1,1,0,1,0,1,1,0,1,1,0,1,0,0,0,0,0,1,1,0,0,0,0,0,0,0,mobile_cif.y4m,1.35,1.352,0.008367,0.015188,0.0,204
1,1,0,0,0,0,0,0,1,0,0,0,1,1,0,1,1,0,1,0,1,1,0,0,0,0,1,0,0,1,1,0,1,0,0,0,0,1,mobile_cif.y4m,96.43,96.42,0.252784,0.013767,0.0,246
1,1,0,0,0,0,0,1,0,0,0,0,1,1,0,1,1,1,1,0,1,1,0,0,1,0,0,0,0,1,0,1,0,0,0,0,0,0,mobile_cif.y4m,100.12,99.98,0.423615,0.014779,0.0,230
1,1,0,0,0,0,0,0,1,0,0,0,1,0,1,1,1,0,1,0,1,1,0,0,0,0,0,1,0,1,1,0,1,0,0,0,1,0,mobile_cif.y4m,87.21,87.226,0.224789,0.015734,0.0,27
1,1,0,1,0,0,0,0,0,0,0,0,1,1,0,1,1,1,1,0,1,1,1,0,0,0,0,0,0,1,1,0,0,0,0,0,0,0,mobile_cif.y4m,5.21,5.198,0.045497,0.011892,0.0,137
1,1,0,0,0,0,0,0,0,0,1,0,1,1,0,1,1,1,1,1,0,1,0,0,0,0,1,0,0,1,0,1,1,0,0,0,1,0,mobile_cif.y4m,5.81,5.822,0.017889,0.013777,0.0,169
1,1,0,0,0,0,0,0,0,0,1,0,1,0,1,1,0,1,1,0,1,1,1,0,0,0,0,0,0,1,0,1,1,0,0,0,0,1,mobile_cif.y4m,164.21,164.098,0.348812,0.014839,0.0,33
1,1,0,0,0,0,0,0,1,0,0,0,1,0,1,1,0,1,1,0,1,1,0,1,0,0,0,0,0,1,1,0,0,0,0,0,0,0,mobile_cif.y4m,22.68,22.69,0.162788,0.015852,0.0,205
1,1,0,0,0,0,0,0,0,0,1,0,1,1,0,1,1,0,1,0,1,1,0,0,0,0,1,0,0,1,1,0,1,0,0,0,0,1,mobile_cif.y4m,6.77,6.768,0.028636,0.013992,0.0,245
1,1,1,0,0,0,0,0,0,0,0,0,1,1,0,1,0,0,1,1,0,1,0,0,1,0,0,0,0,1,1,0,1,0,0,0,0,1,mobile_cif.y4m,5.57,5.56,0.04062,0.014426,0.0,163
1,1,0,0,1,0,0,0,0,0,0,0,1,1,0,1,1,0,1,1,0,1,1,0,0,0,0,0,0,1,0,1,1,1,0,0,0,0,mobile_cif.y4m,3.76,3.776,0.036469,0.011391,0.0,4
1,1,0,0,1,0,0,0,0,0,0,0,1,1,0,1,0,0,1,0,1,1,1,0,0,0,0,0,0,1,1,0,1,0,0,0,1,0,mobile_cif.y4m,2.81,2.826,0.061074,0.022784,0.0,141
1,1,1,0,0,0,0,0,0,0,0,0,1,1,0,1,1,1,1,0,1,1,0,0,1,0,0,0,0,1,1,0,1,1,0,0,0,0,mobile_cif.y4m,131.18,131.122,0.170792,0.0143,0.0,159
1,1,0,0,0,0,0,0,1,0,0,0,1,1,0,1,0,1,1,0,1,1,0,0,1,0,0,0,0,1,0,1,1,0,0,0,0,1,mobile_cif.y4m,10.05,10.058,0.039623,0.013807,0.0,336
1,1,0,0,0,1,0,0,0,0,0,0,1,1,0,1,0,0,1,0,1,1,0,0,0,0,0,0,1,1,1,0,1,0,0,0,1,0,mobile_cif.y4m,32.87,33.006,0.284921,0.015022,0.0,72
1,1,0,0,0,0,0,0,1,0,0,0,1,1,0,1,1,0,1,1,0,1,0,0,1,0,0,0,0,1,1,0,1,0,0,0,0,1,mobile_cif.y4m,5.3,5.318,0.044385,0.014082,0.0,248
1,1,0,1,0,0,0,0,0,0,0,0,1,0,1,1,1,1,1,1,0,1,0,0,0,0,0,1,0,1,0,1,1,0,0,0,0,1,mobile_cif.y4m,132.76,134.326,4.199146,0.013572,0.0,130
1,1,0,0,0,1,0,0,0,0,0,0,1,0,1,1,1,1,1,1,0,1,0,0,0,0,0,0,1,1,1,0,0,0,0,0,0,0,mobile_cif.y4m,172.81,172.854,0.10015,0.010644,0.0,324
1,1,1,0,0,0,0,0,0,0,0,0,1,0,1,1,0,1,1,1,0,1,0,1,0,0,0,0,0,1,0,1,0,0,0,0,0,0,mobile_cif.y4m,137.33,137.422,0.196392,0.015728,0.0,354
1,1,0,0,0,0,0,0,0,0,1,0,1,0,1,1,0,0,1,1,0,1,0,0,0,1,0,0,0,1,0,1,0,0,0,0,0,0,mobile_cif.y4m,119.11,118.18,1.706326,0.016614,0.0,291
1,1,0,0,0,0,0,0,0,0,1,0,1,1,0,1,0,0,1,1,0,1,0,1,0,0,0,0,0,1,1,0,1,0,1,0,0,0,mobile_cif.y4m,2.78,2.772,0.013038,0.015075,0.0,237
1,1,0,0,0,1,0,0,0,0,0,0,1,1,0,1,1,0,1,1,0,1,1,0,0,0,0,0,0,1,1,0,1,1,0,0,0,0,mobile_cif.y4m,3.31,3.31,0.022361,0.011975,0.0,183
1,1,0,0,0,1,0,0,0,0,0,0,1,0,1,1,1,1,1,0,1,1,0,0,1,0,0,0,0,1,0,1,0,0,0,0,0,0,mobile_cif.y4m,2.92,2.914,0.031305,0.015631,0.0,227
1,1,0,0,0,0,0,0,1,0,0,0,1,1,0,1,0,1,1,0,1,1,0,0,0,0,0,1,0,1,0,1,0,0,0,0,0,0,mobile_cif.y4m,6.22,6.224,0.020736,0.014156,0.0,338
1,1,0,0,1,0,0,0,0,0,0,0,1,0,1,1,0,0,1,0,1,1,1,0,0,0,0,0,0,1,1,0,1,0,0,0,1,0,mobile_cif.y4m,21.08,21.082,0.042661,0.015064,0.0,142
1,1,0,0,1,0,0,0,0,0,0,0,1,1,0,1,1,1,1,0,1,1,0,0,1,0,0,0,0,1,1,0,1,0,0,0,0,1,mobile_cif.y4m,16.26,16.276,0.034351,0.011963,0.0,332
1,1,0,0,0,0,0,0,0,1,0,0,1,0,1,1,0,0,1,1,0,1,0,0,0,0,1,0,0,1,0,1,1,0,0,0,1,0,mobile_cif.y4m,136.89,136.526,0.79494,0.017151,0.0,95
1,1,0,0,1,0,0,0,0,0,0,0,1,0,1,1,0,0,1,0,1,1,0,0,0,1,0,0,0,1,0,1,0,0,0,0,0,0,mobile_cif.y4m,10.9,10.886,0.032094,0.012459,0.0,289
1,1,0,0,1,0,0,0,0,0,0,0,1,1,0,1,0,0,1,0,1,1,0,0,0,0,0,1,0,1,0,1,1,0,0,1,0,0,mobile_cif.y4m,2.49,2.51,0.036742,0.015075,0.0,378
1,1,0,0,1,0,0,0,0,0,0,0,1,1,0,1,1,1,1,1,0,1,0,0,1,0,0,0,0,1,0,1,1,0,0,0,1,0,mobile_cif.y4m,37.22,37.214,0.139212,0.015031,0.0,278
1,1,0,0,0,0,0,0,0,0,1,0,1,0,1,1,1,0,1,0,1,1,1,0,0,0,0,0,0,1,0,1,1,0,0,0,1,0,mobile_cif.y4m,7.12,7.17,0.150499,0.011942,0.0,30
1,1,0,0,1,0,0,0,0,0,0,0,1,1,0,1,0,0,1,0,1,1,0,1,0,0,0,0,0,1,0,1,1,0,0,0,0,1,mobile_cif.y4m,2.03,2.028,0.010954,0.015806,0.0,120
1,1,0,0,0,1,0,0,0,0,0,0,1,1,0,1,1,1,1,0,1,1,0,0,0,0,0,1,0,1,0,1,0,0,0,0,0,0,mobile_cif.y4m,2.73,2.724,0.013416,0.011462,0.0,265
1,1,0,0,0,0,0,0,0,0,1,0,1,1,0,1,1,0,1,1,0,1,0,0,0,0,0,1,0,1,0,1,0,0,0,0,0,0,mobile_cif.y4m,5.3,5.316,0.037815,0.014519,0.0,296
1,1,0,0,0,0,0,1,0,0,0,0,1,1,0,1,1,1,1,1,0,1,0,1,0,0,0,0,0,1,0,1,0,0,0,0,0,0,mobile_cif.y4m,10.19,10.166,0.077006,0.014082,0.0,232
1,1,0,0,0,0,0,0,0,0,1,0,1,0,1,1,0,0,1,1,0,1,0,0,1,0,0,0,0,1,1,0,1,0,0,1,0,0,mobile_cif.y4m,7.86,7.866,0.033615,0.012819,0.0,310
1,1,0,0,0,0,0,1,0,0,0,0,1,0,1,1,1,1,1,0,1,1,0,0,0,0,0,1,0,1,0,1,1,0,0,1,0,0,mobile_cif.y4m,123.85,123.828,0.092033,0.010573,0.0,349
1,1,0,0,1,0,0,0,0,0,0,0,1,1,0,1,0,1,1,0,1,1,0,0,0,0,0,1,0,1,0,1,0,0,0,0,0,0,mobile_cif.y4m,5.24,5.254,0.04219,0.012368,0.0,377
1,1,0,0,0,0,0,0,0,1,0,0,1,0,1,1,1,1,1,1,0,1,0,0,0,0,1,0,0,1,0,1,1,0,0,0,1,0,mobile_cif.y4m,134.93,134.598,0.730185,0.015306,0.0,94
1,1,1,0,0,0,0,0,0,0,0,0,1,1,0,1,1,0,1,0,1,1,1,0,0,0,0,0,0,1,0,1,1,1,0,0,0,0,mobile_cif.y4m,6.61,6.606,0.020736,0.013059,0.0,178
1,1,0,0,0,0,0,0,0,0,1,0,1,0,1,1,0,0,1,1,0,1,0,0,0,0,0,1,0,1,0,1,1,0,0,0,0,1,mobile_cif.y4m,7.48,7.484,0.005477,0.012282,0.0,127
1,1,0,0,0,0,0,1,0,0,0,0,1,0,1,1,1,0,1,0,1,1,0,0,0,1,0,0,0,1,0,1,1,0,0,0,1,0,mobile_cif.y4m,2.12,2.118,0.016432,0.015122,0.0,111
1,1,1,0,0,0,0,0,0,0,0,0,1,0,1,1,0,1,1,1,0,1,0,1,0,0,0,0,0,1,0,1,1,0,0,1,0,0,mobile_cif.y4m,5.7,5.706,0.082037,0.013584,0.0,353
1,1,0,0,0,0,1,0,0,0,0,0,1,0,1,1,1,1,1,1,0,1,0,1,0,0,0,0,0,1,1,0,1,0,0,0,1,0,mobile_cif.y4m,4.86,4.852,0.027749,0.012171,0.0,45
1,1,0,0,0,1,0,0,0,0,0,0,1,0,1,1,1,1,1,0,1,1,0,0,1,0,0,0,0,1,1,0,0,0,0,0,0,0,mobile_cif.y4m,1.63,1.626,0.016733,0.015844,0.0,226
1,1,0,0,0,0,0,0,0,0,0,1,1,1,0,1,1,0,1,0,1,1,0,0,0,0,0,1,0,1,1,0,1,0,0,0,0,1,mobile_cif.y4m,6.1,6.114,0.04219,0.011923,0.0,59
1,1,0,0,0,0,0,0,1,0,0,0,1,1,0,1,1,1,1,1,0,1,1,0,0,0,0,0,0,1,0,1,1,1,0,0,0,0,mobile_cif.y4m,35.09,35.088,0.120706,0.014196,0.0,19
1,1,0,0,0,0,0,0,0,0,0,1,1,1,0,1,0,1,1,0,1,1,0,0,0,1,0,0,0,1,1,0,1,1,0,0,0,0,mobile_cif.y4m,20.09,19.882,0.352307,0.0151,0.0,304
1,1,0,0,0,0,0,0,1,0,0,0,1,0,1,1,0,1,1,0,1,1,0,1,0,0,0,0,0,1,0,1,0,0,0,0,0,0,mobile_cif.y4m,5.25,5.264,0.039115,0.014082,0.0,207
1,1,0,0,0,0,1,0,0,0,0,0,1,1,0,1,1,1,1,1,0,1,0,1,0,0,0,0,0,1,1,0,0,0,0,0,0,0,mobile_cif.y4m,187.19,188.656,3.211017,0.013713,0.0,43
1,1,0,0,0,0,1,0,0,0,0,0,1,1,0,1,1,0,1,1,0,1,1,0,0,0,0,0,0,1,1,0,1,0,0,0,0,1,mobile_cif.y4m,3.1,3.096,0.011402,0.013783,0.0,40
1,1,0,0,0,1,0,0,0,0,0,0,1,0,1,1,0,1,1,1,0,1,1,0,0,0,0,0,0,1,1,0,1,1,0,0,0,0,mobile_cif.y4m,180.6,180.634,0.072664,0.010772,0.0,186
1,1,0,0,1,0,0,0,0,0,0,0,1,0,1,1,0,0,1,0,1,1,0,0,0,1,0,0,0,1,0,1,1,0,0,0,0,1,mobile_cif.y4m,3.5,3.5,0.05099,0.016071,0.0,288
1,1,1,0,0,0,0,0,0,0,0,0,1,1,0,1,1,0,1,1,0,1,0,1,0,0,0,0,0,1,1,0,1,0,1,0,0,0,mobile_cif.y4m,5.16,5.156,0.046152,0.012079,0.0,82
1,1,0,0,0,0,0,0,0,0,1,0,1,0,1,1,1,1,1,0,1,1,0,0,0,1,0,0,0,1,0,1,0,0,0,0,0,0,mobile_cif.y4m,4.04,4.056,0.04827,0.012103,0.0,211
1,1,0,0,1,0,0,0,0,0,0,0,1,0,1,1,1,1,1,0,1,1,0,0,0,0,0,1,0,1,1,0,1,0,0,1,0,0,mobile_cif.y4m,94.21,94.12,0.324268,0.013767,0.0,347
1,1,0,1,0,0,0,0,0,0,0,0,1,0,1,1,0,0,1,1,0,1,1,0,0,0,0,0,0,1,1,0,1,0,0,0,1,0,mobile_cif.y4m,10.83,10.816,0.102616,0.016847,0.0,13
1,1,0,0,0,0,0,1,0,0,0,0,1,0,1,1,1,1,1,0,1,1,0,0,1,0,0,0,0,1,0,1,0,0,0,0,0,0,mobile_cif.y4m,305.21,305.094,0.208878,0.017311,0.0,228
1,1,0,0,0,0,0,0,0,1,0,0,1,1,0,1,0,1,1,0,1,1,0,0,1,0,0,0,0,1,0,1,1,0,0,0,0,1,mobile_cif.y4m,7.06,7.068,0.038341,0.015,0.0,335
1,1,0,0,0,0,0,0,1,0,0,0,1,1,0,1,1,0,1,0,1,1,0,0,1,0,0,0,0,1,1,0,1,1,0,0,0,0,mobile_cif.y4m,20.71,20.71,0.130576,0.01141,0.0,24
1,1,1,0,0,0,0,0,0,0,0,0,1,0,1,1,0,1,1,0,1,1,0,1,0,0,0,0,0,1,0,1,1,0,0,1,0,0,mobile_cif.y4m,255.51,255.344,0.327078,0.015692,0.0,352
1,1,0,0,0,0,1,0,0,0,0,0,1,0,1,1,0,0,1,1,0,1,0,0,0,0,0,1,0,1,1,0,0,0,0,0,0,0,mobile_cif.y4m,4.29,4.296,0.018166,0.012096,0.0,368
1,1,1,0,0,0,0,0,0,0,0,0,1,0,1,1,1,1,1,1,0,1,0,1,0,0,0,0,0,1,1,0,0,0,0,0,0,0,mobile_cif.y4m,1.89,1.892,0.014832,0.01566,0.0,80
1,1,0,0,1,0,0,0,0,0,0,0,1,1,0,1,0,0,1,0,1,1,0,1,0,0,0,0,0,1,0,1,0,0,0,0,0,0,mobile_cif.y4m,19.72,19.726,0.035777,0.014248,0.0,121
1,1,0,0,0,0,0,0,0,0,1,0,1,0,1,1,1,1,1,0,1,1,0,0,1,0,0,0,0,1,1,0,1,1,0,0,0,0,mobile_cif.y4m,4.36,4.366,0.032863,0.011892,0.0,156
1,1,0,1,0,0,0,0,0,0,0,0,1,0,1,1,1,1,1,1,0,1,0,0,0,0,0,1,0,1,1,0,1,1,0,0,0,0,mobile_cif.y4m,1.17,1.172,0.004472,0.015136,0.0,9
1,1,0,0,0,0,0,0,0,0,1,0,1,1,0,1,0,0,1,1,0,1,0,0,0,0,1,0,0,1,1,0,1,0,0,0,0,1,mobile_cif.y4m,6.4,6.396,0.061887,0.013992,0.0,165
1,1,0,0,0,0,0,0,0,0,1,0,1,0,1,1,0,0,1,1,0,1,0,1,0,0,0,0,0,1,0,1,1,0,0,0,0,1,mobile_cif.y4m,5.27,5.256,0.039115,0.012605,0.0,126
1,1,0,0,1,0,0,0,0,0,0,0,1,1,0,1,1,1,1,0,1,1,0,0,1,0,0,0,0,1,0,1,1,0,1,0,0,0,mobile_cif.y4m,1.86,1.848,0.017889,0.01566,0.0,280
1,1,0,0,0,0,0,1,0,0,0,0,1,0,1,1,1,1,1,1,0,1,0,1,0,0,0,0,0,1,0,1,1,0,0,0,1,0,mobile_cif.y4m,1.44,1.438,0.008367,0.018221,0.0,172
1,1,0,0,0,0,0,0,0,0,1,0,1,0,1,1,0,1,1,1,0,1,0,0,0,1,0,0,0,1,0,1,0,0,0,0,0,0,mobile_cif.y4m,7.61,7.618,0.040866,0.012967,0.0,292
1,1,0,0,0,0,0,0,0,0,1,0,1,1,0,1,1,1,1,0,1,1,0,0,0,0,0,1,0,1,1,0,0,0,0,0,0,0,mobile_cif.y4m,15.65,15.618,0.096021,0.01712,0.0,105
1,1,0,0,0,1,0,0,0,0,0,0,1,0,1,1,1,1,1,0,1,1,0,0,0,0,0,0,1,1,1,0,1,0,1,0,0,0,mobile_cif.y4m,14.04,14.02,0.090277,0.012028,0.0,76
1,1,0,0,0,1,0,0,0,0,0,0,1,0,1,1,0,0,1,1,0,1,1,0,0,0,0,0,0,1,1,0,1,0,0,0,0,1,mobile_cif.y4m,108.12,108.156,0.246637,0.016612,0.0,221
1,1,0,0,0,0,0,0,0,0,1,0,1,1,0,1,1,0,1,1,0,1,0,0,0,0,1,0,0,1,0,1,1,0,0,0,0,1,mobile_cif.y4m,34.16,34.144,0.056833,0.011412,0.0,167
1,1,0,0,0,0,0,0,0,0,1,0,1,0,1,1,0,1,1,0,1,1,1,0,0,0,0,0,0,1,1,0,1,0,0,0,0,1,mobile_cif.y4m,178.28,178.062,0.463055,0.016036,0.0,35
1,1,0,0,1,0,0,0,0,0,0,0,1,1,0,1,0,0,1,1,0,1,0,1,0,0,0,0,0,1,0,1,1,0,1,0,0,0,mobile_cif.y4m,3.56,3.592,0.054037,0.012009,0.0,235
1,1,0,0,0,0,0,0,0,1,0,0,1,1,0,1,1,1,1,0,1,1,0,0,1,0,0,0,0,1,0,1,1,0,0,0,0,1,mobile_cif.y4m,10.54,10.544,0.011402,0.012433,0.0,333
1,1,0,0,0,0,1,0,0,0,0,0,1,0,1,1,1,1,1,1,0,1,0,1,0,0,0,0,0,1,1,0,0,0,0,0,0,0,mobile_cif.y4m,114.82,114.79,0.335261,0.016715,0.0,44
1,1,0,0,1,0,0,0,0,0,0,0,1,0,1,1,0,1,1,1,0,1,0,1,0,0,0,0,0,1,0,1,1,1,0,0,0,0,mobile_cif.y4m,204.65,204.54,0.203715,0.014944,0.0,256
1,1,0,0,0,0,0,1,0,0,0,0,1,0,1,1,1,0,1,0,1,1,0,1,0,0,0,0,0,1,0,1,1,0,0,0,0,1,mobile_cif.y4m,521.54,522.018,2.052065,0.011625,0.0,192
1,1,0,0,0,0,1,0,0,0,0,0,1,1,0,1,1,1,1,1,0,1,1,0,0,0,0,0,0,1,1,0,1,0,0,0,0,1,mobile_cif.y4m,13.99,13.992,0.056745,0.015088,0.0,41
1,1,0,0,0,0,0,0,0,0,1,0,1,0,1,1,0,1,1,1,0,1,0,0,0,0,0,1,0,1,0,1,1,0,0,0,1,0,mobile_cif.y4m,115.5,115.054,1.074002,0.013194,0.0,273
1,1,0,0,0,0,0,0,0,0,1,0,1,1,0,1,0,1,1,0,1,1,0,0,0,0,0,1,0,1,0,1,0,0,0,0,0,0,mobile_cif.y4m,74.67,74.534,0.445567,0.013006,0.0,101
1,1,0,0,0,0,0,0,0,0,1,0,1,0,1,1,1,1,1,0,1,1,0,0,0,0,1,0,0,1,1,0,1,0,1,0,0,0,mobile_cif.y4m,70.77,70.788,0.10895,0.01668,0.0,242
1,1,0,0,0,0,0,0,0,0,1,0,1,1,0,1,0,1,1,0,1,1,0,0,0,0,0,1,0,1,1,0,0,0,0,0,0,0,mobile_cif.y4m,6.43,6.414,0.041593,0.013859,0.0,103
1,1,1,0,0,0,0,0,0,0,0,0,1,1,0,1,1,0,1,1,0,1,0,1,0,0,0,0,0,1,0,1,0,0,0,0,0,0,mobile_cif.y4m,118.14,118.008,0.342739,0.015014,0.0,1
1,1,0,0,0,0,0,1,0,0,0,0,1,1,0,1,0,0,1,0,1,1,0,0,0,0,0,1,0,1,0,1,1,0,0,0,0,1,mobile_cif.y4m,5.8,5.792,0.139176,0.013584,0.0,56
1,1,0,0,1,0,0,0,0,0,0,0,1,0,1,1,0,0,1,0,1,1,0,0,0,0,0,0,1,1,0,1,0,0,0,0,0,0,mobile_cif.y4m,14.75,14.756,0.043932,0.01712,0.0,373
1,1,0,0,0,0,0,0,1,0,0,0,1,1,0,1,1,1,1,0,1,1,0,1,0,0,0,0,0,1,0,1,1,0,1,0,0,0,mobile_cif.y4m,190.55,190.23,1.376536,0.016628,0.0,318
1,1,0,0,0,1,0,0,0,0,0,0,1,1,0,1,0,0,1,1,0,1,0,0,0,0,1,0,0,1,1,0,0,0,0,0,0,0,mobile_cif.y4m,181.37,181.316,0.436726,0.014529,0.0,69
1,1,0,1,0,0,0,0,0,0,0,0,1,0,1,1,0,0,1,1,0,1,0,0,0,0,0,1,0,1,1,0,1,1,0,0,0,0,mobile_cif.y4m,4.92,4.92,0.031623,0.012388,0.0,11
1,1,0,0,1,0,0,0,0,0,0,0,1,0,1,1,0,0,1,1,0,1,0,1,0,0,0,0,0,1,0,1,1,0,0,1,0,0,mobile_cif.y4m,4.37,4.366,0.026077,0.013394,0.0,258
1,1,0,0,0,0,0,0,0,0,1,0,1,0,1,1,0,0,1,1,0,1,0,1,0,0,0,0,0,1,1,0,1,0,1,0,0,0,mobile_cif.y4m,286.94,286.972,0.376391,0.011644,0.0,238
1,1,0,0,0,0,0,1,0,0,0,0,1,0,1,1,1,0,1,1,0,1,1,0,0,0,0,0,0,1,0,1,1,0,0,0,1,0,mobile_cif.y4m,277.88,278.078,0.78522,0.014449,0.0,173
1,1,0,0,0,0,0,1,0,0,0,0,1,0,1,1,0,1,1,0,1,1,0,1,0,0,0,0,0,1,0,1,1,1,0,0,0,0,mobile_cif.y4m,249.28,249.388,0.44578,0.015256,0.0,190
1,1,0,1,0,0,0,0,0,0,0,0,1,0,1,1,1,0,1,1,0,1,0,0,0,0,0,1,0,1,0,1,1,1,0,0,0,0,mobile_cif.y4m,74.35,74.128,0.425464,0.014632,0.0,7
1,1,0,0,0,1,0,0,0,0,0,0,1,0,1,1,1,1,1,0,1,1,0,0,0,0,0,0,1,1,1,0,0,0,0,0,0,0,mobile_cif.y4m,2.19,2.166,0.051284,0.015758,0.0,323
1,1,0,0,0,1,0,0,0,0,0,0,1,0,1,1,0,0,1,0,1,1,0,0,0,0,0,0,1,1,1,0,1,0,0,0,1,0,mobile_cif.y4m,203.99,206.406,4.511732,0.014793,0.0,73
1,1,0,0,0,0,0,0,0,0,1,0,1,0,1,1,1,0,1,0,1,1,0,1,0,0,0,0,0,1,0,1,0,0,0,0,0,0,mobile_cif.y4m,187.98,188.172,0.424641,0.013713,0.0,209
1,1,0,1,0,0,0,0,0,0,0,0,1,1,0,1,1,0,1,0,1,1,1,0,0,0,0,0,0,1,1,0,0,0,0,0,0,0,mobile_cif.y4m,4.45,4.442,0.064187,0.014057,0.0,138
1,1,0,0,0,1,0,0,0,0,0,0,1,1,0,1,1,1,1,1,0,1,0,0,0,0,0,1,0,1,0,1,0,0,0,0,0,0,mobile_cif.y4m,90.78,90.576,0.413074,0.010685,0.0,264
1,1,0,0,0,0,0,0,0,1,0,0,1,0,1,1,0,1,1,0,1,1,0,0,0,0,0,1,0,1,0,1,1,0,0,0,1,0,mobile_cif.y4m,198.22,198.144,0.425241,0.014529,0.0,98
1,1,0,0,0,0,0,0,0,0,1,0,1,1,0,1,0,0,1,0,1,1,0,0,0,0,0,1,0,1,1,0,1,0,0,1,0,0,mobile_cif.y4m,3.92,3.91,0.024495,0.012687,0.0,380
1,1,0,0,1,0,0,0,0,0,0,0,1,1,0,1,1,1,1,1,0,1,0,1,0,0,0,0,0,1,1,0,1,0,1,0,0,0,mobile_cif.y4m,204.09,203.76,0.631348,0.013264,0.0,85
1,1,0,0,0,0,0,0,0,0,1,0,1,0,1,1,0,0,1,0,1,1,1,0,0,0,0,0,0,1,0,1,1,0,0,0,1,0,mobile_cif.y4m,107.46,107.374,0.132212,0.013845,0.0,31
1,1,0,1,0,0,0,0,0,0,0,0,1,0,1,1,1,0,1,1,0,1,0,0,0,0,0,1,0,1,1,0,1,1,0,0,0,0,mobile_cif.y4m,3.61,3.618,0.040249,0.013783,0.0,8
1,1,0,0,1,0,0,0,0,0,0,0,1,1,0,1,1,1,1,1,0,1,1,0,0,0,0,0,0,1,0,1,1,1,0,0,0,0,mobile_cif.y4m,6.7,6.726,0.076354,0.014156,0.0,216
1,1,0,0,1,0,0,0,0,0,0,0,1,1,0,1,1,1,1,0,1,1,0,0,0,1,0,0,0,1,0,1,1,1,0,0,0,0,mobile_cif.y4m,1.5,1.5,0.012247,0.015806,0.0,214
1,1,0,0,0,0,0,0,1,0,0,0,1,1,0,1,0,0,1,1,0,1,0,0,0,0,0,1,0,1,1,0,0,0,0,0,0,0,mobile_cif.y4m,7.68,7.686,0.032863,0.012642,0.0,341
1,1,0,0,1,0,0,0,0,0,0,0,1,1,0,1,0,0,1,1,0,1,0,1,0,0,0,0,0,1,1,0,1,0,1,0,0,0,mobile_cif.y4m,4.63,4.624,0.071274,0.01359,0.0,236
1,1,0,0,0,0,0,0,0,0,1,0,1,0,1,1,0,0,1,0,1,1,0,0,0,0,1,0,0,1,1,0,1,0,1,0,0,0,mobile_cif.y4m,11.23,11.214,0.02881,0.013147,0.0,240
1,1,0,0,0,0,0,1,0,0,0,0,1,0,1,1,0,0,1,0,1,1,0,0,0,1,0,0,0,1,0,1,1,0,0,0,1,0,mobile_cif.y4m,6.88,6.886,0.033615,0.013859,0.0,51
1,1,1,0,0,0,0,0,0,0,0,0,1,0,1,1,1,1,1,0,1,1,0,0,0,0,0,0,1,1,1,0,1,0,1,0,0,0,mobile_cif.y4m,6.9,6.892,0.016432,0.016916,0.0,77
1,1,0,0,0,0,0,0,0,0,1,0,1,0,1,1,1,0,1,1,0,1,0,0,0,0,0,1,0,1,0,1,1,0,0,0,0,1,mobile_cif.y4m,6.61,6.594,0.040373,0.013278,0.0,128
1,1,0,0,1,0,0,0,0,0,0,0,1,1,0,1,0,0,1,1,0,1,0,1,0,0,0,0,0,1,0,1,0,0,0,0,0,0,mobile_cif.y4m,119.63,119.582,0.118617,0.016614,0.0,234
1,1,0,0,0,0,0,0,1,0,0,0,1,0,1,1,1,0,1,0,1,1,0,0,0,0,0,1,0,1,0,1,1,0,0,0,1,0,mobile_cif.y4m,532.66,532.702,0.118617,0.011625,0.0,28
1,1,0,0,1,0,0,0,0,0,0,0,1,1,0,1,1,0,1,0,1,1,1,0,0,0,0,0,0,1,1,0,0,0,0,0,0,0,mobile_cif.y4m,69.88,69.872,0.151063,0.014632,0.0,139
1,1,0,0,0,0,0,0,0,0,1,0,1,0,1,1,1,0,1,1,0,1,0,0,0,0,1,0,0,1,1,0,1,0,1,0,0,0,mobile_cif.y4m,1.37,1.368,0.008367,0.015188,0.0,152
1,1,0,1,0,0,0,0,0,0,0,0,1,0,1,1,0,0,1,1,0,1,0,0,0,0,0,1,0,1,1,0,1,0,0,0,1,0,mobile_cif.y4m,161.44,161.15,0.880852,0.015639,0.0,12
1,1,0,0,0,0,1,0,0,0,0,0,1,0,1,1,0,1,1,1,0,1,0,0,0,0,0,1,0,1,1,0,0,0,0,0,0,0,mobile_cif.y4m,1.37,1.372,0.008367,0.015188,0.0,369
1,1,0,0,0,0,0,0,0,0,0,1,1,1,0,1,1,0,1,0,1,1,0,0,0,0,0,1,0,1,0,1,1,0,0,0,0,1,mobile_cif.y4m,34.07,34.076,0.032863,0.011412,0.0,58
1,1,0,0,0,0,0,0,1,0,0,0,1,1,0,1,1,0,1,1,0,1,1,0,0,0,0,0,0,1,1,0,0,0,0,0,0,0,mobile_cif.y4m,23.13,23.284,0.26397,0.014017,0.0,64
1,1,0,0,0,0,0,0,1,0,0,0,1,1,0,1,1,0,1,1,0,1,0,0,1,0,0,0,0,1,1,0,1,1,0,0,0,0,mobile_cif.y4m,22.95,22.944,0.030496,0.017093,0.0,21
1,1,0,0,0,1,0,0,0,0,0,0,1,0,1,1,1,1,1,0,1,1,0,0,1,0,0,0,0,1,1,0,1,0,0,0,0,1,mobile_cif.y4m,95.65,95.626,0.206954,0.013767,0.0,225
1,1,0,0,0,0,1,0,0,0,0,0,1,0,1,1,1,0,1,1,0,1,0,0,0,0,0,1,0,1,1,0,1,0,0,0,1,0,mobile_cif.y4m,178.57,178.622,1.12333,0.014839,0.0,366
1,1,0,0,0,0,0,1,0,0,0,0,1,0,1,1,1,1,1,0,1,1,0,0,1,0,0,0,0,1,0,1,1,0,0,0,0,1,mother_daughter_cif.y4m,2.6,2.596,0.008944,0.002429,0.0,114
1,1,0,0,1,0,0,0,0,0,0,0,1,1,0,1,1,1,1,0,1,1,0,0,1,0,0,0,0,1,1,0,1,0,1,0,0,0,mother_daughter_cif.y4m,1.79,1.784,0.015166,0.002134,0.0,281
1,1,0,0,0,1,0,0,0,0,0,0,1,0,1,1,1,0,1,1,0,1,0,0,0,0,0,0,1,1,1,0,1,0,0,1,0,0,mother_daughter_cif.y4m,3.7,3.704,0.027019,0.002317,0.0,325
1,1,1,0,0,0,0,0,0,0,0,0,1,1,0,1,1,0,1,1,0,1,0,0,0,0,1,0,0,1,1,0,1,1,0,0,0,0,mother_daughter_cif.y4m,3.08,3.09,0.026458,0.00217,0.0,181
1,1,0,0,0,0,0,0,1,0,0,0,1,1,0,1,1,0,1,0,1,1,0,0,1,0,0,0,0,1,1,0,1,0,0,0,0,1,mother_daughter_cif.y4m,68.07,68.108,0.194731,0.002682,0.0,247
1,1,0,0,0,0,0,0,0,0,1,0,1,1,0,1,1,0,1,1,0,1,0,0,0,0,1,0,0,1,1,0,1,0,0,0,0,1,mother_daughter_cif.y4m,89.49,89.418,0.121943,0.003009,0.0,166
1,1,0,0,0,0,0,0,1,0,0,0,1,1,0,1,1,0,1,0,1,1,0,0,1,0,0,0,0,1,1,0,1,0,0,0,1,0,mother_daughter_cif.y4m,2.61,2.624,0.034351,0.001797,0.0,25
1,1,0,0,0,0,0,1,0,0,0,0,1,0,1,1,0,0,1,1,0,1,0,1,0,0,0,0,0,1,0,1,0,0,0,0,0,0,mother_daughter_cif.y4m,6.46,6.45,0.046904,0.003351,0.0,355
1,1,0,0,1,0,0,0,0,0,0,0,1,1,0,1,0,0,1,1,0,1,1,0,0,0,0,0,0,1,1,0,1,0,0,0,0,1,mother_daughter_cif.y4m,0.8,0.81,0.014142,0.001514,0.0,219
1,1,0,0,0,1,0,0,0,0,0,0,1,1,0,1,1,0,1,1,0,1,0,0,0,0,1,0,0,1,1,0,1,1,0,0,0,0,mother_daughter_cif.y4m,6.41,6.514,0.196799,0.003351,0.0,182
1,1,0,1,0,0,0,0,0,0,0,0,1,0,1,1,0,1,1,1,0,1,0,0,0,0,0,1,0,1,1,0,1,1,0,0,0,0,mother_daughter_cif.y4m,2.42,2.386,0.060663,0.002299,0.0,10
1,1,0,0,1,0,0,0,0,0,0,0,1,1,0,1,1,0,1,0,1,1,0,0,1,0,0,0,0,1,0,1,1,0,0,0,0,1,mother_daughter_cif.y4m,37.25,37.25,0.170147,0.002075,0.0,116
1,1,0,0,0,1,0,0,0,0,0,0,1,1,0,1,1,1,1,0,1,1,0,0,0,0,0,1,0,1,0,1,1,1,0,0,0,0,mother_daughter_cif.y4m,4.18,4.176,0.047223,0.00232,0.0,266
1,1,0,0,0,0,0,0,1,0,0,0,1,1,0,1,0,0,1,0,1,1,0,0,1,0,0,0,0,1,1,0,1,0,0,1,0,0,mother_daughter_cif.y4m,19.29,18.982,0.660242,0.003723,0.0,313
1,1,0,0,0,0,0,1,0,0,0,0,1,0,1,1,0,0,1,1,0,1,0,0,0,0,0,0,1,1,0,1,0,0,0,0,0,0,mother_daughter_cif.y4m,4.41,4.43,0.038079,0.003342,0.0,357
1,1,0,0,0,1,0,0,0,0,0,0,1,0,1,1,0,1,1,0,1,1,1,0,0,0,0,0,0,1,1,0,1,1,0,0,0,0,mother_daughter_cif.y4m,1.5,1.522,0.0614,0.003556,0.0,187
1,1,0,0,0,0,0,0,1,0,0,0,1,1,0,1,1,1,1,0,1,1,0,0,1,0,0,0,0,1,1,0,1,1,0,0,0,0,mother_daughter_cif.y4m,177.2,177.302,0.52428,0.002951,0.0,23
1,1,0,0,1,0,0,0,0,0,0,0,1,1,0,1,1,0,1,1,0,1,0,1,0,0,0,0,0,1,0,1,0,0,0,0,0,0,mother_daughter_cif.y4m,24.02,24.006,0.019494,0.002333,0.0,2
1,1,0,0,0,0,0,0,0,0,0,1,1,1,0,1,1,0,1,0,1,1,0,0,0,0,0,1,0,1,1,0,1,1,0,0,0,0,mother_daughter_cif.y4m,85.87,85.946,0.252052,0.002795,0.0,301
1,1,0,0,0,0,0,1,0,0,0,0,1,0,1,1,0,1,1,1,0,1,0,1,0,0,0,0,0,1,0,1,0,0,0,0,0,0,mother_daughter_cif.y4m,81.57,81.442,0.879471,0.003597,0.0,356
1,1,0,0,0,0,0,0,0,0,1,0,1,1,0,1,0,1,1,0,1,1,0,0,0,0,0,1,0,1,0,1,1,1,0,0,0,0,mother_daughter_cif.y4m,5.07,5.064,0.013416,0.003107,0.0,269
1,1,0,0,0,0,0,0,0,0,1,0,1,0,1,1,0,1,1,1,0,1,0,0,1,0,0,0,0,1,0,1,1,0,0,0,1,0,mother_daughter_cif.y4m,3.59,3.586,0.086197,0.003418,0.0,274
1,1,0,0,0,0,0,0,0,0,1,0,1,0,1,1,0,1,1,1,0,1,0,0,0,1,0,0,0,1,1,0,1,1,0,0,0,0,mother_daughter_cif.y4m,3.82,3.822,0.031145,0.003186,0.0,307
1,1,0,0,1,0,0,0,0,0,0,0,1,0,1,1,0,1,1,1,0,1,0,0,1,0,0,0,0,1,0,1,1,1,0,0,0,0,mother_daughter_cif.y4m,14.75,14.682,0.136088,0.002055,0.0,254
1,1,0,0,0,0,0,0,0,0,1,0,1,0,1,1,0,1,1,0,1,1,0,1,0,0,0,0,0,1,0,1,0,0,0,0,0,0,mother_daughter_cif.y4m,0.95,0.948,0.013038,0.001623,0.0,208
1,1,0,0,1,0,0,0,0,0,0,0,1,1,0,1,1,1,1,1,0,1,0,0,1,0,0,0,0,1,0,1,1,0,1,0,0,0,mother_daughter_cif.y4m,1.13,1.124,0.015166,0.003234,0.0,279
1,1,0,0,0,0,0,1,0,0,0,0,1,1,0,1,1,1,1,1,0,1,0,1,0,0,0,0,0,1,0,1,1,0,0,0,1,0,mother_daughter_cif.y4m,4.15,4.154,0.039115,0.002726,0.0,171
1,1,0,0,0,0,0,0,0,1,0,0,1,1,0,1,0,1,1,0,1,1,0,0,0,0,0,1,0,1,0,1,1,0,0,0,1,0,mother_daughter_cif.y4m,19.08,19.052,0.092304,0.003723,0.0,99
1,1,1,0,0,0,0,0,0,0,0,0,1,0,1,1,1,1,1,1,0,1,0,1,0,0,0,0,0,1,1,0,1,0,1,0,0,0,mother_daughter_cif.y4m,4.81,4.784,0.061887,0.002599,0.0,81
1,1,0,0,0,0,0,0,0,0,1,0,1,0,1,1,1,1,1,0,1,1,0,0,1,0,0,0,0,1,1,0,1,0,1,0,0,0,mother_daughter_cif.y4m,1.65,1.626,0.059414,0.00222,0.0,155
1,1,0,0,0,1,0,0,0,0,0,0,1,1,0,1,0,1,1,1,0,1,1,0,0,0,0,0,0,1,1,0,1,1,0,0,0,0,mother_daughter_cif.y4m,2.92,2.906,0.027928,0.003186,0.0,185
1,1,0,0,1,0,0,0,0,0,0,0,1,1,0,1,0,0,1,0,1,1,0,0,0,0,0,1,0,1,0,1,0,0,0,0,0,0,mother_daughter_cif.y4m,1.75,1.752,0.010954,0.001967,0.0,376
1,1,0,0,0,0,0,0,1,0,0,0,1,1,0,1,0,1,1,0,1,1,0,1,0,0,0,0,0,1,1,0,0,0,0,0,0,0,mother_daughter_cif.y4m,0.73,0.736,0.015166,0.001877,0.0,204
1,1,0,0,0,0,0,0,1,0,0,0,1,1,0,1,1,0,1,0,1,1,0,0,0,0,1,0,0,1,1,0,1,0,0,0,0,1,mother_daughter_cif.y4m,57.11,57.126,0.110136,0.002408,0.0,246
1,1,0,0,0,0,0,1,0,0,0,0,1,1,0,1,1,1,1,0,1,1,0,0,1,0,0,0,0,1,0,1,0,0,0,0,0,0,mother_daughter_cif.y4m,50.19,50.216,0.074364,0.002772,0.0,230
1,1,0,0,0,0,0,0,1,0,0,0,1,0,1,1,1,0,1,0,1,1,0,0,0,0,0,1,0,1,1,0,1,0,0,0,1,0,mother_daughter_cif.y4m,57.28,57.016,0.860366,0.004411,0.0,27
1,1,0,1,0,0,0,0,0,0,0,0,1,1,0,1,1,1,1,0,1,1,1,0,0,0,0,0,0,1,1,0,0,0,0,0,0,0,mother_daughter_cif.y4m,2.5,2.494,0.027019,0.002163,0.0,137
1,1,0,0,0,0,0,0,0,0,1,0,1,1,0,1,1,1,1,1,0,1,0,0,0,0,1,0,0,1,0,1,1,0,0,0,1,0,mother_daughter_cif.y4m,3.28,3.266,0.039115,0.003316,0.0,169
1,1,0,0,0,0,0,0,0,0,1,0,1,0,1,1,0,1,1,0,1,1,1,0,0,0,0,0,0,1,0,1,1,0,0,0,0,1,mother_daughter_cif.y4m,86.88,86.972,0.375992,0.002755,0.0,33
1,1,0,0,0,0,0,0,1,0,0,0,1,0,1,1,0,1,1,0,1,1,0,1,0,0,0,0,0,1,1,0,0,0,0,0,0,0,mother_daughter_cif.y4m,17.89,17.846,0.147071,0.004153,0.0,205
1,1,0,0,0,0,0,0,0,0,1,0,1,1,0,1,1,0,1,0,1,1,0,0,0,0,1,0,0,1,1,0,1,0,0,0,0,1,mother_daughter_cif.y4m,2.68,2.68,0.025495,0.002347,0.0,245
1,1,1,0,0,0,0,0,0,0,0,0,1,1,0,1,0,0,1,1,0,1,0,0,1,0,0,0,0,1,1,0,1,0,0,0,0,1,mother_daughter_cif.y4m,2.96,2.974,0.033615,0.001874,0.0,163
1,1,0,0,1,0,0,0,0,0,0,0,1,1,0,1,1,0,1,1,0,1,1,0,0,0,0,0,0,1,0,1,1,1,0,0,0,0,mother_daughter_cif.y4m,1.75,1.754,0.029665,0.001967,0.0,4
1,1,0,0,1,0,0,0,0,0,0,0,1,1,0,1,0,0,1,0,1,1,1,0,0,0,0,0,0,1,1,0,1,0,0,0,1,0,mother_daughter_cif.y4m,1.54,1.53,0.060415,0.003234,0.0,141
1,1,1,0,0,0,0,0,0,0,0,0,1,1,0,1,1,1,1,0,1,1,0,0,1,0,0,0,0,1,1,0,1,1,0,0,0,0,mother_daughter_cif.y4m,81.7,81.426,0.686608,0.002428,0.0,159
1,1,0,0,0,0,0,0,1,0,0,0,1,1,0,1,0,1,1,0,1,1,0,0,1,0,0,0,0,1,0,1,1,0,0,0,0,1,mother_daughter_cif.y4m,7.31,7.322,0.081056,0.003401,0.0,336
1,1,0,0,0,1,0,0,0,0,0,0,1,1,0,1,0,0,1,0,1,1,0,0,0,0,0,0,1,1,1,0,1,0,0,0,1,0,mother_daughter_cif.y4m,23.18,23.19,0.18775,0.002637,0.0,72
1,1,0,0,0,0,0,0,1,0,0,0,1,1,0,1,1,0,1,1,0,1,0,0,1,0,0,0,0,1,1,0,1,0,0,0,0,1,mother_daughter_cif.y4m,2.38,2.378,0.023875,0.002468,0.0,248
1,1,0,1,0,0,0,0,0,0,0,0,1,0,1,1,1,1,1,1,0,1,0,0,0,0,0,1,0,1,0,1,1,0,0,0,0,1,mother_daughter_cif.y4m,65.8,65.602,0.641576,0.002315,0.0,130
1,1,0,0,0,1,0,0,0,0,0,0,1,0,1,1,1,1,1,1,0,1,0,0,0,0,0,0,1,1,1,0,0,0,0,0,0,0,mother_daughter_cif.y4m,99.92,99.998,0.201544,0.003233,0.0,324
1,1,1,0,0,0,0,0,0,0,0,0,1,0,1,1,0,1,1,1,0,1,0,1,0,0,0,0,0,1,0,1,0,0,0,0,0,0,mother_daughter_cif.y4m,80.39,80.274,0.556264,0.004353,0.0,354
1,1,0,0,0,0,0,0,0,0,1,0,1,0,1,1,0,0,1,1,0,1,0,0,0,1,0,0,0,1,0,1,0,0,0,0,0,0,mother_daughter_cif.y4m,51.12,51.246,0.449422,0.002002,0.0,291
1,1,0,0,0,0,0,0,0,0,1,0,1,1,0,1,0,0,1,1,0,1,0,1,0,0,0,0,0,1,1,0,1,0,1,0,0,0,mother_daughter_cif.y4m,1.1,1.114,0.033615,0.001667,0.0,237
1,1,0,0,0,1,0,0,0,0,0,0,1,1,0,1,1,0,1,1,0,1,1,0,0,0,0,0,0,1,1,0,1,1,0,0,0,0,mother_daughter_cif.y4m,1.61,1.61,0.01,0.002237,0.0,183
1,1,0,0,0,1,0,0,0,0,0,0,1,0,1,1,1,1,1,0,1,1,0,0,1,0,0,0,0,1,0,1,0,0,0,0,0,0,mother_daughter_cif.y4m,1.31,1.31,0.007071,0.001813,0.0,227
1,1,0,0,0,0,0,0,1,0,0,0,1,1,0,1,0,1,1,0,1,1,0,0,0,0,0,1,0,1,0,1,0,0,0,0,0,0,mother_daughter_cif.y4m,3.67,3.68,0.044721,0.002383,0.0,338
1,1,0,0,1,0,0,0,0,0,0,0,1,0,1,1,0,0,1,0,1,1,1,0,0,0,0,0,0,1,1,0,1,0,0,0,1,0,mother_daughter_cif.y4m,12.72,12.732,0.032711,0.00264,0.0,142
1,1,0,0,1,0,0,0,0,0,0,0,1,1,0,1,1,1,1,0,1,1,0,0,1,0,0,0,0,1,1,0,1,0,0,0,0,1,mother_daughter_cif.y4m,9.51,9.508,0.013038,0.003167,0.0,332
1,1,0,0,0,0,0,0,0,1,0,0,1,0,1,1,0,0,1,1,0,1,0,0,0,0,1,0,0,1,0,1,1,0,0,0,1,0,mother_daughter_cif.y4m,78.21,78.17,0.33053,0.002069,0.0,95
1,1,0,0,1,0,0,0,0,0,0,0,1,0,1,1,0,0,1,0,1,1,0,0,0,1,0,0,0,1,0,1,0,0,0,0,0,0,mother_daughter_cif.y4m,6.57,6.566,0.054129,0.003226,0.0,289
1,1,0,0,1,0,0,0,0,0,0,0,1,1,0,1,0,0,1,0,1,1,0,0,0,0,0,1,0,1,0,1,1,0,0,1,0,0,mother_daughter_cif.y4m,1.08,1.07,0.014142,0.001667,0.0,378
1,1,0,0,1,0,0,0,0,0,0,0,1,1,0,1,1,1,1,1,0,1,0,0,1,0,0,0,0,1,0,1,1,0,0,0,1,0,mother_daughter_cif.y4m,25.32,25.322,0.07791,0.002641,0.0,278
1,1,0,0,0,0,0,0,0,0,1,0,1,0,1,1,1,0,1,0,1,1,1,0,0,0,0,0,0,1,0,1,1,0,0,0,1,0,mother_daughter_cif.y4m,4.43,4.436,0.06269,0.003347,0.0,30
1,1,0,0,1,0,0,0,0,0,0,0,1,1,0,1,0,0,1,0,1,1,0,1,0,0,0,0,0,1,0,1,1,0,0,0,0,1,mother_daughter_cif.y4m,1.01,1.044,0.086487,0.002059,0.0,120
1,1,0,0,0,1,0,0,0,0,0,0,1,1,0,1,1,1,1,0,1,1,0,0,0,0,0,1,0,1,0,1,0,0,0,0,0,0,mother_daughter_cif.y4m,1.41,1.408,0.019235,0.002072,0.0,265
1,1,0,0,0,0,0,0,0,0,1,0,1,1,0,1,1,0,1,1,0,1,0,0,0,0,0,1,0,1,0,1,0,0,0,0,0,0,mother_daughter_cif.y4m,3.01,3.038,0.075961,0.001958,0.0,296
1,1,0,0,0,0,0,1,0,0,0,0,1,1,0,1,1,1,1,1,0,1,0,1,0,0,0,0,0,1,0,1,0,0,0,0,0,0,mother_daughter_cif.y4m,5.79,5.794,0.032094,0.00228,0.0,232
1,1,0,0,0,0,0,0,0,0,1,0,1,0,1,1,0,0,1,1,0,1,0,0,1,0,0,0,0,1,1,0,1,0,0,1,0,0,mother_daughter_cif.y4m,4.59,4.566,0.047749,0.003046,0.0,310
1,1,0,0,0,0,0,1,0,0,0,0,1,0,1,1,1,1,1,0,1,1,0,0,0,0,0,1,0,1,0,1,1,0,0,1,0,0,mother_daughter_cif.y4m,72.4,71.676,1.779756,0.003145,0.0,349
1,1,0,0,1,0,0,0,0,0,0,0,1,1,0,1,0,1,1,0,1,1,0,0,0,0,0,1,0,1,0,1,0,0,0,0,0,0,mother_daughter_cif.y4m,2.94,2.932,0.013038,0.003204,0.0,377
1,1,0,0,0,0,0,0,0,1,0,0,1,0,1,1,1,1,1,1,0,1,0,0,0,0,1,0,0,1,0,1,1,0,0,0,1,0,mother_daughter_cif.y4m,83.75,83.772,0.231236,0.002756,0.0,94
1,1,1,0,0,0,0,0,0,0,0,0,1,1,0,1,1,0,1,0,1,1,1,0,0,0,0,0,0,1,0,1,1,1,0,0,0,0,mother_daughter_cif.y4m,3.9,3.9,0.029155,0.003186,0.0,178
1,1,0,0,0,0,0,0,0,0,1,0,1,0,1,1,0,0,1,1,0,1,0,0,0,0,0,1,0,1,0,1,1,0,0,0,0,1,mother_daughter_cif.y4m,3.91,3.904,0.06229,0.003117,0.0,127
1,1,0,0,0,0,0,1,0,0,0,0,1,0,1,1,1,0,1,0,1,1,0,0,0,1,0,0,0,1,0,1,1,0,0,0,1,0,mother_daughter_cif.y4m,1.19,1.188,0.013038,0.001484,0.0,111
1,1,1,0,0,0,0,0,0,0,0,0,1,0,1,1,0,1,1,1,0,1,0,1,0,0,0,0,0,1,0,1,1,0,0,1,0,0,mother_daughter_cif.y4m,2.72,2.722,0.021679,0.002606,0.0,353
1,1,0,0,0,0,1,0,0,0,0,0,1,0,1,1,1,1,1,1,0,1,0,1,0,0,0,0,0,1,1,0,1,0,0,0,1,0,mother_daughter_cif.y4m,2.87,2.878,0.035637,0.002299,0.0,45
1,1,0,0,0,1,0,0,0,0,0,0,1,0,1,1,1,1,1,0,1,1,0,0,1,0,0,0,0,1,1,0,0,0,0,0,0,0,mother_daughter_cif.y4m,1.04,1.0,0.059582,0.001771,0.0,226
1,1,0,0,0,0,0,0,0,0,0,1,1,1,0,1,1,0,1,0,1,1,0,0,0,0,0,1,0,1,1,0,1,0,0,0,0,1,mother_daughter_cif.y4m,3.74,3.722,0.040866,0.002152,0.0,59
1,1,0,0,0,0,0,0,1,0,0,0,1,1,0,1,1,1,1,1,0,1,1,0,0,0,0,0,0,1,0,1,1,1,0,0,0,0,mother_daughter_cif.y4m,23.54,23.538,0.090388,0.002333,0.0,19
1,1,0,0,0,0,0,0,0,0,0,1,1,1,0,1,0,1,1,0,1,1,0,0,0,1,0,0,0,1,1,0,1,1,0,0,0,0,mother_daughter_cif.y4m,15.09,15.084,0.045056,0.002747,0.0,304
1,1,0,0,0,0,0,0,1,0,0,0,1,0,1,1,0,1,1,0,1,1,0,1,0,0,0,0,0,1,0,1,0,0,0,0,0,0,mother_daughter_cif.y4m,2.41,2.412,0.016432,0.002468,0.0,207
1,1,0,0,0,0,1,0,0,0,0,0,1,1,0,1,1,1,1,1,0,1,0,1,0,0,0,0,0,1,1,0,0,0,0,0,0,0,mother_daughter_cif.y4m,95.8,95.802,0.091214,0.00233,0.0,43
1,1,0,0,0,0,1,0,0,0,0,0,1,1,0,1,1,0,1,1,0,1,1,0,0,0,0,0,0,1,1,0,1,0,0,0,0,1,mother_daughter_cif.y4m,1.38,1.388,0.037683,0.001764,0.0,40
1,1,0,0,0,1,0,0,0,0,0,0,1,0,1,1,0,1,1,1,0,1,1,0,0,0,0,0,0,1,1,0,1,1,0,0,0,0,mother_daughter_cif.y4m,92.11,92.144,0.066558,0.003231,0.0,186
1,1,0,0,1,0,0,0,0,0,0,0,1,0,1,1,0,0,1,0,1,1,0,0,0,1,0,0,0,1,0,1,1,0,0,0,0,1,mother_daughter_cif.y4m,1.92,1.914,0.030496,0.001989,0.0,288
1,1,1,0,0,0,0,0,0,0,0,0,1,1,0,1,1,0,1,1,0,1,0,1,0,0,0,0,0,1,1,0,1,0,1,0,0,0,mother_daughter_cif.y4m,3.08,3.09,0.04,0.00217,0.0,82
1,1,0,0,0,0,0,0,0,0,1,0,1,0,1,1,1,1,1,0,1,1,0,0,0,1,0,0,0,1,0,1,0,0,0,0,0,0,mother_daughter_cif.y4m,2.62,2.614,0.044497,0.002435,0.0,211
1,1,0,0,1,0,0,0,0,0,0,0,1,0,1,1,1,1,1,0,1,1,0,0,0,0,0,1,0,1,1,0,1,0,0,1,0,0,mother_daughter_cif.y4m,59.0,59.034,0.122188,0.002408,0.0,347
1,1,0,1,0,0,0,0,0,0,0,0,1,0,1,1,0,0,1,1,0,1,1,0,0,0,0,0,0,1,1,0,1,0,0,0,1,0,mother_daughter_cif.y4m,5.4,5.398,0.051186,0.001941,0.0,13
1,1,0,0,0,0,0,1,0,0,0,0,1,0,1,1,1,1,1,0,1,1,0,0,1,0,0,0,0,1,0,1,0,0,0,0,0,0,mother_daughter_cif.y4m,184.78,184.802,0.107564,0.002027,0.0,228
1,1,0,0,0,0,0,0,0,1,0,0,1,1,0,1,0,1,1,0,1,1,0,0,1,0,0,0,0,1,0,1,1,0,0,0,0,1,mother_daughter_cif.y4m,4.63,4.604,0.045607,0.002727,0.0,335
1,1,0,0,0,0,0,0,1,0,0,0,1,1,0,1,1,0,1,0,1,1,0,0,1,0,0,0,0,1,1,0,1,1,0,0,0,0,mother_daughter_cif.y4m,12.72,12.786,0.165771,0.003183,0.0,24
1,1,1,0,0,0,0,0,0,0,0,0,1,0,1,1,0,1,1,0,1,1,0,1,0,0,0,0,0,1,0,1,1,0,0,1,0,0,mother_daughter_cif.y4m,169.1,168.748,0.752044,0.004324,0.0,352
1,1,0,0,0,0,1,0,0,0,0,0,1,0,1,1,0,0,1,1,0,1,0,0,0,0,0,1,0,1,1,0,0,0,0,0,0,0,mother_daughter_cif.y4m,2.75,2.752,0.06261,0.002441,0.0,368
1,1,1,0,0,0,0,0,0,0,0,0,1,0,1,1,1,1,1,1,0,1,0,1,0,0,0,0,0,1,1,0,0,0,0,0,0,0,mother_daughter_cif.y4m,1.15,1.146,0.005477,0.002084,0.0,80
1,1,0,0,1,0,0,0,0,0,0,0,1,1,0,1,0,0,1,0,1,1,0,1,0,0,0,0,0,1,0,1,0,0,0,0,0,0,mother_daughter_cif.y4m,15.51,15.514,0.029665,0.002421,0.0,121
1,1,0,0,0,0,0,0,0,0,1,0,1,0,1,1,1,1,1,0,1,1,0,0,1,0,0,0,0,1,1,0,1,1,0,0,0,0,mother_daughter_cif.y4m,2.1,2.104,0.015166,0.002163,0.0,156
1,1,0,1,0,0,0,0,0,0,0,0,1,0,1,1,1,1,1,1,0,1,0,0,0,0,0,1,0,1,1,0,1,1,0,0,0,0,mother_daughter_cif.y4m,0.65,0.652,0.017889,0.001504,0.0,9
1,1,0,0,0,0,0,0,0,0,1,0,1,1,0,1,0,0,1,1,0,1,0,0,0,0,1,0,0,1,1,0,1,0,0,0,0,1,mother_daughter_cif.y4m,2.61,2.616,0.013416,0.002347,0.0,165
1,1,0,0,0,0,0,0,0,0,1,0,1,0,1,1,0,0,1,1,0,1,0,1,0,0,0,0,0,1,0,1,1,0,0,0,0,1,mother_daughter_cif.y4m,3.07,3.104,0.058992,0.002339,0.0,126
1,1,0,0,1,0,0,0,0,0,0,0,1,1,0,1,1,1,1,0,1,1,0,0,1,0,0,0,0,1,0,1,1,0,1,0,0,0,mother_daughter_cif.y4m,1.28,1.256,0.04827,0.002084,0.0,280
1,1,0,0,0,0,0,1,0,0,0,0,1,0,1,1,1,1,1,1,0,1,0,1,0,0,0,0,0,1,0,1,1,0,0,0,1,0,mother_daughter_cif.y4m,1.05,1.028,0.050695,0.003579,0.0,172
1,1,0,0,0,0,0,0,0,0,1,0,1,0,1,1,0,1,1,1,0,1,0,0,0,1,0,0,0,1,0,1,0,0,0,0,0,0,mother_daughter_cif.y4m,4.53,4.536,0.035071,0.003182,0.0,292
1,1,0,0,0,0,0,0,0,0,1,0,1,1,0,1,1,1,1,0,1,1,0,0,0,0,0,1,0,1,1,0,0,0,0,0,0,0,mother_daughter_cif.y4m,8.78,8.76,0.06442,0.002062,0.0,105
1,1,0,0,0,1,0,0,0,0,0,0,1,0,1,1,1,1,1,0,1,1,0,0,0,0,0,0,1,1,1,0,1,0,1,0,0,0,mother_daughter_cif.y4m,8.6,8.594,0.054589,0.00322,0.0,76
1,1,0,0,0,1,0,0,0,0,0,0,1,0,1,1,0,0,1,1,0,1,1,0,0,0,0,0,0,1,1,0,1,0,0,0,0,1,mother_daughter_cif.y4m,57.0,57.054,0.208279,0.002043,0.0,221
1,1,0,0,0,0,0,0,0,0,1,0,1,1,0,1,1,0,1,1,0,1,0,0,0,0,1,0,0,1,0,1,1,0,0,0,0,1,mother_daughter_cif.y4m,20.7,20.722,0.043818,0.003116,0.0,167
1,1,0,0,0,0,0,0,0,0,1,0,1,0,1,1,0,1,1,0,1,1,1,0,0,0,0,0,0,1,1,0,1,0,0,0,0,1,mother_daughter_cif.y4m,137.46,137.266,0.498227,0.002929,0.0,35
1,1,0,0,1,0,0,0,0,0,0,0,1,1,0,1,0,0,1,1,0,1,0,1,0,0,0,0,0,1,0,1,1,0,1,0,0,0,mother_daughter_cif.y4m,1.83,1.83,0.021213,0.002262,0.0,235
1,1,0,0,0,0,0,0,0,1,0,0,1,1,0,1,1,1,1,0,1,1,0,0,1,0,0,0,0,1,0,1,1,0,0,0,0,1,mother_daughter_cif.y4m,6.41,6.394,0.061074,0.003217,0.0,333
1,1,0,0,0,0,1,0,0,0,0,0,1,0,1,1,1,1,1,1,0,1,0,1,0,0,0,0,0,1,1,0,0,0,0,0,0,0,mother_daughter_cif.y4m,59.81,59.724,0.376072,0.00205,0.0,44
1,1,0,0,1,0,0,0,0,0,0,0,1,0,1,1,0,1,1,1,0,1,0,1,0,0,0,0,0,1,0,1,1,1,0,0,0,0,mother_daughter_cif.y4m,114.07,114.01,0.299666,0.002798,0.0,256
1,1,0,0,0,0,0,1,0,0,0,0,1,0,1,1,1,0,1,0,1,1,0,1,0,0,0,0,0,1,0,1,1,0,0,0,0,1,mother_daughter_cif.y4m,329.12,329.736,1.565545,0.003267,0.0,192
1,1,0,0,0,0,1,0,0,0,0,0,1,1,0,1,1,1,1,1,0,1,1,0,0,0,0,0,0,1,1,0,1,0,0,0,0,1,mother_daughter_cif.y4m,9.46,9.41,0.153297,0.002758,0.0,41
1,1,0,0,0,0,0,0,0,0,1,0,1,0,1,1,0,1,1,1,0,1,0,0,0,0,0,1,0,1,0,1,1,0,0,0,1,0,mother_daughter_cif.y4m,71.41,71.302,0.378774,0.003553,0.0,273
1,1,0,0,0,0,0,0,0,0,1,0,1,1,0,1,0,1,1,0,1,1,0,0,0,0,0,1,0,1,0,1,0,0,0,0,0,0,mother_daughter_cif.y4m,50.27,50.066,0.371927,0.003667,0.0,101
1,1,0,0,0,0,0,0,0,0,1,0,1,0,1,1,1,1,1,0,1,1,0,0,0,0,1,0,0,1,1,0,1,0,1,0,0,0,mother_daughter_cif.y4m,37.87,37.836,0.085029,0.002075,0.0,242
1,1,0,0,0,0,0,0,0,0,1,0,1,1,0,1,0,1,1,0,1,1,0,0,0,0,0,1,0,1,1,0,0,0,0,0,0,0,mother_daughter_cif.y4m,3.76,3.756,0.042778,0.003418,0.0,103
1,1,1,0,0,0,0,0,0,0,0,0,1,1,0,1,1,0,1,1,0,1,0,1,0,0,0,0,0,1,0,1,0,0,0,0,0,0,mother_daughter_cif.y4m,71.8,71.81,0.151987,0.002854,0.0,1
1,1,0,0,0,0,0,1,0,0,0,0,1,1,0,1,0,0,1,0,1,1,0,0,0,0,0,1,0,1,0,1,1,0,0,0,0,1,mother_daughter_cif.y4m,2.71,2.734,0.050794,0.002606,0.0,56
1,1,0,0,1,0,0,0,0,0,0,0,1,0,1,1,0,0,1,0,1,1,0,0,0,0,0,0,1,1,0,1,0,0,0,0,0,0,mother_daughter_cif.y4m,8.84,8.798,0.100598,0.002062,0.0,373
1,1,0,0,0,0,0,0,1,0,0,0,1,1,0,1,1,1,1,0,1,1,0,1,0,0,0,0,0,1,0,1,1,0,1,0,0,0,mother_daughter_cif.y4m,85.96,86.148,0.867566,0.001981,0.0,318
1,1,0,0,0,1,0,0,0,0,0,0,1,1,0,1,0,0,1,1,0,1,0,0,0,0,1,0,0,1,1,0,0,0,0,0,0,0,mother_daughter_cif.y4m,133.41,133.312,0.27013,0.00246,0.0,69
1,1,0,1,0,0,0,0,0,0,0,0,1,0,1,1,0,0,1,1,0,1,0,0,0,0,0,1,0,1,1,0,1,1,0,0,0,0,mother_daughter_cif.y4m,2.64,2.636,0.018166,0.003217,0.0,11
1,1,0,0,1,0,0,0,0,0,0,0,1,0,1,1,0,0,1,1,0,1,0,1,0,0,0,0,0,1,0,1,1,0,0,1,0,0,mother_daughter_cif.y4m,2.06,2.06,0.01,0.00223,0.0,258
1,1,0,0,0,0,0,0,0,0,1,0,1,0,1,1,0,0,1,1,0,1,0,1,0,0,0,0,0,1,1,0,1,0,1,0,0,0,mother_daughter_cif.y4m,192.63,192.612,0.143771,0.003329,0.0,238
1,1,0,0,0,0,0,1,0,0,0,0,1,0,1,1,1,0,1,1,0,1,1,0,0,0,0,0,0,1,0,1,1,0,0,0,1,0,mother_daughter_cif.y4m,182.05,182.472,0.84236,0.002383,0.0,173
1,1,0,0,0,0,0,1,0,0,0,0,1,0,1,1,0,1,1,0,1,1,0,1,0,0,0,0,0,1,0,1,1,1,0,0,0,0,mother_daughter_cif.y4m,141.53,141.154,0.587988,0.002673,0.0,190
1,1,0,1,0,0,0,0,0,0,0,0,1,0,1,1,1,0,1,1,0,1,0,0,0,0,0,1,0,1,0,1,1,1,0,0,0,0,mother_daughter_cif.y4m,43.61,43.58,0.202485,0.002755,0.0,7
1,1,0,0,0,1,0,0,0,0,0,0,1,0,1,1,1,1,1,0,1,1,0,0,0,0,0,0,1,1,1,0,0,0,0,0,0,0,mother_daughter_cif.y4m,1.25,1.256,0.023022,0.001623,0.0,323
1,1,0,0,0,1,0,0,0,0,0,0,1,0,1,1,0,0,1,0,1,1,0,0,0,0,0,0,1,1,1,0,1,0,0,0,1,0,mother_daughter_cif.y4m,100.55,100.234,0.460956,0.002726,0.0,73
1,1,0,0,0,0,0,0,0,0,1,0,1,0,1,1,1,0,1,0,1,1,0,1,0,0,0,0,0,1,0,1,0,0,0,0,0,0,mother_daughter_cif.y4m,101.68,101.5,0.777014,0.00233,0.0,209
1,1,0,1,0,0,0,0,0,0,0,0,1,1,0,1,1,0,1,0,1,1,1,0,0,0,0,0,0,1,1,0,0,0,0,0,0,0,mother_daughter_cif.y4m,1.98,1.986,0.027928,0.002469,0.0,138
1,1,0,0,0,1,0,0,0,0,0,0,1,1,0,1,1,1,1,1,0,1,0,0,0,0,0,1,0,1,0,1,0,0,0,0,0,0,mother_daughter_cif.y4m,49.6,49.384,0.652633,0.003214,0.0,264
1,1,0,0,0,0,0,0,0,1,0,0,1,0,1,1,0,1,1,0,1,1,0,0,0,0,0,1,0,1,0,1,1,0,0,0,1,0,mother_daughter_cif.y4m,137.45,137.37,0.649885,0.00246,0.0,98
1,1,0,0,0,0,0,0,0,0,1,0,1,1,0,1,0,0,1,0,1,1,0,0,0,0,0,1,0,1,1,0,1,0,0,1,0,0,mother_daughter_cif.y4m,2.42,2.424,0.035071,0.002475,0.0,380
1,1,0,0,1,0,0,0,0,0,0,0,1,1,0,1,1,1,1,1,0,1,0,1,0,0,0,0,0,1,1,0,1,0,1,0,0,0,mother_daughter_cif.y4m,115.63,116.228,1.483516,0.003491,0.0,85
1,1,0,0,0,0,0,0,0,0,1,0,1,0,1,1,0,0,1,0,1,1,1,0,0,0,0,0,0,1,0,1,1,0,0,0,1,0,mother_daughter_cif.y4m,63.57,63.608,0.231344,0.002404,0.0,31
1,1,0,1,0,0,0,0,0,0,0,0,1,0,1,1,1,0,1,1,0,1,0,0,0,0,0,1,0,1,1,0,1,1,0,0,0,0,mother_daughter_cif.y4m,1.55,1.556,0.015166,0.001764,0.0,8
1,1,0,0,1,0,0,0,0,0,0,0,1,1,0,1,1,1,1,1,0,1,1,0,0,0,0,0,0,1,0,1,1,1,0,0,0,0,mother_daughter_cif.y4m,4.11,4.144,0.097877,0.002383,0.0,216
1,1,0,0,1,0,0,0,0,0,0,0,1,1,0,1,1,1,1,0,1,1,0,0,0,1,0,0,0,1,0,1,1,1,0,0,0,0,mother_daughter_cif.y4m,0.77,0.794,0.042778,0.002059,0.0,214
1,1,0,0,0,0,0,0,1,0,0,0,1,1,0,1,0,0,1,1,0,1,0,0,0,0,0,1,0,1,1,0,0,0,0,0,0,0,mother_daughter_cif.y4m,4.59,4.57,0.056125,0.002341,0.0,341
1,1,0,0,1,0,0,0,0,0,0,0,1,1,0,1,0,0,1,1,0,1,0,1,0,0,0,0,0,1,1,0,1,0,1,0,0,0,mother_daughter_cif.y4m,2.76,2.782,0.065345,0.003141,0.0,236
1,1,0,0,0,0,0,0,0,0,1,0,1,0,1,1,0,0,1,0,1,1,0,0,0,0,1,0,0,1,1,0,1,0,1,0,0,0,mother_daughter_cif.y4m,6.49,6.496,0.027019,0.00326,0.0,240
1,1,0,0,0,0,0,1,0,0,0,0,1,0,1,1,0,0,1,0,1,1,0,0,0,1,0,0,0,1,0,1,1,0,0,0,1,0,mother_daughter_cif.y4m,3.94,3.926,0.02881,0.003418,0.0,51
1,1,1,0,0,0,0,0,0,0,0,0,1,0,1,1,1,1,1,0,1,1,0,0,0,0,0,0,1,1,1,0,1,0,1,0,0,0,mother_daughter_cif.y4m,3.65,3.656,0.0251,0.002024,0.0,77
1,1,0,0,0,0,0,0,0,0,1,0,1,0,1,1,1,0,1,1,0,1,0,0,0,0,0,1,0,1,0,1,1,0,0,0,0,1,mother_daughter_cif.y4m,2.57,2.57,0.007071,0.002125,0.0,128
1,1,0,0,1,0,0,0,0,0,0,0,1,1,0,1,0,0,1,1,0,1,0,1,0,0,0,0,0,1,0,1,0,0,0,0,0,0,mother_daughter_cif.y4m,55.8,55.832,0.072595,0.002004,0.0,234
1,1,0,0,0,0,0,0,1,0,0,0,1,0,1,1,1,0,1,0,1,1,0,0,0,0,0,1,0,1,0,1,1,0,0,0,1,0,mother_daughter_cif.y4m,365.08,365.066,0.038471,0.003267,0.0,28
1,1,0,0,1,0,0,0,0,0,0,0,1,1,0,1,1,0,1,0,1,1,1,0,0,0,0,0,0,1,1,0,0,0,0,0,0,0,mother_daughter_cif.y4m,43.64,43.598,0.131034,0.002755,0.0,139
1,1,0,0,0,0,0,0,0,0,1,0,1,0,1,1,1,0,1,1,0,1,0,0,0,0,1,0,0,1,1,0,1,0,1,0,0,0,mother_daughter_cif.y4m,0.69,0.694,0.005477,0.001877,0.0,152
1,1,0,1,0,0,0,0,0,0,0,0,1,0,1,1,0,0,1,1,0,1,0,0,0,0,0,1,0,1,1,0,1,0,0,0,1,0,mother_daughter_cif.y4m,118.06,118.04,0.12227,0.004387,0.0,12
1,1,0,0,0,0,1,0,0,0,0,0,1,0,1,1,0,1,1,1,0,1,0,0,0,0,0,1,0,1,1,0,0,0,0,0,0,0,mother_daughter_cif.y4m,0.71,0.704,0.019494,0.001877,0.0,369
1,1,0,0,0,0,0,0,0,0,0,1,1,1,0,1,1,0,1,0,1,1,0,0,0,0,0,1,0,1,0,1,1,0,0,0,0,1,mother_daughter_cif.y4m,20.67,20.678,0.021679,0.003116,0.0,58
1,1,0,0,0,0,0,0,1,0,0,0,1,1,0,1,1,0,1,1,0,1,1,0,0,0,0,0,0,1,1,0,0,0,0,0,0,0,mother_daughter_cif.y4m,18.49,18.464,0.076026,0.003723,0.0,64
1,1,0,0,0,0,0,0,1,0,0,0,1,1,0,1,1,0,1,1,0,1,0,0,1,0,0,0,0,1,1,0,1,1,0,0,0,0,mother_daughter_cif.y4m,12.21,12.212,0.043818,0.001976,0.0,21
1,1,0,0,0,1,0,0,0,0,0,0,1,0,1,1,1,1,1,0,1,1,0,0,1,0,0,0,0,1,1,0,1,0,0,0,0,1,mother_daughter_cif.y4m,56.91,56.546,0.849488,0.002408,0.0,225
1,1,0,0,0,0,1,0,0,0,0,0,1,0,1,1,1,0,1,1,0,1,0,0,0,0,0,1,0,1,1,0,1,0,0,0,1,0,mother_daughter_cif.y4m,95.41,95.334,0.585858,0.002755,0.0,366
1,1,0,0,0,0,0,1,0,0,0,0,1,0,1,1,1,1,1,0,1,1,0,0,1,0,0,0,0,1,0,1,1,0,0,0,0,1,news_cif.y4m,3.0,2.996,0.020736,0.003484,0.0,114
1,1,0,0,1,0,0,0,0,0,0,0,1,1,0,1,1,1,1,0,1,1,0,0,1,0,0,0,0,1,1,0,1,0,1,0,0,0,news_cif.y4m,1.99,2.008,0.032711,0.003141,0.0,281
1,1,0,0,0,1,0,0,0,0,0,0,1,0,1,1,1,0,1,1,0,1,0,0,0,0,0,0,1,1,1,0,1,0,0,1,0,0,news_cif.y4m,4.11,4.112,0.013038,0.003348,0.0,325
1,1,1,0,0,0,0,0,0,0,0,0,1,1,0,1,1,0,1,1,0,1,0,0,0,0,1,0,0,1,1,0,1,1,0,0,0,0,news_cif.y4m,3.51,3.496,0.038471,0.00322,0.0,181
1,1,0,0,0,0,0,0,1,0,0,0,1,1,0,1,1,0,1,0,1,1,0,0,1,0,0,0,0,1,1,0,1,0,0,0,0,1,news_cif.y4m,87.52,87.472,0.18767,0.003754,0.0,247
1,1,0,0,0,0,0,0,0,0,1,0,1,1,0,1,1,0,1,1,0,1,0,0,0,0,1,0,0,1,1,0,1,0,0,0,0,1,news_cif.y4m,123.77,123.742,0.245703,0.004827,0.0,166
1,1,0,0,0,0,0,0,1,0,0,0,1,1,0,1,1,0,1,0,1,1,0,0,1,0,0,0,0,1,1,0,1,0,0,0,1,0,news_cif.y4m,3.47,3.476,0.031305,0.003229,0.0,25
1,1,0,0,0,0,0,1,0,0,0,0,1,0,1,1,0,0,1,1,0,1,0,1,0,0,0,0,0,1,0,1,0,0,0,0,0,0,news_cif.y4m,7.49,7.496,0.044497,0.005157,0.0,355
1,1,0,0,1,0,0,0,0,0,0,0,1,1,0,1,0,0,1,1,0,1,1,0,0,0,0,0,0,1,1,0,1,0,0,0,0,1,news_cif.y4m,0.98,0.982,0.013038,0.003283,0.0,219
1,1,0,0,0,1,0,0,0,0,0,0,1,1,0,1,1,0,1,1,0,1,0,0,0,0,1,0,0,1,1,0,1,1,0,0,0,0,news_cif.y4m,7.56,7.568,0.110318,0.005157,0.0,182
1,1,0,1,0,0,0,0,0,0,0,0,1,0,1,1,0,1,1,1,0,1,0,0,0,0,0,1,0,1,1,0,1,1,0,0,0,0,news_cif.y4m,2.65,2.652,0.017889,0.003324,0.0,10
1,1,0,0,1,0,0,0,0,0,0,0,1,1,0,1,1,0,1,0,1,1,0,0,1,0,0,0,0,1,0,1,1,0,0,0,0,1,news_cif.y4m,51.13,51.124,0.061887,0.003447,0.0,116
1,1,0,0,0,1,0,0,0,0,0,0,1,1,0,1,1,1,1,0,1,1,0,0,0,0,0,1,0,1,0,1,1,1,0,0,0,0,news_cif.y4m,4.86,4.856,0.051769,0.003308,0.0,266
1,1,0,0,0,0,0,0,1,0,0,0,1,1,0,1,0,0,1,0,1,1,0,0,1,0,0,0,0,1,1,0,1,0,0,1,0,0,news_cif.y4m,18.56,18.706,0.280856,0.005137,0.0,313
1,1,0,0,0,0,0,1,0,0,0,0,1,0,1,1,0,0,1,1,0,1,0,0,0,0,0,0,1,1,0,1,0,0,0,0,0,0,news_cif.y4m,4.45,4.442,0.040866,0.004899,0.0,357
1,1,0,0,0,1,0,0,0,0,0,0,1,0,1,1,0,1,1,0,1,1,1,0,0,0,0,0,0,1,1,0,1,1,0,0,0,0,news_cif.y4m,1.38,1.38,0.007071,0.005031,0.0,187
1,1,0,0,0,0,0,0,1,0,0,0,1,1,0,1,1,1,1,0,1,1,0,0,1,0,0,0,0,1,1,0,1,1,0,0,0,0,news_cif.y4m,246.16,246.176,0.053198,0.004766,0.0,23
1,1,0,0,1,0,0,0,0,0,0,0,1,1,0,1,1,0,1,1,0,1,0,1,0,0,0,0,0,1,0,1,0,0,0,0,0,0,news_cif.y4m,25.01,24.984,0.054129,0.003369,0.0,2
1,1,0,0,0,0,0,0,0,0,0,1,1,1,0,1,1,0,1,0,1,1,0,0,0,0,0,1,0,1,1,0,1,1,0,0,0,0,news_cif.y4m,111.76,111.684,0.428171,0.004112,0.0,301
1,1,0,0,0,0,0,1,0,0,0,0,1,0,1,1,0,1,1,1,0,1,0,1,0,0,0,0,0,1,0,1,0,0,0,0,0,0,news_cif.y4m,99.98,99.982,0.20969,0.004734,0.0,356
1,1,0,0,0,0,0,0,0,0,1,0,1,1,0,1,0,1,1,0,1,1,0,0,0,0,0,1,0,1,0,1,1,1,0,0,0,0,news_cif.y4m,5.42,5.446,0.049295,0.004906,0.0,269
1,1,0,0,0,0,0,0,0,0,1,0,1,0,1,1,0,1,1,1,0,1,0,0,1,0,0,0,0,1,0,1,1,0,0,0,1,0,news_cif.y4m,3.47,3.468,0.014832,0.004988,0.0,274
1,1,0,0,0,0,0,0,0,0,1,0,1,0,1,1,0,1,1,1,0,1,0,0,0,1,0,0,0,1,1,0,1,1,0,0,0,0,news_cif.y4m,4.53,4.538,0.039623,0.004631,0.0,307
1,1,0,0,1,0,0,0,0,0,0,0,1,0,1,1,0,1,1,1,0,1,0,0,1,0,0,0,0,1,0,1,1,1,0,0,0,0,news_cif.y4m,16.23,16.258,0.066858,0.0035,0.0,254
1,1,0,0,0,0,0,0,0,0,1,0,1,0,1,1,0,1,1,0,1,1,0,1,0,0,0,0,0,1,0,1,0,0,0,0,0,0,news_cif.y4m,1.06,1.052,0.013038,0.003364,0.0,208
1,1,0,0,1,0,0,0,0,0,0,0,1,1,0,1,1,1,1,1,0,1,0,0,1,0,0,0,0,1,0,1,1,0,1,0,0,0,news_cif.y4m,1.45,1.446,0.016733,0.006725,0.0,279
1,1,0,0,0,0,0,1,0,0,0,0,1,1,0,1,1,1,1,1,0,1,0,1,0,0,0,0,0,1,0,1,1,0,0,0,1,0,news_cif.y4m,4.54,4.53,0.017321,0.003781,0.0,171
1,1,0,0,0,0,0,0,0,1,0,0,1,1,0,1,0,1,1,0,1,1,0,0,0,0,0,1,0,1,0,1,1,0,0,0,1,0,news_cif.y4m,20.2,20.19,0.043589,0.005137,0.0,99
1,1,1,0,0,0,0,0,0,0,0,0,1,0,1,1,1,1,1,1,0,1,0,1,0,0,0,0,0,1,1,0,1,0,1,0,0,0,news_cif.y4m,5.09,5.088,0.046583,0.003674,0.0,81
1,1,0,0,0,0,0,0,0,0,1,0,1,0,1,1,1,1,1,0,1,1,0,0,1,0,0,0,0,1,1,0,1,0,1,0,0,0,news_cif.y4m,1.83,1.828,0.010954,0.003673,0.0,155
1,1,0,0,0,1,0,0,0,0,0,0,1,1,0,1,0,1,1,1,0,1,1,0,0,0,0,0,0,1,1,0,1,1,0,0,0,0,news_cif.y4m,3.21,3.206,0.0251,0.004631,0.0,185
1,1,0,0,1,0,0,0,0,0,0,0,1,1,0,1,0,0,1,0,1,1,0,0,0,0,0,1,0,1,0,1,0,0,0,0,0,0,news_cif.y4m,2.02,2.026,0.02881,0.003006,0.0,376
1,1,0,0,0,0,0,0,1,0,0,0,1,1,0,1,0,1,1,0,1,1,0,1,0,0,0,0,0,1,1,0,0,0,0,0,0,0,news_cif.y4m,0.8,0.8,0.007071,0.003343,0.0,204
1,1,0,0,0,0,0,0,1,0,0,0,1,1,0,1,1,0,1,0,1,1,0,0,0,0,1,0,0,1,1,0,1,0,0,0,0,1,news_cif.y4m,67.53,67.266,0.472155,0.003469,0.0,246
1,1,0,0,0,0,0,1,0,0,0,0,1,1,0,1,1,1,1,0,1,1,0,0,1,0,0,0,0,1,0,1,0,0,0,0,0,0,news_cif.y4m,55.88,55.85,0.213659,0.003769,0.0,230
1,1,0,0,0,0,0,0,1,0,0,0,1,0,1,1,1,0,1,0,1,1,0,0,0,0,0,1,0,1,1,0,1,0,0,0,1,0,news_cif.y4m,63.05,63.084,0.178129,0.005374,0.0,27
1,1,0,1,0,0,0,0,0,0,0,0,1,1,0,1,1,1,1,0,1,1,1,0,0,0,0,0,0,1,1,0,0,0,0,0,0,0,news_cif.y4m,3.0,2.998,0.022804,0.003196,0.0,137
1,1,0,0,0,0,0,0,0,0,1,0,1,1,0,1,1,1,1,1,0,1,0,0,0,0,1,0,0,1,0,1,1,0,0,0,1,0,news_cif.y4m,3.32,3.33,0.033166,0.004723,0.0,169
1,1,0,0,0,0,0,0,0,0,1,0,1,0,1,1,0,1,1,0,1,1,1,0,0,0,0,0,0,1,0,1,1,0,0,0,0,1,news_cif.y4m,99.17,99.152,0.167541,0.003799,0.0,33
1,1,0,0,0,0,0,0,1,0,0,0,1,0,1,1,0,1,1,0,1,1,0,1,0,0,0,0,0,1,1,0,0,0,0,0,0,0,news_cif.y4m,19.97,19.988,0.063797,0.005569,0.0,205
1,1,0,0,0,0,0,0,0,0,1,0,1,1,0,1,1,0,1,0,1,1,0,0,0,0,1,0,0,1,1,0,1,0,0,0,0,1,news_cif.y4m,3.19,3.192,0.008367,0.003397,0.0,245
1,1,1,0,0,0,0,0,0,0,0,0,1,1,0,1,0,0,1,1,0,1,0,0,1,0,0,0,0,1,1,0,1,0,0,0,0,1,news_cif.y4m,3.41,3.404,0.047223,0.003265,0.0,163
1,1,0,0,1,0,0,0,0,0,0,0,1,1,0,1,1,0,1,1,0,1,1,0,0,0,0,0,0,1,0,1,1,1,0,0,0,0,news_cif.y4m,2.01,2.01,0.031623,0.003007,0.0,4
1,1,0,0,1,0,0,0,0,0,0,0,1,1,0,1,0,0,1,0,1,1,1,0,0,0,0,0,0,1,1,0,1,0,0,0,1,0,news_cif.y4m,1.89,1.886,0.016733,0.006725,0.0,141
1,1,1,0,0,0,0,0,0,0,0,0,1,1,0,1,1,1,1,0,1,1,0,0,1,0,0,0,0,1,1,0,1,1,0,0,0,0,news_cif.y4m,106.99,106.972,0.260327,0.003625,0.0,159
1,1,0,0,0,0,0,0,1,0,0,0,1,1,0,1,0,1,1,0,1,1,0,0,1,0,0,0,0,1,0,1,1,0,0,0,0,1,news_cif.y4m,7.64,7.662,0.043818,0.004836,0.0,336
1,1,0,0,0,1,0,0,0,0,0,0,1,1,0,1,0,0,1,0,1,1,0,0,0,0,0,0,1,1,1,0,1,0,0,0,1,0,news_cif.y4m,27.38,27.316,0.153395,0.00363,0.0,72
1,1,0,0,0,0,0,0,1,0,0,0,1,1,0,1,1,0,1,1,0,1,0,0,1,0,0,0,0,1,1,0,1,0,0,0,0,1,news_cif.y4m,2.89,2.88,0.017321,0.003509,0.0,248
1,1,0,1,0,0,0,0,0,0,0,0,1,0,1,1,1,1,1,1,0,1,0,0,0,0,0,1,0,1,0,1,1,0,0,0,0,1,news_cif.y4m,84.81,84.864,0.179527,0.003356,0.0,130
1,1,0,0,0,1,0,0,0,0,0,0,1,0,1,1,1,1,1,1,0,1,0,0,0,0,0,0,1,1,1,0,0,0,0,0,0,0,news_cif.y4m,133.16,133.164,0.075366,0.004917,0.0,324
1,1,1,0,0,0,0,0,0,0,0,0,1,0,1,1,0,1,1,1,0,1,0,1,0,0,0,0,0,1,0,1,0,0,0,0,0,0,news_cif.y4m,100.53,100.536,0.178269,0.005313,0.0,354
1,1,0,0,0,0,0,0,0,0,1,0,1,0,1,1,0,0,1,1,0,1,0,0,0,1,0,0,0,1,0,1,0,0,0,0,0,0,news_cif.y4m,68.87,68.864,0.140996,0.00337,0.0,291
1,1,0,0,0,0,0,0,0,0,1,0,1,1,0,1,0,0,1,1,0,1,0,1,0,0,0,0,0,1,1,0,1,0,1,0,0,0,news_cif.y4m,1.35,1.328,0.043818,0.003119,0.0,237
1,1,0,0,0,1,0,0,0,0,0,0,1,1,0,1,1,0,1,1,0,1,1,0,0,0,0,0,0,1,1,0,1,1,0,0,0,0,news_cif.y4m,2.16,2.156,0.023022,0.003232,0.0,183
1,1,0,0,0,1,0,0,0,0,0,0,1,0,1,1,1,1,1,0,1,1,0,0,1,0,0,0,0,1,0,1,0,0,0,0,0,0,news_cif.y4m,1.47,1.472,0.013038,0.003271,0.0,227
1,1,0,0,0,0,0,0,1,0,0,0,1,1,0,1,0,1,1,0,1,1,0,0,0,0,0,1,0,1,0,1,0,0,0,0,0,0,news_cif.y4m,4.09,4.096,0.015166,0.00344,0.0,338
1,1,0,0,1,0,0,0,0,0,0,0,1,0,1,1,0,0,1,0,1,1,1,0,0,0,0,0,0,1,1,0,1,0,0,0,1,0,news_cif.y4m,12.61,12.606,0.114368,0.003668,0.0,142
1,1,0,0,1,0,0,0,0,0,0,0,1,1,0,1,1,1,1,0,1,1,0,0,1,0,0,0,0,1,1,0,1,0,0,0,0,1,news_cif.y4m,10.8,10.794,0.035777,0.005011,0.0,332
1,1,0,0,0,0,0,0,0,1,0,0,1,0,1,1,0,0,1,1,0,1,0,0,0,0,1,0,0,1,0,1,1,0,0,0,1,0,news_cif.y4m,104.29,104.192,0.66398,0.003535,0.0,95
1,1,0,0,1,0,0,0,0,0,0,0,1,0,1,1,0,0,1,0,1,1,0,0,0,1,0,0,0,1,0,1,0,0,0,0,0,0,news_cif.y4m,7.11,7.108,0.023875,0.005081,0.0,289
1,1,0,0,1,0,0,0,0,0,0,0,1,1,0,1,0,0,1,0,1,1,0,0,0,0,0,1,0,1,0,1,1,0,0,1,0,0,news_cif.y4m,1.24,1.24,0.01,0.003119,0.0,378
1,1,0,0,1,0,0,0,0,0,0,0,1,1,0,1,1,1,1,1,0,1,0,0,1,0,0,0,0,1,0,1,1,0,0,0,1,0,news_cif.y4m,25.59,25.588,0.09757,0.003667,0.0,278
1,1,0,0,0,0,0,0,0,0,1,0,1,0,1,1,1,0,1,0,1,1,1,0,0,0,0,0,0,1,0,1,1,0,0,0,1,0,news_cif.y4m,5.26,5.238,0.049699,0.005106,0.0,30
1,1,0,0,1,0,0,0,0,0,0,0,1,1,0,1,0,0,1,0,1,1,0,1,0,0,0,0,0,1,0,1,1,0,0,0,0,1,news_cif.y4m,1.17,1.17,0.007071,0.003534,0.0,120
1,1,0,0,0,1,0,0,0,0,0,0,1,1,0,1,1,1,1,0,1,1,0,0,0,0,0,1,0,1,0,1,0,0,0,0,0,0,news_cif.y4m,1.76,1.76,0.01,0.003094,0.0,265
1,1,0,0,0,0,0,0,0,0,1,0,1,1,0,1,1,0,1,1,0,1,0,0,0,0,0,1,0,1,0,1,0,0,0,0,0,0,news_cif.y4m,3.73,3.724,0.013416,0.003362,0.0,296
1,1,0,0,0,0,0,1,0,0,0,0,1,1,0,1,1,1,1,1,0,1,0,1,0,0,0,0,0,1,0,1,0,0,0,0,0,0,news_cif.y4m,7.14,7.13,0.044721,0.003363,0.0,232
1,1,0,0,0,0,0,0,0,0,1,0,1,0,1,1,0,0,1,1,0,1,0,0,1,0,0,0,0,1,1,0,1,0,0,1,0,0,news_cif.y4m,4.85,4.848,0.017889,0.004536,0.0,310
1,1,0,0,0,0,0,1,0,0,0,0,1,0,1,1,1,1,1,0,1,1,0,0,0,0,0,1,0,1,0,1,1,0,0,1,0,0,news_cif.y4m,86.83,86.89,0.155403,0.004834,0.0,349
1,1,0,0,1,0,0,0,0,0,0,0,1,1,0,1,0,1,1,0,1,1,0,0,0,0,0,1,0,1,0,1,0,0,0,0,0,0,news_cif.y4m,3.65,3.662,0.021679,0.005043,0.0,377
1,1,0,0,0,0,0,0,0,1,0,0,1,0,1,1,1,1,1,1,0,1,0,0,0,0,1,0,0,1,0,1,1,0,0,0,1,0,news_cif.y4m,107.85,107.84,0.162173,0.004011,0.0,94
1,1,1,0,0,0,0,0,0,0,0,0,1,1,0,1,1,0,1,0,1,1,1,0,0,0,0,0,0,1,0,1,1,1,0,0,0,0,news_cif.y4m,4.56,4.562,0.028636,0.004631,0.0,178
1,1,0,0,0,0,0,0,0,0,1,0,1,0,1,1,0,0,1,1,0,1,0,0,0,0,0,1,0,1,0,1,1,0,0,0,0,1,news_cif.y4m,4.19,4.204,0.056833,0.004937,0.0,127
1,1,0,0,0,0,0,1,0,0,0,0,1,0,1,1,1,0,1,0,1,1,0,0,0,1,0,0,0,1,0,1,1,0,0,0,1,0,news_cif.y4m,1.32,1.322,0.008367,0.003223,0.0,111
1,1,1,0,0,0,0,0,0,0,0,0,1,0,1,1,0,1,1,1,0,1,0,1,0,0,0,0,0,1,0,1,1,0,0,1,0,0,news_cif.y4m,3.06,3.052,0.027749,0.004704,0.0,353
1,1,0,0,0,0,1,0,0,0,0,0,1,0,1,1,1,1,1,1,0,1,0,1,0,0,0,0,0,1,1,0,1,0,0,0,1,0,news_cif.y4m,3.56,3.558,0.025884,0.003324,0.0,45
1,1,0,0,0,1,0,0,0,0,0,0,1,0,1,1,1,1,1,0,1,1,0,0,1,0,0,0,0,1,1,0,0,0,0,0,0,0,news_cif.y4m,1.09,1.088,0.004472,0.003521,0.0,226
1,1,0,0,0,0,0,0,0,0,0,1,1,1,0,1,1,0,1,0,1,1,0,0,0,0,0,1,0,1,1,0,1,0,0,0,0,1,news_cif.y4m,4.08,4.094,0.035777,0.003205,0.0,59
1,1,0,0,0,0,0,0,1,0,0,0,1,1,0,1,1,1,1,1,0,1,1,0,0,0,0,0,0,1,0,1,1,1,0,0,0,0,news_cif.y4m,28.44,28.508,0.131415,0.003369,0.0,19
1,1,0,0,0,0,0,0,0,0,0,1,1,1,0,1,0,1,1,0,1,1,0,0,0,1,0,0,0,1,1,0,1,1,0,0,0,0,news_cif.y4m,17.27,17.278,0.034205,0.003718,0.0,304
1,1,0,0,0,0,0,0,1,0,0,0,1,0,1,1,0,1,1,0,1,1,0,1,0,0,0,0,0,1,0,1,0,0,0,0,0,0,news_cif.y4m,2.82,2.818,0.030332,0.003509,0.0,207
1,1,0,0,0,0,1,0,0,0,0,0,1,1,0,1,1,1,1,1,0,1,0,1,0,0,0,0,0,1,1,0,0,0,0,0,0,0,news_cif.y4m,123.94,124.084,0.30138,0.003398,0.0,43
1,1,0,0,0,0,1,0,0,0,0,0,1,1,0,1,1,0,1,1,0,1,1,0,0,0,0,0,0,1,1,0,1,0,0,0,0,1,news_cif.y4m,1.86,1.872,0.021679,0.003147,0.0,40
1,1,0,0,0,1,0,0,0,0,0,0,1,0,1,1,0,1,1,1,0,1,1,0,0,0,0,0,0,1,1,0,1,1,0,0,0,0,news_cif.y4m,113.24,113.23,0.049497,0.004879,0.0,186
1,1,0,0,1,0,0,0,0,0,0,0,1,0,1,1,0,0,1,0,1,1,0,0,0,1,0,0,0,1,0,1,1,0,0,0,0,1,news_cif.y4m,2.1,2.102,0.019235,0.003427,0.0,288
1,1,1,0,0,0,0,0,0,0,0,0,1,1,0,1,1,0,1,1,0,1,0,1,0,0,0,0,0,1,1,0,1,0,1,0,0,0,news_cif.y4m,3.48,3.49,0.023452,0.00322,0.0,82
1,1,0,0,0,0,0,0,0,0,1,0,1,0,1,1,1,1,1,0,1,1,0,0,0,1,0,0,0,1,0,1,0,0,0,0,0,0,news_cif.y4m,2.91,2.904,0.0251,0.003394,0.0,211
1,1,0,0,1,0,0,0,0,0,0,0,1,0,1,1,1,1,1,0,1,1,0,0,0,0,0,1,0,1,1,0,1,0,0,1,0,0,news_cif.y4m,64.26,64.314,0.3305,0.003469,0.0,347
1,1,0,1,0,0,0,0,0,0,0,0,1,0,1,1,0,0,1,1,0,1,1,0,0,0,0,0,0,1,1,0,1,0,0,0,1,0,news_cif.y4m,6.92,6.922,0.016432,0.003416,0.0,13
1,1,0,0,0,0,0,1,0,0,0,0,1,0,1,1,1,1,1,0,1,1,0,0,1,0,0,0,0,1,0,1,0,0,0,0,0,0,news_cif.y4m,223.05,223.002,0.173407,0.003495,0.0,228
1,1,0,0,0,0,0,0,0,1,0,0,1,1,0,1,0,1,1,0,1,1,0,0,1,0,0,0,0,1,0,1,1,0,0,0,0,1,news_cif.y4m,4.6,4.598,0.013038,0.003781,0.0,335
1,1,0,0,0,0,0,0,1,0,0,0,1,1,0,1,1,0,1,0,1,1,0,0,1,0,0,0,0,1,1,0,1,1,0,0,0,0,news_cif.y4m,15.77,15.83,0.12145,0.004973,0.0,24
1,1,1,0,0,0,0,0,0,0,0,0,1,0,1,1,0,1,1,0,1,1,0,1,0,0,0,0,0,1,0,1,1,0,0,1,0,0,news_cif.y4m,203.38,203.318,0.204499,0.005252,0.0,352
1,1,0,0,0,0,1,0,0,0,0,0,1,0,1,1,0,0,1,1,0,1,0,0,0,0,0,1,0,1,1,0,0,0,0,0,0,0,news_cif.y4m,3.08,3.084,0.011402,0.00344,0.0,368
1,1,1,0,0,0,0,0,0,0,0,0,1,0,1,1,1,1,1,1,0,1,0,1,0,0,0,0,0,1,1,0,0,0,0,0,0,0,news_cif.y4m,1.23,1.226,0.005477,0.003526,0.0,80
1,1,0,0,1,0,0,0,0,0,0,0,1,1,0,1,0,0,1,0,1,1,0,1,0,0,0,0,0,1,0,1,0,0,0,0,0,0,news_cif.y4m,16.88,16.886,0.075697,0.00346,0.0,121
1,1,0,0,0,0,0,0,0,0,1,0,1,0,1,1,1,1,1,0,1,1,0,0,1,0,0,0,0,1,1,0,1,1,0,0,0,0,news_cif.y4m,2.4,2.404,0.023022,0.003196,0.0,156
1,1,0,1,0,0,0,0,0,0,0,0,1,0,1,1,1,1,1,1,0,1,0,0,0,0,0,1,0,1,1,0,1,1,0,0,0,0,news_cif.y4m,0.77,0.792,0.049699,0.003329,0.0,9
1,1,0,0,0,0,0,0,0,0,1,0,1,1,0,1,0,0,1,1,0,1,0,0,0,0,1,0,0,1,1,0,1,0,0,0,0,1,news_cif.y4m,2.82,2.826,0.033615,0.003397,0.0,165
1,1,0,0,0,0,0,0,0,0,1,0,1,0,1,1,0,0,1,1,0,1,0,1,0,0,0,0,0,1,0,1,1,0,0,0,0,1,news_cif.y4m,3.45,3.442,0.019235,0.00339,0.0,126
1,1,0,0,1,0,0,0,0,0,0,0,1,1,0,1,1,1,1,0,1,1,0,0,1,0,0,0,0,1,0,1,1,0,1,0,0,0,news_cif.y4m,1.22,1.216,0.011402,0.003526,0.0,280
1,1,0,0,0,0,0,1,0,0,0,0,1,0,1,1,1,1,1,1,0,1,0,1,0,0,0,0,0,1,0,1,1,0,0,0,1,0,news_cif.y4m,1.01,0.976,0.055946,0.005918,0.0,172
1,1,0,0,0,0,0,0,0,0,1,0,1,0,1,1,0,1,1,1,0,1,0,0,0,1,0,0,0,1,0,1,0,0,0,0,0,0,news_cif.y4m,5.3,5.298,0.013038,0.004608,0.0,292
1,1,0,0,0,0,0,0,0,0,1,0,1,1,0,1,1,1,1,0,1,1,0,0,0,0,0,1,0,1,1,0,0,0,0,0,0,0,news_cif.y4m,11.55,11.564,0.033615,0.003515,0.0,105
1,1,0,0,0,1,0,0,0,0,0,0,1,0,1,1,1,1,1,0,1,1,0,0,0,0,0,0,1,1,1,0,1,0,1,0,0,0,news_cif.y4m,9.16,9.16,0.02,0.005084,0.0,76
1,1,0,0,0,1,0,0,0,0,0,0,1,0,1,1,0,0,1,1,0,1,1,0,0,0,0,0,0,1,1,0,1,0,0,0,0,1,news_cif.y4m,66.44,66.512,0.119248,0.003442,0.0,221
1,1,0,0,0,0,0,0,0,0,1,0,1,1,0,1,1,0,1,1,0,1,0,0,0,0,1,0,0,1,0,1,1,0,0,0,0,1,news_cif.y4m,23.57,23.574,0.011402,0.004894,0.0,167
1,1,0,0,0,0,0,0,0,0,1,0,1,0,1,1,0,1,1,0,1,1,1,0,0,0,0,0,0,1,1,0,1,0,0,0,0,1,news_cif.y4m,171.3,171.398,0.378642,0.004144,0.0,35
1,1,0,0,1,0,0,0,0,0,0,0,1,1,0,1,0,0,1,1,0,1,0,1,0,0,0,0,0,1,0,1,1,0,1,0,0,0,news_cif.y4m,2.41,2.408,0.008367,0.003286,0.0,235
1,1,0,0,0,0,0,0,0,1,0,0,1,1,0,1,1,1,1,0,1,1,0,0,1,0,0,0,0,1,0,1,1,0,0,0,0,1,news_cif.y4m,6.8,6.802,0.043243,0.00512,0.0,333
1,1,0,0,0,0,1,0,0,0,0,0,1,0,1,1,1,1,1,1,0,1,0,1,0,0,0,0,0,1,1,0,0,0,0,0,0,0,news_cif.y4m,79.04,78.876,0.33216,0.003455,0.0,44
1,1,0,0,1,0,0,0,0,0,0,0,1,0,1,1,0,1,1,1,0,1,0,1,0,0,0,0,0,1,0,1,1,1,0,0,0,0,news_cif.y4m,135.06,135.124,0.147411,0.003908,0.0,256
1,1,0,0,0,0,0,1,0,0,0,0,1,0,1,1,1,0,1,0,1,1,0,1,0,0,0,0,0,1,0,1,1,0,0,0,0,1,news_cif.y4m,417.57,417.628,0.281194,0.005028,0.0,192
1,1,0,0,0,0,1,0,0,0,0,0,1,1,0,1,1,1,1,1,0,1,1,0,0,0,0,0,0,1,1,0,1,0,0,0,0,1,news_cif.y4m,10.34,10.344,0.053198,0.003746,0.0,41
1,1,0,0,0,0,0,0,0,0,1,0,1,0,1,1,0,1,1,1,0,1,0,0,0,0,0,1,0,1,0,1,1,0,0,0,1,0,news_cif.y4m,82.02,81.944,0.177567,0.004831,0.0,273
1,1,0,0,0,0,0,0,0,0,1,0,1,1,0,1,0,1,1,0,1,1,0,0,0,0,0,1,0,1,0,1,0,0,0,0,0,0,news_cif.y4m,53.34,53.054,0.506932,0.004811,0.0,101
1,1,0,0,0,0,0,0,0,0,1,0,1,0,1,1,1,1,1,0,1,1,0,0,0,0,1,0,0,1,1,0,1,0,1,0,0,0,news_cif.y4m,45.73,45.734,0.051769,0.003447,0.0,242
1,1,0,0,0,0,0,0,0,0,1,0,1,1,0,1,0,1,1,0,1,1,0,0,0,0,0,1,0,1,1,0,0,0,0,0,0,0,news_cif.y4m,3.63,3.626,0.020736,0.004988,0.0,103
1,1,1,0,0,0,0,0,0,0,0,0,1,1,0,1,1,0,1,1,0,1,0,1,0,0,0,0,0,1,0,1,0,0,0,0,0,0,news_cif.y4m,86.28,86.224,0.154855,0.003974,0.0,1
1,1,0,0,0,0,0,1,0,0,0,0,1,1,0,1,0,0,1,0,1,1,0,0,0,0,0,1,0,1,0,1,1,0,0,0,0,1,news_cif.y4m,3.03,3.086,0.122188,0.004704,0.0,56
1,1,0,0,1,0,0,0,0,0,0,0,1,0,1,1,0,0,1,0,1,1,0,0,0,0,0,0,1,1,0,1,0,0,0,0,0,0,news_cif.y4m,11.63,11.62,0.031623,0.003515,0.0,373
1,1,0,0,0,0,0,0,1,0,0,0,1,1,0,1,1,1,1,0,1,1,0,1,0,0,0,0,0,1,0,1,1,0,1,0,0,0,news_cif.y4m,115.52,115.516,0.204157,0.003369,0.0,318
1,1,0,0,0,1,0,0,0,0,0,0,1,1,0,1,0,0,1,1,0,1,0,0,0,0,1,0,0,1,1,0,0,0,0,0,0,0,news_cif.y4m,159.68,159.848,0.389448,0.003652,0.0,69
1,1,0,1,0,0,0,0,0,0,0,0,1,0,1,1,0,0,1,1,0,1,0,0,0,0,0,1,0,1,1,0,1,1,0,0,0,0,news_cif.y4m,3.28,3.288,0.023875,0.005023,0.0,11
1,1,0,0,1,0,0,0,0,0,0,0,1,0,1,1,0,0,1,1,0,1,0,1,0,0,0,0,0,1,0,1,1,0,0,1,0,0,news_cif.y4m,2.47,2.454,0.026077,0.003262,0.0,258
1,1,0,0,0,0,0,0,0,0,1,0,1,0,1,1,0,0,1,1,0,1,0,1,0,0,0,0,0,1,1,0,1,0,1,0,0,0,news_cif.y4m,266.43,266.576,0.379645,0.005095,0.0,238
1,1,0,0,0,0,0,1,0,0,0,0,1,0,1,1,1,0,1,1,0,1,1,0,0,0,0,0,0,1,0,1,1,0,0,0,1,0,news_cif.y4m,212.84,212.79,0.31265,0.003576,0.0,173
1,1,0,0,0,0,0,1,0,0,0,0,1,0,1,1,0,1,1,0,1,1,0,1,0,0,0,0,0,1,0,1,1,1,0,0,0,0,news_cif.y4m,181.82,182.35,1.074453,0.003931,0.0,190
1,1,0,1,0,0,0,0,0,0,0,0,1,0,1,1,1,0,1,1,0,1,0,0,0,0,0,1,0,1,0,1,1,1,0,0,0,0,news_cif.y4m,51.73,51.618,0.256944,0.003798,0.0,7
1,1,0,0,0,1,0,0,0,0,0,0,1,0,1,1,1,1,1,0,1,1,0,0,0,0,0,0,1,1,1,0,0,0,0,0,0,0,news_cif.y4m,1.39,1.4,0.02,0.003364,0.0,323
1,1,0,0,0,1,0,0,0,0,0,0,1,0,1,1,0,0,1,0,1,1,0,0,0,0,0,0,1,1,1,0,1,0,0,0,1,0,news_cif.y4m,133.41,133.434,0.212673,0.003892,0.0,73
1,1,0,0,0,0,0,0,0,0,1,0,1,0,1,1,1,0,1,0,1,1,0,1,0,0,0,0,0,1,0,1,0,0,0,0,0,0,news_cif.y4m,115.87,115.764,0.409121,0.003398,0.0,209
1,1,0,1,0,0,0,0,0,0,0,0,1,1,0,1,1,0,1,0,1,1,1,0,0,0,0,0,0,1,1,0,0,0,0,0,0,0,news_cif.y4m,2.37,2.372,0.019235,0.003472,0.0,138
1,1,0,0,0,1,0,0,0,0,0,0,1,1,0,1,1,1,1,1,0,1,0,0,0,0,0,1,0,1,0,1,0,0,0,0,0,0,news_cif.y4m,58.04,58.112,0.246211,0.004869,0.0,264
1,1,0,0,0,0,0,0,0,1,0,0,1,0,1,1,0,1,1,0,1,1,0,0,0,0,0,1,0,1,0,1,1,0,0,0,1,0,news_cif.y4m,174.68,174.782,0.567424,0.003652,0.0,98
1,1,0,0,0,0,0,0,0,0,1,0,1,1,0,1,0,0,1,0,1,1,0,0,0,0,0,1,0,1,1,0,1,0,0,1,0,0,news_cif.y4m,2.76,2.768,0.013038,0.003539,0.0,380
1,1,0,0,1,0,0,0,0,0,0,0,1,1,0,1,1,1,1,1,0,1,0,1,0,0,0,0,0,1,1,0,1,0,1,0,0,0,news_cif.y4m,131.29,131.67,1.184166,0.004765,0.0,85
1,1,0,0,0,0,0,0,0,0,1,0,1,0,1,1,0,0,1,0,1,1,1,0,0,0,0,0,0,1,0,1,1,0,0,0,1,0,news_cif.y4m,77.28,77.2,0.164165,0.003478,0.0,31
1,1,0,1,0,0,0,0,0,0,0,0,1,0,1,1,1,0,1,1,0,1,0,0,0,0,0,1,0,1,1,0,1,1,0,0,0,0,news_cif.y4m,2.19,2.19,0.015811,0.003147,0.0,8
1,1,0,0,1,0,0,0,0,0,0,0,1,1,0,1,1,1,1,1,0,1,1,0,0,0,0,0,0,1,0,1,1,1,0,0,0,0,news_cif.y4m,4.97,4.974,0.016733,0.00344,0.0,216
1,1,0,0,1,0,0,0,0,0,0,0,1,1,0,1,1,1,1,0,1,1,0,0,0,1,0,0,0,1,0,1,1,1,0,0,0,0,news_cif.y4m,0.86,0.866,0.008944,0.003534,0.0,214
1,1,0,0,0,0,0,0,1,0,0,0,1,1,0,1,0,0,1,1,0,1,0,0,0,0,0,1,0,1,1,0,0,0,0,0,0,0,news_cif.y4m,5.24,5.248,0.025884,0.003442,0.0,341
1,1,0,0,1,0,0,0,0,0,0,0,1,1,0,1,0,0,1,1,0,1,0,1,0,0,0,0,0,1,1,0,1,0,1,0,0,0,news_cif.y4m,2.76,2.774,0.039749,0.004676,0.0,236
1,1,0,0,0,0,0,0,0,0,1,0,1,0,1,1,0,0,1,0,1,1,0,0,0,0,1,0,0,1,1,0,1,0,1,0,0,0,news_cif.y4m,6.55,6.542,0.037014,0.004801,0.0,240
1,1,0,0,0,0,0,1,0,0,0,0,1,0,1,1,0,0,1,0,1,1,0,0,0,1,0,0,0,1,0,1,1,0,0,0,1,0,news_cif.y4m,4.53,4.52,0.033166,0.004988,0.0,51
1,1,1,0,0,0,0,0,0,0,0,0,1,0,1,1,1,1,1,0,1,1,0,0,0,0,0,0,1,1,1,0,1,0,1,0,0,0,news_cif.y4m,4.2,4.196,0.023022,0.003498,0.0,77
1,1,0,0,0,0,0,0,0,0,1,0,1,0,1,1,1,0,1,1,0,1,0,0,0,0,0,1,0,1,0,1,1,0,0,0,0,1,news_cif.y4m,2.86,2.862,0.019235,0.003158,0.0,128
1,1,0,0,1,0,0,0,0,0,0,0,1,1,0,1,0,0,1,1,0,1,0,1,0,0,0,0,0,1,0,1,0,0,0,0,0,0,news_cif.y4m,71.16,71.122,0.100846,0.003378,0.0,234
1,1,0,0,0,0,0,0,1,0,0,0,1,0,1,1,1,0,1,0,1,1,0,0,0,0,0,1,0,1,0,1,1,0,0,0,1,0,news_cif.y4m,432.0,432.024,0.087636,0.005028,0.0,28
1,1,0,0,1,0,0,0,0,0,0,0,1,1,0,1,1,0,1,0,1,1,1,0,0,0,0,0,0,1,1,0,0,0,0,0,0,0,news_cif.y4m,49.54,49.564,0.138311,0.003798,0.0,139
1,1,0,0,0,0,0,0,0,0,1,0,1,0,1,1,1,0,1,1,0,1,0,0,0,0,1,0,0,1,1,0,1,0,1,0,0,0,news_cif.y4m,0.82,0.818,0.004472,0.003343,0.0,152
1,1,0,1,0,0,0,0,0,0,0,0,1,0,1,1,0,0,1,1,0,1,0,0,0,0,0,1,0,1,1,0,1,0,0,0,1,0,news_cif.y4m,121.13,121.256,0.260634,0.00533,0.0,12
1,1,0,0,0,0,1,0,0,0,0,0,1,0,1,1,0,1,1,1,0,1,0,0,0,0,0,1,0,1,1,0,0,0,0,0,0,0,news_cif.y4m,0.81,0.812,0.004472,0.003343,0.0,369
1,1,0,0,0,0,0,0,0,0,0,1,1,1,0,1,1,0,1,0,1,1,0,0,0,0,0,1,0,1,0,1,1,0,0,0,0,1,news_cif.y4m,23.5,23.508,0.020494,0.004894,0.0,58
1,1,0,0,0,0,0,0,1,0,0,0,1,1,0,1,1,0,1,1,0,1,1,0,0,0,0,0,0,1,1,0,0,0,0,0,0,0,news_cif.y4m,20.57,20.548,0.107098,0.005137,0.0,64
1,1,0,0,0,0,0,0,1,0,0,0,1,1,0,1,1,0,1,1,0,1,0,0,1,0,0,0,0,1,1,0,1,1,0,0,0,0,news_cif.y4m,15.08,15.08,0.030822,0.003429,0.0,21
1,1,0,0,0,1,0,0,0,0,0,0,1,0,1,1,1,1,1,0,1,1,0,0,1,0,0,0,0,1,1,0,1,0,0,0,0,1,news_cif.y4m,66.46,66.076,1.256893,0.003469,0.0,225
1,1,0,0,0,0,1,0,0,0,0,0,1,0,1,1,1,0,1,1,0,1,0,0,0,0,0,1,0,1,1,0,1,0,0,0,1,0,news_cif.y4m,117.62,117.492,0.236685,0.003792,0.0,366
1,1,0,0,0,0,0,1,0,0,0,0,1,0,1,1,1,1,1,0,1,1,0,0,1,0,0,0,0,1,0,1,1,0,0,0,0,1,pamphlet_cif.y4m,2.54,2.536,0.018166,0.002054,0.0,114
1,1,0,0,1,0,0,0,0,0,0,0,1,1,0,1,1,1,1,0,1,1,0,0,1,0,0,0,0,1,1,0,1,0,1,0,0,0,pamphlet_cif.y4m,1.72,1.718,0.013038,0.00192,0.0,281
1,1,0,0,0,1,0,0,0,0,0,0,1,0,1,1,1,0,1,1,0,1,0,0,0,0,0,0,1,1,1,0,1,0,0,1,0,0,pamphlet_cif.y4m,3.57,3.592,0.040249,0.001974,0.0,325
1,1,1,0,0,0,0,0,0,0,0,0,1,1,0,1,1,0,1,1,0,1,0,0,0,0,1,0,0,1,1,0,1,1,0,0,0,0,pamphlet_cif.y4m,3.06,3.042,0.040866,0.001912,0.0,181
1,1,0,0,0,0,0,0,1,0,0,0,1,1,0,1,1,0,1,0,1,1,0,0,1,0,0,0,0,1,1,0,1,0,0,0,0,1,pamphlet_cif.y4m,64.24,64.576,0.911608,0.00213,0.0,247
1,1,0,0,0,0,0,0,0,0,1,0,1,1,0,1,1,0,1,1,0,1,0,0,0,0,1,0,0,1,1,0,1,0,0,0,0,1,pamphlet_cif.y4m,97.07,97.066,0.213612,0.002492,0.0,166
1,1,0,0,0,0,0,0,1,0,0,0,1,1,0,1,1,0,1,0,1,1,0,0,1,0,0,0,0,1,1,0,1,0,0,0,1,0,pamphlet_cif.y4m,2.84,2.84,0.047434,0.001744,0.0,25
1,1,0,0,0,0,0,1,0,0,0,0,1,0,1,1,0,0,1,1,0,1,0,1,0,0,0,0,0,1,0,1,0,0,0,0,0,0,pamphlet_cif.y4m,6.04,6.016,0.143631,0.002713,0.0,355
1,1,0,0,1,0,0,0,0,0,0,0,1,1,0,1,0,0,1,1,0,1,1,0,0,0,0,0,0,1,1,0,1,0,0,0,0,1,pamphlet_cif.y4m,0.92,0.922,0.010954,0.001616,0.0,219
1,1,0,0,0,1,0,0,0,0,0,0,1,1,0,1,1,0,1,1,0,1,0,0,0,0,1,0,0,1,1,0,1,1,0,0,0,0,pamphlet_cif.y4m,6.06,6.126,0.181604,0.002713,0.0,182
1,1,0,1,0,0,0,0,0,0,0,0,1,0,1,1,0,1,1,1,0,1,0,0,0,0,0,1,0,1,1,0,1,1,0,0,0,0,pamphlet_cif.y4m,2.26,2.258,0.014832,0.001998,0.0,10
1,1,0,0,1,0,0,0,0,0,0,0,1,1,0,1,1,0,1,0,1,1,0,0,1,0,0,0,0,1,0,1,1,0,0,0,0,1,pamphlet_cif.y4m,38.51,38.526,0.056833,0.001884,0.0,116
1,1,0,0,0,1,0,0,0,0,0,0,1,1,0,1,1,1,1,0,1,1,0,0,0,0,0,1,0,1,0,1,1,1,0,0,0,0,pamphlet_cif.y4m,4.05,4.068,0.051672,0.001977,0.0,266
1,1,0,0,0,0,0,0,1,0,0,0,1,1,0,1,0,0,1,0,1,1,0,0,1,0,0,0,0,1,1,0,1,0,0,1,0,0,pamphlet_cif.y4m,16.83,16.906,0.200075,0.002907,0.0,313
1,1,0,0,0,0,0,1,0,0,0,0,1,0,1,1,0,0,1,1,0,1,0,0,0,0,0,0,1,1,0,1,0,0,0,0,0,0,pamphlet_cif.y4m,4.58,4.544,0.069857,0.002814,0.0,357
1,1,0,0,0,1,0,0,0,0,0,0,1,0,1,1,0,1,1,0,1,1,1,0,0,0,0,0,0,1,1,0,1,1,0,0,0,0,pamphlet_cif.y4m,1.44,1.438,0.019235,0.00312,0.0,187
1,1,0,0,0,0,0,0,1,0,0,0,1,1,0,1,1,1,1,0,1,1,0,0,1,0,0,0,0,1,1,0,1,1,0,0,0,0,pamphlet_cif.y4m,212.24,212.23,0.084853,0.00242,0.0,23
1,1,0,0,1,0,0,0,0,0,0,0,1,1,0,1,1,0,1,1,0,1,0,1,0,0,0,0,0,1,0,1,0,0,0,0,0,0,pamphlet_cif.y4m,26.12,26.128,0.049699,0.001923,0.0,2
1,1,0,0,0,0,0,0,0,0,0,1,1,1,0,1,1,0,1,0,1,1,0,0,0,0,0,1,0,1,1,0,1,1,0,0,0,0,pamphlet_cif.y4m,97.57,97.684,0.446296,0.002235,0.0,301
1,1,0,0,0,0,0,1,0,0,0,0,1,0,1,1,0,1,1,1,0,1,0,1,0,0,0,0,0,1,0,1,0,0,0,0,0,0,pamphlet_cif.y4m,80.1,78.914,2.486942,0.002735,0.0,356
1,1,0,0,0,0,0,0,0,0,1,0,1,1,0,1,0,1,1,0,1,1,0,0,0,0,0,1,0,1,0,1,1,1,0,0,0,0,pamphlet_cif.y4m,4.64,4.632,0.060581,0.002552,0.0,269
1,1,0,0,0,0,0,0,0,0,1,0,1,0,1,1,0,1,1,1,0,1,0,0,1,0,0,0,0,1,0,1,1,0,0,0,1,0,pamphlet_cif.y4m,3.39,3.396,0.015166,0.002918,0.0,274
1,1,0,0,0,0,0,0,0,0,1,0,1,0,1,1,0,1,1,1,0,1,0,0,0,1,0,0,0,1,1,0,1,1,0,0,0,0,pamphlet_cif.y4m,3.89,3.898,0.025884,0.002761,0.0,307
1,1,0,0,1,0,0,0,0,0,0,0,1,0,1,1,0,1,1,1,0,1,0,0,1,0,0,0,0,1,0,1,1,1,0,0,0,0,pamphlet_cif.y4m,15.2,15.176,0.047223,0.001865,0.0,254
1,1,0,0,0,0,0,0,0,0,1,0,1,0,1,1,0,1,1,0,1,1,0,1,0,0,0,0,0,1,0,1,0,0,0,0,0,0,pamphlet_cif.y4m,1.02,1.014,0.015166,0.001664,0.0,208
1,1,0,0,1,0,0,0,0,0,0,0,1,1,0,1,1,1,1,1,0,1,0,0,1,0,0,0,0,1,0,1,1,0,1,0,0,0,pamphlet_cif.y4m,1.09,1.096,0.013416,0.002905,0.0,279
1,1,0,0,0,0,0,1,0,0,0,0,1,1,0,1,1,1,1,1,0,1,0,1,0,0,0,0,0,1,0,1,1,0,0,0,1,0,pamphlet_cif.y4m,4.06,4.06,0.015811,0.002243,0.0,171
1,1,0,0,0,0,0,0,0,1,0,0,1,1,0,1,0,1,1,0,1,1,0,0,0,0,0,1,0,1,0,1,1,0,0,0,1,0,pamphlet_cif.y4m,18.13,18.142,0.095499,0.002907,0.0,99
1,1,1,0,0,0,0,0,0,0,0,0,1,0,1,1,1,1,1,1,0,1,0,1,0,0,0,0,0,1,1,0,1,0,1,0,0,0,pamphlet_cif.y4m,4.57,4.584,0.045607,0.002136,0.0,81
1,1,0,0,0,0,0,0,0,0,1,0,1,0,1,1,1,1,1,0,1,1,0,0,1,0,0,0,0,1,1,0,1,0,1,0,0,0,pamphlet_cif.y4m,1.57,1.576,0.008944,0.002027,0.0,155
1,1,0,0,0,1,0,0,0,0,0,0,1,1,0,1,0,1,1,1,0,1,1,0,0,0,0,0,0,1,1,0,1,1,0,0,0,0,pamphlet_cif.y4m,2.79,2.808,0.026833,0.002761,0.0,185
1,1,0,0,1,0,0,0,0,0,0,0,1,1,0,1,0,0,1,0,1,1,0,0,0,0,0,1,0,1,0,1,0,0,0,0,0,0,pamphlet_cif.y4m,1.78,1.768,0.016432,0.001817,0.0,376
1,1,0,0,0,0,0,0,1,0,0,0,1,1,0,1,0,1,1,0,1,1,0,1,0,0,0,0,0,1,1,0,0,0,0,0,0,0,pamphlet_cif.y4m,0.79,0.788,0.004472,0.001846,0.0,204
1,1,0,0,0,0,0,0,1,0,0,0,1,1,0,1,1,0,1,0,1,1,0,0,0,0,1,0,0,1,1,0,1,0,0,0,0,1,pamphlet_cif.y4m,58.59,58.364,0.64349,0.001999,0.0,246
1,1,0,0,0,0,0,1,0,0,0,0,1,1,0,1,1,1,1,0,1,1,0,0,1,0,0,0,0,1,0,1,0,0,0,0,0,0,pamphlet_cif.y4m,44.09,44.27,0.396989,0.00218,0.0,230
1,1,0,0,0,0,0,0,1,0,0,0,1,0,1,1,1,0,1,0,1,1,0,0,0,0,0,1,0,1,1,0,1,0,0,0,1,0,pamphlet_cif.y4m,55.14,54.954,0.477944,0.003316,0.0,27
1,1,0,1,0,0,0,0,0,0,0,0,1,1,0,1,1,1,1,0,1,1,1,0,0,0,0,0,0,1,1,0,0,0,0,0,0,0,pamphlet_cif.y4m,2.5,2.508,0.046583,0.001925,0.0,137
1,1,0,0,0,0,0,0,0,0,1,0,1,1,0,1,1,1,1,1,0,1,0,0,0,0,1,0,0,1,0,1,1,0,0,0,1,0,pamphlet_cif.y4m,3.21,3.198,0.031145,0.002863,0.0,169
1,1,0,0,0,0,0,0,0,0,1,0,1,0,1,1,0,1,1,0,1,1,1,0,0,0,0,0,0,1,0,1,1,0,0,0,0,1,pamphlet_cif.y4m,85.05,85.136,0.272635,0.002164,0.0,33
1,1,0,0,0,0,0,0,1,0,0,0,1,0,1,1,0,1,1,0,1,1,0,1,0,0,0,0,0,1,1,0,0,0,0,0,0,0,pamphlet_cif.y4m,18.23,18.232,0.076289,0.003272,0.0,205
1,1,0,0,0,0,0,0,0,0,1,0,1,1,0,1,1,0,1,0,1,1,0,0,0,0,1,0,0,1,1,0,1,0,0,0,0,1,pamphlet_cif.y4m,2.79,2.804,0.029665,0.002037,0.0,245
1,1,1,0,0,0,0,0,0,0,0,0,1,1,0,1,0,0,1,1,0,1,0,0,1,0,0,0,0,1,1,0,1,0,0,0,0,1,pamphlet_cif.y4m,2.93,2.936,0.018166,0.001757,0.0,163
1,1,0,0,1,0,0,0,0,0,0,0,1,1,0,1,1,0,1,1,0,1,1,0,0,0,0,0,0,1,0,1,1,1,0,0,0,0,pamphlet_cif.y4m,1.77,1.758,0.032711,0.001817,0.0,4
1,1,0,0,1,0,0,0,0,0,0,0,1,1,0,1,0,0,1,0,1,1,1,0,0,0,0,0,0,1,1,0,1,0,0,0,1,0,pamphlet_cif.y4m,1.59,1.608,0.048683,0.002905,0.0,141
1,1,1,0,0,0,0,0,0,0,0,0,1,1,0,1,1,1,1,0,1,1,0,0,1,0,0,0,0,1,1,0,1,1,0,0,0,0,pamphlet_cif.y4m,96.86,96.858,0.290465,0.002045,0.0,159
1,1,0,0,0,0,0,0,1,0,0,0,1,1,0,1,0,1,1,0,1,1,0,0,1,0,0,0,0,1,0,1,1,0,0,0,0,1,pamphlet_cif.y4m,7.25,7.258,0.046583,0.002864,0.0,336
1,1,0,0,0,1,0,0,0,0,0,0,1,1,0,1,0,0,1,0,1,1,0,0,0,0,0,0,1,1,1,0,1,0,0,0,1,0,pamphlet_cif.y4m,24.61,24.526,0.331482,0.002105,0.0,72
1,1,0,0,0,0,0,0,1,0,0,0,1,1,0,1,1,0,1,1,0,1,0,0,1,0,0,0,0,1,1,0,1,0,0,0,0,1,pamphlet_cif.y4m,2.44,2.446,0.024083,0.002134,0.0,248
1,1,0,1,0,0,0,0,0,0,0,0,1,0,1,1,1,1,1,1,0,1,0,0,0,0,0,1,0,1,0,1,1,0,0,0,0,1,pamphlet_cif.y4m,63.83,65.38,2.736056,0.001916,0.0,130
1,1,0,0,0,1,0,0,0,0,0,0,1,0,1,1,1,1,1,1,0,1,0,0,0,0,0,0,1,1,1,0,0,0,0,0,0,0,pamphlet_cif.y4m,103.53,103.486,0.205985,0.002592,0.0,324
1,1,1,0,0,0,0,0,0,0,0,0,1,0,1,1,0,1,1,1,0,1,0,1,0,0,0,0,0,1,0,1,0,0,0,0,0,0,pamphlet_cif.y4m,81.3,81.228,0.150566,0.003238,0.0,354
1,1,0,0,0,0,0,0,0,0,1,0,1,0,1,1,0,0,1,1,0,1,0,0,0,1,0,0,0,1,0,1,0,0,0,0,0,0,pamphlet_cif.y4m,50.31,50.41,0.555293,0.0018,0.0,291
1,1,0,0,0,0,0,0,0,0,1,0,1,1,0,1,0,0,1,1,0,1,0,1,0,0,0,0,0,1,1,0,1,0,1,0,0,0,pamphlet_cif.y4m,1.22,1.226,0.008944,0.001664,0.0,237
1,1,0,0,0,1,0,0,0,0,0,0,1,1,0,1,1,0,1,1,0,1,1,0,0,0,0,0,0,1,1,0,1,1,0,0,0,0,pamphlet_cif.y4m,1.68,1.682,0.016432,0.002004,0.0,183
1,1,0,0,0,1,0,0,0,0,0,0,1,0,1,1,1,1,1,0,1,1,0,0,1,0,0,0,0,1,0,1,0,0,0,0,0,0,pamphlet_cif.y4m,1.38,1.382,0.008367,0.001753,0.0,227
1,1,0,0,0,0,0,0,1,0,0,0,1,1,0,1,0,1,1,0,1,1,0,0,0,0,0,1,0,1,0,1,0,0,0,0,0,0,pamphlet_cif.y4m,3.64,3.648,0.043243,0.002067,0.0,338
1,1,0,0,1,0,0,0,0,0,0,0,1,0,1,1,0,0,1,0,1,1,1,0,0,0,0,0,0,1,1,0,1,0,0,0,1,0,pamphlet_cif.y4m,12.38,12.366,0.02881,0.002144,0.0,142
1,1,0,0,1,0,0,0,0,0,0,0,1,1,0,1,1,1,1,0,1,1,0,0,1,0,0,0,0,1,1,0,1,0,0,0,0,1,pamphlet_cif.y4m,8.9,8.896,0.023022,0.002571,0.0,332
1,1,0,0,0,0,0,0,0,1,0,0,1,0,1,1,0,0,1,1,0,1,0,0,0,0,1,0,0,1,0,1,1,0,0,0,1,0,pamphlet_cif.y4m,94.8,94.66,0.379803,0.001891,0.0,95
1,1,0,0,1,0,0,0,0,0,0,0,1,0,1,1,0,0,1,0,1,1,0,0,0,1,0,0,0,1,0,1,0,0,0,0,0,0,pamphlet_cif.y4m,6.05,6.058,0.046043,0.002609,0.0,289
1,1,0,0,1,0,0,0,0,0,0,0,1,1,0,1,0,0,1,0,1,1,0,0,0,0,0,1,0,1,0,1,1,0,0,1,0,0,pamphlet_cif.y4m,1.14,1.15,0.02,0.001664,0.0,378
1,1,0,0,1,0,0,0,0,0,0,0,1,1,0,1,1,1,1,1,0,1,0,0,1,0,0,0,0,1,0,1,1,0,0,0,1,0,pamphlet_cif.y4m,26.69,26.69,0.03937,0.002128,0.0,278
1,1,0,0,0,0,0,0,0,0,1,0,1,0,1,1,1,0,1,0,1,1,1,0,0,0,0,0,0,1,0,1,1,0,0,0,1,0,pamphlet_cif.y4m,4.32,4.314,0.045056,0.002715,0.0,30
1,1,0,0,1,0,0,0,0,0,0,0,1,1,0,1,0,0,1,0,1,1,0,1,0,0,0,0,0,1,0,1,1,0,0,0,0,1,pamphlet_cif.y4m,1.04,1.042,0.008367,0.001964,0.0,120
1,1,0,0,0,1,0,0,0,0,0,0,1,1,0,1,1,1,1,0,1,1,0,0,0,0,0,1,0,1,0,1,0,0,0,0,0,0,pamphlet_cif.y4m,1.51,1.51,0.012247,0.001911,0.0,265
1,1,0,0,0,0,0,0,0,0,1,0,1,1,0,1,1,0,1,1,0,1,0,0,0,0,0,1,0,1,0,1,0,0,0,0,0,0,pamphlet_cif.y4m,3.08,3.076,0.020736,0.001848,0.0,296
1,1,0,0,0,0,0,1,0,0,0,0,1,1,0,1,1,1,1,1,0,1,0,1,0,0,0,0,0,1,0,1,0,0,0,0,0,0,pamphlet_cif.y4m,5.97,5.96,0.029155,0.001958,0.0,232
1,1,0,0,0,0,0,0,0,0,1,0,1,0,1,1,0,0,1,1,0,1,0,0,1,0,0,0,0,1,1,0,1,0,0,1,0,0,pamphlet_cif.y4m,4.42,4.42,0.035355,0.00261,0.0,310
1,1,0,0,0,0,0,1,0,0,0,0,1,0,1,1,1,1,1,0,1,1,0,0,0,0,0,1,0,1,0,1,1,0,0,1,0,0,pamphlet_cif.y4m,69.34,69.328,0.305156,0.002544,0.0,349
1,1,0,0,1,0,0,0,0,0,0,0,1,1,0,1,0,1,1,0,1,1,0,0,0,0,0,1,0,1,0,1,0,0,0,0,0,0,pamphlet_cif.y4m,3.0,3.004,0.049295,0.002656,0.0,377
1,1,0,0,0,0,0,0,0,1,0,0,1,0,1,1,1,1,1,1,0,1,0,0,0,0,1,0,0,1,0,1,1,0,0,0,1,0,pamphlet_cif.y4m,96.69,96.722,0.113886,0.002224,0.0,94
1,1,1,0,0,0,0,0,0,0,0,0,1,1,0,1,1,0,1,0,1,1,1,0,0,0,0,0,0,1,0,1,1,1,0,0,0,0,pamphlet_cif.y4m,3.9,3.91,0.033912,0.002761,0.0,178
1,1,0,0,0,0,0,0,0,0,1,0,1,0,1,1,0,0,1,1,0,1,0,0,0,0,0,1,0,1,0,1,1,0,0,0,0,1,pamphlet_cif.y4m,3.43,3.434,0.016733,0.002561,0.0,127
1,1,0,0,0,0,0,1,0,0,0,0,1,0,1,1,1,0,1,0,1,1,0,0,0,1,0,0,0,1,0,1,1,0,0,0,1,0,pamphlet_cif.y4m,1.21,1.21,0.01,0.001592,0.0,111
1,1,1,0,0,0,0,0,0,0,0,0,1,0,1,1,0,1,1,1,0,1,0,1,0,0,0,0,0,1,0,1,1,0,0,1,0,0,pamphlet_cif.y4m,2.52,2.518,0.038341,0.002231,0.0,353
1,1,0,0,0,0,1,0,0,0,0,0,1,0,1,1,1,1,1,1,0,1,0,1,0,0,0,0,0,1,1,0,1,0,0,0,1,0,pamphlet_cif.y4m,3.02,3.014,0.013416,0.001998,0.0,45
1,1,0,0,0,1,0,0,0,0,0,0,1,0,1,1,1,1,1,0,1,1,0,0,1,0,0,0,0,1,1,0,0,0,0,0,0,0,pamphlet_cif.y4m,1.01,1.008,0.008367,0.001825,0.0,226
1,1,0,0,0,0,0,0,0,0,0,1,1,1,0,1,1,0,1,0,1,1,0,0,0,0,0,1,0,1,1,0,1,0,0,0,0,1,pamphlet_cif.y4m,3.68,3.684,0.045056,0.001871,0.0,59
1,1,0,0,0,0,0,0,1,0,0,0,1,1,0,1,1,1,1,1,0,1,1,0,0,0,0,0,0,1,0,1,1,1,0,0,0,0,pamphlet_cif.y4m,25.84,25.84,0.148492,0.001923,0.0,19
1,1,0,0,0,0,0,0,0,0,0,1,1,1,0,1,0,1,1,0,1,1,0,0,0,1,0,0,0,1,1,0,1,1,0,0,0,0,pamphlet_cif.y4m,15.2,15.212,0.027749,0.002188,0.0,304
1,1,0,0,0,0,0,0,1,0,0,0,1,0,1,1,0,1,1,0,1,1,0,1,0,0,0,0,0,1,0,1,0,0,0,0,0,0,pamphlet_cif.y4m,2.37,2.374,0.005477,0.002134,0.0,207
1,1,0,0,0,0,1,0,0,0,0,0,1,1,0,1,1,1,1,1,0,1,0,1,0,0,0,0,0,1,1,0,0,0,0,0,0,0,pamphlet_cif.y4m,102.69,105.064,6.579554,0.00193,0.0,43
1,1,0,0,0,0,1,0,0,0,0,0,1,1,0,1,1,0,1,1,0,1,1,0,0,0,0,0,0,1,1,0,1,0,0,0,0,1,pamphlet_cif.y4m,1.52,1.514,0.008944,0.001761,0.0,40
1,1,0,0,0,1,0,0,0,0,0,0,1,0,1,1,0,1,1,1,0,1,1,0,0,0,0,0,0,1,1,0,1,1,0,0,0,0,pamphlet_cif.y4m,94.27,94.27,0.071764,0.002541,0.0,186
1,1,0,0,1,0,0,0,0,0,0,0,1,0,1,1,0,0,1,0,1,1,0,0,0,1,0,0,0,1,0,1,1,0,0,0,0,1,pamphlet_cif.y4m,1.87,1.876,0.0251,0.001835,0.0,288
1,1,1,0,0,0,0,0,0,0,0,0,1,1,0,1,1,0,1,1,0,1,0,1,0,0,0,0,0,1,1,0,1,0,1,0,0,0,pamphlet_cif.y4m,3.03,3.038,0.037683,0.001912,0.0,82
1,1,0,0,0,0,0,0,0,0,1,0,1,0,1,1,1,1,1,0,1,1,0,0,0,1,0,0,0,1,0,1,0,0,0,0,0,0,pamphlet_cif.y4m,2.38,2.376,0.011402,0.002067,0.0,211
1,1,0,0,1,0,0,0,0,0,0,0,1,0,1,1,1,1,1,0,1,1,0,0,0,0,0,1,0,1,1,0,1,0,0,1,0,0,pamphlet_cif.y4m,57.71,57.762,0.219249,0.001999,0.0,347
1,1,0,1,0,0,0,0,0,0,0,0,1,0,1,1,0,0,1,1,0,1,1,0,0,0,0,0,0,1,1,0,1,0,0,0,1,0,pamphlet_cif.y4m,5.9,5.908,0.021679,0.001799,0.0,13
1,1,0,0,0,0,0,1,0,0,0,0,1,0,1,1,1,1,1,0,1,1,0,0,1,0,0,0,0,1,0,1,0,0,0,0,0,0,pamphlet_cif.y4m,221.71,221.74,0.114237,0.001828,0.0,228
1,1,0,0,0,0,0,0,0,1,0,0,1,1,0,1,0,1,1,0,1,1,0,0,1,0,0,0,0,1,0,1,1,0,0,0,0,1,pamphlet_cif.y4m,4.02,4.02,0.012247,0.002243,0.0,335
1,1,0,0,0,0,0,0,1,0,0,0,1,1,0,1,1,0,1,0,1,1,0,0,1,0,0,0,0,1,1,0,1,1,0,0,0,0,pamphlet_cif.y4m,12.9,12.812,0.148896,0.002606,0.0,24
1,1,1,0,0,0,0,0,0,0,0,0,1,0,1,1,0,1,1,0,1,1,0,1,0,0,0,0,0,1,0,1,1,0,0,1,0,0,pamphlet_cif.y4m,174.04,174.048,0.123774,0.003218,0.0,352
1,1,0,0,0,0,1,0,0,0,0,0,1,0,1,1,0,0,1,1,0,1,0,0,0,0,0,1,0,1,1,0,0,0,0,0,0,0,pamphlet_cif.y4m,2.62,2.62,0.012247,0.002076,0.0,368
1,1,1,0,0,0,0,0,0,0,0,0,1,0,1,1,1,1,1,1,0,1,0,1,0,0,0,0,0,1,1,0,0,0,0,0,0,0,pamphlet_cif.y4m,1.19,1.196,0.008944,0.00195,0.0,80
1,1,0,0,1,0,0,0,0,0,0,0,1,1,0,1,0,0,1,0,1,1,0,1,0,0,0,0,0,1,0,1,0,0,0,0,0,0,pamphlet_cif.y4m,15.6,15.612,0.0614,0.002032,0.0,121
1,1,0,0,0,0,0,0,0,0,1,0,1,0,1,1,1,1,1,0,1,1,0,0,1,0,0,0,0,1,1,0,1,1,0,0,0,0,pamphlet_cif.y4m,2.02,2.026,0.024083,0.001925,0.0,156
1,1,0,1,0,0,0,0,0,0,0,0,1,0,1,1,1,1,1,1,0,1,0,0,0,0,0,1,0,1,1,0,1,1,0,0,0,0,pamphlet_cif.y4m,0.73,0.732,0.004472,0.001688,0.0,9
1,1,0,0,0,0,0,0,0,0,1,0,1,1,0,1,0,0,1,1,0,1,0,0,0,0,1,0,0,1,1,0,1,0,0,0,0,1,pamphlet_cif.y4m,2.62,2.626,0.023022,0.002037,0.0,165
1,1,0,0,0,0,0,0,0,0,1,0,1,0,1,1,0,0,1,1,0,1,0,1,0,0,0,0,0,1,0,1,1,0,0,0,0,1,pamphlet_cif.y4m,3.06,3.06,0.03,0.002002,0.0,126
1,1,0,0,1,0,0,0,0,0,0,0,1,1,0,1,1,1,1,0,1,1,0,0,1,0,0,0,0,1,0,1,1,0,1,0,0,0,pamphlet_cif.y4m,1.23,1.232,0.019235,0.00195,0.0,280
1,1,0,0,0,0,0,1,0,0,0,0,1,0,1,1,1,1,1,1,0,1,0,1,0,0,0,0,0,1,0,1,1,0,0,0,1,0,pamphlet_cif.y4m,1.01,0.992,0.026833,0.003306,0.0,172
1,1,0,0,0,0,0,0,0,0,1,0,1,0,1,1,0,1,1,1,0,1,0,0,0,1,0,0,0,1,0,1,0,0,0,0,0,0,pamphlet_cif.y4m,4.5,4.486,0.029665,0.002713,0.0,292
1,1,0,0,0,0,0,0,0,0,1,0,1,1,0,1,1,1,1,0,1,1,0,0,0,0,0,1,0,1,1,0,0,0,0,0,0,0,pamphlet_cif.y4m,9.52,9.5,0.065955,0.001884,0.0,105
1,1,0,0,0,1,0,0,0,0,0,0,1,0,1,1,1,1,1,0,1,1,0,0,0,0,0,0,1,1,1,0,1,0,1,0,0,0,pamphlet_cif.y4m,7.78,7.78,0.021213,0.00261,0.0,76
1,1,0,0,0,1,0,0,0,0,0,0,1,0,1,1,0,0,1,1,0,1,1,0,0,0,0,0,0,1,1,0,1,0,0,0,0,1,pamphlet_cif.y4m,57.11,57.204,0.382531,0.00186,0.0,221
1,1,0,0,0,0,0,0,0,0,1,0,1,1,0,1,1,0,1,1,0,1,0,0,0,0,1,0,0,1,0,1,1,0,0,0,0,1,pamphlet_cif.y4m,19.64,19.646,0.033615,0.002523,0.0,167
1,1,0,0,0,0,0,0,0,0,1,0,1,0,1,1,0,1,1,0,1,1,1,0,0,0,0,0,0,1,1,0,1,0,0,0,0,1,pamphlet_cif.y4m,144.58,144.572,0.148054,0.002334,0.0,35
1,1,0,0,1,0,0,0,0,0,0,0,1,1,0,1,0,0,1,1,0,1,0,1,0,0,0,0,0,1,0,1,1,0,1,0,0,0,pamphlet_cif.y4m,1.93,1.918,0.025884,0.002008,0.0,235
1,1,0,0,0,0,0,0,0,1,0,0,1,1,0,1,1,1,1,0,1,1,0,0,1,0,0,0,0,1,0,1,1,0,0,0,0,1,pamphlet_cif.y4m,5.86,5.834,0.105024,0.002605,0.0,333
1,1,0,0,0,0,1,0,0,0,0,0,1,0,1,1,1,1,1,1,0,1,0,1,0,0,0,0,0,1,1,0,0,0,0,0,0,0,pamphlet_cif.y4m,61.9,61.914,0.206712,0.001862,0.0,44
1,1,0,0,1,0,0,0,0,0,0,0,1,0,1,1,0,1,1,1,0,1,0,1,0,0,0,0,0,1,0,1,1,1,0,0,0,0,pamphlet_cif.y4m,112.17,112.178,0.0249,0.002205,0.0,256
1,1,0,0,0,0,0,1,0,0,0,0,1,0,1,1,1,0,1,0,1,1,0,1,0,0,0,0,0,1,0,1,1,0,0,0,0,1,pamphlet_cif.y4m,382.88,383.354,1.695989,0.002584,0.0,192
1,1,0,0,0,0,1,0,0,0,0,0,1,1,0,1,1,1,1,1,0,1,1,0,0,0,0,0,0,1,1,0,1,0,0,0,0,1,pamphlet_cif.y4m,9.31,9.304,0.065803,0.002227,0.0,41
1,1,0,0,0,0,0,0,0,0,1,0,1,0,1,1,0,1,1,1,0,1,0,0,0,0,0,1,0,1,0,1,1,0,0,0,1,0,pamphlet_cif.y4m,72.34,72.292,0.706024,0.002758,0.0,273
1,1,0,0,0,0,0,0,0,0,1,0,1,1,0,1,0,1,1,0,1,1,0,0,0,0,0,1,0,1,0,1,0,0,0,0,0,0,pamphlet_cif.y4m,46.13,46.146,0.133154,0.002814,0.0,101
1,1,0,0,0,0,0,0,0,0,1,0,1,0,1,1,1,1,1,0,1,1,0,0,0,0,1,0,0,1,1,0,1,0,1,0,0,0,pamphlet_cif.y4m,36.85,36.89,0.143701,0.001884,0.0,242
1,1,0,0,0,0,0,0,0,0,1,0,1,1,0,1,0,1,1,0,1,1,0,0,0,0,0,1,0,1,1,0,0,0,0,0,0,0,pamphlet_cif.y4m,3.6,3.598,0.025884,0.002918,0.0,103
1,1,1,0,0,0,0,0,0,0,0,0,1,1,0,1,1,0,1,1,0,1,0,1,0,0,0,0,0,1,0,1,0,0,0,0,0,0,pamphlet_cif.y4m,72.96,72.956,0.093968,0.002275,0.0,1
1,1,0,0,0,0,0,1,0,0,0,0,1,1,0,1,0,0,1,0,1,1,0,0,0,0,0,1,0,1,0,1,1,0,0,0,0,1,pamphlet_cif.y4m,2.48,2.492,0.039623,0.002231,0.0,56
1,1,0,0,1,0,0,0,0,0,0,0,1,0,1,1,0,0,1,0,1,1,0,0,0,0,0,0,1,1,0,1,0,0,0,0,0,0,pamphlet_cif.y4m,9.62,9.63,0.055227,0.001885,0.0,373
1,1,0,0,0,0,0,0,1,0,0,0,1,1,0,1,1,1,1,0,1,1,0,1,0,0,0,0,0,1,0,1,1,0,1,0,0,0,pamphlet_cif.y4m,90.06,90.146,0.482835,0.001789,0.0,318
1,1,0,0,0,1,0,0,0,0,0,0,1,1,0,1,0,0,1,1,0,1,0,0,0,0,1,0,0,1,1,0,0,0,0,0,0,0,pamphlet_cif.y4m,142.21,142.23,0.18097,0.002057,0.0,69
1,1,0,1,0,0,0,0,0,0,0,0,1,0,1,1,0,0,1,1,0,1,0,0,0,0,0,1,0,1,1,0,1,1,0,0,0,0,pamphlet_cif.y4m,2.55,2.55,0.012247,0.00266,0.0,11
1,1,0,0,1,0,0,0,0,0,0,0,1,0,1,1,0,0,1,1,0,1,0,1,0,0,0,0,0,1,0,1,1,0,0,1,0,0,pamphlet_cif.y4m,2.17,2.172,0.019235,0.002,0.0,258
1,1,0,0,0,0,0,0,0,0,1,0,1,0,1,1,0,0,1,1,0,1,0,1,0,0,0,0,0,1,1,0,1,0,1,0,0,0,pamphlet_cif.y4m,230.27,230.308,0.217991,0.002671,0.0,238
1,1,0,0,0,0,0,1,0,0,0,0,1,0,1,1,1,0,1,1,0,1,1,0,0,0,0,0,0,1,0,1,1,0,0,0,1,0,pamphlet_cif.y4m,206.48,206.47,0.443565,0.001976,0.0,173
1,1,0,0,0,0,0,1,0,0,0,0,1,0,1,1,0,1,1,0,1,1,0,1,0,0,0,0,0,1,0,1,1,1,0,0,0,0,pamphlet_cif.y4m,162.47,163.064,2.127376,0.00214,0.0,190
1,1,0,1,0,0,0,0,0,0,0,0,1,0,1,1,1,0,1,1,0,1,0,0,0,0,0,1,0,1,0,1,1,1,0,0,0,0,pamphlet_cif.y4m,39.97,40.032,0.108259,0.002206,0.0,7
1,1,0,0,0,1,0,0,0,0,0,0,1,0,1,1,1,1,1,0,1,1,0,0,0,0,0,0,1,1,1,0,0,0,0,0,0,0,pamphlet_cif.y4m,1.3,1.294,0.042778,0.001664,0.0,323
1,1,0,0,0,1,0,0,0,0,0,0,1,0,1,1,0,0,1,0,1,1,0,0,0,0,0,0,1,1,1,0,1,0,0,0,1,0,pamphlet_cif.y4m,104.67,104.926,0.593321,0.002154,0.0,73
1,1,0,0,0,0,0,0,0,0,1,0,1,0,1,1,1,0,1,0,1,1,0,1,0,0,0,0,0,1,0,1,0,0,0,0,0,0,pamphlet_cif.y4m,104.49,104.4,0.465242,0.00193,0.0,209
1,1,0,1,0,0,0,0,0,0,0,0,1,1,0,1,1,0,1,0,1,1,1,0,0,0,0,0,0,1,1,0,0,0,0,0,0,0,pamphlet_cif.y4m,2.1,2.108,0.013038,0.002127,0.0,138
1,1,0,0,0,1,0,0,0,0,0,0,1,1,0,1,1,1,1,1,0,1,0,0,0,0,0,1,0,1,0,1,0,0,0,0,0,0,pamphlet_cif.y4m,44.17,44.156,0.105262,0.002562,0.0,264
1,1,0,0,0,0,0,0,0,1,0,0,1,0,1,1,0,1,1,0,1,1,0,0,0,0,0,1,0,1,0,1,1,0,0,0,1,0,pamphlet_cif.y4m,156.4,156.45,0.422256,0.002057,0.0,98
1,1,0,0,0,0,0,0,0,0,1,0,1,1,0,1,0,0,1,0,1,1,0,0,0,0,0,1,0,1,1,0,1,0,0,1,0,0,pamphlet_cif.y4m,2.36,2.354,0.015166,0.002107,0.0,380
1,1,0,0,1,0,0,0,0,0,0,0,1,1,0,1,1,1,1,1,0,1,0,1,0,0,0,0,0,1,1,0,1,0,1,0,0,0,pamphlet_cif.y4m,117.45,117.668,0.950773,0.002715,0.0,85
1,1,0,0,0,0,0,0,0,0,1,0,1,0,1,1,0,0,1,0,1,1,1,0,0,0,0,0,0,1,0,1,1,0,0,0,1,0,pamphlet_cif.y4m,66.69,66.684,0.057706,0.002013,0.0,31
1,1,0,1,0,0,0,0,0,0,0,0,1,0,1,1,1,0,1,1,0,1,0,0,0,0,0,1,0,1,1,0,1,1,0,0,0,0,pamphlet_cif.y4m,1.73,1.732,0.025884,0.001761,0.0,8
1,1,0,0,1,0,0,0,0,0,0,0,1,1,0,1,1,1,1,1,0,1,1,0,0,0,0,0,0,1,0,1,1,1,0,0,0,0,pamphlet_cif.y4m,4.18,4.186,0.027928,0.002067,0.0,216
1,1,0,0,1,0,0,0,0,0,0,0,1,1,0,1,1,1,1,0,1,1,0,0,0,1,0,0,0,1,0,1,1,1,0,0,0,0,pamphlet_cif.y4m,0.86,0.86,0.007071,0.001964,0.0,214
1,1,0,0,0,0,0,0,1,0,0,0,1,1,0,1,0,0,1,1,0,1,0,0,0,0,0,1,0,1,1,0,0,0,0,0,0,0,pamphlet_cif.y4m,4.58,4.568,0.070498,0.002003,0.0,341
1,1,0,0,1,0,0,0,0,0,0,0,1,1,0,1,0,0,1,1,0,1,0,1,0,0,0,0,0,1,1,0,1,0,1,0,0,0,pamphlet_cif.y4m,2.7,2.696,0.015166,0.002704,0.0,236
1,1,0,0,0,0,0,0,0,0,1,0,1,0,1,1,0,0,1,0,1,1,0,0,0,0,1,0,0,1,1,0,1,0,1,0,0,0,pamphlet_cif.y4m,6.22,6.234,0.037148,0.002708,0.0,240
1,1,0,0,0,0,0,1,0,0,0,0,1,0,1,1,0,0,1,0,1,1,0,0,0,1,0,0,0,1,0,1,1,0,0,0,1,0,pamphlet_cif.y4m,4.11,4.11,0.024495,0.002918,0.0,51
1,1,1,0,0,0,0,0,0,0,0,0,1,0,1,1,1,1,1,0,1,1,0,0,0,0,0,0,1,1,1,0,1,0,1,0,0,0,pamphlet_cif.y4m,3.72,3.728,0.0249,0.001893,0.0,77
1,1,0,0,0,0,0,0,0,0,1,0,1,0,1,1,1,0,1,1,0,1,0,0,0,0,0,1,0,1,0,1,1,0,0,0,0,1,pamphlet_cif.y4m,2.6,2.598,0.028636,0.001906,0.0,128
1,1,0,0,1,0,0,0,0,0,0,0,1,1,0,1,0,0,1,1,0,1,0,1,0,0,0,0,0,1,0,1,0,0,0,0,0,0,pamphlet_cif.y4m,54.57,54.626,0.091815,0.001803,0.0,234
1,1,0,0,0,0,0,0,1,0,0,0,1,0,1,1,1,0,1,0,1,1,0,0,0,0,0,1,0,1,0,1,1,0,0,0,1,0,pamphlet_cif.y4m,396.57,396.566,0.065038,0.002584,0.0,28
1,1,0,0,1,0,0,0,0,0,0,0,1,1,0,1,1,0,1,0,1,1,1,0,0,0,0,0,0,1,1,0,0,0,0,0,0,0,pamphlet_cif.y4m,38.21,38.232,0.146185,0.002206,0.0,139
1,1,0,0,0,0,0,0,0,0,1,0,1,0,1,1,1,0,1,1,0,1,0,0,0,0,1,0,0,1,1,0,1,0,1,0,0,0,pamphlet_cif.y4m,0.82,0.812,0.010954,0.001846,0.0,152
1,1,0,1,0,0,0,0,0,0,0,0,1,0,1,1,0,0,1,1,0,1,0,0,0,0,0,1,0,1,1,0,1,0,0,0,1,0,pamphlet_cif.y4m,112.07,112.046,0.245214,0.003275,0.0,12
1,1,0,0,0,0,1,0,0,0,0,0,1,0,1,1,0,1,1,1,0,1,0,0,0,0,0,1,0,1,1,0,0,0,0,0,0,0,pamphlet_cif.y4m,0.8,0.8,0.0,0.001846,0.0,369
1,1,0,0,0,0,0,0,0,0,0,1,1,1,0,1,1,0,1,0,1,1,0,0,0,0,0,1,0,1,0,1,1,0,0,0,0,1,pamphlet_cif.y4m,19.6,19.594,0.027019,0.002523,0.0,58
1,1,0,0,0,0,0,0,1,0,0,0,1,1,0,1,1,0,1,1,0,1,1,0,0,0,0,0,0,1,1,0,0,0,0,0,0,0,pamphlet_cif.y4m,17.6,17.602,0.031145,0.002907,0.0,64
1,1,0,0,0,0,0,0,1,0,0,0,1,1,0,1,1,0,1,1,0,1,0,0,1,0,0,0,0,1,1,0,1,1,0,0,0,0,pamphlet_cif.y4m,13.12,13.126,0.04669,0.001791,0.0,21
1,1,0,0,0,1,0,0,0,0,0,0,1,0,1,1,1,1,1,0,1,1,0,0,1,0,0,0,0,1,1,0,1,0,0,0,0,1,pamphlet_cif.y4m,55.14,55.17,0.102225,0.001999,0.0,225
1,1,0,0,0,0,1,0,0,0,0,0,1,0,1,1,1,0,1,1,0,1,0,0,0,0,0,1,0,1,1,0,1,0,0,0,1,0,pamphlet_cif.y4m,94.52,94.534,1.998069,0.002158,0.0,366
1,1,0,0,0,0,0,1,0,0,0,0,1,0,1,1,1,1,1,0,1,1,0,0,1,0,0,0,0,1,0,1,1,0,0,0,0,1,paris_cif.y4m,10.03,10.0,0.067454,0.005161,0.0,114
1,1,0,0,1,0,0,0,0,0,0,0,1,1,0,1,1,1,1,0,1,1,0,0,1,0,0,0,0,1,1,0,1,0,1,0,0,0,paris_cif.y4m,6.43,6.41,0.056569,0.004888,0.0,281
1,1,0,0,0,1,0,0,0,0,0,0,1,0,1,1,1,0,1,1,0,1,0,0,0,0,0,0,1,1,1,0,1,0,0,1,0,0,paris_cif.y4m,12.34,12.31,0.086313,0.005079,0.0,325
1,1,1,0,0,0,0,0,0,0,0,0,1,1,0,1,1,0,1,1,0,1,0,0,0,0,1,0,0,1,1,0,1,1,0,0,0,0,paris_cif.y4m,10.97,10.954,0.036469,0.004958,0.0,181
1,1,0,0,0,0,0,0,1,0,0,0,1,1,0,1,1,0,1,0,1,1,0,0,1,0,0,0,0,1,1,0,1,0,0,0,0,1,paris_cif.y4m,238.5,238.568,0.136272,0.006093,0.0,247
1,1,0,0,0,0,0,0,0,0,1,0,1,1,0,1,1,0,1,1,0,1,0,0,0,0,1,0,0,1,1,0,1,0,0,0,0,1,paris_cif.y4m,384.7,384.668,0.451076,0.007853,0.0,166
1,1,0,0,0,0,0,0,1,0,0,0,1,1,0,1,1,0,1,0,1,1,0,0,1,0,0,0,0,1,1,0,1,0,0,0,1,0,paris_cif.y4m,11.23,11.288,0.132363,0.005719,0.0,25
1,1,0,0,0,0,0,1,0,0,0,0,1,0,1,1,0,0,1,1,0,1,0,1,0,0,0,0,0,1,0,1,0,0,0,0,0,0,paris_cif.y4m,22.75,22.746,0.165922,0.007831,0.0,355
1,1,0,0,1,0,0,0,0,0,0,0,1,1,0,1,0,0,1,1,0,1,1,0,0,0,0,0,0,1,1,0,1,0,0,0,0,1,paris_cif.y4m,3.2,3.21,0.057879,0.005429,0.0,219
1,1,0,0,0,1,0,0,0,0,0,0,1,1,0,1,1,0,1,1,0,1,0,0,0,0,1,0,0,1,1,0,1,1,0,0,0,0,paris_cif.y4m,22.58,22.734,0.469872,0.007831,0.0,182
1,1,0,1,0,0,0,0,0,0,0,0,1,0,1,1,0,1,1,1,0,1,0,0,0,0,0,1,0,1,1,0,1,1,0,0,0,0,paris_cif.y4m,8.79,8.848,0.158019,0.00504,0.0,10
1,1,0,0,1,0,0,0,0,0,0,0,1,1,0,1,1,0,1,0,1,1,0,0,1,0,0,0,0,1,0,1,1,0,0,0,0,1,paris_cif.y4m,147.1,147.194,0.215244,0.006043,0.0,116
1,1,0,0,0,1,0,0,0,0,0,0,1,1,0,1,1,1,1,0,1,1,0,0,0,0,0,1,0,1,0,1,1,1,0,0,0,0,paris_cif.y4m,14.76,14.746,0.134648,0.005024,0.0,266
1,1,0,0,0,0,0,0,1,0,0,0,1,1,0,1,0,0,1,0,1,1,0,0,1,0,0,0,0,1,1,0,1,0,0,1,0,0,paris_cif.y4m,58.36,58.022,0.933177,0.007566,0.0,313
1,1,0,0,0,0,0,1,0,0,0,0,1,0,1,1,0,0,1,1,0,1,0,0,0,0,0,0,1,1,0,1,0,0,0,0,0,0,paris_cif.y4m,15.88,15.926,0.244602,0.007368,0.0,357
1,1,0,0,0,1,0,0,0,0,0,0,1,0,1,1,0,1,1,0,1,1,1,0,0,0,0,0,0,1,1,0,1,1,0,0,0,0,paris_cif.y4m,5.45,5.418,0.072595,0.007556,0.0,187
1,1,0,0,0,0,0,0,1,0,0,0,1,1,0,1,1,1,1,0,1,1,0,0,1,0,0,0,0,1,1,0,1,1,0,0,0,0,paris_cif.y4m,773.27,773.334,0.498628,0.007788,0.0,23
1,1,0,0,1,0,0,0,0,0,0,0,1,1,0,1,1,0,1,1,0,1,0,1,0,0,0,0,0,1,0,1,0,0,0,0,0,0,paris_cif.y4m,73.76,73.766,0.084439,0.005548,0.0,2
1,1,0,0,0,0,0,0,0,0,0,1,1,1,0,1,1,0,1,0,1,1,0,0,0,0,0,1,0,1,1,0,1,1,0,0,0,0,paris_cif.y4m,332.24,332.262,0.594996,0.006663,0.0,301
1,1,0,0,0,0,0,1,0,0,0,0,1,0,1,1,0,1,1,1,0,1,0,1,0,0,0,0,0,1,0,1,0,0,0,0,0,0,paris_cif.y4m,267.71,270.222,8.002566,0.007099,0.0,356
1,1,0,0,0,0,0,0,0,0,1,0,1,1,0,1,0,1,1,0,1,1,0,0,0,0,0,1,0,1,0,1,1,1,0,0,0,0,paris_cif.y4m,19.02,19.016,0.131263,0.007677,0.0,269
1,1,0,0,0,0,0,0,0,0,1,0,1,0,1,1,0,1,1,1,0,1,0,0,1,0,0,0,0,1,0,1,1,0,0,0,1,0,paris_cif.y4m,13.23,13.21,0.105594,0.007441,0.0,274
1,1,0,0,0,0,0,0,0,0,1,0,1,0,1,1,0,1,1,1,0,1,0,0,0,1,0,0,0,1,1,0,1,1,0,0,0,0,paris_cif.y4m,15.18,15.154,0.057271,0.007,0.0,307
1,1,0,0,1,0,0,0,0,0,0,0,1,0,1,1,0,1,1,1,0,1,0,0,1,0,0,0,0,1,0,1,1,1,0,0,0,0,paris_cif.y4m,49.18,49.024,0.360458,0.00606,0.0,254
1,1,0,0,0,0,0,0,0,0,1,0,1,0,1,1,0,1,1,0,1,1,0,1,0,0,0,0,0,1,0,1,0,0,0,0,0,0,paris_cif.y4m,3.7,3.696,0.054129,0.005534,0.0,208
1,1,0,0,1,0,0,0,0,0,0,0,1,1,0,1,1,1,1,1,0,1,0,0,1,0,0,0,0,1,0,1,1,0,1,0,0,0,paris_cif.y4m,4.56,4.564,0.030496,0.010999,0.0,279
1,1,0,0,0,0,0,1,0,0,0,0,1,1,0,1,1,1,1,1,0,1,0,1,0,0,0,0,0,1,0,1,1,0,0,0,1,0,paris_cif.y4m,16.31,16.254,0.159154,0.006067,0.0,171
1,1,0,0,0,0,0,0,0,1,0,0,1,1,0,1,0,1,1,0,1,1,0,0,0,0,0,1,0,1,0,1,1,0,0,0,1,0,paris_cif.y4m,56.41,56.306,0.263685,0.007566,0.0,99
1,1,1,0,0,0,0,0,0,0,0,0,1,0,1,1,1,1,1,1,0,1,0,1,0,0,0,0,0,1,1,0,1,0,1,0,0,0,paris_cif.y4m,18.0,18.036,0.158367,0.005905,0.0,81
1,1,0,0,0,0,0,0,0,0,1,0,1,0,1,1,1,1,1,0,1,1,0,0,1,0,0,0,0,1,1,0,1,0,1,0,0,0,paris_cif.y4m,6.2,6.192,0.041473,0.005942,0.0,155
1,1,0,0,0,1,0,0,0,0,0,0,1,1,0,1,0,1,1,1,0,1,1,0,0,0,0,0,0,1,1,0,1,1,0,0,0,0,paris_cif.y4m,10.93,10.764,0.232873,0.007,0.0,185
1,1,0,0,1,0,0,0,0,0,0,0,1,1,0,1,0,0,1,0,1,1,0,0,0,0,0,1,0,1,0,1,0,0,0,0,0,0,paris_cif.y4m,6.33,6.334,0.030496,0.004692,0.0,376
1,1,0,0,0,0,0,0,1,0,0,0,1,1,0,1,0,1,1,0,1,1,0,1,0,0,0,0,0,1,1,0,0,0,0,0,0,0,paris_cif.y4m,2.7,2.686,0.021909,0.005483,0.0,204
1,1,0,0,0,0,0,0,1,0,0,0,1,1,0,1,1,0,1,0,1,1,0,0,0,0,1,0,0,1,1,0,1,0,0,0,0,1,paris_cif.y4m,210.21,210.176,0.397404,0.005828,0.0,246
1,1,0,0,0,0,0,1,0,0,0,0,1,1,0,1,1,1,1,0,1,1,0,0,1,0,0,0,0,1,0,1,0,0,0,0,0,0,paris_cif.y4m,179.22,178.936,0.9781,0.006131,0.0,230
1,1,0,0,0,0,0,0,1,0,0,0,1,0,1,1,1,0,1,0,1,1,0,0,0,0,0,1,0,1,1,0,1,0,0,0,1,0,paris_cif.y4m,212.32,212.23,0.600999,0.007953,0.0,27
1,1,0,1,0,0,0,0,0,0,0,0,1,1,0,1,1,1,1,0,1,1,1,0,0,0,0,0,0,1,1,0,0,0,0,0,0,0,paris_cif.y4m,9.25,9.182,0.117983,0.004964,0.0,137
1,1,0,0,0,0,0,0,0,0,1,0,1,1,0,1,1,1,1,1,0,1,0,0,0,0,1,0,0,1,0,1,1,0,0,0,1,0,paris_cif.y4m,11.28,11.278,0.067231,0.007214,0.0,169
1,1,0,0,0,0,0,0,0,0,1,0,1,0,1,1,0,1,1,0,1,1,1,0,0,0,0,0,0,1,0,1,1,0,0,0,0,1,paris_cif.y4m,326.44,326.51,0.352349,0.006242,0.0,33
1,1,0,0,0,0,0,0,1,0,0,0,1,0,1,1,0,1,1,0,1,1,0,1,0,0,0,0,0,1,1,0,0,0,0,0,0,0,paris_cif.y4m,57.23,57.104,0.248556,0.008138,0.0,205
1,1,0,0,0,0,0,0,0,0,1,0,1,1,0,1,1,0,1,0,1,1,0,0,0,0,1,0,0,1,1,0,1,0,0,0,0,1,paris_cif.y4m,10.66,10.686,0.065422,0.005598,0.0,245
1,1,1,0,0,0,0,0,0,0,0,0,1,1,0,1,0,0,1,1,0,1,0,0,1,0,0,0,0,1,1,0,1,0,0,0,0,1,paris_cif.y4m,10.88,10.892,0.058907,0.005324,0.0,163
1,1,0,0,1,0,0,0,0,0,0,0,1,1,0,1,1,0,1,1,0,1,1,0,0,0,0,0,0,1,0,1,1,1,0,0,0,0,paris_cif.y4m,6.23,6.226,0.016733,0.004692,0.0,4
1,1,0,0,1,0,0,0,0,0,0,0,1,1,0,1,0,0,1,0,1,1,1,0,0,0,0,0,0,1,1,0,1,0,0,0,1,0,paris_cif.y4m,5.79,5.832,0.077266,0.010999,0.0,141
1,1,1,0,0,0,0,0,0,0,0,0,1,1,0,1,1,1,1,0,1,1,0,0,1,0,0,0,0,1,1,0,1,1,0,0,0,0,paris_cif.y4m,316.68,316.66,0.591143,0.0061,0.0,159
1,1,0,0,0,0,0,0,1,0,0,0,1,1,0,1,0,1,1,0,1,1,0,0,1,0,0,0,0,1,0,1,1,0,0,0,0,1,paris_cif.y4m,22.9,22.818,0.531197,0.007267,0.0,336
1,1,0,0,0,1,0,0,0,0,0,0,1,1,0,1,0,0,1,0,1,1,0,0,0,0,0,0,1,1,1,0,1,0,0,0,1,0,paris_cif.y4m,70.37,70.496,0.725107,0.005862,0.0,72
1,1,0,0,0,0,0,0,1,0,0,0,1,1,0,1,1,0,1,1,0,1,0,0,1,0,0,0,0,1,1,0,1,0,0,0,0,1,paris_cif.y4m,10.05,10.022,0.0614,0.005758,0.0,248
1,1,0,1,0,0,0,0,0,0,0,0,1,0,1,1,1,1,1,1,0,1,0,0,0,0,0,1,0,1,0,1,1,0,0,0,0,1,paris_cif.y4m,228.03,228.776,5.680192,0.005669,0.0,130
1,1,0,0,0,1,0,0,0,0,0,0,1,0,1,1,1,1,1,1,0,1,0,0,0,0,0,0,1,1,1,0,0,0,0,0,0,0,paris_cif.y4m,383.66,383.848,0.339882,0.007692,0.0,324
1,1,1,0,0,0,0,0,0,0,0,0,1,0,1,1,0,1,1,1,0,1,0,1,0,0,0,0,0,1,0,1,0,0,0,0,0,0,paris_cif.y4m,282.61,282.534,0.25501,0.007884,0.0,354
1,1,0,0,0,0,0,0,0,0,1,0,1,0,1,1,0,0,1,1,0,1,0,0,0,1,0,0,0,1,0,1,0,0,0,0,0,0,paris_cif.y4m,196.87,196.154,1.570376,0.005951,0.0,291
1,1,0,0,0,0,0,0,0,0,1,0,1,1,0,1,0,0,1,1,0,1,0,1,0,0,0,0,0,1,1,0,1,0,1,0,0,0,paris_cif.y4m,4.37,4.362,0.144637,0.005279,0.0,237
1,1,0,0,0,1,0,0,0,0,0,0,1,1,0,1,1,0,1,1,0,1,1,0,0,0,0,0,0,1,1,0,1,1,0,0,0,0,paris_cif.y4m,6.28,6.28,0.012247,0.004969,0.0,183
1,1,0,0,0,1,0,0,0,0,0,0,1,0,1,1,1,1,1,0,1,1,0,0,1,0,0,0,0,1,0,1,0,0,0,0,0,0,paris_cif.y4m,4.97,4.966,0.023022,0.005517,0.0,227
1,1,0,0,0,0,0,0,1,0,0,0,1,1,0,1,0,1,1,0,1,1,0,0,0,0,0,1,0,1,0,1,0,0,0,0,0,0,paris_cif.y4m,14.99,14.968,0.0614,0.005619,0.0,338
1,1,0,0,1,0,0,0,0,0,0,0,1,0,1,1,0,0,1,0,1,1,1,0,0,0,0,0,0,1,1,0,1,0,0,0,1,0,paris_cif.y4m,41.55,41.506,0.104547,0.005974,0.0,142
1,1,0,0,1,0,0,0,0,0,0,0,1,1,0,1,1,1,1,0,1,1,0,0,1,0,0,0,0,1,1,0,1,0,0,0,0,1,paris_cif.y4m,34.1,34.098,0.029496,0.007734,0.0,332
1,1,0,0,0,0,0,0,0,1,0,0,1,0,1,1,0,0,1,1,0,1,0,0,0,0,1,0,0,1,0,1,1,0,0,0,1,0,paris_cif.y4m,317.94,317.352,1.577441,0.006323,0.0,95
1,1,0,0,1,0,0,0,0,0,0,0,1,0,1,1,0,0,1,0,1,1,0,0,0,1,0,0,0,1,0,1,0,0,0,0,0,0,paris_cif.y4m,22.38,22.438,0.303595,0.00782,0.0,289
1,1,0,0,1,0,0,0,0,0,0,0,1,1,0,1,0,0,1,0,1,1,0,0,0,0,0,1,0,1,0,1,1,0,0,1,0,0,paris_cif.y4m,4.2,4.186,0.071274,0.005279,0.0,378
1,1,0,0,1,0,0,0,0,0,0,0,1,1,0,1,1,1,1,1,0,1,0,0,1,0,0,0,0,1,0,1,1,0,0,0,1,0,paris_cif.y4m,77.37,77.442,0.327826,0.00591,0.0,278
1,1,0,0,0,0,0,0,0,0,1,0,1,0,1,1,1,0,1,0,1,1,1,0,0,0,0,0,0,1,0,1,1,0,0,0,1,0,paris_cif.y4m,16.12,16.066,0.171697,0.007775,0.0,30
1,1,0,0,1,0,0,0,0,0,0,0,1,1,0,1,0,0,1,0,1,1,0,1,0,0,0,0,0,1,0,1,1,0,0,0,0,1,paris_cif.y4m,3.95,3.938,0.128335,0.005749,0.0,120
1,1,0,0,0,1,0,0,0,0,0,0,1,1,0,1,1,1,1,0,1,1,0,0,0,0,0,1,0,1,0,1,0,0,0,0,0,0,paris_cif.y4m,5.36,5.396,0.115888,0.004772,0.0,265
1,1,0,0,0,0,0,0,0,0,1,0,1,1,0,1,1,0,1,1,0,1,0,0,0,0,0,1,0,1,0,1,0,0,0,0,0,0,paris_cif.y4m,11.01,11.042,0.069785,0.005414,0.0,296
1,1,0,0,0,0,0,1,0,0,0,0,1,1,0,1,1,1,1,1,0,1,0,1,0,0,0,0,0,1,0,1,0,0,0,0,0,0,paris_cif.y4m,20.97,21.04,0.106536,0.005542,0.0,232
1,1,0,0,0,0,0,0,0,0,1,0,1,0,1,1,0,0,1,1,0,1,0,0,1,0,0,0,0,1,1,0,1,0,0,1,0,0,paris_cif.y4m,16.49,16.44,0.082462,0.00685,0.0,310
1,1,0,0,0,0,0,1,0,0,0,0,1,0,1,1,1,1,1,0,1,1,0,0,0,0,0,1,0,1,0,1,1,0,0,1,0,0,paris_cif.y4m,281.64,281.376,0.742718,0.007626,0.0,349
1,1,0,0,1,0,0,0,0,0,0,0,1,1,0,1,0,1,1,0,1,1,0,0,0,0,0,1,0,1,0,1,0,0,0,0,0,0,paris_cif.y4m,11.52,11.498,0.111221,0.007803,0.0,377
1,1,0,0,0,0,0,0,0,1,0,0,1,0,1,1,1,1,1,1,0,1,0,0,0,0,1,0,0,1,0,1,1,0,0,0,1,0,paris_cif.y4m,319.59,319.598,0.142373,0.006561,0.0,94
1,1,1,0,0,0,0,0,0,0,0,0,1,1,0,1,1,0,1,0,1,1,1,0,0,0,0,0,0,1,0,1,1,1,0,0,0,0,paris_cif.y4m,14.58,14.586,0.131643,0.007,0.0,178
1,1,0,0,0,0,0,0,0,0,1,0,1,0,1,1,0,0,1,1,0,1,0,0,0,0,0,1,0,1,0,1,1,0,0,0,0,1,paris_cif.y4m,13.78,13.858,0.28066,0.007688,0.0,127
1,1,0,0,0,0,0,1,0,0,0,0,1,0,1,1,1,0,1,0,1,1,0,0,0,1,0,0,0,1,0,1,1,0,0,0,1,0,paris_cif.y4m,4.33,4.23,0.146799,0.005332,0.0,111
1,1,1,0,0,0,0,0,0,0,0,0,1,0,1,1,0,1,1,1,0,1,0,1,0,0,0,0,0,1,0,1,1,0,0,1,0,0,paris_cif.y4m,10.45,10.412,0.122556,0.007592,0.0,353
1,1,0,0,0,0,1,0,0,0,0,0,1,0,1,1,1,1,1,1,0,1,0,1,0,0,0,0,0,1,1,0,1,0,0,0,1,0,paris_cif.y4m,10.61,10.59,0.083666,0.00504,0.0,45
1,1,0,0,0,1,0,0,0,0,0,0,1,0,1,1,1,1,1,0,1,1,0,0,1,0,0,0,0,1,1,0,0,0,0,0,0,0,paris_cif.y4m,3.82,3.766,0.105024,0.005707,0.0,226
1,1,0,0,0,0,0,0,0,0,0,1,1,1,0,1,1,0,1,0,1,1,0,0,0,0,0,1,0,1,1,0,1,0,0,0,0,1,paris_cif.y4m,12.57,12.598,0.068702,0.004886,0.0,59
1,1,0,0,0,0,0,0,1,0,0,0,1,1,0,1,1,1,1,1,0,1,1,0,0,0,0,0,0,1,0,1,1,1,0,0,0,0,paris_cif.y4m,72.65,72.94,1.327064,0.005548,0.0,19
1,1,0,0,0,0,0,0,0,0,0,1,1,1,0,1,0,1,1,0,1,1,0,0,0,1,0,0,0,1,1,0,1,1,0,0,0,0,paris_cif.y4m,48.59,48.568,0.102323,0.005932,0.0,304
1,1,0,0,0,0,0,0,1,0,0,0,1,0,1,1,0,1,1,0,1,1,0,1,0,0,0,0,0,1,0,1,0,0,0,0,0,0,paris_cif.y4m,9.95,9.948,0.032711,0.005758,0.0,207
1,1,0,0,0,0,1,0,0,0,0,0,1,1,0,1,1,1,1,1,0,1,0,1,0,0,0,0,0,1,1,0,0,0,0,0,0,0,paris_cif.y4m,342.93,342.678,4.113523,0.005749,0.0,43
1,1,0,0,0,0,1,0,0,0,0,0,1,1,0,1,1,0,1,1,0,1,1,0,0,0,0,0,0,1,1,0,1,0,0,0,0,1,paris_cif.y4m,5.66,5.666,0.074699,0.005155,0.0,40
1,1,0,0,0,1,0,0,0,0,0,0,1,0,1,1,0,1,1,1,0,1,1,0,0,0,0,0,0,1,1,0,1,1,0,0,0,0,paris_cif.y4m,340.75,340.78,0.143003,0.007513,0.0,186
1,1,0,0,1,0,0,0,0,0,0,0,1,0,1,1,0,0,1,0,1,1,0,0,0,1,0,0,0,1,0,1,1,0,0,0,0,1,paris_cif.y4m,7.1,7.1,0.056125,0.005717,0.0,288
1,1,1,0,0,0,0,0,0,0,0,0,1,1,0,1,1,0,1,1,0,1,0,1,0,0,0,0,0,1,1,0,1,0,1,0,0,0,paris_cif.y4m,10.98,10.99,0.07746,0.004958,0.0,82
1,1,0,0,0,0,0,0,0,0,1,0,1,0,1,1,1,1,1,0,1,1,0,0,0,1,0,0,0,1,0,1,0,0,0,0,0,0,paris_cif.y4m,9.19,9.184,0.032863,0.005102,0.0,211
1,1,0,0,1,0,0,0,0,0,0,0,1,0,1,1,1,1,1,0,1,1,0,0,0,0,0,1,0,1,1,0,1,0,0,1,0,0,paris_cif.y4m,202.72,202.678,0.300533,0.005828,0.0,347
1,1,0,1,0,0,0,0,0,0,0,0,1,0,1,1,0,0,1,1,0,1,1,0,0,0,0,0,0,1,1,0,1,0,0,0,1,0,paris_cif.y4m,22.03,22.074,0.117175,0.005945,0.0,13
1,1,0,0,0,0,0,1,0,0,0,0,1,0,1,1,1,1,1,0,1,1,0,0,1,0,0,0,0,1,0,1,0,0,0,0,0,0,paris_cif.y4m,703.92,703.672,0.803536,0.006304,0.0,228
1,1,0,0,0,0,0,0,0,1,0,0,1,1,0,1,0,1,1,0,1,1,0,0,1,0,0,0,0,1,0,1,1,0,0,0,0,1,paris_cif.y4m,16.36,16.38,0.061237,0.006067,0.0,335
1,1,0,0,0,0,0,0,1,0,0,0,1,1,0,1,1,0,1,0,1,1,0,0,1,0,0,0,0,1,1,0,1,1,0,0,0,0,paris_cif.y4m,44.58,44.518,0.169912,0.007625,0.0,24
1,1,1,0,0,0,0,0,0,0,0,0,1,0,1,1,0,1,1,0,1,1,0,1,0,0,0,0,0,1,0,1,1,0,0,1,0,0,paris_cif.y4m,556.09,556.398,0.727716,0.007831,0.0,352
1,1,0,0,0,0,1,0,0,0,0,0,1,0,1,1,0,0,1,1,0,1,0,0,0,0,0,1,0,1,1,0,0,0,0,0,0,0,paris_cif.y4m,9.67,9.582,0.136638,0.005161,0.0,368
1,1,1,0,0,0,0,0,0,0,0,0,1,0,1,1,1,1,1,1,0,1,0,1,0,0,0,0,0,1,1,0,0,0,0,0,0,0,paris_cif.y4m,4.56,4.506,0.138311,0.005713,0.0,80
1,1,0,0,1,0,0,0,0,0,0,0,1,1,0,1,0,0,1,0,1,1,0,1,0,0,0,0,0,1,0,1,0,0,0,0,0,0,paris_cif.y4m,48.26,48.256,0.108766,0.005622,0.0,121
1,1,0,0,0,0,0,0,0,0,1,0,1,0,1,1,1,1,1,0,1,1,0,0,1,0,0,0,0,1,1,0,1,1,0,0,0,0,paris_cif.y4m,7.46,7.458,0.017889,0.004964,0.0,156
1,1,0,1,0,0,0,0,0,0,0,0,1,0,1,1,1,1,1,1,0,1,0,0,0,0,0,1,0,1,1,0,1,1,0,0,0,0,paris_cif.y4m,2.56,2.54,0.036742,0.005432,0.0,9
1,1,0,0,0,0,0,0,0,0,1,0,1,1,0,1,0,0,1,1,0,1,0,0,0,0,1,0,0,1,1,0,1,0,0,0,0,1,paris_cif.y4m,10.4,10.406,0.0498,0.005598,0.0,165
1,1,0,0,0,0,0,0,0,0,1,0,1,0,1,1,0,0,1,1,0,1,0,1,0,0,0,0,0,1,0,1,1,0,0,0,0,1,paris_cif.y4m,10.78,10.766,0.033615,0.005145,0.0,126
1,1,0,0,1,0,0,0,0,0,0,0,1,1,0,1,1,1,1,0,1,1,0,0,1,0,0,0,0,1,0,1,1,0,1,0,0,0,paris_cif.y4m,4.57,4.514,0.136675,0.005713,0.0,280
1,1,0,0,0,0,0,1,0,0,0,0,1,0,1,1,1,1,1,1,0,1,0,1,0,0,0,0,0,1,0,1,1,0,0,0,1,0,paris_cif.y4m,3.59,3.51,0.190394,0.00909,0.0,172
1,1,0,0,0,0,0,0,0,0,1,0,1,0,1,1,0,1,1,1,0,1,0,0,0,1,0,0,0,1,0,1,0,0,0,0,0,0,paris_cif.y4m,16.62,16.608,0.07791,0.006937,0.0,292
1,1,0,0,0,0,0,0,0,0,1,0,1,1,0,1,1,1,1,0,1,1,0,0,0,0,0,1,0,1,1,0,0,0,0,0,0,0,paris_cif.y4m,30.43,30.448,0.066483,0.006123,0.0,105
1,1,0,0,0,1,0,0,0,0,0,0,1,0,1,1,1,1,1,0,1,1,0,0,0,0,0,0,1,1,1,0,1,0,1,0,0,0,paris_cif.y4m,29.79,29.71,0.149499,0.007763,0.0,76
1,1,0,0,0,1,0,0,0,0,0,0,1,0,1,1,0,0,1,1,0,1,1,0,0,0,0,0,0,1,1,0,1,0,0,0,0,1,paris_cif.y4m,212.14,212.208,0.340103,0.006063,0.0,221
1,1,0,0,0,0,0,0,0,0,1,0,1,1,0,1,1,0,1,1,0,1,0,0,0,0,1,0,0,1,0,1,1,0,0,0,0,1,paris_cif.y4m,67.01,66.958,0.07791,0.007562,0.0,167
1,1,0,0,0,0,0,0,0,0,1,0,1,0,1,1,0,1,1,0,1,1,1,0,0,0,0,0,0,1,1,0,1,0,0,0,0,1,paris_cif.y4m,461.07,461.146,0.442527,0.006811,0.0,35
1,1,0,0,1,0,0,0,0,0,0,0,1,1,0,1,0,0,1,1,0,1,0,1,0,0,0,0,0,1,0,1,1,0,1,0,0,0,paris_cif.y4m,7.04,7.036,0.045056,0.005045,0.0,235
1,1,0,0,0,0,0,0,0,1,0,0,1,1,0,1,1,1,1,0,1,1,0,0,1,0,0,0,0,1,0,1,1,0,0,0,0,1,paris_cif.y4m,21.46,21.496,0.201072,0.007838,0.0,333
1,1,0,0,0,0,1,0,0,0,0,0,1,0,1,1,1,1,1,1,0,1,0,1,0,0,0,0,0,1,1,0,0,0,0,0,0,0,paris_cif.y4m,227.73,227.764,0.142583,0.006091,0.0,44
1,1,0,0,1,0,0,0,0,0,0,0,1,0,1,1,0,1,1,1,0,1,0,1,0,0,0,0,0,1,0,1,1,1,0,0,0,0,paris_cif.y4m,367.42,367.344,0.227662,0.006364,0.0,256
1,1,0,0,0,0,0,1,0,0,0,0,1,0,1,1,1,0,1,0,1,1,0,1,0,0,0,0,0,1,0,1,1,0,0,0,0,1,paris_cif.y4m,1292.67,1292.168,2.306322,0.008102,0.0,192
1,1,0,0,0,0,1,0,0,0,0,0,1,1,0,1,1,1,1,1,0,1,1,0,0,0,0,0,0,1,1,0,1,0,0,0,0,1,paris_cif.y4m,30.74,30.492,0.387518,0.006053,0.0,41
1,1,0,0,0,0,0,0,0,0,1,0,1,0,1,1,0,1,1,1,0,1,0,0,0,0,0,1,0,1,0,1,1,0,0,0,1,0,paris_cif.y4m,256.11,256.16,0.289741,0.007181,0.0,273
1,1,0,0,0,0,0,0,0,0,1,0,1,1,0,1,0,1,1,0,1,1,0,0,0,0,0,1,0,1,0,1,0,0,0,0,0,0,paris_cif.y4m,170.25,170.224,0.306154,0.007165,0.0,101
1,1,0,0,0,0,0,0,0,0,1,0,1,0,1,1,1,1,1,0,1,1,0,0,0,0,1,0,0,1,1,0,1,0,1,0,0,0,paris_cif.y4m,142.08,142.07,0.273038,0.006043,0.0,242
1,1,0,0,0,0,0,0,0,0,1,0,1,1,0,1,0,1,1,0,1,1,0,0,0,0,0,1,0,1,1,0,0,0,0,0,0,0,paris_cif.y4m,13.81,13.79,0.077136,0.007441,0.0,103
1,1,1,0,0,0,0,0,0,0,0,0,1,1,0,1,1,0,1,1,0,1,0,1,0,0,0,0,0,1,0,1,0,0,0,0,0,0,paris_cif.y4m,258.95,258.798,0.443362,0.006423,0.0,1
1,1,0,0,0,0,0,1,0,0,0,0,1,1,0,1,0,0,1,0,1,1,0,0,0,0,0,1,0,1,0,1,1,0,0,0,0,1,paris_cif.y4m,10.67,10.882,0.424582,0.007592,0.0,56
1,1,0,0,1,0,0,0,0,0,0,0,1,0,1,1,0,0,1,0,1,1,0,0,0,0,0,0,1,1,0,1,0,0,0,0,0,0,paris_cif.y4m,30.85,30.742,0.184038,0.006123,0.0,373
1,1,0,0,0,0,0,0,1,0,0,0,1,1,0,1,1,1,1,0,1,1,0,1,0,0,0,0,0,1,0,1,1,0,1,0,0,0,paris_cif.y4m,318.69,317.264,2.273803,0.006015,0.0,318
1,1,0,0,0,1,0,0,0,0,0,0,1,1,0,1,0,0,1,1,0,1,0,0,0,0,1,0,0,1,1,0,0,0,0,0,0,0,paris_cif.y4m,487.84,487.596,0.766994,0.006159,0.0,69
1,1,0,1,0,0,0,0,0,0,0,0,1,0,1,1,0,0,1,1,0,1,0,0,0,0,0,1,0,1,1,0,1,1,0,0,0,0,paris_cif.y4m,10.37,10.356,0.044497,0.007769,0.0,11
1,1,0,0,1,0,0,0,0,0,0,0,1,0,1,1,0,0,1,1,0,1,0,1,0,0,0,0,0,1,0,1,1,0,0,1,0,0,paris_cif.y4m,8.73,8.716,0.068411,0.005386,0.0,258
1,1,0,0,0,0,0,0,0,0,1,0,1,0,1,1,0,0,1,1,0,1,0,1,0,0,0,0,0,1,1,0,1,0,1,0,0,0,paris_cif.y4m,731.92,731.736,0.969758,0.008146,0.0,238
1,1,0,0,0,0,0,1,0,0,0,0,1,0,1,1,1,0,1,1,0,1,1,0,0,0,0,0,0,1,0,1,1,0,0,0,1,0,paris_cif.y4m,659.85,660.548,2.045549,0.006098,0.0,173
1,1,0,0,0,0,0,1,0,0,0,0,1,0,1,1,0,1,1,0,1,1,0,1,0,0,0,0,0,1,0,1,1,1,0,0,0,0,paris_cif.y4m,547.02,546.32,1.624454,0.006505,0.0,190
1,1,0,1,0,0,0,0,0,0,0,0,1,0,1,1,1,0,1,1,0,1,0,0,0,0,0,1,0,1,0,1,1,1,0,0,0,0,paris_cif.y4m,150.87,150.546,0.823972,0.006168,0.0,7
1,1,0,0,0,1,0,0,0,0,0,0,1,0,1,1,1,1,1,0,1,1,0,0,0,0,0,0,1,1,1,0,0,0,0,0,0,0,paris_cif.y4m,4.63,4.604,0.058566,0.005534,0.0,323
1,1,0,0,0,1,0,0,0,0,0,0,1,0,1,1,0,0,1,0,1,1,0,0,0,0,0,0,1,1,1,0,1,0,0,0,1,0,paris_cif.y4m,357.08,357.4,1.024427,0.006288,0.0,73
1,1,0,0,0,0,0,0,0,0,1,0,1,0,1,1,1,0,1,0,1,1,0,1,0,0,0,0,0,1,0,1,0,0,0,0,0,0,paris_cif.y4m,348.76,348.986,1.918106,0.005749,0.0,209
1,1,0,1,0,0,0,0,0,0,0,0,1,1,0,1,1,0,1,0,1,1,1,0,0,0,0,0,0,1,1,0,0,0,0,0,0,0,paris_cif.y4m,8.12,8.11,0.023452,0.005678,0.0,138
1,1,0,0,0,1,0,0,0,0,0,0,1,1,0,1,1,1,1,1,0,1,0,0,0,0,0,1,0,1,0,1,0,0,0,0,0,0,paris_cif.y4m,191.8,191.818,0.40015,0.007549,0.0,264
1,1,0,0,0,0,0,0,0,1,0,0,1,0,1,1,0,1,1,0,1,1,0,0,0,0,0,1,0,1,0,1,1,0,0,0,1,0,paris_cif.y4m,490.77,490.858,0.256066,0.006159,0.0,98
1,1,0,0,0,0,0,0,0,0,1,0,1,1,0,1,0,0,1,0,1,1,0,0,0,0,0,1,0,1,1,0,1,0,0,1,0,0,paris_cif.y4m,8.79,8.864,0.330651,0.005303,0.0,380
1,1,0,0,1,0,0,0,0,0,0,0,1,1,0,1,1,1,1,1,0,1,0,1,0,0,0,0,0,1,1,0,1,0,1,0,0,0,paris_cif.y4m,410.48,410.164,0.656453,0.007145,0.0,85
1,1,0,0,0,0,0,0,0,0,1,0,1,0,1,1,0,0,1,0,1,1,1,0,0,0,0,0,0,1,0,1,1,0,0,0,1,0,paris_cif.y4m,236.21,236.122,0.214639,0.005849,0.0,31
1,1,0,1,0,0,0,0,0,0,0,0,1,0,1,1,1,0,1,1,0,1,0,0,0,0,0,1,0,1,1,0,1,1,0,0,0,0,paris_cif.y4m,6.41,6.406,0.020736,0.005155,0.0,8
1,1,0,0,1,0,0,0,0,0,0,0,1,1,0,1,1,1,1,1,0,1,1,0,0,0,0,0,0,1,0,1,1,1,0,0,0,0,paris_cif.y4m,15.4,15.37,0.11726,0.005619,0.0,216
1,1,0,0,1,0,0,0,0,0,0,0,1,1,0,1,1,1,1,0,1,1,0,0,0,1,0,0,0,1,0,1,1,1,0,0,0,0,paris_cif.y4m,3.07,3.014,0.164408,0.005749,0.0,214
1,1,0,0,0,0,0,0,1,0,0,0,1,1,0,1,0,0,1,1,0,1,0,0,0,0,0,1,0,1,1,0,0,0,0,0,0,0,paris_cif.y4m,15.58,15.656,0.257934,0.005212,0.0,341
1,1,0,0,1,0,0,0,0,0,0,0,1,1,0,1,0,0,1,1,0,1,0,1,0,0,0,0,0,1,1,0,1,0,1,0,0,0,paris_cif.y4m,9.29,9.266,0.095026,0.007097,0.0,236
1,1,0,0,0,0,0,0,0,0,1,0,1,0,1,1,0,0,1,0,1,1,0,0,0,0,1,0,0,1,1,0,1,0,1,0,0,0,paris_cif.y4m,23.67,23.624,0.142583,0.007106,0.0,240
1,1,0,0,0,0,0,1,0,0,0,0,1,0,1,1,0,0,1,0,1,1,0,0,0,1,0,0,0,1,0,1,1,0,0,0,1,0,paris_cif.y4m,14.42,14.406,0.080808,0.007441,0.0,51
1,1,1,0,0,0,0,0,0,0,0,0,1,0,1,1,1,1,1,0,1,1,0,0,0,0,0,0,1,1,1,0,1,0,1,0,0,0,paris_cif.y4m,15.6,15.47,0.319139,0.006029,0.0,77
1,1,0,0,0,0,0,0,0,0,1,0,1,0,1,1,1,0,1,1,0,1,0,0,0,0,0,1,0,1,0,1,1,0,0,0,0,1,paris_cif.y4m,10.3,10.31,0.051962,0.005301,0.0,128
1,1,0,0,1,0,0,0,0,0,0,0,1,1,0,1,0,0,1,1,0,1,0,1,0,0,0,0,0,1,0,1,0,0,0,0,0,0,paris_cif.y4m,204.94,205.048,0.398334,0.005949,0.0,234
1,1,0,0,0,0,0,0,1,0,0,0,1,0,1,1,1,0,1,0,1,1,0,0,0,0,0,1,0,1,0,1,1,0,0,0,1,0,paris_cif.y4m,1241.5,1241.706,0.879676,0.008102,0.0,28
1,1,0,0,1,0,0,0,0,0,0,0,1,1,0,1,1,0,1,0,1,1,1,0,0,0,0,0,0,1,1,0,0,0,0,0,0,0,paris_cif.y4m,151.3,151.17,0.502145,0.006168,0.0,139
1,1,0,0,0,0,0,0,0,0,1,0,1,0,1,1,1,0,1,1,0,1,0,0,0,0,1,0,0,1,1,0,1,0,1,0,0,0,paris_cif.y4m,2.96,2.878,0.136638,0.005483,0.0,152
1,1,0,1,0,0,0,0,0,0,0,0,1,0,1,1,0,0,1,1,0,1,0,0,0,0,0,1,0,1,1,0,1,0,0,0,1,0,paris_cif.y4m,401.59,401.374,0.646591,0.007908,0.0,12
1,1,0,0,0,0,1,0,0,0,0,0,1,0,1,1,0,1,1,1,0,1,0,0,0,0,0,1,0,1,1,0,0,0,0,0,0,0,paris_cif.y4m,2.93,2.846,0.142934,0.005483,0.0,369
1,1,0,0,0,0,0,0,0,0,0,1,1,1,0,1,1,0,1,0,1,1,0,0,0,0,0,1,0,1,0,1,1,0,0,0,0,1,paris_cif.y4m,66.85,66.918,0.168285,0.007562,0.0,58
1,1,0,0,0,0,0,0,1,0,0,0,1,1,0,1,1,0,1,1,0,1,1,0,0,0,0,0,0,1,1,0,0,0,0,0,0,0,paris_cif.y4m,57.61,57.532,0.192146,0.007566,0.0,64
1,1,0,0,0,0,0,0,1,0,0,0,1,1,0,1,1,0,1,1,0,1,0,0,1,0,0,0,0,1,1,0,1,1,0,0,0,0,paris_cif.y4m,42.31,42.344,0.060663,0.006035,0.0,21
1,1,0,0,0,1,0,0,0,0,0,0,1,0,1,1,1,1,1,0,1,1,0,0,1,0,0,0,0,1,1,0,1,0,0,0,0,1,paris_cif.y4m,202.66,202.526,0.360319,0.005828,0.0,225
1,1,0,0,0,0,1,0,0,0,0,0,1,0,1,1,1,0,1,1,0,1,0,0,0,0,0,1,0,1,1,0,1,0,0,0,1,0,paris_cif.y4m,325.72,327.86,3.898878,0.006233,0.0,366
1,1,0,0,0,0,0,1,0,0,0,0,1,0,1,1,1,1,1,0,1,1,0,0,1,0,0,0,0,1,0,1,1,0,0,0,0,1,sign_irene_cif.y4m,6.39,6.386,0.023022,0.005307,0.0,114
1,1,0,0,1,0,0,0,0,0,0,0,1,1,0,1,1,1,1,0,1,1,0,0,1,0,0,0,0,1,1,0,1,0,1,0,0,0,sign_irene_cif.y4m,4.94,4.944,0.020736,0.004985,0.0,281
1,1,0,0,0,1,0,0,0,0,0,0,1,0,1,1,1,0,1,1,0,1,0,0,0,0,0,0,1,1,1,0,1,0,0,1,0,0,sign_irene_cif.y4m,8.56,8.582,0.061806,0.005133,0.0,325
1,1,1,0,0,0,0,0,0,0,0,0,1,1,0,1,1,0,1,1,0,1,0,0,0,0,1,0,0,1,1,0,1,1,0,0,0,0,sign_irene_cif.y4m,7.1,7.074,0.050299,0.005008,0.0,181
1,1,0,0,0,0,0,0,1,0,0,0,1,1,0,1,1,0,1,0,1,1,0,0,1,0,0,0,0,1,1,0,1,0,0,0,0,1,sign_irene_cif.y4m,208.0,208.22,1.299788,0.005809,0.0,247
1,1,0,0,0,0,0,0,0,0,1,0,1,1,0,1,1,0,1,1,0,1,0,0,0,0,1,0,0,1,1,0,1,0,0,0,0,1,sign_irene_cif.y4m,314.51,314.472,0.180194,0.007324,0.0,166
1,1,0,0,0,0,0,0,1,0,0,0,1,1,0,1,1,0,1,0,1,1,0,0,1,0,0,0,0,1,1,0,1,0,0,0,1,0,sign_irene_cif.y4m,8.19,8.176,0.111714,0.00443,0.0,25
1,1,0,0,0,0,0,1,0,0,0,0,1,0,1,1,0,0,1,1,0,1,0,1,0,0,0,0,0,1,0,1,0,0,0,0,0,0,sign_irene_cif.y4m,15.88,15.986,0.266889,0.007303,0.0,355
1,1,0,0,1,0,0,0,0,0,0,0,1,1,0,1,0,0,1,1,0,1,1,0,0,0,0,0,0,1,1,0,1,0,0,0,0,1,sign_irene_cif.y4m,2.29,2.276,0.019494,0.004235,0.0,219
1,1,0,0,0,1,0,0,0,0,0,0,1,1,0,1,1,0,1,1,0,1,0,0,0,0,1,0,0,1,1,0,1,1,0,0,0,0,sign_irene_cif.y4m,15.95,15.996,0.187697,0.007303,0.0,182
1,1,0,1,0,0,0,0,0,0,0,0,1,0,1,1,0,1,1,1,0,1,0,0,0,0,0,1,0,1,1,0,1,1,0,0,0,0,sign_irene_cif.y4m,5.42,5.424,0.016733,0.005102,0.0,10
1,1,0,0,1,0,0,0,0,0,0,0,1,1,0,1,1,0,1,0,1,1,0,0,1,0,0,0,0,1,0,1,1,0,0,0,0,1,sign_irene_cif.y4m,126.05,126.066,0.110815,0.004704,0.0,116
1,1,0,0,0,1,0,0,0,0,0,0,1,1,0,1,1,1,1,0,1,1,0,0,0,0,0,1,0,1,0,1,1,1,0,0,0,0,sign_irene_cif.y4m,10.48,10.472,0.027749,0.005134,0.0,266
1,1,0,0,0,0,0,0,1,0,0,0,1,1,0,1,0,0,1,0,1,1,0,0,1,0,0,0,0,1,1,0,1,0,0,1,0,0,sign_irene_cif.y4m,48.85,48.7,0.455247,0.008244,0.0,313
1,1,0,0,0,0,0,1,0,0,0,0,1,0,1,1,0,0,1,1,0,1,0,0,0,0,0,0,1,1,0,1,0,0,0,0,0,0,sign_irene_cif.y4m,10.95,10.964,0.051284,0.007457,0.0,357
1,1,0,0,0,1,0,0,0,0,0,0,1,0,1,1,0,1,1,0,1,1,1,0,0,0,0,0,0,1,1,0,1,1,0,0,0,0,sign_irene_cif.y4m,3.24,3.244,0.011402,0.007606,0.0,187
1,1,0,0,0,0,0,0,1,0,0,0,1,1,0,1,1,1,1,0,1,1,0,0,1,0,0,0,0,1,1,0,1,1,0,0,0,0,sign_irene_cif.y4m,666.69,666.73,0.090277,0.007269,0.0,23
1,1,0,0,1,0,0,0,0,0,0,0,1,1,0,1,1,0,1,1,0,1,0,1,0,0,0,0,0,1,0,1,0,0,0,0,0,0,sign_irene_cif.y4m,63.38,63.336,0.142408,0.005238,0.0,2
1,1,0,0,0,0,0,0,0,0,0,1,1,1,0,1,1,0,1,0,1,1,0,0,0,0,0,1,0,1,1,0,1,1,0,0,0,0,sign_irene_cif.y4m,301.66,301.272,0.787604,0.006112,0.0,301
1,1,0,0,0,0,0,1,0,0,0,0,1,0,1,1,0,1,1,1,0,1,0,1,0,0,0,0,0,1,0,1,0,0,0,0,0,0,sign_irene_cif.y4m,252.64,252.298,1.546664,0.008125,0.0,356
1,1,0,0,0,0,0,0,0,0,1,0,1,1,0,1,0,1,1,0,1,1,0,0,0,0,0,1,0,1,0,1,1,1,0,0,0,0,sign_irene_cif.y4m,13.26,13.26,0.018708,0.007027,0.0,269
1,1,0,0,0,0,0,0,0,0,1,0,1,0,1,1,0,1,1,1,0,1,0,0,1,0,0,0,0,1,0,1,1,0,0,0,1,0,sign_irene_cif.y4m,9.21,9.2,0.03937,0.007537,0.0,274
1,1,0,0,0,0,0,0,0,0,1,0,1,0,1,1,0,1,1,1,0,1,0,0,0,1,0,0,0,1,1,0,1,1,0,0,0,0,sign_irene_cif.y4m,10.04,10.074,0.096073,0.007311,0.0,307
1,1,0,0,1,0,0,0,0,0,0,0,1,0,1,1,0,1,1,1,0,1,0,0,1,0,0,0,0,1,0,1,1,1,0,0,0,0,sign_irene_cif.y4m,40.23,40.234,0.111041,0.004802,0.0,254
1,1,0,0,0,0,0,0,0,0,1,0,1,0,1,1,0,1,1,0,1,1,0,1,0,0,0,0,0,1,0,1,0,0,0,0,0,0,sign_irene_cif.y4m,2.23,2.224,0.008944,0.004336,0.0,208
1,1,0,0,1,0,0,0,0,0,0,0,1,1,0,1,1,1,1,1,0,1,0,0,1,0,0,0,0,1,0,1,1,0,1,0,0,0,sign_irene_cif.y4m,3.19,3.192,0.017889,0.008262,0.0,279
1,1,0,0,0,0,0,1,0,0,0,0,1,1,0,1,1,1,1,1,0,1,0,1,0,0,0,0,0,1,0,1,1,0,0,0,1,0,sign_irene_cif.y4m,9.87,9.896,0.061074,0.005743,0.0,171
1,1,0,0,0,0,0,0,0,1,0,0,1,1,0,1,0,1,1,0,1,1,0,0,0,0,0,1,0,1,0,1,1,0,0,0,1,0,sign_irene_cif.y4m,48.34,48.302,0.150897,0.008244,0.0,99
1,1,1,0,0,0,0,0,0,0,0,0,1,0,1,1,1,1,1,1,0,1,0,1,0,0,0,0,0,1,1,0,1,0,1,0,0,0,sign_irene_cif.y4m,10.45,10.464,0.027928,0.005667,0.0,81
1,1,0,0,0,0,0,0,0,0,1,0,1,0,1,1,1,1,1,0,1,1,0,0,1,0,0,0,0,1,1,0,1,0,1,0,0,0,sign_irene_cif.y4m,3.91,3.91,0.02,0.005233,0.0,155
1,1,0,0,0,1,0,0,0,0,0,0,1,1,0,1,0,1,1,1,0,1,1,0,0,0,0,0,0,1,1,0,1,1,0,0,0,0,sign_irene_cif.y4m,6.92,6.926,0.038471,0.007311,0.0,185
1,1,0,0,1,0,0,0,0,0,0,0,1,1,0,1,0,0,1,0,1,1,0,0,0,0,0,1,0,1,0,1,0,0,0,0,0,0,sign_irene_cif.y4m,4.78,4.77,0.022361,0.004734,0.0,376
1,1,0,0,0,0,0,0,1,0,0,0,1,1,0,1,0,1,1,0,1,1,0,1,0,0,0,0,0,1,1,0,0,0,0,0,0,0,sign_irene_cif.y4m,1.74,1.74,0.007071,0.004744,0.0,204
1,1,0,0,0,0,0,0,1,0,0,0,1,1,0,1,1,0,1,0,1,1,0,0,0,0,1,0,0,1,1,0,1,0,0,0,0,1,sign_irene_cif.y4m,181.13,180.79,1.151195,0.005229,0.0,246
1,1,0,0,0,0,0,1,0,0,0,0,1,1,0,1,1,1,1,0,1,1,0,0,1,0,0,0,0,1,0,1,0,0,0,0,0,0,sign_irene_cif.y4m,136.52,136.536,0.566154,0.005862,0.0,230
1,1,0,0,0,0,0,0,1,0,0,0,1,0,1,1,1,0,1,0,1,1,0,0,0,0,0,1,0,1,1,0,1,0,0,0,1,0,sign_irene_cif.y4m,149.93,149.998,0.356749,0.008762,0.0,27
1,1,0,1,0,0,0,0,0,0,0,0,1,1,0,1,1,1,1,0,1,1,1,0,0,0,0,0,0,1,1,0,0,0,0,0,0,0,sign_irene_cif.y4m,7.18,7.204,0.066558,0.005019,0.0,137
1,1,0,0,0,0,0,0,0,0,1,0,1,1,0,1,1,1,1,1,0,1,0,0,0,0,1,0,0,1,0,1,1,0,0,0,1,0,sign_irene_cif.y4m,7.55,7.55,0.071764,0.007276,0.0,169
1,1,0,0,0,0,0,0,0,0,1,0,1,0,1,1,0,1,1,0,1,1,1,0,0,0,0,0,0,1,0,1,1,0,0,0,0,1,sign_irene_cif.y4m,242.62,242.584,0.830139,0.005921,0.0,33
1,1,0,0,0,0,0,0,1,0,0,0,1,0,1,1,0,1,1,0,1,1,0,1,0,0,0,0,0,1,1,0,0,0,0,0,0,0,sign_irene_cif.y4m,41.74,41.696,0.112383,0.008618,0.0,205
1,1,0,0,0,0,0,0,0,0,1,0,1,1,0,1,1,0,1,0,1,1,0,0,0,0,1,0,0,1,1,0,1,0,0,0,0,1,sign_irene_cif.y4m,7.73,7.728,0.068337,0.005305,0.0,245
1,1,1,0,0,0,0,0,0,0,0,0,1,1,0,1,0,0,1,1,0,1,0,0,1,0,0,0,0,1,1,0,1,0,0,0,0,1,sign_irene_cif.y4m,6.91,6.86,0.074498,0.004462,0.0,163
1,1,0,0,1,0,0,0,0,0,0,0,1,1,0,1,1,0,1,1,0,1,1,0,0,0,0,0,0,1,0,1,1,1,0,0,0,0,sign_irene_cif.y4m,4.73,4.726,0.021909,0.004734,0.0,4
1,1,0,0,1,0,0,0,0,0,0,0,1,1,0,1,0,0,1,0,1,1,1,0,0,0,0,0,0,1,1,0,1,0,0,0,1,0,sign_irene_cif.y4m,3.91,3.898,0.047645,0.008262,0.0,141
1,1,1,0,0,0,0,0,0,0,0,0,1,1,0,1,1,1,1,0,1,1,0,0,1,0,0,0,0,1,1,0,1,1,0,0,0,0,sign_irene_cif.y4m,283.49,283.586,0.47411,0.005331,0.0,159
1,1,0,0,0,0,0,0,1,0,0,0,1,1,0,1,0,1,1,0,1,1,0,0,1,0,0,0,0,1,0,1,1,0,0,0,0,1,sign_irene_cif.y4m,14.68,14.668,0.107331,0.007348,0.0,336
1,1,0,0,0,1,0,0,0,0,0,0,1,1,0,1,0,0,1,0,1,1,0,0,0,0,0,0,1,1,1,0,1,0,0,0,1,0,sign_irene_cif.y4m,63.79,64.168,0.981769,0.00572,0.0,72
1,1,0,0,0,0,0,0,1,0,0,0,1,1,0,1,1,0,1,1,0,1,0,0,1,0,0,0,0,1,1,0,1,0,0,0,0,1,sign_irene_cif.y4m,7.4,7.41,0.014142,0.005404,0.0,248
1,1,0,1,0,0,0,0,0,0,0,0,1,0,1,1,1,1,1,1,0,1,0,0,0,0,0,1,0,1,0,1,1,0,0,0,0,1,sign_irene_cif.y4m,210.78,210.18,6.231842,0.005101,0.0,130
1,1,0,0,0,1,0,0,0,0,0,0,1,0,1,1,1,1,1,1,0,1,0,0,0,0,0,0,1,1,1,0,0,0,0,0,0,0,sign_irene_cif.y4m,336.45,336.424,0.201693,0.007279,0.0,324
1,1,1,0,0,0,0,0,0,0,0,0,1,0,1,1,0,1,1,1,0,1,0,1,0,0,0,0,0,1,0,1,0,0,0,0,0,0,sign_irene_cif.y4m,216.02,216.032,0.386096,0.008679,0.0,354
1,1,0,0,0,0,0,0,0,0,1,0,1,0,1,1,0,0,1,1,0,1,0,0,0,1,0,0,0,1,0,1,0,0,0,0,0,0,sign_irene_cif.y4m,157.19,157.044,0.868608,0.004627,0.0,291
1,1,0,0,0,0,0,0,0,0,1,0,1,1,0,1,0,0,1,1,0,1,0,1,0,0,0,0,0,1,1,0,1,0,1,0,0,0,sign_irene_cif.y4m,3.09,3.098,0.05933,0.004507,0.0,237
1,1,0,0,0,1,0,0,0,0,0,0,1,1,0,1,1,0,1,1,0,1,1,0,0,0,0,0,0,1,1,0,1,1,0,0,0,0,sign_irene_cif.y4m,5.45,5.444,0.027019,0.005073,0.0,183
1,1,0,0,0,1,0,0,0,0,0,0,1,0,1,1,1,1,1,0,1,1,0,0,1,0,0,0,0,1,0,1,0,0,0,0,0,0,sign_irene_cif.y4m,3.62,3.61,0.036056,0.004765,0.0,227
1,1,0,0,0,0,0,0,1,0,0,0,1,1,0,1,0,1,1,0,1,1,0,0,0,0,0,1,0,1,0,1,0,0,0,0,0,0,sign_irene_cif.y4m,8.85,8.864,0.075366,0.005258,0.0,338
1,1,0,0,1,0,0,0,0,0,0,0,1,0,1,1,0,0,1,0,1,1,1,0,0,0,0,0,0,1,1,0,1,0,0,0,1,0,sign_irene_cif.y4m,32.51,32.494,0.04219,0.005738,0.0,142
1,1,0,0,1,0,0,0,0,0,0,0,1,1,0,1,1,1,1,0,1,1,0,0,1,0,0,0,0,1,1,0,1,0,0,0,0,1,sign_irene_cif.y4m,21.52,21.522,0.030332,0.00719,0.0,332
1,1,0,0,0,0,0,0,0,1,0,0,1,0,1,1,0,0,1,1,0,1,0,0,0,0,1,0,0,1,0,1,1,0,0,0,1,0,sign_irene_cif.y4m,273.56,273.348,0.957115,0.004744,0.0,95
1,1,0,0,1,0,0,0,0,0,0,0,1,0,1,1,0,0,1,0,1,1,0,0,0,1,0,0,0,1,0,1,0,0,0,0,0,0,sign_irene_cif.y4m,14.53,14.53,0.021213,0.007305,0.0,289
1,1,0,0,1,0,0,0,0,0,0,0,1,1,0,1,0,0,1,0,1,1,0,0,0,0,0,1,0,1,0,1,1,0,0,1,0,0,sign_irene_cif.y4m,2.71,2.702,0.021679,0.004507,0.0,378
1,1,0,0,1,0,0,0,0,0,0,0,1,1,0,1,1,1,1,1,0,1,0,0,1,0,0,0,0,1,0,1,1,0,0,0,1,0,sign_irene_cif.y4m,67.5,67.544,0.080808,0.005725,0.0,278
1,1,0,0,0,0,0,0,0,0,1,0,1,0,1,1,1,0,1,0,1,1,1,0,0,0,0,0,0,1,0,1,1,0,0,0,1,0,sign_irene_cif.y4m,11.34,11.332,0.025884,0.007193,0.0,30
1,1,0,0,1,0,0,0,0,0,0,0,1,1,0,1,0,0,1,0,1,1,0,1,0,0,0,0,0,1,0,1,1,0,0,0,0,1,sign_irene_cif.y4m,2.8,2.8,0.007071,0.005045,0.0,120
1,1,0,0,0,1,0,0,0,0,0,0,1,1,0,1,1,1,1,0,1,1,0,0,0,0,0,1,0,1,0,1,0,0,0,0,0,0,sign_irene_cif.y4m,4.15,4.154,0.030496,0.0048,0.0,265
1,1,0,0,0,0,0,0,0,0,1,0,1,1,0,1,1,0,1,1,0,1,0,0,0,0,0,1,0,1,0,1,0,0,0,0,0,0,sign_irene_cif.y4m,7.82,7.852,0.051672,0.004562,0.0,296
1,1,0,0,0,0,0,1,0,0,0,0,1,1,0,1,1,1,1,1,0,1,0,1,0,0,0,0,0,1,0,1,0,0,0,0,0,0,sign_irene_cif.y4m,13.57,13.45,0.177059,0.005182,0.0,232
1,1,0,0,0,0,0,0,0,0,1,0,1,0,1,1,0,0,1,1,0,1,0,0,1,0,0,0,0,1,1,0,1,0,0,1,0,0,sign_irene_cif.y4m,10.22,10.186,0.065422,0.007143,0.0,310
1,1,0,0,0,0,0,1,0,0,0,0,1,0,1,1,1,1,1,0,1,1,0,0,0,0,0,1,0,1,0,1,1,0,0,1,0,0,sign_irene_cif.y4m,215.4,215.38,0.28557,0.007232,0.0,349
1,1,0,0,1,0,0,0,0,0,0,0,1,1,0,1,0,1,1,0,1,1,0,0,0,0,0,1,0,1,0,1,0,0,0,0,0,0,sign_irene_cif.y4m,8.57,8.568,0.049193,0.007212,0.0,377
1,1,0,0,0,0,0,0,0,1,0,0,1,0,1,1,1,1,1,1,0,1,0,0,0,0,1,0,0,1,0,1,1,0,0,0,1,0,sign_irene_cif.y4m,288.07,287.926,0.50949,0.00605,0.0,94
1,1,1,0,0,0,0,0,0,0,0,0,1,1,0,1,1,0,1,0,1,1,1,0,0,0,0,0,0,1,0,1,1,1,0,0,0,0,sign_irene_cif.y4m,10.03,10.044,0.055946,0.007311,0.0,178
1,1,0,0,0,0,0,0,0,0,1,0,1,0,1,1,0,0,1,1,0,1,0,0,0,0,0,1,0,1,0,1,1,0,0,0,0,1,sign_irene_cif.y4m,9.72,9.72,0.02,0.007111,0.0,127
1,1,0,0,0,0,0,1,0,0,0,0,1,0,1,1,1,0,1,0,1,1,0,0,0,1,0,0,0,1,0,1,1,0,0,0,1,0,sign_irene_cif.y4m,2.92,2.922,0.013038,0.004133,0.0,111
1,1,1,0,0,0,0,0,0,0,0,0,1,0,1,1,0,1,1,1,0,1,0,1,0,0,0,0,0,1,0,1,1,0,0,1,0,0,sign_irene_cif.y4m,7.59,7.606,0.050299,0.006671,0.0,353
1,1,0,0,0,0,1,0,0,0,0,0,1,0,1,1,1,1,1,1,0,1,0,1,0,0,0,0,0,1,1,0,1,0,0,0,1,0,sign_irene_cif.y4m,7.62,7.616,0.035777,0.005102,0.0,45
1,1,0,0,0,1,0,0,0,0,0,0,1,0,1,1,1,1,1,0,1,1,0,0,1,0,0,0,0,1,1,0,0,0,0,0,0,0,sign_irene_cif.y4m,2.43,2.428,0.013038,0.004539,0.0,226
1,1,0,0,0,0,0,0,0,0,0,1,1,1,0,1,1,0,1,0,1,1,0,0,0,0,0,1,0,1,1,0,1,0,0,0,0,1,sign_irene_cif.y4m,8.33,8.382,0.118195,0.00495,0.0,59
1,1,0,0,0,0,0,0,1,0,0,0,1,1,0,1,1,1,1,1,0,1,1,0,0,0,0,0,0,1,0,1,1,1,0,0,0,0,sign_irene_cif.y4m,67.72,67.666,0.140464,0.005238,0.0,19
1,1,0,0,0,0,0,0,0,0,0,1,1,1,0,1,0,1,1,0,1,1,0,0,0,1,0,0,0,1,1,0,1,1,0,0,0,0,sign_irene_cif.y4m,41.21,41.146,0.16562,0.005834,0.0,304
1,1,0,0,0,0,0,0,1,0,0,0,1,0,1,1,0,1,1,0,1,1,0,1,0,0,0,0,0,1,0,1,0,0,0,0,0,0,sign_irene_cif.y4m,7.32,7.31,0.033912,0.005404,0.0,207
1,1,0,0,0,0,1,0,0,0,0,0,1,1,0,1,1,1,1,1,0,1,0,1,0,0,0,0,0,1,1,0,0,0,0,0,0,0,sign_irene_cif.y4m,327.45,327.932,12.51321,0.005145,0.0,43
1,1,0,0,0,0,1,0,0,0,0,0,1,1,0,1,1,0,1,1,0,1,1,0,0,0,0,0,0,1,1,0,1,0,0,0,0,1,sign_irene_cif.y4m,4.19,4.184,0.020736,0.004323,0.0,40
1,1,0,0,0,1,0,0,0,0,0,0,1,0,1,1,0,1,1,1,0,1,1,0,0,0,0,0,0,1,1,0,1,1,0,0,0,0,sign_irene_cif.y4m,273.25,273.15,0.240104,0.007169,0.0,186
1,1,0,0,1,0,0,0,0,0,0,0,1,0,1,1,0,0,1,0,1,1,0,0,0,1,0,0,0,1,0,1,1,0,0,0,0,1,sign_irene_cif.y4m,4.25,4.222,0.071554,0.004987,0.0,288
1,1,1,0,0,0,0,0,0,0,0,0,1,1,0,1,1,0,1,1,0,1,0,1,0,0,0,0,0,1,1,0,1,0,1,0,0,0,sign_irene_cif.y4m,6.98,6.99,0.04062,0.005008,0.0,82
1,1,0,0,0,0,0,0,0,0,1,0,1,0,1,1,1,1,1,0,1,1,0,0,0,1,0,0,0,1,0,1,0,0,0,0,0,0,sign_irene_cif.y4m,6.13,6.112,0.034205,0.005234,0.0,211
1,1,0,0,1,0,0,0,0,0,0,0,1,0,1,1,1,1,1,0,1,1,0,0,0,0,0,1,0,1,1,0,1,0,0,1,0,0,sign_irene_cif.y4m,171.6,171.59,0.329621,0.005229,0.0,347
1,1,0,1,0,0,0,0,0,0,0,0,1,0,1,1,0,0,1,1,0,1,1,0,0,0,0,0,0,1,1,0,1,0,0,0,1,0,sign_irene_cif.y4m,13.11,13.172,0.133492,0.004646,0.0,13
1,1,0,0,0,0,0,1,0,0,0,0,1,0,1,1,1,1,1,0,1,1,0,0,1,0,0,0,0,1,0,1,0,0,0,0,0,0,sign_irene_cif.y4m,541.97,542.032,0.220952,0.004696,0.0,228
1,1,0,0,0,0,0,0,0,1,0,0,1,1,0,1,0,1,1,0,1,1,0,0,1,0,0,0,0,1,0,1,1,0,0,0,0,1,sign_irene_cif.y4m,9.9,9.876,0.039115,0.005743,0.0,335
1,1,0,0,0,0,0,0,1,0,0,0,1,1,0,1,1,0,1,0,1,1,0,0,1,0,0,0,0,1,1,0,1,1,0,0,0,0,sign_irene_cif.y4m,38.11,38.132,0.119666,0.007109,0.0,24
1,1,1,0,0,0,0,0,0,0,0,0,1,0,1,1,0,1,1,0,1,1,0,1,0,0,0,0,0,1,0,1,1,0,0,1,0,0,sign_irene_cif.y4m,419.33,418.976,0.591507,0.008613,0.0,352
1,1,0,0,0,0,1,0,0,0,0,0,1,0,1,1,0,0,1,1,0,1,0,0,0,0,0,1,0,1,1,0,0,0,0,0,0,0,sign_irene_cif.y4m,6.52,6.504,0.027019,0.005239,0.0,368
1,1,1,0,0,0,0,0,0,0,0,0,1,0,1,1,1,1,1,1,0,1,0,1,0,0,0,0,0,1,1,0,0,0,0,0,0,0,sign_irene_cif.y4m,2.58,2.578,0.013038,0.004989,0.0,80
1,1,0,0,1,0,0,0,0,0,0,0,1,1,0,1,0,0,1,0,1,1,0,1,0,0,0,0,0,1,0,1,0,0,0,0,0,0,sign_irene_cif.y4m,41.83,41.916,0.260538,0.005315,0.0,121
1,1,0,0,0,0,0,0,0,0,1,0,1,0,1,1,1,1,1,0,1,1,0,0,1,0,0,0,0,1,1,0,1,1,0,0,0,0,sign_irene_cif.y4m,5.62,5.612,0.010954,0.005019,0.0,156
1,1,0,1,0,0,0,0,0,0,0,0,1,0,1,1,1,1,1,1,0,1,0,0,0,0,0,1,0,1,1,0,1,1,0,0,0,0,sign_irene_cif.y4m,1.74,1.74,0.015811,0.004228,0.0,9
1,1,0,0,0,0,0,0,0,0,1,0,1,1,0,1,0,0,1,1,0,1,0,0,0,0,1,0,0,1,1,0,1,0,0,0,0,1,sign_irene_cif.y4m,7.17,7.14,0.075166,0.005305,0.0,165
1,1,0,0,0,0,0,0,0,0,1,0,1,0,1,1,0,0,1,1,0,1,0,1,0,0,0,0,0,1,0,1,1,0,0,0,0,1,sign_irene_cif.y4m,7.27,7.274,0.020736,0.005272,0.0,126
1,1,0,0,1,0,0,0,0,0,0,0,1,1,0,1,1,1,1,0,1,1,0,0,1,0,0,0,0,1,0,1,1,0,1,0,0,0,sign_irene_cif.y4m,2.59,2.592,0.013038,0.004989,0.0,280
1,1,0,0,0,0,0,1,0,0,0,0,1,0,1,1,1,1,1,1,0,1,0,1,0,0,0,0,0,1,0,1,1,0,0,0,1,0,sign_irene_cif.y4m,2.22,2.188,0.066858,0.0082,0.0,172
1,1,0,0,0,0,0,0,0,0,1,0,1,0,1,1,0,1,1,1,0,1,0,0,0,1,0,0,0,1,0,1,0,0,0,0,0,0,sign_irene_cif.y4m,11.7,11.688,0.057184,0.007242,0.0,292
1,1,0,0,0,0,0,0,0,0,1,0,1,1,0,1,1,1,1,0,1,1,0,0,0,0,0,1,0,1,1,0,0,0,0,0,0,0,sign_irene_cif.y4m,27.49,27.428,0.122352,0.004822,0.0,105
1,1,0,0,0,1,0,0,0,0,0,0,1,0,1,1,1,1,1,0,1,1,0,0,0,0,0,0,1,1,1,0,1,0,1,0,0,0,sign_irene_cif.y4m,18.79,18.796,0.02881,0.007209,0.0,76
1,1,0,0,0,1,0,0,0,0,0,0,1,0,1,1,0,0,1,1,0,1,1,0,0,0,0,0,0,1,1,0,1,0,0,0,0,1,sign_irene_cif.y4m,169.78,169.822,0.445836,0.004673,0.0,221
1,1,0,0,0,0,0,0,0,0,1,0,1,1,0,1,1,0,1,1,0,1,0,0,0,0,1,0,0,1,0,1,1,0,0,0,0,1,sign_irene_cif.y4m,54.65,54.652,0.038987,0.007008,0.0,167
1,1,0,0,0,0,0,0,0,0,1,0,1,0,1,1,0,1,1,0,1,1,1,0,0,0,0,0,0,1,1,0,1,0,0,0,0,1,sign_irene_cif.y4m,395.48,395.498,0.321668,0.006278,0.0,35
1,1,0,0,1,0,0,0,0,0,0,0,1,1,0,1,0,0,1,1,0,1,0,1,0,0,0,0,0,1,0,1,1,0,1,0,0,0,sign_irene_cif.y4m,5.91,5.922,0.031145,0.005094,0.0,235
1,1,0,0,0,0,0,0,0,1,0,0,1,1,0,1,1,1,1,0,1,1,0,0,1,0,0,0,0,1,0,1,1,0,0,0,0,1,sign_irene_cif.y4m,13.97,13.992,0.044944,0.007305,0.0,333
1,1,0,0,0,0,1,0,0,0,0,0,1,0,1,1,1,1,1,1,0,1,0,1,0,0,0,0,0,1,1,0,0,0,0,0,0,0,sign_irene_cif.y4m,192.78,192.86,0.434741,0.004691,0.0,44
1,1,0,0,1,0,0,0,0,0,0,0,1,0,1,1,0,1,1,1,0,1,0,1,0,0,0,0,0,1,0,1,1,1,0,0,0,0,sign_irene_cif.y4m,307.73,307.78,0.359305,0.005974,0.0,256
1,1,0,0,0,0,0,1,0,0,0,0,1,0,1,1,1,0,1,0,1,1,0,1,0,0,0,0,0,1,0,1,1,0,0,0,0,1,sign_irene_cif.y4m,900.21,900.01,1.352368,0.007524,0.0,192
1,1,0,0,0,0,1,0,0,0,0,0,1,1,0,1,1,1,1,1,0,1,1,0,0,0,0,0,0,1,1,0,1,0,0,0,0,1,sign_irene_cif.y4m,26.02,26.006,0.043932,0.005843,0.0,41
1,1,0,0,0,0,0,0,0,0,1,0,1,0,1,1,0,1,1,1,0,1,0,0,0,0,0,1,0,1,0,1,1,0,0,0,1,0,sign_irene_cif.y4m,216.29,215.938,0.805214,0.00819,0.0,273
1,1,0,0,0,0,0,0,0,0,1,0,1,1,0,1,0,1,1,0,1,1,0,0,0,0,0,1,0,1,0,1,0,0,0,0,0,0,sign_irene_cif.y4m,138.75,138.636,0.465704,0.008191,0.0,101
1,1,0,0,0,0,0,0,0,0,1,0,1,0,1,1,1,1,1,0,1,1,0,0,0,0,1,0,0,1,1,0,1,0,1,0,0,0,sign_irene_cif.y4m,120.83,120.768,0.19383,0.004704,0.0,242
1,1,0,0,0,0,0,0,0,0,1,0,1,1,0,1,0,1,1,0,1,1,0,0,0,0,0,1,0,1,1,0,0,0,0,0,0,0,sign_irene_cif.y4m,9.52,9.528,0.032711,0.007537,0.0,103
1,1,1,0,0,0,0,0,0,0,0,0,1,1,0,1,1,0,1,1,0,1,0,1,0,0,0,0,0,1,0,1,0,0,0,0,0,0,sign_irene_cif.y4m,219.12,219.15,0.21436,0.006065,0.0,1
1,1,0,0,0,0,0,1,0,0,0,0,1,1,0,1,0,0,1,0,1,1,0,0,0,0,0,1,0,1,0,1,1,0,0,0,0,1,sign_irene_cif.y4m,7.64,7.664,0.057706,0.006671,0.0,56
1,1,0,0,1,0,0,0,0,0,0,0,1,0,1,1,0,0,1,0,1,1,0,0,0,0,0,0,1,1,0,1,0,0,0,0,0,0,sign_irene_cif.y4m,26.99,27.028,0.071903,0.004822,0.0,373
1,1,0,0,0,0,0,0,1,0,0,0,1,1,0,1,1,1,1,0,1,1,0,1,0,0,0,0,0,1,0,1,1,0,1,0,0,0,sign_irene_cif.y4m,271.77,271.386,1.724422,0.004613,0.0,318
1,1,0,0,0,1,0,0,0,0,0,0,1,1,0,1,0,0,1,1,0,1,0,0,0,0,1,0,0,1,1,0,0,0,0,0,0,0,sign_irene_cif.y4m,374.78,374.544,1.113072,0.005391,0.0,69
1,1,0,1,0,0,0,0,0,0,0,0,1,0,1,1,0,0,1,1,0,1,0,0,0,0,0,1,0,1,1,0,1,1,0,0,0,0,sign_irene_cif.y4m,7.69,7.69,0.056125,0.007192,0.0,11
1,1,0,0,1,0,0,0,0,0,0,0,1,0,1,1,0,0,1,1,0,1,0,1,0,0,0,0,0,1,0,1,1,0,0,1,0,0,sign_irene_cif.y4m,6.26,6.268,0.043818,0.004967,0.0,258
1,1,0,0,0,0,0,0,0,0,1,0,1,0,1,1,0,0,1,1,0,1,0,1,0,0,0,0,0,1,1,0,1,0,1,0,0,0,sign_irene_cif.y4m,625.52,625.668,0.473255,0.007591,0.0,238
1,1,0,0,0,0,0,1,0,0,0,0,1,0,1,1,1,0,1,1,0,1,1,0,0,0,0,0,0,1,0,1,1,0,0,0,1,0,sign_irene_cif.y4m,494.65,495.666,3.736326,0.00528,0.0,173
1,1,0,0,0,0,0,1,0,0,0,0,1,0,1,1,0,1,1,0,1,1,0,1,0,0,0,0,0,1,0,1,1,1,0,0,0,0,sign_irene_cif.y4m,459.96,460.102,0.979474,0.005965,0.0,190
1,1,0,1,0,0,0,0,0,0,0,0,1,0,1,1,1,0,1,1,0,1,0,0,0,0,0,1,0,1,0,1,1,1,0,0,0,0,sign_irene_cif.y4m,124.07,124.006,0.342096,0.005906,0.0,7
1,1,0,0,0,1,0,0,0,0,0,0,1,0,1,1,1,1,1,0,1,1,0,0,0,0,0,0,1,1,1,0,0,0,0,0,0,0,sign_irene_cif.y4m,2.94,2.95,0.036056,0.004336,0.0,323
1,1,0,0,0,1,0,0,0,0,0,0,1,0,1,1,0,0,1,0,1,1,0,0,0,0,0,0,1,1,1,0,1,0,0,0,1,0,sign_irene_cif.y4m,328.79,332.022,4.960763,0.005922,0.0,73
1,1,0,0,0,0,0,0,0,0,1,0,1,0,1,1,1,0,1,0,1,1,0,1,0,0,0,0,0,1,0,1,0,0,0,0,0,0,sign_irene_cif.y4m,289.51,290.412,3.297009,0.005145,0.0,209
1,1,0,1,0,0,0,0,0,0,0,0,1,1,0,1,1,0,1,0,1,1,1,0,0,0,0,0,0,1,1,0,0,0,0,0,0,0,sign_irene_cif.y4m,6.13,6.13,0.0,0.005405,0.0,138
1,1,0,0,0,1,0,0,0,0,0,0,1,1,0,1,1,1,1,1,0,1,0,0,0,0,0,1,0,1,0,1,0,0,0,0,0,0,sign_irene_cif.y4m,143.38,143.226,0.249459,0.007172,0.0,264
1,1,0,0,0,0,0,0,0,1,0,0,1,0,1,1,0,1,1,0,1,1,0,0,0,0,0,1,0,1,0,1,1,0,0,0,1,0,sign_irene_cif.y4m,401.41,401.432,0.605615,0.005391,0.0,98
1,1,0,0,0,0,0,0,0,0,1,0,1,1,0,1,0,0,1,0,1,1,0,0,0,0,0,1,0,1,1,0,1,0,0,1,0,0,sign_irene_cif.y4m,5.83,5.82,0.02,0.005373,0.0,380
1,1,0,0,1,0,0,0,0,0,0,0,1,1,0,1,1,1,1,1,0,1,0,1,0,0,0,0,0,1,1,0,1,0,1,0,0,0,sign_irene_cif.y4m,316.33,316.298,2.047332,0.008101,0.0,85
1,1,0,0,0,0,0,0,0,0,1,0,1,0,1,1,0,0,1,0,1,1,1,0,0,0,0,0,0,1,0,1,1,0,0,0,1,0,sign_irene_cif.y4m,203.86,203.83,0.247386,0.00525,0.0,31
1,1,0,1,0,0,0,0,0,0,0,0,1,0,1,1,1,0,1,1,0,1,0,0,0,0,0,1,0,1,1,0,1,1,0,0,0,0,sign_irene_cif.y4m,5.12,5.126,0.015166,0.004323,0.0,8
1,1,0,0,1,0,0,0,0,0,0,0,1,1,0,1,1,1,1,1,0,1,1,0,0,0,0,0,0,1,0,1,1,1,0,0,0,0,sign_irene_cif.y4m,9.98,9.98,0.054314,0.005258,0.0,216
1,1,0,0,1,0,0,0,0,0,0,0,1,1,0,1,1,1,1,0,1,1,0,0,0,1,0,0,0,1,0,1,1,1,0,0,0,0,sign_irene_cif.y4m,1.93,1.922,0.016432,0.005045,0.0,214
1,1,0,0,0,0,0,0,1,0,0,0,1,1,0,1,0,0,1,1,0,1,0,0,0,0,0,1,0,1,1,0,0,0,0,0,0,0,sign_irene_cif.y4m,11.07,11.086,0.038471,0.005278,0.0,341
1,1,0,0,1,0,0,0,0,0,0,0,1,1,0,1,0,0,1,1,0,1,0,1,0,0,0,0,0,1,1,0,1,0,1,0,0,0,sign_irene_cif.y4m,6.26,6.268,0.051672,0.007229,0.0,236
1,1,0,0,0,0,0,0,0,0,1,0,1,0,1,1,0,0,1,0,1,1,0,0,0,0,1,0,0,1,1,0,1,0,1,0,0,0,sign_irene_cif.y4m,14.01,13.988,0.038987,0.0075,0.0,240
1,1,0,0,0,0,0,1,0,0,0,0,1,0,1,1,0,0,1,0,1,1,0,0,0,1,0,0,0,1,0,1,1,0,0,0,1,0,sign_irene_cif.y4m,10.97,10.964,0.034351,0.007537,0.0,51
1,1,1,0,0,0,0,0,0,0,0,0,1,0,1,1,1,1,1,0,1,1,0,0,0,0,0,0,1,1,1,0,1,0,1,0,0,0,sign_irene_cif.y4m,8.99,8.98,0.048477,0.00473,0.0,77
1,1,0,0,0,0,0,0,0,0,1,0,1,0,1,1,1,0,1,1,0,1,0,0,0,0,0,1,0,1,0,1,1,0,0,0,0,1,sign_irene_cif.y4m,7.48,7.508,0.055408,0.004888,0.0,128
1,1,0,0,1,0,0,0,0,0,0,0,1,1,0,1,0,0,1,1,0,1,0,1,0,0,0,0,0,1,0,1,0,0,0,0,0,0,sign_irene_cif.y4m,162.88,163.002,0.196392,0.004615,0.0,234
1,1,0,0,0,0,0,0,1,0,0,0,1,0,1,1,1,0,1,0,1,1,0,0,0,0,0,1,0,1,0,1,1,0,0,0,1,0,sign_irene_cif.y4m,937.86,937.952,0.35968,0.007524,0.0,28
1,1,0,0,1,0,0,0,0,0,0,0,1,1,0,1,1,0,1,0,1,1,1,0,0,0,0,0,0,1,1,0,0,0,0,0,0,0,sign_irene_cif.y4m,119.93,119.982,0.254303,0.005906,0.0,139
1,1,0,0,0,0,0,0,0,0,1,0,1,0,1,1,1,0,1,1,0,1,0,0,0,0,1,0,0,1,1,0,1,0,1,0,0,0,sign_irene_cif.y4m,1.8,1.796,0.005477,0.004744,0.0,152
1,1,0,1,0,0,0,0,0,0,0,0,1,0,1,1,0,0,1,1,0,1,0,0,0,0,0,1,0,1,1,0,1,0,0,0,1,0,sign_irene_cif.y4m,278.97,279.054,0.78653,0.0087,0.0,12
1,1,0,0,0,0,1,0,0,0,0,0,1,0,1,1,0,1,1,1,0,1,0,0,0,0,0,1,0,1,1,0,0,0,0,0,0,0,sign_irene_cif.y4m,1.75,1.75,0.01,0.004744,0.0,369
1,1,0,0,0,0,0,0,0,0,0,1,1,1,0,1,1,0,1,0,1,1,0,0,0,0,0,1,0,1,0,1,1,0,0,0,0,1,sign_irene_cif.y4m,54.6,54.594,0.02881,0.007008,0.0,58
1,1,0,0,0,0,0,0,1,0,0,0,1,1,0,1,1,0,1,1,0,1,1,0,0,0,0,0,0,1,1,0,0,0,0,0,0,0,sign_irene_cif.y4m,50.02,49.88,0.224388,0.008244,0.0,64
1,1,0,0,0,0,0,0,1,0,0,0,1,1,0,1,1,0,1,1,0,1,0,0,1,0,0,0,0,1,1,0,1,1,0,0,0,0,sign_irene_cif.y4m,34.32,34.294,0.049295,0.00474,0.0,21
1,1,0,0,0,1,0,0,0,0,0,0,1,0,1,1,1,1,1,0,1,1,0,0,1,0,0,0,0,1,1,0,1,0,0,0,0,1,sign_irene_cif.y4m,167.01,167.066,0.311175,0.005229,0.0,225
1,1,0,0,0,0,1,0,0,0,0,0,1,0,1,1,1,0,1,1,0,1,0,0,0,0,0,1,0,1,1,0,1,0,0,0,1,0,sign_irene_cif.y4m,273.95,274.616,2.581207,0.005927,0.0,366
1,1,0,0,0,0,0,1,0,0,0,0,1,0,1,1,1,1,1,0,1,1,0,0,1,0,0,0,0,1,0,1,1,0,0,0,0,1,silent_cif.y4m,3.23,3.228,0.028636,0.004078,0.0,114
1,1,0,0,1,0,0,0,0,0,0,0,1,1,0,1,1,1,1,0,1,1,0,0,1,0,0,0,0,1,1,0,1,0,1,0,0,0,silent_cif.y4m,2.47,2.474,0.015166,0.003878,0.0,281
1,1,0,0,0,1,0,0,0,0,0,0,1,0,1,1,1,0,1,1,0,1,0,0,0,0,0,0,1,1,1,0,1,0,0,1,0,0,silent_cif.y4m,4.45,4.446,0.015166,0.003984,0.0,325
1,1,1,0,0,0,0,0,0,0,0,0,1,1,0,1,1,0,1,1,0,1,0,0,0,0,1,0,0,1,1,0,1,1,0,0,0,0,silent_cif.y4m,3.76,3.772,0.021679,0.003846,0.0,181
1,1,0,0,0,0,0,0,1,0,0,0,1,1,0,1,1,0,1,0,1,1,0,0,1,0,0,0,0,1,1,0,1,0,0,0,0,1,silent_cif.y4m,91.87,91.81,0.397303,0.004579,0.0,247
1,1,0,0,0,0,0,0,0,0,1,0,1,1,0,1,1,0,1,1,0,1,0,0,0,0,1,0,0,1,1,0,1,0,0,0,0,1,silent_cif.y4m,154.06,154.044,0.185284,0.005418,0.0,166
1,1,0,0,0,0,0,0,1,0,0,0,1,1,0,1,1,0,1,0,1,1,0,0,1,0,0,0,0,1,1,0,1,0,0,0,1,0,silent_cif.y4m,4.33,4.33,0.04062,0.003542,0.0,25
1,1,0,0,0,0,0,1,0,0,0,0,1,0,1,1,0,0,1,1,0,1,0,1,0,0,0,0,0,1,0,1,0,0,0,0,0,0,silent_cif.y4m,7.61,7.69,0.194165,0.005753,0.0,355
1,1,0,0,1,0,0,0,0,0,0,0,1,1,0,1,0,0,1,1,0,1,1,0,0,0,0,0,0,1,1,0,1,0,0,0,0,1,silent_cif.y4m,1.21,1.216,0.015166,0.003225,0.0,219
1,1,0,0,0,1,0,0,0,0,0,0,1,1,0,1,1,0,1,1,0,1,0,0,0,0,1,0,0,1,1,0,1,1,0,0,0,0,silent_cif.y4m,7.7,7.796,0.312778,0.005753,0.0,182
1,1,0,1,0,0,0,0,0,0,0,0,1,0,1,1,0,1,1,1,0,1,0,0,0,0,0,1,0,1,1,0,1,1,0,0,0,0,silent_cif.y4m,2.84,2.838,0.023875,0.003933,0.0,10
1,1,0,0,1,0,0,0,0,0,0,0,1,1,0,1,1,0,1,0,1,1,0,0,1,0,0,0,0,1,0,1,1,0,0,0,0,1,silent_cif.y4m,56.87,56.86,0.133417,0.003872,0.0,116
1,1,0,0,0,1,0,0,0,0,0,0,1,1,0,1,1,1,1,0,1,1,0,0,0,0,0,1,0,1,0,1,1,1,0,0,0,0,silent_cif.y4m,5.26,5.256,0.035071,0.003955,0.0,266
1,1,0,0,0,0,0,0,1,0,0,0,1,1,0,1,0,0,1,0,1,1,0,0,1,0,0,0,0,1,1,0,1,0,0,1,0,0,silent_cif.y4m,23.44,23.428,0.09094,0.006171,0.0,313
1,1,0,0,0,0,0,1,0,0,0,0,1,0,1,1,0,0,1,1,0,1,0,0,0,0,0,0,1,1,0,1,0,0,0,0,0,0,silent_cif.y4m,5.65,5.652,0.026833,0.005599,0.0,357
1,1,0,0,0,1,0,0,0,0,0,0,1,0,1,1,0,1,1,0,1,1,1,0,0,0,0,0,0,1,1,0,1,1,0,0,0,0,silent_cif.y4m,1.76,1.766,0.02881,0.005817,0.0,187
1,1,0,0,0,0,0,0,1,0,0,0,1,1,0,1,1,1,1,0,1,1,0,0,1,0,0,0,0,1,1,0,1,1,0,0,0,0,silent_cif.y4m,332.05,332.098,0.238265,0.005371,0.0,23
1,1,0,0,1,0,0,0,0,0,0,0,1,1,0,1,1,0,1,1,0,1,0,1,0,0,0,0,0,1,0,1,0,0,0,0,0,0,silent_cif.y4m,33.2,33.21,0.079687,0.004022,0.0,2
1,1,0,0,0,0,0,0,0,0,0,1,1,1,0,1,1,0,1,0,1,1,0,0,0,0,0,1,0,1,1,0,1,1,0,0,0,0,silent_cif.y4m,141.3,141.232,0.212885,0.004834,0.0,301
1,1,0,0,0,0,0,1,0,0,0,0,1,0,1,1,0,1,1,1,0,1,0,1,0,0,0,0,0,1,0,1,0,0,0,0,0,0,silent_cif.y4m,109.51,110.79,3.388768,0.00591,0.0,356
1,1,0,0,0,0,0,0,0,0,1,0,1,1,0,1,0,1,1,0,1,1,0,0,0,0,0,1,0,1,0,1,1,1,0,0,0,0,silent_cif.y4m,6.99,6.978,0.032711,0.005651,0.0,269
1,1,0,0,0,0,0,0,0,0,1,0,1,0,1,1,0,1,1,1,0,1,0,0,1,0,0,0,0,1,0,1,1,0,0,0,1,0,silent_cif.y4m,4.5,4.482,0.039623,0.005681,0.0,274
1,1,0,0,0,0,0,0,0,0,1,0,1,0,1,1,0,1,1,1,0,1,0,0,0,1,0,0,0,1,1,0,1,1,0,0,0,0,silent_cif.y4m,4.91,4.902,0.010954,0.005322,0.0,307
1,1,0,0,1,0,0,0,0,0,0,0,1,0,1,1,0,1,1,1,0,1,0,0,1,0,0,0,0,1,0,1,1,1,0,0,0,0,silent_cif.y4m,20.36,20.378,0.087864,0.003812,0.0,254
1,1,0,0,0,0,0,0,0,0,1,0,1,0,1,1,0,1,1,0,1,1,0,1,0,0,0,0,0,1,0,1,0,0,0,0,0,0,silent_cif.y4m,1.19,1.192,0.014832,0.00329,0.0,208
1,1,0,0,1,0,0,0,0,0,0,0,1,1,0,1,1,1,1,1,0,1,0,0,1,0,0,0,0,1,0,1,1,0,1,0,0,0,silent_cif.y4m,1.58,1.582,0.022804,0.006021,0.0,279
1,1,0,0,0,0,0,1,0,0,0,0,1,1,0,1,1,1,1,1,0,1,0,1,0,0,0,0,0,1,0,1,1,0,0,0,1,0,silent_cif.y4m,5.05,5.046,0.015166,0.004528,0.0,171
1,1,0,0,0,0,0,0,0,1,0,0,1,1,0,1,0,1,1,0,1,1,0,0,0,0,0,1,0,1,0,1,1,0,0,0,1,0,silent_cif.y4m,24.5,24.506,0.049295,0.006171,0.0,99
1,1,1,0,0,0,0,0,0,0,0,0,1,0,1,1,1,1,1,1,0,1,0,1,0,0,0,0,0,1,1,0,1,0,1,0,0,0,silent_cif.y4m,5.58,5.594,0.036469,0.004443,0.0,81
1,1,0,0,0,0,0,0,0,0,1,0,1,0,1,1,1,1,1,0,1,1,0,0,1,0,0,0,0,1,1,0,1,0,1,0,0,0,silent_cif.y4m,2.03,2.024,0.020736,0.004043,0.0,155
1,1,0,0,0,1,0,0,0,0,0,0,1,1,0,1,0,1,1,1,0,1,1,0,0,0,0,0,0,1,1,0,1,1,0,0,0,0,silent_cif.y4m,3.49,3.48,0.023452,0.005322,0.0,185
1,1,0,0,1,0,0,0,0,0,0,0,1,1,0,1,0,0,1,0,1,1,0,0,0,0,0,1,0,1,0,1,0,0,0,0,0,0,silent_cif.y4m,2.48,2.48,0.031623,0.003651,0.0,376
1,1,0,0,0,0,0,0,1,0,0,0,1,1,0,1,0,1,1,0,1,1,0,1,0,0,0,0,0,1,1,0,0,0,0,0,0,0,silent_cif.y4m,0.94,0.936,0.005477,0.003678,0.0,204
1,1,0,0,0,0,0,0,1,0,0,0,1,1,0,1,1,0,1,0,1,1,0,0,0,0,1,0,0,1,1,0,1,0,0,0,0,1,silent_cif.y4m,83.92,83.71,0.754487,0.004146,0.0,246
1,1,0,0,0,0,0,1,0,0,0,0,1,1,0,1,1,1,1,0,1,1,0,0,1,0,0,0,0,1,0,1,0,0,0,0,0,0,silent_cif.y4m,62.27,62.376,0.305418,0.004635,0.0,230
1,1,0,0,0,0,0,0,1,0,0,0,1,0,1,1,1,0,1,0,1,1,0,0,0,0,0,1,0,1,1,0,1,0,0,0,1,0,silent_cif.y4m,71.85,71.856,0.221427,0.006513,0.0,27
1,1,0,1,0,0,0,0,0,0,0,0,1,1,0,1,1,1,1,0,1,1,1,0,0,0,0,0,0,1,1,0,0,0,0,0,0,0,silent_cif.y4m,3.66,3.644,0.04827,0.003903,0.0,137
1,1,0,0,0,0,0,0,0,0,1,0,1,1,0,1,1,1,1,1,0,1,0,0,0,0,1,0,0,1,0,1,1,0,0,0,1,0,silent_cif.y4m,4.03,4.022,0.043243,0.005354,0.0,169
1,1,0,0,0,0,0,0,0,0,1,0,1,0,1,1,0,1,1,0,1,1,1,0,0,0,0,0,0,1,0,1,1,0,0,0,0,1,silent_cif.y4m,116.99,116.902,0.383823,0.004634,0.0,33
1,1,0,0,0,0,0,0,1,0,0,0,1,0,1,1,0,1,1,0,1,1,0,1,0,0,0,0,0,1,1,0,0,0,0,0,0,0,silent_cif.y4m,21.84,21.862,0.082885,0.006429,0.0,205
1,1,0,0,0,0,0,0,0,0,1,0,1,1,0,1,1,0,1,0,1,1,0,0,0,0,1,0,0,1,1,0,1,0,0,0,0,1,silent_cif.y4m,3.97,3.968,0.036332,0.004196,0.0,245
1,1,1,0,0,0,0,0,0,0,0,0,1,1,0,1,0,0,1,1,0,1,0,0,1,0,0,0,0,1,1,0,1,0,0,0,0,1,silent_cif.y4m,3.69,3.684,0.041593,0.003539,0.0,163
1,1,0,0,1,0,0,0,0,0,0,0,1,1,0,1,1,0,1,1,0,1,1,0,0,0,0,0,0,1,0,1,1,1,0,0,0,0,silent_cif.y4m,2.45,2.442,0.016432,0.003651,0.0,4
1,1,0,0,1,0,0,0,0,0,0,0,1,1,0,1,0,0,1,0,1,1,1,0,0,0,0,0,0,1,1,0,1,0,0,0,1,0,silent_cif.y4m,2.04,2.02,0.033912,0.006021,0.0,141
1,1,1,0,0,0,0,0,0,0,0,0,1,1,0,1,1,1,1,0,1,1,0,0,1,0,0,0,0,1,1,0,1,1,0,0,0,0,silent_cif.y4m,142.21,142.21,0.197231,0.004255,0.0,159
1,1,0,0,0,0,0,0,1,0,0,0,1,1,0,1,0,1,1,0,1,1,0,0,1,0,0,0,0,1,0,1,1,0,0,0,0,1,silent_cif.y4m,7.83,7.842,0.040866,0.005373,0.0,336
1,1,0,0,0,1,0,0,0,0,0,0,1,1,0,1,0,0,1,0,1,1,0,0,0,0,0,0,1,1,1,0,1,0,0,0,1,0,silent_cif.y4m,32.83,32.764,0.201445,0.004444,0.0,72
1,1,0,0,0,0,0,0,1,0,0,0,1,1,0,1,1,0,1,1,0,1,0,0,1,0,0,0,0,1,1,0,1,0,0,0,0,1,silent_cif.y4m,3.54,3.524,0.04827,0.004299,0.0,248
1,1,0,1,0,0,0,0,0,0,0,0,1,0,1,1,1,1,1,1,0,1,0,0,0,0,0,1,0,1,0,1,1,0,0,0,0,1,silent_cif.y4m,92.36,93.59,3.454468,0.004028,0.0,130
1,1,0,0,0,1,0,0,0,0,0,0,1,0,1,1,1,1,1,1,0,1,0,0,0,0,0,0,1,1,1,0,0,0,0,0,0,0,silent_cif.y4m,160.68,160.724,0.133154,0.00556,0.0,324
1,1,1,0,0,0,0,0,0,0,0,0,1,0,1,1,0,1,1,1,0,1,0,1,0,0,0,0,0,1,0,1,0,0,0,0,0,0,silent_cif.y4m,106.62,106.586,0.207798,0.006446,0.0,354
1,1,0,0,0,0,0,0,0,0,1,0,1,0,1,1,0,0,1,1,0,1,0,0,0,1,0,0,0,1,0,1,0,0,0,0,0,0,silent_cif.y4m,71.46,71.514,0.996308,0.003793,0.0,291
1,1,0,0,0,0,0,0,0,0,1,0,1,1,0,1,0,0,1,1,0,1,0,1,0,0,0,0,0,1,1,0,1,0,1,0,0,0,silent_cif.y4m,1.64,1.65,0.023452,0.003429,0.0,237
1,1,0,0,0,1,0,0,0,0,0,0,1,1,0,1,1,0,1,1,0,1,1,0,0,0,0,0,0,1,1,0,1,1,0,0,0,0,silent_cif.y4m,2.54,2.536,0.005477,0.003932,0.0,183
1,1,0,0,0,1,0,0,0,0,0,0,1,0,1,1,1,1,1,0,1,1,0,0,1,0,0,0,0,1,0,1,0,0,0,0,0,0,silent_cif.y4m,1.92,1.928,0.029496,0.003666,0.0,227
1,1,0,0,0,0,0,0,1,0,0,0,1,1,0,1,0,1,1,0,1,1,0,0,0,0,0,1,0,1,0,1,0,0,0,0,0,0,silent_cif.y4m,4.53,4.526,0.016733,0.004082,0.0,338
1,1,0,0,1,0,0,0,0,0,0,0,1,0,1,1,0,0,1,0,1,1,1,0,0,0,0,0,0,1,1,0,1,0,0,0,1,0,silent_cif.y4m,16.29,16.278,0.058907,0.004486,0.0,142
1,1,0,0,1,0,0,0,0,0,0,0,1,1,0,1,1,1,1,0,1,1,0,0,1,0,0,0,0,1,1,0,1,0,0,0,0,1,silent_cif.y4m,11.35,11.362,0.027749,0.005675,0.0,332
1,1,0,0,0,0,0,0,0,1,0,0,1,0,1,1,0,0,1,1,0,1,0,0,0,0,1,0,0,1,0,1,1,0,0,0,1,0,silent_cif.y4m,135.39,135.142,0.680566,0.003978,0.0,95
1,1,0,0,1,0,0,0,0,0,0,0,1,0,1,1,0,0,1,0,1,1,0,0,0,1,0,0,0,1,0,1,0,0,0,0,0,0,silent_cif.y4m,7.74,7.734,0.029665,0.005722,0.0,289
1,1,0,0,1,0,0,0,0,0,0,0,1,1,0,1,0,0,1,0,1,1,0,0,0,0,0,1,0,1,0,1,1,0,0,1,0,0,silent_cif.y4m,1.48,1.466,0.031305,0.003429,0.0,378
1,1,0,0,1,0,0,0,0,0,0,0,1,1,0,1,1,1,1,1,0,1,0,0,1,0,0,0,0,1,0,1,1,0,0,0,1,0,silent_cif.y4m,34.69,34.654,0.119499,0.004479,0.0,278
1,1,0,0,0,0,0,0,0,0,1,0,1,0,1,1,1,0,1,0,1,1,1,0,0,0,0,0,0,1,0,1,1,0,0,0,1,0,silent_cif.y4m,5.45,5.464,0.080498,0.005689,0.0,30
1,1,0,0,1,0,0,0,0,0,0,0,1,1,0,1,0,0,1,0,1,1,0,1,0,0,0,0,0,1,0,1,1,0,0,0,0,1,silent_cif.y4m,1.41,1.412,0.008367,0.003929,0.0,120
1,1,0,0,0,1,0,0,0,0,0,0,1,1,0,1,1,1,1,0,1,1,0,0,0,0,0,1,0,1,0,1,0,0,0,0,0,0,silent_cif.y4m,2.05,2.048,0.014832,0.003732,0.0,265
1,1,0,0,0,0,0,0,0,0,1,0,1,1,0,1,1,0,1,1,0,1,0,0,0,0,0,1,0,1,0,1,0,0,0,0,0,0,silent_cif.y4m,4.01,3.982,0.044385,0.003634,0.0,296
1,1,0,0,0,0,0,1,0,0,0,0,1,1,0,1,1,1,1,1,0,1,0,1,0,0,0,0,0,1,0,1,0,0,0,0,0,0,silent_cif.y4m,7.5,7.474,0.08961,0.004,0.0,232
1,1,0,0,0,0,0,0,0,0,1,0,1,0,1,1,0,0,1,1,0,1,0,0,1,0,0,0,0,1,1,0,1,0,0,1,0,0,silent_cif.y4m,5.35,5.354,0.0251,0.005147,0.0,310
1,1,0,0,0,0,0,1,0,0,0,0,1,0,1,1,1,1,1,0,1,1,0,0,0,0,0,1,0,1,0,1,1,0,0,1,0,0,silent_cif.y4m,105.0,105.036,0.229085,0.005503,0.0,349
1,1,0,0,1,0,0,0,0,0,0,0,1,1,0,1,0,1,1,0,1,1,0,0,0,0,0,1,0,1,0,1,0,0,0,0,0,0,silent_cif.y4m,4.13,4.14,0.029155,0.005747,0.0,377
1,1,0,0,0,0,0,0,0,1,0,0,1,0,1,1,1,1,1,1,0,1,0,0,0,0,1,0,0,1,0,1,1,0,0,0,1,0,silent_cif.y4m,138.24,138.26,0.249098,0.00472,0.0,94
1,1,1,0,0,0,0,0,0,0,0,0,1,1,0,1,1,0,1,0,1,1,1,0,0,0,0,0,0,1,0,1,1,1,0,0,0,0,silent_cif.y4m,4.9,4.896,0.011402,0.005322,0.0,178
1,1,0,0,0,0,0,0,0,0,1,0,1,0,1,1,0,0,1,1,0,1,0,0,0,0,0,1,0,1,0,1,1,0,0,0,0,1,silent_cif.y4m,5.02,5.024,0.016733,0.005706,0.0,127
1,1,0,0,0,0,0,1,0,0,0,0,1,0,1,1,1,0,1,0,1,1,0,0,0,1,0,0,0,1,0,1,1,0,0,0,1,0,silent_cif.y4m,1.54,1.538,0.033466,0.003078,0.0,111
1,1,1,0,0,0,0,0,0,0,0,0,1,0,1,1,0,1,1,1,0,1,0,1,0,0,0,0,0,1,0,1,1,0,0,1,0,0,silent_cif.y4m,3.69,3.686,0.005477,0.004986,0.0,353
1,1,0,0,0,0,1,0,0,0,0,0,1,0,1,1,1,1,1,1,0,1,0,1,0,0,0,0,0,1,1,0,1,0,0,0,1,0,silent_cif.y4m,3.87,3.868,0.030332,0.003933,0.0,45
1,1,0,0,0,1,0,0,0,0,0,0,1,0,1,1,1,1,1,0,1,1,0,0,1,0,0,0,0,1,1,0,0,0,0,0,0,0,silent_cif.y4m,1.27,1.272,0.008367,0.003457,0.0,226
1,1,0,0,0,0,0,0,0,0,0,1,1,1,0,1,1,0,1,0,1,1,0,0,0,0,0,1,0,1,1,0,1,0,0,0,0,1,silent_cif.y4m,4.47,4.478,0.0249,0.003784,0.0,59
1,1,0,0,0,0,0,0,1,0,0,0,1,1,0,1,1,1,1,1,0,1,1,0,0,0,0,0,0,1,0,1,1,1,0,0,0,0,silent_cif.y4m,34.31,34.324,0.095289,0.004022,0.0,19
1,1,0,0,0,0,0,0,0,0,0,1,1,1,0,1,0,1,1,0,1,1,0,0,0,1,0,0,0,1,1,0,1,1,0,0,0,0,silent_cif.y4m,20.9,20.898,0.085557,0.004501,0.0,304
1,1,0,0,0,0,0,0,1,0,0,0,1,0,1,1,0,1,1,0,1,1,0,1,0,0,0,0,0,1,0,1,0,0,0,0,0,0,silent_cif.y4m,3.47,3.456,0.033615,0.004299,0.0,207
1,1,0,0,0,0,1,0,0,0,0,0,1,1,0,1,1,1,1,1,0,1,0,1,0,0,0,0,0,1,1,0,0,0,0,0,0,0,silent_cif.y4m,143.66,144.162,1.052055,0.004061,0.0,43
1,1,0,0,0,0,1,0,0,0,0,0,1,1,0,1,1,0,1,1,0,1,1,0,0,0,0,0,0,1,1,0,1,0,0,0,0,1,silent_cif.y4m,2.06,2.066,0.013416,0.003466,0.0,40
1,1,0,0,0,1,0,0,0,0,0,0,1,0,1,1,0,1,1,1,0,1,1,0,0,0,0,0,0,1,1,0,1,1,0,0,0,0,silent_cif.y4m,128.16,128.16,0.08124,0.005531,0.0,186
1,1,0,0,1,0,0,0,0,0,0,0,1,0,1,1,0,0,1,0,1,1,0,0,0,1,0,0,0,1,0,1,1,0,0,0,0,1,silent_cif.y4m,2.35,2.34,0.029155,0.003799,0.0,288
1,1,1,0,0,0,0,0,0,0,0,0,1,1,0,1,1,0,1,1,0,1,0,1,0,0,0,0,0,1,1,0,1,0,1,0,0,0,silent_cif.y4m,3.74,3.74,0.036056,0.003846,0.0,82
1,1,0,0,0,0,0,0,0,0,1,0,1,0,1,1,1,1,1,0,1,1,0,0,0,1,0,0,0,1,0,1,0,0,0,0,0,0,silent_cif.y4m,3.01,3.018,0.021679,0.004041,0.0,211
1,1,0,0,1,0,0,0,0,0,0,0,1,0,1,1,1,1,1,0,1,1,0,0,0,0,0,1,0,1,1,0,1,0,0,1,0,0,silent_cif.y4m,82.81,82.536,0.575569,0.004146,0.0,347
1,1,0,1,0,0,0,0,0,0,0,0,1,0,1,1,0,0,1,1,0,1,1,0,0,0,0,0,0,1,1,0,1,0,0,0,1,0,silent_cif.y4m,7.44,7.416,0.071624,0.003691,0.0,13
1,1,0,0,0,0,0,1,0,0,0,0,1,0,1,1,1,1,1,0,1,1,0,0,1,0,0,0,0,1,0,1,0,0,0,0,0,0,silent_cif.y4m,282.87,282.926,0.211495,0.003925,0.0,228
1,1,0,0,0,0,0,0,0,1,0,0,1,1,0,1,0,1,1,0,1,1,0,0,1,0,0,0,0,1,0,1,1,0,0,0,0,1,silent_cif.y4m,5.08,5.086,0.026077,0.004528,0.0,335
1,1,0,0,0,0,0,0,1,0,0,0,1,1,0,1,1,0,1,0,1,1,0,0,1,0,0,0,0,1,1,0,1,1,0,0,0,0,silent_cif.y4m,18.03,18.042,0.047645,0.005531,0.0,24
1,1,1,0,0,0,0,0,0,0,0,0,1,0,1,1,0,1,1,0,1,1,0,1,0,0,0,0,0,1,0,1,1,0,0,1,0,0,silent_cif.y4m,214.85,214.626,0.41265,0.006396,0.0,352
1,1,0,0,0,0,1,0,0,0,0,0,1,0,1,1,0,0,1,1,0,1,0,0,0,0,0,1,0,1,1,0,0,0,0,0,0,0,silent_cif.y4m,3.3,3.296,0.011402,0.00408,0.0,368
1,1,1,0,0,0,0,0,0,0,0,0,1,0,1,1,1,1,1,1,0,1,0,1,0,0,0,0,0,1,1,0,0,0,0,0,0,0,silent_cif.y4m,1.38,1.4,0.04062,0.003854,0.0,80
1,1,0,0,1,0,0,0,0,0,0,0,1,1,0,1,0,0,1,0,1,1,0,1,0,0,0,0,0,1,0,1,0,0,0,0,0,0,silent_cif.y4m,20.83,20.844,0.075366,0.004101,0.0,121
1,1,0,0,0,0,0,0,0,0,1,0,1,0,1,1,1,1,1,0,1,1,0,0,1,0,0,0,0,1,1,0,1,1,0,0,0,0,silent_cif.y4m,2.86,2.866,0.023022,0.003903,0.0,156
1,1,0,1,0,0,0,0,0,0,0,0,1,0,1,1,1,1,1,1,0,1,0,0,0,0,0,1,0,1,1,0,1,1,0,0,0,0,silent_cif.y4m,0.89,0.892,0.008367,0.003176,0.0,9
1,1,0,0,0,0,0,0,0,0,1,0,1,1,0,1,0,0,1,1,0,1,0,0,0,0,1,0,0,1,1,0,1,0,0,0,0,1,silent_cif.y4m,3.71,3.724,0.035777,0.004196,0.0,165
1,1,0,0,0,0,0,0,0,0,1,0,1,0,1,1,0,0,1,1,0,1,0,1,0,0,0,0,0,1,0,1,1,0,0,0,0,1,silent_cif.y4m,3.78,3.798,0.054955,0.004063,0.0,126
1,1,0,0,1,0,0,0,0,0,0,0,1,1,0,1,1,1,1,0,1,1,0,0,1,0,0,0,0,1,0,1,1,0,1,0,0,0,silent_cif.y4m,1.38,1.384,0.005477,0.003854,0.0,280
1,1,0,0,0,0,0,1,0,0,0,0,1,0,1,1,1,1,1,1,0,1,0,1,0,0,0,0,0,1,0,1,1,0,0,0,1,0,silent_cif.y4m,1.06,1.062,0.008367,0.006075,0.0,172
1,1,0,0,0,0,0,0,0,0,1,0,1,0,1,1,0,1,1,1,0,1,0,0,0,1,0,0,0,1,0,1,0,0,0,0,0,0,silent_cif.y4m,5.76,5.746,0.030496,0.005242,0.0,292
1,1,0,0,0,0,0,0,0,0,1,0,1,1,0,1,1,1,1,0,1,1,0,0,0,0,0,1,0,1,1,0,0,0,0,0,0,0,silent_cif.y4m,13.54,13.552,0.099348,0.003844,0.0,105
1,1,0,0,0,1,0,0,0,0,0,0,1,0,1,1,1,1,1,0,1,1,0,0,0,0,0,0,1,1,1,0,1,0,1,0,0,0,silent_cif.y4m,9.97,9.942,0.063008,0.005675,0.0,76
1,1,0,0,0,1,0,0,0,0,0,0,1,0,1,1,0,0,1,1,0,1,1,0,0,0,0,0,0,1,1,0,1,0,0,0,0,1,silent_cif.y4m,84.44,84.118,0.77144,0.003871,0.0,221
1,1,0,0,0,0,0,0,0,0,1,0,1,1,0,1,1,0,1,1,0,1,0,0,0,0,1,0,0,1,0,1,1,0,0,0,0,1,silent_cif.y4m,26.37,26.378,0.037014,0.005497,0.0,167
1,1,0,0,0,0,0,0,0,0,1,0,1,0,1,1,0,1,1,0,1,1,1,0,0,0,0,0,0,1,1,0,1,0,0,0,0,1,silent_cif.y4m,193.26,193.228,0.419488,0.004971,0.0,35
1,1,0,0,1,0,0,0,0,0,0,0,1,1,0,1,0,0,1,1,0,1,0,1,0,0,0,0,0,1,0,1,1,0,1,0,0,0,silent_cif.y4m,2.83,2.826,0.038471,0.003992,0.0,235
1,1,0,0,0,0,0,0,0,1,0,0,1,1,0,1,1,1,1,0,1,1,0,0,1,0,0,0,0,1,0,1,1,0,0,0,0,1,silent_cif.y4m,7.36,7.376,0.051769,0.00574,0.0,333
1,1,0,0,0,0,1,0,0,0,0,0,1,0,1,1,1,1,1,1,0,1,0,1,0,0,0,0,0,1,1,0,0,0,0,0,0,0,silent_cif.y4m,89.46,89.442,0.290637,0.003873,0.0,44
1,1,0,0,1,0,0,0,0,0,0,0,1,0,1,1,0,1,1,1,0,1,0,1,0,0,0,0,0,1,0,1,1,1,0,0,0,0,silent_cif.y4m,153.9,153.798,0.163921,0.004726,0.0,256
1,1,0,0,0,0,0,1,0,0,0,0,1,0,1,1,1,0,1,0,1,1,0,1,0,0,0,0,0,1,0,1,1,0,0,0,0,1,silent_cif.y4m,475.93,476.338,1.137264,0.005637,0.0,192
1,1,0,0,0,0,1,0,0,0,0,0,1,1,0,1,1,1,1,1,0,1,1,0,0,0,0,0,0,1,1,0,1,0,0,0,0,1,silent_cif.y4m,12.79,12.796,0.050794,0.004544,0.0,41
1,1,0,0,0,0,0,0,0,0,1,0,1,0,1,1,0,1,1,1,0,1,0,0,0,0,0,1,0,1,0,1,1,0,0,0,1,0,silent_cif.y4m,103.16,102.982,0.506971,0.005969,0.0,273
1,1,0,0,0,0,0,0,0,0,1,0,1,1,0,1,0,1,1,0,1,1,0,0,0,0,0,1,0,1,0,1,0,0,0,0,0,0,silent_cif.y4m,61.74,61.68,0.182346,0.006014,0.0,101
1,1,0,0,0,0,0,0,0,0,1,0,1,0,1,1,1,1,1,0,1,1,0,0,0,0,1,0,0,1,1,0,1,0,1,0,0,0,silent_cif.y4m,54.38,54.356,0.12054,0.003872,0.0,242
1,1,0,0,0,0,0,0,0,0,1,0,1,1,0,1,0,1,1,0,1,1,0,0,0,0,0,1,0,1,1,0,0,0,0,0,0,0,silent_cif.y4m,4.69,4.694,0.018166,0.005681,0.0,103
1,1,1,0,0,0,0,0,0,0,0,0,1,1,0,1,1,0,1,1,0,1,0,1,0,0,0,0,0,1,0,1,0,0,0,0,0,0,silent_cif.y4m,103.7,103.654,0.162727,0.004824,0.0,1
1,1,0,0,0,0,0,1,0,0,0,0,1,1,0,1,0,0,1,0,1,1,0,0,0,0,0,1,0,1,0,1,1,0,0,0,0,1,silent_cif.y4m,3.74,3.736,0.026077,0.004986,0.0,56
1,1,0,0,1,0,0,0,0,0,0,0,1,0,1,1,0,0,1,0,1,1,0,0,0,0,0,0,1,1,0,1,0,0,0,0,0,0,silent_cif.y4m,13.48,13.494,0.068775,0.003845,0.0,373
1,1,0,0,0,0,0,0,1,0,0,0,1,1,0,1,1,1,1,0,1,1,0,1,0,0,0,0,0,1,0,1,1,0,1,0,0,0,silent_cif.y4m,129.06,129.582,2.642682,0.003792,0.0,318
1,1,0,0,0,1,0,0,0,0,0,0,1,1,0,1,0,0,1,1,0,1,0,0,0,0,1,0,0,1,1,0,0,0,0,0,0,0,silent_cif.y4m,188.21,188.022,0.424347,0.004301,0.0,69
1,1,0,1,0,0,0,0,0,0,0,0,1,0,1,1,0,0,1,1,0,1,0,0,0,0,0,1,0,1,1,0,1,1,0,0,0,0,silent_cif.y4m,3.71,3.724,0.032094,0.005745,0.0,11
1,1,0,0,1,0,0,0,0,0,0,0,1,0,1,1,0,0,1,1,0,1,0,1,0,0,0,0,0,1,0,1,1,0,0,1,0,0,silent_cif.y4m,3.09,3.088,0.014832,0.00392,0.0,258
1,1,0,0,0,0,0,0,0,0,1,0,1,0,1,1,0,0,1,1,0,1,0,1,0,0,0,0,0,1,1,0,1,0,1,0,0,0,silent_cif.y4m,312.07,311.996,0.355781,0.00571,0.0,238
1,1,0,0,0,0,0,1,0,0,0,0,1,0,1,1,1,0,1,1,0,1,1,0,0,0,0,0,0,1,0,1,1,0,0,0,1,0,silent_cif.y4m,262.48,262.258,1.110684,0.004201,0.0,173
1,1,0,0,0,0,0,1,0,0,0,0,1,0,1,1,0,1,1,0,1,1,0,1,0,0,0,0,0,1,0,1,1,1,0,0,0,0,silent_cif.y4m,231.65,231.756,0.426005,0.004657,0.0,190
1,1,0,1,0,0,0,0,0,0,0,0,1,0,1,1,1,0,1,1,0,1,0,0,0,0,0,1,0,1,0,1,1,1,0,0,0,0,silent_cif.y4m,56.57,56.616,0.31021,0.004665,0.0,7
1,1,0,0,0,1,0,0,0,0,0,0,1,0,1,1,1,1,1,0,1,1,0,0,0,0,0,0,1,1,1,0,0,0,0,0,0,0,silent_cif.y4m,1.61,1.63,0.046368,0.00329,0.0,323
1,1,0,0,0,1,0,0,0,0,0,0,1,0,1,1,0,0,1,0,1,1,0,0,0,0,0,0,1,1,1,0,1,0,0,0,1,0,silent_cif.y4m,150.68,153.668,6.872545,0.004677,0.0,73
1,1,0,0,0,0,0,0,0,0,1,0,1,0,1,1,1,0,1,0,1,1,0,1,0,0,0,0,0,1,0,1,0,0,0,0,0,0,silent_cif.y4m,148.21,147.8,0.703491,0.004061,0.0,209
1,1,0,1,0,0,0,0,0,0,0,0,1,1,0,1,1,0,1,0,1,1,1,0,0,0,0,0,0,1,1,0,0,0,0,0,0,0,silent_cif.y4m,2.96,2.964,0.016733,0.004273,0.0,138
1,1,0,0,0,1,0,0,0,0,0,0,1,1,0,1,1,1,1,1,0,1,0,0,0,0,0,1,0,1,0,1,0,0,0,0,0,0,silent_cif.y4m,65.76,65.902,0.223652,0.005542,0.0,264
1,1,0,0,0,0,0,0,0,1,0,0,1,0,1,1,0,1,1,0,1,1,0,0,0,0,0,1,0,1,0,1,1,0,0,0,1,0,silent_cif.y4m,199.39,199.712,0.498969,0.004301,0.0,98
1,1,0,0,0,0,0,0,0,0,1,0,1,1,0,1,0,0,1,0,1,1,0,0,0,0,0,1,0,1,1,0,1,0,0,1,0,0,silent_cif.y4m,2.96,2.972,0.021679,0.00417,0.0,380
1,1,0,0,1,0,0,0,0,0,0,0,1,1,0,1,1,1,1,1,0,1,0,1,0,0,0,0,0,1,1,0,1,0,1,0,0,0,silent_cif.y4m,161.82,161.872,0.292524,0.005917,0.0,85
1,1,0,0,0,0,0,0,0,0,1,0,1,0,1,1,0,0,1,0,1,1,1,0,0,0,0,0,0,1,0,1,1,0,0,0,1,0,silent_cif.y4m,96.4,96.408,0.131415,0.004161,0.0,31
1,1,0,1,0,0,0,0,0,0,0,0,1,0,1,1,1,0,1,1,0,1,0,0,0,0,0,1,0,1,1,0,1,1,0,0,0,0,silent_cif.y4m,2.53,2.538,0.021679,0.003466,0.0,8
1,1,0,0,1,0,0,0,0,0,0,0,1,1,0,1,1,1,1,1,0,1,1,0,0,0,0,0,0,1,0,1,1,1,0,0,0,0,silent_cif.y4m,5.14,5.14,0.025495,0.004082,0.0,216
1,1,0,0,1,0,0,0,0,0,0,0,1,1,0,1,1,1,1,0,1,1,0,0,0,1,0,0,0,1,0,1,1,1,0,0,0,0,silent_cif.y4m,1.03,1.024,0.008944,0.003929,0.0,214
1,1,0,0,0,0,0,0,1,0,0,0,1,1,0,1,0,0,1,1,0,1,0,0,0,0,0,1,0,1,1,0,0,0,0,0,0,0,silent_cif.y4m,5.78,5.78,0.038079,0.004096,0.0,341
1,1,0,0,1,0,0,0,0,0,0,0,1,1,0,1,0,0,1,1,0,1,0,1,0,0,0,0,0,1,1,0,1,0,1,0,0,0,silent_cif.y4m,3.29,3.288,0.028636,0.00535,0.0,236
1,1,0,0,0,0,0,0,0,0,1,0,1,0,1,1,0,0,1,0,1,1,0,0,0,0,1,0,0,1,1,0,1,0,1,0,0,0,silent_cif.y4m,7.43,7.426,0.020736,0.005548,0.0,240
1,1,0,0,0,0,0,1,0,0,0,0,1,0,1,1,0,0,1,0,1,1,0,0,0,1,0,0,0,1,0,1,1,0,0,0,1,0,silent_cif.y4m,5.34,5.32,0.037417,0.005681,0.0,51
1,1,1,0,0,0,0,0,0,0,0,0,1,0,1,1,1,1,1,0,1,1,0,0,0,0,0,0,1,1,1,0,1,0,1,0,0,0,silent_cif.y4m,4.63,4.636,0.040373,0.003769,0.0,77
1,1,0,0,0,0,0,0,0,0,1,0,1,0,1,1,1,0,1,1,0,1,0,0,0,0,0,1,0,1,0,1,1,0,0,0,0,1,silent_cif.y4m,3.8,3.814,0.0498,0.003825,0.0,128
1,1,0,0,1,0,0,0,0,0,0,0,1,1,0,1,0,0,1,1,0,1,0,1,0,0,0,0,0,1,0,1,0,0,0,0,0,0,silent_cif.y4m,75.81,75.988,0.379434,0.003797,0.0,234
1,1,0,0,0,0,0,0,1,0,0,0,1,0,1,1,1,0,1,0,1,1,0,0,0,0,0,1,0,1,0,1,1,0,0,0,1,0,silent_cif.y4m,495.0,494.956,0.206712,0.005637,0.0,28
1,1,0,0,1,0,0,0,0,0,0,0,1,1,0,1,1,0,1,0,1,1,1,0,0,0,0,0,0,1,1,0,0,0,0,0,0,0,silent_cif.y4m,54.99,54.936,0.106911,0.004665,0.0,139
1,1,0,0,0,0,0,0,0,0,1,0,1,0,1,1,1,0,1,1,0,1,0,0,0,0,1,0,0,1,1,0,1,0,1,0,0,0,silent_cif.y4m,0.97,0.972,0.004472,0.003678,0.0,152
1,1,0,1,0,0,0,0,0,0,0,0,1,0,1,1,0,0,1,1,0,1,0,0,0,0,0,1,0,1,1,0,1,0,0,0,1,0,silent_cif.y4m,138.84,138.766,0.543029,0.006476,0.0,12
1,1,0,0,0,0,1,0,0,0,0,0,1,0,1,1,0,1,1,1,0,1,0,0,0,0,0,1,0,1,1,0,0,0,0,0,0,0,silent_cif.y4m,0.94,0.942,0.013038,0.003678,0.0,369
1,1,0,0,0,0,0,0,0,0,0,1,1,1,0,1,1,0,1,0,1,1,0,0,0,0,0,1,0,1,0,1,1,0,0,0,0,1,silent_cif.y4m,26.32,26.316,0.032094,0.005497,0.0,58
1,1,0,0,0,0,0,0,1,0,0,0,1,1,0,1,1,0,1,1,0,1,1,0,0,0,0,0,0,1,1,0,0,0,0,0,0,0,silent_cif.y4m,25.12,25.132,0.071903,0.006171,0.0,64
1,1,0,0,0,0,0,0,1,0,0,0,1,1,0,1,1,0,1,1,0,1,0,0,1,0,0,0,0,1,1,0,1,1,0,0,0,0,silent_cif.y4m,17.5,17.52,0.030822,0.003738,0.0,21
1,1,0,0,0,1,0,0,0,0,0,0,1,0,1,1,1,1,1,0,1,1,0,0,1,0,0,0,0,1,1,0,1,0,0,0,0,1,silent_cif.y4m,80.26,80.232,0.175699,0.004146,0.0,225
1,1,0,0,0,0,1,0,0,0,0,0,1,0,1,1,1,0,1,1,0,1,0,0,0,0,0,1,0,1,1,0,1,0,0,0,1,0,silent_cif.y4m,130.61,131.296,1.918627,0.004652,0.0,366
1,1,0,0,0,0,0,1,0,0,0,0,1,0,1,1,1,1,1,0,1,1,0,0,1,0,0,0,0,1,0,1,1,0,0,0,0,1,soccer_cif.y4m,4.44,4.452,0.045497,0.00946,0.0,114
1,1,0,0,1,0,0,0,0,0,0,0,1,1,0,1,1,1,1,0,1,1,0,0,1,0,0,0,0,1,1,0,1,0,1,0,0,0,soccer_cif.y4m,3.94,3.938,0.020494,0.009026,0.0,281
1,1,0,0,0,1,0,0,0,0,0,0,1,0,1,1,1,0,1,1,0,1,0,0,0,0,0,0,1,1,1,0,1,0,0,1,0,0,soccer_cif.y4m,6.07,6.098,0.046583,0.009208,0.0,325
1,1,1,0,0,0,0,0,0,0,0,0,1,1,0,1,1,0,1,1,0,1,0,0,0,0,1,0,0,1,1,0,1,1,0,0,0,0,soccer_cif.y4m,5.12,5.14,0.05244,0.008722,0.0,181
1,1,0,0,0,0,0,0,1,0,0,0,1,1,0,1,1,0,1,0,1,1,0,0,1,0,0,0,0,1,1,0,1,0,0,0,0,1,soccer_cif.y4m,178.67,178.024,1.264982,0.010205,0.0,247
1,1,0,0,0,0,0,0,0,0,1,0,1,1,0,1,1,0,1,1,0,1,0,0,0,0,1,0,0,1,1,0,1,0,0,0,0,1,soccer_cif.y4m,281.87,281.754,0.346598,0.010563,0.0,166
1,1,0,0,0,0,0,0,1,0,0,0,1,1,0,1,1,0,1,0,1,1,0,0,1,0,0,0,0,1,1,0,1,0,0,0,1,0,soccer_cif.y4m,6.72,6.702,0.075631,0.00793,0.0,25
1,1,0,0,0,0,0,1,0,0,0,0,1,0,1,1,0,0,1,1,0,1,0,1,0,0,0,0,0,1,0,1,0,0,0,0,0,0,soccer_cif.y4m,9.52,9.526,0.105262,0.010881,0.0,355
1,1,0,0,1,0,0,0,0,0,0,0,1,1,0,1,0,0,1,1,0,1,1,0,0,0,0,0,0,1,1,0,1,0,0,0,0,1,soccer_cif.y4m,1.86,1.86,0.021213,0.008401,0.0,219
1,1,0,0,0,1,0,0,0,0,0,0,1,1,0,1,1,0,1,1,0,1,0,0,0,0,1,0,0,1,1,0,1,1,0,0,0,0,soccer_cif.y4m,9.84,9.82,0.074833,0.010881,0.0,182
1,1,0,1,0,0,0,0,0,0,0,0,1,0,1,1,0,1,1,1,0,1,0,0,0,0,0,1,0,1,1,0,1,1,0,0,0,0,soccer_cif.y4m,4.03,3.978,0.11649,0.008817,0.0,10
1,1,0,0,1,0,0,0,0,0,0,0,1,1,0,1,1,0,1,0,1,1,0,0,1,0,0,0,0,1,0,1,1,0,0,0,0,1,soccer_cif.y4m,93.15,93.152,0.208135,0.008104,0.0,116
1,1,0,0,0,1,0,0,0,0,0,0,1,1,0,1,1,1,1,0,1,1,0,0,0,0,0,1,0,1,0,1,1,1,0,0,0,0,soccer_cif.y4m,7.45,7.442,0.115845,0.009207,0.0,266
1,1,0,0,0,0,0,0,1,0,0,0,1,1,0,1,0,0,1,0,1,1,0,0,1,0,0,0,0,1,1,0,1,0,0,1,0,0,soccer_cif.y4m,43.46,43.092,0.89133,0.012962,0.0,313
1,1,0,0,0,0,0,1,0,0,0,0,1,0,1,1,0,0,1,1,0,1,0,0,0,0,0,0,1,1,0,1,0,0,0,0,0,0,soccer_cif.y4m,7.96,7.962,0.060581,0.011354,0.0,357
1,1,0,0,0,1,0,0,0,0,0,0,1,0,1,1,0,1,1,0,1,1,1,0,0,0,0,0,0,1,1,0,1,1,0,0,0,0,soccer_cif.y4m,2.94,2.904,0.080498,0.010997,0.0,187
1,1,0,0,0,0,0,0,1,0,0,0,1,1,0,1,1,1,1,0,1,1,0,0,1,0,0,0,0,1,1,0,1,1,0,0,0,0,soccer_cif.y4m,572.2,572.724,1.535979,0.01047,0.0,23
1,1,0,0,1,0,0,0,0,0,0,0,1,1,0,1,1,0,1,1,0,1,0,1,0,0,0,0,0,1,0,1,0,0,0,0,0,0,soccer_cif.y4m,58.36,58.418,0.153688,0.009029,0.0,2
1,1,0,0,0,0,0,0,0,0,0,1,1,1,0,1,1,0,1,0,1,1,0,0,0,0,0,1,0,1,1,0,1,1,0,0,0,0,soccer_cif.y4m,290.91,291.248,0.752409,0.010267,0.0,301
1,1,0,0,0,0,0,1,0,0,0,0,1,0,1,1,0,1,1,1,0,1,0,1,0,0,0,0,0,1,0,1,0,0,0,0,0,0,soccer_cif.y4m,195.44,197.776,5.824816,0.012688,0.0,356
1,1,0,0,0,0,0,0,0,0,1,0,1,1,0,1,0,1,1,0,1,1,0,0,0,0,0,1,0,1,0,1,1,1,0,0,0,0,soccer_cif.y4m,9.86,9.866,0.035777,0.010649,0.0,269
1,1,0,0,0,0,0,0,0,0,1,0,1,0,1,1,0,1,1,1,0,1,0,0,1,0,0,0,0,1,0,1,1,0,0,0,1,0,soccer_cif.y4m,6.05,6.132,0.183766,0.011458,0.0,274
1,1,0,0,0,0,0,0,0,0,1,0,1,0,1,1,0,1,1,1,0,1,0,0,0,1,0,0,0,1,1,0,1,1,0,0,0,0,soccer_cif.y4m,6.69,6.714,0.11327,0.010727,0.0,307
1,1,0,0,1,0,0,0,0,0,0,0,1,0,1,1,0,1,1,1,0,1,0,0,1,0,0,0,0,1,0,1,1,1,0,0,0,0,soccer_cif.y4m,36.84,36.78,0.138022,0.008405,0.0,254
1,1,0,0,0,0,0,0,0,0,1,0,1,0,1,1,0,1,1,0,1,1,0,1,0,0,0,0,0,1,0,1,0,0,0,0,0,0,soccer_cif.y4m,1.83,1.758,0.10895,0.008558,0.0,208
1,1,0,0,1,0,0,0,0,0,0,0,1,1,0,1,1,1,1,1,0,1,0,0,1,0,0,0,0,1,0,1,1,0,1,0,0,0,soccer_cif.y4m,1.97,1.974,0.0251,0.011357,0.0,279
1,1,0,0,0,0,0,1,0,0,0,0,1,1,0,1,1,1,1,1,0,1,0,1,0,0,0,0,0,1,0,1,1,0,0,0,1,0,soccer_cif.y4m,6.95,6.952,0.035637,0.01025,0.0,171
1,1,0,0,0,0,0,0,0,1,0,0,1,1,0,1,0,1,1,0,1,1,0,0,0,0,0,1,0,1,0,1,1,0,0,0,1,0,soccer_cif.y4m,43.43,43.416,0.059833,0.012962,0.0,99
1,1,1,0,0,0,0,0,0,0,0,0,1,0,1,1,1,1,1,1,0,1,0,1,0,0,0,0,0,1,1,0,1,0,1,0,0,0,soccer_cif.y4m,7.67,7.64,0.099499,0.010289,0.0,81
1,1,0,0,0,0,0,0,0,0,1,0,1,0,1,1,1,1,1,0,1,1,0,0,1,0,0,0,0,1,1,0,1,0,1,0,0,0,soccer_cif.y4m,3.01,2.998,0.145155,0.009115,0.0,155
1,1,0,0,0,1,0,0,0,0,0,0,1,1,0,1,0,1,1,1,0,1,1,0,0,0,0,0,0,1,1,0,1,1,0,0,0,0,soccer_cif.y4m,5.04,5.116,0.206228,0.010727,0.0,185
1,1,0,0,1,0,0,0,0,0,0,0,1,1,0,1,0,0,1,0,1,1,0,0,0,0,0,1,0,1,0,1,0,0,0,0,0,0,soccer_cif.y4m,3.8,3.788,0.038341,0.008312,0.0,376
1,1,0,0,0,0,0,0,1,0,0,0,1,1,0,1,0,1,1,0,1,1,0,1,0,0,0,0,0,1,1,0,0,0,0,0,0,0,soccer_cif.y4m,1.61,1.564,0.103586,0.008134,0.0,204
1,1,0,0,0,0,0,0,1,0,0,0,1,1,0,1,1,0,1,0,1,1,0,0,0,0,1,0,0,1,1,0,1,0,0,0,0,1,soccer_cif.y4m,168.55,168.354,0.574178,0.008757,0.0,246
1,1,0,0,0,0,0,1,0,0,0,0,1,1,0,1,1,1,1,0,1,1,0,0,1,0,0,0,0,1,0,1,0,0,0,0,0,0,soccer_cif.y4m,120.4,120.354,0.234904,0.010316,0.0,230
1,1,0,0,0,0,0,0,1,0,0,0,1,0,1,1,1,0,1,0,1,1,0,0,0,0,0,1,0,1,1,0,1,0,0,0,1,0,soccer_cif.y4m,108.62,108.594,0.225898,0.013578,0.0,27
1,1,0,1,0,0,0,0,0,0,0,0,1,1,0,1,1,1,1,0,1,1,1,0,0,0,0,0,0,1,1,0,0,0,0,0,0,0,soccer_cif.y4m,5.62,5.636,0.06229,0.009061,0.0,137
1,1,0,0,0,0,0,0,0,0,1,0,1,1,0,1,1,1,1,1,0,1,0,0,0,0,1,0,0,1,0,1,1,0,0,0,1,0,soccer_cif.y4m,5.37,5.37,0.012247,0.010665,0.0,169
1,1,0,0,0,0,0,0,0,0,1,0,1,0,1,1,0,1,1,0,1,1,1,0,0,0,0,0,0,1,0,1,1,0,0,0,0,1,soccer_cif.y4m,219.64,219.886,0.6501,0.010244,0.0,33
1,1,0,0,0,0,0,0,1,0,0,0,1,0,1,1,0,1,1,0,1,1,0,1,0,0,0,0,0,1,1,0,0,0,0,0,0,0,soccer_cif.y4m,27.58,27.572,0.075299,0.013269,0.0,205
1,1,0,0,0,0,0,0,0,0,1,0,1,1,0,1,1,0,1,0,1,1,0,0,0,0,1,0,0,1,1,0,1,0,0,0,0,1,soccer_cif.y4m,6.26,6.256,0.015166,0.00979,0.0,245
1,1,1,0,0,0,0,0,0,0,0,0,1,1,0,1,0,0,1,1,0,1,0,0,1,0,0,0,0,1,1,0,1,0,0,0,0,1,soccer_cif.y4m,5.13,5.08,0.137295,0.008107,0.0,163
1,1,0,0,1,0,0,0,0,0,0,0,1,1,0,1,1,0,1,1,0,1,1,0,0,0,0,0,0,1,0,1,1,1,0,0,0,0,soccer_cif.y4m,3.61,3.6,0.06442,0.008312,0.0,4
1,1,0,0,1,0,0,0,0,0,0,0,1,1,0,1,0,0,1,0,1,1,1,0,0,0,0,0,0,1,1,0,1,0,0,0,1,0,soccer_cif.y4m,2.36,2.362,0.041473,0.011357,0.0,141
1,1,1,0,0,0,0,0,0,0,0,0,1,1,0,1,1,1,1,0,1,1,0,0,1,0,0,0,0,1,1,0,1,1,0,0,0,0,soccer_cif.y4m,292.01,291.678,0.496457,0.008791,0.0,159
1,1,0,0,0,0,0,0,1,0,0,0,1,1,0,1,0,1,1,0,1,1,0,0,1,0,0,0,0,1,0,1,1,0,0,0,0,1,soccer_cif.y4m,9.1,9.14,0.146458,0.010796,0.0,336
1,1,0,0,0,1,0,0,0,0,0,0,1,1,0,1,0,0,1,0,1,1,0,0,0,0,0,0,1,1,1,0,1,0,0,0,1,0,soccer_cif.y4m,54.46,54.17,0.750933,0.01018,0.0,72
1,1,0,0,0,0,0,0,1,0,0,0,1,1,0,1,1,0,1,1,0,1,0,0,1,0,0,0,0,1,1,0,1,0,0,0,0,1,soccer_cif.y4m,5.33,5.356,0.07733,0.009815,0.0,248
1,1,0,1,0,0,0,0,0,0,0,0,1,0,1,1,1,1,1,1,0,1,0,0,0,0,0,1,0,1,0,1,1,0,0,0,0,1,soccer_cif.y4m,183.06,183.522,0.667323,0.00863,0.0,130
1,1,0,0,0,1,0,0,0,0,0,0,1,0,1,1,1,1,1,1,0,1,0,0,0,0,0,0,1,1,1,0,0,0,0,0,0,0,soccer_cif.y4m,221.68,221.658,0.058907,0.010693,0.0,324
1,1,1,0,0,0,0,0,0,0,0,0,1,0,1,1,0,1,1,1,0,1,0,1,0,0,0,0,0,1,0,1,0,0,0,0,0,0,soccer_cif.y4m,168.78,168.366,0.879761,0.013535,0.0,354
1,1,0,0,0,0,0,0,0,0,1,0,1,0,1,1,0,0,1,1,0,1,0,0,0,1,0,0,0,1,0,1,0,0,0,0,0,0,soccer_cif.y4m,130.74,130.338,1.303925,0.008039,0.0,291
1,1,0,0,0,0,0,0,0,0,1,0,1,1,0,1,0,0,1,1,0,1,0,1,0,0,0,0,0,1,1,0,1,0,1,0,0,0,soccer_cif.y4m,2.57,2.536,0.105972,0.007922,0.0,237
1,1,0,0,0,1,0,0,0,0,0,0,1,1,0,1,1,0,1,1,0,1,1,0,0,0,0,0,0,1,1,0,1,1,0,0,0,0,soccer_cif.y4m,3.85,3.846,0.033615,0.009091,0.0,183
1,1,0,0,0,1,0,0,0,0,0,0,1,0,1,1,1,1,1,0,1,1,0,0,1,0,0,0,0,1,0,1,0,0,0,0,0,0,soccer_cif.y4m,3.03,3.014,0.084439,0.008615,0.0,227
1,1,0,0,0,0,0,0,1,0,0,0,1,1,0,1,0,1,1,0,1,1,0,0,0,0,0,1,0,1,0,1,0,0,0,0,0,0,soccer_cif.y4m,6.31,6.296,0.033615,0.009099,0.0,338
1,1,0,0,1,0,0,0,0,0,0,0,1,0,1,1,0,0,1,0,1,1,1,0,0,0,0,0,0,1,1,0,1,0,0,0,1,0,soccer_cif.y4m,26.49,26.52,0.098742,0.010196,0.0,142
1,1,0,0,1,0,0,0,0,0,0,0,1,1,0,1,1,1,1,0,1,1,0,0,1,0,0,0,0,1,1,0,1,0,0,0,0,1,soccer_cif.y4m,14.12,14.138,0.047117,0.010826,0.0,332
1,1,0,0,0,0,0,0,0,1,0,0,1,0,1,1,0,0,1,1,0,1,0,0,0,0,1,0,0,1,0,1,1,0,0,0,1,0,soccer_cif.y4m,278.07,277.766,0.864338,0.00807,0.0,95
1,1,0,0,1,0,0,0,0,0,0,0,1,0,1,1,0,0,1,0,1,1,0,0,0,1,0,0,0,1,0,1,0,0,0,0,0,0,soccer_cif.y4m,9.65,9.64,0.014142,0.010834,0.0,289
1,1,0,0,1,0,0,0,0,0,0,0,1,1,0,1,0,0,1,0,1,1,0,0,0,0,0,1,0,1,0,1,1,0,0,1,0,0,soccer_cif.y4m,2.18,2.168,0.023875,0.007922,0.0,378
1,1,0,0,1,0,0,0,0,0,0,0,1,1,0,1,1,1,1,1,0,1,0,0,1,0,0,0,0,1,0,1,1,0,0,0,1,0,soccer_cif.y4m,59.36,59.36,0.319218,0.010167,0.0,278
1,1,0,0,0,0,0,0,0,0,1,0,1,0,1,1,1,0,1,0,1,1,1,0,0,0,0,0,0,1,0,1,1,0,0,0,1,0,soccer_cif.y4m,6.63,6.68,0.088318,0.010755,0.0,30
1,1,0,0,1,0,0,0,0,0,0,0,1,1,0,1,0,0,1,0,1,1,0,1,0,0,0,0,0,1,0,1,1,0,0,0,0,1,soccer_cif.y4m,2.24,2.22,0.05099,0.008871,0.0,120
1,1,0,0,0,1,0,0,0,0,0,0,1,1,0,1,1,1,1,0,1,1,0,0,0,0,0,1,0,1,0,1,0,0,0,0,0,0,soccer_cif.y4m,3.02,3.028,0.067602,0.008379,0.0,265
1,1,0,0,0,0,0,0,0,0,1,0,1,1,0,1,1,0,1,1,0,1,0,0,0,0,0,1,0,1,0,1,0,0,0,0,0,0,soccer_cif.y4m,5.42,5.398,0.060992,0.008187,0.0,296
1,1,0,0,0,0,0,1,0,0,0,0,1,1,0,1,1,1,1,1,0,1,0,1,0,0,0,0,0,1,0,1,0,0,0,0,0,0,soccer_cif.y4m,9.46,9.422,0.104976,0.009013,0.0,232
1,1,0,0,0,0,0,0,0,0,1,0,1,0,1,1,0,0,1,1,0,1,0,0,1,0,0,0,0,1,1,0,1,0,0,1,0,0,soccer_cif.y4m,7.27,7.262,0.075961,0.010547,0.0,310
1,1,0,0,0,0,0,1,0,0,0,0,1,0,1,1,1,1,1,0,1,1,0,0,0,0,0,1,0,1,0,1,1,0,0,1,0,0,soccer_cif.y4m,173.27,173.176,0.218128,0.010574,0.0,349
1,1,0,0,1,0,0,0,0,0,0,0,1,1,0,1,0,1,1,0,1,1,0,0,0,0,0,1,0,1,0,1,0,0,0,0,0,0,soccer_cif.y4m,5.13,5.138,0.040249,0.010639,0.0,377
1,1,0,0,0,0,0,0,0,1,0,0,1,0,1,1,1,1,1,1,0,1,0,0,0,0,1,0,0,1,0,1,1,0,0,0,1,0,soccer_cif.y4m,296.92,296.77,0.540786,0.010269,0.0,94
1,1,1,0,0,0,0,0,0,0,0,0,1,1,0,1,1,0,1,0,1,1,1,0,0,0,0,0,0,1,0,1,1,1,0,0,0,0,soccer_cif.y4m,6.54,6.532,0.077266,0.010727,0.0,178
1,1,0,0,0,0,0,0,0,0,1,0,1,0,1,1,0,0,1,1,0,1,0,0,0,0,0,1,0,1,0,1,1,0,0,0,0,1,soccer_cif.y4m,7.01,7.03,0.038079,0.01056,0.0,127
1,1,0,0,0,0,0,1,0,0,0,0,1,0,1,1,1,0,1,0,1,1,0,0,0,1,0,0,0,1,0,1,1,0,0,0,1,0,soccer_cif.y4m,2.34,2.322,0.040866,0.007947,0.0,111
1,1,1,0,0,0,0,0,0,0,0,0,1,0,1,1,0,1,1,1,0,1,0,1,0,0,0,0,0,1,0,1,1,0,0,1,0,0,soccer_cif.y4m,5.13,5.14,0.025495,0.009432,0.0,353
1,1,0,0,0,0,1,0,0,0,0,0,1,0,1,1,1,1,1,1,0,1,0,1,0,0,0,0,0,1,1,0,1,0,0,0,1,0,soccer_cif.y4m,5.24,5.22,0.054314,0.008817,0.0,45
1,1,0,0,0,1,0,0,0,0,0,0,1,0,1,1,1,1,1,0,1,1,0,0,1,0,0,0,0,1,1,0,0,0,0,0,0,0,soccer_cif.y4m,1.99,1.936,0.090995,0.008752,0.0,226
1,1,0,0,0,0,0,0,0,0,0,1,1,1,0,1,1,0,1,0,1,1,0,0,0,0,0,1,0,1,1,0,1,0,0,0,0,1,soccer_cif.y4m,6.07,6.086,0.055946,0.008679,0.0,59
1,1,0,0,0,0,0,0,1,0,0,0,1,1,0,1,1,1,1,1,0,1,1,0,0,0,0,0,0,1,0,1,1,1,0,0,0,0,soccer_cif.y4m,57.7,57.666,0.13069,0.009029,0.0,19
1,1,0,0,0,0,0,0,0,0,0,1,1,1,0,1,0,1,1,0,1,1,0,0,0,1,0,0,0,1,1,0,1,1,0,0,0,0,soccer_cif.y4m,37.46,37.28,0.48296,0.010257,0.0,304
1,1,0,0,0,0,0,0,1,0,0,0,1,0,1,1,0,1,1,0,1,1,0,1,0,0,0,0,0,1,0,1,0,0,0,0,0,0,soccer_cif.y4m,5.31,5.306,0.050299,0.009815,0.0,207
1,1,0,0,0,0,1,0,0,0,0,0,1,1,0,1,1,1,1,1,0,1,0,1,0,0,0,0,0,1,1,0,0,0,0,0,0,0,soccer_cif.y4m,306.09,308.264,5.416561,0.008659,0.0,43
1,1,0,0,0,0,1,0,0,0,0,0,1,1,0,1,1,0,1,1,0,1,1,0,0,0,0,0,0,1,1,0,1,0,0,0,0,1,soccer_cif.y4m,3.1,3.084,0.036469,0.007855,0.0,40
1,1,0,0,0,1,0,0,0,0,0,0,1,0,1,1,0,1,1,1,0,1,1,0,0,0,0,0,0,1,1,0,1,1,0,0,0,0,soccer_cif.y4m,198.34,198.666,1.002237,0.010672,0.0,186
1,1,0,0,1,0,0,0,0,0,0,0,1,0,1,1,0,0,1,0,1,1,0,0,0,1,0,0,0,1,0,1,1,0,0,0,0,1,soccer_cif.y4m,3.55,3.538,0.080436,0.008899,0.0,288
1,1,1,0,0,0,0,0,0,0,0,0,1,1,0,1,1,0,1,1,0,1,0,1,0,0,0,0,0,1,1,0,1,0,1,0,0,0,soccer_cif.y4m,4.96,4.97,0.066332,0.008722,0.0,82
1,1,0,0,0,0,0,0,0,0,1,0,1,0,1,1,1,1,1,0,1,1,0,0,0,1,0,0,0,1,0,1,0,0,0,0,0,0,soccer_cif.y4m,4.38,4.348,0.083487,0.009285,0.0,211
1,1,0,0,1,0,0,0,0,0,0,0,1,0,1,1,1,1,1,0,1,1,0,0,0,0,0,1,0,1,1,0,1,0,0,1,0,0,soccer_cif.y4m,166.5,166.056,0.951804,0.008757,0.0,347
1,1,0,1,0,0,0,0,0,0,0,0,1,0,1,1,0,0,1,1,0,1,1,0,0,0,0,0,0,1,1,0,1,0,0,0,1,0,soccer_cif.y4m,9.43,9.406,0.137222,0.008241,0.0,13
1,1,0,0,0,0,0,1,0,0,0,0,1,0,1,1,1,1,1,0,1,1,0,0,1,0,0,0,0,1,0,1,0,0,0,0,0,0,soccer_cif.y4m,472.56,472.482,0.516207,0.008017,0.0,228
1,1,0,0,0,0,0,0,0,1,0,0,1,1,0,1,0,1,1,0,1,1,0,0,1,0,0,0,0,1,0,1,1,0,0,0,0,1,soccer_cif.y4m,7.04,7.006,0.093968,0.01025,0.0,335
1,1,0,0,0,0,0,0,1,0,0,0,1,1,0,1,1,0,1,0,1,1,0,0,1,0,0,0,0,1,1,0,1,1,0,0,0,0,soccer_cif.y4m,22.9,22.93,0.170294,0.010625,0.0,24
1,1,1,0,0,0,0,0,0,0,0,0,1,0,1,1,0,1,1,0,1,1,0,1,0,0,0,0,0,1,0,1,1,0,0,1,0,0,soccer_cif.y4m,320.5,320.688,0.492514,0.01337,0.0,352
1,1,0,0,0,0,1,0,0,0,0,0,1,0,1,1,0,0,1,1,0,1,0,0,0,0,0,1,0,1,1,0,0,0,0,0,0,0,soccer_cif.y4m,4.54,4.526,0.0251,0.009299,0.0,368
1,1,1,0,0,0,0,0,0,0,0,0,1,0,1,1,1,1,1,1,0,1,0,1,0,0,0,0,0,1,1,0,0,0,0,0,0,0,soccer_cif.y4m,2.0,1.996,0.02881,0.008471,0.0,80
1,1,0,0,1,0,0,0,0,0,0,0,1,1,0,1,0,0,1,0,1,1,0,1,0,0,0,0,0,1,0,1,0,0,0,0,0,0,soccer_cif.y4m,36.06,36.042,0.057619,0.009095,0.0,121
1,1,0,0,0,0,0,0,0,0,1,0,1,0,1,1,1,1,1,0,1,1,0,0,1,0,0,0,0,1,1,0,1,1,0,0,0,0,soccer_cif.y4m,4.3,4.306,0.059414,0.009061,0.0,156
1,1,0,1,0,0,0,0,0,0,0,0,1,0,1,1,1,1,1,1,0,1,0,0,0,0,0,1,0,1,1,0,1,1,0,0,0,0,soccer_cif.y4m,1.31,1.316,0.043359,0.007999,0.0,9
1,1,0,0,0,0,0,0,0,0,1,0,1,1,0,1,0,0,1,1,0,1,0,0,0,0,1,0,0,1,1,0,1,0,0,0,0,1,soccer_cif.y4m,5.94,5.886,0.12522,0.00979,0.0,165
1,1,0,0,0,0,0,0,0,0,1,0,1,0,1,1,0,0,1,1,0,1,0,1,0,0,0,0,0,1,0,1,1,0,0,0,0,1,soccer_cif.y4m,5.39,5.39,0.037417,0.009425,0.0,126
1,1,0,0,1,0,0,0,0,0,0,0,1,1,0,1,1,1,1,0,1,1,0,0,1,0,0,0,0,1,0,1,1,0,1,0,0,0,soccer_cif.y4m,2.26,2.208,0.122147,0.008471,0.0,280
1,1,0,0,0,0,0,1,0,0,0,0,1,0,1,1,1,1,1,1,0,1,0,1,0,0,0,0,0,1,0,1,1,0,0,0,1,0,soccer_cif.y4m,1.72,1.692,0.068702,0.011732,0.0,172
1,1,0,0,0,0,0,0,0,0,1,0,1,0,1,1,0,1,1,1,0,1,0,0,0,1,0,0,0,1,0,1,0,0,0,0,0,0,soccer_cif.y4m,7.57,7.592,0.041473,0.010637,0.0,292
1,1,0,0,0,0,0,0,0,0,1,0,1,1,0,1,1,1,1,0,1,1,0,0,0,0,0,1,0,1,1,0,0,0,0,0,0,0,soccer_cif.y4m,20.86,20.866,0.035071,0.008501,0.0,105
1,1,0,0,0,1,0,0,0,0,0,0,1,0,1,1,1,1,1,0,1,1,0,0,0,0,0,0,1,1,1,0,1,0,1,0,0,0,soccer_cif.y4m,12.53,12.542,0.066106,0.010788,0.0,76
1,1,0,0,0,1,0,0,0,0,0,0,1,0,1,1,0,0,1,1,0,1,1,0,0,0,0,0,0,1,1,0,1,0,0,0,0,1,soccer_cif.y4m,163.23,163.152,0.144465,0.008046,0.0,221
1,1,0,0,0,0,0,0,0,0,1,0,1,1,0,1,1,0,1,1,0,1,0,0,0,0,1,0,0,1,0,1,1,0,0,0,0,1,soccer_cif.y4m,37.56,37.7,0.384383,0.010555,0.0,167
1,1,0,0,0,0,0,0,0,0,1,0,1,0,1,1,0,1,1,0,1,1,1,0,0,0,0,0,0,1,1,0,1,0,0,0,0,1,soccer_cif.y4m,318.41,318.362,0.172829,0.010624,0.0,35
1,1,0,0,1,0,0,0,0,0,0,0,1,1,0,1,0,0,1,1,0,1,0,1,0,0,0,0,0,1,0,1,1,0,1,0,0,0,soccer_cif.y4m,4.17,4.184,0.034351,0.009155,0.0,235
1,1,0,0,0,0,0,0,0,1,0,0,1,1,0,1,1,1,1,0,1,1,0,0,1,0,0,0,0,1,0,1,1,0,0,0,0,1,soccer_cif.y4m,9.39,9.404,0.027928,0.010829,0.0,333
1,1,0,0,0,0,1,0,0,0,0,0,1,0,1,1,1,1,1,1,0,1,0,1,0,0,0,0,0,1,1,0,0,0,0,0,0,0,soccer_cif.y4m,148.88,149.02,0.391088,0.008046,0.0,44
1,1,0,0,1,0,0,0,0,0,0,0,1,0,1,1,0,1,1,1,0,1,0,1,0,0,0,0,0,1,0,1,1,1,0,0,0,0,soccer_cif.y4m,280.79,280.986,0.524481,0.010228,0.0,256
1,1,0,0,0,0,0,1,0,0,0,0,1,0,1,1,1,0,1,0,1,1,0,1,0,0,0,0,0,1,0,1,1,0,0,0,0,1,soccer_cif.y4m,646.87,646.892,0.696111,0.010855,0.0,192
1,1,0,0,0,0,1,0,0,0,0,0,1,1,0,1,1,1,1,1,0,1,1,0,0,0,0,0,0,1,1,0,1,0,0,0,0,1,soccer_cif.y4m,19.93,19.924,0.077653,0.010277,0.0,41
1,1,0,0,0,0,0,0,0,0,1,0,1,0,1,1,0,1,1,1,0,1,0,0,0,0,0,1,0,1,0,1,1,0,0,0,1,0,soccer_cif.y4m,187.48,187.38,0.201494,0.012649,0.0,273
1,1,0,0,0,0,0,0,0,0,1,0,1,1,0,1,0,1,1,0,1,1,0,0,0,0,0,1,0,1,0,1,0,0,0,0,0,0,soccer_cif.y4m,116.7,116.74,0.172772,0.012727,0.0,101
1,1,0,0,0,0,0,0,0,0,1,0,1,0,1,1,1,1,1,0,1,1,0,0,0,0,1,0,0,1,1,0,1,0,1,0,0,0,soccer_cif.y4m,91.57,91.49,0.193778,0.008104,0.0,242
1,1,0,0,0,0,0,0,0,0,1,0,1,1,0,1,0,1,1,0,1,1,0,0,0,0,0,1,0,1,1,0,0,0,0,0,0,0,soccer_cif.y4m,6.52,6.57,0.128062,0.011458,0.0,103
1,1,1,0,0,0,0,0,0,0,0,0,1,1,0,1,1,0,1,1,0,1,0,1,0,0,0,0,0,1,0,1,0,0,0,0,0,0,soccer_cif.y4m,170.96,170.67,0.611719,0.010297,0.0,1
1,1,0,0,0,0,0,1,0,0,0,0,1,1,0,1,0,0,1,0,1,1,0,0,0,0,0,1,0,1,0,1,1,0,0,0,0,1,soccer_cif.y4m,5.26,5.26,0.077782,0.009432,0.0,56
1,1,0,0,1,0,0,0,0,0,0,0,1,0,1,1,0,0,1,0,1,1,0,0,0,0,0,0,1,1,0,1,0,0,0,0,0,0,soccer_cif.y4m,19.85,19.826,0.110136,0.008501,0.0,373
1,1,0,0,0,0,0,0,1,0,0,0,1,1,0,1,1,1,1,0,1,1,0,1,0,0,0,0,0,1,0,1,1,0,1,0,0,0,soccer_cif.y4m,234.27,234.388,1.607209,0.007962,0.0,318
1,1,0,0,0,1,0,0,0,0,0,0,1,1,0,1,0,0,1,1,0,1,0,0,0,0,1,0,0,1,1,0,0,0,0,0,0,0,soccer_cif.y4m,302.57,302.654,0.360735,0.008831,0.0,69
1,1,0,1,0,0,0,0,0,0,0,0,1,0,1,1,0,0,1,1,0,1,0,0,0,0,0,1,0,1,1,0,1,1,0,0,0,0,soccer_cif.y4m,4.68,4.692,0.048683,0.010624,0.0,11
1,1,0,0,1,0,0,0,0,0,0,0,1,0,1,1,0,0,1,1,0,1,0,1,0,0,0,0,0,1,0,1,1,0,0,1,0,0,soccer_cif.y4m,4.41,4.412,0.028636,0.008723,0.0,258
1,1,0,0,0,0,0,0,0,0,1,0,1,0,1,1,0,0,1,1,0,1,0,1,0,0,0,0,0,1,1,0,1,0,1,0,0,0,soccer_cif.y4m,417.68,417.868,0.452184,0.010972,0.0,238
1,1,0,0,0,0,0,1,0,0,0,0,1,0,1,1,1,0,1,1,0,1,1,0,0,0,0,0,0,1,0,1,1,0,0,0,1,0,soccer_cif.y4m,437.82,438.284,1.64822,0.00876,0.0,173
1,1,0,0,0,0,0,1,0,0,0,0,1,0,1,1,0,1,1,0,1,1,0,1,0,0,0,0,0,1,0,1,1,1,0,0,0,0,soccer_cif.y4m,486.92,486.364,2.32286,0.010206,0.0,190
1,1,0,1,0,0,0,0,0,0,0,0,1,0,1,1,1,0,1,1,0,1,0,0,0,0,0,1,0,1,0,1,1,1,0,0,0,0,soccer_cif.y4m,110.24,110.062,0.360721,0.010302,0.0,7
1,1,0,0,0,1,0,0,0,0,0,0,1,0,1,1,1,1,1,0,1,1,0,0,0,0,0,0,1,1,1,0,0,0,0,0,0,0,soccer_cif.y4m,2.36,2.352,0.021679,0.008558,0.0,323
1,1,0,0,0,1,0,0,0,0,0,0,1,0,1,1,0,0,1,0,1,1,0,0,0,0,0,0,1,1,1,0,1,0,0,0,1,0,soccer_cif.y4m,317.46,314.294,13.065766,0.010189,0.0,73
1,1,0,0,0,0,0,0,0,0,1,0,1,0,1,1,1,0,1,0,1,1,0,1,0,0,0,0,0,1,0,1,0,0,0,0,0,0,soccer_cif.y4m,290.4,289.45,1.811753,0.008659,0.0,209
1,1,0,1,0,0,0,0,0,0,0,0,1,1,0,1,1,0,1,0,1,1,1,0,0,0,0,0,0,1,1,0,0,0,0,0,0,0,soccer_cif.y4m,4.5,4.492,0.061806,0.009854,0.0,138
1,1,0,0,0,1,0,0,0,0,0,0,1,1,0,1,1,1,1,1,0,1,0,0,0,0,0,1,0,1,0,1,0,0,0,0,0,0,soccer_cif.y4m,110.92,110.898,0.244274,0.010692,0.0,264
1,1,0,0,0,0,0,0,0,1,0,0,1,0,1,1,0,1,1,0,1,1,0,0,0,0,0,1,0,1,0,1,1,0,0,0,1,0,soccer_cif.y4m,309.91,309.464,0.885257,0.008831,0.0,98
1,1,0,0,0,0,0,0,0,0,1,0,1,1,0,1,0,0,1,0,1,1,0,0,0,0,0,1,0,1,1,0,1,0,0,1,0,0,soccer_cif.y4m,4.52,4.468,0.117771,0.009554,0.0,380
1,1,0,0,1,0,0,0,0,0,0,0,1,1,0,1,1,1,1,1,0,1,0,1,0,0,0,0,0,1,1,0,1,0,1,0,0,0,soccer_cif.y4m,305.79,306.158,1.290337,0.012584,0.0,85
1,1,0,0,0,0,0,0,0,0,1,0,1,0,1,1,0,0,1,0,1,1,1,0,0,0,0,0,0,1,0,1,1,0,0,0,1,0,soccer_cif.y4m,160.6,160.356,0.558417,0.008758,0.0,31
1,1,0,1,0,0,0,0,0,0,0,0,1,0,1,1,1,0,1,1,0,1,0,0,0,0,0,1,0,1,1,0,1,1,0,0,0,0,soccer_cif.y4m,3.67,3.658,0.021679,0.007855,0.0,8
1,1,0,0,1,0,0,0,0,0,0,0,1,1,0,1,1,1,1,1,0,1,1,0,0,0,0,0,0,1,0,1,1,1,0,0,0,0,soccer_cif.y4m,6.83,6.792,0.137186,0.009099,0.0,216
1,1,0,0,1,0,0,0,0,0,0,0,1,1,0,1,1,1,1,0,1,1,0,0,0,1,0,0,0,1,0,1,1,1,0,0,0,0,soccer_cif.y4m,1.87,1.812,0.114105,0.008871,0.0,214
1,1,0,0,0,0,0,0,1,0,0,0,1,1,0,1,0,0,1,1,0,1,0,0,0,0,0,1,0,1,1,0,0,0,0,0,0,0,soccer_cif.y4m,8.11,8.132,0.035637,0.009434,0.0,341
1,1,0,0,1,0,0,0,0,0,0,0,1,1,0,1,0,0,1,1,0,1,0,1,0,0,0,0,0,1,1,0,1,0,1,0,0,0,soccer_cif.y4m,4.78,4.702,0.135904,0.010587,0.0,236
1,1,0,0,0,0,0,0,0,0,1,0,1,0,1,1,0,0,1,0,1,1,0,0,0,0,1,0,0,1,1,0,1,0,1,0,0,0,soccer_cif.y4m,9.92,9.914,0.029665,0.01148,0.0,240
1,1,0,0,0,0,0,1,0,0,0,0,1,0,1,1,0,0,1,0,1,1,0,0,0,1,0,0,0,1,0,1,1,0,0,0,1,0,soccer_cif.y4m,7.0,6.982,0.058052,0.011458,0.0,51
1,1,1,0,0,0,0,0,0,0,0,0,1,0,1,1,1,1,1,0,1,1,0,0,0,0,0,0,1,1,1,0,1,0,1,0,0,0,soccer_cif.y4m,6.2,6.114,0.248857,0.008351,0.0,77
1,1,0,0,0,0,0,0,0,0,1,0,1,0,1,1,1,0,1,1,0,1,0,0,0,0,0,1,0,1,0,1,1,0,0,0,0,1,soccer_cif.y4m,5.96,5.96,0.012247,0.008608,0.0,128
1,1,0,0,1,0,0,0,0,0,0,0,1,1,0,1,0,0,1,1,0,1,0,1,0,0,0,0,0,1,0,1,0,0,0,0,0,0,soccer_cif.y4m,134.16,134.46,0.883516,0.008039,0.0,234
1,1,0,0,0,0,0,0,1,0,0,0,1,0,1,1,1,0,1,0,1,1,0,0,0,0,0,1,0,1,0,1,1,0,0,0,1,0,soccer_cif.y4m,683.32,683.658,0.89617,0.010855,0.0,28
1,1,0,0,1,0,0,0,0,0,0,0,1,1,0,1,1,0,1,0,1,1,1,0,0,0,0,0,0,1,1,0,0,0,0,0,0,0,soccer_cif.y4m,106.64,106.692,0.282613,0.010302,0.0,139
1,1,0,0,0,0,0,0,0,0,1,0,1,0,1,1,1,0,1,1,0,1,0,0,0,0,1,0,0,1,1,0,1,0,1,0,0,0,soccer_cif.y4m,1.43,1.45,0.04062,0.008134,0.0,152
1,1,0,1,0,0,0,0,0,0,0,0,1,0,1,1,0,0,1,1,0,1,0,0,0,0,0,1,0,1,1,0,1,0,0,0,1,0,soccer_cif.y4m,212.16,212.192,0.313002,0.013462,0.0,12
1,1,0,0,0,0,1,0,0,0,0,0,1,0,1,1,0,1,1,1,0,1,0,0,0,0,0,1,0,1,1,0,0,0,0,0,0,0,soccer_cif.y4m,1.62,1.55,0.107935,0.008134,0.0,369
1,1,0,0,0,0,0,0,0,0,0,1,1,1,0,1,1,0,1,0,1,1,0,0,0,0,0,1,0,1,0,1,1,0,0,0,0,1,soccer_cif.y4m,37.72,37.838,0.307522,0.010555,0.0,58
1,1,0,0,0,0,0,0,1,0,0,0,1,1,0,1,1,0,1,1,0,1,1,0,0,0,0,0,0,1,1,0,0,0,0,0,0,0,soccer_cif.y4m,42.81,42.796,0.116748,0.012962,0.0,64
1,1,0,0,0,0,0,0,1,0,0,0,1,1,0,1,1,0,1,1,0,1,0,0,1,0,0,0,0,1,1,0,1,1,0,0,0,0,soccer_cif.y4m,27.78,27.8,0.109772,0.008388,0.0,21
1,1,0,0,0,1,0,0,0,0,0,0,1,0,1,1,1,1,1,0,1,1,0,0,1,0,0,0,0,1,1,0,1,0,0,0,0,1,soccer_cif.y4m,165.41,165.454,0.288669,0.008757,0.0,225
1,1,0,0,0,0,1,0,0,0,0,0,1,0,1,1,1,0,1,1,0,1,0,0,0,0,0,1,0,1,1,0,1,0,0,0,1,0,soccer_cif.y4m,244.96,244.976,0.766994,0.010244,0.0,366
1,1,0,0,0,0,0,1,0,0,0,0,1,0,1,1,1,1,1,0,1,1,0,0,1,0,0,0,0,1,0,1,1,0,0,0,0,1,students_cif.y4m,9.66,9.664,0.041593,0.002697,0.0,114
1,1,0,0,1,0,0,0,0,0,0,0,1,1,0,1,1,1,1,0,1,1,0,0,1,0,0,0,0,1,1,0,1,0,1,0,0,0,students_cif.y4m,6.53,6.52,0.04,0.002425,0.0,281
1,1,0,0,0,1,0,0,0,0,0,0,1,0,1,1,1,0,1,1,0,1,0,0,0,0,0,0,1,1,1,0,1,0,0,1,0,0,students_cif.y4m,13.57,13.574,0.038471,0.00263,0.0,325
1,1,1,0,0,0,0,0,0,0,0,0,1,1,0,1,1,0,1,1,0,1,0,0,0,0,1,0,0,1,1,0,1,1,0,0,0,0,students_cif.y4m,11.55,11.536,0.04669,0.00246,0.0,181
1,1,0,0,0,0,0,0,1,0,0,0,1,1,0,1,1,0,1,0,1,1,0,0,1,0,0,0,0,1,1,0,1,0,0,0,0,1,students_cif.y4m,254.4,260.08,10.29146,0.003124,0.0,247
1,1,0,0,0,0,0,0,0,0,1,0,1,1,0,1,1,0,1,1,0,1,0,0,0,0,1,0,0,1,1,0,1,0,0,0,0,1,students_cif.y4m,317.55,317.644,0.253634,0.003627,0.0,166
1,1,0,0,0,0,0,0,1,0,0,0,1,1,0,1,1,0,1,0,1,1,0,0,1,0,0,0,0,1,1,0,1,0,0,0,1,0,students_cif.y4m,9.94,10.01,0.121037,0.002359,0.0,25
1,1,0,0,0,0,0,1,0,0,0,0,1,0,1,1,0,0,1,1,0,1,0,1,0,0,0,0,0,1,0,1,0,0,0,0,0,0,students_cif.y4m,25.49,25.588,0.168434,0.003988,0.0,355
1,1,0,0,1,0,0,0,0,0,0,0,1,1,0,1,0,0,1,1,0,1,1,0,0,0,0,0,0,1,1,0,1,0,0,0,0,1,students_cif.y4m,2.88,2.886,0.018166,0.001923,0.0,219
1,1,0,0,0,1,0,0,0,0,0,0,1,1,0,1,1,0,1,1,0,1,0,0,0,0,1,0,0,1,1,0,1,1,0,0,0,0,students_cif.y4m,25.63,25.608,0.173695,0.003988,0.0,182
1,1,0,1,0,0,0,0,0,0,0,0,1,0,1,1,0,1,1,1,0,1,0,0,0,0,0,1,0,1,1,0,1,1,0,0,0,0,students_cif.y4m,8.17,8.184,0.021909,0.002544,0.0,10
1,1,0,0,1,0,0,0,0,0,0,0,1,1,0,1,1,0,1,0,1,1,0,0,1,0,0,0,0,1,0,1,1,0,0,0,0,1,students_cif.y4m,137.3,137.306,0.33709,0.002685,0.0,116
1,1,0,0,0,1,0,0,0,0,0,0,1,1,0,1,1,1,1,0,1,1,0,0,0,0,0,1,0,1,0,1,1,1,0,0,0,0,students_cif.y4m,15.88,15.864,0.058992,0.002607,0.0,266
1,1,0,0,0,0,0,0,1,0,0,0,1,1,0,1,0,0,1,0,1,1,0,0,1,0,0,0,0,1,1,0,1,0,0,1,0,0,students_cif.y4m,58.83,58.458,0.872651,0.003993,0.0,313
1,1,0,0,0,0,0,1,0,0,0,0,1,0,1,1,0,0,1,1,0,1,0,0,0,0,0,0,1,1,0,1,0,0,0,0,0,0,students_cif.y4m,15.95,16.0,0.143003,0.003807,0.0,357
1,1,0,0,0,1,0,0,0,0,0,0,1,0,1,1,0,1,1,0,1,1,1,0,0,0,0,0,0,1,1,0,1,1,0,0,0,0,students_cif.y4m,4.79,4.808,0.057619,0.00398,0.0,187
1,1,0,0,0,0,0,0,1,0,0,0,1,1,0,1,1,1,1,0,1,1,0,0,1,0,0,0,0,1,1,0,1,1,0,0,0,0,students_cif.y4m,691.66,691.676,0.117388,0.003574,0.0,23
1,1,0,0,1,0,0,0,0,0,0,0,1,1,0,1,1,0,1,1,0,1,0,1,0,0,0,0,0,1,0,1,0,0,0,0,0,0,students_cif.y4m,83.4,83.446,0.28457,0.002742,0.0,2
1,1,0,0,0,0,0,0,0,0,0,1,1,1,0,1,1,0,1,0,1,1,0,0,0,0,0,1,0,1,1,0,1,1,0,0,0,0,students_cif.y4m,285.76,285.586,0.749186,0.003412,0.0,301
1,1,0,0,0,0,0,1,0,0,0,0,1,0,1,1,0,1,1,1,0,1,0,1,0,0,0,0,0,1,0,1,0,0,0,0,0,0,students_cif.y4m,300.85,302.156,4.610057,0.003693,0.0,356
1,1,0,0,0,0,0,0,0,0,1,0,1,1,0,1,0,1,1,0,1,1,0,0,0,0,0,1,0,1,0,1,1,1,0,0,0,0,students_cif.y4m,19.66,19.686,0.121161,0.003811,0.0,269
1,1,0,0,0,0,0,0,0,0,1,0,1,0,1,1,0,1,1,1,0,1,0,0,1,0,0,0,0,1,0,1,1,0,0,0,1,0,students_cif.y4m,11.86,11.838,0.054955,0.003869,0.0,274
1,1,0,0,0,0,0,0,0,0,1,0,1,0,1,1,0,1,1,1,0,1,0,0,0,1,0,0,0,1,1,0,1,1,0,0,0,0,students_cif.y4m,14.75,14.78,0.08124,0.003482,0.0,307
1,1,0,0,1,0,0,0,0,0,0,0,1,0,1,1,0,1,1,1,0,1,0,0,1,0,0,0,0,1,0,1,1,1,0,0,0,0,students_cif.y4m,46.01,45.946,0.152742,0.002621,0.0,254
1,1,0,0,0,0,0,0,0,0,1,0,1,0,1,1,0,1,1,0,1,1,0,1,0,0,0,0,0,1,0,1,0,0,0,0,0,0,students_cif.y4m,3.43,3.442,0.032711,0.002042,0.0,208
1,1,0,0,1,0,0,0,0,0,0,0,1,1,0,1,1,1,1,1,0,1,0,0,1,0,0,0,0,1,0,1,1,0,1,0,0,0,students_cif.y4m,4.48,4.482,0.032711,0.004749,0.0,279
1,1,0,0,0,0,0,1,0,0,0,0,1,1,0,1,1,1,1,1,0,1,0,1,0,0,0,0,0,1,0,1,1,0,0,0,1,0,students_cif.y4m,15.74,15.72,0.036742,0.003152,0.0,171
1,1,0,0,0,0,0,0,0,1,0,0,1,1,0,1,0,1,1,0,1,1,0,0,0,0,0,1,0,1,0,1,1,0,0,0,1,0,students_cif.y4m,59.79,59.476,0.757582,0.003993,0.0,99
1,1,1,0,0,0,0,0,0,0,0,0,1,0,1,1,1,1,1,1,0,1,0,1,0,0,0,0,0,1,1,0,1,0,1,0,0,0,students_cif.y4m,19.07,19.046,0.092358,0.003012,0.0,81
1,1,0,0,0,0,0,0,0,0,1,0,1,0,1,1,1,1,1,0,1,1,0,0,1,0,0,0,0,1,1,0,1,0,1,0,0,0,students_cif.y4m,5.49,5.492,0.010954,0.002608,0.0,155
1,1,0,0,0,1,0,0,0,0,0,0,1,1,0,1,0,1,1,1,0,1,1,0,0,0,0,0,0,1,1,0,1,1,0,0,0,0,students_cif.y4m,10.8,10.802,0.032711,0.003482,0.0,185
1,1,0,0,1,0,0,0,0,0,0,0,1,1,0,1,0,0,1,0,1,1,0,0,0,0,0,1,0,1,0,1,0,0,0,0,0,0,students_cif.y4m,6.33,6.35,0.037417,0.002252,0.0,376
1,1,0,0,0,0,0,0,1,0,0,0,1,1,0,1,0,1,1,0,1,1,0,1,0,0,0,0,0,1,1,0,0,0,0,0,0,0,students_cif.y4m,2.52,2.514,0.013416,0.002268,0.0,204
1,1,0,0,0,0,0,0,1,0,0,0,1,1,0,1,1,0,1,0,1,1,0,0,0,0,1,0,0,1,1,0,1,0,0,0,0,1,students_cif.y4m,191.92,191.428,0.928396,0.002882,0.0,246
1,1,0,0,0,0,0,1,0,0,0,0,1,1,0,1,1,1,1,0,1,1,0,0,1,0,0,0,0,1,0,1,0,0,0,0,0,0,students_cif.y4m,200.63,200.756,0.54647,0.003209,0.0,230
1,1,0,0,0,0,0,0,1,0,0,0,1,0,1,1,1,0,1,0,1,1,0,0,0,0,0,1,0,1,1,0,1,0,0,0,1,0,students_cif.y4m,206.15,206.26,0.263344,0.004672,0.0,27
1,1,0,1,0,0,0,0,0,0,0,0,1,1,0,1,1,1,1,0,1,1,1,0,0,0,0,0,0,1,1,0,0,0,0,0,0,0,students_cif.y4m,9.0,9.032,0.078549,0.002458,0.0,137
1,1,0,0,0,0,0,0,0,0,1,0,1,1,0,1,1,1,1,1,0,1,0,0,0,0,1,0,0,1,0,1,1,0,0,0,1,0,students_cif.y4m,11.51,11.528,0.040249,0.003744,0.0,169
1,1,0,0,0,0,0,0,0,0,1,0,1,0,1,1,0,1,1,0,1,1,1,0,0,0,0,0,0,1,0,1,1,0,0,0,0,1,students_cif.y4m,339.55,339.498,0.342593,0.003193,0.0,33
1,1,0,0,0,0,0,0,1,0,0,0,1,0,1,1,0,1,1,0,1,1,0,1,0,0,0,0,0,1,1,0,0,0,0,0,0,0,students_cif.y4m,60.36,60.376,0.121161,0.004587,0.0,205
1,1,0,0,0,0,0,0,0,0,1,0,1,1,0,1,1,0,1,0,1,1,0,0,0,0,1,0,0,1,1,0,1,0,0,0,0,1,students_cif.y4m,10.48,10.478,0.019235,0.002766,0.0,245
1,1,1,0,0,0,0,0,0,0,0,0,1,1,0,1,0,0,1,1,0,1,0,0,1,0,0,0,0,1,1,0,1,0,0,0,0,1,students_cif.y4m,11.09,11.09,0.050498,0.002281,0.0,163
1,1,0,0,1,0,0,0,0,0,0,0,1,1,0,1,1,0,1,1,0,1,1,0,0,0,0,0,0,1,0,1,1,1,0,0,0,0,students_cif.y4m,6.38,6.392,0.038987,0.002252,0.0,4
1,1,0,0,1,0,0,0,0,0,0,0,1,1,0,1,0,0,1,0,1,1,1,0,0,0,0,0,0,1,1,0,1,0,0,0,1,0,students_cif.y4m,6.18,6.122,0.114543,0.004749,0.0,141
1,1,1,0,0,0,0,0,0,0,0,0,1,1,0,1,1,1,1,0,1,1,0,0,1,0,0,0,0,1,1,0,1,1,0,0,0,0,students_cif.y4m,268.04,267.992,0.382256,0.003014,0.0,159
1,1,0,0,0,0,0,0,1,0,0,0,1,1,0,1,0,1,1,0,1,1,0,0,1,0,0,0,0,1,0,1,1,0,0,0,0,1,students_cif.y4m,26.47,26.444,0.169794,0.003872,0.0,336
1,1,0,0,0,1,0,0,0,0,0,0,1,1,0,1,0,0,1,0,1,1,0,0,0,0,0,0,1,1,1,0,1,0,0,0,1,0,students_cif.y4m,77.96,77.798,0.793895,0.003018,0.0,72
1,1,0,0,0,0,0,0,1,0,0,0,1,1,0,1,1,0,1,1,0,1,0,0,1,0,0,0,0,1,1,0,1,0,0,0,0,1,students_cif.y4m,8.84,8.84,0.036742,0.0029,0.0,248
1,1,0,1,0,0,0,0,0,0,0,0,1,0,1,1,1,1,1,1,0,1,0,0,0,0,0,1,0,1,0,1,1,0,0,0,0,1,students_cif.y4m,253.55,253.808,6.659697,0.002772,0.0,130
1,1,0,0,0,1,0,0,0,0,0,0,1,0,1,1,1,1,1,1,0,1,0,0,0,0,0,0,1,1,1,0,0,0,0,0,0,0,students_cif.y4m,382.1,382.282,0.464457,0.003842,0.0,324
1,1,1,0,0,0,0,0,0,0,0,0,1,0,1,1,0,1,1,1,0,1,0,1,0,0,0,0,0,1,0,1,0,0,0,0,0,0,students_cif.y4m,310.38,310.498,0.317522,0.004615,0.0,354
1,1,0,0,0,0,0,0,0,0,1,0,1,0,1,1,0,0,1,1,0,1,0,0,0,1,0,0,0,1,0,1,0,0,0,0,0,0,students_cif.y4m,200.49,199.186,1.899508,0.00261,0.0,291
1,1,0,0,0,0,0,0,0,0,1,0,1,1,0,1,0,0,1,1,0,1,0,1,0,0,0,0,0,1,1,0,1,0,1,0,0,0,students_cif.y4m,4.26,4.24,0.066332,0.002072,0.0,237
1,1,0,0,0,1,0,0,0,0,0,0,1,1,0,1,1,0,1,1,0,1,1,0,0,0,0,0,0,1,1,0,1,1,0,0,0,0,students_cif.y4m,5.74,5.732,0.010954,0.00249,0.0,183
1,1,0,0,0,1,0,0,0,0,0,0,1,0,1,1,1,1,1,0,1,1,0,0,1,0,0,0,0,1,0,1,0,0,0,0,0,0,students_cif.y4m,4.83,4.846,0.031305,0.002202,0.0,227
1,1,0,0,0,0,0,0,1,0,0,0,1,1,0,1,0,1,1,0,1,1,0,0,0,0,0,1,0,1,0,1,0,0,0,0,0,0,students_cif.y4m,13.92,13.896,0.068044,0.002781,0.0,338
1,1,0,0,1,0,0,0,0,0,0,0,1,0,1,1,0,0,1,0,1,1,1,0,0,0,0,0,0,1,1,0,1,0,0,0,1,0,students_cif.y4m,43.78,43.762,0.096021,0.003079,0.0,142
1,1,0,0,1,0,0,0,0,0,0,0,1,1,0,1,1,1,1,0,1,1,0,0,1,0,0,0,0,1,1,0,1,0,0,0,0,1,students_cif.y4m,39.61,39.608,0.010954,0.003852,0.0,332
1,1,0,0,0,0,0,0,0,1,0,0,1,0,1,1,0,0,1,1,0,1,0,0,0,0,1,0,0,1,0,1,1,0,0,0,1,0,students_cif.y4m,252.36,252.376,0.275917,0.002797,0.0,95
1,1,0,0,1,0,0,0,0,0,0,0,1,0,1,1,0,0,1,0,1,1,0,0,0,1,0,0,0,1,0,1,0,0,0,0,0,0,students_cif.y4m,25.74,25.748,0.060581,0.003924,0.0,289
1,1,0,0,1,0,0,0,0,0,0,0,1,1,0,1,0,0,1,0,1,1,0,0,0,0,0,1,0,1,0,1,1,0,0,1,0,0,students_cif.y4m,4.02,4.042,0.073621,0.002072,0.0,378
1,1,0,0,1,0,0,0,0,0,0,0,1,1,0,1,1,1,1,1,0,1,0,0,1,0,0,0,0,1,0,1,1,0,0,0,1,0,students_cif.y4m,89.02,88.788,0.65534,0.003051,0.0,278
1,1,0,0,0,0,0,0,0,0,1,0,1,0,1,1,1,0,1,0,1,1,1,0,0,0,0,0,0,1,0,1,1,0,0,0,1,0,students_cif.y4m,17.35,17.35,0.16171,0.003991,0.0,30
1,1,0,0,1,0,0,0,0,0,0,0,1,1,0,1,0,0,1,0,1,1,0,1,0,0,0,0,0,1,0,1,1,0,0,0,0,1,students_cif.y4m,3.33,3.336,0.013416,0.002432,0.0,120
1,1,0,0,0,1,0,0,0,0,0,0,1,1,0,1,1,1,1,0,1,1,0,0,0,0,0,1,0,1,0,1,0,0,0,0,0,0,students_cif.y4m,4.9,4.892,0.019235,0.002334,0.0,265
1,1,0,0,0,0,0,0,0,0,1,0,1,1,0,1,1,0,1,1,0,1,0,0,0,0,0,1,0,1,0,1,0,0,0,0,0,0,students_cif.y4m,10.67,10.672,0.048683,0.002365,0.0,296
1,1,0,0,0,0,0,1,0,0,0,0,1,1,0,1,1,1,1,1,0,1,0,1,0,0,0,0,0,1,0,1,0,0,0,0,0,0,students_cif.y4m,22.28,22.23,0.100995,0.002696,0.0,232
1,1,0,0,0,0,0,0,0,0,1,0,1,0,1,1,0,0,1,1,0,1,0,0,1,0,0,0,0,1,1,0,1,0,0,1,0,0,students_cif.y4m,17.51,17.49,0.055227,0.003392,0.0,310
1,1,0,0,0,0,0,1,0,0,0,0,1,0,1,1,1,1,1,0,1,1,0,0,0,0,0,1,0,1,0,1,1,0,0,1,0,0,students_cif.y4m,249.7,249.674,0.283954,0.003758,0.0,349
1,1,0,0,1,0,0,0,0,0,0,0,1,1,0,1,0,1,1,0,1,1,0,0,0,0,0,1,0,1,0,1,0,0,0,0,0,0,students_cif.y4m,12.11,12.06,0.142653,0.003926,0.0,377
1,1,0,0,0,0,0,0,0,1,0,0,1,0,1,1,1,1,1,1,0,1,0,0,0,0,1,0,0,1,0,1,1,0,0,0,1,0,students_cif.y4m,276.12,276.118,0.396636,0.003318,0.0,94
1,1,1,0,0,0,0,0,0,0,0,0,1,1,0,1,1,0,1,0,1,1,1,0,0,0,0,0,0,1,0,1,1,1,0,0,0,0,students_cif.y4m,14.71,14.714,0.045607,0.003482,0.0,178
1,1,0,0,0,0,0,0,0,0,1,0,1,0,1,1,0,0,1,1,0,1,0,0,0,0,0,1,0,1,0,1,1,0,0,0,0,1,students_cif.y4m,15.27,15.244,0.074699,0.003852,0.0,127
1,1,0,0,0,0,0,1,0,0,0,0,1,0,1,1,1,0,1,0,1,1,0,0,0,1,0,0,0,1,0,1,1,0,0,0,1,0,students_cif.y4m,4.19,4.188,0.014832,0.00191,0.0,111
1,1,1,0,0,0,0,0,0,0,0,0,1,0,1,1,0,1,1,1,0,1,0,1,0,0,0,0,0,1,0,1,1,0,0,1,0,0,students_cif.y4m,10.8,10.8,0.104163,0.003323,0.0,353
1,1,0,0,0,0,1,0,0,0,0,0,1,0,1,1,1,1,1,1,0,1,0,1,0,0,0,0,0,1,1,0,1,0,0,0,1,0,students_cif.y4m,10.54,10.55,0.02,0.002544,0.0,45
1,1,0,0,0,1,0,0,0,0,0,0,1,0,1,1,1,1,1,0,1,1,0,0,1,0,0,0,0,1,1,0,0,0,0,0,0,0,students_cif.y4m,3.35,3.346,0.011402,0.002166,0.0,226
1,1,0,0,0,0,0,0,0,0,0,1,1,1,0,1,1,0,1,0,1,1,0,0,0,0,0,1,0,1,1,0,1,0,0,0,0,1,students_cif.y4m,13.66,13.664,0.0498,0.002438,0.0,59
1,1,0,0,0,0,0,0,1,0,0,0,1,1,0,1,1,1,1,1,0,1,1,0,0,0,0,0,0,1,0,1,1,1,0,0,0,0,students_cif.y4m,82.84,83.28,2.319871,0.002742,0.0,19
1,1,0,0,0,0,0,0,0,0,0,1,1,1,0,1,0,1,1,0,1,1,0,0,0,1,0,0,0,1,1,0,1,1,0,0,0,0,students_cif.y4m,48.28,48.062,0.382453,0.003099,0.0,304
1,1,0,0,0,0,0,0,1,0,0,0,1,0,1,1,0,1,1,0,1,1,0,1,0,0,0,0,0,1,0,1,0,0,0,0,0,0,students_cif.y4m,8.64,8.636,0.04827,0.0029,0.0,207
1,1,0,0,0,0,1,0,0,0,0,0,1,1,0,1,1,1,1,1,0,1,0,1,0,0,0,0,0,1,1,0,0,0,0,0,0,0,students_cif.y4m,379.43,384.738,9.162473,0.002814,0.0,43
1,1,0,0,0,0,1,0,0,0,0,0,1,1,0,1,1,0,1,1,0,1,1,0,0,0,0,0,0,1,1,0,1,0,0,0,0,1,students_cif.y4m,4.9,4.902,0.034205,0.002165,0.0,40
1,1,0,0,0,1,0,0,0,0,0,0,1,0,1,1,0,1,1,1,0,1,1,0,0,0,0,0,0,1,1,0,1,1,0,0,0,0,students_cif.y4m,374.88,374.904,0.206228,0.003822,0.0,186
1,1,0,0,1,0,0,0,0,0,0,0,1,0,1,1,0,0,1,0,1,1,0,0,0,1,0,0,0,1,0,1,1,0,0,0,0,1,students_cif.y4m,6.72,6.72,0.033912,0.002394,0.0,288
1,1,1,0,0,0,0,0,0,0,0,0,1,1,0,1,1,0,1,1,0,1,0,1,0,0,0,0,0,1,1,0,1,0,1,0,0,0,students_cif.y4m,11.42,11.394,0.069138,0.00246,0.0,82
1,1,0,0,0,0,0,0,0,0,1,0,1,0,1,1,1,1,1,0,1,1,0,0,0,1,0,0,0,1,0,1,0,0,0,0,0,0,students_cif.y4m,8.97,8.954,0.036469,0.002689,0.0,211
1,1,0,0,1,0,0,0,0,0,0,0,1,0,1,1,1,1,1,0,1,1,0,0,0,0,0,1,0,1,1,0,1,0,0,1,0,0,students_cif.y4m,183.59,183.554,0.426533,0.002882,0.0,347
1,1,0,1,0,0,0,0,0,0,0,0,1,0,1,1,0,0,1,1,0,1,1,0,0,0,0,0,0,1,1,0,1,0,0,0,1,0,students_cif.y4m,21.65,21.682,0.072595,0.002491,0.0,13
1,1,0,0,0,0,0,1,0,0,0,0,1,0,1,1,1,1,1,0,1,1,0,0,1,0,0,0,0,1,0,1,0,0,0,0,0,0,students_cif.y4m,713.27,713.406,0.663197,0.002782,0.0,228
1,1,0,0,0,0,0,0,0,1,0,0,1,1,0,1,0,1,1,0,1,1,0,0,1,0,0,0,0,1,0,1,1,0,0,0,0,1,students_cif.y4m,15.95,15.952,0.019235,0.003152,0.0,335
1,1,0,0,0,0,0,0,1,0,0,0,1,1,0,1,1,0,1,0,1,1,0,0,1,0,0,0,0,1,1,0,1,1,0,0,0,0,students_cif.y4m,47.95,47.974,0.143631,0.003853,0.0,24
1,1,1,0,0,0,0,0,0,0,0,0,1,0,1,1,0,1,1,0,1,1,0,1,0,0,0,0,0,1,0,1,1,0,0,1,0,0,students_cif.y4m,634.62,635.022,0.865604,0.004586,0.0,352
1,1,0,0,0,0,1,0,0,0,0,0,1,0,1,1,0,0,1,1,0,1,0,0,0,0,0,1,0,1,1,0,0,0,0,0,0,0,students_cif.y4m,9.65,9.642,0.054037,0.002726,0.0,368
1,1,1,0,0,0,0,0,0,0,0,0,1,0,1,1,1,1,1,1,0,1,0,1,0,0,0,0,0,1,1,0,0,0,0,0,0,0,students_cif.y4m,3.87,3.866,0.015166,0.002473,0.0,80
1,1,0,0,1,0,0,0,0,0,0,0,1,1,0,1,0,0,1,0,1,1,0,1,0,0,0,0,0,1,0,1,0,0,0,0,0,0,students_cif.y4m,46.87,46.826,0.12054,0.002818,0.0,121
1,1,0,0,0,0,0,0,0,0,1,0,1,0,1,1,1,1,1,0,1,1,0,0,1,0,0,0,0,1,1,0,1,1,0,0,0,0,students_cif.y4m,7.67,7.694,0.04827,0.002458,0.0,156
1,1,0,1,0,0,0,0,0,0,0,0,1,0,1,1,1,1,1,1,0,1,0,0,0,0,0,1,0,1,1,0,1,1,0,0,0,0,students_cif.y4m,2.3,2.33,0.067454,0.00194,0.0,9
1,1,0,0,0,0,0,0,0,0,1,0,1,1,0,1,0,0,1,1,0,1,0,0,0,0,1,0,0,1,1,0,1,0,0,0,0,1,students_cif.y4m,10.13,10.136,0.031305,0.002766,0.0,165
1,1,0,0,0,0,0,0,0,0,1,0,1,0,1,1,0,0,1,1,0,1,0,1,0,0,0,0,0,1,0,1,1,0,0,0,0,1,students_cif.y4m,11.67,11.66,0.06,0.002622,0.0,126
1,1,0,0,1,0,0,0,0,0,0,0,1,1,0,1,1,1,1,0,1,1,0,0,1,0,0,0,0,1,0,1,1,0,1,0,0,0,students_cif.y4m,3.84,3.842,0.019235,0.002473,0.0,280
1,1,0,0,0,0,0,1,0,0,0,0,1,0,1,1,1,1,1,1,0,1,0,1,0,0,0,0,0,1,0,1,1,0,0,0,1,0,students_cif.y4m,3.2,3.21,0.051962,0.004429,0.0,172
1,1,0,0,0,0,0,0,0,0,1,0,1,0,1,1,0,1,1,1,0,1,0,0,0,1,0,0,0,1,0,1,0,0,0,0,0,0,students_cif.y4m,17.04,17.034,0.063087,0.003466,0.0,292
1,1,0,0,0,0,0,0,0,0,1,0,1,1,0,1,1,1,1,0,1,1,0,0,0,0,0,1,0,1,1,0,0,0,0,0,0,0,students_cif.y4m,30.04,30.076,0.096073,0.002641,0.0,105
1,1,0,0,0,1,0,0,0,0,0,0,1,0,1,1,1,1,1,0,1,1,0,0,0,0,0,0,1,1,1,0,1,0,1,0,0,0,students_cif.y4m,33.87,33.864,0.018166,0.003914,0.0,76
1,1,0,0,0,1,0,0,0,0,0,0,1,0,1,1,0,0,1,1,0,1,1,0,0,0,0,0,0,1,1,0,1,0,0,0,0,1,students_cif.y4m,181.45,181.522,0.283849,0.002669,0.0,221
1,1,0,0,0,0,0,0,0,0,1,0,1,1,0,1,1,0,1,1,0,1,0,0,0,0,1,0,0,1,0,1,1,0,0,0,0,1,students_cif.y4m,79.08,79.09,0.07874,0.003793,0.0,167
1,1,0,0,0,0,0,0,0,0,1,0,1,0,1,1,0,1,1,0,1,1,1,0,0,0,0,0,0,1,1,0,1,0,0,0,0,1,students_cif.y4m,470.11,469.814,1.236418,0.003584,0.0,35
1,1,0,0,1,0,0,0,0,0,0,0,1,1,0,1,0,0,1,1,0,1,0,1,0,0,0,0,0,1,0,1,1,0,1,0,0,0,students_cif.y4m,6.63,6.624,0.032863,0.002542,0.0,235
1,1,0,0,0,0,0,0,0,1,0,0,1,1,0,1,1,1,1,0,1,1,0,0,1,0,0,0,0,1,0,1,1,0,0,0,0,1,students_cif.y4m,24.98,24.964,0.043932,0.003926,0.0,333
1,1,0,0,0,0,1,0,0,0,0,0,1,0,1,1,1,1,1,1,0,1,0,1,0,0,0,0,0,1,1,0,0,0,0,0,0,0,students_cif.y4m,204.54,204.51,0.350927,0.002685,0.0,44
1,1,0,0,1,0,0,0,0,0,0,0,1,0,1,1,0,1,1,1,0,1,0,1,0,0,0,0,0,1,0,1,1,1,0,0,0,0,students_cif.y4m,409.87,409.806,0.207798,0.0033,0.0,256
1,1,0,0,0,0,0,1,0,0,0,0,1,0,1,1,1,0,1,0,1,1,0,1,0,0,0,0,0,1,0,1,1,0,0,0,0,1,students_cif.y4m,1341.34,1341.362,0.952638,0.004077,0.0,192
1,1,0,0,0,0,1,0,0,0,0,0,1,1,0,1,1,1,1,1,0,1,1,0,0,0,0,0,0,1,1,0,1,0,0,0,0,1,students_cif.y4m,30.28,30.28,0.096695,0.003161,0.0,41
1,1,0,0,0,0,0,0,0,0,1,0,1,0,1,1,0,1,1,1,0,1,0,0,0,0,0,1,0,1,0,1,1,0,0,0,1,0,students_cif.y4m,232.15,231.846,0.906438,0.003694,0.0,273
1,1,0,0,0,0,0,0,0,0,1,0,1,1,0,1,0,1,1,0,1,1,0,0,0,0,0,1,0,1,0,1,0,0,0,0,0,0,students_cif.y4m,167.54,167.288,0.5205,0.003773,0.0,101
1,1,0,0,0,0,0,0,0,0,1,0,1,0,1,1,1,1,1,0,1,1,0,0,0,0,1,0,0,1,1,0,1,0,1,0,0,0,students_cif.y4m,134.53,134.492,0.265556,0.002685,0.0,242
1,1,0,0,0,0,0,0,0,0,1,0,1,1,0,1,0,1,1,0,1,1,0,0,0,0,0,1,0,1,1,0,0,0,0,0,0,0,students_cif.y4m,12.52,12.496,0.042778,0.003869,0.0,103
1,1,1,0,0,0,0,0,0,0,0,0,1,1,0,1,1,0,1,1,0,1,0,1,0,0,0,0,0,1,0,1,0,0,0,0,0,0,students_cif.y4m,253.11,253.154,0.275372,0.003359,0.0,1
1,1,0,0,0,0,0,1,0,0,0,0,1,1,0,1,0,0,1,0,1,1,0,0,0,0,0,1,0,1,0,1,1,0,0,0,0,1,students_cif.y4m,10.89,10.876,0.183112,0.003323,0.0,56
1,1,0,0,1,0,0,0,0,0,0,0,1,0,1,1,0,0,1,0,1,1,0,0,0,0,0,0,1,1,0,1,0,0,0,0,0,0,students_cif.y4m,30.17,30.178,0.054955,0.002641,0.0,373
1,1,0,0,0,0,0,0,1,0,0,0,1,1,0,1,1,1,1,0,1,1,0,1,0,0,0,0,0,1,0,1,1,0,1,0,0,0,students_cif.y4m,335.98,334.722,3.373888,0.002615,0.0,318
1,1,0,0,0,1,0,0,0,0,0,0,1,1,0,1,0,0,1,1,0,1,0,0,0,0,1,0,0,1,1,0,0,0,0,0,0,0,students_cif.y4m,450.62,450.776,0.951068,0.003068,0.0,69
1,1,0,1,0,0,0,0,0,0,0,0,1,0,1,1,0,0,1,1,0,1,0,0,0,0,0,1,0,1,1,0,1,1,0,0,0,0,students_cif.y4m,10.71,10.694,0.046152,0.003928,0.0,11
1,1,0,0,1,0,0,0,0,0,0,0,1,0,1,1,0,0,1,1,0,1,0,1,0,0,0,0,0,1,0,1,1,0,0,1,0,0,students_cif.y4m,7.41,7.398,0.027749,0.002627,0.0,258
1,1,0,0,0,0,0,0,0,0,1,0,1,0,1,1,0,0,1,1,0,1,0,1,0,0,0,0,0,1,1,0,1,0,1,0,0,0,students_cif.y4m,757.11,757.102,0.596548,0.00413,0.0,238
1,1,0,0,0,0,0,1,0,0,0,0,1,0,1,1,1,0,1,1,0,1,1,0,0,0,0,0,0,1,0,1,1,0,0,0,1,0,students_cif.y4m,676.71,676.676,2.014927,0.002996,0.0,173
1,1,0,0,0,0,0,1,0,0,0,0,1,0,1,1,0,1,1,0,1,1,0,1,0,0,0,0,0,1,0,1,1,1,0,0,0,0,students_cif.y4m,529.34,529.2,0.560491,0.003259,0.0,190
1,1,0,1,0,0,0,0,0,0,0,0,1,0,1,1,1,0,1,1,0,1,0,0,0,0,0,1,0,1,0,1,1,1,0,0,0,0,students_cif.y4m,145.89,145.776,0.286583,0.003181,0.0,7
1,1,0,0,0,1,0,0,0,0,0,0,1,0,1,1,1,1,1,0,1,1,0,0,0,0,0,0,1,1,1,0,0,0,0,0,0,0,students_cif.y4m,4.55,4.548,0.085849,0.002042,0.0,323
1,1,0,0,0,1,0,0,0,0,0,0,1,0,1,1,0,0,1,0,1,1,0,0,0,0,0,0,1,1,1,0,1,0,0,0,1,0,students_cif.y4m,401.19,397.062,18.808077,0.003223,0.0,73
1,1,0,0,0,0,0,0,0,0,1,0,1,0,1,1,1,0,1,0,1,1,0,1,0,0,0,0,0,1,0,1,0,0,0,0,0,0,students_cif.y4m,385.45,385.642,1.057554,0.002814,0.0,209
1,1,0,1,0,0,0,0,0,0,0,0,1,1,0,1,1,0,1,0,1,1,1,0,0,0,0,0,0,1,1,0,0,0,0,0,0,0,students_cif.y4m,7.49,7.49,0.048477,0.00285,0.0,138
1,1,0,0,0,1,0,0,0,0,0,0,1,1,0,1,1,1,1,1,0,1,0,0,0,0,0,1,0,1,0,1,0,0,0,0,0,0,students_cif.y4m,182.21,182.118,0.240146,0.003825,0.0,264
1,1,0,0,0,0,0,0,0,1,0,0,1,0,1,1,0,1,1,0,1,1,0,0,0,0,0,1,0,1,0,1,1,0,0,0,1,0,students_cif.y4m,475.85,475.562,1.1886,0.003068,0.0,98
1,1,0,0,0,0,0,0,0,0,1,0,1,1,0,1,0,0,1,0,1,1,0,0,0,0,0,1,0,1,1,0,1,0,0,1,0,0,students_cif.y4m,8.62,8.616,0.020736,0.002743,0.0,380
1,1,0,0,1,0,0,0,0,0,0,0,1,1,0,1,1,1,1,1,0,1,0,1,0,0,0,0,0,1,1,0,1,0,1,0,0,0,students_cif.y4m,430.69,430.812,1.087989,0.00365,0.0,85
1,1,0,0,0,0,0,0,0,0,1,0,1,0,1,1,0,0,1,0,1,1,1,0,0,0,0,0,0,1,0,1,1,0,0,0,1,0,students_cif.y4m,220.39,220.276,0.309645,0.002892,0.0,31
1,1,0,1,0,0,0,0,0,0,0,0,1,0,1,1,1,0,1,1,0,1,0,0,0,0,0,1,0,1,1,0,1,1,0,0,0,0,students_cif.y4m,5.66,5.67,0.033166,0.002165,0.0,8
1,1,0,0,1,0,0,0,0,0,0,0,1,1,0,1,1,1,1,1,0,1,1,0,0,0,0,0,0,1,0,1,1,1,0,0,0,0,students_cif.y4m,14.87,14.846,0.069498,0.002781,0.0,216
1,1,0,0,1,0,0,0,0,0,0,0,1,1,0,1,1,1,1,0,1,1,0,0,0,1,0,0,0,1,0,1,1,1,0,0,0,0,students_cif.y4m,2.72,2.728,0.016432,0.002432,0.0,214
1,1,0,0,0,0,0,0,1,0,0,0,1,1,0,1,0,0,1,1,0,1,0,0,0,0,0,1,0,1,1,0,0,0,0,0,0,0,students_cif.y4m,17.07,17.086,0.097108,0.002653,0.0,341
1,1,0,0,1,0,0,0,0,0,0,0,1,1,0,1,0,0,1,1,0,1,0,1,0,0,0,0,0,1,1,0,1,0,1,0,0,0,students_cif.y4m,9.72,9.76,0.093005,0.003493,0.0,236
1,1,0,0,0,0,0,0,0,0,1,0,1,0,1,1,0,0,1,0,1,1,0,0,0,0,1,0,0,1,1,0,1,0,1,0,0,0,students_cif.y4m,25.38,25.39,0.131719,0.003563,0.0,240
1,1,0,0,0,0,0,1,0,0,0,0,1,0,1,1,0,0,1,0,1,1,0,0,0,1,0,0,0,1,0,1,1,0,0,0,1,0,students_cif.y4m,13.31,13.302,0.054955,0.003869,0.0,51
1,1,1,0,0,0,0,0,0,0,0,0,1,0,1,1,1,1,1,0,1,1,0,0,0,0,0,0,1,1,1,0,1,0,1,0,0,0,students_cif.y4m,14.17,14.144,0.04669,0.002583,0.0,77
1,1,0,0,0,0,0,0,0,0,1,0,1,0,1,1,1,0,1,1,0,1,0,0,0,0,0,1,0,1,0,1,1,0,0,0,0,1,students_cif.y4m,9.78,9.78,0.025495,0.00255,0.0,128
1,1,0,0,1,0,0,0,0,0,0,0,1,1,0,1,0,0,1,1,0,1,0,1,0,0,0,0,0,1,0,1,0,0,0,0,0,0,students_cif.y4m,208.87,208.83,0.188812,0.00262,0.0,234
1,1,0,0,0,0,0,0,1,0,0,0,1,0,1,1,1,0,1,0,1,1,0,0,0,0,0,1,0,1,0,1,1,0,0,0,1,0,students_cif.y4m,1370.95,1370.93,0.19862,0.004077,0.0,28
1,1,0,0,1,0,0,0,0,0,0,0,1,1,0,1,1,0,1,0,1,1,1,0,0,0,0,0,0,1,1,0,0,0,0,0,0,0,students_cif.y4m,143.76,143.77,0.179861,0.003181,0.0,139
1,1,0,0,0,0,0,0,0,0,1,0,1,0,1,1,1,0,1,1,0,1,0,0,0,0,1,0,0,1,1,0,1,0,1,0,0,0,students_cif.y4m,2.54,2.546,0.008944,0.002268,0.0,152
1,1,0,1,0,0,0,0,0,0,0,0,1,0,1,1,0,0,1,1,0,1,0,0,0,0,0,1,0,1,1,0,1,0,0,0,1,0,students_cif.y4m,412.24,412.258,0.506577,0.004655,0.0,12
1,1,0,0,0,0,1,0,0,0,0,0,1,0,1,1,0,1,1,1,0,1,0,0,0,0,0,1,0,1,1,0,0,0,0,0,0,0,students_cif.y4m,2.51,2.514,0.011402,0.002268,0.0,369
1,1,0,0,0,0,0,0,0,0,0,1,1,1,0,1,1,0,1,0,1,1,0,0,0,0,0,1,0,1,0,1,1,0,0,0,0,1,students_cif.y4m,78.92,78.882,0.088148,0.003793,0.0,58
1,1,0,0,0,0,0,0,1,0,0,0,1,1,0,1,1,0,1,1,0,1,1,0,0,0,0,0,0,1,1,0,0,0,0,0,0,0,students_cif.y4m,58.31,58.252,0.140784,0.003993,0.0,64
1,1,0,0,0,0,0,0,1,0,0,0,1,1,0,1,1,0,1,1,0,1,0,0,1,0,0,0,0,1,1,0,1,1,0,0,0,0,students_cif.y4m,43.42,43.41,0.038079,0.00256,0.0,21
1,1,0,0,0,1,0,0,0,0,0,0,1,0,1,1,1,1,1,0,1,1,0,0,1,0,0,0,0,1,1,0,1,0,0,0,0,1,students_cif.y4m,183.21,183.196,0.098387,0.002882,0.0,225
1,1,0,0,0,0,1,0,0,0,0,0,1,0,1,1,1,0,1,1,0,1,0,0,0,0,0,1,0,1,1,0,1,0,0,0,1,0,students_cif.y4m,357.54,357.646,2.2221,0.003196,0.0,366
1,1,0,0,0,0,0,1,0,0,0,0,1,0,1,1,1,1,1,0,1,1,0,0,1,0,0,0,0,1,0,1,1,0,0,0,0,1,tempete_cif.y4m,4.3,4.304,0.046152,0.010632,0.0,114
1,1,0,0,1,0,0,0,0,0,0,0,1,1,0,1,1,1,1,0,1,1,0,0,1,0,0,0,0,1,1,0,1,0,1,0,0,0,tempete_cif.y4m,3.7,3.706,0.052726,0.010332,0.0,281
1,1,0,0,0,1,0,0,0,0,0,0,1,0,1,1,1,0,1,1,0,1,0,0,0,0,0,0,1,1,1,0,1,0,0,1,0,0,tempete_cif.y4m,6.17,6.166,0.018166,0.010464,0.0,325
1,1,1,0,0,0,0,0,0,0,0,0,1,1,0,1,1,0,1,1,0,1,0,0,0,0,1,0,0,1,1,0,1,1,0,0,0,0,tempete_cif.y4m,5.27,5.26,0.028284,0.010137,0.0,181
1,1,0,0,0,0,0,0,1,0,0,0,1,1,0,1,1,0,1,0,1,1,0,0,1,0,0,0,0,1,1,0,1,0,0,0,0,1,tempete_cif.y4m,126.93,129.408,5.917687,0.012474,0.0,247
1,1,0,0,0,0,0,0,0,0,1,0,1,1,0,1,1,0,1,1,0,1,0,0,0,0,1,0,0,1,1,0,1,0,0,0,0,1,tempete_cif.y4m,149.02,148.992,0.197788,0.01113,0.0,166
1,1,0,0,0,0,0,0,1,0,0,0,1,1,0,1,1,0,1,0,1,1,0,0,1,0,0,0,0,1,1,0,1,0,0,0,1,0,tempete_cif.y4m,6.72,6.734,0.073007,0.011533,0.0,25
1,1,0,0,0,0,0,1,0,0,0,0,1,0,1,1,0,0,1,1,0,1,0,1,0,0,0,0,0,1,0,1,0,0,0,0,0,0,tempete_cif.y4m,9.83,9.788,0.111669,0.011609,0.0,355
1,1,0,0,1,0,0,0,0,0,0,0,1,1,0,1,0,0,1,1,0,1,1,0,0,0,0,0,0,1,1,0,1,0,0,0,0,1,tempete_cif.y4m,1.67,1.678,0.016432,0.011093,0.0,219
1,1,0,0,0,1,0,0,0,0,0,0,1,1,0,1,1,0,1,1,0,1,0,0,0,0,1,0,0,1,1,0,1,1,0,0,0,0,tempete_cif.y4m,9.56,9.632,0.233388,0.011609,0.0,182
1,1,0,1,0,0,0,0,0,0,0,0,1,0,1,1,0,1,1,1,0,1,0,0,0,0,0,1,0,1,1,0,1,1,0,0,0,0,tempete_cif.y4m,3.63,3.632,0.017889,0.010222,0.0,10
1,1,0,0,1,0,0,0,0,0,0,0,1,1,0,1,1,0,1,0,1,1,0,0,1,0,0,0,0,1,0,1,1,0,0,0,0,1,tempete_cif.y4m,65.6,65.59,0.168967,0.012537,0.0,116
1,1,0,0,0,1,0,0,0,0,0,0,1,1,0,1,1,1,1,0,1,1,0,0,0,0,0,1,0,1,0,1,1,1,0,0,0,0,tempete_cif.y4m,7.12,7.11,0.041231,0.010434,0.0,266
1,1,0,0,0,0,0,0,1,0,0,0,1,1,0,1,0,0,1,0,1,1,0,0,1,0,0,0,0,1,1,0,1,0,0,1,0,0,tempete_cif.y4m,25.39,25.44,0.186414,0.014961,0.0,313
1,1,0,0,0,0,0,1,0,0,0,0,1,0,1,1,0,0,1,1,0,1,0,0,0,0,0,0,1,1,0,1,0,0,0,0,0,0,tempete_cif.y4m,7.92,7.904,0.041593,0.013375,0.0,357
1,1,0,0,0,1,0,0,0,0,0,0,1,0,1,1,0,1,1,0,1,1,1,0,0,0,0,0,0,1,1,0,1,1,0,0,0,0,tempete_cif.y4m,2.26,2.284,0.067305,0.014006,0.0,187
1,1,0,0,0,0,0,0,1,0,0,0,1,1,0,1,1,1,1,0,1,1,0,0,1,0,0,0,0,1,1,0,1,1,0,0,0,0,tempete_cif.y4m,350.51,350.58,0.396043,0.011051,0.0,23
1,1,0,0,1,0,0,0,0,0,0,0,1,1,0,1,1,0,1,1,0,1,0,1,0,0,0,0,0,1,0,1,0,0,0,0,0,0,tempete_cif.y4m,38.06,38.062,0.050695,0.011638,0.0,2
1,1,0,0,0,0,0,0,0,0,0,1,1,1,0,1,1,0,1,0,1,1,0,0,0,0,0,1,0,1,1,0,1,1,0,0,0,0,tempete_cif.y4m,132.76,132.318,1.046098,0.013094,0.0,301
1,1,0,0,0,0,0,1,0,0,0,0,1,0,1,1,0,1,1,1,0,1,0,1,0,0,0,0,0,1,0,1,0,0,0,0,0,0,tempete_cif.y4m,149.18,149.924,1.408733,0.014657,0.0,356
1,1,0,0,0,0,0,0,0,0,1,0,1,1,0,1,0,1,1,0,1,1,0,0,0,0,0,1,0,1,0,1,1,1,0,0,0,0,tempete_cif.y4m,9.94,9.944,0.027019,0.011448,0.0,269
1,1,0,0,0,0,0,0,0,0,1,0,1,0,1,1,0,1,1,1,0,1,0,0,1,0,0,0,0,1,0,1,1,0,0,0,1,0,tempete_cif.y4m,5.58,5.576,0.026077,0.01347,0.0,274
1,1,0,0,0,0,0,0,0,0,1,0,1,0,1,1,0,1,1,1,0,1,0,0,0,1,0,0,0,1,1,0,1,1,0,0,0,0,tempete_cif.y4m,6.64,6.632,0.050695,0.012713,0.0,307
1,1,0,0,1,0,0,0,0,0,0,0,1,0,1,1,0,1,1,1,0,1,0,0,1,0,0,0,0,1,0,1,1,1,0,0,0,0,tempete_cif.y4m,21.61,21.624,0.080187,0.012713,0.0,254
1,1,0,0,0,0,0,0,0,0,1,0,1,0,1,1,0,1,1,0,1,1,0,1,0,0,0,0,0,1,0,1,0,0,0,0,0,0,tempete_cif.y4m,1.52,1.512,0.019235,0.011211,0.0,208
1,1,0,0,1,0,0,0,0,0,0,0,1,1,0,1,1,1,1,1,0,1,0,0,1,0,0,0,0,1,0,1,1,0,1,0,0,0,tempete_cif.y4m,1.85,1.856,0.013416,0.016708,0.0,279
1,1,0,0,0,0,0,1,0,0,0,0,1,1,0,1,1,1,1,1,0,1,0,1,0,0,0,0,0,1,0,1,1,0,0,0,1,0,tempete_cif.y4m,6.47,6.47,0.018708,0.01224,0.0,171
1,1,0,0,0,0,0,0,0,1,0,0,1,1,0,1,0,1,1,0,1,1,0,0,0,0,0,1,0,1,0,1,1,0,0,0,1,0,tempete_cif.y4m,26.75,26.738,0.070498,0.014961,0.0,99
1,1,1,0,0,0,0,0,0,0,0,0,1,0,1,1,1,1,1,1,0,1,0,1,0,0,0,0,0,1,1,0,1,0,1,0,0,0,tempete_cif.y4m,7.68,7.69,0.075829,0.012161,0.0,81
1,1,0,0,0,0,0,0,0,0,1,0,1,0,1,1,1,1,1,0,1,1,0,0,1,0,0,0,0,1,1,0,1,0,1,0,0,0,tempete_cif.y4m,2.63,2.63,0.01,0.012773,0.0,155
1,1,0,0,0,1,0,0,0,0,0,0,1,1,0,1,0,1,1,1,0,1,1,0,0,0,0,0,0,1,1,0,1,1,0,0,0,0,tempete_cif.y4m,4.84,4.842,0.022804,0.012713,0.0,185
1,1,0,0,1,0,0,0,0,0,0,0,1,1,0,1,0,0,1,0,1,1,0,0,0,0,0,1,0,1,0,1,0,0,0,0,0,0,tempete_cif.y4m,3.65,3.67,0.042426,0.009753,0.0,376
1,1,0,0,0,0,0,0,1,0,0,0,1,1,0,1,0,1,1,0,1,1,0,1,0,0,0,0,0,1,1,0,0,0,0,0,0,0,tempete_cif.y4m,1.28,1.284,0.005477,0.011769,0.0,204
1,1,0,0,0,0,0,0,1,0,0,0,1,1,0,1,1,0,1,0,1,1,0,0,0,0,1,0,0,1,1,0,1,0,0,0,0,1,tempete_cif.y4m,101.0,100.458,1.229663,0.011498,0.0,246
1,1,0,0,0,0,0,1,0,0,0,0,1,1,0,1,1,1,1,0,1,1,0,0,1,0,0,0,0,1,0,1,0,0,0,0,0,0,tempete_cif.y4m,90.03,90.026,0.162265,0.012614,0.0,230
1,1,0,0,0,0,0,0,1,0,0,0,1,0,1,1,1,0,1,0,1,1,0,0,0,0,0,1,0,1,1,0,1,0,0,0,1,0,tempete_cif.y4m,78.39,78.402,0.168434,0.01609,0.0,27
1,1,0,1,0,0,0,0,0,0,0,0,1,1,0,1,1,1,1,0,1,1,1,0,0,0,0,0,0,1,1,0,0,0,0,0,0,0,tempete_cif.y4m,5.29,5.27,0.056569,0.010379,0.0,137
1,1,0,0,0,0,0,0,0,0,1,0,1,1,0,1,1,1,1,1,0,1,0,0,0,0,1,0,0,1,0,1,1,0,0,0,1,0,tempete_cif.y4m,5.46,5.448,0.031145,0.013024,0.0,169
1,1,0,0,0,0,0,0,0,0,1,0,1,0,1,1,0,1,1,0,1,1,1,0,0,0,0,0,0,1,0,1,1,0,0,0,0,1,tempete_cif.y4m,143.49,143.588,0.656407,0.012664,0.0,33
1,1,0,0,0,0,0,0,1,0,0,0,1,0,1,1,0,1,1,0,1,1,0,1,0,0,0,0,0,1,1,0,0,0,0,0,0,0,tempete_cif.y4m,21.49,21.478,0.081056,0.015819,0.0,205
1,1,0,0,0,0,0,0,0,0,1,0,1,1,0,1,1,0,1,0,1,1,0,0,0,0,1,0,0,1,1,0,1,0,0,0,0,1,tempete_cif.y4m,6.21,6.21,0.025495,0.011529,0.0,245
1,1,1,0,0,0,0,0,0,0,0,0,1,1,0,1,0,0,1,1,0,1,0,0,1,0,0,0,0,1,1,0,1,0,0,0,0,1,tempete_cif.y4m,5.36,5.35,0.025495,0.010844,0.0,163
1,1,0,0,1,0,0,0,0,0,0,0,1,1,0,1,1,0,1,1,0,1,1,0,0,0,0,0,0,1,0,1,1,1,0,0,0,0,tempete_cif.y4m,3.63,3.624,0.031305,0.009753,0.0,4
1,1,0,0,1,0,0,0,0,0,0,0,1,1,0,1,0,0,1,0,1,1,1,0,0,0,0,0,0,1,1,0,1,0,0,0,1,0,tempete_cif.y4m,2.45,2.41,0.083066,0.016708,0.0,141
1,1,1,0,0,0,0,0,0,0,0,0,1,1,0,1,1,1,1,0,1,1,0,0,1,0,0,0,0,1,1,0,1,1,0,0,0,0,tempete_cif.y4m,126.94,126.888,0.167839,0.011798,0.0,159
1,1,0,0,0,0,0,0,1,0,0,0,1,1,0,1,0,1,1,0,1,1,0,0,1,0,0,0,0,1,0,1,1,0,0,0,0,1,tempete_cif.y4m,9.16,9.144,0.040373,0.013018,0.0,336
1,1,0,0,0,1,0,0,0,0,0,0,1,1,0,1,0,0,1,0,1,1,0,0,0,0,0,0,1,1,1,0,1,0,0,0,1,0,tempete_cif.y4m,36.36,36.118,0.535276,0.012502,0.0,72
1,1,0,0,0,0,0,0,1,0,0,0,1,1,0,1,1,0,1,1,0,1,0,0,1,0,0,0,0,1,1,0,1,0,0,0,0,1,tempete_cif.y4m,4.76,4.776,0.032094,0.011666,0.0,248
1,1,0,1,0,0,0,0,0,0,0,0,1,0,1,1,1,1,1,1,0,1,0,0,0,0,0,1,0,1,0,1,1,0,0,0,0,1,tempete_cif.y4m,125.25,126.868,2.682475,0.01122,0.0,130
1,1,0,0,0,1,0,0,0,0,0,0,1,0,1,1,1,1,1,1,0,1,0,0,0,0,0,0,1,1,1,0,0,0,0,0,0,0,tempete_cif.y4m,156.73,156.724,0.169647,0.011227,0.0,324
1,1,1,0,0,0,0,0,0,0,0,0,1,0,1,1,0,1,1,1,0,1,0,1,0,0,0,0,0,1,0,1,0,0,0,0,0,0,tempete_cif.y4m,128.41,128.488,0.207533,0.016026,0.0,354
1,1,0,0,0,0,0,0,0,0,1,0,1,0,1,1,0,0,1,1,0,1,0,0,0,1,0,0,0,1,0,1,0,0,0,0,0,0,tempete_cif.y4m,102.95,103.406,1.371725,0.012458,0.0,291
1,1,0,0,0,0,0,0,0,0,1,0,1,1,0,1,0,0,1,1,0,1,0,1,0,0,0,0,0,1,1,0,1,0,1,0,0,0,tempete_cif.y4m,2.55,2.564,0.054589,0.01159,0.0,237
1,1,0,0,0,1,0,0,0,0,0,0,1,1,0,1,1,0,1,1,0,1,1,0,0,0,0,0,0,1,1,0,1,1,0,0,0,0,tempete_cif.y4m,3.29,3.294,0.016733,0.010379,0.0,183
1,1,0,0,0,1,0,0,0,0,0,0,1,0,1,1,1,1,1,0,1,1,0,0,1,0,0,0,0,1,0,1,0,0,0,0,0,0,tempete_cif.y4m,2.84,2.842,0.023875,0.012265,0.0,227
1,1,0,0,0,0,0,0,1,0,0,0,1,1,0,1,0,1,1,0,1,1,0,0,0,0,0,1,0,1,0,1,0,0,0,0,0,0,tempete_cif.y4m,5.67,5.674,0.023022,0.011197,0.0,338
1,1,0,0,1,0,0,0,0,0,0,0,1,0,1,1,0,0,1,0,1,1,1,0,0,0,0,0,0,1,1,0,1,0,0,0,1,0,tempete_cif.y4m,20.25,20.222,0.055408,0.012723,0.0,142
1,1,0,0,1,0,0,0,0,0,0,0,1,1,0,1,1,1,1,0,1,1,0,0,1,0,0,0,0,1,1,0,1,0,0,0,0,1,tempete_cif.y4m,15.05,15.022,0.046583,0.011449,0.0,332
1,1,0,0,0,0,0,0,0,1,0,0,1,0,1,1,0,0,1,1,0,1,0,0,0,0,1,0,0,1,0,1,1,0,0,0,1,0,tempete_cif.y4m,131.54,131.414,0.318481,0.012843,0.0,95
1,1,0,0,1,0,0,0,0,0,0,0,1,0,1,1,0,0,1,0,1,1,0,0,0,1,0,0,0,1,0,1,0,0,0,0,0,0,tempete_cif.y4m,10.45,10.456,0.015166,0.011861,0.0,289
1,1,0,0,1,0,0,0,0,0,0,0,1,1,0,1,0,0,1,0,1,1,0,0,0,0,0,1,0,1,0,1,1,0,0,1,0,0,tempete_cif.y4m,2.34,2.342,0.028636,0.01159,0.0,378
1,1,0,0,1,0,0,0,0,0,0,0,1,1,0,1,1,1,1,1,0,1,0,0,1,0,0,0,0,1,0,1,1,0,0,0,1,0,tempete_cif.y4m,39.32,39.26,0.228801,0.012575,0.0,278
1,1,0,0,0,0,0,0,0,0,1,0,1,0,1,1,1,0,1,0,1,1,1,0,0,0,0,0,0,1,0,1,1,0,0,0,1,0,tempete_cif.y4m,6.78,6.812,0.07823,0.011574,0.0,30
1,1,0,0,1,0,0,0,0,0,0,0,1,1,0,1,0,0,1,0,1,1,0,1,0,0,0,0,0,1,0,1,1,0,0,0,0,1,tempete_cif.y4m,2.01,1.992,0.0249,0.012469,0.0,120
1,1,0,0,0,1,0,0,0,0,0,0,1,1,0,1,1,1,1,0,1,1,0,0,0,0,0,1,0,1,0,1,0,0,0,0,0,0,tempete_cif.y4m,2.65,2.642,0.019235,0.009852,0.0,265
1,1,0,0,0,0,0,0,0,0,1,0,1,1,0,1,1,0,1,1,0,1,0,0,0,0,0,1,0,1,0,1,0,0,0,0,0,0,tempete_cif.y4m,5.06,5.058,0.043243,0.010949,0.0,296
1,1,0,0,0,0,0,1,0,0,0,0,1,1,0,1,1,1,1,1,0,1,0,1,0,0,0,0,0,1,0,1,0,0,0,0,0,0,tempete_cif.y4m,9.65,9.696,0.127593,0.01112,0.0,232
1,1,0,0,0,0,0,0,0,0,1,0,1,0,1,1,0,0,1,1,0,1,0,0,1,0,0,0,0,1,1,0,1,0,0,1,0,0,tempete_cif.y4m,7.93,7.92,0.046904,0.012455,0.0,310
1,1,0,0,0,0,0,1,0,0,0,0,1,0,1,1,1,1,1,0,1,1,0,0,0,0,0,1,0,1,0,1,1,0,0,1,0,0,tempete_cif.y4m,123.55,123.496,0.158524,0.011179,0.0,349
1,1,0,0,1,0,0,0,0,0,0,0,1,1,0,1,0,1,1,0,1,1,0,0,0,0,0,1,0,1,0,1,0,0,0,0,0,0,tempete_cif.y4m,4.91,4.92,0.036742,0.011837,0.0,377
1,1,0,0,0,0,0,0,0,1,0,0,1,0,1,1,1,1,1,1,0,1,0,0,0,0,1,0,0,1,0,1,1,0,0,0,1,0,tempete_cif.y4m,128.23,128.1,0.437778,0.013012,0.0,94
1,1,1,0,0,0,0,0,0,0,0,0,1,1,0,1,1,0,1,0,1,1,1,0,0,0,0,0,0,1,0,1,1,1,0,0,0,0,tempete_cif.y4m,6.61,6.642,0.068337,0.012713,0.0,178
1,1,0,0,0,0,0,0,0,0,1,0,1,0,1,1,0,0,1,1,0,1,0,0,0,0,0,1,0,1,0,1,1,0,0,0,0,1,tempete_cif.y4m,7.17,7.172,0.016432,0.011733,0.0,127
1,1,0,0,0,0,0,1,0,0,0,0,1,0,1,1,1,0,1,0,1,1,0,0,0,1,0,0,0,1,0,1,1,0,0,0,1,0,tempete_cif.y4m,2.01,2.004,0.018166,0.010572,0.0,111
1,1,1,0,0,0,0,0,0,0,0,0,1,0,1,1,0,1,1,1,0,1,0,1,0,0,0,0,0,1,0,1,1,0,0,1,0,0,tempete_cif.y4m,5.7,5.712,0.044385,0.012392,0.0,353
1,1,0,0,0,0,1,0,0,0,0,0,1,0,1,1,1,1,1,1,0,1,0,1,0,0,0,0,0,1,1,0,1,0,0,0,1,0,tempete_cif.y4m,4.8,4.804,0.016733,0.010222,0.0,45
1,1,0,0,0,1,0,0,0,0,0,0,1,0,1,1,1,1,1,0,1,1,0,0,1,0,0,0,0,1,1,0,0,0,0,0,0,0,tempete_cif.y4m,1.56,1.56,0.012247,0.011368,0.0,226
1,1,0,0,0,0,0,0,0,0,0,1,1,1,0,1,1,0,1,0,1,1,0,0,0,0,0,1,0,1,1,0,1,0,0,0,0,1,tempete_cif.y4m,6.11,6.126,0.040373,0.009966,0.0,59
1,1,0,0,0,0,0,0,1,0,0,0,1,1,0,1,1,1,1,1,0,1,1,0,0,0,0,0,0,1,0,1,1,1,0,0,0,0,tempete_cif.y4m,38.63,38.676,0.392148,0.011638,0.0,19
1,1,0,0,0,0,0,0,0,0,0,1,1,1,0,1,0,1,1,0,1,1,0,0,0,1,0,0,0,1,1,0,1,1,0,0,0,0,tempete_cif.y4m,21.4,21.416,0.079246,0.012587,0.0,304
1,1,0,0,0,0,0,0,1,0,0,0,1,0,1,1,0,1,1,0,1,1,0,1,0,0,0,0,0,1,0,1,0,0,0,0,0,0,tempete_cif.y4m,4.68,4.658,0.050695,0.011666,0.0,207
1,1,0,0,0,0,1,0,0,0,0,0,1,1,0,1,1,1,1,1,0,1,0,1,0,0,0,0,0,1,1,0,0,0,0,0,0,0,tempete_cif.y4m,183.07,183.478,1.020475,0.011383,0.0,43
1,1,0,0,0,0,1,0,0,0,0,0,1,1,0,1,1,0,1,1,0,1,1,0,0,0,0,0,0,1,1,0,1,0,0,0,0,1,tempete_cif.y4m,2.86,2.874,0.030496,0.01057,0.0,40
1,1,0,0,0,1,0,0,0,0,0,0,1,0,1,1,0,1,1,1,0,1,1,0,0,0,0,0,0,1,1,0,1,1,0,0,0,0,tempete_cif.y4m,167.91,167.914,0.080808,0.011258,0.0,186
1,1,0,0,1,0,0,0,0,0,0,0,1,0,1,1,0,0,1,0,1,1,0,0,0,1,0,0,0,1,0,1,1,0,0,0,0,1,tempete_cif.y4m,3.32,3.316,0.023022,0.012612,0.0,288
1,1,1,0,0,0,0,0,0,0,0,0,1,1,0,1,1,0,1,1,0,1,0,1,0,0,0,0,0,1,1,0,1,0,1,0,0,0,tempete_cif.y4m,5.11,5.106,0.043359,0.010137,0.0,82
1,1,0,0,0,0,0,0,0,0,1,0,1,0,1,1,1,1,1,0,1,1,0,0,0,1,0,0,0,1,0,1,0,0,0,0,0,0,tempete_cif.y4m,3.83,3.842,0.026833,0.010537,0.0,211
1,1,0,0,1,0,0,0,0,0,0,0,1,0,1,1,1,1,1,0,1,1,0,0,0,0,0,1,0,1,1,0,1,0,0,1,0,0,tempete_cif.y4m,95.18,95.206,0.189156,0.011498,0.0,347
1,1,0,1,0,0,0,0,0,0,0,0,1,0,1,1,0,0,1,1,0,1,1,0,0,0,0,0,0,1,1,0,1,0,0,0,1,0,tempete_cif.y4m,10.2,10.182,0.086429,0.011976,0.0,13
1,1,0,0,0,0,0,1,0,0,0,0,1,0,1,1,1,1,1,0,1,1,0,0,1,0,0,0,0,1,0,1,0,0,0,0,0,0,tempete_cif.y4m,253.14,253.15,0.09,0.012974,0.0,228
1,1,0,0,0,0,0,0,0,1,0,0,1,1,0,1,0,1,1,0,1,1,0,0,1,0,0,0,0,1,0,1,1,0,0,0,0,1,tempete_cif.y4m,6.56,6.556,0.011402,0.01224,0.0,335
1,1,0,0,0,0,0,0,1,0,0,0,1,1,0,1,1,0,1,0,1,1,0,0,1,0,0,0,0,1,1,0,1,1,0,0,0,0,tempete_cif.y4m,19.65,19.664,0.267731,0.011597,0.0,24
1,1,1,0,0,0,0,0,0,0,0,0,1,0,1,1,0,1,1,0,1,1,0,1,0,0,0,0,0,1,0,1,1,0,0,1,0,0,tempete_cif.y4m,234.83,234.92,0.342199,0.015932,0.0,352
1,1,0,0,0,0,1,0,0,0,0,0,1,0,1,1,0,0,1,1,0,1,0,0,0,0,0,1,0,1,1,0,0,0,0,0,0,0,tempete_cif.y4m,4.15,4.154,0.023022,0.01056,0.0,368
1,1,1,0,0,0,0,0,0,0,0,0,1,0,1,1,1,1,1,1,0,1,0,1,0,0,0,0,0,1,1,0,0,0,0,0,0,0,tempete_cif.y4m,1.92,1.92,0.01,0.012137,0.0,80
1,1,0,0,1,0,0,0,0,0,0,0,1,1,0,1,0,0,1,0,1,1,0,1,0,0,0,0,0,1,0,1,0,0,0,0,0,0,tempete_cif.y4m,21.53,21.59,0.121861,0.011742,0.0,121
1,1,0,0,0,0,0,0,0,0,1,0,1,0,1,1,1,1,1,0,1,1,0,0,1,0,0,0,0,1,1,0,1,1,0,0,0,0,tempete_cif.y4m,4.27,4.264,0.024083,0.010379,0.0,156
1,1,0,1,0,0,0,0,0,0,0,0,1,0,1,1,1,1,1,1,0,1,0,0,0,0,0,1,0,1,1,0,1,1,0,0,0,0,tempete_cif.y4m,1.11,1.114,0.005477,0.010598,0.0,9
1,1,0,0,0,0,0,0,0,0,1,0,1,1,0,1,0,0,1,1,0,1,0,0,0,0,1,0,0,1,1,0,1,0,0,0,0,1,tempete_cif.y4m,5.68,5.678,0.08438,0.011529,0.0,165
1,1,0,0,0,0,0,0,0,0,1,0,1,0,1,1,0,0,1,1,0,1,0,1,0,0,0,0,0,1,0,1,1,0,0,0,0,1,tempete_cif.y4m,5.34,5.334,0.026077,0.010684,0.0,126
1,1,0,0,1,0,0,0,0,0,0,0,1,1,0,1,1,1,1,0,1,1,0,0,1,0,0,0,0,1,0,1,1,0,1,0,0,0,tempete_cif.y4m,1.81,1.806,0.011402,0.012137,0.0,280
1,1,0,0,0,0,0,1,0,0,0,0,1,0,1,1,1,1,1,1,0,1,0,1,0,0,0,0,0,1,0,1,1,0,0,0,1,0,tempete_cif.y4m,1.37,1.374,0.005477,0.015578,0.0,172
1,1,0,0,0,0,0,0,0,0,1,0,1,0,1,1,0,1,1,1,0,1,0,0,0,1,0,0,0,1,0,1,0,0,0,0,0,0,tempete_cif.y4m,7.45,7.464,0.045056,0.012528,0.0,292
1,1,0,0,0,0,0,0,0,0,1,0,1,1,0,1,1,1,1,0,1,1,0,0,0,0,0,1,0,1,1,0,0,0,0,0,0,0,tempete_cif.y4m,14.58,14.556,0.069138,0.012866,0.0,105
1,1,0,0,0,1,0,0,0,0,0,0,1,0,1,1,1,1,1,0,1,1,0,0,0,0,0,0,1,1,1,0,1,0,1,0,0,0,tempete_cif.y4m,13.79,13.768,0.081976,0.011544,0.0,76
1,1,0,0,0,1,0,0,0,0,0,0,1,0,1,1,0,0,1,1,0,1,1,0,0,0,0,0,0,1,1,0,1,0,0,0,0,1,tempete_cif.y4m,99.65,99.414,0.578991,0.01256,0.0,221
1,1,0,0,0,0,0,0,0,0,1,0,1,1,0,1,1,0,1,1,0,1,0,0,0,0,1,0,0,1,0,1,1,0,0,0,0,1,tempete_cif.y4m,33.89,33.878,0.038987,0.011558,0.0,167
1,1,0,0,0,0,0,0,0,0,1,0,1,0,1,1,0,1,1,0,1,1,1,0,0,0,0,0,0,1,1,0,1,0,0,0,0,1,tempete_cif.y4m,164.49,164.448,0.545912,0.013762,0.0,35
1,1,0,0,1,0,0,0,0,0,0,0,1,1,0,1,0,0,1,1,0,1,0,1,0,0,0,0,0,1,0,1,1,0,1,0,0,0,tempete_cif.y4m,3.61,3.604,0.015166,0.010444,0.0,235
1,1,0,0,0,0,0,0,0,1,0,0,1,1,0,1,1,1,1,0,1,1,0,0,1,0,0,0,0,1,0,1,1,0,0,0,0,1,tempete_cif.y4m,10.1,10.106,0.053666,0.011872,0.0,333
1,1,0,0,0,0,1,0,0,0,0,0,1,0,1,1,1,1,1,1,0,1,0,1,0,0,0,0,0,1,1,0,0,0,0,0,0,0,tempete_cif.y4m,101.13,101.032,0.432631,0.012621,0.0,44
1,1,0,0,1,0,0,0,0,0,0,0,1,0,1,1,0,1,1,1,0,1,0,1,0,0,0,0,0,1,0,1,1,1,0,0,0,0,tempete_cif.y4m,189.56,189.702,0.248435,0.012784,0.0,256
1,1,0,0,0,0,0,1,0,0,0,0,1,0,1,1,1,0,1,0,1,1,0,1,0,0,0,0,0,1,0,1,1,0,0,0,0,1,tempete_cif.y4m,465.6,465.728,1.259353,0.011912,0.0,192
1,1,0,0,0,0,1,0,0,0,0,0,1,1,0,1,1,1,1,1,0,1,1,0,0,0,0,0,0,1,1,0,1,0,0,0,0,1,tempete_cif.y4m,13.46,13.462,0.033466,0.012803,0.0,41
1,1,0,0,0,0,0,0,0,0,1,0,1,0,1,1,0,1,1,1,0,1,0,0,0,0,0,1,0,1,0,1,1,0,0,0,1,0,tempete_cif.y4m,120.97,120.27,1.398714,0.014697,0.0,273
1,1,0,0,0,0,0,0,0,0,1,0,1,1,0,1,0,1,1,0,1,1,0,0,0,0,0,1,0,1,0,1,0,0,0,0,0,0,tempete_cif.y4m,78.27,78.204,0.366238,0.014722,0.0,101
1,1,0,0,0,0,0,0,0,0,1,0,1,0,1,1,1,1,1,0,1,1,0,0,0,0,1,0,0,1,1,0,1,0,1,0,0,0,tempete_cif.y4m,62.83,62.826,0.055946,0.012537,0.0,242
1,1,0,0,0,0,0,0,0,0,1,0,1,1,0,1,0,1,1,0,1,1,0,0,0,0,0,1,0,1,1,0,0,0,0,0,0,0,tempete_cif.y4m,5.81,5.804,0.033615,0.01347,0.0,103
1,1,1,0,0,0,0,0,0,0,0,0,1,1,0,1,1,0,1,1,0,1,0,1,0,0,0,0,0,1,0,1,0,0,0,0,0,0,tempete_cif.y4m,104.48,104.466,0.147919,0.012889,0.0,1
1,1,0,0,0,0,0,1,0,0,0,0,1,1,0,1,0,0,1,0,1,1,0,0,0,0,0,1,0,1,0,1,1,0,0,0,0,1,tempete_cif.y4m,5.68,5.732,0.07791,0.012392,0.0,56
1,1,0,0,1,0,0,0,0,0,0,0,1,0,1,1,0,0,1,0,1,1,0,0,0,0,0,0,1,1,0,1,0,0,0,0,0,0,tempete_cif.y4m,14.0,13.984,0.040373,0.012866,0.0,373
1,1,0,0,0,0,0,0,1,0,0,0,1,1,0,1,1,1,1,0,1,1,0,1,0,0,0,0,0,1,0,1,1,0,1,0,0,0,tempete_cif.y4m,165.41,165.658,1.387397,0.012515,0.0,318
1,1,0,0,0,1,0,0,0,0,0,0,1,1,0,1,0,0,1,1,0,1,0,0,0,0,1,0,0,1,1,0,0,0,0,0,0,0,tempete_cif.y4m,151.03,151.196,0.660061,0.011989,0.0,69
1,1,0,1,0,0,0,0,0,0,0,0,1,0,1,1,0,0,1,1,0,1,0,0,0,0,0,1,0,1,1,0,1,1,0,0,0,0,tempete_cif.y4m,4.58,4.548,0.072595,0.011826,0.0,11
1,1,0,0,1,0,0,0,0,0,0,0,1,0,1,1,0,0,1,1,0,1,0,1,0,0,0,0,0,1,0,1,1,0,0,1,0,0,tempete_cif.y4m,4.05,4.04,0.026458,0.01078,0.0,258
1,1,0,0,0,0,0,0,0,0,1,0,1,0,1,1,0,0,1,1,0,1,0,1,0,0,0,0,0,1,1,0,1,0,1,0,0,0,tempete_cif.y4m,256.95,256.786,0.56025,0.012008,0.0,238
1,1,0,0,0,0,0,1,0,0,0,0,1,0,1,1,1,0,1,1,0,1,1,0,0,0,0,0,0,1,0,1,1,0,0,0,1,0,tempete_cif.y4m,236.79,236.966,0.494702,0.011901,0.0,173
1,1,0,0,0,0,0,1,0,0,0,0,1,0,1,1,0,1,1,0,1,1,0,1,0,0,0,0,0,1,0,1,1,1,0,0,0,0,tempete_cif.y4m,221.75,221.46,0.689348,0.0129,0.0,190
1,1,0,1,0,0,0,0,0,0,0,0,1,0,1,1,1,0,1,1,0,1,0,0,0,0,0,1,0,1,0,1,1,1,0,0,0,0,tempete_cif.y4m,73.54,73.536,0.130115,0.012559,0.0,7
1,1,0,0,0,1,0,0,0,0,0,0,1,0,1,1,1,1,1,0,1,1,0,0,0,0,0,0,1,1,1,0,0,0,0,0,0,0,tempete_cif.y4m,2.05,2.054,0.040373,0.011211,0.0,323
1,1,0,0,0,1,0,0,0,0,0,0,1,0,1,1,0,0,1,0,1,1,0,0,0,0,0,0,1,1,1,0,1,0,0,0,1,0,tempete_cif.y4m,194.65,197.858,4.916673,0.012675,0.0,73
1,1,0,0,0,0,0,0,0,0,1,0,1,0,1,1,1,0,1,0,1,1,0,1,0,0,0,0,0,1,0,1,0,0,0,0,0,0,tempete_cif.y4m,178.1,178.116,0.879164,0.011383,0.0,209
1,1,0,1,0,0,0,0,0,0,0,0,1,1,0,1,1,0,1,0,1,1,1,0,0,0,0,0,0,1,1,0,0,0,0,0,0,0,tempete_cif.y4m,3.94,3.944,0.026077,0.011635,0.0,138
1,1,0,0,0,1,0,0,0,0,0,0,1,1,0,1,1,1,1,1,0,1,0,0,0,0,0,1,0,1,0,1,0,0,0,0,0,0,tempete_cif.y4m,87.49,87.476,0.12341,0.011209,0.0,264
1,1,0,0,0,0,0,0,0,1,0,0,1,0,1,1,0,1,1,0,1,1,0,0,0,0,0,1,0,1,0,1,1,0,0,0,1,0,tempete_cif.y4m,169.63,169.554,0.266515,0.011989,0.0,98
1,1,0,0,0,0,0,0,0,0,1,0,1,1,0,1,0,0,1,0,1,1,0,0,0,0,0,1,0,1,1,0,1,0,0,1,0,0,tempete_cif.y4m,3.88,3.864,0.02881,0.010805,0.0,380
1,1,0,0,1,0,0,0,0,0,0,0,1,1,0,1,1,1,1,1,0,1,0,1,0,0,0,0,0,1,1,0,1,0,1,0,0,0,tempete_cif.y4m,194.86,195.146,0.741235,0.01461,0.0,85
1,1,0,0,0,0,0,0,0,0,1,0,1,0,1,1,0,0,1,0,1,1,1,0,0,0,0,0,0,1,0,1,1,0,0,0,1,0,tempete_cif.y4m,95.45,95.43,0.144741,0.011559,0.0,31
1,1,0,1,0,0,0,0,0,0,0,0,1,0,1,1,1,0,1,1,0,1,0,0,0,0,0,1,0,1,1,0,1,1,0,0,0,0,tempete_cif.y4m,3.32,3.324,0.029665,0.01057,0.0,8
1,1,0,0,1,0,0,0,0,0,0,0,1,1,0,1,1,1,1,1,0,1,1,0,0,0,0,0,0,1,0,1,1,1,0,0,0,0,tempete_cif.y4m,6.33,6.344,0.033615,0.011197,0.0,216
1,1,0,0,1,0,0,0,0,0,0,0,1,1,0,1,1,1,1,0,1,1,0,0,0,1,0,0,0,1,0,1,1,1,0,0,0,0,tempete_cif.y4m,1.45,1.452,0.004472,0.012469,0.0,214
1,1,0,0,0,0,0,0,1,0,0,0,1,1,0,1,0,0,1,1,0,1,0,0,0,0,0,1,0,1,1,0,0,0,0,0,0,0,tempete_cif.y4m,7.8,7.808,0.046583,0.010725,0.0,341
1,1,0,0,1,0,0,0,0,0,0,0,1,1,0,1,0,0,1,1,0,1,0,1,0,0,0,0,0,1,1,0,1,0,1,0,0,0,tempete_cif.y4m,4.57,4.572,0.017889,0.013369,0.0,236
1,1,0,0,0,0,0,0,0,0,1,0,1,0,1,1,0,0,1,0,1,1,0,0,0,0,1,0,0,1,1,0,1,0,1,0,0,0,tempete_cif.y4m,10.52,10.516,0.046152,0.013166,0.0,240
1,1,0,0,0,0,0,1,0,0,0,0,1,0,1,1,0,0,1,0,1,1,0,0,0,1,0,0,0,1,0,1,1,0,0,0,1,0,tempete_cif.y4m,6.34,6.362,0.079183,0.013469,0.0,51
1,1,1,0,0,0,0,0,0,0,0,0,1,0,1,1,1,1,1,0,1,1,0,0,0,0,0,0,1,1,1,0,1,0,1,0,0,0,tempete_cif.y4m,6.14,6.138,0.030332,0.012024,0.0,77
1,1,0,0,0,0,0,0,0,0,1,0,1,0,1,1,1,0,1,1,0,1,0,0,0,0,0,1,0,1,0,1,1,0,0,0,0,1,tempete_cif.y4m,5.88,5.886,0.043359,0.010705,0.0,128
1,1,0,0,1,0,0,0,0,0,0,0,1,1,0,1,0,0,1,1,0,1,0,1,0,0,0,0,0,1,0,1,0,0,0,0,0,0,tempete_cif.y4m,105.09,105.126,0.064265,0.012458,0.0,234
1,1,0,0,0,0,0,0,1,0,0,0,1,0,1,1,1,0,1,0,1,1,0,0,0,0,0,1,0,1,0,1,1,0,0,0,1,0,tempete_cif.y4m,480.2,480.162,0.139714,0.011912,0.0,28
1,1,0,0,1,0,0,0,0,0,0,0,1,1,0,1,1,0,1,0,1,1,1,0,0,0,0,0,0,1,1,0,0,0,0,0,0,0,tempete_cif.y4m,67.45,67.462,0.152053,0.012559,0.0,139
1,1,0,0,0,0,0,0,0,0,1,0,1,0,1,1,1,0,1,1,0,1,0,0,0,0,1,0,0,1,1,0,1,0,1,0,0,0,tempete_cif.y4m,1.31,1.304,0.008944,0.011769,0.0,152
1,1,0,1,0,0,0,0,0,0,0,0,1,0,1,1,0,0,1,1,0,1,0,0,0,0,0,1,0,1,1,0,1,0,0,0,1,0,tempete_cif.y4m,140.97,140.972,0.38291,0.016064,0.0,12
1,1,0,0,0,0,1,0,0,0,0,0,1,0,1,1,0,1,1,1,0,1,0,0,0,0,0,1,0,1,1,0,0,0,0,0,0,0,tempete_cif.y4m,1.29,1.288,0.004472,0.011769,0.0,369
1,1,0,0,0,0,0,0,0,0,0,1,1,1,0,1,1,0,1,0,1,1,0,0,0,0,0,1,0,1,0,1,1,0,0,0,0,1,tempete_cif.y4m,34.19,34.204,0.040988,0.011558,0.0,58
1,1,0,0,0,0,0,0,1,0,0,0,1,1,0,1,1,0,1,1,0,1,1,0,0,0,0,0,0,1,1,0,0,0,0,0,0,0,tempete_cif.y4m,26.55,26.584,0.156621,0.014961,0.0,64
1,1,0,0,0,0,0,0,1,0,0,0,1,1,0,1,1,0,1,1,0,1,0,0,1,0,0,0,0,1,1,0,1,1,0,0,0,0,tempete_cif.y4m,22.1,22.096,0.027019,0.012775,0.0,21
1,1,0,0,0,1,0,0,0,0,0,0,1,0,1,1,1,1,1,0,1,1,0,0,1,0,0,0,0,1,1,0,1,0,0,0,0,1,tempete_cif.y4m,96.58,96.2,0.924202,0.011498,0.0,225
1,1,0,0,0,0,1,0,0,0,0,0,1,0,1,1,1,0,1,1,0,1,0,0,0,0,0,1,0,1,1,0,1,0,0,0,1,0,tempete_cif.y4m,163.1,162.696,1.972214,0.012664,0.0,366
1,1,0,0,0,0,0,1,0,0,0,0,1,0,1,1,1,1,1,0,1,1,0,0,1,0,0,0,0,1,0,1,1,0,0,0,0,1,waterfall_cif.y4m,2.77,2.834,0.117388,0.004605,0.0,114
1,1,0,0,1,0,0,0,0,0,0,0,1,1,0,1,1,1,1,0,1,1,0,0,1,0,0,0,0,1,1,0,1,0,1,0,0,0,waterfall_cif.y4m,2.18,2.176,0.005477,0.004236,0.0,281
1,1,0,0,0,1,0,0,0,0,0,0,1,0,1,1,1,0,1,1,0,1,0,0,0,0,0,0,1,1,1,0,1,0,0,1,0,0,waterfall_cif.y4m,4.13,4.122,0.031145,0.004456,0.0,325
1,1,1,0,0,0,0,0,0,0,0,0,1,1,0,1,1,0,1,1,0,1,0,0,0,0,1,0,0,1,1,0,1,1,0,0,0,0,waterfall_cif.y4m,3.63,3.616,0.0251,0.004216,0.0,181
1,1,0,0,0,0,0,0,1,0,0,0,1,1,0,1,1,0,1,0,1,1,0,0,1,0,0,0,0,1,1,0,1,0,0,0,0,1,waterfall_cif.y4m,67.84,67.784,0.275191,0.004903,0.0,247
1,1,0,0,0,0,0,0,0,0,1,0,1,1,0,1,1,0,1,1,0,1,0,0,0,0,1,0,0,1,1,0,1,0,0,0,0,1,waterfall_cif.y4m,63.84,63.752,0.216032,0.003685,0.0,166
1,1,0,0,0,0,0,0,1,0,0,0,1,1,0,1,1,0,1,0,1,1,0,0,1,0,0,0,0,1,1,0,1,0,0,0,1,0,waterfall_cif.y4m,3.42,3.424,0.027019,0.004134,0.0,25
1,1,0,0,0,0,0,1,0,0,0,0,1,0,1,1,0,0,1,1,0,1,0,1,0,0,0,0,0,1,0,1,0,0,0,0,0,0,waterfall_cif.y4m,6.47,6.456,0.076026,0.005086,0.0,355
1,1,0,0,1,0,0,0,0,0,0,0,1,1,0,1,0,0,1,1,0,1,1,0,0,0,0,0,0,1,1,0,1,0,0,0,0,1,waterfall_cif.y4m,0.87,0.87,0.012247,0.003514,0.0,219
1,1,0,0,0,1,0,0,0,0,0,0,1,1,0,1,1,0,1,1,0,1,0,0,0,0,1,0,0,1,1,0,1,1,0,0,0,0,waterfall_cif.y4m,6.5,6.532,0.094446,0.005086,0.0,182
1,1,0,1,0,0,0,0,0,0,0,0,1,0,1,1,0,1,1,1,0,1,0,0,0,0,0,1,0,1,1,0,1,1,0,0,0,0,waterfall_cif.y4m,2.62,2.582,0.066106,0.004314,0.0,10
1,1,0,0,1,0,0,0,0,0,0,0,1,1,0,1,1,0,1,0,1,1,0,0,1,0,0,0,0,1,0,1,1,0,0,0,0,1,waterfall_cif.y4m,37.1,37.074,0.082341,0.004468,0.0,116
1,1,0,0,0,1,0,0,0,0,0,0,1,1,0,1,1,1,1,0,1,1,0,0,0,0,0,1,0,1,0,1,1,1,0,0,0,0,waterfall_cif.y4m,4.63,4.642,0.051672,0.004341,0.0,266
1,1,0,0,0,0,0,0,1,0,0,0,1,1,0,1,0,0,1,0,1,1,0,0,1,0,0,0,0,1,1,0,1,0,0,1,0,0,waterfall_cif.y4m,17.49,17.458,0.075961,0.005645,0.0,313
1,1,0,0,0,0,0,1,0,0,0,0,1,0,1,1,0,0,1,1,0,1,0,0,0,0,0,0,1,1,0,1,0,0,0,0,0,0,waterfall_cif.y4m,4.52,4.51,0.043012,0.005632,0.0,357
1,1,0,0,0,1,0,0,0,0,0,0,1,0,1,1,0,1,1,0,1,1,1,0,0,0,0,0,0,1,1,0,1,1,0,0,0,0,waterfall_cif.y4m,1.42,1.444,0.050794,0.005826,0.0,187
1,1,0,0,0,0,0,0,1,0,0,0,1,1,0,1,1,1,1,0,1,1,0,0,1,0,0,0,0,1,1,0,1,1,0,0,0,0,waterfall_cif.y4m,129.15,129.44,0.494722,0.00361,0.0,23
1,1,0,0,1,0,0,0,0,0,0,0,1,1,0,1,1,0,1,1,0,1,0,1,0,0,0,0,0,1,0,1,0,0,0,0,0,0,waterfall_cif.y4m,23.54,23.53,0.043589,0.004447,0.0,2
1,1,0,0,0,0,0,0,0,0,0,1,1,1,0,1,1,0,1,0,1,1,0,0,0,0,0,1,0,1,1,0,1,1,0,0,0,0,waterfall_cif.y4m,74.94,74.984,0.128957,0.005253,0.0,301
1,1,0,0,0,0,0,1,0,0,0,0,1,0,1,1,0,1,1,1,0,1,0,1,0,0,0,0,0,1,0,1,0,0,0,0,0,0,waterfall_cif.y4m,68.9,68.746,0.252646,0.004989,0.0,356
1,1,0,0,0,0,0,0,0,0,1,0,1,1,0,1,0,1,1,0,1,1,0,0,0,0,0,1,0,1,0,1,1,1,0,0,0,0,waterfall_cif.y4m,5.85,5.842,0.040866,0.004977,0.0,269
1,1,0,0,0,0,0,0,0,0,1,0,1,0,1,1,0,1,1,1,0,1,0,0,1,0,0,0,0,1,0,1,1,0,0,0,1,0,waterfall_cif.y4m,3.41,3.386,0.061887,0.005713,0.0,274
1,1,0,0,0,0,0,0,0,0,1,0,1,0,1,1,0,1,1,1,0,1,0,0,0,1,0,0,0,1,1,0,1,1,0,0,0,0,waterfall_cif.y4m,4.46,4.45,0.023452,0.005223,0.0,307
1,1,0,0,1,0,0,0,0,0,0,0,1,0,1,1,0,1,1,1,0,1,0,0,1,0,0,0,0,1,0,1,1,1,0,0,0,0,waterfall_cif.y4m,13.77,13.752,0.0502,0.004286,0.0,254
1,1,0,0,0,0,0,0,0,0,1,0,1,0,1,1,0,1,1,0,1,1,0,1,0,0,0,0,0,1,0,1,0,0,0,0,0,0,waterfall_cif.y4m,1.01,1.008,0.008367,0.003664,0.0,208
1,1,0,0,1,0,0,0,0,0,0,0,1,1,0,1,1,1,1,1,0,1,0,0,1,0,0,0,0,1,0,1,1,0,1,0,0,0,waterfall_cif.y4m,1.24,1.244,0.016733,0.007232,0.0,279
1,1,0,0,0,0,0,1,0,0,0,0,1,1,0,1,1,1,1,1,0,1,0,1,0,0,0,0,0,1,0,1,1,0,0,0,1,0,waterfall_cif.y4m,4.32,4.338,0.128141,0.005506,0.0,171
1,1,0,0,0,0,0,0,0,1,0,0,1,1,0,1,0,1,1,0,1,1,0,0,0,0,0,1,0,1,0,1,1,0,0,0,1,0,waterfall_cif.y4m,18.0,17.974,0.089331,0.005645,0.0,99
1,1,1,0,0,0,0,0,0,0,0,0,1,0,1,1,1,1,1,1,0,1,0,1,0,0,0,0,0,1,1,0,1,0,1,0,0,0,waterfall_cif.y4m,5.33,5.304,0.047749,0.005306,0.0,81
1,1,0,0,0,0,0,0,0,0,1,0,1,0,1,1,1,1,1,0,1,1,0,0,1,0,0,0,0,1,1,0,1,0,1,0,0,0,waterfall_cif.y4m,1.88,1.862,0.057619,0.0042,0.0,155
1,1,0,0,0,1,0,0,0,0,0,0,1,1,0,1,0,1,1,1,0,1,1,0,0,0,0,0,0,1,1,0,1,1,0,0,0,0,waterfall_cif.y4m,3.21,3.22,0.037417,0.005223,0.0,185
1,1,0,0,1,0,0,0,0,0,0,0,1,1,0,1,0,0,1,0,1,1,0,0,0,0,0,1,0,1,0,1,0,0,0,0,0,0,waterfall_cif.y4m,2.11,2.116,0.013416,0.00391,0.0,376
1,1,0,0,0,0,0,0,1,0,0,0,1,1,0,1,0,1,1,0,1,1,0,1,0,0,0,0,0,1,1,0,0,0,0,0,0,0,waterfall_cif.y4m,0.74,0.744,0.005477,0.003759,0.0,204
1,1,0,0,0,0,0,0,1,0,0,0,1,1,0,1,1,0,1,0,1,1,0,0,0,0,1,0,0,1,1,0,1,0,0,0,0,1,waterfall_cif.y4m,53.66,53.076,1.427806,0.00451,0.0,246
1,1,0,0,0,0,0,1,0,0,0,0,1,1,0,1,1,1,1,0,1,1,0,0,1,0,0,0,0,1,0,1,0,0,0,0,0,0,waterfall_cif.y4m,53.19,53.206,0.187029,0.005174,0.0,230
1,1,0,0,0,0,0,0,1,0,0,0,1,0,1,1,1,0,1,0,1,1,0,0,0,0,0,1,0,1,1,0,1,0,0,0,1,0,waterfall_cif.y4m,56.6,56.296,0.692156,0.006793,0.0,27
1,1,0,1,0,0,0,0,0,0,0,0,1,1,0,1,1,1,1,0,1,1,1,0,0,0,0,0,0,1,1,0,0,0,0,0,0,0,waterfall_cif.y4m,2.8,2.826,0.040988,0.004333,0.0,137
1,1,0,0,0,0,0,0,0,0,1,0,1,1,0,1,1,1,1,1,0,1,0,0,0,0,1,0,0,1,0,1,1,0,0,0,1,0,waterfall_cif.y4m,3.36,3.364,0.038471,0.005644,0.0,169
1,1,0,0,0,0,0,0,0,0,1,0,1,0,1,1,0,1,1,0,1,1,1,0,0,0,0,0,0,1,0,1,1,0,0,0,0,1,waterfall_cif.y4m,88.86,88.776,0.243783,0.004948,0.0,33
1,1,0,0,0,0,0,0,1,0,0,0,1,0,1,1,0,1,1,0,1,1,0,1,0,0,0,0,0,1,1,0,0,0,0,0,0,0,waterfall_cif.y4m,17.62,17.444,0.396144,0.006381,0.0,205
1,1,0,0,0,0,0,0,0,0,1,0,1,1,0,1,1,0,1,0,1,1,0,0,0,0,1,0,0,1,1,0,1,0,0,0,0,1,waterfall_cif.y4m,3.57,3.568,0.019235,0.004865,0.0,245
1,1,1,0,0,0,0,0,0,0,0,0,1,1,0,1,0,0,1,1,0,1,0,0,1,0,0,0,0,1,1,0,1,0,0,0,0,1,waterfall_cif.y4m,3.55,3.544,0.015166,0.003923,0.0,163
1,1,0,0,1,0,0,0,0,0,0,0,1,1,0,1,1,0,1,1,0,1,1,0,0,0,0,0,0,1,0,1,1,1,0,0,0,0,waterfall_cif.y4m,2.12,2.118,0.023875,0.00391,0.0,4
1,1,0,0,1,0,0,0,0,0,0,0,1,1,0,1,0,0,1,0,1,1,1,0,0,0,0,0,0,1,1,0,1,0,0,0,1,0,waterfall_cif.y4m,1.65,1.656,0.038471,0.007232,0.0,141
1,1,1,0,0,0,0,0,0,0,0,0,1,1,0,1,1,1,1,0,1,1,0,0,1,0,0,0,0,1,1,0,1,1,0,0,0,0,waterfall_cif.y4m,69.7,69.452,0.609934,0.004693,0.0,159
1,1,0,0,0,0,0,0,1,0,0,0,1,1,0,1,0,1,1,0,1,1,0,0,1,0,0,0,0,1,0,1,1,0,0,0,0,1,waterfall_cif.y4m,8.1,7.996,0.166223,0.005615,0.0,336
1,1,0,0,0,1,0,0,0,0,0,0,1,1,0,1,0,0,1,0,1,1,0,0,0,0,0,0,1,1,1,0,1,0,0,0,1,0,waterfall_cif.y4m,22.76,22.842,0.170499,0.004885,0.0,72
1,1,0,0,0,0,0,0,1,0,0,0,1,1,0,1,1,0,1,1,0,1,0,0,1,0,0,0,0,1,1,0,1,0,0,0,0,1,waterfall_cif.y4m,2.62,2.63,0.031623,0.005061,0.0,248
1,1,0,1,0,0,0,0,0,0,0,0,1,0,1,1,1,1,1,1,0,1,0,0,0,0,0,1,0,1,0,1,1,0,0,0,0,1,waterfall_cif.y4m,69.87,69.996,0.268198,0.00445,0.0,130
1,1,0,0,0,1,0,0,0,0,0,0,1,0,1,1,1,1,1,1,0,1,0,0,0,0,0,0,1,1,1,0,0,0,0,0,0,0,waterfall_cif.y4m,83.7,83.686,0.184472,0.004123,0.0,324
1,1,1,0,0,0,0,0,0,0,0,0,1,0,1,1,0,1,1,1,0,1,0,1,0,0,0,0,0,1,0,1,0,0,0,0,0,0,waterfall_cif.y4m,89.4,89.472,0.24954,0.006719,0.0,354
1,1,0,0,0,0,0,0,0,0,1,0,1,0,1,1,0,0,1,1,0,1,0,0,0,1,0,0,0,1,0,1,0,0,0,0,0,0,waterfall_cif.y4m,55.92,56.016,0.740257,0.004377,0.0,291
1,1,0,0,0,0,0,0,0,0,1,0,1,1,0,1,0,0,1,1,0,1,0,1,0,0,0,0,0,1,1,0,1,0,1,0,0,0,waterfall_cif.y4m,1.63,1.616,0.047749,0.003625,0.0,237
1,1,0,0,0,1,0,0,0,0,0,0,1,1,0,1,1,0,1,1,0,1,1,0,0,0,0,0,0,1,1,0,1,1,0,0,0,0,waterfall_cif.y4m,1.72,1.722,0.010954,0.004326,0.0,183
1,1,0,0,0,1,0,0,0,0,0,0,1,0,1,1,1,1,1,0,1,1,0,0,1,0,0,0,0,1,0,1,0,0,0,0,0,0,waterfall_cif.y4m,1.55,1.548,0.008367,0.003906,0.0,227
1,1,0,0,0,0,0,0,1,0,0,0,1,1,0,1,0,1,1,0,1,1,0,0,0,0,0,1,0,1,0,1,0,0,0,0,0,0,waterfall_cif.y4m,3.97,3.978,0.136272,0.004769,0.0,338
1,1,0,0,1,0,0,0,0,0,0,0,1,0,1,1,0,0,1,0,1,1,1,0,0,0,0,0,0,1,1,0,1,0,0,0,1,0,waterfall_cif.y4m,13.2,13.184,0.083247,0.005063,0.0,142
1,1,0,0,1,0,0,0,0,0,0,0,1,1,0,1,1,1,1,0,1,1,0,0,1,0,0,0,0,1,1,0,1,0,0,0,0,1,waterfall_cif.y4m,10.38,10.376,0.018166,0.004965,0.0,332
1,1,0,0,0,0,0,0,0,1,0,0,1,0,1,1,0,0,1,1,0,1,0,0,0,0,1,0,0,1,0,1,1,0,0,0,1,0,waterfall_cif.y4m,66.73,66.512,0.582641,0.004479,0.0,95
1,1,0,0,1,0,0,0,0,0,0,0,1,0,1,1,0,0,1,0,1,1,0,0,0,1,0,0,0,1,0,1,0,0,0,0,0,0,waterfall_cif.y4m,7.11,7.116,0.04827,0.005051,0.0,289
1,1,0,0,1,0,0,0,0,0,0,0,1,1,0,1,0,0,1,0,1,1,0,0,0,0,0,1,0,1,0,1,1,0,0,1,0,0,waterfall_cif.y4m,1.39,1.386,0.023022,0.003625,0.0,378
1,1,0,0,1,0,0,0,0,0,0,0,1,1,0,1,1,1,1,1,0,1,0,0,1,0,0,0,0,1,0,1,1,0,0,0,1,0,waterfall_cif.y4m,24.36,24.39,0.178185,0.005002,0.0,278
1,1,0,0,0,0,0,0,0,0,1,0,1,0,1,1,1,0,1,0,1,1,1,0,0,0,0,0,0,1,0,1,1,0,0,0,1,0,waterfall_cif.y4m,4.43,4.426,0.035777,0.00506,0.0,30
1,1,0,0,1,0,0,0,0,0,0,0,1,1,0,1,0,0,1,0,1,1,0,1,0,0,0,0,0,1,0,1,1,0,0,0,0,1,waterfall_cif.y4m,1.16,1.16,0.025495,0.004063,0.0,120
1,1,0,0,0,1,0,0,0,0,0,0,1,1,0,1,1,1,1,0,1,1,0,0,0,0,0,1,0,1,0,1,0,0,0,0,0,0,waterfall_cif.y4m,1.52,1.52,0.033912,0.003996,0.0,265
1,1,0,0,0,0,0,0,0,0,1,0,1,1,0,1,1,0,1,1,0,1,0,0,0,0,0,1,0,1,0,1,0,0,0,0,0,0,waterfall_cif.y4m,3.18,3.166,0.048785,0.003979,0.0,296
1,1,0,0,0,0,0,1,0,0,0,0,1,1,0,1,1,1,1,1,0,1,0,1,0,0,0,0,0,1,0,1,0,0,0,0,0,0,waterfall_cif.y4m,6.72,6.718,0.013038,0.004704,0.0,232
1,1,0,0,0,0,0,0,0,0,1,0,1,0,1,1,0,0,1,1,0,1,0,0,1,0,0,0,0,1,1,0,1,0,0,1,0,0,waterfall_cif.y4m,5.54,5.508,0.102811,0.005108,0.0,310
1,1,0,0,0,0,0,1,0,0,0,0,1,0,1,1,1,1,1,0,1,1,0,0,0,0,0,1,0,1,0,1,1,0,0,1,0,0,waterfall_cif.y4m,56.7,56.71,0.093808,0.003938,0.0,349
1,1,0,0,1,0,0,0,0,0,0,0,1,1,0,1,0,1,1,0,1,1,0,0,0,0,0,1,0,1,0,1,0,0,0,0,0,0,waterfall_cif.y4m,3.16,3.158,0.07823,0.005106,0.0,377
1,1,0,0,0,0,0,0,0,1,0,0,1,0,1,1,1,1,1,1,0,1,0,0,0,0,1,0,0,1,0,1,1,0,0,0,1,0,waterfall_cif.y4m,73.61,73.016,1.41592,0.005129,0.0,94
1,1,1,0,0,0,0,0,0,0,0,0,1,1,0,1,1,0,1,0,1,1,1,0,0,0,0,0,0,1,0,1,1,1,0,0,0,0,waterfall_cif.y4m,4.33,4.316,0.034351,0.005223,0.0,178
1,1,0,0,0,0,0,0,0,0,1,0,1,0,1,1,0,0,1,1,0,1,0,0,0,0,0,1,0,1,0,1,1,0,0,0,0,1,waterfall_cif.y4m,4.52,4.53,0.018708,0.005027,0.0,127
1,1,0,0,0,0,0,1,0,0,0,0,1,0,1,1,1,0,1,0,1,1,0,0,0,1,0,0,0,1,0,1,1,0,0,0,1,0,waterfall_cif.y4m,1.24,1.232,0.010954,0.003387,0.0,111
1,1,1,0,0,0,0,0,0,0,0,0,1,0,1,1,0,1,1,1,0,1,0,1,0,0,0,0,0,1,0,1,1,0,0,1,0,0,waterfall_cif.y4m,3.07,3.064,0.031305,0.004802,0.0,353
1,1,0,0,0,0,1,0,0,0,0,0,1,0,1,1,1,1,1,1,0,1,0,1,0,0,0,0,0,1,1,0,1,0,0,0,1,0,waterfall_cif.y4m,3.04,3.064,0.050794,0.004314,0.0,45
1,1,0,0,0,1,0,0,0,0,0,0,1,0,1,1,1,1,1,0,1,1,0,0,1,0,0,0,0,1,1,0,0,0,0,0,0,0,waterfall_cif.y4m,0.97,0.972,0.004472,0.003792,0.0,226
1,1,0,0,0,0,0,0,0,0,0,1,1,1,0,1,1,0,1,0,1,1,0,0,0,0,0,1,0,1,1,0,1,0,0,0,0,1,waterfall_cif.y4m,4.23,4.23,0.018708,0.004196,0.0,59
1,1,0,0,0,0,0,0,1,0,0,0,1,1,0,1,1,1,1,1,0,1,1,0,0,0,0,0,0,1,0,1,1,1,0,0,0,0,waterfall_cif.y4m,23.22,23.31,0.279821,0.004447,0.0,19
1,1,0,0,0,0,0,0,0,0,0,1,1,1,0,1,0,1,1,0,1,1,0,0,0,1,0,0,0,1,1,0,1,1,0,0,0,0,waterfall_cif.y4m,14.25,14.26,0.062048,0.004942,0.0,304
1,1,0,0,0,0,0,0,1,0,0,0,1,0,1,1,0,1,1,0,1,1,0,1,0,0,0,0,0,1,0,1,0,0,0,0,0,0,waterfall_cif.y4m,2.66,2.664,0.023022,0.005061,0.0,207
1,1,0,0,0,0,1,0,0,0,0,0,1,1,0,1,1,1,1,1,0,1,0,1,0,0,0,0,0,1,1,0,0,0,0,0,0,0,waterfall_cif.y4m,98.31,98.29,0.2505,0.004437,0.0,43
1,1,0,0,0,0,1,0,0,0,0,0,1,1,0,1,1,0,1,1,0,1,1,0,0,0,0,0,0,1,1,0,1,0,0,0,0,1,waterfall_cif.y4m,1.58,1.58,0.015811,0.003754,0.0,40
1,1,0,0,0,1,0,0,0,0,0,0,1,0,1,1,0,1,1,1,0,1,1,0,0,0,0,0,0,1,1,0,1,1,0,0,0,0,waterfall_cif.y4m,95.17,95.422,0.421509,0.004211,0.0,186
1,1,0,0,1,0,0,0,0,0,0,0,1,0,1,1,0,0,1,0,1,1,0,0,0,1,0,0,0,1,0,1,1,0,0,0,0,1,waterfall_cif.y4m,2.18,2.19,0.028284,0.004059,0.0,288
1,1,1,0,0,0,0,0,0,0,0,0,1,1,0,1,1,0,1,1,0,1,0,1,0,0,0,0,0,1,1,0,1,0,1,0,0,0,waterfall_cif.y4m,3.53,3.536,0.048785,0.004216,0.0,82
1,1,0,0,0,0,0,0,0,0,1,0,1,0,1,1,1,1,1,0,1,1,0,0,0,1,0,0,0,1,0,1,0,0,0,0,0,0,waterfall_cif.y4m,2.67,2.694,0.063087,0.004451,0.0,211
1,1,0,0,1,0,0,0,0,0,0,0,1,0,1,1,1,1,1,0,1,1,0,0,0,0,0,1,0,1,1,0,1,0,0,1,0,0,waterfall_cif.y4m,52.13,52.104,0.141174,0.00451,0.0,347
1,1,0,1,0,0,0,0,0,0,0,0,1,0,1,1,0,0,1,1,0,1,1,0,0,0,0,0,0,1,1,0,1,0,0,0,1,0,waterfall_cif.y4m,6.67,6.672,0.017889,0.004297,0.0,13
1,1,0,0,0,0,0,1,0,0,0,0,1,0,1,1,1,1,1,0,1,1,0,0,1,0,0,0,0,1,0,1,0,0,0,0,0,0,waterfall_cif.y4m,177.72,177.71,0.119164,0.004519,0.0,228
1,1,0,0,0,0,0,0,0,1,0,0,1,1,0,1,0,1,1,0,1,1,0,0,1,0,0,0,0,1,0,1,1,0,0,0,0,1,waterfall_cif.y4m,4.38,4.4,0.078422,0.005506,0.0,335
1,1,0,0,0,0,0,0,1,0,0,0,1,1,0,1,1,0,1,0,1,1,0,0,1,0,0,0,0,1,1,0,1,1,0,0,0,0,waterfall_cif.y4m,11.48,11.48,0.128841,0.004368,0.0,24
1,1,1,0,0,0,0,0,0,0,0,0,1,0,1,1,0,1,1,0,1,1,0,1,0,0,0,0,0,1,0,1,1,0,0,1,0,0,waterfall_cif.y4m,178.54,178.528,0.368741,0.006693,0.0,352
1,1,0,0,0,0,1,0,0,0,0,0,1,0,1,1,0,0,1,1,0,1,0,0,0,0,0,1,0,1,1,0,0,0,0,0,0,0,waterfall_cif.y4m,2.89,2.886,0.033615,0.004503,0.0,368
1,1,1,0,0,0,0,0,0,0,0,0,1,0,1,1,1,1,1,1,0,1,0,1,0,0,0,0,0,1,1,0,0,0,0,0,0,0,waterfall_cif.y4m,1.2,1.194,0.013416,0.003916,0.0,80
1,1,0,0,1,0,0,0,0,0,0,0,1,1,0,1,0,0,1,0,1,1,0,1,0,0,0,0,0,1,0,1,0,0,0,0,0,0,waterfall_cif.y4m,13.6,13.398,0.369486,0.004527,0.0,121
1,1,0,0,0,0,0,0,0,0,1,0,1,0,1,1,1,1,1,0,1,1,0,0,1,0,0,0,0,1,1,0,1,1,0,0,0,0,waterfall_cif.y4m,2.54,2.536,0.011402,0.004333,0.0,156
1,1,0,1,0,0,0,0,0,0,0,0,1,0,1,1,1,1,1,1,0,1,0,0,0,0,0,1,0,1,1,0,1,1,0,0,0,0,waterfall_cif.y4m,0.67,0.654,0.023022,0.003362,0.0,9
1,1,0,0,0,0,0,0,0,0,1,0,1,1,0,1,0,0,1,1,0,1,0,0,0,0,1,0,0,1,1,0,1,0,0,0,0,1,waterfall_cif.y4m,3.27,3.26,0.018708,0.004865,0.0,165
1,1,0,0,0,0,0,0,0,0,1,0,1,0,1,1,0,0,1,1,0,1,0,1,0,0,0,0,0,1,0,1,1,0,0,0,0,1,waterfall_cif.y4m,3.77,3.77,0.032404,0.004589,0.0,126
1,1,0,0,1,0,0,0,0,0,0,0,1,1,0,1,1,1,1,0,1,1,0,0,1,0,0,0,0,1,0,1,1,0,1,0,0,0,waterfall_cif.y4m,1.24,1.242,0.092844,0.003916,0.0,280
1,1,0,0,0,0,0,1,0,0,0,0,1,0,1,1,1,1,1,1,0,1,0,1,0,0,0,0,0,1,0,1,1,0,0,0,1,0,waterfall_cif.y4m,0.99,0.992,0.008367,0.006867,0.0,172
1,1,0,0,0,0,0,0,0,0,1,0,1,0,1,1,0,1,1,1,0,1,0,0,0,1,0,0,0,1,0,1,0,0,0,0,0,0,waterfall_cif.y4m,4.93,4.926,0.033615,0.0052,0.0,292
1,1,0,0,0,0,0,0,0,0,1,0,1,1,0,1,1,1,1,0,1,1,0,0,0,0,0,1,0,1,1,0,0,0,0,0,0,0,waterfall_cif.y4m,8.78,8.766,0.090995,0.004305,0.0,105
1,1,0,0,0,1,0,0,0,0,0,0,1,0,1,1,1,1,1,0,1,1,0,0,0,0,0,0,1,1,1,0,1,0,1,0,0,0,waterfall_cif.y4m,9.17,9.234,0.131263,0.005009,0.0,76
1,1,0,0,0,1,0,0,0,0,0,0,1,0,1,1,0,0,1,1,0,1,1,0,0,0,0,0,0,1,1,0,1,0,0,0,0,1,waterfall_cif.y4m,51.65,51.706,0.275372,0.004321,0.0,221
1,1,0,0,0,0,0,0,0,0,1,0,1,1,0,1,1,0,1,1,0,1,0,0,0,0,1,0,0,1,0,1,1,0,0,0,0,1,waterfall_cif.y4m,19.75,19.76,0.029155,0.004299,0.0,167
1,1,0,0,0,0,0,0,0,0,1,0,1,0,1,1,0,1,1,0,1,1,1,0,0,0,0,0,0,1,1,0,1,0,0,0,0,1,waterfall_cif.y4m,120.45,120.454,0.671811,0.005426,0.0,35
1,1,0,0,1,0,0,0,0,0,0,0,1,1,0,1,0,0,1,1,0,1,0,1,0,0,0,0,0,1,0,1,1,0,1,0,0,0,waterfall_cif.y4m,1.91,1.902,0.019235,0.004418,0.0,235
1,1,0,0,0,0,0,0,0,1,0,0,1,1,0,1,1,1,1,0,1,1,0,0,1,0,0,0,0,1,0,1,1,0,0,0,0,1,waterfall_cif.y4m,6.84,6.856,0.04669,0.005021,0.0,333
1,1,0,0,0,0,1,0,0,0,0,0,1,0,1,1,1,1,1,1,0,1,0,1,0,0,0,0,0,1,1,0,0,0,0,0,0,0,waterfall_cif.y4m,55.75,55.764,0.14519,0.004347,0.0,44
1,1,0,0,1,0,0,0,0,0,0,0,1,0,1,1,0,1,1,1,0,1,0,1,0,0,0,0,0,1,0,1,1,1,0,0,0,0,waterfall_cif.y4m,115.99,116.122,0.629897,0.0051,0.0,256
1,1,0,0,0,0,0,1,0,0,0,0,1,0,1,1,1,0,1,0,1,1,0,1,0,0,0,0,0,1,0,1,1,0,0,0,0,1,waterfall_cif.y4m,329.67,329.494,0.717691,0.004474,0.0,192
1,1,0,0,0,0,1,0,0,0,0,0,1,1,0,1,1,1,1,1,0,1,1,0,0,0,0,0,0,1,1,0,1,0,0,0,0,1,waterfall_cif.y4m,8.98,8.966,0.090719,0.005111,0.0,41
1,1,0,0,0,0,0,0,0,0,1,0,1,0,1,1,0,1,1,1,0,1,0,0,0,0,0,1,0,1,0,1,1,0,0,0,1,0,waterfall_cif.y4m,60.27,59.802,1.086264,0.004984,0.0,273
1,1,0,0,0,0,0,0,0,0,1,0,1,1,0,1,0,1,1,0,1,1,0,0,0,0,0,1,0,1,0,1,0,0,0,0,0,0,waterfall_cif.y4m,41.8,41.712,0.248737,0.005026,0.0,101
1,1,0,0,0,0,0,0,0,0,1,0,1,0,1,1,1,1,1,0,1,1,0,0,0,0,1,0,0,1,1,0,1,0,1,0,0,0,waterfall_cif.y4m,36.78,36.654,0.299132,0.004468,0.0,242
1,1,0,0,0,0,0,0,0,0,1,0,1,1,0,1,0,1,1,0,1,1,0,0,0,0,0,1,0,1,1,0,0,0,0,0,0,0,waterfall_cif.y4m,3.38,3.436,0.096592,0.005713,0.0,103
1,1,1,0,0,0,0,0,0,0,0,0,1,1,0,1,1,0,1,1,0,1,0,1,0,0,0,0,0,1,0,1,0,0,0,0,0,0,waterfall_cif.y4m,67.33,67.268,0.149064,0.00516,0.0,1
1,1,0,0,0,0,0,1,0,0,0,0,1,1,0,1,0,0,1,0,1,1,0,0,0,0,0,1,0,1,0,1,1,0,0,0,0,1,waterfall_cif.y4m,2.91,2.912,0.0249,0.004802,0.0,56
1,1,0,0,1,0,0,0,0,0,0,0,1,0,1,1,0,0,1,0,1,1,0,0,0,0,0,0,1,1,0,1,0,0,0,0,0,0,waterfall_cif.y4m,8.76,8.758,0.033466,0.004305,0.0,373
1,1,0,0,0,0,0,0,1,0,0,0,1,1,0,1,1,1,1,0,1,1,0,1,0,0,0,0,0,1,0,1,1,0,1,0,0,0,waterfall_cif.y4m,93.69,93.404,0.606984,0.004271,0.0,318
1,1,0,0,0,1,0,0,0,0,0,0,1,1,0,1,0,0,1,1,0,1,0,0,0,0,1,0,0,1,1,0,0,0,0,0,0,0,waterfall_cif.y4m,117.26,117.204,0.393992,0.004812,0.0,69
1,1,0,1,0,0,0,0,0,0,0,0,1,0,1,1,0,0,1,1,0,1,0,0,0,0,0,1,0,1,1,0,1,1,0,0,0,0,waterfall_cif.y4m,2.91,2.912,0.054037,0.005131,0.0,11
1,1,0,0,1,0,0,0,0,0,0,0,1,0,1,1,0,0,1,1,0,1,0,1,0,0,0,0,0,1,0,1,1,0,0,1,0,0,waterfall_cif.y4m,2.2,2.192,0.025884,0.004516,0.0,258
1,1,0,0,0,0,0,0,0,0,1,0,1,0,1,1,0,0,1,1,0,1,0,1,0,0,0,0,0,1,1,0,1,0,1,0,0,0,waterfall_cif.y4m,187.73,187.756,0.487678,0.004545,0.0,238
1,1,0,0,0,0,0,1,0,0,0,0,1,0,1,1,1,0,1,1,0,1,1,0,0,0,0,0,0,1,0,1,1,0,0,0,1,0,waterfall_cif.y4m,177.54,177.38,0.530424,0.004731,0.0,173
1,1,0,0,0,0,0,1,0,0,0,0,1,0,1,1,0,1,1,0,1,1,0,1,0,0,0,0,0,1,0,1,1,1,0,0,0,0,waterfall_cif.y4m,134.64,134.652,0.161462,0.005046,0.0,190
1,1,0,1,0,0,0,0,0,0,0,0,1,0,1,1,1,0,1,1,0,1,0,0,0,0,0,1,0,1,0,1,1,1,0,0,0,0,waterfall_cif.y4m,42.24,41.98,0.746827,0.004976,0.0,7
1,1,0,0,0,1,0,0,0,0,0,0,1,0,1,1,1,1,1,0,1,1,0,0,0,0,0,0,1,1,1,0,0,0,0,0,0,0,waterfall_cif.y4m,1.25,1.28,0.079687,0.003663,0.0,323
1,1,0,0,0,1,0,0,0,0,0,0,1,0,1,1,0,0,1,0,1,1,0,0,0,0,0,0,1,1,1,0,1,0,0,0,1,0,waterfall_cif.y4m,100.96,100.988,0.393345,0.004971,0.0,73
1,1,0,0,0,0,0,0,0,0,1,0,1,0,1,1,1,0,1,0,1,1,0,1,0,0,0,0,0,1,0,1,0,0,0,0,0,0,waterfall_cif.y4m,99.5,99.518,0.228517,0.004437,0.0,209
1,1,0,1,0,0,0,0,0,0,0,0,1,1,0,1,1,0,1,0,1,1,1,0,0,0,0,0,0,1,1,0,0,0,0,0,0,0,waterfall_cif.y4m,2.21,2.224,0.027928,0.004941,0.0,138
1,1,0,0,0,1,0,0,0,0,0,0,1,1,0,1,1,1,1,1,0,1,0,0,0,0,0,1,0,1,0,1,0,0,0,0,0,0,waterfall_cif.y4m,45.02,44.728,0.758202,0.00403,0.0,264
1,1,0,0,0,0,0,0,0,1,0,0,1,0,1,1,0,1,1,0,1,1,0,0,0,0,0,1,0,1,0,1,1,0,0,0,1,0,waterfall_cif.y4m,127.22,127.21,0.041231,0.004812,0.0,98
1,1,0,0,0,0,0,0,0,0,1,0,1,1,0,1,0,0,1,0,1,1,0,0,0,0,0,1,0,1,1,0,1,0,0,1,0,0,waterfall_cif.y4m,2.73,2.708,0.051186,0.004753,0.0,380
1,1,0,0,1,0,0,0,0,0,0,0,1,1,0,1,1,1,1,1,0,1,0,1,0,0,0,0,0,1,1,0,1,0,1,0,0,0,waterfall_cif.y4m,101.52,101.348,0.404561,0.004958,0.0,85
1,1,0,0,0,0,0,0,0,0,1,0,1,0,1,1,0,0,1,0,1,1,1,0,0,0,0,0,0,1,0,1,1,0,0,0,1,0,waterfall_cif.y4m,58.07,58.03,0.137295,0.004561,0.0,31
1,1,0,1,0,0,0,0,0,0,0,0,1,0,1,1,1,0,1,1,0,1,0,0,0,0,0,1,0,1,1,0,1,1,0,0,0,0,waterfall_cif.y4m,1.66,1.656,0.030496,0.003754,0.0,8
1,1,0,0,1,0,0,0,0,0,0,0,1,1,0,1,1,1,1,1,0,1,1,0,0,0,0,0,0,1,0,1,1,1,0,0,0,0,waterfall_cif.y4m,4.38,4.366,0.055045,0.00477,0.0,216
1,1,0,0,1,0,0,0,0,0,0,0,1,1,0,1,1,1,1,0,1,1,0,0,0,1,0,0,0,1,0,1,1,1,0,0,0,0,waterfall_cif.y4m,0.89,0.864,0.0498,0.004063,0.0,214
1,1,0,0,0,0,0,0,1,0,0,0,1,1,0,1,0,0,1,1,0,1,0,0,0,0,0,1,0,1,1,0,0,0,0,0,0,0,waterfall_cif.y4m,4.97,4.97,0.047434,0.004681,0.0,341
1,1,0,0,1,0,0,0,0,0,0,0,1,1,0,1,0,0,1,1,0,1,0,1,0,0,0,0,0,1,1,0,1,0,1,0,0,0,waterfall_cif.y4m,3.0,2.99,0.023452,0.005298,0.0,236
1,1,0,0,0,0,0,0,0,0,1,0,1,0,1,1,0,0,1,0,1,1,0,0,0,0,1,0,0,1,1,0,1,0,1,0,0,0,waterfall_cif.y4m,7.1,7.104,0.035777,0.005248,0.0,240
1,1,0,0,0,0,0,1,0,0,0,0,1,0,1,1,0,0,1,0,1,1,0,0,0,1,0,0,0,1,0,1,1,0,0,0,1,0,waterfall_cif.y4m,3.82,3.846,0.049295,0.005713,0.0,51
1,1,1,0,0,0,0,0,0,0,0,0,1,0,1,1,1,1,1,0,1,1,0,0,0,0,0,0,1,1,1,0,1,0,1,0,0,0,waterfall_cif.y4m,3.97,3.974,0.036469,0.004369,0.0,77
1,1,0,0,0,0,0,0,0,0,1,0,1,0,1,1,1,0,1,1,0,1,0,0,0,0,0,1,0,1,0,1,1,0,0,0,0,1,waterfall_cif.y4m,3.38,3.388,0.019235,0.004479,0.0,128
1,1,0,0,1,0,0,0,0,0,0,0,1,1,0,1,0,0,1,1,0,1,0,1,0,0,0,0,0,1,0,1,0,0,0,0,0,0,waterfall_cif.y4m,59.53,59.558,0.127554,0.004377,0.0,234
1,1,0,0,0,0,0,0,1,0,0,0,1,0,1,1,1,0,1,0,1,1,0,0,0,0,0,1,0,1,0,1,1,0,0,0,1,0,waterfall_cif.y4m,338.58,338.58,0.09083,0.004474,0.0,28
1,1,0,0,1,0,0,0,0,0,0,0,1,1,0,1,1,0,1,0,1,1,1,0,0,0,0,0,0,1,1,0,0,0,0,0,0,0,waterfall_cif.y4m,41.36,41.09,0.613311,0.004976,0.0,139
1,1,0,0,0,0,0,0,0,0,1,0,1,0,1,1,1,0,1,1,0,1,0,0,0,0,1,0,0,1,1,0,1,0,1,0,0,0,waterfall_cif.y4m,0.77,0.766,0.005477,0.003759,0.0,152
1,1,0,1,0,0,0,0,0,0,0,0,1,0,1,1,0,0,1,1,0,1,0,0,0,0,0,1,0,1,1,0,1,0,0,0,1,0,waterfall_cif.y4m,119.38,119.432,0.3114,0.006728,0.0,12
1,1,0,0,0,0,1,0,0,0,0,0,1,0,1,1,0,1,1,1,0,1,0,0,0,0,0,1,0,1,1,0,0,0,0,0,0,0,waterfall_cif.y4m,0.76,0.758,0.004472,0.003759,0.0,369
1,1,0,0,0,0,0,0,0,0,0,1,1,1,0,1,1,0,1,0,1,1,0,0,0,0,0,1,0,1,0,1,1,0,0,0,0,1,waterfall_cif.y4m,19.72,19.748,0.081976,0.004299,0.0,58
1,1,0,0,0,0,0,0,1,0,0,0,1,1,0,1,1,0,1,1,0,1,1,0,0,0,0,0,0,1,1,0,0,0,0,0,0,0,waterfall_cif.y4m,17.7,17.328,0.648899,0.005645,0.0,64
1,1,0,0,0,0,0,0,1,0,0,0,1,1,0,1,1,0,1,1,0,1,0,0,1,0,0,0,0,1,1,0,1,1,0,0,0,0,waterfall_cif.y4m,13.15,13.168,0.063797,0.004249,0.0,21
1,1,0,0,0,1,0,0,0,0,0,0,1,0,1,1,1,1,1,0,1,1,0,0,1,0,0,0,0,1,1,0,1,0,0,0,0,1,waterfall_cif.y4m,51.61,51.554,0.378061,0.00451,0.0,225
1,1,0,0,0,0,1,0,0,0,0,0,1,0,1,1,1,0,1,1,0,1,0,0,0,0,0,1,0,1,1,0,1,0,0,0,1,0,waterfall_cif.y4m,97.19,96.896,1.162575,0.004947,0.0,366
1,1,0,0,0,0,0,1,0,0,0,0,1,0,1,1,1,1,1,0,1,1,0,0,1,0,0,0,0,1,0,1,1,0,0,0,0,1,blue_sky_1080p25.y4m,40.59,40.532,0.278155,0.004275,0.0,114
1,1,0,0,1,0,0,0,0,0,0,0,1,1,0,1,1,1,1,0,1,1,0,0,1,0,0,0,0,1,1,0,1,0,1,0,0,0,blue_sky_1080p25.y4m,22.11,22.118,0.070498,0.004037,0.0,281
1,1,0,0,0,1,0,0,0,0,0,0,1,0,1,1,1,0,1,1,0,1,0,0,0,0,0,0,1,1,1,0,1,0,0,1,0,0,blue_sky_1080p25.y4m,57.99,57.986,0.07893,0.004106,0.0,325
1,1,1,0,0,0,0,0,0,0,0,0,1,1,0,1,1,0,1,1,0,1,0,0,0,0,1,0,0,1,1,0,1,1,0,0,0,0,blue_sky_1080p25.y4m,37.81,37.824,0.220409,0.003956,0.0,181
1,1,0,0,0,0,0,0,1,0,0,0,1,1,0,1,1,0,1,0,1,1,0,0,1,0,0,0,0,1,1,0,1,0,0,0,0,1,blue_sky_1080p25.y4m,941.35,940.676,1.686247,0.005466,0.0,247
1,1,0,0,0,0,0,0,0,0,1,0,1,1,0,1,1,0,1,1,0,1,0,0,0,0,1,0,0,1,1,0,1,0,0,0,0,1,blue_sky_1080p25.y4m,1683.12,1683.06,0.905318,0.004244,0.0,166
1,1,0,0,0,0,0,0,1,0,0,0,1,1,0,1,1,0,1,0,1,1,0,0,1,0,0,0,0,1,1,0,1,0,0,0,1,0,blue_sky_1080p25.y4m,41.92,41.946,0.205499,0.004459,0.0,25
1,1,0,0,0,0,0,1,0,0,0,0,1,0,1,1,0,0,1,1,0,1,0,1,0,0,0,0,0,1,0,1,0,0,0,0,0,0,blue_sky_1080p25.y4m,58.89,58.888,0.090388,0.004522,0.0,355
1,1,0,0,1,0,0,0,0,0,0,0,1,1,0,1,0,0,1,1,0,1,1,0,0,0,0,0,0,1,1,0,1,0,0,0,0,1,blue_sky_1080p25.y4m,13.21,13.184,0.284746,0.003346,0.0,219
1,1,0,0,0,1,0,0,0,0,0,0,1,1,0,1,1,0,1,1,0,1,0,0,0,0,1,0,0,1,1,0,1,1,0,0,0,0,blue_sky_1080p25.y4m,58.81,58.8,0.055678,0.004522,0.0,182
1,1,0,1,0,0,0,0,0,0,0,0,1,0,1,1,0,1,1,1,0,1,0,0,0,0,0,1,0,1,1,0,1,1,0,0,0,0,blue_sky_1080p25.y4m,34.26,34.198,0.180333,0.003974,0.0,10
1,1,0,0,1,0,0,0,0,0,0,0,1,1,0,1,1,0,1,0,1,1,0,0,1,0,0,0,0,1,0,1,1,0,0,0,0,1,blue_sky_1080p25.y4m,559.47,559.422,0.53406,0.005064,0.0,116
1,1,0,0,0,1,0,0,0,0,0,0,1,1,0,1,1,1,1,0,1,1,0,0,0,0,0,1,0,1,0,1,1,1,0,0,0,0,blue_sky_1080p25.y4m,43.74,43.594,0.35409,0.004233,0.0,266
1,1,0,0,0,0,0,0,1,0,0,0,1,1,0,1,0,0,1,0,1,1,0,0,1,0,0,0,0,1,1,0,1,0,0,1,0,0,blue_sky_1080p25.y4m,331.95,331.482,1.544173,0.006,0.0,313
1,1,0,0,0,0,0,1,0,0,0,0,1,0,1,1,0,0,1,1,0,1,0,0,0,0,0,0,1,1,0,1,0,0,0,0,0,0,blue_sky_1080p25.y4m,57.4,57.474,0.273276,0.005502,0.0,357
1,1,0,0,0,1,0,0,0,0,0,0,1,0,1,1,0,1,1,0,1,1,1,0,0,0,0,0,0,1,1,0,1,1,0,0,0,0,blue_sky_1080p25.y4m,32.9,32.638,0.603009,0.005264,0.0,187
1,1,0,0,0,0,0,0,1,0,0,0,1,1,0,1,1,1,1,0,1,1,0,0,1,0,0,0,0,1,1,0,1,1,0,0,0,0,blue_sky_1080p25.y4m,2634.94,2634.054,3.557841,0.00424,0.0,23
1,1,0,0,1,0,0,0,0,0,0,0,1,1,0,1,1,0,1,1,0,1,0,1,0,0,0,0,0,1,0,1,0,0,0,0,0,0,blue_sky_1080p25.y4m,295.33,295.238,0.419369,0.004873,0.0,2
1,1,0,0,0,0,0,0,0,0,0,1,1,1,0,1,1,0,1,0,1,1,0,0,0,0,0,1,0,1,1,0,1,1,0,0,0,0,blue_sky_1080p25.y4m,1631.16,1631.018,0.905163,0.005416,0.0,301
1,1,0,0,0,0,0,1,0,0,0,0,1,0,1,1,0,1,1,1,0,1,0,1,0,0,0,0,0,1,0,1,0,0,0,0,0,0,blue_sky_1080p25.y4m,1128.97,1127.704,3.998785,0.005949,0.0,356
1,1,0,0,0,0,0,0,0,0,1,0,1,1,0,1,0,1,1,0,1,1,0,0,0,0,0,1,0,1,0,1,1,1,0,0,0,0,blue_sky_1080p25.y4m,52.65,52.684,0.099398,0.004312,0.0,269
1,1,0,0,0,0,0,0,0,0,1,0,1,0,1,1,0,1,1,1,0,1,0,0,1,0,0,0,0,1,0,1,1,0,0,0,1,0,blue_sky_1080p25.y4m,53.55,53.39,0.508576,0.005498,0.0,274
1,1,0,0,0,0,0,0,0,0,1,0,1,0,1,1,0,1,1,1,0,1,0,0,0,1,0,0,0,1,1,0,1,1,0,0,0,0,blue_sky_1080p25.y4m,48.81,48.764,0.114149,0.004534,0.0,307
1,1,0,0,1,0,0,0,0,0,0,0,1,0,1,1,0,1,1,1,0,1,0,0,1,0,0,0,0,1,0,1,1,1,0,0,0,0,blue_sky_1080p25.y4m,248.06,247.962,0.210879,0.005161,0.0,254
1,1,0,0,0,0,0,0,0,0,1,0,1,0,1,1,0,1,1,0,1,1,0,1,0,0,0,0,0,1,0,1,0,0,0,0,0,0,blue_sky_1080p25.y4m,17.67,17.638,0.07328,0.003452,0.0,208
1,1,0,0,1,0,0,0,0,0,0,0,1,1,0,1,1,1,1,1,0,1,0,0,1,0,0,0,0,1,0,1,1,0,1,0,0,0,blue_sky_1080p25.y4m,13.99,13.894,0.215012,0.006017,0.0,279
1,1,0,0,0,0,0,1,0,0,0,0,1,1,0,1,1,1,1,1,0,1,0,1,0,0,0,0,0,1,0,1,1,0,0,0,1,0,blue_sky_1080p25.y4m,54.46,54.49,0.267488,0.004901,0.0,171
1,1,0,0,0,0,0,0,0,1,0,0,1,1,0,1,0,1,1,0,1,1,0,0,0,0,0,1,0,1,0,1,1,0,0,0,1,0,blue_sky_1080p25.y4m,332.65,332.61,0.194294,0.006,0.0,99
1,1,1,0,0,0,0,0,0,0,0,0,1,0,1,1,1,1,1,1,0,1,0,1,0,0,0,0,0,1,1,0,1,0,1,0,0,0,blue_sky_1080p25.y4m,55.59,55.562,0.269574,0.005048,0.0,81
1,1,0,0,0,0,0,0,0,0,1,0,1,0,1,1,1,1,1,0,1,1,0,0,1,0,0,0,0,1,1,0,1,0,1,0,0,0,blue_sky_1080p25.y4m,26.07,25.88,0.436177,0.004368,0.0,155
1,1,0,0,0,1,0,0,0,0,0,0,1,1,0,1,0,1,1,1,0,1,1,0,0,0,0,0,0,1,1,0,1,1,0,0,0,0,blue_sky_1080p25.y4m,47.43,47.398,0.107564,0.004534,0.0,185
1,1,0,0,1,0,0,0,0,0,0,0,1,1,0,1,0,0,1,0,1,1,0,0,0,0,0,1,0,1,0,1,0,0,0,0,0,0,blue_sky_1080p25.y4m,25.33,25.308,0.080436,0.003728,0.0,376
1,1,0,0,0,0,0,0,1,0,0,0,1,1,0,1,0,1,1,0,1,1,0,1,0,0,0,0,0,1,1,0,0,0,0,0,0,0,blue_sky_1080p25.y4m,13.05,12.824,0.42371,0.00397,0.0,204
1,1,0,0,0,0,0,0,1,0,0,0,1,1,0,1,1,0,1,0,1,1,0,0,0,0,1,0,0,1,1,0,1,0,0,0,0,1,blue_sky_1080p25.y4m,1108.77,1108.794,1.278292,0.004808,0.0,246
1,1,0,0,0,0,0,1,0,0,0,0,1,1,0,1,1,1,1,0,1,1,0,0,1,0,0,0,0,1,0,1,0,0,0,0,0,0,blue_sky_1080p25.y4m,680.53,680.172,1.379591,0.005539,0.0,230
1,1,0,0,0,0,0,0,1,0,0,0,1,0,1,1,1,0,1,0,1,1,0,0,0,0,0,1,0,1,1,0,1,0,0,0,1,0,blue_sky_1080p25.y4m,894.2,893.89,2.292171,0.007279,0.0,27
1,1,0,1,0,0,0,0,0,0,0,0,1,1,0,1,1,1,1,0,1,1,1,0,0,0,0,0,0,1,1,0,0,0,0,0,0,0,blue_sky_1080p25.y4m,28.84,28.736,0.243988,0.003924,0.0,137
1,1,0,0,0,0,0,0,0,0,1,0,1,1,0,1,1,1,1,1,0,1,0,0,0,0,1,0,0,1,0,1,1,0,0,0,1,0,blue_sky_1080p25.y4m,40.03,39.994,0.261591,0.004812,0.0,169
1,1,0,0,0,0,0,0,0,0,1,0,1,0,1,1,0,1,1,0,1,1,1,0,0,0,0,0,0,1,0,1,1,0,0,0,0,1,blue_sky_1080p25.y4m,1127.65,1127.07,2.374542,0.005526,0.0,33
1,1,0,0,0,0,0,0,1,0,0,0,1,0,1,1,0,1,1,0,1,1,0,1,0,0,0,0,0,1,1,0,0,0,0,0,0,0,blue_sky_1080p25.y4m,260.12,260.19,0.266271,0.006768,0.0,205
1,1,0,0,0,0,0,0,0,0,1,0,1,1,0,1,1,0,1,0,1,1,0,0,0,0,1,0,0,1,1,0,1,0,0,0,0,1,blue_sky_1080p25.y4m,36.52,36.538,0.098336,0.004682,0.0,245
1,1,1,0,0,0,0,0,0,0,0,0,1,1,0,1,0,0,1,1,0,1,0,0,1,0,0,0,0,1,1,0,1,0,0,0,0,1,blue_sky_1080p25.y4m,39.42,39.346,0.123207,0.004024,0.0,163
1,1,0,0,1,0,0,0,0,0,0,0,1,1,0,1,1,0,1,1,0,1,1,0,0,0,0,0,0,1,0,1,1,1,0,0,0,0,blue_sky_1080p25.y4m,25.29,25.308,0.094181,0.003728,0.0,4
1,1,0,0,1,0,0,0,0,0,0,0,1,1,0,1,0,0,1,0,1,1,1,0,0,0,0,0,0,1,1,0,1,0,0,0,1,0,blue_sky_1080p25.y4m,17.77,17.734,0.127593,0.006017,0.0,141
1,1,1,0,0,0,0,0,0,0,0,0,1,1,0,1,1,1,1,0,1,1,0,0,1,0,0,0,0,1,1,0,1,1,0,0,0,0,blue_sky_1080p25.y4m,1548.65,1548.826,1.604316,0.004942,0.0,159
1,1,0,0,0,0,0,0,1,0,0,0,1,1,0,1,0,1,1,0,1,1,0,0,1,0,0,0,0,1,0,1,1,0,0,0,0,1,blue_sky_1080p25.y4m,101.29,101.218,0.277435,0.004985,0.0,336
1,1,0,0,0,1,0,0,0,0,0,0,1,1,0,1,0,0,1,0,1,1,0,0,0,0,0,0,1,1,1,0,1,0,0,0,1,0,blue_sky_1080p25.y4m,289.02,289.14,1.077544,0.005472,0.0,72
1,1,0,0,0,0,0,0,1,0,0,0,1,1,0,1,1,0,1,1,0,1,0,0,1,0,0,0,0,1,1,0,1,0,0,0,0,1,blue_sky_1080p25.y4m,29.14,28.898,0.667548,0.004554,0.0,248
1,1,0,1,0,0,0,0,0,0,0,0,1,0,1,1,1,1,1,1,0,1,0,0,0,0,0,1,0,1,0,1,1,0,0,0,0,1,blue_sky_1080p25.y4m,960.48,959.704,4.105037,0.004779,0.0,130
1,1,0,0,0,1,0,0,0,0,0,0,1,0,1,1,1,1,1,1,0,1,0,0,0,0,0,0,1,1,1,0,0,0,0,0,0,0,blue_sky_1080p25.y4m,1074.84,1074.848,0.376391,0.004599,0.0,324
1,1,1,0,0,0,0,0,0,0,0,0,1,0,1,1,0,1,1,1,0,1,0,1,0,0,0,0,0,1,0,1,0,0,0,0,0,0,blue_sky_1080p25.y4m,917.55,918.41,3.782281,0.0073,0.0,354
1,1,0,0,0,0,0,0,0,0,1,0,1,0,1,1,0,0,1,1,0,1,0,0,0,1,0,0,0,1,0,1,0,0,0,0,0,0,blue_sky_1080p25.y4m,695.71,695.528,1.527341,0.005056,0.0,291
1,1,0,0,0,0,0,0,0,0,1,0,1,1,0,1,0,0,1,1,0,1,0,1,0,0,0,0,0,1,1,0,1,0,1,0,0,0,blue_sky_1080p25.y4m,27.35,27.342,0.057619,0.003957,0.0,237
1,1,0,0,0,1,0,0,0,0,0,0,1,1,0,1,1,0,1,1,0,1,1,0,0,0,0,0,0,1,1,0,1,1,0,0,0,0,blue_sky_1080p25.y4m,17.91,17.692,0.417756,0.004052,0.0,183
1,1,0,0,0,1,0,0,0,0,0,0,1,0,1,1,1,1,1,0,1,1,0,0,1,0,0,0,0,1,0,1,0,0,0,0,0,0,blue_sky_1080p25.y4m,19.84,19.786,0.137949,0.00417,0.0,227
1,1,0,0,0,0,0,0,1,0,0,0,1,1,0,1,0,1,1,0,1,1,0,0,0,0,0,1,0,1,0,1,0,0,0,0,0,0,blue_sky_1080p25.y4m,53.33,52.5,1.823074,0.004507,0.0,338
1,1,0,0,1,0,0,0,0,0,0,0,1,0,1,1,0,0,1,0,1,1,1,0,0,0,0,0,0,1,1,0,1,0,0,0,1,0,blue_sky_1080p25.y4m,147.77,147.714,0.260058,0.00535,0.0,142
1,1,0,0,1,0,0,0,0,0,0,0,1,1,0,1,1,1,1,0,1,1,0,0,1,0,0,0,0,1,1,0,1,0,0,0,0,1,blue_sky_1080p25.y4m,85.27,85.304,0.102372,0.004403,0.0,332
1,1,0,0,0,0,0,0,0,1,0,0,1,0,1,1,0,0,1,1,0,1,0,0,0,0,1,0,0,1,0,1,1,0,0,0,1,0,blue_sky_1080p25.y4m,1508.34,1508.7,1.160496,0.005171,0.0,95
1,1,0,0,1,0,0,0,0,0,0,0,1,0,1,1,0,0,1,0,1,1,0,0,0,1,0,0,0,1,0,1,0,0,0,0,0,0,blue_sky_1080p25.y4m,62.25,62.198,0.123976,0.004517,0.0,289
1,1,0,0,1,0,0,0,0,0,0,0,1,1,0,1,0,0,1,0,1,1,0,0,0,0,0,1,0,1,0,1,1,0,0,1,0,0,blue_sky_1080p25.y4m,14.18,14.196,0.303529,0.003957,0.0,378
1,1,0,0,1,0,0,0,0,0,0,0,1,1,0,1,1,1,1,1,0,1,0,0,1,0,0,0,0,1,0,1,1,0,0,0,1,0,blue_sky_1080p25.y4m,292.16,292.096,0.573524,0.005329,0.0,278
1,1,0,0,0,0,0,0,0,0,1,0,1,0,1,1,1,0,1,0,1,1,1,0,0,0,0,0,0,1,0,1,1,0,0,0,1,0,blue_sky_1080p25.y4m,40.74,40.112,1.477961,0.004539,0.0,30
1,1,0,0,1,0,0,0,0,0,0,0,1,1,0,1,0,0,1,0,1,1,0,1,0,0,0,0,0,1,0,1,1,0,0,0,0,1,blue_sky_1080p25.y4m,15.83,15.672,0.360375,0.004284,0.0,120
1,1,0,0,0,1,0,0,0,0,0,0,1,1,0,1,1,1,1,0,1,1,0,0,0,0,0,1,0,1,0,1,0,0,0,0,0,0,blue_sky_1080p25.y4m,18.54,18.504,0.149097,0.003731,0.0,265
1,1,0,0,0,0,0,0,0,0,1,0,1,1,0,1,1,0,1,1,0,1,0,0,0,0,0,1,0,1,0,1,0,0,0,0,0,0,blue_sky_1080p25.y4m,34.07,33.934,0.340485,0.004041,0.0,296
1,1,0,0,0,0,0,1,0,0,0,0,1,1,0,1,1,1,1,1,0,1,0,1,0,0,0,0,0,1,0,1,0,0,0,0,0,0,blue_sky_1080p25.y4m,58.68,58.528,0.567292,0.00449,0.0,232
1,1,0,0,0,0,0,0,0,0,1,0,1,0,1,1,0,0,1,1,0,1,0,0,1,0,0,0,0,1,1,0,1,0,0,1,0,0,blue_sky_1080p25.y4m,63.06,63.086,0.342681,0.004534,0.0,310
1,1,0,0,0,0,0,1,0,0,0,0,1,0,1,1,1,1,1,0,1,1,0,0,0,0,0,1,0,1,0,1,1,0,0,1,0,0,blue_sky_1080p25.y4m,1364.73,1364.728,0.465747,0.004531,0.0,349
1,1,0,0,1,0,0,0,0,0,0,0,1,1,0,1,0,1,1,0,1,1,0,0,0,0,0,1,0,1,0,1,0,0,0,0,0,0,blue_sky_1080p25.y4m,34.15,34.144,0.055498,0.004385,0.0,377
1,1,0,0,0,0,0,0,0,1,0,0,1,0,1,1,1,1,1,1,0,1,0,0,0,0,1,0,0,1,0,1,1,0,0,0,1,0,blue_sky_1080p25.y4m,1582.69,1582.458,1.158736,0.005522,0.0,94
1,1,1,0,0,0,0,0,0,0,0,0,1,1,0,1,1,0,1,0,1,1,1,0,0,0,0,0,0,1,0,1,1,1,0,0,0,0,blue_sky_1080p25.y4m,49.69,49.666,0.10139,0.004534,0.0,178
1,1,0,0,0,0,0,0,0,0,1,0,1,0,1,1,0,0,1,1,0,1,0,0,0,0,0,1,0,1,0,1,1,0,0,0,0,1,blue_sky_1080p25.y4m,40.31,40.28,0.103441,0.004387,0.0,127
1,1,0,0,0,0,0,1,0,0,0,0,1,0,1,1,1,0,1,0,1,1,0,0,0,1,0,0,0,1,0,1,1,0,0,0,1,0,blue_sky_1080p25.y4m,17.71,17.702,0.129692,0.003103,0.0,111
1,1,1,0,0,0,0,0,0,0,0,0,1,0,1,1,0,1,1,1,0,1,0,1,0,0,0,0,0,1,0,1,1,0,0,1,0,0,blue_sky_1080p25.y4m,25.39,25.45,0.174213,0.00446,0.0,353
1,1,0,0,0,0,1,0,0,0,0,0,1,0,1,1,1,1,1,1,0,1,0,1,0,0,0,0,0,1,1,0,1,0,0,0,1,0,blue_sky_1080p25.y4m,34.49,34.48,0.202237,0.003974,0.0,45
1,1,0,0,0,1,0,0,0,0,0,0,1,0,1,1,1,1,1,0,1,1,0,0,1,0,0,0,0,1,1,0,0,0,0,0,0,0,blue_sky_1080p25.y4m,18.3,18.142,0.399462,0.003364,0.0,226
1,1,0,0,0,0,0,0,0,0,0,1,1,1,0,1,1,0,1,0,1,1,0,0,0,0,0,1,0,1,1,0,1,0,0,0,0,1,blue_sky_1080p25.y4m,43.79,43.778,0.276893,0.003955,0.0,59
1,1,0,0,0,0,0,0,1,0,0,0,1,1,0,1,1,1,1,1,0,1,1,0,0,0,0,0,0,1,0,1,1,1,0,0,0,0,blue_sky_1080p25.y4m,294.01,293.776,0.926002,0.004873,0.0,19
1,1,0,0,0,0,0,0,0,0,0,1,1,1,0,1,0,1,1,0,1,1,0,0,0,1,0,0,0,1,1,0,1,1,0,0,0,0,blue_sky_1080p25.y4m,249.97,249.882,0.22298,0.005478,0.0,304
1,1,0,0,0,0,0,0,1,0,0,0,1,0,1,1,0,1,1,0,1,1,0,1,0,0,0,0,0,1,0,1,0,0,0,0,0,0,blue_sky_1080p25.y4m,30.5,30.502,0.111669,0.004554,0.0,207
1,1,0,0,0,0,1,0,0,0,0,0,1,1,0,1,1,1,1,1,0,1,0,1,0,0,0,0,0,1,1,0,0,0,0,0,0,0,blue_sky_1080p25.y4m,1491.97,1489.64,5.94726,0.004804,0.0,43
1,1,0,0,0,0,1,0,0,0,0,0,1,1,0,1,1,0,1,1,0,1,1,0,0,0,0,0,0,1,1,0,1,0,0,0,0,1,blue_sky_1080p25.y4m,18.55,18.388,0.37546,0.003811,0.0,40
1,1,0,0,0,1,0,0,0,0,0,0,1,0,1,1,0,1,1,1,0,1,1,0,0,0,0,0,0,1,1,0,1,1,0,0,0,0,blue_sky_1080p25.y4m,2304.88,2304.864,0.726657,0.00467,0.0,186
1,1,0,0,1,0,0,0,0,0,0,0,1,0,1,1,0,0,1,0,1,1,0,0,0,1,0,0,0,1,0,1,1,0,0,0,0,1,blue_sky_1080p25.y4m,33.75,33.772,0.201047,0.00434,0.0,288
1,1,1,0,0,0,0,0,0,0,0,0,1,1,0,1,1,0,1,1,0,1,0,1,0,0,0,0,0,1,1,0,1,0,1,0,0,0,blue_sky_1080p25.y4m,40.28,40.224,0.086487,0.003956,0.0,82
1,1,0,0,0,0,0,0,0,0,1,0,1,0,1,1,1,1,1,0,1,1,0,0,0,1,0,0,0,1,0,1,0,0,0,0,0,0,blue_sky_1080p25.y4m,36.19,36.082,0.264518,0.004244,0.0,211
1,1,0,0,1,0,0,0,0,0,0,0,1,0,1,1,1,1,1,0,1,1,0,0,0,0,0,1,0,1,1,0,1,0,0,1,0,0,blue_sky_1080p25.y4m,1023.47,1023.474,0.470988,0.004808,0.0,347
1,1,0,1,0,0,0,0,0,0,0,0,1,0,1,1,0,0,1,1,0,1,1,0,0,0,0,0,0,1,1,0,1,0,0,0,1,0,blue_sky_1080p25.y4m,62.32,62.374,0.963732,0.004641,0.0,13
1,1,0,0,0,0,0,1,0,0,0,0,1,0,1,1,1,1,1,0,1,1,0,0,1,0,0,0,0,1,0,1,0,0,0,0,0,0,blue_sky_1080p25.y4m,2966.58,2966.792,1.853907,0.005196,0.0,228
1,1,0,0,0,0,0,0,0,1,0,0,1,1,0,1,0,1,1,0,1,1,0,0,1,0,0,0,0,1,0,1,1,0,0,0,0,1,blue_sky_1080p25.y4m,56.28,55.674,1.477897,0.004901,0.0,335
1,1,0,0,0,0,0,0,1,0,0,0,1,1,0,1,1,0,1,0,1,1,0,0,1,0,0,0,0,1,1,0,1,1,0,0,0,0,blue_sky_1080p25.y4m,141.62,140.768,1.905405,0.004582,0.0,24
1,1,1,0,0,0,0,0,0,0,0,0,1,0,1,1,0,1,1,0,1,1,0,1,0,0,0,0,0,1,0,1,1,0,0,1,0,0,blue_sky_1080p25.y4m,2020.26,2021.164,4.175611,0.007296,0.0,352
1,1,0,0,0,0,1,0,0,0,0,0,1,0,1,1,0,0,1,1,0,1,0,0,0,0,0,1,0,1,1,0,0,0,0,0,0,0,blue_sky_1080p25.y4m,38.71,38.644,0.195908,0.004122,0.0,368
1,1,1,0,0,0,0,0,0,0,0,0,1,0,1,1,1,1,1,1,0,1,0,1,0,0,0,0,0,1,1,0,0,0,0,0,0,0,blue_sky_1080p25.y4m,24.23,24.122,0.269759,0.004153,0.0,80
1,1,0,0,1,0,0,0,0,0,0,0,1,1,0,1,0,0,1,0,1,1,0,1,0,0,0,0,0,1,0,1,0,0,0,0,0,0,blue_sky_1080p25.y4m,259.09,259.174,0.208038,0.004876,0.0,121
1,1,0,0,0,0,0,0,0,0,1,0,1,0,1,1,1,1,1,0,1,1,0,0,1,0,0,0,0,1,1,0,1,1,0,0,0,0,blue_sky_1080p25.y4m,28.68,28.65,0.18262,0.003924,0.0,156
1,1,0,1,0,0,0,0,0,0,0,0,1,0,1,1,1,1,1,1,0,1,0,0,0,0,0,1,0,1,1,0,1,1,0,0,0,0,blue_sky_1080p25.y4m,9.27,9.29,0.054314,0.003017,0.0,9
1,1,0,0,0,0,0,0,0,0,1,0,1,1,0,1,0,0,1,1,0,1,0,0,0,0,1,0,0,1,1,0,1,0,0,0,0,1,blue_sky_1080p25.y4m,34.66,34.578,0.122147,0.004682,0.0,165
1,1,0,0,0,0,0,0,0,0,1,0,1,0,1,1,0,0,1,1,0,1,0,1,0,0,0,0,0,1,0,1,1,0,0,0,0,1,blue_sky_1080p25.y4m,50.11,50.14,0.140535,0.004261,0.0,126
1,1,0,0,1,0,0,0,0,0,0,0,1,1,0,1,1,1,1,0,1,1,0,0,1,0,0,0,0,1,0,1,1,0,1,0,0,0,blue_sky_1080p25.y4m,22.58,22.532,0.107564,0.004153,0.0,280
1,1,0,0,0,0,0,1,0,0,0,0,1,0,1,1,1,1,1,1,0,1,0,1,0,0,0,0,0,1,0,1,1,0,0,0,1,0,blue_sky_1080p25.y4m,19.44,19.276,0.390038,0.005613,0.0,172
1,1,0,0,0,0,0,0,0,0,1,0,1,0,1,1,0,1,1,1,0,1,0,0,0,1,0,0,0,1,0,1,0,0,0,0,0,0,blue_sky_1080p25.y4m,56.46,56.122,0.796881,0.004538,0.0,292
1,1,0,0,0,0,0,0,0,0,1,0,1,1,0,1,1,1,1,0,1,1,0,0,0,0,0,1,0,1,1,0,0,0,0,0,0,0,blue_sky_1080p25.y4m,135.29,135.25,0.089722,0.005165,0.0,105
1,1,0,0,0,1,0,0,0,0,0,0,1,0,1,1,1,1,1,0,1,1,0,0,0,0,0,0,1,1,1,0,1,0,1,0,0,0,blue_sky_1080p25.y4m,76.52,76.594,0.180499,0.004518,0.0,76
1,1,0,0,0,1,0,0,0,0,0,0,1,0,1,1,0,0,1,1,0,1,1,0,0,0,0,0,0,1,1,0,1,0,0,0,0,1,blue_sky_1080p25.y4m,1045.84,1045.854,0.377266,0.005047,0.0,221
1,1,0,0,0,0,0,0,0,0,1,0,1,1,0,1,1,0,1,1,0,1,0,0,0,0,1,0,0,1,0,1,1,0,0,0,0,1,blue_sky_1080p25.y4m,183.93,183.938,0.032711,0.004598,0.0,167
1,1,0,0,0,0,0,0,0,0,1,0,1,0,1,1,0,1,1,0,1,1,1,0,0,0,0,0,0,1,1,0,1,0,0,0,0,1,blue_sky_1080p25.y4m,2137.11,2136.384,1.489825,0.00584,0.0,35
1,1,0,0,1,0,0,0,0,0,0,0,1,1,0,1,0,0,1,1,0,1,0,1,0,0,0,0,0,1,0,1,1,0,1,0,0,0,blue_sky_1080p25.y4m,21.13,21.108,0.107796,0.003939,0.0,235
1,1,0,0,0,0,0,0,0,1,0,0,1,1,0,1,1,1,1,0,1,1,0,0,1,0,0,0,0,1,0,1,1,0,0,0,0,1,blue_sky_1080p25.y4m,60.1,60.06,0.115758,0.00451,0.0,333
1,1,0,0,0,0,1,0,0,0,0,0,1,0,1,1,1,1,1,1,0,1,0,1,0,0,0,0,0,1,1,0,0,0,0,0,0,0,blue_sky_1080p25.y4m,888.46,888.45,0.184255,0.005059,0.0,44
1,1,0,0,1,0,0,0,0,0,0,0,1,0,1,1,0,1,1,1,0,1,0,1,0,0,0,0,0,1,0,1,1,1,0,0,0,0,blue_sky_1080p25.y4m,1376.14,1374.64,4.902107,0.005427,0.0,256
1,1,0,0,0,0,0,1,0,0,0,0,1,0,1,1,1,0,1,0,1,1,0,1,0,0,0,0,0,1,0,1,1,0,0,0,0,1,blue_sky_1080p25.y4m,3444.23,3444.236,0.08792,0.004837,0.0,192
1,1,0,0,0,0,1,0,0,0,0,0,1,1,0,1,1,1,1,1,0,1,1,0,0,0,0,0,0,1,1,0,1,0,0,0,0,1,blue_sky_1080p25.y4m,133.69,133.694,0.029665,0.005353,0.0,41
1,1,0,0,0,0,0,0,0,0,1,0,1,0,1,1,0,1,1,1,0,1,0,0,0,0,0,1,0,1,0,1,1,0,0,0,1,0,blue_sky_1080p25.y4m,1441.27,1441.088,0.436715,0.005726,0.0,273
1,1,0,0,0,0,0,0,0,0,1,0,1,1,0,1,0,1,1,0,1,1,0,0,0,0,0,1,0,1,0,1,0,0,0,0,0,0,blue_sky_1080p25.y4m,1029.66,1029.596,0.197307,0.005914,0.0,101
1,1,0,0,0,0,0,0,0,0,1,0,1,0,1,1,1,1,1,0,1,1,0,0,0,0,1,0,0,1,1,0,1,0,1,0,0,0,blue_sky_1080p25.y4m,541.61,541.712,0.349814,0.005064,0.0,242
1,1,0,0,0,0,0,0,0,0,1,0,1,1,0,1,0,1,1,0,1,1,0,0,0,0,0,1,0,1,1,0,0,0,0,0,0,0,blue_sky_1080p25.y4m,55.25,55.226,0.137586,0.005498,0.0,103
1,1,1,0,0,0,0,0,0,0,0,0,1,1,0,1,1,0,1,1,0,1,0,1,0,0,0,0,0,1,0,1,0,0,0,0,0,0,blue_sky_1080p25.y4m,1139.08,1138.648,1.149117,0.005432,0.0,1
1,1,0,0,0,0,0,1,0,0,0,0,1,1,0,1,0,0,1,0,1,1,0,0,0,0,0,1,0,1,0,1,1,0,0,0,0,1,blue_sky_1080p25.y4m,26.2,26.152,0.158177,0.00446,0.0,56
1,1,0,0,1,0,0,0,0,0,0,0,1,0,1,1,0,0,1,0,1,1,0,0,0,0,0,0,1,1,0,1,0,0,0,0,0,0,blue_sky_1080p25.y4m,129.56,129.474,0.248556,0.005165,0.0,373
1,1,0,0,0,0,0,0,1,0,0,0,1,1,0,1,1,1,1,0,1,1,0,1,0,0,0,0,0,1,0,1,1,0,1,0,0,0,blue_sky_1080p25.y4m,1213.72,1212.362,7.512754,0.00506,0.0,318
1,1,0,0,0,1,0,0,0,0,0,0,1,1,0,1,0,0,1,1,0,1,0,0,0,0,1,0,0,1,1,0,0,0,0,0,0,0,blue_sky_1080p25.y4m,2063.42,2063.704,0.56181,0.004977,0.0,69
1,1,0,1,0,0,0,0,0,0,0,0,1,0,1,1,0,0,1,1,0,1,0,0,0,0,0,1,0,1,1,0,1,1,0,0,0,0,blue_sky_1080p25.y4m,25.64,25.32,0.75495,0.004388,0.0,11
1,1,0,0,1,0,0,0,0,0,0,0,1,0,1,1,0,0,1,1,0,1,0,1,0,0,0,0,0,1,0,1,1,0,0,1,0,0,blue_sky_1080p25.y4m,27.3,26.994,0.599024,0.004297,0.0,258
1,1,0,0,0,0,0,0,0,0,1,0,1,0,1,1,0,0,1,1,0,1,0,1,0,0,0,0,0,1,1,0,1,0,1,0,0,0,blue_sky_1080p25.y4m,2090.98,2090.152,1.597332,0.004838,0.0,238
1,1,0,0,0,0,0,1,0,0,0,0,1,0,1,1,1,0,1,1,0,1,1,0,0,0,0,0,0,1,0,1,1,0,0,0,1,0,blue_sky_1080p25.y4m,2339.95,2341.556,6.090495,0.004963,0.0,173
1,1,0,0,0,0,0,1,0,0,0,0,1,0,1,1,0,1,1,0,1,1,0,1,0,0,0,0,0,1,0,1,1,1,0,0,0,0,blue_sky_1080p25.y4m,1967.62,1967.14,1.607125,0.005523,0.0,190
1,1,0,1,0,0,0,0,0,0,0,0,1,0,1,1,1,0,1,1,0,1,0,0,0,0,0,1,0,1,0,1,1,1,0,0,0,0,blue_sky_1080p25.y4m,808.8,808.42,1.956464,0.005466,0.0,7
1,1,0,0,0,1,0,0,0,0,0,0,1,0,1,1,1,1,1,0,1,1,0,0,0,0,0,0,1,1,1,0,0,0,0,0,0,0,blue_sky_1080p25.y4m,25.12,25.044,0.186091,0.003452,0.0,323
1,1,0,0,0,1,0,0,0,0,0,0,1,0,1,1,0,0,1,0,1,1,0,0,0,0,0,0,1,1,1,0,1,0,0,0,1,0,blue_sky_1080p25.y4m,1606.83,1611.38,7.63268,0.005335,0.0,73
1,1,0,0,0,0,0,0,0,0,1,0,1,0,1,1,1,0,1,0,1,1,0,1,0,0,0,0,0,1,0,1,0,0,0,0,0,0,blue_sky_1080p25.y4m,1496.35,1494.77,6.968257,0.004804,0.0,209
1,1,0,1,0,0,0,0,0,0,0,0,1,1,0,1,1,0,1,0,1,1,1,0,0,0,0,0,0,1,1,0,0,0,0,0,0,0,blue_sky_1080p25.y4m,26.88,26.802,0.347807,0.00469,0.0,138
1,1,0,0,0,1,0,0,0,0,0,0,1,1,0,1,1,1,1,1,0,1,0,0,0,0,0,1,0,1,0,1,0,0,0,0,0,0,blue_sky_1080p25.y4m,872.89,872.714,0.38682,0.004619,0.0,264
1,1,0,0,0,0,0,0,0,1,0,0,1,0,1,1,0,1,1,0,1,1,0,0,0,0,0,1,0,1,0,1,1,0,0,0,1,0,blue_sky_1080p25.y4m,2189.77,2189.488,1.188242,0.004977,0.0,98
1,1,0,0,0,0,0,0,0,0,1,0,1,1,0,1,0,0,1,0,1,1,0,0,0,0,0,1,0,1,1,0,1,0,0,1,0,0,blue_sky_1080p25.y4m,35.96,35.912,0.074632,0.004151,0.0,380
1,1,0,0,1,0,0,0,0,0,0,0,1,1,0,1,1,1,1,1,0,1,0,1,0,0,0,0,0,1,1,0,1,0,1,0,0,0,blue_sky_1080p25.y4m,1731.94,1731.058,4.495533,0.005749,0.0,85
1,1,0,0,0,0,0,0,0,0,1,0,1,0,1,1,0,0,1,0,1,1,1,0,0,0,0,0,0,1,0,1,1,0,0,0,1,0,blue_sky_1080p25.y4m,901.58,900.322,3.279165,0.004824,0.0,31
1,1,0,1,0,0,0,0,0,0,0,0,1,0,1,1,1,0,1,1,0,1,0,0,0,0,0,1,0,1,1,0,1,1,0,0,0,0,blue_sky_1080p25.y4m,17.39,17.814,0.744533,0.003811,0.0,8
1,1,0,0,1,0,0,0,0,0,0,0,1,1,0,1,1,1,1,1,0,1,1,0,0,0,0,0,0,1,0,1,1,1,0,0,0,0,blue_sky_1080p25.y4m,53.4,53.306,0.436211,0.004507,0.0,216
1,1,0,0,1,0,0,0,0,0,0,0,1,1,0,1,1,1,1,0,1,1,0,0,0,1,0,0,0,1,0,1,1,1,0,0,0,0,blue_sky_1080p25.y4m,15.48,15.416,0.128763,0.004284,0.0,214
1,1,0,0,0,0,0,0,1,0,0,0,1,1,0,1,0,0,1,1,0,1,0,0,0,0,0,1,0,1,1,0,0,0,0,0,0,0,blue_sky_1080p25.y4m,42.92,42.838,0.474784,0.004135,0.0,341
1,1,0,0,1,0,0,0,0,0,0,0,1,1,0,1,0,0,1,1,0,1,0,1,0,0,0,0,0,1,1,0,1,0,1,0,0,0,blue_sky_1080p25.y4m,41.47,41.178,1.403948,0.004857,0.0,236
1,1,0,0,0,0,0,0,0,0,1,0,1,0,1,1,0,0,1,0,1,1,0,0,0,0,1,0,0,1,1,0,1,0,1,0,0,0,blue_sky_1080p25.y4m,80.31,80.106,0.376736,0.005382,0.0,240
1,1,0,0,0,0,0,1,0,0,0,0,1,0,1,1,0,0,1,0,1,1,0,0,0,1,0,0,0,1,0,1,1,0,0,0,1,0,blue_sky_1080p25.y4m,54.33,54.13,0.355317,0.005498,0.0,51
1,1,1,0,0,0,0,0,0,0,0,0,1,0,1,1,1,1,1,0,1,1,0,0,0,0,0,0,1,1,1,0,1,0,1,0,0,0,blue_sky_1080p25.y4m,54.15,54.262,0.233174,0.004653,0.0,77
1,1,0,0,0,0,0,0,0,0,1,0,1,0,1,1,1,0,1,1,0,1,0,0,0,0,0,1,0,1,0,1,1,0,0,0,0,1,blue_sky_1080p25.y4m,41.06,41.104,0.173003,0.004286,0.0,128
1,1,0,0,1,0,0,0,0,0,0,0,1,1,0,1,0,0,1,1,0,1,0,1,0,0,0,0,0,1,0,1,0,0,0,0,0,0,blue_sky_1080p25.y4m,682.96,682.806,2.192996,0.005057,0.0,234
1,1,0,0,0,0,0,0,1,0,0,0,1,0,1,1,1,0,1,0,1,1,0,0,0,0,0,1,0,1,0,1,1,0,0,0,1,0,blue_sky_1080p25.y4m,3228.36,3226.114,5.562444,0.004837,0.0,28
1,1,0,0,1,0,0,0,0,0,0,0,1,1,0,1,1,0,1,0,1,1,1,0,0,0,0,0,0,1,1,0,0,0,0,0,0,0,blue_sky_1080p25.y4m,815.0,815.032,0.469596,0.005466,0.0,139
1,1,0,0,0,0,0,0,0,0,1,0,1,0,1,1,1,0,1,1,0,1,0,0,0,0,1,0,0,1,1,0,1,0,1,0,0,0,blue_sky_1080p25.y4m,13.04,12.936,0.26857,0.00397,0.0,152
1,1,0,1,0,0,0,0,0,0,0,0,1,0,1,1,0,0,1,1,0,1,0,0,0,0,0,1,0,1,1,0,1,0,0,0,1,0,blue_sky_1080p25.y4m,1904.99,1905.474,1.748622,0.007272,0.0,12
1,1,0,0,0,0,1,0,0,0,0,0,1,0,1,1,0,1,1,1,0,1,0,0,0,0,0,1,0,1,1,0,0,0,0,0,0,0,blue_sky_1080p25.y4m,13.53,13.498,0.073959,0.00397,0.0,369
1,1,0,0,0,0,0,0,0,0,0,1,1,1,0,1,1,0,1,0,1,1,0,0,0,0,0,1,0,1,0,1,1,0,0,0,0,1,blue_sky_1080p25.y4m,183.08,183.128,0.187803,0.004598,0.0,58
1,1,0,0,0,0,0,0,1,0,0,0,1,1,0,1,1,0,1,1,0,1,1,0,0,0,0,0,0,1,1,0,0,0,0,0,0,0,blue_sky_1080p25.y4m,344.87,344.952,0.31148,0.006,0.0,64
1,1,0,0,0,0,0,0,1,0,0,0,1,1,0,1,1,0,1,1,0,1,0,0,1,0,0,0,0,1,1,0,1,1,0,0,0,0,blue_sky_1080p25.y4m,153.42,152.754,1.708049,0.00516,0.0,21
1,1,0,0,0,1,0,0,0,0,0,0,1,0,1,1,1,1,1,0,1,1,0,0,1,0,0,0,0,1,1,0,1,0,0,0,0,1,blue_sky_1080p25.y4m,1037.26,1041.48,8.207189,0.004808,0.0,225
1,1,0,0,0,0,1,0,0,0,0,0,1,0,1,1,1,0,1,1,0,1,0,0,0,0,0,1,0,1,1,0,1,0,0,0,1,0,blue_sky_1080p25.y4m,1131.42,1132.642,2.649258,0.005519,0.0,366
1,1,0,0,0,0,0,1,0,0,0,0,1,0,1,1,1,1,1,0,1,1,0,0,1,0,0,0,0,1,0,1,1,0,0,0,0,1,sintel_trailer_2k_480p24.y4m,45.41,45.286,0.35557,0.001842,0.0,114
1,1,0,0,1,0,0,0,0,0,0,0,1,1,0,1,1,1,1,0,1,1,0,0,1,0,0,0,0,1,1,0,1,0,1,0,0,0,sintel_trailer_2k_480p24.y4m,39.51,39.572,0.089833,0.001726,0.0,281
1,1,0,0,0,1,0,0,0,0,0,0,1,0,1,1,1,0,1,1,0,1,0,0,0,0,0,0,1,1,1,0,1,0,0,1,0,0,sintel_trailer_2k_480p24.y4m,72.81,72.728,0.143944,0.001704,0.0,325
1,1,1,0,0,0,0,0,0,0,0,0,1,1,0,1,1,0,1,1,0,1,0,0,0,0,1,0,0,1,1,0,1,1,0,0,0,0,sintel_trailer_2k_480p24.y4m,58.83,58.732,0.273898,0.001634,0.0,181
1,1,0,0,0,0,0,0,1,0,0,0,1,1,0,1,1,0,1,0,1,1,0,0,1,0,0,0,0,1,1,0,1,0,0,0,0,1,sintel_trailer_2k_480p24.y4m,1599.12,1604.478,23.312181,0.001917,0.0,247
1,1,0,0,0,0,0,0,0,0,1,0,1,1,0,1,1,0,1,1,0,1,0,0,0,0,1,0,0,1,1,0,1,0,0,0,0,1,sintel_trailer_2k_480p24.y4m,3532.64,3532.974,1.599009,0.002886,0.0,166
1,1,0,0,0,0,0,0,1,0,0,0,1,1,0,1,1,0,1,0,1,1,0,0,1,0,0,0,0,1,1,0,1,0,0,0,1,0,sintel_trailer_2k_480p24.y4m,61.07,60.998,0.274718,0.001238,0.0,25
1,1,0,0,0,0,0,1,0,0,0,0,1,0,1,1,0,0,1,1,0,1,0,1,0,0,0,0,0,1,0,1,0,0,0,0,0,0,sintel_trailer_2k_480p24.y4m,98.33,98.206,0.304844,0.003058,0.0,355
1,1,0,0,1,0,0,0,0,0,0,0,1,1,0,1,0,0,1,1,0,1,1,0,0,0,0,0,0,1,1,0,1,0,0,0,0,1,sintel_trailer_2k_480p24.y4m,15.75,15.724,0.126214,0.001315,0.0,219
1,1,0,0,0,1,0,0,0,0,0,0,1,1,0,1,1,0,1,1,0,1,0,0,0,0,1,0,0,1,1,0,1,1,0,0,0,0,sintel_trailer_2k_480p24.y4m,98.29,98.264,0.156621,0.003058,0.0,182
1,1,0,1,0,0,0,0,0,0,0,0,1,0,1,1,0,1,1,1,0,1,0,0,0,0,0,1,0,1,1,0,1,1,0,0,0,0,sintel_trailer_2k_480p24.y4m,37.2,37.1,0.52702,0.001687,0.0,10
1,1,0,0,1,0,0,0,0,0,0,0,1,1,0,1,1,0,1,0,1,1,0,0,1,0,0,0,0,1,0,1,1,0,0,0,0,1,sintel_trailer_2k_480p24.y4m,677.42,677.554,0.679176,0.00127,0.0,116
1,1,0,0,0,1,0,0,0,0,0,0,1,1,0,1,1,1,1,0,1,1,0,0,0,0,0,1,0,1,0,1,1,1,0,0,0,0,sintel_trailer_2k_480p24.y4m,66.83,66.822,0.143771,0.001787,0.0,266
1,1,0,0,0,0,0,0,1,0,0,0,1,1,0,1,0,0,1,0,1,1,0,0,1,0,0,0,0,1,1,0,1,0,0,1,0,0,sintel_trailer_2k_480p24.y4m,515.07,514.472,1.387199,0.003138,0.0,313
1,1,0,0,0,0,0,1,0,0,0,0,1,0,1,1,0,0,1,1,0,1,0,0,0,0,0,0,1,1,0,1,0,0,0,0,0,0,sintel_trailer_2k_480p24.y4m,87.61,87.716,0.208399,0.002878,0.0,357
1,1,0,0,0,1,0,0,0,0,0,0,1,0,1,1,0,1,1,0,1,1,1,0,0,0,0,0,0,1,1,0,1,1,0,0,0,0,sintel_trailer_2k_480p24.y4m,31.36,30.864,1.082765,0.003004,0.0,187
1,1,0,0,0,0,0,0,1,0,0,0,1,1,0,1,1,1,1,0,1,1,0,0,1,0,0,0,0,1,1,0,1,1,0,0,0,0,sintel_trailer_2k_480p24.y4m,9547.33,9547.25,0.572582,0.002849,0.0,23
1,1,0,0,1,0,0,0,0,0,0,0,1,1,0,1,1,0,1,1,0,1,0,1,0,0,0,0,0,1,0,1,0,0,0,0,0,0,sintel_trailer_2k_480p24.y4m,797.2,798.908,3.817161,0.001605,0.0,2
1,1,0,0,0,0,0,0,0,0,0,1,1,1,0,1,1,0,1,0,1,1,0,0,0,0,0,1,0,1,1,0,1,1,0,0,0,0,sintel_trailer_2k_480p24.y4m,2904.05,2904.028,1.786637,0.001812,0.0,301
1,1,0,0,0,0,0,1,0,0,0,0,1,0,1,1,0,1,1,1,0,1,0,1,0,0,0,0,0,1,0,1,0,0,0,0,0,0,sintel_trailer_2k_480p24.y4m,2260.44,2248.76,43.207862,0.00312,0.0,356
1,1,0,0,0,0,0,0,0,0,1,0,1,1,0,1,0,1,1,0,1,1,0,0,0,0,0,1,0,1,0,1,1,1,0,0,0,0,sintel_trailer_2k_480p24.y4m,112.24,112.178,0.240873,0.002909,0.0,269
1,1,0,0,0,0,0,0,0,0,1,0,1,0,1,1,0,1,1,1,0,1,0,0,1,0,0,0,0,1,0,1,1,0,0,0,1,0,sintel_trailer_2k_480p24.y4m,54.3,53.744,0.940973,0.002917,0.0,274
1,1,0,0,0,0,0,0,0,0,1,0,1,0,1,1,0,1,1,1,0,1,0,0,0,1,0,0,0,1,1,0,1,1,0,0,0,0,sintel_trailer_2k_480p24.y4m,57.95,57.966,0.098894,0.00274,0.0,307
1,1,0,0,1,0,0,0,0,0,0,0,1,0,1,1,0,1,1,1,0,1,0,0,1,0,0,0,0,1,0,1,1,1,0,0,0,0,sintel_trailer_2k_480p24.y4m,431.42,431.35,0.170734,0.001325,0.0,254
1,1,0,0,0,0,0,0,0,0,1,0,1,0,1,1,0,1,1,0,1,1,0,1,0,0,0,0,0,1,0,1,0,0,0,0,0,0,sintel_trailer_2k_480p24.y4m,19.83,19.866,0.142583,0.001363,0.0,208
1,1,0,0,1,0,0,0,0,0,0,0,1,1,0,1,1,1,1,1,0,1,0,0,1,0,0,0,0,1,0,1,1,0,1,0,0,0,sintel_trailer_2k_480p24.y4m,17.36,17.424,0.106911,0.003305,0.0,279
1,1,0,0,0,0,0,1,0,0,0,0,1,1,0,1,1,1,1,1,0,1,0,1,0,0,0,0,0,1,0,1,1,0,0,0,1,0,sintel_trailer_2k_480p24.y4m,64.26,64.264,0.080808,0.001828,0.0,171
1,1,0,0,0,0,0,0,0,1,0,0,1,1,0,1,0,1,1,0,1,1,0,0,0,0,0,1,0,1,0,1,1,0,0,0,1,0,sintel_trailer_2k_480p24.y4m,523.42,523.034,0.908367,0.003138,0.0,99
1,1,1,0,0,0,0,0,0,0,0,0,1,0,1,1,1,1,1,1,0,1,0,1,0,0,0,0,0,1,1,0,1,0,1,0,0,0,sintel_trailer_2k_480p24.y4m,75.7,75.552,0.622149,0.001911,0.0,81
1,1,0,0,0,0,0,0,0,0,1,0,1,0,1,1,1,1,1,0,1,1,0,0,1,0,0,0,0,1,1,0,1,0,1,0,0,0,sintel_trailer_2k_480p24.y4m,24.22,24.156,0.884268,0.001556,0.0,155
1,1,0,0,0,1,0,0,0,0,0,0,1,1,0,1,0,1,1,1,0,1,1,0,0,0,0,0,0,1,1,0,1,1,0,0,0,0,sintel_trailer_2k_480p24.y4m,45.25,45.242,0.063797,0.00274,0.0,185
1,1,0,0,1,0,0,0,0,0,0,0,1,1,0,1,0,0,1,0,1,1,0,0,0,0,0,1,0,1,0,1,0,0,0,0,0,0,sintel_trailer_2k_480p24.y4m,40.2,40.184,0.124218,0.001568,0.0,376
1,1,0,0,0,0,0,0,1,0,0,0,1,1,0,1,0,1,1,0,1,1,0,1,0,0,0,0,0,1,1,0,0,0,0,0,0,0,sintel_trailer_2k_480p24.y4m,15.34,15.336,0.051769,0.001404,0.0,204
1,1,0,0,0,0,0,0,1,0,0,0,1,1,0,1,1,0,1,0,1,1,0,0,0,0,1,0,0,1,1,0,1,0,0,0,0,1,sintel_trailer_2k_480p24.y4m,1612.87,1612.7,1.130708,0.001566,0.0,246
1,1,0,0,0,0,0,1,0,0,0,0,1,1,0,1,1,1,1,0,1,1,0,0,1,0,0,0,0,1,0,1,0,0,0,0,0,0,sintel_trailer_2k_480p24.y4m,986.49,984.72,3.833497,0.001948,0.0,230
1,1,0,0,0,0,0,0,1,0,0,0,1,0,1,1,1,0,1,0,1,1,0,0,0,0,0,1,0,1,1,0,1,0,0,0,1,0,sintel_trailer_2k_480p24.y4m,980.38,980.318,1.036735,0.003625,0.0,27
1,1,0,1,0,0,0,0,0,0,0,0,1,1,0,1,1,1,1,0,1,1,1,0,0,0,0,0,0,1,1,0,0,0,0,0,0,0,sintel_trailer_2k_480p24.y4m,51.08,51.138,0.117132,0.001652,0.0,137
1,1,0,0,0,0,0,0,0,0,1,0,1,1,0,1,1,1,1,1,0,1,0,0,0,0,1,0,0,1,0,1,1,0,0,0,1,0,sintel_trailer_2k_480p24.y4m,61.38,61.362,0.044385,0.002868,0.0,169
1,1,0,0,0,0,0,0,0,0,1,0,1,0,1,1,0,1,1,0,1,1,1,0,0,0,0,0,0,1,0,1,1,0,0,0,0,1,sintel_trailer_2k_480p24.y4m,2051.34,2051.58,1.053447,0.001939,0.0,33
1,1,0,0,0,0,0,0,1,0,0,0,1,0,1,1,0,1,1,0,1,1,0,1,0,0,0,0,0,1,1,0,0,0,0,0,0,0,sintel_trailer_2k_480p24.y4m,297.87,297.988,0.30679,0.003454,0.0,205
1,1,0,0,0,0,0,0,0,0,1,0,1,1,0,1,1,0,1,0,1,1,0,0,0,0,1,0,0,1,1,0,1,0,0,0,0,1,sintel_trailer_2k_480p24.y4m,63.3,63.338,0.12518,0.001816,0.0,245
1,1,1,0,0,0,0,0,0,0,0,0,1,1,0,1,0,0,1,1,0,1,0,0,1,0,0,0,0,1,1,0,1,0,0,0,0,1,sintel_trailer_2k_480p24.y4m,54.89,54.956,0.171697,0.001291,0.0,163
1,1,0,0,1,0,0,0,0,0,0,0,1,1,0,1,1,0,1,1,0,1,1,0,0,0,0,0,0,1,0,1,1,1,0,0,0,0,sintel_trailer_2k_480p24.y4m,39.97,39.888,0.144983,0.001568,0.0,4
1,1,0,0,1,0,0,0,0,0,0,0,1,1,0,1,0,0,1,0,1,1,1,0,0,0,0,0,0,1,1,0,1,0,0,0,1,0,sintel_trailer_2k_480p24.y4m,25.65,26.022,0.726409,0.003304,0.0,141
1,1,1,0,0,0,0,0,0,0,0,0,1,1,0,1,1,1,1,0,1,1,0,0,1,0,0,0,0,1,1,0,1,1,0,0,0,0,sintel_trailer_2k_480p24.y4m,3360.7,3358.602,5.959507,0.001576,0.0,159
1,1,0,0,0,0,0,0,1,0,0,0,1,1,0,1,0,1,1,0,1,1,0,0,1,0,0,0,0,1,0,1,1,0,0,0,0,1,sintel_trailer_2k_480p24.y4m,103.01,103.004,0.176153,0.002929,0.0,336
1,1,0,0,0,1,0,0,0,0,0,0,1,1,0,1,0,0,1,0,1,1,0,0,0,0,0,0,1,1,1,0,1,0,0,0,1,0,sintel_trailer_2k_480p24.y4m,659.13,661.804,6.179808,0.001915,0.0,72
1,1,0,0,0,0,0,0,1,0,0,0,1,1,0,1,1,0,1,1,0,1,0,0,1,0,0,0,0,1,1,0,1,0,0,0,0,1,sintel_trailer_2k_480p24.y4m,40.47,40.422,0.111669,0.001735,0.0,248
1,1,0,1,0,0,0,0,0,0,0,0,1,0,1,1,1,1,1,1,0,1,0,0,0,0,0,1,0,1,0,1,1,0,0,0,0,1,sintel_trailer_2k_480p24.y4m,1840.14,1852.326,22.000286,0.001518,0.0,130
1,1,0,0,0,1,0,0,0,0,0,0,1,0,1,1,1,1,1,1,0,1,0,0,0,0,0,0,1,1,1,0,0,0,0,0,0,0,sintel_trailer_2k_480p24.y4m,1907.01,1907.348,1.293472,0.00308,0.0,324
1,1,1,0,0,0,0,0,0,0,0,0,1,0,1,1,0,1,1,1,0,1,0,1,0,0,0,0,0,1,0,1,0,0,0,0,0,0,sintel_trailer_2k_480p24.y4m,1689.03,1689.208,0.548471,0.003587,0.0,354
1,1,0,0,0,0,0,0,0,0,1,0,1,0,1,1,0,0,1,1,0,1,0,0,0,1,0,0,0,1,0,1,0,0,0,0,0,0,sintel_trailer_2k_480p24.y4m,1210.34,1207.328,13.180763,0.001225,0.0,291
1,1,0,0,0,0,0,0,0,0,1,0,1,1,0,1,0,0,1,1,0,1,0,1,0,0,0,0,0,1,1,0,1,0,1,0,0,0,sintel_trailer_2k_480p24.y4m,29.79,29.776,0.172569,0.00133,0.0,237
1,1,0,0,0,1,0,0,0,0,0,0,1,1,0,1,1,0,1,1,0,1,1,0,0,0,0,0,0,1,1,0,1,1,0,0,0,0,sintel_trailer_2k_480p24.y4m,31.21,31.206,0.043932,0.001772,0.0,183
1,1,0,0,0,1,0,0,0,0,0,0,1,0,1,1,1,1,1,0,1,1,0,0,1,0,0,0,0,1,0,1,0,0,0,0,0,0,sintel_trailer_2k_480p24.y4m,26.62,26.61,0.082765,0.001409,0.0,227
1,1,0,0,0,0,0,0,1,0,0,0,1,1,0,1,0,1,1,0,1,1,0,0,0,0,0,1,0,1,0,1,0,0,0,0,0,0,sintel_trailer_2k_480p24.y4m,55.61,55.576,0.120333,0.001632,0.0,338
1,1,0,0,1,0,0,0,0,0,0,0,1,0,1,1,0,0,1,0,1,1,1,0,0,0,0,0,0,1,1,0,1,0,0,0,1,0,sintel_trailer_2k_480p24.y4m,315.43,315.318,0.333647,0.001817,0.0,142
1,1,0,0,1,0,0,0,0,0,0,0,1,1,0,1,1,1,1,0,1,1,0,0,1,0,0,0,0,1,1,0,1,0,0,0,0,1,sintel_trailer_2k_480p24.y4m,165.66,165.67,0.1,0.002968,0.0,332
1,1,0,0,0,0,0,0,0,1,0,0,1,0,1,1,0,0,1,1,0,1,0,0,0,0,1,0,0,1,0,1,1,0,0,0,1,0,sintel_trailer_2k_480p24.y4m,3027.01,3027.244,1.521407,0.00126,0.0,95
1,1,0,0,1,0,0,0,0,0,0,0,1,0,1,1,0,0,1,0,1,1,0,0,0,1,0,0,0,1,0,1,0,0,0,0,0,0,sintel_trailer_2k_480p24.y4m,123.35,123.336,0.253831,0.003006,0.0,289
1,1,0,0,1,0,0,0,0,0,0,0,1,1,0,1,0,0,1,0,1,1,0,0,0,0,0,1,0,1,0,1,1,0,0,1,0,0,sintel_trailer_2k_480p24.y4m,22.3,22.288,0.051672,0.00133,0.0,378
1,1,0,0,1,0,0,0,0,0,0,0,1,1,0,1,1,1,1,1,0,1,0,0,1,0,0,0,0,1,0,1,1,0,0,0,1,0,sintel_trailer_2k_480p24.y4m,823.31,823.216,1.566662,0.001801,0.0,278
1,1,0,0,0,0,0,0,0,0,1,0,1,0,1,1,1,0,1,0,1,1,1,0,0,0,0,0,0,1,0,1,1,0,0,0,1,0,sintel_trailer_2k_480p24.y4m,62.34,62.276,0.174155,0.003059,0.0,30
1,1,0,0,1,0,0,0,0,0,0,0,1,1,0,1,0,0,1,0,1,1,0,1,0,0,0,0,0,1,0,1,1,0,0,0,0,1,sintel_trailer_2k_480p24.y4m,17.94,17.884,0.157258,0.001498,0.0,120
1,1,0,0,0,1,0,0,0,0,0,0,1,1,0,1,1,1,1,0,1,1,0,0,0,0,0,1,0,1,0,1,0,0,0,0,0,0,sintel_trailer_2k_480p24.y4m,28.02,28.01,0.034641,0.001614,0.0,265
1,1,0,0,0,0,0,0,0,0,1,0,1,1,0,1,1,0,1,1,0,1,0,0,0,0,0,1,0,1,0,1,0,0,0,0,0,0,sintel_trailer_2k_480p24.y4m,46.18,46.174,0.049295,0.00134,0.0,296
1,1,0,0,0,0,0,1,0,0,0,0,1,1,0,1,1,1,1,1,0,1,0,1,0,0,0,0,0,1,0,1,0,0,0,0,0,0,sintel_trailer_2k_480p24.y4m,96.75,96.644,0.427469,0.001586,0.0,232
1,1,0,0,0,0,0,0,0,0,1,0,1,0,1,1,0,0,1,1,0,1,0,0,1,0,0,0,0,1,1,0,1,0,0,1,0,0,sintel_trailer_2k_480p24.y4m,81.6,81.664,0.235542,0.002686,0.0,310
1,1,0,0,0,0,0,1,0,0,0,0,1,0,1,1,1,1,1,0,1,1,0,0,0,0,0,1,0,1,0,1,1,0,0,1,0,0,sintel_trailer_2k_480p24.y4m,2004.46,2004.224,0.711428,0.002975,0.0,349
1,1,0,0,1,0,0,0,0,0,0,0,1,1,0,1,0,1,1,0,1,1,0,0,0,0,0,1,0,1,0,1,0,0,0,0,0,0,sintel_trailer_2k_480p24.y4m,57.78,57.558,0.489765,0.002966,0.0,377
1,1,0,0,0,0,0,0,0,1,0,0,1,0,1,1,1,1,1,1,0,1,0,0,0,0,1,0,0,1,0,1,1,0,0,0,1,0,sintel_trailer_2k_480p24.y4m,3315.42,3315.26,1.194048,0.001937,0.0,94
1,1,1,0,0,0,0,0,0,0,0,0,1,1,0,1,1,0,1,0,1,1,1,0,0,0,0,0,0,1,0,1,1,1,0,0,0,0,sintel_trailer_2k_480p24.y4m,56.0,55.992,0.054498,0.00274,0.0,178
1,1,0,0,0,0,0,0,0,0,1,0,1,0,1,1,0,0,1,1,0,1,0,0,0,0,0,1,0,1,0,1,1,0,0,0,0,1,sintel_trailer_2k_480p24.y4m,83.35,83.392,0.07823,0.002911,0.0,127
1,1,0,0,0,0,0,1,0,0,0,0,1,0,1,1,1,0,1,0,1,1,0,0,0,1,0,0,0,1,0,1,1,0,0,0,1,0,sintel_trailer_2k_480p24.y4m,19.52,19.508,0.17655,0.001297,0.0,111
1,1,1,0,0,0,0,0,0,0,0,0,1,0,1,1,0,1,1,1,0,1,0,1,0,0,0,0,0,1,0,1,1,0,0,1,0,0,sintel_trailer_2k_480p24.y4m,52.54,52.516,0.157417,0.002842,0.0,353
1,1,0,0,0,0,1,0,0,0,0,0,1,0,1,1,1,1,1,1,0,1,0,1,0,0,0,0,0,1,1,0,1,0,0,0,1,0,sintel_trailer_2k_480p24.y4m,47.8,47.82,0.047434,0.001687,0.0,45
1,1,0,0,0,1,0,0,0,0,0,0,1,0,1,1,1,1,1,0,1,1,0,0,1,0,0,0,0,1,1,0,0,0,0,0,0,0,sintel_trailer_2k_480p24.y4m,19.26,19.212,0.165741,0.001441,0.0,226
1,1,0,0,0,0,0,0,0,0,0,1,1,1,0,1,1,0,1,0,1,1,0,0,0,0,0,1,0,1,1,0,1,0,0,0,0,1,sintel_trailer_2k_480p24.y4m,70.63,70.632,0.147716,0.001628,0.0,59
1,1,0,0,0,0,0,0,1,0,0,0,1,1,0,1,1,1,1,1,0,1,1,0,0,0,0,0,0,1,0,1,1,1,0,0,0,0,sintel_trailer_2k_480p24.y4m,824.79,823.622,4.267285,0.001605,0.0,19
1,1,0,0,0,0,0,0,0,0,0,1,1,1,0,1,0,1,1,0,1,1,0,0,0,1,0,0,0,1,1,0,1,1,0,0,0,0,sintel_trailer_2k_480p24.y4m,433.46,433.532,0.198671,0.001962,0.0,304
1,1,0,0,0,0,0,0,1,0,0,0,1,0,1,1,0,1,1,0,1,1,0,1,0,0,0,0,0,1,0,1,0,0,0,0,0,0,sintel_trailer_2k_480p24.y4m,39.07,39.112,0.108259,0.001735,0.0,207
1,1,0,0,0,0,1,0,0,0,0,0,1,1,0,1,1,1,1,1,0,1,0,1,0,0,0,0,0,1,1,0,0,0,0,0,0,0,sintel_trailer_2k_480p24.y4m,3567.19,3541.476,41.782101,0.00152,0.0,43
1,1,0,0,0,0,1,0,0,0,0,0,1,1,0,1,1,0,1,1,0,1,1,0,0,0,0,0,0,1,1,0,1,0,0,0,0,1,sintel_trailer_2k_480p24.y4m,26.37,26.502,0.332521,0.00128,0.0,40
1,1,0,0,0,1,0,0,0,0,0,0,1,0,1,1,0,1,1,1,0,1,1,0,0,0,0,0,0,1,1,0,1,1,0,0,0,0,sintel_trailer_2k_480p24.y4m,2747.89,2748.166,0.878254,0.003051,0.0,186
1,1,0,0,1,0,0,0,0,0,0,0,1,0,1,1,0,0,1,0,1,1,0,0,0,1,0,0,0,1,0,1,1,0,0,0,0,1,sintel_trailer_2k_480p24.y4m,31.83,31.928,0.274991,0.001477,0.0,288
1,1,1,0,0,0,0,0,0,0,0,0,1,1,0,1,1,0,1,1,0,1,0,1,0,0,0,0,0,1,1,0,1,0,1,0,0,0,sintel_trailer_2k_480p24.y4m,58.02,57.994,0.111937,0.001634,0.0,82
1,1,0,0,0,0,0,0,0,0,1,0,1,0,1,1,1,1,1,0,1,1,0,0,0,1,0,0,0,1,0,1,0,0,0,0,0,0,sintel_trailer_2k_480p24.y4m,40.02,39.978,0.132552,0.001836,0.0,211
1,1,0,0,1,0,0,0,0,0,0,0,1,0,1,1,1,1,1,0,1,1,0,0,0,0,0,1,0,1,1,0,1,0,0,1,0,0,sintel_trailer_2k_480p24.y4m,1626.77,1626.872,0.342009,0.001566,0.0,347
1,1,0,1,0,0,0,0,0,0,0,0,1,0,1,1,0,0,1,1,0,1,1,0,0,0,0,0,0,1,1,0,1,0,0,0,1,0,sintel_trailer_2k_480p24.y4m,92.6,92.642,0.827236,0.001267,0.0,13
1,1,0,0,0,0,0,1,0,0,0,0,1,0,1,1,1,1,1,0,1,1,0,0,1,0,0,0,0,1,0,1,0,0,0,0,0,0,sintel_trailer_2k_480p24.y4m,5811.18,5813.368,4.643196,0.001216,0.0,228
1,1,0,0,0,0,0,0,0,1,0,0,1,1,0,1,0,1,1,0,1,1,0,0,1,0,0,0,0,1,0,1,1,0,0,0,0,1,sintel_trailer_2k_480p24.y4m,60.58,60.558,0.084971,0.001828,0.0,335
1,1,0,0,0,0,0,0,1,0,0,0,1,1,0,1,1,0,1,0,1,1,0,0,1,0,0,0,0,1,1,0,1,1,0,0,0,0,sintel_trailer_2k_480p24.y4m,248.84,248.796,0.110136,0.00305,0.0,24
1,1,1,0,0,0,0,0,0,0,0,0,1,0,1,1,0,1,1,0,1,1,0,1,0,0,0,0,0,1,0,1,1,0,0,1,0,0,sintel_trailer_2k_480p24.y4m,3834.44,3834.704,1.733113,0.003582,0.0,352
1,1,0,0,0,0,1,0,0,0,0,0,1,0,1,1,0,0,1,1,0,1,0,0,0,0,0,1,0,1,1,0,0,0,0,0,0,0,sintel_trailer_2k_480p24.y4m,42.38,42.344,0.119708,0.00176,0.0,368
1,1,1,0,0,0,0,0,0,0,0,0,1,0,1,1,1,1,1,1,0,1,0,1,0,0,0,0,0,1,1,0,0,0,0,0,0,0,sintel_trailer_2k_480p24.y4m,22.31,22.554,1.099241,0.001482,0.0,80
1,1,0,0,1,0,0,0,0,0,0,0,1,1,0,1,0,0,1,0,1,1,0,1,0,0,0,0,0,1,0,1,0,0,0,0,0,0,sintel_trailer_2k_480p24.y4m,446.7,446.792,0.236157,0.001651,0.0,121
1,1,0,0,0,0,0,0,0,0,1,0,1,0,1,1,1,1,1,0,1,1,0,0,1,0,0,0,0,1,1,0,1,1,0,0,0,0,sintel_trailer_2k_480p24.y4m,45.96,45.94,0.077782,0.001652,0.0,156
1,1,0,1,0,0,0,0,0,0,0,0,1,0,1,1,1,1,1,1,0,1,0,0,0,0,0,1,0,1,1,0,1,1,0,0,0,0,sintel_trailer_2k_480p24.y4m,12.58,12.844,0.455335,0.001313,0.0,9
1,1,0,0,0,0,0,0,0,0,1,0,1,1,0,1,0,0,1,1,0,1,0,0,0,0,1,0,0,1,1,0,1,0,0,0,0,1,sintel_trailer_2k_480p24.y4m,61.87,61.892,0.138996,0.001816,0.0,165
1,1,0,0,0,0,0,0,0,0,1,0,1,0,1,1,0,0,1,1,0,1,0,1,0,0,0,0,0,1,0,1,1,0,0,0,0,1,sintel_trailer_2k_480p24.y4m,60.13,60.028,0.327979,0.001794,0.0,126
1,1,0,0,1,0,0,0,0,0,0,0,1,1,0,1,1,1,1,0,1,1,0,0,1,0,0,0,0,1,0,1,1,0,1,0,0,0,sintel_trailer_2k_480p24.y4m,22.19,22.116,0.172424,0.001482,0.0,280
1,1,0,0,0,0,0,1,0,0,0,0,1,0,1,1,1,1,1,1,0,1,0,1,0,0,0,0,0,1,0,1,1,0,0,0,1,0,sintel_trailer_2k_480p24.y4m,19.95,19.584,0.56025,0.003119,0.0,172
1,1,0,0,0,0,0,0,0,0,1,0,1,0,1,1,0,1,1,1,0,1,0,0,0,1,0,0,0,1,0,1,0,0,0,0,0,0,sintel_trailer_2k_480p24.y4m,64.31,64.306,0.124619,0.002733,0.0,292
1,1,0,0,0,0,0,0,0,0,1,0,1,1,0,1,1,1,1,0,1,1,0,0,0,0,0,1,0,1,1,0,0,0,0,0,0,0,sintel_trailer_2k_480p24.y4m,210.01,209.996,0.096073,0.001341,0.0,105
1,1,0,0,0,1,0,0,0,0,0,0,1,0,1,1,1,1,1,0,1,1,0,0,0,0,0,0,1,1,1,0,1,0,1,0,0,0,sintel_trailer_2k_480p24.y4m,159.8,159.736,0.430848,0.003,0.0,76
1,1,0,0,0,1,0,0,0,0,0,0,1,0,1,1,0,0,1,1,0,1,1,0,0,0,0,0,0,1,1,0,1,0,0,0,0,1,sintel_trailer_2k_480p24.y4m,1622.81,1623.834,1.951494,0.00126,0.0,221
1,1,0,0,0,0,0,0,0,0,1,0,1,1,0,1,1,0,1,1,0,1,0,0,0,0,1,0,0,1,0,1,1,0,0,0,0,1,sintel_trailer_2k_480p24.y4m,536.73,536.648,0.216726,0.003004,0.0,167
1,1,0,0,0,0,0,0,0,0,1,0,1,0,1,1,0,1,1,0,1,1,1,0,0,0,0,0,0,1,1,0,1,0,0,0,0,1,sintel_trailer_2k_480p24.y4m,3322.08,3322.67,1.98819,0.002038,0.0,35
1,1,0,0,1,0,0,0,0,0,0,0,1,1,0,1,0,0,1,1,0,1,0,1,0,0,0,0,0,1,0,1,1,0,1,0,0,0,sintel_trailer_2k_480p24.y4m,35.32,35.284,0.111041,0.001702,0.0,235
1,1,0,0,0,0,0,0,0,1,0,0,1,1,0,1,1,1,1,0,1,1,0,0,1,0,0,0,0,1,0,1,1,0,0,0,0,1,sintel_trailer_2k_480p24.y4m,119.4,119.344,0.358929,0.003008,0.0,333
1,1,0,0,0,0,1,0,0,0,0,0,1,0,1,1,1,1,1,1,0,1,0,1,0,0,0,0,0,1,1,0,0,0,0,0,0,0,sintel_trailer_2k_480p24.y4m,1194.78,1194.554,1.295234,0.001261,0.0,44
1,1,0,0,1,0,0,0,0,0,0,0,1,0,1,1,0,1,1,1,0,1,0,1,0,0,0,0,0,1,0,1,1,1,0,0,0,0,sintel_trailer_2k_480p24.y4m,2842.13,2842.23,0.661967,0.00183,0.0,256
1,1,0,0,0,0,0,1,0,0,0,0,1,0,1,1,1,0,1,0,1,1,0,1,0,0,0,0,0,1,0,1,1,0,0,0,0,1,sintel_trailer_2k_480p24.y4m,10653.49,10652.202,7.356682,0.003149,0.0,192
1,1,0,0,0,0,1,0,0,0,0,0,1,1,0,1,1,1,1,1,0,1,1,0,0,0,0,0,0,1,1,0,1,0,0,0,0,1,sintel_trailer_2k_480p24.y4m,197.8,197.608,0.329044,0.001865,0.0,41
1,1,0,0,0,0,0,0,0,0,1,0,1,0,1,1,0,1,1,1,0,1,0,0,0,0,0,1,0,1,0,1,1,0,0,0,1,0,sintel_trailer_2k_480p24.y4m,1819.37,1819.24,0.822739,0.003094,0.0,273
1,1,0,0,0,0,0,0,0,0,1,0,1,1,0,1,0,1,1,0,1,1,0,0,0,0,0,1,0,1,0,1,0,0,0,0,0,0,sintel_trailer_2k_480p24.y4m,1184.76,1184.92,0.412189,0.003154,0.0,101
1,1,0,0,0,0,0,0,0,0,1,0,1,0,1,1,1,1,1,0,1,1,0,0,0,0,1,0,0,1,1,0,1,0,1,0,0,0,sintel_trailer_2k_480p24.y4m,616.34,616.18,0.517107,0.00127,0.0,242
1,1,0,0,0,0,0,0,0,0,1,0,1,1,0,1,0,1,1,0,1,1,0,0,0,0,0,1,0,1,1,0,0,0,0,0,0,0,sintel_trailer_2k_480p24.y4m,58.63,58.606,0.096073,0.002917,0.0,103
1,1,1,0,0,0,0,0,0,0,0,0,1,1,0,1,1,0,1,1,0,1,0,1,0,0,0,0,0,1,0,1,0,0,0,0,0,0,sintel_trailer_2k_480p24.y4m,1412.68,1411.752,1.770387,0.001875,0.0,1
1,1,0,0,0,0,0,1,0,0,0,0,1,1,0,1,0,0,1,0,1,1,0,0,0,0,0,1,0,1,0,1,1,0,0,0,0,1,sintel_trailer_2k_480p24.y4m,52.44,52.476,0.12661,0.002842,0.0,56
1,1,0,0,1,0,0,0,0,0,0,0,1,0,1,1,0,0,1,0,1,1,0,0,0,0,0,0,1,1,0,1,0,0,0,0,0,0,sintel_trailer_2k_480p24.y4m,202.2,202.184,0.225677,0.001341,0.0,373
1,1,0,0,0,0,0,0,1,0,0,0,1,1,0,1,1,1,1,0,1,1,0,1,0,0,0,0,0,1,0,1,1,0,1,0,0,0,sintel_trailer_2k_480p24.y4m,2326.65,2338.514,37.983198,0.001216,0.0,318
1,1,0,0,0,1,0,0,0,0,0,0,1,1,0,1,0,0,1,1,0,1,0,0,0,0,1,0,0,1,1,0,0,0,0,0,0,0,sintel_trailer_2k_480p24.y4m,3116.24,3116.89,1.272124,0.001585,0.0,69
1,1,0,1,0,0,0,0,0,0,0,0,1,0,1,1,0,0,1,1,0,1,0,0,0,0,0,1,0,1,1,0,1,1,0,0,0,0,sintel_trailer_2k_480p24.y4m,42.06,42.1,0.103682,0.002965,0.0,11
1,1,0,0,1,0,0,0,0,0,0,0,1,0,1,1,0,0,1,1,0,1,0,1,0,0,0,0,0,1,0,1,1,0,0,1,0,0,sintel_trailer_2k_480p24.y4m,37.52,37.506,0.135204,0.001594,0.0,258
1,1,0,0,0,0,0,0,0,0,1,0,1,0,1,1,0,0,1,1,0,1,0,1,0,0,0,0,0,1,1,0,1,0,1,0,0,0,sintel_trailer_2k_480p24.y4m,4486.51,4487.47,2.66155,0.00319,0.0,238
1,1,0,0,0,0,0,1,0,0,0,0,1,0,1,1,1,0,1,1,0,1,1,0,0,0,0,0,0,1,0,1,1,0,0,0,1,0,sintel_trailer_2k_480p24.y4m,5896.21,5894.844,8.082919,0.001541,0.0,173
1,1,0,0,0,0,0,1,0,0,0,0,1,0,1,1,0,1,1,0,1,1,0,1,0,0,0,0,0,1,0,1,1,1,0,0,0,0,sintel_trailer_2k_480p24.y4m,5574.74,5572.176,8.257096,0.001897,0.0,190
1,1,0,1,0,0,0,0,0,0,0,0,1,0,1,1,1,0,1,1,0,1,0,0,0,0,0,1,0,1,0,1,1,1,0,0,0,0,sintel_trailer_2k_480p24.y4m,1081.96,1081.898,0.624556,0.001959,0.0,7
1,1,0,0,0,1,0,0,0,0,0,0,1,0,1,1,1,1,1,0,1,1,0,0,0,0,0,0,1,1,1,0,0,0,0,0,0,0,sintel_trailer_2k_480p24.y4m,26.59,26.602,0.374126,0.001363,0.0,323
1,1,0,0,0,1,0,0,0,0,0,0,1,0,1,1,0,0,1,0,1,1,0,0,0,0,0,0,1,1,1,0,1,0,0,0,1,0,sintel_trailer_2k_480p24.y4m,3279.3,3306.272,52.436846,0.001786,0.0,73
1,1,0,0,0,0,0,0,0,0,1,0,1,0,1,1,1,0,1,0,1,1,0,1,0,0,0,0,0,1,0,1,0,0,0,0,0,0,sintel_trailer_2k_480p24.y4m,3623.89,3612.056,38.581588,0.00152,0.0,209
1,1,0,1,0,0,0,0,0,0,0,0,1,1,0,1,1,0,1,0,1,1,1,0,0,0,0,0,0,1,1,0,0,0,0,0,0,0,sintel_trailer_2k_480p24.y4m,37.95,37.514,0.76872,0.001859,0.0,138
1,1,0,0,0,1,0,0,0,0,0,0,1,1,0,1,1,1,1,1,0,1,0,0,0,0,0,1,0,1,0,1,0,0,0,0,0,0,sintel_trailer_2k_480p24.y4m,1122.66,1122.582,0.50017,0.003048,0.0,264
1,1,0,0,0,0,0,0,0,1,0,0,1,0,1,1,0,1,1,0,1,1,0,0,0,0,0,1,0,1,0,1,1,0,0,0,1,0,sintel_trailer_2k_480p24.y4m,3086.79,3085.96,1.683865,0.001585,0.0,98
1,1,0,0,0,0,0,0,0,0,1,0,1,1,0,1,0,0,1,0,1,1,0,0,0,0,0,1,0,1,1,0,1,0,0,1,0,0,sintel_trailer_2k_480p24.y4m,40.59,40.16,1.033392,0.001765,0.0,380
1,1,0,0,1,0,0,0,0,0,0,0,1,1,0,1,1,1,1,1,0,1,0,1,0,0,0,0,0,1,1,0,1,0,1,0,0,0,sintel_trailer_2k_480p24.y4m,3779.75,3767.812,26.476555,0.003062,0.0,85
1,1,0,0,0,0,0,0,0,0,1,0,1,0,1,1,0,0,1,0,1,1,1,0,0,0,0,0,0,1,0,1,1,0,0,0,1,0,sintel_trailer_2k_480p24.y4m,1282.02,1281.81,1.705403,0.001569,0.0,31
1,1,0,1,0,0,0,0,0,0,0,0,1,0,1,1,1,0,1,1,0,1,0,0,0,0,0,1,0,1,1,0,1,1,0,0,0,0,sintel_trailer_2k_480p24.y4m,29.68,29.654,0.056391,0.00128,0.0,8
1,1,0,0,1,0,0,0,0,0,0,0,1,1,0,1,1,1,1,1,0,1,1,0,0,0,0,0,0,1,0,1,1,1,0,0,0,0,sintel_trailer_2k_480p24.y4m,63.18,63.108,0.133304,0.001632,0.0,216
1,1,0,0,1,0,0,0,0,0,0,0,1,1,0,1,1,1,1,0,1,1,0,0,0,1,0,0,0,1,0,1,1,1,0,0,0,0,sintel_trailer_2k_480p24.y4m,18.8,18.752,0.120706,0.001498,0.0,214
1,1,0,0,0,0,0,0,1,0,0,0,1,1,0,1,0,0,1,1,0,1,0,0,0,0,0,1,0,1,1,0,0,0,0,0,0,0,sintel_trailer_2k_480p24.y4m,70.98,70.994,0.12502,0.001714,0.0,341
1,1,0,0,1,0,0,0,0,0,0,0,1,1,0,1,0,0,1,1,0,1,0,1,0,0,0,0,0,1,1,0,1,0,1,0,0,0,sintel_trailer_2k_480p24.y4m,38.81,38.572,0.612674,0.002755,0.0,236
1,1,0,0,0,0,0,0,0,0,1,0,1,0,1,1,0,0,1,0,1,1,0,0,0,0,1,0,0,1,1,0,1,0,1,0,0,0,sintel_trailer_2k_480p24.y4m,105.31,105.41,0.369324,0.002785,0.0,240
1,1,0,0,0,0,0,1,0,0,0,0,1,0,1,1,0,0,1,0,1,1,0,0,0,1,0,0,0,1,0,1,1,0,0,0,1,0,sintel_trailer_2k_480p24.y4m,59.03,59.072,0.134796,0.002917,0.0,51
1,1,1,0,0,0,0,0,0,0,0,0,1,0,1,1,1,1,1,0,1,1,0,0,0,0,0,0,1,1,1,0,1,0,1,0,0,0,sintel_trailer_2k_480p24.y4m,51.93,51.896,0.12054,0.001307,0.0,77
1,1,0,0,0,0,0,0,0,0,1,0,1,0,1,1,1,0,1,1,0,1,0,0,0,0,0,1,0,1,0,1,1,0,0,0,0,1,sintel_trailer_2k_480p24.y4m,59.97,59.978,0.092033,0.001546,0.0,128
1,1,0,0,1,0,0,0,0,0,0,0,1,1,0,1,0,0,1,1,0,1,0,1,0,0,0,0,0,1,0,1,0,0,0,0,0,0,sintel_trailer_2k_480p24.y4m,1245.22,1245.168,0.484943,0.001221,0.0,234
1,1,0,0,0,0,0,0,1,0,0,0,1,0,1,1,1,0,1,0,1,1,0,0,0,0,0,1,0,1,0,1,1,0,0,0,1,0,sintel_trailer_2k_480p24.y4m,11573.01,11573.782,2.772566,0.003149,0.0,28
1,1,0,0,1,0,0,0,0,0,0,0,1,1,0,1,1,0,1,0,1,1,1,0,0,0,0,0,0,1,1,0,0,0,0,0,0,0,sintel_trailer_2k_480p24.y4m,1059.72,1059.558,0.440591,0.001959,0.0,139
1,1,0,0,0,0,0,0,0,0,1,0,1,0,1,1,1,0,1,1,0,1,0,0,0,0,1,0,0,1,1,0,1,0,1,0,0,0,sintel_trailer_2k_480p24.y4m,16.72,16.692,0.099599,0.001404,0.0,152
1,1,0,1,0,0,0,0,0,0,0,0,1,0,1,1,0,0,1,1,0,1,0,0,0,0,0,1,0,1,1,0,1,0,0,0,1,0,sintel_trailer_2k_480p24.y4m,1978.3,1978.718,1.25458,0.003623,0.0,12
1,1,0,0,0,0,1,0,0,0,0,0,1,0,1,1,0,1,1,1,0,1,0,0,0,0,0,1,0,1,1,0,0,0,0,0,0,0,sintel_trailer_2k_480p24.y4m,16.56,16.522,0.158808,0.001404,0.0,369
1,1,0,0,0,0,0,0,0,0,0,1,1,1,0,1,1,0,1,0,1,1,0,0,0,0,0,1,0,1,0,1,1,0,0,0,0,1,sintel_trailer_2k_480p24.y4m,536.51,536.566,0.25225,0.003004,0.0,58
1,1,0,0,0,0,0,0,1,0,0,0,1,1,0,1,1,0,1,1,0,1,1,0,0,0,0,0,0,1,1,0,0,0,0,0,0,0,sintel_trailer_2k_480p24.y4m,524.37,524.188,0.424994,0.003138,0.0,64
1,1,0,0,0,0,0,0,1,0,0,0,1,1,0,1,1,0,1,1,0,1,0,0,1,0,0,0,0,1,1,0,1,1,0,0,0,0,sintel_trailer_2k_480p24.y4m,320.5,320.44,0.12145,0.001298,0.0,21
1,1,0,0,0,1,0,0,0,0,0,0,1,0,1,1,1,1,1,0,1,1,0,0,1,0,0,0,0,1,1,0,1,0,0,0,0,1,sintel_trailer_2k_480p24.y4m,1581.69,1581.774,1.294384,0.001566,0.0,225
1,1,0,0,0,0,1,0,0,0,0,0,1,0,1,1,1,0,1,1,0,1,0,0,0,0,0,1,0,1,1,0,1,0,0,0,1,0,sintel_trailer_2k_480p24.y4m,2120.71,2119.89,1.887525,0.001944,0.0,366
