root,twoPass,quality,bestQuality,goodQuality,rtQuality,constantBitrate,autoAltRef,noAltRef,allowResize,columnTiling,rowTiling,threads,arnrMaxFrames,arnrStrength,workload,median-time,mean-time,std-time,mean-compression-ratio,std-compression-ratio,id
1,0,1,0,1,0,0,0,0,1,0,0,2,5,0,akiyo_cif.y4m,9.93,9.914,0.04219,0.004844,0.0,114
1,1,1,1,0,0,0,0,1,0,0,1,1,0,0,akiyo_cif.y4m,408.65,408.666,0.17869,0.00445,0.0,281
1,1,1,1,0,0,0,1,0,1,1,0,2,5,0,akiyo_cif.y4m,443.37,443.334,0.212908,0.00466,0.0,49
1,0,1,0,0,1,1,0,0,0,0,0,2,15,6,akiyo_cif.y4m,39.77,39.822,0.105688,0.004731,0.0,194
1,0,1,1,0,0,0,0,0,0,0,0,2,0,6,akiyo_cif.y4m,447.53,447.486,0.234798,0.004857,0.0,62
1,1,1,0,1,0,0,1,0,1,1,1,1,15,3,akiyo_cif.y4m,11.51,11.496,0.065422,0.00463,0.0,91
1,0,1,0,0,1,1,0,0,0,0,0,4,0,6,akiyo_cif.y4m,40.35,40.366,0.174442,0.004731,0.0,107
1,0,1,1,0,0,1,0,0,0,0,1,4,5,3,akiyo_cif.y4m,444.6,444.64,0.313289,0.00472,0.0,181
1,0,1,0,1,0,1,0,0,0,0,0,4,5,0,akiyo_cif.y4m,12.29,12.278,0.032711,0.004721,0.0,247
1,0,1,1,0,0,0,0,0,1,1,0,4,5,3,akiyo_cif.y4m,447.61,447.636,0.251555,0.004857,0.0,166
1,0,1,0,0,1,0,0,0,0,1,1,4,0,0,akiyo_cif.y4m,39.31,39.252,0.104259,0.004906,0.0,25
1,1,1,0,1,0,0,1,0,0,0,1,8,0,6,akiyo_cif.y4m,12.37,12.352,0.034205,0.004668,0.0,203
1,1,1,1,0,0,1,1,0,1,1,1,4,5,6,akiyo_cif.y4m,465.33,465.176,0.50949,0.004503,0.0,219
1,0,1,0,0,1,0,0,0,0,0,0,4,15,0,akiyo_cif.y4m,39.41,39.366,0.294754,0.004902,0.0,162
1,0,1,1,0,0,1,0,0,0,1,0,4,15,6,akiyo_cif.y4m,444.87,444.862,0.223316,0.00473,0.0,182
1,0,1,0,0,1,0,0,0,1,1,0,1,15,6,akiyo_cif.y4m,39.89,39.848,0.155467,0.004902,0.0,10
1,1,1,1,0,0,1,1,0,1,1,1,2,15,0,akiyo_cif.y4m,467.09,467.166,0.473793,0.004559,0.0,14
1,1,1,1,0,0,0,1,0,0,0,1,1,0,6,akiyo_cif.y4m,429.94,429.986,0.343555,0.004668,0.0,89
1,1,1,1,0,0,0,1,0,1,1,1,1,5,0,akiyo_cif.y4m,454.64,454.83,0.341687,0.004664,0.0,116
1,0,1,1,0,0,0,0,0,0,1,1,4,15,3,akiyo_cif.y4m,450.76,450.762,0.165288,0.004786,0.0,217
1,1,1,0,1,0,0,1,0,0,1,0,1,0,0,akiyo_cif.y4m,12.21,12.208,0.063008,0.004671,0.0,75
1,1,1,0,1,0,0,1,0,1,1,1,2,15,6,akiyo_cif.y4m,11.77,11.778,0.027749,0.004603,0.0,266
1,0,1,1,0,0,1,0,0,0,1,1,4,15,3,akiyo_cif.y4m,444.56,444.488,0.316654,0.00472,0.0,268
1,0,1,0,1,0,1,0,0,1,1,1,4,15,3,akiyo_cif.y4m,12.07,12.056,0.02881,0.004729,0.0,187
1,0,1,0,0,1,1,0,0,0,1,0,8,15,3,akiyo_cif.y4m,40.2,40.204,0.115239,0.004731,0.0,161
1,0,1,0,1,0,1,0,0,0,1,0,2,0,6,akiyo_cif.y4m,12.28,12.272,0.051186,0.004721,0.0,23
1,1,1,1,0,0,0,1,0,1,1,0,2,5,6,akiyo_cif.y4m,451.22,451.182,0.214056,0.004621,0.0,2
1,1,1,1,0,0,1,0,1,1,0,1,2,0,0,akiyo_cif.y4m,419.75,419.764,0.107145,0.004301,0.0,16
1,0,1,1,0,0,0,0,0,1,1,1,8,15,0,akiyo_cif.y4m,450.94,450.904,0.250659,0.004786,0.0,262
1,1,1,1,0,0,0,1,0,1,1,0,4,5,0,akiyo_cif.y4m,443.43,443.46,0.36565,0.00466,0.0,66
1,0,1,1,0,0,0,0,0,1,0,0,2,0,0,akiyo_cif.y4m,448.02,447.996,0.285359,0.004857,0.0,86
1,0,1,0,1,0,1,0,0,0,1,0,2,5,6,akiyo_cif.y4m,12.27,12.244,0.048785,0.004721,0.0,231
1,0,1,0,1,0,0,0,0,0,0,0,4,5,0,akiyo_cif.y4m,9.95,9.948,0.022804,0.004844,0.0,269
1,1,1,0,1,0,1,1,0,0,1,0,1,5,0,akiyo_cif.y4m,12.6,12.592,0.025884,0.004573,0.0,180
1,0,1,0,0,1,0,0,0,0,1,0,4,5,6,akiyo_cif.y4m,39.9,39.844,0.134462,0.004902,0.0,274
1,1,1,1,0,0,0,1,0,1,1,0,2,15,6,akiyo_cif.y4m,444.78,444.882,0.298865,0.004595,0.0,184
1,0,1,0,0,1,1,0,0,0,0,1,4,5,0,akiyo_cif.y4m,40.31,40.238,0.146526,0.004741,0.0,118
1,1,1,1,0,0,0,1,0,0,0,0,1,0,6,akiyo_cif.y4m,427.87,427.958,0.258979,0.004668,0.0,254
1,0,1,1,0,0,1,0,0,0,1,1,4,5,0,akiyo_cif.y4m,444.73,444.69,0.113798,0.00472,0.0,208
1,0,1,0,0,1,1,0,0,1,1,0,4,5,6,akiyo_cif.y4m,40.39,40.434,0.12522,0.004731,0.0,279
1,1,1,1,0,0,0,1,0,0,1,1,4,15,3,akiyo_cif.y4m,445.43,445.43,0.220341,0.004606,0.0,229
1,0,1,0,0,1,1,0,0,1,1,1,1,0,0,akiyo_cif.y4m,39.72,39.746,0.106677,0.004741,0.0,46
1,0,1,0,0,1,0,0,0,1,1,1,4,5,6,akiyo_cif.y4m,39.82,39.81,0.202978,0.004906,0.0,171
1,1,1,1,0,0,0,1,0,0,1,0,2,5,0,akiyo_cif.y4m,445.09,444.962,0.375659,0.00466,0.0,99
1,0,1,0,0,1,0,0,0,0,0,0,8,0,0,akiyo_cif.y4m,39.95,39.894,0.140996,0.004902,0.0,81
1,1,1,1,0,0,1,1,0,1,0,1,8,5,0,akiyo_cif.y4m,464.33,464.374,0.285359,0.004579,0.0,155
1,0,1,0,1,0,0,0,0,1,0,1,1,15,6,akiyo_cif.y4m,9.97,9.956,0.0251,0.004858,0.0,96
1,1,1,1,0,0,0,1,0,1,1,1,8,0,0,akiyo_cif.y4m,430.02,429.968,0.253515,0.004668,0.0,218
1,1,1,1,0,0,1,1,0,1,1,0,8,0,6,akiyo_cif.y4m,451.4,451.344,0.287454,0.004534,0.0,53
1,1,1,0,1,0,1,0,1,0,0,0,2,0,0,akiyo_cif.y4m,10.31,10.298,0.034205,0.004295,0.0,109
1,0,1,0,1,0,0,0,0,0,1,0,4,5,6,akiyo_cif.y4m,9.93,9.898,0.044385,0.004844,0.0,185
1,1,1,1,0,0,0,1,0,0,1,1,2,0,0,akiyo_cif.y4m,429.78,430.096,0.536731,0.004668,0.0,239
1,0,1,1,0,0,0,0,0,0,0,1,2,0,0,akiyo_cif.y4m,450.81,450.858,0.175699,0.004786,0.0,276
1,0,1,1,0,0,1,0,0,0,0,1,4,0,6,akiyo_cif.y4m,444.94,444.932,0.097826,0.00472,0.0,257
1,0,1,0,0,1,0,0,0,1,1,0,1,5,0,akiyo_cif.y4m,39.8,39.81,0.115326,0.004902,0.0,42
1,1,1,0,1,0,1,1,0,0,0,0,2,15,3,akiyo_cif.y4m,12.02,12.02,0.033166,0.004495,0.0,204
1,0,1,1,0,0,1,0,0,1,0,1,2,15,6,akiyo_cif.y4m,444.91,444.686,0.382204,0.00472,0.0,145
1,0,1,0,1,0,0,0,0,0,0,0,2,0,3,akiyo_cif.y4m,9.84,9.838,0.07791,0.004844,0.0,246
1,1,1,1,0,0,0,1,0,0,1,1,8,0,0,akiyo_cif.y4m,430.01,430.19,0.382557,0.004668,0.0,202
1,1,1,0,1,0,0,1,0,1,0,0,2,5,3,akiyo_cif.y4m,11.67,11.69,0.04062,0.004651,0.0,70
1,0,1,0,1,0,0,0,0,0,1,0,1,5,3,akiyo_cif.y4m,9.89,9.896,0.027928,0.004844,0.0,230
1,0,1,0,1,0,1,0,0,0,0,0,4,15,6,akiyo_cif.y4m,12.06,12.066,0.037148,0.004721,0.0,267
1,1,1,1,0,0,1,1,0,0,0,1,8,5,3,akiyo_cif.y4m,467.97,468.058,0.334171,0.004538,0.0,146
1,0,1,0,1,0,1,0,0,0,0,1,2,15,0,akiyo_cif.y4m,12.13,12.12,0.03,0.004729,0.0,27
1,0,1,0,1,0,1,0,0,0,1,1,8,0,3,akiyo_cif.y4m,12.12,12.122,0.014832,0.004729,0.0,137
1,1,1,1,0,0,0,1,0,0,1,1,2,15,0,akiyo_cif.y4m,452.35,452.356,0.437184,0.004664,0.0,189
1,1,1,0,1,0,1,1,0,1,0,0,4,15,0,akiyo_cif.y4m,12.45,12.464,0.091542,0.004557,0.0,132
1,1,1,1,0,0,0,0,1,1,0,1,8,0,0,akiyo_cif.y4m,408.96,408.87,0.210832,0.00445,0.0,169
1,0,1,0,0,1,0,0,0,0,0,0,1,5,6,akiyo_cif.y4m,39.8,39.798,0.166793,0.004902,0.0,33
1,0,1,1,0,0,0,0,0,0,1,1,8,15,0,akiyo_cif.y4m,451.08,451.11,0.230434,0.004786,0.0,205
1,0,1,1,0,0,0,0,0,1,0,1,2,0,0,akiyo_cif.y4m,450.76,450.798,0.194859,0.004786,0.0,245
1,1,1,0,1,0,1,1,0,0,1,1,1,15,0,akiyo_cif.y4m,12.38,12.376,0.005477,0.004571,0.0,298
1,0,1,1,0,0,1,0,0,1,1,0,2,5,6,akiyo_cif.y4m,445.23,445.4,0.69365,0.00473,0.0,163
1,1,1,1,0,0,0,1,0,0,0,0,1,5,0,akiyo_cif.y4m,445.29,445.24,0.209523,0.00466,0.0,123
1,0,1,0,0,1,1,0,0,1,0,0,4,15,0,akiyo_cif.y4m,40.16,40.216,0.105024,0.004731,0.0,4
1,0,1,0,0,1,1,0,0,1,1,0,8,5,6,akiyo_cif.y4m,40.3,40.352,0.195115,0.004731,0.0,141
1,1,1,0,1,0,0,1,0,1,0,0,8,5,6,akiyo_cif.y4m,11.49,11.502,0.032711,0.004628,0.0,129
1,1,1,0,1,0,1,1,0,1,1,0,4,5,3,akiyo_cif.y4m,12.19,12.178,0.034205,0.004457,0.0,159
1,0,1,0,0,1,1,0,0,1,0,0,1,0,0,akiyo_cif.y4m,40.36,40.366,0.063087,0.004731,0.0,22
1,0,1,0,0,1,0,0,0,1,0,1,2,0,6,akiyo_cif.y4m,39.68,39.7,0.16171,0.004906,0.0,175
1,1,1,1,0,0,0,1,0,1,1,1,8,5,6,akiyo_cif.y4m,444.3,444.448,0.39714,0.004624,0.0,151
1,1,1,0,1,0,0,1,0,0,1,0,2,5,0,akiyo_cif.y4m,11.89,11.904,0.040373,0.004662,0.0,52
1,0,1,0,0,1,0,0,0,0,0,1,4,0,3,akiyo_cif.y4m,39.84,39.826,0.126412,0.004906,0.0,108
1,0,1,0,1,0,1,0,0,0,0,1,8,15,0,akiyo_cif.y4m,12.15,12.126,0.041593,0.004729,0.0,72
1,0,1,1,0,0,1,0,0,1,1,0,8,0,6,akiyo_cif.y4m,443.11,443.056,0.230716,0.00473,0.0,248
1,1,1,1,0,0,1,1,0,1,1,0,8,5,6,akiyo_cif.y4m,471.49,471.566,0.229848,0.004491,0.0,174
1,0,1,1,0,0,1,0,0,1,1,1,8,0,3,akiyo_cif.y4m,444.53,444.626,0.174728,0.00472,0.0,130
1,1,1,0,1,0,1,1,0,1,1,1,8,15,0,akiyo_cif.y4m,12.24,12.232,0.025884,0.004571,0.0,168
1,0,1,0,0,1,1,0,0,1,0,1,8,0,6,akiyo_cif.y4m,39.87,39.936,0.138672,0.004741,0.0,198
1,0,1,0,0,1,1,0,0,1,1,0,1,0,3,akiyo_cif.y4m,40.35,40.424,0.142583,0.004731,0.0,83
1,1,1,1,0,0,1,1,0,0,1,0,1,0,3,akiyo_cif.y4m,449.4,449.532,0.337891,0.004534,0.0,291
1,0,1,0,1,0,0,0,0,1,1,0,1,0,6,akiyo_cif.y4m,9.89,9.898,0.027749,0.004844,0.0,237
1,0,1,0,0,1,0,0,0,1,1,1,2,15,3,akiyo_cif.y4m,39.73,39.692,0.106864,0.004906,0.0,90
1,1,1,1,0,0,1,1,0,0,0,1,1,15,0,akiyo_cif.y4m,467.05,466.976,0.183248,0.004559,0.0,87
1,0,1,1,0,0,1,0,0,1,0,0,1,5,0,akiyo_cif.y4m,442.81,442.878,0.288565,0.00473,0.0,74
1,0,1,0,0,1,0,0,0,1,0,0,2,0,3,akiyo_cif.y4m,39.95,39.936,0.092358,0.004902,0.0,201
1,0,1,0,1,0,0,0,0,1,0,1,1,0,0,akiyo_cif.y4m,9.94,9.954,0.038471,0.004858,0.0,183
1,0,1,1,0,0,0,0,0,0,0,0,4,0,6,akiyo_cif.y4m,445.48,445.484,0.165167,0.004857,0.0,227
1,1,1,0,1,0,1,1,0,0,0,0,1,15,6,akiyo_cif.y4m,11.98,11.992,0.060992,0.00446,0.0,222
1,0,1,0,0,1,0,0,0,0,1,0,8,0,6,akiyo_cif.y4m,39.36,39.382,0.140071,0.004902,0.0,55
1,0,1,1,0,0,0,0,0,0,1,1,2,5,0,akiyo_cif.y4m,451.04,450.888,0.303595,0.004786,0.0,142
1,0,1,1,0,0,1,0,0,1,0,1,1,5,6,akiyo_cif.y4m,444.51,444.434,0.176153,0.00472,0.0,124
1,0,1,1,0,0,1,0,0,0,0,0,8,0,0,akiyo_cif.y4m,445.21,445.124,0.415066,0.00473,0.0,95
1,0,1,1,0,0,1,0,0,1,0,0,2,15,0,akiyo_cif.y4m,445.16,445.186,0.149599,0.00473,0.0,241
1,0,1,0,1,0,0,0,0,0,1,1,1,5,3,akiyo_cif.y4m,9.84,9.814,0.050299,0.004858,0.0,289
1,0,1,1,0,0,1,0,0,1,1,0,1,5,0,akiyo_cif.y4m,445.03,445.448,0.658802,0.00473,0.0,278
1,1,1,0,1,0,0,1,0,1,1,0,1,0,6,akiyo_cif.y4m,12.21,12.196,0.033615,0.004671,0.0,176
1,0,1,0,0,1,1,0,0,0,1,0,8,5,0,akiyo_cif.y4m,40.44,40.398,0.110318,0.004731,0.0,122
1,0,1,0,0,1,0,0,0,0,1,0,4,0,6,akiyo_cif.y4m,39.26,39.308,0.143944,0.004902,0.0,30
1,1,1,0,1,0,0,1,0,0,0,0,2,0,6,akiyo_cif.y4m,12.08,12.076,0.0251,0.004671,0.0,251
1,0,1,1,0,0,0,0,0,0,0,1,1,0,0,akiyo_cif.y4m,448.66,448.684,0.205864,0.004786,0.0,120
1,0,1,1,0,0,0,0,0,0,0,1,2,15,6,akiyo_cif.y4m,451.12,451.144,0.55568,0.004786,0.0,144
1,0,1,0,1,0,1,0,0,0,0,0,1,0,3,akiyo_cif.y4m,12.1,12.112,0.05933,0.004721,0.0,265
1,1,1,0,1,0,0,1,0,0,1,0,2,0,6,akiyo_cif.y4m,12.21,12.192,0.046583,0.004671,0.0,260
1,1,1,0,1,0,0,1,0,0,0,1,1,0,3,akiyo_cif.y4m,12.34,12.358,0.030332,0.004668,0.0,78
1,0,1,0,1,0,0,0,0,0,1,1,8,15,3,akiyo_cif.y4m,9.82,9.828,0.025884,0.004858,0.0,84
1,0,1,1,0,0,1,0,0,1,0,0,4,15,3,akiyo_cif.y4m,443.16,443.206,0.161338,0.00473,0.0,296
1,0,1,0,0,1,0,0,0,0,0,1,2,5,6,akiyo_cif.y4m,39.76,39.722,0.146014,0.004906,0.0,232
1,0,1,0,0,1,1,0,0,0,1,0,4,15,6,akiyo_cif.y4m,39.89,39.876,0.143805,0.004731,0.0,213
1,1,1,0,1,0,0,1,0,0,1,1,8,15,3,akiyo_cif.y4m,11.48,11.486,0.040373,0.00463,0.0,94
1,0,1,0,1,0,0,0,0,0,1,1,1,5,0,akiyo_cif.y4m,9.92,9.924,0.020736,0.004858,0.0,178
1,0,1,1,0,0,1,0,0,1,0,0,4,0,0,akiyo_cif.y4m,444.97,445.02,0.201246,0.00473,0.0,127
1,1,1,0,1,0,1,1,0,0,1,0,8,5,6,akiyo_cif.y4m,11.94,11.932,0.034205,0.004497,0.0,111
1,0,1,0,1,0,0,0,0,0,0,1,1,0,6,akiyo_cif.y4m,9.93,9.926,0.041593,0.004858,0.0,92
1,1,1,1,0,0,0,1,0,0,1,0,8,15,6,akiyo_cif.y4m,444.9,444.85,0.355598,0.004595,0.0,54
1,0,1,0,0,1,0,0,0,0,0,1,2,15,0,akiyo_cif.y4m,39.73,39.696,0.090719,0.004906,0.0,45
1,0,1,1,0,0,0,0,0,1,0,0,4,0,6,akiyo_cif.y4m,447.6,447.644,0.263116,0.004857,0.0,226
1,1,1,1,0,0,1,1,0,1,0,0,8,5,0,akiyo_cif.y4m,472.24,472.338,0.314992,0.004555,0.0,200
1,0,1,0,0,1,1,0,0,1,0,1,8,5,6,akiyo_cif.y4m,40.37,40.334,0.120333,0.004741,0.0,59
1,1,1,0,1,0,1,0,1,0,0,1,2,0,0,akiyo_cif.y4m,10.18,10.182,0.040249,0.004313,0.0,19
1,1,1,1,0,0,0,1,0,1,0,0,2,15,0,akiyo_cif.y4m,446.62,446.678,0.24974,0.004656,0.0,47
1,1,1,0,1,0,1,1,0,0,0,1,4,5,6,akiyo_cif.y4m,11.92,11.92,0.012247,0.004508,0.0,32
1,1,1,0,1,0,0,1,0,1,0,0,1,5,6,akiyo_cif.y4m,11.39,11.384,0.043359,0.004628,0.0,170
1,0,1,0,0,1,0,0,0,1,1,0,1,15,0,akiyo_cif.y4m,39.48,39.47,0.071764,0.004902,0.0,270
1,0,1,1,0,0,1,0,0,1,0,1,4,15,6,akiyo_cif.y4m,444.68,444.63,0.242178,0.00472,0.0,207
1,1,1,0,1,0,0,1,0,1,1,1,1,5,6,akiyo_cif.y4m,11.57,11.572,0.044385,0.004639,0.0,43
1,0,1,0,1,0,1,0,0,0,1,1,1,0,3,akiyo_cif.y4m,12.07,12.084,0.064653,0.004729,0.0,40
1,1,1,0,1,0,0,1,0,0,1,1,1,5,3,akiyo_cif.y4m,11.96,11.958,0.033466,0.004659,0.0,117
1,0,1,0,0,1,0,0,0,0,1,0,8,15,6,akiyo_cif.y4m,39.83,39.842,0.118828,0.004902,0.0,253
1,0,1,1,0,0,0,0,0,1,0,0,1,15,3,akiyo_cif.y4m,447.73,448.028,0.523708,0.004857,0.0,68
1,1,1,1,0,0,0,1,0,1,1,1,1,15,6,akiyo_cif.y4m,445.11,445.096,0.353384,0.004572,0.0,186
1,1,1,0,1,0,1,1,0,0,0,1,8,15,3,akiyo_cif.y4m,11.78,11.774,0.027928,0.004519,0.0,288
1,1,1,0,1,0,0,1,0,0,0,0,2,0,0,akiyo_cif.y4m,12.09,12.078,0.037014,0.004671,0.0,15
1,0,1,1,0,0,0,0,0,0,1,1,2,15,3,akiyo_cif.y4m,450.85,450.826,0.269035,0.004786,0.0,82
1,1,1,1,0,0,0,1,0,0,0,0,4,15,6,akiyo_cif.y4m,444.79,444.79,0.185338,0.004595,0.0,211
1,0,1,0,1,0,1,0,0,1,1,1,8,15,6,akiyo_cif.y4m,12.15,12.124,0.050299,0.004729,0.0,177
1,1,1,0,1,0,0,1,0,1,1,1,2,5,3,akiyo_cif.y4m,11.84,11.838,0.0249,0.004659,0.0,210
1,0,1,1,0,0,0,0,0,1,1,1,2,0,3,akiyo_cif.y4m,450.82,450.842,0.442854,0.004786,0.0,13
1,0,1,0,1,0,1,0,0,0,0,1,2,15,3,akiyo_cif.y4m,12.11,12.09,0.043012,0.004729,0.0,228
1,0,1,0,1,0,1,0,0,1,1,0,4,5,3,akiyo_cif.y4m,12.23,12.224,0.033615,0.004721,0.0,38
1,1,1,1,0,0,0,1,0,0,0,1,4,15,6,akiyo_cif.y4m,444.93,444.944,0.326925,0.004572,0.0,29
1,1,1,1,0,0,1,0,1,1,0,0,8,0,0,akiyo_cif.y4m,421.07,421.05,0.231084,0.004276,0.0,24
1,1,1,1,0,0,0,1,0,0,0,0,8,5,6,akiyo_cif.y4m,451.07,451.12,0.185472,0.004621,0.0,293
1,1,1,1,0,0,0,1,0,0,1,0,2,5,6,akiyo_cif.y4m,451.01,451.0,0.299833,0.004621,0.0,67
1,1,1,0,1,0,0,1,0,1,0,1,2,5,0,akiyo_cif.y4m,11.98,11.986,0.035777,0.004662,0.0,199
1,0,1,0,0,1,1,0,0,1,1,0,8,15,3,akiyo_cif.y4m,40.47,40.552,0.25499,0.004731,0.0,244
1,0,1,0,0,1,1,0,0,0,0,0,8,15,0,akiyo_cif.y4m,40.29,40.32,0.108167,0.004731,0.0,80
1,1,1,1,0,0,1,1,0,1,1,1,2,0,3,akiyo_cif.y4m,451.14,451.176,0.156621,0.004564,0.0,223
1,1,1,0,1,0,1,1,0,0,1,0,8,5,0,akiyo_cif.y4m,12.61,12.588,0.035637,0.004573,0.0,121
1,0,1,1,0,0,1,0,0,0,0,0,8,5,3,akiyo_cif.y4m,445.22,445.29,0.441135,0.00473,0.0,261
1,0,1,1,0,0,1,0,0,1,1,0,1,5,6,akiyo_cif.y4m,444.91,445.062,0.317679,0.00473,0.0,156
1,1,1,1,0,0,0,1,0,0,1,0,4,15,3,akiyo_cif.y4m,444.93,444.966,0.336942,0.004635,0.0,271
1,1,1,1,0,0,1,1,0,1,0,0,2,15,3,akiyo_cif.y4m,472.56,472.682,0.547467,0.004429,0.0,9
1,1,1,1,0,0,1,1,0,1,0,1,1,0,0,akiyo_cif.y4m,451.08,451.062,0.085557,0.004564,0.0,165
1,0,1,0,0,1,1,0,0,1,0,0,1,15,6,akiyo_cif.y4m,40.22,40.208,0.099348,0.004731,0.0,126
1,0,1,1,0,0,1,0,0,1,1,1,8,5,0,akiyo_cif.y4m,444.81,444.862,0.52756,0.00472,0.0,280
1,0,1,1,0,0,0,0,0,1,1,0,2,5,3,akiyo_cif.y4m,445.0,445.116,0.327765,0.004857,0.0,172
1,0,1,0,1,0,1,0,0,0,0,0,1,15,6,akiyo_cif.y4m,12.15,12.112,0.078549,0.004721,0.0,292
1,0,1,0,0,1,0,0,0,1,0,1,1,0,3,akiyo_cif.y4m,39.7,39.698,0.102078,0.004906,0.0,179
1,0,1,0,0,1,1,0,0,1,0,1,2,0,3,akiyo_cif.y4m,40.32,40.308,0.14856,0.004741,0.0,272
1,0,1,0,0,1,1,0,0,0,1,0,4,5,0,akiyo_cif.y4m,40.25,40.336,0.161648,0.004731,0.0,105
1,0,1,0,1,0,0,0,0,0,0,0,1,0,3,akiyo_cif.y4m,9.91,9.912,0.033466,0.004844,0.0,76
1,0,1,1,0,0,1,0,0,0,1,0,4,15,3,akiyo_cif.y4m,444.96,445.006,0.284921,0.00473,0.0,197
1,1,1,1,0,0,1,1,0,0,1,0,1,15,0,akiyo_cif.y4m,465.04,465.226,0.545555,0.004541,0.0,221
1,1,1,1,0,0,1,1,0,0,1,0,8,15,6,akiyo_cif.y4m,466.67,466.786,0.495661,0.004465,0.0,167
1,1,1,0,1,0,0,1,0,1,0,1,4,15,6,akiyo_cif.y4m,11.81,11.8,0.03,0.004603,0.0,136
1,1,1,1,0,0,0,1,0,1,0,1,8,15,6,akiyo_cif.y4m,445.11,445.126,0.300799,0.004572,0.0,243
1,0,1,0,1,0,0,0,0,1,0,1,8,15,6,akiyo_cif.y4m,9.93,9.918,0.021679,0.004858,0.0,60
1,0,1,1,0,0,0,0,0,1,0,1,2,0,6,akiyo_cif.y4m,450.57,450.692,0.389705,0.004786,0.0,110
1,1,1,1,0,0,1,1,0,1,0,0,1,15,6,akiyo_cif.y4m,467.03,466.956,0.45352,0.004465,0.0,35
1,0,1,1,0,0,1,0,0,0,1,1,2,5,6,akiyo_cif.y4m,444.85,445.012,0.577728,0.00472,0.0,235
1,0,1,1,0,0,0,0,0,1,0,0,1,0,3,akiyo_cif.y4m,447.58,447.53,0.329697,0.004857,0.0,44
1,1,1,0,1,0,1,1,0,0,1,0,4,15,3,akiyo_cif.y4m,12.01,12.014,0.036469,0.004495,0.0,256
1,0,1,0,0,1,0,0,0,0,1,1,8,0,0,akiyo_cif.y4m,39.86,39.876,0.153232,0.004906,0.0,192
1,0,1,0,1,0,0,0,0,0,1,1,2,0,0,akiyo_cif.y4m,9.95,9.946,0.011402,0.004858,0.0,41
1,0,1,1,0,0,0,0,0,0,1,0,4,5,0,akiyo_cif.y4m,447.65,447.714,0.190342,0.004857,0.0,37
1,0,1,0,0,1,0,0,0,0,0,0,4,5,0,akiyo_cif.y4m,39.67,39.678,0.086139,0.004902,0.0,26
1,1,1,1,0,0,0,1,0,0,0,0,1,0,3,akiyo_cif.y4m,428.08,427.98,0.316149,0.004668,0.0,273
1,1,1,1,0,0,1,1,0,0,0,1,1,5,6,akiyo_cif.y4m,465.29,465.34,0.426321,0.004503,0.0,233
1,1,1,0,1,0,1,1,0,0,1,1,8,0,0,akiyo_cif.y4m,12.89,12.878,0.023875,0.004579,0.0,101
1,0,1,1,0,0,0,0,0,0,0,1,2,5,3,akiyo_cif.y4m,448.79,448.732,0.120083,0.004786,0.0,39
1,1,1,0,1,0,0,1,0,0,0,1,1,15,0,akiyo_cif.y4m,11.76,11.766,0.02881,0.00466,0.0,106
1,1,1,0,1,0,0,0,1,1,0,0,1,0,0,akiyo_cif.y4m,9.94,9.932,0.029496,0.004448,0.0,242
1,1,1,1,0,0,1,1,0,0,1,0,2,15,0,akiyo_cif.y4m,465.03,464.996,0.216864,0.004541,0.0,193
1,0,1,0,1,0,1,0,0,0,1,0,1,15,6,akiyo_cif.y4m,12.25,12.252,0.019235,0.004721,0.0,103
1,1,1,0,1,0,0,1,0,1,1,1,8,5,6,akiyo_cif.y4m,11.69,11.682,0.048683,0.004639,0.0,1
1,0,1,1,0,0,0,0,0,1,1,1,1,0,0,akiyo_cif.y4m,451.12,450.996,0.264254,0.004786,0.0,61
1,1,1,1,0,0,0,0,1,0,0,0,2,0,0,akiyo_cif.y4m,410.96,410.996,0.109909,0.004426,0.0,56
1,1,1,0,1,0,0,1,0,0,1,0,8,15,3,akiyo_cif.y4m,11.38,11.386,0.019494,0.004617,0.0,148
1,0,1,0,1,0,0,0,0,1,0,1,2,5,0,akiyo_cif.y4m,9.95,9.932,0.029496,0.004858,0.0,112
1,0,1,0,1,0,1,0,0,0,1,0,8,15,3,akiyo_cif.y4m,12.2,12.21,0.02,0.004721,0.0,300
1,0,1,0,1,0,0,0,0,1,1,0,4,15,0,akiyo_cif.y4m,9.77,9.768,0.017889,0.004844,0.0,249
1,0,1,0,1,0,0,0,0,0,0,1,2,0,0,akiyo_cif.y4m,9.89,9.91,0.043012,0.004858,0.0,20
1,1,1,1,0,0,1,1,0,1,0,1,1,5,0,akiyo_cif.y4m,464.04,464.11,0.226385,0.004579,0.0,104
1,1,1,1,0,0,0,1,0,1,1,1,8,15,6,akiyo_cif.y4m,445.16,445.066,0.321838,0.004572,0.0,131
1,0,1,1,0,0,0,0,0,0,0,0,2,0,3,akiyo_cif.y4m,447.65,447.596,0.391063,0.004857,0.0,69
1,0,1,0,1,0,1,0,0,0,0,0,2,0,3,akiyo_cif.y4m,12.28,12.292,0.068702,0.004721,0.0,220
1,1,1,1,0,0,1,1,0,1,1,1,8,15,6,akiyo_cif.y4m,460.97,460.934,0.442527,0.004467,0.0,11
1,1,1,1,0,0,1,1,0,1,0,0,4,15,6,akiyo_cif.y4m,466.71,466.844,0.434085,0.004465,0.0,258
1,0,1,0,1,0,1,0,0,0,0,0,2,15,3,akiyo_cif.y4m,12.19,12.224,0.0498,0.004721,0.0,65
1,0,1,0,0,1,1,0,0,0,0,0,2,15,0,akiyo_cif.y4m,40.25,40.296,0.133529,0.004731,0.0,160
1,0,1,0,0,1,1,0,0,0,0,0,8,0,0,akiyo_cif.y4m,40.39,40.418,0.101833,0.004731,0.0,238
1,1,1,1,0,0,0,1,0,0,0,0,4,0,0,akiyo_cif.y4m,428.14,428.012,0.285079,0.004668,0.0,57
1,1,1,0,1,0,0,1,0,1,0,1,2,0,0,akiyo_cif.y4m,12.37,12.378,0.037683,0.004668,0.0,79
1,0,1,0,1,0,1,0,0,0,1,0,4,15,3,akiyo_cif.y4m,12.08,12.078,0.045497,0.004721,0.0,224
1,1,1,0,1,0,0,1,0,1,0,0,2,0,3,akiyo_cif.y4m,12.18,12.18,0.030822,0.004671,0.0,48
1,0,1,0,1,0,1,0,0,0,0,1,8,0,6,akiyo_cif.y4m,12.11,12.108,0.037014,0.004729,0.0,173
1,1,1,1,0,0,1,1,0,0,1,1,1,0,0,akiyo_cif.y4m,451.27,451.332,0.267058,0.004564,0.0,283
1,0,1,0,1,0,0,0,0,0,0,0,1,0,6,akiyo_cif.y4m,9.92,9.91,0.024495,0.004844,0.0,190
1,0,1,0,1,0,1,0,0,1,1,1,4,0,6,akiyo_cif.y4m,12.11,12.108,0.032711,0.004729,0.0,259
1,0,1,1,0,0,0,0,0,0,0,1,1,15,3,akiyo_cif.y4m,450.7,450.936,0.674707,0.004786,0.0,7
1,0,1,0,0,1,0,0,0,0,0,1,2,5,0,akiyo_cif.y4m,39.86,39.814,0.093434,0.004906,0.0,73
1,1,1,1,0,0,1,1,0,0,0,0,2,0,6,akiyo_cif.y4m,451.22,451.244,0.330348,0.004534,0.0,63
1,0,1,0,0,1,1,0,0,1,1,0,2,15,3,akiyo_cif.y4m,40.0,39.866,0.207316,0.004731,0.0,284
1,0,1,1,0,0,1,0,0,1,0,1,8,15,6,akiyo_cif.y4m,444.75,444.586,0.339308,0.00472,0.0,250
1,1,1,0,1,0,0,1,0,0,0,0,2,5,0,akiyo_cif.y4m,11.92,11.92,0.03937,0.004662,0.0,209
1,0,1,0,1,0,1,0,0,0,0,1,4,5,3,akiyo_cif.y4m,12.15,12.13,0.05244,0.004729,0.0,138
1,1,1,1,0,0,0,0,1,1,1,0,1,0,0,akiyo_cif.y4m,411.17,411.15,0.253673,0.004426,0.0,135
1,1,1,1,0,0,1,1,0,1,1,0,4,5,3,akiyo_cif.y4m,466.8,466.69,0.274591,0.004451,0.0,264
1,1,1,1,0,0,0,1,0,1,1,0,2,0,6,akiyo_cif.y4m,426.17,426.186,0.269685,0.004668,0.0,215
1,0,1,0,0,1,0,0,0,0,1,1,4,5,3,akiyo_cif.y4m,39.65,39.654,0.102372,0.004906,0.0,50
1,0,1,1,0,0,0,0,0,1,1,0,4,0,6,akiyo_cif.y4m,447.61,447.828,0.835835,0.004857,0.0,98
1,1,1,1,0,0,0,1,0,1,1,0,1,15,0,akiyo_cif.y4m,446.8,446.704,0.234585,0.004656,0.0,140
1,1,1,1,0,0,0,1,0,0,1,1,1,0,3,akiyo_cif.y4m,430.14,430.012,0.307278,0.004668,0.0,113
1,0,1,0,1,0,1,0,0,1,1,0,1,0,6,akiyo_cif.y4m,12.25,12.228,0.045497,0.004721,0.0,3
1,0,1,0,0,1,0,0,0,1,1,1,8,0,0,akiyo_cif.y4m,39.64,39.734,0.226119,0.004906,0.0,149
1,0,1,1,0,0,0,0,0,0,1,1,8,5,6,akiyo_cif.y4m,448.55,448.678,0.251635,0.004786,0.0,153
1,1,1,1,0,0,1,1,0,1,1,0,2,15,6,akiyo_cif.y4m,467.12,467.036,0.248455,0.004465,0.0,133
1,0,1,1,0,0,0,0,0,0,0,0,1,0,3,akiyo_cif.y4m,445.55,445.578,0.258592,0.004857,0.0,191
1,1,1,0,1,0,0,1,0,1,0,1,1,0,6,akiyo_cif.y4m,12.34,12.334,0.035071,0.004668,0.0,100
1,0,1,1,0,0,1,0,0,0,1,0,4,0,3,akiyo_cif.y4m,442.74,442.838,0.240458,0.00473,0.0,85
1,0,1,0,0,1,1,0,0,0,0,0,2,0,3,akiyo_cif.y4m,40.42,40.448,0.162234,0.004731,0.0,88
1,0,1,0,1,0,1,0,0,1,1,0,4,15,6,akiyo_cif.y4m,12.17,12.212,0.072938,0.004721,0.0,31
1,0,1,0,0,1,1,0,0,0,0,0,4,5,3,akiyo_cif.y4m,40.28,40.244,0.092898,0.004731,0.0,134
1,1,1,0,1,0,1,1,0,1,1,1,8,0,3,akiyo_cif.y4m,12.87,12.882,0.026833,0.004579,0.0,147
1,1,1,1,0,0,0,1,0,0,1,1,4,15,6,akiyo_cif.y4m,443.44,443.402,0.446397,0.004572,0.0,275
1,0,1,0,0,1,1,0,0,0,1,0,4,15,3,akiyo_cif.y4m,40.33,40.268,0.167839,0.004731,0.0,143
1,1,1,0,1,0,1,1,0,1,0,0,1,5,6,akiyo_cif.y4m,12.07,12.074,0.047749,0.004497,0.0,8
1,1,1,1,0,0,1,1,0,0,1,1,4,5,3,akiyo_cif.y4m,468.3,468.352,0.124579,0.004538,0.0,216
1,0,1,1,0,0,1,0,0,1,0,0,1,0,3,akiyo_cif.y4m,442.71,442.75,0.171464,0.00473,0.0,214
1,0,1,0,0,1,0,0,0,0,0,0,1,5,0,akiyo_cif.y4m,39.27,39.316,0.140285,0.004902,0.0,17
1,0,1,0,0,1,1,0,0,0,0,0,1,5,0,akiyo_cif.y4m,39.88,39.884,0.115239,0.004731,0.0,206
1,0,1,0,1,0,0,0,0,1,1,1,8,15,0,akiyo_cif.y4m,9.93,9.928,0.057619,0.004858,0.0,36
1,1,1,0,1,0,1,1,0,0,0,0,4,15,3,akiyo_cif.y4m,12.0,12.01,0.033912,0.004495,0.0,6
1,0,1,1,0,0,1,0,0,0,0,1,1,0,6,akiyo_cif.y4m,444.49,444.666,0.660212,0.00472,0.0,5
1,0,1,1,0,0,1,0,0,0,0,0,8,15,6,akiyo_cif.y4m,444.97,445.018,0.415355,0.00473,0.0,164
1,0,1,0,0,1,0,0,0,1,0,0,8,0,6,akiyo_cif.y4m,39.84,39.824,0.143805,0.004902,0.0,97
1,0,1,1,0,0,0,0,0,0,1,0,2,5,3,akiyo_cif.y4m,447.67,447.792,0.524709,0.004857,0.0,236
1,1,1,0,1,0,1,1,0,0,0,0,8,5,0,akiyo_cif.y4m,12.49,12.49,0.073824,0.004573,0.0,71
1,1,1,0,1,0,1,1,0,1,0,1,2,0,3,akiyo_cif.y4m,12.75,12.754,0.035777,0.004579,0.0,295
1,0,1,1,0,0,1,0,0,1,1,0,8,5,3,akiyo_cif.y4m,444.84,444.986,0.491203,0.00473,0.0,286
1,0,1,0,1,0,0,0,0,0,0,1,1,5,0,akiyo_cif.y4m,9.86,9.85,0.029155,0.004858,0.0,34
1,0,1,0,1,0,1,0,0,1,1,1,1,5,3,akiyo_cif.y4m,12.08,12.092,0.042071,0.004729,0.0,240
1,0,1,0,0,1,1,0,0,0,0,1,4,15,3,akiyo_cif.y4m,40.33,40.288,0.138094,0.004741,0.0,18
1,0,1,0,1,0,0,0,0,0,1,0,8,0,6,akiyo_cif.y4m,9.89,9.906,0.032863,0.004844,0.0,102
1,1,1,1,0,0,1,0,1,0,1,0,4,0,0,akiyo_cif.y4m,421.11,421.212,0.447515,0.004276,0.0,51
1,1,1,1,0,0,1,1,0,0,0,1,4,15,6,akiyo_cif.y4m,460.89,460.982,0.199675,0.004467,0.0,282
1,0,1,0,1,0,1,0,0,1,1,1,1,0,3,akiyo_cif.y4m,12.14,12.122,0.067231,0.004729,0.0,77
1,0,1,1,0,0,1,0,0,0,1,0,2,0,3,akiyo_cif.y4m,442.79,442.804,0.243372,0.00473,0.0,128
1,1,1,0,1,0,1,1,0,0,0,0,2,5,3,akiyo_cif.y4m,12.17,12.172,0.035637,0.004457,0.0,234
1,0,1,1,0,0,0,0,0,0,1,1,1,0,0,akiyo_cif.y4m,448.67,448.614,0.14519,0.004786,0.0,252
1,0,1,1,0,0,1,0,0,0,0,1,4,0,3,akiyo_cif.y4m,444.49,444.5,0.212838,0.00472,0.0,28
1,0,1,0,0,1,1,0,0,1,1,1,8,15,3,akiyo_cif.y4m,40.21,40.18,0.06,0.004741,0.0,139
1,0,1,0,0,1,0,0,0,0,0,1,1,5,0,akiyo_cif.y4m,39.87,39.87,0.085147,0.004906,0.0,158
1,1,1,0,1,0,1,1,0,1,0,1,8,5,3,akiyo_cif.y4m,11.87,11.868,0.032711,0.004537,0.0,152
1,0,1,1,0,0,1,0,0,1,0,0,2,0,6,akiyo_cif.y4m,442.73,442.902,0.350029,0.00473,0.0,12
1,1,1,0,1,0,0,1,0,0,0,1,4,15,3,akiyo_cif.y4m,11.36,11.352,0.023875,0.00463,0.0,294
1,1,1,0,1,0,0,1,0,0,0,1,8,15,3,akiyo_cif.y4m,11.32,11.332,0.031145,0.00463,0.0,154
1,1,1,1,0,0,0,1,0,1,0,0,2,15,6,akiyo_cif.y4m,443.11,443.118,0.23253,0.004595,0.0,157
1,0,1,1,0,0,1,0,0,1,1,1,2,0,3,akiyo_cif.y4m,444.83,444.8,0.310886,0.00472,0.0,150
1,1,1,0,1,0,1,1,0,0,1,0,8,0,6,akiyo_cif.y4m,12.77,12.758,0.037014,0.004523,0.0,287
1,0,1,0,1,0,0,0,0,1,1,0,1,0,3,akiyo_cif.y4m,9.92,9.914,0.034351,0.004844,0.0,297
1,0,1,0,0,1,0,0,0,1,1,0,8,15,0,akiyo_cif.y4m,39.92,39.89,0.146287,0.004902,0.0,263
1,1,1,0,1,0,0,1,0,1,1,1,1,5,3,akiyo_cif.y4m,11.98,11.976,0.0251,0.004659,0.0,255
1,0,1,1,0,0,0,0,0,1,1,0,8,15,3,akiyo_cif.y4m,447.79,447.712,0.261572,0.004857,0.0,115
1,0,1,0,0,1,1,0,0,1,0,1,4,15,3,akiyo_cif.y4m,40.39,40.402,0.044385,0.004741,0.0,188
1,0,1,0,0,1,1,0,0,0,0,1,8,0,6,akiyo_cif.y4m,39.79,39.778,0.146526,0.004741,0.0,212
1,0,1,1,0,0,1,0,0,0,0,1,1,15,3,akiyo_cif.y4m,444.58,444.584,0.186896,0.00472,0.0,195
1,0,1,0,1,0,0,0,0,0,1,1,2,15,0,akiyo_cif.y4m,9.91,9.918,0.031145,0.004858,0.0,119
1,0,1,1,0,0,0,0,0,1,0,1,4,15,0,akiyo_cif.y4m,451.08,451.06,0.228364,0.004786,0.0,58
1,0,1,0,1,0,1,0,0,1,0,1,4,0,6,akiyo_cif.y4m,12.13,12.128,0.022804,0.004729,0.0,277
1,0,1,0,1,0,1,0,0,0,1,1,4,5,6,akiyo_cif.y4m,12.09,12.078,0.038341,0.004729,0.0,64
1,1,1,0,1,0,1,1,0,1,0,0,2,0,0,akiyo_cif.y4m,12.93,12.932,0.040249,0.004523,0.0,285
1,1,1,0,1,0,1,1,0,1,0,0,4,0,0,akiyo_cif.y4m,12.71,12.738,0.044385,0.004523,0.0,290
1,0,1,1,0,0,0,0,0,1,0,1,8,5,6,akiyo_cif.y4m,450.93,451.062,0.373724,0.004786,0.0,196
1,1,1,1,0,0,1,0,1,1,1,1,1,0,0,akiyo_cif.y4m,419.58,419.728,0.450966,0.004301,0.0,93
1,0,1,1,0,0,1,0,0,0,1,1,4,5,6,akiyo_cif.y4m,444.72,444.646,0.264254,0.00472,0.0,299
1,0,1,1,0,0,0,0,0,1,0,0,2,5,0,akiyo_cif.y4m,447.55,447.464,0.26857,0.004857,0.0,125
1,1,1,0,1,0,0,1,0,1,0,1,2,15,6,akiyo_cif.y4m,11.77,11.784,0.035777,0.004603,0.0,21
1,0,1,0,1,0,0,0,0,1,0,1,2,0,0,akiyo_cif.y4m,9.85,9.822,0.038987,0.004858,0.0,225
1,0,1,0,1,0,0,0,0,1,0,0,2,5,0,bowing_cif.y4m,13.1,13.104,0.046152,0.004525,0.0,114
1,1,1,1,0,0,0,0,1,0,0,1,1,0,0,bowing_cif.y4m,526.64,526.696,0.239228,0.004763,0.0,281
1,1,1,1,0,0,0,1,0,1,1,0,2,5,0,bowing_cif.y4m,574.97,575.062,0.202781,0.004708,0.0,49
1,0,1,0,0,1,1,0,0,0,0,0,2,15,6,bowing_cif.y4m,46.02,46.148,0.198419,0.004735,0.0,194
1,0,1,1,0,0,0,0,0,0,0,0,2,0,6,bowing_cif.y4m,438.56,438.504,0.28962,0.004415,0.0,62
1,1,1,0,1,0,0,1,0,1,1,1,1,15,3,bowing_cif.y4m,19.55,19.564,0.069498,0.004712,0.0,91
1,0,1,0,0,1,1,0,0,0,0,0,4,0,6,bowing_cif.y4m,45.74,45.752,0.166643,0.004735,0.0,107
1,0,1,1,0,0,1,0,0,0,0,1,4,5,3,bowing_cif.y4m,482.58,482.64,0.147139,0.004626,0.0,181
1,0,1,0,1,0,1,0,0,0,0,0,4,5,0,bowing_cif.y4m,16.38,16.408,0.09094,0.004739,0.0,247
1,0,1,1,0,0,0,0,0,1,1,0,4,5,3,bowing_cif.y4m,438.44,438.42,0.104881,0.004415,0.0,166
1,0,1,0,0,1,0,0,0,0,1,1,4,0,0,bowing_cif.y4m,40.82,40.748,0.149231,0.004417,0.0,25
1,1,1,0,1,0,0,1,0,0,0,1,8,0,6,bowing_cif.y4m,19.02,18.994,0.069498,0.004723,0.0,203
1,1,1,1,0,0,1,1,0,1,1,1,4,5,6,bowing_cif.y4m,620.75,620.718,0.262812,0.004736,0.0,219
1,0,1,0,0,1,0,0,0,0,0,0,4,15,0,bowing_cif.y4m,40.68,40.736,0.153721,0.004394,0.0,162
1,0,1,1,0,0,1,0,0,0,1,0,4,15,6,bowing_cif.y4m,486.49,486.578,0.2251,0.004622,0.0,182
1,0,1,0,0,1,0,0,0,1,1,0,1,15,6,bowing_cif.y4m,40.73,40.782,0.107564,0.004394,0.0,10
1,1,1,1,0,0,1,1,0,1,1,1,2,15,0,bowing_cif.y4m,622.57,622.676,0.421936,0.004705,0.0,14
1,1,1,1,0,0,0,1,0,0,0,1,1,0,6,bowing_cif.y4m,551.78,551.788,0.074632,0.004706,0.0,89
1,1,1,1,0,0,0,1,0,1,1,1,1,5,0,bowing_cif.y4m,575.6,575.478,0.217532,0.004722,0.0,116
1,0,1,1,0,0,0,0,0,0,1,1,4,15,3,bowing_cif.y4m,437.22,437.218,0.064187,0.004423,0.0,217
1,1,1,0,1,0,0,1,0,0,1,0,1,0,0,bowing_cif.y4m,19.5,19.496,0.06269,0.004718,0.0,75
1,1,1,0,1,0,0,1,0,1,1,1,2,15,6,bowing_cif.y4m,19.48,19.468,0.065345,0.004714,0.0,266
1,0,1,1,0,0,1,0,0,0,1,1,4,15,3,bowing_cif.y4m,485.32,485.342,0.201792,0.004626,0.0,268
1,0,1,0,1,0,1,0,0,1,1,1,4,15,3,bowing_cif.y4m,16.45,16.474,0.065038,0.00472,0.0,187
1,0,1,0,0,1,1,0,0,0,1,0,8,15,3,bowing_cif.y4m,46.14,46.164,0.155338,0.004735,0.0,161
1,0,1,0,1,0,1,0,0,0,1,0,2,0,6,bowing_cif.y4m,16.36,16.368,0.041473,0.004739,0.0,23
1,1,1,1,0,0,0,1,0,1,1,0,2,5,6,bowing_cif.y4m,586.03,585.924,0.234265,0.004703,0.0,2
1,1,1,1,0,0,1,0,1,1,0,1,2,0,0,bowing_cif.y4m,567.71,567.75,0.167183,0.004586,0.0,16
1,0,1,1,0,0,0,0,0,1,1,1,8,15,0,bowing_cif.y4m,437.33,437.392,0.17427,0.004423,0.0,262
1,1,1,1,0,0,0,1,0,1,1,0,4,5,0,bowing_cif.y4m,575.14,575.542,0.98553,0.004708,0.0,66
1,0,1,1,0,0,0,0,0,1,0,0,2,0,0,bowing_cif.y4m,438.35,438.422,0.244377,0.004415,0.0,86
1,0,1,0,1,0,1,0,0,0,1,0,2,5,6,bowing_cif.y4m,16.2,16.194,0.055498,0.004739,0.0,231
1,0,1,0,1,0,0,0,0,0,0,0,4,5,0,bowing_cif.y4m,13.15,13.126,0.051769,0.004525,0.0,269
1,1,1,0,1,0,1,1,0,0,1,0,1,5,0,bowing_cif.y4m,20.31,20.328,0.10872,0.004822,0.0,180
1,0,1,0,0,1,0,0,0,0,1,0,4,5,6,bowing_cif.y4m,40.78,40.834,0.115239,0.004394,0.0,274
1,1,1,1,0,0,0,1,0,1,1,0,2,15,6,bowing_cif.y4m,591.93,591.984,0.24956,0.004708,0.0,184
1,0,1,0,0,1,1,0,0,0,0,1,4,5,0,bowing_cif.y4m,46.67,46.712,0.094181,0.00468,0.0,118
1,1,1,1,0,0,0,1,0,0,0,0,1,0,6,bowing_cif.y4m,557.57,558.15,0.865014,0.004703,0.0,254
1,0,1,1,0,0,1,0,0,0,1,1,4,5,0,bowing_cif.y4m,485.16,485.27,0.215291,0.004626,0.0,208
1,0,1,0,0,1,1,0,0,1,1,0,4,5,6,bowing_cif.y4m,46.26,46.19,0.190394,0.004735,0.0,279
1,1,1,1,0,0,0,1,0,0,1,1,4,15,3,bowing_cif.y4m,580.62,580.548,0.241806,0.004708,0.0,229
1,0,1,0,0,1,1,0,0,1,1,1,1,0,0,bowing_cif.y4m,46.52,46.572,0.243249,0.00468,0.0,46
1,0,1,0,0,1,0,0,0,1,1,1,4,5,6,bowing_cif.y4m,40.76,40.692,0.155467,0.004417,0.0,171
1,1,1,1,0,0,0,1,0,0,1,0,2,5,0,bowing_cif.y4m,575.52,575.632,0.705457,0.004708,0.0,99
1,0,1,0,0,1,0,0,0,0,0,0,8,0,0,bowing_cif.y4m,40.92,40.908,0.09094,0.004394,0.0,81
1,1,1,1,0,0,1,1,0,1,0,1,8,5,0,bowing_cif.y4m,620.08,620.248,0.405056,0.004751,0.0,155
1,0,1,0,1,0,0,0,0,1,0,1,1,15,6,bowing_cif.y4m,13.11,13.14,0.08544,0.004462,0.0,96
1,1,1,1,0,0,0,1,0,1,1,1,8,0,0,bowing_cif.y4m,554.97,554.948,0.102323,0.004706,0.0,218
1,1,1,1,0,0,1,1,0,1,1,0,8,0,6,bowing_cif.y4m,606.39,606.412,0.221292,0.004801,0.0,53
1,1,1,0,1,0,1,0,1,0,0,0,2,0,0,bowing_cif.y4m,18.99,19.01,0.090277,0.0046,0.0,109
1,0,1,0,1,0,0,0,0,0,1,0,4,5,6,bowing_cif.y4m,12.94,12.95,0.062048,0.004525,0.0,185
1,1,1,1,0,0,0,1,0,0,1,1,2,0,0,bowing_cif.y4m,555.1,555.21,0.594475,0.004706,0.0,239
1,0,1,1,0,0,0,0,0,0,0,1,2,0,0,bowing_cif.y4m,437.21,437.224,0.154208,0.004423,0.0,276
1,0,1,1,0,0,1,0,0,0,0,1,4,0,6,bowing_cif.y4m,485.5,485.452,0.202781,0.004626,0.0,257
1,0,1,0,0,1,0,0,0,1,1,0,1,5,0,bowing_cif.y4m,40.3,40.332,0.136638,0.004394,0.0,42
1,1,1,0,1,0,1,1,0,0,0,0,2,15,3,bowing_cif.y4m,20.93,20.918,0.050695,0.004701,0.0,204
1,0,1,1,0,0,1,0,0,1,0,1,2,15,6,bowing_cif.y4m,482.87,482.884,0.415608,0.004626,0.0,145
1,0,1,0,1,0,0,0,0,0,0,0,2,0,3,bowing_cif.y4m,13.11,13.112,0.058907,0.004525,0.0,246
1,1,1,1,0,0,0,1,0,0,1,1,8,0,0,bowing_cif.y4m,555.18,555.11,0.115974,0.004706,0.0,202
1,1,1,0,1,0,0,1,0,1,0,0,2,5,3,bowing_cif.y4m,19.65,19.634,0.080808,0.004714,0.0,70
1,0,1,0,1,0,0,0,0,0,1,0,1,5,3,bowing_cif.y4m,12.93,12.944,0.051769,0.004525,0.0,230
1,0,1,0,1,0,1,0,0,0,0,0,4,15,6,bowing_cif.y4m,16.43,16.414,0.072319,0.004739,0.0,267
1,1,1,1,0,0,1,1,0,0,0,1,8,5,3,bowing_cif.y4m,616.16,616.15,0.277849,0.004723,0.0,146
1,0,1,0,1,0,1,0,0,0,0,1,2,15,0,bowing_cif.y4m,16.45,16.454,0.045607,0.00472,0.0,27
1,0,1,0,1,0,1,0,0,0,1,1,8,0,3,bowing_cif.y4m,16.46,16.466,0.027019,0.00472,0.0,137
1,1,1,1,0,0,0,1,0,0,1,1,2,15,0,bowing_cif.y4m,601.03,601.04,0.369527,0.00471,0.0,189
1,1,1,0,1,0,1,1,0,1,0,0,4,15,0,bowing_cif.y4m,20.69,20.652,0.078867,0.004723,0.0,132
1,1,1,1,0,0,0,0,1,1,0,1,8,0,0,bowing_cif.y4m,526.57,526.47,0.159374,0.004763,0.0,169
1,0,1,0,0,1,0,0,0,0,0,0,1,5,6,bowing_cif.y4m,40.73,40.75,0.06442,0.004394,0.0,33
1,0,1,1,0,0,0,0,0,0,1,1,8,15,0,bowing_cif.y4m,437.56,437.498,0.209213,0.004423,0.0,205
1,0,1,1,0,0,0,0,0,1,0,1,2,0,0,bowing_cif.y4m,437.58,437.534,0.175727,0.004423,0.0,245
1,1,1,0,1,0,1,1,0,0,1,1,1,15,0,bowing_cif.y4m,20.23,20.24,0.05099,0.004732,0.0,298
1,0,1,1,0,0,1,0,0,1,1,0,2,5,6,bowing_cif.y4m,486.54,486.616,0.333362,0.004622,0.0,163
1,1,1,1,0,0,0,1,0,0,0,0,1,5,0,bowing_cif.y4m,575.26,575.236,0.228539,0.004708,0.0,123
1,0,1,0,0,1,1,0,0,1,0,0,4,15,0,bowing_cif.y4m,45.65,45.622,0.133679,0.004735,0.0,4
1,0,1,0,0,1,1,0,0,1,1,0,8,5,6,bowing_cif.y4m,45.54,45.606,0.229412,0.004735,0.0,141
1,1,1,0,1,0,0,1,0,1,0,0,8,5,6,bowing_cif.y4m,19.43,19.404,0.079246,0.00473,0.0,129
1,1,1,0,1,0,1,1,0,1,1,0,4,5,3,bowing_cif.y4m,19.92,19.914,0.057271,0.004786,0.0,159
1,0,1,0,0,1,1,0,0,1,0,0,1,0,0,bowing_cif.y4m,46.07,46.066,0.060249,0.004735,0.0,22
1,0,1,0,0,1,0,0,0,1,0,1,2,0,6,bowing_cif.y4m,40.08,40.148,0.153525,0.004417,0.0,175
1,1,1,1,0,0,0,1,0,1,1,1,8,5,6,bowing_cif.y4m,584.99,585.232,0.855085,0.004727,0.0,151
1,1,1,0,1,0,0,1,0,0,1,0,2,5,0,bowing_cif.y4m,19.14,19.162,0.044944,0.004731,0.0,52
1,0,1,0,0,1,0,0,0,0,0,1,4,0,3,bowing_cif.y4m,40.61,40.616,0.129923,0.004417,0.0,108
1,0,1,0,1,0,1,0,0,0,0,1,8,15,0,bowing_cif.y4m,16.48,16.464,0.06269,0.00472,0.0,72
1,0,1,1,0,0,1,0,0,1,1,0,8,0,6,bowing_cif.y4m,486.61,486.538,0.278514,0.004622,0.0,248
1,1,1,1,0,0,1,1,0,1,1,0,8,5,6,bowing_cif.y4m,626.72,626.74,0.191311,0.004704,0.0,174
1,0,1,1,0,0,1,0,0,1,1,1,8,0,3,bowing_cif.y4m,485.33,485.288,0.106864,0.004626,0.0,130
1,1,1,0,1,0,1,1,0,1,1,1,8,15,0,bowing_cif.y4m,20.3,20.282,0.067602,0.004732,0.0,168
1,0,1,0,0,1,1,0,0,1,0,1,8,0,6,bowing_cif.y4m,46.6,46.602,0.130843,0.00468,0.0,198
1,0,1,0,0,1,1,0,0,1,1,0,1,0,3,bowing_cif.y4m,45.64,45.638,0.116919,0.004735,0.0,83
1,1,1,1,0,0,1,1,0,0,1,0,1,0,3,bowing_cif.y4m,606.21,606.246,0.31469,0.004801,0.0,291
1,0,1,0,1,0,0,0,0,1,1,0,1,0,6,bowing_cif.y4m,13.09,13.09,0.084558,0.004525,0.0,237
1,0,1,0,0,1,0,0,0,1,1,1,2,15,3,bowing_cif.y4m,40.7,40.686,0.120955,0.004417,0.0,90
1,1,1,1,0,0,1,1,0,0,0,1,1,15,0,bowing_cif.y4m,622.83,622.782,0.192536,0.004705,0.0,87
1,0,1,1,0,0,1,0,0,1,0,0,1,5,0,bowing_cif.y4m,486.68,486.676,0.212203,0.004622,0.0,74
1,0,1,0,0,1,0,0,0,1,0,0,2,0,3,bowing_cif.y4m,40.87,40.862,0.182126,0.004394,0.0,201
1,0,1,0,1,0,0,0,0,1,0,1,1,0,0,bowing_cif.y4m,12.94,12.944,0.052249,0.004462,0.0,183
1,0,1,1,0,0,0,0,0,0,0,0,4,0,6,bowing_cif.y4m,438.4,438.436,0.097622,0.004415,0.0,227
1,1,1,0,1,0,1,1,0,0,0,0,1,15,6,bowing_cif.y4m,19.99,19.95,0.073485,0.004816,0.0,222
1,0,1,0,0,1,0,0,0,0,1,0,8,0,6,bowing_cif.y4m,40.91,40.912,0.07791,0.004394,0.0,55
1,0,1,1,0,0,0,0,0,0,1,1,2,5,0,bowing_cif.y4m,437.29,437.368,0.182675,0.004423,0.0,142
1,0,1,1,0,0,1,0,0,1,0,1,1,5,6,bowing_cif.y4m,485.27,485.604,0.774584,0.004626,0.0,124
1,0,1,1,0,0,1,0,0,0,0,0,8,0,0,bowing_cif.y4m,483.85,483.798,0.163003,0.004622,0.0,95
1,0,1,1,0,0,1,0,0,1,0,0,2,15,0,bowing_cif.y4m,486.59,486.55,0.170441,0.004622,0.0,241
1,0,1,0,1,0,0,0,0,0,1,1,1,5,3,bowing_cif.y4m,13.14,13.128,0.0502,0.004462,0.0,289
1,0,1,1,0,0,1,0,0,1,1,0,1,5,0,bowing_cif.y4m,483.72,483.732,0.089833,0.004622,0.0,278
1,1,1,0,1,0,0,1,0,1,1,0,1,0,6,bowing_cif.y4m,19.41,19.428,0.090111,0.004718,0.0,176
1,0,1,0,0,1,1,0,0,0,1,0,8,5,0,bowing_cif.y4m,46.42,46.424,0.094499,0.004735,0.0,122
1,0,1,0,0,1,0,0,0,0,1,0,4,0,6,bowing_cif.y4m,40.85,40.862,0.12853,0.004394,0.0,30
1,1,1,0,1,0,0,1,0,0,0,0,2,0,6,bowing_cif.y4m,19.42,19.426,0.065803,0.004718,0.0,251
1,0,1,1,0,0,0,0,0,0,0,1,1,0,0,bowing_cif.y4m,437.21,437.19,0.293939,0.004423,0.0,120
1,0,1,1,0,0,0,0,0,0,0,1,2,15,6,bowing_cif.y4m,435.28,435.168,0.302605,0.004423,0.0,144
1,0,1,0,1,0,1,0,0,0,0,0,1,0,3,bowing_cif.y4m,16.35,16.39,0.054772,0.004739,0.0,265
1,1,1,0,1,0,0,1,0,0,1,0,2,0,6,bowing_cif.y4m,19.46,19.472,0.069065,0.004718,0.0,260
1,1,1,0,1,0,0,1,0,0,0,1,1,0,3,bowing_cif.y4m,19.02,19.02,0.051478,0.004723,0.0,78
1,0,1,0,1,0,0,0,0,0,1,1,8,15,3,bowing_cif.y4m,13.08,13.088,0.031937,0.004462,0.0,84
1,0,1,1,0,0,1,0,0,1,0,0,4,15,3,bowing_cif.y4m,486.42,486.568,0.360097,0.004622,0.0,296
1,0,1,0,0,1,0,0,0,0,0,1,2,5,6,bowing_cif.y4m,40.66,40.634,0.184743,0.004417,0.0,232
1,0,1,0,0,1,1,0,0,0,1,0,4,15,6,bowing_cif.y4m,45.56,45.504,0.135573,0.004735,0.0,213
1,1,1,0,1,0,0,1,0,0,1,1,8,15,3,bowing_cif.y4m,19.36,19.372,0.09094,0.004712,0.0,94
1,0,1,0,1,0,0,0,0,0,1,1,1,5,0,bowing_cif.y4m,12.96,12.96,0.024495,0.004462,0.0,178
1,0,1,1,0,0,1,0,0,1,0,0,4,0,0,bowing_cif.y4m,486.39,486.356,0.215476,0.004622,0.0,127
1,1,1,0,1,0,1,1,0,0,1,0,8,5,6,bowing_cif.y4m,19.86,19.862,0.08438,0.004758,0.0,111
1,0,1,0,1,0,0,0,0,0,0,1,1,0,6,bowing_cif.y4m,13.11,13.108,0.041473,0.004462,0.0,92
1,1,1,1,0,0,0,1,0,0,1,0,8,15,6,bowing_cif.y4m,592.12,592.008,0.23658,0.004708,0.0,54
1,0,1,0,0,1,0,0,0,0,0,1,2,15,0,bowing_cif.y4m,40.64,40.65,0.132853,0.004417,0.0,45
1,0,1,1,0,0,0,0,0,1,0,0,4,0,6,bowing_cif.y4m,438.55,438.604,0.255304,0.004415,0.0,226
1,1,1,1,0,0,1,1,0,1,0,0,8,5,0,bowing_cif.y4m,622.46,622.394,0.167272,0.004721,0.0,200
1,0,1,0,0,1,1,0,0,1,0,1,8,5,6,bowing_cif.y4m,46.68,46.668,0.129112,0.00468,0.0,59
1,1,1,0,1,0,1,0,1,0,0,1,2,0,0,bowing_cif.y4m,18.98,19.0,0.068191,0.004598,0.0,19
1,1,1,1,0,0,0,1,0,1,0,0,2,15,0,bowing_cif.y4m,598.89,599.168,0.895249,0.004712,0.0,47
1,1,1,0,1,0,1,1,0,0,0,1,4,5,6,bowing_cif.y4m,20.44,20.442,0.073959,0.004751,0.0,32
1,1,1,0,1,0,0,1,0,1,0,0,1,5,6,bowing_cif.y4m,19.38,19.372,0.023875,0.00473,0.0,170
1,0,1,0,0,1,0,0,0,1,1,0,1,15,0,bowing_cif.y4m,40.81,40.808,0.089833,0.004394,0.0,270
1,0,1,1,0,0,1,0,0,1,0,1,4,15,6,bowing_cif.y4m,485.55,485.82,0.751332,0.004626,0.0,207
1,1,1,0,1,0,0,1,0,1,1,1,1,5,6,bowing_cif.y4m,19.2,19.19,0.04899,0.00475,0.0,43
1,0,1,0,1,0,1,0,0,0,1,1,1,0,3,bowing_cif.y4m,16.48,16.46,0.062849,0.00472,0.0,40
1,1,1,0,1,0,0,1,0,0,1,1,1,5,3,bowing_cif.y4m,19.07,19.096,0.089051,0.004714,0.0,117
1,0,1,0,0,1,0,0,0,0,1,0,8,15,6,bowing_cif.y4m,40.89,40.918,0.175129,0.004394,0.0,253
1,0,1,1,0,0,0,0,0,1,0,0,1,15,3,bowing_cif.y4m,436.1,436.132,0.177961,0.004415,0.0,68
1,1,1,1,0,0,0,1,0,1,1,1,1,15,6,bowing_cif.y4m,596.17,596.324,0.42424,0.004709,0.0,186
1,1,1,0,1,0,1,1,0,0,0,1,8,15,3,bowing_cif.y4m,19.47,19.482,0.069065,0.004812,0.0,288
1,1,1,0,1,0,0,1,0,0,0,0,2,0,0,bowing_cif.y4m,19.46,19.454,0.071972,0.004718,0.0,15
1,0,1,1,0,0,0,0,0,0,1,1,2,15,3,bowing_cif.y4m,437.46,437.434,0.142232,0.004423,0.0,82
1,1,1,1,0,0,0,1,0,0,0,0,4,15,6,bowing_cif.y4m,592.06,592.126,0.234585,0.004708,0.0,211
1,0,1,0,1,0,1,0,0,1,1,1,8,15,6,bowing_cif.y4m,16.52,16.49,0.08124,0.00472,0.0,177
1,1,1,0,1,0,0,1,0,1,1,1,2,5,3,bowing_cif.y4m,18.92,18.922,0.08438,0.004714,0.0,210
1,0,1,1,0,0,0,0,0,1,1,1,2,0,3,bowing_cif.y4m,437.54,437.444,0.215708,0.004423,0.0,13
1,0,1,0,1,0,1,0,0,0,0,1,2,15,3,bowing_cif.y4m,16.3,16.254,0.07893,0.00472,0.0,228
1,0,1,0,1,0,1,0,0,1,1,0,4,5,3,bowing_cif.y4m,16.24,16.232,0.071903,0.004739,0.0,38
1,1,1,1,0,0,0,1,0,0,0,1,4,15,6,bowing_cif.y4m,599.26,599.28,0.212132,0.004709,0.0,29
1,1,1,1,0,0,1,0,1,1,0,0,8,0,0,bowing_cif.y4m,565.58,565.542,0.113225,0.004571,0.0,24
1,1,1,1,0,0,0,1,0,0,0,0,8,5,6,bowing_cif.y4m,588.75,588.842,0.224433,0.004703,0.0,293
1,1,1,1,0,0,0,1,0,0,1,0,2,5,6,bowing_cif.y4m,588.78,588.822,0.216726,0.004703,0.0,67
1,1,1,0,1,0,0,1,0,1,0,1,2,5,0,bowing_cif.y4m,19.3,19.3,0.018708,0.004713,0.0,199
1,0,1,0,0,1,1,0,0,1,1,0,8,15,3,bowing_cif.y4m,46.16,46.182,0.138816,0.004735,0.0,244
1,0,1,0,0,1,1,0,0,0,0,0,8,15,0,bowing_cif.y4m,46.29,46.232,0.16331,0.004735,0.0,80
1,1,1,1,0,0,1,1,0,1,1,1,2,0,3,bowing_cif.y4m,605.25,605.242,0.169174,0.004808,0.0,223
1,1,1,0,1,0,1,1,0,0,1,0,8,5,0,bowing_cif.y4m,20.31,20.318,0.098336,0.004822,0.0,121
1,0,1,1,0,0,1,0,0,0,0,0,8,5,3,bowing_cif.y4m,486.45,486.478,0.093113,0.004622,0.0,261
1,0,1,1,0,0,1,0,0,1,1,0,1,5,6,bowing_cif.y4m,486.42,486.404,0.154693,0.004622,0.0,156
1,1,1,1,0,0,0,1,0,0,1,0,4,15,3,bowing_cif.y4m,590.76,590.782,0.243557,0.004706,0.0,271
1,1,1,1,0,0,1,1,0,1,0,0,2,15,3,bowing_cif.y4m,614.76,614.792,0.194216,0.004702,0.0,9
1,1,1,1,0,0,1,1,0,1,0,1,1,0,0,bowing_cif.y4m,605.22,605.37,0.267395,0.004808,0.0,165
1,0,1,0,0,1,1,0,0,1,0,0,1,15,6,bowing_cif.y4m,46.13,46.166,0.139392,0.004735,0.0,126
1,0,1,1,0,0,1,0,0,1,1,1,8,5,0,bowing_cif.y4m,485.42,485.716,0.66214,0.004626,0.0,280
1,0,1,1,0,0,0,0,0,1,1,0,2,5,3,bowing_cif.y4m,436.15,436.214,0.16334,0.004415,0.0,172
1,0,1,0,1,0,1,0,0,0,0,0,1,15,6,bowing_cif.y4m,16.35,16.368,0.089275,0.004739,0.0,292
1,0,1,0,0,1,0,0,0,1,0,1,1,0,3,bowing_cif.y4m,40.12,40.14,0.116619,0.004417,0.0,179
1,0,1,0,0,1,1,0,0,1,0,1,2,0,3,bowing_cif.y4m,46.47,46.49,0.102225,0.00468,0.0,272
1,0,1,0,0,1,1,0,0,0,1,0,4,5,0,bowing_cif.y4m,46.12,46.1,0.126689,0.004735,0.0,105
1,0,1,0,1,0,0,0,0,0,0,0,1,0,3,bowing_cif.y4m,13.17,13.144,0.051284,0.004525,0.0,76
1,0,1,1,0,0,1,0,0,0,1,0,4,15,3,bowing_cif.y4m,486.29,486.35,0.175642,0.004622,0.0,197
1,1,1,1,0,0,1,1,0,0,1,0,1,15,0,bowing_cif.y4m,628.78,628.848,0.229499,0.004675,0.0,221
1,1,1,1,0,0,1,1,0,0,1,0,8,15,6,bowing_cif.y4m,608.64,609.04,0.779198,0.004699,0.0,167
1,1,1,0,1,0,0,1,0,1,0,1,4,15,6,bowing_cif.y4m,19.42,19.4,0.091924,0.004714,0.0,136
1,1,1,1,0,0,0,1,0,1,0,1,8,15,6,bowing_cif.y4m,599.02,599.004,0.267451,0.004709,0.0,243
1,0,1,0,1,0,0,0,0,1,0,1,8,15,6,bowing_cif.y4m,13.18,13.138,0.06261,0.004462,0.0,60
1,0,1,1,0,0,0,0,0,1,0,1,2,0,6,bowing_cif.y4m,437.52,437.46,0.191181,0.004423,0.0,110
1,1,1,1,0,0,1,1,0,1,0,0,1,15,6,bowing_cif.y4m,609.13,609.078,0.209452,0.004699,0.0,35
1,0,1,1,0,0,1,0,0,0,1,1,2,5,6,bowing_cif.y4m,485.24,485.274,0.130307,0.004626,0.0,235
1,0,1,1,0,0,0,0,0,1,0,0,1,0,3,bowing_cif.y4m,438.37,438.66,0.671565,0.004415,0.0,44
1,1,1,0,1,0,1,1,0,0,1,0,4,15,3,bowing_cif.y4m,20.92,20.95,0.084853,0.004701,0.0,256
1,0,1,0,0,1,0,0,0,0,1,1,8,0,0,bowing_cif.y4m,40.66,40.714,0.112383,0.004417,0.0,192
1,0,1,0,1,0,0,0,0,0,1,1,2,0,0,bowing_cif.y4m,13.1,13.118,0.053104,0.004462,0.0,41
1,0,1,1,0,0,0,0,0,0,1,0,4,5,0,bowing_cif.y4m,438.42,438.418,0.135904,0.004415,0.0,37
1,0,1,0,0,1,0,0,0,0,0,0,4,5,0,bowing_cif.y4m,40.33,40.296,0.14519,0.004394,0.0,26
1,1,1,1,0,0,0,1,0,0,0,0,1,0,3,bowing_cif.y4m,557.36,557.356,0.254617,0.004703,0.0,273
1,1,1,1,0,0,1,1,0,0,0,1,1,5,6,bowing_cif.y4m,617.24,617.214,0.161338,0.004736,0.0,233
1,1,1,0,1,0,1,1,0,0,1,1,8,0,0,bowing_cif.y4m,19.96,19.966,0.109225,0.004855,0.0,101
1,0,1,1,0,0,0,0,0,0,0,1,2,5,3,bowing_cif.y4m,435.13,435.136,0.129538,0.004423,0.0,39
1,1,1,0,1,0,0,1,0,0,0,1,1,15,0,bowing_cif.y4m,19.99,19.982,0.048683,0.004736,0.0,106
1,1,1,0,1,0,0,0,1,1,0,0,1,0,0,bowing_cif.y4m,18.05,18.01,0.077782,0.004754,0.0,242
1,1,1,1,0,0,1,1,0,0,1,0,2,15,0,bowing_cif.y4m,628.91,628.908,0.07823,0.004675,0.0,193
1,0,1,0,1,0,1,0,0,0,1,0,1,15,6,bowing_cif.y4m,16.35,16.398,0.080436,0.004739,0.0,103
1,1,1,0,1,0,0,1,0,1,1,1,8,5,6,bowing_cif.y4m,19.19,19.182,0.07791,0.00475,0.0,1
1,0,1,1,0,0,0,0,0,1,1,1,1,0,0,bowing_cif.y4m,437.14,437.236,0.151756,0.004423,0.0,61
1,1,1,1,0,0,0,0,1,0,0,0,2,0,0,bowing_cif.y4m,531.02,531.008,0.167541,0.004755,0.0,56
1,1,1,0,1,0,0,1,0,0,1,0,8,15,3,bowing_cif.y4m,19.95,19.98,0.085147,0.004712,0.0,148
1,0,1,0,1,0,0,0,0,1,0,1,2,5,0,bowing_cif.y4m,13.12,13.126,0.043932,0.004462,0.0,112
1,0,1,0,1,0,1,0,0,0,1,0,8,15,3,bowing_cif.y4m,16.42,16.448,0.058907,0.004739,0.0,300
1,0,1,0,1,0,0,0,0,1,1,0,4,15,0,bowing_cif.y4m,13.13,13.122,0.060992,0.004525,0.0,249
1,0,1,0,1,0,0,0,0,0,0,1,2,0,0,bowing_cif.y4m,12.97,12.988,0.06261,0.004462,0.0,20
1,1,1,1,0,0,1,1,0,1,0,1,1,5,0,bowing_cif.y4m,620.2,620.288,0.896365,0.004751,0.0,104
1,1,1,1,0,0,0,1,0,1,1,1,8,15,6,bowing_cif.y4m,599.11,599.326,0.608506,0.004709,0.0,131
1,0,1,1,0,0,0,0,0,0,0,0,2,0,3,bowing_cif.y4m,438.38,438.636,0.644577,0.004415,0.0,69
1,0,1,0,1,0,1,0,0,0,0,0,2,0,3,bowing_cif.y4m,16.46,16.452,0.065345,0.004739,0.0,220
1,1,1,1,0,0,1,1,0,1,1,1,8,15,6,bowing_cif.y4m,602.27,602.22,0.303891,0.004709,0.0,11
1,1,1,1,0,0,1,1,0,1,0,0,4,15,6,bowing_cif.y4m,605.7,605.692,0.086139,0.004699,0.0,258
1,0,1,0,1,0,1,0,0,0,0,0,2,15,3,bowing_cif.y4m,16.23,16.222,0.056303,0.004739,0.0,65
1,0,1,0,0,1,1,0,0,0,0,0,2,15,0,bowing_cif.y4m,46.26,46.216,0.145877,0.004735,0.0,160
1,0,1,0,0,1,1,0,0,0,0,0,8,0,0,bowing_cif.y4m,46.25,46.262,0.118195,0.004735,0.0,238
1,1,1,1,0,0,0,1,0,0,0,0,4,0,0,bowing_cif.y4m,557.37,557.414,0.096592,0.004703,0.0,57
1,1,1,0,1,0,0,1,0,1,0,1,2,0,0,bowing_cif.y4m,18.99,18.972,0.053572,0.004723,0.0,79
1,0,1,0,1,0,1,0,0,0,1,0,4,15,3,bowing_cif.y4m,16.15,16.17,0.066708,0.004739,0.0,224
1,1,1,0,1,0,0,1,0,1,0,0,2,0,3,bowing_cif.y4m,19.45,19.448,0.086718,0.004718,0.0,48
1,0,1,0,1,0,1,0,0,0,0,1,8,0,6,bowing_cif.y4m,16.19,16.188,0.023875,0.00472,0.0,173
1,1,1,1,0,0,1,1,0,0,1,1,1,0,0,bowing_cif.y4m,601.71,601.728,0.198671,0.004808,0.0,283
1,0,1,0,1,0,0,0,0,0,0,0,1,0,6,bowing_cif.y4m,13.1,13.122,0.0614,0.004525,0.0,190
1,0,1,0,1,0,1,0,0,1,1,1,4,0,6,bowing_cif.y4m,16.51,16.478,0.073621,0.00472,0.0,259
1,0,1,1,0,0,0,0,0,0,0,1,1,15,3,bowing_cif.y4m,437.41,437.332,0.195627,0.004423,0.0,7
1,0,1,0,0,1,0,0,0,0,0,1,2,5,0,bowing_cif.y4m,40.78,40.85,0.335932,0.004417,0.0,73
1,1,1,1,0,0,1,1,0,0,0,0,2,0,6,bowing_cif.y4m,606.43,606.368,0.182538,0.004801,0.0,63
1,0,1,0,0,1,1,0,0,1,1,0,2,15,3,bowing_cif.y4m,46.16,46.152,0.128141,0.004735,0.0,284
1,0,1,1,0,0,1,0,0,1,0,1,8,15,6,bowing_cif.y4m,485.37,485.636,0.618005,0.004626,0.0,250
1,1,1,0,1,0,0,1,0,0,0,0,2,5,0,bowing_cif.y4m,19.21,19.194,0.052249,0.004731,0.0,209
1,0,1,0,1,0,1,0,0,0,0,1,4,5,3,bowing_cif.y4m,16.21,16.214,0.039115,0.00472,0.0,138
1,1,1,1,0,0,0,0,1,1,1,0,1,0,0,bowing_cif.y4m,530.73,530.802,0.214872,0.004755,0.0,135
1,1,1,1,0,0,1,1,0,1,1,0,4,5,3,bowing_cif.y4m,640.52,640.482,0.218563,0.004712,0.0,264
1,1,1,1,0,0,0,1,0,1,1,0,2,0,6,bowing_cif.y4m,554.09,554.5,0.828161,0.004703,0.0,215
1,0,1,0,0,1,0,0,0,0,1,1,4,5,3,bowing_cif.y4m,40.54,40.568,0.10616,0.004417,0.0,50
1,0,1,1,0,0,0,0,0,1,1,0,4,0,6,bowing_cif.y4m,438.44,438.404,0.151261,0.004415,0.0,98
1,1,1,1,0,0,0,1,0,1,1,0,1,15,0,bowing_cif.y4m,602.31,602.234,0.235223,0.004712,0.0,140
1,1,1,1,0,0,0,1,0,0,1,1,1,0,3,bowing_cif.y4m,555.52,555.82,0.912442,0.004706,0.0,113
1,0,1,0,1,0,1,0,0,1,1,0,1,0,6,bowing_cif.y4m,16.25,16.218,0.088713,0.004739,0.0,3
1,0,1,0,0,1,0,0,0,1,1,1,8,0,0,bowing_cif.y4m,40.65,40.642,0.130077,0.004417,0.0,149
1,0,1,1,0,0,0,0,0,0,1,1,8,5,6,bowing_cif.y4m,437.28,437.27,0.240832,0.004423,0.0,153
1,1,1,1,0,0,1,1,0,1,1,0,2,15,6,bowing_cif.y4m,605.75,605.704,0.127593,0.004699,0.0,133
1,0,1,1,0,0,0,0,0,0,0,0,1,0,3,bowing_cif.y4m,438.39,438.35,0.117686,0.004415,0.0,191
1,1,1,0,1,0,0,1,0,1,0,1,1,0,6,bowing_cif.y4m,18.99,18.98,0.08,0.004723,0.0,100
1,0,1,1,0,0,1,0,0,0,1,0,4,0,3,bowing_cif.y4m,486.57,486.556,0.236284,0.004622,0.0,85
1,0,1,0,0,1,1,0,0,0,0,0,2,0,3,bowing_cif.y4m,45.96,46.094,0.210666,0.004735,0.0,88
1,0,1,0,1,0,1,0,0,1,1,0,4,15,6,bowing_cif.y4m,16.29,16.262,0.058052,0.004739,0.0,31
1,0,1,0,0,1,1,0,0,0,0,0,4,5,3,bowing_cif.y4m,46.1,46.166,0.132966,0.004735,0.0,134
1,1,1,0,1,0,1,1,0,1,1,1,8,0,3,bowing_cif.y4m,20.23,20.232,0.038341,0.004855,0.0,147
1,1,1,1,0,0,0,1,0,0,1,1,4,15,6,bowing_cif.y4m,599.0,599.228,0.630373,0.004709,0.0,275
1,0,1,0,0,1,1,0,0,0,1,0,4,15,3,bowing_cif.y4m,46.1,46.112,0.111669,0.004735,0.0,143
1,1,1,0,1,0,1,1,0,1,0,0,1,5,6,bowing_cif.y4m,19.93,19.888,0.071204,0.004758,0.0,8
1,1,1,1,0,0,1,1,0,0,1,1,4,5,3,bowing_cif.y4m,612.73,612.704,0.192562,0.004723,0.0,216
1,0,1,1,0,0,1,0,0,1,0,0,1,0,3,bowing_cif.y4m,486.57,486.506,0.198444,0.004622,0.0,214
1,0,1,0,0,1,0,0,0,0,0,0,1,5,0,bowing_cif.y4m,40.75,40.732,0.093915,0.004394,0.0,17
1,0,1,0,0,1,1,0,0,0,0,0,1,5,0,bowing_cif.y4m,46.28,46.206,0.140641,0.004735,0.0,206
1,0,1,0,1,0,0,0,0,1,1,1,8,15,0,bowing_cif.y4m,13.12,13.11,0.043012,0.004462,0.0,36
1,1,1,0,1,0,1,1,0,0,0,0,4,15,3,bowing_cif.y4m,20.99,20.982,0.051672,0.004701,0.0,6
1,0,1,1,0,0,1,0,0,0,0,1,1,0,6,bowing_cif.y4m,485.52,485.498,0.240042,0.004626,0.0,5
1,0,1,1,0,0,1,0,0,0,0,0,8,15,6,bowing_cif.y4m,486.41,486.688,0.746907,0.004622,0.0,164
1,0,1,0,0,1,0,0,0,1,0,0,8,0,6,bowing_cif.y4m,40.74,40.728,0.071903,0.004394,0.0,97
1,0,1,1,0,0,0,0,0,0,1,0,2,5,3,bowing_cif.y4m,438.27,438.316,0.281389,0.004415,0.0,236
1,1,1,0,1,0,1,1,0,0,0,0,8,5,0,bowing_cif.y4m,20.32,20.318,0.058481,0.004822,0.0,71
1,1,1,0,1,0,1,1,0,1,0,1,2,0,3,bowing_cif.y4m,20.18,20.188,0.066858,0.004855,0.0,295
1,0,1,1,0,0,1,0,0,1,1,0,8,5,3,bowing_cif.y4m,486.38,486.416,0.16772,0.004622,0.0,286
1,0,1,0,1,0,0,0,0,0,0,1,1,5,0,bowing_cif.y4m,13.02,13.004,0.061482,0.004462,0.0,34
1,0,1,0,1,0,1,0,0,1,1,1,1,5,3,bowing_cif.y4m,16.52,16.482,0.09859,0.00472,0.0,240
1,0,1,0,0,1,1,0,0,0,0,1,4,15,3,bowing_cif.y4m,46.53,46.518,0.12853,0.00468,0.0,18
1,0,1,0,1,0,0,0,0,0,1,0,8,0,6,bowing_cif.y4m,13.08,13.094,0.054589,0.004525,0.0,102
1,1,1,1,0,0,1,0,1,0,1,0,4,0,0,bowing_cif.y4m,565.85,565.832,0.403757,0.004571,0.0,51
1,1,1,1,0,0,1,1,0,0,0,1,4,15,6,bowing_cif.y4m,602.17,602.392,0.535135,0.004709,0.0,282
1,0,1,0,1,0,1,0,0,1,1,1,1,0,3,bowing_cif.y4m,16.38,16.384,0.051769,0.00472,0.0,77
1,0,1,1,0,0,1,0,0,0,1,0,2,0,3,bowing_cif.y4m,486.33,486.5,0.276948,0.004622,0.0,128
1,1,1,0,1,0,1,1,0,0,0,0,2,5,3,bowing_cif.y4m,19.96,19.952,0.051186,0.004786,0.0,234
1,0,1,1,0,0,0,0,0,0,1,1,1,0,0,bowing_cif.y4m,435.33,435.258,0.148728,0.004423,0.0,252
1,0,1,1,0,0,1,0,0,0,0,1,4,0,3,bowing_cif.y4m,485.19,485.288,0.196647,0.004626,0.0,28
1,0,1,0,0,1,1,0,0,1,1,1,8,15,3,bowing_cif.y4m,46.53,46.576,0.202682,0.00468,0.0,139
1,0,1,0,0,1,0,0,0,0,0,1,1,5,0,bowing_cif.y4m,40.73,40.74,0.131529,0.004417,0.0,158
1,1,1,0,1,0,1,1,0,1,0,1,8,5,3,bowing_cif.y4m,19.67,19.648,0.050695,0.004784,0.0,152
1,0,1,1,0,0,1,0,0,1,0,0,2,0,6,bowing_cif.y4m,486.16,486.296,0.242343,0.004622,0.0,12
1,1,1,0,1,0,0,1,0,0,0,1,4,15,3,bowing_cif.y4m,19.5,19.538,0.067602,0.004712,0.0,294
1,1,1,0,1,0,0,1,0,0,0,1,8,15,3,bowing_cif.y4m,19.47,19.516,0.093434,0.004712,0.0,154
1,1,1,1,0,0,0,1,0,1,0,0,2,15,6,bowing_cif.y4m,592.19,592.006,0.390487,0.004708,0.0,157
1,0,1,1,0,0,1,0,0,1,1,1,2,0,3,bowing_cif.y4m,485.47,485.748,0.549518,0.004626,0.0,150
1,1,1,0,1,0,1,1,0,0,1,0,8,0,6,bowing_cif.y4m,20.22,20.232,0.07823,0.004847,0.0,287
1,0,1,0,1,0,0,0,0,1,1,0,1,0,3,bowing_cif.y4m,13.17,13.156,0.038471,0.004525,0.0,297
1,0,1,0,0,1,0,0,0,1,1,0,8,15,0,bowing_cif.y4m,40.86,40.848,0.119875,0.004394,0.0,263
1,1,1,0,1,0,0,1,0,1,1,1,1,5,3,bowing_cif.y4m,18.89,18.886,0.053198,0.004714,0.0,255
1,0,1,1,0,0,0,0,0,1,1,0,8,15,3,bowing_cif.y4m,436.23,436.18,0.204328,0.004415,0.0,115
1,0,1,0,0,1,1,0,0,1,0,1,4,15,3,bowing_cif.y4m,46.49,46.506,0.134276,0.00468,0.0,188
1,0,1,0,0,1,1,0,0,0,0,1,8,0,6,bowing_cif.y4m,46.63,46.624,0.135757,0.00468,0.0,212
1,0,1,1,0,0,1,0,0,0,0,1,1,15,3,bowing_cif.y4m,485.49,485.624,0.565137,0.004626,0.0,195
1,0,1,0,1,0,0,0,0,0,1,1,2,15,0,bowing_cif.y4m,13.16,13.148,0.044385,0.004462,0.0,119
1,0,1,1,0,0,0,0,0,1,0,1,4,15,0,bowing_cif.y4m,434.92,435.094,0.463498,0.004423,0.0,58
1,0,1,0,1,0,1,0,0,1,0,1,4,0,6,bowing_cif.y4m,16.42,16.422,0.066106,0.00472,0.0,277
1,0,1,0,1,0,1,0,0,0,1,1,4,5,6,bowing_cif.y4m,16.48,16.442,0.069426,0.00472,0.0,64
1,1,1,0,1,0,1,1,0,1,0,0,2,0,0,bowing_cif.y4m,20.29,20.27,0.054772,0.004847,0.0,285
1,1,1,0,1,0,1,1,0,1,0,0,4,0,0,bowing_cif.y4m,20.21,20.222,0.087006,0.004847,0.0,290
1,0,1,1,0,0,0,0,0,1,0,1,8,5,6,bowing_cif.y4m,437.22,437.21,0.147479,0.004423,0.0,196
1,1,1,1,0,0,1,0,1,1,1,1,1,0,0,bowing_cif.y4m,567.89,567.916,0.086487,0.004586,0.0,93
1,0,1,1,0,0,1,0,0,0,1,1,4,5,6,bowing_cif.y4m,485.29,485.324,0.133154,0.004626,0.0,299
1,0,1,1,0,0,0,0,0,1,0,0,2,5,0,bowing_cif.y4m,438.49,438.618,0.268831,0.004415,0.0,125
1,1,1,0,1,0,0,1,0,1,0,1,2,15,6,bowing_cif.y4m,19.34,19.37,0.086313,0.004714,0.0,21
1,0,1,0,1,0,0,0,0,1,0,1,2,0,0,bowing_cif.y4m,13.17,13.146,0.068775,0.004462,0.0,225
1,0,1,0,1,0,0,0,0,1,0,0,2,5,0,bridge_close_cif.y4m,25.95,25.908,0.121943,0.000853,0.0,114
1,1,1,1,0,0,0,0,1,0,0,1,1,0,0,bridge_close_cif.y4m,33.41,33.378,0.092033,0.000649,0.0,281
1,1,1,1,0,0,0,1,0,1,1,0,2,5,0,bridge_close_cif.y4m,47.21,47.252,0.094974,0.000661,0.0,49
1,0,1,0,0,1,1,0,0,0,0,0,2,15,6,bridge_close_cif.y4m,36.15,36.116,0.085029,0.000816,0.0,194
1,0,1,1,0,0,0,0,0,0,0,0,2,0,6,bridge_close_cif.y4m,35.91,35.89,0.072457,0.000853,0.0,62
1,1,1,0,1,0,0,1,0,1,1,1,1,15,3,bridge_close_cif.y4m,32.01,32.03,0.067823,0.000651,0.0,91
1,0,1,0,0,1,1,0,0,0,0,0,4,0,6,bridge_close_cif.y4m,36.02,36.018,0.060166,0.000816,0.0,107
1,0,1,1,0,0,1,0,0,0,0,1,4,5,3,bridge_close_cif.y4m,39.17,39.202,0.072595,0.000812,0.0,181
1,0,1,0,1,0,1,0,0,0,0,0,4,5,0,bridge_close_cif.y4m,29.39,29.378,0.034205,0.000814,0.0,247
1,0,1,1,0,0,0,0,0,1,1,0,4,5,3,bridge_close_cif.y4m,35.75,35.768,0.080436,0.000853,0.0,166
1,0,1,0,0,1,0,0,0,0,1,1,4,0,0,bridge_close_cif.y4m,32.4,32.382,0.047645,0.000864,0.0,25
1,1,1,0,1,0,0,1,0,0,0,1,8,0,6,bridge_close_cif.y4m,30.91,30.908,0.053572,0.000662,0.0,203
1,1,1,1,0,0,1,1,0,1,1,1,4,5,6,bridge_close_cif.y4m,51.21,51.244,0.064265,0.000667,0.0,219
1,0,1,0,0,1,0,0,0,0,0,0,4,15,0,bridge_close_cif.y4m,32.18,32.202,0.089554,0.000864,0.0,162
1,0,1,1,0,0,1,0,0,0,1,0,4,15,6,bridge_close_cif.y4m,38.77,38.806,0.109225,0.000812,0.0,182
1,0,1,0,0,1,0,0,0,1,1,0,1,15,6,bridge_close_cif.y4m,32.3,32.328,0.112561,0.000864,0.0,10
1,1,1,1,0,0,1,1,0,1,1,1,2,15,0,bridge_close_cif.y4m,52.27,52.296,0.079246,0.000688,0.0,14
1,1,1,1,0,0,0,1,0,0,0,1,1,0,6,bridge_close_cif.y4m,45.5,45.466,0.069138,0.00066,0.0,89
1,1,1,1,0,0,0,1,0,1,1,1,1,5,0,bridge_close_cif.y4m,47.09,47.054,0.133154,0.00066,0.0,116
1,0,1,1,0,0,0,0,0,0,1,1,4,15,3,bridge_close_cif.y4m,35.85,35.794,0.106442,0.000853,0.0,217
1,1,1,0,1,0,0,1,0,0,1,0,1,0,0,bridge_close_cif.y4m,31.6,31.618,0.063797,0.000664,0.0,75
1,1,1,0,1,0,0,1,0,1,1,1,2,15,6,bridge_close_cif.y4m,32.53,32.504,0.094499,0.000643,0.0,266
1,0,1,1,0,0,1,0,0,0,1,1,4,15,3,bridge_close_cif.y4m,38.86,38.806,0.115022,0.000812,0.0,268
1,0,1,0,1,0,1,0,0,1,1,1,4,15,3,bridge_close_cif.y4m,29.28,29.312,0.076616,0.000814,0.0,187
1,0,1,0,0,1,1,0,0,0,1,0,8,15,3,bridge_close_cif.y4m,35.89,35.86,0.15748,0.000816,0.0,161
1,0,1,0,1,0,1,0,0,0,1,0,2,0,6,bridge_close_cif.y4m,29.37,29.352,0.087864,0.000814,0.0,23
1,1,1,1,0,0,0,1,0,1,1,0,2,5,6,bridge_close_cif.y4m,46.63,46.588,0.13274,0.000647,0.0,2
1,1,1,1,0,0,1,0,1,1,0,1,2,0,0,bridge_close_cif.y4m,35.73,35.654,0.190473,0.000661,0.0,16
1,0,1,1,0,0,0,0,0,1,1,1,8,15,0,bridge_close_cif.y4m,35.83,35.826,0.097622,0.000853,0.0,262
1,1,1,1,0,0,0,1,0,1,1,0,4,5,0,bridge_close_cif.y4m,47.22,47.292,0.112561,0.000661,0.0,66
1,0,1,1,0,0,0,0,0,1,0,0,2,0,0,bridge_close_cif.y4m,35.41,35.42,0.063246,0.000853,0.0,86
1,0,1,0,1,0,1,0,0,0,1,0,2,5,6,bridge_close_cif.y4m,29.27,29.334,0.124218,0.000814,0.0,231
1,0,1,0,1,0,0,0,0,0,0,0,4,5,0,bridge_close_cif.y4m,25.85,25.864,0.080187,0.000853,0.0,269
1,1,1,0,1,0,1,1,0,0,1,0,1,5,0,bridge_close_cif.y4m,34.07,34.124,0.112606,0.000694,0.0,180
1,0,1,0,0,1,0,0,0,0,1,0,4,5,6,bridge_close_cif.y4m,32.41,32.412,0.043243,0.000864,0.0,274
1,1,1,1,0,0,0,1,0,1,1,0,2,15,6,bridge_close_cif.y4m,49.72,49.786,0.173436,0.000642,0.0,184
1,0,1,0,0,1,1,0,0,0,0,1,4,5,0,bridge_close_cif.y4m,36.09,36.068,0.179778,0.000817,0.0,118
1,1,1,1,0,0,0,1,0,0,0,0,1,0,6,bridge_close_cif.y4m,46.99,47.0,0.053385,0.000661,0.0,254
1,0,1,1,0,0,1,0,0,0,1,1,4,5,0,bridge_close_cif.y4m,38.8,38.776,0.115888,0.000812,0.0,208
1,0,1,0,0,1,1,0,0,1,1,0,4,5,6,bridge_close_cif.y4m,36.11,36.092,0.089833,0.000816,0.0,279
1,1,1,1,0,0,0,1,0,0,1,1,4,15,3,bridge_close_cif.y4m,47.64,47.716,0.245927,0.000657,0.0,229
1,0,1,0,0,1,1,0,0,1,1,1,1,0,0,bridge_close_cif.y4m,36.08,36.042,0.102811,0.000817,0.0,46
1,0,1,0,0,1,0,0,0,1,1,1,4,5,6,bridge_close_cif.y4m,32.38,32.332,0.075631,0.000864,0.0,171
1,1,1,1,0,0,0,1,0,0,1,0,2,5,0,bridge_close_cif.y4m,47.33,47.306,0.12973,0.000661,0.0,99
1,0,1,0,0,1,0,0,0,0,0,0,8,0,0,bridge_close_cif.y4m,32.39,32.35,0.104642,0.000864,0.0,81
1,1,1,1,0,0,1,1,0,1,0,1,8,5,0,bridge_close_cif.y4m,52.18,52.126,0.201941,0.000674,0.0,155
1,0,1,0,1,0,0,0,0,1,0,1,1,15,6,bridge_close_cif.y4m,25.38,25.372,0.091488,0.000852,0.0,96
1,1,1,1,0,0,0,1,0,1,1,1,8,0,0,bridge_close_cif.y4m,47.07,47.03,0.11726,0.000661,0.0,218
1,1,1,1,0,0,1,1,0,1,1,0,8,0,6,bridge_close_cif.y4m,51.73,51.724,0.157099,0.00068,0.0,53
1,1,1,0,1,0,1,0,1,0,0,0,2,0,0,bridge_close_cif.y4m,24.86,24.838,0.099348,0.000653,0.0,109
1,0,1,0,1,0,0,0,0,0,1,0,4,5,6,bridge_close_cif.y4m,25.92,25.992,0.140784,0.000853,0.0,185
1,1,1,1,0,0,0,1,0,0,1,1,2,0,0,bridge_close_cif.y4m,46.85,46.916,0.147071,0.000661,0.0,239
1,0,1,1,0,0,0,0,0,0,0,1,2,0,0,bridge_close_cif.y4m,35.67,35.678,0.116919,0.000854,0.0,276
1,0,1,1,0,0,1,0,0,0,0,1,4,0,6,bridge_close_cif.y4m,39.12,39.136,0.091269,0.000812,0.0,257
1,0,1,0,0,1,0,0,0,1,1,0,1,5,0,bridge_close_cif.y4m,32.14,32.134,0.126412,0.000864,0.0,42
1,1,1,0,1,0,1,1,0,0,0,0,2,15,3,bridge_close_cif.y4m,34.23,34.29,0.151162,0.000674,0.0,204
1,0,1,1,0,0,1,0,0,1,0,1,2,15,6,bridge_close_cif.y4m,39.24,39.202,0.091761,0.000812,0.0,145
1,0,1,0,1,0,0,0,0,0,0,0,2,0,3,bridge_close_cif.y4m,25.96,25.978,0.063008,0.000853,0.0,246
1,1,1,1,0,0,0,1,0,0,1,1,8,0,0,bridge_close_cif.y4m,47.04,47.074,0.101637,0.000661,0.0,202
1,1,1,0,1,0,0,1,0,1,0,0,2,5,3,bridge_close_cif.y4m,32.33,32.322,0.074632,0.000655,0.0,70
1,0,1,0,1,0,0,0,0,0,1,0,1,5,3,bridge_close_cif.y4m,25.9,25.904,0.030496,0.000853,0.0,230
1,0,1,0,1,0,1,0,0,0,0,0,4,15,6,bridge_close_cif.y4m,29.01,29.006,0.032094,0.000814,0.0,267
1,1,1,1,0,0,1,1,0,0,0,1,8,5,3,bridge_close_cif.y4m,49.63,49.662,0.129885,0.000674,0.0,146
1,0,1,0,1,0,1,0,0,0,0,1,2,15,0,bridge_close_cif.y4m,29.03,29.008,0.087006,0.000813,0.0,27
1,0,1,0,1,0,1,0,0,0,1,1,8,0,3,bridge_close_cif.y4m,29.38,29.366,0.128374,0.000814,0.0,137
1,1,1,1,0,0,0,1,0,0,1,1,2,15,0,bridge_close_cif.y4m,47.3,47.29,0.075498,0.000661,0.0,189
1,1,1,0,1,0,1,1,0,1,0,0,4,15,0,bridge_close_cif.y4m,34.53,34.512,0.125579,0.000694,0.0,132
1,1,1,1,0,0,0,0,1,1,0,1,8,0,0,bridge_close_cif.y4m,33.44,33.45,0.128062,0.000649,0.0,169
1,0,1,0,0,1,0,0,0,0,0,0,1,5,6,bridge_close_cif.y4m,32.5,32.438,0.103296,0.000864,0.0,33
1,0,1,1,0,0,0,0,0,0,1,1,8,15,0,bridge_close_cif.y4m,35.77,35.742,0.046583,0.000853,0.0,205
1,0,1,1,0,0,0,0,0,1,0,1,2,0,0,bridge_close_cif.y4m,35.78,35.758,0.077266,0.000854,0.0,245
1,1,1,0,1,0,1,1,0,0,1,1,1,15,0,bridge_close_cif.y4m,34.73,34.756,0.075033,0.000675,0.0,298
1,0,1,1,0,0,1,0,0,1,1,0,2,5,6,bridge_close_cif.y4m,38.72,38.806,0.193468,0.000812,0.0,163
1,1,1,1,0,0,0,1,0,0,0,0,1,5,0,bridge_close_cif.y4m,47.36,47.386,0.073689,0.000661,0.0,123
1,0,1,0,0,1,1,0,0,1,0,0,4,15,0,bridge_close_cif.y4m,36.03,36.036,0.089051,0.000816,0.0,4
1,0,1,0,0,1,1,0,0,1,1,0,8,5,6,bridge_close_cif.y4m,36.02,36.058,0.093381,0.000816,0.0,141
1,1,1,0,1,0,0,1,0,1,0,0,8,5,6,bridge_close_cif.y4m,32.17,32.168,0.103296,0.000649,0.0,129
1,1,1,0,1,0,1,1,0,1,1,0,4,5,3,bridge_close_cif.y4m,35.67,35.68,0.078102,0.000678,0.0,159
1,0,1,0,0,1,1,0,0,1,0,0,1,0,0,bridge_close_cif.y4m,36.02,36.062,0.119248,0.000816,0.0,22
1,0,1,0,0,1,0,0,0,1,0,1,2,0,6,bridge_close_cif.y4m,32.43,32.366,0.11149,0.000863,0.0,175
1,1,1,1,0,0,0,1,0,1,1,1,8,5,6,bridge_close_cif.y4m,46.41,46.488,0.169765,0.000647,0.0,151
1,1,1,0,1,0,0,1,0,0,1,0,2,5,0,bridge_close_cif.y4m,31.74,31.756,0.076354,0.000661,0.0,52
1,0,1,0,0,1,0,0,0,0,0,1,4,0,3,bridge_close_cif.y4m,32.07,32.078,0.082885,0.000863,0.0,108
1,0,1,0,1,0,1,0,0,0,0,1,8,15,0,bridge_close_cif.y4m,29.33,29.348,0.117346,0.000813,0.0,72
1,0,1,1,0,0,1,0,0,1,1,0,8,0,6,bridge_close_cif.y4m,38.39,38.422,0.170792,0.000812,0.0,248
1,1,1,1,0,0,1,1,0,1,1,0,8,5,6,bridge_close_cif.y4m,51.43,51.384,0.135019,0.000667,0.0,174
1,0,1,1,0,0,1,0,0,1,1,1,8,0,3,bridge_close_cif.y4m,38.87,38.812,0.173839,0.000812,0.0,130
1,1,1,0,1,0,1,1,0,1,1,1,8,15,0,bridge_close_cif.y4m,34.51,34.522,0.054498,0.000694,0.0,168
1,0,1,0,0,1,1,0,0,1,0,1,8,0,6,bridge_close_cif.y4m,36.08,36.086,0.163187,0.000817,0.0,198
1,0,1,0,0,1,1,0,0,1,1,0,1,0,3,bridge_close_cif.y4m,36.04,36.082,0.186735,0.000816,0.0,83
1,1,1,1,0,0,1,1,0,0,1,0,1,0,3,bridge_close_cif.y4m,51.83,51.822,0.197914,0.00068,0.0,291
1,0,1,0,1,0,0,0,0,1,1,0,1,0,6,bridge_close_cif.y4m,25.94,25.896,0.109225,0.000853,0.0,237
1,0,1,0,0,1,0,0,0,1,1,1,2,15,3,bridge_close_cif.y4m,32.31,32.33,0.07746,0.000864,0.0,90
1,1,1,1,0,0,1,1,0,0,0,1,1,15,0,bridge_close_cif.y4m,52.15,52.1,0.126886,0.000674,0.0,87
1,0,1,1,0,0,1,0,0,1,0,0,1,5,0,bridge_close_cif.y4m,38.38,38.398,0.094181,0.000812,0.0,74
1,0,1,0,0,1,0,0,0,1,0,0,2,0,3,bridge_close_cif.y4m,32.36,32.34,0.125698,0.000864,0.0,201
1,0,1,0,1,0,0,0,0,1,0,1,1,0,0,bridge_close_cif.y4m,25.63,25.632,0.074967,0.000852,0.0,183
1,0,1,1,0,0,0,0,0,0,0,0,4,0,6,bridge_close_cif.y4m,35.79,35.81,0.124097,0.000853,0.0,227
1,1,1,0,1,0,1,1,0,0,0,0,1,15,6,bridge_close_cif.y4m,36.55,36.532,0.109636,0.000656,0.0,222
1,0,1,0,0,1,0,0,0,0,1,0,8,0,6,bridge_close_cif.y4m,32.4,32.46,0.131339,0.000864,0.0,55
1,0,1,1,0,0,0,0,0,0,1,1,2,5,0,bridge_close_cif.y4m,35.74,35.75,0.083367,0.000853,0.0,142
1,0,1,1,0,0,1,0,0,1,0,1,1,5,6,bridge_close_cif.y4m,38.9,38.854,0.091542,0.000812,0.0,124
1,0,1,1,0,0,1,0,0,0,0,0,8,0,0,bridge_close_cif.y4m,38.92,38.932,0.046043,0.000812,0.0,95
1,0,1,1,0,0,1,0,0,1,0,0,2,15,0,bridge_close_cif.y4m,38.84,38.84,0.075829,0.000812,0.0,241
1,0,1,0,1,0,0,0,0,0,1,1,1,5,3,bridge_close_cif.y4m,25.58,25.592,0.035637,0.000852,0.0,289
1,0,1,1,0,0,1,0,0,1,1,0,1,5,0,bridge_close_cif.y4m,38.71,38.81,0.225942,0.000812,0.0,278
1,1,1,0,1,0,0,1,0,1,1,0,1,0,6,bridge_close_cif.y4m,31.58,31.616,0.105024,0.000664,0.0,176
1,0,1,0,0,1,1,0,0,0,1,0,8,5,0,bridge_close_cif.y4m,36.08,36.082,0.17427,0.000816,0.0,122
1,0,1,0,0,1,0,0,0,0,1,0,4,0,6,bridge_close_cif.y4m,32.42,32.388,0.115629,0.000864,0.0,30
1,1,1,0,1,0,0,1,0,0,0,0,2,0,6,bridge_close_cif.y4m,31.68,31.656,0.092358,0.000664,0.0,251
1,0,1,1,0,0,0,0,0,0,0,1,1,0,0,bridge_close_cif.y4m,35.6,35.592,0.0502,0.000854,0.0,120
1,0,1,1,0,0,0,0,0,0,0,1,2,15,6,bridge_close_cif.y4m,35.32,35.326,0.089051,0.000854,0.0,144
1,0,1,0,1,0,1,0,0,0,0,0,1,0,3,bridge_close_cif.y4m,29.4,29.348,0.123976,0.000814,0.0,265
1,1,1,0,1,0,0,1,0,0,1,0,2,0,6,bridge_close_cif.y4m,31.66,31.62,0.127475,0.000664,0.0,260
1,1,1,0,1,0,0,1,0,0,0,1,1,0,3,bridge_close_cif.y4m,30.99,31.006,0.068775,0.000662,0.0,78
1,0,1,0,1,0,0,0,0,0,1,1,8,15,3,bridge_close_cif.y4m,25.92,25.906,0.083247,0.000853,0.0,84
1,0,1,1,0,0,1,0,0,1,0,0,4,15,3,bridge_close_cif.y4m,38.79,38.758,0.162542,0.000812,0.0,296
1,0,1,0,0,1,0,0,0,0,0,1,2,5,6,bridge_close_cif.y4m,32.16,32.136,0.155981,0.000863,0.0,232
1,0,1,0,0,1,1,0,0,0,1,0,4,15,6,bridge_close_cif.y4m,36.03,36.014,0.065038,0.000816,0.0,213
1,1,1,0,1,0,0,1,0,0,1,1,8,15,3,bridge_close_cif.y4m,32.64,32.646,0.102127,0.000657,0.0,94
1,0,1,0,1,0,0,0,0,0,1,1,1,5,0,bridge_close_cif.y4m,25.68,25.662,0.044944,0.000852,0.0,178
1,0,1,1,0,0,1,0,0,1,0,0,4,0,0,bridge_close_cif.y4m,38.3,38.364,0.130499,0.000812,0.0,127
1,1,1,0,1,0,1,1,0,0,1,0,8,5,6,bridge_close_cif.y4m,34.97,34.952,0.122556,0.000667,0.0,111
1,0,1,0,1,0,0,0,0,0,0,1,1,0,6,bridge_close_cif.y4m,25.66,25.664,0.040988,0.000852,0.0,92
1,1,1,1,0,0,0,1,0,0,1,0,8,15,6,bridge_close_cif.y4m,49.82,49.806,0.08735,0.000642,0.0,54
1,0,1,0,0,1,0,0,0,0,0,1,2,15,0,bridge_close_cif.y4m,32.32,32.32,0.076485,0.000863,0.0,45
1,0,1,1,0,0,0,0,0,1,0,0,4,0,6,bridge_close_cif.y4m,35.74,35.744,0.103102,0.000853,0.0,226
1,1,1,1,0,0,1,1,0,1,0,0,8,5,0,bridge_close_cif.y4m,52.32,52.374,0.137949,0.000688,0.0,200
1,0,1,0,0,1,1,0,0,1,0,1,8,5,6,bridge_close_cif.y4m,36.0,36.016,0.121984,0.000817,0.0,59
1,1,1,0,1,0,1,0,1,0,0,1,2,0,0,bridge_close_cif.y4m,25.32,25.34,0.07874,0.000654,0.0,19
1,1,1,1,0,0,0,1,0,1,0,0,2,15,0,bridge_close_cif.y4m,46.72,46.726,0.0999,0.000661,0.0,47
1,1,1,0,1,0,1,1,0,0,0,1,4,5,6,bridge_close_cif.y4m,34.73,34.712,0.067231,0.000666,0.0,32
1,1,1,0,1,0,0,1,0,1,0,0,1,5,6,bridge_close_cif.y4m,32.22,32.18,0.135831,0.000649,0.0,170
1,0,1,0,0,1,0,0,0,1,1,0,1,15,0,bridge_close_cif.y4m,32.1,32.132,0.115412,0.000864,0.0,270
1,0,1,1,0,0,1,0,0,1,0,1,4,15,6,bridge_close_cif.y4m,39.19,39.144,0.089051,0.000812,0.0,207
1,1,1,0,1,0,0,1,0,1,1,1,1,5,6,bridge_close_cif.y4m,31.74,31.738,0.084971,0.000645,0.0,43
1,0,1,0,1,0,1,0,0,0,1,1,1,0,3,bridge_close_cif.y4m,29.34,29.324,0.080187,0.000813,0.0,40
1,1,1,0,1,0,0,1,0,0,1,1,1,5,3,bridge_close_cif.y4m,32.0,32.002,0.069065,0.000656,0.0,117
1,0,1,0,0,1,0,0,0,0,1,0,8,15,6,bridge_close_cif.y4m,32.31,32.36,0.082765,0.000864,0.0,253
1,0,1,1,0,0,0,0,0,1,0,0,1,15,3,bridge_close_cif.y4m,35.82,35.82,0.056125,0.000853,0.0,68
1,1,1,1,0,0,0,1,0,1,1,1,1,15,6,bridge_close_cif.y4m,47.03,46.996,0.107145,0.000643,0.0,186
1,1,1,0,1,0,1,1,0,0,0,1,8,15,3,bridge_close_cif.y4m,35.13,35.164,0.080187,0.000674,0.0,288
1,1,1,0,1,0,0,1,0,0,0,0,2,0,0,bridge_close_cif.y4m,31.62,31.59,0.117686,0.000664,0.0,15
1,0,1,1,0,0,0,0,0,0,1,1,2,15,3,bridge_close_cif.y4m,35.7,35.718,0.078549,0.000853,0.0,82
1,1,1,1,0,0,0,1,0,0,0,0,4,15,6,bridge_close_cif.y4m,49.9,49.888,0.154175,0.000642,0.0,211
1,0,1,0,1,0,1,0,0,1,1,1,8,15,6,bridge_close_cif.y4m,29.12,29.104,0.057706,0.000814,0.0,177
1,1,1,0,1,0,0,1,0,1,1,1,2,5,3,bridge_close_cif.y4m,32.66,32.698,0.122556,0.000655,0.0,210
1,0,1,1,0,0,0,0,0,1,1,1,2,0,3,bridge_close_cif.y4m,35.74,35.772,0.083487,0.000853,0.0,13
1,0,1,0,1,0,1,0,0,0,0,1,2,15,3,bridge_close_cif.y4m,29.32,29.352,0.090388,0.000813,0.0,228
1,0,1,0,1,0,1,0,0,1,1,0,4,5,3,bridge_close_cif.y4m,29.39,29.398,0.114978,0.000814,0.0,38
1,1,1,1,0,0,0,1,0,0,0,1,4,15,6,bridge_close_cif.y4m,47.2,47.248,0.132929,0.000643,0.0,29
1,1,1,1,0,0,1,0,1,1,0,0,8,0,0,bridge_close_cif.y4m,35.97,35.956,0.058138,0.000651,0.0,24
1,1,1,1,0,0,0,1,0,0,0,0,8,5,6,bridge_close_cif.y4m,46.57,46.546,0.121367,0.000647,0.0,293
1,1,1,1,0,0,0,1,0,0,1,0,2,5,6,bridge_close_cif.y4m,46.59,46.576,0.116748,0.000647,0.0,67
1,1,1,0,1,0,0,1,0,1,0,1,2,5,0,bridge_close_cif.y4m,30.87,30.818,0.099599,0.000661,0.0,199
1,0,1,0,0,1,1,0,0,1,1,0,8,15,3,bridge_close_cif.y4m,36.12,36.08,0.112472,0.000816,0.0,244
1,0,1,0,0,1,1,0,0,0,0,0,8,15,0,bridge_close_cif.y4m,36.09,36.082,0.109407,0.000816,0.0,80
1,1,1,1,0,0,1,1,0,1,1,1,2,0,3,bridge_close_cif.y4m,51.82,51.754,0.17126,0.00068,0.0,223
1,1,1,0,1,0,1,1,0,0,1,0,8,5,0,bridge_close_cif.y4m,34.56,34.554,0.105736,0.000694,0.0,121
1,0,1,1,0,0,1,0,0,0,0,0,8,5,3,bridge_close_cif.y4m,38.72,38.746,0.177003,0.000812,0.0,261
1,0,1,1,0,0,1,0,0,1,1,0,1,5,6,bridge_close_cif.y4m,38.88,38.832,0.155306,0.000812,0.0,156
1,1,1,1,0,0,0,1,0,0,1,0,4,15,3,bridge_close_cif.y4m,47.8,47.766,0.147071,0.000657,0.0,271
1,1,1,1,0,0,1,1,0,1,0,0,2,15,3,bridge_close_cif.y4m,51.28,51.312,0.114978,0.000674,0.0,9
1,1,1,1,0,0,1,1,0,1,0,1,1,0,0,bridge_close_cif.y4m,50.97,50.888,0.147716,0.000691,0.0,165
1,0,1,0,0,1,1,0,0,1,0,0,1,15,6,bridge_close_cif.y4m,35.92,35.874,0.093702,0.000816,0.0,126
1,0,1,1,0,0,1,0,0,1,1,1,8,5,0,bridge_close_cif.y4m,38.71,38.752,0.124177,0.000812,0.0,280
1,0,1,1,0,0,0,0,0,1,1,0,2,5,3,bridge_close_cif.y4m,35.4,35.444,0.160094,0.000853,0.0,172
1,0,1,0,1,0,1,0,0,0,0,0,1,15,6,bridge_close_cif.y4m,29.38,29.42,0.073824,0.000814,0.0,292
1,0,1,0,0,1,0,0,0,1,0,1,1,0,3,bridge_close_cif.y4m,32.38,32.394,0.039749,0.000863,0.0,179
1,0,1,0,0,1,1,0,0,1,0,1,2,0,3,bridge_close_cif.y4m,35.89,35.876,0.077974,0.000817,0.0,272
1,0,1,0,0,1,1,0,0,0,1,0,4,5,0,bridge_close_cif.y4m,35.75,35.762,0.038987,0.000816,0.0,105
1,0,1,0,1,0,0,0,0,0,0,0,1,0,3,bridge_close_cif.y4m,25.87,25.878,0.115629,0.000853,0.0,76
1,0,1,1,0,0,1,0,0,0,1,0,4,15,3,bridge_close_cif.y4m,38.95,38.854,0.179666,0.000812,0.0,197
1,1,1,1,0,0,1,1,0,0,1,0,1,15,0,bridge_close_cif.y4m,51.95,51.86,0.223047,0.000688,0.0,221
1,1,1,1,0,0,1,1,0,0,1,0,8,15,6,bridge_close_cif.y4m,55.86,55.762,0.176833,0.000656,0.0,167
1,1,1,0,1,0,0,1,0,1,0,1,4,15,6,bridge_close_cif.y4m,32.04,32.044,0.068775,0.000642,0.0,136
1,1,1,1,0,0,0,1,0,1,0,1,8,15,6,bridge_close_cif.y4m,47.09,47.164,0.116533,0.000643,0.0,243
1,0,1,0,1,0,0,0,0,1,0,1,8,15,6,bridge_close_cif.y4m,25.44,25.414,0.061074,0.000852,0.0,60
1,0,1,1,0,0,0,0,0,1,0,1,2,0,6,bridge_close_cif.y4m,35.6,35.598,0.109864,0.000854,0.0,110
1,1,1,1,0,0,1,1,0,1,0,0,1,15,6,bridge_close_cif.y4m,55.62,55.676,0.137222,0.000656,0.0,35
1,0,1,1,0,0,1,0,0,0,1,1,2,5,6,bridge_close_cif.y4m,38.87,38.858,0.123774,0.000812,0.0,235
1,0,1,1,0,0,0,0,0,1,0,0,1,0,3,bridge_close_cif.y4m,35.69,35.704,0.102616,0.000853,0.0,44
1,1,1,0,1,0,1,1,0,0,1,0,4,15,3,bridge_close_cif.y4m,34.76,34.726,0.128957,0.000674,0.0,256
1,0,1,0,0,1,0,0,0,0,1,1,8,0,0,bridge_close_cif.y4m,32.3,32.366,0.119708,0.000864,0.0,192
1,0,1,0,1,0,0,0,0,0,1,1,2,0,0,bridge_close_cif.y4m,25.97,25.966,0.080187,0.000853,0.0,41
1,0,1,1,0,0,0,0,0,0,1,0,4,5,0,bridge_close_cif.y4m,35.81,35.816,0.146219,0.000853,0.0,37
1,0,1,0,0,1,0,0,0,0,0,0,4,5,0,bridge_close_cif.y4m,32.41,32.406,0.050299,0.000864,0.0,26
1,1,1,1,0,0,0,1,0,0,0,0,1,0,3,bridge_close_cif.y4m,46.54,46.586,0.090995,0.000661,0.0,273
1,1,1,1,0,0,1,1,0,0,0,1,1,5,6,bridge_close_cif.y4m,50.44,50.396,0.167422,0.000669,0.0,233
1,1,1,0,1,0,1,1,0,0,1,1,8,0,0,bridge_close_cif.y4m,34.35,34.406,0.132778,0.000681,0.0,101
1,0,1,1,0,0,0,0,0,0,0,1,2,5,3,bridge_close_cif.y4m,35.78,35.82,0.083367,0.000854,0.0,39
1,1,1,0,1,0,0,1,0,0,0,1,1,15,0,bridge_close_cif.y4m,30.78,30.766,0.132966,0.000661,0.0,106
1,1,1,0,1,0,0,0,1,1,0,0,1,0,0,bridge_close_cif.y4m,23.32,23.392,0.113446,0.000648,0.0,242
1,1,1,1,0,0,1,1,0,0,1,0,2,15,0,bridge_close_cif.y4m,52.29,52.342,0.105214,0.000688,0.0,193
1,0,1,0,1,0,1,0,0,0,1,0,1,15,6,bridge_close_cif.y4m,29.32,29.344,0.082341,0.000814,0.0,103
1,1,1,0,1,0,0,1,0,1,1,1,8,5,6,bridge_close_cif.y4m,32.15,32.16,0.083964,0.000649,0.0,1
1,0,1,1,0,0,0,0,0,1,1,1,1,0,0,bridge_close_cif.y4m,35.53,35.548,0.063797,0.000854,0.0,61
1,1,1,1,0,0,0,0,1,0,0,0,2,0,0,bridge_close_cif.y4m,33.46,33.476,0.0498,0.000647,0.0,56
1,1,1,0,1,0,0,1,0,0,1,0,8,15,3,bridge_close_cif.y4m,32.63,32.654,0.077974,0.000657,0.0,148
1,0,1,0,1,0,0,0,0,1,0,1,2,5,0,bridge_close_cif.y4m,25.65,25.662,0.121943,0.000852,0.0,112
1,0,1,0,1,0,1,0,0,0,1,0,8,15,3,bridge_close_cif.y4m,29.25,29.278,0.058052,0.000814,0.0,300
1,0,1,0,1,0,0,0,0,1,1,0,4,15,0,bridge_close_cif.y4m,25.85,25.848,0.071554,0.000853,0.0,249
1,0,1,0,1,0,0,0,0,0,0,1,2,0,0,bridge_close_cif.y4m,25.32,25.328,0.040866,0.000852,0.0,20
1,1,1,1,0,0,1,1,0,1,0,1,1,5,0,bridge_close_cif.y4m,51.96,52.012,0.096281,0.000674,0.0,104
1,1,1,1,0,0,0,1,0,1,1,1,8,15,6,bridge_close_cif.y4m,49.89,49.916,0.114149,0.000642,0.0,131
1,0,1,1,0,0,0,0,0,0,0,0,2,0,3,bridge_close_cif.y4m,35.38,35.404,0.132212,0.000853,0.0,69
1,0,1,0,1,0,1,0,0,0,0,0,2,0,3,bridge_close_cif.y4m,29.33,29.376,0.088204,0.000814,0.0,220
1,1,1,1,0,0,1,1,0,1,1,1,8,15,6,bridge_close_cif.y4m,55.72,55.77,0.122066,0.000656,0.0,11
1,1,1,1,0,0,1,1,0,1,0,0,4,15,6,bridge_close_cif.y4m,55.8,55.794,0.155338,0.000656,0.0,258
1,0,1,0,1,0,1,0,0,0,0,0,2,15,3,bridge_close_cif.y4m,29.39,29.404,0.127004,0.000814,0.0,65
1,0,1,0,0,1,1,0,0,0,0,0,2,15,0,bridge_close_cif.y4m,35.89,35.938,0.10616,0.000816,0.0,160
1,0,1,0,0,1,1,0,0,0,0,0,8,0,0,bridge_close_cif.y4m,35.95,36.006,0.107842,0.000816,0.0,238
1,1,1,1,0,0,0,1,0,0,0,0,4,0,0,bridge_close_cif.y4m,47.08,47.002,0.205597,0.000661,0.0,57
1,1,1,0,1,0,0,1,0,1,0,1,2,0,0,bridge_close_cif.y4m,30.95,30.94,0.153623,0.000662,0.0,79
1,0,1,0,1,0,1,0,0,0,1,0,4,15,3,bridge_close_cif.y4m,29.39,29.386,0.073007,0.000814,0.0,224
1,1,1,0,1,0,0,1,0,1,0,0,2,0,3,bridge_close_cif.y4m,31.57,31.588,0.116919,0.000664,0.0,48
1,0,1,0,1,0,1,0,0,0,0,1,8,0,6,bridge_close_cif.y4m,29.36,29.464,0.214779,0.000813,0.0,173
1,1,1,1,0,0,1,1,0,0,1,1,1,0,0,bridge_close_cif.y4m,50.99,51.052,0.191494,0.000691,0.0,283
1,0,1,0,1,0,0,0,0,0,0,0,1,0,6,bridge_close_cif.y4m,25.57,25.592,0.058907,0.000853,0.0,190
1,0,1,0,1,0,1,0,0,1,1,1,4,0,6,bridge_close_cif.y4m,29.32,29.32,0.056125,0.000814,0.0,259
1,0,1,1,0,0,0,0,0,0,0,1,1,15,3,bridge_close_cif.y4m,35.65,35.658,0.09985,0.000854,0.0,7
1,0,1,0,0,1,0,0,0,0,0,1,2,5,0,bridge_close_cif.y4m,32.47,32.38,0.151822,0.000863,0.0,73
1,1,1,1,0,0,1,1,0,0,0,0,2,0,6,bridge_close_cif.y4m,51.62,51.586,0.135204,0.00068,0.0,63
1,0,1,0,0,1,1,0,0,1,1,0,2,15,3,bridge_close_cif.y4m,35.85,35.828,0.181852,0.000816,0.0,284
1,0,1,1,0,0,1,0,0,1,0,1,8,15,6,bridge_close_cif.y4m,38.76,38.778,0.12112,0.000812,0.0,250
1,1,1,0,1,0,0,1,0,0,0,0,2,5,0,bridge_close_cif.y4m,31.71,31.702,0.102811,0.000661,0.0,209
1,0,1,0,1,0,1,0,0,0,0,1,4,5,3,bridge_close_cif.y4m,29.36,29.35,0.088882,0.000813,0.0,138
1,1,1,1,0,0,0,0,1,1,1,0,1,0,0,bridge_close_cif.y4m,33.42,33.418,0.0614,0.000647,0.0,135
1,1,1,1,0,0,1,1,0,1,1,0,4,5,3,bridge_close_cif.y4m,52.27,52.34,0.195832,0.000677,0.0,264
1,1,1,1,0,0,0,1,0,1,1,0,2,0,6,bridge_close_cif.y4m,46.4,46.388,0.103779,0.000661,0.0,215
1,0,1,0,0,1,0,0,0,0,1,1,4,5,3,bridge_close_cif.y4m,32.35,32.35,0.146116,0.000864,0.0,50
1,0,1,1,0,0,0,0,0,1,1,0,4,0,6,bridge_close_cif.y4m,35.86,35.788,0.127554,0.000853,0.0,98
1,1,1,1,0,0,0,1,0,1,1,0,1,15,0,bridge_close_cif.y4m,47.22,47.278,0.120083,0.000661,0.0,140
1,1,1,1,0,0,0,1,0,0,1,1,1,0,3,bridge_close_cif.y4m,45.54,45.538,0.165741,0.00066,0.0,113
1,0,1,0,1,0,1,0,0,1,1,0,1,0,6,bridge_close_cif.y4m,29.07,29.09,0.108628,0.000814,0.0,3
1,0,1,0,0,1,0,0,0,1,1,1,8,0,0,bridge_close_cif.y4m,32.35,32.408,0.127554,0.000864,0.0,149
1,0,1,1,0,0,0,0,0,0,1,1,8,5,6,bridge_close_cif.y4m,35.8,35.792,0.145155,0.000853,0.0,153
1,1,1,1,0,0,1,1,0,1,1,0,2,15,6,bridge_close_cif.y4m,55.81,55.826,0.176295,0.000656,0.0,133
1,0,1,1,0,0,0,0,0,0,0,0,1,0,3,bridge_close_cif.y4m,35.74,35.788,0.129112,0.000853,0.0,191
1,1,1,0,1,0,0,1,0,1,0,1,1,0,6,bridge_close_cif.y4m,30.96,30.96,0.10025,0.000662,0.0,100
1,0,1,1,0,0,1,0,0,0,1,0,4,0,3,bridge_close_cif.y4m,38.4,38.388,0.09985,0.000812,0.0,85
1,0,1,0,0,1,1,0,0,0,0,0,2,0,3,bridge_close_cif.y4m,36.05,36.09,0.102956,0.000816,0.0,88
1,0,1,0,1,0,1,0,0,1,1,0,4,15,6,bridge_close_cif.y4m,29.28,29.32,0.081854,0.000814,0.0,31
1,0,1,0,0,1,1,0,0,0,0,0,4,5,3,bridge_close_cif.y4m,35.93,35.94,0.108397,0.000816,0.0,134
1,1,1,0,1,0,1,1,0,1,1,1,8,0,3,bridge_close_cif.y4m,34.34,34.356,0.092358,0.000681,0.0,147
1,1,1,1,0,0,0,1,0,0,1,1,4,15,6,bridge_close_cif.y4m,49.71,49.736,0.118659,0.000642,0.0,275
1,0,1,0,0,1,1,0,0,0,1,0,4,15,3,bridge_close_cif.y4m,35.8,35.828,0.09471,0.000816,0.0,143
1,1,1,0,1,0,1,1,0,1,0,0,1,5,6,bridge_close_cif.y4m,35.04,35.008,0.066106,0.000667,0.0,8
1,1,1,1,0,0,1,1,0,0,1,1,4,5,3,bridge_close_cif.y4m,52.4,52.35,0.150499,0.000677,0.0,216
1,0,1,1,0,0,1,0,0,1,0,0,1,0,3,bridge_close_cif.y4m,38.28,38.302,0.111893,0.000812,0.0,214
1,0,1,0,0,1,0,0,0,0,0,0,1,5,0,bridge_close_cif.y4m,32.34,32.376,0.087636,0.000864,0.0,17
1,0,1,0,0,1,1,0,0,0,0,0,1,5,0,bridge_close_cif.y4m,36.03,36.034,0.102127,0.000816,0.0,206
1,0,1,0,1,0,0,0,0,1,1,1,8,15,0,bridge_close_cif.y4m,25.64,25.638,0.021679,0.000853,0.0,36
1,1,1,0,1,0,1,1,0,0,0,0,4,15,3,bridge_close_cif.y4m,34.74,34.714,0.104785,0.000674,0.0,6
1,0,1,1,0,0,1,0,0,0,0,1,1,0,6,bridge_close_cif.y4m,38.72,38.678,0.157067,0.000812,0.0,5
1,0,1,1,0,0,1,0,0,0,0,0,8,15,6,bridge_close_cif.y4m,38.76,38.744,0.068044,0.000812,0.0,164
1,0,1,0,0,1,0,0,0,1,0,0,8,0,6,bridge_close_cif.y4m,32.47,32.436,0.151096,0.000864,0.0,97
1,0,1,1,0,0,0,0,0,0,1,0,2,5,3,bridge_close_cif.y4m,35.37,35.442,0.14025,0.000853,0.0,236
1,1,1,0,1,0,1,1,0,0,0,0,8,5,0,bridge_close_cif.y4m,34.5,34.502,0.073959,0.000694,0.0,71
1,1,1,0,1,0,1,1,0,1,0,1,2,0,3,bridge_close_cif.y4m,34.04,34.036,0.098133,0.000682,0.0,295
1,0,1,1,0,0,1,0,0,1,1,0,8,5,3,bridge_close_cif.y4m,38.32,38.3,0.082765,0.000812,0.0,286
1,0,1,0,1,0,0,0,0,0,0,1,1,5,0,bridge_close_cif.y4m,25.38,25.36,0.077136,0.000852,0.0,34
1,0,1,0,1,0,1,0,0,1,1,1,1,5,3,bridge_close_cif.y4m,29.38,29.378,0.040249,0.000813,0.0,240
1,0,1,0,0,1,1,0,0,0,0,1,4,15,3,bridge_close_cif.y4m,36.12,36.084,0.101143,0.000817,0.0,18
1,0,1,0,1,0,0,0,0,0,1,0,8,0,6,bridge_close_cif.y4m,25.91,25.904,0.043359,0.000853,0.0,102
1,1,1,1,0,0,1,0,1,0,1,0,4,0,0,bridge_close_cif.y4m,35.81,35.706,0.184472,0.000651,0.0,51
1,1,1,1,0,0,1,1,0,0,0,1,4,15,6,bridge_close_cif.y4m,51.39,51.316,0.168315,0.000659,0.0,282
1,0,1,0,1,0,1,0,0,1,1,1,1,0,3,bridge_close_cif.y4m,29.29,29.336,0.123004,0.000813,0.0,77
1,0,1,1,0,0,1,0,0,0,1,0,2,0,3,bridge_close_cif.y4m,38.83,38.83,0.027386,0.000812,0.0,128
1,1,1,0,1,0,1,1,0,0,0,0,2,5,3,bridge_close_cif.y4m,35.78,35.762,0.093381,0.000678,0.0,234
1,0,1,1,0,0,0,0,0,0,1,1,1,0,0,bridge_close_cif.y4m,35.75,35.714,0.12502,0.000854,0.0,252
1,0,1,1,0,0,1,0,0,0,0,1,4,0,3,bridge_close_cif.y4m,39.16,39.132,0.079498,0.000812,0.0,28
1,0,1,0,0,1,1,0,0,1,1,1,8,15,3,bridge_close_cif.y4m,36.09,36.026,0.117175,0.000816,0.0,139
1,0,1,0,0,1,0,0,0,0,0,1,1,5,0,bridge_close_cif.y4m,32.43,32.46,0.097468,0.000863,0.0,158
1,1,1,0,1,0,1,1,0,1,0,1,8,5,3,bridge_close_cif.y4m,34.14,34.148,0.076616,0.000675,0.0,152
1,0,1,1,0,0,1,0,0,1,0,0,2,0,6,bridge_close_cif.y4m,38.68,38.712,0.126372,0.000812,0.0,12
1,1,1,0,1,0,0,1,0,0,0,1,4,15,3,bridge_close_cif.y4m,32.06,32.068,0.052154,0.000651,0.0,294
1,1,1,0,1,0,0,1,0,0,0,1,8,15,3,bridge_close_cif.y4m,32.11,32.112,0.088431,0.000651,0.0,154
1,1,1,1,0,0,0,1,0,1,0,0,2,15,6,bridge_close_cif.y4m,49.73,49.764,0.1501,0.000642,0.0,157
1,0,1,1,0,0,1,0,0,1,1,1,2,0,3,bridge_close_cif.y4m,38.65,38.746,0.180914,0.000812,0.0,150
1,1,1,0,1,0,1,1,0,0,1,0,8,0,6,bridge_close_cif.y4m,34.47,34.456,0.068411,0.000681,0.0,287
1,0,1,0,1,0,0,0,0,1,1,0,1,0,3,bridge_close_cif.y4m,25.91,25.9,0.080312,0.000853,0.0,297
1,0,1,0,0,1,0,0,0,1,1,0,8,15,0,bridge_close_cif.y4m,32.29,32.322,0.140961,0.000864,0.0,263
1,1,1,0,1,0,0,1,0,1,1,1,1,5,3,bridge_close_cif.y4m,31.52,31.524,0.023022,0.000656,0.0,255
1,0,1,1,0,0,0,0,0,1,1,0,8,15,3,bridge_close_cif.y4m,35.74,35.786,0.114586,0.000853,0.0,115
1,0,1,0,0,1,1,0,0,1,0,1,4,15,3,bridge_close_cif.y4m,35.91,35.97,0.160156,0.000817,0.0,188
1,0,1,0,0,1,1,0,0,0,0,1,8,0,6,bridge_close_cif.y4m,36.15,36.108,0.083187,0.000817,0.0,212
1,0,1,1,0,0,1,0,0,0,0,1,1,15,3,bridge_close_cif.y4m,38.79,38.784,0.069138,0.000812,0.0,195
1,0,1,0,1,0,0,0,0,0,1,1,2,15,0,bridge_close_cif.y4m,25.97,25.944,0.061074,0.000853,0.0,119
1,0,1,1,0,0,0,0,0,1,0,1,4,15,0,bridge_close_cif.y4m,35.72,35.656,0.121367,0.000854,0.0,58
1,0,1,0,1,0,1,0,0,1,0,1,4,0,6,bridge_close_cif.y4m,29.37,29.354,0.128957,0.000813,0.0,277
1,0,1,0,1,0,1,0,0,0,1,1,4,5,6,bridge_close_cif.y4m,29.29,29.266,0.064653,0.000814,0.0,64
1,1,1,0,1,0,1,1,0,1,0,0,2,0,0,bridge_close_cif.y4m,34.47,34.442,0.073959,0.000681,0.0,285
1,1,1,0,1,0,1,1,0,1,0,0,4,0,0,bridge_close_cif.y4m,34.32,34.306,0.114586,0.000681,0.0,290
1,0,1,1,0,0,0,0,0,1,0,1,8,5,6,bridge_close_cif.y4m,35.52,35.582,0.154661,0.000854,0.0,196
1,1,1,1,0,0,1,0,1,1,1,1,1,0,0,bridge_close_cif.y4m,35.83,35.838,0.08167,0.000661,0.0,93
1,0,1,1,0,0,1,0,0,0,1,1,4,5,6,bridge_close_cif.y4m,38.84,38.848,0.151228,0.000812,0.0,299
1,0,1,1,0,0,0,0,0,1,0,0,2,5,0,bridge_close_cif.y4m,35.69,35.718,0.060992,0.000853,0.0,125
1,1,1,0,1,0,0,1,0,1,0,1,2,15,6,bridge_close_cif.y4m,32.06,32.052,0.087579,0.000642,0.0,21
1,0,1,0,1,0,0,0,0,1,0,1,2,0,0,bridge_close_cif.y4m,25.72,25.758,0.086718,0.000852,0.0,225
1,0,1,0,1,0,0,0,0,1,0,0,2,5,0,bridge_far_cif.y4m,32.99,33.026,0.082644,0.000736,0.0,114
1,1,1,1,0,0,0,0,1,0,0,1,1,0,0,bridge_far_cif.y4m,690.54,690.722,0.459369,0.000779,0.0,281
1,1,1,1,0,0,0,1,0,1,1,0,2,5,0,bridge_far_cif.y4m,803.13,803.094,0.414162,0.000761,0.0,49
1,0,1,0,0,1,1,0,0,0,0,0,2,15,6,bridge_far_cif.y4m,70.88,70.892,0.296597,0.000739,0.0,194
1,0,1,1,0,0,0,0,0,0,0,0,2,0,6,bridge_far_cif.y4m,676.67,676.764,0.274463,0.000737,0.0,62
1,1,1,0,1,0,0,1,0,1,1,1,1,15,3,bridge_far_cif.y4m,50.28,50.248,0.129692,0.000735,0.0,91
1,0,1,0,0,1,1,0,0,0,0,0,4,0,6,bridge_far_cif.y4m,71.62,71.658,0.144118,0.000739,0.0,107
1,0,1,1,0,0,1,0,0,0,0,1,4,5,3,bridge_far_cif.y4m,672.85,672.846,0.478571,0.000732,0.0,181
1,0,1,0,1,0,1,0,0,0,0,0,4,5,0,bridge_far_cif.y4m,33.62,33.586,0.069138,0.000729,0.0,247
1,0,1,1,0,0,0,0,0,1,1,0,4,5,3,bridge_far_cif.y4m,676.63,676.684,0.484902,0.000737,0.0,166
1,0,1,0,0,1,0,0,0,0,1,1,4,0,0,bridge_far_cif.y4m,74.79,74.878,0.264802,0.000761,0.0,25
1,1,1,0,1,0,0,1,0,0,0,1,8,0,6,bridge_far_cif.y4m,54.99,54.93,0.128062,0.000765,0.0,203
1,1,1,1,0,0,1,1,0,1,1,1,4,5,6,bridge_far_cif.y4m,784.94,784.726,0.498126,0.000766,0.0,219
1,0,1,0,0,1,0,0,0,0,0,0,4,15,0,bridge_far_cif.y4m,74.6,74.67,0.232916,0.000759,0.0,162
1,0,1,1,0,0,1,0,0,0,1,0,4,15,6,bridge_far_cif.y4m,672.71,672.538,0.447124,0.000727,0.0,182
1,0,1,0,0,1,0,0,0,1,1,0,1,15,6,bridge_far_cif.y4m,74.58,74.542,0.113225,0.000759,0.0,10
1,1,1,1,0,0,1,1,0,1,1,1,2,15,0,bridge_far_cif.y4m,806.94,807.008,0.287263,0.000791,0.0,14
1,1,1,1,0,0,0,1,0,0,0,1,1,0,6,bridge_far_cif.y4m,760.27,760.356,0.466562,0.000763,0.0,89
1,1,1,1,0,0,0,1,0,1,1,1,1,5,0,bridge_far_cif.y4m,801.05,801.048,0.190709,0.000764,0.0,116
1,0,1,1,0,0,0,0,0,0,1,1,4,15,3,bridge_far_cif.y4m,675.75,675.69,0.568683,0.000736,0.0,217
1,1,1,0,1,0,0,1,0,0,1,0,1,0,0,bridge_far_cif.y4m,54.85,54.894,0.126016,0.000764,0.0,75
1,1,1,0,1,0,0,1,0,1,1,1,2,15,6,bridge_far_cif.y4m,46.38,46.308,0.178802,0.000728,0.0,266
1,0,1,1,0,0,1,0,0,0,1,1,4,15,3,bridge_far_cif.y4m,672.54,672.56,0.105594,0.000732,0.0,268
1,0,1,0,1,0,1,0,0,1,1,1,4,15,3,bridge_far_cif.y4m,33.63,33.632,0.073959,0.000729,0.0,187
1,0,1,0,0,1,1,0,0,0,1,0,8,15,3,bridge_far_cif.y4m,71.43,71.55,0.251496,0.000739,0.0,161
1,0,1,0,1,0,1,0,0,0,1,0,2,0,6,bridge_far_cif.y4m,33.62,33.596,0.04827,0.000729,0.0,23
1,1,1,1,0,0,0,1,0,1,1,0,2,5,6,bridge_far_cif.y4m,792.88,792.732,0.530914,0.000725,0.0,2
1,1,1,1,0,0,1,0,1,1,0,1,2,0,0,bridge_far_cif.y4m,707.34,707.43,0.150665,0.000795,0.0,16
1,0,1,1,0,0,0,0,0,1,1,1,8,15,0,bridge_far_cif.y4m,675.51,675.658,0.579802,0.000736,0.0,262
1,1,1,1,0,0,0,1,0,1,1,0,4,5,0,bridge_far_cif.y4m,803.17,803.186,0.34703,0.000761,0.0,66
1,0,1,1,0,0,0,0,0,1,0,0,2,0,0,bridge_far_cif.y4m,676.37,676.414,0.402654,0.000737,0.0,86
1,0,1,0,1,0,1,0,0,0,1,0,2,5,6,bridge_far_cif.y4m,33.64,33.608,0.09094,0.000729,0.0,231
1,0,1,0,1,0,0,0,0,0,0,0,4,5,0,bridge_far_cif.y4m,32.83,32.904,0.13409,0.000736,0.0,269
1,1,1,0,1,0,1,1,0,0,1,0,1,5,0,bridge_far_cif.y4m,53.96,54.018,0.117132,0.000803,0.0,180
1,0,1,0,0,1,0,0,0,0,1,0,4,5,6,bridge_far_cif.y4m,74.67,74.666,0.082946,0.000759,0.0,274
1,1,1,1,0,0,0,1,0,1,1,0,2,15,6,bridge_far_cif.y4m,789.71,789.946,0.678734,0.000714,0.0,184
1,0,1,0,0,1,1,0,0,0,0,1,4,5,0,bridge_far_cif.y4m,71.45,71.372,0.143944,0.000762,0.0,118
1,1,1,1,0,0,0,1,0,0,0,0,1,0,6,bridge_far_cif.y4m,761.07,760.98,0.467868,0.000762,0.0,254
1,0,1,1,0,0,1,0,0,0,1,1,4,5,0,bridge_far_cif.y4m,672.5,672.77,0.850059,0.000732,0.0,208
1,0,1,0,0,1,1,0,0,1,1,0,4,5,6,bridge_far_cif.y4m,71.58,71.644,0.257546,0.000739,0.0,279
1,1,1,1,0,0,0,1,0,0,1,1,4,15,3,bridge_far_cif.y4m,804.6,804.588,0.193054,0.00073,0.0,229
1,0,1,0,0,1,1,0,0,1,1,1,1,0,0,bridge_far_cif.y4m,71.33,71.408,0.225211,0.000762,0.0,46
1,0,1,0,0,1,0,0,0,1,1,1,4,5,6,bridge_far_cif.y4m,74.75,74.814,0.225122,0.000761,0.0,171
1,1,1,1,0,0,0,1,0,0,1,0,2,5,0,bridge_far_cif.y4m,803.36,803.458,0.345355,0.000761,0.0,99
1,0,1,0,0,1,0,0,0,0,0,0,8,0,0,bridge_far_cif.y4m,74.61,74.634,0.053198,0.000759,0.0,81
1,1,1,1,0,0,1,1,0,1,0,1,8,5,0,bridge_far_cif.y4m,794.22,794.236,0.239123,0.000794,0.0,155
1,0,1,0,1,0,0,0,0,1,0,1,1,15,6,bridge_far_cif.y4m,32.32,32.376,0.114586,0.000735,0.0,96
1,1,1,1,0,0,0,1,0,1,1,1,8,0,0,bridge_far_cif.y4m,760.5,760.418,0.442346,0.000763,0.0,218
1,1,1,1,0,0,1,1,0,1,1,0,8,0,6,bridge_far_cif.y4m,754.86,754.946,0.319812,0.000795,0.0,53
1,1,1,0,1,0,1,0,1,0,0,0,2,0,0,bridge_far_cif.y4m,36.1,36.116,0.066558,0.000795,0.0,109
1,0,1,0,1,0,0,0,0,0,1,0,4,5,6,bridge_far_cif.y4m,32.99,32.984,0.075366,0.000736,0.0,185
1,1,1,1,0,0,0,1,0,0,1,1,2,0,0,bridge_far_cif.y4m,760.16,760.262,0.529122,0.000763,0.0,239
1,0,1,1,0,0,0,0,0,0,0,1,2,0,0,bridge_far_cif.y4m,675.56,675.584,0.08961,0.000736,0.0,276
1,0,1,1,0,0,1,0,0,0,0,1,4,0,6,bridge_far_cif.y4m,672.53,672.598,0.191233,0.000732,0.0,257
1,0,1,0,0,1,0,0,0,1,1,0,1,5,0,bridge_far_cif.y4m,74.48,74.57,0.203715,0.000759,0.0,42
1,1,1,0,1,0,1,1,0,0,0,0,2,15,3,bridge_far_cif.y4m,47.62,47.638,0.100598,0.000786,0.0,204
1,0,1,1,0,0,1,0,0,1,0,1,2,15,6,bridge_far_cif.y4m,672.56,672.476,0.455719,0.000732,0.0,145
1,0,1,0,1,0,0,0,0,0,0,0,2,0,3,bridge_far_cif.y4m,32.9,32.864,0.092898,0.000736,0.0,246
1,1,1,1,0,0,0,1,0,0,1,1,8,0,0,bridge_far_cif.y4m,760.76,760.566,0.294075,0.000763,0.0,202
1,1,1,0,1,0,0,1,0,1,0,0,2,5,3,bridge_far_cif.y4m,49.32,49.278,0.183221,0.000743,0.0,70
1,0,1,0,1,0,0,0,0,0,1,0,1,5,3,bridge_far_cif.y4m,33.04,33.014,0.109909,0.000736,0.0,230
1,0,1,0,1,0,1,0,0,0,0,0,4,15,6,bridge_far_cif.y4m,33.56,33.572,0.074632,0.000729,0.0,267
1,1,1,1,0,0,1,1,0,0,0,1,8,5,3,bridge_far_cif.y4m,803.34,803.648,1.348136,0.000774,0.0,146
1,0,1,0,1,0,1,0,0,0,0,1,2,15,0,bridge_far_cif.y4m,33.67,33.644,0.135757,0.000729,0.0,27
1,0,1,0,1,0,1,0,0,0,1,1,8,0,3,bridge_far_cif.y4m,33.59,33.616,0.086776,0.000729,0.0,137
1,1,1,1,0,0,0,1,0,0,1,1,2,15,0,bridge_far_cif.y4m,800.25,800.184,0.327384,0.000757,0.0,189
1,1,1,0,1,0,1,1,0,1,0,0,4,15,0,bridge_far_cif.y4m,53.58,53.538,0.184038,0.000804,0.0,132
1,1,1,1,0,0,0,0,1,1,0,1,8,0,0,bridge_far_cif.y4m,690.49,690.642,0.380092,0.000779,0.0,169
1,0,1,0,0,1,0,0,0,0,0,0,1,5,6,bridge_far_cif.y4m,74.71,74.676,0.231257,0.000759,0.0,33
1,0,1,1,0,0,0,0,0,0,1,1,8,15,0,bridge_far_cif.y4m,675.38,675.312,0.311641,0.000736,0.0,205
1,0,1,1,0,0,0,0,0,1,0,1,2,0,0,bridge_far_cif.y4m,675.5,676.12,1.55806,0.000736,0.0,245
1,1,1,0,1,0,1,1,0,0,1,1,1,15,0,bridge_far_cif.y4m,53.52,53.544,0.12973,0.0008,0.0,298
1,0,1,1,0,0,1,0,0,1,1,0,2,5,6,bridge_far_cif.y4m,667.12,667.096,0.331632,0.000727,0.0,163
1,1,1,1,0,0,0,1,0,0,0,0,1,5,0,bridge_far_cif.y4m,797.8,797.818,0.27013,0.000761,0.0,123
1,0,1,0,0,1,1,0,0,1,0,0,4,15,0,bridge_far_cif.y4m,71.45,71.434,0.124218,0.000739,0.0,4
1,0,1,0,0,1,1,0,0,1,1,0,8,5,6,bridge_far_cif.y4m,71.56,71.514,0.197939,0.000739,0.0,141
1,1,1,0,1,0,0,1,0,1,0,0,8,5,6,bridge_far_cif.y4m,48.94,48.966,0.045607,0.000728,0.0,129
1,1,1,0,1,0,1,1,0,1,1,0,4,5,3,bridge_far_cif.y4m,50.08,50.114,0.19152,0.000792,0.0,159
1,0,1,0,0,1,1,0,0,1,0,0,1,0,0,bridge_far_cif.y4m,71.5,71.492,0.204132,0.000739,0.0,22
1,0,1,0,0,1,0,0,0,1,0,1,2,0,6,bridge_far_cif.y4m,74.85,74.792,0.129112,0.000761,0.0,175
1,1,1,1,0,0,0,1,0,1,1,1,8,5,6,bridge_far_cif.y4m,794.39,794.218,0.543249,0.000725,0.0,151
1,1,1,0,1,0,0,1,0,0,1,0,2,5,0,bridge_far_cif.y4m,54.33,54.284,0.165922,0.000767,0.0,52
1,0,1,0,0,1,0,0,0,0,0,1,4,0,3,bridge_far_cif.y4m,74.83,74.824,0.125817,0.000761,0.0,108
1,0,1,0,1,0,1,0,0,0,0,1,8,15,0,bridge_far_cif.y4m,33.27,33.276,0.120955,0.000729,0.0,72
1,0,1,1,0,0,1,0,0,1,1,0,8,0,6,bridge_far_cif.y4m,673.03,672.886,0.264254,0.000727,0.0,248
1,1,1,1,0,0,1,1,0,1,1,0,8,5,6,bridge_far_cif.y4m,792.0,791.978,0.409536,0.000769,0.0,174
1,0,1,1,0,0,1,0,0,1,1,1,8,0,3,bridge_far_cif.y4m,672.63,672.668,0.169765,0.000732,0.0,130
1,1,1,0,1,0,1,1,0,1,1,1,8,15,0,bridge_far_cif.y4m,53.63,53.548,0.175556,0.0008,0.0,168
1,0,1,0,0,1,1,0,0,1,0,1,8,0,6,bridge_far_cif.y4m,71.43,71.486,0.138672,0.000762,0.0,198
1,0,1,0,0,1,1,0,0,1,1,0,1,0,3,bridge_far_cif.y4m,71.52,71.506,0.124218,0.000739,0.0,83
1,1,1,1,0,0,1,1,0,0,1,0,1,0,3,bridge_far_cif.y4m,755.05,755.096,0.25706,0.000795,0.0,291
1,0,1,0,1,0,0,0,0,1,1,0,1,0,6,bridge_far_cif.y4m,32.9,32.914,0.114586,0.000736,0.0,237
1,0,1,0,0,1,0,0,0,1,1,1,2,15,3,bridge_far_cif.y4m,74.68,74.78,0.279016,0.000761,0.0,90
1,1,1,1,0,0,1,1,0,0,0,1,1,15,0,bridge_far_cif.y4m,806.72,806.664,0.304023,0.000791,0.0,87
1,0,1,1,0,0,1,0,0,1,0,0,1,5,0,bridge_far_cif.y4m,667.0,667.176,0.324854,0.000727,0.0,74
1,0,1,0,0,1,0,0,0,1,0,0,2,0,3,bridge_far_cif.y4m,74.54,74.63,0.207364,0.000759,0.0,201
1,0,1,0,1,0,0,0,0,1,0,1,1,0,0,bridge_far_cif.y4m,32.26,32.254,0.093702,0.000735,0.0,183
1,0,1,1,0,0,0,0,0,0,0,0,4,0,6,bridge_far_cif.y4m,670.98,671.172,0.536395,0.000737,0.0,227
1,1,1,0,1,0,1,1,0,0,0,0,1,15,6,bridge_far_cif.y4m,44.42,44.404,0.081117,0.000772,0.0,222
1,0,1,0,0,1,0,0,0,0,1,0,8,0,6,bridge_far_cif.y4m,74.64,74.678,0.172829,0.000759,0.0,55
1,0,1,1,0,0,0,0,0,0,1,1,2,5,0,bridge_far_cif.y4m,675.43,675.646,0.430616,0.000736,0.0,142
1,0,1,1,0,0,1,0,0,1,0,1,1,5,6,bridge_far_cif.y4m,672.5,672.456,0.207557,0.000732,0.0,124
1,0,1,1,0,0,1,0,0,0,0,0,8,0,0,bridge_far_cif.y4m,672.78,672.688,0.47741,0.000727,0.0,95
1,0,1,1,0,0,1,0,0,1,0,0,2,15,0,bridge_far_cif.y4m,672.73,672.634,0.52932,0.000727,0.0,241
1,0,1,0,1,0,0,0,0,0,1,1,1,5,3,bridge_far_cif.y4m,32.3,32.216,0.12818,0.000735,0.0,289
1,0,1,1,0,0,1,0,0,1,1,0,1,5,0,bridge_far_cif.y4m,672.78,672.732,0.411667,0.000727,0.0,278
1,1,1,0,1,0,0,1,0,1,1,0,1,0,6,bridge_far_cif.y4m,54.92,54.942,0.089554,0.000764,0.0,176
1,0,1,0,0,1,1,0,0,0,1,0,8,5,0,bridge_far_cif.y4m,71.55,71.61,0.144049,0.000739,0.0,122
1,0,1,0,0,1,0,0,0,0,1,0,4,0,6,bridge_far_cif.y4m,74.67,74.738,0.205353,0.000759,0.0,30
1,1,1,0,1,0,0,1,0,0,0,0,2,0,6,bridge_far_cif.y4m,55.03,54.994,0.074027,0.000764,0.0,251
1,0,1,1,0,0,0,0,0,0,0,1,1,0,0,bridge_far_cif.y4m,675.51,675.524,0.131453,0.000736,0.0,120
1,0,1,1,0,0,0,0,0,0,0,1,2,15,6,bridge_far_cif.y4m,675.69,675.926,1.175598,0.000736,0.0,144
1,0,1,0,1,0,1,0,0,0,0,0,1,0,3,bridge_far_cif.y4m,33.61,33.572,0.107098,0.000729,0.0,265
1,1,1,0,1,0,0,1,0,0,1,0,2,0,6,bridge_far_cif.y4m,54.39,54.372,0.170499,0.000764,0.0,260
1,1,1,0,1,0,0,1,0,0,0,1,1,0,3,bridge_far_cif.y4m,55.01,55.006,0.202312,0.000765,0.0,78
1,0,1,0,1,0,0,0,0,0,1,1,8,15,3,bridge_far_cif.y4m,32.38,32.354,0.061887,0.000735,0.0,84
1,0,1,1,0,0,1,0,0,1,0,0,4,15,3,bridge_far_cif.y4m,667.33,667.38,0.494419,0.000727,0.0,296
1,0,1,0,0,1,0,0,0,0,0,1,2,5,6,bridge_far_cif.y4m,74.85,74.832,0.164378,0.000761,0.0,232
1,0,1,0,0,1,1,0,0,0,1,0,4,15,6,bridge_far_cif.y4m,71.5,71.512,0.071204,0.000739,0.0,213
1,1,1,0,1,0,0,1,0,0,1,1,8,15,3,bridge_far_cif.y4m,50.17,50.12,0.098995,0.000735,0.0,94
1,0,1,0,1,0,0,0,0,0,1,1,1,5,0,bridge_far_cif.y4m,32.19,32.212,0.109179,0.000735,0.0,178
1,0,1,1,0,0,1,0,0,1,0,0,4,0,0,bridge_far_cif.y4m,672.78,672.792,0.329044,0.000727,0.0,127
1,1,1,0,1,0,1,1,0,0,1,0,8,5,6,bridge_far_cif.y4m,47.37,47.368,0.126372,0.000787,0.0,111
1,0,1,0,1,0,0,0,0,0,0,1,1,0,6,bridge_far_cif.y4m,32.36,32.344,0.155981,0.000735,0.0,92
1,1,1,1,0,0,0,1,0,0,1,0,8,15,6,bridge_far_cif.y4m,783.94,783.882,0.28943,0.000714,0.0,54
1,0,1,0,0,1,0,0,0,0,0,1,2,15,0,bridge_far_cif.y4m,74.8,74.778,0.208734,0.000761,0.0,45
1,0,1,1,0,0,0,0,0,1,0,0,4,0,6,bridge_far_cif.y4m,670.89,671.024,0.291084,0.000737,0.0,226
1,1,1,1,0,0,1,1,0,1,0,0,8,5,0,bridge_far_cif.y4m,798.77,798.81,0.346627,0.000789,0.0,200
1,0,1,0,0,1,1,0,0,1,0,1,8,5,6,bridge_far_cif.y4m,71.45,71.406,0.146561,0.000762,0.0,59
1,1,1,0,1,0,1,0,1,0,0,1,2,0,0,bridge_far_cif.y4m,36.37,36.362,0.091214,0.000801,0.0,19
1,1,1,1,0,0,0,1,0,1,0,0,2,15,0,bridge_far_cif.y4m,809.18,809.098,0.266964,0.000755,0.0,47
1,1,1,0,1,0,1,1,0,0,0,1,4,5,6,bridge_far_cif.y4m,46.52,46.542,0.094181,0.000792,0.0,32
1,1,1,0,1,0,0,1,0,1,0,0,1,5,6,bridge_far_cif.y4m,48.97,49.004,0.114149,0.000728,0.0,170
1,0,1,0,0,1,0,0,0,1,1,0,1,15,0,bridge_far_cif.y4m,74.75,74.818,0.149231,0.000759,0.0,270
1,0,1,1,0,0,1,0,0,1,0,1,4,15,6,bridge_far_cif.y4m,672.42,672.408,0.297943,0.000732,0.0,207
1,1,1,0,1,0,0,1,0,1,1,1,1,5,6,bridge_far_cif.y4m,48.33,48.236,0.202682,0.00073,0.0,43
1,0,1,0,1,0,1,0,0,0,1,1,1,0,3,bridge_far_cif.y4m,33.73,33.688,0.140961,0.000729,0.0,40
1,1,1,0,1,0,0,1,0,0,1,1,1,5,3,bridge_far_cif.y4m,50.05,50.004,0.090719,0.000744,0.0,117
1,0,1,0,0,1,0,0,0,0,1,0,8,15,6,bridge_far_cif.y4m,74.63,74.588,0.41288,0.000759,0.0,253
1,0,1,1,0,0,0,0,0,1,0,0,1,15,3,bridge_far_cif.y4m,676.34,676.53,0.505964,0.000737,0.0,68
1,1,1,1,0,0,0,1,0,1,1,1,1,15,6,bridge_far_cif.y4m,792.01,791.972,0.16769,0.000714,0.0,186
1,1,1,0,1,0,1,1,0,0,0,1,8,15,3,bridge_far_cif.y4m,47.5,47.492,0.08167,0.00078,0.0,288
1,1,1,0,1,0,0,1,0,0,0,0,2,0,0,bridge_far_cif.y4m,54.83,54.784,0.097622,0.000764,0.0,15
1,0,1,1,0,0,0,0,0,0,1,1,2,15,3,bridge_far_cif.y4m,675.39,675.46,0.368103,0.000736,0.0,82
1,1,1,1,0,0,0,1,0,0,0,0,4,15,6,bridge_far_cif.y4m,789.89,790.036,0.359694,0.000714,0.0,211
1,0,1,0,1,0,1,0,0,1,1,1,8,15,6,bridge_far_cif.y4m,33.65,33.636,0.101143,0.000729,0.0,177
1,1,1,0,1,0,0,1,0,1,1,1,2,5,3,bridge_far_cif.y4m,50.08,50.054,0.14639,0.000744,0.0,210
1,0,1,1,0,0,0,0,0,1,1,1,2,0,3,bridge_far_cif.y4m,675.37,675.76,1.200521,0.000736,0.0,13
1,0,1,0,1,0,1,0,0,0,0,1,2,15,3,bridge_far_cif.y4m,33.76,33.676,0.122188,0.000729,0.0,228
1,0,1,0,1,0,1,0,0,1,1,0,4,5,3,bridge_far_cif.y4m,33.51,33.56,0.146969,0.000729,0.0,38
1,1,1,1,0,0,0,1,0,0,0,1,4,15,6,bridge_far_cif.y4m,792.32,792.276,0.54848,0.000714,0.0,29
1,1,1,1,0,0,1,0,1,1,0,0,8,0,0,bridge_far_cif.y4m,711.9,711.718,0.52428,0.000792,0.0,24
1,1,1,1,0,0,0,1,0,0,0,0,8,5,6,bridge_far_cif.y4m,792.85,792.828,0.342374,0.000725,0.0,293
1,1,1,1,0,0,0,1,0,0,1,0,2,5,6,bridge_far_cif.y4m,792.86,792.748,0.336482,0.000725,0.0,67
1,1,1,0,1,0,0,1,0,1,0,1,2,5,0,bridge_far_cif.y4m,53.98,53.968,0.115412,0.000764,0.0,199
1,0,1,0,0,1,1,0,0,1,1,0,8,15,3,bridge_far_cif.y4m,71.45,71.538,0.2545,0.000739,0.0,244
1,0,1,0,0,1,1,0,0,0,0,0,8,15,0,bridge_far_cif.y4m,71.51,71.546,0.182428,0.000739,0.0,80
1,1,1,1,0,0,1,1,0,1,1,1,2,0,3,bridge_far_cif.y4m,755.03,755.04,0.315753,0.000799,0.0,223
1,1,1,0,1,0,1,1,0,0,1,0,8,5,0,bridge_far_cif.y4m,53.43,53.418,0.049699,0.000803,0.0,121
1,0,1,1,0,0,1,0,0,0,0,0,8,5,3,bridge_far_cif.y4m,667.24,667.344,0.463498,0.000727,0.0,261
1,0,1,1,0,0,1,0,0,1,1,0,1,5,6,bridge_far_cif.y4m,672.3,672.424,0.558283,0.000727,0.0,156
1,1,1,1,0,0,0,1,0,0,1,0,4,15,3,bridge_far_cif.y4m,806.51,806.576,0.590999,0.000728,0.0,271
1,1,1,1,0,0,1,1,0,1,0,0,2,15,3,bridge_far_cif.y4m,805.86,806.418,1.066241,0.000778,0.0,9
1,1,1,1,0,0,1,1,0,1,0,1,1,0,0,bridge_far_cif.y4m,754.74,754.858,0.615646,0.000799,0.0,165
1,0,1,0,0,1,1,0,0,1,0,0,1,15,6,bridge_far_cif.y4m,71.52,71.646,0.235648,0.000739,0.0,126
1,0,1,1,0,0,1,0,0,1,1,1,8,5,0,bridge_far_cif.y4m,672.57,672.588,0.148054,0.000732,0.0,280
1,0,1,1,0,0,0,0,0,1,1,0,2,5,3,bridge_far_cif.y4m,676.09,676.218,0.398585,0.000737,0.0,172
1,0,1,0,1,0,1,0,0,0,0,0,1,15,6,bridge_far_cif.y4m,33.54,33.564,0.118448,0.000729,0.0,292
1,0,1,0,0,1,0,0,0,1,0,1,1,0,3,bridge_far_cif.y4m,74.85,74.76,0.18775,0.000761,0.0,179
1,0,1,0,0,1,1,0,0,1,0,1,2,0,3,bridge_far_cif.y4m,71.32,71.41,0.180693,0.000762,0.0,272
1,0,1,0,0,1,1,0,0,0,1,0,4,5,0,bridge_far_cif.y4m,71.67,71.696,0.231474,0.000739,0.0,105
1,0,1,0,1,0,0,0,0,0,0,0,1,0,3,bridge_far_cif.y4m,33.01,33.0,0.061644,0.000736,0.0,76
1,0,1,1,0,0,1,0,0,0,1,0,4,15,3,bridge_far_cif.y4m,667.88,667.824,0.327154,0.000727,0.0,197
1,1,1,1,0,0,1,1,0,0,1,0,1,15,0,bridge_far_cif.y4m,798.89,798.798,0.497263,0.000791,0.0,221
1,1,1,1,0,0,1,1,0,0,1,0,8,15,6,bridge_far_cif.y4m,815.68,815.54,0.423084,0.000755,0.0,167
1,1,1,0,1,0,0,1,0,1,0,1,4,15,6,bridge_far_cif.y4m,46.52,46.46,0.185068,0.000728,0.0,136
1,1,1,1,0,0,0,1,0,1,0,1,8,15,6,bridge_far_cif.y4m,791.73,791.864,0.293649,0.000714,0.0,243
1,0,1,0,1,0,0,0,0,1,0,1,8,15,6,bridge_far_cif.y4m,32.25,32.276,0.058992,0.000735,0.0,60
1,0,1,1,0,0,0,0,0,1,0,1,2,0,6,bridge_far_cif.y4m,675.6,675.604,0.34854,0.000736,0.0,110
1,1,1,1,0,0,1,1,0,1,0,0,1,15,6,bridge_far_cif.y4m,815.3,815.354,0.444443,0.000755,0.0,35
1,0,1,1,0,0,1,0,0,0,1,1,2,5,6,bridge_far_cif.y4m,672.72,672.688,0.67799,0.000732,0.0,235
1,0,1,1,0,0,0,0,0,1,0,0,1,0,3,bridge_far_cif.y4m,676.5,676.58,0.277759,0.000737,0.0,44
1,1,1,0,1,0,1,1,0,0,1,0,4,15,3,bridge_far_cif.y4m,47.16,47.174,0.089331,0.000786,0.0,256
1,0,1,0,0,1,0,0,0,0,1,1,8,0,0,bridge_far_cif.y4m,74.08,74.09,0.179025,0.000761,0.0,192
1,0,1,0,1,0,0,0,0,0,1,1,2,0,0,bridge_far_cif.y4m,32.4,32.428,0.188335,0.000735,0.0,41
1,0,1,1,0,0,0,0,0,0,1,0,4,5,0,bridge_far_cif.y4m,676.72,676.818,0.338999,0.000737,0.0,37
1,0,1,0,0,1,0,0,0,0,0,0,4,5,0,bridge_far_cif.y4m,74.65,74.686,0.097365,0.000759,0.0,26
1,1,1,1,0,0,0,1,0,0,0,0,1,0,3,bridge_far_cif.y4m,760.77,760.62,0.241764,0.000762,0.0,273
1,1,1,1,0,0,1,1,0,0,0,1,1,5,6,bridge_far_cif.y4m,784.84,784.824,0.17841,0.000766,0.0,233
1,1,1,0,1,0,1,1,0,0,1,1,8,0,0,bridge_far_cif.y4m,52.52,52.562,0.125579,0.000802,0.0,101
1,0,1,1,0,0,0,0,0,0,0,1,2,5,3,bridge_far_cif.y4m,669.72,669.768,0.207051,0.000736,0.0,39
1,1,1,0,1,0,0,1,0,0,0,1,1,15,0,bridge_far_cif.y4m,53.36,53.402,0.174986,0.000759,0.0,106
1,1,1,0,1,0,0,0,1,1,0,0,1,0,0,bridge_far_cif.y4m,35.58,35.566,0.054129,0.000783,0.0,242
1,1,1,1,0,0,1,1,0,0,1,0,2,15,0,bridge_far_cif.y4m,799.13,798.974,0.296361,0.000791,0.0,193
1,0,1,0,1,0,1,0,0,0,1,0,1,15,6,bridge_far_cif.y4m,33.58,33.586,0.081731,0.000729,0.0,103
1,1,1,0,1,0,0,1,0,1,1,1,8,5,6,bridge_far_cif.y4m,48.34,48.36,0.062849,0.00073,0.0,1
1,0,1,1,0,0,0,0,0,1,1,1,1,0,0,bridge_far_cif.y4m,675.94,675.932,0.280482,0.000736,0.0,61
1,1,1,1,0,0,0,0,1,0,0,0,2,0,0,bridge_far_cif.y4m,691.16,691.122,0.289776,0.000778,0.0,56
1,1,1,0,1,0,0,1,0,0,1,0,8,15,3,bridge_far_cif.y4m,50.91,50.918,0.043243,0.000736,0.0,148
1,0,1,0,1,0,0,0,0,1,0,1,2,5,0,bridge_far_cif.y4m,32.19,32.272,0.143944,0.000735,0.0,112
1,0,1,0,1,0,1,0,0,0,1,0,8,15,3,bridge_far_cif.y4m,33.24,33.204,0.092898,0.000729,0.0,300
1,0,1,0,1,0,0,0,0,1,1,0,4,15,0,bridge_far_cif.y4m,32.95,33.018,0.22421,0.000736,0.0,249
1,0,1,0,1,0,0,0,0,0,0,1,2,0,0,bridge_far_cif.y4m,32.2,32.228,0.068337,0.000735,0.0,20
1,1,1,1,0,0,1,1,0,1,0,1,1,5,0,bridge_far_cif.y4m,794.13,794.204,0.328146,0.000794,0.0,104
1,1,1,1,0,0,0,1,0,1,1,1,8,15,6,bridge_far_cif.y4m,792.18,792.086,0.29117,0.000714,0.0,131
1,0,1,1,0,0,0,0,0,0,0,0,2,0,3,bridge_far_cif.y4m,676.68,676.616,0.243167,0.000737,0.0,69
1,0,1,0,1,0,1,0,0,0,0,0,2,0,3,bridge_far_cif.y4m,33.19,33.2,0.056569,0.000729,0.0,220
1,1,1,1,0,0,1,1,0,1,1,1,8,15,6,bridge_far_cif.y4m,813.23,813.266,0.612274,0.000759,0.0,11
1,1,1,1,0,0,1,1,0,1,0,0,4,15,6,bridge_far_cif.y4m,809.5,809.776,1.025685,0.000755,0.0,258
1,0,1,0,1,0,1,0,0,0,0,0,2,15,3,bridge_far_cif.y4m,33.65,33.644,0.097365,0.000729,0.0,65
1,0,1,0,0,1,1,0,0,0,0,0,2,15,0,bridge_far_cif.y4m,71.45,71.458,0.120499,0.000739,0.0,160
1,0,1,0,0,1,1,0,0,0,0,0,8,0,0,bridge_far_cif.y4m,71.58,71.58,0.210832,0.000739,0.0,238
1,1,1,1,0,0,0,1,0,0,0,0,4,0,0,bridge_far_cif.y4m,760.71,761.134,1.511202,0.000762,0.0,57
1,1,1,0,1,0,0,1,0,1,0,1,2,0,0,bridge_far_cif.y4m,54.82,54.804,0.127789,0.000765,0.0,79
1,0,1,0,1,0,1,0,0,0,1,0,4,15,3,bridge_far_cif.y4m,33.31,33.31,0.185876,0.000729,0.0,224
1,1,1,0,1,0,0,1,0,1,0,0,2,0,3,bridge_far_cif.y4m,54.91,54.894,0.185014,0.000764,0.0,48
1,0,1,0,1,0,1,0,0,0,0,1,8,0,6,bridge_far_cif.y4m,33.63,33.608,0.096281,0.000729,0.0,173
1,1,1,1,0,0,1,1,0,0,1,1,1,0,0,bridge_far_cif.y4m,754.94,754.89,0.629722,0.000799,0.0,283
1,0,1,0,1,0,0,0,0,0,0,0,1,0,6,bridge_far_cif.y4m,33.07,33.082,0.031145,0.000736,0.0,190
1,0,1,0,1,0,1,0,0,1,1,1,4,0,6,bridge_far_cif.y4m,33.61,33.634,0.086197,0.000729,0.0,259
1,0,1,1,0,0,0,0,0,0,0,1,1,15,3,bridge_far_cif.y4m,675.53,675.966,1.126601,0.000736,0.0,7
1,0,1,0,0,1,0,0,0,0,0,1,2,5,0,bridge_far_cif.y4m,74.87,74.908,0.105451,0.000761,0.0,73
1,1,1,1,0,0,1,1,0,0,0,0,2,0,6,bridge_far_cif.y4m,754.51,754.676,0.518151,0.000795,0.0,63
1,0,1,0,0,1,1,0,0,1,1,0,2,15,3,bridge_far_cif.y4m,71.52,71.532,0.231019,0.000739,0.0,284
1,0,1,1,0,0,1,0,0,1,0,1,8,15,6,bridge_far_cif.y4m,672.91,672.87,0.309919,0.000732,0.0,250
1,1,1,0,1,0,0,1,0,0,0,0,2,5,0,bridge_far_cif.y4m,54.85,54.886,0.099398,0.000767,0.0,209
1,0,1,0,1,0,1,0,0,0,0,1,4,5,3,bridge_far_cif.y4m,33.73,33.716,0.104307,0.000729,0.0,138
1,1,1,1,0,0,0,0,1,1,1,0,1,0,0,bridge_far_cif.y4m,690.67,691.046,1.102193,0.000778,0.0,135
1,1,1,1,0,0,1,1,0,1,1,0,4,5,3,bridge_far_cif.y4m,809.47,809.454,0.311014,0.000774,0.0,264
1,1,1,1,0,0,0,1,0,1,1,0,2,0,6,bridge_far_cif.y4m,760.66,760.728,0.265838,0.000762,0.0,215
1,0,1,0,0,1,0,0,0,0,1,1,4,5,3,bridge_far_cif.y4m,75.07,75.048,0.167988,0.000761,0.0,50
1,0,1,1,0,0,0,0,0,1,1,0,4,0,6,bridge_far_cif.y4m,676.46,676.546,0.213495,0.000737,0.0,98
1,1,1,1,0,0,0,1,0,1,1,0,1,15,0,bridge_far_cif.y4m,809.06,809.12,0.185607,0.000755,0.0,140
1,1,1,1,0,0,0,1,0,0,1,1,1,0,3,bridge_far_cif.y4m,760.58,760.698,0.26414,0.000763,0.0,113
1,0,1,0,1,0,1,0,0,1,1,0,1,0,6,bridge_far_cif.y4m,33.67,33.626,0.094234,0.000729,0.0,3
1,0,1,0,0,1,0,0,0,1,1,1,8,0,0,bridge_far_cif.y4m,74.99,74.95,0.177482,0.000761,0.0,149
1,0,1,1,0,0,0,0,0,0,1,1,8,5,6,bridge_far_cif.y4m,675.35,675.284,0.211849,0.000736,0.0,153
1,1,1,1,0,0,1,1,0,1,1,0,2,15,6,bridge_far_cif.y4m,809.0,809.144,0.360181,0.000755,0.0,133
1,0,1,1,0,0,0,0,0,0,0,0,1,0,3,bridge_far_cif.y4m,676.6,676.716,0.565403,0.000737,0.0,191
1,1,1,0,1,0,0,1,0,1,0,1,1,0,6,bridge_far_cif.y4m,54.9,54.876,0.098641,0.000765,0.0,100
1,0,1,1,0,0,1,0,0,0,1,0,4,0,3,bridge_far_cif.y4m,672.92,672.874,0.295516,0.000727,0.0,85
1,0,1,0,0,1,1,0,0,0,0,0,2,0,3,bridge_far_cif.y4m,71.61,71.526,0.175014,0.000739,0.0,88
1,0,1,0,1,0,1,0,0,1,1,0,4,15,6,bridge_far_cif.y4m,33.6,33.6,0.10247,0.000729,0.0,31
1,0,1,0,0,1,1,0,0,0,0,0,4,5,3,bridge_far_cif.y4m,71.57,71.574,0.19139,0.000739,0.0,134
1,1,1,0,1,0,1,1,0,1,1,1,8,0,3,bridge_far_cif.y4m,52.65,52.674,0.08735,0.000802,0.0,147
1,1,1,1,0,0,0,1,0,0,1,1,4,15,6,bridge_far_cif.y4m,792.31,792.266,0.635161,0.000714,0.0,275
1,0,1,0,0,1,1,0,0,0,1,0,4,15,3,bridge_far_cif.y4m,71.55,71.588,0.058481,0.000739,0.0,143
1,1,1,0,1,0,1,1,0,1,0,0,1,5,6,bridge_far_cif.y4m,47.38,47.386,0.12502,0.000787,0.0,8
1,1,1,1,0,0,1,1,0,0,1,1,4,5,3,bridge_far_cif.y4m,802.68,802.684,0.476372,0.000774,0.0,216
1,0,1,1,0,0,1,0,0,1,0,0,1,0,3,bridge_far_cif.y4m,672.71,672.526,0.648868,0.000727,0.0,214
1,0,1,0,0,1,0,0,0,0,0,0,1,5,0,bridge_far_cif.y4m,74.56,74.53,0.124298,0.000759,0.0,17
1,0,1,0,0,1,1,0,0,0,0,0,1,5,0,bridge_far_cif.y4m,71.45,71.51,0.151658,0.000739,0.0,206
1,0,1,0,1,0,0,0,0,1,1,1,8,15,0,bridge_far_cif.y4m,32.26,32.288,0.127554,0.000735,0.0,36
1,1,1,0,1,0,1,1,0,0,0,0,4,15,3,bridge_far_cif.y4m,47.78,47.744,0.171843,0.000786,0.0,6
1,0,1,1,0,0,1,0,0,0,0,1,1,0,6,bridge_far_cif.y4m,672.99,672.948,0.326297,0.000732,0.0,5
1,0,1,1,0,0,1,0,0,0,0,0,8,15,6,bridge_far_cif.y4m,672.84,672.78,0.411035,0.000727,0.0,164
1,0,1,0,0,1,0,0,0,1,0,0,8,0,6,bridge_far_cif.y4m,74.67,74.71,0.149666,0.000759,0.0,97
1,0,1,1,0,0,0,0,0,0,1,0,2,5,3,bridge_far_cif.y4m,676.41,676.826,1.084703,0.000737,0.0,236
1,1,1,0,1,0,1,1,0,0,0,0,8,5,0,bridge_far_cif.y4m,53.96,53.942,0.13572,0.000803,0.0,71
1,1,1,0,1,0,1,1,0,1,0,1,2,0,3,bridge_far_cif.y4m,52.8,52.806,0.111265,0.000802,0.0,295
1,0,1,1,0,0,1,0,0,1,1,0,8,5,3,bridge_far_cif.y4m,672.7,672.628,0.220159,0.000727,0.0,286
1,0,1,0,1,0,0,0,0,0,0,1,1,5,0,bridge_far_cif.y4m,32.34,32.334,0.090443,0.000735,0.0,34
1,0,1,0,1,0,1,0,0,1,1,1,1,5,3,bridge_far_cif.y4m,33.57,33.576,0.037148,0.000729,0.0,240
1,0,1,0,0,1,1,0,0,0,0,1,4,15,3,bridge_far_cif.y4m,71.32,71.378,0.200425,0.000762,0.0,18
1,0,1,0,1,0,0,0,0,0,1,0,8,0,6,bridge_far_cif.y4m,32.62,32.624,0.060249,0.000736,0.0,102
1,1,1,1,0,0,1,0,1,0,1,0,4,0,0,bridge_far_cif.y4m,711.77,711.698,0.38932,0.000792,0.0,51
1,1,1,1,0,0,1,1,0,0,0,1,4,15,6,bridge_far_cif.y4m,813.1,813.05,0.366538,0.000759,0.0,282
1,0,1,0,1,0,1,0,0,1,1,1,1,0,3,bridge_far_cif.y4m,33.64,33.658,0.109179,0.000729,0.0,77
1,0,1,1,0,0,1,0,0,0,1,0,2,0,3,bridge_far_cif.y4m,672.75,672.648,0.475626,0.000727,0.0,128
1,1,1,0,1,0,1,1,0,0,0,0,2,5,3,bridge_far_cif.y4m,49.99,50.08,0.152971,0.000792,0.0,234
1,0,1,1,0,0,0,0,0,0,1,1,1,0,0,bridge_far_cif.y4m,675.92,675.94,0.328862,0.000736,0.0,252
1,0,1,1,0,0,1,0,0,0,0,1,4,0,3,bridge_far_cif.y4m,672.45,672.62,0.274408,0.000732,0.0,28
1,0,1,0,0,1,1,0,0,1,1,1,8,15,3,bridge_far_cif.y4m,71.61,71.516,0.287889,0.000762,0.0,139
1,0,1,0,0,1,0,0,0,0,0,1,1,5,0,bridge_far_cif.y4m,74.78,74.762,0.181852,0.000761,0.0,158
1,1,1,0,1,0,1,1,0,1,0,1,8,5,3,bridge_far_cif.y4m,48.69,48.758,0.158019,0.000792,0.0,152
1,0,1,1,0,0,1,0,0,1,0,0,2,0,6,bridge_far_cif.y4m,672.74,672.754,0.202682,0.000727,0.0,12
1,1,1,0,1,0,0,1,0,0,0,1,4,15,3,bridge_far_cif.y4m,50.24,50.216,0.047223,0.000735,0.0,294
1,1,1,0,1,0,0,1,0,0,0,1,8,15,3,bridge_far_cif.y4m,50.13,50.158,0.101341,0.000735,0.0,154
1,1,1,1,0,0,0,1,0,1,0,0,2,15,6,bridge_far_cif.y4m,790.04,790.002,0.355907,0.000714,0.0,157
1,0,1,1,0,0,1,0,0,1,1,1,2,0,3,bridge_far_cif.y4m,672.65,672.646,0.167422,0.000732,0.0,150
1,1,1,0,1,0,1,1,0,0,1,0,8,0,6,bridge_far_cif.y4m,52.99,52.894,0.208998,0.000801,0.0,287
1,0,1,0,1,0,0,0,0,1,1,0,1,0,3,bridge_far_cif.y4m,32.93,32.936,0.129345,0.000736,0.0,297
1,0,1,0,0,1,0,0,0,1,1,0,8,15,0,bridge_far_cif.y4m,73.92,73.944,0.109453,0.000759,0.0,263
1,1,1,0,1,0,0,1,0,1,1,1,1,5,3,bridge_far_cif.y4m,49.34,49.352,0.100349,0.000744,0.0,255
1,0,1,1,0,0,0,0,0,1,1,0,8,15,3,bridge_far_cif.y4m,676.43,676.448,0.260902,0.000737,0.0,115
1,0,1,0,0,1,1,0,0,1,0,1,4,15,3,bridge_far_cif.y4m,70.57,70.528,0.176125,0.000762,0.0,188
1,0,1,0,0,1,1,0,0,0,0,1,8,0,6,bridge_far_cif.y4m,71.31,71.314,0.16334,0.000762,0.0,212
1,0,1,1,0,0,1,0,0,0,0,1,1,15,3,bridge_far_cif.y4m,667.18,667.61,0.763315,0.000732,0.0,195
1,0,1,0,1,0,0,0,0,0,1,1,2,15,0,bridge_far_cif.y4m,31.86,31.866,0.094499,0.000735,0.0,119
1,0,1,1,0,0,0,0,0,1,0,1,4,15,0,bridge_far_cif.y4m,675.71,675.73,0.229783,0.000736,0.0,58
1,0,1,0,1,0,1,0,0,1,0,1,4,0,6,bridge_far_cif.y4m,33.63,33.624,0.072664,0.000729,0.0,277
1,0,1,0,1,0,1,0,0,0,1,1,4,5,6,bridge_far_cif.y4m,33.7,33.648,0.093381,0.000729,0.0,64
1,1,1,0,1,0,1,1,0,1,0,0,2,0,0,bridge_far_cif.y4m,53.09,53.04,0.103923,0.000801,0.0,285
1,1,1,0,1,0,1,1,0,1,0,0,4,0,0,bridge_far_cif.y4m,52.38,52.358,0.10872,0.000801,0.0,290
1,0,1,1,0,0,0,0,0,1,0,1,8,5,6,bridge_far_cif.y4m,675.68,675.656,0.211495,0.000736,0.0,196
1,1,1,1,0,0,1,0,1,1,1,1,1,0,0,bridge_far_cif.y4m,713.08,713.434,0.961577,0.000795,0.0,93
1,0,1,1,0,0,1,0,0,0,1,1,4,5,6,bridge_far_cif.y4m,672.69,672.586,0.218243,0.000732,0.0,299
1,0,1,1,0,0,0,0,0,1,0,0,2,5,0,bridge_far_cif.y4m,675.94,676.178,0.358288,0.000737,0.0,125
1,1,1,0,1,0,0,1,0,1,0,1,2,15,6,bridge_far_cif.y4m,46.39,46.37,0.150333,0.000728,0.0,21
1,0,1,0,1,0,0,0,0,1,0,1,2,0,0,bridge_far_cif.y4m,31.88,31.92,0.158588,0.000735,0.0,225
1,0,1,0,1,0,0,0,0,1,0,0,2,5,0,bus_cif.y4m,28.71,28.67,0.114018,0.008872,0.0,114
1,1,1,1,0,0,0,0,1,0,0,1,1,0,0,bus_cif.y4m,435.92,436.174,0.527996,0.006629,0.0,281
1,1,1,1,0,0,0,1,0,1,1,0,2,5,0,bus_cif.y4m,512.89,513.4,1.220778,0.006946,0.0,49
1,0,1,0,0,1,1,0,0,0,0,0,2,15,6,bus_cif.y4m,53.71,53.834,0.17869,0.008838,0.0,194
1,0,1,1,0,0,0,0,0,0,0,0,2,0,6,bus_cif.y4m,405.87,405.904,0.11149,0.008886,0.0,62
1,1,1,0,1,0,0,1,0,1,1,1,1,15,3,bus_cif.y4m,49.53,49.57,0.154596,0.007022,0.0,91
1,0,1,0,0,1,1,0,0,0,0,0,4,0,6,bus_cif.y4m,53.62,53.69,0.133791,0.008838,0.0,107
1,0,1,1,0,0,1,0,0,0,0,1,4,5,3,bus_cif.y4m,457.91,458.068,0.26119,0.008691,0.0,181
1,0,1,0,1,0,1,0,0,0,0,0,4,5,0,bus_cif.y4m,34.16,34.206,0.088769,0.008692,0.0,247
1,0,1,1,0,0,0,0,0,1,1,0,4,5,3,bus_cif.y4m,401.93,401.926,0.175014,0.008886,0.0,166
1,0,1,0,0,1,0,0,0,0,1,1,4,0,0,bus_cif.y4m,43.54,43.526,0.12661,0.008946,0.0,25
1,1,1,0,1,0,0,1,0,0,0,1,8,0,6,bus_cif.y4m,46.83,46.774,0.101637,0.007022,0.0,203
1,1,1,1,0,0,1,1,0,1,1,1,4,5,6,bus_cif.y4m,526.45,526.572,0.20584,0.006678,0.0,219
1,0,1,0,0,1,0,0,0,0,0,0,4,15,0,bus_cif.y4m,43.66,43.634,0.088204,0.008955,0.0,162
1,0,1,1,0,0,1,0,0,0,1,0,4,15,6,bus_cif.y4m,456.85,456.818,0.158808,0.008696,0.0,182
1,0,1,0,0,1,0,0,0,1,1,0,1,15,6,bus_cif.y4m,43.62,43.608,0.107331,0.008955,0.0,10
1,1,1,1,0,0,1,1,0,1,1,1,2,15,0,bus_cif.y4m,524.88,524.834,0.339161,0.006758,0.0,14
1,1,1,1,0,0,0,1,0,0,0,1,1,0,6,bus_cif.y4m,479.28,479.296,0.212673,0.006948,0.0,89
1,1,1,1,0,0,0,1,0,1,1,1,1,5,0,bus_cif.y4m,517.39,517.606,0.471201,0.00697,0.0,116
1,0,1,1,0,0,0,0,0,0,1,1,4,15,3,bus_cif.y4m,404.91,404.974,0.123004,0.008856,0.0,217
1,1,1,0,1,0,0,1,0,0,1,0,1,0,0,bus_cif.y4m,47.09,47.096,0.110589,0.007015,0.0,75
1,1,1,0,1,0,0,1,0,1,1,1,2,15,6,bus_cif.y4m,49.57,49.528,0.114978,0.007016,0.0,266
1,0,1,1,0,0,1,0,0,0,1,1,4,15,3,bus_cif.y4m,457.81,457.912,0.251833,0.008691,0.0,268
1,0,1,0,1,0,1,0,0,1,1,1,4,15,3,bus_cif.y4m,34.98,34.966,0.078294,0.008698,0.0,187
1,0,1,0,0,1,1,0,0,0,1,0,8,15,3,bus_cif.y4m,53.78,53.808,0.187537,0.008838,0.0,161
1,0,1,0,1,0,1,0,0,0,1,0,2,0,6,bus_cif.y4m,34.82,34.782,0.133304,0.008692,0.0,23
1,1,1,1,0,0,0,1,0,1,1,0,2,5,6,bus_cif.y4m,514.26,514.306,0.209833,0.00694,0.0,2
1,1,1,1,0,0,1,0,1,1,0,1,2,0,0,bus_cif.y4m,448.78,448.806,0.10015,0.00638,0.0,16
1,0,1,1,0,0,0,0,0,1,1,1,8,15,0,bus_cif.y4m,405.03,405.198,0.642394,0.008856,0.0,262
1,1,1,1,0,0,0,1,0,1,1,0,4,5,0,bus_cif.y4m,517.72,517.614,0.238181,0.006946,0.0,66
1,0,1,1,0,0,0,0,0,1,0,0,2,0,0,bus_cif.y4m,406.05,406.036,0.182428,0.008886,0.0,86
1,0,1,0,1,0,1,0,0,0,1,0,2,5,6,bus_cif.y4m,34.77,34.788,0.139714,0.008692,0.0,231
1,0,1,0,1,0,0,0,0,0,0,0,4,5,0,bus_cif.y4m,28.3,28.276,0.093434,0.008872,0.0,269
1,1,1,0,1,0,1,1,0,0,1,0,1,5,0,bus_cif.y4m,50.36,50.322,0.141492,0.006757,0.0,180
1,0,1,0,0,1,0,0,0,0,1,0,4,5,6,bus_cif.y4m,43.25,43.198,0.150233,0.008955,0.0,274
1,1,1,1,0,0,0,1,0,1,1,0,2,15,6,bus_cif.y4m,517.25,517.57,0.633838,0.006934,0.0,184
1,0,1,0,0,1,1,0,0,0,0,1,4,5,0,bus_cif.y4m,53.77,53.742,0.217647,0.008831,0.0,118
1,1,1,1,0,0,0,1,0,0,0,0,1,0,6,bus_cif.y4m,472.2,472.25,0.229129,0.006935,0.0,254
1,0,1,1,0,0,1,0,0,0,1,1,4,5,0,bus_cif.y4m,458.07,458.06,0.141421,0.008691,0.0,208
1,0,1,0,0,1,1,0,0,1,1,0,4,5,6,bus_cif.y4m,53.21,53.228,0.075961,0.008838,0.0,279
1,1,1,1,0,0,0,1,0,0,1,1,4,15,3,bus_cif.y4m,512.76,513.08,0.62861,0.00694,0.0,229
1,0,1,0,0,1,1,0,0,1,1,1,1,0,0,bus_cif.y4m,53.97,53.98,0.041833,0.008831,0.0,46
1,0,1,0,0,1,0,0,0,1,1,1,4,5,6,bus_cif.y4m,43.59,43.556,0.178969,0.008946,0.0,171
1,1,1,1,0,0,0,1,0,0,1,0,2,5,0,bus_cif.y4m,517.75,517.688,0.305238,0.006946,0.0,99
1,0,1,0,0,1,0,0,0,0,0,0,8,0,0,bus_cif.y4m,43.56,43.616,0.132401,0.008955,0.0,81
1,1,1,1,0,0,1,1,0,1,0,1,8,5,0,bus_cif.y4m,529.9,529.898,0.156429,0.006738,0.0,155
1,0,1,0,1,0,0,0,0,1,0,1,1,15,6,bus_cif.y4m,28.63,28.62,0.043589,0.008901,0.0,96
1,1,1,1,0,0,0,1,0,1,1,1,8,0,0,bus_cif.y4m,479.51,479.502,0.19084,0.006948,0.0,218
1,1,1,1,0,0,1,1,0,1,1,0,8,0,6,bus_cif.y4m,492.43,492.494,0.162265,0.006717,0.0,53
1,1,1,0,1,0,1,0,1,0,0,0,2,0,0,bus_cif.y4m,34.96,34.898,0.163003,0.006459,0.0,109
1,0,1,0,1,0,0,0,0,0,1,0,4,5,6,bus_cif.y4m,28.6,28.618,0.074632,0.008872,0.0,185
1,1,1,1,0,0,0,1,0,0,1,1,2,0,0,bus_cif.y4m,479.5,479.566,0.185553,0.006948,0.0,239
1,0,1,1,0,0,0,0,0,0,0,1,2,0,0,bus_cif.y4m,405.04,405.036,0.068044,0.008856,0.0,276
1,0,1,1,0,0,1,0,0,0,0,1,4,0,6,bus_cif.y4m,458.04,458.018,0.114543,0.008691,0.0,257
1,0,1,0,0,1,0,0,0,1,1,0,1,5,0,bus_cif.y4m,43.62,43.652,0.180194,0.008955,0.0,42
1,1,1,0,1,0,1,1,0,0,0,0,2,15,3,bus_cif.y4m,50.45,50.394,0.128957,0.006733,0.0,204
1,0,1,1,0,0,1,0,0,1,0,1,2,15,6,bus_cif.y4m,458.01,458.166,0.360042,0.008691,0.0,145
1,0,1,0,1,0,0,0,0,0,0,0,2,0,3,bus_cif.y4m,28.55,28.622,0.115629,0.008872,0.0,246
1,1,1,1,0,0,0,1,0,0,1,1,8,0,0,bus_cif.y4m,475.29,475.26,0.24135,0.006948,0.0,202
1,1,1,0,1,0,0,1,0,1,0,0,2,5,3,bus_cif.y4m,49.19,49.212,0.068702,0.007016,0.0,70
1,0,1,0,1,0,0,0,0,0,1,0,1,5,3,bus_cif.y4m,28.54,28.556,0.064265,0.008872,0.0,230
1,0,1,0,1,0,1,0,0,0,0,0,4,15,6,bus_cif.y4m,34.27,34.272,0.135351,0.008692,0.0,267
1,1,1,1,0,0,1,1,0,0,0,1,8,5,3,bus_cif.y4m,522.22,522.156,0.211967,0.006681,0.0,146
1,0,1,0,1,0,1,0,0,0,0,1,2,15,0,bus_cif.y4m,34.79,34.848,0.160842,0.008698,0.0,27
1,0,1,0,1,0,1,0,0,0,1,1,8,0,3,bus_cif.y4m,34.81,34.842,0.115629,0.008698,0.0,137
1,1,1,1,0,0,0,1,0,0,1,1,2,15,0,bus_cif.y4m,516.71,516.728,0.109864,0.006966,0.0,189
1,1,1,0,1,0,1,1,0,1,0,0,4,15,0,bus_cif.y4m,50.9,50.85,0.134164,0.006753,0.0,132
1,1,1,1,0,0,0,0,1,1,0,1,8,0,0,bus_cif.y4m,435.93,435.916,0.078613,0.006629,0.0,169
1,0,1,0,0,1,0,0,0,0,0,0,1,5,6,bus_cif.y4m,43.61,43.644,0.15678,0.008955,0.0,33
1,0,1,1,0,0,0,0,0,0,1,1,8,15,0,bus_cif.y4m,405.08,405.07,0.156205,0.008856,0.0,205
1,0,1,1,0,0,0,0,0,1,0,1,2,0,0,bus_cif.y4m,404.92,405.018,0.152872,0.008856,0.0,245
1,1,1,0,1,0,1,1,0,0,1,1,1,15,0,bus_cif.y4m,50.54,50.53,0.067454,0.006804,0.0,298
1,0,1,1,0,0,1,0,0,1,1,0,2,5,6,bus_cif.y4m,456.98,457.012,0.12518,0.008696,0.0,163
1,1,1,1,0,0,0,1,0,0,0,0,1,5,0,bus_cif.y4m,517.52,517.474,0.235223,0.006946,0.0,123
1,0,1,0,0,1,1,0,0,1,0,0,4,15,0,bus_cif.y4m,53.74,53.846,0.206591,0.008838,0.0,4
1,0,1,0,0,1,1,0,0,1,1,0,8,5,6,bus_cif.y4m,53.03,52.998,0.153199,0.008838,0.0,141
1,1,1,0,1,0,0,1,0,1,0,0,8,5,6,bus_cif.y4m,49.21,49.208,0.149733,0.007015,0.0,129
1,1,1,0,1,0,1,1,0,1,1,0,4,5,3,bus_cif.y4m,50.61,50.682,0.118195,0.006768,0.0,159
1,0,1,0,0,1,1,0,0,1,0,0,1,0,0,bus_cif.y4m,53.65,53.642,0.105214,0.008838,0.0,22
1,0,1,0,0,1,0,0,0,1,0,1,2,0,6,bus_cif.y4m,43.45,43.5,0.098234,0.008946,0.0,175
1,1,1,1,0,0,0,1,0,1,1,1,8,5,6,bus_cif.y4m,517.24,517.258,0.224321,0.006954,0.0,151
1,1,1,0,1,0,0,1,0,0,1,0,2,5,0,bus_cif.y4m,49.32,49.322,0.144983,0.007021,0.0,52
1,0,1,0,0,1,0,0,0,0,0,1,4,0,3,bus_cif.y4m,43.45,43.49,0.227706,0.008946,0.0,108
1,0,1,0,1,0,1,0,0,0,0,1,8,15,0,bus_cif.y4m,34.92,34.908,0.101341,0.008698,0.0,72
1,0,1,1,0,0,1,0,0,1,1,0,8,0,6,bus_cif.y4m,456.9,457.124,0.663159,0.008696,0.0,248
1,1,1,1,0,0,1,1,0,1,1,0,8,5,6,bus_cif.y4m,532.64,532.612,0.372384,0.006703,0.0,174
1,0,1,1,0,0,1,0,0,1,1,1,8,0,3,bus_cif.y4m,453.18,453.172,0.169027,0.008691,0.0,130
1,1,1,0,1,0,1,1,0,1,1,1,8,15,0,bus_cif.y4m,50.55,50.682,0.356749,0.006804,0.0,168
1,0,1,0,0,1,1,0,0,1,0,1,8,0,6,bus_cif.y4m,54.02,53.93,0.234201,0.008831,0.0,198
1,0,1,0,0,1,1,0,0,1,1,0,1,0,3,bus_cif.y4m,53.84,53.802,0.171231,0.008838,0.0,83
1,1,1,1,0,0,1,1,0,0,1,0,1,0,3,bus_cif.y4m,492.49,492.456,0.103344,0.006717,0.0,291
1,0,1,0,1,0,0,0,0,1,1,0,1,0,6,bus_cif.y4m,28.67,28.664,0.073348,0.008872,0.0,237
1,0,1,0,0,1,0,0,0,1,1,1,2,15,3,bus_cif.y4m,43.55,43.634,0.290224,0.008946,0.0,90
1,1,1,1,0,0,1,1,0,0,0,1,1,15,0,bus_cif.y4m,525.06,525.25,0.536843,0.006758,0.0,87
1,0,1,1,0,0,1,0,0,1,0,0,1,5,0,bus_cif.y4m,452.17,452.282,0.243454,0.008696,0.0,74
1,0,1,0,0,1,0,0,0,1,0,0,2,0,3,bus_cif.y4m,43.06,43.126,0.16025,0.008955,0.0,201
1,0,1,0,1,0,0,0,0,1,0,1,1,0,0,bus_cif.y4m,28.73,28.656,0.137405,0.008901,0.0,183
1,0,1,1,0,0,0,0,0,0,0,0,4,0,6,bus_cif.y4m,405.84,405.876,0.151756,0.008886,0.0,227
1,1,1,0,1,0,1,1,0,0,0,0,1,15,6,bus_cif.y4m,50.9,50.956,0.142934,0.006726,0.0,222
1,0,1,0,0,1,0,0,0,0,1,0,8,0,6,bus_cif.y4m,43.55,43.594,0.133154,0.008955,0.0,55
1,0,1,1,0,0,0,0,0,0,1,1,2,5,0,bus_cif.y4m,405.14,405.25,0.386264,0.008856,0.0,142
1,0,1,1,0,0,1,0,0,1,0,1,1,5,6,bus_cif.y4m,457.96,457.904,0.127984,0.008691,0.0,124
1,0,1,1,0,0,1,0,0,0,0,0,8,0,0,bus_cif.y4m,456.61,456.614,0.077653,0.008696,0.0,95
1,0,1,1,0,0,1,0,0,1,0,0,2,15,0,bus_cif.y4m,456.85,456.906,0.319265,0.008696,0.0,241
1,0,1,0,1,0,0,0,0,0,1,1,1,5,3,bus_cif.y4m,28.21,28.216,0.084735,0.008901,0.0,289
1,0,1,1,0,0,1,0,0,1,1,0,1,5,0,bus_cif.y4m,457.19,457.042,0.289344,0.008696,0.0,278
1,1,1,0,1,0,0,1,0,1,1,0,1,0,6,bus_cif.y4m,47.08,47.084,0.08792,0.007015,0.0,176
1,0,1,0,0,1,1,0,0,0,1,0,8,5,0,bus_cif.y4m,53.89,53.75,0.234201,0.008838,0.0,122
1,0,1,0,0,1,0,0,0,0,1,0,4,0,6,bus_cif.y4m,43.67,43.682,0.065345,0.008955,0.0,30
1,1,1,0,1,0,0,1,0,0,0,0,2,0,6,bus_cif.y4m,46.45,46.412,0.108028,0.007015,0.0,251
1,0,1,1,0,0,0,0,0,0,0,1,1,0,0,bus_cif.y4m,404.83,404.942,0.22354,0.008856,0.0,120
1,0,1,1,0,0,0,0,0,0,0,1,2,15,6,bus_cif.y4m,404.85,404.828,0.123369,0.008856,0.0,144
1,0,1,0,1,0,1,0,0,0,0,0,1,0,3,bus_cif.y4m,34.94,34.862,0.161462,0.008692,0.0,265
1,1,1,0,1,0,0,1,0,0,1,0,2,0,6,bus_cif.y4m,46.97,46.99,0.139463,0.007015,0.0,260
1,1,1,0,1,0,0,1,0,0,0,1,1,0,3,bus_cif.y4m,46.78,46.776,0.15437,0.007022,0.0,78
1,0,1,0,1,0,0,0,0,0,1,1,8,15,3,bus_cif.y4m,28.55,28.554,0.074364,0.008901,0.0,84
1,0,1,1,0,0,1,0,0,1,0,0,4,15,3,bus_cif.y4m,452.17,452.184,0.128374,0.008696,0.0,296
1,0,1,0,0,1,0,0,0,0,0,1,2,5,6,bus_cif.y4m,43.63,43.552,0.163003,0.008946,0.0,232
1,0,1,0,0,1,1,0,0,0,1,0,4,15,6,bus_cif.y4m,53.86,53.86,0.100747,0.008838,0.0,213
1,1,1,0,1,0,0,1,0,0,1,1,8,15,3,bus_cif.y4m,49.52,49.472,0.082885,0.007022,0.0,94
1,0,1,0,1,0,0,0,0,0,1,1,1,5,0,bus_cif.y4m,28.61,28.628,0.100846,0.008901,0.0,178
1,0,1,1,0,0,1,0,0,1,0,0,4,0,0,bus_cif.y4m,457.06,457.042,0.103779,0.008696,0.0,127
1,1,1,0,1,0,1,1,0,0,1,0,8,5,6,bus_cif.y4m,50.53,50.564,0.103827,0.006762,0.0,111
1,0,1,0,1,0,0,0,0,0,0,1,1,0,6,bus_cif.y4m,28.59,28.602,0.096799,0.008901,0.0,92
1,1,1,1,0,0,0,1,0,0,1,0,8,15,6,bus_cif.y4m,517.12,517.328,0.537652,0.006934,0.0,54
1,0,1,0,0,1,0,0,0,0,0,1,2,15,0,bus_cif.y4m,43.47,43.48,0.09434,0.008946,0.0,45
1,0,1,1,0,0,0,0,0,1,0,0,4,0,6,bus_cif.y4m,406.1,406.164,0.218014,0.008886,0.0,226
1,1,1,1,0,0,1,1,0,1,0,0,8,5,0,bus_cif.y4m,531.52,531.662,0.470872,0.006712,0.0,200
1,0,1,0,0,1,1,0,0,1,0,1,8,5,6,bus_cif.y4m,54.1,54.092,0.116919,0.008831,0.0,59
1,1,1,0,1,0,1,0,1,0,0,1,2,0,0,bus_cif.y4m,34.39,34.36,0.057879,0.006516,0.0,19
1,1,1,1,0,0,0,1,0,1,0,0,2,15,0,bus_cif.y4m,515.99,516.048,0.201172,0.006946,0.0,47
1,1,1,0,1,0,1,1,0,0,0,1,4,5,6,bus_cif.y4m,50.33,50.32,0.089722,0.006801,0.0,32
1,1,1,0,1,0,0,1,0,1,0,0,1,5,6,bus_cif.y4m,49.28,49.216,0.116103,0.007015,0.0,170
1,0,1,0,0,1,0,0,0,1,1,0,1,15,0,bus_cif.y4m,43.09,43.12,0.163095,0.008955,0.0,270
1,0,1,1,0,0,1,0,0,1,0,1,4,15,6,bus_cif.y4m,458.04,458.052,0.100349,0.008691,0.0,207
1,1,1,0,1,0,0,1,0,1,1,1,1,5,6,bus_cif.y4m,49.18,49.194,0.064653,0.00702,0.0,43
1,0,1,0,1,0,1,0,0,0,1,1,1,0,3,bus_cif.y4m,34.82,34.822,0.023875,0.008698,0.0,40
1,1,1,0,1,0,0,1,0,0,1,1,1,5,3,bus_cif.y4m,49.44,49.432,0.115195,0.007021,0.0,117
1,0,1,0,0,1,0,0,0,0,1,0,8,15,6,bus_cif.y4m,43.67,43.628,0.191494,0.008955,0.0,253
1,0,1,1,0,0,0,0,0,1,0,0,1,15,3,bus_cif.y4m,405.89,405.9,0.179304,0.008886,0.0,68
1,1,1,1,0,0,0,1,0,1,1,1,1,15,6,bus_cif.y4m,517.3,517.362,0.204377,0.006944,0.0,186
1,1,1,0,1,0,1,1,0,0,0,1,8,15,3,bus_cif.y4m,51.11,51.142,0.119875,0.006774,0.0,288
1,1,1,0,1,0,0,1,0,0,0,0,2,0,0,bus_cif.y4m,47.1,47.09,0.174356,0.007015,0.0,15
1,0,1,1,0,0,0,0,0,0,1,1,2,15,3,bus_cif.y4m,405.11,405.16,0.207966,0.008856,0.0,82
1,1,1,1,0,0,0,1,0,0,0,0,4,15,6,bus_cif.y4m,517.39,517.314,0.211967,0.006934,0.0,211
1,0,1,0,1,0,1,0,0,1,1,1,8,15,6,bus_cif.y4m,34.93,34.918,0.119457,0.008698,0.0,177
1,1,1,0,1,0,0,1,0,1,1,1,2,5,3,bus_cif.y4m,49.41,49.356,0.132778,0.007021,0.0,210
1,0,1,1,0,0,0,0,0,1,1,1,2,0,3,bus_cif.y4m,405.21,405.074,0.192432,0.008856,0.0,13
1,0,1,0,1,0,1,0,0,0,0,1,2,15,3,bus_cif.y4m,34.86,34.858,0.120083,0.008698,0.0,228
1,0,1,0,1,0,1,0,0,1,1,0,4,5,3,bus_cif.y4m,34.65,34.718,0.206567,0.008692,0.0,38
1,1,1,1,0,0,0,1,0,0,0,1,4,15,6,bus_cif.y4m,513.02,513.038,0.361345,0.006944,0.0,29
1,1,1,1,0,0,1,0,1,1,0,0,8,0,0,bus_cif.y4m,448.72,448.72,0.175357,0.006422,0.0,24
1,1,1,1,0,0,0,1,0,0,0,0,8,5,6,bus_cif.y4m,514.27,514.372,0.44432,0.00694,0.0,293
1,1,1,1,0,0,0,1,0,0,1,0,2,5,6,bus_cif.y4m,514.23,514.17,0.133229,0.00694,0.0,67
1,1,1,0,1,0,0,1,0,1,0,1,2,5,0,bus_cif.y4m,49.21,49.264,0.123612,0.007031,0.0,199
1,0,1,0,0,1,1,0,0,1,1,0,8,15,3,bus_cif.y4m,54.05,54.038,0.107331,0.008838,0.0,244
1,0,1,0,0,1,1,0,0,0,0,0,8,15,0,bus_cif.y4m,53.76,53.75,0.129035,0.008838,0.0,80
1,1,1,1,0,0,1,1,0,1,1,1,2,0,3,bus_cif.y4m,491.13,491.122,0.160842,0.006729,0.0,223
1,1,1,0,1,0,1,1,0,0,1,0,8,5,0,bus_cif.y4m,50.3,50.296,0.125419,0.006757,0.0,121
1,0,1,1,0,0,1,0,0,0,0,0,8,5,3,bus_cif.y4m,456.78,456.914,0.241102,0.008696,0.0,261
1,0,1,1,0,0,1,0,0,1,1,0,1,5,6,bus_cif.y4m,457.03,457.002,0.147207,0.008696,0.0,156
1,1,1,1,0,0,0,1,0,0,1,0,4,15,3,bus_cif.y4m,517.29,517.35,0.406387,0.006945,0.0,271
1,1,1,1,0,0,1,1,0,1,0,0,2,15,3,bus_cif.y4m,533.1,533.25,0.222261,0.006715,0.0,9
1,1,1,1,0,0,1,1,0,1,0,1,1,0,0,bus_cif.y4m,491.17,491.124,0.207196,0.006729,0.0,165
1,0,1,0,0,1,1,0,0,1,0,0,1,15,6,bus_cif.y4m,53.76,53.79,0.108858,0.008838,0.0,126
1,0,1,1,0,0,1,0,0,1,1,1,8,5,0,bus_cif.y4m,458.03,458.01,0.295381,0.008691,0.0,280
1,0,1,1,0,0,0,0,0,1,1,0,2,5,3,bus_cif.y4m,406.01,406.05,0.264858,0.008886,0.0,172
1,0,1,0,1,0,1,0,0,0,0,0,1,15,6,bus_cif.y4m,34.2,34.202,0.034928,0.008692,0.0,292
1,0,1,0,0,1,0,0,0,1,0,1,1,0,3,bus_cif.y4m,43.49,43.496,0.138311,0.008946,0.0,179
1,0,1,0,0,1,1,0,0,1,0,1,2,0,3,bus_cif.y4m,53.82,53.822,0.081976,0.008831,0.0,272
1,0,1,0,0,1,1,0,0,0,1,0,4,5,0,bus_cif.y4m,53.91,53.818,0.203887,0.008838,0.0,105
1,0,1,0,1,0,0,0,0,0,0,0,1,0,3,bus_cif.y4m,28.71,28.694,0.068775,0.008872,0.0,76
1,0,1,1,0,0,1,0,0,0,1,0,4,15,3,bus_cif.y4m,456.92,457.172,0.558453,0.008696,0.0,197
1,1,1,1,0,0,1,1,0,0,1,0,1,15,0,bus_cif.y4m,532.01,532.19,0.613718,0.006706,0.0,221
1,1,1,1,0,0,1,1,0,0,1,0,8,15,6,bus_cif.y4m,533.68,533.852,0.440591,0.00672,0.0,167
1,1,1,0,1,0,0,1,0,1,0,1,4,15,6,bus_cif.y4m,49.49,49.484,0.115456,0.007016,0.0,136
1,1,1,1,0,0,0,1,0,1,0,1,8,15,6,bus_cif.y4m,517.45,517.534,0.252646,0.006944,0.0,243
1,0,1,0,1,0,0,0,0,1,0,1,8,15,6,bus_cif.y4m,28.53,28.576,0.148425,0.008901,0.0,60
1,0,1,1,0,0,0,0,0,1,0,1,2,0,6,bus_cif.y4m,405.15,405.192,0.598515,0.008856,0.0,110
1,1,1,1,0,0,1,1,0,1,0,0,1,15,6,bus_cif.y4m,533.35,533.41,0.132665,0.00672,0.0,35
1,0,1,1,0,0,1,0,0,0,1,1,2,5,6,bus_cif.y4m,458.0,457.924,0.163187,0.008691,0.0,235
1,0,1,1,0,0,0,0,0,1,0,0,1,0,3,bus_cif.y4m,405.99,406.146,0.409304,0.008886,0.0,44
1,1,1,0,1,0,1,1,0,0,1,0,4,15,3,bus_cif.y4m,50.98,50.974,0.126214,0.006733,0.0,256
1,0,1,0,0,1,0,0,0,0,1,1,8,0,0,bus_cif.y4m,43.4,43.488,0.177679,0.008946,0.0,192
1,0,1,0,1,0,0,0,0,0,1,1,2,0,0,bus_cif.y4m,28.61,28.69,0.217486,0.008901,0.0,41
1,0,1,1,0,0,0,0,0,0,1,0,4,5,0,bus_cif.y4m,406.09,406.032,0.202781,0.008886,0.0,37
1,0,1,0,0,1,0,0,0,0,0,0,4,5,0,bus_cif.y4m,43.71,43.7,0.096954,0.008955,0.0,26
1,1,1,1,0,0,0,1,0,0,0,0,1,0,3,bus_cif.y4m,472.12,472.1,0.254657,0.006935,0.0,273
1,1,1,1,0,0,1,1,0,0,0,1,1,5,6,bus_cif.y4m,526.42,526.488,0.160375,0.006678,0.0,233
1,1,1,0,1,0,1,1,0,0,1,1,8,0,0,bus_cif.y4m,48.53,48.554,0.120125,0.006789,0.0,101
1,0,1,1,0,0,0,0,0,0,0,1,2,5,3,bus_cif.y4m,405.04,405.178,0.495651,0.008856,0.0,39
1,1,1,0,1,0,0,1,0,0,0,1,1,15,0,bus_cif.y4m,48.97,49.016,0.174728,0.00702,0.0,106
1,1,1,0,1,0,0,0,1,1,0,0,1,0,0,bus_cif.y4m,33.73,33.768,0.079183,0.006661,0.0,242
1,1,1,1,0,0,1,1,0,0,1,0,2,15,0,bus_cif.y4m,527.75,527.72,0.151162,0.006706,0.0,193
1,0,1,0,1,0,1,0,0,0,1,0,1,15,6,bus_cif.y4m,34.83,34.834,0.084143,0.008692,0.0,103
1,1,1,0,1,0,0,1,0,1,1,1,8,5,6,bus_cif.y4m,49.34,49.35,0.114891,0.00702,0.0,1
1,0,1,1,0,0,0,0,0,1,1,1,1,0,0,bus_cif.y4m,401.14,401.272,0.32874,0.008856,0.0,61
1,1,1,1,0,0,0,0,1,0,0,0,2,0,0,bus_cif.y4m,438.45,438.454,0.402902,0.006597,0.0,56
1,1,1,0,1,0,0,1,0,0,1,0,8,15,3,bus_cif.y4m,49.21,49.24,0.141774,0.007012,0.0,148
1,0,1,0,1,0,0,0,0,1,0,1,2,5,0,bus_cif.y4m,28.59,28.584,0.145705,0.008901,0.0,112
1,0,1,0,1,0,1,0,0,0,1,0,8,15,3,bus_cif.y4m,34.85,34.934,0.197687,0.008692,0.0,300
1,0,1,0,1,0,0,0,0,1,1,0,4,15,0,bus_cif.y4m,28.72,28.712,0.110318,0.008872,0.0,249
1,0,1,0,1,0,0,0,0,0,0,1,2,0,0,bus_cif.y4m,28.58,28.588,0.120913,0.008901,0.0,20
1,1,1,1,0,0,1,1,0,1,0,1,1,5,0,bus_cif.y4m,530.04,529.914,0.273368,0.006738,0.0,104
1,1,1,1,0,0,0,1,0,1,1,1,8,15,6,bus_cif.y4m,517.53,517.694,0.669052,0.006944,0.0,131
1,0,1,1,0,0,0,0,0,0,0,0,2,0,3,bus_cif.y4m,406.18,406.108,0.216956,0.008886,0.0,69
1,0,1,0,1,0,1,0,0,0,0,0,2,0,3,bus_cif.y4m,34.81,34.818,0.064962,0.008692,0.0,220
1,1,1,1,0,0,1,1,0,1,1,1,8,15,6,bus_cif.y4m,520.35,520.422,0.168731,0.006694,0.0,11
1,1,1,1,0,0,1,1,0,1,0,0,4,15,6,bus_cif.y4m,533.72,533.792,0.572512,0.00672,0.0,258
1,0,1,0,1,0,1,0,0,0,0,0,2,15,3,bus_cif.y4m,34.88,34.842,0.105688,0.008692,0.0,65
1,0,1,0,0,1,1,0,0,0,0,0,2,15,0,bus_cif.y4m,53.14,53.12,0.080932,0.008838,0.0,160
1,0,1,0,0,1,1,0,0,0,0,0,8,0,0,bus_cif.y4m,53.97,53.852,0.1998,0.008838,0.0,238
1,1,1,1,0,0,0,1,0,0,0,0,4,0,0,bus_cif.y4m,476.41,476.418,0.170792,0.006935,0.0,57
1,1,1,0,1,0,0,1,0,1,0,1,2,0,0,bus_cif.y4m,46.75,46.768,0.106864,0.007022,0.0,79
1,0,1,0,1,0,1,0,0,0,1,0,4,15,3,bus_cif.y4m,34.82,34.808,0.120706,0.008692,0.0,224
1,1,1,0,1,0,0,1,0,1,0,0,2,0,3,bus_cif.y4m,46.93,46.94,0.038079,0.007015,0.0,48
1,0,1,0,1,0,1,0,0,0,0,1,8,0,6,bus_cif.y4m,34.81,34.818,0.070498,0.008698,0.0,173
1,1,1,1,0,0,1,1,0,0,1,1,1,0,0,bus_cif.y4m,491.02,491.006,0.107145,0.006729,0.0,283
1,0,1,0,1,0,0,0,0,0,0,0,1,0,6,bus_cif.y4m,28.6,28.62,0.033912,0.008872,0.0,190
1,0,1,0,1,0,1,0,0,1,1,1,4,0,6,bus_cif.y4m,34.78,34.856,0.149766,0.008698,0.0,259
1,0,1,1,0,0,0,0,0,0,0,1,1,15,3,bus_cif.y4m,404.93,404.924,0.064265,0.008856,0.0,7
1,0,1,0,0,1,0,0,0,0,0,1,2,5,0,bus_cif.y4m,43.56,43.572,0.078549,0.008946,0.0,73
1,1,1,1,0,0,1,1,0,0,0,0,2,0,6,bus_cif.y4m,492.58,492.608,0.086718,0.006717,0.0,63
1,0,1,0,0,1,1,0,0,1,1,0,2,15,3,bus_cif.y4m,53.71,53.776,0.146219,0.008838,0.0,284
1,0,1,1,0,0,1,0,0,1,0,1,8,15,6,bus_cif.y4m,458.42,458.714,1.13476,0.008691,0.0,250
1,1,1,0,1,0,0,1,0,0,0,0,2,5,0,bus_cif.y4m,48.72,48.718,0.171085,0.007021,0.0,209
1,0,1,0,1,0,1,0,0,0,0,1,4,5,3,bus_cif.y4m,34.4,34.408,0.119038,0.008698,0.0,138
1,1,1,1,0,0,0,0,1,1,1,0,1,0,0,bus_cif.y4m,438.45,438.374,0.128569,0.006597,0.0,135
1,1,1,1,0,0,1,1,0,1,1,0,4,5,3,bus_cif.y4m,529.2,529.204,0.19756,0.006708,0.0,264
1,1,1,1,0,0,0,1,0,1,1,0,2,0,6,bus_cif.y4m,476.32,476.346,0.207798,0.006935,0.0,215
1,0,1,0,0,1,0,0,0,0,1,1,4,5,3,bus_cif.y4m,43.55,43.528,0.106864,0.008946,0.0,50
1,0,1,1,0,0,0,0,0,1,1,0,4,0,6,bus_cif.y4m,405.92,405.872,0.165439,0.008886,0.0,98
1,1,1,1,0,0,0,1,0,1,1,0,1,15,0,bus_cif.y4m,515.96,516.076,0.245112,0.006946,0.0,140
1,1,1,1,0,0,0,1,0,0,1,1,1,0,3,bus_cif.y4m,479.27,479.27,0.103199,0.006948,0.0,113
1,0,1,0,1,0,1,0,0,1,1,0,1,0,6,bus_cif.y4m,34.75,34.724,0.132212,0.008692,0.0,3
1,0,1,0,0,1,0,0,0,1,1,1,8,0,0,bus_cif.y4m,43.69,43.61,0.173638,0.008946,0.0,149
1,0,1,1,0,0,0,0,0,0,1,1,8,5,6,bus_cif.y4m,404.98,404.952,0.135536,0.008856,0.0,153
1,1,1,1,0,0,1,1,0,1,1,0,2,15,6,bus_cif.y4m,533.35,533.42,0.189605,0.00672,0.0,133
1,0,1,1,0,0,0,0,0,0,0,0,1,0,3,bus_cif.y4m,406.01,405.982,0.146185,0.008886,0.0,191
1,1,1,0,1,0,0,1,0,1,0,1,1,0,6,bus_cif.y4m,46.79,46.76,0.133041,0.007022,0.0,100
1,0,1,1,0,0,1,0,0,0,1,0,4,0,3,bus_cif.y4m,452.1,452.088,0.241806,0.008696,0.0,85
1,0,1,0,0,1,1,0,0,0,0,0,2,0,3,bus_cif.y4m,53.78,53.836,0.156621,0.008838,0.0,88
1,0,1,0,1,0,1,0,0,1,1,0,4,15,6,bus_cif.y4m,34.88,34.812,0.145155,0.008692,0.0,31
1,0,1,0,0,1,1,0,0,0,0,0,4,5,3,bus_cif.y4m,53.0,53.036,0.157099,0.008838,0.0,134
1,1,1,0,1,0,1,1,0,1,1,1,8,0,3,bus_cif.y4m,48.55,48.566,0.144499,0.006789,0.0,147
1,1,1,1,0,0,0,1,0,0,1,1,4,15,6,bus_cif.y4m,517.22,517.326,0.205985,0.006944,0.0,275
1,0,1,0,0,1,1,0,0,0,1,0,4,15,3,bus_cif.y4m,53.74,53.712,0.139893,0.008838,0.0,143
1,1,1,0,1,0,1,1,0,1,0,0,1,5,6,bus_cif.y4m,50.71,50.666,0.099146,0.006762,0.0,8
1,1,1,1,0,0,1,1,0,0,1,1,4,5,3,bus_cif.y4m,527.09,527.136,0.345225,0.006681,0.0,216
1,0,1,1,0,0,1,0,0,1,0,0,1,0,3,bus_cif.y4m,452.26,452.274,0.115456,0.008696,0.0,214
1,0,1,0,0,1,0,0,0,0,0,0,1,5,0,bus_cif.y4m,43.66,43.614,0.0999,0.008955,0.0,17
1,0,1,0,0,1,1,0,0,0,0,0,1,5,0,bus_cif.y4m,53.69,53.798,0.188997,0.008838,0.0,206
1,0,1,0,1,0,0,0,0,1,1,1,8,15,0,bus_cif.y4m,28.51,28.584,0.147919,0.008901,0.0,36
1,1,1,0,1,0,1,1,0,0,0,0,4,15,3,bus_cif.y4m,50.99,50.99,0.086313,0.006733,0.0,6
1,0,1,1,0,0,1,0,0,0,0,1,1,0,6,bus_cif.y4m,453.22,453.21,0.121037,0.008691,0.0,5
1,0,1,1,0,0,1,0,0,0,0,0,8,15,6,bus_cif.y4m,452.02,452.074,0.169204,0.008696,0.0,164
1,0,1,0,0,1,0,0,0,1,0,0,8,0,6,bus_cif.y4m,43.55,43.63,0.143353,0.008955,0.0,97
1,0,1,1,0,0,0,0,0,0,1,0,2,5,3,bus_cif.y4m,401.91,402.29,0.956138,0.008886,0.0,236
1,1,1,0,1,0,1,1,0,0,0,0,8,5,0,bus_cif.y4m,49.85,49.826,0.059414,0.006757,0.0,71
1,1,1,0,1,0,1,1,0,1,0,1,2,0,3,bus_cif.y4m,48.48,48.514,0.121778,0.006789,0.0,295
1,0,1,1,0,0,1,0,0,1,1,0,8,5,3,bus_cif.y4m,456.83,456.838,0.230803,0.008696,0.0,286
1,0,1,0,1,0,0,0,0,0,0,1,1,5,0,bus_cif.y4m,28.47,28.5,0.133604,0.008901,0.0,34
1,0,1,0,1,0,1,0,0,1,1,1,1,5,3,bus_cif.y4m,34.95,34.902,0.141315,0.008698,0.0,240
1,0,1,0,0,1,1,0,0,0,0,1,4,15,3,bus_cif.y4m,53.86,53.764,0.14519,0.008831,0.0,18
1,0,1,0,1,0,0,0,0,0,1,0,8,0,6,bus_cif.y4m,28.72,28.728,0.064187,0.008872,0.0,102
1,1,1,1,0,0,1,0,1,0,1,0,4,0,0,bus_cif.y4m,449.03,449.06,0.565951,0.006422,0.0,51
1,1,1,1,0,0,1,1,0,0,0,1,4,15,6,bus_cif.y4m,520.26,520.28,0.150167,0.006694,0.0,282
1,0,1,0,1,0,1,0,0,1,1,1,1,0,3,bus_cif.y4m,34.91,34.872,0.125778,0.008698,0.0,77
1,0,1,1,0,0,1,0,0,0,1,0,2,0,3,bus_cif.y4m,456.89,456.878,0.164833,0.008696,0.0,128
1,1,1,0,1,0,1,1,0,0,0,0,2,5,3,bus_cif.y4m,50.65,50.646,0.119708,0.006768,0.0,234
1,0,1,1,0,0,0,0,0,0,1,1,1,0,0,bus_cif.y4m,405.02,405.16,0.37769,0.008856,0.0,252
1,0,1,1,0,0,1,0,0,0,0,1,4,0,3,bus_cif.y4m,458.01,457.986,0.194628,0.008691,0.0,28
1,0,1,0,0,1,1,0,0,1,1,1,8,15,3,bus_cif.y4m,53.86,53.862,0.150399,0.008831,0.0,139
1,0,1,0,0,1,0,0,0,0,0,1,1,5,0,bus_cif.y4m,43.06,43.03,0.110227,0.008946,0.0,158
1,1,1,0,1,0,1,1,0,1,0,1,8,5,3,bus_cif.y4m,50.2,50.248,0.148728,0.006792,0.0,152
1,0,1,1,0,0,1,0,0,1,0,0,2,0,6,bus_cif.y4m,456.73,456.904,0.403522,0.008696,0.0,12
1,1,1,0,1,0,0,1,0,0,0,1,4,15,3,bus_cif.y4m,49.48,49.492,0.096281,0.007022,0.0,294
1,1,1,0,1,0,0,1,0,0,0,1,8,15,3,bus_cif.y4m,48.76,48.822,0.166793,0.007022,0.0,154
1,1,1,1,0,0,0,1,0,1,0,0,2,15,6,bus_cif.y4m,516.99,517.034,0.198066,0.006934,0.0,157
1,0,1,1,0,0,1,0,0,1,1,1,2,0,3,bus_cif.y4m,458.01,457.934,0.259095,0.008691,0.0,150
1,1,1,0,1,0,1,1,0,0,1,0,8,0,6,bus_cif.y4m,47.95,47.962,0.066106,0.006767,0.0,287
1,0,1,0,1,0,0,0,0,1,1,0,1,0,3,bus_cif.y4m,28.8,28.8,0.103199,0.008872,0.0,297
1,0,1,0,0,1,0,0,0,1,1,0,8,15,0,bus_cif.y4m,43.83,43.748,0.178522,0.008955,0.0,263
1,1,1,0,1,0,0,1,0,1,1,1,1,5,3,bus_cif.y4m,49.47,49.422,0.163768,0.007021,0.0,255
1,0,1,1,0,0,0,0,0,1,1,0,8,15,3,bus_cif.y4m,406.0,406.018,0.236791,0.008886,0.0,115
1,0,1,0,0,1,1,0,0,1,0,1,4,15,3,bus_cif.y4m,53.16,53.114,0.22634,0.008831,0.0,188
1,0,1,0,0,1,1,0,0,0,0,1,8,0,6,bus_cif.y4m,53.28,53.15,0.189209,0.008831,0.0,212
1,0,1,1,0,0,1,0,0,0,0,1,1,15,3,bus_cif.y4m,458.07,458.046,0.074364,0.008691,0.0,195
1,0,1,0,1,0,0,0,0,0,1,1,2,15,0,bus_cif.y4m,28.61,28.572,0.117771,0.008901,0.0,119
1,0,1,1,0,0,0,0,0,1,0,1,4,15,0,bus_cif.y4m,404.96,405.166,0.566021,0.008856,0.0,58
1,0,1,0,1,0,1,0,0,1,0,1,4,0,6,bus_cif.y4m,34.82,34.844,0.079561,0.008698,0.0,277
1,0,1,0,1,0,1,0,0,0,1,1,4,5,6,bus_cif.y4m,35.0,34.96,0.104881,0.008698,0.0,64
1,1,1,0,1,0,1,1,0,1,0,0,2,0,0,bus_cif.y4m,47.91,47.894,0.127789,0.006767,0.0,285
1,1,1,0,1,0,1,1,0,1,0,0,4,0,0,bus_cif.y4m,48.11,48.03,0.160779,0.006767,0.0,290
1,0,1,1,0,0,0,0,0,1,0,1,8,5,6,bus_cif.y4m,404.95,405.01,0.094074,0.008856,0.0,196
1,1,1,1,0,0,1,0,1,1,1,1,1,0,0,bus_cif.y4m,444.3,444.324,0.095812,0.00638,0.0,93
1,0,1,1,0,0,1,0,0,0,1,1,4,5,6,bus_cif.y4m,457.95,457.92,0.181934,0.008691,0.0,299
1,0,1,1,0,0,0,0,0,1,0,0,2,5,0,bus_cif.y4m,402.01,402.38,0.572975,0.008886,0.0,125
1,1,1,0,1,0,0,1,0,1,0,1,2,15,6,bus_cif.y4m,49.51,49.43,0.131719,0.007016,0.0,21
1,0,1,0,1,0,0,0,0,1,0,1,2,0,0,bus_cif.y4m,28.66,28.62,0.097211,0.008901,0.0,225
1,0,1,0,1,0,0,0,0,1,0,0,2,5,0,city_cif.y4m,29.12,29.244,0.409182,0.005445,0.0,114
1,1,1,1,0,0,0,0,1,0,0,1,1,0,0,city_cif.y4m,501.52,502.172,1.446779,0.004713,0.0,281
1,1,1,1,0,0,0,1,0,1,1,0,2,5,0,city_cif.y4m,517.19,517.234,0.251257,0.004697,0.0,49
1,0,1,0,0,1,1,0,0,0,0,0,2,15,6,city_cif.y4m,66.4,66.26,0.259904,0.005454,0.0,194
1,0,1,1,0,0,0,0,0,0,0,0,2,0,6,city_cif.y4m,466.4,469.628,4.682923,0.005446,0.0,62
1,1,1,0,1,0,0,1,0,1,1,1,1,15,3,city_cif.y4m,32.72,32.704,0.089051,0.004715,0.0,91
1,0,1,0,0,1,1,0,0,0,0,0,4,0,6,city_cif.y4m,66.13,66.474,0.859494,0.005454,0.0,107
1,0,1,1,0,0,1,0,0,0,0,1,4,5,3,city_cif.y4m,505.32,505.37,0.158114,0.005426,0.0,181
1,0,1,0,1,0,1,0,0,0,0,0,4,5,0,city_cif.y4m,40.31,40.266,0.316275,0.005424,0.0,247
1,0,1,1,0,0,0,0,0,1,1,0,4,5,3,city_cif.y4m,466.34,466.252,0.252923,0.005446,0.0,166
1,0,1,0,0,1,0,0,0,0,1,1,4,0,0,city_cif.y4m,55.2,54.374,1.243515,0.005467,0.0,25
1,1,1,0,1,0,0,1,0,0,0,1,8,0,6,city_cif.y4m,31.87,31.894,0.050794,0.004723,0.0,203
1,1,1,1,0,0,1,1,0,1,1,1,4,5,6,city_cif.y4m,510.16,509.638,1.256471,0.004779,0.0,219
1,0,1,0,0,1,0,0,0,0,0,0,4,15,0,city_cif.y4m,57.24,55.678,2.148027,0.005458,0.0,162
1,0,1,1,0,0,1,0,0,0,1,0,4,15,6,city_cif.y4m,505.64,505.656,0.178969,0.005426,0.0,182
1,0,1,0,0,1,0,0,0,1,1,0,1,15,6,city_cif.y4m,54.33,54.196,0.407284,0.005458,0.0,10
1,1,1,1,0,0,1,1,0,1,1,1,2,15,0,city_cif.y4m,527.61,527.798,0.485253,0.004807,0.0,14
1,1,1,1,0,0,0,1,0,0,0,1,1,0,6,city_cif.y4m,493.5,493.534,0.180499,0.004723,0.0,89
1,1,1,1,0,0,0,1,0,1,1,1,1,5,0,city_cif.y4m,516.04,516.236,0.848457,0.004718,0.0,116
1,0,1,1,0,0,0,0,0,0,1,1,4,15,3,city_cif.y4m,467.5,467.542,0.123167,0.005434,0.0,217
1,1,1,0,1,0,0,1,0,0,1,0,1,0,0,city_cif.y4m,31.36,31.686,0.531818,0.004711,0.0,75
1,1,1,0,1,0,0,1,0,1,1,1,2,15,6,city_cif.y4m,33.95,33.926,0.077006,0.004701,0.0,266
1,0,1,1,0,0,1,0,0,0,1,1,4,15,3,city_cif.y4m,504.96,504.966,0.218815,0.005426,0.0,268
1,0,1,0,1,0,1,0,0,1,1,1,4,15,3,city_cif.y4m,39.93,39.984,0.193856,0.005429,0.0,187
1,0,1,0,0,1,1,0,0,0,1,0,8,15,3,city_cif.y4m,66.18,66.15,0.14089,0.005454,0.0,161
1,0,1,0,1,0,1,0,0,0,1,0,2,0,6,city_cif.y4m,40.95,40.762,0.494944,0.005424,0.0,23
1,1,1,1,0,0,0,1,0,1,1,0,2,5,6,city_cif.y4m,505.09,504.916,0.372398,0.004703,0.0,2
1,1,1,1,0,0,1,0,1,1,0,1,2,0,0,city_cif.y4m,485.41,485.322,0.211943,0.004695,0.0,16
1,0,1,1,0,0,0,0,0,1,1,1,8,15,0,city_cif.y4m,471.73,471.69,0.123895,0.005434,0.0,262
1,1,1,1,0,0,0,1,0,1,1,0,4,5,0,city_cif.y4m,513.24,513.156,0.314054,0.004697,0.0,66
1,0,1,1,0,0,0,0,0,1,0,0,2,0,0,city_cif.y4m,476.95,474.552,8.524824,0.005446,0.0,86
1,0,1,0,1,0,1,0,0,0,1,0,2,5,6,city_cif.y4m,42.79,42.758,0.146526,0.005424,0.0,231
1,0,1,0,1,0,0,0,0,0,0,0,4,5,0,city_cif.y4m,30.87,30.894,0.101143,0.005445,0.0,269
1,1,1,0,1,0,1,1,0,0,1,0,1,5,0,city_cif.y4m,30.7,30.878,0.498016,0.004854,0.0,180
1,0,1,0,0,1,0,0,0,0,1,0,4,5,6,city_cif.y4m,53.22,53.164,0.164712,0.005458,0.0,274
1,1,1,1,0,0,0,1,0,1,1,0,2,15,6,city_cif.y4m,514.81,515.466,1.35574,0.004698,0.0,184
1,0,1,0,0,1,1,0,0,0,0,1,4,5,0,city_cif.y4m,67.73,67.728,0.197408,0.005437,0.0,118
1,1,1,1,0,0,0,1,0,0,0,0,1,0,6,city_cif.y4m,492.95,495.13,3.144622,0.004718,0.0,254
1,0,1,1,0,0,1,0,0,0,1,1,4,5,0,city_cif.y4m,518.19,513.188,7.425535,0.005426,0.0,208
1,0,1,0,0,1,1,0,0,1,1,0,4,5,6,city_cif.y4m,66.14,66.154,0.195908,0.005454,0.0,279
1,1,1,1,0,0,0,1,0,0,1,1,4,15,3,city_cif.y4m,511.51,510.85,1.945251,0.004706,0.0,229
1,0,1,0,0,1,1,0,0,1,1,1,1,0,0,city_cif.y4m,72.37,72.072,0.810784,0.005437,0.0,46
1,0,1,0,0,1,0,0,0,1,1,1,4,5,6,city_cif.y4m,55.2,54.306,1.362692,0.005467,0.0,171
1,1,1,1,0,0,0,1,0,0,1,0,2,5,0,city_cif.y4m,513.02,514.868,4.245406,0.004697,0.0,99
1,0,1,0,0,1,0,0,0,0,0,0,8,0,0,city_cif.y4m,53.07,53.102,0.056303,0.005458,0.0,81
1,1,1,1,0,0,1,1,0,1,0,1,8,5,0,city_cif.y4m,520.27,524.122,5.680077,0.004838,0.0,155
1,0,1,0,1,0,0,0,0,1,0,1,1,15,6,city_cif.y4m,29.07,29.33,0.402492,0.005447,0.0,96
1,1,1,1,0,0,0,1,0,1,1,1,8,0,0,city_cif.y4m,493.54,495.774,5.266686,0.004723,0.0,218
1,1,1,1,0,0,1,1,0,1,1,0,8,0,6,city_cif.y4m,497.81,508.166,14.327696,0.00485,0.0,53
1,1,1,0,1,0,1,0,1,0,0,0,2,0,0,city_cif.y4m,32.26,32.496,0.53017,0.004567,0.0,109
1,0,1,0,1,0,0,0,0,0,1,0,4,5,6,city_cif.y4m,28.79,29.152,0.543019,0.005445,0.0,185
1,1,1,1,0,0,0,1,0,0,1,1,2,0,0,city_cif.y4m,497.36,496.868,2.030313,0.004723,0.0,239
1,0,1,1,0,0,0,0,0,0,0,1,2,0,0,city_cif.y4m,470.39,469.726,2.131169,0.005434,0.0,276
1,0,1,1,0,0,1,0,0,0,0,1,4,0,6,city_cif.y4m,505.06,505.178,0.354852,0.005426,0.0,257
1,0,1,0,0,1,0,0,0,1,1,0,1,5,0,city_cif.y4m,54.66,54.032,0.938334,0.005458,0.0,42
1,1,1,0,1,0,1,1,0,0,0,0,2,15,3,city_cif.y4m,30.27,30.316,0.123004,0.00478,0.0,204
1,0,1,1,0,0,1,0,0,1,0,1,2,15,6,city_cif.y4m,513.03,510.354,4.947694,0.005426,0.0,145
1,0,1,0,1,0,0,0,0,0,0,0,2,0,3,city_cif.y4m,28.79,28.812,0.049193,0.005445,0.0,246
1,1,1,1,0,0,0,1,0,0,1,1,8,0,0,city_cif.y4m,493.51,493.474,0.135204,0.004723,0.0,202
1,1,1,0,1,0,0,1,0,1,0,0,2,5,3,city_cif.y4m,31.34,31.282,0.20584,0.004687,0.0,70
1,0,1,0,1,0,0,0,0,0,1,0,1,5,3,city_cif.y4m,28.91,28.906,0.051769,0.005445,0.0,230
1,0,1,0,1,0,1,0,0,0,0,0,4,15,6,city_cif.y4m,39.81,39.824,0.120333,0.005424,0.0,267
1,1,1,1,0,0,1,1,0,0,0,1,8,5,3,city_cif.y4m,518.21,518.264,0.164864,0.004794,0.0,146
1,0,1,0,1,0,1,0,0,0,0,1,2,15,0,city_cif.y4m,40.03,40.458,0.635822,0.005429,0.0,27
1,0,1,0,1,0,1,0,0,0,1,1,8,0,3,city_cif.y4m,40.23,40.346,0.326083,0.005429,0.0,137
1,1,1,1,0,0,0,1,0,0,1,1,2,15,0,city_cif.y4m,515.24,514.468,1.362615,0.004705,0.0,189
1,1,1,0,1,0,1,1,0,1,0,0,4,15,0,city_cif.y4m,31.21,31.306,0.225788,0.004836,0.0,132
1,1,1,1,0,0,0,0,1,1,0,1,8,0,0,city_cif.y4m,468.17,468.204,0.095026,0.004713,0.0,169
1,0,1,0,0,1,0,0,0,0,0,0,1,5,6,city_cif.y4m,54.28,54.124,0.419202,0.005458,0.0,33
1,0,1,1,0,0,0,0,0,0,1,1,8,15,0,city_cif.y4m,467.78,468.786,1.599994,0.005434,0.0,205
1,0,1,1,0,0,0,0,0,1,0,1,2,0,0,city_cif.y4m,500.7,501.946,1.88236,0.005434,0.0,245
1,1,1,0,1,0,1,1,0,0,1,1,1,15,0,city_cif.y4m,31.1,31.116,0.157575,0.00485,0.0,298
1,0,1,1,0,0,1,0,0,1,1,0,2,5,6,city_cif.y4m,541.78,541.73,0.171318,0.005426,0.0,163
1,1,1,1,0,0,0,1,0,0,0,0,1,5,0,city_cif.y4m,513.24,515.594,5.754162,0.004697,0.0,123
1,0,1,0,0,1,1,0,0,1,0,0,4,15,0,city_cif.y4m,67.15,66.868,0.541313,0.005454,0.0,4
1,0,1,0,0,1,1,0,0,1,1,0,8,5,6,city_cif.y4m,66.01,66.034,0.142934,0.005454,0.0,141
1,1,1,0,1,0,0,1,0,1,0,0,8,5,6,city_cif.y4m,30.91,30.964,0.214779,0.004712,0.0,129
1,1,1,0,1,0,1,1,0,1,1,0,4,5,3,city_cif.y4m,30.36,30.37,0.135462,0.004798,0.0,159
1,0,1,0,0,1,1,0,0,1,0,0,1,0,0,city_cif.y4m,66.74,66.836,0.441905,0.005454,0.0,22
1,0,1,0,0,1,0,0,0,1,0,1,2,0,6,city_cif.y4m,52.92,52.95,0.170734,0.005467,0.0,175
1,1,1,1,0,0,0,1,0,1,1,1,8,5,6,city_cif.y4m,512.22,510.532,2.638933,0.00472,0.0,151
1,1,1,0,1,0,0,1,0,0,1,0,2,5,0,city_cif.y4m,33.68,33.704,0.126412,0.004713,0.0,52
1,0,1,0,0,1,0,0,0,0,0,1,4,0,3,city_cif.y4m,52.86,52.938,0.188468,0.005467,0.0,108
1,0,1,0,1,0,1,0,0,0,0,1,8,15,0,city_cif.y4m,40.77,40.64,0.394715,0.005429,0.0,72
1,0,1,1,0,0,1,0,0,1,1,0,8,0,6,city_cif.y4m,507.59,509.602,4.224354,0.005426,0.0,248
1,1,1,1,0,0,1,1,0,1,1,0,8,5,6,city_cif.y4m,517.5,518.362,2.237481,0.004757,0.0,174
1,0,1,1,0,0,1,0,0,1,1,1,8,0,3,city_cif.y4m,509.68,509.776,0.204034,0.005426,0.0,130
1,1,1,0,1,0,1,1,0,1,1,1,8,15,0,city_cif.y4m,31.67,31.432,0.420262,0.00485,0.0,168
1,0,1,0,0,1,1,0,0,1,0,1,8,0,6,city_cif.y4m,66.1,66.152,0.16453,0.005437,0.0,198
1,0,1,0,0,1,1,0,0,1,1,0,1,0,3,city_cif.y4m,70.81,70.87,0.246069,0.005454,0.0,83
1,1,1,1,0,0,1,1,0,0,1,0,1,0,3,city_cif.y4m,497.48,498.608,2.691964,0.00485,0.0,291
1,0,1,0,1,0,0,0,0,1,1,0,1,0,6,city_cif.y4m,28.93,29.222,0.60578,0.005445,0.0,237
1,0,1,0,0,1,0,0,0,1,1,1,2,15,3,city_cif.y4m,53.64,53.642,0.150067,0.005467,0.0,90
1,1,1,1,0,0,1,1,0,0,0,1,1,15,0,city_cif.y4m,527.68,527.758,0.177961,0.004807,0.0,87
1,0,1,1,0,0,1,0,0,1,0,0,1,5,0,city_cif.y4m,508.26,507.534,1.848683,0.005426,0.0,74
1,0,1,0,0,1,0,0,0,1,0,0,2,0,3,city_cif.y4m,57.1,57.364,0.640219,0.005458,0.0,201
1,0,1,0,1,0,0,0,0,1,0,1,1,0,0,city_cif.y4m,29.58,29.316,0.450644,0.005447,0.0,183
1,0,1,1,0,0,0,0,0,0,0,0,4,0,6,city_cif.y4m,466.26,466.256,0.180361,0.005446,0.0,227
1,1,1,0,1,0,1,1,0,0,0,0,1,15,6,city_cif.y4m,30.67,30.678,0.107564,0.004751,0.0,222
1,0,1,0,0,1,0,0,0,0,1,0,8,0,6,city_cif.y4m,53.34,53.702,1.159664,0.005458,0.0,55
1,0,1,1,0,0,0,0,0,0,1,1,2,5,0,city_cif.y4m,467.63,471.06,5.838086,0.005434,0.0,142
1,0,1,1,0,0,1,0,0,1,0,1,1,5,6,city_cif.y4m,508.34,508.142,0.728505,0.005426,0.0,124
1,0,1,1,0,0,1,0,0,0,0,0,8,0,0,city_cif.y4m,541.76,542.618,1.942452,0.005426,0.0,95
1,0,1,1,0,0,1,0,0,1,0,0,2,15,0,city_cif.y4m,505.8,505.832,0.178802,0.005426,0.0,241
1,0,1,0,1,0,0,0,0,0,1,1,1,5,3,city_cif.y4m,29.06,29.668,0.958994,0.005447,0.0,289
1,0,1,1,0,0,1,0,0,1,1,0,1,5,0,city_cif.y4m,505.68,507.432,4.000184,0.005426,0.0,278
1,1,1,0,1,0,0,1,0,1,1,0,1,0,6,city_cif.y4m,31.38,31.744,0.55541,0.004711,0.0,176
1,0,1,0,0,1,1,0,0,0,1,0,8,5,0,city_cif.y4m,66.18,66.256,0.303035,0.005454,0.0,122
1,0,1,0,0,1,0,0,0,0,1,0,4,0,6,city_cif.y4m,54.86,54.176,0.998113,0.005458,0.0,30
1,1,1,0,1,0,0,1,0,0,0,0,2,0,6,city_cif.y4m,32.22,32.232,0.887761,0.004711,0.0,251
1,0,1,1,0,0,0,0,0,0,0,1,1,0,0,city_cif.y4m,467.29,467.556,0.400225,0.005434,0.0,120
1,0,1,1,0,0,0,0,0,0,0,1,2,15,6,city_cif.y4m,467.8,467.836,0.52828,0.005434,0.0,144
1,0,1,0,1,0,1,0,0,0,0,0,1,0,3,city_cif.y4m,39.84,39.784,0.14188,0.005424,0.0,265
1,1,1,0,1,0,0,1,0,0,1,0,2,0,6,city_cif.y4m,32.24,32.004,0.686608,0.004711,0.0,260
1,1,1,0,1,0,0,1,0,0,0,1,1,0,3,city_cif.y4m,32.59,32.522,0.394297,0.004723,0.0,78
1,0,1,0,1,0,0,0,0,0,1,1,8,15,3,city_cif.y4m,30.98,31.088,0.301944,0.005447,0.0,84
1,0,1,1,0,0,1,0,0,1,0,0,4,15,3,city_cif.y4m,505.68,505.69,0.09798,0.005426,0.0,296
1,0,1,0,0,1,0,0,0,0,0,1,2,5,6,city_cif.y4m,53.09,52.962,0.217876,0.005467,0.0,232
1,0,1,0,0,1,1,0,0,0,1,0,4,15,6,city_cif.y4m,66.09,66.164,0.149265,0.005454,0.0,213
1,1,1,0,1,0,0,1,0,0,1,1,8,15,3,city_cif.y4m,30.84,30.85,0.085147,0.004715,0.0,94
1,0,1,0,1,0,0,0,0,0,1,1,1,5,0,city_cif.y4m,29.96,29.744,0.483663,0.005447,0.0,178
1,0,1,1,0,0,1,0,0,1,0,0,4,0,0,city_cif.y4m,505.85,505.796,0.188892,0.005426,0.0,127
1,1,1,0,1,0,1,1,0,0,1,0,8,5,6,city_cif.y4m,30.55,30.844,0.538266,0.004788,0.0,111
1,0,1,0,1,0,0,0,0,0,0,1,1,0,6,city_cif.y4m,28.9,28.898,0.028636,0.005447,0.0,92
1,1,1,1,0,0,0,1,0,0,1,0,8,15,6,city_cif.y4m,514.89,515.238,0.955285,0.004698,0.0,54
1,0,1,0,0,1,0,0,0,0,0,1,2,15,0,city_cif.y4m,53.19,53.412,0.843279,0.005467,0.0,45
1,0,1,1,0,0,0,0,0,1,0,0,4,0,6,city_cif.y4m,466.32,471.182,10.995304,0.005446,0.0,226
1,1,1,1,0,0,1,1,0,1,0,0,8,5,0,city_cif.y4m,559.19,559.228,0.465102,0.004814,0.0,200
1,0,1,0,0,1,1,0,0,1,0,1,8,5,6,city_cif.y4m,66.46,67.09,1.132762,0.005437,0.0,59
1,1,1,0,1,0,1,0,1,0,0,1,2,0,0,city_cif.y4m,31.93,31.918,0.16053,0.004624,0.0,19
1,1,1,1,0,0,0,1,0,1,0,0,2,15,0,city_cif.y4m,517.81,517.71,4.771955,0.004704,0.0,47
1,1,1,0,1,0,1,1,0,0,0,1,4,5,6,city_cif.y4m,30.75,30.82,0.179583,0.004788,0.0,32
1,1,1,0,1,0,0,1,0,1,0,0,1,5,6,city_cif.y4m,30.94,31.048,0.343031,0.004712,0.0,170
1,0,1,0,0,1,0,0,0,1,1,0,1,15,0,city_cif.y4m,53.2,53.27,0.1251,0.005458,0.0,270
1,0,1,1,0,0,1,0,0,1,0,1,4,15,6,city_cif.y4m,504.94,504.94,0.191964,0.005426,0.0,207
1,1,1,0,1,0,0,1,0,1,1,1,1,5,6,city_cif.y4m,31.64,31.284,0.548389,0.004719,0.0,43
1,0,1,0,1,0,1,0,0,0,1,1,1,0,3,city_cif.y4m,40.08,40.544,0.772354,0.005429,0.0,40
1,1,1,0,1,0,0,1,0,0,1,1,1,5,3,city_cif.y4m,30.68,30.836,0.362257,0.004695,0.0,117
1,0,1,0,0,1,0,0,0,0,1,0,8,15,6,city_cif.y4m,53.45,54.43,1.44824,0.005458,0.0,253
1,0,1,1,0,0,0,0,0,1,0,0,1,15,3,city_cif.y4m,468.12,467.96,1.814842,0.005446,0.0,68
1,1,1,1,0,0,0,1,0,1,1,1,1,15,6,city_cif.y4m,516.61,517.126,2.224113,0.004702,0.0,186
1,1,1,0,1,0,1,1,0,0,0,1,8,15,3,city_cif.y4m,29.96,30.016,0.121778,0.004804,0.0,288
1,1,1,0,1,0,0,1,0,0,0,0,2,0,0,city_cif.y4m,31.77,31.702,0.237634,0.004711,0.0,15
1,0,1,1,0,0,0,0,0,0,1,1,2,15,3,city_cif.y4m,467.51,467.916,1.007859,0.005434,0.0,82
1,1,1,1,0,0,0,1,0,0,0,0,4,15,6,city_cif.y4m,551.54,552.772,2.014912,0.004698,0.0,211
1,0,1,0,1,0,1,0,0,1,1,1,8,15,6,city_cif.y4m,40.0,40.054,0.176011,0.005429,0.0,177
1,1,1,0,1,0,0,1,0,1,1,1,2,5,3,city_cif.y4m,32.87,33.138,0.458443,0.004695,0.0,210
1,0,1,1,0,0,0,0,0,1,1,1,2,0,3,city_cif.y4m,475.94,475.38,8.396202,0.005434,0.0,13
1,0,1,0,1,0,1,0,0,0,0,1,2,15,3,city_cif.y4m,40.0,40.072,0.180194,0.005429,0.0,228
1,0,1,0,1,0,1,0,0,1,1,0,4,5,3,city_cif.y4m,39.98,40.262,0.493984,0.005424,0.0,38
1,1,1,1,0,0,0,1,0,0,0,1,4,15,6,city_cif.y4m,521.15,523.154,6.517717,0.004702,0.0,29
1,1,1,1,0,0,1,0,1,1,0,0,8,0,0,city_cif.y4m,491.62,491.684,0.103102,0.00468,0.0,24
1,1,1,1,0,0,0,1,0,0,0,0,8,5,6,city_cif.y4m,504.62,509.88,11.873814,0.004703,0.0,293
1,1,1,1,0,0,0,1,0,0,1,0,2,5,6,city_cif.y4m,504.94,509.528,7.986618,0.004703,0.0,67
1,1,1,0,1,0,0,1,0,1,0,1,2,5,0,city_cif.y4m,34.07,34.082,0.139893,0.004709,0.0,199
1,0,1,0,0,1,1,0,0,1,1,0,8,15,3,city_cif.y4m,66.28,66.89,1.627467,0.005454,0.0,244
1,0,1,0,0,1,1,0,0,0,0,0,8,15,0,city_cif.y4m,67.15,67.124,0.180361,0.005454,0.0,80
1,1,1,1,0,0,1,1,0,1,1,1,2,0,3,city_cif.y4m,499.77,501.826,3.129653,0.004868,0.0,223
1,1,1,0,1,0,1,1,0,0,1,0,8,5,0,city_cif.y4m,31.3,31.216,0.270795,0.004854,0.0,121
1,0,1,1,0,0,1,0,0,0,0,0,8,5,3,city_cif.y4m,505.95,513.12,11.080532,0.005426,0.0,261
1,0,1,1,0,0,1,0,0,1,1,0,1,5,6,city_cif.y4m,508.39,507.4,1.418485,0.005426,0.0,156
1,1,1,1,0,0,0,1,0,0,1,0,4,15,3,city_cif.y4m,543.34,543.452,0.591033,0.004698,0.0,271
1,1,1,1,0,0,1,1,0,1,0,0,2,15,3,city_cif.y4m,521.85,521.884,0.250659,0.00476,0.0,9
1,1,1,1,0,0,1,1,0,1,0,1,1,0,0,city_cif.y4m,499.82,499.718,0.25014,0.004868,0.0,165
1,0,1,0,0,1,1,0,0,1,0,0,1,15,6,city_cif.y4m,66.08,66.116,0.233088,0.005454,0.0,126
1,0,1,1,0,0,1,0,0,1,1,1,8,5,0,city_cif.y4m,505.72,505.548,0.390794,0.005426,0.0,280
1,0,1,1,0,0,0,0,0,1,1,0,2,5,3,city_cif.y4m,466.31,466.286,0.166523,0.005446,0.0,172
1,0,1,0,1,0,1,0,0,0,0,0,1,15,6,city_cif.y4m,40.89,40.896,0.098387,0.005424,0.0,292
1,0,1,0,0,1,0,0,0,1,0,1,1,0,3,city_cif.y4m,53.43,53.352,0.417397,0.005467,0.0,179
1,0,1,0,0,1,1,0,0,1,0,1,2,0,3,city_cif.y4m,66.14,66.172,0.119875,0.005437,0.0,272
1,0,1,0,0,1,1,0,0,0,1,0,4,5,0,city_cif.y4m,66.51,66.644,0.53435,0.005454,0.0,105
1,0,1,0,1,0,0,0,0,0,0,0,1,0,3,city_cif.y4m,29.34,29.316,0.102127,0.005445,0.0,76
1,0,1,1,0,0,1,0,0,0,1,0,4,15,3,city_cif.y4m,505.58,505.612,0.173695,0.005426,0.0,197
1,1,1,1,0,0,1,1,0,0,1,0,1,15,0,city_cif.y4m,535.05,534.978,0.3114,0.004805,0.0,221
1,1,1,1,0,0,1,1,0,0,1,0,8,15,6,city_cif.y4m,557.7,557.686,0.132023,0.004744,0.0,167
1,1,1,0,1,0,0,1,0,1,0,1,4,15,6,city_cif.y4m,31.62,31.63,0.091378,0.004701,0.0,136
1,1,1,1,0,0,0,1,0,1,0,1,8,15,6,city_cif.y4m,515.46,517.044,2.678485,0.004702,0.0,243
1,0,1,0,1,0,0,0,0,1,0,1,8,15,6,city_cif.y4m,28.98,29.126,0.378391,0.005447,0.0,60
1,0,1,1,0,0,0,0,0,1,0,1,2,0,6,city_cif.y4m,467.84,467.878,0.248737,0.005434,0.0,110
1,1,1,1,0,0,1,1,0,1,0,0,1,15,6,city_cif.y4m,521.0,521.776,1.635934,0.004744,0.0,35
1,0,1,1,0,0,1,0,0,0,1,1,2,5,6,city_cif.y4m,505.1,505.354,0.798799,0.005426,0.0,235
1,0,1,1,0,0,0,0,0,1,0,0,1,0,3,city_cif.y4m,466.52,467.352,1.554339,0.005446,0.0,44
1,1,1,0,1,0,1,1,0,0,1,0,4,15,3,city_cif.y4m,31.6,31.31,0.612577,0.00478,0.0,256
1,0,1,0,0,1,0,0,0,0,1,1,8,0,0,city_cif.y4m,53.21,53.21,0.216217,0.005467,0.0,192
1,0,1,0,1,0,0,0,0,0,1,1,2,0,0,city_cif.y4m,29.42,29.398,0.078549,0.005447,0.0,41
1,0,1,1,0,0,0,0,0,0,1,0,4,5,0,city_cif.y4m,466.23,466.66,0.712531,0.005446,0.0,37
1,0,1,0,0,1,0,0,0,0,0,0,4,5,0,city_cif.y4m,54.31,54.158,0.470287,0.005458,0.0,26
1,1,1,1,0,0,0,1,0,0,0,0,1,0,3,city_cif.y4m,493.01,495.648,5.984106,0.004718,0.0,273
1,1,1,1,0,0,1,1,0,0,0,1,1,5,6,city_cif.y4m,508.02,508.108,0.318072,0.004779,0.0,233
1,1,1,0,1,0,1,1,0,0,1,1,8,0,0,city_cif.y4m,30.58,30.426,0.42424,0.004873,0.0,101
1,0,1,1,0,0,0,0,0,0,0,1,2,5,3,city_cif.y4m,467.51,467.594,0.331708,0.005434,0.0,39
1,1,1,0,1,0,0,1,0,0,0,1,1,15,0,city_cif.y4m,31.98,31.936,0.216402,0.004718,0.0,106
1,1,1,0,1,0,0,0,1,1,0,0,1,0,0,city_cif.y4m,30.66,30.696,0.181466,0.004714,0.0,242
1,1,1,1,0,0,1,1,0,0,1,0,2,15,0,city_cif.y4m,530.73,530.76,0.106066,0.004805,0.0,193
1,0,1,0,1,0,1,0,0,0,1,0,1,15,6,city_cif.y4m,40.84,40.704,0.384096,0.005424,0.0,103
1,1,1,0,1,0,0,1,0,1,1,1,8,5,6,city_cif.y4m,30.72,30.886,0.312218,0.004719,0.0,1
1,0,1,1,0,0,0,0,0,1,1,1,1,0,0,city_cif.y4m,467.58,467.58,0.175071,0.005434,0.0,61
1,1,1,1,0,0,0,0,1,0,0,0,2,0,0,city_cif.y4m,502.08,502.72,1.115191,0.0047,0.0,56
1,1,1,0,1,0,0,1,0,0,1,0,8,15,3,city_cif.y4m,30.92,30.956,0.243578,0.004704,0.0,148
1,0,1,0,1,0,0,0,0,1,0,1,2,5,0,city_cif.y4m,29.06,29.016,0.090719,0.005447,0.0,112
1,0,1,0,1,0,1,0,0,0,1,0,8,15,3,city_cif.y4m,39.97,39.968,0.075961,0.005424,0.0,300
1,0,1,0,1,0,0,0,0,1,1,0,4,15,0,city_cif.y4m,29.08,29.11,0.112472,0.005445,0.0,249
1,0,1,0,1,0,0,0,0,0,0,1,2,0,0,city_cif.y4m,28.96,28.986,0.156461,0.005447,0.0,20
1,1,1,1,0,0,1,1,0,1,0,1,1,5,0,city_cif.y4m,520.33,520.298,0.119248,0.004838,0.0,104
1,1,1,1,0,0,0,1,0,1,1,1,8,15,6,city_cif.y4m,552.04,551.96,0.169558,0.004702,0.0,131
1,0,1,1,0,0,0,0,0,0,0,0,2,0,3,city_cif.y4m,466.19,466.228,0.211116,0.005446,0.0,69
1,0,1,0,1,0,1,0,0,0,0,0,2,0,3,city_cif.y4m,41.08,40.804,0.615695,0.005424,0.0,220
1,1,1,1,0,0,1,1,0,1,1,1,8,15,6,city_cif.y4m,557.28,557.534,0.626722,0.00476,0.0,11
1,1,1,1,0,0,1,1,0,1,0,0,4,15,6,city_cif.y4m,547.54,542.386,12.014907,0.004744,0.0,258
1,0,1,0,1,0,1,0,0,0,0,0,2,15,3,city_cif.y4m,40.19,40.126,0.298211,0.005424,0.0,65
1,0,1,0,0,1,1,0,0,0,0,0,2,15,0,city_cif.y4m,67.01,67.072,0.22163,0.005454,0.0,160
1,0,1,0,0,1,1,0,0,0,0,0,8,0,0,city_cif.y4m,66.38,67.104,1.194584,0.005454,0.0,238
1,1,1,1,0,0,0,1,0,0,0,0,4,0,0,city_cif.y4m,492.81,492.886,0.158209,0.004718,0.0,57
1,1,1,0,1,0,0,1,0,1,0,1,2,0,0,city_cif.y4m,32.75,32.832,0.643327,0.004723,0.0,79
1,0,1,0,1,0,1,0,0,0,1,0,4,15,3,city_cif.y4m,39.96,39.95,0.12083,0.005424,0.0,224
1,1,1,0,1,0,0,1,0,1,0,0,2,0,3,city_cif.y4m,31.51,31.972,0.770727,0.004711,0.0,48
1,0,1,0,1,0,1,0,0,0,0,1,8,0,6,city_cif.y4m,40.06,40.58,0.771848,0.005429,0.0,173
1,1,1,1,0,0,1,1,0,0,1,1,1,0,0,city_cif.y4m,499.6,499.612,0.242837,0.004868,0.0,283
1,0,1,0,1,0,0,0,0,0,0,0,1,0,6,city_cif.y4m,28.91,28.882,0.079183,0.005445,0.0,190
1,0,1,0,1,0,1,0,0,1,1,1,4,0,6,city_cif.y4m,40.75,40.724,0.158682,0.005429,0.0,259
1,0,1,1,0,0,0,0,0,0,0,1,1,15,3,city_cif.y4m,501.06,502.342,2.03195,0.005434,0.0,7
1,0,1,0,0,1,0,0,0,0,0,1,2,5,0,city_cif.y4m,54.52,54.142,0.781198,0.005467,0.0,73
1,1,1,1,0,0,1,1,0,0,0,0,2,0,6,city_cif.y4m,501.96,501.448,1.874372,0.00485,0.0,63
1,0,1,0,0,1,1,0,0,1,1,0,2,15,3,city_cif.y4m,67.76,67.184,1.084126,0.005454,0.0,284
1,0,1,1,0,0,1,0,0,1,0,1,8,15,6,city_cif.y4m,507.05,507.114,0.943202,0.005426,0.0,250
1,1,1,0,1,0,0,1,0,0,0,0,2,5,0,city_cif.y4m,33.71,33.98,0.479218,0.004713,0.0,209
1,0,1,0,1,0,1,0,0,0,0,1,4,5,3,city_cif.y4m,39.99,40.384,0.815984,0.005429,0.0,138
1,1,1,1,0,0,0,0,1,1,1,0,1,0,0,city_cif.y4m,468.59,468.684,0.406116,0.0047,0.0,135
1,1,1,1,0,0,1,1,0,1,1,0,4,5,3,city_cif.y4m,521.88,522.244,0.714199,0.00477,0.0,264
1,1,1,1,0,0,0,1,0,1,1,0,2,0,6,city_cif.y4m,492.93,493.798,2.003614,0.004718,0.0,215
1,0,1,0,0,1,0,0,0,0,1,1,4,5,3,city_cif.y4m,53.16,53.542,0.883782,0.005467,0.0,50
1,0,1,1,0,0,0,0,0,1,1,0,4,0,6,city_cif.y4m,470.22,470.224,0.098641,0.005446,0.0,98
1,1,1,1,0,0,0,1,0,1,1,0,1,15,0,city_cif.y4m,510.49,510.53,0.123895,0.004704,0.0,140
1,1,1,1,0,0,0,1,0,0,1,1,1,0,3,city_cif.y4m,495.22,494.948,0.904362,0.004723,0.0,113
1,0,1,0,1,0,1,0,0,1,1,0,1,0,6,city_cif.y4m,40.54,40.566,0.133154,0.005424,0.0,3
1,0,1,0,0,1,0,0,0,1,1,1,8,0,0,city_cif.y4m,53.01,53.45,0.644632,0.005467,0.0,149
1,0,1,1,0,0,0,0,0,0,1,1,8,5,6,city_cif.y4m,487.74,480.228,11.520402,0.005434,0.0,153
1,1,1,1,0,0,1,1,0,1,1,0,2,15,6,city_cif.y4m,561.46,560.338,2.220714,0.004744,0.0,133
1,0,1,1,0,0,0,0,0,0,0,0,1,0,3,city_cif.y4m,467.44,469.952,4.596979,0.005446,0.0,191
1,1,1,0,1,0,0,1,0,1,0,1,1,0,6,city_cif.y4m,31.87,31.876,0.077653,0.004723,0.0,100
1,0,1,1,0,0,1,0,0,0,1,0,4,0,3,city_cif.y4m,505.67,508.05,3.355719,0.005426,0.0,85
1,0,1,0,0,1,1,0,0,0,0,0,2,0,3,city_cif.y4m,70.82,71.586,1.12202,0.005454,0.0,88
1,0,1,0,1,0,1,0,0,1,1,0,4,15,6,city_cif.y4m,40.51,40.532,0.3496,0.005424,0.0,31
1,0,1,0,0,1,1,0,0,0,0,0,4,5,3,city_cif.y4m,65.91,66.836,1.33249,0.005454,0.0,134
1,1,1,0,1,0,1,1,0,1,1,1,8,0,3,city_cif.y4m,30.48,30.446,0.241516,0.004873,0.0,147
1,1,1,1,0,0,0,1,0,0,1,1,4,15,6,city_cif.y4m,515.17,515.214,0.159781,0.004702,0.0,275
1,0,1,0,0,1,1,0,0,0,1,0,4,15,3,city_cif.y4m,66.88,66.82,0.408595,0.005454,0.0,143
1,1,1,0,1,0,1,1,0,1,0,0,1,5,6,city_cif.y4m,31.0,31.048,0.085849,0.004788,0.0,8
1,1,1,1,0,0,1,1,0,0,1,1,4,5,3,city_cif.y4m,518.31,520.34,4.473751,0.004794,0.0,216
1,0,1,1,0,0,1,0,0,1,0,0,1,0,3,city_cif.y4m,506.29,506.228,0.322754,0.005426,0.0,214
1,0,1,0,0,1,0,0,0,0,0,0,1,5,0,city_cif.y4m,54.28,54.31,0.086313,0.005458,0.0,17
1,0,1,0,0,1,1,0,0,0,0,0,1,5,0,city_cif.y4m,72.51,71.876,1.037849,0.005454,0.0,206
1,0,1,0,1,0,0,0,0,1,1,1,8,15,0,city_cif.y4m,29.83,29.488,0.512221,0.005447,0.0,36
1,1,1,0,1,0,1,1,0,0,0,0,4,15,3,city_cif.y4m,30.65,30.65,0.044721,0.00478,0.0,6
1,0,1,1,0,0,1,0,0,0,0,1,1,0,6,city_cif.y4m,514.28,512.36,4.025413,0.005426,0.0,5
1,0,1,1,0,0,1,0,0,0,0,0,8,15,6,city_cif.y4m,510.21,510.3,0.245662,0.005426,0.0,164
1,0,1,0,0,1,0,0,0,1,0,0,8,0,6,city_cif.y4m,53.41,53.418,0.072938,0.005458,0.0,97
1,0,1,1,0,0,0,0,0,0,1,0,2,5,3,city_cif.y4m,499.46,499.396,0.210547,0.005446,0.0,236
1,1,1,0,1,0,1,1,0,0,0,0,8,5,0,city_cif.y4m,31.22,31.088,0.294907,0.004854,0.0,71
1,1,1,0,1,0,1,1,0,1,0,1,2,0,3,city_cif.y4m,30.1,30.436,0.51413,0.004873,0.0,295
1,0,1,1,0,0,1,0,0,1,1,0,8,5,3,city_cif.y4m,510.32,510.35,0.165378,0.005426,0.0,286
1,0,1,0,1,0,0,0,0,0,0,1,1,5,0,city_cif.y4m,28.93,28.952,0.099096,0.005447,0.0,34
1,0,1,0,1,0,1,0,0,1,1,1,1,5,3,city_cif.y4m,42.94,43.296,0.607149,0.005429,0.0,240
1,0,1,0,0,1,1,0,0,0,0,1,4,15,3,city_cif.y4m,66.09,66.054,0.108995,0.005437,0.0,18
1,0,1,0,1,0,0,0,0,0,1,0,8,0,6,city_cif.y4m,28.86,28.876,0.107842,0.005445,0.0,102
1,1,1,1,0,0,1,0,1,0,1,0,4,0,0,city_cif.y4m,491.68,493.894,4.96793,0.00468,0.0,51
1,1,1,1,0,0,1,1,0,0,0,1,4,15,6,city_cif.y4m,521.57,521.632,1.424875,0.00476,0.0,282
1,0,1,0,1,0,1,0,0,1,1,1,1,0,3,city_cif.y4m,40.46,41.276,1.447042,0.005429,0.0,77
1,0,1,1,0,0,1,0,0,0,1,0,2,0,3,city_cif.y4m,505.9,516.646,14.886824,0.005426,0.0,128
1,1,1,0,1,0,1,1,0,0,0,0,2,5,3,city_cif.y4m,32.44,32.44,0.123085,0.004798,0.0,234
1,0,1,1,0,0,0,0,0,0,1,1,1,0,0,city_cif.y4m,468.46,468.364,0.49105,0.005434,0.0,252
1,0,1,1,0,0,1,0,0,0,0,1,4,0,3,city_cif.y4m,509.37,507.832,2.450657,0.005426,0.0,28
1,0,1,0,0,1,1,0,0,1,1,1,8,15,3,city_cif.y4m,66.09,66.154,0.155338,0.005437,0.0,139
1,0,1,0,0,1,0,0,0,0,0,1,1,5,0,city_cif.y4m,53.15,53.176,0.078613,0.005467,0.0,158
1,1,1,0,1,0,1,1,0,1,0,1,8,5,3,city_cif.y4m,30.32,30.336,0.443373,0.004814,0.0,152
1,0,1,1,0,0,1,0,0,1,0,0,2,0,6,city_cif.y4m,532.18,526.668,11.603468,0.005426,0.0,12
1,1,1,0,1,0,0,1,0,0,0,1,4,15,3,city_cif.y4m,30.75,30.772,0.067602,0.004715,0.0,294
1,1,1,0,1,0,0,1,0,0,0,1,8,15,3,city_cif.y4m,30.93,30.908,0.113004,0.004715,0.0,154
1,1,1,1,0,0,0,1,0,1,0,0,2,15,6,city_cif.y4m,514.51,514.622,0.269203,0.004698,0.0,157
1,0,1,1,0,0,1,0,0,1,1,1,2,0,3,city_cif.y4m,506.34,506.642,1.250368,0.005426,0.0,150
1,1,1,0,1,0,1,1,0,0,1,0,8,0,6,city_cif.y4m,31.58,31.31,0.501448,0.004863,0.0,287
1,0,1,0,1,0,0,0,0,1,1,0,1,0,3,city_cif.y4m,29.62,29.512,0.711175,0.005445,0.0,297
1,0,1,0,0,1,0,0,0,1,1,0,8,15,0,city_cif.y4m,53.53,53.76,0.588855,0.005458,0.0,263
1,1,1,0,1,0,0,1,0,1,1,1,1,5,3,city_cif.y4m,31.07,31.094,0.041593,0.004695,0.0,255
1,0,1,1,0,0,0,0,0,1,1,0,8,15,3,city_cif.y4m,466.4,468.114,2.836967,0.005446,0.0,115
1,0,1,0,0,1,1,0,0,1,0,1,4,15,3,city_cif.y4m,65.97,66.772,1.256511,0.005437,0.0,188
1,0,1,0,0,1,1,0,0,0,0,1,8,0,6,city_cif.y4m,67.94,67.914,1.269835,0.005437,0.0,212
1,0,1,1,0,0,1,0,0,0,0,1,1,15,3,city_cif.y4m,505.31,510.384,11.526525,0.005426,0.0,195
1,0,1,0,1,0,0,0,0,0,1,1,2,15,0,city_cif.y4m,29.22,29.266,0.303776,0.005447,0.0,119
1,0,1,1,0,0,0,0,0,1,0,1,4,15,0,city_cif.y4m,504.18,503.11,2.220259,0.005434,0.0,58
1,0,1,0,1,0,1,0,0,1,0,1,4,0,6,city_cif.y4m,42.95,43.066,0.296699,0.005429,0.0,277
1,0,1,0,1,0,1,0,0,0,1,1,4,5,6,city_cif.y4m,40.18,40.514,0.545463,0.005429,0.0,64
1,1,1,0,1,0,1,1,0,1,0,0,2,0,0,city_cif.y4m,30.7,30.718,0.058481,0.004863,0.0,285
1,1,1,0,1,0,1,1,0,1,0,0,4,0,0,city_cif.y4m,30.76,30.838,0.206688,0.004863,0.0,290
1,0,1,1,0,0,0,0,0,1,0,1,8,5,6,city_cif.y4m,471.58,471.522,0.17936,0.005434,0.0,196
1,1,1,1,0,0,1,0,1,1,1,1,1,0,0,city_cif.y4m,519.91,519.876,0.16562,0.004695,0.0,93
1,0,1,1,0,0,1,0,0,0,1,1,4,5,6,city_cif.y4m,517.47,516.908,8.066472,0.005426,0.0,299
1,0,1,1,0,0,0,0,0,1,0,0,2,5,0,city_cif.y4m,471.13,470.524,4.778821,0.005446,0.0,125
1,1,1,0,1,0,0,1,0,1,0,1,2,15,6,city_cif.y4m,31.59,31.582,0.060581,0.004701,0.0,21
1,0,1,0,1,0,0,0,0,1,0,1,2,0,0,city_cif.y4m,30.92,30.234,1.113185,0.005447,0.0,225
1,0,1,0,1,0,0,0,0,1,0,0,2,5,0,coastguard_cif.y4m,40.67,40.702,0.109864,0.005772,0.0,114
1,1,1,1,0,0,0,0,1,0,0,1,1,0,0,coastguard_cif.y4m,662.47,662.332,0.420202,0.005074,0.0,281
1,1,1,1,0,0,0,1,0,1,1,0,2,5,0,coastguard_cif.y4m,796.09,795.976,0.591971,0.004969,0.0,49
1,0,1,0,0,1,1,0,0,0,0,0,2,15,6,coastguard_cif.y4m,72.75,72.73,0.166283,0.005406,0.0,194
1,0,1,1,0,0,0,0,0,0,0,0,2,0,6,coastguard_cif.y4m,591.14,591.168,0.353369,0.005775,0.0,62
1,1,1,0,1,0,0,1,0,1,1,1,1,15,3,coastguard_cif.y4m,79.1,79.084,0.170088,0.004964,0.0,91
1,0,1,0,0,1,1,0,0,0,0,0,4,0,6,coastguard_cif.y4m,72.66,72.64,0.141598,0.005406,0.0,107
1,0,1,1,0,0,1,0,0,0,0,1,4,5,3,coastguard_cif.y4m,619.28,619.142,0.405672,0.005311,0.0,181
1,0,1,0,1,0,1,0,0,0,0,0,4,5,0,coastguard_cif.y4m,46.62,46.616,0.076354,0.005308,0.0,247
1,0,1,1,0,0,0,0,0,1,1,0,4,5,3,coastguard_cif.y4m,590.9,590.948,0.27225,0.005775,0.0,166
1,0,1,0,0,1,0,0,0,0,1,1,4,0,0,coastguard_cif.y4m,65.43,65.374,0.162573,0.005816,0.0,25
1,1,1,0,1,0,0,1,0,0,0,1,8,0,6,coastguard_cif.y4m,77.72,77.694,0.177567,0.004935,0.0,203
1,1,1,1,0,0,1,1,0,1,1,1,4,5,6,coastguard_cif.y4m,825.82,825.77,0.514636,0.005548,0.0,219
1,0,1,0,0,1,0,0,0,0,0,0,4,15,0,coastguard_cif.y4m,65.88,65.918,0.216148,0.005813,0.0,162
1,0,1,1,0,0,1,0,0,0,1,0,4,15,6,coastguard_cif.y4m,619.12,619.13,0.498598,0.005306,0.0,182
1,0,1,0,0,1,0,0,0,1,1,0,1,15,6,coastguard_cif.y4m,65.1,65.13,0.076811,0.005813,0.0,10
1,1,1,1,0,0,1,1,0,1,1,1,2,15,0,coastguard_cif.y4m,823.04,823.142,0.45975,0.005577,0.0,14
1,1,1,1,0,0,0,1,0,0,0,1,1,0,6,coastguard_cif.y4m,767.3,767.398,0.348454,0.004998,0.0,89
1,1,1,1,0,0,0,1,0,1,1,1,1,5,0,coastguard_cif.y4m,803.96,803.936,0.249058,0.004973,0.0,116
1,0,1,1,0,0,0,0,0,0,1,1,4,15,3,coastguard_cif.y4m,593.72,593.682,0.217647,0.005767,0.0,217
1,1,1,0,1,0,0,1,0,0,1,0,1,0,0,coastguard_cif.y4m,77.56,77.578,0.180887,0.00498,0.0,75
1,1,1,0,1,0,0,1,0,1,1,1,2,15,6,coastguard_cif.y4m,80.07,80.028,0.296934,0.004978,0.0,266
1,0,1,1,0,0,1,0,0,0,1,1,4,15,3,coastguard_cif.y4m,618.63,618.77,0.279911,0.005311,0.0,268
1,0,1,0,1,0,1,0,0,1,1,1,4,15,3,coastguard_cif.y4m,46.55,46.55,0.095656,0.005308,0.0,187
1,0,1,0,0,1,1,0,0,0,1,0,8,15,3,coastguard_cif.y4m,71.86,71.792,0.165892,0.005406,0.0,161
1,0,1,0,1,0,1,0,0,0,1,0,2,0,6,coastguard_cif.y4m,46.67,46.648,0.230043,0.005308,0.0,23
1,1,1,1,0,0,0,1,0,1,1,0,2,5,6,coastguard_cif.y4m,804.47,804.422,0.48905,0.004954,0.0,2
1,1,1,1,0,0,1,0,1,1,0,1,2,0,0,coastguard_cif.y4m,689.52,689.882,1.222158,0.005405,0.0,16
1,0,1,1,0,0,0,0,0,1,1,1,8,15,0,coastguard_cif.y4m,593.73,593.72,0.178606,0.005767,0.0,262
1,1,1,1,0,0,0,1,0,1,1,0,4,5,0,coastguard_cif.y4m,796.24,796.572,0.6071,0.004969,0.0,66
1,0,1,1,0,0,0,0,0,1,0,0,2,0,0,coastguard_cif.y4m,591.42,591.394,0.189947,0.005775,0.0,86
1,0,1,0,1,0,1,0,0,0,1,0,2,5,6,coastguard_cif.y4m,46.56,46.552,0.155949,0.005308,0.0,231
1,0,1,0,1,0,0,0,0,0,0,0,4,5,0,coastguard_cif.y4m,41.05,41.116,0.133903,0.005772,0.0,269
1,1,1,0,1,0,1,1,0,0,1,0,1,5,0,coastguard_cif.y4m,77.67,77.532,0.269666,0.005575,0.0,180
1,0,1,0,0,1,0,0,0,0,1,0,4,5,6,coastguard_cif.y4m,65.64,65.742,0.185391,0.005813,0.0,274
1,1,1,1,0,0,0,1,0,1,1,0,2,15,6,coastguard_cif.y4m,793.66,793.918,0.496306,0.004985,0.0,184
1,0,1,0,0,1,1,0,0,0,0,1,4,5,0,coastguard_cif.y4m,73.07,73.022,0.220159,0.005405,0.0,118
1,1,1,1,0,0,0,1,0,0,0,0,1,0,6,coastguard_cif.y4m,771.64,771.55,0.261534,0.004978,0.0,254
1,0,1,1,0,0,1,0,0,0,1,1,4,5,0,coastguard_cif.y4m,618.79,618.838,0.076616,0.005311,0.0,208
1,0,1,0,0,1,1,0,0,1,1,0,4,5,6,coastguard_cif.y4m,72.72,72.616,0.175869,0.005406,0.0,279
1,1,1,1,0,0,0,1,0,0,1,1,4,15,3,coastguard_cif.y4m,796.53,796.624,0.342462,0.004959,0.0,229
1,0,1,0,0,1,1,0,0,1,1,1,1,0,0,coastguard_cif.y4m,72.1,72.068,0.213237,0.005405,0.0,46
1,0,1,0,0,1,0,0,0,1,1,1,4,5,6,coastguard_cif.y4m,65.36,65.364,0.201196,0.005816,0.0,171
1,1,1,1,0,0,0,1,0,0,1,0,2,5,0,coastguard_cif.y4m,789.61,789.814,0.700307,0.004969,0.0,99
1,0,1,0,0,1,0,0,0,0,0,0,8,0,0,coastguard_cif.y4m,65.0,64.98,0.065955,0.005813,0.0,81
1,1,1,1,0,0,1,1,0,1,0,1,8,5,0,coastguard_cif.y4m,817.71,817.848,0.481996,0.005569,0.0,155
1,0,1,0,1,0,0,0,0,1,0,1,1,15,6,coastguard_cif.y4m,40.58,40.802,0.514947,0.00577,0.0,96
1,1,1,1,0,0,0,1,0,1,1,1,8,0,0,coastguard_cif.y4m,766.85,766.84,0.588643,0.004998,0.0,218
1,1,1,1,0,0,1,1,0,1,1,0,8,0,6,coastguard_cif.y4m,801.38,801.81,0.961353,0.005542,0.0,53
1,1,1,0,1,0,1,0,1,0,0,0,2,0,0,coastguard_cif.y4m,52.76,52.788,0.152217,0.005408,0.0,109
1,0,1,0,1,0,0,0,0,0,1,0,4,5,6,coastguard_cif.y4m,41.31,41.28,0.092736,0.005772,0.0,185
1,1,1,1,0,0,0,1,0,0,1,1,2,0,0,coastguard_cif.y4m,767.09,766.974,0.592647,0.004998,0.0,239
1,0,1,1,0,0,0,0,0,0,0,1,2,0,0,coastguard_cif.y4m,593.77,593.73,0.216449,0.005767,0.0,276
1,0,1,1,0,0,1,0,0,0,0,1,4,0,6,coastguard_cif.y4m,619.14,619.39,0.585705,0.005311,0.0,257
1,0,1,0,0,1,0,0,0,1,1,0,1,5,0,coastguard_cif.y4m,65.61,65.64,0.071764,0.005813,0.0,42
1,1,1,0,1,0,1,1,0,0,0,0,2,15,3,coastguard_cif.y4m,78.84,78.924,0.207918,0.005581,0.0,204
1,0,1,1,0,0,1,0,0,1,0,1,2,15,6,coastguard_cif.y4m,618.69,619.042,0.965231,0.005311,0.0,145
1,0,1,0,1,0,0,0,0,0,0,0,2,0,3,coastguard_cif.y4m,40.57,40.624,0.087063,0.005772,0.0,246
1,1,1,1,0,0,0,1,0,0,1,1,8,0,0,coastguard_cif.y4m,767.36,767.36,0.490306,0.004998,0.0,202
1,1,1,0,1,0,0,1,0,1,0,0,2,5,3,coastguard_cif.y4m,80.68,80.76,0.181521,0.004949,0.0,70
1,0,1,0,1,0,0,0,0,0,1,0,1,5,3,coastguard_cif.y4m,40.99,41.08,0.163554,0.005772,0.0,230
1,0,1,0,1,0,1,0,0,0,0,0,4,15,6,coastguard_cif.y4m,46.54,46.522,0.149566,0.005308,0.0,267
1,1,1,1,0,0,1,1,0,0,0,1,8,5,3,coastguard_cif.y4m,827.43,827.332,0.580491,0.005566,0.0,146
1,0,1,0,1,0,1,0,0,0,0,1,2,15,0,coastguard_cif.y4m,46.57,46.594,0.215476,0.005308,0.0,27
1,0,1,0,1,0,1,0,0,0,1,1,8,0,3,coastguard_cif.y4m,46.6,46.554,0.141527,0.005308,0.0,137
1,1,1,1,0,0,0,1,0,0,1,1,2,15,0,coastguard_cif.y4m,797.44,797.322,0.346872,0.004965,0.0,189
1,1,1,0,1,0,1,1,0,1,0,0,4,15,0,coastguard_cif.y4m,78.71,78.692,0.239416,0.005578,0.0,132
1,1,1,1,0,0,0,0,1,1,0,1,8,0,0,coastguard_cif.y4m,662.53,662.208,0.595668,0.005074,0.0,169
1,0,1,0,0,1,0,0,0,0,0,0,1,5,6,coastguard_cif.y4m,65.84,65.924,0.492169,0.005813,0.0,33
1,0,1,1,0,0,0,0,0,0,1,1,8,15,0,coastguard_cif.y4m,593.81,593.778,0.226208,0.005767,0.0,205
1,0,1,1,0,0,0,0,0,1,0,1,2,0,0,coastguard_cif.y4m,593.82,594.034,0.660742,0.005767,0.0,245
1,1,1,0,1,0,1,1,0,0,1,1,1,15,0,coastguard_cif.y4m,77.71,77.734,0.096073,0.005597,0.0,298
1,0,1,1,0,0,1,0,0,1,1,0,2,5,6,coastguard_cif.y4m,619.3,619.456,0.800081,0.005306,0.0,163
1,1,1,1,0,0,0,1,0,0,0,0,1,5,0,coastguard_cif.y4m,789.77,789.644,0.253041,0.004969,0.0,123
1,0,1,0,0,1,1,0,0,1,0,0,4,15,0,coastguard_cif.y4m,72.68,72.62,0.270924,0.005406,0.0,4
1,0,1,0,0,1,1,0,0,1,1,0,8,5,6,coastguard_cif.y4m,72.77,72.71,0.352207,0.005406,0.0,141
1,1,1,0,1,0,0,1,0,1,0,0,8,5,6,coastguard_cif.y4m,77.77,78.002,0.575647,0.004985,0.0,129
1,1,1,0,1,0,1,1,0,1,1,0,4,5,3,coastguard_cif.y4m,78.8,78.82,0.119791,0.005552,0.0,159
1,0,1,0,0,1,1,0,0,1,0,0,1,0,0,coastguard_cif.y4m,72.69,72.722,0.161152,0.005406,0.0,22
1,0,1,0,0,1,0,0,0,1,0,1,2,0,6,coastguard_cif.y4m,65.14,65.254,0.216056,0.005816,0.0,175
1,1,1,1,0,0,0,1,0,1,1,1,8,5,6,coastguard_cif.y4m,789.74,789.926,0.791157,0.004974,0.0,151
1,1,1,0,1,0,0,1,0,0,1,0,2,5,0,coastguard_cif.y4m,79.22,79.23,0.167631,0.004953,0.0,52
1,0,1,0,0,1,0,0,0,0,0,1,4,0,3,coastguard_cif.y4m,65.57,65.522,0.211825,0.005816,0.0,108
1,0,1,0,1,0,1,0,0,0,0,1,8,15,0,coastguard_cif.y4m,46.43,46.474,0.137949,0.005308,0.0,72
1,0,1,1,0,0,1,0,0,1,1,0,8,0,6,coastguard_cif.y4m,619.47,619.446,0.274827,0.005306,0.0,248
1,1,1,1,0,0,1,1,0,1,1,0,8,5,6,coastguard_cif.y4m,821.12,820.834,0.497273,0.005529,0.0,174
1,0,1,1,0,0,1,0,0,1,1,1,8,0,3,coastguard_cif.y4m,619.02,619.08,0.288357,0.005311,0.0,130
1,1,1,0,1,0,1,1,0,1,1,1,8,15,0,coastguard_cif.y4m,78.94,78.892,0.258786,0.005597,0.0,168
1,0,1,0,0,1,1,0,0,1,0,1,8,0,6,coastguard_cif.y4m,72.86,72.898,0.240458,0.005405,0.0,198
1,0,1,0,0,1,1,0,0,1,1,0,1,0,3,coastguard_cif.y4m,72.69,72.666,0.13975,0.005406,0.0,83
1,1,1,1,0,0,1,1,0,0,1,0,1,0,3,coastguard_cif.y4m,801.37,801.298,0.525709,0.005542,0.0,291
1,0,1,0,1,0,0,0,0,1,1,0,1,0,6,coastguard_cif.y4m,41.13,41.136,0.053666,0.005772,0.0,237
1,0,1,0,0,1,0,0,0,1,1,1,2,15,3,coastguard_cif.y4m,64.62,64.594,0.285359,0.005816,0.0,90
1,1,1,1,0,0,1,1,0,0,0,1,1,15,0,coastguard_cif.y4m,823.24,823.076,0.733369,0.005577,0.0,87
1,0,1,1,0,0,1,0,0,1,0,0,1,5,0,coastguard_cif.y4m,619.37,619.344,0.16288,0.005306,0.0,74
1,0,1,0,0,1,0,0,0,1,0,0,2,0,3,coastguard_cif.y4m,65.47,65.606,0.200075,0.005813,0.0,201
1,0,1,0,1,0,0,0,0,1,0,1,1,0,0,coastguard_cif.y4m,41.14,41.122,0.143422,0.00577,0.0,183
1,0,1,1,0,0,0,0,0,0,0,0,4,0,6,coastguard_cif.y4m,585.58,585.888,0.467194,0.005775,0.0,227
1,1,1,0,1,0,1,1,0,0,0,0,1,15,6,coastguard_cif.y4m,78.92,78.968,0.235627,0.005521,0.0,222
1,0,1,0,0,1,0,0,0,0,1,0,8,0,6,coastguard_cif.y4m,65.83,65.714,0.186762,0.005813,0.0,55
1,0,1,1,0,0,0,0,0,0,1,1,2,5,0,coastguard_cif.y4m,587.96,587.968,0.150233,0.005767,0.0,142
1,0,1,1,0,0,1,0,0,1,0,1,1,5,6,coastguard_cif.y4m,619.39,619.534,0.845949,0.005311,0.0,124
1,0,1,1,0,0,1,0,0,0,0,0,8,0,0,coastguard_cif.y4m,619.07,619.106,0.26025,0.005306,0.0,95
1,0,1,1,0,0,1,0,0,1,0,0,2,15,0,coastguard_cif.y4m,619.03,618.964,0.215012,0.005306,0.0,241
1,0,1,0,1,0,0,0,0,0,1,1,1,5,3,coastguard_cif.y4m,40.69,40.7,0.1251,0.00577,0.0,289
1,0,1,1,0,0,1,0,0,1,1,0,1,5,0,coastguard_cif.y4m,619.16,619.146,0.296867,0.005306,0.0,278
1,1,1,0,1,0,0,1,0,1,1,0,1,0,6,coastguard_cif.y4m,77.88,77.792,0.150897,0.00498,0.0,176
1,0,1,0,0,1,1,0,0,0,1,0,8,5,0,coastguard_cif.y4m,72.76,72.664,0.282807,0.005406,0.0,122
1,0,1,0,0,1,0,0,0,0,1,0,4,0,6,coastguard_cif.y4m,65.79,66.008,0.690775,0.005813,0.0,30
1,1,1,0,1,0,0,1,0,0,0,0,2,0,6,coastguard_cif.y4m,77.87,77.876,0.192691,0.00498,0.0,251
1,0,1,1,0,0,0,0,0,0,0,1,1,0,0,coastguard_cif.y4m,593.62,593.912,0.984414,0.005767,0.0,120
1,0,1,1,0,0,0,0,0,0,0,1,2,15,6,coastguard_cif.y4m,594.01,594.048,0.387195,0.005767,0.0,144
1,0,1,0,1,0,1,0,0,0,0,0,1,0,3,coastguard_cif.y4m,46.71,46.71,0.061237,0.005308,0.0,265
1,1,1,0,1,0,0,1,0,0,1,0,2,0,6,coastguard_cif.y4m,77.75,77.706,0.212438,0.00498,0.0,260
1,1,1,0,1,0,0,1,0,0,0,1,1,0,3,coastguard_cif.y4m,77.49,77.452,0.175271,0.004935,0.0,78
1,0,1,0,1,0,0,0,0,0,1,1,8,15,3,coastguard_cif.y4m,41.32,41.228,0.211353,0.00577,0.0,84
1,0,1,1,0,0,1,0,0,1,0,0,4,15,3,coastguard_cif.y4m,619.24,619.198,0.34135,0.005306,0.0,296
1,0,1,0,0,1,0,0,0,0,0,1,2,5,6,coastguard_cif.y4m,65.23,65.226,0.139032,0.005816,0.0,232
1,0,1,0,0,1,1,0,0,0,1,0,4,15,6,coastguard_cif.y4m,71.79,71.876,0.207798,0.005406,0.0,213
1,1,1,0,1,0,0,1,0,0,1,1,8,15,3,coastguard_cif.y4m,79.1,79.058,0.309386,0.004964,0.0,94
1,0,1,0,1,0,0,0,0,0,1,1,1,5,0,coastguard_cif.y4m,41.29,41.292,0.102567,0.00577,0.0,178
1,0,1,1,0,0,1,0,0,1,0,0,4,0,0,coastguard_cif.y4m,619.18,619.256,0.410159,0.005306,0.0,127
1,1,1,0,1,0,1,1,0,0,1,0,8,5,6,coastguard_cif.y4m,76.99,76.966,0.167272,0.005545,0.0,111
1,0,1,0,1,0,0,0,0,0,0,1,1,0,6,coastguard_cif.y4m,41.16,41.14,0.04899,0.00577,0.0,92
1,1,1,1,0,0,0,1,0,0,1,0,8,15,6,coastguard_cif.y4m,793.99,793.896,0.393294,0.004985,0.0,54
1,0,1,0,0,1,0,0,0,0,0,1,2,15,0,coastguard_cif.y4m,65.25,65.368,0.180472,0.005816,0.0,45
1,0,1,1,0,0,0,0,0,1,0,0,4,0,6,coastguard_cif.y4m,591.08,591.34,0.525024,0.005775,0.0,226
1,1,1,1,0,0,1,1,0,1,0,0,8,5,0,coastguard_cif.y4m,817.66,818.472,1.606524,0.005555,0.0,200
1,0,1,0,0,1,1,0,0,1,0,1,8,5,6,coastguard_cif.y4m,71.91,71.916,0.043359,0.005405,0.0,59
1,1,1,0,1,0,1,0,1,0,0,1,2,0,0,coastguard_cif.y4m,52.48,52.494,0.105262,0.005427,0.0,19
1,1,1,1,0,0,0,1,0,1,0,0,2,15,0,coastguard_cif.y4m,798.02,798.112,0.401833,0.005026,0.0,47
1,1,1,0,1,0,1,1,0,0,0,1,4,5,6,coastguard_cif.y4m,78.52,78.552,0.058052,0.005549,0.0,32
1,1,1,0,1,0,0,1,0,1,0,0,1,5,6,coastguard_cif.y4m,76.69,76.668,0.177679,0.004985,0.0,170
1,0,1,0,0,1,0,0,0,1,1,0,1,15,0,coastguard_cif.y4m,65.7,65.792,0.22775,0.005813,0.0,270
1,0,1,1,0,0,1,0,0,1,0,1,4,15,6,coastguard_cif.y4m,619.34,619.188,0.210048,0.005311,0.0,207
1,1,1,0,1,0,0,1,0,1,1,1,1,5,6,coastguard_cif.y4m,78.24,78.192,0.100598,0.004975,0.0,43
1,0,1,0,1,0,1,0,0,0,1,1,1,0,3,coastguard_cif.y4m,46.42,46.52,0.146799,0.005308,0.0,40
1,1,1,0,1,0,0,1,0,0,1,1,1,5,3,coastguard_cif.y4m,78.03,78.06,0.129228,0.004988,0.0,117
1,0,1,0,0,1,0,0,0,0,1,0,8,15,6,coastguard_cif.y4m,65.7,65.736,0.296024,0.005813,0.0,253
1,0,1,1,0,0,0,0,0,1,0,0,1,15,3,coastguard_cif.y4m,591.13,591.236,0.640882,0.005775,0.0,68
1,1,1,1,0,0,0,1,0,1,1,1,1,15,6,coastguard_cif.y4m,793.36,793.43,0.142127,0.005009,0.0,186
1,1,1,0,1,0,1,1,0,0,0,1,8,15,3,coastguard_cif.y4m,77.7,77.612,0.212297,0.005572,0.0,288
1,1,1,0,1,0,0,1,0,0,0,0,2,0,0,coastguard_cif.y4m,77.83,77.778,0.152217,0.00498,0.0,15
1,0,1,1,0,0,0,0,0,0,1,1,2,15,3,coastguard_cif.y4m,593.79,593.864,0.438839,0.005767,0.0,82
1,1,1,1,0,0,0,1,0,0,0,0,4,15,6,coastguard_cif.y4m,794.04,793.976,0.13975,0.004985,0.0,211
1,0,1,0,1,0,1,0,0,1,1,1,8,15,6,coastguard_cif.y4m,45.85,45.87,0.18,0.005308,0.0,177
1,1,1,0,1,0,0,1,0,1,1,1,2,5,3,coastguard_cif.y4m,78.22,78.208,0.154822,0.004988,0.0,210
1,0,1,1,0,0,0,0,0,1,1,1,2,0,3,coastguard_cif.y4m,593.95,593.806,0.259095,0.005767,0.0,13
1,0,1,0,1,0,1,0,0,0,0,1,2,15,3,coastguard_cif.y4m,46.31,46.384,0.190866,0.005308,0.0,228
1,0,1,0,1,0,1,0,0,1,1,0,4,5,3,coastguard_cif.y4m,46.56,46.612,0.177116,0.005308,0.0,38
1,1,1,1,0,0,0,1,0,0,0,1,4,15,6,coastguard_cif.y4m,800.34,800.618,1.052198,0.005009,0.0,29
1,1,1,1,0,0,1,0,1,1,0,0,8,0,0,coastguard_cif.y4m,701.17,701.58,1.038701,0.005406,0.0,24
1,1,1,1,0,0,0,1,0,0,0,0,8,5,6,coastguard_cif.y4m,798.32,798.362,0.354147,0.004954,0.0,293
1,1,1,1,0,0,0,1,0,0,1,0,2,5,6,coastguard_cif.y4m,804.29,804.228,0.480125,0.004954,0.0,67
1,1,1,0,1,0,0,1,0,1,0,1,2,5,0,coastguard_cif.y4m,79.04,79.086,0.155499,0.004935,0.0,199
1,0,1,0,0,1,1,0,0,1,1,0,8,15,3,coastguard_cif.y4m,72.66,72.67,0.073485,0.005406,0.0,244
1,0,1,0,0,1,1,0,0,0,0,0,8,15,0,coastguard_cif.y4m,72.66,72.734,0.280945,0.005406,0.0,80
1,1,1,1,0,0,1,1,0,1,1,1,2,0,3,coastguard_cif.y4m,799.71,799.994,0.97976,0.005566,0.0,223
1,1,1,0,1,0,1,1,0,0,1,0,8,5,0,coastguard_cif.y4m,77.87,77.764,0.258322,0.005575,0.0,121
1,0,1,1,0,0,1,0,0,0,0,0,8,5,3,coastguard_cif.y4m,613.21,613.31,0.299666,0.005306,0.0,261
1,0,1,1,0,0,1,0,0,1,1,0,1,5,6,coastguard_cif.y4m,619.18,619.392,0.690196,0.005306,0.0,156
1,1,1,1,0,0,0,1,0,0,1,0,4,15,3,coastguard_cif.y4m,801.65,801.666,0.368822,0.004963,0.0,271
1,1,1,1,0,0,1,1,0,1,0,0,2,15,3,coastguard_cif.y4m,832.18,832.1,0.207364,0.005532,0.0,9
1,1,1,1,0,0,1,1,0,1,0,1,1,0,0,coastguard_cif.y4m,799.79,799.83,0.436119,0.005566,0.0,165
1,0,1,0,0,1,1,0,0,1,0,0,1,15,6,coastguard_cif.y4m,72.53,72.676,0.288496,0.005406,0.0,126
1,0,1,1,0,0,1,0,0,1,1,1,8,5,0,coastguard_cif.y4m,618.77,618.71,0.231517,0.005311,0.0,280
1,0,1,1,0,0,0,0,0,1,1,0,2,5,3,coastguard_cif.y4m,591.16,591.126,0.285009,0.005775,0.0,172
1,0,1,0,1,0,1,0,0,0,0,0,1,15,6,coastguard_cif.y4m,46.08,46.046,0.136858,0.005308,0.0,292
1,0,1,0,0,1,0,0,0,1,0,1,1,0,3,coastguard_cif.y4m,64.32,64.376,0.204524,0.005816,0.0,179
1,0,1,0,0,1,1,0,0,1,0,1,2,0,3,coastguard_cif.y4m,73.12,73.06,0.245255,0.005405,0.0,272
1,0,1,0,0,1,1,0,0,0,1,0,4,5,0,coastguard_cif.y4m,72.67,72.65,0.123895,0.005406,0.0,105
1,0,1,0,1,0,0,0,0,0,0,0,1,0,3,coastguard_cif.y4m,41.21,41.186,0.109681,0.005772,0.0,76
1,0,1,1,0,0,1,0,0,0,1,0,4,15,3,coastguard_cif.y4m,619.13,619.106,0.57335,0.005306,0.0,197
1,1,1,1,0,0,1,1,0,0,1,0,1,15,0,coastguard_cif.y4m,828.55,828.474,0.174155,0.00555,0.0,221
1,1,1,1,0,0,1,1,0,0,1,0,8,15,6,coastguard_cif.y4m,840.34,840.316,0.3772,0.005498,0.0,167
1,1,1,0,1,0,0,1,0,1,0,1,4,15,6,coastguard_cif.y4m,79.87,79.812,0.131034,0.004978,0.0,136
1,1,1,1,0,0,0,1,0,1,0,1,8,15,6,coastguard_cif.y4m,800.21,800.038,0.311721,0.005009,0.0,243
1,0,1,0,1,0,0,0,0,1,0,1,8,15,6,coastguard_cif.y4m,41.13,41.126,0.082946,0.00577,0.0,60
1,0,1,1,0,0,0,0,0,1,0,1,2,0,6,coastguard_cif.y4m,593.53,593.684,0.990268,0.005767,0.0,110
1,1,1,1,0,0,1,1,0,1,0,0,1,15,6,coastguard_cif.y4m,846.98,847.164,0.334186,0.005498,0.0,35
1,0,1,1,0,0,1,0,0,0,1,1,2,5,6,coastguard_cif.y4m,619.1,619.148,0.594996,0.005311,0.0,235
1,0,1,1,0,0,0,0,0,1,0,0,1,0,3,coastguard_cif.y4m,591.38,591.244,0.396144,0.005775,0.0,44
1,1,1,0,1,0,1,1,0,0,1,0,4,15,3,coastguard_cif.y4m,77.87,77.806,0.253634,0.005581,0.0,256
1,0,1,0,0,1,0,0,0,0,1,1,8,0,0,coastguard_cif.y4m,65.18,65.252,0.171377,0.005816,0.0,192
1,0,1,0,1,0,0,0,0,0,1,1,2,0,0,coastguard_cif.y4m,41.15,41.178,0.150732,0.00577,0.0,41
1,0,1,1,0,0,0,0,0,0,1,0,4,5,0,coastguard_cif.y4m,586.23,586.198,0.475941,0.005775,0.0,37
1,0,1,0,0,1,0,0,0,0,0,0,4,5,0,coastguard_cif.y4m,65.7,65.758,0.175841,0.005813,0.0,26
1,1,1,1,0,0,0,1,0,0,0,0,1,0,3,coastguard_cif.y4m,771.71,771.66,0.210832,0.004978,0.0,273
1,1,1,1,0,0,1,1,0,0,0,1,1,5,6,coastguard_cif.y4m,825.67,825.356,0.570246,0.005548,0.0,233
1,1,1,0,1,0,1,1,0,0,1,1,8,0,0,coastguard_cif.y4m,77.29,77.316,0.125817,0.005574,0.0,101
1,0,1,1,0,0,0,0,0,0,0,1,2,5,3,coastguard_cif.y4m,593.73,593.736,0.163646,0.005767,0.0,39
1,1,1,0,1,0,0,1,0,0,0,1,1,15,0,coastguard_cif.y4m,79.22,79.25,0.362215,0.004934,0.0,106
1,1,1,0,1,0,0,0,1,1,0,0,1,0,0,coastguard_cif.y4m,51.22,51.18,0.145258,0.005006,0.0,242
1,1,1,1,0,0,1,1,0,0,1,0,2,15,0,coastguard_cif.y4m,834.88,834.866,0.707163,0.00555,0.0,193
1,0,1,0,1,0,1,0,0,0,1,0,1,15,6,coastguard_cif.y4m,46.59,46.61,0.12145,0.005308,0.0,103
1,1,1,0,1,0,0,1,0,1,1,1,8,5,6,coastguard_cif.y4m,77.3,77.336,0.240271,0.004975,0.0,1
1,0,1,1,0,0,0,0,0,1,1,1,1,0,0,coastguard_cif.y4m,588.38,588.404,0.24224,0.005767,0.0,61
1,1,1,1,0,0,0,0,1,0,0,0,2,0,0,coastguard_cif.y4m,663.48,663.56,0.453211,0.005043,0.0,56
1,1,1,0,1,0,0,1,0,0,1,0,8,15,3,coastguard_cif.y4m,79.87,79.92,0.155242,0.005,0.0,148
1,0,1,0,1,0,0,0,0,1,0,1,2,5,0,coastguard_cif.y4m,41.17,41.196,0.125419,0.00577,0.0,112
1,0,1,0,1,0,1,0,0,0,1,0,8,15,3,coastguard_cif.y4m,46.67,46.712,0.137913,0.005308,0.0,300
1,0,1,0,1,0,0,0,0,1,1,0,4,15,0,coastguard_cif.y4m,40.87,40.782,0.187136,0.005772,0.0,249
1,0,1,0,1,0,0,0,0,0,0,1,2,0,0,coastguard_cif.y4m,41.13,41.176,0.12341,0.00577,0.0,20
1,1,1,1,0,0,1,1,0,1,0,1,1,5,0,coastguard_cif.y4m,817.48,817.896,0.832484,0.005569,0.0,104
1,1,1,1,0,0,0,1,0,1,1,1,8,15,6,coastguard_cif.y4m,799.82,799.93,0.708308,0.005009,0.0,131
1,0,1,1,0,0,0,0,0,0,0,0,2,0,3,coastguard_cif.y4m,586.31,586.208,0.378972,0.005775,0.0,69
1,0,1,0,1,0,1,0,0,0,0,0,2,0,3,coastguard_cif.y4m,46.58,46.57,0.190132,0.005308,0.0,220
1,1,1,1,0,0,1,1,0,1,1,1,8,15,6,coastguard_cif.y4m,842.7,843.168,1.08142,0.005495,0.0,11
1,1,1,1,0,0,1,1,0,1,0,0,4,15,6,coastguard_cif.y4m,846.92,846.962,0.25024,0.005498,0.0,258
1,0,1,0,1,0,1,0,0,0,0,0,2,15,3,coastguard_cif.y4m,46.35,46.4,0.189605,0.005308,0.0,65
1,0,1,0,0,1,1,0,0,0,0,0,2,15,0,coastguard_cif.y4m,72.59,72.658,0.209929,0.005406,0.0,160
1,0,1,0,0,1,1,0,0,0,0,0,8,0,0,coastguard_cif.y4m,72.88,72.818,0.305238,0.005406,0.0,238
1,1,1,1,0,0,0,1,0,0,0,0,4,0,0,coastguard_cif.y4m,771.84,771.584,0.492676,0.004978,0.0,57
1,1,1,0,1,0,0,1,0,1,0,1,2,0,0,coastguard_cif.y4m,77.53,77.488,0.275445,0.004935,0.0,79
1,0,1,0,1,0,1,0,0,0,1,0,4,15,3,coastguard_cif.y4m,45.8,45.852,0.124378,0.005308,0.0,224
1,1,1,0,1,0,0,1,0,1,0,0,2,0,3,coastguard_cif.y4m,77.83,77.806,0.12973,0.00498,0.0,48
1,0,1,0,1,0,1,0,0,0,0,1,8,0,6,coastguard_cif.y4m,45.87,45.884,0.031305,0.005308,0.0,173
1,1,1,1,0,0,1,1,0,0,1,1,1,0,0,coastguard_cif.y4m,799.55,799.526,0.566507,0.005566,0.0,283
1,0,1,0,1,0,0,0,0,0,0,0,1,0,6,coastguard_cif.y4m,41.14,41.172,0.131795,0.005772,0.0,190
1,0,1,0,1,0,1,0,0,1,1,1,4,0,6,coastguard_cif.y4m,46.38,46.426,0.196418,0.005308,0.0,259
1,0,1,1,0,0,0,0,0,0,0,1,1,15,3,coastguard_cif.y4m,588.03,588.04,0.186548,0.005767,0.0,7
1,0,1,0,0,1,0,0,0,0,0,1,2,5,0,coastguard_cif.y4m,65.38,65.352,0.087579,0.005816,0.0,73
1,1,1,1,0,0,1,1,0,0,0,0,2,0,6,coastguard_cif.y4m,801.2,801.124,0.218358,0.005542,0.0,63
1,0,1,0,0,1,1,0,0,1,1,0,2,15,3,coastguard_cif.y4m,71.88,72.0,0.310322,0.005406,0.0,284
1,0,1,1,0,0,1,0,0,1,0,1,8,15,6,coastguard_cif.y4m,613.42,613.508,0.385837,0.005311,0.0,250
1,1,1,0,1,0,0,1,0,0,0,0,2,5,0,coastguard_cif.y4m,79.4,79.268,0.254794,0.004953,0.0,209
1,0,1,0,1,0,1,0,0,0,0,1,4,5,3,coastguard_cif.y4m,45.8,45.806,0.104307,0.005308,0.0,138
1,1,1,1,0,0,0,0,1,1,1,0,1,0,0,coastguard_cif.y4m,663.49,664.124,1.34003,0.005043,0.0,135
1,1,1,1,0,0,1,1,0,1,1,0,4,5,3,coastguard_cif.y4m,811.78,812.564,1.4305,0.005557,0.0,264
1,1,1,1,0,0,0,1,0,1,1,0,2,0,6,coastguard_cif.y4m,771.64,771.836,0.634216,0.004978,0.0,215
1,0,1,0,0,1,0,0,0,0,1,1,4,5,3,coastguard_cif.y4m,65.48,65.484,0.135388,0.005816,0.0,50
1,0,1,1,0,0,0,0,0,1,1,0,4,0,6,coastguard_cif.y4m,591.28,591.372,0.219249,0.005775,0.0,98
1,1,1,1,0,0,0,1,0,1,1,0,1,15,0,coastguard_cif.y4m,798.36,798.438,0.344703,0.005026,0.0,140
1,1,1,1,0,0,0,1,0,0,1,1,1,0,3,coastguard_cif.y4m,767.18,767.244,0.277633,0.004998,0.0,113
1,0,1,0,1,0,1,0,0,1,1,0,1,0,6,coastguard_cif.y4m,45.96,45.942,0.104019,0.005308,0.0,3
1,0,1,0,0,1,0,0,0,1,1,1,8,0,0,coastguard_cif.y4m,65.15,65.114,0.117175,0.005816,0.0,149
1,0,1,1,0,0,0,0,0,0,1,1,8,5,6,coastguard_cif.y4m,593.46,593.494,0.288236,0.005767,0.0,153
1,1,1,1,0,0,1,1,0,1,1,0,2,15,6,coastguard_cif.y4m,847.21,847.154,0.761991,0.005498,0.0,133
1,0,1,1,0,0,0,0,0,0,0,0,1,0,3,coastguard_cif.y4m,591.19,591.252,0.497665,0.005775,0.0,191
1,1,1,0,1,0,0,1,0,1,0,1,1,0,6,coastguard_cif.y4m,77.34,77.45,0.194165,0.004935,0.0,100
1,0,1,1,0,0,1,0,0,0,1,0,4,0,3,coastguard_cif.y4m,618.92,619.156,0.612274,0.005306,0.0,85
1,0,1,0,0,1,1,0,0,0,0,0,2,0,3,coastguard_cif.y4m,72.53,72.612,0.235733,0.005406,0.0,88
1,0,1,0,1,0,1,0,0,1,1,0,4,15,6,coastguard_cif.y4m,46.51,46.548,0.129885,0.005308,0.0,31
1,0,1,0,0,1,1,0,0,0,0,0,4,5,3,coastguard_cif.y4m,71.71,71.758,0.207292,0.005406,0.0,134
1,1,1,0,1,0,1,1,0,1,1,1,8,0,3,coastguard_cif.y4m,76.47,76.438,0.200674,0.005574,0.0,147
1,1,1,1,0,0,0,1,0,0,1,1,4,15,6,coastguard_cif.y4m,800.47,800.292,0.928154,0.005009,0.0,275
1,0,1,0,0,1,1,0,0,0,1,0,4,15,3,coastguard_cif.y4m,71.83,71.798,0.162696,0.005406,0.0,143
1,1,1,0,1,0,1,1,0,1,0,0,1,5,6,coastguard_cif.y4m,77.04,77.046,0.219272,0.005545,0.0,8
1,1,1,1,0,0,1,1,0,0,1,1,4,5,3,coastguard_cif.y4m,827.51,827.668,0.543203,0.005566,0.0,216
1,0,1,1,0,0,1,0,0,1,0,0,1,0,3,coastguard_cif.y4m,613.58,613.508,0.171959,0.005306,0.0,214
1,0,1,0,0,1,0,0,0,0,0,0,1,5,0,coastguard_cif.y4m,65.8,65.762,0.244479,0.005813,0.0,17
1,0,1,0,0,1,1,0,0,0,0,0,1,5,0,coastguard_cif.y4m,72.86,72.832,0.190971,0.005406,0.0,206
1,0,1,0,1,0,0,0,0,1,1,1,8,15,0,coastguard_cif.y4m,41.16,41.122,0.175983,0.00577,0.0,36
1,1,1,0,1,0,1,1,0,0,0,0,4,15,3,coastguard_cif.y4m,77.92,77.908,0.174126,0.005581,0.0,6
1,0,1,1,0,0,1,0,0,0,0,1,1,0,6,coastguard_cif.y4m,619.02,619.05,0.287402,0.005311,0.0,5
1,0,1,1,0,0,1,0,0,0,0,0,8,15,6,coastguard_cif.y4m,619.07,619.028,0.256652,0.005306,0.0,164
1,0,1,0,0,1,0,0,0,1,0,0,8,0,6,coastguard_cif.y4m,65.72,65.702,0.088994,0.005813,0.0,97
1,0,1,1,0,0,0,0,0,0,1,0,2,5,3,coastguard_cif.y4m,591.0,591.15,0.331964,0.005775,0.0,236
1,1,1,0,1,0,1,1,0,0,0,0,8,5,0,coastguard_cif.y4m,77.56,77.55,0.061644,0.005575,0.0,71
1,1,1,0,1,0,1,1,0,1,0,1,2,0,3,coastguard_cif.y4m,77.31,77.266,0.172134,0.005574,0.0,295
1,0,1,1,0,0,1,0,0,1,1,0,8,5,3,coastguard_cif.y4m,619.26,619.314,0.668753,0.005306,0.0,286
1,0,1,0,1,0,0,0,0,0,0,1,1,5,0,coastguard_cif.y4m,40.68,40.676,0.116748,0.00577,0.0,34
1,0,1,0,1,0,1,0,0,1,1,1,1,5,3,coastguard_cif.y4m,46.46,46.426,0.14519,0.005308,0.0,240
1,0,1,0,0,1,1,0,0,0,0,1,4,15,3,coastguard_cif.y4m,72.86,72.882,0.187936,0.005405,0.0,18
1,0,1,0,1,0,0,0,0,0,1,0,8,0,6,coastguard_cif.y4m,41.11,41.11,0.115542,0.005772,0.0,102
1,1,1,1,0,0,1,0,1,0,1,0,4,0,0,coastguard_cif.y4m,694.81,694.86,0.21272,0.005406,0.0,51
1,1,1,1,0,0,1,1,0,0,0,1,4,15,6,coastguard_cif.y4m,843.19,842.996,0.365896,0.005495,0.0,282
1,0,1,0,1,0,1,0,0,1,1,1,1,0,3,coastguard_cif.y4m,46.4,46.378,0.129885,0.005308,0.0,77
1,0,1,1,0,0,1,0,0,0,1,0,2,0,3,coastguard_cif.y4m,619.01,619.024,0.205378,0.005306,0.0,128
1,1,1,0,1,0,1,1,0,0,0,0,2,5,3,coastguard_cif.y4m,78.91,78.848,0.182126,0.005552,0.0,234
1,0,1,1,0,0,0,0,0,0,1,1,1,0,0,coastguard_cif.y4m,594.07,594.03,0.340367,0.005767,0.0,252
1,0,1,1,0,0,1,0,0,0,0,1,4,0,3,coastguard_cif.y4m,618.88,618.994,0.178969,0.005311,0.0,28
1,0,1,0,0,1,1,0,0,1,1,1,8,15,3,coastguard_cif.y4m,73.03,72.976,0.170235,0.005405,0.0,139
1,0,1,0,0,1,0,0,0,0,0,1,1,5,0,coastguard_cif.y4m,65.43,65.442,0.133679,0.005816,0.0,158
1,1,1,0,1,0,1,1,0,1,0,1,8,5,3,coastguard_cif.y4m,77.4,77.38,0.198368,0.00557,0.0,152
1,0,1,1,0,0,1,0,0,1,0,0,2,0,6,coastguard_cif.y4m,619.69,619.666,0.765657,0.005306,0.0,12
1,1,1,0,1,0,0,1,0,0,0,1,4,15,3,coastguard_cif.y4m,78.08,78.03,0.089163,0.004964,0.0,294
1,1,1,0,1,0,0,1,0,0,0,1,8,15,3,coastguard_cif.y4m,79.25,79.218,0.263097,0.004964,0.0,154
1,1,1,1,0,0,0,1,0,1,0,0,2,15,6,coastguard_cif.y4m,794.37,794.292,0.363689,0.004985,0.0,157
1,0,1,1,0,0,1,0,0,1,1,1,2,0,3,coastguard_cif.y4m,619.29,619.666,0.662669,0.005311,0.0,150
1,1,1,0,1,0,1,1,0,0,1,0,8,0,6,coastguard_cif.y4m,77.24,77.28,0.155081,0.005582,0.0,287
1,0,1,0,1,0,0,0,0,1,1,0,1,0,3,coastguard_cif.y4m,41.09,41.046,0.102127,0.005772,0.0,297
1,0,1,0,0,1,0,0,0,1,1,0,8,15,0,coastguard_cif.y4m,65.64,65.714,0.211021,0.005813,0.0,263
1,1,1,0,1,0,0,1,0,1,1,1,1,5,3,coastguard_cif.y4m,79.03,79.118,0.222194,0.004988,0.0,255
1,0,1,1,0,0,0,0,0,1,1,0,8,15,3,coastguard_cif.y4m,591.4,591.38,0.129422,0.005775,0.0,115
1,0,1,0,0,1,1,0,0,1,0,1,4,15,3,coastguard_cif.y4m,72.91,72.806,0.172858,0.005405,0.0,188
1,0,1,0,0,1,1,0,0,0,0,1,8,0,6,coastguard_cif.y4m,72.94,72.962,0.231344,0.005405,0.0,212
1,0,1,1,0,0,1,0,0,0,0,1,1,15,3,coastguard_cif.y4m,613.52,613.578,0.268831,0.005311,0.0,195
1,0,1,0,1,0,0,0,0,0,1,1,2,15,0,coastguard_cif.y4m,41.46,41.364,0.188229,0.00577,0.0,119
1,0,1,1,0,0,0,0,0,1,0,1,4,15,0,coastguard_cif.y4m,593.86,593.746,0.354161,0.005767,0.0,58
1,0,1,0,1,0,1,0,0,1,0,1,4,0,6,coastguard_cif.y4m,46.34,46.358,0.076616,0.005308,0.0,277
1,0,1,0,1,0,1,0,0,0,1,1,4,5,6,coastguard_cif.y4m,46.58,46.54,0.102225,0.005308,0.0,64
1,1,1,0,1,0,1,1,0,1,0,0,2,0,0,coastguard_cif.y4m,78.23,78.164,0.182702,0.005582,0.0,285
1,1,1,0,1,0,1,1,0,1,0,0,4,0,0,coastguard_cif.y4m,78.17,78.144,0.105024,0.005582,0.0,290
1,0,1,1,0,0,0,0,0,1,0,1,8,5,6,coastguard_cif.y4m,593.43,593.482,0.291496,0.005767,0.0,196
1,1,1,1,0,0,1,0,1,1,1,1,1,0,0,coastguard_cif.y4m,689.09,689.07,0.078422,0.005405,0.0,93
1,0,1,1,0,0,1,0,0,0,1,1,4,5,6,coastguard_cif.y4m,619.02,618.982,0.110995,0.005311,0.0,299
1,0,1,1,0,0,0,0,0,1,0,0,2,5,0,coastguard_cif.y4m,591.64,591.768,0.780237,0.005775,0.0,125
1,1,1,0,1,0,0,1,0,1,0,1,2,15,6,coastguard_cif.y4m,79.73,79.852,0.251933,0.004978,0.0,21
1,0,1,0,1,0,0,0,0,1,0,1,2,0,0,coastguard_cif.y4m,41.16,41.212,0.104738,0.00577,0.0,225
1,0,1,0,1,0,0,0,0,1,0,0,2,5,0,container_cif.y4m,21.08,21.1,0.075829,0.005492,0.0,114
1,1,1,1,0,0,0,0,1,0,0,1,1,0,0,container_cif.y4m,621.66,622.046,0.892121,0.005187,0.0,281
1,1,1,1,0,0,0,1,0,1,1,0,2,5,0,container_cif.y4m,749.21,749.222,0.131034,0.005004,0.0,49
1,0,1,0,0,1,1,0,0,0,0,0,2,15,6,container_cif.y4m,59.95,59.932,0.067602,0.005401,0.0,194
1,0,1,1,0,0,0,0,0,0,0,0,2,0,6,container_cif.y4m,599.99,599.958,0.22421,0.005483,0.0,62
1,1,1,0,1,0,0,1,0,1,1,1,1,15,3,container_cif.y4m,29.81,29.832,0.049699,0.004941,0.0,91
1,0,1,0,0,1,1,0,0,0,0,0,4,0,6,container_cif.y4m,60.19,60.164,0.108074,0.005401,0.0,107
1,0,1,1,0,0,1,0,0,0,0,1,4,5,3,container_cif.y4m,597.01,596.978,0.092844,0.005353,0.0,181
1,0,1,0,1,0,1,0,0,0,0,0,4,5,0,container_cif.y4m,24.22,24.182,0.089554,0.005379,0.0,247
1,0,1,1,0,0,0,0,0,1,1,0,4,5,3,container_cif.y4m,595.42,595.34,0.167332,0.005483,0.0,166
1,0,1,0,0,1,0,0,0,0,1,1,4,0,0,container_cif.y4m,56.57,56.562,0.148223,0.005541,0.0,25
1,1,1,0,1,0,0,1,0,0,0,1,8,0,6,container_cif.y4m,29.96,29.974,0.132023,0.00504,0.0,203
1,1,1,1,0,0,1,1,0,1,1,1,4,5,6,container_cif.y4m,776.64,776.368,0.399337,0.004948,0.0,219
1,0,1,0,0,1,0,0,0,0,0,0,4,15,0,container_cif.y4m,56.94,56.846,0.205499,0.005518,0.0,162
1,0,1,1,0,0,1,0,0,0,1,0,4,15,6,container_cif.y4m,594.0,594.152,1.084606,0.005323,0.0,182
1,0,1,0,0,1,0,0,0,1,1,0,1,15,6,container_cif.y4m,56.17,56.176,0.125618,0.005518,0.0,10
1,1,1,1,0,0,1,1,0,1,1,1,2,15,0,container_cif.y4m,774.67,774.762,0.323063,0.00501,0.0,14
1,1,1,1,0,0,0,1,0,0,0,1,1,0,6,container_cif.y4m,701.29,701.304,0.166223,0.005031,0.0,89
1,1,1,1,0,0,0,1,0,1,1,1,1,5,0,container_cif.y4m,734.22,734.242,0.129885,0.004996,0.0,116
1,0,1,1,0,0,0,0,0,0,1,1,4,15,3,container_cif.y4m,593.8,593.804,0.181742,0.005486,0.0,217
1,1,1,0,1,0,0,1,0,0,1,0,1,0,0,container_cif.y4m,30.0,29.992,0.063008,0.005037,0.0,75
1,1,1,0,1,0,0,1,0,1,1,1,2,15,6,container_cif.y4m,30.81,30.874,0.191128,0.004882,0.0,266
1,0,1,1,0,0,1,0,0,0,1,1,4,15,3,container_cif.y4m,597.4,597.47,0.300416,0.005353,0.0,268
1,0,1,0,1,0,1,0,0,1,1,1,4,15,3,container_cif.y4m,23.93,23.954,0.086776,0.005257,0.0,187
1,0,1,0,0,1,1,0,0,0,1,0,8,15,3,container_cif.y4m,59.35,59.358,0.126768,0.005401,0.0,161
1,0,1,0,1,0,1,0,0,0,1,0,2,0,6,container_cif.y4m,24.18,24.176,0.095551,0.005379,0.0,23
1,1,1,1,0,0,0,1,0,1,1,0,2,5,6,container_cif.y4m,753.76,753.706,0.270148,0.004952,0.0,2
1,1,1,1,0,0,1,0,1,1,0,1,2,0,0,container_cif.y4m,652.65,652.604,0.257158,0.005201,0.0,16
1,0,1,1,0,0,0,0,0,1,1,1,8,15,0,container_cif.y4m,598.51,598.59,0.288444,0.005486,0.0,262
1,1,1,1,0,0,0,1,0,1,1,0,4,5,0,container_cif.y4m,744.07,744.156,0.157734,0.005004,0.0,66
1,0,1,1,0,0,0,0,0,1,0,0,2,0,0,container_cif.y4m,600.05,600.306,0.588838,0.005483,0.0,86
1,0,1,0,1,0,1,0,0,0,1,0,2,5,6,container_cif.y4m,24.24,24.232,0.058052,0.005379,0.0,231
1,0,1,0,1,0,0,0,0,0,0,0,4,5,0,container_cif.y4m,21.07,21.096,0.042778,0.005492,0.0,269
1,1,1,0,1,0,1,1,0,0,1,0,1,5,0,container_cif.y4m,31.66,31.658,0.039623,0.005008,0.0,180
1,0,1,0,0,1,0,0,0,0,1,0,4,5,6,container_cif.y4m,56.78,56.768,0.151888,0.005518,0.0,274
1,1,1,1,0,0,0,1,0,1,1,0,2,15,6,container_cif.y4m,782.76,782.782,0.309386,0.004872,0.0,184
1,0,1,0,0,1,1,0,0,0,0,1,4,5,0,container_cif.y4m,60.15,60.152,0.113886,0.005373,0.0,118
1,1,1,1,0,0,0,1,0,0,0,0,1,0,6,container_cif.y4m,708.32,708.292,0.22421,0.00502,0.0,254
1,0,1,1,0,0,1,0,0,0,1,1,4,5,0,container_cif.y4m,597.16,597.07,0.213073,0.005353,0.0,208
1,0,1,0,0,1,1,0,0,1,1,0,4,5,6,container_cif.y4m,60.16,60.154,0.166523,0.005401,0.0,279
1,1,1,1,0,0,0,1,0,0,1,1,4,15,3,container_cif.y4m,748.02,748.66,1.376826,0.004944,0.0,229
1,0,1,0,0,1,1,0,0,1,1,1,1,0,0,container_cif.y4m,60.01,59.948,0.168137,0.005373,0.0,46
1,0,1,0,0,1,0,0,0,1,1,1,4,5,6,container_cif.y4m,56.52,56.532,0.107564,0.005541,0.0,171
1,1,1,1,0,0,0,1,0,0,1,0,2,5,0,container_cif.y4m,748.97,749.006,0.186896,0.005004,0.0,99
1,0,1,0,0,1,0,0,0,0,0,0,8,0,0,container_cif.y4m,56.8,56.822,0.153688,0.005518,0.0,81
1,1,1,1,0,0,1,1,0,1,0,1,8,5,0,container_cif.y4m,777.48,777.946,1.247369,0.005003,0.0,155
1,0,1,0,1,0,0,0,0,1,0,1,1,15,6,container_cif.y4m,21.16,21.172,0.071204,0.005542,0.0,96
1,1,1,1,0,0,0,1,0,1,1,1,8,0,0,container_cif.y4m,701.14,701.182,0.169912,0.005031,0.0,218
1,1,1,1,0,0,1,1,0,1,1,0,8,0,6,container_cif.y4m,732.92,733.062,0.24611,0.005025,0.0,53
1,1,1,0,1,0,1,0,1,0,0,0,2,0,0,container_cif.y4m,25.33,25.31,0.095917,0.005202,0.0,109
1,0,1,0,1,0,0,0,0,0,1,0,4,5,6,container_cif.y4m,21.13,21.13,0.018708,0.005492,0.0,185
1,1,1,1,0,0,0,1,0,0,1,1,2,0,0,container_cif.y4m,701.37,701.352,0.179499,0.005031,0.0,239
1,0,1,1,0,0,0,0,0,0,0,1,2,0,0,container_cif.y4m,598.64,598.61,0.322025,0.005486,0.0,276
1,0,1,1,0,0,1,0,0,0,0,1,4,0,6,container_cif.y4m,597.32,597.6,0.748766,0.005353,0.0,257
1,0,1,0,0,1,0,0,0,1,1,0,1,5,0,container_cif.y4m,56.6,56.614,0.097365,0.005518,0.0,42
1,1,1,0,1,0,1,1,0,0,0,0,2,15,3,container_cif.y4m,32.35,32.346,0.070214,0.0049,0.0,204
1,0,1,1,0,0,1,0,0,1,0,1,2,15,6,container_cif.y4m,597.03,597.094,0.242961,0.005353,0.0,145
1,0,1,0,1,0,0,0,0,0,0,0,2,0,3,container_cif.y4m,21.15,21.13,0.081548,0.005492,0.0,246
1,1,1,1,0,0,0,1,0,0,1,1,8,0,0,container_cif.y4m,695.97,695.992,0.146185,0.005031,0.0,202
1,1,1,0,1,0,0,1,0,1,0,0,2,5,3,container_cif.y4m,29.31,29.298,0.101833,0.004979,0.0,70
1,0,1,0,1,0,0,0,0,0,1,0,1,5,3,container_cif.y4m,21.15,21.122,0.057619,0.005492,0.0,230
1,0,1,0,1,0,1,0,0,0,0,0,4,15,6,container_cif.y4m,24.29,24.254,0.070922,0.005379,0.0,267
1,1,1,1,0,0,1,1,0,0,0,1,8,5,3,container_cif.y4m,769.4,769.55,0.275953,0.00499,0.0,146
1,0,1,0,1,0,1,0,0,0,0,1,2,15,0,container_cif.y4m,24.27,24.276,0.08961,0.005257,0.0,27
1,0,1,0,1,0,1,0,0,0,1,1,8,0,3,container_cif.y4m,24.23,24.256,0.10761,0.005257,0.0,137
1,1,1,1,0,0,0,1,0,0,1,1,2,15,0,container_cif.y4m,738.29,738.356,0.32746,0.004994,0.0,189
1,1,1,0,1,0,1,1,0,1,0,0,4,15,0,container_cif.y4m,32.29,32.312,0.104738,0.004999,0.0,132
1,1,1,1,0,0,0,0,1,1,0,1,8,0,0,container_cif.y4m,626.38,626.672,0.812478,0.005187,0.0,169
1,0,1,0,0,1,0,0,0,0,0,0,1,5,6,container_cif.y4m,56.72,56.7,0.102956,0.005518,0.0,33
1,0,1,1,0,0,0,0,0,0,1,1,8,15,0,container_cif.y4m,598.43,598.468,0.358497,0.005486,0.0,205
1,0,1,1,0,0,0,0,0,1,0,1,2,0,0,container_cif.y4m,594.08,594.482,0.945896,0.005486,0.0,245
1,1,1,0,1,0,1,1,0,0,1,1,1,15,0,container_cif.y4m,31.45,31.444,0.142759,0.00502,0.0,298
1,0,1,1,0,0,1,0,0,1,1,0,2,5,6,container_cif.y4m,598.43,598.268,0.281727,0.005323,0.0,163
1,1,1,1,0,0,0,1,0,0,0,0,1,5,0,container_cif.y4m,749.32,749.376,0.19578,0.005004,0.0,123
1,0,1,0,0,1,1,0,0,1,0,0,4,15,0,container_cif.y4m,59.93,59.966,0.139392,0.005401,0.0,4
1,0,1,0,0,1,1,0,0,1,1,0,8,5,6,container_cif.y4m,60.01,59.98,0.089443,0.005401,0.0,141
1,1,1,0,1,0,0,1,0,1,0,0,8,5,6,container_cif.y4m,30.52,30.556,0.116962,0.004958,0.0,129
1,1,1,0,1,0,1,1,0,1,1,0,4,5,3,container_cif.y4m,31.63,31.624,0.124419,0.004997,0.0,159
1,0,1,0,0,1,1,0,0,1,0,0,1,0,0,container_cif.y4m,60.0,60.012,0.180887,0.005401,0.0,22
1,0,1,0,0,1,0,0,0,1,0,1,2,0,6,container_cif.y4m,55.87,55.87,0.205305,0.005541,0.0,175
1,1,1,1,0,0,0,1,0,1,1,1,8,5,6,container_cif.y4m,736.09,736.128,0.129112,0.004962,0.0,151
1,1,1,0,1,0,0,1,0,0,1,0,2,5,0,container_cif.y4m,30.35,30.348,0.067602,0.005013,0.0,52
1,0,1,0,0,1,0,0,0,0,0,1,4,0,3,container_cif.y4m,56.63,56.6,0.121037,0.005541,0.0,108
1,0,1,0,1,0,1,0,0,0,0,1,8,15,0,container_cif.y4m,24.35,24.358,0.10895,0.005257,0.0,72
1,0,1,1,0,0,1,0,0,1,1,0,8,0,6,container_cif.y4m,598.27,598.268,0.193442,0.005323,0.0,248
1,1,1,1,0,0,1,1,0,1,1,0,8,5,6,container_cif.y4m,783.05,783.22,0.331059,0.004932,0.0,174
1,0,1,1,0,0,1,0,0,1,1,1,8,0,3,container_cif.y4m,597.09,597.112,0.141492,0.005353,0.0,130
1,1,1,0,1,0,1,1,0,1,1,1,8,15,0,container_cif.y4m,31.39,31.356,0.095026,0.00502,0.0,168
1,0,1,0,0,1,1,0,0,1,0,1,8,0,6,container_cif.y4m,59.66,59.6,0.130958,0.005373,0.0,198
1,0,1,0,0,1,1,0,0,1,1,0,1,0,3,container_cif.y4m,59.35,59.372,0.09757,0.005401,0.0,83
1,1,1,1,0,0,1,1,0,0,1,0,1,0,3,container_cif.y4m,733.47,733.384,0.214313,0.005025,0.0,291
1,0,1,0,1,0,0,0,0,1,1,0,1,0,6,container_cif.y4m,21.08,21.102,0.063008,0.005492,0.0,237
1,0,1,0,0,1,0,0,0,1,1,1,2,15,3,container_cif.y4m,55.86,55.846,0.119499,0.005541,0.0,90
1,1,1,1,0,0,1,1,0,0,0,1,1,15,0,container_cif.y4m,774.79,774.696,0.265951,0.00501,0.0,87
1,0,1,1,0,0,1,0,0,1,0,0,1,5,0,container_cif.y4m,598.43,598.35,0.209404,0.005323,0.0,74
1,0,1,0,0,1,0,0,0,1,0,0,2,0,3,container_cif.y4m,56.69,56.718,0.145155,0.005518,0.0,201
1,0,1,0,1,0,0,0,0,1,0,1,1,0,0,container_cif.y4m,21.2,21.17,0.076485,0.005542,0.0,183
1,0,1,1,0,0,0,0,0,0,0,0,4,0,6,container_cif.y4m,599.96,599.996,0.173003,0.005483,0.0,227
1,1,1,0,1,0,1,1,0,0,0,0,1,15,6,container_cif.y4m,32.67,32.676,0.115239,0.004765,0.0,222
1,0,1,0,0,1,0,0,0,0,1,0,8,0,6,container_cif.y4m,56.84,56.842,0.166793,0.005518,0.0,55
1,0,1,1,0,0,0,0,0,0,1,1,2,5,0,container_cif.y4m,598.53,598.608,0.182948,0.005486,0.0,142
1,0,1,1,0,0,1,0,0,1,0,1,1,5,6,container_cif.y4m,597.05,597.034,0.293138,0.005353,0.0,124
1,0,1,1,0,0,1,0,0,0,0,0,8,0,0,container_cif.y4m,593.6,593.54,0.125897,0.005323,0.0,95
1,0,1,1,0,0,1,0,0,1,0,0,2,15,0,container_cif.y4m,598.24,598.298,0.194088,0.005323,0.0,241
1,0,1,0,1,0,0,0,0,0,1,1,1,5,3,container_cif.y4m,21.2,21.208,0.10895,0.005542,0.0,289
1,0,1,1,0,0,1,0,0,1,1,0,1,5,0,container_cif.y4m,598.48,598.448,0.160375,0.005323,0.0,278
1,1,1,0,1,0,0,1,0,1,1,0,1,0,6,container_cif.y4m,29.94,29.922,0.070143,0.005037,0.0,176
1,0,1,0,0,1,1,0,0,0,1,0,8,5,0,container_cif.y4m,60.09,60.064,0.089889,0.005401,0.0,122
1,0,1,0,0,1,0,0,0,0,1,0,4,0,6,container_cif.y4m,56.74,56.748,0.099348,0.005518,0.0,30
1,1,1,0,1,0,0,1,0,0,0,0,2,0,6,container_cif.y4m,29.98,29.992,0.078549,0.005037,0.0,251
1,0,1,1,0,0,0,0,0,0,0,1,1,0,0,container_cif.y4m,598.61,598.57,0.210832,0.005486,0.0,120
1,0,1,1,0,0,0,0,0,0,0,1,2,15,6,container_cif.y4m,598.56,598.62,0.139104,0.005486,0.0,144
1,0,1,0,1,0,1,0,0,0,0,0,1,0,3,container_cif.y4m,24.18,24.202,0.094181,0.005379,0.0,265
1,1,1,0,1,0,0,1,0,0,1,0,2,0,6,container_cif.y4m,30.01,30.016,0.052726,0.005037,0.0,260
1,1,1,0,1,0,0,1,0,0,0,1,1,0,3,container_cif.y4m,29.89,29.874,0.08792,0.00504,0.0,78
1,0,1,0,1,0,0,0,0,0,1,1,8,15,3,container_cif.y4m,21.15,21.208,0.084083,0.005542,0.0,84
1,0,1,1,0,0,1,0,0,1,0,0,4,15,3,container_cif.y4m,598.43,598.318,0.268365,0.005323,0.0,296
1,0,1,0,0,1,0,0,0,0,0,1,2,5,6,container_cif.y4m,56.44,56.542,0.168582,0.005541,0.0,232
1,0,1,0,0,1,1,0,0,0,1,0,4,15,6,container_cif.y4m,59.96,59.954,0.143108,0.005401,0.0,213
1,1,1,0,1,0,0,1,0,0,1,1,8,15,3,container_cif.y4m,29.83,29.816,0.121984,0.004941,0.0,94
1,0,1,0,1,0,0,0,0,0,1,1,1,5,0,container_cif.y4m,21.22,21.202,0.077266,0.005542,0.0,178
1,0,1,1,0,0,1,0,0,1,0,0,4,0,0,container_cif.y4m,593.75,594.15,1.062379,0.005323,0.0,127
1,1,1,0,1,0,1,1,0,0,1,0,8,5,6,container_cif.y4m,31.62,31.582,0.099096,0.004968,0.0,111
1,0,1,0,1,0,0,0,0,0,0,1,1,0,6,container_cif.y4m,20.88,20.902,0.069785,0.005542,0.0,92
1,1,1,1,0,0,0,1,0,0,1,0,8,15,6,container_cif.y4m,782.55,782.748,0.401958,0.004872,0.0,54
1,0,1,0,0,1,0,0,0,0,0,1,2,15,0,container_cif.y4m,56.6,56.644,0.186762,0.005541,0.0,45
1,0,1,1,0,0,0,0,0,1,0,0,4,0,6,container_cif.y4m,599.69,599.784,0.176011,0.005483,0.0,226
1,1,1,1,0,0,1,1,0,1,0,0,8,5,0,container_cif.y4m,776.14,776.432,0.574082,0.004992,0.0,200
1,0,1,0,0,1,1,0,0,1,0,1,8,5,6,container_cif.y4m,60.14,60.164,0.166523,0.005373,0.0,59
1,1,1,0,1,0,1,0,1,0,0,1,2,0,0,container_cif.y4m,24.89,24.88,0.05,0.005211,0.0,19
1,1,1,1,0,0,0,1,0,1,0,0,2,15,0,container_cif.y4m,742.25,742.236,0.101882,0.004985,0.0,47
1,1,1,0,1,0,1,1,0,0,0,1,4,5,6,container_cif.y4m,30.89,30.94,0.086891,0.004986,0.0,32
1,1,1,0,1,0,0,1,0,1,0,0,1,5,6,container_cif.y4m,30.55,30.56,0.100747,0.004958,0.0,170
1,0,1,0,0,1,0,0,0,1,1,0,1,15,0,container_cif.y4m,56.86,56.864,0.097622,0.005518,0.0,270
1,0,1,1,0,0,1,0,0,1,0,1,4,15,6,container_cif.y4m,597.23,597.718,1.099236,0.005353,0.0,207
1,1,1,0,1,0,0,1,0,1,1,1,1,5,6,container_cif.y4m,29.86,29.89,0.044721,0.004966,0.0,43
1,0,1,0,1,0,1,0,0,0,1,1,1,0,3,container_cif.y4m,24.23,24.314,0.19152,0.005257,0.0,40
1,1,1,0,1,0,0,1,0,0,1,1,1,5,3,container_cif.y4m,29.52,29.524,0.077974,0.004988,0.0,117
1,0,1,0,0,1,0,0,0,0,1,0,8,15,6,container_cif.y4m,56.7,56.768,0.186735,0.005518,0.0,253
1,0,1,1,0,0,0,0,0,1,0,0,1,15,3,container_cif.y4m,599.92,599.922,0.185391,0.005483,0.0,68
1,1,1,1,0,0,0,1,0,1,1,1,1,15,6,container_cif.y4m,767.36,767.47,0.311769,0.004878,0.0,186
1,1,1,0,1,0,1,1,0,0,0,1,8,15,3,container_cif.y4m,31.21,31.222,0.083187,0.004912,0.0,288
1,1,1,0,1,0,0,1,0,0,0,0,2,0,0,container_cif.y4m,29.68,29.716,0.073689,0.005037,0.0,15
1,0,1,1,0,0,0,0,0,0,1,1,2,15,3,container_cif.y4m,594.12,594.468,1.09803,0.005486,0.0,82
1,1,1,1,0,0,0,1,0,0,0,0,4,15,6,container_cif.y4m,782.73,782.79,0.175642,0.004872,0.0,211
1,0,1,0,1,0,1,0,0,1,1,1,8,15,6,container_cif.y4m,24.35,24.342,0.07791,0.005257,0.0,177
1,1,1,0,1,0,0,1,0,1,1,1,2,5,3,container_cif.y4m,29.51,29.5,0.097724,0.004988,0.0,210
1,0,1,1,0,0,0,0,0,1,1,1,2,0,3,container_cif.y4m,598.28,598.264,0.094763,0.005486,0.0,13
1,0,1,0,1,0,1,0,0,0,0,1,2,15,3,container_cif.y4m,24.33,24.324,0.105262,0.005257,0.0,228
1,0,1,0,1,0,1,0,0,1,1,0,4,5,3,container_cif.y4m,24.25,24.222,0.09094,0.005379,0.0,38
1,1,1,1,0,0,0,1,0,0,0,1,4,15,6,container_cif.y4m,767.68,767.726,0.253041,0.004878,0.0,29
1,1,1,1,0,0,1,0,1,1,0,0,8,0,0,container_cif.y4m,656.23,656.188,0.177961,0.005192,0.0,24
1,1,1,1,0,0,0,1,0,0,0,0,8,5,6,container_cif.y4m,748.34,748.838,1.126131,0.004952,0.0,293
1,1,1,1,0,0,0,1,0,0,1,0,2,5,6,container_cif.y4m,753.76,753.892,0.613734,0.004952,0.0,67
1,1,1,0,1,0,0,1,0,1,0,1,2,5,0,container_cif.y4m,30.47,30.442,0.092033,0.005016,0.0,199
1,0,1,0,0,1,1,0,0,1,1,0,8,15,3,container_cif.y4m,59.42,59.344,0.137586,0.005401,0.0,244
1,0,1,0,0,1,1,0,0,0,0,0,8,15,0,container_cif.y4m,59.2,59.27,0.179165,0.005401,0.0,80
1,1,1,1,0,0,1,1,0,1,1,1,2,0,3,container_cif.y4m,726.24,726.218,0.33752,0.005045,0.0,223
1,1,1,0,1,0,1,1,0,0,1,0,8,5,0,container_cif.y4m,31.23,31.26,0.117686,0.005008,0.0,121
1,0,1,1,0,0,1,0,0,0,0,0,8,5,3,container_cif.y4m,598.12,598.216,0.286234,0.005323,0.0,261
1,0,1,1,0,0,1,0,0,1,1,0,1,5,6,container_cif.y4m,598.36,598.348,0.194088,0.005323,0.0,156
1,1,1,1,0,0,0,1,0,0,1,0,4,15,3,container_cif.y4m,777.59,777.592,0.187936,0.00492,0.0,271
1,1,1,1,0,0,1,1,0,1,0,0,2,15,3,container_cif.y4m,794.55,794.52,0.275862,0.00489,0.0,9
1,1,1,1,0,0,1,1,0,1,0,1,1,0,0,container_cif.y4m,726.2,726.278,0.273898,0.005045,0.0,165
1,0,1,0,0,1,1,0,0,1,0,0,1,15,6,container_cif.y4m,60.0,60.008,0.111221,0.005401,0.0,126
1,0,1,1,0,0,1,0,0,1,1,1,8,5,0,container_cif.y4m,597.29,597.254,0.322071,0.005353,0.0,280
1,0,1,1,0,0,0,0,0,1,1,0,2,5,3,container_cif.y4m,600.14,600.096,0.346309,0.005483,0.0,172
1,0,1,0,1,0,1,0,0,0,0,0,1,15,6,container_cif.y4m,23.96,23.976,0.072319,0.005379,0.0,292
1,0,1,0,0,1,0,0,0,1,0,1,1,0,3,container_cif.y4m,56.69,56.662,0.07328,0.005541,0.0,179
1,0,1,0,0,1,1,0,0,1,0,1,2,0,3,container_cif.y4m,59.93,60.006,0.228101,0.005373,0.0,272
1,0,1,0,0,1,1,0,0,0,1,0,4,5,0,container_cif.y4m,59.99,60.022,0.106395,0.005401,0.0,105
1,0,1,0,1,0,0,0,0,0,0,0,1,0,3,container_cif.y4m,21.21,21.172,0.08228,0.005492,0.0,76
1,0,1,1,0,0,1,0,0,0,1,0,4,15,3,container_cif.y4m,598.46,598.37,0.261247,0.005323,0.0,197
1,1,1,1,0,0,1,1,0,0,1,0,1,15,0,container_cif.y4m,771.38,771.49,0.243824,0.004982,0.0,221
1,1,1,1,0,0,1,1,0,0,1,0,8,15,6,container_cif.y4m,785.3,785.784,1.205749,0.004774,0.0,167
1,1,1,0,1,0,0,1,0,1,0,1,4,15,6,container_cif.y4m,30.9,30.824,0.12054,0.004882,0.0,136
1,1,1,1,0,0,0,1,0,1,0,1,8,15,6,container_cif.y4m,767.89,767.768,0.23403,0.004878,0.0,243
1,0,1,0,1,0,0,0,0,1,0,1,8,15,6,container_cif.y4m,21.14,21.146,0.065038,0.005542,0.0,60
1,0,1,1,0,0,0,0,0,1,0,1,2,0,6,container_cif.y4m,598.47,598.55,0.268235,0.005486,0.0,110
1,1,1,1,0,0,1,1,0,1,0,0,1,15,6,container_cif.y4m,780.09,780.19,1.114069,0.004774,0.0,35
1,0,1,1,0,0,1,0,0,0,1,1,2,5,6,container_cif.y4m,597.17,597.234,0.169647,0.005353,0.0,235
1,0,1,1,0,0,0,0,0,1,0,0,1,0,3,container_cif.y4m,600.11,599.96,0.280802,0.005483,0.0,44
1,1,1,0,1,0,1,1,0,0,1,0,4,15,3,container_cif.y4m,32.5,32.466,0.053198,0.0049,0.0,256
1,0,1,0,0,1,0,0,0,0,1,1,8,0,0,container_cif.y4m,56.44,56.48,0.093274,0.005541,0.0,192
1,0,1,0,1,0,0,0,0,0,1,1,2,0,0,container_cif.y4m,21.2,21.186,0.105499,0.005542,0.0,41
1,0,1,1,0,0,0,0,0,0,1,0,4,5,0,container_cif.y4m,600.12,600.134,0.054589,0.005483,0.0,37
1,0,1,0,0,1,0,0,0,0,0,0,4,5,0,container_cif.y4m,56.15,56.294,0.31021,0.005518,0.0,26
1,1,1,1,0,0,0,1,0,0,0,0,1,0,3,container_cif.y4m,703.48,703.57,0.277939,0.00502,0.0,273
1,1,1,1,0,0,1,1,0,0,0,1,1,5,6,container_cif.y4m,776.13,776.134,0.294839,0.004948,0.0,233
1,1,1,0,1,0,1,1,0,0,1,1,8,0,0,container_cif.y4m,31.59,31.532,0.162542,0.005048,0.0,101
1,0,1,1,0,0,0,0,0,0,0,1,2,5,3,container_cif.y4m,594.17,594.152,0.132929,0.005486,0.0,39
1,1,1,0,1,0,0,1,0,0,0,1,1,15,0,container_cif.y4m,30.54,30.54,0.106066,0.005028,0.0,106
1,1,1,0,1,0,0,0,1,1,0,0,1,0,0,container_cif.y4m,23.9,23.892,0.043243,0.005185,0.0,242
1,1,1,1,0,0,1,1,0,0,1,0,2,15,0,container_cif.y4m,771.51,771.596,0.203421,0.004982,0.0,193
1,0,1,0,1,0,1,0,0,0,1,0,1,15,6,container_cif.y4m,24.17,24.18,0.07874,0.005379,0.0,103
1,1,1,0,1,0,0,1,0,1,1,1,8,5,6,container_cif.y4m,29.84,29.87,0.077782,0.004966,0.0,1
1,0,1,1,0,0,0,0,0,1,1,1,1,0,0,container_cif.y4m,598.36,598.334,0.264443,0.005486,0.0,61
1,1,1,1,0,0,0,0,1,0,0,0,2,0,0,container_cif.y4m,627.77,627.76,0.34821,0.005174,0.0,56
1,1,1,0,1,0,0,1,0,0,1,0,8,15,3,container_cif.y4m,31.77,31.764,0.050794,0.00492,0.0,148
1,0,1,0,1,0,0,0,0,1,0,1,2,5,0,container_cif.y4m,21.09,21.12,0.079687,0.005542,0.0,112
1,0,1,0,1,0,1,0,0,0,1,0,8,15,3,container_cif.y4m,24.23,24.216,0.043932,0.005379,0.0,300
1,0,1,0,1,0,0,0,0,1,1,0,4,15,0,container_cif.y4m,20.88,20.874,0.0498,0.005492,0.0,249
1,0,1,0,1,0,0,0,0,0,0,1,2,0,0,container_cif.y4m,20.89,20.91,0.06,0.005542,0.0,20
1,1,1,1,0,0,1,1,0,1,0,1,1,5,0,container_cif.y4m,777.45,777.434,0.251157,0.005003,0.0,104
1,1,1,1,0,0,0,1,0,1,1,1,8,15,6,container_cif.y4m,767.62,767.73,0.289914,0.004878,0.0,131
1,0,1,1,0,0,0,0,0,0,0,0,2,0,3,container_cif.y4m,599.93,600.048,0.27179,0.005483,0.0,69
1,0,1,0,1,0,1,0,0,0,0,0,2,0,3,container_cif.y4m,24.11,24.14,0.068191,0.005379,0.0,220
1,1,1,1,0,0,1,1,0,1,1,1,8,15,6,container_cif.y4m,784.81,784.9,0.150997,0.004793,0.0,11
1,1,1,1,0,0,1,1,0,1,0,0,4,15,6,container_cif.y4m,785.47,785.382,0.368334,0.004774,0.0,258
1,0,1,0,1,0,1,0,0,0,0,0,2,15,3,container_cif.y4m,24.25,24.252,0.032711,0.005379,0.0,65
1,0,1,0,0,1,1,0,0,0,0,0,2,15,0,container_cif.y4m,60.0,60.024,0.194242,0.005401,0.0,160
1,0,1,0,0,1,1,0,0,0,0,0,8,0,0,container_cif.y4m,59.34,59.364,0.179805,0.005401,0.0,238
1,1,1,1,0,0,0,1,0,0,0,0,4,0,0,container_cif.y4m,708.43,708.418,0.322599,0.00502,0.0,57
1,1,1,0,1,0,0,1,0,1,0,1,2,0,0,container_cif.y4m,29.5,29.536,0.106911,0.00504,0.0,79
1,0,1,0,1,0,1,0,0,0,1,0,4,15,3,container_cif.y4m,24.21,24.212,0.090388,0.005379,0.0,224
1,1,1,0,1,0,0,1,0,1,0,0,2,0,3,container_cif.y4m,29.98,30.028,0.127945,0.005037,0.0,48
1,0,1,0,1,0,1,0,0,0,0,1,8,0,6,container_cif.y4m,24.32,24.304,0.057706,0.005257,0.0,173
1,1,1,1,0,0,1,1,0,0,1,1,1,0,0,container_cif.y4m,726.36,726.29,0.166883,0.005045,0.0,283
1,0,1,0,1,0,0,0,0,0,0,0,1,0,6,container_cif.y4m,21.06,21.062,0.013038,0.005492,0.0,190
1,0,1,0,1,0,1,0,0,1,1,1,4,0,6,container_cif.y4m,24.34,24.346,0.077974,0.005257,0.0,259
1,0,1,1,0,0,0,0,0,0,0,1,1,15,3,container_cif.y4m,598.47,598.49,0.19862,0.005486,0.0,7
1,0,1,0,0,1,0,0,0,0,0,1,2,5,0,container_cif.y4m,55.91,55.948,0.113225,0.005541,0.0,73
1,1,1,1,0,0,1,1,0,0,0,0,2,0,6,container_cif.y4m,733.51,733.562,0.208974,0.005025,0.0,63
1,0,1,0,0,1,1,0,0,1,1,0,2,15,3,container_cif.y4m,59.41,59.444,0.094499,0.005401,0.0,284
1,0,1,1,0,0,1,0,0,1,0,1,8,15,6,container_cif.y4m,592.8,592.754,0.196926,0.005353,0.0,250
1,1,1,0,1,0,0,1,0,0,0,0,2,5,0,container_cif.y4m,30.29,30.29,0.06364,0.005013,0.0,209
1,0,1,0,1,0,1,0,0,0,0,1,4,5,3,container_cif.y4m,24.35,24.324,0.092628,0.005257,0.0,138
1,1,1,1,0,0,0,0,1,1,1,0,1,0,0,container_cif.y4m,627.63,627.556,0.197687,0.005174,0.0,135
1,1,1,1,0,0,1,1,0,1,1,0,4,5,3,container_cif.y4m,770.17,770.214,0.154693,0.004978,0.0,264
1,1,1,1,0,0,0,1,0,1,1,0,2,0,6,container_cif.y4m,708.38,708.474,0.193985,0.00502,0.0,215
1,0,1,0,0,1,0,0,0,0,1,1,4,5,3,container_cif.y4m,56.45,56.412,0.12518,0.005541,0.0,50
1,0,1,1,0,0,0,0,0,1,1,0,4,0,6,container_cif.y4m,600.21,600.144,0.359486,0.005483,0.0,98
1,1,1,1,0,0,0,1,0,1,1,0,1,15,0,container_cif.y4m,742.61,742.55,0.1772,0.004985,0.0,140
1,1,1,1,0,0,0,1,0,0,1,1,1,0,3,container_cif.y4m,701.35,701.368,0.234563,0.005031,0.0,113
1,0,1,0,1,0,1,0,0,1,1,0,1,0,6,container_cif.y4m,24.16,24.204,0.093968,0.005379,0.0,3
1,0,1,0,0,1,0,0,0,1,1,1,8,0,0,container_cif.y4m,56.71,56.712,0.060581,0.005541,0.0,149
1,0,1,1,0,0,0,0,0,0,1,1,8,5,6,container_cif.y4m,593.71,593.72,0.143875,0.005486,0.0,153
1,1,1,1,0,0,1,1,0,1,1,0,2,15,6,container_cif.y4m,780.04,780.04,0.167183,0.004774,0.0,133
1,0,1,1,0,0,0,0,0,0,0,0,1,0,3,container_cif.y4m,600.33,600.214,0.314134,0.005483,0.0,191
1,1,1,0,1,0,0,1,0,1,0,1,1,0,6,container_cif.y4m,29.82,29.854,0.108074,0.00504,0.0,100
1,0,1,1,0,0,1,0,0,0,1,0,4,0,3,container_cif.y4m,598.21,598.212,0.166643,0.005323,0.0,85
1,0,1,0,0,1,1,0,0,0,0,0,2,0,3,container_cif.y4m,59.4,59.42,0.223047,0.005401,0.0,88
1,0,1,0,1,0,1,0,0,1,1,0,4,15,6,container_cif.y4m,24.19,24.206,0.090167,0.005379,0.0,31
1,0,1,0,0,1,1,0,0,0,0,0,4,5,3,container_cif.y4m,60.0,60.0,0.16171,0.005401,0.0,134
1,1,1,0,1,0,1,1,0,1,1,1,8,0,3,container_cif.y4m,31.57,31.542,0.115629,0.005048,0.0,147
1,1,1,1,0,0,0,1,0,0,1,1,4,15,6,container_cif.y4m,767.69,767.722,0.293888,0.004878,0.0,275
1,0,1,0,0,1,1,0,0,0,1,0,4,15,3,container_cif.y4m,60.23,60.138,0.145327,0.005401,0.0,143
1,1,1,0,1,0,1,1,0,1,0,0,1,5,6,container_cif.y4m,31.57,31.574,0.08961,0.004968,0.0,8
1,1,1,1,0,0,1,1,0,0,1,1,4,5,3,container_cif.y4m,769.82,770.048,0.698047,0.00499,0.0,216
1,0,1,1,0,0,1,0,0,1,0,0,1,0,3,container_cif.y4m,598.42,598.436,0.29433,0.005323,0.0,214
1,0,1,0,0,1,0,0,0,0,0,0,1,5,0,container_cif.y4m,56.77,56.722,0.117132,0.005518,0.0,17
1,0,1,0,0,1,1,0,0,0,0,0,1,5,0,container_cif.y4m,60.01,60.048,0.066483,0.005401,0.0,206
1,0,1,0,1,0,0,0,0,1,1,1,8,15,0,container_cif.y4m,21.2,21.188,0.043818,0.005542,0.0,36
1,1,1,0,1,0,1,1,0,0,0,0,4,15,3,container_cif.y4m,32.48,32.478,0.041473,0.0049,0.0,6
1,0,1,1,0,0,1,0,0,0,0,1,1,0,6,container_cif.y4m,597.32,597.278,0.231344,0.005353,0.0,5
1,0,1,1,0,0,1,0,0,0,0,0,8,15,6,container_cif.y4m,598.49,598.696,0.543719,0.005323,0.0,164
1,0,1,0,0,1,0,0,0,1,0,0,8,0,6,container_cif.y4m,56.7,56.728,0.164225,0.005518,0.0,97
1,0,1,1,0,0,0,0,0,0,1,0,2,5,3,container_cif.y4m,599.82,599.89,0.178885,0.005483,0.0,236
1,1,1,0,1,0,1,1,0,0,0,0,8,5,0,container_cif.y4m,31.15,31.184,0.126016,0.005008,0.0,71
1,1,1,0,1,0,1,1,0,1,0,1,2,0,3,container_cif.y4m,31.49,31.45,0.071063,0.005048,0.0,295
1,0,1,1,0,0,1,0,0,1,1,0,8,5,3,container_cif.y4m,598.44,598.716,1.037246,0.005323,0.0,286
1,0,1,0,1,0,0,0,0,0,0,1,1,5,0,container_cif.y4m,21.11,21.142,0.076616,0.005542,0.0,34
1,0,1,0,1,0,1,0,0,1,1,1,1,5,3,container_cif.y4m,24.38,24.342,0.11077,0.005257,0.0,240
1,0,1,0,0,1,1,0,0,0,0,1,4,15,3,container_cif.y4m,59.99,60.144,0.384942,0.005373,0.0,18
1,0,1,0,1,0,0,0,0,0,1,0,8,0,6,container_cif.y4m,21.08,21.098,0.066858,0.005492,0.0,102
1,1,1,1,0,0,1,0,1,0,1,0,4,0,0,container_cif.y4m,661.33,661.352,0.214406,0.005192,0.0,51
1,1,1,1,0,0,1,1,0,0,0,1,4,15,6,container_cif.y4m,784.73,784.804,0.194499,0.004793,0.0,282
1,0,1,0,1,0,1,0,0,1,1,1,1,0,3,container_cif.y4m,24.04,24.014,0.082644,0.005257,0.0,77
1,0,1,1,0,0,1,0,0,0,1,0,2,0,3,container_cif.y4m,598.4,598.504,0.288929,0.005323,0.0,128
1,1,1,0,1,0,1,1,0,0,0,0,2,5,3,container_cif.y4m,31.89,31.896,0.06269,0.004997,0.0,234
1,0,1,1,0,0,0,0,0,0,1,1,1,0,0,container_cif.y4m,598.5,598.484,0.127789,0.005486,0.0,252
1,0,1,1,0,0,1,0,0,0,0,1,4,0,3,container_cif.y4m,597.38,597.314,0.180499,0.005353,0.0,28
1,0,1,0,0,1,1,0,0,1,1,1,8,15,3,container_cif.y4m,59.98,60.072,0.243146,0.005373,0.0,139
1,0,1,0,0,1,0,0,0,0,0,1,1,5,0,container_cif.y4m,56.62,56.644,0.137949,0.005541,0.0,158
1,1,1,0,1,0,1,1,0,1,0,1,8,5,3,container_cif.y4m,31.46,31.49,0.080623,0.004999,0.0,152
1,0,1,1,0,0,1,0,0,1,0,0,2,0,6,container_cif.y4m,598.21,598.25,0.218975,0.005323,0.0,12
1,1,1,0,1,0,0,1,0,0,0,1,4,15,3,container_cif.y4m,29.85,29.814,0.083845,0.004941,0.0,294
1,1,1,0,1,0,0,1,0,0,0,1,8,15,3,container_cif.y4m,29.85,29.852,0.072938,0.004941,0.0,154
1,1,1,1,0,0,0,1,0,1,0,0,2,15,6,container_cif.y4m,782.66,782.714,0.278083,0.004872,0.0,157
1,0,1,1,0,0,1,0,0,1,1,1,2,0,3,container_cif.y4m,597.3,597.342,0.254303,0.005353,0.0,150
1,1,1,0,1,0,1,1,0,0,1,0,8,0,6,container_cif.y4m,31.66,31.66,0.09083,0.00504,0.0,287
1,0,1,0,1,0,0,0,0,1,1,0,1,0,3,container_cif.y4m,21.17,21.144,0.063875,0.005492,0.0,297
1,0,1,0,0,1,0,0,0,1,1,0,8,15,0,container_cif.y4m,56.82,56.898,0.211589,0.005518,0.0,263
1,1,1,0,1,0,0,1,0,1,1,1,1,5,3,container_cif.y4m,29.54,29.564,0.098641,0.004988,0.0,255
1,0,1,1,0,0,0,0,0,1,1,0,8,15,3,container_cif.y4m,600.15,600.16,0.352207,0.005483,0.0,115
1,0,1,0,0,1,1,0,0,1,0,1,4,15,3,container_cif.y4m,60.13,60.158,0.123774,0.005373,0.0,188
1,0,1,0,0,1,1,0,0,0,0,1,8,0,6,container_cif.y4m,60.06,60.082,0.17254,0.005373,0.0,212
1,0,1,1,0,0,1,0,0,0,0,1,1,15,3,container_cif.y4m,597.12,597.158,0.149399,0.005353,0.0,195
1,0,1,0,1,0,0,0,0,0,1,1,2,15,0,container_cif.y4m,21.19,21.194,0.061074,0.005542,0.0,119
1,0,1,1,0,0,0,0,0,1,0,1,4,15,0,container_cif.y4m,598.66,598.84,0.433186,0.005486,0.0,58
1,0,1,0,1,0,1,0,0,1,0,1,4,0,6,container_cif.y4m,24.35,24.324,0.099146,0.005257,0.0,277
1,0,1,0,1,0,1,0,0,0,1,1,4,5,6,container_cif.y4m,24.37,24.34,0.070711,0.005257,0.0,64
1,1,1,0,1,0,1,1,0,1,0,0,2,0,0,container_cif.y4m,31.76,31.784,0.106911,0.00504,0.0,285
1,1,1,0,1,0,1,1,0,1,0,0,4,0,0,container_cif.y4m,31.31,31.314,0.058992,0.00504,0.0,290
1,0,1,1,0,0,0,0,0,1,0,1,8,5,6,container_cif.y4m,598.59,598.492,0.289171,0.005486,0.0,196
1,1,1,1,0,0,1,0,1,1,1,1,1,0,0,container_cif.y4m,652.69,652.652,0.19601,0.005201,0.0,93
1,0,1,1,0,0,1,0,0,0,1,1,4,5,6,container_cif.y4m,597.2,597.164,0.224232,0.005353,0.0,299
1,0,1,1,0,0,0,0,0,1,0,0,2,5,0,container_cif.y4m,595.64,595.672,0.198671,0.005483,0.0,125
1,1,1,0,1,0,0,1,0,1,0,1,2,15,6,container_cif.y4m,30.5,30.486,0.106207,0.004882,0.0,21
1,0,1,0,1,0,0,0,0,1,0,1,2,0,0,container_cif.y4m,20.94,20.94,0.05099,0.005542,0.0,225
1,0,1,0,1,0,0,0,0,1,0,0,2,5,0,crew_cif.y4m,30.45,30.466,0.112827,0.005282,0.0,114
1,1,1,1,0,0,0,0,1,0,0,1,1,0,0,crew_cif.y4m,501.96,510.706,12.220132,0.005461,0.0,281
1,1,1,1,0,0,0,1,0,1,1,0,2,5,0,crew_cif.y4m,581.73,581.824,0.301795,0.005682,0.0,49
1,0,1,0,0,1,1,0,0,0,0,0,2,15,6,crew_cif.y4m,58.06,58.046,0.127593,0.005011,0.0,194
1,0,1,1,0,0,0,0,0,0,0,0,2,0,6,crew_cif.y4m,479.86,480.684,1.330462,0.005281,0.0,62
1,1,1,0,1,0,0,1,0,1,1,1,1,15,3,crew_cif.y4m,54.23,54.832,0.935906,0.005705,0.0,91
1,0,1,0,0,1,1,0,0,0,0,0,4,0,6,crew_cif.y4m,62.31,62.274,0.205499,0.005011,0.0,107
1,0,1,1,0,0,1,0,0,0,0,1,4,5,3,crew_cif.y4m,506.32,496.264,14.474047,0.004999,0.0,181
1,0,1,0,1,0,1,0,0,0,0,0,4,5,0,crew_cif.y4m,35.5,35.536,0.220522,0.004962,0.0,247
1,0,1,1,0,0,0,0,0,1,1,0,4,5,3,crew_cif.y4m,447.81,447.826,0.031305,0.005281,0.0,166
1,0,1,0,0,1,0,0,0,0,1,1,4,0,0,crew_cif.y4m,51.74,51.726,0.14188,0.005297,0.0,25
1,1,1,0,1,0,0,1,0,0,0,1,8,0,6,crew_cif.y4m,53.8,53.832,0.080747,0.005665,0.0,203
1,1,1,1,0,0,1,1,0,1,1,1,4,5,6,crew_cif.y4m,605.42,605.52,0.205791,0.006105,0.0,219
1,0,1,0,0,1,0,0,0,0,0,0,4,15,0,crew_cif.y4m,53.05,53.226,1.227408,0.005287,0.0,162
1,0,1,1,0,0,1,0,0,0,1,0,4,15,6,crew_cif.y4m,482.02,483.308,2.201425,0.004966,0.0,182
1,0,1,0,0,1,0,0,0,1,1,0,1,15,6,crew_cif.y4m,51.62,51.556,0.139571,0.005287,0.0,10
1,1,1,1,0,0,1,1,0,1,1,1,2,15,0,crew_cif.y4m,649.49,649.492,0.212297,0.006092,0.0,14
1,1,1,1,0,0,0,1,0,0,0,1,1,0,6,crew_cif.y4m,545.06,544.412,1.692179,0.005637,0.0,89
1,1,1,1,0,0,0,1,0,1,1,1,1,5,0,crew_cif.y4m,577.1,577.402,0.460293,0.005694,0.0,116
1,0,1,1,0,0,0,0,0,0,1,1,4,15,3,crew_cif.y4m,453.33,457.084,11.329984,0.005281,0.0,217
1,1,1,0,1,0,0,1,0,0,1,0,1,0,0,crew_cif.y4m,53.33,53.33,0.074833,0.00564,0.0,75
1,1,1,0,1,0,0,1,0,1,1,1,2,15,6,crew_cif.y4m,55.07,55.102,0.118828,0.005695,0.0,266
1,0,1,1,0,0,1,0,0,0,1,1,4,15,3,crew_cif.y4m,480.97,480.868,0.307197,0.004999,0.0,268
1,0,1,0,1,0,1,0,0,1,1,1,4,15,3,crew_cif.y4m,37.53,37.606,0.152742,0.004974,0.0,187
1,0,1,0,0,1,1,0,0,0,1,0,8,15,3,crew_cif.y4m,57.81,57.78,0.075498,0.005011,0.0,161
1,0,1,0,1,0,1,0,0,0,1,0,2,0,6,crew_cif.y4m,35.32,35.318,0.060581,0.004962,0.0,23
1,1,1,1,0,0,0,1,0,1,1,0,2,5,6,crew_cif.y4m,577.3,577.314,0.145362,0.005641,0.0,2
1,1,1,1,0,0,1,0,1,1,0,1,2,0,0,crew_cif.y4m,528.02,527.966,1.441884,0.005697,0.0,16
1,0,1,1,0,0,0,0,0,1,1,1,8,15,0,crew_cif.y4m,452.49,455.814,6.293205,0.005281,0.0,262
1,1,1,1,0,0,0,1,0,1,1,0,4,5,0,crew_cif.y4m,581.76,582.016,0.59011,0.005682,0.0,66
1,0,1,1,0,0,0,0,0,1,0,0,2,0,0,crew_cif.y4m,447.71,447.78,0.253673,0.005281,0.0,86
1,0,1,0,1,0,1,0,0,0,1,0,2,5,6,crew_cif.y4m,35.32,35.306,0.166523,0.004962,0.0,231
1,0,1,0,1,0,0,0,0,0,0,0,4,5,0,crew_cif.y4m,30.49,30.484,0.055498,0.005282,0.0,269
1,1,1,0,1,0,1,1,0,0,1,0,1,5,0,crew_cif.y4m,55.65,56.404,1.098808,0.006099,0.0,180
1,0,1,0,0,1,0,0,0,0,1,0,4,5,6,crew_cif.y4m,51.6,51.576,0.091269,0.005287,0.0,274
1,1,1,1,0,0,0,1,0,1,1,0,2,15,6,crew_cif.y4m,583.0,583.02,0.244233,0.00564,0.0,184
1,0,1,0,0,1,1,0,0,0,0,1,4,5,0,crew_cif.y4m,58.56,58.644,0.620105,0.005029,0.0,118
1,1,1,1,0,0,0,1,0,0,0,0,1,0,6,crew_cif.y4m,579.5,580.972,2.367566,0.005638,0.0,254
1,0,1,1,0,0,1,0,0,0,1,1,4,5,0,crew_cif.y4m,485.84,485.904,0.136858,0.004999,0.0,208
1,0,1,0,0,1,1,0,0,1,1,0,4,5,6,crew_cif.y4m,57.99,58.744,1.080546,0.005011,0.0,279
1,1,1,1,0,0,0,1,0,0,1,1,4,15,3,crew_cif.y4m,580.38,580.676,0.609533,0.005685,0.0,229
1,0,1,0,0,1,1,0,0,1,1,1,1,0,0,crew_cif.y4m,58.35,58.468,0.471243,0.005029,0.0,46
1,0,1,0,0,1,0,0,0,1,1,1,4,5,6,crew_cif.y4m,51.67,51.67,0.139284,0.005297,0.0,171
1,1,1,1,0,0,0,1,0,0,1,0,2,5,0,crew_cif.y4m,623.47,624.686,2.028775,0.005682,0.0,99
1,0,1,0,0,1,0,0,0,0,0,0,8,0,0,crew_cif.y4m,51.48,51.56,0.183712,0.005287,0.0,81
1,1,1,1,0,0,1,1,0,1,0,1,8,5,0,crew_cif.y4m,654.93,654.972,0.197155,0.006091,0.0,155
1,0,1,0,1,0,0,0,0,1,0,1,1,15,6,crew_cif.y4m,31.19,30.892,0.554004,0.005287,0.0,96
1,1,1,1,0,0,0,1,0,1,1,1,8,0,0,crew_cif.y4m,548.51,549.378,5.088641,0.005637,0.0,218
1,1,1,1,0,0,1,1,0,1,1,0,8,0,6,crew_cif.y4m,573.85,573.784,0.615573,0.006112,0.0,53
1,1,1,0,1,0,1,0,1,0,0,0,2,0,0,crew_cif.y4m,40.25,40.2,0.141951,0.005669,0.0,109
1,0,1,0,1,0,0,0,0,0,1,0,4,5,6,crew_cif.y4m,30.47,30.492,0.181163,0.005282,0.0,185
1,1,1,1,0,0,0,1,0,0,1,1,2,0,0,crew_cif.y4m,542.28,542.49,0.517059,0.005637,0.0,239
1,0,1,1,0,0,0,0,0,0,0,1,2,0,0,crew_cif.y4m,449.31,459.1,13.552529,0.005281,0.0,276
1,0,1,1,0,0,1,0,0,0,0,1,4,0,6,crew_cif.y4m,480.39,480.402,0.108028,0.004999,0.0,257
1,0,1,0,0,1,0,0,0,1,1,0,1,5,0,crew_cif.y4m,51.65,51.616,0.134833,0.005287,0.0,42
1,1,1,0,1,0,1,1,0,0,0,0,2,15,3,crew_cif.y4m,55.83,55.844,0.116748,0.006083,0.0,204
1,0,1,1,0,0,1,0,0,1,0,1,2,15,6,crew_cif.y4m,480.49,480.82,0.649269,0.004999,0.0,145
1,0,1,0,1,0,0,0,0,0,0,0,2,0,3,crew_cif.y4m,30.52,30.616,0.415066,0.005282,0.0,246
1,1,1,1,0,0,0,1,0,0,1,1,8,0,0,crew_cif.y4m,547.4,547.866,5.354053,0.005637,0.0,202
1,1,1,0,1,0,0,1,0,1,0,0,2,5,3,crew_cif.y4m,54.64,55.222,1.213639,0.005684,0.0,70
1,0,1,0,1,0,0,0,0,0,1,0,1,5,3,crew_cif.y4m,31.27,31.358,0.593565,0.005282,0.0,230
1,0,1,0,1,0,1,0,0,0,0,0,4,15,6,crew_cif.y4m,35.4,35.418,0.271422,0.004962,0.0,267
1,1,1,1,0,0,1,1,0,0,0,1,8,5,3,crew_cif.y4m,647.65,647.692,0.349671,0.006103,0.0,146
1,0,1,0,1,0,1,0,0,0,0,1,2,15,0,crew_cif.y4m,35.01,35.048,0.147547,0.004974,0.0,27
1,0,1,0,1,0,1,0,0,0,1,1,8,0,3,crew_cif.y4m,37.7,37.848,0.506083,0.004974,0.0,137
1,1,1,1,0,0,0,1,0,0,1,1,2,15,0,crew_cif.y4m,619.89,620.036,0.540398,0.005639,0.0,189
1,1,1,0,1,0,1,1,0,1,0,0,4,15,0,crew_cif.y4m,56.85,57.38,0.894204,0.006085,0.0,132
1,1,1,1,0,0,0,0,1,1,0,1,8,0,0,crew_cif.y4m,501.88,502.098,0.349314,0.005461,0.0,169
1,0,1,0,0,1,0,0,0,0,0,0,1,5,6,crew_cif.y4m,51.63,51.642,0.160375,0.005287,0.0,33
1,0,1,1,0,0,0,0,0,0,1,1,8,15,0,crew_cif.y4m,449.44,449.71,0.732393,0.005281,0.0,205
1,0,1,1,0,0,0,0,0,1,0,1,2,0,0,crew_cif.y4m,457.64,456.07,3.788384,0.005281,0.0,245
1,1,1,0,1,0,1,1,0,0,1,1,1,15,0,crew_cif.y4m,57.27,57.254,0.12502,0.006102,0.0,298
1,0,1,1,0,0,1,0,0,1,1,0,2,5,6,crew_cif.y4m,483.75,483.59,0.936403,0.004966,0.0,163
1,1,1,1,0,0,0,1,0,0,0,0,1,5,0,crew_cif.y4m,581.59,581.54,0.15843,0.005682,0.0,123
1,0,1,0,0,1,1,0,0,1,0,0,4,15,0,crew_cif.y4m,58.06,58.472,0.738153,0.005011,0.0,4
1,0,1,0,0,1,1,0,0,1,1,0,8,5,6,crew_cif.y4m,57.85,57.892,0.103537,0.005011,0.0,141
1,1,1,0,1,0,0,1,0,1,0,0,8,5,6,crew_cif.y4m,55.99,55.904,1.061098,0.005679,0.0,129
1,1,1,0,1,0,1,1,0,1,1,0,4,5,3,crew_cif.y4m,55.9,55.94,0.150665,0.006077,0.0,159
1,0,1,0,0,1,1,0,0,1,0,0,1,0,0,crew_cif.y4m,58.9,58.78,0.178746,0.005011,0.0,22
1,0,1,0,0,1,0,0,0,1,0,1,2,0,6,crew_cif.y4m,51.64,52.414,1.576207,0.005297,0.0,175
1,1,1,1,0,0,0,1,0,1,1,1,8,5,6,crew_cif.y4m,577.38,577.572,0.467835,0.005687,0.0,151
1,1,1,0,1,0,0,1,0,0,1,0,2,5,0,crew_cif.y4m,54.66,54.982,0.773382,0.005704,0.0,52
1,0,1,0,0,1,0,0,0,0,0,1,4,0,3,crew_cif.y4m,51.58,51.654,0.233624,0.005297,0.0,108
1,0,1,0,1,0,1,0,0,0,0,1,8,15,0,crew_cif.y4m,35.88,35.864,0.722551,0.004974,0.0,72
1,0,1,1,0,0,1,0,0,1,1,0,8,0,6,crew_cif.y4m,486.91,488.94,5.905226,0.004966,0.0,248
1,1,1,1,0,0,1,1,0,1,1,0,8,5,6,crew_cif.y4m,605.25,605.268,0.319092,0.006083,0.0,174
1,0,1,1,0,0,1,0,0,1,1,1,8,0,3,crew_cif.y4m,480.54,482.724,4.924716,0.004999,0.0,130
1,1,1,0,1,0,1,1,0,1,1,1,8,15,0,crew_cif.y4m,56.37,57.132,1.616484,0.006102,0.0,168
1,0,1,0,0,1,1,0,0,1,0,1,8,0,6,crew_cif.y4m,58.06,58.078,0.119248,0.005029,0.0,198
1,0,1,0,0,1,1,0,0,1,1,0,1,0,3,crew_cif.y4m,59.0,58.832,0.577642,0.005011,0.0,83
1,1,1,1,0,0,1,1,0,0,1,0,1,0,3,crew_cif.y4m,573.15,574.976,2.777603,0.006112,0.0,291
1,0,1,0,1,0,0,0,0,1,1,0,1,0,6,crew_cif.y4m,31.27,31.286,0.647634,0.005282,0.0,237
1,0,1,0,0,1,0,0,0,1,1,1,2,15,3,crew_cif.y4m,51.64,51.894,0.714269,0.005297,0.0,90
1,1,1,1,0,0,1,1,0,0,0,1,1,15,0,crew_cif.y4m,606.42,606.35,0.315198,0.006092,0.0,87
1,0,1,1,0,0,1,0,0,1,0,0,1,5,0,crew_cif.y4m,481.19,481.844,1.387887,0.004966,0.0,74
1,0,1,0,0,1,0,0,0,1,0,0,2,0,3,crew_cif.y4m,51.75,51.742,0.321201,0.005287,0.0,201
1,0,1,0,1,0,0,0,0,1,0,1,1,0,0,crew_cif.y4m,32.69,32.668,0.124579,0.005287,0.0,183
1,0,1,1,0,0,0,0,0,0,0,0,4,0,6,crew_cif.y4m,447.87,448.914,2.425506,0.005281,0.0,227
1,1,1,0,1,0,1,1,0,0,0,0,1,15,6,crew_cif.y4m,59.88,60.456,0.86289,0.006092,0.0,222
1,0,1,0,0,1,0,0,0,0,1,0,8,0,6,crew_cif.y4m,51.43,51.644,0.382139,0.005287,0.0,55
1,0,1,1,0,0,0,0,0,0,1,1,2,5,0,crew_cif.y4m,473.77,464.156,13.549392,0.005281,0.0,142
1,0,1,1,0,0,1,0,0,1,0,1,1,5,6,crew_cif.y4m,480.59,483.97,4.994462,0.004999,0.0,124
1,0,1,1,0,0,1,0,0,0,0,0,8,0,0,crew_cif.y4m,481.41,482.948,2.301341,0.004966,0.0,95
1,0,1,1,0,0,1,0,0,1,0,0,2,15,0,crew_cif.y4m,481.28,481.41,0.353765,0.004966,0.0,241
1,0,1,0,1,0,0,0,0,0,1,1,1,5,3,crew_cif.y4m,30.57,30.516,0.115888,0.005287,0.0,289
1,0,1,1,0,0,1,0,0,1,1,0,1,5,0,crew_cif.y4m,481.18,481.192,0.075299,0.004966,0.0,278
1,1,1,0,1,0,0,1,0,1,1,0,1,0,6,crew_cif.y4m,53.32,53.854,0.901848,0.00564,0.0,176
1,0,1,0,0,1,1,0,0,0,1,0,8,5,0,crew_cif.y4m,58.58,58.644,0.473212,0.005011,0.0,122
1,0,1,0,0,1,0,0,0,0,1,0,4,0,6,crew_cif.y4m,51.84,51.804,0.200075,0.005287,0.0,30
1,1,1,0,1,0,0,1,0,0,0,0,2,0,6,crew_cif.y4m,53.16,53.604,0.720646,0.00564,0.0,251
1,0,1,1,0,0,0,0,0,0,0,1,1,0,0,crew_cif.y4m,449.29,449.488,0.461866,0.005281,0.0,120
1,0,1,1,0,0,0,0,0,0,0,1,2,15,6,crew_cif.y4m,449.91,449.982,0.498568,0.005281,0.0,144
1,0,1,0,1,0,1,0,0,0,0,0,1,0,3,crew_cif.y4m,35.46,35.492,0.255871,0.004962,0.0,265
1,1,1,0,1,0,0,1,0,0,1,0,2,0,6,crew_cif.y4m,54.65,54.254,0.719778,0.00564,0.0,260
1,1,1,0,1,0,0,1,0,0,0,1,1,0,3,crew_cif.y4m,54.34,54.164,0.369905,0.005665,0.0,78
1,0,1,0,1,0,0,0,0,0,1,1,8,15,3,crew_cif.y4m,30.46,30.672,0.421272,0.005287,0.0,84
1,0,1,1,0,0,1,0,0,1,0,0,4,15,3,crew_cif.y4m,481.64,482.19,1.278534,0.004966,0.0,296
1,0,1,0,0,1,0,0,0,0,0,1,2,5,6,crew_cif.y4m,51.96,52.718,1.398274,0.005297,0.0,232
1,0,1,0,0,1,1,0,0,0,1,0,4,15,6,crew_cif.y4m,58.01,58.018,0.066106,0.005011,0.0,213
1,1,1,0,1,0,0,1,0,0,1,1,8,15,3,crew_cif.y4m,58.04,58.15,0.3995,0.005705,0.0,94
1,0,1,0,1,0,0,0,0,0,1,1,1,5,0,crew_cif.y4m,30.74,30.664,0.15437,0.005287,0.0,178
1,0,1,1,0,0,1,0,0,1,0,0,4,0,0,crew_cif.y4m,481.59,482.708,2.008338,0.004966,0.0,127
1,1,1,0,1,0,1,1,0,0,1,0,8,5,6,crew_cif.y4m,55.21,55.534,0.793744,0.006093,0.0,111
1,0,1,0,1,0,0,0,0,0,0,1,1,0,6,crew_cif.y4m,30.88,30.71,0.373965,0.005287,0.0,92
1,1,1,1,0,0,0,1,0,0,1,0,8,15,6,crew_cif.y4m,586.06,589.906,7.97564,0.00564,0.0,54
1,0,1,0,0,1,0,0,0,0,0,1,2,15,0,crew_cif.y4m,51.92,51.844,0.176153,0.005297,0.0,45
1,0,1,1,0,0,0,0,0,1,0,0,4,0,6,crew_cif.y4m,479.83,480.834,2.307993,0.005281,0.0,226
1,1,1,1,0,0,1,1,0,1,0,0,8,5,0,crew_cif.y4m,611.63,617.102,7.574917,0.006097,0.0,200
1,0,1,0,0,1,1,0,0,1,0,1,8,5,6,crew_cif.y4m,62.17,62.122,0.177539,0.005029,0.0,59
1,1,1,0,1,0,1,0,1,0,0,1,2,0,0,crew_cif.y4m,40.22,40.158,0.133866,0.005695,0.0,19
1,1,1,1,0,0,0,1,0,1,0,0,2,15,0,crew_cif.y4m,577.54,577.554,0.126016,0.005624,0.0,47
1,1,1,0,1,0,1,1,0,0,0,1,4,5,6,crew_cif.y4m,55.48,55.516,0.126214,0.006126,0.0,32
1,1,1,0,1,0,0,1,0,1,0,0,1,5,6,crew_cif.y4m,54.82,54.818,0.082583,0.005679,0.0,170
1,0,1,0,0,1,0,0,0,1,1,0,1,15,0,crew_cif.y4m,52.31,52.346,0.172714,0.005287,0.0,270
1,0,1,1,0,0,1,0,0,1,0,1,4,15,6,crew_cif.y4m,480.28,480.22,0.135831,0.004999,0.0,207
1,1,1,0,1,0,0,1,0,1,1,1,1,5,6,crew_cif.y4m,54.53,55.042,0.847449,0.005688,0.0,43
1,0,1,0,1,0,1,0,0,0,1,1,1,0,3,crew_cif.y4m,35.16,35.186,0.056391,0.004974,0.0,40
1,1,1,0,1,0,0,1,0,0,1,1,1,5,3,crew_cif.y4m,54.6,55.292,0.9705,0.005685,0.0,117
1,0,1,0,0,1,0,0,0,0,1,0,8,15,6,crew_cif.y4m,51.57,51.592,0.168879,0.005287,0.0,253
1,0,1,1,0,0,0,0,0,1,0,0,1,15,3,crew_cif.y4m,448.02,448.372,0.746907,0.005281,0.0,68
1,1,1,1,0,0,0,1,0,1,1,1,1,15,6,crew_cif.y4m,580.74,584.456,7.394872,0.005641,0.0,186
1,1,1,0,1,0,1,1,0,0,0,1,8,15,3,crew_cif.y4m,55.79,56.17,0.680551,0.006107,0.0,288
1,1,1,0,1,0,0,1,0,0,0,0,2,0,0,crew_cif.y4m,53.11,53.132,0.082885,0.00564,0.0,15
1,0,1,1,0,0,0,0,0,0,1,1,2,15,3,crew_cif.y4m,450.4,450.252,0.747208,0.005281,0.0,82
1,1,1,1,0,0,0,1,0,0,0,0,4,15,6,crew_cif.y4m,583.23,583.298,0.177961,0.00564,0.0,211
1,0,1,0,1,0,1,0,0,1,1,1,8,15,6,crew_cif.y4m,35.02,35.21,0.487647,0.004974,0.0,177
1,1,1,0,1,0,0,1,0,1,1,1,2,5,3,crew_cif.y4m,54.67,54.668,0.086429,0.005685,0.0,210
1,0,1,1,0,0,0,0,0,1,1,1,2,0,3,crew_cif.y4m,452.73,452.116,1.673971,0.005281,0.0,13
1,0,1,0,1,0,1,0,0,0,0,1,2,15,3,crew_cif.y4m,35.27,35.306,0.179248,0.004974,0.0,228
1,0,1,0,1,0,1,0,0,1,1,0,4,5,3,crew_cif.y4m,35.19,35.22,0.086023,0.004962,0.0,38
1,1,1,1,0,0,0,1,0,0,0,1,4,15,6,crew_cif.y4m,579.82,579.722,0.277705,0.005641,0.0,29
1,1,1,1,0,0,1,0,1,1,0,0,8,0,0,crew_cif.y4m,529.33,530.44,7.491789,0.005667,0.0,24
1,1,1,1,0,0,0,1,0,0,0,0,8,5,6,crew_cif.y4m,618.31,618.248,0.249239,0.005641,0.0,293
1,1,1,1,0,0,0,1,0,0,1,0,2,5,6,crew_cif.y4m,577.07,577.234,0.39753,0.005641,0.0,67
1,1,1,0,1,0,0,1,0,1,0,1,2,5,0,crew_cif.y4m,54.49,54.458,0.074967,0.005717,0.0,199
1,0,1,0,0,1,1,0,0,1,1,0,8,15,3,crew_cif.y4m,58.62,58.55,0.474342,0.005011,0.0,244
1,0,1,0,0,1,1,0,0,0,0,0,8,15,0,crew_cif.y4m,58.23,59.07,1.470255,0.005011,0.0,80
1,1,1,1,0,0,1,1,0,1,1,1,2,0,3,crew_cif.y4m,615.22,615.352,0.249239,0.006097,0.0,223
1,1,1,0,1,0,1,1,0,0,1,0,8,5,0,crew_cif.y4m,57.24,56.69,0.913345,0.006099,0.0,121
1,0,1,1,0,0,1,0,0,0,0,0,8,5,3,crew_cif.y4m,484.19,483.554,1.41735,0.004966,0.0,261
1,0,1,1,0,0,1,0,0,1,1,0,1,5,6,crew_cif.y4m,484.82,483.656,1.967252,0.004966,0.0,156
1,1,1,1,0,0,0,1,0,0,1,0,4,15,3,crew_cif.y4m,579.74,579.91,0.761512,0.00566,0.0,271
1,1,1,1,0,0,1,1,0,1,0,0,2,15,3,crew_cif.y4m,610.3,609.072,2.639843,0.006106,0.0,9
1,1,1,1,0,0,1,1,0,1,0,1,1,0,0,crew_cif.y4m,588.1,585.402,6.04653,0.006097,0.0,165
1,0,1,0,0,1,1,0,0,1,0,0,1,15,6,crew_cif.y4m,58.36,58.292,0.451354,0.005011,0.0,126
1,0,1,1,0,0,1,0,0,1,1,1,8,5,0,crew_cif.y4m,480.36,480.334,0.271625,0.004999,0.0,280
1,0,1,1,0,0,0,0,0,1,1,0,2,5,3,crew_cif.y4m,460.16,455.44,6.770801,0.005281,0.0,172
1,0,1,0,1,0,1,0,0,0,0,0,1,15,6,crew_cif.y4m,35.38,35.302,0.16453,0.004962,0.0,292
1,0,1,0,0,1,0,0,0,1,0,1,1,0,3,crew_cif.y4m,51.78,52.288,0.891387,0.005297,0.0,179
1,0,1,0,0,1,1,0,0,1,0,1,2,0,3,crew_cif.y4m,58.64,59.934,2.36723,0.005029,0.0,272
1,0,1,0,0,1,1,0,0,0,1,0,4,5,0,crew_cif.y4m,58.58,58.582,0.067231,0.005011,0.0,105
1,0,1,0,1,0,0,0,0,0,0,0,1,0,3,crew_cif.y4m,31.29,31.448,1.003877,0.005282,0.0,76
1,0,1,1,0,0,1,0,0,0,1,0,4,15,3,crew_cif.y4m,483.72,483.56,1.736332,0.004966,0.0,197
1,1,1,1,0,0,1,1,0,0,1,0,1,15,0,crew_cif.y4m,604.84,605.088,1.712738,0.006103,0.0,221
1,1,1,1,0,0,1,1,0,0,1,0,8,15,6,crew_cif.y4m,606.35,606.354,0.107842,0.006079,0.0,167
1,1,1,0,1,0,0,1,0,1,0,1,4,15,6,crew_cif.y4m,56.23,55.52,1.146625,0.005695,0.0,136
1,1,1,1,0,0,0,1,0,1,0,1,8,15,6,crew_cif.y4m,605.68,605.418,1.7295,0.005641,0.0,243
1,0,1,0,1,0,0,0,0,1,0,1,8,15,6,crew_cif.y4m,30.8,30.818,0.074297,0.005287,0.0,60
1,0,1,1,0,0,0,0,0,1,0,1,2,0,6,crew_cif.y4m,454.27,454.286,0.178129,0.005281,0.0,110
1,1,1,1,0,0,1,1,0,1,0,0,1,15,6,crew_cif.y4m,614.68,613.942,9.15981,0.006079,0.0,35
1,0,1,1,0,0,1,0,0,0,1,1,2,5,6,crew_cif.y4m,485.89,485.866,0.194628,0.004999,0.0,235
1,0,1,1,0,0,0,0,0,1,0,0,1,0,3,crew_cif.y4m,480.02,480.086,0.248455,0.005281,0.0,44
1,1,1,0,1,0,1,1,0,0,1,0,4,15,3,crew_cif.y4m,55.67,56.272,0.871017,0.006083,0.0,256
1,0,1,0,0,1,0,0,0,0,1,1,8,0,0,crew_cif.y4m,52.3,52.316,0.161183,0.005297,0.0,192
1,0,1,0,1,0,0,0,0,0,1,1,2,0,0,crew_cif.y4m,30.39,30.726,0.56261,0.005287,0.0,41
1,0,1,1,0,0,0,0,0,0,1,0,4,5,0,crew_cif.y4m,447.73,447.996,0.553155,0.005281,0.0,37
1,0,1,0,0,1,0,0,0,0,0,0,4,5,0,crew_cif.y4m,51.7,51.668,0.180194,0.005287,0.0,26
1,1,1,1,0,0,0,1,0,0,0,0,1,0,3,crew_cif.y4m,546.65,546.73,0.259711,0.005638,0.0,273
1,1,1,1,0,0,1,1,0,0,0,1,1,5,6,crew_cif.y4m,605.4,605.384,0.233517,0.006105,0.0,233
1,1,1,0,1,0,1,1,0,0,1,1,8,0,0,crew_cif.y4m,55.87,55.882,0.078549,0.006093,0.0,101
1,0,1,1,0,0,0,0,0,0,0,1,2,5,3,crew_cif.y4m,449.39,454.334,11.172964,0.005281,0.0,39
1,1,1,0,1,0,0,1,0,0,0,1,1,15,0,crew_cif.y4m,54.41,54.896,0.884579,0.005719,0.0,106
1,1,1,0,1,0,0,0,1,1,0,0,1,0,0,crew_cif.y4m,38.43,38.454,0.133529,0.005451,0.0,242
1,1,1,1,0,0,1,1,0,0,1,0,2,15,0,crew_cif.y4m,607.74,606.722,3.406768,0.006103,0.0,193
1,0,1,0,1,0,1,0,0,0,1,0,1,15,6,crew_cif.y4m,36.48,36.128,0.841469,0.004962,0.0,103
1,1,1,0,1,0,0,1,0,1,1,1,8,5,6,crew_cif.y4m,54.74,54.734,0.286059,0.005688,0.0,1
1,0,1,1,0,0,0,0,0,1,1,1,1,0,0,crew_cif.y4m,454.3,455.054,4.145839,0.005281,0.0,61
1,1,1,1,0,0,0,0,1,0,0,0,2,0,0,crew_cif.y4m,506.49,504.932,2.864144,0.005458,0.0,56
1,1,1,0,1,0,0,1,0,0,1,0,8,15,3,crew_cif.y4m,54.32,54.388,0.210404,0.005682,0.0,148
1,0,1,0,1,0,0,0,0,1,0,1,2,5,0,crew_cif.y4m,30.51,30.444,0.160873,0.005287,0.0,112
1,0,1,0,1,0,1,0,0,0,1,0,8,15,3,crew_cif.y4m,36.27,36.074,0.40141,0.004962,0.0,300
1,0,1,0,1,0,0,0,0,1,1,0,4,15,0,crew_cif.y4m,30.57,30.51,0.130576,0.005282,0.0,249
1,0,1,0,1,0,0,0,0,0,0,1,2,0,0,crew_cif.y4m,30.49,30.486,0.068775,0.005287,0.0,20
1,1,1,1,0,0,1,1,0,1,0,1,1,5,0,crew_cif.y4m,611.8,618.46,14.747679,0.006091,0.0,104
1,1,1,1,0,0,0,1,0,1,1,1,8,15,6,crew_cif.y4m,580.09,580.302,0.693592,0.005641,0.0,131
1,0,1,1,0,0,0,0,0,0,0,0,2,0,3,crew_cif.y4m,479.8,479.964,0.332009,0.005281,0.0,69
1,0,1,0,1,0,1,0,0,0,0,0,2,0,3,crew_cif.y4m,37.94,38.152,0.427633,0.004962,0.0,220
1,1,1,1,0,0,1,1,0,1,1,1,8,15,6,crew_cif.y4m,598.78,598.992,0.611204,0.0061,0.0,11
1,1,1,1,0,0,1,1,0,1,0,0,4,15,6,crew_cif.y4m,643.1,643.016,0.457635,0.006079,0.0,258
1,0,1,0,1,0,1,0,0,0,0,0,2,15,3,crew_cif.y4m,37.63,36.804,1.324115,0.004962,0.0,65
1,0,1,0,0,1,1,0,0,0,0,0,2,15,0,crew_cif.y4m,59.49,59.714,0.543443,0.005011,0.0,160
1,0,1,0,0,1,1,0,0,0,0,0,8,0,0,crew_cif.y4m,58.06,58.728,1.571168,0.005011,0.0,238
1,1,1,1,0,0,0,1,0,0,0,0,4,0,0,crew_cif.y4m,541.04,542.79,4.232499,0.005638,0.0,57
1,1,1,0,1,0,0,1,0,1,0,1,2,0,0,crew_cif.y4m,53.31,53.308,0.026833,0.005665,0.0,79
1,0,1,0,1,0,1,0,0,0,1,0,4,15,3,crew_cif.y4m,36.21,35.844,0.542614,0.004962,0.0,224
1,1,1,0,1,0,0,1,0,1,0,0,2,0,3,crew_cif.y4m,54.78,54.29,0.748031,0.00564,0.0,48
1,0,1,0,1,0,1,0,0,0,0,1,8,0,6,crew_cif.y4m,35.05,35.066,0.086197,0.004974,0.0,173
1,1,1,1,0,0,1,1,0,0,1,1,1,0,0,crew_cif.y4m,574.15,580.346,8.512704,0.006097,0.0,283
1,0,1,0,1,0,0,0,0,0,0,0,1,0,6,crew_cif.y4m,31.38,31.188,0.403324,0.005282,0.0,190
1,0,1,0,1,0,1,0,0,1,1,1,4,0,6,crew_cif.y4m,35.6,35.53,0.359305,0.004974,0.0,259
1,0,1,1,0,0,0,0,0,0,0,1,1,15,3,crew_cif.y4m,449.16,450.548,2.006208,0.005281,0.0,7
1,0,1,0,0,1,0,0,0,0,0,1,2,5,0,crew_cif.y4m,51.63,51.702,0.224098,0.005297,0.0,73
1,1,1,1,0,0,1,1,0,0,0,0,2,0,6,crew_cif.y4m,579.58,579.424,0.366647,0.006112,0.0,63
1,0,1,0,0,1,1,0,0,1,1,0,2,15,3,crew_cif.y4m,57.97,58.02,0.197611,0.005011,0.0,284
1,0,1,1,0,0,1,0,0,1,0,1,8,15,6,crew_cif.y4m,484.2,482.954,2.288904,0.004999,0.0,250
1,1,1,0,1,0,0,1,0,0,0,0,2,5,0,crew_cif.y4m,57.36,56.388,1.512009,0.005704,0.0,209
1,0,1,0,1,0,1,0,0,0,0,1,4,5,3,crew_cif.y4m,35.09,35.126,0.105262,0.004974,0.0,138
1,1,1,1,0,0,0,0,1,1,1,0,1,0,0,crew_cif.y4m,507.29,507.388,0.166943,0.005458,0.0,135
1,1,1,1,0,0,1,1,0,1,1,0,4,5,3,crew_cif.y4m,608.19,608.254,3.328803,0.006104,0.0,264
1,1,1,1,0,0,0,1,0,1,1,0,2,0,6,crew_cif.y4m,549.84,546.784,5.559031,0.005638,0.0,215
1,0,1,0,0,1,0,0,0,0,1,1,4,5,3,crew_cif.y4m,51.9,51.884,0.208519,0.005297,0.0,50
1,0,1,1,0,0,0,0,0,1,1,0,4,0,6,crew_cif.y4m,447.86,455.71,10.845511,0.005281,0.0,98
1,1,1,1,0,0,0,1,0,1,1,0,1,15,0,crew_cif.y4m,578.15,579.624,2.14711,0.005624,0.0,140
1,1,1,1,0,0,0,1,0,0,1,1,1,0,3,crew_cif.y4m,581.27,581.394,0.281123,0.005637,0.0,113
1,0,1,0,1,0,1,0,0,1,1,0,1,0,6,crew_cif.y4m,35.19,35.456,0.390743,0.004962,0.0,3
1,0,1,0,0,1,0,0,0,1,1,1,8,0,0,crew_cif.y4m,51.54,51.904,0.820018,0.005297,0.0,149
1,0,1,1,0,0,0,0,0,0,1,1,8,5,6,crew_cif.y4m,454.58,456.59,5.556861,0.005281,0.0,153
1,1,1,1,0,0,1,1,0,1,1,0,2,15,6,crew_cif.y4m,600.01,599.982,0.191233,0.006079,0.0,133
1,0,1,1,0,0,0,0,0,0,0,0,1,0,3,crew_cif.y4m,448.1,448.252,0.54669,0.005281,0.0,191
1,1,1,0,1,0,0,1,0,1,0,1,1,0,6,crew_cif.y4m,54.7,54.132,0.81705,0.005665,0.0,100
1,0,1,1,0,0,1,0,0,0,1,0,4,0,3,crew_cif.y4m,481.45,483.058,3.673741,0.004966,0.0,85
1,0,1,0,0,1,1,0,0,0,0,0,2,0,3,crew_cif.y4m,59.39,58.974,0.996283,0.005011,0.0,88
1,0,1,0,1,0,1,0,0,1,1,0,4,15,6,crew_cif.y4m,35.87,36.54,1.311583,0.004962,0.0,31
1,0,1,0,0,1,1,0,0,0,0,0,4,5,3,crew_cif.y4m,58.04,58.894,1.36771,0.005011,0.0,134
1,1,1,0,1,0,1,1,0,1,1,1,8,0,3,crew_cif.y4m,59.92,60.412,0.733669,0.006093,0.0,147
1,1,1,1,0,0,0,1,0,0,1,1,4,15,6,crew_cif.y4m,579.68,581.934,5.368336,0.005641,0.0,275
1,0,1,0,0,1,1,0,0,0,1,0,4,15,3,crew_cif.y4m,62.17,62.492,0.738085,0.005011,0.0,143
1,1,1,0,1,0,1,1,0,1,0,0,1,5,6,crew_cif.y4m,55.14,55.282,0.482825,0.006093,0.0,8
1,1,1,1,0,0,1,1,0,0,1,1,4,5,3,crew_cif.y4m,604.68,604.712,0.366974,0.006103,0.0,216
1,0,1,1,0,0,1,0,0,1,0,0,1,0,3,crew_cif.y4m,481.36,481.348,0.180748,0.004966,0.0,214
1,0,1,0,0,1,0,0,0,0,0,0,1,5,0,crew_cif.y4m,51.53,51.546,0.125618,0.005287,0.0,17
1,0,1,0,0,1,1,0,0,0,0,0,1,5,0,crew_cif.y4m,58.73,58.748,0.149733,0.005011,0.0,206
1,0,1,0,1,0,0,0,0,1,1,1,8,15,0,crew_cif.y4m,30.38,30.402,0.058052,0.005287,0.0,36
1,1,1,0,1,0,1,1,0,0,0,0,4,15,3,crew_cif.y4m,57.06,57.042,0.873968,0.006083,0.0,6
1,0,1,1,0,0,1,0,0,0,0,1,1,0,6,crew_cif.y4m,514.93,514.902,0.307197,0.004999,0.0,5
1,0,1,1,0,0,1,0,0,0,0,0,8,15,6,crew_cif.y4m,481.38,481.4,0.130384,0.004966,0.0,164
1,0,1,0,0,1,0,0,0,1,0,0,8,0,6,crew_cif.y4m,51.61,52.322,1.024876,0.005287,0.0,97
1,0,1,1,0,0,0,0,0,0,1,0,2,5,3,crew_cif.y4m,451.59,453.318,5.989033,0.005281,0.0,236
1,1,1,0,1,0,1,1,0,0,0,0,8,5,0,crew_cif.y4m,57.19,57.49,1.143066,0.006099,0.0,71
1,1,1,0,1,0,1,1,0,1,0,1,2,0,3,crew_cif.y4m,55.88,55.868,0.065727,0.006093,0.0,295
1,0,1,1,0,0,1,0,0,1,1,0,8,5,3,crew_cif.y4m,518.98,517.872,2.083355,0.004966,0.0,286
1,0,1,0,1,0,0,0,0,0,0,1,1,5,0,crew_cif.y4m,30.45,30.482,0.256262,0.005287,0.0,34
1,0,1,0,1,0,1,0,0,1,1,1,1,5,3,crew_cif.y4m,35.84,35.99,0.986458,0.004974,0.0,240
1,0,1,0,0,1,1,0,0,0,0,1,4,15,3,crew_cif.y4m,58.25,58.302,0.189526,0.005029,0.0,18
1,0,1,0,1,0,0,0,0,0,1,0,8,0,6,crew_cif.y4m,30.98,30.916,0.120125,0.005282,0.0,102
1,1,1,1,0,0,1,0,1,0,1,0,4,0,0,crew_cif.y4m,523.35,524.32,2.294047,0.005667,0.0,51
1,1,1,1,0,0,1,1,0,0,0,1,4,15,6,crew_cif.y4m,598.71,598.998,0.673105,0.0061,0.0,282
1,0,1,0,1,0,1,0,0,1,1,1,1,0,3,crew_cif.y4m,35.44,35.462,0.209452,0.004974,0.0,77
1,0,1,1,0,0,1,0,0,0,1,0,2,0,3,crew_cif.y4m,485.75,484.008,2.655404,0.004966,0.0,128
1,1,1,0,1,0,1,1,0,0,0,0,2,5,3,crew_cif.y4m,57.47,57.456,1.488902,0.006077,0.0,234
1,0,1,1,0,0,0,0,0,0,1,1,1,0,0,crew_cif.y4m,449.25,449.304,0.138852,0.005281,0.0,252
1,0,1,1,0,0,1,0,0,0,0,1,4,0,3,crew_cif.y4m,485.78,485.74,0.207002,0.004999,0.0,28
1,0,1,0,0,1,1,0,0,1,1,1,8,15,3,crew_cif.y4m,62.43,62.818,0.859692,0.005029,0.0,139
1,0,1,0,0,1,0,0,0,0,0,1,1,5,0,crew_cif.y4m,54.06,53.284,1.427736,0.005297,0.0,158
1,1,1,0,1,0,1,1,0,1,0,1,8,5,3,crew_cif.y4m,60.51,60.692,0.695787,0.006087,0.0,152
1,0,1,1,0,0,1,0,0,1,0,0,2,0,6,crew_cif.y4m,481.91,481.802,0.385837,0.004966,0.0,12
1,1,1,0,1,0,0,1,0,0,0,1,4,15,3,crew_cif.y4m,54.8,54.586,0.480396,0.005705,0.0,294
1,1,1,0,1,0,0,1,0,0,0,1,8,15,3,crew_cif.y4m,54.31,54.316,0.088487,0.005705,0.0,154
1,1,1,1,0,0,0,1,0,1,0,0,2,15,6,crew_cif.y4m,586.19,586.294,3.38342,0.00564,0.0,157
1,0,1,1,0,0,1,0,0,1,1,1,2,0,3,crew_cif.y4m,480.32,481.958,3.657912,0.004999,0.0,150
1,1,1,0,1,0,1,1,0,0,1,0,8,0,6,crew_cif.y4m,55.83,55.644,0.489673,0.006088,0.0,287
1,0,1,0,1,0,0,0,0,1,1,0,1,0,3,crew_cif.y4m,30.54,30.588,0.245703,0.005282,0.0,297
1,0,1,0,0,1,0,0,0,1,1,0,8,15,0,crew_cif.y4m,52.29,52.324,0.161028,0.005287,0.0,263
1,1,1,0,1,0,0,1,0,1,1,1,1,5,3,crew_cif.y4m,54.64,54.832,0.310516,0.005685,0.0,255
1,0,1,1,0,0,0,0,0,1,1,0,8,15,3,crew_cif.y4m,447.94,447.93,0.180831,0.005281,0.0,115
1,0,1,0,0,1,1,0,0,1,0,1,4,15,3,crew_cif.y4m,58.3,58.304,0.263875,0.005029,0.0,188
1,0,1,0,0,1,1,0,0,0,0,1,8,0,6,crew_cif.y4m,58.66,59.976,2.220694,0.005029,0.0,212
1,0,1,1,0,0,1,0,0,0,0,1,1,15,3,crew_cif.y4m,480.19,480.254,0.216633,0.004999,0.0,195
1,0,1,0,1,0,0,0,0,0,1,1,2,15,0,crew_cif.y4m,30.38,30.896,0.808999,0.005287,0.0,119
1,0,1,1,0,0,0,0,0,1,0,1,4,15,0,crew_cif.y4m,451.33,451.018,1.303254,0.005281,0.0,58
1,0,1,0,1,0,1,0,0,1,0,1,4,0,6,crew_cif.y4m,35.21,35.176,0.215592,0.004974,0.0,277
1,0,1,0,1,0,1,0,0,0,1,1,4,5,6,crew_cif.y4m,35.07,35.15,0.275409,0.004974,0.0,64
1,1,1,0,1,0,1,1,0,1,0,0,2,0,0,crew_cif.y4m,55.52,55.472,0.117558,0.006088,0.0,285
1,1,1,0,1,0,1,1,0,1,0,0,4,0,0,crew_cif.y4m,56.36,56.15,0.538888,0.006088,0.0,290
1,0,1,1,0,0,0,0,0,1,0,1,8,5,6,crew_cif.y4m,481.5,482.808,2.118459,0.005281,0.0,196
1,1,1,1,0,0,1,0,1,1,1,1,1,0,0,crew_cif.y4m,527.25,527.132,1.078225,0.005697,0.0,93
1,0,1,1,0,0,1,0,0,0,1,1,4,5,6,crew_cif.y4m,480.36,480.408,0.166643,0.004999,0.0,299
1,0,1,1,0,0,0,0,0,1,0,0,2,5,0,crew_cif.y4m,447.8,448.946,2.535997,0.005281,0.0,125
1,1,1,0,1,0,0,1,0,1,0,1,2,15,6,crew_cif.y4m,54.28,54.296,0.115022,0.005695,0.0,21
1,0,1,0,1,0,0,0,0,1,0,1,2,0,0,crew_cif.y4m,33.26,33.108,0.386614,0.005287,0.0,225
1,0,1,0,1,0,0,0,0,1,0,0,2,5,0,deadline_cif.y4m,16.37,16.376,0.057271,0.00117,0.0,114
1,1,1,1,0,0,0,0,1,0,0,1,1,0,0,deadline_cif.y4m,498.08,498.136,0.247245,0.001105,0.0,281
1,1,1,1,0,0,0,1,0,1,1,0,2,5,0,deadline_cif.y4m,563.75,563.746,0.354725,0.001114,0.0,49
1,0,1,0,0,1,1,0,0,0,0,0,2,15,6,deadline_cif.y4m,48.02,47.964,0.099146,0.001152,0.0,194
1,0,1,1,0,0,0,0,0,0,0,0,2,0,6,deadline_cif.y4m,466.49,466.844,0.722136,0.001159,0.0,62
1,1,1,0,1,0,0,1,0,1,1,1,1,15,3,deadline_cif.y4m,25.44,25.476,0.068411,0.001118,0.0,91
1,0,1,0,0,1,1,0,0,0,0,0,4,0,6,deadline_cif.y4m,47.93,47.918,0.146014,0.001152,0.0,107
1,0,1,1,0,0,1,0,0,0,0,1,4,5,3,deadline_cif.y4m,502.49,502.402,0.316575,0.001151,0.0,181
1,0,1,0,1,0,1,0,0,0,0,0,4,5,0,deadline_cif.y4m,21.22,21.218,0.044385,0.001152,0.0,247
1,0,1,1,0,0,0,0,0,1,1,0,4,5,3,deadline_cif.y4m,468.86,468.76,0.205913,0.001159,0.0,166
1,0,1,0,0,1,0,0,0,0,1,1,4,0,0,deadline_cif.y4m,41.78,41.804,0.137586,0.001161,0.0,25
1,1,1,0,1,0,0,1,0,0,0,1,8,0,6,deadline_cif.y4m,25.5,25.534,0.108305,0.001116,0.0,203
1,1,1,1,0,0,1,1,0,1,1,1,4,5,6,deadline_cif.y4m,537.0,536.812,0.365404,0.001207,0.0,219
1,0,1,0,0,1,0,0,0,0,0,0,4,15,0,deadline_cif.y4m,41.58,41.612,0.081056,0.001169,0.0,162
1,0,1,1,0,0,1,0,0,0,1,0,4,15,6,deadline_cif.y4m,506.34,506.618,0.51305,0.001149,0.0,182
1,0,1,0,0,1,0,0,0,1,1,0,1,15,6,deadline_cif.y4m,41.74,41.77,0.094868,0.001169,0.0,10
1,1,1,1,0,0,1,1,0,1,1,1,2,15,0,deadline_cif.y4m,538.06,538.376,0.576828,0.001222,0.0,14
1,1,1,1,0,0,0,1,0,0,0,1,1,0,6,deadline_cif.y4m,533.35,533.448,0.289258,0.001117,0.0,89
1,1,1,1,0,0,0,1,0,1,1,1,1,5,0,deadline_cif.y4m,564.11,563.992,0.247326,0.001114,0.0,116
1,0,1,1,0,0,0,0,0,0,1,1,4,15,3,deadline_cif.y4m,465.84,466.066,0.355781,0.001157,0.0,217
1,1,1,0,1,0,0,1,0,0,1,0,1,0,0,deadline_cif.y4m,25.73,25.728,0.019235,0.001116,0.0,75
1,1,1,0,1,0,0,1,0,1,1,1,2,15,6,deadline_cif.y4m,24.1,24.112,0.036332,0.001128,0.0,266
1,0,1,1,0,0,1,0,0,0,1,1,4,15,3,deadline_cif.y4m,502.61,502.976,1.005649,0.001151,0.0,268
1,0,1,0,1,0,1,0,0,1,1,1,4,15,3,deadline_cif.y4m,21.42,21.416,0.035071,0.001152,0.0,187
1,0,1,0,0,1,1,0,0,0,1,0,8,15,3,deadline_cif.y4m,47.91,47.892,0.131225,0.001152,0.0,161
1,0,1,0,1,0,1,0,0,0,1,0,2,0,6,deadline_cif.y4m,21.18,21.206,0.071274,0.001152,0.0,23
1,1,1,1,0,0,0,1,0,1,1,0,2,5,6,deadline_cif.y4m,560.85,560.808,0.377717,0.00111,0.0,2
1,1,1,1,0,0,1,0,1,1,0,1,2,0,0,deadline_cif.y4m,486.29,486.254,0.140996,0.00117,0.0,16
1,0,1,1,0,0,0,0,0,1,1,1,8,15,0,deadline_cif.y4m,466.05,466.284,0.483353,0.001157,0.0,262
1,1,1,1,0,0,0,1,0,1,1,0,4,5,0,deadline_cif.y4m,567.02,567.056,0.275826,0.001114,0.0,66
1,0,1,1,0,0,0,0,0,1,0,0,2,0,0,deadline_cif.y4m,468.54,468.58,0.11619,0.001159,0.0,86
1,0,1,0,1,0,1,0,0,0,1,0,2,5,6,deadline_cif.y4m,21.26,21.22,0.098742,0.001152,0.0,231
1,0,1,0,1,0,0,0,0,0,0,0,4,5,0,deadline_cif.y4m,16.36,16.358,0.066483,0.00117,0.0,269
1,1,1,0,1,0,1,1,0,0,1,0,1,5,0,deadline_cif.y4m,24.51,24.552,0.071554,0.001224,0.0,180
1,0,1,0,0,1,0,0,0,0,1,0,4,5,6,deadline_cif.y4m,41.73,41.744,0.071972,0.001169,0.0,274
1,1,1,1,0,0,0,1,0,1,1,0,2,15,6,deadline_cif.y4m,555.03,554.982,0.182948,0.00112,0.0,184
1,0,1,0,0,1,1,0,0,0,0,1,4,5,0,deadline_cif.y4m,47.86,47.872,0.171814,0.001153,0.0,118
1,1,1,1,0,0,0,1,0,0,0,0,1,0,6,deadline_cif.y4m,531.36,531.386,0.369229,0.001113,0.0,254
1,0,1,1,0,0,1,0,0,0,1,1,4,5,0,deadline_cif.y4m,505.43,505.356,0.269963,0.001151,0.0,208
1,0,1,0,0,1,1,0,0,1,1,0,4,5,6,deadline_cif.y4m,47.83,47.842,0.141315,0.001152,0.0,279
1,1,1,1,0,0,0,1,0,0,1,1,4,15,3,deadline_cif.y4m,556.5,556.49,0.187216,0.001117,0.0,229
1,0,1,0,0,1,1,0,0,1,1,1,1,0,0,deadline_cif.y4m,47.87,47.876,0.096592,0.001153,0.0,46
1,0,1,0,0,1,0,0,0,1,1,1,4,5,6,deadline_cif.y4m,41.52,41.39,0.241868,0.001161,0.0,171
1,1,1,1,0,0,0,1,0,0,1,0,2,5,0,deadline_cif.y4m,566.82,566.822,0.266777,0.001114,0.0,99
1,0,1,0,0,1,0,0,0,0,0,0,8,0,0,deadline_cif.y4m,41.62,41.608,0.089833,0.001169,0.0,81
1,1,1,1,0,0,1,1,0,1,0,1,8,5,0,deadline_cif.y4m,539.82,539.65,0.286269,0.001221,0.0,155
1,0,1,0,1,0,0,0,0,1,0,1,1,15,6,deadline_cif.y4m,16.24,16.244,0.040373,0.001159,0.0,96
1,1,1,1,0,0,0,1,0,1,1,1,8,0,0,deadline_cif.y4m,533.11,533.322,0.492209,0.001117,0.0,218
1,1,1,1,0,0,1,1,0,1,1,0,8,0,6,deadline_cif.y4m,516.89,516.916,0.501777,0.001214,0.0,53
1,1,1,0,1,0,1,0,1,0,0,0,2,0,0,deadline_cif.y4m,17.38,17.378,0.047645,0.001172,0.0,109
1,0,1,0,1,0,0,0,0,0,1,0,4,5,6,deadline_cif.y4m,16.17,16.18,0.077782,0.00117,0.0,185
1,1,1,1,0,0,0,1,0,0,1,1,2,0,0,deadline_cif.y4m,533.7,533.594,0.182016,0.001117,0.0,239
1,0,1,1,0,0,0,0,0,0,0,1,2,0,0,deadline_cif.y4m,468.23,468.248,0.22786,0.001157,0.0,276
1,0,1,1,0,0,1,0,0,0,0,1,4,0,6,deadline_cif.y4m,505.2,505.248,0.251933,0.001151,0.0,257
1,0,1,0,0,1,0,0,0,1,1,0,1,5,0,deadline_cif.y4m,41.64,41.658,0.074297,0.001169,0.0,42
1,1,1,0,1,0,1,1,0,0,0,0,2,15,3,deadline_cif.y4m,24.58,24.59,0.04,0.001219,0.0,204
1,0,1,1,0,0,1,0,0,1,0,1,2,15,6,deadline_cif.y4m,505.24,505.344,0.263685,0.001151,0.0,145
1,0,1,0,1,0,0,0,0,0,0,0,2,0,3,deadline_cif.y4m,16.4,16.372,0.065345,0.00117,0.0,246
1,1,1,1,0,0,0,1,0,0,1,1,8,0,0,deadline_cif.y4m,533.69,533.732,0.318936,0.001117,0.0,202
1,1,1,0,1,0,0,1,0,1,0,0,2,5,3,deadline_cif.y4m,25.56,25.56,0.03937,0.001113,0.0,70
1,0,1,0,1,0,0,0,0,0,1,0,1,5,3,deadline_cif.y4m,16.38,16.37,0.03,0.00117,0.0,230
1,0,1,0,1,0,1,0,0,0,0,0,4,15,6,deadline_cif.y4m,21.22,21.206,0.0251,0.001152,0.0,267
1,1,1,1,0,0,1,1,0,0,0,1,8,5,3,deadline_cif.y4m,536.5,536.402,0.20315,0.001217,0.0,146
1,0,1,0,1,0,1,0,0,0,0,1,2,15,0,deadline_cif.y4m,21.45,21.422,0.098843,0.001152,0.0,27
1,0,1,0,1,0,1,0,0,0,1,1,8,0,3,deadline_cif.y4m,21.31,21.326,0.095289,0.001152,0.0,137
1,1,1,1,0,0,0,1,0,0,1,1,2,15,0,deadline_cif.y4m,561.97,561.842,0.357939,0.001114,0.0,189
1,1,1,0,1,0,1,1,0,1,0,0,4,15,0,deadline_cif.y4m,24.63,24.634,0.097365,0.001221,0.0,132
1,1,1,1,0,0,0,0,1,1,0,1,8,0,0,deadline_cif.y4m,498.41,498.408,0.214406,0.001105,0.0,169
1,0,1,0,0,1,0,0,0,0,0,0,1,5,6,deadline_cif.y4m,41.7,41.7,0.06,0.001169,0.0,33
1,0,1,1,0,0,0,0,0,0,1,1,8,15,0,deadline_cif.y4m,468.22,468.376,0.401098,0.001157,0.0,205
1,0,1,1,0,0,0,0,0,1,0,1,2,0,0,deadline_cif.y4m,468.3,468.278,0.168879,0.001157,0.0,245
1,1,1,0,1,0,1,1,0,0,1,1,1,15,0,deadline_cif.y4m,24.69,24.66,0.073824,0.001228,0.0,298
1,0,1,1,0,0,1,0,0,1,1,0,2,5,6,deadline_cif.y4m,506.6,506.968,0.925024,0.001149,0.0,163
1,1,1,1,0,0,0,1,0,0,0,0,1,5,0,deadline_cif.y4m,567.01,567.016,0.322692,0.001114,0.0,123
1,0,1,0,0,1,1,0,0,1,0,0,4,15,0,deadline_cif.y4m,47.8,47.858,0.166793,0.001152,0.0,4
1,0,1,0,0,1,1,0,0,1,1,0,8,5,6,deadline_cif.y4m,47.81,47.852,0.077266,0.001152,0.0,141
1,1,1,0,1,0,0,1,0,1,0,0,8,5,6,deadline_cif.y4m,25.28,25.262,0.087864,0.001116,0.0,129
1,1,1,0,1,0,1,1,0,1,1,0,4,5,3,deadline_cif.y4m,24.24,24.248,0.07791,0.00122,0.0,159
1,0,1,0,0,1,1,0,0,1,0,0,1,0,0,deadline_cif.y4m,47.93,47.928,0.138816,0.001152,0.0,22
1,0,1,0,0,1,0,0,0,1,0,1,2,0,6,deadline_cif.y4m,41.76,41.762,0.090388,0.001161,0.0,175
1,1,1,1,0,0,0,1,0,1,1,1,8,5,6,deadline_cif.y4m,560.07,560.122,0.148223,0.001114,0.0,151
1,1,1,0,1,0,0,1,0,0,1,0,2,5,0,deadline_cif.y4m,25.49,25.482,0.025884,0.001117,0.0,52
1,0,1,0,0,1,0,0,0,0,0,1,4,0,3,deadline_cif.y4m,41.46,41.428,0.197661,0.001161,0.0,108
1,0,1,0,1,0,1,0,0,0,0,1,8,15,0,deadline_cif.y4m,21.34,21.304,0.079561,0.001152,0.0,72
1,0,1,1,0,0,1,0,0,1,1,0,8,0,6,deadline_cif.y4m,506.48,506.772,0.804469,0.001149,0.0,248
1,1,1,1,0,0,1,1,0,1,1,0,8,5,6,deadline_cif.y4m,539.45,539.56,0.572451,0.001206,0.0,174
1,0,1,1,0,0,1,0,0,1,1,1,8,0,3,deadline_cif.y4m,505.46,505.414,0.313656,0.001151,0.0,130
1,1,1,0,1,0,1,1,0,1,1,1,8,15,0,deadline_cif.y4m,24.65,24.63,0.053385,0.001228,0.0,168
1,0,1,0,0,1,1,0,0,1,0,1,8,0,6,deadline_cif.y4m,47.85,47.902,0.086429,0.001153,0.0,198
1,0,1,0,0,1,1,0,0,1,1,0,1,0,3,deadline_cif.y4m,48.05,48.002,0.146014,0.001152,0.0,83
1,1,1,1,0,0,1,1,0,0,1,0,1,0,3,deadline_cif.y4m,517.09,517.414,0.859436,0.001214,0.0,291
1,0,1,0,1,0,0,0,0,1,1,0,1,0,6,deadline_cif.y4m,16.39,16.368,0.056745,0.00117,0.0,237
1,0,1,0,0,1,0,0,0,1,1,1,2,15,3,deadline_cif.y4m,41.89,41.87,0.062048,0.001161,0.0,90
1,1,1,1,0,0,1,1,0,0,0,1,1,15,0,deadline_cif.y4m,538.12,537.964,0.432932,0.001222,0.0,87
1,0,1,1,0,0,1,0,0,1,0,0,1,5,0,deadline_cif.y4m,506.37,506.366,0.253634,0.001149,0.0,74
1,0,1,0,0,1,0,0,0,1,0,0,2,0,3,deadline_cif.y4m,41.58,41.668,0.148896,0.001169,0.0,201
1,0,1,0,1,0,0,0,0,1,0,1,1,0,0,deadline_cif.y4m,16.19,16.18,0.025495,0.001159,0.0,183
1,0,1,1,0,0,0,0,0,0,0,0,4,0,6,deadline_cif.y4m,466.26,466.254,0.195908,0.001159,0.0,227
1,1,1,0,1,0,1,1,0,0,0,0,1,15,6,deadline_cif.y4m,24.03,24.068,0.108028,0.0012,0.0,222
1,0,1,0,0,1,0,0,0,0,1,0,8,0,6,deadline_cif.y4m,41.15,41.202,0.111221,0.001169,0.0,55
1,0,1,1,0,0,0,0,0,0,1,1,2,5,0,deadline_cif.y4m,468.31,468.208,0.335365,0.001157,0.0,142
1,0,1,1,0,0,1,0,0,1,0,1,1,5,6,deadline_cif.y4m,505.29,505.89,1.034529,0.001151,0.0,124
1,0,1,1,0,0,1,0,0,0,0,0,8,0,0,deadline_cif.y4m,506.42,506.456,0.21594,0.001149,0.0,95
1,0,1,1,0,0,1,0,0,1,0,0,2,15,0,deadline_cif.y4m,506.55,506.408,0.386807,0.001149,0.0,241
1,0,1,0,1,0,0,0,0,0,1,1,1,5,3,deadline_cif.y4m,16.37,16.384,0.081117,0.001159,0.0,289
1,0,1,1,0,0,1,0,0,1,1,0,1,5,0,deadline_cif.y4m,506.47,506.38,0.286007,0.001149,0.0,278
1,1,1,0,1,0,0,1,0,1,1,0,1,0,6,deadline_cif.y4m,25.45,25.444,0.043932,0.001116,0.0,176
1,0,1,0,0,1,1,0,0,0,1,0,8,5,0,deadline_cif.y4m,47.92,47.916,0.210547,0.001152,0.0,122
1,0,1,0,0,1,0,0,0,0,1,0,4,0,6,deadline_cif.y4m,41.78,41.756,0.130115,0.001169,0.0,30
1,1,1,0,1,0,0,1,0,0,0,0,2,0,6,deadline_cif.y4m,25.56,25.572,0.050695,0.001116,0.0,251
1,0,1,1,0,0,0,0,0,0,0,1,1,0,0,deadline_cif.y4m,468.46,468.56,0.348927,0.001157,0.0,120
1,0,1,1,0,0,0,0,0,0,0,1,2,15,6,deadline_cif.y4m,468.41,468.394,0.390167,0.001157,0.0,144
1,0,1,0,1,0,1,0,0,0,0,0,1,0,3,deadline_cif.y4m,20.9,20.93,0.094074,0.001152,0.0,265
1,1,1,0,1,0,0,1,0,0,1,0,2,0,6,deadline_cif.y4m,25.48,25.482,0.047117,0.001116,0.0,260
1,1,1,0,1,0,0,1,0,0,0,1,1,0,3,deadline_cif.y4m,25.59,25.58,0.075829,0.001116,0.0,78
1,0,1,0,1,0,0,0,0,0,1,1,8,15,3,deadline_cif.y4m,16.33,16.334,0.045056,0.001159,0.0,84
1,0,1,1,0,0,1,0,0,1,0,0,4,15,3,deadline_cif.y4m,506.51,506.528,0.304253,0.001149,0.0,296
1,0,1,0,0,1,0,0,0,0,0,1,2,5,6,deadline_cif.y4m,41.77,41.772,0.162234,0.001161,0.0,232
1,0,1,0,0,1,1,0,0,0,1,0,4,15,6,deadline_cif.y4m,48.01,47.936,0.16288,0.001152,0.0,213
1,1,1,0,1,0,0,1,0,0,1,1,8,15,3,deadline_cif.y4m,25.24,25.252,0.021679,0.001118,0.0,94
1,0,1,0,1,0,0,0,0,0,1,1,1,5,0,deadline_cif.y4m,16.36,16.364,0.036469,0.001159,0.0,178
1,0,1,1,0,0,1,0,0,1,0,0,4,0,0,deadline_cif.y4m,506.25,506.362,0.215337,0.001149,0.0,127
1,1,1,0,1,0,1,1,0,0,1,0,8,5,6,deadline_cif.y4m,23.66,23.674,0.040988,0.001209,0.0,111
1,0,1,0,1,0,0,0,0,0,0,1,1,0,6,deadline_cif.y4m,16.36,16.384,0.050299,0.001159,0.0,92
1,1,1,1,0,0,0,1,0,0,1,0,8,15,6,deadline_cif.y4m,554.97,555.056,0.356343,0.00112,0.0,54
1,0,1,0,0,1,0,0,0,0,0,1,2,15,0,deadline_cif.y4m,41.43,41.434,0.098387,0.001161,0.0,45
1,0,1,1,0,0,0,0,0,1,0,0,4,0,6,deadline_cif.y4m,468.6,468.562,0.205353,0.001159,0.0,226
1,1,1,1,0,0,1,1,0,1,0,0,8,5,0,deadline_cif.y4m,543.6,543.742,0.310435,0.001214,0.0,200
1,0,1,0,0,1,1,0,0,1,0,1,8,5,6,deadline_cif.y4m,47.86,47.82,0.125897,0.001153,0.0,59
1,1,1,0,1,0,1,0,1,0,0,1,2,0,0,deadline_cif.y4m,17.08,17.088,0.037683,0.00117,0.0,19
1,1,1,1,0,0,0,1,0,1,0,0,2,15,0,deadline_cif.y4m,564.92,564.87,0.324885,0.001111,0.0,47
1,1,1,0,1,0,1,1,0,0,0,1,4,5,6,deadline_cif.y4m,23.88,23.862,0.038987,0.001212,0.0,32
1,1,1,0,1,0,0,1,0,1,0,0,1,5,6,deadline_cif.y4m,25.17,25.17,0.055227,0.001116,0.0,170
1,0,1,0,0,1,0,0,0,1,1,0,1,15,0,deadline_cif.y4m,41.61,41.672,0.161617,0.001169,0.0,270
1,0,1,1,0,0,1,0,0,1,0,1,4,15,6,deadline_cif.y4m,505.25,505.358,0.428392,0.001151,0.0,207
1,1,1,0,1,0,0,1,0,1,1,1,1,5,6,deadline_cif.y4m,24.9,24.916,0.064653,0.001118,0.0,43
1,0,1,0,1,0,1,0,0,0,1,1,1,0,3,deadline_cif.y4m,21.41,21.398,0.109179,0.001152,0.0,40
1,1,1,0,1,0,0,1,0,0,1,1,1,5,3,deadline_cif.y4m,25.64,25.634,0.035777,0.001115,0.0,117
1,0,1,0,0,1,0,0,0,0,1,0,8,15,6,deadline_cif.y4m,41.26,41.236,0.128957,0.001169,0.0,253
1,0,1,1,0,0,0,0,0,1,0,0,1,15,3,deadline_cif.y4m,468.34,468.492,0.244683,0.001159,0.0,68
1,1,1,1,0,0,0,1,0,1,1,1,1,15,6,deadline_cif.y4m,548.3,548.352,0.314516,0.001125,0.0,186
1,1,1,0,1,0,1,1,0,0,0,1,8,15,3,deadline_cif.y4m,24.2,24.196,0.050299,0.00122,0.0,288
1,1,1,0,1,0,0,1,0,0,0,0,2,0,0,deadline_cif.y4m,25.79,25.802,0.086429,0.001116,0.0,15
1,0,1,1,0,0,0,0,0,0,1,1,2,15,3,deadline_cif.y4m,468.65,468.856,0.789924,0.001157,0.0,82
1,1,1,1,0,0,0,1,0,0,0,0,4,15,6,deadline_cif.y4m,555.06,554.99,0.205305,0.00112,0.0,211
1,0,1,0,1,0,1,0,0,1,1,1,8,15,6,deadline_cif.y4m,21.12,21.104,0.070214,0.001152,0.0,177
1,1,1,0,1,0,0,1,0,1,1,1,2,5,3,deadline_cif.y4m,25.63,25.628,0.035637,0.001115,0.0,210
1,0,1,1,0,0,0,0,0,1,1,1,2,0,3,deadline_cif.y4m,466.04,465.934,0.308026,0.001157,0.0,13
1,0,1,0,1,0,1,0,0,0,0,1,2,15,3,deadline_cif.y4m,21.28,21.298,0.069426,0.001152,0.0,228
1,0,1,0,1,0,1,0,0,1,1,0,4,5,3,deadline_cif.y4m,21.17,21.18,0.055678,0.001152,0.0,38
1,1,1,1,0,0,0,1,0,0,0,1,4,15,6,deadline_cif.y4m,551.19,551.444,0.699486,0.001125,0.0,29
1,1,1,1,0,0,1,0,1,1,0,0,8,0,0,deadline_cif.y4m,482.83,482.936,0.240479,0.001167,0.0,24
1,1,1,1,0,0,0,1,0,0,0,0,8,5,6,deadline_cif.y4m,560.89,560.868,0.211471,0.00111,0.0,293
1,1,1,1,0,0,0,1,0,0,1,0,2,5,6,deadline_cif.y4m,560.85,560.904,0.195397,0.00111,0.0,67
1,1,1,0,1,0,0,1,0,1,0,1,2,5,0,deadline_cif.y4m,25.94,25.964,0.041593,0.001115,0.0,199
1,0,1,0,0,1,1,0,0,1,1,0,8,15,3,deadline_cif.y4m,47.97,48.014,0.252448,0.001152,0.0,244
1,0,1,0,0,1,1,0,0,0,0,0,8,15,0,deadline_cif.y4m,47.94,47.964,0.063087,0.001152,0.0,80
1,1,1,1,0,0,1,1,0,1,1,1,2,0,3,deadline_cif.y4m,510.79,510.772,0.309386,0.001218,0.0,223
1,1,1,0,1,0,1,1,0,0,1,0,8,5,0,deadline_cif.y4m,24.54,24.536,0.016733,0.001224,0.0,121
1,0,1,1,0,0,1,0,0,0,0,0,8,5,3,deadline_cif.y4m,506.43,506.598,0.417995,0.001149,0.0,261
1,0,1,1,0,0,1,0,0,1,1,0,1,5,6,deadline_cif.y4m,506.45,506.54,0.457001,0.001149,0.0,156
1,1,1,1,0,0,0,1,0,0,1,0,4,15,3,deadline_cif.y4m,558.36,558.116,0.38351,0.001118,0.0,271
1,1,1,1,0,0,1,1,0,1,0,0,2,15,3,deadline_cif.y4m,541.92,541.894,0.313895,0.001209,0.0,9
1,1,1,1,0,0,1,1,0,1,0,1,1,0,0,deadline_cif.y4m,511.0,511.05,0.279911,0.001218,0.0,165
1,0,1,0,0,1,1,0,0,1,0,0,1,15,6,deadline_cif.y4m,47.96,47.948,0.238474,0.001152,0.0,126
1,0,1,1,0,0,1,0,0,1,1,1,8,5,0,deadline_cif.y4m,505.36,505.698,0.649669,0.001151,0.0,280
1,0,1,1,0,0,0,0,0,1,1,0,2,5,3,deadline_cif.y4m,468.63,468.642,0.14481,0.001159,0.0,172
1,0,1,0,1,0,1,0,0,0,0,0,1,15,6,deadline_cif.y4m,21.22,21.19,0.068191,0.001152,0.0,292
1,0,1,0,0,1,0,0,0,1,0,1,1,0,3,deadline_cif.y4m,41.72,41.808,0.182675,0.001161,0.0,179
1,0,1,0,0,1,1,0,0,1,0,1,2,0,3,deadline_cif.y4m,47.85,47.82,0.148829,0.001153,0.0,272
1,0,1,0,0,1,1,0,0,0,1,0,4,5,0,deadline_cif.y4m,47.43,47.408,0.163615,0.001152,0.0,105
1,0,1,0,1,0,0,0,0,0,0,0,1,0,3,deadline_cif.y4m,16.3,16.344,0.096073,0.00117,0.0,76
1,0,1,1,0,0,1,0,0,0,1,0,4,15,3,deadline_cif.y4m,506.36,506.294,0.180914,0.001149,0.0,197
1,1,1,1,0,0,1,1,0,0,1,0,1,15,0,deadline_cif.y4m,543.5,543.55,0.246678,0.001218,0.0,221
1,1,1,1,0,0,1,1,0,0,1,0,8,15,6,deadline_cif.y4m,542.44,542.646,0.533554,0.001188,0.0,167
1,1,1,0,1,0,0,1,0,1,0,1,4,15,6,deadline_cif.y4m,24.37,24.4,0.097468,0.001128,0.0,136
1,1,1,1,0,0,0,1,0,1,0,1,8,15,6,deadline_cif.y4m,550.89,551.072,0.651322,0.001125,0.0,243
1,0,1,0,1,0,0,0,0,1,0,1,8,15,6,deadline_cif.y4m,16.21,16.19,0.034641,0.001159,0.0,60
1,0,1,1,0,0,0,0,0,1,0,1,2,0,6,deadline_cif.y4m,468.29,468.254,0.262164,0.001157,0.0,110
1,1,1,1,0,0,1,1,0,1,0,0,1,15,6,deadline_cif.y4m,542.64,542.816,0.366783,0.001188,0.0,35
1,0,1,1,0,0,1,0,0,0,1,1,2,5,6,deadline_cif.y4m,505.47,505.564,0.647364,0.001151,0.0,235
1,0,1,1,0,0,0,0,0,1,0,0,1,0,3,deadline_cif.y4m,468.45,468.724,0.664552,0.001159,0.0,44
1,1,1,0,1,0,1,1,0,0,1,0,4,15,3,deadline_cif.y4m,24.28,24.302,0.075961,0.001219,0.0,256
1,0,1,0,0,1,0,0,0,0,1,1,8,0,0,deadline_cif.y4m,41.8,41.77,0.083066,0.001161,0.0,192
1,0,1,0,1,0,0,0,0,0,1,1,2,0,0,deadline_cif.y4m,16.41,16.414,0.023022,0.001159,0.0,41
1,0,1,1,0,0,0,0,0,0,1,0,4,5,0,deadline_cif.y4m,468.85,468.854,0.460793,0.001159,0.0,37
1,0,1,0,0,1,0,0,0,0,0,0,4,5,0,deadline_cif.y4m,41.61,41.634,0.19321,0.001169,0.0,26
1,1,1,1,0,0,0,1,0,0,0,0,1,0,3,deadline_cif.y4m,531.62,531.548,0.287524,0.001113,0.0,273
1,1,1,1,0,0,1,1,0,0,0,1,1,5,6,deadline_cif.y4m,537.13,537.066,0.240894,0.001207,0.0,233
1,1,1,0,1,0,1,1,0,0,1,1,8,0,0,deadline_cif.y4m,24.28,24.248,0.060166,0.001222,0.0,101
1,0,1,1,0,0,0,0,0,0,0,1,2,5,3,deadline_cif.y4m,468.51,468.396,0.29399,0.001157,0.0,39
1,1,1,0,1,0,0,1,0,0,0,1,1,15,0,deadline_cif.y4m,25.65,25.624,0.061074,0.001122,0.0,106
1,1,1,0,1,0,0,0,1,1,0,0,1,0,0,deadline_cif.y4m,19.09,19.098,0.034205,0.001106,0.0,242
1,1,1,1,0,0,1,1,0,0,1,0,2,15,0,deadline_cif.y4m,546.33,546.328,0.302853,0.001218,0.0,193
1,0,1,0,1,0,1,0,0,0,1,0,1,15,6,deadline_cif.y4m,20.91,20.906,0.068411,0.001152,0.0,103
1,1,1,0,1,0,0,1,0,1,1,1,8,5,6,deadline_cif.y4m,25.18,25.172,0.023875,0.001118,0.0,1
1,0,1,1,0,0,0,0,0,1,1,1,1,0,0,deadline_cif.y4m,468.31,468.23,0.179861,0.001157,0.0,61
1,1,1,1,0,0,0,0,1,0,0,0,2,0,0,deadline_cif.y4m,505.56,505.556,0.240583,0.001104,0.0,56
1,1,1,0,1,0,0,1,0,0,1,0,8,15,3,deadline_cif.y4m,25.4,25.366,0.061074,0.001116,0.0,148
1,0,1,0,1,0,0,0,0,1,0,1,2,5,0,deadline_cif.y4m,16.41,16.422,0.05933,0.001159,0.0,112
1,0,1,0,1,0,1,0,0,0,1,0,8,15,3,deadline_cif.y4m,20.91,20.918,0.052631,0.001152,0.0,300
1,0,1,0,1,0,0,0,0,1,1,0,4,15,0,deadline_cif.y4m,16.15,16.15,0.012247,0.00117,0.0,249
1,0,1,0,1,0,0,0,0,0,0,1,2,0,0,deadline_cif.y4m,16.46,16.454,0.033615,0.001159,0.0,20
1,1,1,1,0,0,1,1,0,1,0,1,1,5,0,deadline_cif.y4m,539.53,539.234,0.526051,0.001221,0.0,104
1,1,1,1,0,0,0,1,0,1,1,1,8,15,6,deadline_cif.y4m,551.27,551.2,0.480469,0.001125,0.0,131
1,0,1,1,0,0,0,0,0,0,0,0,2,0,3,deadline_cif.y4m,468.56,468.518,0.201544,0.001159,0.0,69
1,0,1,0,1,0,1,0,0,0,0,0,2,0,3,deadline_cif.y4m,21.11,21.106,0.036469,0.001152,0.0,220
1,1,1,1,0,0,1,1,0,1,1,1,8,15,6,deadline_cif.y4m,540.65,540.68,0.530943,0.001195,0.0,11
1,1,1,1,0,0,1,1,0,1,0,0,4,15,6,deadline_cif.y4m,543.13,543.088,0.796819,0.001188,0.0,258
1,0,1,0,1,0,1,0,0,0,0,0,2,15,3,deadline_cif.y4m,21.18,21.21,0.110454,0.001152,0.0,65
1,0,1,0,0,1,1,0,0,0,0,0,2,15,0,deadline_cif.y4m,47.91,47.902,0.115845,0.001152,0.0,160
1,0,1,0,0,1,1,0,0,0,0,0,8,0,0,deadline_cif.y4m,47.9,47.858,0.116276,0.001152,0.0,238
1,1,1,1,0,0,0,1,0,0,0,0,4,0,0,deadline_cif.y4m,531.41,531.37,0.418868,0.001113,0.0,57
1,1,1,0,1,0,0,1,0,1,0,1,2,0,0,deadline_cif.y4m,25.6,25.574,0.060249,0.001116,0.0,79
1,0,1,0,1,0,1,0,0,0,1,0,4,15,3,deadline_cif.y4m,20.82,20.84,0.045277,0.001152,0.0,224
1,1,1,0,1,0,0,1,0,1,0,0,2,0,3,deadline_cif.y4m,25.75,25.764,0.034351,0.001116,0.0,48
1,0,1,0,1,0,1,0,0,0,0,1,8,0,6,deadline_cif.y4m,21.4,21.39,0.09798,0.001152,0.0,173
1,1,1,1,0,0,1,1,0,0,1,1,1,0,0,deadline_cif.y4m,511.17,511.19,0.352916,0.001218,0.0,283
1,0,1,0,1,0,0,0,0,0,0,0,1,0,6,deadline_cif.y4m,16.37,16.36,0.049497,0.00117,0.0,190
1,0,1,0,1,0,1,0,0,1,1,1,4,0,6,deadline_cif.y4m,21.05,21.082,0.09094,0.001152,0.0,259
1,0,1,1,0,0,0,0,0,0,0,1,1,15,3,deadline_cif.y4m,465.8,465.858,0.16769,0.001157,0.0,7
1,0,1,0,0,1,0,0,0,0,0,1,2,5,0,deadline_cif.y4m,41.98,41.918,0.133304,0.001161,0.0,73
1,1,1,1,0,0,1,1,0,0,0,0,2,0,6,deadline_cif.y4m,516.81,516.824,0.198822,0.001214,0.0,63
1,0,1,0,0,1,1,0,0,1,1,0,2,15,3,deadline_cif.y4m,47.79,47.858,0.147207,0.001152,0.0,284
1,0,1,1,0,0,1,0,0,1,0,1,8,15,6,deadline_cif.y4m,505.59,505.75,0.562939,0.001151,0.0,250
1,1,1,0,1,0,0,1,0,0,0,0,2,5,0,deadline_cif.y4m,25.8,25.802,0.008367,0.001117,0.0,209
1,0,1,0,1,0,1,0,0,0,0,1,4,5,3,deadline_cif.y4m,21.4,21.404,0.032863,0.001152,0.0,138
1,1,1,1,0,0,0,0,1,1,1,0,1,0,0,deadline_cif.y4m,505.34,505.304,0.121984,0.001104,0.0,135
1,1,1,1,0,0,1,1,0,1,1,0,4,5,3,deadline_cif.y4m,534.41,534.366,0.18743,0.001213,0.0,264
1,1,1,1,0,0,0,1,0,1,1,0,2,0,6,deadline_cif.y4m,531.27,531.222,0.142373,0.001113,0.0,215
1,0,1,0,0,1,0,0,0,0,1,1,4,5,3,deadline_cif.y4m,41.77,41.786,0.088487,0.001161,0.0,50
1,0,1,1,0,0,0,0,0,1,1,0,4,0,6,deadline_cif.y4m,468.52,468.534,0.180083,0.001159,0.0,98
1,1,1,1,0,0,0,1,0,1,1,0,1,15,0,deadline_cif.y4m,565.18,565.054,0.436497,0.001111,0.0,140
1,1,1,1,0,0,0,1,0,0,1,1,1,0,3,deadline_cif.y4m,530.69,530.786,0.299132,0.001117,0.0,113
1,0,1,0,1,0,1,0,0,1,1,0,1,0,6,deadline_cif.y4m,20.89,20.912,0.065345,0.001152,0.0,3
1,0,1,0,0,1,0,0,0,1,1,1,8,0,0,deadline_cif.y4m,41.74,41.74,0.108858,0.001161,0.0,149
1,0,1,1,0,0,0,0,0,0,1,1,8,5,6,deadline_cif.y4m,468.37,468.468,0.287524,0.001157,0.0,153
1,1,1,1,0,0,1,1,0,1,1,0,2,15,6,deadline_cif.y4m,539.76,539.706,0.321372,0.001188,0.0,133
1,0,1,1,0,0,0,0,0,0,0,0,1,0,3,deadline_cif.y4m,468.73,468.562,0.414572,0.001159,0.0,191
1,1,1,0,1,0,0,1,0,1,0,1,1,0,6,deadline_cif.y4m,25.49,25.552,0.121532,0.001116,0.0,100
1,0,1,1,0,0,1,0,0,0,1,0,4,0,3,deadline_cif.y4m,506.67,506.774,0.296361,0.001149,0.0,85
1,0,1,0,0,1,1,0,0,0,0,0,2,0,3,deadline_cif.y4m,47.33,47.334,0.166523,0.001152,0.0,88
1,0,1,0,1,0,1,0,0,1,1,0,4,15,6,deadline_cif.y4m,21.19,21.182,0.056303,0.001152,0.0,31
1,0,1,0,0,1,1,0,0,0,0,0,4,5,3,deadline_cif.y4m,47.88,47.922,0.082885,0.001152,0.0,134
1,1,1,0,1,0,1,1,0,1,1,1,8,0,3,deadline_cif.y4m,24.5,24.498,0.054037,0.001222,0.0,147
1,1,1,1,0,0,0,1,0,0,1,1,4,15,6,deadline_cif.y4m,550.94,550.884,0.146561,0.001125,0.0,275
1,0,1,0,0,1,1,0,0,0,1,0,4,15,3,deadline_cif.y4m,47.92,47.948,0.049699,0.001152,0.0,143
1,1,1,0,1,0,1,1,0,1,0,0,1,5,6,deadline_cif.y4m,23.91,23.914,0.083845,0.001209,0.0,8
1,1,1,1,0,0,1,1,0,0,1,1,4,5,3,deadline_cif.y4m,539.39,539.392,0.098082,0.001217,0.0,216
1,0,1,1,0,0,1,0,0,1,0,0,1,0,3,deadline_cif.y4m,506.71,506.918,0.65136,0.001149,0.0,214
1,0,1,0,0,1,0,0,0,0,0,0,1,5,0,deadline_cif.y4m,41.74,41.76,0.06442,0.001169,0.0,17
1,0,1,0,0,1,1,0,0,0,0,0,1,5,0,deadline_cif.y4m,48.01,47.984,0.121161,0.001152,0.0,206
1,0,1,0,1,0,0,0,0,1,1,1,8,15,0,deadline_cif.y4m,16.45,16.444,0.08961,0.001159,0.0,36
1,1,1,0,1,0,1,1,0,0,0,0,4,15,3,deadline_cif.y4m,24.28,24.35,0.215986,0.001219,0.0,6
1,0,1,1,0,0,1,0,0,0,0,1,1,0,6,deadline_cif.y4m,505.32,505.456,0.264632,0.001151,0.0,5
1,0,1,1,0,0,1,0,0,0,0,0,8,15,6,deadline_cif.y4m,506.44,506.522,0.285605,0.001149,0.0,164
1,0,1,0,0,1,0,0,0,1,0,0,8,0,6,deadline_cif.y4m,41.76,41.674,0.186091,0.001169,0.0,97
1,0,1,1,0,0,0,0,0,0,1,0,2,5,3,deadline_cif.y4m,468.54,468.57,0.073144,0.001159,0.0,236
1,1,1,0,1,0,1,1,0,0,0,0,8,5,0,deadline_cif.y4m,24.53,24.536,0.047749,0.001224,0.0,71
1,1,1,0,1,0,1,1,0,1,0,1,2,0,3,deadline_cif.y4m,24.55,24.55,0.05244,0.001222,0.0,295
1,0,1,1,0,0,1,0,0,1,1,0,8,5,3,deadline_cif.y4m,506.68,506.65,0.23184,0.001149,0.0,286
1,0,1,0,1,0,0,0,0,0,0,1,1,5,0,deadline_cif.y4m,16.44,16.43,0.035355,0.001159,0.0,34
1,0,1,0,1,0,1,0,0,1,1,1,1,5,3,deadline_cif.y4m,21.27,21.292,0.064187,0.001152,0.0,240
1,0,1,0,0,1,1,0,0,0,0,1,4,15,3,deadline_cif.y4m,47.78,47.854,0.198066,0.001153,0.0,18
1,0,1,0,1,0,0,0,0,0,1,0,8,0,6,deadline_cif.y4m,16.15,16.15,0.044159,0.00117,0.0,102
1,1,1,1,0,0,1,0,1,0,1,0,4,0,0,deadline_cif.y4m,482.84,483.032,0.412941,0.001167,0.0,51
1,1,1,1,0,0,1,1,0,0,0,1,4,15,6,deadline_cif.y4m,540.65,540.672,0.205961,0.001195,0.0,282
1,0,1,0,1,0,1,0,0,1,1,1,1,0,3,deadline_cif.y4m,21.36,21.334,0.051769,0.001152,0.0,77
1,0,1,1,0,0,1,0,0,0,1,0,2,0,3,deadline_cif.y4m,506.45,506.682,0.559616,0.001149,0.0,128
1,1,1,0,1,0,1,1,0,0,0,0,2,5,3,deadline_cif.y4m,24.18,24.184,0.051284,0.00122,0.0,234
1,0,1,1,0,0,0,0,0,0,1,1,1,0,0,deadline_cif.y4m,468.4,468.36,0.404846,0.001157,0.0,252
1,0,1,1,0,0,1,0,0,0,0,1,4,0,3,deadline_cif.y4m,505.43,505.442,0.212532,0.001151,0.0,28
1,0,1,0,0,1,1,0,0,1,1,1,8,15,3,deadline_cif.y4m,47.85,47.902,0.151228,0.001153,0.0,139
1,0,1,0,0,1,0,0,0,0,0,1,1,5,0,deadline_cif.y4m,41.77,41.764,0.124619,0.001161,0.0,158
1,1,1,0,1,0,1,1,0,1,0,1,8,5,3,deadline_cif.y4m,24.17,24.212,0.082583,0.001223,0.0,152
1,0,1,1,0,0,1,0,0,1,0,0,2,0,6,deadline_cif.y4m,506.98,507.062,0.904887,0.001149,0.0,12
1,1,1,0,1,0,0,1,0,0,0,1,4,15,3,deadline_cif.y4m,25.27,25.254,0.032863,0.001118,0.0,294
1,1,1,0,1,0,0,1,0,0,0,1,8,15,3,deadline_cif.y4m,25.51,25.52,0.088034,0.001118,0.0,154
1,1,1,1,0,0,0,1,0,1,0,0,2,15,6,deadline_cif.y4m,554.56,554.55,0.219203,0.00112,0.0,157
1,0,1,1,0,0,1,0,0,1,1,1,2,0,3,deadline_cif.y4m,502.88,502.834,0.139571,0.001151,0.0,150
1,1,1,0,1,0,1,1,0,0,1,0,8,0,6,deadline_cif.y4m,24.7,24.726,0.085323,0.001216,0.0,287
1,0,1,0,1,0,0,0,0,1,1,0,1,0,3,deadline_cif.y4m,16.12,16.148,0.058052,0.00117,0.0,297
1,0,1,0,0,1,0,0,0,1,1,0,8,15,0,deadline_cif.y4m,41.71,41.734,0.194756,0.001169,0.0,263
1,1,1,0,1,0,0,1,0,1,1,1,1,5,3,deadline_cif.y4m,25.62,25.632,0.070498,0.001115,0.0,255
1,0,1,1,0,0,0,0,0,1,1,0,8,15,3,deadline_cif.y4m,466.05,465.946,0.358441,0.001159,0.0,115
1,0,1,0,0,1,1,0,0,1,0,1,4,15,3,deadline_cif.y4m,47.91,47.87,0.115758,0.001153,0.0,188
1,0,1,0,0,1,1,0,0,0,0,1,8,0,6,deadline_cif.y4m,47.86,47.836,0.137222,0.001153,0.0,212
1,0,1,1,0,0,1,0,0,0,0,1,1,15,3,deadline_cif.y4m,505.3,505.354,0.16025,0.001151,0.0,195
1,0,1,0,1,0,0,0,0,0,1,1,2,15,0,deadline_cif.y4m,16.45,16.424,0.080808,0.001159,0.0,119
1,0,1,1,0,0,0,0,0,1,0,1,4,15,0,deadline_cif.y4m,465.89,465.92,0.275136,0.001157,0.0,58
1,0,1,0,1,0,1,0,0,1,0,1,4,0,6,deadline_cif.y4m,21.35,21.35,0.033912,0.001152,0.0,277
1,0,1,0,1,0,1,0,0,0,1,1,4,5,6,deadline_cif.y4m,21.38,21.366,0.081731,0.001152,0.0,64
1,1,1,0,1,0,1,1,0,1,0,0,2,0,0,deadline_cif.y4m,24.74,24.73,0.118743,0.001216,0.0,285
1,1,1,0,1,0,1,1,0,1,0,0,4,0,0,deadline_cif.y4m,24.71,24.726,0.039115,0.001216,0.0,290
1,0,1,1,0,0,0,0,0,1,0,1,8,5,6,deadline_cif.y4m,468.41,468.41,0.229456,0.001157,0.0,196
1,1,1,1,0,0,1,0,1,1,1,1,1,0,0,deadline_cif.y4m,483.57,483.6,0.112472,0.00117,0.0,93
1,0,1,1,0,0,1,0,0,0,1,1,4,5,6,deadline_cif.y4m,505.21,505.228,0.326144,0.001151,0.0,299
1,0,1,1,0,0,0,0,0,1,0,0,2,5,0,deadline_cif.y4m,468.74,468.696,0.337831,0.001159,0.0,125
1,1,1,0,1,0,0,1,0,1,0,1,2,15,6,deadline_cif.y4m,24.39,24.39,0.047434,0.001128,0.0,21
1,0,1,0,1,0,0,0,0,1,0,1,2,0,0,deadline_cif.y4m,16.33,16.35,0.050498,0.001159,0.0,225
1,0,1,0,1,0,0,0,0,1,0,0,2,5,0,flower_cif.y4m,31.69,31.746,0.105024,0.007516,0.0,114
1,1,1,1,0,0,0,0,1,0,0,1,1,0,0,flower_cif.y4m,558.17,558.22,0.292916,0.005671,0.0,281
1,1,1,1,0,0,0,1,0,1,1,0,2,5,0,flower_cif.y4m,646.04,646.132,0.377849,0.005612,0.0,49
1,0,1,0,0,1,1,0,0,0,0,0,2,15,6,flower_cif.y4m,58.65,58.614,0.154693,0.00679,0.0,194
1,0,1,1,0,0,0,0,0,0,0,0,2,0,6,flower_cif.y4m,466.47,466.544,0.300383,0.007512,0.0,62
1,1,1,0,1,0,0,1,0,1,1,1,1,15,3,flower_cif.y4m,62.16,62.186,0.151592,0.005618,0.0,91
1,0,1,0,0,1,1,0,0,0,0,0,4,0,6,flower_cif.y4m,58.83,58.738,0.198796,0.00679,0.0,107
1,0,1,1,0,0,1,0,0,0,0,1,4,5,3,flower_cif.y4m,493.21,493.24,0.323883,0.00672,0.0,181
1,0,1,0,1,0,1,0,0,0,0,0,4,5,0,flower_cif.y4m,35.01,35.006,0.074364,0.006711,0.0,247
1,0,1,1,0,0,0,0,0,1,1,0,4,5,3,flower_cif.y4m,466.46,466.37,0.247689,0.007512,0.0,166
1,0,1,0,0,1,0,0,0,0,1,1,4,0,0,flower_cif.y4m,51.56,51.538,0.173983,0.007543,0.0,25
1,1,1,0,1,0,0,1,0,0,0,1,8,0,6,flower_cif.y4m,59.59,59.634,0.093434,0.005619,0.0,203
1,1,1,1,0,0,1,1,0,1,1,1,4,5,6,flower_cif.y4m,629.98,629.996,0.27098,0.005985,0.0,219
1,0,1,0,0,1,0,0,0,0,0,0,4,15,0,flower_cif.y4m,51.72,51.692,0.157861,0.007561,0.0,162
1,0,1,1,0,0,1,0,0,0,1,0,4,15,6,flower_cif.y4m,488.27,488.274,0.150433,0.006705,0.0,182
1,0,1,0,0,1,0,0,0,1,1,0,1,15,6,flower_cif.y4m,51.85,51.802,0.191625,0.007561,0.0,10
1,1,1,1,0,0,1,1,0,1,1,1,2,15,0,flower_cif.y4m,642.18,642.312,0.246516,0.005988,0.0,14
1,1,1,1,0,0,0,1,0,0,0,1,1,0,6,flower_cif.y4m,614.04,614.136,0.330878,0.00561,0.0,89
1,1,1,1,0,0,0,1,0,1,1,1,1,5,0,flower_cif.y4m,642.24,642.488,0.59985,0.005611,0.0,116
1,0,1,1,0,0,0,0,0,0,1,1,4,15,3,flower_cif.y4m,465.33,465.27,0.106066,0.007508,0.0,217
1,1,1,0,1,0,0,1,0,0,1,0,1,0,0,flower_cif.y4m,60.28,60.278,0.176833,0.005617,0.0,75
1,1,1,0,1,0,0,1,0,1,1,1,2,15,6,flower_cif.y4m,62.16,62.188,0.069785,0.005618,0.0,266
1,0,1,1,0,0,1,0,0,0,1,1,4,15,3,flower_cif.y4m,492.96,492.934,0.079561,0.00672,0.0,268
1,0,1,0,1,0,1,0,0,1,1,1,4,15,3,flower_cif.y4m,35.09,35.096,0.066182,0.006704,0.0,187
1,0,1,0,0,1,1,0,0,0,1,0,8,15,3,flower_cif.y4m,59.4,59.43,0.188149,0.00679,0.0,161
1,0,1,0,1,0,1,0,0,0,1,0,2,0,6,flower_cif.y4m,34.99,34.998,0.170353,0.006711,0.0,23
1,1,1,1,0,0,0,1,0,1,1,0,2,5,6,flower_cif.y4m,666.88,666.868,0.355345,0.005613,0.0,2
1,1,1,1,0,0,1,0,1,1,0,1,2,0,0,flower_cif.y4m,539.74,539.712,0.142373,0.005718,0.0,16
1,0,1,1,0,0,0,0,0,1,1,1,8,15,0,flower_cif.y4m,465.32,465.284,0.232013,0.007508,0.0,262
1,1,1,1,0,0,0,1,0,1,1,0,4,5,0,flower_cif.y4m,645.89,645.916,0.286147,0.005612,0.0,66
1,0,1,1,0,0,0,0,0,1,0,0,2,0,0,flower_cif.y4m,466.36,466.344,0.10015,0.007512,0.0,86
1,0,1,0,1,0,1,0,0,0,1,0,2,5,6,flower_cif.y4m,35.06,35.044,0.115022,0.006711,0.0,231
1,0,1,0,1,0,0,0,0,0,0,0,4,5,0,flower_cif.y4m,31.77,31.766,0.107145,0.007516,0.0,269
1,1,1,0,1,0,1,1,0,0,1,0,1,5,0,flower_cif.y4m,61.3,61.28,0.182071,0.00599,0.0,180
1,0,1,0,0,1,0,0,0,0,1,0,4,5,6,flower_cif.y4m,51.79,51.754,0.133716,0.007561,0.0,274
1,1,1,1,0,0,0,1,0,1,1,0,2,15,6,flower_cif.y4m,639.89,639.98,0.379671,0.005611,0.0,184
1,0,1,0,0,1,1,0,0,0,0,1,4,5,0,flower_cif.y4m,59.1,59.104,0.132778,0.006795,0.0,118
1,1,1,1,0,0,0,1,0,0,0,0,1,0,6,flower_cif.y4m,613.88,613.888,0.192536,0.005613,0.0,254
1,0,1,1,0,0,1,0,0,0,1,1,4,5,0,flower_cif.y4m,493.11,493.34,0.582666,0.00672,0.0,208
1,0,1,0,0,1,1,0,0,1,1,0,4,5,6,flower_cif.y4m,59.22,59.314,0.213143,0.00679,0.0,279
1,1,1,1,0,0,0,1,0,0,1,1,4,15,3,flower_cif.y4m,639.74,639.714,0.176295,0.005617,0.0,229
1,0,1,0,0,1,1,0,0,1,1,1,1,0,0,flower_cif.y4m,59.01,59.036,0.084735,0.006795,0.0,46
1,0,1,0,0,1,0,0,0,1,1,1,4,5,6,flower_cif.y4m,51.48,51.562,0.177257,0.007543,0.0,171
1,1,1,1,0,0,0,1,0,0,1,0,2,5,0,flower_cif.y4m,646.4,646.388,0.263002,0.005612,0.0,99
1,0,1,0,0,1,0,0,0,0,0,0,8,0,0,flower_cif.y4m,51.73,51.754,0.177848,0.007561,0.0,81
1,1,1,1,0,0,1,1,0,1,0,1,8,5,0,flower_cif.y4m,630.6,630.568,0.220273,0.005999,0.0,155
1,0,1,0,1,0,0,0,0,1,0,1,1,15,6,flower_cif.y4m,31.39,31.382,0.066858,0.007511,0.0,96
1,1,1,1,0,0,0,1,0,1,1,1,8,0,0,flower_cif.y4m,614.14,614.59,0.894902,0.00561,0.0,218
1,1,1,1,0,0,1,1,0,1,1,0,8,0,6,flower_cif.y4m,605.95,605.988,0.212885,0.00598,0.0,53
1,1,1,0,1,0,1,0,1,0,0,0,2,0,0,flower_cif.y4m,39.44,39.432,0.045497,0.005731,0.0,109
1,0,1,0,1,0,0,0,0,0,1,0,4,5,6,flower_cif.y4m,31.69,31.726,0.08792,0.007516,0.0,185
1,1,1,1,0,0,0,1,0,0,1,1,2,0,0,flower_cif.y4m,614.14,614.154,0.12522,0.00561,0.0,239
1,0,1,1,0,0,0,0,0,0,0,1,2,0,0,flower_cif.y4m,465.15,465.156,0.210666,0.007508,0.0,276
1,0,1,1,0,0,1,0,0,0,0,1,4,0,6,flower_cif.y4m,493.1,493.198,0.225322,0.00672,0.0,257
1,0,1,0,0,1,0,0,0,1,1,0,1,5,0,flower_cif.y4m,51.71,51.716,0.193856,0.007561,0.0,42
1,1,1,0,1,0,1,1,0,0,0,0,2,15,3,flower_cif.y4m,60.37,60.344,0.184337,0.005996,0.0,204
1,0,1,1,0,0,1,0,0,1,0,1,2,15,6,flower_cif.y4m,493.08,493.066,0.140641,0.00672,0.0,145
1,0,1,0,1,0,0,0,0,0,0,0,2,0,3,flower_cif.y4m,31.84,31.842,0.138816,0.007516,0.0,246
1,1,1,1,0,0,0,1,0,0,1,1,8,0,0,flower_cif.y4m,614.25,614.182,0.208135,0.00561,0.0,202
1,1,1,0,1,0,0,1,0,1,0,0,2,5,3,flower_cif.y4m,63.68,63.72,0.093274,0.005617,0.0,70
1,0,1,0,1,0,0,0,0,0,1,0,1,5,3,flower_cif.y4m,31.87,31.81,0.140712,0.007516,0.0,230
1,0,1,0,1,0,1,0,0,0,0,0,4,15,6,flower_cif.y4m,35.02,35.01,0.09975,0.006711,0.0,267
1,1,1,1,0,0,1,1,0,0,0,1,8,5,3,flower_cif.y4m,634.51,634.538,0.219249,0.005987,0.0,146
1,0,1,0,1,0,1,0,0,0,0,1,2,15,0,flower_cif.y4m,35.03,35.086,0.128957,0.006704,0.0,27
1,0,1,0,1,0,1,0,0,0,1,1,8,0,3,flower_cif.y4m,35.14,35.146,0.102859,0.006704,0.0,137
1,1,1,1,0,0,0,1,0,0,1,1,2,15,0,flower_cif.y4m,645.0,645.028,0.088994,0.005616,0.0,189
1,1,1,0,1,0,1,1,0,1,0,0,4,15,0,flower_cif.y4m,60.31,60.346,0.148593,0.005994,0.0,132
1,1,1,1,0,0,0,0,1,1,0,1,8,0,0,flower_cif.y4m,553.19,553.144,0.121984,0.005671,0.0,169
1,0,1,0,0,1,0,0,0,0,0,0,1,5,6,flower_cif.y4m,51.63,51.65,0.12083,0.007561,0.0,33
1,0,1,1,0,0,0,0,0,0,1,1,8,15,0,flower_cif.y4m,465.06,465.136,0.191911,0.007508,0.0,205
1,0,1,1,0,0,0,0,0,1,0,1,2,0,0,flower_cif.y4m,465.39,465.402,0.133116,0.007508,0.0,245
1,1,1,0,1,0,1,1,0,0,1,1,1,15,0,flower_cif.y4m,59.92,59.94,0.14,0.006019,0.0,298
1,0,1,1,0,0,1,0,0,1,1,0,2,5,6,flower_cif.y4m,492.74,492.85,0.252784,0.006705,0.0,163
1,1,1,1,0,0,0,1,0,0,0,0,1,5,0,flower_cif.y4m,646.02,646.004,0.285359,0.005612,0.0,123
1,0,1,0,0,1,1,0,0,1,0,0,4,15,0,flower_cif.y4m,59.31,59.326,0.093167,0.00679,0.0,4
1,0,1,0,0,1,1,0,0,1,1,0,8,5,6,flower_cif.y4m,59.46,59.472,0.170206,0.00679,0.0,141
1,1,1,0,1,0,0,1,0,1,0,0,8,5,6,flower_cif.y4m,63.85,63.972,0.195115,0.005616,0.0,129
1,1,1,0,1,0,1,1,0,1,1,0,4,5,3,flower_cif.y4m,61.71,61.702,0.13755,0.00598,0.0,159
1,0,1,0,0,1,1,0,0,1,0,0,1,0,0,flower_cif.y4m,59.46,59.398,0.203887,0.00679,0.0,22
1,0,1,0,0,1,0,0,0,1,0,1,2,0,6,flower_cif.y4m,51.75,51.652,0.17936,0.007543,0.0,175
1,1,1,1,0,0,0,1,0,1,1,1,8,5,6,flower_cif.y4m,636.39,636.348,0.203765,0.005616,0.0,151
1,1,1,0,1,0,0,1,0,0,1,0,2,5,0,flower_cif.y4m,63.19,63.336,0.450589,0.005619,0.0,52
1,0,1,0,0,1,0,0,0,0,0,1,4,0,3,flower_cif.y4m,51.64,51.58,0.130958,0.007543,0.0,108
1,0,1,0,1,0,1,0,0,0,0,1,8,15,0,flower_cif.y4m,35.15,35.102,0.134052,0.006704,0.0,72
1,0,1,1,0,0,1,0,0,1,1,0,8,0,6,flower_cif.y4m,492.57,492.604,0.149766,0.006705,0.0,248
1,1,1,1,0,0,1,1,0,1,1,0,8,5,6,flower_cif.y4m,628.01,627.98,0.165982,0.005973,0.0,174
1,0,1,1,0,0,1,0,0,1,1,1,8,0,3,flower_cif.y4m,493.18,493.1,0.227706,0.00672,0.0,130
1,1,1,0,1,0,1,1,0,1,1,1,8,15,0,flower_cif.y4m,60.8,60.824,0.119708,0.006019,0.0,168
1,0,1,0,0,1,1,0,0,1,0,1,8,0,6,flower_cif.y4m,59.18,59.168,0.176975,0.006795,0.0,198
1,0,1,0,0,1,1,0,0,1,1,0,1,0,3,flower_cif.y4m,59.43,59.388,0.112783,0.00679,0.0,83
1,1,1,1,0,0,1,1,0,0,1,0,1,0,3,flower_cif.y4m,606.44,606.426,0.246333,0.00598,0.0,291
1,0,1,0,1,0,0,0,0,1,1,0,1,0,6,flower_cif.y4m,31.71,31.73,0.165529,0.007516,0.0,237
1,0,1,0,0,1,0,0,0,1,1,1,2,15,3,flower_cif.y4m,51.59,51.592,0.137186,0.007543,0.0,90
1,1,1,1,0,0,1,1,0,0,0,1,1,15,0,flower_cif.y4m,637.23,637.2,0.261725,0.005988,0.0,87
1,0,1,1,0,0,1,0,0,1,0,0,1,5,0,flower_cif.y4m,492.51,492.486,0.134276,0.006705,0.0,74
1,0,1,0,0,1,0,0,0,1,0,0,2,0,3,flower_cif.y4m,51.81,51.77,0.093274,0.007561,0.0,201
1,0,1,0,1,0,0,0,0,1,0,1,1,0,0,flower_cif.y4m,31.72,31.742,0.069065,0.007511,0.0,183
1,0,1,1,0,0,0,0,0,0,0,0,4,0,6,flower_cif.y4m,466.36,466.376,0.101637,0.007512,0.0,227
1,1,1,0,1,0,1,1,0,0,0,0,1,15,6,flower_cif.y4m,61.17,61.106,0.125419,0.006007,0.0,222
1,0,1,0,0,1,0,0,0,0,1,0,8,0,6,flower_cif.y4m,51.53,51.538,0.136455,0.007561,0.0,55
1,0,1,1,0,0,0,0,0,0,1,1,2,5,0,flower_cif.y4m,461.13,461.402,0.617309,0.007508,0.0,142
1,0,1,1,0,0,1,0,0,1,0,1,1,5,6,flower_cif.y4m,493.33,493.398,0.698906,0.00672,0.0,124
1,0,1,1,0,0,1,0,0,0,0,0,8,0,0,flower_cif.y4m,492.38,492.474,0.209117,0.006705,0.0,95
1,0,1,1,0,0,1,0,0,1,0,0,2,15,0,flower_cif.y4m,492.53,492.6,0.322413,0.006705,0.0,241
1,0,1,0,1,0,0,0,0,0,1,1,1,5,3,flower_cif.y4m,31.29,31.342,0.129885,0.007511,0.0,289
1,0,1,1,0,0,1,0,0,1,1,0,1,5,0,flower_cif.y4m,492.57,492.562,0.185661,0.006705,0.0,278
1,1,1,0,1,0,0,1,0,1,1,0,1,0,6,flower_cif.y4m,60.19,60.144,0.132212,0.005617,0.0,176
1,0,1,0,0,1,1,0,0,0,1,0,8,5,0,flower_cif.y4m,59.36,59.414,0.153069,0.00679,0.0,122
1,0,1,0,0,1,0,0,0,0,1,0,4,0,6,flower_cif.y4m,51.48,51.558,0.131985,0.007561,0.0,30
1,1,1,0,1,0,0,1,0,0,0,0,2,0,6,flower_cif.y4m,60.07,60.02,0.138203,0.005617,0.0,251
1,0,1,1,0,0,0,0,0,0,0,1,1,0,0,flower_cif.y4m,465.16,465.162,0.093648,0.007508,0.0,120
1,0,1,1,0,0,0,0,0,0,0,1,2,15,6,flower_cif.y4m,465.12,465.098,0.183085,0.007508,0.0,144
1,0,1,0,1,0,1,0,0,0,0,0,1,0,3,flower_cif.y4m,34.98,35.03,0.135831,0.006711,0.0,265
1,1,1,0,1,0,0,1,0,0,1,0,2,0,6,flower_cif.y4m,60.21,60.192,0.114324,0.005617,0.0,260
1,1,1,0,1,0,0,1,0,0,0,1,1,0,3,flower_cif.y4m,59.66,59.642,0.09576,0.005619,0.0,78
1,0,1,0,1,0,0,0,0,0,1,1,8,15,3,flower_cif.y4m,31.87,31.882,0.138816,0.007511,0.0,84
1,0,1,1,0,0,1,0,0,1,0,0,4,15,3,flower_cif.y4m,492.76,492.822,0.255676,0.006705,0.0,296
1,0,1,0,0,1,0,0,0,0,0,1,2,5,6,flower_cif.y4m,51.67,51.606,0.148762,0.007543,0.0,232
1,0,1,0,0,1,1,0,0,0,1,0,4,15,6,flower_cif.y4m,59.39,59.398,0.095499,0.00679,0.0,213
1,1,1,0,1,0,0,1,0,0,1,1,8,15,3,flower_cif.y4m,61.95,61.984,0.101637,0.005618,0.0,94
1,0,1,0,1,0,0,0,0,0,1,1,1,5,0,flower_cif.y4m,31.79,31.816,0.055045,0.007511,0.0,178
1,0,1,1,0,0,1,0,0,1,0,0,4,0,0,flower_cif.y4m,492.72,492.842,0.416377,0.006705,0.0,127
1,1,1,0,1,0,1,1,0,0,1,0,8,5,6,flower_cif.y4m,61.83,61.864,0.153069,0.005952,0.0,111
1,0,1,0,1,0,0,0,0,0,0,1,1,0,6,flower_cif.y4m,31.43,31.404,0.223786,0.007511,0.0,92
1,1,1,1,0,0,0,1,0,0,1,0,8,15,6,flower_cif.y4m,640.33,640.19,0.23076,0.005611,0.0,54
1,0,1,0,0,1,0,0,0,0,0,1,2,15,0,flower_cif.y4m,51.65,51.62,0.184391,0.007543,0.0,45
1,0,1,1,0,0,0,0,0,1,0,0,4,0,6,flower_cif.y4m,466.62,466.578,0.153688,0.007512,0.0,226
1,1,1,1,0,0,1,1,0,1,0,0,8,5,0,flower_cif.y4m,636.28,636.336,0.131263,0.005983,0.0,200
1,0,1,0,0,1,1,0,0,1,0,1,8,5,6,flower_cif.y4m,59.25,59.17,0.214126,0.006795,0.0,59
1,1,1,0,1,0,1,0,1,0,0,1,2,0,0,flower_cif.y4m,39.24,39.306,0.114368,0.005705,0.0,19
1,1,1,1,0,0,0,1,0,1,0,0,2,15,0,flower_cif.y4m,650.24,650.19,0.265047,0.005608,0.0,47
1,1,1,0,1,0,1,1,0,0,0,1,4,5,6,flower_cif.y4m,62.4,62.394,0.158209,0.005975,0.0,32
1,1,1,0,1,0,0,1,0,1,0,0,1,5,6,flower_cif.y4m,63.9,63.986,0.14639,0.005616,0.0,170
1,0,1,0,0,1,0,0,0,1,1,0,1,15,0,flower_cif.y4m,51.73,51.726,0.281922,0.007561,0.0,270
1,0,1,1,0,0,1,0,0,1,0,1,4,15,6,flower_cif.y4m,493.07,493.066,0.209595,0.00672,0.0,207
1,1,1,0,1,0,0,1,0,1,1,1,1,5,6,flower_cif.y4m,63.17,63.15,0.062849,0.005616,0.0,43
1,0,1,0,1,0,1,0,0,0,1,1,1,0,3,flower_cif.y4m,35.13,35.122,0.036332,0.006704,0.0,40
1,1,1,0,1,0,0,1,0,0,1,1,1,5,3,flower_cif.y4m,63.89,63.8,0.172916,0.005617,0.0,117
1,0,1,0,0,1,0,0,0,0,1,0,8,15,6,flower_cif.y4m,51.74,51.706,0.167422,0.007561,0.0,253
1,0,1,1,0,0,0,0,0,1,0,0,1,15,3,flower_cif.y4m,462.51,462.606,0.483508,0.007512,0.0,68
1,1,1,1,0,0,0,1,0,1,1,1,1,15,6,flower_cif.y4m,640.17,640.182,0.164682,0.005614,0.0,186
1,1,1,0,1,0,1,1,0,0,0,1,8,15,3,flower_cif.y4m,60.36,60.354,0.113049,0.005993,0.0,288
1,1,1,0,1,0,0,1,0,0,0,0,2,0,0,flower_cif.y4m,59.29,59.364,0.151096,0.005617,0.0,15
1,0,1,1,0,0,0,0,0,0,1,1,2,15,3,flower_cif.y4m,465.24,465.292,0.270869,0.007508,0.0,82
1,1,1,1,0,0,0,1,0,0,0,0,4,15,6,flower_cif.y4m,634.82,634.838,0.242219,0.005611,0.0,211
1,0,1,0,1,0,1,0,0,1,1,1,8,15,6,flower_cif.y4m,35.17,35.112,0.147207,0.006704,0.0,177
1,1,1,0,1,0,0,1,0,1,1,1,2,5,3,flower_cif.y4m,63.76,63.802,0.155306,0.005617,0.0,210
1,0,1,1,0,0,0,0,0,1,1,1,2,0,3,flower_cif.y4m,465.35,465.304,0.16772,0.007508,0.0,13
1,0,1,0,1,0,1,0,0,0,0,1,2,15,3,flower_cif.y4m,35.19,35.174,0.050299,0.006704,0.0,228
1,0,1,0,1,0,1,0,0,1,1,0,4,5,3,flower_cif.y4m,34.97,35.006,0.125419,0.006711,0.0,38
1,1,1,1,0,0,0,1,0,0,0,1,4,15,6,flower_cif.y4m,640.45,640.446,0.098641,0.005614,0.0,29
1,1,1,1,0,0,1,0,1,1,0,0,8,0,0,flower_cif.y4m,533.29,533.184,0.277813,0.005666,0.0,24
1,1,1,1,0,0,0,1,0,0,0,0,8,5,6,flower_cif.y4m,666.87,667.02,0.25446,0.005613,0.0,293
1,1,1,1,0,0,0,1,0,0,1,0,2,5,6,flower_cif.y4m,666.92,666.864,0.135757,0.005613,0.0,67
1,1,1,0,1,0,0,1,0,1,0,1,2,5,0,flower_cif.y4m,62.33,62.294,0.140996,0.005619,0.0,199
1,0,1,0,0,1,1,0,0,1,1,0,8,15,3,flower_cif.y4m,59.46,59.402,0.114761,0.00679,0.0,244
1,0,1,0,0,1,1,0,0,0,0,0,8,15,0,flower_cif.y4m,59.36,59.346,0.213963,0.00679,0.0,80
1,1,1,1,0,0,1,1,0,1,1,1,2,0,3,flower_cif.y4m,602.59,603.016,1.015101,0.005994,0.0,223
1,1,1,0,1,0,1,1,0,0,1,0,8,5,0,flower_cif.y4m,61.12,61.14,0.069642,0.00599,0.0,121
1,0,1,1,0,0,1,0,0,0,0,0,8,5,3,flower_cif.y4m,492.93,492.802,0.307441,0.006705,0.0,261
1,0,1,1,0,0,1,0,0,1,1,0,1,5,6,flower_cif.y4m,488.16,488.104,0.247144,0.006705,0.0,156
1,1,1,1,0,0,0,1,0,0,1,0,4,15,3,flower_cif.y4m,657.84,657.646,0.392849,0.005611,0.0,271
1,1,1,1,0,0,1,1,0,1,0,0,2,15,3,flower_cif.y4m,633.83,633.874,0.182291,0.005969,0.0,9
1,1,1,1,0,0,1,1,0,1,0,1,1,0,0,flower_cif.y4m,602.74,602.952,0.670649,0.005994,0.0,165
1,0,1,0,0,1,1,0,0,1,0,0,1,15,6,flower_cif.y4m,59.43,59.352,0.149231,0.00679,0.0,126
1,0,1,1,0,0,1,0,0,1,1,1,8,5,0,flower_cif.y4m,492.95,492.946,0.065803,0.00672,0.0,280
1,0,1,1,0,0,0,0,0,1,1,0,2,5,3,flower_cif.y4m,466.58,466.576,0.309645,0.007512,0.0,172
1,0,1,0,1,0,1,0,0,0,0,0,1,15,6,flower_cif.y4m,34.5,34.498,0.064962,0.006711,0.0,292
1,0,1,0,0,1,0,0,0,1,0,1,1,0,3,flower_cif.y4m,51.76,51.7,0.173638,0.007543,0.0,179
1,0,1,0,0,1,1,0,0,1,0,1,2,0,3,flower_cif.y4m,59.14,59.154,0.106911,0.006795,0.0,272
1,0,1,0,0,1,1,0,0,0,1,0,4,5,0,flower_cif.y4m,59.3,59.342,0.154499,0.00679,0.0,105
1,0,1,0,1,0,0,0,0,0,0,0,1,0,3,flower_cif.y4m,31.76,31.784,0.066558,0.007516,0.0,76
1,0,1,1,0,0,1,0,0,0,1,0,4,15,3,flower_cif.y4m,492.47,492.538,0.107564,0.006705,0.0,197
1,1,1,1,0,0,1,1,0,0,1,0,1,15,0,flower_cif.y4m,640.03,640.018,0.302275,0.005978,0.0,221
1,1,1,1,0,0,1,1,0,0,1,0,8,15,6,flower_cif.y4m,636.84,636.768,0.186333,0.005977,0.0,167
1,1,1,0,1,0,0,1,0,1,0,1,4,15,6,flower_cif.y4m,61.58,61.516,0.116103,0.005618,0.0,136
1,1,1,1,0,0,0,1,0,1,0,1,8,15,6,flower_cif.y4m,635.46,635.434,0.174442,0.005614,0.0,243
1,0,1,0,1,0,0,0,0,1,0,1,8,15,6,flower_cif.y4m,31.8,31.81,0.132853,0.007511,0.0,60
1,0,1,1,0,0,0,0,0,1,0,1,2,0,6,flower_cif.y4m,465.02,465.07,0.176068,0.007508,0.0,110
1,1,1,1,0,0,1,1,0,1,0,0,1,15,6,flower_cif.y4m,636.72,636.66,0.202978,0.005977,0.0,35
1,0,1,1,0,0,1,0,0,0,1,1,2,5,6,flower_cif.y4m,493.12,493.094,0.227662,0.00672,0.0,235
1,0,1,1,0,0,0,0,0,1,0,0,1,0,3,flower_cif.y4m,466.47,466.476,0.139392,0.007512,0.0,44
1,1,1,0,1,0,1,1,0,0,1,0,4,15,3,flower_cif.y4m,60.16,60.16,0.0886,0.005996,0.0,256
1,0,1,0,0,1,0,0,0,0,1,1,8,0,0,flower_cif.y4m,50.82,50.904,0.183112,0.007543,0.0,192
1,0,1,0,1,0,0,0,0,0,1,1,2,0,0,flower_cif.y4m,31.82,31.816,0.110136,0.007511,0.0,41
1,0,1,1,0,0,0,0,0,0,1,0,4,5,0,flower_cif.y4m,466.46,466.404,0.206954,0.007512,0.0,37
1,0,1,0,0,1,0,0,0,0,0,0,4,5,0,flower_cif.y4m,51.67,51.744,0.319421,0.007561,0.0,26
1,1,1,1,0,0,0,1,0,0,0,0,1,0,3,flower_cif.y4m,618.82,618.834,0.14775,0.005613,0.0,273
1,1,1,1,0,0,1,1,0,0,0,1,1,5,6,flower_cif.y4m,629.91,629.968,0.230911,0.005985,0.0,233
1,1,1,0,1,0,1,1,0,0,1,1,8,0,0,flower_cif.y4m,57.99,58.06,0.183167,0.005996,0.0,101
1,0,1,1,0,0,0,0,0,0,0,1,2,5,3,flower_cif.y4m,465.42,465.362,0.261668,0.007508,0.0,39
1,1,1,0,1,0,0,1,0,0,0,1,1,15,0,flower_cif.y4m,63.41,63.368,0.078549,0.005618,0.0,106
1,1,1,0,1,0,0,0,1,1,0,0,1,0,0,flower_cif.y4m,39.36,39.402,0.171523,0.005664,0.0,242
1,1,1,1,0,0,1,1,0,0,1,0,2,15,0,flower_cif.y4m,639.89,639.892,0.241599,0.005978,0.0,193
1,0,1,0,1,0,1,0,0,0,1,0,1,15,6,flower_cif.y4m,35.03,35.04,0.096177,0.006711,0.0,103
1,1,1,0,1,0,0,1,0,1,1,1,8,5,6,flower_cif.y4m,63.44,63.46,0.111355,0.005616,0.0,1
1,0,1,1,0,0,0,0,0,1,1,1,1,0,0,flower_cif.y4m,461.47,461.388,0.140784,0.007508,0.0,61
1,1,1,1,0,0,0,0,1,0,0,0,2,0,0,flower_cif.y4m,548.38,548.422,0.126174,0.00567,0.0,56
1,1,1,0,1,0,0,1,0,0,1,0,8,15,3,flower_cif.y4m,63.32,63.336,0.059833,0.005618,0.0,148
1,0,1,0,1,0,0,0,0,1,0,1,2,5,0,flower_cif.y4m,31.39,31.396,0.093434,0.007511,0.0,112
1,0,1,0,1,0,1,0,0,0,1,0,8,15,3,flower_cif.y4m,34.62,34.604,0.056833,0.006711,0.0,300
1,0,1,0,1,0,0,0,0,1,1,0,4,15,0,flower_cif.y4m,31.77,31.798,0.064576,0.007516,0.0,249
1,0,1,0,1,0,0,0,0,0,0,1,2,0,0,flower_cif.y4m,31.73,31.71,0.046904,0.007511,0.0,20
1,1,1,1,0,0,1,1,0,1,0,1,1,5,0,flower_cif.y4m,625.88,625.886,0.245112,0.005999,0.0,104
1,1,1,1,0,0,0,1,0,1,1,1,8,15,6,flower_cif.y4m,640.63,640.844,0.84589,0.005614,0.0,131
1,0,1,1,0,0,0,0,0,0,0,0,2,0,3,flower_cif.y4m,466.39,466.39,0.122066,0.007512,0.0,69
1,0,1,0,1,0,1,0,0,0,0,0,2,0,3,flower_cif.y4m,35.08,35.032,0.094181,0.006711,0.0,220
1,1,1,1,0,0,1,1,0,1,1,1,8,15,6,flower_cif.y4m,623.22,623.182,0.24682,0.005981,0.0,11
1,1,1,1,0,0,1,1,0,1,0,0,4,15,6,flower_cif.y4m,636.93,636.87,0.226605,0.005977,0.0,258
1,0,1,0,1,0,1,0,0,0,0,0,2,15,3,flower_cif.y4m,34.54,34.516,0.163187,0.006711,0.0,65
1,0,1,0,0,1,1,0,0,0,0,0,2,15,0,flower_cif.y4m,59.47,59.466,0.192951,0.00679,0.0,160
1,0,1,0,0,1,1,0,0,0,0,0,8,0,0,flower_cif.y4m,58.67,58.712,0.246921,0.00679,0.0,238
1,1,1,1,0,0,0,1,0,0,0,0,4,0,0,flower_cif.y4m,618.72,618.744,0.298044,0.005613,0.0,57
1,1,1,0,1,0,0,1,0,1,0,1,2,0,0,flower_cif.y4m,59.74,59.748,0.046583,0.005619,0.0,79
1,0,1,0,1,0,1,0,0,0,1,0,4,15,3,flower_cif.y4m,35.1,35.07,0.095131,0.006711,0.0,224
1,1,1,0,1,0,0,1,0,1,0,0,2,0,3,flower_cif.y4m,60.22,60.23,0.061644,0.005617,0.0,48
1,0,1,0,1,0,1,0,0,0,0,1,8,0,6,flower_cif.y4m,35.16,35.164,0.052249,0.006704,0.0,173
1,1,1,1,0,0,1,1,0,0,1,1,1,0,0,flower_cif.y4m,602.4,602.59,0.570701,0.005994,0.0,283
1,0,1,0,1,0,0,0,0,0,0,0,1,0,6,flower_cif.y4m,31.27,31.258,0.078549,0.007516,0.0,190
1,0,1,0,1,0,1,0,0,1,1,1,4,0,6,flower_cif.y4m,35.27,35.208,0.14481,0.006704,0.0,259
1,0,1,1,0,0,0,0,0,0,0,1,1,15,3,flower_cif.y4m,465.52,465.666,0.680022,0.007508,0.0,7
1,0,1,0,0,1,0,0,0,0,0,1,2,5,0,flower_cif.y4m,51.6,51.636,0.213143,0.007543,0.0,73
1,1,1,1,0,0,1,1,0,0,0,0,2,0,6,flower_cif.y4m,606.32,606.264,0.304844,0.00598,0.0,63
1,0,1,0,0,1,1,0,0,1,1,0,2,15,3,flower_cif.y4m,58.6,58.686,0.129538,0.00679,0.0,284
1,0,1,1,0,0,1,0,0,1,0,1,8,15,6,flower_cif.y4m,488.7,488.922,0.510363,0.00672,0.0,250
1,1,1,0,1,0,0,1,0,0,0,0,2,5,0,flower_cif.y4m,63.22,63.234,0.096073,0.005619,0.0,209
1,0,1,0,1,0,1,0,0,0,0,1,4,5,3,flower_cif.y4m,35.03,35.074,0.12973,0.006704,0.0,138
1,1,1,1,0,0,0,0,1,1,1,0,1,0,0,flower_cif.y4m,548.66,548.598,0.325837,0.00567,0.0,135
1,1,1,1,0,0,1,1,0,1,1,0,4,5,3,flower_cif.y4m,629.64,629.782,0.5545,0.005973,0.0,264
1,1,1,1,0,0,0,1,0,1,1,0,2,0,6,flower_cif.y4m,618.97,618.924,0.202929,0.005613,0.0,215
1,0,1,0,0,1,0,0,0,0,1,1,4,5,3,flower_cif.y4m,51.41,51.402,0.080747,0.007543,0.0,50
1,0,1,1,0,0,0,0,0,1,1,0,4,0,6,flower_cif.y4m,466.44,466.472,0.175129,0.007512,0.0,98
1,1,1,1,0,0,0,1,0,1,1,0,1,15,0,flower_cif.y4m,655.17,655.122,0.119666,0.005608,0.0,140
1,1,1,1,0,0,0,1,0,0,1,1,1,0,3,flower_cif.y4m,614.23,614.344,0.33231,0.00561,0.0,113
1,0,1,0,1,0,1,0,0,1,1,0,1,0,6,flower_cif.y4m,35.04,35.032,0.074967,0.006711,0.0,3
1,0,1,0,0,1,0,0,0,1,1,1,8,0,0,flower_cif.y4m,51.54,51.556,0.139032,0.007543,0.0,149
1,0,1,1,0,0,0,0,0,0,1,1,8,5,6,flower_cif.y4m,465.3,465.29,0.145086,0.007508,0.0,153
1,1,1,1,0,0,1,1,0,1,1,0,2,15,6,flower_cif.y4m,636.62,636.656,0.138311,0.005977,0.0,133
1,0,1,1,0,0,0,0,0,0,0,0,1,0,3,flower_cif.y4m,466.26,466.26,0.181521,0.007512,0.0,191
1,1,1,0,1,0,0,1,0,1,0,1,1,0,6,flower_cif.y4m,58.95,58.92,0.100499,0.005619,0.0,100
1,0,1,1,0,0,1,0,0,0,1,0,4,0,3,flower_cif.y4m,492.57,492.71,0.295381,0.006705,0.0,85
1,0,1,0,0,1,1,0,0,0,0,0,2,0,3,flower_cif.y4m,59.37,59.38,0.151987,0.00679,0.0,88
1,0,1,0,1,0,1,0,0,1,1,0,4,15,6,flower_cif.y4m,35.23,35.308,0.420737,0.006711,0.0,31
1,0,1,0,0,1,1,0,0,0,0,0,4,5,3,flower_cif.y4m,59.51,59.442,0.188468,0.00679,0.0,134
1,1,1,0,1,0,1,1,0,1,1,1,8,0,3,flower_cif.y4m,57.19,57.202,0.131415,0.005996,0.0,147
1,1,1,1,0,0,0,1,0,0,1,1,4,15,6,flower_cif.y4m,640.38,640.236,0.302787,0.005614,0.0,275
1,0,1,0,0,1,1,0,0,0,1,0,4,15,3,flower_cif.y4m,59.31,59.364,0.109225,0.00679,0.0,143
1,1,1,0,1,0,1,1,0,1,0,0,1,5,6,flower_cif.y4m,61.86,61.91,0.156045,0.005952,0.0,8
1,1,1,1,0,0,1,1,0,0,1,1,4,5,3,flower_cif.y4m,629.62,629.704,0.328375,0.005987,0.0,216
1,0,1,1,0,0,1,0,0,1,0,0,1,0,3,flower_cif.y4m,492.69,492.628,0.261954,0.006705,0.0,214
1,0,1,0,0,1,0,0,0,0,0,0,1,5,0,flower_cif.y4m,51.66,51.742,0.188335,0.007561,0.0,17
1,0,1,0,0,1,1,0,0,0,0,0,1,5,0,flower_cif.y4m,59.49,59.476,0.092358,0.00679,0.0,206
1,0,1,0,1,0,0,0,0,1,1,1,8,15,0,flower_cif.y4m,31.84,31.798,0.140071,0.007511,0.0,36
1,1,1,0,1,0,1,1,0,0,0,0,4,15,3,flower_cif.y4m,60.39,60.33,0.115542,0.005996,0.0,6
1,0,1,1,0,0,1,0,0,0,0,1,1,0,6,flower_cif.y4m,493.18,493.122,0.188202,0.00672,0.0,5
1,0,1,1,0,0,1,0,0,0,0,0,8,15,6,flower_cif.y4m,492.56,492.634,0.219727,0.006705,0.0,164
1,0,1,0,0,1,0,0,0,1,0,0,8,0,6,flower_cif.y4m,51.63,51.638,0.100846,0.007561,0.0,97
1,0,1,1,0,0,0,0,0,0,1,0,2,5,3,flower_cif.y4m,466.34,466.372,0.122963,0.007512,0.0,236
1,1,1,0,1,0,1,1,0,0,0,0,8,5,0,flower_cif.y4m,61.35,61.38,0.087464,0.00599,0.0,71
1,1,1,0,1,0,1,1,0,1,0,1,2,0,3,flower_cif.y4m,57.15,57.178,0.122352,0.005996,0.0,295
1,0,1,1,0,0,1,0,0,1,1,0,8,5,3,flower_cif.y4m,492.68,492.622,0.28578,0.006705,0.0,286
1,0,1,0,1,0,0,0,0,0,0,1,1,5,0,flower_cif.y4m,31.81,31.792,0.118195,0.007511,0.0,34
1,0,1,0,1,0,1,0,0,1,1,1,1,5,3,flower_cif.y4m,34.97,35.03,0.118322,0.006704,0.0,240
1,0,1,0,0,1,1,0,0,0,0,1,4,15,3,flower_cif.y4m,58.5,58.462,0.187136,0.006795,0.0,18
1,0,1,0,1,0,0,0,0,0,1,0,8,0,6,flower_cif.y4m,31.74,31.756,0.055045,0.007516,0.0,102
1,1,1,1,0,0,1,0,1,0,1,0,4,0,0,flower_cif.y4m,537.64,537.742,0.183358,0.005666,0.0,51
1,1,1,1,0,0,1,1,0,0,0,1,4,15,6,flower_cif.y4m,627.68,627.776,0.375007,0.005981,0.0,282
1,0,1,0,1,0,1,0,0,1,1,1,1,0,3,flower_cif.y4m,35.12,35.144,0.122597,0.006704,0.0,77
1,0,1,1,0,0,1,0,0,0,1,0,2,0,3,flower_cif.y4m,492.65,492.65,0.226605,0.006705,0.0,128
1,1,1,0,1,0,1,1,0,0,0,0,2,5,3,flower_cif.y4m,61.56,61.604,0.152742,0.00598,0.0,234
1,0,1,1,0,0,0,0,0,0,1,1,1,0,0,flower_cif.y4m,465.39,465.344,0.256768,0.007508,0.0,252
1,0,1,1,0,0,1,0,0,0,0,1,4,0,3,flower_cif.y4m,492.9,492.954,0.214429,0.00672,0.0,28
1,0,1,0,0,1,1,0,0,1,1,1,8,15,3,flower_cif.y4m,59.24,59.252,0.089275,0.006795,0.0,139
1,0,1,0,0,1,0,0,0,0,0,1,1,5,0,flower_cif.y4m,51.58,51.562,0.138636,0.007543,0.0,158
1,1,1,0,1,0,1,1,0,1,0,1,8,5,3,flower_cif.y4m,61.33,61.408,0.146867,0.005993,0.0,152
1,0,1,1,0,0,1,0,0,1,0,0,2,0,6,flower_cif.y4m,492.34,492.416,0.162111,0.006705,0.0,12
1,1,1,0,1,0,0,1,0,0,0,1,4,15,3,flower_cif.y4m,61.33,61.252,0.156429,0.005618,0.0,294
1,1,1,0,1,0,0,1,0,0,0,1,8,15,3,flower_cif.y4m,62.08,62.054,0.055045,0.005618,0.0,154
1,1,1,1,0,0,0,1,0,1,0,0,2,15,6,flower_cif.y4m,640.26,640.064,0.362395,0.005611,0.0,157
1,0,1,1,0,0,1,0,0,1,1,1,2,0,3,flower_cif.y4m,488.62,488.668,0.25014,0.00672,0.0,150
1,1,1,0,1,0,1,1,0,0,1,0,8,0,6,flower_cif.y4m,56.66,56.698,0.103779,0.005989,0.0,287
1,0,1,0,1,0,0,0,0,1,1,0,1,0,3,flower_cif.y4m,31.27,31.258,0.090111,0.007516,0.0,297
1,0,1,0,0,1,0,0,0,1,1,0,8,15,0,flower_cif.y4m,51.86,51.86,0.130192,0.007561,0.0,263
1,1,1,0,1,0,0,1,0,1,1,1,1,5,3,flower_cif.y4m,63.94,64.022,0.473308,0.005617,0.0,255
1,0,1,1,0,0,0,0,0,1,1,0,8,15,3,flower_cif.y4m,466.31,466.366,0.267077,0.007512,0.0,115
1,0,1,0,0,1,1,0,0,1,0,1,4,15,3,flower_cif.y4m,59.1,59.096,0.135757,0.006795,0.0,188
1,0,1,0,0,1,1,0,0,0,0,1,8,0,6,flower_cif.y4m,59.21,59.164,0.229085,0.006795,0.0,212
1,0,1,1,0,0,1,0,0,0,0,1,1,15,3,flower_cif.y4m,493.18,493.418,0.488692,0.00672,0.0,195
1,0,1,0,1,0,0,0,0,0,1,1,2,15,0,flower_cif.y4m,31.99,31.958,0.122963,0.007511,0.0,119
1,0,1,1,0,0,0,0,0,1,0,1,4,15,0,flower_cif.y4m,465.28,465.274,0.13813,0.007508,0.0,58
1,0,1,0,1,0,1,0,0,1,0,1,4,0,6,flower_cif.y4m,35.12,35.138,0.119248,0.006704,0.0,277
1,0,1,0,1,0,1,0,0,0,1,1,4,5,6,flower_cif.y4m,35.09,35.118,0.129885,0.006704,0.0,64
1,1,1,0,1,0,1,1,0,1,0,0,2,0,0,flower_cif.y4m,56.66,56.742,0.160219,0.005989,0.0,285
1,1,1,0,1,0,1,1,0,1,0,0,4,0,0,flower_cif.y4m,56.92,57.0,0.305369,0.005989,0.0,290
1,0,1,1,0,0,0,0,0,1,0,1,8,5,6,flower_cif.y4m,465.24,465.324,0.325622,0.007508,0.0,196
1,1,1,1,0,0,1,0,1,1,1,1,1,0,0,flower_cif.y4m,539.53,539.502,0.263287,0.005718,0.0,93
1,0,1,1,0,0,1,0,0,0,1,1,4,5,6,flower_cif.y4m,488.81,488.736,0.218586,0.00672,0.0,299
1,0,1,1,0,0,0,0,0,1,0,0,2,5,0,flower_cif.y4m,466.51,466.44,0.168077,0.007512,0.0,125
1,1,1,0,1,0,0,1,0,1,0,1,2,15,6,flower_cif.y4m,62.36,62.442,0.150067,0.005618,0.0,21
1,0,1,0,1,0,0,0,0,1,0,1,2,0,0,flower_cif.y4m,31.74,31.79,0.145258,0.007511,0.0,225
1,0,1,0,1,0,0,0,0,1,0,0,2,5,0,football_cif.y4m,29.27,29.306,0.399036,0.006308,0.0,114
1,1,1,1,0,0,0,0,1,0,0,1,1,0,0,football_cif.y4m,520.98,521.052,0.229499,0.005533,0.0,281
1,1,1,1,0,0,0,1,0,1,1,0,2,5,0,football_cif.y4m,677.31,676.348,15.208084,0.005771,0.0,49
1,0,1,0,0,1,1,0,0,0,0,0,2,15,6,football_cif.y4m,55.9,55.798,0.188335,0.006369,0.0,194
1,0,1,1,0,0,0,0,0,0,0,0,2,0,6,football_cif.y4m,451.09,453.164,5.768131,0.006247,0.0,62
1,1,1,0,1,0,0,1,0,1,1,1,1,15,3,football_cif.y4m,57.24,57.688,0.870385,0.00579,0.0,91
1,0,1,0,0,1,1,0,0,0,0,0,4,0,6,football_cif.y4m,57.43,56.946,0.912623,0.006369,0.0,107
1,0,1,1,0,0,1,0,0,0,0,1,4,5,3,football_cif.y4m,539.71,538.602,3.076877,0.006291,0.0,181
1,0,1,0,1,0,1,0,0,0,0,0,4,5,0,football_cif.y4m,34.12,34.132,0.123774,0.00628,0.0,247
1,0,1,1,0,0,0,0,0,1,1,0,4,5,3,football_cif.y4m,446.4,448.778,3.730023,0.006247,0.0,166
1,0,1,0,0,1,0,0,0,0,1,1,4,0,0,football_cif.y4m,48.72,49.024,0.756029,0.006353,0.0,25
1,1,1,0,1,0,0,1,0,0,0,1,8,0,6,football_cif.y4m,54.52,54.122,0.812847,0.00582,0.0,203
1,1,1,1,0,0,1,1,0,1,1,1,4,5,6,football_cif.y4m,666.79,668.004,1.731944,0.006046,0.0,219
1,0,1,0,0,1,0,0,0,0,0,0,4,15,0,football_cif.y4m,48.81,48.814,0.145362,0.006345,0.0,162
1,0,1,1,0,0,1,0,0,0,1,0,4,15,6,football_cif.y4m,497.78,509.108,15.612691,0.006282,0.0,182
1,0,1,0,0,1,0,0,0,1,1,0,1,15,6,football_cif.y4m,48.78,48.756,0.121573,0.006345,0.0,10
1,1,1,1,0,0,1,1,0,1,1,1,2,15,0,football_cif.y4m,667.94,667.918,0.427925,0.006038,0.0,14
1,1,1,1,0,0,0,1,0,0,0,1,1,0,6,football_cif.y4m,592.56,590.902,4.120184,0.005795,0.0,89
1,1,1,1,0,0,0,1,0,1,1,1,1,5,0,football_cif.y4m,647.84,652.484,7.065061,0.005795,0.0,116
1,0,1,1,0,0,0,0,0,0,1,1,4,15,3,football_cif.y4m,476.88,477.92,2.412892,0.006221,0.0,217
1,1,1,0,1,0,0,1,0,0,1,0,1,0,0,football_cif.y4m,53.85,53.9,0.301828,0.005803,0.0,75
1,1,1,0,1,0,0,1,0,1,1,1,2,15,6,football_cif.y4m,57.32,57.866,0.90434,0.00579,0.0,266
1,0,1,1,0,0,1,0,0,0,1,1,4,15,3,football_cif.y4m,503.9,503.078,1.957861,0.006291,0.0,268
1,0,1,0,1,0,1,0,0,1,1,1,4,15,3,football_cif.y4m,33.85,33.932,0.198545,0.006291,0.0,187
1,0,1,0,0,1,1,0,0,0,1,0,8,15,3,football_cif.y4m,56.3,56.934,1.317813,0.006369,0.0,161
1,0,1,0,1,0,1,0,0,0,1,0,2,0,6,football_cif.y4m,36.66,36.886,0.577824,0.00628,0.0,23
1,1,1,1,0,0,0,1,0,1,1,0,2,5,6,football_cif.y4m,653.98,652.154,3.003187,0.00575,0.0,2
1,1,1,1,0,0,1,0,1,1,0,1,2,0,0,football_cif.y4m,531.57,531.854,0.429104,0.00574,0.0,16
1,0,1,1,0,0,0,0,0,1,1,1,8,15,0,football_cif.y4m,444.97,444.94,0.089443,0.006221,0.0,262
1,1,1,1,0,0,0,1,0,1,1,0,4,5,0,football_cif.y4m,661.48,668.678,16.190597,0.005771,0.0,66
1,0,1,1,0,0,0,0,0,1,0,0,2,0,0,football_cif.y4m,448.02,453.368,9.706509,0.006247,0.0,86
1,0,1,0,1,0,1,0,0,0,1,0,2,5,6,football_cif.y4m,33.99,34.406,0.64574,0.00628,0.0,231
1,0,1,0,1,0,0,0,0,0,0,0,4,5,0,football_cif.y4m,29.22,29.292,0.365472,0.006308,0.0,269
1,1,1,0,1,0,1,1,0,0,1,0,1,5,0,football_cif.y4m,57.41,57.464,0.170088,0.006062,0.0,180
1,0,1,0,0,1,0,0,0,0,1,0,4,5,6,football_cif.y4m,48.84,48.81,0.090277,0.006345,0.0,274
1,1,1,1,0,0,0,1,0,1,1,0,2,15,6,football_cif.y4m,647.94,647.98,0.227046,0.005755,0.0,184
1,0,1,0,0,1,1,0,0,0,0,1,4,5,0,football_cif.y4m,56.08,56.16,0.150333,0.006368,0.0,118
1,1,1,1,0,0,0,1,0,0,0,0,1,0,6,football_cif.y4m,580.68,580.792,0.464026,0.005776,0.0,254
1,0,1,1,0,0,1,0,0,0,1,1,4,5,0,football_cif.y4m,503.65,503.504,1.823233,0.006291,0.0,208
1,0,1,0,0,1,1,0,0,1,1,0,4,5,6,football_cif.y4m,59.98,58.544,2.283841,0.006369,0.0,279
1,1,1,1,0,0,0,1,0,0,1,1,4,15,3,football_cif.y4m,648.46,652.15,5.875198,0.005779,0.0,229
1,0,1,0,0,1,1,0,0,1,1,1,1,0,0,football_cif.y4m,58.0,57.324,0.946113,0.006368,0.0,46
1,0,1,0,0,1,0,0,0,1,1,1,4,5,6,football_cif.y4m,50.29,49.686,0.980933,0.006353,0.0,171
1,1,1,1,0,0,0,1,0,0,1,0,2,5,0,football_cif.y4m,661.3,663.184,2.902194,0.005771,0.0,99
1,0,1,0,0,1,0,0,0,0,0,0,8,0,0,football_cif.y4m,48.79,49.09,0.651805,0.006345,0.0,81
1,1,1,1,0,0,1,1,0,1,0,1,8,5,0,football_cif.y4m,676.58,671.866,6.889795,0.006044,0.0,155
1,0,1,0,1,0,0,0,0,1,0,1,1,15,6,football_cif.y4m,29.03,29.074,0.13813,0.006236,0.0,96
1,1,1,1,0,0,0,1,0,1,1,1,8,0,0,football_cif.y4m,584.4,584.368,0.178802,0.005795,0.0,218
1,1,1,1,0,0,1,1,0,1,1,0,8,0,6,football_cif.y4m,595.44,598.334,4.200664,0.006038,0.0,53
1,1,1,0,1,0,1,0,1,0,0,0,2,0,0,football_cif.y4m,40.4,40.8,0.670187,0.005735,0.0,109
1,0,1,0,1,0,0,0,0,0,1,0,4,5,6,football_cif.y4m,29.11,29.286,0.51897,0.006308,0.0,185
1,1,1,1,0,0,0,1,0,0,1,1,2,0,0,football_cif.y4m,584.6,589.362,7.798873,0.005795,0.0,239
1,0,1,1,0,0,0,0,0,0,0,1,2,0,0,football_cif.y4m,476.93,478.636,2.440334,0.006221,0.0,276
1,0,1,1,0,0,1,0,0,0,0,1,4,0,6,football_cif.y4m,535.38,535.352,0.322056,0.006291,0.0,257
1,0,1,0,0,1,0,0,0,1,1,0,1,5,0,football_cif.y4m,48.76,49.054,0.591549,0.006345,0.0,42
1,1,1,0,1,0,1,1,0,0,0,0,2,15,3,football_cif.y4m,58.18,58.468,0.740317,0.006031,0.0,204
1,0,1,1,0,0,1,0,0,1,0,1,2,15,6,football_cif.y4m,512.25,507.674,7.238427,0.006291,0.0,145
1,0,1,0,1,0,0,0,0,0,0,0,2,0,3,football_cif.y4m,29.07,29.09,0.065955,0.006308,0.0,246
1,1,1,1,0,0,0,1,0,0,1,1,8,0,0,football_cif.y4m,584.59,585.386,1.680693,0.005795,0.0,202
1,1,1,0,1,0,0,1,0,1,0,0,2,5,3,football_cif.y4m,56.37,56.406,0.159468,0.00578,0.0,70
1,0,1,0,1,0,0,0,0,0,1,0,1,5,3,football_cif.y4m,29.18,29.19,0.047434,0.006308,0.0,230
1,0,1,0,1,0,1,0,0,0,0,0,4,15,6,football_cif.y4m,34.19,34.302,0.264896,0.00628,0.0,267
1,1,1,1,0,0,1,1,0,0,0,1,8,5,3,football_cif.y4m,714.12,714.182,0.216956,0.006046,0.0,146
1,0,1,0,1,0,1,0,0,0,0,1,2,15,0,football_cif.y4m,34.42,34.352,0.164225,0.006291,0.0,27
1,0,1,0,1,0,1,0,0,0,1,1,8,0,3,football_cif.y4m,34.91,34.998,0.68671,0.006291,0.0,137
1,1,1,1,0,0,0,1,0,0,1,1,2,15,0,football_cif.y4m,647.53,647.682,0.355204,0.005794,0.0,189
1,1,1,0,1,0,1,1,0,1,0,0,4,15,0,football_cif.y4m,57.43,57.484,0.298044,0.006057,0.0,132
1,1,1,1,0,0,0,0,1,1,0,1,8,0,0,football_cif.y4m,525.06,524.336,1.812093,0.005533,0.0,169
1,0,1,0,0,1,0,0,0,0,0,0,1,5,6,football_cif.y4m,49.37,49.264,0.514228,0.006345,0.0,33
1,0,1,1,0,0,0,0,0,0,1,1,8,15,0,football_cif.y4m,446.62,448.132,3.730237,0.006221,0.0,205
1,0,1,1,0,0,0,0,0,1,0,1,2,0,0,football_cif.y4m,470.77,461.092,14.523841,0.006221,0.0,245
1,1,1,0,1,0,1,1,0,0,1,1,1,15,0,football_cif.y4m,57.98,57.93,0.121037,0.006076,0.0,298
1,0,1,1,0,0,1,0,0,1,1,0,2,5,6,football_cif.y4m,497.94,507.226,12.856163,0.006282,0.0,163
1,1,1,1,0,0,0,1,0,0,0,0,1,5,0,football_cif.y4m,661.08,673.14,16.84148,0.005771,0.0,123
1,0,1,0,0,1,1,0,0,1,0,0,4,15,0,football_cif.y4m,56.76,56.72,0.157003,0.006369,0.0,4
1,0,1,0,0,1,1,0,0,1,1,0,8,5,6,football_cif.y4m,56.49,56.582,0.839923,0.006369,0.0,141
1,1,1,0,1,0,0,1,0,1,0,0,8,5,6,football_cif.y4m,56.88,56.72,0.25229,0.00578,0.0,129
1,1,1,0,1,0,1,1,0,1,1,0,4,5,3,football_cif.y4m,57.85,58.73,1.49047,0.006035,0.0,159
1,0,1,0,0,1,1,0,0,1,0,0,1,0,0,football_cif.y4m,55.81,56.526,1.109631,0.006369,0.0,22
1,0,1,0,0,1,0,0,0,1,0,1,2,0,6,football_cif.y4m,48.71,48.82,0.169263,0.006353,0.0,175
1,1,1,1,0,0,0,1,0,1,1,1,8,5,6,football_cif.y4m,648.22,648.434,0.606078,0.005774,0.0,151
1,1,1,0,1,0,0,1,0,0,1,0,2,5,0,football_cif.y4m,57.11,57.402,0.593271,0.005799,0.0,52
1,0,1,0,0,1,0,0,0,0,0,1,4,0,3,football_cif.y4m,50.16,49.676,0.824821,0.006353,0.0,108
1,0,1,0,1,0,1,0,0,0,0,1,8,15,0,football_cif.y4m,33.85,33.84,0.041833,0.006291,0.0,72
1,0,1,1,0,0,1,0,0,1,1,0,8,0,6,football_cif.y4m,497.9,498.72,1.962651,0.006282,0.0,248
1,1,1,1,0,0,1,1,0,1,1,0,8,5,6,football_cif.y4m,661.89,661.99,0.164924,0.006026,0.0,174
1,0,1,1,0,0,1,0,0,1,1,1,8,0,3,football_cif.y4m,505.17,505.358,0.375726,0.006291,0.0,130
1,1,1,0,1,0,1,1,0,1,1,1,8,15,0,football_cif.y4m,57.43,57.618,0.594365,0.006076,0.0,168
1,0,1,0,0,1,1,0,0,1,0,1,8,0,6,football_cif.y4m,56.36,56.768,0.791088,0.006368,0.0,198
1,0,1,0,0,1,1,0,0,1,1,0,1,0,3,football_cif.y4m,55.89,56.132,0.801386,0.006369,0.0,83
1,1,1,1,0,0,1,1,0,0,1,0,1,0,3,football_cif.y4m,595.65,595.884,0.74329,0.006038,0.0,291
1,0,1,0,1,0,0,0,0,1,1,0,1,0,6,football_cif.y4m,29.12,29.304,0.420868,0.006308,0.0,237
1,0,1,0,0,1,0,0,0,1,1,1,2,15,3,football_cif.y4m,49.0,49.014,0.064653,0.006353,0.0,90
1,1,1,1,0,0,1,1,0,0,0,1,1,15,0,football_cif.y4m,668.58,669.332,2.021725,0.006038,0.0,87
1,0,1,1,0,0,1,0,0,1,0,0,1,5,0,football_cif.y4m,497.97,498.004,0.276369,0.006282,0.0,74
1,0,1,0,0,1,0,0,0,1,0,0,2,0,3,football_cif.y4m,49.77,49.818,0.089275,0.006345,0.0,201
1,0,1,0,1,0,0,0,0,1,0,1,1,0,0,football_cif.y4m,29.01,29.18,0.432435,0.006236,0.0,183
1,0,1,1,0,0,0,0,0,0,0,0,4,0,6,football_cif.y4m,447.15,446.808,0.616295,0.006247,0.0,227
1,1,1,0,1,0,1,1,0,0,0,0,1,15,6,football_cif.y4m,58.07,58.056,0.308675,0.006031,0.0,222
1,0,1,0,0,1,0,0,0,0,1,0,8,0,6,football_cif.y4m,48.8,48.746,0.11371,0.006345,0.0,55
1,0,1,1,0,0,0,0,0,0,1,1,2,5,0,football_cif.y4m,458.58,453.36,7.524583,0.006221,0.0,142
1,0,1,1,0,0,1,0,0,1,0,1,1,5,6,football_cif.y4m,499.43,499.404,0.091815,0.006291,0.0,124
1,0,1,1,0,0,1,0,0,0,0,0,8,0,0,football_cif.y4m,503.68,503.566,0.259287,0.006282,0.0,95
1,0,1,1,0,0,1,0,0,1,0,0,2,15,0,football_cif.y4m,533.15,533.218,0.151228,0.006282,0.0,241
1,0,1,0,1,0,0,0,0,0,1,1,1,5,3,football_cif.y4m,28.94,28.982,0.135904,0.006236,0.0,289
1,0,1,1,0,0,1,0,0,1,1,0,1,5,0,football_cif.y4m,511.05,508.036,10.143184,0.006282,0.0,278
1,1,1,0,1,0,0,1,0,1,1,0,1,0,6,football_cif.y4m,54.81,54.094,1.017389,0.005803,0.0,176
1,0,1,0,0,1,1,0,0,0,1,0,8,5,0,football_cif.y4m,55.9,55.848,0.134425,0.006369,0.0,122
1,0,1,0,0,1,0,0,0,0,1,0,4,0,6,football_cif.y4m,49.83,49.7,0.467921,0.006345,0.0,30
1,1,1,0,1,0,0,1,0,0,0,0,2,0,6,football_cif.y4m,53.03,53.09,0.131339,0.005803,0.0,251
1,0,1,1,0,0,0,0,0,0,0,1,1,0,0,football_cif.y4m,445.49,455.938,14.632471,0.006221,0.0,120
1,0,1,1,0,0,0,0,0,0,0,1,2,15,6,football_cif.y4m,446.31,449.23,6.008353,0.006221,0.0,144
1,0,1,0,1,0,1,0,0,0,0,0,1,0,3,football_cif.y4m,34.15,34.414,0.381353,0.00628,0.0,265
1,1,1,0,1,0,0,1,0,0,1,0,2,0,6,football_cif.y4m,53.22,53.176,0.183385,0.005803,0.0,260
1,1,1,0,1,0,0,1,0,0,0,1,1,0,3,football_cif.y4m,53.24,53.232,0.18061,0.00582,0.0,78
1,0,1,0,1,0,0,0,0,0,1,1,8,15,3,football_cif.y4m,29.07,29.094,0.097108,0.006236,0.0,84
1,0,1,1,0,0,1,0,0,1,0,0,4,15,3,football_cif.y4m,501.1,501.398,0.953923,0.006282,0.0,296
1,0,1,0,0,1,0,0,0,0,0,1,2,5,6,football_cif.y4m,48.95,49.194,0.522905,0.006353,0.0,232
1,0,1,0,0,1,1,0,0,0,1,0,4,15,6,football_cif.y4m,59.76,60.474,1.024222,0.006369,0.0,213
1,1,1,0,1,0,0,1,0,0,1,1,8,15,3,football_cif.y4m,57.4,57.828,1.115424,0.00579,0.0,94
1,0,1,0,1,0,0,0,0,0,1,1,1,5,0,football_cif.y4m,29.41,29.662,0.871705,0.006236,0.0,178
1,0,1,1,0,0,1,0,0,1,0,0,4,0,0,football_cif.y4m,497.64,497.698,0.219135,0.006282,0.0,127
1,1,1,0,1,0,1,1,0,0,1,0,8,5,6,football_cif.y4m,57.71,58.346,1.612647,0.006035,0.0,111
1,0,1,0,1,0,0,0,0,0,0,1,1,0,6,football_cif.y4m,29.14,29.216,0.322614,0.006236,0.0,92
1,1,1,1,0,0,0,1,0,0,1,0,8,15,6,football_cif.y4m,648.17,648.15,0.128841,0.005755,0.0,54
1,0,1,0,0,1,0,0,0,0,0,1,2,15,0,football_cif.y4m,48.77,49.842,1.62067,0.006353,0.0,45
1,0,1,1,0,0,0,0,0,1,0,0,4,0,6,football_cif.y4m,447.06,449.824,4.727719,0.006247,0.0,226
1,1,1,1,0,0,1,1,0,1,0,0,8,5,0,football_cif.y4m,665.11,667.428,3.679317,0.006018,0.0,200
1,0,1,0,0,1,1,0,0,1,0,1,8,5,6,football_cif.y4m,56.14,56.42,0.404228,0.006368,0.0,59
1,1,1,0,1,0,1,0,1,0,0,1,2,0,0,football_cif.y4m,40.17,40.118,0.320109,0.005754,0.0,19
1,1,1,1,0,0,0,1,0,1,0,0,2,15,0,football_cif.y4m,660.56,662.706,5.201137,0.005762,0.0,47
1,1,1,0,1,0,1,1,0,0,0,1,4,5,6,football_cif.y4m,57.77,57.814,0.143805,0.006073,0.0,32
1,1,1,0,1,0,0,1,0,1,0,0,1,5,6,football_cif.y4m,56.96,57.026,0.57583,0.00578,0.0,170
1,0,1,0,0,1,0,0,0,1,1,0,1,15,0,football_cif.y4m,49.64,49.546,0.462796,0.006345,0.0,270
1,0,1,1,0,0,1,0,0,1,0,1,4,15,6,football_cif.y4m,505.76,506.974,7.787197,0.006291,0.0,207
1,1,1,0,1,0,0,1,0,1,1,1,1,5,6,football_cif.y4m,58.07,57.99,0.530094,0.005794,0.0,43
1,0,1,0,1,0,1,0,0,0,1,1,1,0,3,football_cif.y4m,34.2,34.33,0.364417,0.006291,0.0,40
1,1,1,0,1,0,0,1,0,0,1,1,1,5,3,football_cif.y4m,57.91,58.356,1.853329,0.005794,0.0,117
1,0,1,0,0,1,0,0,0,0,1,0,8,15,6,football_cif.y4m,48.89,48.866,0.141527,0.006345,0.0,253
1,0,1,1,0,0,0,0,0,1,0,0,1,15,3,football_cif.y4m,477.98,478.008,0.173407,0.006247,0.0,68
1,1,1,1,0,0,0,1,0,1,1,1,1,15,6,football_cif.y4m,694.35,694.358,0.308982,0.005779,0.0,186
1,1,1,0,1,0,1,1,0,0,0,1,8,15,3,football_cif.y4m,57.6,57.664,0.191128,0.00607,0.0,288
1,1,1,0,1,0,0,1,0,0,0,0,2,0,0,football_cif.y4m,53.18,53.17,0.162481,0.005803,0.0,15
1,0,1,1,0,0,0,0,0,0,1,1,2,15,3,football_cif.y4m,445.58,445.606,0.613335,0.006221,0.0,82
1,1,1,1,0,0,0,1,0,0,0,0,4,15,6,football_cif.y4m,648.35,648.738,1.189987,0.005755,0.0,211
1,0,1,0,1,0,1,0,0,1,1,1,8,15,6,football_cif.y4m,36.58,36.66,0.438121,0.006291,0.0,177
1,1,1,0,1,0,0,1,0,1,1,1,2,5,3,football_cif.y4m,61.25,61.444,0.606407,0.005794,0.0,210
1,0,1,1,0,0,0,0,0,1,1,1,2,0,3,football_cif.y4m,445.16,445.25,0.270555,0.006221,0.0,13
1,0,1,0,1,0,1,0,0,0,0,1,2,15,3,football_cif.y4m,33.86,33.876,0.119708,0.006291,0.0,228
1,0,1,0,1,0,1,0,0,1,1,0,4,5,3,football_cif.y4m,34.06,34.18,0.197231,0.00628,0.0,38
1,1,1,1,0,0,0,1,0,0,0,1,4,15,6,football_cif.y4m,666.88,663.244,8.383843,0.005779,0.0,29
1,1,1,1,0,0,1,0,1,1,0,0,8,0,0,football_cif.y4m,562.67,562.7,0.129228,0.005738,0.0,24
1,1,1,1,0,0,0,1,0,0,0,0,8,5,6,football_cif.y4m,648.99,648.95,0.362146,0.00575,0.0,293
1,1,1,1,0,0,0,1,0,0,1,0,2,5,6,football_cif.y4m,648.8,648.766,0.141527,0.00575,0.0,67
1,1,1,0,1,0,0,1,0,1,0,1,2,5,0,football_cif.y4m,57.27,57.806,0.929693,0.005819,0.0,199
1,0,1,0,0,1,1,0,0,1,1,0,8,15,3,football_cif.y4m,55.83,55.852,0.129306,0.006369,0.0,244
1,0,1,0,0,1,1,0,0,0,0,0,8,15,0,football_cif.y4m,56.3,56.608,0.696541,0.006369,0.0,80
1,1,1,1,0,0,1,1,0,1,1,1,2,0,3,football_cif.y4m,643.44,643.49,0.233238,0.006056,0.0,223
1,1,1,0,1,0,1,1,0,0,1,0,8,5,0,football_cif.y4m,57.66,57.622,0.118406,0.006062,0.0,121
1,0,1,1,0,0,1,0,0,0,0,0,8,5,3,football_cif.y4m,498.02,498.386,1.053698,0.006282,0.0,261
1,0,1,1,0,0,1,0,0,1,1,0,1,5,6,football_cif.y4m,497.89,498.074,0.416629,0.006282,0.0,156
1,1,1,1,0,0,0,1,0,0,1,0,4,15,3,football_cif.y4m,648.25,653.13,7.104594,0.005755,0.0,271
1,1,1,1,0,0,1,1,0,1,0,0,2,15,3,football_cif.y4m,671.37,671.438,0.291153,0.006011,0.0,9
1,1,1,1,0,0,1,1,0,1,0,1,1,0,0,football_cif.y4m,600.89,600.824,0.71192,0.006056,0.0,165
1,0,1,0,0,1,1,0,0,1,0,0,1,15,6,football_cif.y4m,55.96,55.952,0.085264,0.006369,0.0,126
1,0,1,1,0,0,1,0,0,1,1,1,8,5,0,football_cif.y4m,503.66,502.998,2.006457,0.006291,0.0,280
1,0,1,1,0,0,0,0,0,1,1,0,2,5,3,football_cif.y4m,446.14,446.924,1.846681,0.006247,0.0,172
1,0,1,0,1,0,1,0,0,0,0,0,1,15,6,football_cif.y4m,34.01,34.06,0.151493,0.00628,0.0,292
1,0,1,0,0,1,0,0,0,1,0,1,1,0,3,football_cif.y4m,50.32,50.028,0.801729,0.006353,0.0,179
1,0,1,0,0,1,1,0,0,1,0,1,2,0,3,football_cif.y4m,60.41,60.85,0.891431,0.006368,0.0,272
1,0,1,0,0,1,1,0,0,0,1,0,4,5,0,football_cif.y4m,57.42,56.986,0.860947,0.006369,0.0,105
1,0,1,0,1,0,0,0,0,0,0,0,1,0,3,football_cif.y4m,29.04,29.094,0.184608,0.006308,0.0,76
1,0,1,1,0,0,1,0,0,0,1,0,4,15,3,football_cif.y4m,503.4,503.502,0.32553,0.006282,0.0,197
1,1,1,1,0,0,1,1,0,0,1,0,1,15,0,football_cif.y4m,669.28,669.256,0.230282,0.006017,0.0,221
1,1,1,1,0,0,1,1,0,0,1,0,8,15,6,football_cif.y4m,664.62,669.77,8.917915,0.006011,0.0,167
1,1,1,0,1,0,0,1,0,1,0,1,4,15,6,football_cif.y4m,61.17,61.486,0.619581,0.00579,0.0,136
1,1,1,1,0,0,0,1,0,1,0,1,8,15,6,football_cif.y4m,665.58,665.728,0.856107,0.005779,0.0,243
1,0,1,0,1,0,0,0,0,1,0,1,8,15,6,football_cif.y4m,29.38,29.278,0.163921,0.006236,0.0,60
1,0,1,1,0,0,0,0,0,1,0,1,2,0,6,football_cif.y4m,477.35,478.806,2.313478,0.006221,0.0,110
1,1,1,1,0,0,1,1,0,1,0,0,1,15,6,football_cif.y4m,664.27,664.276,0.313496,0.006011,0.0,35
1,0,1,1,0,0,1,0,0,0,1,1,2,5,6,football_cif.y4m,503.77,502.982,1.806176,0.006291,0.0,235
1,0,1,1,0,0,0,0,0,1,0,0,1,0,3,football_cif.y4m,447.49,448.078,1.634463,0.006247,0.0,44
1,1,1,0,1,0,1,1,0,0,1,0,4,15,3,football_cif.y4m,57.85,57.896,0.10015,0.006031,0.0,256
1,0,1,0,0,1,0,0,0,0,1,1,8,0,0,football_cif.y4m,49.42,49.432,0.146014,0.006353,0.0,192
1,0,1,0,1,0,0,0,0,0,1,1,2,0,0,football_cif.y4m,29.24,29.292,0.178101,0.006236,0.0,41
1,0,1,1,0,0,0,0,0,0,1,0,4,5,0,football_cif.y4m,446.19,456.116,13.691162,0.006247,0.0,37
1,0,1,0,0,1,0,0,0,0,0,0,4,5,0,football_cif.y4m,49.22,49.278,0.455708,0.006345,0.0,26
1,1,1,1,0,0,0,1,0,0,0,0,1,0,3,football_cif.y4m,580.6,581.712,2.37422,0.005776,0.0,273
1,1,1,1,0,0,1,1,0,0,0,1,1,5,6,football_cif.y4m,667.15,667.12,0.539907,0.006046,0.0,233
1,1,1,0,1,0,1,1,0,0,1,1,8,0,0,football_cif.y4m,57.94,57.902,0.097826,0.006076,0.0,101
1,0,1,1,0,0,0,0,0,0,0,1,2,5,3,football_cif.y4m,476.88,476.862,0.103053,0.006221,0.0,39
1,1,1,0,1,0,0,1,0,0,0,1,1,15,0,football_cif.y4m,61.67,61.928,0.731621,0.005806,0.0,106
1,1,1,0,1,0,0,0,1,1,0,0,1,0,0,football_cif.y4m,39.45,39.4,0.132098,0.005534,0.0,242
1,1,1,1,0,0,1,1,0,0,1,0,2,15,0,football_cif.y4m,661.83,662.024,0.410402,0.006017,0.0,193
1,0,1,0,1,0,1,0,0,0,1,0,1,15,6,football_cif.y4m,34.13,34.41,0.518363,0.00628,0.0,103
1,1,1,0,1,0,0,1,0,1,1,1,8,5,6,football_cif.y4m,61.16,59.774,2.252838,0.005794,0.0,1
1,0,1,1,0,0,0,0,0,1,1,1,1,0,0,football_cif.y4m,445.64,445.71,0.167033,0.006221,0.0,61
1,1,1,1,0,0,0,0,1,0,0,0,2,0,0,football_cif.y4m,515.49,515.646,0.323466,0.005528,0.0,56
1,1,1,0,1,0,0,1,0,0,1,0,8,15,3,football_cif.y4m,56.34,56.358,0.13755,0.005784,0.0,148
1,0,1,0,1,0,0,0,0,1,0,1,2,5,0,football_cif.y4m,29.33,29.376,0.182291,0.006236,0.0,112
1,0,1,0,1,0,1,0,0,0,1,0,8,15,3,football_cif.y4m,36.51,36.474,0.119499,0.00628,0.0,300
1,0,1,0,1,0,0,0,0,1,1,0,4,15,0,football_cif.y4m,29.17,29.16,0.073485,0.006308,0.0,249
1,0,1,0,1,0,0,0,0,0,0,1,2,0,0,football_cif.y4m,31.61,31.524,0.422824,0.006236,0.0,20
1,1,1,1,0,0,1,1,0,1,0,1,1,5,0,football_cif.y4m,711.76,711.964,0.428171,0.006044,0.0,104
1,1,1,1,0,0,0,1,0,1,1,1,8,15,6,football_cif.y4m,660.13,656.708,5.486918,0.005779,0.0,131
1,0,1,1,0,0,0,0,0,0,0,0,2,0,3,football_cif.y4m,451.07,452.494,6.520206,0.006247,0.0,69
1,0,1,0,1,0,1,0,0,0,0,0,2,0,3,football_cif.y4m,34.61,34.588,0.083487,0.00628,0.0,220
1,1,1,1,0,0,1,1,0,1,1,1,8,15,6,football_cif.y4m,664.28,664.48,0.64765,0.006053,0.0,11
1,1,1,1,0,0,1,1,0,1,0,0,4,15,6,football_cif.y4m,671.64,671.68,0.319609,0.006011,0.0,258
1,0,1,0,1,0,1,0,0,0,0,0,2,15,3,football_cif.y4m,36.63,36.614,0.166523,0.00628,0.0,65
1,0,1,0,0,1,1,0,0,0,0,0,2,15,0,football_cif.y4m,56.09,56.016,0.123207,0.006369,0.0,160
1,0,1,0,0,1,1,0,0,0,0,0,8,0,0,football_cif.y4m,56.99,57.086,1.376964,0.006369,0.0,238
1,1,1,1,0,0,0,1,0,0,0,0,4,0,0,football_cif.y4m,587.53,587.654,0.624604,0.005776,0.0,57
1,1,1,0,1,0,0,1,0,1,0,1,2,0,0,football_cif.y4m,53.33,53.496,0.397026,0.00582,0.0,79
1,0,1,0,1,0,1,0,0,0,1,0,4,15,3,football_cif.y4m,34.07,34.19,0.224611,0.00628,0.0,224
1,1,1,0,1,0,0,1,0,1,0,0,2,0,3,football_cif.y4m,54.16,53.784,0.642791,0.005803,0.0,48
1,0,1,0,1,0,1,0,0,0,0,1,8,0,6,football_cif.y4m,34.01,34.152,0.511537,0.006291,0.0,173
1,1,1,1,0,0,1,1,0,0,1,1,1,0,0,football_cif.y4m,600.23,600.208,0.296091,0.006056,0.0,283
1,0,1,0,1,0,0,0,0,0,0,0,1,0,6,football_cif.y4m,29.89,29.556,0.522044,0.006308,0.0,190
1,0,1,0,1,0,1,0,0,1,1,1,4,0,6,football_cif.y4m,33.88,33.942,0.138456,0.006291,0.0,259
1,0,1,1,0,0,0,0,0,0,0,1,1,15,3,football_cif.y4m,445.14,445.17,0.196977,0.006221,0.0,7
1,0,1,0,0,1,0,0,0,0,0,1,2,5,0,football_cif.y4m,48.72,48.834,0.343409,0.006353,0.0,73
1,1,1,1,0,0,1,1,0,0,0,0,2,0,6,football_cif.y4m,637.74,638.538,1.881933,0.006038,0.0,63
1,0,1,0,0,1,1,0,0,1,1,0,2,15,3,football_cif.y4m,55.85,55.848,0.137186,0.006369,0.0,284
1,0,1,1,0,0,1,0,0,1,0,1,8,15,6,football_cif.y4m,499.63,499.776,0.418426,0.006291,0.0,250
1,1,1,0,1,0,0,1,0,0,0,0,2,5,0,football_cif.y4m,57.05,57.74,1.682602,0.005799,0.0,209
1,0,1,0,1,0,1,0,0,0,0,1,4,5,3,football_cif.y4m,34.03,34.014,0.122188,0.006291,0.0,138
1,1,1,1,0,0,0,0,1,1,1,0,1,0,0,football_cif.y4m,516.22,517.464,2.19108,0.005528,0.0,135
1,1,1,1,0,0,1,1,0,1,1,0,4,5,3,football_cif.y4m,662.09,662.084,0.209356,0.006026,0.0,264
1,1,1,1,0,0,0,1,0,1,1,0,2,0,6,football_cif.y4m,580.8,580.742,0.258786,0.005776,0.0,215
1,0,1,0,0,1,0,0,0,0,1,1,4,5,3,football_cif.y4m,48.98,49.392,0.761426,0.006353,0.0,50
1,0,1,1,0,0,0,0,0,1,1,0,4,0,6,football_cif.y4m,446.28,446.328,0.219021,0.006247,0.0,98
1,1,1,1,0,0,0,1,0,1,1,0,1,15,0,football_cif.y4m,707.51,707.57,0.243824,0.005762,0.0,140
1,1,1,1,0,0,0,1,0,0,1,1,1,0,3,football_cif.y4m,584.33,585.966,3.728851,0.005795,0.0,113
1,0,1,0,1,0,1,0,0,1,1,0,1,0,6,football_cif.y4m,34.67,34.592,0.443137,0.00628,0.0,3
1,0,1,0,0,1,0,0,0,1,1,1,8,0,0,football_cif.y4m,48.77,48.728,0.194859,0.006353,0.0,149
1,0,1,1,0,0,0,0,0,0,1,1,8,5,6,football_cif.y4m,445.14,445.336,0.417768,0.006221,0.0,153
1,1,1,1,0,0,1,1,0,1,1,0,2,15,6,football_cif.y4m,664.23,666.064,2.626781,0.006011,0.0,133
1,0,1,1,0,0,0,0,0,0,0,0,1,0,3,football_cif.y4m,452.26,452.21,4.13675,0.006247,0.0,191
1,1,1,0,1,0,0,1,0,1,0,1,1,0,6,football_cif.y4m,53.24,53.268,0.183766,0.00582,0.0,100
1,0,1,1,0,0,1,0,0,0,1,0,4,0,3,football_cif.y4m,498.02,498.362,1.102143,0.006282,0.0,85
1,0,1,0,0,1,1,0,0,0,0,0,2,0,3,football_cif.y4m,56.65,56.676,0.184878,0.006369,0.0,88
1,0,1,0,1,0,1,0,0,1,1,0,4,15,6,football_cif.y4m,34.23,34.21,0.116619,0.00628,0.0,31
1,0,1,0,0,1,1,0,0,0,0,0,4,5,3,football_cif.y4m,56.64,56.63,0.455082,0.006369,0.0,134
1,1,1,0,1,0,1,1,0,1,1,1,8,0,3,football_cif.y4m,54.38,55.114,1.781903,0.006076,0.0,147
1,1,1,1,0,0,0,1,0,0,1,1,4,15,6,football_cif.y4m,648.68,654.274,8.824658,0.005779,0.0,275
1,0,1,0,0,1,1,0,0,0,1,0,4,15,3,football_cif.y4m,55.91,57.364,2.023124,0.006369,0.0,143
1,1,1,0,1,0,1,1,0,1,0,0,1,5,6,football_cif.y4m,57.57,57.752,0.421746,0.006035,0.0,8
1,1,1,1,0,0,1,1,0,0,1,1,4,5,3,football_cif.y4m,666.92,673.844,9.635929,0.006046,0.0,216
1,0,1,1,0,0,1,0,0,1,0,0,1,0,3,football_cif.y4m,510.31,507.314,6.049821,0.006282,0.0,214
1,0,1,0,0,1,0,0,0,0,0,0,1,5,0,football_cif.y4m,49.27,49.08,0.342856,0.006345,0.0,17
1,0,1,0,0,1,1,0,0,0,0,0,1,5,0,football_cif.y4m,56.88,56.806,0.398158,0.006369,0.0,206
1,0,1,0,1,0,0,0,0,1,1,1,8,15,0,football_cif.y4m,29.15,29.202,0.210642,0.006236,0.0,36
1,1,1,0,1,0,1,1,0,0,0,0,4,15,3,football_cif.y4m,57.88,57.912,0.221743,0.006031,0.0,6
1,0,1,1,0,0,1,0,0,0,0,1,1,0,6,football_cif.y4m,503.58,502.24,2.338408,0.006291,0.0,5
1,0,1,1,0,0,1,0,0,0,0,0,8,15,6,football_cif.y4m,497.77,497.74,0.116404,0.006282,0.0,164
1,0,1,0,0,1,0,0,0,1,0,0,8,0,6,football_cif.y4m,48.85,49.31,0.825106,0.006345,0.0,97
1,0,1,1,0,0,0,0,0,0,1,0,2,5,3,football_cif.y4m,448.22,448.17,1.509503,0.006247,0.0,236
1,1,1,0,1,0,1,1,0,0,0,0,8,5,0,football_cif.y4m,58.34,58.34,0.084853,0.006062,0.0,71
1,1,1,0,1,0,1,1,0,1,0,1,2,0,3,football_cif.y4m,54.73,54.772,0.084083,0.006076,0.0,295
1,0,1,1,0,0,1,0,0,1,1,0,8,5,3,football_cif.y4m,497.76,498.214,1.256992,0.006282,0.0,286
1,0,1,0,1,0,0,0,0,0,0,1,1,5,0,football_cif.y4m,29.22,29.276,0.193985,0.006236,0.0,34
1,0,1,0,1,0,1,0,0,1,1,1,1,5,3,football_cif.y4m,34.94,34.726,0.505698,0.006291,0.0,240
1,0,1,0,0,1,1,0,0,0,0,1,4,15,3,football_cif.y4m,57.52,57.386,0.806647,0.006368,0.0,18
1,0,1,0,1,0,0,0,0,0,1,0,8,0,6,football_cif.y4m,29.15,29.292,0.354217,0.006308,0.0,102
1,1,1,1,0,0,1,0,1,0,1,0,4,0,0,football_cif.y4m,528.82,527.62,1.871216,0.005738,0.0,51
1,1,1,1,0,0,1,1,0,0,0,1,4,15,6,football_cif.y4m,664.15,664.224,0.599066,0.006053,0.0,282
1,0,1,0,1,0,1,0,0,1,1,1,1,0,3,football_cif.y4m,33.9,34.072,0.413364,0.006291,0.0,77
1,0,1,1,0,0,1,0,0,0,1,0,2,0,3,football_cif.y4m,497.84,497.842,0.107564,0.006282,0.0,128
1,1,1,0,1,0,1,1,0,0,0,0,2,5,3,football_cif.y4m,60.0,59.086,1.358116,0.006035,0.0,234
1,0,1,1,0,0,0,0,0,0,1,1,1,0,0,football_cif.y4m,445.37,454.282,12.459421,0.006221,0.0,252
1,0,1,1,0,0,1,0,0,0,0,1,4,0,3,football_cif.y4m,503.7,502.03,2.310693,0.006291,0.0,28
1,0,1,0,0,1,1,0,0,1,1,1,8,15,3,football_cif.y4m,56.17,56.414,0.838827,0.006368,0.0,139
1,0,1,0,0,1,0,0,0,0,0,1,1,5,0,football_cif.y4m,48.61,48.714,0.188759,0.006353,0.0,158
1,1,1,0,1,0,1,1,0,1,0,1,8,5,3,football_cif.y4m,57.78,58.47,1.027935,0.006073,0.0,152
1,0,1,1,0,0,1,0,0,1,0,0,2,0,6,football_cif.y4m,497.78,499.932,4.997957,0.006282,0.0,12
1,1,1,0,1,0,0,1,0,0,0,1,4,15,3,football_cif.y4m,61.25,61.224,0.142056,0.00579,0.0,294
1,1,1,0,1,0,0,1,0,0,0,1,8,15,3,football_cif.y4m,57.14,57.208,0.208014,0.00579,0.0,154
1,1,1,1,0,0,0,1,0,1,0,0,2,15,6,football_cif.y4m,655.38,655.296,0.145705,0.005755,0.0,157
1,0,1,1,0,0,1,0,0,1,1,1,2,0,3,football_cif.y4m,499.68,499.596,0.262831,0.006291,0.0,150
1,1,1,0,1,0,1,1,0,0,1,0,8,0,6,football_cif.y4m,57.76,57.7,0.137295,0.006051,0.0,287
1,0,1,0,1,0,0,0,0,1,1,0,1,0,3,football_cif.y4m,31.17,31.138,0.102323,0.006308,0.0,297
1,0,1,0,0,1,0,0,0,1,1,0,8,15,0,football_cif.y4m,49.73,49.594,0.494601,0.006345,0.0,263
1,1,1,0,1,0,0,1,0,1,1,1,1,5,3,football_cif.y4m,57.15,57.138,0.114324,0.005794,0.0,255
1,0,1,1,0,0,0,0,0,1,1,0,8,15,3,football_cif.y4m,448.96,448.32,1.778764,0.006247,0.0,115
1,0,1,0,0,1,1,0,0,1,0,1,4,15,3,football_cif.y4m,56.34,56.956,1.039534,0.006368,0.0,188
1,0,1,0,0,1,1,0,0,0,0,1,8,0,6,football_cif.y4m,56.12,56.184,0.140819,0.006368,0.0,212
1,0,1,1,0,0,1,0,0,0,0,1,1,15,3,football_cif.y4m,499.49,499.566,0.295432,0.006291,0.0,195
1,0,1,0,1,0,0,0,0,0,1,1,2,15,0,football_cif.y4m,29.04,29.052,0.051672,0.006236,0.0,119
1,0,1,1,0,0,0,0,0,1,0,1,4,15,0,football_cif.y4m,445.03,445.07,0.176777,0.006221,0.0,58
1,0,1,0,1,0,1,0,0,1,0,1,4,0,6,football_cif.y4m,33.92,33.936,0.162265,0.006291,0.0,277
1,0,1,0,1,0,1,0,0,0,1,1,4,5,6,football_cif.y4m,34.06,34.788,1.152289,0.006291,0.0,64
1,1,1,0,1,0,1,1,0,1,0,0,2,0,0,football_cif.y4m,53.94,53.866,0.125419,0.006051,0.0,285
1,1,1,0,1,0,1,1,0,1,0,0,4,0,0,football_cif.y4m,57.78,57.684,0.158524,0.006051,0.0,290
1,0,1,1,0,0,0,0,0,1,0,1,8,5,6,football_cif.y4m,445.44,449.882,6.525969,0.006221,0.0,196
1,1,1,1,0,0,1,0,1,1,1,1,1,0,0,football_cif.y4m,535.54,534.268,2.288639,0.00574,0.0,93
1,0,1,1,0,0,1,0,0,0,1,1,4,5,6,football_cif.y4m,499.51,499.48,0.14543,0.006291,0.0,299
1,0,1,1,0,0,0,0,0,1,0,0,2,5,0,football_cif.y4m,446.25,446.562,0.843724,0.006247,0.0,125
1,1,1,0,1,0,0,1,0,1,0,1,2,15,6,football_cif.y4m,57.4,57.52,0.405709,0.00579,0.0,21
1,0,1,0,1,0,0,0,0,1,0,1,2,0,0,football_cif.y4m,28.97,29.19,0.447828,0.006236,0.0,225
1,0,1,0,1,0,0,0,0,1,0,0,2,5,0,foreman_cif.y4m,25.51,25.55,0.100747,0.00515,0.0,114
1,1,1,1,0,0,0,0,1,0,0,1,1,0,0,foreman_cif.y4m,535.62,535.776,0.267357,0.004896,0.0,281
1,1,1,1,0,0,0,1,0,1,1,0,2,5,0,foreman_cif.y4m,604.14,604.17,0.298496,0.005006,0.0,49
1,0,1,0,0,1,1,0,0,0,0,0,2,15,6,foreman_cif.y4m,58.31,58.374,0.169499,0.005095,0.0,194
1,0,1,1,0,0,0,0,0,0,0,0,2,0,6,foreman_cif.y4m,472.31,472.202,0.318072,0.005107,0.0,62
1,1,1,0,1,0,0,1,0,1,1,1,1,15,3,foreman_cif.y4m,39.2,39.236,0.094234,0.005153,0.0,91
1,0,1,0,0,1,1,0,0,0,0,0,4,0,6,foreman_cif.y4m,58.88,58.952,0.15928,0.005095,0.0,107
1,0,1,1,0,0,1,0,0,0,0,1,4,5,3,foreman_cif.y4m,516.23,516.24,0.200375,0.005084,0.0,181
1,0,1,0,1,0,1,0,0,0,0,0,4,5,0,foreman_cif.y4m,30.12,30.106,0.108074,0.005092,0.0,247
1,0,1,1,0,0,0,0,0,1,1,0,4,5,3,foreman_cif.y4m,472.27,472.234,0.150765,0.005107,0.0,166
1,0,1,0,0,1,0,0,0,0,1,1,4,0,0,foreman_cif.y4m,51.63,51.712,0.179221,0.005116,0.0,25
1,1,1,0,1,0,0,1,0,0,0,1,8,0,6,foreman_cif.y4m,39.86,39.834,0.08735,0.0051,0.0,203
1,1,1,1,0,0,1,1,0,1,1,1,4,5,6,foreman_cif.y4m,597.95,597.918,0.282524,0.005441,0.0,219
1,0,1,0,0,1,0,0,0,0,0,0,4,15,0,foreman_cif.y4m,51.84,51.854,0.055045,0.00511,0.0,162
1,0,1,1,0,0,1,0,0,0,1,0,4,15,6,foreman_cif.y4m,515.98,516.074,0.239541,0.005083,0.0,182
1,0,1,0,0,1,0,0,0,1,1,0,1,15,6,foreman_cif.y4m,51.39,51.34,0.170587,0.00511,0.0,10
1,1,1,1,0,0,1,1,0,1,1,1,2,15,0,foreman_cif.y4m,606.32,606.558,0.686455,0.005516,0.0,14
1,1,1,1,0,0,0,1,0,0,0,1,1,0,6,foreman_cif.y4m,569.05,569.008,0.316259,0.005026,0.0,89
1,1,1,1,0,0,0,1,0,1,1,1,1,5,0,foreman_cif.y4m,604.58,604.656,0.433855,0.005013,0.0,116
1,0,1,1,0,0,0,0,0,0,1,1,4,15,3,foreman_cif.y4m,471.5,471.574,0.274918,0.005107,0.0,217
1,1,1,0,1,0,0,1,0,0,1,0,1,0,0,foreman_cif.y4m,39.73,39.668,0.132552,0.005078,0.0,75
1,1,1,0,1,0,0,1,0,1,1,1,2,15,6,foreman_cif.y4m,39.76,39.756,0.126807,0.005104,0.0,266
1,0,1,1,0,0,1,0,0,0,1,1,4,15,3,foreman_cif.y4m,516.36,516.432,0.219249,0.005084,0.0,268
1,0,1,0,1,0,1,0,0,1,1,1,4,15,3,foreman_cif.y4m,30.01,30.006,0.047749,0.005088,0.0,187
1,0,1,0,0,1,1,0,0,0,1,0,8,15,3,foreman_cif.y4m,58.41,58.458,0.173407,0.005095,0.0,161
1,0,1,0,1,0,1,0,0,0,1,0,2,0,6,foreman_cif.y4m,29.76,29.794,0.109453,0.005092,0.0,23
1,1,1,1,0,0,0,1,0,1,1,0,2,5,6,foreman_cif.y4m,605.03,605.112,0.444994,0.005075,0.0,2
1,1,1,1,0,0,1,0,1,1,0,1,2,0,0,foreman_cif.y4m,532.88,532.944,0.137405,0.005116,0.0,16
1,0,1,1,0,0,0,0,0,1,1,1,8,15,0,foreman_cif.y4m,471.88,471.896,0.124419,0.005107,0.0,262
1,1,1,1,0,0,0,1,0,1,1,0,4,5,0,foreman_cif.y4m,604.24,604.278,0.176975,0.005006,0.0,66
1,0,1,1,0,0,0,0,0,1,0,0,2,0,0,foreman_cif.y4m,472.2,472.368,0.55441,0.005107,0.0,86
1,0,1,0,1,0,1,0,0,0,1,0,2,5,6,foreman_cif.y4m,30.18,30.198,0.078549,0.005092,0.0,231
1,0,1,0,1,0,0,0,0,0,0,0,4,5,0,foreman_cif.y4m,25.59,25.716,0.244499,0.00515,0.0,269
1,1,1,0,1,0,1,1,0,0,1,0,1,5,0,foreman_cif.y4m,38.77,38.77,0.069642,0.005559,0.0,180
1,0,1,0,0,1,0,0,0,0,1,0,4,5,6,foreman_cif.y4m,51.98,51.934,0.157892,0.00511,0.0,274
1,1,1,1,0,0,0,1,0,1,1,0,2,15,6,foreman_cif.y4m,622.0,622.0,0.270278,0.005036,0.0,184
1,0,1,0,0,1,1,0,0,0,0,1,4,5,0,foreman_cif.y4m,58.89,58.948,0.100598,0.005102,0.0,118
1,1,1,1,0,0,0,1,0,0,0,0,1,0,6,foreman_cif.y4m,568.88,568.984,0.374139,0.005009,0.0,254
1,0,1,1,0,0,1,0,0,0,1,1,4,5,0,foreman_cif.y4m,516.46,516.422,0.370972,0.005084,0.0,208
1,0,1,0,0,1,1,0,0,1,1,0,4,5,6,foreman_cif.y4m,59.01,59.082,0.30882,0.005095,0.0,279
1,1,1,1,0,0,0,1,0,0,1,1,4,15,3,foreman_cif.y4m,606.53,606.59,0.212132,0.0051,0.0,229
1,0,1,0,0,1,1,0,0,1,1,1,1,0,0,foreman_cif.y4m,58.88,58.956,0.200075,0.005102,0.0,46
1,0,1,0,0,1,0,0,0,1,1,1,4,5,6,foreman_cif.y4m,51.77,51.72,0.135831,0.005116,0.0,171
1,1,1,1,0,0,0,1,0,0,1,0,2,5,0,foreman_cif.y4m,599.54,599.558,0.340176,0.005006,0.0,99
1,0,1,0,0,1,0,0,0,0,0,0,8,0,0,foreman_cif.y4m,51.96,51.93,0.16,0.00511,0.0,81
1,1,1,1,0,0,1,1,0,1,0,1,8,5,0,foreman_cif.y4m,599.76,599.664,0.379513,0.005548,0.0,155
1,0,1,0,1,0,0,0,0,1,0,1,1,15,6,foreman_cif.y4m,25.21,25.214,0.089889,0.005115,0.0,96
1,1,1,1,0,0,0,1,0,1,1,1,8,0,0,foreman_cif.y4m,573.23,573.254,0.271256,0.005026,0.0,218
1,1,1,1,0,0,1,1,0,1,1,0,8,0,6,foreman_cif.y4m,565.18,565.256,0.558059,0.005547,0.0,53
1,1,1,0,1,0,1,0,1,0,0,0,2,0,0,foreman_cif.y4m,30.95,30.998,0.109407,0.005141,0.0,109
1,0,1,0,1,0,0,0,0,0,1,0,4,5,6,foreman_cif.y4m,25.57,25.568,0.066483,0.00515,0.0,185
1,1,1,1,0,0,0,1,0,0,1,1,2,0,0,foreman_cif.y4m,569.02,569.044,0.166823,0.005026,0.0,239
1,0,1,1,0,0,0,0,0,0,0,1,2,0,0,foreman_cif.y4m,471.74,471.854,0.265198,0.005107,0.0,276
1,0,1,1,0,0,1,0,0,0,0,1,4,0,6,foreman_cif.y4m,516.47,516.48,0.214593,0.005084,0.0,257
1,0,1,0,0,1,0,0,0,1,1,0,1,5,0,foreman_cif.y4m,51.98,51.98,0.101735,0.00511,0.0,42
1,1,1,0,1,0,1,1,0,0,0,0,2,15,3,foreman_cif.y4m,37.32,37.39,0.130958,0.005502,0.0,204
1,0,1,1,0,0,1,0,0,1,0,1,2,15,6,foreman_cif.y4m,516.24,516.326,0.354725,0.005084,0.0,145
1,0,1,0,1,0,0,0,0,0,0,0,2,0,3,foreman_cif.y4m,25.52,25.512,0.039623,0.00515,0.0,246
1,1,1,1,0,0,0,1,0,0,1,1,8,0,0,foreman_cif.y4m,573.3,573.378,0.194474,0.005026,0.0,202
1,1,1,0,1,0,0,1,0,1,0,0,2,5,3,foreman_cif.y4m,39.43,39.364,0.108074,0.00514,0.0,70
1,0,1,0,1,0,0,0,0,0,1,0,1,5,3,foreman_cif.y4m,25.56,25.564,0.029665,0.00515,0.0,230
1,0,1,0,1,0,1,0,0,0,0,0,4,15,6,foreman_cif.y4m,30.14,30.162,0.107796,0.005092,0.0,267
1,1,1,1,0,0,1,1,0,0,0,1,8,5,3,foreman_cif.y4m,596.14,596.252,0.239416,0.005482,0.0,146
1,0,1,0,1,0,1,0,0,0,0,1,2,15,0,foreman_cif.y4m,30.06,30.066,0.135757,0.005088,0.0,27
1,0,1,0,1,0,1,0,0,0,1,1,8,0,3,foreman_cif.y4m,30.05,30.064,0.068775,0.005088,0.0,137
1,1,1,1,0,0,0,1,0,0,1,1,2,15,0,foreman_cif.y4m,603.34,603.336,0.169941,0.005016,0.0,189
1,1,1,0,1,0,1,1,0,1,0,0,4,15,0,foreman_cif.y4m,38.58,38.578,0.033466,0.005567,0.0,132
1,1,1,1,0,0,0,0,1,1,0,1,8,0,0,foreman_cif.y4m,531.33,531.352,0.112561,0.004896,0.0,169
1,0,1,0,0,1,0,0,0,0,0,0,1,5,6,foreman_cif.y4m,51.79,51.896,0.175727,0.00511,0.0,33
1,0,1,1,0,0,0,0,0,0,1,1,8,15,0,foreman_cif.y4m,471.73,471.642,0.173407,0.005107,0.0,205
1,0,1,1,0,0,0,0,0,1,0,1,2,0,0,foreman_cif.y4m,471.8,471.786,0.235648,0.005107,0.0,245
1,1,1,0,1,0,1,1,0,0,1,1,1,15,0,foreman_cif.y4m,38.36,38.32,0.163401,0.005582,0.0,298
1,0,1,1,0,0,1,0,0,1,1,0,2,5,6,foreman_cif.y4m,516.24,516.232,0.242631,0.005083,0.0,163
1,1,1,1,0,0,0,1,0,0,0,0,1,5,0,foreman_cif.y4m,603.98,603.928,0.461595,0.005006,0.0,123
1,0,1,0,0,1,1,0,0,1,0,0,4,15,0,foreman_cif.y4m,59.09,59.036,0.180499,0.005095,0.0,4
1,0,1,0,0,1,1,0,0,1,1,0,8,5,6,foreman_cif.y4m,59.17,59.134,0.114586,0.005095,0.0,141
1,1,1,0,1,0,0,1,0,1,0,0,8,5,6,foreman_cif.y4m,39.55,39.478,0.137368,0.00512,0.0,129
1,1,1,0,1,0,1,1,0,1,1,0,4,5,3,foreman_cif.y4m,38.82,38.852,0.059749,0.005513,0.0,159
1,0,1,0,0,1,1,0,0,1,0,0,1,0,0,foreman_cif.y4m,59.22,59.138,0.171959,0.005095,0.0,22
1,0,1,0,0,1,0,0,0,1,0,1,2,0,6,foreman_cif.y4m,51.54,51.656,0.195525,0.005116,0.0,175
1,1,1,1,0,0,0,1,0,1,1,1,8,5,6,foreman_cif.y4m,603.88,607.732,8.794667,0.005084,0.0,151
1,1,1,0,1,0,0,1,0,0,1,0,2,5,0,foreman_cif.y4m,39.6,39.622,0.064962,0.005043,0.0,52
1,0,1,0,0,1,0,0,0,0,0,1,4,0,3,foreman_cif.y4m,51.69,51.652,0.165892,0.005116,0.0,108
1,0,1,0,1,0,1,0,0,0,0,1,8,15,0,foreman_cif.y4m,30.11,30.086,0.065422,0.005088,0.0,72
1,0,1,1,0,0,1,0,0,1,1,0,8,0,6,foreman_cif.y4m,516.25,516.29,0.375633,0.005083,0.0,248
1,1,1,1,0,0,1,1,0,1,1,0,8,5,6,foreman_cif.y4m,605.22,605.174,0.095289,0.005433,0.0,174
1,0,1,1,0,0,1,0,0,1,1,1,8,0,3,foreman_cif.y4m,516.49,516.624,0.604219,0.005084,0.0,130
1,1,1,0,1,0,1,1,0,1,1,1,8,15,0,foreman_cif.y4m,38.44,38.422,0.085557,0.005582,0.0,168
1,0,1,0,0,1,1,0,0,1,0,1,8,0,6,foreman_cif.y4m,59.08,59.014,0.174442,0.005102,0.0,198
1,0,1,0,0,1,1,0,0,1,1,0,1,0,3,foreman_cif.y4m,59.16,59.178,0.105451,0.005095,0.0,83
1,1,1,1,0,0,1,1,0,0,1,0,1,0,3,foreman_cif.y4m,569.38,569.3,0.376098,0.005547,0.0,291
1,0,1,0,1,0,0,0,0,1,1,0,1,0,6,foreman_cif.y4m,25.55,25.566,0.12973,0.00515,0.0,237
1,0,1,0,0,1,0,0,0,1,1,1,2,15,3,foreman_cif.y4m,51.76,51.762,0.167988,0.005116,0.0,90
1,1,1,1,0,0,1,1,0,0,0,1,1,15,0,foreman_cif.y4m,606.03,605.966,0.222329,0.005516,0.0,87
1,0,1,1,0,0,1,0,0,1,0,0,1,5,0,foreman_cif.y4m,515.91,516.012,0.493275,0.005083,0.0,74
1,0,1,0,0,1,0,0,0,1,0,0,2,0,3,foreman_cif.y4m,51.94,51.944,0.098133,0.00511,0.0,201
1,0,1,0,1,0,0,0,0,1,0,1,1,0,0,foreman_cif.y4m,25.46,25.492,0.078549,0.005115,0.0,183
1,0,1,1,0,0,0,0,0,0,0,0,4,0,6,foreman_cif.y4m,472.17,472.172,0.119248,0.005107,0.0,227
1,1,1,0,1,0,1,1,0,0,0,0,1,15,6,foreman_cif.y4m,38.06,38.112,0.097314,0.005434,0.0,222
1,0,1,0,0,1,0,0,0,0,1,0,8,0,6,foreman_cif.y4m,51.81,51.86,0.142653,0.00511,0.0,55
1,0,1,1,0,0,0,0,0,0,1,1,2,5,0,foreman_cif.y4m,471.76,471.706,0.304598,0.005107,0.0,142
1,0,1,1,0,0,1,0,0,1,0,1,1,5,6,foreman_cif.y4m,516.47,516.414,0.255597,0.005084,0.0,124
1,0,1,1,0,0,1,0,0,0,0,0,8,0,0,foreman_cif.y4m,515.65,515.768,0.261094,0.005083,0.0,95
1,0,1,1,0,0,1,0,0,1,0,0,2,15,0,foreman_cif.y4m,515.86,516.04,0.378748,0.005083,0.0,241
1,0,1,0,1,0,0,0,0,0,1,1,1,5,3,foreman_cif.y4m,25.6,25.684,0.239019,0.005115,0.0,289
1,0,1,1,0,0,1,0,0,1,1,0,1,5,0,foreman_cif.y4m,511.78,511.798,0.20584,0.005083,0.0,278
1,1,1,0,1,0,0,1,0,1,1,0,1,0,6,foreman_cif.y4m,39.75,39.734,0.108536,0.005078,0.0,176
1,0,1,0,0,1,1,0,0,0,1,0,8,5,0,foreman_cif.y4m,59.13,59.07,0.194936,0.005095,0.0,122
1,0,1,0,0,1,0,0,0,0,1,0,4,0,6,foreman_cif.y4m,52.06,52.01,0.175071,0.00511,0.0,30
1,1,1,0,1,0,0,1,0,0,0,0,2,0,6,foreman_cif.y4m,39.16,39.154,0.09685,0.005078,0.0,251
1,0,1,1,0,0,0,0,0,0,0,1,1,0,0,foreman_cif.y4m,471.61,471.87,0.621128,0.005107,0.0,120
1,0,1,1,0,0,0,0,0,0,0,1,2,15,6,foreman_cif.y4m,471.97,471.962,0.181439,0.005107,0.0,144
1,0,1,0,1,0,1,0,0,0,0,0,1,0,3,foreman_cif.y4m,30.23,30.162,0.112116,0.005092,0.0,265
1,1,1,0,1,0,0,1,0,0,1,0,2,0,6,foreman_cif.y4m,39.67,39.66,0.087464,0.005078,0.0,260
1,1,1,0,1,0,0,1,0,0,0,1,1,0,3,foreman_cif.y4m,39.87,39.86,0.128647,0.0051,0.0,78
1,0,1,0,1,0,0,0,0,0,1,1,8,15,3,foreman_cif.y4m,25.45,25.446,0.036469,0.005115,0.0,84
1,0,1,1,0,0,1,0,0,1,0,0,4,15,3,foreman_cif.y4m,516.38,516.112,0.390218,0.005083,0.0,296
1,0,1,0,0,1,0,0,0,0,0,1,2,5,6,foreman_cif.y4m,51.75,51.766,0.200823,0.005116,0.0,232
1,0,1,0,0,1,1,0,0,0,1,0,4,15,6,foreman_cif.y4m,58.97,58.992,0.052631,0.005095,0.0,213
1,1,1,0,1,0,0,1,0,0,1,1,8,15,3,foreman_cif.y4m,39.18,39.16,0.093005,0.005153,0.0,94
1,0,1,0,1,0,0,0,0,0,1,1,1,5,0,foreman_cif.y4m,25.55,25.606,0.12054,0.005115,0.0,178
1,0,1,1,0,0,1,0,0,1,0,0,4,0,0,foreman_cif.y4m,512.05,512.046,0.151756,0.005083,0.0,127
1,1,1,0,1,0,1,1,0,0,1,0,8,5,6,foreman_cif.y4m,37.54,37.556,0.083845,0.005471,0.0,111
1,0,1,0,1,0,0,0,0,0,0,1,1,0,6,foreman_cif.y4m,25.64,25.646,0.093702,0.005115,0.0,92
1,1,1,1,0,0,0,1,0,0,1,0,8,15,6,foreman_cif.y4m,622.2,622.316,0.770214,0.005036,0.0,54
1,0,1,0,0,1,0,0,0,0,0,1,2,15,0,foreman_cif.y4m,51.8,51.742,0.205961,0.005116,0.0,45
1,0,1,1,0,0,0,0,0,1,0,0,4,0,6,foreman_cif.y4m,471.9,471.926,0.226119,0.005107,0.0,226
1,1,1,1,0,0,1,1,0,1,0,0,8,5,0,foreman_cif.y4m,609.19,609.47,0.593338,0.005525,0.0,200
1,0,1,0,0,1,1,0,0,1,0,1,8,5,6,foreman_cif.y4m,59.05,59.012,0.132552,0.005102,0.0,59
1,1,1,0,1,0,1,0,1,0,0,1,2,0,0,foreman_cif.y4m,30.59,30.596,0.057271,0.005152,0.0,19
1,1,1,1,0,0,0,1,0,1,0,0,2,15,0,foreman_cif.y4m,601.06,601.236,0.30762,0.004997,0.0,47
1,1,1,0,1,0,1,1,0,0,0,1,4,5,6,foreman_cif.y4m,37.18,37.124,0.10761,0.005491,0.0,32
1,1,1,0,1,0,0,1,0,1,0,0,1,5,6,foreman_cif.y4m,39.35,39.386,0.12818,0.00512,0.0,170
1,0,1,0,0,1,0,0,0,1,1,0,1,15,0,foreman_cif.y4m,51.97,51.894,0.139032,0.00511,0.0,270
1,0,1,1,0,0,1,0,0,1,0,1,4,15,6,foreman_cif.y4m,512.11,512.236,0.249259,0.005084,0.0,207
1,1,1,0,1,0,0,1,0,1,1,1,1,5,6,foreman_cif.y4m,39.51,39.508,0.12518,0.005136,0.0,43
1,0,1,0,1,0,1,0,0,0,1,1,1,0,3,foreman_cif.y4m,30.06,30.064,0.068775,0.005088,0.0,40
1,1,1,0,1,0,0,1,0,0,1,1,1,5,3,foreman_cif.y4m,39.22,39.246,0.097108,0.005029,0.0,117
1,0,1,0,0,1,0,0,0,0,1,0,8,15,6,foreman_cif.y4m,51.39,51.416,0.104547,0.00511,0.0,253
1,0,1,1,0,0,0,0,0,1,0,0,1,15,3,foreman_cif.y4m,472.14,472.174,0.160562,0.005107,0.0,68
1,1,1,1,0,0,0,1,0,1,1,1,1,15,6,foreman_cif.y4m,621.84,622.24,0.691195,0.005056,0.0,186
1,1,1,0,1,0,1,1,0,0,0,1,8,15,3,foreman_cif.y4m,37.6,37.63,0.100499,0.005525,0.0,288
1,1,1,0,1,0,0,1,0,0,0,0,2,0,0,foreman_cif.y4m,39.07,39.096,0.159937,0.005078,0.0,15
1,0,1,1,0,0,0,0,0,0,1,1,2,15,3,foreman_cif.y4m,468.08,468.114,0.0999,0.005107,0.0,82
1,1,1,1,0,0,0,1,0,0,0,0,4,15,6,foreman_cif.y4m,617.85,617.846,0.157734,0.005036,0.0,211
1,0,1,0,1,0,1,0,0,1,1,1,8,15,6,foreman_cif.y4m,29.99,30.046,0.097877,0.005088,0.0,177
1,1,1,0,1,0,0,1,0,1,1,1,2,5,3,foreman_cif.y4m,39.19,39.154,0.064265,0.005029,0.0,210
1,0,1,1,0,0,0,0,0,1,1,1,2,0,3,foreman_cif.y4m,471.91,471.868,0.279946,0.005107,0.0,13
1,0,1,0,1,0,1,0,0,0,0,1,2,15,3,foreman_cif.y4m,30.11,30.214,0.211021,0.005088,0.0,228
1,0,1,0,1,0,1,0,0,1,1,0,4,5,3,foreman_cif.y4m,30.18,30.146,0.12482,0.005092,0.0,38
1,1,1,1,0,0,0,1,0,0,0,1,4,15,6,foreman_cif.y4m,622.2,622.1,0.424559,0.005056,0.0,29
1,1,1,1,0,0,1,0,1,1,0,0,8,0,0,foreman_cif.y4m,538.31,538.262,0.555266,0.005118,0.0,24
1,1,1,1,0,0,0,1,0,0,0,0,8,5,6,foreman_cif.y4m,609.89,610.09,0.698463,0.005075,0.0,293
1,1,1,1,0,0,0,1,0,0,1,0,2,5,6,foreman_cif.y4m,609.5,609.762,0.811338,0.005075,0.0,67
1,1,1,0,1,0,0,1,0,1,0,1,2,5,0,foreman_cif.y4m,39.77,39.802,0.093113,0.005074,0.0,199
1,0,1,0,0,1,1,0,0,1,1,0,8,15,3,foreman_cif.y4m,59.1,59.104,0.16456,0.005095,0.0,244
1,0,1,0,0,1,1,0,0,0,0,0,8,15,0,foreman_cif.y4m,59.06,59.13,0.1247,0.005095,0.0,80
1,1,1,1,0,0,1,1,0,1,1,1,2,0,3,foreman_cif.y4m,566.93,567.026,0.443317,0.005572,0.0,223
1,1,1,0,1,0,1,1,0,0,1,0,8,5,0,foreman_cif.y4m,38.87,38.852,0.075631,0.005559,0.0,121
1,0,1,1,0,0,1,0,0,0,0,0,8,5,3,foreman_cif.y4m,515.9,515.87,0.256125,0.005083,0.0,261
1,0,1,1,0,0,1,0,0,1,1,0,1,5,6,foreman_cif.y4m,516.01,515.99,0.152315,0.005083,0.0,156
1,1,1,1,0,0,0,1,0,0,1,0,4,15,3,foreman_cif.y4m,608.14,608.036,0.352321,0.005075,0.0,271
1,1,1,1,0,0,1,1,0,1,0,0,2,15,3,foreman_cif.y4m,599.44,599.44,0.335336,0.005452,0.0,9
1,1,1,1,0,0,1,1,0,1,0,1,1,0,0,foreman_cif.y4m,562.92,562.962,0.155949,0.005572,0.0,165
1,0,1,0,0,1,1,0,0,1,0,0,1,15,6,foreman_cif.y4m,59.09,59.05,0.181659,0.005095,0.0,126
1,0,1,1,0,0,1,0,0,1,1,1,8,5,0,foreman_cif.y4m,516.39,516.33,0.229238,0.005084,0.0,280
1,0,1,1,0,0,0,0,0,1,1,0,2,5,3,foreman_cif.y4m,472.32,472.368,0.139356,0.005107,0.0,172
1,0,1,0,1,0,1,0,0,0,0,0,1,15,6,foreman_cif.y4m,30.23,30.216,0.059414,0.005092,0.0,292
1,0,1,0,0,1,0,0,0,1,0,1,1,0,3,foreman_cif.y4m,51.77,51.796,0.110815,0.005116,0.0,179
1,0,1,0,0,1,1,0,0,1,0,1,2,0,3,foreman_cif.y4m,59.13,59.082,0.183766,0.005102,0.0,272
1,0,1,0,0,1,1,0,0,0,1,0,4,5,0,foreman_cif.y4m,58.96,59.05,0.14,0.005095,0.0,105
1,0,1,0,1,0,0,0,0,0,0,0,1,0,3,foreman_cif.y4m,25.39,25.346,0.117175,0.00515,0.0,76
1,0,1,1,0,0,1,0,0,0,1,0,4,15,3,foreman_cif.y4m,511.83,511.894,0.335678,0.005083,0.0,197
1,1,1,1,0,0,1,1,0,0,1,0,1,15,0,foreman_cif.y4m,606.11,606.036,0.442244,0.005493,0.0,221
1,1,1,1,0,0,1,1,0,0,1,0,8,15,6,foreman_cif.y4m,613.78,613.738,0.167839,0.005383,0.0,167
1,1,1,0,1,0,0,1,0,1,0,1,4,15,6,foreman_cif.y4m,39.61,39.63,0.065955,0.005104,0.0,136
1,1,1,1,0,0,0,1,0,1,0,1,8,15,6,foreman_cif.y4m,621.72,621.788,0.490581,0.005056,0.0,243
1,0,1,0,1,0,0,0,0,1,0,1,8,15,6,foreman_cif.y4m,25.27,25.242,0.141138,0.005115,0.0,60
1,0,1,1,0,0,0,0,0,1,0,1,2,0,6,foreman_cif.y4m,471.89,471.908,0.1499,0.005107,0.0,110
1,1,1,1,0,0,1,1,0,1,0,0,1,15,6,foreman_cif.y4m,609.22,609.2,0.124097,0.005383,0.0,35
1,0,1,1,0,0,1,0,0,0,1,1,2,5,6,foreman_cif.y4m,516.62,516.482,0.437573,0.005084,0.0,235
1,0,1,1,0,0,0,0,0,1,0,0,1,0,3,foreman_cif.y4m,472.54,472.4,0.429185,0.005107,0.0,44
1,1,1,0,1,0,1,1,0,0,1,0,4,15,3,foreman_cif.y4m,37.34,37.342,0.034928,0.005502,0.0,256
1,0,1,0,0,1,0,0,0,0,1,1,8,0,0,foreman_cif.y4m,51.66,51.664,0.134462,0.005116,0.0,192
1,0,1,0,1,0,0,0,0,0,1,1,2,0,0,foreman_cif.y4m,25.52,25.502,0.056303,0.005115,0.0,41
1,0,1,1,0,0,0,0,0,0,1,0,4,5,0,foreman_cif.y4m,472.16,472.19,0.298664,0.005107,0.0,37
1,0,1,0,0,1,0,0,0,0,0,0,4,5,0,foreman_cif.y4m,51.34,51.308,0.087293,0.00511,0.0,26
1,1,1,1,0,0,0,1,0,0,0,0,1,0,3,foreman_cif.y4m,568.71,568.716,0.610107,0.005009,0.0,273
1,1,1,1,0,0,1,1,0,0,0,1,1,5,6,foreman_cif.y4m,597.82,598.068,0.464833,0.005441,0.0,233
1,1,1,0,1,0,1,1,0,0,1,1,8,0,0,foreman_cif.y4m,38.47,38.476,0.058138,0.005612,0.0,101
1,0,1,1,0,0,0,0,0,0,0,1,2,5,3,foreman_cif.y4m,471.67,471.814,0.42665,0.005107,0.0,39
1,1,1,0,1,0,0,1,0,0,0,1,1,15,0,foreman_cif.y4m,39.9,39.914,0.114149,0.005053,0.0,106
1,1,1,0,1,0,0,0,1,1,0,0,1,0,0,foreman_cif.y4m,30.81,30.78,0.150167,0.004991,0.0,242
1,1,1,1,0,0,1,1,0,0,1,0,2,15,0,foreman_cif.y4m,606.32,606.24,0.403547,0.005493,0.0,193
1,0,1,0,1,0,1,0,0,0,1,0,1,15,6,foreman_cif.y4m,30.14,30.136,0.101143,0.005092,0.0,103
1,1,1,0,1,0,0,1,0,1,1,1,8,5,6,foreman_cif.y4m,39.38,39.414,0.085323,0.005136,0.0,1
1,0,1,1,0,0,0,0,0,1,1,1,1,0,0,foreman_cif.y4m,468.0,468.12,0.220567,0.005107,0.0,61
1,1,1,1,0,0,0,0,1,0,0,0,2,0,0,foreman_cif.y4m,536.52,536.582,0.40635,0.004876,0.0,56
1,1,1,0,1,0,0,1,0,0,1,0,8,15,3,foreman_cif.y4m,39.02,39.01,0.078422,0.005136,0.0,148
1,0,1,0,1,0,0,0,0,1,0,1,2,5,0,foreman_cif.y4m,25.54,25.544,0.097622,0.005115,0.0,112
1,0,1,0,1,0,1,0,0,0,1,0,8,15,3,foreman_cif.y4m,30.15,30.17,0.108628,0.005092,0.0,300
1,0,1,0,1,0,0,0,0,1,1,0,4,15,0,foreman_cif.y4m,25.2,25.228,0.101341,0.00515,0.0,249
1,0,1,0,1,0,0,0,0,0,0,1,2,0,0,foreman_cif.y4m,25.53,25.516,0.040988,0.005115,0.0,20
1,1,1,1,0,0,1,1,0,1,0,1,1,5,0,foreman_cif.y4m,599.22,599.234,0.214546,0.005548,0.0,104
1,1,1,1,0,0,0,1,0,1,1,1,8,15,6,foreman_cif.y4m,621.97,621.738,0.460565,0.005056,0.0,131
1,0,1,1,0,0,0,0,0,0,0,0,2,0,3,foreman_cif.y4m,472.18,472.06,0.265801,0.005107,0.0,69
1,0,1,0,1,0,1,0,0,0,0,0,2,0,3,foreman_cif.y4m,30.12,30.172,0.09576,0.005092,0.0,220
1,1,1,1,0,0,1,1,0,1,1,1,8,15,6,foreman_cif.y4m,613.29,613.274,0.442075,0.005393,0.0,11
1,1,1,1,0,0,1,1,0,1,0,0,4,15,6,foreman_cif.y4m,609.36,609.262,0.245906,0.005383,0.0,258
1,0,1,0,1,0,1,0,0,0,0,0,2,15,3,foreman_cif.y4m,30.23,30.208,0.12276,0.005092,0.0,65
1,0,1,0,0,1,1,0,0,0,0,0,2,15,0,foreman_cif.y4m,59.08,59.082,0.098082,0.005095,0.0,160
1,0,1,0,0,1,1,0,0,0,0,0,8,0,0,foreman_cif.y4m,59.08,59.036,0.182016,0.005095,0.0,238
1,1,1,1,0,0,0,1,0,0,0,0,4,0,0,foreman_cif.y4m,568.67,568.774,0.30762,0.005009,0.0,57
1,1,1,0,1,0,0,1,0,1,0,1,2,0,0,foreman_cif.y4m,39.28,39.336,0.122188,0.0051,0.0,79
1,0,1,0,1,0,1,0,0,0,1,0,4,15,3,foreman_cif.y4m,30.19,30.172,0.077266,0.005092,0.0,224
1,1,1,0,1,0,0,1,0,1,0,0,2,0,3,foreman_cif.y4m,39.62,39.58,0.115109,0.005078,0.0,48
1,0,1,0,1,0,1,0,0,0,0,1,8,0,6,foreman_cif.y4m,30.15,30.136,0.11371,0.005088,0.0,173
1,1,1,1,0,0,1,1,0,0,1,1,1,0,0,foreman_cif.y4m,567.07,567.054,0.484541,0.005572,0.0,283
1,0,1,0,1,0,0,0,0,0,0,0,1,0,6,foreman_cif.y4m,25.63,25.64,0.149499,0.00515,0.0,190
1,0,1,0,1,0,1,0,0,1,1,1,4,0,6,foreman_cif.y4m,30.06,30.042,0.106864,0.005088,0.0,259
1,0,1,1,0,0,0,0,0,0,0,1,1,15,3,foreman_cif.y4m,471.66,471.718,0.34716,0.005107,0.0,7
1,0,1,0,0,1,0,0,0,0,0,1,2,5,0,foreman_cif.y4m,51.84,51.79,0.207726,0.005116,0.0,73
1,1,1,1,0,0,1,1,0,0,0,0,2,0,6,foreman_cif.y4m,569.2,569.176,0.244397,0.005547,0.0,63
1,0,1,0,0,1,1,0,0,1,1,0,2,15,3,foreman_cif.y4m,58.9,58.888,0.074297,0.005095,0.0,284
1,0,1,1,0,0,1,0,0,1,0,1,8,15,6,foreman_cif.y4m,516.37,516.39,0.501398,0.005084,0.0,250
1,1,1,0,1,0,0,1,0,0,0,0,2,5,0,foreman_cif.y4m,39.64,39.63,0.052915,0.005043,0.0,209
1,0,1,0,1,0,1,0,0,0,0,1,4,5,3,foreman_cif.y4m,30.04,30.022,0.09471,0.005088,0.0,138
1,1,1,1,0,0,0,0,1,1,1,0,1,0,0,foreman_cif.y4m,532.39,532.38,0.33429,0.004876,0.0,135
1,1,1,1,0,0,1,1,0,1,1,0,4,5,3,foreman_cif.y4m,593.14,592.97,0.360555,0.005475,0.0,264
1,1,1,1,0,0,0,1,0,1,1,0,2,0,6,foreman_cif.y4m,569.09,569.036,0.349829,0.005009,0.0,215
1,0,1,0,0,1,0,0,0,0,1,1,4,5,3,foreman_cif.y4m,52.0,51.962,0.277074,0.005116,0.0,50
1,0,1,1,0,0,0,0,0,1,1,0,4,0,6,foreman_cif.y4m,472.34,472.398,0.366224,0.005107,0.0,98
1,1,1,1,0,0,0,1,0,1,1,0,1,15,0,foreman_cif.y4m,601.11,601.132,0.455214,0.004997,0.0,140
1,1,1,1,0,0,0,1,0,0,1,1,1,0,3,foreman_cif.y4m,573.31,573.302,0.257041,0.005026,0.0,113
1,0,1,0,1,0,1,0,0,1,1,0,1,0,6,foreman_cif.y4m,30.12,30.14,0.117686,0.005092,0.0,3
1,0,1,0,0,1,0,0,0,1,1,1,8,0,0,foreman_cif.y4m,51.68,51.664,0.118025,0.005116,0.0,149
1,0,1,1,0,0,0,0,0,0,1,1,8,5,6,foreman_cif.y4m,471.73,471.676,0.366783,0.005107,0.0,153
1,1,1,1,0,0,1,1,0,1,1,0,2,15,6,foreman_cif.y4m,613.66,613.67,0.197231,0.005383,0.0,133
1,0,1,1,0,0,0,0,0,0,0,0,1,0,3,foreman_cif.y4m,472.14,472.154,0.271901,0.005107,0.0,191
1,1,1,0,1,0,0,1,0,1,0,1,1,0,6,foreman_cif.y4m,39.73,39.764,0.11149,0.0051,0.0,100
1,0,1,1,0,0,1,0,0,0,1,0,4,0,3,foreman_cif.y4m,516.03,516.306,0.440772,0.005083,0.0,85
1,0,1,0,0,1,1,0,0,0,0,0,2,0,3,foreman_cif.y4m,59.1,59.102,0.177961,0.005095,0.0,88
1,0,1,0,1,0,1,0,0,1,1,0,4,15,6,foreman_cif.y4m,30.2,30.184,0.070214,0.005092,0.0,31
1,0,1,0,0,1,1,0,0,0,0,0,4,5,3,foreman_cif.y4m,59.16,59.15,0.120416,0.005095,0.0,134
1,1,1,0,1,0,1,1,0,1,1,1,8,0,3,foreman_cif.y4m,38.48,38.548,0.102811,0.005612,0.0,147
1,1,1,1,0,0,0,1,0,0,1,1,4,15,6,foreman_cif.y4m,622.02,622.05,0.366742,0.005056,0.0,275
1,0,1,0,0,1,1,0,0,0,1,0,4,15,3,foreman_cif.y4m,58.37,58.332,0.145155,0.005095,0.0,143
1,1,1,0,1,0,1,1,0,1,0,0,1,5,6,foreman_cif.y4m,37.52,37.52,0.093005,0.005471,0.0,8
1,1,1,1,0,0,1,1,0,0,1,1,4,5,3,foreman_cif.y4m,595.87,595.956,0.207075,0.005482,0.0,216
1,0,1,1,0,0,1,0,0,1,0,0,1,0,3,foreman_cif.y4m,516.12,516.116,0.351113,0.005083,0.0,214
1,0,1,0,0,1,0,0,0,0,0,0,1,5,0,foreman_cif.y4m,51.16,51.218,0.119457,0.00511,0.0,17
1,0,1,0,0,1,1,0,0,0,0,0,1,5,0,foreman_cif.y4m,58.97,59.04,0.189209,0.005095,0.0,206
1,0,1,0,1,0,0,0,0,1,1,1,8,15,0,foreman_cif.y4m,25.6,25.602,0.065727,0.005115,0.0,36
1,1,1,0,1,0,1,1,0,0,0,0,4,15,3,foreman_cif.y4m,37.81,37.844,0.116962,0.005502,0.0,6
1,0,1,1,0,0,1,0,0,0,0,1,1,0,6,foreman_cif.y4m,516.26,516.31,0.374833,0.005084,0.0,5
1,0,1,1,0,0,1,0,0,0,0,0,8,15,6,foreman_cif.y4m,516.13,516.932,1.256073,0.005083,0.0,164
1,0,1,0,0,1,0,0,0,1,0,0,8,0,6,foreman_cif.y4m,52.18,52.114,0.186896,0.00511,0.0,97
1,0,1,1,0,0,0,0,0,0,1,0,2,5,3,foreman_cif.y4m,471.84,472.024,0.327154,0.005107,0.0,236
1,1,1,0,1,0,1,1,0,0,0,0,8,5,0,foreman_cif.y4m,38.66,38.694,0.117388,0.005559,0.0,71
1,1,1,0,1,0,1,1,0,1,0,1,2,0,3,foreman_cif.y4m,38.5,38.528,0.14481,0.005612,0.0,295
1,0,1,1,0,0,1,0,0,1,1,0,8,5,3,foreman_cif.y4m,515.96,515.962,0.385837,0.005083,0.0,286
1,0,1,0,1,0,0,0,0,0,0,1,1,5,0,foreman_cif.y4m,25.51,25.522,0.087579,0.005115,0.0,34
1,0,1,0,1,0,1,0,0,1,1,1,1,5,3,foreman_cif.y4m,30.13,30.146,0.035071,0.005088,0.0,240
1,0,1,0,0,1,1,0,0,0,0,1,4,15,3,foreman_cif.y4m,58.93,58.968,0.177679,0.005102,0.0,18
1,0,1,0,1,0,0,0,0,0,1,0,8,0,6,foreman_cif.y4m,25.69,25.648,0.151063,0.00515,0.0,102
1,1,1,1,0,0,1,0,1,0,1,0,4,0,0,foreman_cif.y4m,537.75,537.716,0.440999,0.005118,0.0,51
1,1,1,1,0,0,1,1,0,0,0,1,4,15,6,foreman_cif.y4m,613.17,613.13,0.377028,0.005393,0.0,282
1,0,1,0,1,0,1,0,0,1,1,1,1,0,3,foreman_cif.y4m,30.05,30.026,0.105024,0.005088,0.0,77
1,0,1,1,0,0,1,0,0,0,1,0,2,0,3,foreman_cif.y4m,515.74,515.71,0.21783,0.005083,0.0,128
1,1,1,0,1,0,1,1,0,0,0,0,2,5,3,foreman_cif.y4m,38.88,38.912,0.063008,0.005513,0.0,234
1,0,1,1,0,0,0,0,0,0,1,1,1,0,0,foreman_cif.y4m,471.59,471.646,0.404265,0.005107,0.0,252
1,0,1,1,0,0,1,0,0,0,0,1,4,0,3,foreman_cif.y4m,516.41,516.314,0.395259,0.005084,0.0,28
1,0,1,0,0,1,1,0,0,1,1,1,8,15,3,foreman_cif.y4m,59.05,59.028,0.214173,0.005102,0.0,139
1,0,1,0,0,1,0,0,0,0,0,1,1,5,0,foreman_cif.y4m,51.62,51.67,0.136015,0.005116,0.0,158
1,1,1,0,1,0,1,1,0,1,0,1,8,5,3,foreman_cif.y4m,37.69,37.746,0.123004,0.005533,0.0,152
1,0,1,1,0,0,1,0,0,1,0,0,2,0,6,foreman_cif.y4m,515.68,515.874,0.408387,0.005083,0.0,12
1,1,1,0,1,0,0,1,0,0,0,1,4,15,3,foreman_cif.y4m,39.34,39.306,0.072319,0.005153,0.0,294
1,1,1,0,1,0,0,1,0,0,0,1,8,15,3,foreman_cif.y4m,39.18,39.202,0.094974,0.005153,0.0,154
1,1,1,1,0,0,0,1,0,1,0,0,2,15,6,foreman_cif.y4m,622.27,622.278,0.215569,0.005036,0.0,157
1,0,1,1,0,0,1,0,0,1,1,1,2,0,3,foreman_cif.y4m,516.25,516.5,0.750666,0.005084,0.0,150
1,1,1,0,1,0,1,1,0,0,1,0,8,0,6,foreman_cif.y4m,38.34,38.302,0.131985,0.005586,0.0,287
1,0,1,0,1,0,0,0,0,1,1,0,1,0,3,foreman_cif.y4m,25.63,25.634,0.040373,0.00515,0.0,297
1,0,1,0,0,1,0,0,0,1,1,0,8,15,0,foreman_cif.y4m,51.71,51.766,0.16562,0.00511,0.0,263
1,1,1,0,1,0,0,1,0,1,1,1,1,5,3,foreman_cif.y4m,39.22,39.224,0.076354,0.005029,0.0,255
1,0,1,1,0,0,0,0,0,1,1,0,8,15,3,foreman_cif.y4m,472.32,472.328,0.180056,0.005107,0.0,115
1,0,1,0,0,1,1,0,0,1,0,1,4,15,3,foreman_cif.y4m,58.98,59.014,0.100648,0.005102,0.0,188
1,0,1,0,0,1,1,0,0,0,0,1,8,0,6,foreman_cif.y4m,59.0,59.03,0.233773,0.005102,0.0,212
1,0,1,1,0,0,1,0,0,0,0,1,1,15,3,foreman_cif.y4m,516.64,516.576,0.355148,0.005084,0.0,195
1,0,1,0,1,0,0,0,0,0,1,1,2,15,0,foreman_cif.y4m,25.46,25.496,0.092898,0.005115,0.0,119
1,0,1,1,0,0,0,0,0,1,0,1,4,15,0,foreman_cif.y4m,471.75,471.718,0.287698,0.005107,0.0,58
1,0,1,0,1,0,1,0,0,1,0,1,4,0,6,foreman_cif.y4m,29.98,29.984,0.088769,0.005088,0.0,277
1,0,1,0,1,0,1,0,0,0,1,1,4,5,6,foreman_cif.y4m,29.98,29.982,0.093648,0.005088,0.0,64
1,1,1,0,1,0,1,1,0,1,0,0,2,0,0,foreman_cif.y4m,38.31,38.308,0.070852,0.005586,0.0,285
1,1,1,0,1,0,1,1,0,1,0,0,4,0,0,foreman_cif.y4m,38.26,38.242,0.05933,0.005586,0.0,290
1,0,1,1,0,0,0,0,0,1,0,1,8,5,6,foreman_cif.y4m,471.63,471.632,0.169912,0.005107,0.0,196
1,1,1,1,0,0,1,0,1,1,1,1,1,0,0,foreman_cif.y4m,537.34,537.378,0.348023,0.005116,0.0,93
1,0,1,1,0,0,1,0,0,0,1,1,4,5,6,foreman_cif.y4m,516.51,516.504,0.35097,0.005084,0.0,299
1,0,1,1,0,0,0,0,0,1,0,0,2,5,0,foreman_cif.y4m,472.01,472.05,0.307652,0.005107,0.0,125
1,1,1,0,1,0,0,1,0,1,0,1,2,15,6,foreman_cif.y4m,39.7,39.71,0.08775,0.005104,0.0,21
1,0,1,0,1,0,0,0,0,1,0,1,2,0,0,foreman_cif.y4m,25.46,25.482,0.102323,0.005115,0.0,225
1,0,1,0,1,0,0,0,0,1,0,0,2,5,0,hall_monitor_cif.y4m,23.19,23.178,0.079498,0.00517,0.0,114
1,1,1,1,0,0,0,0,1,0,0,1,1,0,0,hall_monitor_cif.y4m,643.49,643.436,0.249058,0.004894,0.0,281
1,1,1,1,0,0,0,1,0,1,1,0,2,5,0,hall_monitor_cif.y4m,730.8,731.272,1.147288,0.00493,0.0,49
1,0,1,0,0,1,1,0,0,0,0,0,2,15,6,hall_monitor_cif.y4m,55.08,55.002,0.230261,0.005004,0.0,194
1,0,1,1,0,0,0,0,0,0,0,0,2,0,6,hall_monitor_cif.y4m,620.35,620.392,0.076616,0.005186,0.0,62
1,1,1,0,1,0,0,1,0,1,1,1,1,15,3,hall_monitor_cif.y4m,27.47,27.448,0.094446,0.004876,0.0,91
1,0,1,0,0,1,1,0,0,0,0,0,4,0,6,hall_monitor_cif.y4m,54.93,54.902,0.205718,0.005004,0.0,107
1,0,1,1,0,0,1,0,0,0,0,1,4,5,3,hall_monitor_cif.y4m,644.21,644.172,0.18593,0.004975,0.0,181
1,0,1,0,1,0,1,0,0,0,0,0,4,5,0,hall_monitor_cif.y4m,25.24,25.242,0.038341,0.004964,0.0,247
1,0,1,1,0,0,0,0,0,1,1,0,4,5,3,hall_monitor_cif.y4m,616.37,616.3,0.301496,0.005186,0.0,166
1,0,1,0,0,1,0,0,0,0,1,1,4,0,0,hall_monitor_cif.y4m,51.21,51.252,0.135904,0.005191,0.0,25
1,1,1,0,1,0,0,1,0,0,0,1,8,0,6,hall_monitor_cif.y4m,31.47,31.446,0.082644,0.004945,0.0,203
1,1,1,1,0,0,1,1,0,1,1,1,4,5,6,hall_monitor_cif.y4m,709.51,709.77,0.852848,0.004856,0.0,219
1,0,1,0,0,1,0,0,0,0,0,0,4,15,0,hall_monitor_cif.y4m,51.37,51.376,0.121778,0.005191,0.0,162
1,0,1,1,0,0,1,0,0,0,1,0,4,15,6,hall_monitor_cif.y4m,644.59,644.636,0.304187,0.004975,0.0,182
1,0,1,0,0,1,0,0,0,1,1,0,1,15,6,hall_monitor_cif.y4m,51.49,51.488,0.115845,0.005191,0.0,10
1,1,1,1,0,0,1,1,0,1,1,1,2,15,0,hall_monitor_cif.y4m,723.52,723.558,0.209571,0.005176,0.0,14
1,1,1,1,0,0,0,1,0,0,0,1,1,0,6,hall_monitor_cif.y4m,692.06,692.144,0.28413,0.004941,0.0,89
1,1,1,1,0,0,0,1,0,1,1,1,1,5,0,hall_monitor_cif.y4m,731.83,732.118,0.469596,0.004937,0.0,116
1,0,1,1,0,0,0,0,0,0,1,1,4,15,3,hall_monitor_cif.y4m,620.62,620.526,0.298714,0.005177,0.0,217
1,1,1,0,1,0,0,1,0,0,1,0,1,0,0,hall_monitor_cif.y4m,31.52,31.546,0.137949,0.004937,0.0,75
1,1,1,0,1,0,0,1,0,1,1,1,2,15,6,hall_monitor_cif.y4m,26.87,26.866,0.054129,0.004775,0.0,266
1,0,1,1,0,0,1,0,0,0,1,1,4,15,3,hall_monitor_cif.y4m,644.46,644.466,0.226892,0.004975,0.0,268
1,0,1,0,1,0,1,0,0,1,1,1,4,15,3,hall_monitor_cif.y4m,24.19,24.144,0.114586,0.004964,0.0,187
1,0,1,0,0,1,1,0,0,0,1,0,8,15,3,hall_monitor_cif.y4m,54.36,54.354,0.146048,0.005004,0.0,161
1,0,1,0,1,0,1,0,0,0,1,0,2,0,6,hall_monitor_cif.y4m,25.26,25.272,0.087579,0.004964,0.0,23
1,1,1,1,0,0,0,1,0,1,1,0,2,5,6,hall_monitor_cif.y4m,715.12,715.216,0.28413,0.004844,0.0,2
1,1,1,1,0,0,1,0,1,1,0,1,2,0,0,hall_monitor_cif.y4m,642.09,642.118,0.266777,0.005005,0.0,16
1,0,1,1,0,0,0,0,0,1,1,1,8,15,0,hall_monitor_cif.y4m,616.29,616.336,0.236495,0.005177,0.0,262
1,1,1,1,0,0,0,1,0,1,1,0,4,5,0,hall_monitor_cif.y4m,730.63,730.634,0.274736,0.00493,0.0,66
1,0,1,1,0,0,0,0,0,1,0,0,2,0,0,hall_monitor_cif.y4m,620.26,620.236,0.19718,0.005186,0.0,86
1,0,1,0,1,0,1,0,0,0,1,0,2,5,6,hall_monitor_cif.y4m,25.23,25.232,0.085849,0.004964,0.0,231
1,0,1,0,1,0,0,0,0,0,0,0,4,5,0,hall_monitor_cif.y4m,23.36,23.342,0.049193,0.00517,0.0,269
1,1,1,0,1,0,1,1,0,0,1,0,1,5,0,hall_monitor_cif.y4m,31.32,31.308,0.143944,0.005163,0.0,180
1,0,1,0,0,1,0,0,0,0,1,0,4,5,6,hall_monitor_cif.y4m,51.51,51.552,0.114761,0.005191,0.0,274
1,1,1,1,0,0,0,1,0,1,1,0,2,15,6,hall_monitor_cif.y4m,718.47,718.33,0.34402,0.004743,0.0,184
1,0,1,0,0,1,1,0,0,0,0,1,4,5,0,hall_monitor_cif.y4m,54.11,54.074,0.148593,0.005003,0.0,118
1,1,1,1,0,0,0,1,0,0,0,0,1,0,6,hall_monitor_cif.y4m,687.87,687.748,0.264518,0.004936,0.0,254
1,0,1,1,0,0,1,0,0,0,1,1,4,5,0,hall_monitor_cif.y4m,644.39,644.3,0.19799,0.004975,0.0,208
1,0,1,0,0,1,1,0,0,1,1,0,4,5,6,hall_monitor_cif.y4m,54.74,54.774,0.136492,0.005004,0.0,279
1,1,1,1,0,0,0,1,0,0,1,1,4,15,3,hall_monitor_cif.y4m,710.48,710.402,0.328664,0.004886,0.0,229
1,0,1,0,0,1,1,0,0,1,1,1,1,0,0,hall_monitor_cif.y4m,54.98,55.008,0.058052,0.005003,0.0,46
1,0,1,0,0,1,0,0,0,1,1,1,4,5,6,hall_monitor_cif.y4m,51.22,51.206,0.139032,0.005191,0.0,171
1,1,1,1,0,0,0,1,0,0,1,0,2,5,0,hall_monitor_cif.y4m,730.78,730.774,0.29399,0.00493,0.0,99
1,0,1,0,0,1,0,0,0,0,0,0,8,0,0,hall_monitor_cif.y4m,51.58,51.568,0.132363,0.005191,0.0,81
1,1,1,1,0,0,1,1,0,1,0,1,8,5,0,hall_monitor_cif.y4m,723.09,723.242,0.344993,0.005174,0.0,155
1,0,1,0,1,0,0,0,0,1,0,1,1,15,6,hall_monitor_cif.y4m,23.01,23.05,0.067454,0.005181,0.0,96
1,1,1,1,0,0,0,1,0,1,1,1,8,0,0,hall_monitor_cif.y4m,691.89,692.122,0.721436,0.004941,0.0,218
1,1,1,1,0,0,1,1,0,1,1,0,8,0,6,hall_monitor_cif.y4m,688.78,688.844,0.265857,0.005155,0.0,53
1,1,1,0,1,0,1,0,1,0,0,0,2,0,0,hall_monitor_cif.y4m,24.73,24.722,0.070143,0.005021,0.0,109
1,0,1,0,1,0,0,0,0,0,1,0,4,5,6,hall_monitor_cif.y4m,23.32,23.326,0.052249,0.00517,0.0,185
1,1,1,1,0,0,0,1,0,0,1,1,2,0,0,hall_monitor_cif.y4m,692.05,691.972,0.181025,0.004941,0.0,239
1,0,1,1,0,0,0,0,0,0,0,1,2,0,0,hall_monitor_cif.y4m,620.59,620.52,0.216795,0.005177,0.0,276
1,0,1,1,0,0,1,0,0,0,0,1,4,0,6,hall_monitor_cif.y4m,644.67,645.034,1.31127,0.004975,0.0,257
1,0,1,0,0,1,0,0,0,1,1,0,1,5,0,hall_monitor_cif.y4m,51.64,51.59,0.205305,0.005191,0.0,42
1,1,1,0,1,0,1,1,0,0,0,0,2,15,3,hall_monitor_cif.y4m,27.51,27.516,0.079561,0.004972,0.0,204
1,0,1,1,0,0,1,0,0,1,0,1,2,15,6,hall_monitor_cif.y4m,644.23,644.3,0.248495,0.004975,0.0,145
1,0,1,0,1,0,0,0,0,0,0,0,2,0,3,hall_monitor_cif.y4m,23.31,23.366,0.08735,0.00517,0.0,246
1,1,1,1,0,0,0,1,0,0,1,1,8,0,0,hall_monitor_cif.y4m,692.07,691.996,0.322382,0.004941,0.0,202
1,1,1,0,1,0,0,1,0,1,0,0,2,5,3,hall_monitor_cif.y4m,28.49,28.496,0.040373,0.004879,0.0,70
1,0,1,0,1,0,0,0,0,0,1,0,1,5,3,hall_monitor_cif.y4m,23.41,23.372,0.081056,0.00517,0.0,230
1,0,1,0,1,0,1,0,0,0,0,0,4,15,6,hall_monitor_cif.y4m,25.18,25.192,0.066858,0.004964,0.0,267
1,1,1,1,0,0,1,1,0,0,0,1,8,5,3,hall_monitor_cif.y4m,702.3,702.276,0.336051,0.005078,0.0,146
1,0,1,0,1,0,1,0,0,0,0,1,2,15,0,hall_monitor_cif.y4m,24.48,24.426,0.11327,0.004964,0.0,27
1,0,1,0,1,0,1,0,0,0,1,1,8,0,3,hall_monitor_cif.y4m,24.49,24.504,0.038471,0.004964,0.0,137
1,1,1,1,0,0,0,1,0,0,1,1,2,15,0,hall_monitor_cif.y4m,724.81,724.996,0.860686,0.004925,0.0,189
1,1,1,0,1,0,1,1,0,1,0,0,4,15,0,hall_monitor_cif.y4m,30.45,30.47,0.144741,0.005158,0.0,132
1,1,1,1,0,0,0,0,1,1,0,1,8,0,0,hall_monitor_cif.y4m,643.25,643.254,0.101143,0.004894,0.0,169
1,0,1,0,0,1,0,0,0,0,0,0,1,5,6,hall_monitor_cif.y4m,51.58,51.554,0.101882,0.005191,0.0,33
1,0,1,1,0,0,0,0,0,0,1,1,8,15,0,hall_monitor_cif.y4m,616.52,616.386,0.225455,0.005177,0.0,205
1,0,1,1,0,0,0,0,0,1,0,1,2,0,0,hall_monitor_cif.y4m,620.36,620.894,1.172702,0.005177,0.0,245
1,1,1,0,1,0,1,1,0,0,1,1,1,15,0,hall_monitor_cif.y4m,30.45,30.48,0.053852,0.005185,0.0,298
1,0,1,1,0,0,1,0,0,1,1,0,2,5,6,hall_monitor_cif.y4m,644.76,644.66,0.192743,0.004975,0.0,163
1,1,1,1,0,0,0,1,0,0,0,0,1,5,0,hall_monitor_cif.y4m,726.19,726.198,0.213237,0.00493,0.0,123
1,0,1,0,0,1,1,0,0,1,0,0,4,15,0,hall_monitor_cif.y4m,54.33,54.374,0.155016,0.005004,0.0,4
1,0,1,0,0,1,1,0,0,1,1,0,8,5,6,hall_monitor_cif.y4m,55.11,55.102,0.132552,0.005004,0.0,141
1,1,1,0,1,0,0,1,0,1,0,0,8,5,6,hall_monitor_cif.y4m,27.42,27.444,0.072319,0.004832,0.0,129
1,1,1,0,1,0,1,1,0,1,1,0,4,5,3,hall_monitor_cif.y4m,28.5,28.514,0.061887,0.005041,0.0,159
1,0,1,0,0,1,1,0,0,1,0,0,1,0,0,hall_monitor_cif.y4m,54.95,54.898,0.156109,0.005004,0.0,22
1,0,1,0,0,1,0,0,0,1,0,1,2,0,6,hall_monitor_cif.y4m,51.26,51.222,0.115412,0.005191,0.0,175
1,1,1,1,0,0,0,1,0,1,1,1,8,5,6,hall_monitor_cif.y4m,720.46,720.998,1.177187,0.00486,0.0,151
1,1,1,0,1,0,0,1,0,0,1,0,2,5,0,hall_monitor_cif.y4m,31.73,31.696,0.102372,0.004934,0.0,52
1,0,1,0,0,1,0,0,0,0,0,1,4,0,3,hall_monitor_cif.y4m,50.53,50.568,0.141315,0.005191,0.0,108
1,0,1,0,1,0,1,0,0,0,0,1,8,15,0,hall_monitor_cif.y4m,24.41,24.398,0.097314,0.004964,0.0,72
1,0,1,1,0,0,1,0,0,1,1,0,8,0,6,hall_monitor_cif.y4m,644.45,644.434,0.149097,0.004975,0.0,248
1,1,1,1,0,0,1,1,0,1,1,0,8,5,6,hall_monitor_cif.y4m,713.9,714.01,0.255734,0.004842,0.0,174
1,0,1,1,0,0,1,0,0,1,1,1,8,0,3,hall_monitor_cif.y4m,644.23,644.194,0.158524,0.004975,0.0,130
1,1,1,0,1,0,1,1,0,1,1,1,8,15,0,hall_monitor_cif.y4m,30.53,30.532,0.072938,0.005185,0.0,168
1,0,1,0,0,1,1,0,0,1,0,1,8,0,6,hall_monitor_cif.y4m,54.78,54.834,0.220749,0.005003,0.0,198
1,0,1,0,0,1,1,0,0,1,1,0,1,0,3,hall_monitor_cif.y4m,54.91,54.958,0.136272,0.005004,0.0,83
1,1,1,1,0,0,1,1,0,0,1,0,1,0,3,hall_monitor_cif.y4m,688.75,688.752,0.180194,0.005155,0.0,291
1,0,1,0,1,0,0,0,0,1,1,0,1,0,6,hall_monitor_cif.y4m,23.15,23.136,0.075366,0.00517,0.0,237
1,0,1,0,0,1,0,0,0,1,1,1,2,15,3,hall_monitor_cif.y4m,51.27,51.284,0.101882,0.005191,0.0,90
1,1,1,1,0,0,1,1,0,0,0,1,1,15,0,hall_monitor_cif.y4m,723.46,723.534,0.23839,0.005176,0.0,87
1,0,1,1,0,0,1,0,0,1,0,0,1,5,0,hall_monitor_cif.y4m,644.47,644.474,0.228758,0.004975,0.0,74
1,0,1,0,0,1,0,0,0,1,0,0,2,0,3,hall_monitor_cif.y4m,50.82,50.8,0.081548,0.005191,0.0,201
1,0,1,0,1,0,0,0,0,1,0,1,1,0,0,hall_monitor_cif.y4m,23.01,23.0,0.029155,0.005181,0.0,183
1,0,1,1,0,0,0,0,0,0,0,0,4,0,6,hall_monitor_cif.y4m,620.37,620.428,0.243146,0.005186,0.0,227
1,1,1,0,1,0,1,1,0,0,0,0,1,15,6,hall_monitor_cif.y4m,27.32,27.382,0.126768,0.004672,0.0,222
1,0,1,0,0,1,0,0,0,0,1,0,8,0,6,hall_monitor_cif.y4m,51.55,51.482,0.150233,0.005191,0.0,55
1,0,1,1,0,0,0,0,0,0,1,1,2,5,0,hall_monitor_cif.y4m,620.51,620.574,0.249159,0.005177,0.0,142
1,0,1,1,0,0,1,0,0,1,0,1,1,5,6,hall_monitor_cif.y4m,644.28,644.366,0.279339,0.004975,0.0,124
1,0,1,1,0,0,1,0,0,0,0,0,8,0,0,hall_monitor_cif.y4m,644.22,644.38,0.300333,0.004975,0.0,95
1,0,1,1,0,0,1,0,0,1,0,0,2,15,0,hall_monitor_cif.y4m,640.32,640.346,0.222329,0.004975,0.0,241
1,0,1,0,1,0,0,0,0,0,1,1,1,5,3,hall_monitor_cif.y4m,23.0,23.026,0.107378,0.005181,0.0,289
1,0,1,1,0,0,1,0,0,1,1,0,1,5,0,hall_monitor_cif.y4m,644.44,644.45,0.200873,0.004975,0.0,278
1,1,1,0,1,0,0,1,0,1,1,0,1,0,6,hall_monitor_cif.y4m,31.83,31.828,0.038987,0.004937,0.0,176
1,0,1,0,0,1,1,0,0,0,1,0,8,5,0,hall_monitor_cif.y4m,54.84,54.894,0.151756,0.005004,0.0,122
1,0,1,0,0,1,0,0,0,0,1,0,4,0,6,hall_monitor_cif.y4m,51.51,51.496,0.02881,0.005191,0.0,30
1,1,1,0,1,0,0,1,0,0,0,0,2,0,6,hall_monitor_cif.y4m,31.84,31.818,0.049193,0.004937,0.0,251
1,0,1,1,0,0,0,0,0,0,0,1,1,0,0,hall_monitor_cif.y4m,620.55,620.516,0.134462,0.005177,0.0,120
1,0,1,1,0,0,0,0,0,0,0,1,2,15,6,hall_monitor_cif.y4m,620.82,636.296,34.952434,0.005177,0.0,144
1,0,1,0,1,0,1,0,0,0,0,0,1,0,3,hall_monitor_cif.y4m,25.27,25.234,0.075697,0.004964,0.0,265
1,1,1,0,1,0,0,1,0,0,1,0,2,0,6,hall_monitor_cif.y4m,31.83,31.846,0.073348,0.004937,0.0,260
1,1,1,0,1,0,0,1,0,0,0,1,1,0,3,hall_monitor_cif.y4m,31.48,31.482,0.046583,0.004945,0.0,78
1,0,1,0,1,0,0,0,0,0,1,1,8,15,3,hall_monitor_cif.y4m,23.01,23.028,0.047117,0.005181,0.0,84
1,0,1,1,0,0,1,0,0,1,0,0,4,15,3,hall_monitor_cif.y4m,644.54,644.502,0.150399,0.004975,0.0,296
1,0,1,0,0,1,0,0,0,0,0,1,2,5,6,hall_monitor_cif.y4m,51.05,51.076,0.074364,0.005191,0.0,232
1,0,1,0,0,1,1,0,0,0,1,0,4,15,6,hall_monitor_cif.y4m,54.91,54.986,0.201817,0.005004,0.0,213
1,1,1,0,1,0,0,1,0,0,1,1,8,15,3,hall_monitor_cif.y4m,27.35,27.354,0.082644,0.004876,0.0,94
1,0,1,0,1,0,0,0,0,0,1,1,1,5,0,hall_monitor_cif.y4m,23.09,23.06,0.053385,0.005181,0.0,178
1,0,1,1,0,0,1,0,0,1,0,0,4,0,0,hall_monitor_cif.y4m,640.45,640.33,0.182893,0.004975,0.0,127
1,1,1,0,1,0,1,1,0,0,1,0,8,5,6,hall_monitor_cif.y4m,27.38,27.384,0.023022,0.004852,0.0,111
1,0,1,0,1,0,0,0,0,0,0,1,1,0,6,hall_monitor_cif.y4m,23.05,23.034,0.082037,0.005181,0.0,92
1,1,1,1,0,0,0,1,0,0,1,0,8,15,6,hall_monitor_cif.y4m,713.68,713.802,0.257624,0.004743,0.0,54
1,0,1,0,0,1,0,0,0,0,0,1,2,15,0,hall_monitor_cif.y4m,51.39,51.342,0.139893,0.005191,0.0,45
1,0,1,1,0,0,0,0,0,1,0,0,4,0,6,hall_monitor_cif.y4m,620.47,620.558,0.292267,0.005186,0.0,226
1,1,1,1,0,0,1,1,0,1,0,0,8,5,0,hall_monitor_cif.y4m,721.52,721.474,0.274463,0.005152,0.0,200
1,0,1,0,0,1,1,0,0,1,0,1,8,5,6,hall_monitor_cif.y4m,54.16,54.14,0.119791,0.005003,0.0,59
1,1,1,0,1,0,1,0,1,0,0,1,2,0,0,hall_monitor_cif.y4m,24.7,24.694,0.019494,0.005027,0.0,19
1,1,1,1,0,0,0,1,0,1,0,0,2,15,0,hall_monitor_cif.y4m,724.27,724.286,0.148088,0.004915,0.0,47
1,1,1,0,1,0,1,1,0,0,0,1,4,5,6,hall_monitor_cif.y4m,27.19,27.19,0.102225,0.004878,0.0,32
1,1,1,0,1,0,0,1,0,1,0,0,1,5,6,hall_monitor_cif.y4m,27.5,27.528,0.055408,0.004832,0.0,170
1,0,1,0,0,1,0,0,0,1,1,0,1,15,0,hall_monitor_cif.y4m,51.39,51.47,0.210594,0.005191,0.0,270
1,0,1,1,0,0,1,0,0,1,0,1,4,15,6,hall_monitor_cif.y4m,644.35,644.662,0.641537,0.004975,0.0,207
1,1,1,0,1,0,0,1,0,1,1,1,1,5,6,hall_monitor_cif.y4m,27.11,27.11,0.104881,0.004834,0.0,43
1,0,1,0,1,0,1,0,0,0,1,1,1,0,3,hall_monitor_cif.y4m,24.37,24.384,0.085029,0.004964,0.0,40
1,1,1,0,1,0,0,1,0,0,1,1,1,5,3,hall_monitor_cif.y4m,27.93,27.944,0.045056,0.004893,0.0,117
1,0,1,0,0,1,0,0,0,0,1,0,8,15,6,hall_monitor_cif.y4m,51.56,51.568,0.107564,0.005191,0.0,253
1,0,1,1,0,0,0,0,0,1,0,0,1,15,3,hall_monitor_cif.y4m,620.19,620.212,0.221292,0.005186,0.0,68
1,1,1,1,0,0,0,1,0,1,1,1,1,15,6,hall_monitor_cif.y4m,718.16,718.136,0.331406,0.004771,0.0,186
1,1,1,0,1,0,1,1,0,0,0,1,8,15,3,hall_monitor_cif.y4m,27.53,27.506,0.082946,0.00499,0.0,288
1,1,1,0,1,0,0,1,0,0,0,0,2,0,0,hall_monitor_cif.y4m,32.01,31.968,0.099599,0.004937,0.0,15
1,0,1,1,0,0,0,0,0,0,1,1,2,15,3,hall_monitor_cif.y4m,616.32,616.316,0.227222,0.005177,0.0,82
1,1,1,1,0,0,0,1,0,0,0,0,4,15,6,hall_monitor_cif.y4m,718.07,718.15,0.215058,0.004743,0.0,211
1,0,1,0,1,0,1,0,0,1,1,1,8,15,6,hall_monitor_cif.y4m,24.3,24.35,0.114018,0.004964,0.0,177
1,1,1,0,1,0,0,1,0,1,1,1,2,5,3,hall_monitor_cif.y4m,28.25,28.238,0.10663,0.004893,0.0,210
1,0,1,1,0,0,0,0,0,1,1,1,2,0,3,hall_monitor_cif.y4m,620.37,620.596,0.604632,0.005177,0.0,13
1,0,1,0,1,0,1,0,0,0,0,1,2,15,3,hall_monitor_cif.y4m,24.45,24.448,0.054037,0.004964,0.0,228
1,0,1,0,1,0,1,0,0,1,1,0,4,5,3,hall_monitor_cif.y4m,25.33,25.262,0.126174,0.004964,0.0,38
1,1,1,1,0,0,0,1,0,0,0,1,4,15,6,hall_monitor_cif.y4m,717.87,717.876,0.302952,0.004771,0.0,29
1,1,1,1,0,0,1,0,1,1,0,0,8,0,0,hall_monitor_cif.y4m,643.5,643.382,0.24025,0.004998,0.0,24
1,1,1,1,0,0,0,1,0,0,0,0,8,5,6,hall_monitor_cif.y4m,715.47,715.446,0.215708,0.004844,0.0,293
1,1,1,1,0,0,0,1,0,0,1,0,2,5,6,hall_monitor_cif.y4m,715.15,715.146,0.11149,0.004844,0.0,67
1,1,1,0,1,0,0,1,0,1,0,1,2,5,0,hall_monitor_cif.y4m,31.93,31.94,0.096695,0.004936,0.0,199
1,0,1,0,0,1,1,0,0,1,1,0,8,15,3,hall_monitor_cif.y4m,54.93,54.92,0.148829,0.005004,0.0,244
1,0,1,0,0,1,1,0,0,0,0,0,8,15,0,hall_monitor_cif.y4m,55.0,54.966,0.108305,0.005004,0.0,80
1,1,1,1,0,0,1,1,0,1,1,1,2,0,3,hall_monitor_cif.y4m,688.09,688.004,0.24996,0.005162,0.0,223
1,1,1,0,1,0,1,1,0,0,1,0,8,5,0,hall_monitor_cif.y4m,31.2,31.206,0.076681,0.005163,0.0,121
1,0,1,1,0,0,1,0,0,0,0,0,8,5,3,hall_monitor_cif.y4m,644.56,644.512,0.22775,0.004975,0.0,261
1,0,1,1,0,0,1,0,0,1,1,0,1,5,6,hall_monitor_cif.y4m,644.61,645.004,1.084541,0.004975,0.0,156
1,1,1,1,0,0,0,1,0,0,1,0,4,15,3,hall_monitor_cif.y4m,707.71,707.748,0.30045,0.004838,0.0,271
1,1,1,1,0,0,1,1,0,1,0,0,2,15,3,hall_monitor_cif.y4m,704.15,704.604,1.119053,0.004968,0.0,9
1,1,1,1,0,0,1,1,0,1,0,1,1,0,0,hall_monitor_cif.y4m,688.05,688.248,0.584654,0.005162,0.0,165
1,0,1,0,0,1,1,0,0,1,0,0,1,15,6,hall_monitor_cif.y4m,54.83,54.862,0.135536,0.005004,0.0,126
1,0,1,1,0,0,1,0,0,1,1,1,8,5,0,hall_monitor_cif.y4m,640.2,640.154,0.161493,0.004975,0.0,280
1,0,1,1,0,0,0,0,0,1,1,0,2,5,3,hall_monitor_cif.y4m,620.7,621.054,1.063381,0.005186,0.0,172
1,0,1,0,1,0,1,0,0,0,0,0,1,15,6,hall_monitor_cif.y4m,25.31,25.308,0.09654,0.004964,0.0,292
1,0,1,0,0,1,0,0,0,1,0,1,1,0,3,hall_monitor_cif.y4m,51.31,51.328,0.114324,0.005191,0.0,179
1,0,1,0,0,1,1,0,0,1,0,1,2,0,3,hall_monitor_cif.y4m,54.61,54.684,0.220635,0.005003,0.0,272
1,0,1,0,0,1,1,0,0,0,1,0,4,5,0,hall_monitor_cif.y4m,54.93,54.902,0.160219,0.005004,0.0,105
1,0,1,0,1,0,0,0,0,0,0,0,1,0,3,hall_monitor_cif.y4m,23.42,23.434,0.069138,0.00517,0.0,76
1,0,1,1,0,0,1,0,0,0,1,0,4,15,3,hall_monitor_cif.y4m,644.3,644.282,0.092574,0.004975,0.0,197
1,1,1,1,0,0,1,1,0,0,1,0,1,15,0,hall_monitor_cif.y4m,723.34,723.496,0.733676,0.005151,0.0,221
1,1,1,1,0,0,1,1,0,0,1,0,8,15,6,hall_monitor_cif.y4m,722.39,722.32,0.231193,0.004662,0.0,167
1,1,1,0,1,0,0,1,0,1,0,1,4,15,6,hall_monitor_cif.y4m,26.85,26.854,0.077653,0.004775,0.0,136
1,1,1,1,0,0,0,1,0,1,0,1,8,15,6,hall_monitor_cif.y4m,713.4,713.542,0.363827,0.004771,0.0,243
1,0,1,0,1,0,0,0,0,1,0,1,8,15,6,hall_monitor_cif.y4m,23.01,23.018,0.040866,0.005181,0.0,60
1,0,1,1,0,0,0,0,0,1,0,1,2,0,6,hall_monitor_cif.y4m,620.57,620.488,0.189526,0.005177,0.0,110
1,1,1,1,0,0,1,1,0,1,0,0,1,15,6,hall_monitor_cif.y4m,722.46,723.044,1.247189,0.004662,0.0,35
1,0,1,1,0,0,1,0,0,0,1,1,2,5,6,hall_monitor_cif.y4m,644.48,644.406,0.17869,0.004975,0.0,235
1,0,1,1,0,0,0,0,0,1,0,0,1,0,3,hall_monitor_cif.y4m,616.27,617.022,1.860906,0.005186,0.0,44
1,1,1,0,1,0,1,1,0,0,1,0,4,15,3,hall_monitor_cif.y4m,27.54,27.558,0.047645,0.004972,0.0,256
1,0,1,0,0,1,0,0,0,0,1,1,8,0,0,hall_monitor_cif.y4m,51.21,51.202,0.121943,0.005191,0.0,192
1,0,1,0,1,0,0,0,0,0,1,1,2,0,0,hall_monitor_cif.y4m,22.92,22.854,0.121778,0.005181,0.0,41
1,0,1,1,0,0,0,0,0,0,1,0,4,5,0,hall_monitor_cif.y4m,620.49,620.53,0.125897,0.005186,0.0,37
1,0,1,0,0,1,0,0,0,0,0,0,4,5,0,hall_monitor_cif.y4m,51.59,51.534,0.169499,0.005191,0.0,26
1,1,1,1,0,0,0,1,0,0,0,0,1,0,3,hall_monitor_cif.y4m,687.74,687.666,0.245214,0.004936,0.0,273
1,1,1,1,0,0,1,1,0,0,0,1,1,5,6,hall_monitor_cif.y4m,714.25,714.59,1.095559,0.004856,0.0,233
1,1,1,0,1,0,1,1,0,0,1,1,8,0,0,hall_monitor_cif.y4m,31.81,31.828,0.049193,0.005181,0.0,101
1,0,1,1,0,0,0,0,0,0,0,1,2,5,3,hall_monitor_cif.y4m,620.51,620.454,0.358371,0.005177,0.0,39
1,1,1,0,1,0,0,1,0,0,0,1,1,15,0,hall_monitor_cif.y4m,31.29,31.326,0.136858,0.00493,0.0,106
1,1,1,0,1,0,0,0,1,1,0,0,1,0,0,hall_monitor_cif.y4m,25.21,25.168,0.087864,0.004902,0.0,242
1,1,1,1,0,0,1,1,0,0,1,0,2,15,0,hall_monitor_cif.y4m,723.46,723.566,0.509637,0.005151,0.0,193
1,0,1,0,1,0,1,0,0,0,1,0,1,15,6,hall_monitor_cif.y4m,25.27,25.226,0.096592,0.004964,0.0,103
1,1,1,0,1,0,0,1,0,1,1,1,8,5,6,hall_monitor_cif.y4m,26.94,26.942,0.080747,0.004834,0.0,1
1,0,1,1,0,0,0,0,0,1,1,1,1,0,0,hall_monitor_cif.y4m,616.4,616.568,0.634602,0.005177,0.0,61
1,1,1,1,0,0,0,0,1,0,0,0,2,0,0,hall_monitor_cif.y4m,646.45,646.848,1.313058,0.004902,0.0,56
1,1,1,0,1,0,0,1,0,0,1,0,8,15,3,hall_monitor_cif.y4m,27.53,27.512,0.050695,0.004872,0.0,148
1,0,1,0,1,0,0,0,0,1,0,1,2,5,0,hall_monitor_cif.y4m,23.03,23.022,0.025884,0.005181,0.0,112
1,0,1,0,1,0,1,0,0,0,1,0,8,15,3,hall_monitor_cif.y4m,25.23,25.216,0.059833,0.004964,0.0,300
1,0,1,0,1,0,0,0,0,1,1,0,4,15,0,hall_monitor_cif.y4m,23.42,23.376,0.100399,0.00517,0.0,249
1,0,1,0,1,0,0,0,0,0,0,1,2,0,0,hall_monitor_cif.y4m,23.0,22.994,0.056391,0.005181,0.0,20
1,1,1,1,0,0,1,1,0,1,0,1,1,5,0,hall_monitor_cif.y4m,718.74,718.944,0.669948,0.005174,0.0,104
1,1,1,1,0,0,0,1,0,1,1,1,8,15,6,hall_monitor_cif.y4m,718.01,717.978,0.238684,0.004771,0.0,131
1,0,1,1,0,0,0,0,0,0,0,0,2,0,3,hall_monitor_cif.y4m,620.67,620.636,0.133716,0.005186,0.0,69
1,0,1,0,1,0,1,0,0,0,0,0,2,0,3,hall_monitor_cif.y4m,25.18,25.244,0.116748,0.004964,0.0,220
1,1,1,1,0,0,1,1,0,1,1,1,8,15,6,hall_monitor_cif.y4m,722.56,722.694,0.306235,0.004674,0.0,11
1,1,1,1,0,0,1,1,0,1,0,0,4,15,6,hall_monitor_cif.y4m,722.55,722.618,0.300533,0.004662,0.0,258
1,0,1,0,1,0,1,0,0,0,0,0,2,15,3,hall_monitor_cif.y4m,25.26,25.248,0.09471,0.004964,0.0,65
1,0,1,0,0,1,1,0,0,0,0,0,2,15,0,hall_monitor_cif.y4m,54.26,54.312,0.146185,0.005004,0.0,160
1,0,1,0,0,1,1,0,0,0,0,0,8,0,0,hall_monitor_cif.y4m,54.3,54.352,0.118195,0.005004,0.0,238
1,1,1,1,0,0,0,1,0,0,0,0,4,0,0,hall_monitor_cif.y4m,687.57,688.068,1.179012,0.004936,0.0,57
1,1,1,0,1,0,0,1,0,1,0,1,2,0,0,hall_monitor_cif.y4m,31.12,31.118,0.049699,0.004945,0.0,79
1,0,1,0,1,0,1,0,0,0,1,0,4,15,3,hall_monitor_cif.y4m,25.22,25.226,0.082644,0.004964,0.0,224
1,1,1,0,1,0,0,1,0,1,0,0,2,0,3,hall_monitor_cif.y4m,31.91,31.898,0.087579,0.004937,0.0,48
1,0,1,0,1,0,1,0,0,0,0,1,8,0,6,hall_monitor_cif.y4m,24.47,24.444,0.093434,0.004964,0.0,173
1,1,1,1,0,0,1,1,0,0,1,1,1,0,0,hall_monitor_cif.y4m,683.47,683.53,0.263723,0.005162,0.0,283
1,0,1,0,1,0,0,0,0,0,0,0,1,0,6,hall_monitor_cif.y4m,23.12,23.122,0.069785,0.00517,0.0,190
1,0,1,0,1,0,1,0,0,1,1,1,4,0,6,hall_monitor_cif.y4m,24.2,24.158,0.071554,0.004964,0.0,259
1,0,1,1,0,0,0,0,0,0,0,1,1,15,3,hall_monitor_cif.y4m,620.28,620.352,0.272342,0.005177,0.0,7
1,0,1,0,0,1,0,0,0,0,0,1,2,5,0,hall_monitor_cif.y4m,51.38,51.34,0.123895,0.005191,0.0,73
1,1,1,1,0,0,1,1,0,0,0,0,2,0,6,hall_monitor_cif.y4m,688.96,689.226,0.998439,0.005155,0.0,63
1,0,1,0,0,1,1,0,0,1,1,0,2,15,3,hall_monitor_cif.y4m,54.94,54.96,0.178185,0.005004,0.0,284
1,0,1,1,0,0,1,0,0,1,0,1,8,15,6,hall_monitor_cif.y4m,644.33,644.442,0.26565,0.004975,0.0,250
1,1,1,0,1,0,0,1,0,0,0,0,2,5,0,hall_monitor_cif.y4m,31.88,31.858,0.050695,0.004934,0.0,209
1,0,1,0,1,0,1,0,0,0,0,1,4,5,3,hall_monitor_cif.y4m,24.45,24.428,0.049699,0.004964,0.0,138
1,1,1,1,0,0,0,0,1,1,1,0,1,0,0,hall_monitor_cif.y4m,646.39,646.824,1.062746,0.004902,0.0,135
1,1,1,1,0,0,1,1,0,1,1,0,4,5,3,hall_monitor_cif.y4m,717.71,717.838,0.576992,0.004998,0.0,264
1,1,1,1,0,0,0,1,0,1,1,0,2,0,6,hall_monitor_cif.y4m,687.71,687.654,0.168018,0.004936,0.0,215
1,0,1,0,0,1,0,0,0,0,1,1,4,5,3,hall_monitor_cif.y4m,51.16,51.178,0.09094,0.005191,0.0,50
1,0,1,1,0,0,0,0,0,1,1,0,4,0,6,hall_monitor_cif.y4m,620.38,620.324,0.213378,0.005186,0.0,98
1,1,1,1,0,0,0,1,0,1,1,0,1,15,0,hall_monitor_cif.y4m,724.17,724.226,0.271533,0.004915,0.0,140
1,1,1,1,0,0,0,1,0,0,1,1,1,0,3,hall_monitor_cif.y4m,691.81,691.876,0.167272,0.004941,0.0,113
1,0,1,0,1,0,1,0,0,1,1,0,1,0,6,hall_monitor_cif.y4m,25.17,25.192,0.126768,0.004964,0.0,3
1,0,1,0,0,1,0,0,0,1,1,1,8,0,0,hall_monitor_cif.y4m,51.32,51.304,0.12818,0.005191,0.0,149
1,0,1,1,0,0,0,0,0,0,1,1,8,5,6,hall_monitor_cif.y4m,620.23,620.292,0.253811,0.005177,0.0,153
1,1,1,1,0,0,1,1,0,1,1,0,2,15,6,hall_monitor_cif.y4m,723.1,723.068,0.46869,0.004662,0.0,133
1,0,1,1,0,0,0,0,0,0,0,0,1,0,3,hall_monitor_cif.y4m,616.22,616.194,0.242446,0.005186,0.0,191
1,1,1,0,1,0,0,1,0,1,0,1,1,0,6,hall_monitor_cif.y4m,31.1,31.136,0.075697,0.004945,0.0,100
1,0,1,1,0,0,1,0,0,0,1,0,4,0,3,hall_monitor_cif.y4m,644.39,644.49,0.303562,0.004975,0.0,85
1,0,1,0,0,1,1,0,0,0,0,0,2,0,3,hall_monitor_cif.y4m,54.93,54.98,0.203347,0.005004,0.0,88
1,0,1,0,1,0,1,0,0,1,1,0,4,15,6,hall_monitor_cif.y4m,25.29,25.266,0.095289,0.004964,0.0,31
1,0,1,0,0,1,1,0,0,0,0,0,4,5,3,hall_monitor_cif.y4m,54.75,54.81,0.127083,0.005004,0.0,134
1,1,1,0,1,0,1,1,0,1,1,1,8,0,3,hall_monitor_cif.y4m,31.84,31.832,0.066106,0.005181,0.0,147
1,1,1,1,0,0,0,1,0,0,1,1,4,15,6,hall_monitor_cif.y4m,717.87,717.898,0.191755,0.004771,0.0,275
1,0,1,0,0,1,1,0,0,0,1,0,4,15,3,hall_monitor_cif.y4m,54.91,54.898,0.140428,0.005004,0.0,143
1,1,1,0,1,0,1,1,0,1,0,0,1,5,6,hall_monitor_cif.y4m,27.44,27.484,0.147071,0.004852,0.0,8
1,1,1,1,0,0,1,1,0,0,1,1,4,5,3,hall_monitor_cif.y4m,706.53,706.652,0.331693,0.005078,0.0,216
1,0,1,1,0,0,1,0,0,1,0,0,1,0,3,hall_monitor_cif.y4m,644.4,644.41,0.095394,0.004975,0.0,214
1,0,1,0,0,1,0,0,0,0,0,0,1,5,0,hall_monitor_cif.y4m,51.29,51.342,0.168137,0.005191,0.0,17
1,0,1,0,0,1,1,0,0,0,0,0,1,5,0,hall_monitor_cif.y4m,54.95,54.918,0.211353,0.005004,0.0,206
1,0,1,0,1,0,0,0,0,1,1,1,8,15,0,hall_monitor_cif.y4m,23.02,23.022,0.068702,0.005181,0.0,36
1,1,1,0,1,0,1,1,0,0,0,0,4,15,3,hall_monitor_cif.y4m,27.54,27.544,0.057271,0.004972,0.0,6
1,0,1,1,0,0,1,0,0,0,0,1,1,0,6,hall_monitor_cif.y4m,640.22,640.252,0.246617,0.004975,0.0,5
1,0,1,1,0,0,1,0,0,0,0,0,8,15,6,hall_monitor_cif.y4m,640.34,640.274,0.24996,0.004975,0.0,164
1,0,1,0,0,1,0,0,0,1,0,0,8,0,6,hall_monitor_cif.y4m,50.95,50.934,0.135388,0.005191,0.0,97
1,0,1,1,0,0,0,0,0,0,1,0,2,5,3,hall_monitor_cif.y4m,620.46,620.51,0.363593,0.005186,0.0,236
1,1,1,0,1,0,1,1,0,0,0,0,8,5,0,hall_monitor_cif.y4m,31.35,31.334,0.110589,0.005163,0.0,71
1,1,1,0,1,0,1,1,0,1,0,1,2,0,3,hall_monitor_cif.y4m,31.81,31.798,0.055408,0.005181,0.0,295
1,0,1,1,0,0,1,0,0,1,1,0,8,5,3,hall_monitor_cif.y4m,644.6,644.908,0.999285,0.004975,0.0,286
1,0,1,0,1,0,0,0,0,0,0,1,1,5,0,hall_monitor_cif.y4m,22.98,23.002,0.044944,0.005181,0.0,34
1,0,1,0,1,0,1,0,0,1,1,1,1,5,3,hall_monitor_cif.y4m,24.1,24.098,0.055408,0.004964,0.0,240
1,0,1,0,0,1,1,0,0,0,0,1,4,15,3,hall_monitor_cif.y4m,54.64,54.638,0.114543,0.005003,0.0,18
1,0,1,0,1,0,0,0,0,0,1,0,8,0,6,hall_monitor_cif.y4m,23.1,23.094,0.054129,0.00517,0.0,102
1,1,1,1,0,0,1,0,1,0,1,0,4,0,0,hall_monitor_cif.y4m,643.51,643.77,0.790158,0.004998,0.0,51
1,1,1,1,0,0,1,1,0,0,0,1,4,15,6,hall_monitor_cif.y4m,722.6,722.628,0.347088,0.004674,0.0,282
1,0,1,0,1,0,1,0,0,1,1,1,1,0,3,hall_monitor_cif.y4m,24.39,24.388,0.068337,0.004964,0.0,77
1,0,1,1,0,0,1,0,0,0,1,0,2,0,3,hall_monitor_cif.y4m,644.7,644.7,0.121861,0.004975,0.0,128
1,1,1,0,1,0,1,1,0,0,0,0,2,5,3,hall_monitor_cif.y4m,28.24,28.246,0.087063,0.005041,0.0,234
1,0,1,1,0,0,0,0,0,0,1,1,1,0,0,hall_monitor_cif.y4m,620.65,620.87,0.653338,0.005177,0.0,252
1,0,1,1,0,0,1,0,0,0,0,1,4,0,3,hall_monitor_cif.y4m,644.57,644.586,0.198066,0.004975,0.0,28
1,0,1,0,0,1,1,0,0,1,1,1,8,15,3,hall_monitor_cif.y4m,54.86,54.884,0.15566,0.005003,0.0,139
1,0,1,0,0,1,0,0,0,0,0,1,1,5,0,hall_monitor_cif.y4m,51.33,51.328,0.090111,0.005191,0.0,158
1,1,1,0,1,0,1,1,0,1,0,1,8,5,3,hall_monitor_cif.y4m,28.31,28.292,0.052154,0.00503,0.0,152
1,0,1,1,0,0,1,0,0,1,0,0,2,0,6,hall_monitor_cif.y4m,644.44,644.428,0.175841,0.004975,0.0,12
1,1,1,0,1,0,0,1,0,0,0,1,4,15,3,hall_monitor_cif.y4m,27.41,27.468,0.123167,0.004876,0.0,294
1,1,1,0,1,0,0,1,0,0,0,1,8,15,3,hall_monitor_cif.y4m,27.33,27.312,0.05933,0.004876,0.0,154
1,1,1,1,0,0,0,1,0,1,0,0,2,15,6,hall_monitor_cif.y4m,718.13,718.104,0.234051,0.004743,0.0,157
1,0,1,1,0,0,1,0,0,1,1,1,2,0,3,hall_monitor_cif.y4m,644.32,644.31,0.06,0.004975,0.0,150
1,1,1,0,1,0,1,1,0,0,1,0,8,0,6,hall_monitor_cif.y4m,31.51,31.492,0.084971,0.005157,0.0,287
1,0,1,0,1,0,0,0,0,1,1,0,1,0,3,hall_monitor_cif.y4m,23.37,23.33,0.067823,0.00517,0.0,297
1,0,1,0,0,1,0,0,0,1,1,0,8,15,0,hall_monitor_cif.y4m,51.49,51.472,0.157544,0.005191,0.0,263
1,1,1,0,1,0,0,1,0,1,1,1,1,5,3,hall_monitor_cif.y4m,28.29,28.316,0.131833,0.004893,0.0,255
1,0,1,1,0,0,0,0,0,1,1,0,8,15,3,hall_monitor_cif.y4m,620.22,620.222,0.312762,0.005186,0.0,115
1,0,1,0,0,1,1,0,0,1,0,1,4,15,3,hall_monitor_cif.y4m,54.78,54.814,0.159937,0.005003,0.0,188
1,0,1,0,0,1,1,0,0,0,0,1,8,0,6,hall_monitor_cif.y4m,54.74,54.69,0.11225,0.005003,0.0,212
1,0,1,1,0,0,1,0,0,0,0,1,1,15,3,hall_monitor_cif.y4m,644.34,644.338,0.231452,0.004975,0.0,195
1,0,1,0,1,0,0,0,0,0,1,1,2,15,0,hall_monitor_cif.y4m,23.06,23.066,0.088487,0.005181,0.0,119
1,0,1,1,0,0,0,0,0,1,0,1,4,15,0,hall_monitor_cif.y4m,620.47,620.47,0.169263,0.005177,0.0,58
1,0,1,0,1,0,1,0,0,1,0,1,4,0,6,hall_monitor_cif.y4m,24.14,24.146,0.108536,0.004964,0.0,277
1,0,1,0,1,0,1,0,0,0,1,1,4,5,6,hall_monitor_cif.y4m,24.42,24.394,0.059414,0.004964,0.0,64
1,1,1,0,1,0,1,1,0,1,0,0,2,0,0,hall_monitor_cif.y4m,31.52,31.528,0.07328,0.005157,0.0,285
1,1,1,0,1,0,1,1,0,1,0,0,4,0,0,hall_monitor_cif.y4m,31.48,31.472,0.09094,0.005157,0.0,290
1,0,1,1,0,0,0,0,0,1,0,1,8,5,6,hall_monitor_cif.y4m,620.35,620.242,0.170646,0.005177,0.0,196
1,1,1,1,0,0,1,0,1,1,1,1,1,0,0,hall_monitor_cif.y4m,642.54,643.272,1.161064,0.005005,0.0,93
1,0,1,1,0,0,1,0,0,0,1,1,4,5,6,hall_monitor_cif.y4m,640.15,640.264,0.256671,0.004975,0.0,299
1,0,1,1,0,0,0,0,0,1,0,0,2,5,0,hall_monitor_cif.y4m,620.5,620.524,0.239854,0.005186,0.0,125
1,1,1,0,1,0,0,1,0,1,0,1,2,15,6,hall_monitor_cif.y4m,26.87,26.86,0.077782,0.004775,0.0,21
1,0,1,0,1,0,0,0,0,1,0,1,2,0,0,hall_monitor_cif.y4m,22.96,22.996,0.07893,0.005181,0.0,225
1,0,1,0,1,0,0,0,0,1,0,0,2,5,0,sintel_trailer_2k_480p24.y4m,28.34,28.21,0.215639,0.000308,0.0,114
1,1,1,1,0,0,0,0,1,0,0,1,1,0,0,sintel_trailer_2k_480p24.y4m,1268.61,1268.844,0.46479,0.000349,0.0,281
1,1,1,1,0,0,0,1,0,1,1,0,2,5,0,sintel_trailer_2k_480p24.y4m,793.49,791.972,2.481798,0.000349,0.0,49
1,0,1,0,0,1,1,0,0,0,0,0,2,15,6,sintel_trailer_2k_480p24.y4m,111.03,111.222,0.424405,0.000322,0.0,194
1,0,1,1,0,0,0,0,0,0,0,0,2,0,6,sintel_trailer_2k_480p24.y4m,1097.5,1097.982,0.985353,0.000305,0.0,62
1,1,1,0,1,0,0,1,0,1,1,1,1,15,3,sintel_trailer_2k_480p24.y4m,43.63,43.528,0.273441,0.00035,0.0,91
1,0,1,0,0,1,1,0,0,0,0,0,4,0,6,sintel_trailer_2k_480p24.y4m,110.64,110.836,0.482317,0.000322,0.0,107
1,0,1,1,0,0,1,0,0,0,0,1,4,5,3,sintel_trailer_2k_480p24.y4m,1223.11,1223.002,0.711245,0.000323,0.0,181
1,0,1,0,1,0,1,0,0,0,0,0,4,5,0,sintel_trailer_2k_480p24.y4m,35.51,35.472,0.329879,0.000322,0.0,247
1,0,1,1,0,0,0,0,0,1,1,0,4,5,3,sintel_trailer_2k_480p24.y4m,612.22,611.582,1.569322,0.000304,0.0,166
1,0,1,0,0,1,0,0,0,0,1,1,4,0,0,sintel_trailer_2k_480p24.y4m,52.7,52.668,0.31618,0.000305,0.0,25
1,1,1,0,1,0,0,1,0,0,0,1,8,0,6,sintel_trailer_2k_480p24.y4m,42.92,42.872,0.222868,0.00035,0.0,203
1,1,1,1,0,0,1,1,0,1,1,1,4,5,6,sintel_trailer_2k_480p24.y4m,836.18,835.152,2.198356,0.000351,0.0,219
1,0,1,0,0,1,0,0,0,0,0,0,4,15,0,sintel_trailer_2k_480p24.y4m,90.37,90.498,0.41421,0.000306,0.0,162
1,0,1,1,0,0,1,0,0,0,1,0,4,15,6,sintel_trailer_2k_480p24.y4m,685.73,685.666,0.315325,0.000322,0.0,182
1,0,1,0,0,1,0,0,0,1,1,0,1,15,6,sintel_trailer_2k_480p24.y4m,91.56,91.898,0.559348,0.000305,0.0,10
1,1,1,1,0,0,1,1,0,1,1,1,2,15,0,sintel_trailer_2k_480p24.y4m,851.89,849.854,3.420326,0.000342,0.0,14
1,1,1,1,0,0,0,1,0,0,0,1,1,0,6,sintel_trailer_2k_480p24.y4m,1303.11,1302.884,0.485469,0.000349,0.0,89
1,1,1,1,0,0,0,1,0,1,1,1,1,5,0,sintel_trailer_2k_480p24.y4m,1423.67,1423.848,0.716917,0.00035,0.0,116
1,0,1,1,0,0,0,0,0,0,1,1,4,15,3,sintel_trailer_2k_480p24.y4m,611.97,612.082,0.256457,0.000307,0.0,217
1,1,1,0,1,0,0,1,0,0,1,0,1,0,0,sintel_trailer_2k_480p24.y4m,42.83,42.904,0.202559,0.00035,0.0,75
1,1,1,0,1,0,0,1,0,1,1,1,2,15,6,sintel_trailer_2k_480p24.y4m,28.57,28.61,0.106536,0.000349,0.0,266
1,0,1,1,0,0,1,0,0,0,1,1,4,15,3,sintel_trailer_2k_480p24.y4m,681.35,682.226,2.046626,0.000322,0.0,268
1,0,1,0,1,0,1,0,0,1,1,1,4,15,3,sintel_trailer_2k_480p24.y4m,21.84,21.852,0.047645,0.000322,0.0,187
1,0,1,0,0,1,1,0,0,0,1,0,8,15,3,sintel_trailer_2k_480p24.y4m,63.62,63.8,0.346194,0.000323,0.0,161
1,0,1,0,1,0,1,0,0,0,1,0,2,0,6,sintel_trailer_2k_480p24.y4m,21.77,21.812,0.168434,0.000323,0.0,23
1,1,1,1,0,0,0,1,0,1,1,0,2,5,6,sintel_trailer_2k_480p24.y4m,805.09,803.368,2.956555,0.000348,0.0,2
1,1,1,1,0,0,1,0,1,1,0,1,2,0,0,sintel_trailer_2k_480p24.y4m,1388.18,1388.424,0.514908,0.000335,0.0,16
1,0,1,1,0,0,0,0,0,1,1,1,8,15,0,sintel_trailer_2k_480p24.y4m,612.57,611.672,2.12896,0.000307,0.0,262
1,1,1,1,0,0,0,1,0,1,1,0,4,5,0,sintel_trailer_2k_480p24.y4m,794.28,795.466,3.087229,0.000349,0.0,66
1,0,1,1,0,0,0,0,0,1,0,0,2,0,0,sintel_trailer_2k_480p24.y4m,1097.91,1097.814,0.472155,0.000305,0.0,86
1,0,1,0,1,0,1,0,0,0,1,0,2,5,6,sintel_trailer_2k_480p24.y4m,21.75,21.74,0.174642,0.000323,0.0,231
1,0,1,0,1,0,0,0,0,0,0,0,4,5,0,sintel_trailer_2k_480p24.y4m,27.96,27.84,0.212485,0.000308,0.0,269
1,1,1,0,1,0,1,1,0,0,1,0,1,5,0,sintel_trailer_2k_480p24.y4m,46.79,46.782,0.084676,0.000344,0.0,180
1,0,1,0,0,1,0,0,0,0,1,0,4,5,6,sintel_trailer_2k_480p24.y4m,52.9,52.966,0.188229,0.000305,0.0,274
1,1,1,1,0,0,0,1,0,1,1,0,2,15,6,sintel_trailer_2k_480p24.y4m,798.32,796.168,3.141094,0.000349,0.0,184
1,0,1,0,0,1,1,0,0,0,0,1,4,5,0,sintel_trailer_2k_480p24.y4m,111.57,111.398,0.45746,0.000322,0.0,118
1,1,1,1,0,0,0,1,0,0,0,0,1,0,6,sintel_trailer_2k_480p24.y4m,1294.77,1294.404,0.629349,0.000349,0.0,254
1,0,1,1,0,0,1,0,0,0,1,1,4,5,0,sintel_trailer_2k_480p24.y4m,680.11,680.072,0.114978,0.000322,0.0,208
1,0,1,0,0,1,1,0,0,1,1,0,4,5,6,sintel_trailer_2k_480p24.y4m,63.75,63.976,0.338866,0.000323,0.0,279
1,1,1,1,0,0,0,1,0,0,1,1,4,15,3,sintel_trailer_2k_480p24.y4m,792.05,791.21,2.06285,0.000348,0.0,229
1,0,1,0,0,1,1,0,0,1,1,1,1,0,0,sintel_trailer_2k_480p24.y4m,108.82,109.206,0.740324,0.000322,0.0,46
1,0,1,0,0,1,0,0,0,1,1,1,4,5,6,sintel_trailer_2k_480p24.y4m,53.11,53.22,0.277038,0.000305,0.0,171
1,1,1,1,0,0,0,1,0,0,1,0,2,5,0,sintel_trailer_2k_480p24.y4m,798.72,798.762,0.248435,0.000349,0.0,99
1,0,1,0,0,1,0,0,0,0,0,0,8,0,0,sintel_trailer_2k_480p24.y4m,92.51,92.11,0.651076,0.000306,0.0,81
1,1,1,1,0,0,1,1,0,1,0,1,8,5,0,sintel_trailer_2k_480p24.y4m,1537.96,1537.778,0.734792,0.00034,0.0,155
1,0,1,0,1,0,0,0,0,1,0,1,1,15,6,sintel_trailer_2k_480p24.y4m,28.04,27.974,0.148425,0.000308,0.0,96
1,1,1,1,0,0,0,1,0,1,1,1,8,0,0,sintel_trailer_2k_480p24.y4m,727.52,727.664,0.427001,0.00035,0.0,218
1,1,1,1,0,0,1,1,0,1,1,0,8,0,6,sintel_trailer_2k_480p24.y4m,789.29,787.42,2.796247,0.000343,0.0,53
1,1,1,0,1,0,1,0,1,0,0,0,2,0,0,sintel_trailer_2k_480p24.y4m,41.39,41.462,0.200798,0.000334,0.0,109
1,0,1,0,1,0,0,0,0,0,1,0,4,5,6,sintel_trailer_2k_480p24.y4m,17.41,17.43,0.089443,0.000306,0.0,185
1,1,1,1,0,0,0,1,0,0,1,1,2,0,0,sintel_trailer_2k_480p24.y4m,722.28,720.734,2.831304,0.00035,0.0,239
1,0,1,1,0,0,0,0,0,0,0,1,2,0,0,sintel_trailer_2k_480p24.y4m,1090.92,1091.08,0.778107,0.000306,0.0,276
1,0,1,1,0,0,1,0,0,0,0,1,4,0,6,sintel_trailer_2k_480p24.y4m,1222.51,1222.592,0.675441,0.000323,0.0,257
1,0,1,0,0,1,0,0,0,1,1,0,1,5,0,sintel_trailer_2k_480p24.y4m,91.51,91.826,0.596096,0.000305,0.0,42
1,1,1,0,1,0,1,1,0,0,0,0,2,15,3,sintel_trailer_2k_480p24.y4m,46.94,46.908,0.299449,0.00034,0.0,204
1,0,1,1,0,0,1,0,0,1,0,1,2,15,6,sintel_trailer_2k_480p24.y4m,1223.23,1223.032,0.819616,0.000323,0.0,145
1,0,1,0,1,0,0,0,0,0,0,0,2,0,3,sintel_trailer_2k_480p24.y4m,27.96,27.94,0.215986,0.000308,0.0,246
1,1,1,1,0,0,0,1,0,0,1,1,8,0,0,sintel_trailer_2k_480p24.y4m,727.49,725.758,2.713866,0.00035,0.0,202
1,1,1,0,1,0,0,1,0,1,0,0,2,5,3,sintel_trailer_2k_480p24.y4m,44.37,44.422,0.223092,0.000349,0.0,70
1,0,1,0,1,0,0,0,0,0,1,0,1,5,3,sintel_trailer_2k_480p24.y4m,27.76,27.772,0.048166,0.000306,0.0,230
1,0,1,0,1,0,1,0,0,0,0,0,4,15,6,sintel_trailer_2k_480p24.y4m,35.15,35.278,0.22753,0.000322,0.0,267
1,1,1,1,0,0,1,1,0,0,0,1,8,5,3,sintel_trailer_2k_480p24.y4m,1517.16,1517.202,0.406964,0.00034,0.0,146
1,0,1,0,1,0,1,0,0,0,0,1,2,15,0,sintel_trailer_2k_480p24.y4m,35.97,35.89,0.204817,0.000322,0.0,27
1,0,1,0,1,0,1,0,0,0,1,1,8,0,3,sintel_trailer_2k_480p24.y4m,21.98,21.834,0.219499,0.000322,0.0,137
1,1,1,1,0,0,0,1,0,0,1,1,2,15,0,sintel_trailer_2k_480p24.y4m,800.1,801.708,2.826158,0.00035,0.0,189
1,1,1,0,1,0,1,1,0,1,0,0,4,15,0,sintel_trailer_2k_480p24.y4m,46.82,46.962,0.217876,0.000342,0.0,132
1,1,1,1,0,0,0,0,1,1,0,1,8,0,0,sintel_trailer_2k_480p24.y4m,1261.8,1261.684,0.735139,0.000349,0.0,169
1,0,1,0,0,1,0,0,0,0,0,0,1,5,6,sintel_trailer_2k_480p24.y4m,92.38,92.276,0.377266,0.000306,0.0,33
1,0,1,1,0,0,0,0,0,0,1,1,8,15,0,sintel_trailer_2k_480p24.y4m,611.79,610.962,1.864234,0.000307,0.0,205
1,0,1,1,0,0,0,0,0,1,0,1,2,0,0,sintel_trailer_2k_480p24.y4m,1097.01,1097.128,0.315706,0.000306,0.0,245
1,1,1,0,1,0,1,1,0,0,1,1,1,15,0,sintel_trailer_2k_480p24.y4m,45.17,45.292,0.223987,0.000345,0.0,298
1,0,1,1,0,0,1,0,0,1,1,0,2,5,6,sintel_trailer_2k_480p24.y4m,685.38,684.45,2.130141,0.000322,0.0,163
1,1,1,1,0,0,0,1,0,0,0,0,1,5,0,sintel_trailer_2k_480p24.y4m,1452.99,1452.908,0.535742,0.000349,0.0,123
1,0,1,0,0,1,1,0,0,1,0,0,4,15,0,sintel_trailer_2k_480p24.y4m,111.52,111.286,0.648483,0.000322,0.0,4
1,0,1,0,0,1,1,0,0,1,1,0,8,5,6,sintel_trailer_2k_480p24.y4m,64.35,64.23,0.180416,0.000323,0.0,141
1,1,1,0,1,0,0,1,0,1,0,0,8,5,6,sintel_trailer_2k_480p24.y4m,45.13,45.102,0.096799,0.000347,0.0,129
1,1,1,0,1,0,1,1,0,1,1,0,4,5,3,sintel_trailer_2k_480p24.y4m,29.88,29.988,0.202657,0.000342,0.0,159
1,0,1,0,0,1,1,0,0,1,0,0,1,0,0,sintel_trailer_2k_480p24.y4m,111.88,111.678,0.482462,0.000322,0.0,22
1,0,1,0,0,1,0,0,0,1,0,1,2,0,6,sintel_trailer_2k_480p24.y4m,91.45,91.75,0.638436,0.000305,0.0,175
1,1,1,1,0,0,0,1,0,1,1,1,8,5,6,sintel_trailer_2k_480p24.y4m,799.52,799.386,0.252943,0.000348,0.0,151
1,1,1,0,1,0,0,1,0,0,1,0,2,5,0,sintel_trailer_2k_480p24.y4m,27.99,27.944,0.112161,0.00035,0.0,52
1,0,1,0,0,1,0,0,0,0,0,1,4,0,3,sintel_trailer_2k_480p24.y4m,91.31,91.602,0.528697,0.000305,0.0,108
1,0,1,0,1,0,1,0,0,0,0,1,8,15,0,sintel_trailer_2k_480p24.y4m,35.96,35.822,0.226539,0.000322,0.0,72
1,0,1,1,0,0,1,0,0,1,1,0,8,0,6,sintel_trailer_2k_480p24.y4m,685.18,684.654,1.448648,0.000322,0.0,248
1,1,1,1,0,0,1,1,0,1,1,0,8,5,6,sintel_trailer_2k_480p24.y4m,844.99,844.166,2.893265,0.000348,0.0,174
1,0,1,1,0,0,1,0,0,1,1,1,8,0,3,sintel_trailer_2k_480p24.y4m,684.37,683.672,1.827422,0.000322,0.0,130
1,1,1,0,1,0,1,1,0,1,1,1,8,15,0,sintel_trailer_2k_480p24.y4m,29.31,29.344,0.148593,0.000345,0.0,168
1,0,1,0,0,1,1,0,0,1,0,1,8,0,6,sintel_trailer_2k_480p24.y4m,111.31,111.192,0.742913,0.000322,0.0,198
1,0,1,0,0,1,1,0,0,1,1,0,1,0,3,sintel_trailer_2k_480p24.y4m,110.45,110.526,0.512182,0.000323,0.0,83
1,1,1,1,0,0,1,1,0,0,1,0,1,0,3,sintel_trailer_2k_480p24.y4m,1397.22,1397.364,0.249259,0.000343,0.0,291
1,0,1,0,1,0,0,0,0,1,1,0,1,0,6,sintel_trailer_2k_480p24.y4m,27.74,27.68,0.181659,0.000306,0.0,237
1,0,1,0,0,1,0,0,0,1,1,1,2,15,3,sintel_trailer_2k_480p24.y4m,53.51,53.464,0.231797,0.000305,0.0,90
1,1,1,1,0,0,1,1,0,0,0,1,1,15,0,sintel_trailer_2k_480p24.y4m,1524.12,1524.212,0.650669,0.000339,0.0,87
1,0,1,1,0,0,1,0,0,1,0,0,1,5,0,sintel_trailer_2k_480p24.y4m,1221.63,1221.526,0.362257,0.000323,0.0,74
1,0,1,0,0,1,0,0,0,1,0,0,2,0,3,sintel_trailer_2k_480p24.y4m,91.62,91.828,0.540897,0.000306,0.0,201
1,0,1,0,1,0,0,0,0,1,0,1,1,0,0,sintel_trailer_2k_480p24.y4m,28.06,27.95,0.199625,0.000308,0.0,183
1,0,1,1,0,0,0,0,0,0,0,0,4,0,6,sintel_trailer_2k_480p24.y4m,1097.96,1097.88,0.535864,0.000305,0.0,227
1,1,1,0,1,0,1,1,0,0,0,0,1,15,6,sintel_trailer_2k_480p24.y4m,46.29,46.32,0.158272,0.000348,0.0,222
1,0,1,0,0,1,0,0,0,0,1,0,8,0,6,sintel_trailer_2k_480p24.y4m,53.86,53.658,0.346944,0.000305,0.0,55
1,0,1,1,0,0,0,0,0,0,1,1,2,5,0,sintel_trailer_2k_480p24.y4m,612.36,611.09,2.24029,0.000307,0.0,142
1,0,1,1,0,0,1,0,0,1,0,1,1,5,6,sintel_trailer_2k_480p24.y4m,1223.01,1223.14,0.409817,0.000323,0.0,124
1,0,1,1,0,0,1,0,0,0,0,0,8,0,0,sintel_trailer_2k_480p24.y4m,1221.16,1220.94,0.436864,0.000323,0.0,95
1,0,1,1,0,0,1,0,0,1,0,0,2,15,0,sintel_trailer_2k_480p24.y4m,1221.8,1222.01,0.425735,0.000323,0.0,241
1,0,1,0,1,0,0,0,0,0,1,1,1,5,3,sintel_trailer_2k_480p24.y4m,27.3,27.416,0.207075,0.000309,0.0,289
1,0,1,1,0,0,1,0,0,1,1,0,1,5,0,sintel_trailer_2k_480p24.y4m,1228.08,1228.248,1.197944,0.000322,0.0,278
1,1,1,0,1,0,0,1,0,1,1,0,1,0,6,sintel_trailer_2k_480p24.y4m,42.83,42.934,0.275917,0.00035,0.0,176
1,0,1,0,0,1,1,0,0,0,1,0,8,5,0,sintel_trailer_2k_480p24.y4m,63.77,63.808,0.436199,0.000323,0.0,122
1,0,1,0,0,1,0,0,0,0,1,0,4,0,6,sintel_trailer_2k_480p24.y4m,52.91,52.994,0.240167,0.000305,0.0,30
1,1,1,0,1,0,0,1,0,0,0,0,2,0,6,sintel_trailer_2k_480p24.y4m,43.73,43.646,0.234798,0.00035,0.0,251
1,0,1,1,0,0,0,0,0,0,0,1,1,0,0,sintel_trailer_2k_480p24.y4m,1097.12,1097.2,0.59127,0.000306,0.0,120
1,0,1,1,0,0,0,0,0,0,0,1,2,15,6,sintel_trailer_2k_480p24.y4m,1091.08,1090.914,0.447806,0.000306,0.0,144
1,0,1,0,1,0,1,0,0,0,0,0,1,0,3,sintel_trailer_2k_480p24.y4m,35.69,35.846,0.26025,0.000322,0.0,265
1,1,1,0,1,0,0,1,0,0,1,0,2,0,6,sintel_trailer_2k_480p24.y4m,27.63,27.75,0.208327,0.00035,0.0,260
1,1,1,0,1,0,0,1,0,0,0,1,1,0,3,sintel_trailer_2k_480p24.y4m,42.98,42.962,0.130077,0.00035,0.0,78
1,0,1,0,1,0,0,0,0,0,1,1,8,15,3,sintel_trailer_2k_480p24.y4m,17.26,17.236,0.071274,0.000309,0.0,84
1,0,1,1,0,0,1,0,0,1,0,0,4,15,3,sintel_trailer_2k_480p24.y4m,1220.79,1221.168,0.876624,0.000323,0.0,296
1,0,1,0,0,1,0,0,0,0,0,1,2,5,6,sintel_trailer_2k_480p24.y4m,92.21,91.952,0.56309,0.000305,0.0,232
1,0,1,0,0,1,1,0,0,0,1,0,4,15,6,sintel_trailer_2k_480p24.y4m,64.0,64.018,0.190971,0.000323,0.0,213
1,1,1,0,1,0,0,1,0,0,1,1,8,15,3,sintel_trailer_2k_480p24.y4m,28.27,28.258,0.096799,0.00035,0.0,94
1,0,1,0,1,0,0,0,0,0,1,1,1,5,0,sintel_trailer_2k_480p24.y4m,27.96,27.844,0.203544,0.000309,0.0,178
1,0,1,1,0,0,1,0,0,1,0,0,4,0,0,sintel_trailer_2k_480p24.y4m,1220.75,1220.698,0.621667,0.000323,0.0,127
1,1,1,0,1,0,1,1,0,0,1,0,8,5,6,sintel_trailer_2k_480p24.y4m,29.77,29.68,0.211542,0.000351,0.0,111
1,0,1,0,1,0,0,0,0,0,0,1,1,0,6,sintel_trailer_2k_480p24.y4m,27.73,27.77,0.099247,0.000308,0.0,92
1,1,1,1,0,0,0,1,0,0,1,0,8,15,6,sintel_trailer_2k_480p24.y4m,798.91,797.54,2.917353,0.000349,0.0,54
1,0,1,0,0,1,0,0,0,0,0,1,2,15,0,sintel_trailer_2k_480p24.y4m,91.19,91.358,0.433555,0.000305,0.0,45
1,0,1,1,0,0,0,0,0,1,0,0,4,0,6,sintel_trailer_2k_480p24.y4m,1097.49,1097.9,0.971365,0.000305,0.0,226
1,1,1,1,0,0,1,1,0,1,0,0,8,5,0,sintel_trailer_2k_480p24.y4m,1544.3,1544.094,0.554103,0.000339,0.0,200
1,0,1,0,0,1,1,0,0,1,0,1,8,5,6,sintel_trailer_2k_480p24.y4m,110.76,110.97,0.481248,0.000322,0.0,59
1,1,1,0,1,0,1,0,1,0,0,1,2,0,0,sintel_trailer_2k_480p24.y4m,40.87,40.968,0.215105,0.000336,0.0,19
1,1,1,1,0,0,0,1,0,1,0,0,2,15,0,sintel_trailer_2k_480p24.y4m,1437.51,1437.644,0.715842,0.000349,0.0,47
1,1,1,0,1,0,1,1,0,0,0,1,4,5,6,sintel_trailer_2k_480p24.y4m,45.54,45.48,0.247285,0.00035,0.0,32
1,1,1,0,1,0,0,1,0,1,0,0,1,5,6,sintel_trailer_2k_480p24.y4m,45.49,45.35,0.245255,0.000347,0.0,170
1,0,1,0,0,1,0,0,0,1,1,0,1,15,0,sintel_trailer_2k_480p24.y4m,90.16,90.242,0.170792,0.000305,0.0,270
1,0,1,1,0,0,1,0,0,1,0,1,4,15,6,sintel_trailer_2k_480p24.y4m,1222.62,1222.842,0.476414,0.000323,0.0,207
1,1,1,0,1,0,0,1,0,1,1,1,1,5,6,sintel_trailer_2k_480p24.y4m,43.21,43.074,0.214429,0.000349,0.0,43
1,0,1,0,1,0,1,0,0,0,1,1,1,0,3,sintel_trailer_2k_480p24.y4m,35.76,35.73,0.205791,0.000322,0.0,40
1,1,1,0,1,0,0,1,0,0,1,1,1,5,3,sintel_trailer_2k_480p24.y4m,43.24,43.13,0.239165,0.000351,0.0,117
1,0,1,0,0,1,0,0,0,0,1,0,8,15,6,sintel_trailer_2k_480p24.y4m,53.44,53.452,0.258592,0.000305,0.0,253
1,0,1,1,0,0,0,0,0,1,0,0,1,15,3,sintel_trailer_2k_480p24.y4m,1091.69,1091.534,0.507376,0.000305,0.0,68
1,1,1,1,0,0,0,1,0,1,1,1,1,15,6,sintel_trailer_2k_480p24.y4m,1421.28,1421.132,0.553688,0.000349,0.0,186
1,1,1,0,1,0,1,1,0,0,0,1,8,15,3,sintel_trailer_2k_480p24.y4m,46.76,46.742,0.179221,0.000343,0.0,288
1,1,1,0,1,0,0,1,0,0,0,0,2,0,0,sintel_trailer_2k_480p24.y4m,43.4,43.452,0.174126,0.00035,0.0,15
1,0,1,1,0,0,0,0,0,0,1,1,2,15,3,sintel_trailer_2k_480p24.y4m,608.99,609.914,2.333202,0.000307,0.0,82
1,1,1,1,0,0,0,1,0,0,0,0,4,15,6,sintel_trailer_2k_480p24.y4m,1473.54,1473.206,0.673817,0.000346,0.0,211
1,0,1,0,1,0,1,0,0,1,1,1,8,15,6,sintel_trailer_2k_480p24.y4m,21.83,21.9,0.139284,0.000322,0.0,177
1,1,1,0,1,0,0,1,0,1,1,1,2,5,3,sintel_trailer_2k_480p24.y4m,28.14,28.056,0.179805,0.000351,0.0,210
1,0,1,1,0,0,0,0,0,1,1,1,2,0,3,sintel_trailer_2k_480p24.y4m,612.58,611.944,1.591989,0.000307,0.0,13
1,0,1,0,1,0,1,0,0,0,0,1,2,15,3,sintel_trailer_2k_480p24.y4m,35.71,35.674,0.260634,0.000322,0.0,228
1,0,1,0,1,0,1,0,0,1,1,0,4,5,3,sintel_trailer_2k_480p24.y4m,21.49,21.544,0.109909,0.000323,0.0,38
1,1,1,1,0,0,0,1,0,0,0,1,4,15,6,sintel_trailer_2k_480p24.y4m,1469.99,1469.89,0.486056,0.000346,0.0,29
1,1,1,1,0,0,1,0,1,1,0,0,8,0,0,sintel_trailer_2k_480p24.y4m,1370.97,1371.106,0.451143,0.000335,0.0,24
1,1,1,1,0,0,0,1,0,0,0,0,8,5,6,sintel_trailer_2k_480p24.y4m,1441.93,1442.176,0.746646,0.000347,0.0,293
1,1,1,1,0,0,0,1,0,0,1,0,2,5,6,sintel_trailer_2k_480p24.y4m,800.79,799.854,2.123236,0.000348,0.0,67
1,1,1,0,1,0,0,1,0,1,0,1,2,5,0,sintel_trailer_2k_480p24.y4m,43.07,43.082,0.170499,0.00035,0.0,199
1,0,1,0,0,1,1,0,0,1,1,0,8,15,3,sintel_trailer_2k_480p24.y4m,63.02,62.974,0.32362,0.000323,0.0,244
1,0,1,0,0,1,1,0,0,0,0,0,8,15,0,sintel_trailer_2k_480p24.y4m,110.31,110.05,0.552404,0.000322,0.0,80
1,1,1,1,0,0,1,1,0,1,1,1,2,0,3,sintel_trailer_2k_480p24.y4m,781.42,780.546,2.585794,0.00035,0.0,223
1,1,1,0,1,0,1,1,0,0,1,0,8,5,0,sintel_trailer_2k_480p24.y4m,30.12,30.1,0.205061,0.000344,0.0,121
1,0,1,1,0,0,1,0,0,0,0,0,8,5,3,sintel_trailer_2k_480p24.y4m,1220.43,1220.574,0.400287,0.000323,0.0,261
1,0,1,1,0,0,1,0,0,1,1,0,1,5,6,sintel_trailer_2k_480p24.y4m,1228.16,1227.856,0.859552,0.000322,0.0,156
1,1,1,1,0,0,0,1,0,0,1,0,4,15,3,sintel_trailer_2k_480p24.y4m,810.63,810.078,1.418492,0.000348,0.0,271
1,1,1,1,0,0,1,1,0,1,0,0,2,15,3,sintel_trailer_2k_480p24.y4m,1503.16,1503.266,0.594962,0.000338,0.0,9
1,1,1,1,0,0,1,1,0,1,0,1,1,0,0,sintel_trailer_2k_480p24.y4m,1400.16,1400.338,0.4545,0.000343,0.0,165
1,0,1,0,0,1,1,0,0,1,0,0,1,15,6,sintel_trailer_2k_480p24.y4m,110.8,111.244,0.653246,0.000322,0.0,126
1,0,1,1,0,0,1,0,0,1,1,1,8,5,0,sintel_trailer_2k_480p24.y4m,684.53,684.468,0.264518,0.000322,0.0,280
1,0,1,1,0,0,0,0,0,1,1,0,2,5,3,sintel_trailer_2k_480p24.y4m,608.78,609.946,2.041061,0.000304,0.0,172
1,0,1,0,1,0,1,0,0,0,0,0,1,15,6,sintel_trailer_2k_480p24.y4m,35.2,35.306,0.229303,0.000322,0.0,292
1,0,1,0,0,1,0,0,0,1,0,1,1,0,3,sintel_trailer_2k_480p24.y4m,91.29,91.526,0.514616,0.000305,0.0,179
1,0,1,0,0,1,1,0,0,1,0,1,2,0,3,sintel_trailer_2k_480p24.y4m,111.5,111.298,0.55292,0.000322,0.0,272
1,0,1,0,0,1,1,0,0,0,1,0,4,5,0,sintel_trailer_2k_480p24.y4m,64.46,64.25,0.337565,0.000323,0.0,105
1,0,1,0,1,0,0,0,0,0,0,0,1,0,3,sintel_trailer_2k_480p24.y4m,27.97,28.106,0.230391,0.000308,0.0,76
1,0,1,1,0,0,1,0,0,0,1,0,4,15,3,sintel_trailer_2k_480p24.y4m,685.48,684.784,1.758403,0.000322,0.0,197
1,1,1,1,0,0,1,1,0,0,1,0,1,15,0,sintel_trailer_2k_480p24.y4m,1514.01,1514.292,0.575734,0.00034,0.0,221
1,1,1,1,0,0,1,1,0,0,1,0,8,15,6,sintel_trailer_2k_480p24.y4m,850.13,850.16,0.306431,0.000347,0.0,167
1,1,1,0,1,0,0,1,0,1,0,1,4,15,6,sintel_trailer_2k_480p24.y4m,44.6,44.422,0.28332,0.000348,0.0,136
1,1,1,1,0,0,0,1,0,1,0,1,8,15,6,sintel_trailer_2k_480p24.y4m,1470.21,1470.134,0.387982,0.000346,0.0,243
1,0,1,0,1,0,0,0,0,1,0,1,8,15,6,sintel_trailer_2k_480p24.y4m,28.1,28.044,0.239646,0.000308,0.0,60
1,0,1,1,0,0,0,0,0,1,0,1,2,0,6,sintel_trailer_2k_480p24.y4m,1097.31,1097.256,0.414705,0.000306,0.0,110
1,1,1,1,0,0,1,1,0,1,0,0,1,15,6,sintel_trailer_2k_480p24.y4m,1509.08,1509.24,0.652955,0.000344,0.0,35
1,0,1,1,0,0,1,0,0,0,1,1,2,5,6,sintel_trailer_2k_480p24.y4m,680.08,679.206,2.055366,0.000322,0.0,235
1,0,1,1,0,0,0,0,0,1,0,0,1,0,3,sintel_trailer_2k_480p24.y4m,1097.81,1097.784,0.493386,0.000305,0.0,44
1,1,1,0,1,0,1,1,0,0,1,0,4,15,3,sintel_trailer_2k_480p24.y4m,30.22,30.184,0.19308,0.000343,0.0,256
1,0,1,0,0,1,0,0,0,0,1,1,8,0,0,sintel_trailer_2k_480p24.y4m,53.52,53.444,0.246028,0.000305,0.0,192
1,0,1,0,1,0,0,0,0,0,1,1,2,0,0,sintel_trailer_2k_480p24.y4m,17.05,17.028,0.074967,0.000309,0.0,41
1,0,1,1,0,0,0,0,0,0,1,0,4,5,0,sintel_trailer_2k_480p24.y4m,612.48,612.408,0.175129,0.000304,0.0,37
1,0,1,0,0,1,0,0,0,0,0,0,4,5,0,sintel_trailer_2k_480p24.y4m,90.91,90.738,0.476099,0.000306,0.0,26
1,1,1,1,0,0,0,1,0,0,0,0,1,0,3,sintel_trailer_2k_480p24.y4m,1293.74,1294.376,1.124335,0.000349,0.0,273
1,1,1,1,0,0,1,1,0,0,0,1,1,5,6,sintel_trailer_2k_480p24.y4m,1496.03,1496.438,1.012655,0.000346,0.0,233
1,1,1,0,1,0,1,1,0,0,1,1,8,0,0,sintel_trailer_2k_480p24.y4m,29.2,29.014,0.306317,0.000349,0.0,101
1,0,1,1,0,0,0,0,0,0,0,1,2,5,3,sintel_trailer_2k_480p24.y4m,1090.84,1090.998,0.405919,0.000306,0.0,39
1,1,1,0,1,0,0,1,0,0,0,1,1,15,0,sintel_trailer_2k_480p24.y4m,43.71,43.598,0.224767,0.00035,0.0,106
1,1,1,0,1,0,0,0,1,1,0,0,1,0,0,sintel_trailer_2k_480p24.y4m,37.92,38.032,0.198796,0.00035,0.0,242
1,1,1,1,0,0,1,1,0,0,1,0,2,15,0,sintel_trailer_2k_480p24.y4m,849.02,848.876,0.416089,0.00034,0.0,193
1,0,1,0,1,0,1,0,0,0,1,0,1,15,6,sintel_trailer_2k_480p24.y4m,35.77,35.694,0.204524,0.000323,0.0,103
1,1,1,0,1,0,0,1,0,1,1,1,8,5,6,sintel_trailer_2k_480p24.y4m,28.39,28.29,0.225942,0.000349,0.0,1
1,0,1,1,0,0,0,0,0,1,1,1,1,0,0,sintel_trailer_2k_480p24.y4m,1093.24,1093.474,0.548844,0.000307,0.0,61
1,1,1,1,0,0,0,0,1,0,0,0,2,0,0,sintel_trailer_2k_480p24.y4m,1297.3,1297.776,0.945029,0.00035,0.0,56
1,1,1,0,1,0,0,1,0,0,1,0,8,15,3,sintel_trailer_2k_480p24.y4m,28.34,28.254,0.122393,0.000348,0.0,148
1,0,1,0,1,0,0,0,0,1,0,1,2,5,0,sintel_trailer_2k_480p24.y4m,28.08,28.008,0.154822,0.000308,0.0,112
1,0,1,0,1,0,1,0,0,0,1,0,8,15,3,sintel_trailer_2k_480p24.y4m,21.81,21.778,0.164833,0.000323,0.0,300
1,0,1,0,1,0,0,0,0,1,1,0,4,15,0,sintel_trailer_2k_480p24.y4m,17.16,17.168,0.025884,0.000306,0.0,249
1,0,1,0,1,0,0,0,0,0,0,1,2,0,0,sintel_trailer_2k_480p24.y4m,27.86,27.966,0.221314,0.000308,0.0,20
1,1,1,1,0,0,1,1,0,1,0,1,1,5,0,sintel_trailer_2k_480p24.y4m,1529.26,1529.452,0.582984,0.00034,0.0,104
1,1,1,1,0,0,0,1,0,1,1,1,8,15,6,sintel_trailer_2k_480p24.y4m,799.65,797.974,3.073781,0.000349,0.0,131
1,0,1,1,0,0,0,0,0,0,0,0,2,0,3,sintel_trailer_2k_480p24.y4m,1097.9,1097.84,0.632021,0.000305,0.0,69
1,0,1,0,1,0,1,0,0,0,0,0,2,0,3,sintel_trailer_2k_480p24.y4m,36.01,35.908,0.192536,0.000322,0.0,220
1,1,1,1,0,0,1,1,0,1,1,1,8,15,6,sintel_trailer_2k_480p24.y4m,841.07,840.932,0.424052,0.000352,0.0,11
1,1,1,1,0,0,1,1,0,1,0,0,4,15,6,sintel_trailer_2k_480p24.y4m,1510.59,1510.558,0.565084,0.000344,0.0,258
1,0,1,0,1,0,1,0,0,0,0,0,2,15,3,sintel_trailer_2k_480p24.y4m,35.54,35.51,0.186145,0.000322,0.0,65
1,0,1,0,0,1,1,0,0,0,0,0,2,15,0,sintel_trailer_2k_480p24.y4m,111.58,111.398,0.72244,0.000322,0.0,160
1,0,1,0,0,1,1,0,0,0,0,0,8,0,0,sintel_trailer_2k_480p24.y4m,110.84,111.138,0.535182,0.000322,0.0,238
1,1,1,1,0,0,0,1,0,0,0,0,4,0,0,sintel_trailer_2k_480p24.y4m,1294.69,1294.488,0.737374,0.000349,0.0,57
1,1,1,0,1,0,0,1,0,1,0,1,2,0,0,sintel_trailer_2k_480p24.y4m,42.58,42.732,0.27617,0.00035,0.0,79
1,0,1,0,1,0,1,0,0,0,1,0,4,15,3,sintel_trailer_2k_480p24.y4m,21.92,21.902,0.109407,0.000323,0.0,224
1,1,1,0,1,0,0,1,0,1,0,0,2,0,3,sintel_trailer_2k_480p24.y4m,43.84,43.77,0.191181,0.00035,0.0,48
1,0,1,0,1,0,1,0,0,0,0,1,8,0,6,sintel_trailer_2k_480p24.y4m,35.77,35.832,0.208135,0.000322,0.0,173
1,1,1,1,0,0,1,1,0,0,1,1,1,0,0,sintel_trailer_2k_480p24.y4m,1394.86,1395.02,0.530047,0.00035,0.0,283
1,0,1,0,1,0,0,0,0,0,0,0,1,0,6,sintel_trailer_2k_480p24.y4m,28.29,28.312,0.052631,0.000308,0.0,190
1,0,1,0,1,0,1,0,0,1,1,1,4,0,6,sintel_trailer_2k_480p24.y4m,21.81,21.828,0.100349,0.000322,0.0,259
1,0,1,1,0,0,0,0,0,0,0,1,1,15,3,sintel_trailer_2k_480p24.y4m,1097.49,1097.43,0.276134,0.000306,0.0,7
1,0,1,0,0,1,0,0,0,0,0,1,2,5,0,sintel_trailer_2k_480p24.y4m,92.04,91.76,0.473445,0.000305,0.0,73
1,1,1,1,0,0,1,1,0,0,0,0,2,0,6,sintel_trailer_2k_480p24.y4m,1420.95,1420.886,0.537243,0.000339,0.0,63
1,0,1,0,0,1,1,0,0,1,1,0,2,15,3,sintel_trailer_2k_480p24.y4m,63.72,63.718,0.068702,0.000323,0.0,284
1,0,1,1,0,0,1,0,0,1,0,1,8,15,6,sintel_trailer_2k_480p24.y4m,1216.11,1216.27,0.652763,0.000323,0.0,250
1,1,1,0,1,0,0,1,0,0,0,0,2,5,0,sintel_trailer_2k_480p24.y4m,43.86,43.742,0.22687,0.00035,0.0,209
1,0,1,0,1,0,1,0,0,0,0,1,4,5,3,sintel_trailer_2k_480p24.y4m,35.89,35.8,0.317411,0.000322,0.0,138
1,1,1,1,0,0,0,0,1,1,1,0,1,0,0,sintel_trailer_2k_480p24.y4m,1342.66,1343.018,0.85409,0.00035,0.0,135
1,1,1,1,0,0,1,1,0,1,1,0,4,5,3,sintel_trailer_2k_480p24.y4m,853.64,852.794,2.238321,0.00034,0.0,264
1,1,1,1,0,0,0,1,0,1,1,0,2,0,6,sintel_trailer_2k_480p24.y4m,731.95,731.786,0.514033,0.00035,0.0,215
1,0,1,0,0,1,0,0,0,0,1,1,4,5,3,sintel_trailer_2k_480p24.y4m,53.24,53.33,0.271477,0.000305,0.0,50
1,0,1,1,0,0,0,0,0,1,1,0,4,0,6,sintel_trailer_2k_480p24.y4m,612.23,610.484,2.406871,0.000304,0.0,98
1,1,1,1,0,0,0,1,0,1,1,0,1,15,0,sintel_trailer_2k_480p24.y4m,1434.31,1434.438,0.768713,0.000349,0.0,140
1,1,1,1,0,0,0,1,0,0,1,1,1,0,3,sintel_trailer_2k_480p24.y4m,1297.98,1298.23,0.422552,0.00035,0.0,113
1,0,1,0,1,0,1,0,0,1,1,0,1,0,6,sintel_trailer_2k_480p24.y4m,35.88,35.824,0.215476,0.000323,0.0,3
1,0,1,0,0,1,0,0,0,1,1,1,8,0,0,sintel_trailer_2k_480p24.y4m,53.39,53.294,0.431602,0.000305,0.0,149
1,0,1,1,0,0,0,0,0,0,1,1,8,5,6,sintel_trailer_2k_480p24.y4m,609.15,610.394,2.200143,0.000307,0.0,153
1,1,1,1,0,0,1,1,0,1,1,0,2,15,6,sintel_trailer_2k_480p24.y4m,850.39,850.002,0.916608,0.000347,0.0,133
1,0,1,1,0,0,0,0,0,0,0,0,1,0,3,sintel_trailer_2k_480p24.y4m,1098.01,1097.884,0.49105,0.000305,0.0,191
1,1,1,0,1,0,0,1,0,1,0,1,1,0,6,sintel_trailer_2k_480p24.y4m,42.91,42.942,0.07791,0.00035,0.0,100
1,0,1,1,0,0,1,0,0,0,1,0,4,0,3,sintel_trailer_2k_480p24.y4m,682.5,683.148,2.483761,0.000322,0.0,85
1,0,1,0,0,1,1,0,0,0,0,0,2,0,3,sintel_trailer_2k_480p24.y4m,111.79,111.792,0.170353,0.000322,0.0,88
1,0,1,0,1,0,1,0,0,1,1,0,4,15,6,sintel_trailer_2k_480p24.y4m,21.92,21.896,0.077974,0.000323,0.0,31
1,0,1,0,0,1,1,0,0,0,0,0,4,5,3,sintel_trailer_2k_480p24.y4m,110.54,110.564,0.14775,0.000322,0.0,134
1,1,1,0,1,0,1,1,0,1,1,1,8,0,3,sintel_trailer_2k_480p24.y4m,29.51,29.476,0.162111,0.000349,0.0,147
1,1,1,1,0,0,0,1,0,0,1,1,4,15,6,sintel_trailer_2k_480p24.y4m,799.35,798.29,2.176557,0.000349,0.0,275
1,0,1,0,0,1,1,0,0,0,1,0,4,15,3,sintel_trailer_2k_480p24.y4m,63.75,63.776,0.347606,0.000323,0.0,143
1,1,1,0,1,0,1,1,0,1,0,0,1,5,6,sintel_trailer_2k_480p24.y4m,46.76,46.92,0.366947,0.000349,0.0,8
1,1,1,1,0,0,1,1,0,0,1,1,4,5,3,sintel_trailer_2k_480p24.y4m,847.3,847.316,0.237129,0.000343,0.0,216
1,0,1,1,0,0,1,0,0,1,0,0,1,0,3,sintel_trailer_2k_480p24.y4m,1220.69,1221.46,1.225745,0.000323,0.0,214
1,0,1,0,0,1,0,0,0,0,0,0,1,5,0,sintel_trailer_2k_480p24.y4m,92.46,92.06,0.73386,0.000306,0.0,17
1,0,1,0,0,1,1,0,0,0,0,0,1,5,0,sintel_trailer_2k_480p24.y4m,111.64,111.376,0.611335,0.000322,0.0,206
1,0,1,0,1,0,0,0,0,1,1,1,8,15,0,sintel_trailer_2k_480p24.y4m,17.44,17.406,0.096333,0.000309,0.0,36
1,1,1,0,1,0,1,1,0,0,0,0,4,15,3,sintel_trailer_2k_480p24.y4m,46.68,46.74,0.239479,0.00034,0.0,6
1,0,1,1,0,0,1,0,0,0,0,1,1,0,6,sintel_trailer_2k_480p24.y4m,1222.83,1223.088,1.00066,0.000323,0.0,5
1,0,1,1,0,0,1,0,0,0,0,0,8,15,6,sintel_trailer_2k_480p24.y4m,1214.08,1214.154,0.449477,0.000323,0.0,164
1,0,1,0,0,1,0,0,0,1,0,0,8,0,6,sintel_trailer_2k_480p24.y4m,92.3,92.096,0.482939,0.000306,0.0,97
1,0,1,1,0,0,0,0,0,0,1,0,2,5,3,sintel_trailer_2k_480p24.y4m,611.91,610.872,1.895381,0.000304,0.0,236
1,1,1,0,1,0,1,1,0,0,0,0,8,5,0,sintel_trailer_2k_480p24.y4m,46.61,46.716,0.236918,0.000344,0.0,71
1,1,1,0,1,0,1,1,0,1,0,1,2,0,3,sintel_trailer_2k_480p24.y4m,45.6,45.482,0.225987,0.000342,0.0,295
1,0,1,1,0,0,1,0,0,1,1,0,8,5,3,sintel_trailer_2k_480p24.y4m,685.36,685.334,0.653628,0.000322,0.0,286
1,0,1,0,1,0,0,0,0,0,0,1,1,5,0,sintel_trailer_2k_480p24.y4m,27.47,27.628,0.225655,0.000308,0.0,34
1,0,1,0,1,0,1,0,0,1,1,1,1,5,3,sintel_trailer_2k_480p24.y4m,35.9,35.786,0.193598,0.000322,0.0,240
1,0,1,0,0,1,1,0,0,0,0,1,4,15,3,sintel_trailer_2k_480p24.y4m,109.19,109.442,0.517755,0.000322,0.0,18
1,0,1,0,1,0,0,0,0,0,1,0,8,0,6,sintel_trailer_2k_480p24.y4m,17.41,17.432,0.076616,0.000306,0.0,102
1,1,1,1,0,0,1,0,1,0,1,0,4,0,0,sintel_trailer_2k_480p24.y4m,778.97,778.864,0.354232,0.000331,0.0,51
1,1,1,1,0,0,1,1,0,0,0,1,4,15,6,sintel_trailer_2k_480p24.y4m,1485.15,1485.276,0.432007,0.000346,0.0,282
1,0,1,0,1,0,1,0,0,1,1,1,1,0,3,sintel_trailer_2k_480p24.y4m,35.39,35.354,0.187963,0.000322,0.0,77
1,0,1,1,0,0,1,0,0,0,1,0,2,0,3,sintel_trailer_2k_480p24.y4m,685.85,685.036,1.71934,0.000322,0.0,128
1,1,1,0,1,0,1,1,0,0,0,0,2,5,3,sintel_trailer_2k_480p24.y4m,46.85,46.658,0.300949,0.00034,0.0,234
1,0,1,1,0,0,0,0,0,0,1,1,1,0,0,sintel_trailer_2k_480p24.y4m,1093.77,1093.938,0.877308,0.000307,0.0,252
1,0,1,1,0,0,1,0,0,0,0,1,4,0,3,sintel_trailer_2k_480p24.y4m,1223.34,1223.39,0.843416,0.000323,0.0,28
1,0,1,0,0,1,1,0,0,1,1,1,8,15,3,sintel_trailer_2k_480p24.y4m,64.06,64.086,0.258128,0.000322,0.0,139
1,0,1,0,0,1,0,0,0,0,0,1,1,5,0,sintel_trailer_2k_480p24.y4m,90.96,90.846,0.307539,0.000305,0.0,158
1,1,1,0,1,0,1,1,0,1,0,1,8,5,3,sintel_trailer_2k_480p24.y4m,46.51,46.344,0.283249,0.000341,0.0,152
1,0,1,1,0,0,1,0,0,1,0,0,2,0,6,sintel_trailer_2k_480p24.y4m,1220.68,1220.814,0.641701,0.000323,0.0,12
1,1,1,0,1,0,0,1,0,0,0,1,4,15,3,sintel_trailer_2k_480p24.y4m,43.73,43.844,0.203175,0.000349,0.0,294
1,1,1,0,1,0,0,1,0,0,0,1,8,15,3,sintel_trailer_2k_480p24.y4m,44.14,44.022,0.248435,0.000349,0.0,154
1,1,1,1,0,0,0,1,0,1,0,0,2,15,6,sintel_trailer_2k_480p24.y4m,1473.17,1473.582,1.213165,0.000346,0.0,157
1,0,1,1,0,0,1,0,0,1,1,1,2,0,3,sintel_trailer_2k_480p24.y4m,684.25,682.438,2.59472,0.000322,0.0,150
1,1,1,0,1,0,1,1,0,0,1,0,8,0,6,sintel_trailer_2k_480p24.y4m,29.76,29.792,0.09471,0.000343,0.0,287
1,0,1,0,1,0,0,0,0,1,1,0,1,0,3,sintel_trailer_2k_480p24.y4m,27.81,27.874,0.176153,0.000306,0.0,297
1,0,1,0,0,1,0,0,0,1,1,0,8,15,0,sintel_trailer_2k_480p24.y4m,53.86,53.864,0.063482,0.000305,0.0,263
1,1,1,0,1,0,0,1,0,1,1,1,1,5,3,sintel_trailer_2k_480p24.y4m,43.27,43.166,0.282719,0.000351,0.0,255
1,0,1,1,0,0,0,0,0,1,1,0,8,15,3,sintel_trailer_2k_480p24.y4m,612.32,610.794,2.183994,0.000304,0.0,115
1,0,1,0,0,1,1,0,0,1,0,1,4,15,3,sintel_trailer_2k_480p24.y4m,110.88,110.998,0.477881,0.000322,0.0,188
1,0,1,0,0,1,1,0,0,0,0,1,8,0,6,sintel_trailer_2k_480p24.y4m,111.72,111.374,0.609779,0.000322,0.0,212
1,0,1,1,0,0,1,0,0,0,0,1,1,15,3,sintel_trailer_2k_480p24.y4m,1223.12,1223.058,0.396384,0.000323,0.0,195
1,0,1,0,1,0,0,0,0,0,1,1,2,15,0,sintel_trailer_2k_480p24.y4m,17.3,17.29,0.03,0.000309,0.0,119
1,0,1,1,0,0,0,0,0,1,0,1,4,15,0,sintel_trailer_2k_480p24.y4m,1097.54,1097.614,0.456158,0.000306,0.0,58
1,0,1,0,1,0,1,0,0,1,0,1,4,0,6,sintel_trailer_2k_480p24.y4m,35.89,35.752,0.230803,0.000322,0.0,277
1,0,1,0,1,0,1,0,0,0,1,1,4,5,6,sintel_trailer_2k_480p24.y4m,21.74,21.682,0.142899,0.000322,0.0,64
1,1,1,0,1,0,1,1,0,1,0,0,2,0,0,sintel_trailer_2k_480p24.y4m,45.7,45.842,0.236157,0.000345,0.0,285
1,1,1,0,1,0,1,1,0,1,0,0,4,0,0,sintel_trailer_2k_480p24.y4m,45.92,45.848,0.172829,0.000345,0.0,290
1,0,1,1,0,0,0,0,0,1,0,1,8,5,6,sintel_trailer_2k_480p24.y4m,1096.87,1096.89,0.514636,0.000306,0.0,196
1,1,1,1,0,0,1,0,1,1,1,1,1,0,0,sintel_trailer_2k_480p24.y4m,1382.49,1382.564,0.725383,0.000337,0.0,93
1,0,1,1,0,0,1,0,0,0,1,1,4,5,6,sintel_trailer_2k_480p24.y4m,684.14,682.636,2.059874,0.000322,0.0,299
1,0,1,1,0,0,0,0,0,1,0,0,2,5,0,sintel_trailer_2k_480p24.y4m,1091.97,1091.748,0.609032,0.000305,0.0,125
1,1,1,0,1,0,0,1,0,1,0,1,2,15,6,sintel_trailer_2k_480p24.y4m,44.22,44.386,0.307457,0.000348,0.0,21
1,0,1,0,1,0,0,0,0,1,0,1,2,0,0,sintel_trailer_2k_480p24.y4m,27.78,27.86,0.166433,0.000308,0.0,225
1,0,1,0,1,0,0,0,0,1,0,0,2,5,0,harbour_cif.y4m,35.5,35.84,0.638083,0.005871,0.0,114
1,1,1,1,0,0,0,0,1,0,0,1,1,0,0,harbour_cif.y4m,523.13,523.102,0.27179,0.005091,0.0,281
1,1,1,1,0,0,0,1,0,1,1,0,2,5,0,harbour_cif.y4m,616.8,616.668,0.230043,0.005104,0.0,49
1,0,1,0,0,1,1,0,0,0,0,0,2,15,6,harbour_cif.y4m,61.53,61.684,0.251257,0.005534,0.0,194
1,0,1,1,0,0,0,0,0,0,0,0,2,0,6,harbour_cif.y4m,510.85,511.892,2.343997,0.00588,0.0,62
1,1,1,0,1,0,0,1,0,1,1,1,1,15,3,harbour_cif.y4m,60.06,60.106,0.132023,0.005105,0.0,91
1,0,1,0,0,1,1,0,0,0,0,0,4,0,6,harbour_cif.y4m,61.61,61.65,0.225499,0.005534,0.0,107
1,0,1,1,0,0,1,0,0,0,0,1,4,5,3,harbour_cif.y4m,539.62,539.198,1.323941,0.005492,0.0,181
1,0,1,0,1,0,1,0,0,0,0,0,4,5,0,harbour_cif.y4m,40.38,40.374,0.098894,0.005496,0.0,247
1,0,1,1,0,0,0,0,0,1,1,0,4,5,3,harbour_cif.y4m,547.85,547.924,0.807236,0.00588,0.0,166
1,0,1,0,0,1,0,0,0,0,1,1,4,0,0,harbour_cif.y4m,53.76,53.754,0.245112,0.005894,0.0,25
1,1,1,0,1,0,0,1,0,0,0,1,8,0,6,harbour_cif.y4m,58.62,60.064,2.000182,0.005114,0.0,203
1,1,1,1,0,0,1,1,0,1,1,1,4,5,6,harbour_cif.y4m,611.97,612.264,0.721893,0.00527,0.0,219
1,0,1,0,0,1,0,0,0,0,0,0,4,15,0,harbour_cif.y4m,57.34,57.356,0.139571,0.005881,0.0,162
1,0,1,1,0,0,1,0,0,0,1,0,4,15,6,harbour_cif.y4m,537.94,539.44,4.077493,0.005503,0.0,182
1,0,1,0,0,1,0,0,0,1,1,0,1,15,6,harbour_cif.y4m,57.54,57.462,0.166193,0.005881,0.0,10
1,1,1,1,0,0,1,1,0,1,1,1,2,15,0,harbour_cif.y4m,618.89,620.43,7.893694,0.005325,0.0,14
1,1,1,1,0,0,0,1,0,0,0,1,1,0,6,harbour_cif.y4m,582.88,583.65,1.468094,0.005106,0.0,89
1,1,1,1,0,0,0,1,0,1,1,1,1,5,0,harbour_cif.y4m,617.96,616.976,1.779699,0.005107,0.0,116
1,0,1,1,0,0,0,0,0,0,1,1,4,15,3,harbour_cif.y4m,513.44,513.102,1.164139,0.005882,0.0,217
1,1,1,0,1,0,0,1,0,0,1,0,1,0,0,harbour_cif.y4m,59.38,59.378,0.128919,0.005107,0.0,75
1,1,1,0,1,0,0,1,0,1,1,1,2,15,6,harbour_cif.y4m,59.07,60.022,2.191762,0.005097,0.0,266
1,0,1,1,0,0,1,0,0,0,1,1,4,15,3,harbour_cif.y4m,575.45,575.986,1.576112,0.005492,0.0,268
1,0,1,0,1,0,1,0,0,1,1,1,4,15,3,harbour_cif.y4m,40.08,40.08,0.106536,0.005497,0.0,187
1,0,1,0,0,1,1,0,0,0,1,0,8,15,3,harbour_cif.y4m,64.62,63.502,1.664863,0.005534,0.0,161
1,0,1,0,1,0,1,0,0,0,1,0,2,0,6,harbour_cif.y4m,40.72,41.18,1.230183,0.005496,0.0,23
1,1,1,1,0,0,0,1,0,1,1,0,2,5,6,harbour_cif.y4m,616.98,616.996,0.200075,0.005073,0.0,2
1,1,1,1,0,0,1,0,1,1,0,1,2,0,0,harbour_cif.y4m,586.96,586.976,0.089889,0.005199,0.0,16
1,0,1,1,0,0,0,0,0,1,1,1,8,15,0,harbour_cif.y4m,523.79,520.97,9.974337,0.005882,0.0,262
1,1,1,1,0,0,0,1,0,1,1,0,4,5,0,harbour_cif.y4m,610.73,610.762,0.140961,0.005104,0.0,66
1,0,1,1,0,0,0,0,0,1,0,0,2,0,0,harbour_cif.y4m,510.82,513.962,4.377964,0.00588,0.0,86
1,0,1,0,1,0,1,0,0,0,1,0,2,5,6,harbour_cif.y4m,40.6,40.992,0.97001,0.005496,0.0,231
1,0,1,0,1,0,0,0,0,0,0,0,4,5,0,harbour_cif.y4m,38.05,38.048,0.064962,0.005871,0.0,269
1,1,1,0,1,0,1,1,0,0,1,0,1,5,0,harbour_cif.y4m,60.52,60.282,0.800668,0.005291,0.0,180
1,0,1,0,0,1,0,0,0,0,1,0,4,5,6,harbour_cif.y4m,53.47,53.44,0.138022,0.005881,0.0,274
1,1,1,1,0,0,0,1,0,1,1,0,2,15,6,harbour_cif.y4m,611.38,611.432,0.186869,0.005072,0.0,184
1,0,1,0,0,1,1,0,0,0,0,1,4,5,0,harbour_cif.y4m,63.6,62.972,1.570277,0.005533,0.0,118
1,1,1,1,0,0,0,1,0,0,0,0,1,0,6,harbour_cif.y4m,581.31,583.4,3.598868,0.005099,0.0,254
1,0,1,1,0,0,1,0,0,0,1,1,4,5,0,harbour_cif.y4m,579.55,578.88,2.20854,0.005492,0.0,208
1,0,1,0,0,1,1,0,0,1,1,0,4,5,6,harbour_cif.y4m,61.71,61.84,0.306513,0.005534,0.0,279
1,1,1,1,0,0,0,1,0,0,1,1,4,15,3,harbour_cif.y4m,618.99,619.3,0.639414,0.005101,0.0,229
1,0,1,0,0,1,1,0,0,1,1,1,1,0,0,harbour_cif.y4m,61.58,61.93,1.112924,0.005533,0.0,46
1,0,1,0,0,1,0,0,0,1,1,1,4,5,6,harbour_cif.y4m,53.61,53.602,0.094974,0.005894,0.0,171
1,1,1,1,0,0,0,1,0,0,1,0,2,5,0,harbour_cif.y4m,610.93,611.1,0.498648,0.005104,0.0,99
1,0,1,0,0,1,0,0,0,0,0,0,8,0,0,harbour_cif.y4m,54.33,54.258,0.498267,0.005881,0.0,81
1,1,1,1,0,0,1,1,0,1,0,1,8,5,0,harbour_cif.y4m,622.42,621.168,3.398436,0.005325,0.0,155
1,0,1,0,1,0,0,0,0,1,0,1,1,15,6,harbour_cif.y4m,35.64,35.86,0.540046,0.005871,0.0,96
1,1,1,1,0,0,0,1,0,1,1,1,8,0,0,harbour_cif.y4m,586.19,585.612,1.389881,0.005106,0.0,218
1,1,1,1,0,0,1,1,0,1,1,0,8,0,6,harbour_cif.y4m,595.54,598.846,4.925478,0.005307,0.0,53
1,1,1,0,1,0,1,0,1,0,0,0,2,0,0,harbour_cif.y4m,41.38,41.388,0.071903,0.005241,0.0,109
1,0,1,0,1,0,0,0,0,0,1,0,4,5,6,harbour_cif.y4m,35.72,36.156,0.834793,0.005871,0.0,185
1,1,1,1,0,0,0,1,0,0,1,1,2,0,0,harbour_cif.y4m,582.68,584.532,3.812856,0.005106,0.0,239
1,0,1,1,0,0,0,0,0,0,0,1,2,0,0,harbour_cif.y4m,511.36,511.362,0.234457,0.005882,0.0,276
1,0,1,1,0,0,1,0,0,0,0,1,4,0,6,harbour_cif.y4m,538.2,538.096,1.254205,0.005492,0.0,257
1,0,1,0,0,1,0,0,0,1,1,0,1,5,0,harbour_cif.y4m,53.56,54.552,1.616638,0.005881,0.0,42
1,1,1,0,1,0,1,1,0,0,0,0,2,15,3,harbour_cif.y4m,60.07,60.614,0.933263,0.005299,0.0,204
1,0,1,1,0,0,1,0,0,1,0,1,2,15,6,harbour_cif.y4m,537.07,537.146,0.282011,0.005492,0.0,145
1,0,1,0,1,0,0,0,0,0,0,0,2,0,3,harbour_cif.y4m,35.75,35.738,0.251336,0.005871,0.0,246
1,1,1,1,0,0,0,1,0,0,1,1,8,0,0,harbour_cif.y4m,587.94,588.014,0.206228,0.005106,0.0,202
1,1,1,0,1,0,0,1,0,1,0,0,2,5,3,harbour_cif.y4m,59.72,59.602,0.161617,0.005102,0.0,70
1,0,1,0,1,0,0,0,0,0,1,0,1,5,3,harbour_cif.y4m,35.52,36.018,1.199925,0.005871,0.0,230
1,0,1,0,1,0,1,0,0,0,0,0,4,15,6,harbour_cif.y4m,43.16,43.35,0.522255,0.005496,0.0,267
1,1,1,1,0,0,1,1,0,0,0,1,8,5,3,harbour_cif.y4m,618.46,619.42,2.479234,0.005301,0.0,146
1,0,1,0,1,0,1,0,0,0,0,1,2,15,0,harbour_cif.y4m,40.76,40.698,0.262145,0.005497,0.0,27
1,0,1,0,1,0,1,0,0,0,1,1,8,0,3,harbour_cif.y4m,40.22,40.2,0.104163,0.005497,0.0,137
1,1,1,1,0,0,0,1,0,0,1,1,2,15,0,harbour_cif.y4m,621.56,621.592,0.171377,0.0051,0.0,189
1,1,1,0,1,0,1,1,0,1,0,0,4,15,0,harbour_cif.y4m,62.8,62.98,0.346194,0.005303,0.0,132
1,1,1,1,0,0,0,0,1,1,0,1,8,0,0,harbour_cif.y4m,523.13,523.1,0.138564,0.005091,0.0,169
1,0,1,0,0,1,0,0,0,0,0,0,1,5,6,harbour_cif.y4m,54.88,54.416,0.727619,0.005881,0.0,33
1,0,1,1,0,0,0,0,0,0,1,1,8,15,0,harbour_cif.y4m,511.33,517.092,12.647767,0.005882,0.0,205
1,0,1,1,0,0,0,0,0,1,0,1,2,0,0,harbour_cif.y4m,519.78,518.058,6.619137,0.005882,0.0,245
1,1,1,0,1,0,1,1,0,0,1,1,1,15,0,harbour_cif.y4m,59.62,59.574,0.10015,0.005337,0.0,298
1,0,1,1,0,0,1,0,0,1,1,0,2,5,6,harbour_cif.y4m,537.33,537.512,0.456749,0.005503,0.0,163
1,1,1,1,0,0,0,1,0,0,0,0,1,5,0,harbour_cif.y4m,610.66,612.38,3.954156,0.005104,0.0,123
1,0,1,0,0,1,1,0,0,1,0,0,4,15,0,harbour_cif.y4m,65.99,65.94,0.111355,0.005534,0.0,4
1,0,1,0,0,1,1,0,0,1,1,0,8,5,6,harbour_cif.y4m,61.77,61.808,0.140428,0.005534,0.0,141
1,1,1,0,1,0,0,1,0,1,0,0,8,5,6,harbour_cif.y4m,59.24,59.276,0.149097,0.005084,0.0,129
1,1,1,0,1,0,1,1,0,1,1,0,4,5,3,harbour_cif.y4m,63.74,63.76,0.115974,0.005294,0.0,159
1,0,1,0,0,1,1,0,0,1,0,0,1,0,0,harbour_cif.y4m,62.56,62.256,0.686243,0.005534,0.0,22
1,0,1,0,0,1,0,0,0,1,0,1,2,0,6,harbour_cif.y4m,53.53,53.544,0.091542,0.005894,0.0,175
1,1,1,1,0,0,0,1,0,1,1,1,8,5,6,harbour_cif.y4m,608.76,608.782,0.150732,0.005085,0.0,151
1,1,1,0,1,0,0,1,0,0,1,0,2,5,0,harbour_cif.y4m,60.01,60.052,0.312522,0.005101,0.0,52
1,0,1,0,0,1,0,0,0,0,0,1,4,0,3,harbour_cif.y4m,54.41,54.116,0.675559,0.005894,0.0,108
1,0,1,0,1,0,1,0,0,0,0,1,8,15,0,harbour_cif.y4m,40.17,40.182,0.146697,0.005497,0.0,72
1,0,1,1,0,0,1,0,0,1,1,0,8,0,6,harbour_cif.y4m,538.08,538.026,0.875603,0.005503,0.0,248
1,1,1,1,0,0,1,1,0,1,1,0,8,5,6,harbour_cif.y4m,613.2,613.33,0.57563,0.005243,0.0,174
1,0,1,1,0,0,1,0,0,1,1,1,8,0,3,harbour_cif.y4m,575.17,575.21,0.194551,0.005492,0.0,130
1,1,1,0,1,0,1,1,0,1,1,1,8,15,0,harbour_cif.y4m,63.83,63.916,0.347606,0.005337,0.0,168
1,0,1,0,0,1,1,0,0,1,0,1,8,0,6,harbour_cif.y4m,65.7,65.696,0.155177,0.005533,0.0,198
1,0,1,0,0,1,1,0,0,1,1,0,1,0,3,harbour_cif.y4m,61.84,62.684,1.504038,0.005534,0.0,83
1,1,1,1,0,0,1,1,0,0,1,0,1,0,3,harbour_cif.y4m,596.17,597.488,2.214717,0.005307,0.0,291
1,0,1,0,1,0,0,0,0,1,1,0,1,0,6,harbour_cif.y4m,35.5,35.768,0.555131,0.005871,0.0,237
1,0,1,0,0,1,0,0,0,1,1,1,2,15,3,harbour_cif.y4m,57.46,57.884,0.809247,0.005894,0.0,90
1,1,1,1,0,0,1,1,0,0,0,1,1,15,0,harbour_cif.y4m,620.4,620.388,0.296766,0.005325,0.0,87
1,0,1,1,0,0,1,0,0,1,0,0,1,5,0,harbour_cif.y4m,537.79,542.526,6.961001,0.005503,0.0,74
1,0,1,0,0,1,0,0,0,1,0,0,2,0,3,harbour_cif.y4m,53.6,54.36,1.238648,0.005881,0.0,201
1,0,1,0,1,0,0,0,0,1,0,1,1,0,0,harbour_cif.y4m,35.47,35.434,0.146048,0.005871,0.0,183
1,0,1,1,0,0,0,0,0,0,0,0,4,0,6,harbour_cif.y4m,511.27,512.502,2.330273,0.00588,0.0,227
1,1,1,0,1,0,1,1,0,0,0,0,1,15,6,harbour_cif.y4m,59.71,59.448,0.448353,0.005255,0.0,222
1,0,1,0,0,1,0,0,0,0,1,0,8,0,6,harbour_cif.y4m,56.31,55.794,0.824457,0.005881,0.0,55
1,0,1,1,0,0,0,0,0,0,1,1,2,5,0,harbour_cif.y4m,551.22,549.992,2.072262,0.005882,0.0,142
1,0,1,1,0,0,1,0,0,1,0,1,1,5,6,harbour_cif.y4m,536.78,537.038,0.539509,0.005492,0.0,124
1,0,1,1,0,0,1,0,0,0,0,0,8,0,0,harbour_cif.y4m,575.76,577.178,2.21239,0.005503,0.0,95
1,0,1,1,0,0,1,0,0,1,0,0,2,15,0,harbour_cif.y4m,537.34,537.262,0.305729,0.005503,0.0,241
1,0,1,0,1,0,0,0,0,0,1,1,1,5,3,harbour_cif.y4m,35.81,35.722,0.384279,0.005871,0.0,289
1,0,1,1,0,0,1,0,0,1,1,0,1,5,0,harbour_cif.y4m,540.01,544.75,7.993185,0.005503,0.0,278
1,1,1,0,1,0,0,1,0,1,1,0,1,0,6,harbour_cif.y4m,59.48,60.074,0.953221,0.005107,0.0,176
1,0,1,0,0,1,1,0,0,0,1,0,8,5,0,harbour_cif.y4m,62.4,63.072,1.582615,0.005534,0.0,122
1,0,1,0,0,1,0,0,0,0,1,0,4,0,6,harbour_cif.y4m,53.82,54.254,0.696261,0.005881,0.0,30
1,1,1,0,1,0,0,1,0,0,0,0,2,0,6,harbour_cif.y4m,59.72,59.558,0.413908,0.005107,0.0,251
1,0,1,1,0,0,0,0,0,0,0,1,1,0,0,harbour_cif.y4m,511.56,514.956,4.914217,0.005882,0.0,120
1,0,1,1,0,0,0,0,0,0,0,1,2,15,6,harbour_cif.y4m,511.44,522.418,15.216776,0.005882,0.0,144
1,0,1,0,1,0,1,0,0,0,0,0,1,0,3,harbour_cif.y4m,43.23,43.246,0.204034,0.005496,0.0,265
1,1,1,0,1,0,0,1,0,0,1,0,2,0,6,harbour_cif.y4m,61.09,60.606,1.347861,0.005107,0.0,260
1,1,1,0,1,0,0,1,0,0,0,1,1,0,3,harbour_cif.y4m,59.15,59.49,0.891544,0.005114,0.0,78
1,0,1,0,1,0,0,0,0,0,1,1,8,15,3,harbour_cif.y4m,35.45,35.432,0.09094,0.005871,0.0,84
1,0,1,1,0,0,1,0,0,1,0,0,4,15,3,harbour_cif.y4m,537.27,542.288,11.456901,0.005503,0.0,296
1,0,1,0,0,1,0,0,0,0,0,1,2,5,6,harbour_cif.y4m,57.35,57.406,0.143805,0.005894,0.0,232
1,0,1,0,0,1,1,0,0,0,1,0,4,15,6,harbour_cif.y4m,62.63,62.626,0.131263,0.005534,0.0,213
1,1,1,0,1,0,0,1,0,0,1,1,8,15,3,harbour_cif.y4m,60.13,60.11,0.129808,0.005105,0.0,94
1,0,1,0,1,0,0,0,0,0,1,1,1,5,0,harbour_cif.y4m,36.13,36.016,0.19857,0.005871,0.0,178
1,0,1,1,0,0,1,0,0,1,0,0,4,0,0,harbour_cif.y4m,537.78,538.368,1.538366,0.005503,0.0,127
1,1,1,0,1,0,1,1,0,0,1,0,8,5,6,harbour_cif.y4m,59.67,59.482,0.400899,0.005266,0.0,111
1,0,1,0,1,0,0,0,0,0,0,1,1,0,6,harbour_cif.y4m,35.47,35.94,0.805047,0.005871,0.0,92
1,1,1,1,0,0,0,1,0,0,1,0,8,15,6,harbour_cif.y4m,611.73,612.826,2.931592,0.005072,0.0,54
1,0,1,0,0,1,0,0,0,0,0,1,2,15,0,harbour_cif.y4m,54.31,54.178,0.642238,0.005894,0.0,45
1,0,1,1,0,0,0,0,0,1,0,0,4,0,6,harbour_cif.y4m,510.85,511.066,0.462904,0.00588,0.0,226
1,1,1,1,0,0,1,1,0,1,0,0,8,5,0,harbour_cif.y4m,665.45,665.456,0.180222,0.005314,0.0,200
1,0,1,0,0,1,1,0,0,1,0,1,8,5,6,harbour_cif.y4m,62.91,62.548,1.306128,0.005533,0.0,59
1,1,1,0,1,0,1,0,1,0,0,1,2,0,0,harbour_cif.y4m,43.46,42.536,1.429836,0.005263,0.0,19
1,1,1,1,0,0,0,1,0,1,0,0,2,15,0,harbour_cif.y4m,608.72,608.76,0.091378,0.005089,0.0,47
1,1,1,0,1,0,1,1,0,0,0,1,4,5,6,harbour_cif.y4m,59.22,59.206,0.096592,0.005274,0.0,32
1,1,1,0,1,0,0,1,0,1,0,0,1,5,6,harbour_cif.y4m,58.52,58.558,0.139535,0.005084,0.0,170
1,0,1,0,0,1,0,0,0,1,1,0,1,15,0,harbour_cif.y4m,53.63,54.602,1.837027,0.005881,0.0,270
1,0,1,1,0,0,1,0,0,1,0,1,4,15,6,harbour_cif.y4m,537.23,541.684,7.312402,0.005492,0.0,207
1,1,1,0,1,0,0,1,0,1,1,1,1,5,6,harbour_cif.y4m,59.26,59.274,0.053666,0.005084,0.0,43
1,0,1,0,1,0,1,0,0,0,1,1,1,0,3,harbour_cif.y4m,39.97,40.052,0.178802,0.005497,0.0,40
1,1,1,0,1,0,0,1,0,0,1,1,1,5,3,harbour_cif.y4m,59.94,60.616,1.56206,0.005111,0.0,117
1,0,1,0,0,1,0,0,0,0,1,0,8,15,6,harbour_cif.y4m,53.56,53.566,0.148593,0.005881,0.0,253
1,0,1,1,0,0,0,0,0,1,0,0,1,15,3,harbour_cif.y4m,538.02,527.644,15.359155,0.00588,0.0,68
1,1,1,1,0,0,0,1,0,1,1,1,1,15,6,harbour_cif.y4m,607.88,608.866,1.607243,0.00508,0.0,186
1,1,1,0,1,0,1,1,0,0,0,1,8,15,3,harbour_cif.y4m,59.79,59.488,0.824724,0.005313,0.0,288
1,1,1,0,1,0,0,1,0,0,0,0,2,0,0,harbour_cif.y4m,63.52,63.468,0.143422,0.005107,0.0,15
1,0,1,1,0,0,0,0,0,0,1,1,2,15,3,harbour_cif.y4m,511.35,511.6,0.611433,0.005882,0.0,82
1,1,1,1,0,0,0,1,0,0,0,0,4,15,6,harbour_cif.y4m,611.68,611.842,0.682986,0.005072,0.0,211
1,0,1,0,1,0,1,0,0,1,1,1,8,15,6,harbour_cif.y4m,40.62,40.57,0.552359,0.005497,0.0,177
1,1,1,0,1,0,0,1,0,1,1,1,2,5,3,harbour_cif.y4m,60.27,60.442,0.570324,0.005111,0.0,210
1,0,1,1,0,0,0,0,0,1,1,1,2,0,3,harbour_cif.y4m,511.36,513.408,4.48476,0.005882,0.0,13
1,0,1,0,1,0,1,0,0,0,0,1,2,15,3,harbour_cif.y4m,42.26,41.522,1.220295,0.005497,0.0,228
1,0,1,0,1,0,1,0,0,1,1,0,4,5,3,harbour_cif.y4m,40.28,40.348,0.153199,0.005496,0.0,38
1,1,1,1,0,0,0,1,0,0,0,1,4,15,6,harbour_cif.y4m,607.98,614.598,14.989922,0.00508,0.0,29
1,1,1,1,0,0,1,0,1,1,0,0,8,0,0,harbour_cif.y4m,559.06,559.488,5.162642,0.005239,0.0,24
1,1,1,1,0,0,0,1,0,0,0,0,8,5,6,harbour_cif.y4m,611.04,612.042,2.116535,0.005073,0.0,293
1,1,1,1,0,0,0,1,0,0,1,0,2,5,6,harbour_cif.y4m,613.45,613.918,1.229378,0.005073,0.0,67
1,1,1,0,1,0,0,1,0,1,0,1,2,5,0,harbour_cif.y4m,60.73,60.83,0.284868,0.005111,0.0,199
1,0,1,0,0,1,1,0,0,1,1,0,8,15,3,harbour_cif.y4m,62.9,62.628,0.506083,0.005534,0.0,244
1,0,1,0,0,1,1,0,0,0,0,0,8,15,0,harbour_cif.y4m,65.98,66.536,0.798079,0.005534,0.0,80
1,1,1,1,0,0,1,1,0,1,1,1,2,0,3,harbour_cif.y4m,604.6,600.364,11.525482,0.00532,0.0,223
1,1,1,0,1,0,1,1,0,0,1,0,8,5,0,harbour_cif.y4m,59.32,59.298,0.080436,0.005291,0.0,121
1,0,1,1,0,0,1,0,0,0,0,0,8,5,3,harbour_cif.y4m,541.17,540.468,1.269161,0.005503,0.0,261
1,0,1,1,0,0,1,0,0,1,1,0,1,5,6,harbour_cif.y4m,551.59,550.302,12.765158,0.005503,0.0,156
1,1,1,1,0,0,0,1,0,0,1,0,4,15,3,harbour_cif.y4m,658.92,659.508,1.629745,0.005084,0.0,271
1,1,1,1,0,0,1,1,0,1,0,0,2,15,3,harbour_cif.y4m,634.12,630.562,5.985392,0.005286,0.0,9
1,1,1,1,0,0,1,1,0,1,0,1,1,0,0,harbour_cif.y4m,594.22,594.19,0.199374,0.00532,0.0,165
1,0,1,0,0,1,1,0,0,1,0,0,1,15,6,harbour_cif.y4m,66.16,66.122,0.190184,0.005534,0.0,126
1,0,1,1,0,0,1,0,0,1,1,1,8,5,0,harbour_cif.y4m,536.91,537.072,0.362726,0.005492,0.0,280
1,0,1,1,0,0,0,0,0,1,1,0,2,5,3,harbour_cif.y4m,547.36,548.142,1.844565,0.00588,0.0,172
1,0,1,0,1,0,1,0,0,0,0,0,1,15,6,harbour_cif.y4m,40.34,40.372,0.199925,0.005496,0.0,292
1,0,1,0,0,1,0,0,0,1,0,1,1,0,3,harbour_cif.y4m,53.7,53.684,0.176153,0.005894,0.0,179
1,0,1,0,0,1,1,0,0,1,0,1,2,0,3,harbour_cif.y4m,61.33,61.35,0.115542,0.005533,0.0,272
1,0,1,0,0,1,1,0,0,0,1,0,4,5,0,harbour_cif.y4m,61.65,61.636,0.130307,0.005534,0.0,105
1,0,1,0,1,0,0,0,0,0,0,0,1,0,3,harbour_cif.y4m,35.84,35.906,0.107145,0.005871,0.0,76
1,0,1,1,0,0,1,0,0,0,1,0,4,15,3,harbour_cif.y4m,537.82,537.888,0.612919,0.005503,0.0,197
1,1,1,1,0,0,1,1,0,0,1,0,1,15,0,harbour_cif.y4m,619.56,621.788,5.055069,0.005297,0.0,221
1,1,1,1,0,0,1,1,0,0,1,0,8,15,6,harbour_cif.y4m,615.12,615.728,2.848012,0.005251,0.0,167
1,1,1,0,1,0,0,1,0,1,0,1,4,15,6,harbour_cif.y4m,63.27,63.256,0.173003,0.005097,0.0,136
1,1,1,1,0,0,0,1,0,1,0,1,8,15,6,harbour_cif.y4m,607.91,614.81,9.647546,0.00508,0.0,243
1,0,1,0,1,0,0,0,0,1,0,1,8,15,6,harbour_cif.y4m,35.44,35.77,0.818902,0.005871,0.0,60
1,0,1,1,0,0,0,0,0,1,0,1,2,0,6,harbour_cif.y4m,511.31,511.314,0.107842,0.005882,0.0,110
1,1,1,1,0,0,1,1,0,1,0,0,1,15,6,harbour_cif.y4m,613.09,613.032,0.143248,0.005251,0.0,35
1,0,1,1,0,0,1,0,0,0,1,1,2,5,6,harbour_cif.y4m,575.17,575.16,0.152151,0.005492,0.0,235
1,0,1,1,0,0,0,0,0,1,0,0,1,0,3,harbour_cif.y4m,511.72,511.624,0.747416,0.00588,0.0,44
1,1,1,0,1,0,1,1,0,0,1,0,4,15,3,harbour_cif.y4m,60.01,60.59,1.450396,0.005299,0.0,256
1,0,1,0,0,1,0,0,0,0,1,1,8,0,0,harbour_cif.y4m,53.53,54.582,1.650612,0.005894,0.0,192
1,0,1,0,1,0,0,0,0,0,1,1,2,0,0,harbour_cif.y4m,35.9,35.856,0.406977,0.005871,0.0,41
1,0,1,1,0,0,0,0,0,0,1,0,4,5,0,harbour_cif.y4m,515.41,515.168,0.799794,0.00588,0.0,37
1,0,1,0,0,1,0,0,0,0,0,0,4,5,0,harbour_cif.y4m,54.2,54.244,0.497926,0.005881,0.0,26
1,1,1,1,0,0,0,1,0,0,0,0,1,0,3,harbour_cif.y4m,581.54,593.964,17.181808,0.005099,0.0,273
1,1,1,1,0,0,1,1,0,0,0,1,1,5,6,harbour_cif.y4m,612.08,618.406,13.787026,0.00527,0.0,233
1,1,1,0,1,0,1,1,0,0,1,1,8,0,0,harbour_cif.y4m,57.71,57.688,0.044944,0.005336,0.0,101
1,0,1,1,0,0,0,0,0,0,0,1,2,5,3,harbour_cif.y4m,511.52,511.904,0.961213,0.005882,0.0,39
1,1,1,0,1,0,0,1,0,0,0,1,1,15,0,harbour_cif.y4m,61.49,60.838,0.991499,0.005117,0.0,106
1,1,1,0,1,0,0,0,1,1,0,0,1,0,0,harbour_cif.y4m,39.15,39.276,0.189684,0.005093,0.0,242
1,1,1,1,0,0,1,1,0,0,1,0,2,15,0,harbour_cif.y4m,619.66,619.604,0.213378,0.005297,0.0,193
1,0,1,0,1,0,1,0,0,0,1,0,1,15,6,harbour_cif.y4m,40.38,40.354,0.094763,0.005496,0.0,103
1,1,1,0,1,0,0,1,0,1,1,1,8,5,6,harbour_cif.y4m,62.83,62.844,0.19152,0.005084,0.0,1
1,0,1,1,0,0,0,0,0,1,1,1,1,0,0,harbour_cif.y4m,513.49,515.712,7.210015,0.005882,0.0,61
1,1,1,1,0,0,0,0,1,0,0,0,2,0,0,harbour_cif.y4m,560.35,561.308,2.142235,0.005075,0.0,56
1,1,1,0,1,0,0,1,0,0,1,0,8,15,3,harbour_cif.y4m,60.56,60.936,0.876088,0.005086,0.0,148
1,0,1,0,1,0,0,0,0,1,0,1,2,5,0,harbour_cif.y4m,35.41,35.412,0.08167,0.005871,0.0,112
1,0,1,0,1,0,1,0,0,0,1,0,8,15,3,harbour_cif.y4m,43.19,43.15,0.181384,0.005496,0.0,300
1,0,1,0,1,0,0,0,0,1,1,0,4,15,0,harbour_cif.y4m,35.9,35.758,0.366974,0.005871,0.0,249
1,0,1,0,1,0,0,0,0,0,0,1,2,0,0,harbour_cif.y4m,36.05,35.914,0.40513,0.005871,0.0,20
1,1,1,1,0,0,1,1,0,1,0,1,1,5,0,harbour_cif.y4m,617.74,631.386,18.728896,0.005325,0.0,104
1,1,1,1,0,0,0,1,0,1,1,1,8,15,6,harbour_cif.y4m,611.64,613.244,7.786702,0.00508,0.0,131
1,0,1,1,0,0,0,0,0,0,0,0,2,0,3,harbour_cif.y4m,510.9,510.882,0.230911,0.00588,0.0,69
1,0,1,0,1,0,1,0,0,0,0,0,2,0,3,harbour_cif.y4m,41.52,41.262,1.074207,0.005496,0.0,220
1,1,1,1,0,0,1,1,0,1,1,1,8,15,6,harbour_cif.y4m,656.49,657.722,2.778609,0.005264,0.0,11
1,1,1,1,0,0,1,1,0,1,0,0,4,15,6,harbour_cif.y4m,613.14,613.51,1.029344,0.005251,0.0,258
1,0,1,0,1,0,1,0,0,0,0,0,2,15,3,harbour_cif.y4m,40.35,40.376,0.14775,0.005496,0.0,65
1,0,1,0,0,1,1,0,0,0,0,0,2,15,0,harbour_cif.y4m,62.96,62.572,0.920201,0.005534,0.0,160
1,0,1,0,0,1,1,0,0,0,0,0,8,0,0,harbour_cif.y4m,61.69,62.564,1.416273,0.005534,0.0,238
1,1,1,1,0,0,0,1,0,0,0,0,4,0,0,harbour_cif.y4m,581.27,581.408,0.224544,0.005099,0.0,57
1,1,1,0,1,0,0,1,0,1,0,1,2,0,0,harbour_cif.y4m,59.38,59.33,0.109316,0.005114,0.0,79
1,0,1,0,1,0,1,0,0,0,1,0,4,15,3,harbour_cif.y4m,40.85,40.646,0.326236,0.005496,0.0,224
1,1,1,0,1,0,0,1,0,1,0,0,2,0,3,harbour_cif.y4m,59.32,59.408,0.345065,0.005107,0.0,48
1,0,1,0,1,0,1,0,0,0,0,1,8,0,6,harbour_cif.y4m,40.11,40.068,0.119666,0.005497,0.0,173
1,1,1,1,0,0,1,1,0,0,1,1,1,0,0,harbour_cif.y4m,589.93,589.918,0.738492,0.00532,0.0,283
1,0,1,0,1,0,0,0,0,0,0,0,1,0,6,harbour_cif.y4m,35.62,35.788,0.311079,0.005871,0.0,190
1,0,1,0,1,0,1,0,0,1,1,1,4,0,6,harbour_cif.y4m,40.27,40.35,0.339338,0.005497,0.0,259
1,0,1,1,0,0,0,0,0,0,0,1,1,15,3,harbour_cif.y4m,524.82,524.264,8.908644,0.005882,0.0,7
1,0,1,0,0,1,0,0,0,0,0,1,2,5,0,harbour_cif.y4m,53.36,53.418,0.136638,0.005894,0.0,73
1,1,1,1,0,0,1,1,0,0,0,0,2,0,6,harbour_cif.y4m,595.36,595.43,0.19975,0.005307,0.0,63
1,0,1,0,0,1,1,0,0,1,1,0,2,15,3,harbour_cif.y4m,62.76,62.674,0.314372,0.005534,0.0,284
1,0,1,1,0,0,1,0,0,1,0,1,8,15,6,harbour_cif.y4m,536.87,536.872,0.160842,0.005492,0.0,250
1,1,1,0,1,0,0,1,0,0,0,0,2,5,0,harbour_cif.y4m,59.87,59.966,0.189816,0.005101,0.0,209
1,0,1,0,1,0,1,0,0,0,0,1,4,5,3,harbour_cif.y4m,43.1,43.028,0.123167,0.005497,0.0,138
1,1,1,1,0,0,0,0,1,1,1,0,1,0,0,harbour_cif.y4m,523.76,523.638,0.257332,0.005075,0.0,135
1,1,1,1,0,0,1,1,0,1,1,0,4,5,3,harbour_cif.y4m,620.41,620.308,0.236051,0.005291,0.0,264
1,1,1,1,0,0,0,1,0,1,1,0,2,0,6,harbour_cif.y4m,581.24,585.672,6.901461,0.005099,0.0,215
1,0,1,0,0,1,0,0,0,0,1,1,4,5,3,harbour_cif.y4m,53.72,54.106,0.666543,0.005894,0.0,50
1,0,1,1,0,0,0,0,0,1,1,0,4,0,6,harbour_cif.y4m,525.63,522.792,6.649483,0.00588,0.0,98
1,1,1,1,0,0,0,1,0,1,1,0,1,15,0,harbour_cif.y4m,608.75,608.702,0.247326,0.005089,0.0,140
1,1,1,1,0,0,0,1,0,0,1,1,1,0,3,harbour_cif.y4m,583.31,583.082,0.593271,0.005106,0.0,113
1,0,1,0,1,0,1,0,0,1,1,0,1,0,6,harbour_cif.y4m,43.07,43.208,0.393154,0.005496,0.0,3
1,0,1,0,0,1,0,0,0,1,1,1,8,0,0,harbour_cif.y4m,53.86,54.028,0.325607,0.005894,0.0,149
1,0,1,1,0,0,0,0,0,0,1,1,8,5,6,harbour_cif.y4m,514.01,513.432,1.786609,0.005882,0.0,153
1,1,1,1,0,0,1,1,0,1,1,0,2,15,6,harbour_cif.y4m,618.93,618.846,0.286758,0.005251,0.0,133
1,0,1,1,0,0,0,0,0,0,0,0,1,0,3,harbour_cif.y4m,510.85,512.224,3.033279,0.00588,0.0,191
1,1,1,0,1,0,0,1,0,1,0,1,1,0,6,harbour_cif.y4m,58.56,58.572,0.075631,0.005114,0.0,100
1,0,1,1,0,0,1,0,0,0,1,0,4,0,3,harbour_cif.y4m,575.52,575.622,0.382518,0.005503,0.0,85
1,0,1,0,0,1,1,0,0,0,0,0,2,0,3,harbour_cif.y4m,61.7,61.812,0.341863,0.005534,0.0,88
1,0,1,0,1,0,1,0,0,1,1,0,4,15,6,harbour_cif.y4m,41.2,41.196,0.391829,0.005496,0.0,31
1,0,1,0,0,1,1,0,0,0,0,0,4,5,3,harbour_cif.y4m,65.99,66.338,0.838135,0.005534,0.0,134
1,1,1,0,1,0,1,1,0,1,1,1,8,0,3,harbour_cif.y4m,58.77,58.782,0.117983,0.005336,0.0,147
1,1,1,1,0,0,0,1,0,0,1,1,4,15,6,harbour_cif.y4m,607.71,612.406,7.356292,0.00508,0.0,275
1,0,1,0,0,1,1,0,0,0,1,0,4,15,3,harbour_cif.y4m,61.63,61.896,0.594079,0.005534,0.0,143
1,1,1,0,1,0,1,1,0,1,0,0,1,5,6,harbour_cif.y4m,58.87,59.164,0.738871,0.005266,0.0,8
1,1,1,1,0,0,1,1,0,0,1,1,4,5,3,harbour_cif.y4m,617.41,617.426,0.244602,0.005301,0.0,216
1,0,1,1,0,0,1,0,0,1,0,0,1,0,3,harbour_cif.y4m,537.25,539.12,4.299895,0.005503,0.0,214
1,0,1,0,0,1,0,0,0,0,0,0,1,5,0,harbour_cif.y4m,54.4,54.202,0.656255,0.005881,0.0,17
1,0,1,0,0,1,1,0,0,0,0,0,1,5,0,harbour_cif.y4m,66.03,66.332,0.729877,0.005534,0.0,206
1,0,1,0,1,0,0,0,0,1,1,1,8,15,0,harbour_cif.y4m,35.45,35.436,0.071624,0.005871,0.0,36
1,1,1,0,1,0,1,1,0,0,0,0,4,15,3,harbour_cif.y4m,64.19,64.188,0.263002,0.005299,0.0,6
1,0,1,1,0,0,1,0,0,0,0,1,1,0,6,harbour_cif.y4m,536.91,536.99,0.179861,0.005492,0.0,5
1,0,1,1,0,0,1,0,0,0,0,0,8,15,6,harbour_cif.y4m,537.72,540.354,4.655054,0.005503,0.0,164
1,0,1,0,0,1,0,0,0,1,0,0,8,0,6,harbour_cif.y4m,53.65,53.694,0.097108,0.005881,0.0,97
1,0,1,1,0,0,0,0,0,0,1,0,2,5,3,harbour_cif.y4m,547.66,548.466,1.289139,0.00588,0.0,236
1,1,1,0,1,0,1,1,0,0,0,0,8,5,0,harbour_cif.y4m,59.3,59.296,0.116748,0.005291,0.0,71
1,1,1,0,1,0,1,1,0,1,0,1,2,0,3,harbour_cif.y4m,57.59,57.636,0.08792,0.005336,0.0,295
1,0,1,1,0,0,1,0,0,1,1,0,8,5,3,harbour_cif.y4m,538.84,538.488,1.331266,0.005503,0.0,286
1,0,1,0,1,0,0,0,0,0,0,1,1,5,0,harbour_cif.y4m,36.1,36.092,0.194474,0.005871,0.0,34
1,0,1,0,1,0,1,0,0,1,1,1,1,5,3,harbour_cif.y4m,40.25,40.576,0.549936,0.005497,0.0,240
1,0,1,0,0,1,1,0,0,0,0,1,4,15,3,harbour_cif.y4m,61.62,61.938,1.023093,0.005533,0.0,18
1,0,1,0,1,0,0,0,0,0,1,0,8,0,6,harbour_cif.y4m,35.4,35.844,0.675226,0.005871,0.0,102
1,1,1,1,0,0,1,0,1,0,1,0,4,0,0,harbour_cif.y4m,567.51,564.292,11.527843,0.005239,0.0,51
1,1,1,1,0,0,1,1,0,0,0,1,4,15,6,harbour_cif.y4m,613.04,612.97,0.187883,0.005264,0.0,282
1,0,1,0,1,0,1,0,0,1,1,1,1,0,3,harbour_cif.y4m,41.41,40.952,0.718136,0.005497,0.0,77
1,0,1,1,0,0,1,0,0,0,1,0,2,0,3,harbour_cif.y4m,542.97,542.464,5.902553,0.005503,0.0,128
1,1,1,0,1,0,1,1,0,0,0,0,2,5,3,harbour_cif.y4m,62.22,61.142,1.580038,0.005294,0.0,234
1,0,1,1,0,0,0,0,0,0,1,1,1,0,0,harbour_cif.y4m,511.46,511.57,0.334664,0.005882,0.0,252
1,0,1,1,0,0,1,0,0,0,0,1,4,0,3,harbour_cif.y4m,536.9,536.954,0.273825,0.005492,0.0,28
1,0,1,0,0,1,1,0,0,1,1,1,8,15,3,harbour_cif.y4m,61.58,62.936,2.040032,0.005533,0.0,139
1,0,1,0,0,1,0,0,0,0,0,1,1,5,0,harbour_cif.y4m,53.66,53.948,0.69269,0.005894,0.0,158
1,1,1,0,1,0,1,1,0,1,0,1,8,5,3,harbour_cif.y4m,59.65,60.326,1.629488,0.005313,0.0,152
1,0,1,1,0,0,1,0,0,1,0,0,2,0,6,harbour_cif.y4m,538.16,538.44,1.282556,0.005503,0.0,12
1,1,1,0,1,0,0,1,0,0,0,1,4,15,3,harbour_cif.y4m,60.25,60.912,1.613295,0.005105,0.0,294
1,1,1,0,1,0,0,1,0,0,0,1,8,15,3,harbour_cif.y4m,61.35,61.21,0.651422,0.005105,0.0,154
1,1,1,1,0,0,0,1,0,1,0,0,2,15,6,harbour_cif.y4m,627.21,621.328,9.197389,0.005072,0.0,157
1,0,1,1,0,0,1,0,0,1,1,1,2,0,3,harbour_cif.y4m,537.43,540.984,5.243613,0.005492,0.0,150
1,1,1,0,1,0,1,1,0,0,1,0,8,0,6,harbour_cif.y4m,58.2,58.248,0.143422,0.005316,0.0,287
1,0,1,0,1,0,0,0,0,1,1,0,1,0,3,harbour_cif.y4m,35.51,35.504,0.106911,0.005871,0.0,297
1,0,1,0,0,1,0,0,0,1,1,0,8,15,0,harbour_cif.y4m,54.3,54.308,0.183494,0.005881,0.0,263
1,1,1,0,1,0,0,1,0,1,1,1,1,5,3,harbour_cif.y4m,59.97,60.072,0.293121,0.005111,0.0,255
1,0,1,1,0,0,0,0,0,1,1,0,8,15,3,harbour_cif.y4m,510.97,510.9,0.203961,0.00588,0.0,115
1,0,1,0,0,1,1,0,0,1,0,1,4,15,3,harbour_cif.y4m,63.91,63.452,1.578946,0.005533,0.0,188
1,0,1,0,0,1,1,0,0,0,0,1,8,0,6,harbour_cif.y4m,61.42,61.658,0.806021,0.005533,0.0,212
1,0,1,1,0,0,1,0,0,0,0,1,1,15,3,harbour_cif.y4m,541.38,541.08,2.833011,0.005492,0.0,195
1,0,1,0,1,0,0,0,0,0,1,1,2,15,0,harbour_cif.y4m,35.53,35.668,0.44042,0.005871,0.0,119
1,0,1,1,0,0,0,0,0,1,0,1,4,15,0,harbour_cif.y4m,548.08,548.784,1.4712,0.005882,0.0,58
1,0,1,0,1,0,1,0,0,1,0,1,4,0,6,harbour_cif.y4m,40.15,40.39,0.63502,0.005497,0.0,277
1,0,1,0,1,0,1,0,0,0,1,1,4,5,6,harbour_cif.y4m,40.77,40.748,0.261763,0.005497,0.0,64
1,1,1,0,1,0,1,1,0,1,0,0,2,0,0,harbour_cif.y4m,58.71,58.804,0.516943,0.005316,0.0,285
1,1,1,0,1,0,1,1,0,1,0,0,4,0,0,harbour_cif.y4m,59.78,59.826,1.719224,0.005316,0.0,290
1,0,1,1,0,0,0,0,0,1,0,1,8,5,6,harbour_cif.y4m,524.66,522.366,6.110596,0.005882,0.0,196
1,1,1,1,0,0,1,0,1,1,1,1,1,0,0,harbour_cif.y4m,547.88,549.134,2.860355,0.005199,0.0,93
1,0,1,1,0,0,1,0,0,0,1,1,4,5,6,harbour_cif.y4m,542.87,542.904,0.156621,0.005492,0.0,299
1,0,1,1,0,0,0,0,0,1,0,0,2,5,0,harbour_cif.y4m,524.46,521.104,10.257089,0.00588,0.0,125
1,1,1,0,1,0,0,1,0,1,0,1,2,15,6,harbour_cif.y4m,59.42,60.098,1.044064,0.005097,0.0,21
1,0,1,0,1,0,0,0,0,1,0,1,2,0,0,harbour_cif.y4m,35.48,35.68,0.364692,0.005871,0.0,225
1,0,1,0,1,0,0,0,0,1,0,0,2,5,0,highway_cif.y4m,23.7,24.324,0.993469,0.000757,0.0,114
1,1,1,1,0,0,0,0,1,0,0,1,1,0,0,highway_cif.y4m,539.61,539.522,0.482877,0.000739,0.0,281
1,1,1,1,0,0,0,1,0,1,1,0,2,5,0,highway_cif.y4m,625.92,625.874,0.203789,0.000748,0.0,49
1,0,1,0,0,1,1,0,0,0,0,0,2,15,6,highway_cif.y4m,59.17,59.174,0.07893,0.000759,0.0,194
1,0,1,1,0,0,0,0,0,0,0,0,2,0,6,highway_cif.y4m,545.06,545.09,0.095656,0.000759,0.0,62
1,1,1,0,1,0,0,1,0,1,1,1,1,15,3,highway_cif.y4m,37.78,37.792,0.204255,0.000744,0.0,91
1,0,1,0,0,1,1,0,0,0,0,0,4,0,6,highway_cif.y4m,58.41,58.576,0.471094,0.000759,0.0,107
1,0,1,1,0,0,1,0,0,0,0,1,4,5,3,highway_cif.y4m,526.71,526.738,0.617673,0.000754,0.0,181
1,0,1,0,1,0,1,0,0,0,0,0,4,5,0,highway_cif.y4m,27.79,27.786,0.067305,0.000753,0.0,247
1,0,1,1,0,0,0,0,0,1,1,0,4,5,3,highway_cif.y4m,508.8,509.372,1.122105,0.000759,0.0,166
1,0,1,0,0,1,0,0,0,0,1,1,4,0,0,highway_cif.y4m,54.14,54.67,1.344805,0.00076,0.0,25
1,1,1,0,1,0,0,1,0,0,0,1,8,0,6,highway_cif.y4m,38.79,39.068,0.561088,0.000751,0.0,203
1,1,1,1,0,0,1,1,0,1,1,1,4,5,6,highway_cif.y4m,630.7,628.56,3.441998,0.000771,0.0,219
1,0,1,0,0,1,0,0,0,0,0,0,4,15,0,highway_cif.y4m,54.32,54.332,0.130269,0.000761,0.0,162
1,0,1,1,0,0,1,0,0,0,1,0,4,15,6,highway_cif.y4m,564.28,564.334,0.224678,0.000755,0.0,182
1,0,1,0,0,1,0,0,0,1,1,0,1,15,6,highway_cif.y4m,54.82,55.156,0.801268,0.000761,0.0,10
1,1,1,1,0,0,1,1,0,1,1,1,2,15,0,highway_cif.y4m,660.71,661.48,1.853578,0.000826,0.0,14
1,1,1,1,0,0,0,1,0,0,0,1,1,0,6,highway_cif.y4m,592.13,592.052,1.152961,0.000747,0.0,89
1,1,1,1,0,0,0,1,0,1,1,1,1,5,0,highway_cif.y4m,669.32,669.406,0.262926,0.000746,0.0,116
1,0,1,1,0,0,0,0,0,0,1,1,4,15,3,highway_cif.y4m,509.17,509.302,0.229499,0.000758,0.0,217
1,1,1,0,1,0,0,1,0,0,1,0,1,0,0,highway_cif.y4m,39.0,38.992,0.038341,0.000748,0.0,75
1,1,1,0,1,0,0,1,0,1,1,1,2,15,6,highway_cif.y4m,37.12,37.082,0.194088,0.000734,0.0,266
1,0,1,1,0,0,1,0,0,0,1,1,4,15,3,highway_cif.y4m,530.08,530.028,0.18593,0.000754,0.0,268
1,0,1,0,1,0,1,0,0,1,1,1,4,15,3,highway_cif.y4m,26.23,26.302,0.244683,0.000753,0.0,187
1,0,1,0,0,1,1,0,0,0,1,0,8,15,3,highway_cif.y4m,59.03,59.048,0.180056,0.000759,0.0,161
1,0,1,0,1,0,1,0,0,0,1,0,2,0,6,highway_cif.y4m,27.85,27.836,0.085615,0.000753,0.0,23
1,1,1,1,0,0,0,1,0,1,1,0,2,5,6,highway_cif.y4m,629.4,628.168,3.031859,0.000726,0.0,2
1,1,1,1,0,0,1,0,1,1,0,1,2,0,0,highway_cif.y4m,542.78,543.15,1.055344,0.000763,0.0,16
1,0,1,1,0,0,0,0,0,1,1,1,8,15,0,highway_cif.y4m,509.29,513.756,9.948351,0.000758,0.0,262
1,1,1,1,0,0,0,1,0,1,1,0,4,5,0,highway_cif.y4m,626.05,626.082,0.374927,0.000748,0.0,66
1,0,1,1,0,0,0,0,0,1,0,0,2,0,0,highway_cif.y4m,508.88,511.472,3.675265,0.000759,0.0,86
1,0,1,0,1,0,1,0,0,0,1,0,2,5,6,highway_cif.y4m,26.05,26.052,0.092574,0.000753,0.0,231
1,0,1,0,1,0,0,0,0,0,0,0,4,5,0,highway_cif.y4m,23.71,23.722,0.10849,0.000757,0.0,269
1,1,1,0,1,0,1,1,0,0,1,0,1,5,0,highway_cif.y4m,38.21,38.106,0.495056,0.000835,0.0,180
1,0,1,0,0,1,0,0,0,0,1,0,4,5,6,highway_cif.y4m,54.63,54.696,0.393421,0.000761,0.0,274
1,1,1,1,0,0,0,1,0,1,1,0,2,15,6,highway_cif.y4m,652.74,646.674,13.075593,0.000723,0.0,184
1,0,1,0,0,1,1,0,0,0,0,1,4,5,0,highway_cif.y4m,58.43,59.21,1.49693,0.000759,0.0,118
1,1,1,1,0,0,0,1,0,0,0,0,1,0,6,highway_cif.y4m,590.75,590.83,0.654332,0.000745,0.0,254
1,0,1,1,0,0,1,0,0,0,1,1,4,5,0,highway_cif.y4m,525.89,526.232,0.737069,0.000754,0.0,208
1,0,1,0,0,1,1,0,0,1,1,0,4,5,6,highway_cif.y4m,58.41,58.418,0.057619,0.000759,0.0,279
1,1,1,1,0,0,0,1,0,0,1,1,4,15,3,highway_cif.y4m,623.99,623.976,0.144499,0.000735,0.0,229
1,0,1,0,0,1,1,0,0,1,1,1,1,0,0,highway_cif.y4m,58.22,58.226,0.102859,0.000759,0.0,46
1,0,1,0,0,1,0,0,0,1,1,1,4,5,6,highway_cif.y4m,54.06,54.082,0.129306,0.00076,0.0,171
1,1,1,1,0,0,0,1,0,0,1,0,2,5,0,highway_cif.y4m,626.43,626.31,0.287228,0.000748,0.0,99
1,0,1,0,0,1,0,0,0,0,0,0,8,0,0,highway_cif.y4m,55.02,55.02,0.11,0.000761,0.0,81
1,1,1,1,0,0,1,1,0,1,0,1,8,5,0,highway_cif.y4m,622.61,622.614,0.227772,0.00083,0.0,155
1,0,1,0,1,0,0,0,0,1,0,1,1,15,6,highway_cif.y4m,23.22,23.462,0.406165,0.000756,0.0,96
1,1,1,1,0,0,0,1,0,1,1,1,8,0,0,highway_cif.y4m,591.02,596.614,12.794303,0.000747,0.0,218
1,1,1,1,0,0,1,1,0,1,1,0,8,0,6,highway_cif.y4m,587.1,587.248,0.326757,0.000829,0.0,53
1,1,1,0,1,0,1,0,1,0,0,0,2,0,0,highway_cif.y4m,28.09,28.086,0.078294,0.00078,0.0,109
1,0,1,0,1,0,0,0,0,0,1,0,4,5,6,highway_cif.y4m,23.86,23.936,0.287802,0.000757,0.0,185
1,1,1,1,0,0,0,1,0,0,1,1,2,0,0,highway_cif.y4m,590.96,590.776,0.323775,0.000747,0.0,239
1,0,1,1,0,0,0,0,0,0,0,1,2,0,0,highway_cif.y4m,509.67,509.484,0.347534,0.000758,0.0,276
1,0,1,1,0,0,1,0,0,0,0,1,4,0,6,highway_cif.y4m,531.95,532.784,4.829579,0.000754,0.0,257
1,0,1,0,0,1,0,0,0,1,1,0,1,5,0,highway_cif.y4m,54.31,54.33,0.150167,0.000761,0.0,42
1,1,1,0,1,0,1,1,0,0,0,0,2,15,3,highway_cif.y4m,35.83,35.856,0.108766,0.000793,0.0,204
1,0,1,1,0,0,1,0,0,1,0,1,2,15,6,highway_cif.y4m,525.66,525.738,0.281105,0.000754,0.0,145
1,0,1,0,1,0,0,0,0,0,0,0,2,0,3,highway_cif.y4m,23.64,23.65,0.044159,0.000757,0.0,246
1,1,1,1,0,0,0,1,0,0,1,1,8,0,0,highway_cif.y4m,590.84,591.036,0.54848,0.000747,0.0,202
1,1,1,0,1,0,0,1,0,1,0,0,2,5,3,highway_cif.y4m,37.81,37.802,0.065345,0.000743,0.0,70
1,0,1,0,1,0,0,0,0,0,1,0,1,5,3,highway_cif.y4m,23.92,23.91,0.112472,0.000757,0.0,230
1,0,1,0,1,0,1,0,0,0,0,0,4,15,6,highway_cif.y4m,25.95,26.094,0.392785,0.000753,0.0,267
1,1,1,1,0,0,1,1,0,0,0,1,8,5,3,highway_cif.y4m,661.15,661.096,0.424358,0.000792,0.0,146
1,0,1,0,1,0,1,0,0,0,0,1,2,15,0,highway_cif.y4m,26.62,26.794,0.416869,0.000753,0.0,27
1,0,1,0,1,0,1,0,0,0,1,1,8,0,3,highway_cif.y4m,26.36,26.406,0.102127,0.000753,0.0,137
1,1,1,1,0,0,0,1,0,0,1,1,2,15,0,highway_cif.y4m,627.03,632.45,7.467597,0.000743,0.0,189
1,1,1,0,1,0,1,1,0,1,0,0,4,15,0,highway_cif.y4m,37.79,37.858,0.108028,0.000833,0.0,132
1,1,1,1,0,0,0,0,1,1,0,1,8,0,0,highway_cif.y4m,538.99,539.182,0.416197,0.000739,0.0,169
1,0,1,0,0,1,0,0,0,0,0,0,1,5,6,highway_cif.y4m,58.07,58.116,0.102372,0.000761,0.0,33
1,0,1,1,0,0,0,0,0,0,1,1,8,15,0,highway_cif.y4m,513.02,513.012,0.214756,0.000758,0.0,205
1,0,1,1,0,0,0,0,0,1,0,1,2,0,0,highway_cif.y4m,509.12,511.406,5.28005,0.000758,0.0,245
1,1,1,0,1,0,1,1,0,0,1,1,1,15,0,highway_cif.y4m,37.97,37.962,0.044944,0.000836,0.0,298
1,0,1,1,0,0,1,0,0,1,1,0,2,5,6,highway_cif.y4m,536.68,535.086,4.756094,0.000755,0.0,163
1,1,1,1,0,0,0,1,0,0,0,0,1,5,0,highway_cif.y4m,626.08,626.176,0.244806,0.000748,0.0,123
1,0,1,0,0,1,1,0,0,1,0,0,4,15,0,highway_cif.y4m,59.41,59.38,0.57836,0.000759,0.0,4
1,0,1,0,0,1,1,0,0,1,1,0,8,5,6,highway_cif.y4m,58.32,58.356,0.16025,0.000759,0.0,141
1,1,1,0,1,0,0,1,0,1,0,0,8,5,6,highway_cif.y4m,37.7,37.67,0.384838,0.000746,0.0,129
1,1,1,0,1,0,1,1,0,1,1,0,4,5,3,highway_cif.y4m,36.66,37.18,0.85519,0.000814,0.0,159
1,0,1,0,0,1,1,0,0,1,0,0,1,0,0,highway_cif.y4m,58.35,58.424,0.210784,0.000759,0.0,22
1,0,1,0,0,1,0,0,0,1,0,1,2,0,6,highway_cif.y4m,54.16,54.156,0.19756,0.00076,0.0,175
1,1,1,1,0,0,0,1,0,1,1,1,8,5,6,highway_cif.y4m,613.79,613.902,0.232744,0.000726,0.0,151
1,1,1,0,1,0,0,1,0,0,1,0,2,5,0,highway_cif.y4m,39.55,39.546,0.119499,0.00075,0.0,52
1,0,1,0,0,1,0,0,0,0,0,1,4,0,3,highway_cif.y4m,57.92,58.048,0.308496,0.00076,0.0,108
1,0,1,0,1,0,1,0,0,0,0,1,8,15,0,highway_cif.y4m,26.68,26.668,0.038987,0.000753,0.0,72
1,0,1,1,0,0,1,0,0,1,1,0,8,0,6,highway_cif.y4m,550.47,541.528,13.311013,0.000755,0.0,248
1,1,1,1,0,0,1,1,0,1,1,0,8,5,6,highway_cif.y4m,623.08,628.006,6.852812,0.000764,0.0,174
1,0,1,1,0,0,1,0,0,1,1,1,8,0,3,highway_cif.y4m,525.92,530.242,9.67119,0.000754,0.0,130
1,1,1,0,1,0,1,1,0,1,1,1,8,15,0,highway_cif.y4m,37.72,37.668,0.138816,0.000836,0.0,168
1,0,1,0,0,1,1,0,0,1,0,1,8,0,6,highway_cif.y4m,58.95,58.938,0.135536,0.000759,0.0,198
1,0,1,0,0,1,1,0,0,1,1,0,1,0,3,highway_cif.y4m,58.56,58.866,0.771544,0.000759,0.0,83
1,1,1,1,0,0,1,1,0,0,1,0,1,0,3,highway_cif.y4m,587.73,590.842,5.076718,0.000829,0.0,291
1,0,1,0,1,0,0,0,0,1,1,0,1,0,6,highway_cif.y4m,23.62,23.65,0.082462,0.000757,0.0,237
1,0,1,0,0,1,0,0,0,1,1,1,2,15,3,highway_cif.y4m,54.04,54.056,0.139032,0.00076,0.0,90
1,1,1,1,0,0,1,1,0,0,0,1,1,15,0,highway_cif.y4m,616.77,616.7,0.202114,0.000826,0.0,87
1,0,1,1,0,0,1,0,0,1,0,0,1,5,0,highway_cif.y4m,526.95,526.89,0.134164,0.000755,0.0,74
1,0,1,0,0,1,0,0,0,1,0,0,2,0,3,highway_cif.y4m,54.9,54.966,0.169352,0.000761,0.0,201
1,0,1,0,1,0,0,0,0,1,0,1,1,0,0,highway_cif.y4m,23.23,23.352,0.22354,0.000756,0.0,183
1,0,1,1,0,0,0,0,0,0,0,0,4,0,6,highway_cif.y4m,508.53,512.044,5.21905,0.000759,0.0,227
1,1,1,0,1,0,1,1,0,0,0,0,1,15,6,highway_cif.y4m,37.65,37.96,0.6416,0.000757,0.0,222
1,0,1,0,0,1,0,0,0,0,1,0,8,0,6,highway_cif.y4m,54.29,54.5,0.493254,0.000761,0.0,55
1,0,1,1,0,0,0,0,0,0,1,1,2,5,0,highway_cif.y4m,508.98,509.044,0.133529,0.000758,0.0,142
1,0,1,1,0,0,1,0,0,1,0,1,1,5,6,highway_cif.y4m,526.6,526.686,0.535938,0.000754,0.0,124
1,0,1,1,0,0,1,0,0,0,0,0,8,0,0,highway_cif.y4m,530.98,531.204,0.773712,0.000755,0.0,95
1,0,1,1,0,0,1,0,0,1,0,0,2,15,0,highway_cif.y4m,527.24,527.232,0.314436,0.000755,0.0,241
1,0,1,0,1,0,0,0,0,0,1,1,1,5,3,highway_cif.y4m,24.9,24.926,0.153069,0.000756,0.0,289
1,0,1,1,0,0,1,0,0,1,1,0,1,5,0,highway_cif.y4m,527.65,529.492,4.859879,0.000755,0.0,278
1,1,1,0,1,0,0,1,0,1,1,0,1,0,6,highway_cif.y4m,38.68,38.97,0.605269,0.000748,0.0,176
1,0,1,0,0,1,1,0,0,0,1,0,8,5,0,highway_cif.y4m,58.32,58.376,0.174155,0.000759,0.0,122
1,0,1,0,0,1,0,0,0,0,1,0,4,0,6,highway_cif.y4m,55.09,55.432,1.211825,0.000761,0.0,30
1,1,1,0,1,0,0,1,0,0,0,0,2,0,6,highway_cif.y4m,38.65,38.61,0.153786,0.000748,0.0,251
1,0,1,1,0,0,0,0,0,0,0,1,1,0,0,highway_cif.y4m,509.56,509.888,1.050961,0.000758,0.0,120
1,0,1,1,0,0,0,0,0,0,0,1,2,15,6,highway_cif.y4m,509.33,509.332,0.126768,0.000758,0.0,144
1,0,1,0,1,0,1,0,0,0,0,0,1,0,3,highway_cif.y4m,26.0,26.086,0.25006,0.000753,0.0,265
1,1,1,0,1,0,0,1,0,0,1,0,2,0,6,highway_cif.y4m,40.28,39.696,0.985662,0.000748,0.0,260
1,1,1,0,1,0,0,1,0,0,0,1,1,0,3,highway_cif.y4m,38.97,39.318,0.639351,0.000751,0.0,78
1,0,1,0,1,0,0,0,0,0,1,1,8,15,3,highway_cif.y4m,23.2,23.446,0.359138,0.000756,0.0,84
1,0,1,1,0,0,1,0,0,1,0,0,4,15,3,highway_cif.y4m,564.59,565.576,1.573842,0.000755,0.0,296
1,0,1,0,0,1,0,0,0,0,0,1,2,5,6,highway_cif.y4m,54.33,54.284,0.241826,0.00076,0.0,232
1,0,1,0,0,1,1,0,0,0,1,0,4,15,6,highway_cif.y4m,62.38,62.46,0.125897,0.000759,0.0,213
1,1,1,0,1,0,0,1,0,0,1,1,8,15,3,highway_cif.y4m,37.73,37.718,0.095237,0.000744,0.0,94
1,0,1,0,1,0,0,0,0,0,1,1,1,5,0,highway_cif.y4m,23.27,23.262,0.078549,0.000756,0.0,178
1,0,1,1,0,0,1,0,0,1,0,0,4,0,0,highway_cif.y4m,537.17,533.502,6.187404,0.000755,0.0,127
1,1,1,0,1,0,1,1,0,0,1,0,8,5,6,highway_cif.y4m,36.95,36.958,0.079812,0.000784,0.0,111
1,0,1,0,1,0,0,0,0,0,0,1,1,0,6,highway_cif.y4m,23.25,23.582,0.514461,0.000756,0.0,92
1,1,1,1,0,0,0,1,0,0,1,0,8,15,6,highway_cif.y4m,622.98,622.984,0.155981,0.000723,0.0,54
1,0,1,0,0,1,0,0,0,0,0,1,2,15,0,highway_cif.y4m,54.26,54.216,0.175585,0.00076,0.0,45
1,0,1,1,0,0,0,0,0,1,0,0,4,0,6,highway_cif.y4m,530.88,525.634,7.412792,0.000759,0.0,226
1,1,1,1,0,0,1,1,0,1,0,0,8,5,0,highway_cif.y4m,625.08,625.108,0.219477,0.000826,0.0,200
1,0,1,0,0,1,1,0,0,1,0,1,8,5,6,highway_cif.y4m,62.42,62.476,0.195013,0.000759,0.0,59
1,1,1,0,1,0,1,0,1,0,0,1,2,0,0,highway_cif.y4m,27.6,27.608,0.05933,0.000782,0.0,19
1,1,1,1,0,0,0,1,0,1,0,0,2,15,0,highway_cif.y4m,626.36,626.326,0.11393,0.000744,0.0,47
1,1,1,0,1,0,1,1,0,0,0,1,4,5,6,highway_cif.y4m,37.02,37.588,1.17706,0.000788,0.0,32
1,1,1,0,1,0,0,1,0,1,0,0,1,5,6,highway_cif.y4m,37.28,37.308,0.075961,0.000746,0.0,170
1,0,1,0,0,1,0,0,0,1,1,0,1,15,0,highway_cif.y4m,55.84,55.42,0.805326,0.000761,0.0,270
1,0,1,1,0,0,1,0,0,1,0,1,4,15,6,highway_cif.y4m,525.96,527.568,3.682312,0.000754,0.0,207
1,1,1,0,1,0,0,1,0,1,1,1,1,5,6,highway_cif.y4m,37.21,37.206,0.08735,0.000746,0.0,43
1,0,1,0,1,0,1,0,0,0,1,1,1,0,3,highway_cif.y4m,26.26,26.242,0.038987,0.000753,0.0,40
1,1,1,0,1,0,0,1,0,0,1,1,1,5,3,highway_cif.y4m,37.58,38.04,1.040673,0.000744,0.0,117
1,0,1,0,0,1,0,0,0,0,1,0,8,15,6,highway_cif.y4m,55.84,55.76,1.349611,0.000761,0.0,253
1,0,1,1,0,0,0,0,0,1,0,0,1,15,3,highway_cif.y4m,545.42,545.218,0.360514,0.000759,0.0,68
1,1,1,1,0,0,0,1,0,1,1,1,1,15,6,highway_cif.y4m,621.92,622.152,0.658916,0.000723,0.0,186
1,1,1,0,1,0,1,1,0,0,0,1,8,15,3,highway_cif.y4m,36.17,36.382,0.567248,0.000795,0.0,288
1,1,1,0,1,0,0,1,0,0,0,0,2,0,0,highway_cif.y4m,39.6,39.292,0.500969,0.000748,0.0,15
1,0,1,1,0,0,0,0,0,0,1,1,2,15,3,highway_cif.y4m,509.24,509.594,1.034761,0.000758,0.0,82
1,1,1,1,0,0,0,1,0,0,0,0,4,15,6,highway_cif.y4m,623.13,623.17,0.139284,0.000723,0.0,211
1,0,1,0,1,0,1,0,0,1,1,1,8,15,6,highway_cif.y4m,26.32,26.314,0.082341,0.000753,0.0,177
1,1,1,0,1,0,0,1,0,1,1,1,2,5,3,highway_cif.y4m,37.73,37.802,0.345355,0.000744,0.0,210
1,0,1,1,0,0,0,0,0,1,1,1,2,0,3,highway_cif.y4m,509.3,509.28,0.254951,0.000758,0.0,13
1,0,1,0,1,0,1,0,0,0,0,1,2,15,3,highway_cif.y4m,26.62,26.614,0.057706,0.000753,0.0,228
1,0,1,0,1,0,1,0,0,1,1,0,4,5,3,highway_cif.y4m,26.01,26.004,0.088487,0.000753,0.0,38
1,1,1,1,0,0,0,1,0,0,0,1,4,15,6,highway_cif.y4m,621.95,621.842,0.16769,0.000723,0.0,29
1,1,1,1,0,0,1,0,1,1,0,0,8,0,0,highway_cif.y4m,548.11,547.92,2.007474,0.000763,0.0,24
1,1,1,1,0,0,0,1,0,0,0,0,8,5,6,highway_cif.y4m,618.96,619.136,0.725107,0.000726,0.0,293
1,1,1,1,0,0,0,1,0,0,1,0,2,5,6,highway_cif.y4m,618.49,628.706,14.509081,0.000726,0.0,67
1,1,1,0,1,0,0,1,0,1,0,1,2,5,0,highway_cif.y4m,39.52,39.552,0.111893,0.000749,0.0,199
1,0,1,0,0,1,1,0,0,1,1,0,8,15,3,highway_cif.y4m,59.34,59.81,1.152779,0.000759,0.0,244
1,0,1,0,0,1,1,0,0,0,0,0,8,15,0,highway_cif.y4m,58.39,58.738,0.647124,0.000759,0.0,80
1,1,1,1,0,0,1,1,0,1,1,1,2,0,3,highway_cif.y4m,634.87,634.232,1.52703,0.000827,0.0,223
1,1,1,0,1,0,1,1,0,0,1,0,8,5,0,highway_cif.y4m,37.74,37.694,0.073348,0.000835,0.0,121
1,0,1,1,0,0,1,0,0,0,0,0,8,5,3,highway_cif.y4m,564.43,564.454,0.360943,0.000755,0.0,261
1,0,1,1,0,0,1,0,0,1,1,0,1,5,6,highway_cif.y4m,533.45,534.09,5.232848,0.000755,0.0,156
1,1,1,1,0,0,0,1,0,0,1,0,4,15,3,highway_cif.y4m,620.97,621.152,0.471402,0.000737,0.0,271
1,1,1,1,0,0,1,1,0,1,0,0,2,15,3,highway_cif.y4m,620.11,621.326,2.219962,0.000772,0.0,9
1,1,1,1,0,0,1,1,0,1,0,1,1,0,0,highway_cif.y4m,590.05,590.076,0.318324,0.000827,0.0,165
1,0,1,0,0,1,1,0,0,1,0,0,1,15,6,highway_cif.y4m,59.55,59.304,0.847927,0.000759,0.0,126
1,0,1,1,0,0,1,0,0,1,1,1,8,5,0,highway_cif.y4m,526.14,531.038,11.170858,0.000754,0.0,280
1,0,1,1,0,0,0,0,0,1,1,0,2,5,3,highway_cif.y4m,508.76,508.74,0.098234,0.000759,0.0,172
1,0,1,0,1,0,1,0,0,0,0,0,1,15,6,highway_cif.y4m,27.92,27.986,0.302374,0.000753,0.0,292
1,0,1,0,0,1,0,0,0,1,0,1,1,0,3,highway_cif.y4m,54.93,55.632,1.73145,0.00076,0.0,179
1,0,1,0,0,1,1,0,0,1,0,1,2,0,3,highway_cif.y4m,58.13,58.564,0.863412,0.000759,0.0,272
1,0,1,0,0,1,1,0,0,0,1,0,4,5,0,highway_cif.y4m,62.62,62.596,0.218929,0.000759,0.0,105
1,0,1,0,1,0,0,0,0,0,0,0,1,0,3,highway_cif.y4m,23.58,23.712,0.353935,0.000757,0.0,76
1,0,1,1,0,0,1,0,0,0,1,0,4,15,3,highway_cif.y4m,529.9,529.262,1.249028,0.000755,0.0,197
1,1,1,1,0,0,1,1,0,0,1,0,1,15,0,highway_cif.y4m,616.12,617.214,1.910086,0.000817,0.0,221
1,1,1,1,0,0,1,1,0,0,1,0,8,15,6,highway_cif.y4m,636.65,638.038,3.221548,0.000743,0.0,167
1,1,1,0,1,0,0,1,0,1,0,1,4,15,6,highway_cif.y4m,36.97,36.954,0.089051,0.000734,0.0,136
1,1,1,1,0,0,0,1,0,1,0,1,8,15,6,highway_cif.y4m,621.92,621.99,0.181384,0.000723,0.0,243
1,0,1,0,1,0,0,0,0,1,0,1,8,15,6,highway_cif.y4m,23.16,23.272,0.196392,0.000756,0.0,60
1,0,1,1,0,0,0,0,0,1,0,1,2,0,6,highway_cif.y4m,545.97,546.222,1.01704,0.000758,0.0,110
1,1,1,1,0,0,1,1,0,1,0,0,1,15,6,highway_cif.y4m,651.0,648.174,6.499183,0.000743,0.0,35
1,0,1,1,0,0,1,0,0,0,1,1,2,5,6,highway_cif.y4m,525.97,525.968,0.107796,0.000754,0.0,235
1,0,1,1,0,0,0,0,0,1,0,0,1,0,3,highway_cif.y4m,513.39,513.124,0.701199,0.000759,0.0,44
1,1,1,0,1,0,1,1,0,0,1,0,4,15,3,highway_cif.y4m,35.81,35.976,0.298295,0.000793,0.0,256
1,0,1,0,0,1,0,0,0,0,1,1,8,0,0,highway_cif.y4m,54.94,54.696,0.486755,0.00076,0.0,192
1,0,1,0,1,0,0,0,0,0,1,1,2,0,0,highway_cif.y4m,23.16,23.182,0.07225,0.000756,0.0,41
1,0,1,1,0,0,0,0,0,0,1,0,4,5,0,highway_cif.y4m,508.74,508.752,0.146526,0.000759,0.0,37
1,0,1,0,0,1,0,0,0,0,0,0,4,5,0,highway_cif.y4m,58.39,58.378,0.225322,0.000761,0.0,26
1,1,1,1,0,0,0,1,0,0,0,0,1,0,3,highway_cif.y4m,590.33,590.45,0.26533,0.000745,0.0,273
1,1,1,1,0,0,1,1,0,0,0,1,1,5,6,highway_cif.y4m,629.06,629.124,0.22832,0.000771,0.0,233
1,1,1,0,1,0,1,1,0,0,1,1,8,0,0,highway_cif.y4m,40.92,41.156,0.49166,0.000847,0.0,101
1,0,1,1,0,0,0,0,0,0,0,1,2,5,3,highway_cif.y4m,545.32,545.328,0.105214,0.000758,0.0,39
1,1,1,0,1,0,0,1,0,0,0,1,1,15,0,highway_cif.y4m,41.96,42.274,0.582778,0.000746,0.0,106
1,1,1,0,1,0,0,0,1,1,0,0,1,0,0,highway_cif.y4m,27.85,27.876,0.146731,0.000754,0.0,242
1,1,1,1,0,0,1,1,0,0,1,0,2,15,0,highway_cif.y4m,628.83,630.948,10.832353,0.000817,0.0,193
1,0,1,0,1,0,1,0,0,0,1,0,1,15,6,highway_cif.y4m,27.76,27.756,0.061887,0.000753,0.0,103
1,1,1,0,1,0,0,1,0,1,1,1,8,5,6,highway_cif.y4m,37.6,37.604,0.08735,0.000746,0.0,1
1,0,1,1,0,0,0,0,0,1,1,1,1,0,0,highway_cif.y4m,509.0,509.062,0.181576,0.000758,0.0,61
1,1,1,1,0,0,0,0,1,0,0,0,2,0,0,highway_cif.y4m,539.8,539.41,0.595021,0.000738,0.0,56
1,1,1,0,1,0,0,1,0,0,1,0,8,15,3,highway_cif.y4m,39.89,38.982,1.369423,0.000739,0.0,148
1,0,1,0,1,0,0,0,0,1,0,1,2,5,0,highway_cif.y4m,23.18,23.16,0.05244,0.000756,0.0,112
1,0,1,0,1,0,1,0,0,0,1,0,8,15,3,highway_cif.y4m,25.87,25.91,0.092466,0.000753,0.0,300
1,0,1,0,1,0,0,0,0,1,1,0,4,15,0,highway_cif.y4m,23.66,23.652,0.07328,0.000757,0.0,249
1,0,1,0,1,0,0,0,0,0,0,1,2,0,0,highway_cif.y4m,23.17,23.204,0.064265,0.000756,0.0,20
1,1,1,1,0,0,1,1,0,1,0,1,1,5,0,highway_cif.y4m,622.62,624.932,3.211669,0.00083,0.0,104
1,1,1,1,0,0,0,1,0,1,1,1,8,15,6,highway_cif.y4m,622.04,622.03,0.117898,0.000723,0.0,131
1,0,1,1,0,0,0,0,0,0,0,0,2,0,3,highway_cif.y4m,508.66,510.684,4.481465,0.000759,0.0,69
1,0,1,0,1,0,1,0,0,0,0,0,2,0,3,highway_cif.y4m,25.96,26.21,0.403299,0.000753,0.0,220
1,1,1,1,0,0,1,1,0,1,1,1,8,15,6,highway_cif.y4m,637.49,644.83,12.003447,0.000745,0.0,11
1,1,1,1,0,0,1,1,0,1,0,0,4,15,6,highway_cif.y4m,638.09,638.266,0.852631,0.000743,0.0,258
1,0,1,0,1,0,1,0,0,0,0,0,2,15,3,highway_cif.y4m,27.69,27.02,1.002971,0.000753,0.0,65
1,0,1,0,0,1,1,0,0,0,0,0,2,15,0,highway_cif.y4m,60.06,60.414,0.773259,0.000759,0.0,160
1,0,1,0,0,1,1,0,0,0,0,0,8,0,0,highway_cif.y4m,58.43,58.44,0.100747,0.000759,0.0,238
1,1,1,1,0,0,0,1,0,0,0,0,4,0,0,highway_cif.y4m,590.91,597.648,10.527548,0.000745,0.0,57
1,1,1,0,1,0,0,1,0,1,0,1,2,0,0,highway_cif.y4m,39.17,39.204,0.342826,0.000751,0.0,79
1,0,1,0,1,0,1,0,0,0,1,0,4,15,3,highway_cif.y4m,26.54,26.382,0.463379,0.000753,0.0,224
1,1,1,0,1,0,0,1,0,1,0,0,2,0,3,highway_cif.y4m,38.61,38.614,0.107842,0.000748,0.0,48
1,0,1,0,1,0,1,0,0,0,0,1,8,0,6,highway_cif.y4m,26.6,26.562,0.209452,0.000753,0.0,173
1,1,1,1,0,0,1,1,0,0,1,1,1,0,0,highway_cif.y4m,590.29,590.186,0.158209,0.000827,0.0,283
1,0,1,0,1,0,0,0,0,0,0,0,1,0,6,highway_cif.y4m,24.04,24.036,0.311014,0.000757,0.0,190
1,0,1,0,1,0,1,0,0,1,1,1,4,0,6,highway_cif.y4m,28.18,28.158,0.074967,0.000753,0.0,259
1,0,1,1,0,0,0,0,0,0,0,1,1,15,3,highway_cif.y4m,509.23,509.224,0.234158,0.000758,0.0,7
1,0,1,0,0,1,0,0,0,0,0,1,2,5,0,highway_cif.y4m,54.65,54.68,0.117047,0.00076,0.0,73
1,1,1,1,0,0,1,1,0,0,0,0,2,0,6,highway_cif.y4m,587.27,588.978,2.617569,0.000829,0.0,63
1,0,1,0,0,1,1,0,0,1,1,0,2,15,3,highway_cif.y4m,59.81,59.43,0.867554,0.000759,0.0,284
1,0,1,1,0,0,1,0,0,1,0,1,8,15,6,highway_cif.y4m,563.35,563.408,0.156748,0.000754,0.0,250
1,1,1,0,1,0,0,1,0,0,0,0,2,5,0,highway_cif.y4m,39.86,39.758,0.30971,0.00075,0.0,209
1,0,1,0,1,0,1,0,0,0,0,1,4,5,3,highway_cif.y4m,26.32,26.35,0.152643,0.000753,0.0,138
1,1,1,1,0,0,0,0,1,1,1,0,1,0,0,highway_cif.y4m,538.84,539.034,0.400475,0.000738,0.0,135
1,1,1,1,0,0,1,1,0,1,1,0,4,5,3,highway_cif.y4m,618.88,618.916,0.130115,0.000789,0.0,264
1,1,1,1,0,0,0,1,0,1,1,0,2,0,6,highway_cif.y4m,632.83,632.944,0.208998,0.000745,0.0,215
1,0,1,0,0,1,0,0,0,0,1,1,4,5,3,highway_cif.y4m,54.08,54.068,0.082885,0.00076,0.0,50
1,0,1,1,0,0,0,0,0,1,1,0,4,0,6,highway_cif.y4m,508.73,509.892,2.872241,0.000759,0.0,98
1,1,1,1,0,0,0,1,0,1,1,0,1,15,0,highway_cif.y4m,627.73,627.678,1.002731,0.000744,0.0,140
1,1,1,1,0,0,0,1,0,0,1,1,1,0,3,highway_cif.y4m,602.67,598.528,7.241904,0.000747,0.0,113
1,0,1,0,1,0,1,0,0,1,1,0,1,0,6,highway_cif.y4m,26.27,26.27,0.057879,0.000753,0.0,3
1,0,1,0,0,1,0,0,0,1,1,1,8,0,0,highway_cif.y4m,57.97,58.53,0.841962,0.00076,0.0,149
1,0,1,1,0,0,0,0,0,0,1,1,8,5,6,highway_cif.y4m,509.77,509.876,0.4445,0.000758,0.0,153
1,1,1,1,0,0,1,1,0,1,1,0,2,15,6,highway_cif.y4m,637.06,637.218,0.706697,0.000743,0.0,133
1,0,1,1,0,0,0,0,0,0,0,0,1,0,3,highway_cif.y4m,508.78,508.866,0.171843,0.000759,0.0,191
1,1,1,0,1,0,0,1,0,1,0,1,1,0,6,highway_cif.y4m,38.93,39.026,0.228539,0.000751,0.0,100
1,0,1,1,0,0,1,0,0,0,1,0,4,0,3,highway_cif.y4m,527.52,527.606,0.382792,0.000755,0.0,85
1,0,1,0,0,1,1,0,0,0,0,0,2,0,3,highway_cif.y4m,59.15,59.146,0.10139,0.000759,0.0,88
1,0,1,0,1,0,1,0,0,1,1,0,4,15,6,highway_cif.y4m,26.02,26.002,0.094181,0.000753,0.0,31
1,0,1,0,0,1,1,0,0,0,0,0,4,5,3,highway_cif.y4m,58.32,58.304,0.105262,0.000759,0.0,134
1,1,1,0,1,0,1,1,0,1,1,1,8,0,3,highway_cif.y4m,40.31,39.594,1.024661,0.000847,0.0,147
1,1,1,1,0,0,0,1,0,0,1,1,4,15,6,highway_cif.y4m,621.96,621.914,0.179805,0.000723,0.0,275
1,0,1,0,0,1,1,0,0,0,1,0,4,15,3,highway_cif.y4m,62.43,62.422,0.14481,0.000759,0.0,143
1,1,1,0,1,0,1,1,0,1,0,0,1,5,6,highway_cif.y4m,39.49,39.684,0.489571,0.000784,0.0,8
1,1,1,1,0,0,1,1,0,0,1,1,4,5,3,highway_cif.y4m,617.02,617.084,0.350899,0.000792,0.0,216
1,0,1,1,0,0,1,0,0,1,0,0,1,0,3,highway_cif.y4m,527.6,527.798,0.718206,0.000755,0.0,214
1,0,1,0,0,1,0,0,0,0,0,0,1,5,0,highway_cif.y4m,54.39,54.8,0.826378,0.000761,0.0,17
1,0,1,0,0,1,1,0,0,0,0,0,1,5,0,highway_cif.y4m,58.49,58.478,0.041473,0.000759,0.0,206
1,0,1,0,1,0,0,0,0,1,1,1,8,15,0,highway_cif.y4m,23.12,23.15,0.128647,0.000756,0.0,36
1,1,1,0,1,0,1,1,0,0,0,0,4,15,3,highway_cif.y4m,38.46,38.422,0.076616,0.000793,0.0,6
1,0,1,1,0,0,1,0,0,0,0,1,1,0,6,highway_cif.y4m,529.92,529.882,0.167541,0.000754,0.0,5
1,0,1,1,0,0,1,0,0,0,0,0,8,15,6,highway_cif.y4m,530.98,531.11,0.493052,0.000755,0.0,164
1,0,1,0,0,1,0,0,0,1,0,0,8,0,6,highway_cif.y4m,58.27,58.514,0.621796,0.000761,0.0,97
1,0,1,1,0,0,0,0,0,0,1,0,2,5,3,highway_cif.y4m,509.17,509.176,0.184065,0.000759,0.0,236
1,1,1,0,1,0,1,1,0,0,0,0,8,5,0,highway_cif.y4m,38.04,38.052,0.095499,0.000835,0.0,71
1,1,1,0,1,0,1,1,0,1,0,1,2,0,3,highway_cif.y4m,38.26,38.266,0.119708,0.000847,0.0,295
1,0,1,1,0,0,1,0,0,1,1,0,8,5,3,highway_cif.y4m,527.09,529.11,4.80649,0.000755,0.0,286
1,0,1,0,1,0,0,0,0,0,0,1,1,5,0,highway_cif.y4m,23.16,23.172,0.046043,0.000756,0.0,34
1,0,1,0,1,0,1,0,0,1,1,1,1,5,3,highway_cif.y4m,26.43,26.454,0.148088,0.000753,0.0,240
1,0,1,0,0,1,1,0,0,0,0,1,4,15,3,highway_cif.y4m,62.44,62.41,0.098489,0.000759,0.0,18
1,0,1,0,1,0,0,0,0,0,1,0,8,0,6,highway_cif.y4m,24.02,23.898,0.229826,0.000757,0.0,102
1,1,1,1,0,0,1,0,1,0,1,0,4,0,0,highway_cif.y4m,545.74,545.81,0.214126,0.000763,0.0,51
1,1,1,1,0,0,1,1,0,0,0,1,4,15,6,highway_cif.y4m,682.45,682.454,0.140285,0.000745,0.0,282
1,0,1,0,1,0,1,0,0,1,1,1,1,0,3,highway_cif.y4m,26.39,26.456,0.327841,0.000753,0.0,77
1,0,1,1,0,0,1,0,0,0,1,0,2,0,3,highway_cif.y4m,530.99,530.954,0.109909,0.000755,0.0,128
1,1,1,0,1,0,1,1,0,0,0,0,2,5,3,highway_cif.y4m,36.72,36.742,0.246008,0.000814,0.0,234
1,0,1,1,0,0,0,0,0,0,1,1,1,0,0,highway_cif.y4m,509.12,509.162,0.292865,0.000758,0.0,252
1,0,1,1,0,0,1,0,0,0,0,1,4,0,3,highway_cif.y4m,526.13,526.052,0.135904,0.000754,0.0,28
1,0,1,0,0,1,1,0,0,1,1,1,8,15,3,highway_cif.y4m,62.53,62.448,0.21312,0.000759,0.0,139
1,0,1,0,0,1,0,0,0,0,0,1,1,5,0,highway_cif.y4m,54.58,54.632,0.105688,0.00076,0.0,158
1,1,1,0,1,0,1,1,0,1,0,1,8,5,3,highway_cif.y4m,38.78,38.792,0.066106,0.000816,0.0,152
1,0,1,1,0,0,1,0,0,1,0,0,2,0,6,highway_cif.y4m,526.9,526.918,0.268365,0.000755,0.0,12
1,1,1,0,1,0,0,1,0,0,0,1,4,15,3,highway_cif.y4m,40.04,40.008,0.075631,0.000744,0.0,294
1,1,1,0,1,0,0,1,0,0,0,1,8,15,3,highway_cif.y4m,40.22,40.512,0.617794,0.000744,0.0,154
1,1,1,1,0,0,0,1,0,1,0,0,2,15,6,highway_cif.y4m,670.65,669.498,1.99953,0.000723,0.0,157
1,0,1,1,0,0,1,0,0,1,1,1,2,0,3,highway_cif.y4m,525.85,525.894,0.131263,0.000754,0.0,150
1,1,1,0,1,0,1,1,0,0,1,0,8,0,6,highway_cif.y4m,38.26,38.298,0.107796,0.000846,0.0,287
1,0,1,0,1,0,0,0,0,1,1,0,1,0,3,highway_cif.y4m,23.63,23.632,0.033466,0.000757,0.0,297
1,0,1,0,0,1,0,0,0,1,1,0,8,15,0,highway_cif.y4m,54.69,54.79,0.217601,0.000761,0.0,263
1,1,1,0,1,0,0,1,0,1,1,1,1,5,3,highway_cif.y4m,38.57,38.152,0.633261,0.000744,0.0,255
1,0,1,1,0,0,0,0,0,1,1,0,8,15,3,highway_cif.y4m,508.61,508.632,0.103779,0.000759,0.0,115
1,0,1,0,0,1,1,0,0,1,0,1,4,15,3,highway_cif.y4m,59.21,59.184,0.74688,0.000759,0.0,188
1,0,1,0,0,1,1,0,0,0,0,1,8,0,6,highway_cif.y4m,59.04,59.008,0.598891,0.000759,0.0,212
1,0,1,1,0,0,1,0,0,0,0,1,1,15,3,highway_cif.y4m,563.73,564.204,1.22441,0.000754,0.0,195
1,0,1,0,1,0,0,0,0,0,1,1,2,15,0,highway_cif.y4m,23.24,23.232,0.079812,0.000756,0.0,119
1,0,1,1,0,0,0,0,0,1,0,1,4,15,0,highway_cif.y4m,510.02,510.174,0.624083,0.000758,0.0,58
1,0,1,0,1,0,1,0,0,1,0,1,4,0,6,highway_cif.y4m,26.69,26.806,0.535658,0.000753,0.0,277
1,0,1,0,1,0,1,0,0,0,1,1,4,5,6,highway_cif.y4m,26.35,26.842,0.77212,0.000753,0.0,64
1,1,1,0,1,0,1,1,0,1,0,0,2,0,0,highway_cif.y4m,38.25,38.242,0.14481,0.000846,0.0,285
1,1,1,0,1,0,1,1,0,1,0,0,4,0,0,highway_cif.y4m,38.31,38.302,0.080747,0.000846,0.0,290
1,0,1,1,0,0,0,0,0,1,0,1,8,5,6,highway_cif.y4m,509.21,511.11,2.965569,0.000758,0.0,196
1,1,1,1,0,0,1,0,1,1,1,1,1,0,0,highway_cif.y4m,551.52,552.842,10.999771,0.000763,0.0,93
1,0,1,1,0,0,1,0,0,0,1,1,4,5,6,highway_cif.y4m,525.78,525.884,0.235966,0.000754,0.0,299
1,0,1,1,0,0,0,0,0,1,0,0,2,5,0,highway_cif.y4m,508.59,508.59,0.118533,0.000759,0.0,125
1,1,1,0,1,0,0,1,0,1,0,1,2,15,6,highway_cif.y4m,36.93,37.174,0.405253,0.000734,0.0,21
1,0,1,0,1,0,0,0,0,1,0,1,2,0,0,highway_cif.y4m,23.8,23.682,0.299115,0.000756,0.0,225
1,0,1,0,1,0,0,0,0,1,0,0,2,5,0,husky_cif.y4m,47.51,47.55,0.157162,0.008364,0.0,114
1,1,1,1,0,0,0,0,1,0,0,1,1,0,0,husky_cif.y4m,678.1,678.068,0.162388,0.005576,0.0,281
1,1,1,1,0,0,0,1,0,1,1,0,2,5,0,husky_cif.y4m,826.92,826.988,0.159906,0.005248,0.0,49
1,0,1,0,0,1,1,0,0,0,0,0,2,15,6,husky_cif.y4m,78.02,78.0,0.056569,0.007348,0.0,194
1,0,1,1,0,0,0,0,0,0,0,0,2,0,6,husky_cif.y4m,633.09,633.178,0.231884,0.008375,0.0,62
1,1,1,0,1,0,0,1,0,1,1,1,1,15,3,husky_cif.y4m,86.53,86.554,0.148257,0.005206,0.0,91
1,0,1,0,0,1,1,0,0,0,0,0,4,0,6,husky_cif.y4m,77.96,77.882,0.255186,0.007348,0.0,107
1,0,1,1,0,0,1,0,0,0,0,1,4,5,3,husky_cif.y4m,672.62,672.69,0.271017,0.007244,0.0,181
1,0,1,0,1,0,1,0,0,0,0,0,4,5,0,husky_cif.y4m,50.44,50.386,0.145017,0.007256,0.0,247
1,0,1,1,0,0,0,0,0,1,1,0,4,5,3,husky_cif.y4m,633.06,633.034,0.407774,0.008375,0.0,166
1,0,1,0,0,1,0,0,0,0,1,1,4,0,0,husky_cif.y4m,71.51,71.482,0.119457,0.008423,0.0,25
1,1,1,0,1,0,0,1,0,0,0,1,8,0,6,husky_cif.y4m,78.37,78.38,0.113358,0.005179,0.0,203
1,1,1,1,0,0,1,1,0,1,1,1,4,5,6,husky_cif.y4m,995.49,995.43,0.139104,0.007961,0.0,219
1,0,1,0,0,1,0,0,0,0,0,0,4,15,0,husky_cif.y4m,72.49,72.502,0.164225,0.008414,0.0,162
1,0,1,1,0,0,1,0,0,0,1,0,4,15,6,husky_cif.y4m,681.84,681.868,0.091214,0.007249,0.0,182
1,0,1,0,0,1,0,0,0,1,1,0,1,15,6,husky_cif.y4m,72.54,72.526,0.255695,0.008414,0.0,10
1,1,1,1,0,0,1,1,0,1,1,1,2,15,0,husky_cif.y4m,1004.78,1004.738,0.3999,0.008031,0.0,14
1,1,1,1,0,0,0,1,0,0,0,1,1,0,6,husky_cif.y4m,727.59,727.976,1.046437,0.005162,0.0,89
1,1,1,1,0,0,0,1,0,1,1,1,1,5,0,husky_cif.y4m,815.06,815.208,0.507907,0.005222,0.0,116
1,0,1,1,0,0,0,0,0,0,1,1,4,15,3,husky_cif.y4m,632.12,632.11,0.224388,0.008375,0.0,217
1,1,1,0,1,0,0,1,0,0,1,0,1,0,0,husky_cif.y4m,80.24,80.168,0.188997,0.005188,0.0,75
1,1,1,0,1,0,0,1,0,1,1,1,2,15,6,husky_cif.y4m,86.68,86.616,0.203421,0.005206,0.0,266
1,0,1,1,0,0,1,0,0,0,1,1,4,15,3,husky_cif.y4m,682.87,682.942,0.144118,0.007244,0.0,268
1,0,1,0,1,0,1,0,0,1,1,1,4,15,3,husky_cif.y4m,50.3,50.308,0.179221,0.007237,0.0,187
1,0,1,0,0,1,1,0,0,0,1,0,8,15,3,husky_cif.y4m,77.89,77.84,0.144741,0.007348,0.0,161
1,0,1,0,1,0,1,0,0,0,1,0,2,0,6,husky_cif.y4m,50.25,50.336,0.179805,0.007256,0.0,23
1,1,1,1,0,0,0,1,0,1,1,0,2,5,6,husky_cif.y4m,825.41,825.714,0.538451,0.005255,0.0,2
1,1,1,1,0,0,1,0,1,1,0,1,2,0,0,husky_cif.y4m,681.27,681.578,0.64488,0.005875,0.0,16
1,0,1,1,0,0,0,0,0,1,1,1,8,15,0,husky_cif.y4m,632.02,632.068,0.1886,0.008375,0.0,262
1,1,1,1,0,0,0,1,0,1,1,0,4,5,0,husky_cif.y4m,826.78,826.882,0.347016,0.005248,0.0,66
1,0,1,1,0,0,0,0,0,1,0,0,2,0,0,husky_cif.y4m,632.86,632.926,0.275645,0.008375,0.0,86
1,0,1,0,1,0,1,0,0,0,1,0,2,5,6,husky_cif.y4m,50.29,50.36,0.203347,0.007256,0.0,231
1,0,1,0,1,0,0,0,0,0,0,0,4,5,0,husky_cif.y4m,47.56,47.55,0.092736,0.008364,0.0,269
1,1,1,0,1,0,1,1,0,0,1,0,1,5,0,husky_cif.y4m,96.53,96.374,0.290654,0.006404,0.0,180
1,0,1,0,0,1,0,0,0,0,1,0,4,5,6,husky_cif.y4m,72.52,72.49,0.159687,0.008414,0.0,274
1,1,1,1,0,0,0,1,0,1,1,0,2,15,6,husky_cif.y4m,815.15,815.142,0.103296,0.005255,0.0,184
1,0,1,0,0,1,1,0,0,0,0,1,4,5,0,husky_cif.y4m,77.87,77.852,0.198545,0.007334,0.0,118
1,1,1,1,0,0,0,1,0,0,0,0,1,0,6,husky_cif.y4m,737.47,737.414,0.226009,0.005201,0.0,254
1,0,1,1,0,0,1,0,0,0,1,1,4,5,0,husky_cif.y4m,682.9,683.462,1.26987,0.007244,0.0,208
1,0,1,0,0,1,1,0,0,1,1,0,4,5,6,husky_cif.y4m,77.86,77.88,0.141951,0.007348,0.0,279
1,1,1,1,0,0,0,1,0,0,1,1,4,15,3,husky_cif.y4m,833.51,833.564,0.318795,0.00522,0.0,229
1,0,1,0,0,1,1,0,0,1,1,1,1,0,0,husky_cif.y4m,77.08,77.072,0.190971,0.007334,0.0,46
1,0,1,0,0,1,0,0,0,1,1,1,4,5,6,husky_cif.y4m,72.4,72.326,0.186494,0.008423,0.0,171
1,1,1,1,0,0,0,1,0,0,1,0,2,5,0,husky_cif.y4m,836.87,836.98,0.336378,0.005236,0.0,99
1,0,1,0,0,1,0,0,0,0,0,0,8,0,0,husky_cif.y4m,71.4,71.504,0.230716,0.008414,0.0,81
1,1,1,1,0,0,1,1,0,1,0,1,8,5,0,husky_cif.y4m,1004.71,1004.536,0.475531,0.008031,0.0,155
1,0,1,0,1,0,0,0,0,1,0,1,1,15,6,husky_cif.y4m,47.35,47.398,0.129499,0.00837,0.0,96
1,1,1,1,0,0,0,1,0,1,1,1,8,0,0,husky_cif.y4m,728.48,728.436,0.357043,0.005159,0.0,218
1,1,1,1,0,0,1,1,0,1,1,0,8,0,6,husky_cif.y4m,906.4,906.452,0.221066,0.007907,0.0,53
1,1,1,0,1,0,1,0,1,0,0,0,2,0,0,husky_cif.y4m,52.39,52.42,0.080312,0.005922,0.0,109
1,0,1,0,1,0,0,0,0,0,1,0,4,5,6,husky_cif.y4m,47.48,47.436,0.144499,0.008364,0.0,185
1,1,1,1,0,0,0,1,0,0,1,1,2,0,0,husky_cif.y4m,737.0,736.962,0.088148,0.005162,0.0,239
1,0,1,1,0,0,0,0,0,0,0,1,2,0,0,husky_cif.y4m,631.8,631.85,0.365103,0.008375,0.0,276
1,0,1,1,0,0,1,0,0,0,0,1,4,0,6,husky_cif.y4m,683.1,683.15,0.376364,0.007244,0.0,257
1,0,1,0,0,1,0,0,0,1,1,0,1,5,0,husky_cif.y4m,71.87,71.81,0.288357,0.008414,0.0,42
1,1,1,0,1,0,1,1,0,0,0,0,2,15,3,husky_cif.y4m,96.75,96.7,0.189209,0.006409,0.0,204
1,0,1,1,0,0,1,0,0,1,0,1,2,15,6,husky_cif.y4m,683.08,683.106,0.177567,0.007244,0.0,145
1,0,1,0,1,0,0,0,0,0,0,0,2,0,3,husky_cif.y4m,46.75,46.81,0.248495,0.008364,0.0,246
1,1,1,1,0,0,0,1,0,0,1,1,8,0,0,husky_cif.y4m,736.57,736.718,0.254106,0.005162,0.0,202
1,1,1,0,1,0,0,1,0,1,0,0,2,5,3,husky_cif.y4m,87.12,87.1,0.172627,0.005194,0.0,70
1,0,1,0,1,0,0,0,0,0,1,0,1,5,3,husky_cif.y4m,47.48,47.506,0.153721,0.008364,0.0,230
1,0,1,0,1,0,1,0,0,0,0,0,4,15,6,husky_cif.y4m,49.63,49.686,0.232659,0.007256,0.0,267
1,1,1,1,0,0,1,1,0,0,0,1,8,5,3,husky_cif.y4m,895.07,895.008,0.236263,0.006391,0.0,146
1,0,1,0,1,0,1,0,0,0,0,1,2,15,0,husky_cif.y4m,50.35,50.368,0.111893,0.007237,0.0,27
1,0,1,0,1,0,1,0,0,0,1,1,8,0,3,husky_cif.y4m,50.2,50.162,0.09859,0.007237,0.0,137
1,1,1,1,0,0,0,1,0,0,1,1,2,15,0,husky_cif.y4m,835.21,835.272,0.201916,0.005231,0.0,189
1,1,1,0,1,0,1,1,0,1,0,0,4,15,0,husky_cif.y4m,115.54,115.724,0.296193,0.008194,0.0,132
1,1,1,1,0,0,0,0,1,1,0,1,8,0,0,husky_cif.y4m,687.55,687.798,0.461812,0.005496,0.0,169
1,0,1,0,0,1,0,0,0,0,0,0,1,5,6,husky_cif.y4m,71.56,71.558,0.102078,0.008414,0.0,33
1,0,1,1,0,0,0,0,0,0,1,1,8,15,0,husky_cif.y4m,632.24,632.122,0.235096,0.008375,0.0,205
1,0,1,1,0,0,0,0,0,1,0,1,2,0,0,husky_cif.y4m,632.01,632.024,0.241102,0.008375,0.0,245
1,1,1,0,1,0,1,1,0,0,1,1,1,15,0,husky_cif.y4m,96.25,96.272,0.222643,0.006376,0.0,298
1,0,1,1,0,0,1,0,0,1,1,0,2,5,6,husky_cif.y4m,682.11,682.01,0.227266,0.007249,0.0,163
1,1,1,1,0,0,0,1,0,0,0,0,1,5,0,husky_cif.y4m,837.12,837.188,0.393408,0.005236,0.0,123
1,0,1,0,0,1,1,0,0,1,0,0,4,15,0,husky_cif.y4m,77.76,77.844,0.212673,0.007348,0.0,4
1,0,1,0,0,1,1,0,0,1,1,0,8,5,6,husky_cif.y4m,77.97,77.91,0.175642,0.007348,0.0,141
1,1,1,0,1,0,0,1,0,1,0,0,8,5,6,husky_cif.y4m,86.95,87.038,0.23467,0.005194,0.0,129
1,1,1,0,1,0,1,1,0,1,1,0,4,5,3,husky_cif.y4m,110.62,110.628,0.166343,0.007841,0.0,159
1,0,1,0,0,1,1,0,0,1,0,0,1,0,0,husky_cif.y4m,77.84,77.756,0.173436,0.007348,0.0,22
1,0,1,0,0,1,0,0,0,1,0,1,2,0,6,husky_cif.y4m,72.2,72.376,0.546745,0.008423,0.0,175
1,1,1,1,0,0,0,1,0,1,1,1,8,5,6,husky_cif.y4m,823.67,823.912,0.817172,0.005206,0.0,151
1,1,1,0,1,0,0,1,0,0,1,0,2,5,0,husky_cif.y4m,86.3,86.416,0.318559,0.005163,0.0,52
1,0,1,0,0,1,0,0,0,0,0,1,4,0,3,husky_cif.y4m,71.54,71.498,0.086429,0.008423,0.0,108
1,0,1,0,1,0,1,0,0,0,0,1,8,15,0,husky_cif.y4m,50.29,50.286,0.162111,0.007237,0.0,72
1,0,1,1,0,0,1,0,0,1,1,0,8,0,6,husky_cif.y4m,671.81,671.814,0.090719,0.007249,0.0,248
1,1,1,1,0,0,1,1,0,1,1,0,8,5,6,husky_cif.y4m,1006.56,1006.868,0.667473,0.008041,0.0,174
1,0,1,1,0,0,1,0,0,1,1,1,8,0,3,husky_cif.y4m,683.05,683.464,1.134826,0.007244,0.0,130
1,1,1,0,1,0,1,1,0,1,1,1,8,15,0,husky_cif.y4m,115.15,115.312,0.278783,0.008198,0.0,168
1,0,1,0,0,1,1,0,0,1,0,1,8,0,6,husky_cif.y4m,77.63,77.658,0.12853,0.007334,0.0,198
1,0,1,0,0,1,1,0,0,1,1,0,1,0,3,husky_cif.y4m,77.8,77.77,0.132665,0.007348,0.0,83
1,1,1,1,0,0,1,1,0,0,1,0,1,0,3,husky_cif.y4m,796.76,797.136,0.939218,0.006357,0.0,291
1,0,1,0,1,0,0,0,0,1,1,0,1,0,6,husky_cif.y4m,46.74,46.802,0.204377,0.008364,0.0,237
1,0,1,0,0,1,0,0,0,1,1,1,2,15,3,husky_cif.y4m,72.12,72.16,0.120208,0.008423,0.0,90
1,1,1,1,0,0,1,1,0,0,0,1,1,15,0,husky_cif.y4m,889.06,889.038,0.218563,0.006331,0.0,87
1,0,1,1,0,0,1,0,0,1,0,0,1,5,0,husky_cif.y4m,682.01,681.984,0.258031,0.007249,0.0,74
1,0,1,0,0,1,0,0,0,1,0,0,2,0,3,husky_cif.y4m,72.36,72.394,0.236495,0.008414,0.0,201
1,0,1,0,1,0,0,0,0,1,0,1,1,0,0,husky_cif.y4m,47.43,47.452,0.138456,0.00837,0.0,183
1,0,1,1,0,0,0,0,0,0,0,0,4,0,6,husky_cif.y4m,632.98,632.926,0.341877,0.008375,0.0,227
1,1,1,0,1,0,1,1,0,0,0,0,1,15,6,husky_cif.y4m,96.73,96.674,0.221427,0.006409,0.0,222
1,0,1,0,0,1,0,0,0,0,1,0,8,0,6,husky_cif.y4m,72.52,72.496,0.213378,0.008414,0.0,55
1,0,1,1,0,0,0,0,0,0,1,1,2,5,0,husky_cif.y4m,632.07,632.02,0.204695,0.008375,0.0,142
1,0,1,1,0,0,1,0,0,1,0,1,1,5,6,husky_cif.y4m,683.11,683.066,0.12341,0.007244,0.0,124
1,0,1,1,0,0,1,0,0,0,0,0,8,0,0,husky_cif.y4m,682.09,682.066,0.519259,0.007249,0.0,95
1,0,1,1,0,0,1,0,0,1,0,0,2,15,0,husky_cif.y4m,672.27,672.282,0.727269,0.007249,0.0,241
1,0,1,0,1,0,0,0,0,0,1,1,1,5,3,husky_cif.y4m,47.38,47.384,0.146731,0.00837,0.0,289
1,0,1,1,0,0,1,0,0,1,1,0,1,5,0,husky_cif.y4m,681.78,681.9,0.357491,0.007249,0.0,278
1,1,1,0,1,0,0,1,0,1,1,0,1,0,6,husky_cif.y4m,79.57,79.618,0.127945,0.005193,0.0,176
1,0,1,0,0,1,1,0,0,0,1,0,8,5,0,husky_cif.y4m,78.06,77.984,0.191651,0.007348,0.0,122
1,0,1,0,0,1,0,0,0,0,1,0,4,0,6,husky_cif.y4m,71.35,71.366,0.101143,0.008414,0.0,30
1,1,1,0,1,0,0,1,0,0,0,0,2,0,6,husky_cif.y4m,79.93,79.964,0.093702,0.005188,0.0,251
1,0,1,1,0,0,0,0,0,0,0,1,1,0,0,husky_cif.y4m,631.85,632.032,0.394043,0.008375,0.0,120
1,0,1,1,0,0,0,0,0,0,0,1,2,15,6,husky_cif.y4m,631.86,631.876,0.164712,0.008375,0.0,144
1,0,1,0,1,0,1,0,0,0,0,0,1,0,3,husky_cif.y4m,50.31,50.366,0.180638,0.007256,0.0,265
1,1,1,0,1,0,0,1,0,0,1,0,2,0,6,husky_cif.y4m,80.28,80.328,0.119875,0.005188,0.0,260
1,1,1,0,1,0,0,1,0,0,0,1,1,0,3,husky_cif.y4m,78.38,78.33,0.21319,0.005179,0.0,78
1,0,1,0,1,0,0,0,0,0,1,1,8,15,3,husky_cif.y4m,47.46,47.446,0.040988,0.00837,0.0,84
1,0,1,1,0,0,1,0,0,1,0,0,4,15,3,husky_cif.y4m,681.86,681.864,0.132212,0.007249,0.0,296
1,0,1,0,0,1,0,0,0,0,0,1,2,5,6,husky_cif.y4m,72.3,72.302,0.181852,0.008423,0.0,232
1,0,1,0,0,1,1,0,0,0,1,0,4,15,6,husky_cif.y4m,77.69,77.676,0.063875,0.007348,0.0,213
1,1,1,0,1,0,0,1,0,0,1,1,8,15,3,husky_cif.y4m,87.52,87.468,0.131795,0.0052,0.0,94
1,0,1,0,1,0,0,0,0,0,1,1,1,5,0,husky_cif.y4m,47.29,47.312,0.06261,0.00837,0.0,178
1,0,1,1,0,0,1,0,0,1,0,0,4,0,0,husky_cif.y4m,682.06,682.258,0.471031,0.007249,0.0,127
1,1,1,0,1,0,1,1,0,0,1,0,8,5,6,husky_cif.y4m,96.79,96.754,0.206228,0.006409,0.0,111
1,0,1,0,1,0,0,0,0,0,0,1,1,0,6,husky_cif.y4m,47.17,47.344,0.263685,0.00837,0.0,92
1,1,1,1,0,0,0,1,0,0,1,0,8,15,6,husky_cif.y4m,835.19,835.264,0.235754,0.005234,0.0,54
1,0,1,0,0,1,0,0,0,0,0,1,2,15,0,husky_cif.y4m,72.38,72.368,0.133866,0.008423,0.0,45
1,0,1,1,0,0,0,0,0,1,0,0,4,0,6,husky_cif.y4m,633.03,632.932,0.22163,0.008375,0.0,226
1,1,1,1,0,0,1,1,0,1,0,0,8,5,0,husky_cif.y4m,1002.05,1002.114,0.336051,0.008042,0.0,200
1,0,1,0,0,1,1,0,0,1,0,1,8,5,6,husky_cif.y4m,78.05,77.948,0.240562,0.007334,0.0,59
1,1,1,0,1,0,1,0,1,0,0,1,2,0,0,husky_cif.y4m,52.79,52.78,0.190788,0.005927,0.0,19
1,1,1,1,0,0,0,1,0,1,0,0,2,15,0,husky_cif.y4m,826.85,826.906,0.170675,0.005248,0.0,47
1,1,1,0,1,0,1,1,0,0,0,1,4,5,6,husky_cif.y4m,98.71,98.752,0.22939,0.006426,0.0,32
1,1,1,0,1,0,0,1,0,1,0,0,1,5,6,husky_cif.y4m,87.04,87.056,0.189816,0.005194,0.0,170
1,0,1,0,0,1,0,0,0,1,1,0,1,15,0,husky_cif.y4m,72.44,72.448,0.225211,0.008414,0.0,270
1,0,1,1,0,0,1,0,0,1,0,1,4,15,6,husky_cif.y4m,672.84,672.768,0.190709,0.007244,0.0,207
1,1,1,0,1,0,0,1,0,1,1,1,1,5,6,husky_cif.y4m,86.76,86.706,0.170675,0.005206,0.0,43
1,0,1,0,1,0,1,0,0,0,1,1,1,0,3,husky_cif.y4m,50.29,50.272,0.147716,0.007237,0.0,40
1,1,1,0,1,0,0,1,0,0,1,1,1,5,3,husky_cif.y4m,87.34,87.57,0.812619,0.0052,0.0,117
1,0,1,0,0,1,0,0,0,0,1,0,8,15,6,husky_cif.y4m,72.47,72.522,0.258205,0.008414,0.0,253
1,0,1,1,0,0,0,0,0,1,0,0,1,15,3,husky_cif.y4m,624.04,623.968,0.125379,0.008375,0.0,68
1,1,1,1,0,0,0,1,0,1,1,1,1,15,6,husky_cif.y4m,823.45,823.334,0.326236,0.005206,0.0,186
1,1,1,0,1,0,1,1,0,0,0,1,8,15,3,husky_cif.y4m,98.75,98.774,0.220749,0.006426,0.0,288
1,1,1,0,1,0,0,1,0,0,0,0,2,0,0,husky_cif.y4m,80.05,80.086,0.231366,0.005188,0.0,15
1,0,1,1,0,0,0,0,0,0,1,1,2,15,3,husky_cif.y4m,632.02,632.052,0.09985,0.008375,0.0,82
1,1,1,1,0,0,0,1,0,0,0,0,4,15,6,husky_cif.y4m,835.71,835.528,0.278065,0.005234,0.0,211
1,0,1,0,1,0,1,0,0,1,1,1,8,15,6,husky_cif.y4m,49.59,49.622,0.279678,0.007237,0.0,177
1,1,1,0,1,0,0,1,0,1,1,1,2,5,3,husky_cif.y4m,86.64,86.696,0.097365,0.005206,0.0,210
1,0,1,1,0,0,0,0,0,1,1,1,2,0,3,husky_cif.y4m,631.93,632.036,0.2002,0.008375,0.0,13
1,0,1,0,1,0,1,0,0,0,0,1,2,15,3,husky_cif.y4m,50.19,50.198,0.194602,0.007237,0.0,228
1,0,1,0,1,0,1,0,0,1,1,0,4,5,3,husky_cif.y4m,50.33,50.362,0.149566,0.007256,0.0,38
1,1,1,1,0,0,0,1,0,0,0,1,4,15,6,husky_cif.y4m,833.82,833.76,0.3563,0.00522,0.0,29
1,1,1,1,0,0,1,0,1,1,0,0,8,0,0,husky_cif.y4m,682.2,682.312,0.230911,0.005886,0.0,24
1,1,1,1,0,0,0,1,0,0,0,0,8,5,6,husky_cif.y4m,835.53,835.614,0.571865,0.005234,0.0,293
1,1,1,1,0,0,0,1,0,0,1,0,2,5,6,husky_cif.y4m,835.59,835.61,0.321248,0.005234,0.0,67
1,1,1,0,1,0,0,1,0,1,0,1,2,5,0,husky_cif.y4m,86.44,86.794,1.07962,0.005211,0.0,199
1,0,1,0,0,1,1,0,0,1,1,0,8,15,3,husky_cif.y4m,77.99,77.942,0.145499,0.007348,0.0,244
1,0,1,0,0,1,1,0,0,0,0,0,8,15,0,husky_cif.y4m,77.78,77.818,0.191102,0.007348,0.0,80
1,1,1,1,0,0,1,1,0,1,1,1,2,0,3,husky_cif.y4m,920.62,920.774,1.580104,0.007905,0.0,223
1,1,1,0,1,0,1,1,0,0,1,0,8,5,0,husky_cif.y4m,96.34,96.33,0.103199,0.006404,0.0,121
1,0,1,1,0,0,1,0,0,0,0,0,8,5,3,husky_cif.y4m,681.99,681.978,0.262145,0.007249,0.0,261
1,0,1,1,0,0,1,0,0,1,1,0,1,5,6,husky_cif.y4m,682.23,682.116,0.389718,0.007249,0.0,156
1,1,1,1,0,0,0,1,0,0,1,0,4,15,3,husky_cif.y4m,825.24,825.19,0.204083,0.005234,0.0,271
1,1,1,1,0,0,1,1,0,1,0,0,2,15,3,husky_cif.y4m,1007.12,1007.458,0.900317,0.008041,0.0,9
1,1,1,1,0,0,1,1,0,1,0,1,1,0,0,husky_cif.y4m,919.9,920.096,1.009173,0.007905,0.0,165
1,0,1,0,0,1,1,0,0,1,0,0,1,15,6,husky_cif.y4m,77.88,77.87,0.180555,0.007348,0.0,126
1,0,1,1,0,0,1,0,0,1,1,1,8,5,0,husky_cif.y4m,682.98,682.974,0.111041,0.007244,0.0,280
1,0,1,1,0,0,0,0,0,1,1,0,2,5,3,husky_cif.y4m,633.21,633.08,0.260864,0.008375,0.0,172
1,0,1,0,1,0,1,0,0,0,0,0,1,15,6,husky_cif.y4m,50.33,50.322,0.136088,0.007256,0.0,292
1,0,1,0,0,1,0,0,0,1,0,1,1,0,3,husky_cif.y4m,72.31,72.328,0.122147,0.008423,0.0,179
1,0,1,0,0,1,1,0,0,1,0,1,2,0,3,husky_cif.y4m,78.03,78.02,0.198494,0.007334,0.0,272
1,0,1,0,0,1,1,0,0,0,1,0,4,5,0,husky_cif.y4m,78.06,77.982,0.267152,0.007348,0.0,105
1,0,1,0,1,0,0,0,0,0,0,0,1,0,3,husky_cif.y4m,47.46,47.426,0.160873,0.008364,0.0,76
1,0,1,1,0,0,1,0,0,0,1,0,4,15,3,husky_cif.y4m,681.92,682.482,1.172293,0.007249,0.0,197
1,1,1,1,0,0,1,1,0,0,1,0,1,15,0,husky_cif.y4m,886.42,886.302,0.331843,0.00639,0.0,221
1,1,1,1,0,0,1,1,0,0,1,0,8,15,6,husky_cif.y4m,892.5,892.582,0.227969,0.006377,0.0,167
1,1,1,0,1,0,0,1,0,1,0,1,4,15,6,husky_cif.y4m,86.56,86.876,1.009569,0.005206,0.0,136
1,1,1,1,0,0,0,1,0,1,0,1,8,15,6,husky_cif.y4m,823.8,823.842,0.392135,0.005206,0.0,243
1,0,1,0,1,0,0,0,0,1,0,1,8,15,6,husky_cif.y4m,47.35,47.29,0.127083,0.00837,0.0,60
1,0,1,1,0,0,0,0,0,1,0,1,2,0,6,husky_cif.y4m,631.86,632.158,0.908581,0.008375,0.0,110
1,1,1,1,0,0,1,1,0,1,0,0,1,15,6,husky_cif.y4m,1007.04,1006.94,0.156684,0.008041,0.0,35
1,0,1,1,0,0,1,0,0,0,1,1,2,5,6,husky_cif.y4m,683.01,682.988,0.285079,0.007244,0.0,235
1,0,1,1,0,0,0,0,0,1,0,0,1,0,3,husky_cif.y4m,632.8,632.954,0.304762,0.008375,0.0,44
1,1,1,0,1,0,1,1,0,0,1,0,4,15,3,husky_cif.y4m,96.58,96.592,0.17254,0.006409,0.0,256
1,0,1,0,0,1,0,0,0,0,1,1,8,0,0,husky_cif.y4m,72.2,72.21,0.298496,0.008423,0.0,192
1,0,1,0,1,0,0,0,0,0,1,1,2,0,0,husky_cif.y4m,47.28,47.296,0.201072,0.00837,0.0,41
1,0,1,1,0,0,0,0,0,0,1,0,4,5,0,husky_cif.y4m,632.9,633.014,0.425946,0.008375,0.0,37
1,0,1,0,0,1,0,0,0,0,0,0,4,5,0,husky_cif.y4m,72.41,72.37,0.088034,0.008414,0.0,26
1,1,1,1,0,0,0,1,0,0,0,0,1,0,3,husky_cif.y4m,737.63,737.628,0.051186,0.005201,0.0,273
1,1,1,1,0,0,1,1,0,0,0,1,1,5,6,husky_cif.y4m,894.61,894.77,0.337565,0.006391,0.0,233
1,1,1,0,1,0,1,1,0,0,1,1,8,0,0,husky_cif.y4m,90.09,90.102,0.11606,0.006423,0.0,101
1,0,1,1,0,0,0,0,0,0,0,1,2,5,3,husky_cif.y4m,623.12,623.108,0.275808,0.008375,0.0,39
1,1,1,0,1,0,0,1,0,0,0,1,1,15,0,husky_cif.y4m,86.94,87.05,0.192354,0.005191,0.0,106
1,1,1,0,1,0,0,0,1,1,0,0,1,0,0,husky_cif.y4m,53.69,53.718,0.181576,0.005451,0.0,242
1,1,1,1,0,0,1,1,0,0,1,0,2,15,0,husky_cif.y4m,886.46,886.936,0.963395,0.00639,0.0,193
1,0,1,0,1,0,1,0,0,0,1,0,1,15,6,husky_cif.y4m,50.34,50.324,0.053198,0.007256,0.0,103
1,1,1,0,1,0,0,1,0,1,1,1,8,5,6,husky_cif.y4m,86.56,86.596,0.264443,0.005206,0.0,1
1,0,1,1,0,0,0,0,0,1,1,1,1,0,0,husky_cif.y4m,632.04,632.022,0.147547,0.008375,0.0,61
1,1,1,1,0,0,0,0,1,0,0,0,2,0,0,husky_cif.y4m,672.36,673.272,1.716325,0.005565,0.0,56
1,1,1,0,1,0,0,1,0,0,1,0,8,15,3,husky_cif.y4m,87.78,87.822,0.21312,0.005177,0.0,148
1,0,1,0,1,0,0,0,0,1,0,1,2,5,0,husky_cif.y4m,46.7,46.726,0.158682,0.00837,0.0,112
1,0,1,0,1,0,1,0,0,0,1,0,8,15,3,husky_cif.y4m,50.33,50.38,0.089163,0.007256,0.0,300
1,0,1,0,1,0,0,0,0,1,1,0,4,15,0,husky_cif.y4m,47.46,47.482,0.22298,0.008364,0.0,249
1,0,1,0,1,0,0,0,0,0,0,1,2,0,0,husky_cif.y4m,46.66,46.62,0.144741,0.00837,0.0,20
1,1,1,1,0,0,1,1,0,1,0,1,1,5,0,husky_cif.y4m,1016.92,1016.84,0.29129,0.008031,0.0,104
1,1,1,1,0,0,0,1,0,1,1,1,8,15,6,husky_cif.y4m,823.31,823.362,0.287263,0.005206,0.0,131
1,0,1,1,0,0,0,0,0,0,0,0,2,0,3,husky_cif.y4m,624.44,624.674,1.00316,0.008375,0.0,69
1,0,1,0,1,0,1,0,0,0,0,0,2,0,3,husky_cif.y4m,50.51,50.53,0.123895,0.007256,0.0,220
1,1,1,1,0,0,1,1,0,1,1,1,8,15,6,husky_cif.y4m,1007.85,1007.926,0.596054,0.007961,0.0,11
1,1,1,1,0,0,1,1,0,1,0,0,4,15,6,husky_cif.y4m,1006.41,1006.744,0.821724,0.008041,0.0,258
1,0,1,0,1,0,1,0,0,0,0,0,2,15,3,husky_cif.y4m,50.39,50.4,0.115326,0.007256,0.0,65
1,0,1,0,0,1,1,0,0,0,0,0,2,15,0,husky_cif.y4m,77.65,77.668,0.120291,0.007348,0.0,160
1,0,1,0,0,1,1,0,0,0,0,0,8,0,0,husky_cif.y4m,77.94,77.938,0.088713,0.007348,0.0,238
1,1,1,1,0,0,0,1,0,0,0,0,4,0,0,husky_cif.y4m,737.21,737.25,0.237065,0.005201,0.0,57
1,1,1,0,1,0,0,1,0,1,0,1,2,0,0,husky_cif.y4m,78.74,78.686,0.100896,0.005143,0.0,79
1,0,1,0,1,0,1,0,0,0,1,0,4,15,3,husky_cif.y4m,50.35,50.336,0.177989,0.007256,0.0,224
1,1,1,0,1,0,0,1,0,1,0,0,2,0,3,husky_cif.y4m,79.53,79.558,0.240666,0.005193,0.0,48
1,0,1,0,1,0,1,0,0,0,0,1,8,0,6,husky_cif.y4m,50.38,50.382,0.142548,0.007237,0.0,173
1,1,1,1,0,0,1,1,0,0,1,1,1,0,0,husky_cif.y4m,781.67,781.688,0.170206,0.006405,0.0,283
1,0,1,0,1,0,0,0,0,0,0,0,1,0,6,husky_cif.y4m,47.33,47.314,0.070922,0.008364,0.0,190
1,0,1,0,1,0,1,0,0,1,1,1,4,0,6,husky_cif.y4m,50.33,50.38,0.162327,0.007237,0.0,259
1,0,1,1,0,0,0,0,0,0,0,1,1,15,3,husky_cif.y4m,631.73,631.74,0.219317,0.008375,0.0,7
1,0,1,0,0,1,0,0,0,0,0,1,2,5,0,husky_cif.y4m,72.13,72.14,0.146116,0.008423,0.0,73
1,1,1,1,0,0,1,1,0,0,0,0,2,0,6,husky_cif.y4m,796.88,797.132,0.709873,0.006357,0.0,63
1,0,1,0,0,1,1,0,0,1,1,0,2,15,3,husky_cif.y4m,77.9,77.932,0.099348,0.007348,0.0,284
1,0,1,1,0,0,1,0,0,1,0,1,8,15,6,husky_cif.y4m,683.28,683.212,0.428917,0.007244,0.0,250
1,1,1,0,1,0,0,1,0,0,0,0,2,5,0,husky_cif.y4m,86.41,86.438,0.11077,0.005163,0.0,209
1,0,1,0,1,0,1,0,0,0,0,1,4,5,3,husky_cif.y4m,50.28,50.25,0.198368,0.007237,0.0,138
1,1,1,1,0,0,0,0,1,1,1,0,1,0,0,husky_cif.y4m,681.49,682.318,2.006818,0.005483,0.0,135
1,1,1,1,0,0,1,1,0,1,1,0,4,5,3,husky_cif.y4m,1007.18,1007.17,0.278209,0.008041,0.0,264
1,1,1,1,0,0,0,1,0,1,1,0,2,0,6,husky_cif.y4m,728.53,728.524,0.453795,0.005185,0.0,215
1,0,1,0,0,1,0,0,0,0,1,1,4,5,3,husky_cif.y4m,72.3,72.3,0.14089,0.008423,0.0,50
1,0,1,1,0,0,0,0,0,1,1,0,4,0,6,husky_cif.y4m,633.23,633.138,0.278334,0.008375,0.0,98
1,1,1,1,0,0,0,1,0,1,1,0,1,15,0,husky_cif.y4m,826.57,826.57,0.336972,0.005248,0.0,140
1,1,1,1,0,0,0,1,0,0,1,1,1,0,3,husky_cif.y4m,736.54,736.574,0.161648,0.005162,0.0,113
1,0,1,0,1,0,1,0,0,1,1,0,1,0,6,husky_cif.y4m,50.29,50.346,0.175727,0.007256,0.0,3
1,0,1,0,0,1,0,0,0,1,1,1,8,0,0,husky_cif.y4m,72.18,72.268,0.153199,0.008423,0.0,149
1,0,1,1,0,0,0,0,0,0,1,1,8,5,6,husky_cif.y4m,632.07,632.052,0.475889,0.008375,0.0,153
1,1,1,1,0,0,1,1,0,1,1,0,2,15,6,husky_cif.y4m,995.02,994.922,0.353086,0.008041,0.0,133
1,0,1,1,0,0,0,0,0,0,0,0,1,0,3,husky_cif.y4m,633.38,633.292,0.27013,0.008375,0.0,191
1,1,1,0,1,0,0,1,0,1,0,1,1,0,6,husky_cif.y4m,78.61,78.548,0.151394,0.005143,0.0,100
1,0,1,1,0,0,1,0,0,0,1,0,4,0,3,husky_cif.y4m,681.94,681.892,0.30045,0.007249,0.0,85
1,0,1,0,0,1,1,0,0,0,0,0,2,0,3,husky_cif.y4m,77.95,77.936,0.148425,0.007348,0.0,88
1,0,1,0,1,0,1,0,0,1,1,0,4,15,6,husky_cif.y4m,50.28,50.312,0.206083,0.007256,0.0,31
1,0,1,0,0,1,1,0,0,0,0,0,4,5,3,husky_cif.y4m,77.78,77.772,0.088148,0.007348,0.0,134
1,1,1,0,1,0,1,1,0,1,1,1,8,0,3,husky_cif.y4m,104.1,104.118,0.172829,0.00784,0.0,147
1,1,1,1,0,0,0,1,0,0,1,1,4,15,6,husky_cif.y4m,823.41,823.274,0.412165,0.00522,0.0,275
1,0,1,0,0,1,1,0,0,0,1,0,4,15,3,husky_cif.y4m,76.79,76.846,0.240998,0.007348,0.0,143
1,1,1,0,1,0,1,1,0,1,0,0,1,5,6,husky_cif.y4m,110.95,111.174,0.804382,0.007841,0.0,8
1,1,1,1,0,0,1,1,0,0,1,1,4,5,3,husky_cif.y4m,895.01,895.522,1.097575,0.006391,0.0,216
1,0,1,1,0,0,1,0,0,1,0,0,1,0,3,husky_cif.y4m,671.84,671.842,0.30979,0.007249,0.0,214
1,0,1,0,0,1,0,0,0,0,0,0,1,5,0,husky_cif.y4m,72.36,72.43,0.189473,0.008414,0.0,17
1,0,1,0,0,1,1,0,0,0,0,0,1,5,0,husky_cif.y4m,77.85,78.066,0.506636,0.007348,0.0,206
1,0,1,0,1,0,0,0,0,1,1,1,8,15,0,husky_cif.y4m,47.22,47.242,0.138275,0.00837,0.0,36
1,1,1,0,1,0,1,1,0,0,0,0,4,15,3,husky_cif.y4m,96.78,96.772,0.200923,0.006409,0.0,6
1,0,1,1,0,0,1,0,0,0,0,1,1,0,6,husky_cif.y4m,682.79,682.802,0.206083,0.007244,0.0,5
1,0,1,1,0,0,1,0,0,0,0,0,8,15,6,husky_cif.y4m,681.68,681.804,0.226119,0.007249,0.0,164
1,0,1,0,0,1,0,0,0,1,0,0,8,0,6,husky_cif.y4m,72.56,72.532,0.163615,0.008414,0.0,97
1,0,1,1,0,0,0,0,0,0,1,0,2,5,3,husky_cif.y4m,632.91,633.204,0.701484,0.008375,0.0,236
1,1,1,0,1,0,1,1,0,0,0,0,8,5,0,husky_cif.y4m,96.59,96.558,0.124378,0.006404,0.0,71
1,1,1,0,1,0,1,1,0,1,0,1,2,0,3,husky_cif.y4m,105.54,105.482,0.193054,0.00784,0.0,295
1,0,1,1,0,0,1,0,0,1,1,0,8,5,3,husky_cif.y4m,682.11,682.136,0.179109,0.007249,0.0,286
1,0,1,0,1,0,0,0,0,0,0,1,1,5,0,husky_cif.y4m,47.4,47.35,0.166583,0.00837,0.0,34
1,0,1,0,1,0,1,0,0,1,1,1,1,5,3,husky_cif.y4m,49.63,49.588,0.20969,0.007237,0.0,240
1,0,1,0,0,1,1,0,0,0,0,1,4,15,3,husky_cif.y4m,77.88,77.914,0.265481,0.007334,0.0,18
1,0,1,0,1,0,0,0,0,0,1,0,8,0,6,husky_cif.y4m,47.48,47.448,0.096281,0.008364,0.0,102
1,1,1,1,0,0,1,0,1,0,1,0,4,0,0,husky_cif.y4m,669.76,669.748,0.097314,0.005887,0.0,51
1,1,1,1,0,0,1,1,0,0,0,1,4,15,6,husky_cif.y4m,895.22,895.272,0.311079,0.006391,0.0,282
1,0,1,0,1,0,1,0,0,1,1,1,1,0,3,husky_cif.y4m,50.19,50.17,0.081548,0.007237,0.0,77
1,0,1,1,0,0,1,0,0,0,1,0,2,0,3,husky_cif.y4m,682.41,682.354,0.645004,0.007249,0.0,128
1,1,1,0,1,0,1,1,0,0,0,0,2,5,3,husky_cif.y4m,96.62,96.652,0.258205,0.006409,0.0,234
1,0,1,1,0,0,0,0,0,0,1,1,1,0,0,husky_cif.y4m,631.97,632.068,0.53317,0.008375,0.0,252
1,0,1,1,0,0,1,0,0,0,0,1,4,0,3,husky_cif.y4m,682.91,682.87,0.156844,0.007244,0.0,28
1,0,1,0,0,1,1,0,0,1,1,1,8,15,3,husky_cif.y4m,77.89,77.916,0.136125,0.007334,0.0,139
1,0,1,0,0,1,0,0,0,0,0,1,1,5,0,husky_cif.y4m,72.49,72.506,0.199073,0.008423,0.0,158
1,1,1,0,1,0,1,1,0,1,0,1,8,5,3,husky_cif.y4m,112.31,112.342,0.186467,0.008073,0.0,152
1,0,1,1,0,0,1,0,0,1,0,0,2,0,6,husky_cif.y4m,682.17,682.122,0.323141,0.007249,0.0,12
1,1,1,0,1,0,0,1,0,0,0,1,4,15,3,husky_cif.y4m,87.31,87.326,0.086197,0.0052,0.0,294
1,1,1,0,1,0,0,1,0,0,0,1,8,15,3,husky_cif.y4m,87.47,87.462,0.085849,0.0052,0.0,154
1,1,1,1,0,0,0,1,0,1,0,0,2,15,6,husky_cif.y4m,825.38,825.358,0.206204,0.005255,0.0,157
1,0,1,1,0,0,1,0,0,1,1,1,2,0,3,husky_cif.y4m,672.87,672.792,0.261285,0.007244,0.0,150
1,1,1,0,1,0,1,1,0,0,1,0,8,0,6,husky_cif.y4m,89.54,89.502,0.161771,0.006443,0.0,287
1,0,1,0,1,0,0,0,0,1,1,0,1,0,3,husky_cif.y4m,47.47,47.44,0.238747,0.008364,0.0,297
1,0,1,0,0,1,0,0,0,1,1,0,8,15,0,husky_cif.y4m,72.43,72.354,0.220295,0.008414,0.0,263
1,1,1,0,1,0,0,1,0,1,1,1,1,5,3,husky_cif.y4m,86.74,86.78,0.235478,0.005206,0.0,255
1,0,1,1,0,0,0,0,0,1,1,0,8,15,3,husky_cif.y4m,624.05,624.12,0.261343,0.008375,0.0,115
1,0,1,0,0,1,1,0,0,1,0,1,4,15,3,husky_cif.y4m,78.22,78.112,0.243454,0.007334,0.0,188
1,0,1,0,0,1,1,0,0,0,0,1,8,0,6,husky_cif.y4m,78.0,77.89,0.2505,0.007334,0.0,212
1,0,1,1,0,0,1,0,0,0,0,1,1,15,3,husky_cif.y4m,683.12,683.084,0.382662,0.007244,0.0,195
1,0,1,0,1,0,0,0,0,0,1,1,2,15,0,husky_cif.y4m,47.46,47.42,0.15411,0.00837,0.0,119
1,0,1,1,0,0,0,0,0,1,0,1,4,15,0,husky_cif.y4m,632.01,631.928,0.227969,0.008375,0.0,58
1,0,1,0,1,0,1,0,0,1,0,1,4,0,6,husky_cif.y4m,50.21,50.2,0.124298,0.007237,0.0,277
1,0,1,0,1,0,1,0,0,0,1,1,4,5,6,husky_cif.y4m,50.32,50.234,0.199073,0.007237,0.0,64
1,1,1,0,1,0,1,1,0,1,0,0,2,0,0,husky_cif.y4m,105.7,105.714,0.107842,0.008136,0.0,285
1,1,1,0,1,0,1,1,0,1,0,0,4,0,0,husky_cif.y4m,105.84,105.874,0.130115,0.008136,0.0,290
1,0,1,1,0,0,0,0,0,1,0,1,8,5,6,husky_cif.y4m,632.01,632.018,0.243865,0.008375,0.0,196
1,1,1,1,0,0,1,0,1,1,1,1,1,0,0,husky_cif.y4m,681.47,682.024,1.228955,0.005875,0.0,93
1,0,1,1,0,0,1,0,0,0,1,1,4,5,6,husky_cif.y4m,683.3,683.24,0.216449,0.007244,0.0,299
1,0,1,1,0,0,0,0,0,1,0,0,2,5,0,husky_cif.y4m,632.74,632.798,0.161926,0.008375,0.0,125
1,1,1,0,1,0,0,1,0,1,0,1,2,15,6,husky_cif.y4m,86.61,86.676,0.14775,0.005206,0.0,21
1,0,1,0,1,0,0,0,0,1,0,1,2,0,0,husky_cif.y4m,47.31,47.328,0.143248,0.00837,0.0,225
1,0,1,0,1,0,0,0,0,1,0,0,2,5,0,ice_cif.y4m,13.33,13.322,0.022804,0.005497,0.0,114
1,1,1,1,0,0,0,0,1,0,0,1,1,0,0,ice_cif.y4m,309.19,308.562,1.677951,0.005945,0.0,281
1,1,1,1,0,0,0,1,0,1,1,0,2,5,0,ice_cif.y4m,356.21,352.378,5.617492,0.006083,0.0,49
1,0,1,0,0,1,1,0,0,0,0,0,2,15,6,ice_cif.y4m,36.65,36.476,0.402343,0.006004,0.0,194
1,0,1,1,0,0,0,0,0,0,0,0,2,0,6,ice_cif.y4m,286.7,286.702,0.10663,0.00546,0.0,62
1,1,1,0,1,0,0,1,0,1,1,1,1,15,3,ice_cif.y4m,21.67,21.676,0.396963,0.006111,0.0,91
1,0,1,0,0,1,1,0,0,0,0,0,4,0,6,ice_cif.y4m,36.05,36.088,0.142548,0.006004,0.0,107
1,0,1,1,0,0,1,0,0,0,0,1,4,5,3,ice_cif.y4m,317.89,319.586,4.804886,0.005993,0.0,181
1,0,1,0,1,0,1,0,0,0,0,0,4,5,0,ice_cif.y4m,16.01,15.984,0.107378,0.005988,0.0,247
1,0,1,1,0,0,0,0,0,1,1,0,4,5,3,ice_cif.y4m,289.24,288.782,1.267762,0.00546,0.0,166
1,0,1,0,0,1,0,0,0,0,1,1,4,0,0,ice_cif.y4m,31.26,31.228,0.178802,0.005481,0.0,25
1,1,1,0,1,0,0,1,0,0,0,1,8,0,6,ice_cif.y4m,20.96,21.072,0.211589,0.006141,0.0,203
1,1,1,1,0,0,1,1,0,1,1,1,4,5,6,ice_cif.y4m,345.72,345.762,0.293547,0.006123,0.0,219
1,0,1,0,0,1,0,0,0,0,0,0,4,15,0,ice_cif.y4m,31.31,31.22,0.191311,0.005485,0.0,162
1,0,1,1,0,0,1,0,0,0,1,0,4,15,6,ice_cif.y4m,315.38,316.194,1.179674,0.005992,0.0,182
1,0,1,0,0,1,0,0,0,1,1,0,1,15,6,ice_cif.y4m,30.96,30.918,0.119666,0.005485,0.0,10
1,1,1,1,0,0,1,1,0,1,1,1,2,15,0,ice_cif.y4m,346.45,346.586,0.261782,0.00614,0.0,14
1,1,1,1,0,0,0,1,0,0,0,1,1,0,6,ice_cif.y4m,334.77,334.176,3.951023,0.006093,0.0,89
1,1,1,1,0,0,0,1,0,1,1,1,1,5,0,ice_cif.y4m,345.62,345.594,0.061887,0.006092,0.0,116
1,0,1,1,0,0,0,0,0,0,1,1,4,15,3,ice_cif.y4m,287.87,287.862,0.043243,0.00546,0.0,217
1,1,1,0,1,0,0,1,0,0,1,0,1,0,0,ice_cif.y4m,21.07,21.09,0.089443,0.006132,0.0,75
1,1,1,0,1,0,0,1,0,1,1,1,2,15,6,ice_cif.y4m,21.75,21.61,0.306594,0.006098,0.0,266
1,0,1,1,0,0,1,0,0,0,1,1,4,15,3,ice_cif.y4m,337.62,337.612,0.058907,0.005993,0.0,268
1,0,1,0,1,0,1,0,0,1,1,1,4,15,3,ice_cif.y4m,15.97,16.11,0.258747,0.005992,0.0,187
1,0,1,0,0,1,1,0,0,0,1,0,8,15,3,ice_cif.y4m,36.03,36.588,1.241096,0.006004,0.0,161
1,0,1,0,1,0,1,0,0,0,1,0,2,0,6,ice_cif.y4m,15.95,15.98,0.086023,0.005988,0.0,23
1,1,1,1,0,0,0,1,0,1,1,0,2,5,6,ice_cif.y4m,371.01,371.058,0.09471,0.006065,0.0,2
1,1,1,1,0,0,1,0,1,1,0,1,2,0,0,ice_cif.y4m,308.58,312.812,8.701561,0.005903,0.0,16
1,0,1,1,0,0,0,0,0,1,1,1,8,15,0,ice_cif.y4m,286.12,286.152,0.225544,0.00546,0.0,262
1,1,1,1,0,0,0,1,0,1,1,0,4,5,0,ice_cif.y4m,370.96,370.986,0.142056,0.006083,0.0,66
1,0,1,1,0,0,0,0,0,1,0,0,2,0,0,ice_cif.y4m,287.35,288.036,1.161499,0.00546,0.0,86
1,0,1,0,1,0,1,0,0,0,1,0,2,5,6,ice_cif.y4m,16.32,16.158,0.296934,0.005988,0.0,231
1,0,1,0,1,0,0,0,0,0,0,0,4,5,0,ice_cif.y4m,13.69,13.622,0.218105,0.005497,0.0,269
1,1,1,0,1,0,1,1,0,0,1,0,1,5,0,ice_cif.y4m,21.12,21.14,0.038079,0.006233,0.0,180
1,0,1,0,0,1,0,0,0,0,1,0,4,5,6,ice_cif.y4m,30.93,31.4,0.887553,0.005485,0.0,274
1,1,1,1,0,0,0,1,0,1,1,0,2,15,6,ice_cif.y4m,349.14,349.15,0.04899,0.006033,0.0,184
1,0,1,0,0,1,1,0,0,0,0,1,4,5,0,ice_cif.y4m,38.47,38.498,0.113666,0.006004,0.0,118
1,1,1,1,0,0,0,1,0,0,0,0,1,0,6,ice_cif.y4m,332.49,332.274,1.40614,0.006086,0.0,254
1,0,1,1,0,0,1,0,0,0,1,1,4,5,0,ice_cif.y4m,321.92,319.396,3.883173,0.005993,0.0,208
1,0,1,0,0,1,1,0,0,1,1,0,4,5,6,ice_cif.y4m,36.0,36.066,0.116319,0.006004,0.0,279
1,1,1,1,0,0,0,1,0,0,1,1,4,15,3,ice_cif.y4m,346.09,346.136,0.102372,0.006085,0.0,229
1,0,1,0,0,1,1,0,0,1,1,1,1,0,0,ice_cif.y4m,35.83,35.864,0.1501,0.006004,0.0,46
1,0,1,0,0,1,0,0,0,1,1,1,4,5,6,ice_cif.y4m,30.92,30.996,0.270795,0.005481,0.0,171
1,1,1,1,0,0,0,1,0,0,1,0,2,5,0,ice_cif.y4m,362.76,362.654,0.400911,0.006083,0.0,99
1,0,1,0,0,1,0,0,0,0,0,0,8,0,0,ice_cif.y4m,30.76,31.03,0.643428,0.005485,0.0,81
1,1,1,1,0,0,1,1,0,1,0,1,8,5,0,ice_cif.y4m,343.89,343.886,0.085029,0.006168,0.0,155
1,0,1,0,1,0,0,0,0,1,0,1,1,15,6,ice_cif.y4m,13.27,13.264,0.045056,0.005478,0.0,96
1,1,1,1,0,0,0,1,0,1,1,1,8,0,0,ice_cif.y4m,330.55,330.62,0.223383,0.006093,0.0,218
1,1,1,1,0,0,1,1,0,1,1,0,8,0,6,ice_cif.y4m,352.39,352.448,0.12518,0.006146,0.0,53
1,1,1,0,1,0,1,0,1,0,0,0,2,0,0,ice_cif.y4m,15.41,15.38,0.086891,0.005934,0.0,109
1,0,1,0,1,0,0,0,0,0,1,0,4,5,6,ice_cif.y4m,13.3,13.296,0.0251,0.005497,0.0,185
1,1,1,1,0,0,0,1,0,0,1,1,2,0,0,ice_cif.y4m,354.04,354.018,0.10616,0.006093,0.0,239
1,0,1,1,0,0,0,0,0,0,0,1,2,0,0,ice_cif.y4m,289.63,289.742,2.536823,0.00546,0.0,276
1,0,1,1,0,0,1,0,0,0,0,1,4,0,6,ice_cif.y4m,314.96,314.974,0.091815,0.005993,0.0,257
1,0,1,0,0,1,0,0,0,1,1,0,1,5,0,ice_cif.y4m,31.76,31.746,0.496518,0.005485,0.0,42
1,1,1,0,1,0,1,1,0,0,0,0,2,15,3,ice_cif.y4m,21.6,21.408,0.338482,0.006197,0.0,204
1,0,1,1,0,0,1,0,0,1,0,1,2,15,6,ice_cif.y4m,316.93,316.592,0.823996,0.005993,0.0,145
1,0,1,0,1,0,0,0,0,0,0,0,2,0,3,ice_cif.y4m,13.28,13.286,0.032863,0.005497,0.0,246
1,1,1,1,0,0,0,1,0,0,1,1,8,0,0,ice_cif.y4m,354.17,354.16,0.220567,0.006093,0.0,202
1,1,1,0,1,0,0,1,0,1,0,0,2,5,3,ice_cif.y4m,21.31,21.326,0.115888,0.006111,0.0,70
1,0,1,0,1,0,0,0,0,0,1,0,1,5,3,ice_cif.y4m,14.23,14.232,0.037683,0.005497,0.0,230
1,0,1,0,1,0,1,0,0,0,0,0,4,15,6,ice_cif.y4m,15.98,16.042,0.195115,0.005988,0.0,267
1,1,1,1,0,0,1,1,0,0,0,1,8,5,3,ice_cif.y4m,345.15,345.158,0.118195,0.006145,0.0,146
1,0,1,0,1,0,1,0,0,0,0,1,2,15,0,ice_cif.y4m,16.0,16.074,0.195141,0.005992,0.0,27
1,0,1,0,1,0,1,0,0,0,1,1,8,0,3,ice_cif.y4m,15.87,16.086,0.319421,0.005992,0.0,137
1,1,1,1,0,0,0,1,0,0,1,1,2,15,0,ice_cif.y4m,345.61,346.988,3.239594,0.006091,0.0,189
1,1,1,0,1,0,1,1,0,1,0,0,4,15,0,ice_cif.y4m,21.17,21.438,0.377849,0.006225,0.0,132
1,1,1,1,0,0,0,0,1,1,0,1,8,0,0,ice_cif.y4m,312.72,311.012,2.938532,0.005945,0.0,169
1,0,1,0,0,1,0,0,0,0,0,0,1,5,6,ice_cif.y4m,30.79,30.808,0.104259,0.005485,0.0,33
1,0,1,1,0,0,0,0,0,0,1,1,8,15,0,ice_cif.y4m,306.59,306.574,0.204768,0.00546,0.0,205
1,0,1,1,0,0,0,0,0,1,0,1,2,0,0,ice_cif.y4m,286.08,286.194,0.375739,0.00546,0.0,245
1,1,1,0,1,0,1,1,0,0,1,1,1,15,0,ice_cif.y4m,21.75,21.78,0.612291,0.006245,0.0,298
1,0,1,1,0,0,1,0,0,1,1,0,2,5,6,ice_cif.y4m,338.02,338.014,0.068411,0.005992,0.0,163
1,1,1,1,0,0,0,1,0,0,0,0,1,5,0,ice_cif.y4m,370.95,371.078,0.512269,0.006083,0.0,123
1,0,1,0,0,1,1,0,0,1,0,0,4,15,0,ice_cif.y4m,36.06,36.064,0.080498,0.006004,0.0,4
1,0,1,0,0,1,1,0,0,1,1,0,8,5,6,ice_cif.y4m,37.08,36.738,0.551788,0.006004,0.0,141
1,1,1,0,1,0,0,1,0,1,0,0,8,5,6,ice_cif.y4m,21.52,21.382,0.254205,0.006091,0.0,129
1,1,1,0,1,0,1,1,0,1,1,0,4,5,3,ice_cif.y4m,22.46,22.46,0.067823,0.006213,0.0,159
1,0,1,0,0,1,1,0,0,1,0,0,1,0,0,ice_cif.y4m,36.23,36.306,0.253634,0.006004,0.0,22
1,0,1,0,0,1,0,0,0,1,0,1,2,0,6,ice_cif.y4m,31.23,31.244,0.085615,0.005481,0.0,175
1,1,1,1,0,0,0,1,0,1,1,1,8,5,6,ice_cif.y4m,346.18,348.614,3.435379,0.006086,0.0,151
1,1,1,0,1,0,0,1,0,0,1,0,2,5,0,ice_cif.y4m,21.18,21.308,0.291496,0.006112,0.0,52
1,0,1,0,0,1,0,0,0,0,0,1,4,0,3,ice_cif.y4m,30.75,30.764,0.040373,0.005481,0.0,108
1,0,1,0,1,0,1,0,0,0,0,1,8,15,0,ice_cif.y4m,15.97,16.148,0.44432,0.005992,0.0,72
1,0,1,1,0,0,1,0,0,1,1,0,8,0,6,ice_cif.y4m,315.35,315.35,0.118954,0.005992,0.0,248
1,1,1,1,0,0,1,1,0,1,1,0,8,5,6,ice_cif.y4m,346.11,346.044,0.125419,0.006108,0.0,174
1,0,1,1,0,0,1,0,0,1,1,1,8,0,3,ice_cif.y4m,315.05,322.116,9.748789,0.005993,0.0,130
1,1,1,0,1,0,1,1,0,1,1,1,8,15,0,ice_cif.y4m,21.67,21.544,0.345948,0.006245,0.0,168
1,0,1,0,0,1,1,0,0,1,0,1,8,0,6,ice_cif.y4m,38.27,38.268,0.010954,0.006004,0.0,198
1,0,1,0,0,1,1,0,0,1,1,0,1,0,3,ice_cif.y4m,36.2,36.19,0.236432,0.006004,0.0,83
1,1,1,1,0,0,1,1,0,0,1,0,1,0,3,ice_cif.y4m,329.01,328.94,0.148829,0.006146,0.0,291
1,0,1,0,1,0,0,0,0,1,1,0,1,0,6,ice_cif.y4m,14.25,14.382,0.228408,0.005497,0.0,237
1,0,1,0,0,1,0,0,0,1,1,1,2,15,3,ice_cif.y4m,31.23,31.106,0.466615,0.005481,0.0,90
1,1,1,1,0,0,1,1,0,0,0,1,1,15,0,ice_cif.y4m,346.53,350.556,9.108923,0.00614,0.0,87
1,0,1,1,0,0,1,0,0,1,0,0,1,5,0,ice_cif.y4m,318.89,319.792,4.823248,0.005992,0.0,74
1,0,1,0,0,1,0,0,0,1,0,0,2,0,3,ice_cif.y4m,32.96,32.988,0.113886,0.005485,0.0,201
1,0,1,0,1,0,0,0,0,1,0,1,1,0,0,ice_cif.y4m,13.3,13.308,0.046583,0.005478,0.0,183
1,0,1,1,0,0,0,0,0,0,0,0,4,0,6,ice_cif.y4m,286.62,286.668,0.09859,0.00546,0.0,227
1,1,1,0,1,0,1,1,0,0,0,0,1,15,6,ice_cif.y4m,21.04,21.036,0.042778,0.006148,0.0,222
1,0,1,0,0,1,0,0,0,0,1,0,8,0,6,ice_cif.y4m,32.34,32.198,0.428451,0.005485,0.0,55
1,0,1,1,0,0,0,0,0,0,1,1,2,5,0,ice_cif.y4m,286.01,286.798,1.831002,0.00546,0.0,142
1,0,1,1,0,0,1,0,0,1,0,1,1,5,6,ice_cif.y4m,318.64,318.374,3.895469,0.005993,0.0,124
1,0,1,1,0,0,1,0,0,0,0,0,8,0,0,ice_cif.y4m,337.9,338.4,1.288429,0.005992,0.0,95
1,0,1,1,0,0,1,0,0,1,0,0,2,15,0,ice_cif.y4m,318.66,319.304,3.303881,0.005992,0.0,241
1,0,1,0,1,0,0,0,0,0,1,1,1,5,3,ice_cif.y4m,13.42,13.434,0.040988,0.005478,0.0,289
1,0,1,1,0,0,1,0,0,1,1,0,1,5,0,ice_cif.y4m,317.34,317.348,0.020494,0.005992,0.0,278
1,1,1,0,1,0,0,1,0,1,1,0,1,0,6,ice_cif.y4m,21.03,20.996,0.073348,0.006132,0.0,176
1,0,1,0,0,1,1,0,0,0,1,0,8,5,0,ice_cif.y4m,36.67,36.52,0.324423,0.006004,0.0,122
1,0,1,0,0,1,0,0,0,0,1,0,4,0,6,ice_cif.y4m,30.79,30.858,0.133116,0.005485,0.0,30
1,1,1,0,1,0,0,1,0,0,0,0,2,0,6,ice_cif.y4m,21.2,21.144,0.135573,0.006132,0.0,251
1,0,1,1,0,0,0,0,0,0,0,1,1,0,0,ice_cif.y4m,291.46,289.662,3.316108,0.00546,0.0,120
1,0,1,1,0,0,0,0,0,0,0,1,2,15,6,ice_cif.y4m,286.02,286.552,1.207133,0.00546,0.0,144
1,0,1,0,1,0,1,0,0,0,0,0,1,0,3,ice_cif.y4m,15.9,16.044,0.263685,0.005988,0.0,265
1,1,1,0,1,0,0,1,0,0,1,0,2,0,6,ice_cif.y4m,20.96,20.994,0.066182,0.006132,0.0,260
1,1,1,0,1,0,0,1,0,0,0,1,1,0,3,ice_cif.y4m,21.2,21.16,0.104881,0.006141,0.0,78
1,0,1,0,1,0,0,0,0,0,1,1,8,15,3,ice_cif.y4m,14.3,14.314,0.157892,0.005478,0.0,84
1,0,1,1,0,0,1,0,0,1,0,0,4,15,3,ice_cif.y4m,317.16,316.974,0.989358,0.005992,0.0,296
1,0,1,0,0,1,0,0,0,0,0,1,2,5,6,ice_cif.y4m,32.87,32.88,0.094604,0.005481,0.0,232
1,0,1,0,0,1,1,0,0,0,1,0,4,15,6,ice_cif.y4m,36.43,36.536,0.325315,0.006004,0.0,213
1,1,1,0,1,0,0,1,0,0,1,1,8,15,3,ice_cif.y4m,22.15,21.882,0.474521,0.006111,0.0,94
1,0,1,0,1,0,0,0,0,0,1,1,1,5,0,ice_cif.y4m,13.42,13.354,0.099649,0.005478,0.0,178
1,0,1,1,0,0,1,0,0,1,0,0,4,0,0,ice_cif.y4m,315.36,315.38,0.058737,0.005992,0.0,127
1,1,1,0,1,0,1,1,0,0,1,0,8,5,6,ice_cif.y4m,20.95,20.946,0.032094,0.006182,0.0,111
1,0,1,0,1,0,0,0,0,0,0,1,1,0,6,ice_cif.y4m,13.28,13.28,0.018708,0.005478,0.0,92
1,1,1,1,0,0,0,1,0,0,1,0,8,15,6,ice_cif.y4m,347.54,347.366,0.450033,0.006033,0.0,54
1,0,1,0,0,1,0,0,0,0,0,1,2,15,0,ice_cif.y4m,30.76,31.318,0.838344,0.005481,0.0,45
1,0,1,1,0,0,0,0,0,1,0,0,4,0,6,ice_cif.y4m,286.79,287.256,1.079574,0.00546,0.0,226
1,1,1,1,0,0,1,1,0,1,0,0,8,5,0,ice_cif.y4m,362.7,359.106,8.154734,0.006141,0.0,200
1,0,1,0,0,1,1,0,0,1,0,1,8,5,6,ice_cif.y4m,35.91,36.266,0.714479,0.006004,0.0,59
1,1,1,0,1,0,1,0,1,0,0,1,2,0,0,ice_cif.y4m,15.27,15.276,0.08792,0.005944,0.0,19
1,1,1,1,0,0,0,1,0,1,0,0,2,15,0,ice_cif.y4m,352.46,350.72,2.717931,0.006075,0.0,47
1,1,1,0,1,0,1,1,0,0,0,1,4,5,6,ice_cif.y4m,20.97,20.952,0.055408,0.006194,0.0,32
1,1,1,0,1,0,0,1,0,1,0,0,1,5,6,ice_cif.y4m,21.36,21.266,0.338201,0.006091,0.0,170
1,0,1,0,0,1,0,0,0,1,1,0,1,15,0,ice_cif.y4m,31.54,31.464,0.38824,0.005485,0.0,270
1,0,1,1,0,0,1,0,0,1,0,1,4,15,6,ice_cif.y4m,315.06,315.868,2.056871,0.005993,0.0,207
1,1,1,0,1,0,0,1,0,1,1,1,1,5,6,ice_cif.y4m,21.15,21.14,0.253279,0.006103,0.0,43
1,0,1,0,1,0,1,0,0,0,1,1,1,0,3,ice_cif.y4m,15.89,15.886,0.054129,0.005992,0.0,40
1,1,1,0,1,0,0,1,0,0,1,1,1,5,3,ice_cif.y4m,22.47,22.468,0.023875,0.006127,0.0,117
1,0,1,0,0,1,0,0,0,0,1,0,8,15,6,ice_cif.y4m,31.16,31.092,0.192276,0.005485,0.0,253
1,0,1,1,0,0,0,0,0,1,0,0,1,15,3,ice_cif.y4m,286.82,286.952,0.310757,0.00546,0.0,68
1,1,1,1,0,0,0,1,0,1,1,1,1,15,6,ice_cif.y4m,347.02,347.154,0.370648,0.006063,0.0,186
1,1,1,0,1,0,1,1,0,0,0,1,8,15,3,ice_cif.y4m,21.2,21.204,0.120125,0.00622,0.0,288
1,1,1,0,1,0,0,1,0,0,0,0,2,0,0,ice_cif.y4m,21.05,21.348,0.692871,0.006132,0.0,15
1,0,1,1,0,0,0,0,0,0,1,1,2,15,3,ice_cif.y4m,286.02,286.048,0.10895,0.00546,0.0,82
1,1,1,1,0,0,0,1,0,0,0,0,4,15,6,ice_cif.y4m,350.91,351.972,5.122726,0.006033,0.0,211
1,0,1,0,1,0,1,0,0,1,1,1,8,15,6,ice_cif.y4m,15.99,16.108,0.29626,0.005992,0.0,177
1,1,1,0,1,0,0,1,0,1,1,1,2,5,3,ice_cif.y4m,21.0,21.068,0.158019,0.006127,0.0,210
1,0,1,1,0,0,0,0,0,1,1,1,2,0,3,ice_cif.y4m,286.11,286.106,0.166973,0.00546,0.0,13
1,0,1,0,1,0,1,0,0,0,0,1,2,15,3,ice_cif.y4m,16.97,17.008,0.08438,0.005992,0.0,228
1,0,1,0,1,0,1,0,0,1,1,0,4,5,3,ice_cif.y4m,15.95,15.954,0.032094,0.005988,0.0,38
1,1,1,1,0,0,0,1,0,0,0,1,4,15,6,ice_cif.y4m,347.01,347.442,0.92267,0.006063,0.0,29
1,1,1,1,0,0,1,0,1,1,0,0,8,0,0,ice_cif.y4m,308.3,308.298,0.126174,0.005874,0.0,24
1,1,1,1,0,0,0,1,0,0,0,0,8,5,6,ice_cif.y4m,349.06,348.332,1.759935,0.006065,0.0,293
1,1,1,1,0,0,0,1,0,0,1,0,2,5,6,ice_cif.y4m,348.3,347.996,1.234557,0.006065,0.0,67
1,1,1,0,1,0,0,1,0,1,0,1,2,5,0,ice_cif.y4m,21.13,21.164,0.060663,0.00613,0.0,199
1,0,1,0,0,1,1,0,0,1,1,0,8,15,3,ice_cif.y4m,36.72,36.506,0.395449,0.006004,0.0,244
1,0,1,0,0,1,1,0,0,0,0,0,8,15,0,ice_cif.y4m,36.02,36.288,0.451741,0.006004,0.0,80
1,1,1,1,0,0,1,1,0,1,1,1,2,0,3,ice_cif.y4m,344.83,340.694,7.01145,0.006166,0.0,223
1,1,1,0,1,0,1,1,0,0,1,0,8,5,0,ice_cif.y4m,21.12,21.36,0.411096,0.006233,0.0,121
1,0,1,1,0,0,1,0,0,0,0,0,8,5,3,ice_cif.y4m,317.72,317.0,1.465623,0.005992,0.0,261
1,0,1,1,0,0,1,0,0,1,1,0,1,5,6,ice_cif.y4m,315.38,315.436,0.157892,0.005992,0.0,156
1,1,1,1,0,0,0,1,0,0,1,0,4,15,3,ice_cif.y4m,351.48,351.126,4.827896,0.006067,0.0,271
1,1,1,1,0,0,1,1,0,1,0,0,2,15,3,ice_cif.y4m,370.44,371.766,1.946338,0.00611,0.0,9
1,1,1,1,0,0,1,1,0,1,0,1,1,0,0,ice_cif.y4m,346.84,340.146,9.795518,0.006166,0.0,165
1,0,1,0,0,1,1,0,0,1,0,0,1,15,6,ice_cif.y4m,36.55,36.478,0.303101,0.006004,0.0,126
1,0,1,1,0,0,1,0,0,1,1,1,8,5,0,ice_cif.y4m,315.26,317.492,3.208406,0.005993,0.0,280
1,0,1,1,0,0,0,0,0,1,1,0,2,5,3,ice_cif.y4m,290.77,290.806,3.021644,0.00546,0.0,172
1,0,1,0,1,0,1,0,0,0,0,0,1,15,6,ice_cif.y4m,15.96,15.978,0.140784,0.005988,0.0,292
1,0,1,0,0,1,0,0,0,1,0,1,1,0,3,ice_cif.y4m,31.19,31.178,0.084676,0.005481,0.0,179
1,0,1,0,0,1,1,0,0,1,0,1,2,0,3,ice_cif.y4m,36.33,36.36,0.538516,0.006004,0.0,272
1,0,1,0,0,1,1,0,0,0,1,0,4,5,0,ice_cif.y4m,36.5,36.542,0.315626,0.006004,0.0,105
1,0,1,0,1,0,0,0,0,0,0,0,1,0,3,ice_cif.y4m,13.3,13.456,0.228758,0.005497,0.0,76
1,0,1,1,0,0,1,0,0,0,1,0,4,15,3,ice_cif.y4m,315.54,316.162,1.335316,0.005992,0.0,197
1,1,1,1,0,0,1,1,0,0,1,0,1,15,0,ice_cif.y4m,345.84,346.29,0.70919,0.006142,0.0,221
1,1,1,1,0,0,1,1,0,0,1,0,8,15,6,ice_cif.y4m,371.87,372.528,1.404197,0.006052,0.0,167
1,1,1,0,1,0,0,1,0,1,0,1,4,15,6,ice_cif.y4m,21.04,21.28,0.366401,0.006098,0.0,136
1,1,1,1,0,0,0,1,0,1,0,1,8,15,6,ice_cif.y4m,349.16,349.176,0.11929,0.006063,0.0,243
1,0,1,0,1,0,0,0,0,1,0,1,8,15,6,ice_cif.y4m,13.27,13.272,0.028636,0.005478,0.0,60
1,0,1,1,0,0,0,0,0,1,0,1,2,0,6,ice_cif.y4m,287.76,287.474,1.312319,0.00546,0.0,110
1,1,1,1,0,0,1,1,0,1,0,0,1,15,6,ice_cif.y4m,349.62,348.896,1.651342,0.006052,0.0,35
1,0,1,1,0,0,1,0,0,0,1,1,2,5,6,ice_cif.y4m,315.13,316.4,2.867804,0.005993,0.0,235
1,0,1,1,0,0,0,0,0,1,0,0,1,0,3,ice_cif.y4m,286.82,286.754,0.180914,0.00546,0.0,44
1,1,1,0,1,0,1,1,0,0,1,0,4,15,3,ice_cif.y4m,21.09,21.124,0.0999,0.006197,0.0,256
1,0,1,0,0,1,0,0,0,0,1,1,8,0,0,ice_cif.y4m,30.77,30.754,0.123814,0.005481,0.0,192
1,0,1,0,1,0,0,0,0,0,1,1,2,0,0,ice_cif.y4m,13.27,13.28,0.043589,0.005478,0.0,41
1,0,1,1,0,0,0,0,0,0,1,0,4,5,0,ice_cif.y4m,307.03,307.096,0.120955,0.00546,0.0,37
1,0,1,0,0,1,0,0,0,0,0,0,4,5,0,ice_cif.y4m,31.14,31.198,0.348741,0.005485,0.0,26
1,1,1,1,0,0,0,1,0,0,0,0,1,0,3,ice_cif.y4m,330.73,330.822,0.210523,0.006086,0.0,273
1,1,1,1,0,0,1,1,0,0,0,1,1,5,6,ice_cif.y4m,370.3,370.368,0.223428,0.006123,0.0,233
1,1,1,0,1,0,1,1,0,0,1,1,8,0,0,ice_cif.y4m,20.97,21.156,0.326159,0.006238,0.0,101
1,0,1,1,0,0,0,0,0,0,0,1,2,5,3,ice_cif.y4m,286.14,286.124,0.043932,0.00546,0.0,39
1,1,1,0,1,0,0,1,0,0,0,1,1,15,0,ice_cif.y4m,21.18,21.196,0.061482,0.006142,0.0,106
1,1,1,0,1,0,0,0,1,1,0,0,1,0,0,ice_cif.y4m,15.1,15.084,0.102616,0.005957,0.0,242
1,1,1,1,0,0,1,1,0,0,1,0,2,15,0,ice_cif.y4m,345.8,345.8,0.065192,0.006142,0.0,193
1,0,1,0,1,0,1,0,0,0,1,0,1,15,6,ice_cif.y4m,16.2,16.154,0.244602,0.005988,0.0,103
1,1,1,0,1,0,0,1,0,1,1,1,8,5,6,ice_cif.y4m,20.93,20.932,0.064962,0.006103,0.0,1
1,0,1,1,0,0,0,0,0,1,1,1,1,0,0,ice_cif.y4m,286.15,290.39,6.463006,0.00546,0.0,61
1,1,1,1,0,0,0,0,1,0,0,0,2,0,0,ice_cif.y4m,311.7,310.21,3.044996,0.005926,0.0,56
1,1,1,0,1,0,0,1,0,0,1,0,8,15,3,ice_cif.y4m,21.13,21.278,0.306382,0.006092,0.0,148
1,0,1,0,1,0,0,0,0,1,0,1,2,5,0,ice_cif.y4m,13.27,13.276,0.039115,0.005478,0.0,112
1,0,1,0,1,0,1,0,0,0,1,0,8,15,3,ice_cif.y4m,16.74,16.454,0.475426,0.005988,0.0,300
1,0,1,0,1,0,0,0,0,1,1,0,4,15,0,ice_cif.y4m,13.46,13.46,0.100499,0.005497,0.0,249
1,0,1,0,1,0,0,0,0,0,0,1,2,0,0,ice_cif.y4m,13.33,13.368,0.09576,0.005478,0.0,20
1,1,1,1,0,0,1,1,0,1,0,1,1,5,0,ice_cif.y4m,346.63,347.558,4.064292,0.006168,0.0,104
1,1,1,1,0,0,0,1,0,1,1,1,8,15,6,ice_cif.y4m,350.38,349.804,1.665182,0.006063,0.0,131
1,0,1,1,0,0,0,0,0,0,0,0,2,0,3,ice_cif.y4m,286.84,286.82,0.096954,0.00546,0.0,69
1,0,1,0,1,0,1,0,0,0,0,0,2,0,3,ice_cif.y4m,16.39,16.402,0.26659,0.005988,0.0,220
1,1,1,1,0,0,1,1,0,1,1,1,8,15,6,ice_cif.y4m,353.11,353.708,5.143726,0.006092,0.0,11
1,1,1,1,0,0,1,1,0,1,0,0,4,15,6,ice_cif.y4m,347.18,349.008,4.128555,0.006052,0.0,258
1,0,1,0,1,0,1,0,0,0,0,0,2,15,3,ice_cif.y4m,15.91,15.932,0.031937,0.005988,0.0,65
1,0,1,0,0,1,1,0,0,0,0,0,2,15,0,ice_cif.y4m,38.81,38.772,0.117558,0.006004,0.0,160
1,0,1,0,0,1,1,0,0,0,0,0,8,0,0,ice_cif.y4m,38.69,38.854,0.539935,0.006004,0.0,238
1,1,1,1,0,0,0,1,0,0,0,0,4,0,0,ice_cif.y4m,332.82,332.904,0.15884,0.006086,0.0,57
1,1,1,0,1,0,0,1,0,1,0,1,2,0,0,ice_cif.y4m,21.02,21.566,0.820658,0.006141,0.0,79
1,0,1,0,1,0,1,0,0,0,1,0,4,15,3,ice_cif.y4m,15.91,15.91,0.045277,0.005988,0.0,224
1,1,1,0,1,0,0,1,0,1,0,0,2,0,3,ice_cif.y4m,20.99,21.44,0.663287,0.006132,0.0,48
1,0,1,0,1,0,1,0,0,0,0,1,8,0,6,ice_cif.y4m,16.06,16.042,0.11077,0.005992,0.0,173
1,1,1,1,0,0,1,1,0,0,1,1,1,0,0,ice_cif.y4m,329.41,329.35,0.211069,0.006166,0.0,283
1,0,1,0,1,0,0,0,0,0,0,0,1,0,6,ice_cif.y4m,13.28,13.298,0.026833,0.005497,0.0,190
1,0,1,0,1,0,1,0,0,1,1,1,4,0,6,ice_cif.y4m,16.13,16.098,0.122147,0.005992,0.0,259
1,0,1,1,0,0,0,0,0,0,0,1,1,15,3,ice_cif.y4m,286.27,286.236,0.072664,0.00546,0.0,7
1,0,1,0,0,1,0,0,0,0,0,1,2,5,0,ice_cif.y4m,30.79,30.782,0.107098,0.005481,0.0,73
1,1,1,1,0,0,1,1,0,0,0,0,2,0,6,ice_cif.y4m,328.97,329.202,0.655683,0.006146,0.0,63
1,0,1,0,0,1,1,0,0,1,1,0,2,15,3,ice_cif.y4m,36.4,36.316,0.211495,0.006004,0.0,284
1,0,1,1,0,0,1,0,0,1,0,1,8,15,6,ice_cif.y4m,315.17,315.66,1.246736,0.005993,0.0,250
1,1,1,0,1,0,0,1,0,0,0,0,2,5,0,ice_cif.y4m,21.31,21.318,0.138456,0.006112,0.0,209
1,0,1,0,1,0,1,0,0,0,0,1,4,5,3,ice_cif.y4m,16.41,16.238,0.291496,0.005992,0.0,138
1,1,1,1,0,0,0,0,1,1,1,0,1,0,0,ice_cif.y4m,313.54,314.098,7.49562,0.005926,0.0,135
1,1,1,1,0,0,1,1,0,1,1,0,4,5,3,ice_cif.y4m,363.95,356.83,10.503628,0.006139,0.0,264
1,1,1,1,0,0,0,1,0,1,1,0,2,0,6,ice_cif.y4m,330.7,330.772,0.138816,0.006086,0.0,215
1,0,1,0,0,1,0,0,0,0,1,1,4,5,3,ice_cif.y4m,30.88,31.196,0.705323,0.005481,0.0,50
1,0,1,1,0,0,0,0,0,1,1,0,4,0,6,ice_cif.y4m,286.83,286.906,0.24501,0.00546,0.0,98
1,1,1,1,0,0,0,1,0,1,1,0,1,15,0,ice_cif.y4m,346.84,346.916,0.298798,0.006075,0.0,140
1,1,1,1,0,0,0,1,0,0,1,1,1,0,3,ice_cif.y4m,332.59,332.304,1.206018,0.006093,0.0,113
1,0,1,0,1,0,1,0,0,1,1,0,1,0,6,ice_cif.y4m,15.93,15.924,0.063482,0.005988,0.0,3
1,0,1,0,0,1,0,0,0,1,1,1,8,0,0,ice_cif.y4m,30.79,30.766,0.070922,0.005481,0.0,149
1,0,1,1,0,0,0,0,0,0,1,1,8,5,6,ice_cif.y4m,286.13,288.316,3.808875,0.00546,0.0,153
1,1,1,1,0,0,1,1,0,1,1,0,2,15,6,ice_cif.y4m,371.9,372.776,1.6506,0.006052,0.0,133
1,0,1,1,0,0,0,0,0,0,0,0,1,0,3,ice_cif.y4m,286.65,286.722,0.176267,0.00546,0.0,191
1,1,1,0,1,0,0,1,0,1,0,1,1,0,6,ice_cif.y4m,21.09,21.166,0.295686,0.006141,0.0,100
1,0,1,1,0,0,1,0,0,0,1,0,4,0,3,ice_cif.y4m,317.4,317.388,0.129885,0.005992,0.0,85
1,0,1,0,0,1,1,0,0,0,0,0,2,0,3,ice_cif.y4m,38.85,39.012,0.483136,0.006004,0.0,88
1,0,1,0,1,0,1,0,0,1,1,0,4,15,6,ice_cif.y4m,15.95,15.984,0.127984,0.005988,0.0,31
1,0,1,0,0,1,1,0,0,0,0,0,4,5,3,ice_cif.y4m,36.1,36.52,0.632969,0.006004,0.0,134
1,1,1,0,1,0,1,1,0,1,1,1,8,0,3,ice_cif.y4m,20.95,21.144,0.297624,0.006238,0.0,147
1,1,1,1,0,0,0,1,0,0,1,1,4,15,6,ice_cif.y4m,371.75,371.708,0.177961,0.006063,0.0,275
1,0,1,0,0,1,1,0,0,0,1,0,4,15,3,ice_cif.y4m,35.96,36.05,0.160156,0.006004,0.0,143
1,1,1,0,1,0,1,1,0,1,0,0,1,5,6,ice_cif.y4m,21.02,21.582,0.871418,0.006182,0.0,8
1,1,1,1,0,0,1,1,0,0,1,1,4,5,3,ice_cif.y4m,345.25,345.586,0.893241,0.006145,0.0,216
1,0,1,1,0,0,1,0,0,1,0,0,1,0,3,ice_cif.y4m,317.13,316.688,1.240028,0.005992,0.0,214
1,0,1,0,0,1,0,0,0,0,0,0,1,5,0,ice_cif.y4m,30.82,30.766,0.081425,0.005485,0.0,17
1,0,1,0,0,1,1,0,0,0,0,0,1,5,0,ice_cif.y4m,36.21,36.508,0.553642,0.006004,0.0,206
1,0,1,0,1,0,0,0,0,1,1,1,8,15,0,ice_cif.y4m,13.26,13.262,0.022804,0.005478,0.0,36
1,1,1,0,1,0,1,1,0,0,0,0,4,15,3,ice_cif.y4m,22.22,21.94,0.748766,0.006197,0.0,6
1,0,1,1,0,0,1,0,0,0,0,1,1,0,6,ice_cif.y4m,315.21,315.362,0.407517,0.005993,0.0,5
1,0,1,1,0,0,1,0,0,0,0,0,8,15,6,ice_cif.y4m,329.98,324.314,8.276964,0.005992,0.0,164
1,0,1,0,0,1,0,0,0,1,0,0,8,0,6,ice_cif.y4m,30.91,31.032,0.38932,0.005485,0.0,97
1,0,1,1,0,0,0,0,0,0,1,0,2,5,3,ice_cif.y4m,291.07,290.92,4.255602,0.00546,0.0,236
1,1,1,0,1,0,1,1,0,0,0,0,8,5,0,ice_cif.y4m,21.15,21.168,0.122147,0.006233,0.0,71
1,1,1,0,1,0,1,1,0,1,0,1,2,0,3,ice_cif.y4m,21.02,21.482,0.693051,0.006238,0.0,295
1,0,1,1,0,0,1,0,0,1,1,0,8,5,3,ice_cif.y4m,315.49,315.446,0.186091,0.005992,0.0,286
1,0,1,0,1,0,0,0,0,0,0,1,1,5,0,ice_cif.y4m,14.28,14.272,0.062209,0.005478,0.0,34
1,0,1,0,1,0,1,0,0,1,1,1,1,5,3,ice_cif.y4m,16.15,16.118,0.060581,0.005992,0.0,240
1,0,1,0,0,1,1,0,0,0,0,1,4,15,3,ice_cif.y4m,36.4,36.282,0.278873,0.006004,0.0,18
1,0,1,0,1,0,0,0,0,0,1,0,8,0,6,ice_cif.y4m,13.47,13.528,0.232852,0.005497,0.0,102
1,1,1,1,0,0,1,0,1,0,1,0,4,0,0,ice_cif.y4m,308.39,308.374,0.10761,0.005874,0.0,51
1,1,1,1,0,0,1,1,0,0,0,1,4,15,6,ice_cif.y4m,349.93,349.8,0.788099,0.006092,0.0,282
1,0,1,0,1,0,1,0,0,1,1,1,1,0,3,ice_cif.y4m,15.88,15.868,0.021679,0.005992,0.0,77
1,0,1,1,0,0,1,0,0,0,1,0,2,0,3,ice_cif.y4m,315.55,315.594,0.167422,0.005992,0.0,128
1,1,1,0,1,0,1,1,0,0,0,0,2,5,3,ice_cif.y4m,21.01,21.276,0.393357,0.006213,0.0,234
1,0,1,1,0,0,0,0,0,0,1,1,1,0,0,ice_cif.y4m,286.4,288.396,3.142186,0.00546,0.0,252
1,0,1,1,0,0,1,0,0,0,0,1,4,0,3,ice_cif.y4m,315.15,315.848,1.218388,0.005993,0.0,28
1,0,1,0,0,1,1,0,0,1,1,1,8,15,3,ice_cif.y4m,35.75,36.01,0.5324,0.006004,0.0,139
1,0,1,0,0,1,0,0,0,0,0,1,1,5,0,ice_cif.y4m,30.84,31.52,0.969072,0.005481,0.0,158
1,1,1,0,1,0,1,1,0,1,0,1,8,5,3,ice_cif.y4m,21.0,21.008,0.052154,0.006237,0.0,152
1,0,1,1,0,0,1,0,0,1,0,0,2,0,6,ice_cif.y4m,318.44,318.578,3.687848,0.005992,0.0,12
1,1,1,0,1,0,0,1,0,0,0,1,4,15,3,ice_cif.y4m,21.26,21.24,0.189605,0.006111,0.0,294
1,1,1,0,1,0,0,1,0,0,0,1,8,15,3,ice_cif.y4m,21.07,21.068,0.017889,0.006111,0.0,154
1,1,1,1,0,0,0,1,0,1,0,0,2,15,6,ice_cif.y4m,346.98,346.976,0.132023,0.006033,0.0,157
1,0,1,1,0,0,1,0,0,1,1,1,2,0,3,ice_cif.y4m,317.11,317.086,0.056833,0.005993,0.0,150
1,1,1,0,1,0,1,1,0,0,1,0,8,0,6,ice_cif.y4m,21.04,21.014,0.055045,0.006233,0.0,287
1,0,1,0,1,0,0,0,0,1,1,0,1,0,3,ice_cif.y4m,13.37,13.498,0.338334,0.005497,0.0,297
1,0,1,0,0,1,0,0,0,1,1,0,8,15,0,ice_cif.y4m,31.5,31.296,0.411437,0.005485,0.0,263
1,1,1,0,1,0,0,1,0,1,1,1,1,5,3,ice_cif.y4m,21.04,21.03,0.064807,0.006127,0.0,255
1,0,1,1,0,0,0,0,0,1,1,0,8,15,3,ice_cif.y4m,286.74,286.744,0.128374,0.00546,0.0,115
1,0,1,0,0,1,1,0,0,1,0,1,4,15,3,ice_cif.y4m,35.73,35.718,0.037014,0.006004,0.0,188
1,0,1,0,0,1,1,0,0,0,0,1,8,0,6,ice_cif.y4m,36.21,36.23,0.280802,0.006004,0.0,212
1,0,1,1,0,0,1,0,0,0,0,1,1,15,3,ice_cif.y4m,315.16,315.12,0.105594,0.005993,0.0,195
1,0,1,0,1,0,0,0,0,0,1,1,2,15,0,ice_cif.y4m,13.31,13.374,0.194756,0.005478,0.0,119
1,0,1,1,0,0,0,0,0,1,0,1,4,15,0,ice_cif.y4m,286.16,287.18,1.598202,0.00546,0.0,58
1,0,1,0,1,0,1,0,0,1,0,1,4,0,6,ice_cif.y4m,15.92,15.962,0.181852,0.005992,0.0,277
1,0,1,0,1,0,1,0,0,0,1,1,4,5,6,ice_cif.y4m,16.11,16.044,0.149432,0.005992,0.0,64
1,1,1,0,1,0,1,1,0,1,0,0,2,0,0,ice_cif.y4m,21.03,21.028,0.029496,0.006233,0.0,285
1,1,1,0,1,0,1,1,0,1,0,0,4,0,0,ice_cif.y4m,21.08,21.296,0.545188,0.006233,0.0,290
1,0,1,1,0,0,0,0,0,1,0,1,8,5,6,ice_cif.y4m,292.99,293.084,6.942325,0.00546,0.0,196
1,1,1,1,0,0,1,0,1,1,1,1,1,0,0,ice_cif.y4m,308.3,308.374,0.216864,0.005903,0.0,93
1,0,1,1,0,0,1,0,0,0,1,1,4,5,6,ice_cif.y4m,330.86,324.53,8.713765,0.005993,0.0,299
1,0,1,1,0,0,0,0,0,1,0,0,2,5,0,ice_cif.y4m,288.7,288.666,0.238914,0.00546,0.0,125
1,1,1,0,1,0,0,1,0,1,0,1,2,15,6,ice_cif.y4m,21.13,21.136,0.04669,0.006098,0.0,21
1,0,1,0,1,0,0,0,0,1,0,1,2,0,0,ice_cif.y4m,13.35,13.322,0.082885,0.005478,0.0,225
1,0,1,0,1,0,0,0,0,1,0,0,2,5,0,mad900_cif.y4m,20.72,20.71,0.030822,0.001656,0.0,114
1,1,1,1,0,0,0,0,1,0,0,1,1,0,0,mad900_cif.y4m,572.04,571.97,0.178045,0.00156,0.0,281
1,1,1,1,0,0,0,1,0,1,1,0,2,5,0,mad900_cif.y4m,680.93,681.128,0.338556,0.001585,0.0,49
1,0,1,0,0,1,1,0,0,0,0,0,2,15,6,mad900_cif.y4m,60.15,60.084,0.160873,0.001707,0.0,194
1,0,1,1,0,0,0,0,0,0,0,0,2,0,6,mad900_cif.y4m,529.5,529.5,0.228145,0.001654,0.0,62
1,1,1,0,1,0,0,1,0,1,1,1,1,15,3,mad900_cif.y4m,29.51,29.498,0.054498,0.001597,0.0,91
1,0,1,0,0,1,1,0,0,0,0,0,4,0,6,mad900_cif.y4m,60.18,60.214,0.238495,0.001707,0.0,107
1,0,1,1,0,0,1,0,0,0,0,1,4,5,3,mad900_cif.y4m,556.95,557.062,0.210998,0.001686,0.0,181
1,0,1,0,1,0,1,0,0,0,0,0,4,5,0,mad900_cif.y4m,24.36,24.364,0.0251,0.001693,0.0,247
1,0,1,1,0,0,0,0,0,1,1,0,4,5,3,mad900_cif.y4m,526.57,526.504,0.293053,0.001654,0.0,166
1,0,1,0,0,1,0,0,0,0,1,1,4,0,0,mad900_cif.y4m,54.03,54.018,0.144465,0.001656,0.0,25
1,1,1,0,1,0,0,1,0,0,0,1,8,0,6,mad900_cif.y4m,30.44,30.466,0.095551,0.001584,0.0,203
1,1,1,1,0,0,1,1,0,1,1,1,4,5,6,mad900_cif.y4m,678.42,678.544,0.205499,0.001606,0.0,219
1,0,1,0,0,1,0,0,0,0,0,0,4,15,0,mad900_cif.y4m,53.71,53.674,0.152086,0.001655,0.0,162
1,0,1,1,0,0,1,0,0,0,1,0,4,15,6,mad900_cif.y4m,556.91,556.97,0.200375,0.001686,0.0,182
1,0,1,0,0,1,0,0,0,1,1,0,1,15,6,mad900_cif.y4m,54.12,54.128,0.097314,0.001655,0.0,10
1,1,1,1,0,0,1,1,0,1,1,1,2,15,0,mad900_cif.y4m,682.08,682.002,0.161307,0.00162,0.0,14
1,1,1,1,0,0,0,1,0,0,0,1,1,0,6,mad900_cif.y4m,648.42,648.41,0.272764,0.001589,0.0,89
1,1,1,1,0,0,0,1,0,1,1,1,1,5,0,mad900_cif.y4m,676.01,676.512,1.132064,0.001591,0.0,116
1,0,1,1,0,0,0,0,0,0,1,1,4,15,3,mad900_cif.y4m,530.21,530.032,0.279052,0.001654,0.0,217
1,1,1,0,1,0,0,1,0,0,1,0,1,0,0,mad900_cif.y4m,30.75,30.794,0.105262,0.001588,0.0,75
1,1,1,0,1,0,0,1,0,1,1,1,2,15,6,mad900_cif.y4m,29.35,29.386,0.219272,0.001596,0.0,266
1,0,1,1,0,0,1,0,0,0,1,1,4,15,3,mad900_cif.y4m,557.17,557.252,0.269666,0.001686,0.0,268
1,0,1,0,1,0,1,0,0,1,1,1,4,15,3,mad900_cif.y4m,24.42,24.432,0.135167,0.001698,0.0,187
1,0,1,0,0,1,1,0,0,0,1,0,8,15,3,mad900_cif.y4m,60.05,60.036,0.14758,0.001707,0.0,161
1,0,1,0,1,0,1,0,0,0,1,0,2,0,6,mad900_cif.y4m,24.41,24.442,0.089275,0.001693,0.0,23
1,1,1,1,0,0,0,1,0,1,1,0,2,5,6,mad900_cif.y4m,675.76,676.112,0.868545,0.001594,0.0,2
1,1,1,1,0,0,1,0,1,1,0,1,2,0,0,mad900_cif.y4m,610.46,610.55,0.330757,0.001598,0.0,16
1,0,1,1,0,0,0,0,0,1,1,1,8,15,0,mad900_cif.y4m,529.95,529.966,0.202188,0.001654,0.0,262
1,1,1,1,0,0,0,1,0,1,1,0,4,5,0,mad900_cif.y4m,681.38,681.354,0.187963,0.001585,0.0,66
1,0,1,1,0,0,0,0,0,1,0,0,2,0,0,mad900_cif.y4m,526.34,526.284,0.117175,0.001654,0.0,86
1,0,1,0,1,0,1,0,0,0,1,0,2,5,6,mad900_cif.y4m,24.41,24.422,0.072595,0.001693,0.0,231
1,0,1,0,1,0,0,0,0,0,0,0,4,5,0,mad900_cif.y4m,20.74,20.716,0.088487,0.001656,0.0,269
1,1,1,0,1,0,1,1,0,0,1,0,1,5,0,mad900_cif.y4m,30.06,30.062,0.094446,0.00162,0.0,180
1,0,1,0,0,1,0,0,0,0,1,0,4,5,6,mad900_cif.y4m,53.54,53.614,0.185553,0.001655,0.0,274
1,1,1,1,0,0,0,1,0,1,1,0,2,15,6,mad900_cif.y4m,668.89,669.012,0.276984,0.001593,0.0,184
1,0,1,0,0,1,1,0,0,0,0,1,4,5,0,mad900_cif.y4m,60.05,60.074,0.263875,0.001694,0.0,118
1,1,1,1,0,0,0,1,0,0,0,0,1,0,6,mad900_cif.y4m,648.44,648.418,0.098082,0.001587,0.0,254
1,0,1,1,0,0,1,0,0,0,1,1,4,5,0,mad900_cif.y4m,553.68,553.682,0.134981,0.001686,0.0,208
1,0,1,0,0,1,1,0,0,1,1,0,4,5,6,mad900_cif.y4m,60.16,60.176,0.10139,0.001707,0.0,279
1,1,1,1,0,0,0,1,0,0,1,1,4,15,3,mad900_cif.y4m,684.26,684.55,0.598665,0.001594,0.0,229
1,0,1,0,0,1,1,0,0,1,1,1,1,0,0,mad900_cif.y4m,60.09,60.142,0.159906,0.001694,0.0,46
1,0,1,0,0,1,0,0,0,1,1,1,4,5,6,mad900_cif.y4m,54.06,54.018,0.10895,0.001656,0.0,171
1,1,1,1,0,0,0,1,0,0,1,0,2,5,0,mad900_cif.y4m,681.15,681.156,0.161183,0.001585,0.0,99
1,0,1,0,0,1,0,0,0,0,0,0,8,0,0,mad900_cif.y4m,53.61,53.63,0.215523,0.001655,0.0,81
1,1,1,1,0,0,1,1,0,1,0,1,8,5,0,mad900_cif.y4m,688.6,688.71,0.403918,0.00162,0.0,155
1,0,1,0,1,0,0,0,0,1,0,1,1,15,6,mad900_cif.y4m,20.63,20.646,0.049295,0.001657,0.0,96
1,1,1,1,0,0,0,1,0,1,1,1,8,0,0,mad900_cif.y4m,648.63,648.59,0.224388,0.001589,0.0,218
1,1,1,1,0,0,1,1,0,1,1,0,8,0,6,mad900_cif.y4m,643.12,643.284,0.315959,0.001614,0.0,53
1,1,1,0,1,0,1,0,1,0,0,0,2,0,0,mad900_cif.y4m,24.19,24.226,0.079561,0.001605,0.0,109
1,0,1,0,1,0,0,0,0,0,1,0,4,5,6,mad900_cif.y4m,20.68,20.678,0.033466,0.001656,0.0,185
1,1,1,1,0,0,0,1,0,0,1,1,2,0,0,mad900_cif.y4m,648.76,648.634,0.315008,0.001589,0.0,239
1,0,1,1,0,0,0,0,0,0,0,1,2,0,0,mad900_cif.y4m,530.01,529.958,0.260135,0.001654,0.0,276
1,0,1,1,0,0,1,0,0,0,0,1,4,0,6,mad900_cif.y4m,553.5,553.456,0.208878,0.001686,0.0,257
1,0,1,0,0,1,0,0,0,1,1,0,1,5,0,mad900_cif.y4m,54.23,54.254,0.233302,0.001655,0.0,42
1,1,1,0,1,0,1,1,0,0,0,0,2,15,3,mad900_cif.y4m,28.76,28.746,0.115022,0.001606,0.0,204
1,0,1,1,0,0,1,0,0,1,0,1,2,15,6,mad900_cif.y4m,557.28,557.298,0.06261,0.001686,0.0,145
1,0,1,0,1,0,0,0,0,0,0,0,2,0,3,mad900_cif.y4m,20.71,20.738,0.067602,0.001656,0.0,246
1,1,1,1,0,0,0,1,0,0,1,1,8,0,0,mad900_cif.y4m,648.34,648.242,0.243865,0.001589,0.0,202
1,1,1,0,1,0,0,1,0,1,0,0,2,5,3,mad900_cif.y4m,30.53,30.54,0.096954,0.00159,0.0,70
1,0,1,0,1,0,0,0,0,0,1,0,1,5,3,mad900_cif.y4m,20.66,20.698,0.09576,0.001656,0.0,230
1,0,1,0,1,0,1,0,0,0,0,0,4,15,6,mad900_cif.y4m,24.45,24.444,0.105736,0.001693,0.0,267
1,1,1,1,0,0,1,1,0,0,0,1,8,5,3,mad900_cif.y4m,688.82,688.77,0.284693,0.0016,0.0,146
1,0,1,0,1,0,1,0,0,0,0,1,2,15,0,mad900_cif.y4m,24.43,24.424,0.039749,0.001698,0.0,27
1,0,1,0,1,0,1,0,0,0,1,1,8,0,3,mad900_cif.y4m,24.38,24.366,0.069138,0.001698,0.0,137
1,1,1,1,0,0,0,1,0,0,1,1,2,15,0,mad900_cif.y4m,678.19,678.052,0.207774,0.001592,0.0,189
1,1,1,0,1,0,1,1,0,1,0,0,4,15,0,mad900_cif.y4m,29.65,29.652,0.077266,0.001619,0.0,132
1,1,1,1,0,0,0,0,1,1,0,1,8,0,0,mad900_cif.y4m,568.43,568.354,0.115456,0.00156,0.0,169
1,0,1,0,0,1,0,0,0,0,0,0,1,5,6,mad900_cif.y4m,54.29,54.308,0.195243,0.001655,0.0,33
1,0,1,1,0,0,0,0,0,0,1,1,8,15,0,mad900_cif.y4m,530.1,530.028,0.178101,0.001654,0.0,205
1,0,1,1,0,0,0,0,0,1,0,1,2,0,0,mad900_cif.y4m,530.11,530.06,0.198368,0.001654,0.0,245
1,1,1,0,1,0,1,1,0,0,1,1,1,15,0,mad900_cif.y4m,29.58,29.59,0.048477,0.001622,0.0,298
1,0,1,1,0,0,1,0,0,1,1,0,2,5,6,mad900_cif.y4m,557.16,557.16,0.408473,0.001686,0.0,163
1,1,1,1,0,0,0,1,0,0,0,0,1,5,0,mad900_cif.y4m,681.41,681.758,1.052221,0.001585,0.0,123
1,0,1,0,0,1,1,0,0,1,0,0,4,15,0,mad900_cif.y4m,60.23,60.186,0.228101,0.001707,0.0,4
1,0,1,0,0,1,1,0,0,1,1,0,8,5,6,mad900_cif.y4m,60.14,60.09,0.146969,0.001707,0.0,141
1,1,1,0,1,0,0,1,0,1,0,0,8,5,6,mad900_cif.y4m,29.38,29.386,0.098133,0.001591,0.0,129
1,1,1,0,1,0,1,1,0,1,1,0,4,5,3,mad900_cif.y4m,29.11,29.114,0.107145,0.001601,0.0,159
1,0,1,0,0,1,1,0,0,1,0,0,1,0,0,mad900_cif.y4m,59.38,59.382,0.166193,0.001707,0.0,22
1,0,1,0,0,1,0,0,0,1,0,1,2,0,6,mad900_cif.y4m,53.88,53.874,0.076026,0.001656,0.0,175
1,1,1,1,0,0,0,1,0,1,1,1,8,5,6,mad900_cif.y4m,674.05,674.12,0.19105,0.001595,0.0,151
1,1,1,0,1,0,0,1,0,0,1,0,2,5,0,mad900_cif.y4m,30.98,30.98,0.107935,0.001586,0.0,52
1,0,1,0,0,1,0,0,0,0,0,1,4,0,3,mad900_cif.y4m,54.03,54.062,0.107098,0.001656,0.0,108
1,0,1,0,1,0,1,0,0,0,0,1,8,15,0,mad900_cif.y4m,24.37,24.36,0.043589,0.001698,0.0,72
1,0,1,1,0,0,1,0,0,1,1,0,8,0,6,mad900_cif.y4m,557.05,557.264,0.807608,0.001686,0.0,248
1,1,1,1,0,0,1,1,0,1,1,0,8,5,6,mad900_cif.y4m,685.63,685.518,0.202163,0.001602,0.0,174
1,0,1,1,0,0,1,0,0,1,1,1,8,0,3,mad900_cif.y4m,553.6,553.642,0.237213,0.001686,0.0,130
1,1,1,0,1,0,1,1,0,1,1,1,8,15,0,mad900_cif.y4m,29.59,29.596,0.061887,0.001622,0.0,168
1,0,1,0,0,1,1,0,0,1,0,1,8,0,6,mad900_cif.y4m,60.23,60.202,0.156589,0.001694,0.0,198
1,0,1,0,0,1,1,0,0,1,1,0,1,0,3,mad900_cif.y4m,60.15,60.11,0.107935,0.001707,0.0,83
1,1,1,1,0,0,1,1,0,0,1,0,1,0,3,mad900_cif.y4m,643.23,643.212,0.218449,0.001614,0.0,291
1,0,1,0,1,0,0,0,0,1,1,0,1,0,6,mad900_cif.y4m,20.67,20.67,0.025495,0.001656,0.0,237
1,0,1,0,0,1,0,0,0,1,1,1,2,15,3,mad900_cif.y4m,53.97,53.98,0.132853,0.001656,0.0,90
1,1,1,1,0,0,1,1,0,0,0,1,1,15,0,mad900_cif.y4m,681.53,681.57,0.230976,0.00162,0.0,87
1,0,1,1,0,0,1,0,0,1,0,0,1,5,0,mad900_cif.y4m,557.15,557.15,0.183984,0.001686,0.0,74
1,0,1,0,0,1,0,0,0,1,0,0,2,0,3,mad900_cif.y4m,54.1,54.176,0.226119,0.001655,0.0,201
1,0,1,0,1,0,0,0,0,1,0,1,1,0,0,mad900_cif.y4m,20.58,20.606,0.054129,0.001657,0.0,183
1,0,1,1,0,0,0,0,0,0,0,0,4,0,6,mad900_cif.y4m,526.32,526.412,0.194088,0.001654,0.0,227
1,1,1,0,1,0,1,1,0,0,0,0,1,15,6,mad900_cif.y4m,28.91,28.918,0.094974,0.001619,0.0,222
1,0,1,0,0,1,0,0,0,0,1,0,8,0,6,mad900_cif.y4m,54.27,54.208,0.202163,0.001655,0.0,55
1,0,1,1,0,0,0,0,0,0,1,1,2,5,0,mad900_cif.y4m,530.13,530.096,0.112606,0.001654,0.0,142
1,0,1,1,0,0,1,0,0,1,0,1,1,5,6,mad900_cif.y4m,557.13,557.152,0.198796,0.001686,0.0,124
1,0,1,1,0,0,1,0,0,0,0,0,8,0,0,mad900_cif.y4m,557.22,557.16,0.282046,0.001686,0.0,95
1,0,1,1,0,0,1,0,0,1,0,0,2,15,0,mad900_cif.y4m,553.57,554.504,1.390532,0.001686,0.0,241
1,0,1,0,1,0,0,0,0,0,1,1,1,5,3,mad900_cif.y4m,20.63,20.658,0.058052,0.001657,0.0,289
1,0,1,1,0,0,1,0,0,1,1,0,1,5,0,mad900_cif.y4m,553.57,553.602,0.299032,0.001686,0.0,278
1,1,1,0,1,0,0,1,0,1,1,0,1,0,6,mad900_cif.y4m,30.88,30.866,0.08961,0.001588,0.0,176
1,0,1,0,0,1,1,0,0,0,1,0,8,5,0,mad900_cif.y4m,59.47,59.488,0.156908,0.001707,0.0,122
1,0,1,0,0,1,0,0,0,0,1,0,4,0,6,mad900_cif.y4m,53.72,53.642,0.176125,0.001655,0.0,30
1,1,1,0,1,0,0,1,0,0,0,0,2,0,6,mad900_cif.y4m,30.8,30.804,0.065803,0.001588,0.0,251
1,0,1,1,0,0,0,0,0,0,0,1,1,0,0,mad900_cif.y4m,529.94,530.062,0.256457,0.001654,0.0,120
1,0,1,1,0,0,0,0,0,0,0,1,2,15,6,mad900_cif.y4m,530.22,530.344,0.360943,0.001654,0.0,144
1,0,1,0,1,0,1,0,0,0,0,0,1,0,3,mad900_cif.y4m,24.36,24.348,0.035637,0.001693,0.0,265
1,1,1,0,1,0,0,1,0,0,1,0,2,0,6,mad900_cif.y4m,30.74,30.798,0.117983,0.001588,0.0,260
1,1,1,0,1,0,0,1,0,0,0,1,1,0,3,mad900_cif.y4m,30.2,30.24,0.073824,0.001584,0.0,78
1,0,1,0,1,0,0,0,0,0,1,1,8,15,3,mad900_cif.y4m,20.43,20.408,0.083487,0.001657,0.0,84
1,0,1,1,0,0,1,0,0,1,0,0,4,15,3,mad900_cif.y4m,557.39,557.268,0.260806,0.001686,0.0,296
1,0,1,0,0,1,0,0,0,0,0,1,2,5,6,mad900_cif.y4m,54.06,54.04,0.102713,0.001656,0.0,232
1,0,1,0,0,1,1,0,0,0,1,0,4,15,6,mad900_cif.y4m,59.47,59.466,0.090719,0.001707,0.0,213
1,1,1,0,1,0,0,1,0,0,1,1,8,15,3,mad900_cif.y4m,29.53,29.51,0.123491,0.001597,0.0,94
1,0,1,0,1,0,0,0,0,0,1,1,1,5,0,mad900_cif.y4m,20.64,20.644,0.063482,0.001657,0.0,178
1,0,1,1,0,0,1,0,0,1,0,0,4,0,0,mad900_cif.y4m,557.18,557.112,0.22421,0.001686,0.0,127
1,1,1,0,1,0,1,1,0,0,1,0,8,5,6,mad900_cif.y4m,28.81,28.802,0.027749,0.001598,0.0,111
1,0,1,0,1,0,0,0,0,0,0,1,1,0,6,mad900_cif.y4m,20.65,20.658,0.084971,0.001657,0.0,92
1,1,1,1,0,0,0,1,0,0,1,0,8,15,6,mad900_cif.y4m,669.33,669.394,0.191128,0.001593,0.0,54
1,0,1,0,0,1,0,0,0,0,0,1,2,15,0,mad900_cif.y4m,53.92,53.906,0.12661,0.001656,0.0,45
1,0,1,1,0,0,0,0,0,1,0,0,4,0,6,mad900_cif.y4m,529.25,529.334,0.25706,0.001654,0.0,226
1,1,1,1,0,0,1,1,0,1,0,0,8,5,0,mad900_cif.y4m,681.94,682.114,0.563498,0.001608,0.0,200
1,0,1,0,0,1,1,0,0,1,0,1,8,5,6,mad900_cif.y4m,60.02,59.972,0.151559,0.001694,0.0,59
1,1,1,0,1,0,1,0,1,0,0,1,2,0,0,mad900_cif.y4m,24.33,24.328,0.076942,0.001601,0.0,19
1,1,1,1,0,0,0,1,0,1,0,0,2,15,0,mad900_cif.y4m,687.07,687.156,0.221201,0.001589,0.0,47
1,1,1,0,1,0,1,1,0,0,0,1,4,5,6,mad900_cif.y4m,29.2,29.188,0.121326,0.001603,0.0,32
1,1,1,0,1,0,0,1,0,1,0,0,1,5,6,mad900_cif.y4m,29.75,29.752,0.043243,0.001591,0.0,170
1,0,1,0,0,1,0,0,0,1,1,0,1,15,0,mad900_cif.y4m,54.25,54.242,0.072595,0.001655,0.0,270
1,0,1,1,0,0,1,0,0,1,0,1,4,15,6,mad900_cif.y4m,557.1,557.118,0.127358,0.001686,0.0,207
1,1,1,0,1,0,0,1,0,1,1,1,1,5,6,mad900_cif.y4m,29.68,29.686,0.083546,0.00159,0.0,43
1,0,1,0,1,0,1,0,0,0,1,1,1,0,3,mad900_cif.y4m,24.44,24.446,0.097877,0.001698,0.0,40
1,1,1,0,1,0,0,1,0,0,1,1,1,5,3,mad900_cif.y4m,29.99,29.98,0.096177,0.001593,0.0,117
1,0,1,0,0,1,0,0,0,0,1,0,8,15,6,mad900_cif.y4m,54.24,54.176,0.145362,0.001655,0.0,253
1,0,1,1,0,0,0,0,0,1,0,0,1,15,3,mad900_cif.y4m,529.58,529.49,0.281247,0.001654,0.0,68
1,1,1,1,0,0,0,1,0,1,1,1,1,15,6,mad900_cif.y4m,665.78,665.886,0.474637,0.001594,0.0,186
1,1,1,0,1,0,1,1,0,0,0,1,8,15,3,mad900_cif.y4m,28.77,28.744,0.10761,0.001612,0.0,288
1,1,1,0,1,0,0,1,0,0,0,0,2,0,0,mad900_cif.y4m,30.77,30.752,0.100598,0.001588,0.0,15
1,0,1,1,0,0,0,0,0,0,1,1,2,15,3,mad900_cif.y4m,529.99,530.116,0.416989,0.001654,0.0,82
1,1,1,1,0,0,0,1,0,0,0,0,4,15,6,mad900_cif.y4m,668.9,668.884,0.14188,0.001593,0.0,211
1,0,1,0,1,0,1,0,0,1,1,1,8,15,6,mad900_cif.y4m,24.33,24.354,0.059414,0.001698,0.0,177
1,1,1,0,1,0,0,1,0,1,1,1,2,5,3,mad900_cif.y4m,29.77,29.738,0.093113,0.001593,0.0,210
1,0,1,1,0,0,0,0,0,1,1,1,2,0,3,mad900_cif.y4m,530.38,530.614,0.748852,0.001654,0.0,13
1,0,1,0,1,0,1,0,0,0,0,1,2,15,3,mad900_cif.y4m,24.39,24.376,0.04219,0.001698,0.0,228
1,0,1,0,1,0,1,0,0,1,1,0,4,5,3,mad900_cif.y4m,24.45,24.452,0.073959,0.001693,0.0,38
1,1,1,1,0,0,0,1,0,0,0,1,4,15,6,mad900_cif.y4m,666.02,665.872,0.362588,0.001594,0.0,29
1,1,1,1,0,0,1,0,1,1,0,0,8,0,0,mad900_cif.y4m,608.84,608.806,0.224009,0.001605,0.0,24
1,1,1,1,0,0,0,1,0,0,0,0,8,5,6,mad900_cif.y4m,672.33,672.922,1.534575,0.001594,0.0,293
1,1,1,1,0,0,0,1,0,0,1,0,2,5,6,mad900_cif.y4m,671.8,671.826,0.153883,0.001594,0.0,67
1,1,1,0,1,0,0,1,0,1,0,1,2,5,0,mad900_cif.y4m,30.54,30.562,0.128725,0.001588,0.0,199
1,0,1,0,0,1,1,0,0,1,1,0,8,15,3,mad900_cif.y4m,60.19,60.216,0.159468,0.001707,0.0,244
1,0,1,0,0,1,1,0,0,0,0,0,8,15,0,mad900_cif.y4m,60.18,60.166,0.122393,0.001707,0.0,80
1,1,1,1,0,0,1,1,0,1,1,1,2,0,3,mad900_cif.y4m,645.93,645.834,0.357043,0.001622,0.0,223
1,1,1,0,1,0,1,1,0,0,1,0,8,5,0,mad900_cif.y4m,30.14,30.14,0.11068,0.00162,0.0,121
1,0,1,1,0,0,1,0,0,0,0,0,8,5,3,mad900_cif.y4m,557.01,557.114,0.192821,0.001686,0.0,261
1,0,1,1,0,0,1,0,0,1,1,0,1,5,6,mad900_cif.y4m,556.89,557.106,0.359068,0.001686,0.0,156
1,1,1,1,0,0,0,1,0,0,1,0,4,15,3,mad900_cif.y4m,678.84,678.876,0.228976,0.001594,0.0,271
1,1,1,1,0,0,1,1,0,1,0,0,2,15,3,mad900_cif.y4m,674.13,674.166,0.071624,0.001603,0.0,9
1,1,1,1,0,0,1,1,0,1,0,1,1,0,0,mad900_cif.y4m,646.12,646.024,0.390487,0.001622,0.0,165
1,0,1,0,0,1,1,0,0,1,0,0,1,15,6,mad900_cif.y4m,59.6,59.432,0.245906,0.001707,0.0,126
1,0,1,1,0,0,1,0,0,1,1,1,8,5,0,mad900_cif.y4m,557.23,557.184,0.232228,0.001686,0.0,280
1,0,1,1,0,0,0,0,0,1,1,0,2,5,3,mad900_cif.y4m,529.35,529.486,0.226119,0.001654,0.0,172
1,0,1,0,1,0,1,0,0,0,0,0,1,15,6,mad900_cif.y4m,24.17,24.166,0.04827,0.001693,0.0,292
1,0,1,0,0,1,0,0,0,1,0,1,1,0,3,mad900_cif.y4m,54.03,54.012,0.133679,0.001656,0.0,179
1,0,1,0,0,1,1,0,0,1,0,1,2,0,3,mad900_cif.y4m,60.05,60.06,0.085732,0.001694,0.0,272
1,0,1,0,0,1,1,0,0,0,1,0,4,5,0,mad900_cif.y4m,60.16,60.132,0.12276,0.001707,0.0,105
1,0,1,0,1,0,0,0,0,0,0,0,1,0,3,mad900_cif.y4m,20.78,20.76,0.054314,0.001656,0.0,76
1,0,1,1,0,0,1,0,0,0,1,0,4,15,3,mad900_cif.y4m,553.44,553.382,0.25223,0.001686,0.0,197
1,1,1,1,0,0,1,1,0,0,1,0,1,15,0,mad900_cif.y4m,694.39,694.34,0.180693,0.001615,0.0,221
1,1,1,1,0,0,1,1,0,0,1,0,8,15,6,mad900_cif.y4m,675.0,675.064,0.152905,0.001585,0.0,167
1,1,1,0,1,0,0,1,0,1,0,1,4,15,6,mad900_cif.y4m,29.31,29.324,0.106442,0.001596,0.0,136
1,1,1,1,0,0,0,1,0,1,0,1,8,15,6,mad900_cif.y4m,665.59,665.784,0.356272,0.001594,0.0,243
1,0,1,0,1,0,0,0,0,1,0,1,8,15,6,mad900_cif.y4m,20.65,20.638,0.08228,0.001657,0.0,60
1,0,1,1,0,0,0,0,0,1,0,1,2,0,6,mad900_cif.y4m,530.02,530.02,0.199625,0.001654,0.0,110
1,1,1,1,0,0,1,1,0,1,0,0,1,15,6,mad900_cif.y4m,674.91,674.872,0.293547,0.001585,0.0,35
1,0,1,1,0,0,1,0,0,0,1,1,2,5,6,mad900_cif.y4m,557.39,557.404,0.199449,0.001686,0.0,235
1,0,1,1,0,0,0,0,0,1,0,0,1,0,3,mad900_cif.y4m,529.63,529.892,0.767574,0.001654,0.0,44
1,1,1,0,1,0,1,1,0,0,1,0,4,15,3,mad900_cif.y4m,28.74,28.764,0.061887,0.001606,0.0,256
1,0,1,0,0,1,0,0,0,0,1,1,8,0,0,mad900_cif.y4m,54.0,53.974,0.101637,0.001656,0.0,192
1,0,1,0,1,0,0,0,0,0,1,1,2,0,0,mad900_cif.y4m,20.74,20.708,0.100598,0.001657,0.0,41
1,0,1,1,0,0,0,0,0,0,1,0,4,5,0,mad900_cif.y4m,530.11,530.462,0.920799,0.001654,0.0,37
1,0,1,0,0,1,0,0,0,0,0,0,4,5,0,mad900_cif.y4m,54.15,54.204,0.156301,0.001655,0.0,26
1,1,1,1,0,0,0,1,0,0,0,0,1,0,3,mad900_cif.y4m,648.48,648.374,0.221653,0.001587,0.0,273
1,1,1,1,0,0,1,1,0,0,0,1,1,5,6,mad900_cif.y4m,679.97,679.74,0.562361,0.001606,0.0,233
1,1,1,0,1,0,1,1,0,0,1,1,8,0,0,mad900_cif.y4m,30.42,30.388,0.075631,0.001624,0.0,101
1,0,1,1,0,0,0,0,0,0,0,1,2,5,3,mad900_cif.y4m,530.17,530.36,0.711688,0.001654,0.0,39
1,1,1,0,1,0,0,1,0,0,0,1,1,15,0,mad900_cif.y4m,30.73,30.68,0.112472,0.001597,0.0,106
1,1,1,0,1,0,0,0,1,1,0,0,1,0,0,mad900_cif.y4m,23.7,23.662,0.095237,0.001558,0.0,242
1,1,1,1,0,0,1,1,0,0,1,0,2,15,0,mad900_cif.y4m,694.52,694.522,0.360375,0.001615,0.0,193
1,0,1,0,1,0,1,0,0,0,1,0,1,15,6,mad900_cif.y4m,24.48,24.452,0.097314,0.001693,0.0,103
1,1,1,0,1,0,0,1,0,1,1,1,8,5,6,mad900_cif.y4m,29.6,29.628,0.07823,0.00159,0.0,1
1,0,1,1,0,0,0,0,0,1,1,1,1,0,0,mad900_cif.y4m,529.98,530.016,0.112383,0.001654,0.0,61
1,1,1,1,0,0,0,0,1,0,0,0,2,0,0,mad900_cif.y4m,573.83,573.886,0.183929,0.00155,0.0,56
1,1,1,0,1,0,0,1,0,0,1,0,8,15,3,mad900_cif.y4m,29.96,29.96,0.086313,0.001595,0.0,148
1,0,1,0,1,0,0,0,0,1,0,1,2,5,0,mad900_cif.y4m,20.64,20.612,0.067602,0.001657,0.0,112
1,0,1,0,1,0,1,0,0,0,1,0,8,15,3,mad900_cif.y4m,24.39,24.38,0.091924,0.001693,0.0,300
1,0,1,0,1,0,0,0,0,1,1,0,4,15,0,mad900_cif.y4m,20.69,20.73,0.079057,0.001656,0.0,249
1,0,1,0,1,0,0,0,0,0,0,1,2,0,0,mad900_cif.y4m,20.41,20.39,0.061237,0.001657,0.0,20
1,1,1,1,0,0,1,1,0,1,0,1,1,5,0,mad900_cif.y4m,688.53,689.044,1.226369,0.00162,0.0,104
1,1,1,1,0,0,0,1,0,1,1,1,8,15,6,mad900_cif.y4m,661.94,661.984,0.08735,0.001594,0.0,131
1,0,1,1,0,0,0,0,0,0,0,0,2,0,3,mad900_cif.y4m,529.47,529.758,0.781774,0.001654,0.0,69
1,0,1,0,1,0,1,0,0,0,0,0,2,0,3,mad900_cif.y4m,24.41,24.422,0.109864,0.001693,0.0,220
1,1,1,1,0,0,1,1,0,1,1,1,8,15,6,mad900_cif.y4m,684.96,684.89,0.33219,0.001593,0.0,11
1,1,1,1,0,0,1,1,0,1,0,0,4,15,6,mad900_cif.y4m,678.72,678.756,0.552567,0.001585,0.0,258
1,0,1,0,1,0,1,0,0,0,0,0,2,15,3,mad900_cif.y4m,24.44,24.464,0.080808,0.001693,0.0,65
1,0,1,0,0,1,1,0,0,0,0,0,2,15,0,mad900_cif.y4m,60.25,60.2,0.139821,0.001707,0.0,160
1,0,1,0,0,1,1,0,0,0,0,0,8,0,0,mad900_cif.y4m,60.12,60.184,0.11908,0.001707,0.0,238
1,1,1,1,0,0,0,1,0,0,0,0,4,0,0,mad900_cif.y4m,648.15,648.23,0.140712,0.001587,0.0,57
1,1,1,0,1,0,0,1,0,1,0,1,2,0,0,mad900_cif.y4m,30.49,30.51,0.123085,0.001584,0.0,79
1,0,1,0,1,0,1,0,0,0,1,0,4,15,3,mad900_cif.y4m,24.54,24.538,0.134052,0.001693,0.0,224
1,1,1,0,1,0,0,1,0,1,0,0,2,0,3,mad900_cif.y4m,30.78,30.778,0.088431,0.001588,0.0,48
1,0,1,0,1,0,1,0,0,0,0,1,8,0,6,mad900_cif.y4m,24.43,24.442,0.058907,0.001698,0.0,173
1,1,1,1,0,0,1,1,0,0,1,1,1,0,0,mad900_cif.y4m,646.04,646.02,0.315674,0.001622,0.0,283
1,0,1,0,1,0,0,0,0,0,0,0,1,0,6,mad900_cif.y4m,20.76,20.742,0.069426,0.001656,0.0,190
1,0,1,0,1,0,1,0,0,1,1,1,4,0,6,mad900_cif.y4m,24.37,24.37,0.136565,0.001698,0.0,259
1,0,1,1,0,0,0,0,0,0,0,1,1,15,3,mad900_cif.y4m,530.32,530.372,0.323296,0.001654,0.0,7
1,0,1,0,0,1,0,0,0,0,0,1,2,5,0,mad900_cif.y4m,54.02,53.994,0.142056,0.001656,0.0,73
1,1,1,1,0,0,1,1,0,0,0,0,2,0,6,mad900_cif.y4m,643.36,643.312,0.23952,0.001614,0.0,63
1,0,1,0,0,1,1,0,0,1,1,0,2,15,3,mad900_cif.y4m,60.01,60.054,0.199575,0.001707,0.0,284
1,0,1,1,0,0,1,0,0,1,0,1,8,15,6,mad900_cif.y4m,557.2,557.146,0.334186,0.001686,0.0,250
1,1,1,0,1,0,0,1,0,0,0,0,2,5,0,mad900_cif.y4m,31.0,30.984,0.08735,0.001586,0.0,209
1,0,1,0,1,0,1,0,0,0,0,1,4,5,3,mad900_cif.y4m,24.37,24.368,0.102078,0.001698,0.0,138
1,1,1,1,0,0,0,0,1,1,1,0,1,0,0,mad900_cif.y4m,574.04,574.036,0.170968,0.00155,0.0,135
1,1,1,1,0,0,1,1,0,1,1,0,4,5,3,mad900_cif.y4m,682.17,682.164,0.181879,0.001606,0.0,264
1,1,1,1,0,0,0,1,0,1,1,0,2,0,6,mad900_cif.y4m,644.96,644.904,0.281922,0.001587,0.0,215
1,0,1,0,0,1,0,0,0,0,1,1,4,5,3,mad900_cif.y4m,53.97,53.94,0.169263,0.001656,0.0,50
1,0,1,1,0,0,0,0,0,1,1,0,4,0,6,mad900_cif.y4m,529.45,529.482,0.102078,0.001654,0.0,98
1,1,1,1,0,0,0,1,0,1,1,0,1,15,0,mad900_cif.y4m,686.5,686.592,0.495651,0.001589,0.0,140
1,1,1,1,0,0,0,1,0,0,1,1,1,0,3,mad900_cif.y4m,648.67,648.652,0.169322,0.001589,0.0,113
1,0,1,0,1,0,1,0,0,1,1,0,1,0,6,mad900_cif.y4m,24.17,24.158,0.055857,0.001693,0.0,3
1,0,1,0,0,1,0,0,0,1,1,1,8,0,0,mad900_cif.y4m,54.03,53.994,0.187163,0.001656,0.0,149
1,0,1,1,0,0,0,0,0,0,1,1,8,5,6,mad900_cif.y4m,530.33,530.31,0.373832,0.001654,0.0,153
1,1,1,1,0,0,1,1,0,1,1,0,2,15,6,mad900_cif.y4m,678.49,678.408,0.269295,0.001585,0.0,133
1,0,1,1,0,0,0,0,0,0,0,0,1,0,3,mad900_cif.y4m,529.53,529.43,0.184255,0.001654,0.0,191
1,1,1,0,1,0,0,1,0,1,0,1,1,0,6,mad900_cif.y4m,30.59,30.572,0.085849,0.001584,0.0,100
1,0,1,1,0,0,1,0,0,0,1,0,4,0,3,mad900_cif.y4m,553.36,553.358,0.147037,0.001686,0.0,85
1,0,1,0,0,1,1,0,0,0,0,0,2,0,3,mad900_cif.y4m,60.11,60.104,0.131072,0.001707,0.0,88
1,0,1,0,1,0,1,0,0,1,1,0,4,15,6,mad900_cif.y4m,24.38,24.394,0.073348,0.001693,0.0,31
1,0,1,0,0,1,1,0,0,0,0,0,4,5,3,mad900_cif.y4m,60.1,60.112,0.179081,0.001707,0.0,134
1,1,1,0,1,0,1,1,0,1,1,1,8,0,3,mad900_cif.y4m,30.32,30.306,0.102127,0.001624,0.0,147
1,1,1,1,0,0,0,1,0,0,1,1,4,15,6,mad900_cif.y4m,666.17,666.188,0.292694,0.001594,0.0,275
1,0,1,0,0,1,1,0,0,0,1,0,4,15,3,mad900_cif.y4m,60.19,60.224,0.18636,0.001707,0.0,143
1,1,1,0,1,0,1,1,0,1,0,0,1,5,6,mad900_cif.y4m,28.84,28.84,0.087464,0.001598,0.0,8
1,1,1,1,0,0,1,1,0,0,1,1,4,5,3,mad900_cif.y4m,688.56,688.604,0.309322,0.0016,0.0,216
1,0,1,1,0,0,1,0,0,1,0,0,1,0,3,mad900_cif.y4m,557.13,557.276,0.280321,0.001686,0.0,214
1,0,1,0,0,1,0,0,0,0,0,0,1,5,0,mad900_cif.y4m,53.66,53.66,0.133041,0.001655,0.0,17
1,0,1,0,0,1,1,0,0,0,0,0,1,5,0,mad900_cif.y4m,60.19,60.118,0.233495,0.001707,0.0,206
1,0,1,0,1,0,0,0,0,1,1,1,8,15,0,mad900_cif.y4m,20.64,20.622,0.067602,0.001657,0.0,36
1,1,1,0,1,0,1,1,0,0,0,0,4,15,3,mad900_cif.y4m,28.73,28.726,0.0498,0.001606,0.0,6
1,0,1,1,0,0,1,0,0,0,0,1,1,0,6,mad900_cif.y4m,553.36,553.402,0.321279,0.001686,0.0,5
1,0,1,1,0,0,1,0,0,0,0,0,8,15,6,mad900_cif.y4m,557.15,557.2,0.267301,0.001686,0.0,164
1,0,1,0,0,1,0,0,0,1,0,0,8,0,6,mad900_cif.y4m,54.3,54.228,0.118617,0.001655,0.0,97
1,0,1,1,0,0,0,0,0,0,1,0,2,5,3,mad900_cif.y4m,529.53,529.698,0.476414,0.001654,0.0,236
1,1,1,0,1,0,1,1,0,0,0,0,8,5,0,mad900_cif.y4m,30.14,30.114,0.073007,0.00162,0.0,71
1,1,1,0,1,0,1,1,0,1,0,1,2,0,3,mad900_cif.y4m,30.38,30.392,0.092574,0.001624,0.0,295
1,0,1,1,0,0,1,0,0,1,1,0,8,5,3,mad900_cif.y4m,556.99,557.052,0.333946,0.001686,0.0,286
1,0,1,0,1,0,0,0,0,0,0,1,1,5,0,mad900_cif.y4m,20.63,20.64,0.061644,0.001657,0.0,34
1,0,1,0,1,0,1,0,0,1,1,1,1,5,3,mad900_cif.y4m,24.35,24.38,0.055678,0.001698,0.0,240
1,0,1,0,0,1,1,0,0,0,0,1,4,15,3,mad900_cif.y4m,60.2,60.178,0.161926,0.001694,0.0,18
1,0,1,0,1,0,0,0,0,0,1,0,8,0,6,mad900_cif.y4m,20.74,20.746,0.0251,0.001656,0.0,102
1,1,1,1,0,0,1,0,1,0,1,0,4,0,0,mad900_cif.y4m,608.84,608.828,0.139714,0.001605,0.0,51
1,1,1,1,0,0,1,1,0,0,0,1,4,15,6,mad900_cif.y4m,684.94,684.988,0.200175,0.001593,0.0,282
1,0,1,0,1,0,1,0,0,1,1,1,1,0,3,mad900_cif.y4m,24.37,24.406,0.110136,0.001698,0.0,77
1,0,1,1,0,0,1,0,0,0,1,0,2,0,3,mad900_cif.y4m,553.58,553.516,0.247447,0.001686,0.0,128
1,1,1,0,1,0,1,1,0,0,0,0,2,5,3,mad900_cif.y4m,28.96,28.942,0.07823,0.001601,0.0,234
1,0,1,1,0,0,0,0,0,0,1,1,1,0,0,mad900_cif.y4m,526.74,526.692,0.17427,0.001654,0.0,252
1,0,1,1,0,0,1,0,0,0,0,1,4,0,3,mad900_cif.y4m,556.91,556.996,0.25501,0.001686,0.0,28
1,0,1,0,0,1,1,0,0,1,1,1,8,15,3,mad900_cif.y4m,59.92,59.978,0.230152,0.001694,0.0,139
1,0,1,0,0,1,0,0,0,0,0,1,1,5,0,mad900_cif.y4m,53.89,53.9,0.168077,0.001656,0.0,158
1,1,1,0,1,0,1,1,0,1,0,1,8,5,3,mad900_cif.y4m,29.38,29.36,0.097724,0.001611,0.0,152
1,0,1,1,0,0,1,0,0,1,0,0,2,0,6,mad900_cif.y4m,557.21,557.11,0.379671,0.001686,0.0,12
1,1,1,0,1,0,0,1,0,0,0,1,4,15,3,mad900_cif.y4m,29.12,29.14,0.08,0.001597,0.0,294
1,1,1,0,1,0,0,1,0,0,0,1,8,15,3,mad900_cif.y4m,29.47,29.48,0.087178,0.001597,0.0,154
1,1,1,1,0,0,0,1,0,1,0,0,2,15,6,mad900_cif.y4m,669.16,669.3,0.412735,0.001593,0.0,157
1,0,1,1,0,0,1,0,0,1,1,1,2,0,3,mad900_cif.y4m,557.06,557.24,0.288877,0.001686,0.0,150
1,1,1,0,1,0,1,1,0,0,1,0,8,0,6,mad900_cif.y4m,29.7,29.716,0.070922,0.001625,0.0,287
1,0,1,0,1,0,0,0,0,1,1,0,1,0,3,mad900_cif.y4m,20.68,20.708,0.068702,0.001656,0.0,297
1,0,1,0,0,1,0,0,0,1,1,0,8,15,0,mad900_cif.y4m,54.29,54.24,0.16171,0.001655,0.0,263
1,1,1,0,1,0,0,1,0,1,1,1,1,5,3,mad900_cif.y4m,29.98,29.992,0.092574,0.001593,0.0,255
1,0,1,1,0,0,0,0,0,1,1,0,8,15,3,mad900_cif.y4m,529.62,529.658,0.181439,0.001654,0.0,115
1,0,1,0,0,1,1,0,0,1,0,1,4,15,3,mad900_cif.y4m,60.07,60.12,0.2,0.001694,0.0,188
1,0,1,0,0,1,1,0,0,0,0,1,8,0,6,mad900_cif.y4m,60.03,60.07,0.099247,0.001694,0.0,212
1,0,1,1,0,0,1,0,0,0,0,1,1,15,3,mad900_cif.y4m,557.28,557.236,0.143631,0.001686,0.0,195
1,0,1,0,1,0,0,0,0,0,1,1,2,15,0,mad900_cif.y4m,20.61,20.618,0.057619,0.001657,0.0,119
1,0,1,1,0,0,0,0,0,1,0,1,4,15,0,mad900_cif.y4m,529.9,529.95,0.211778,0.001654,0.0,58
1,0,1,0,1,0,1,0,0,1,0,1,4,0,6,mad900_cif.y4m,24.4,24.398,0.073959,0.001698,0.0,277
1,0,1,0,1,0,1,0,0,0,1,1,4,5,6,mad900_cif.y4m,24.39,24.398,0.078549,0.001698,0.0,64
1,1,1,0,1,0,1,1,0,1,0,0,2,0,0,mad900_cif.y4m,29.33,29.362,0.080747,0.001625,0.0,285
1,1,1,0,1,0,1,1,0,1,0,0,4,0,0,mad900_cif.y4m,29.48,29.492,0.09471,0.001625,0.0,290
1,0,1,1,0,0,0,0,0,1,0,1,8,5,6,mad900_cif.y4m,529.93,529.982,0.198922,0.001654,0.0,196
1,1,1,1,0,0,1,0,1,1,1,1,1,0,0,mad900_cif.y4m,610.25,610.26,0.124298,0.001598,0.0,93
1,0,1,1,0,0,1,0,0,0,1,1,4,5,6,mad900_cif.y4m,557.2,557.134,0.239123,0.001686,0.0,299
1,0,1,1,0,0,0,0,0,1,0,0,2,5,0,mad900_cif.y4m,529.5,529.56,0.162327,0.001654,0.0,125
1,1,1,0,1,0,0,1,0,1,0,1,2,15,6,mad900_cif.y4m,29.26,29.27,0.114673,0.001596,0.0,21
1,0,1,0,1,0,0,0,0,1,0,1,2,0,0,mad900_cif.y4m,20.7,20.688,0.051672,0.001657,0.0,225
1,0,1,0,1,0,0,0,0,1,0,0,2,5,0,mobile_cif.y4m,41.5,41.476,0.127004,0.006441,0.0,114
1,1,1,1,0,0,0,0,1,0,0,1,1,0,0,mobile_cif.y4m,580.2,580.234,0.194242,0.004636,0.0,281
1,1,1,1,0,0,0,1,0,1,1,0,2,5,0,mobile_cif.y4m,696.5,696.494,0.36122,0.004614,0.0,49
1,0,1,0,0,1,1,0,0,0,0,0,2,15,6,mobile_cif.y4m,73.95,73.998,0.196901,0.005981,0.0,194
1,0,1,1,0,0,0,0,0,0,0,0,2,0,6,mobile_cif.y4m,560.47,560.49,0.333766,0.006477,0.0,62
1,1,1,0,1,0,0,1,0,1,1,1,1,15,3,mobile_cif.y4m,64.94,64.908,0.12518,0.004618,0.0,91
1,0,1,0,0,1,1,0,0,0,0,0,4,0,6,mobile_cif.y4m,74.95,75.014,0.268198,0.005981,0.0,107
1,0,1,1,0,0,1,0,0,0,0,1,4,5,3,mobile_cif.y4m,603.92,604.01,0.386717,0.005934,0.0,181
1,0,1,0,1,0,1,0,0,0,0,0,4,5,0,mobile_cif.y4m,48.53,48.526,0.107842,0.005923,0.0,247
1,0,1,1,0,0,0,0,0,1,1,0,4,5,3,mobile_cif.y4m,560.32,560.354,0.123612,0.006477,0.0,166
1,0,1,0,0,1,0,0,0,0,1,1,4,0,0,mobile_cif.y4m,60.81,60.778,0.233602,0.006479,0.0,25
1,1,1,0,1,0,0,1,0,0,0,1,8,0,6,mobile_cif.y4m,62.15,62.178,0.148054,0.00462,0.0,203
1,1,1,1,0,0,1,1,0,1,1,1,4,5,6,mobile_cif.y4m,695.12,695.456,0.910071,0.004749,0.0,219
1,0,1,0,0,1,0,0,0,0,0,0,4,15,0,mobile_cif.y4m,60.86,60.892,0.203027,0.006504,0.0,162
1,0,1,1,0,0,1,0,0,0,1,0,4,15,6,mobile_cif.y4m,609.25,609.318,0.274809,0.005926,0.0,182
1,0,1,0,0,1,0,0,0,1,1,0,1,15,6,mobile_cif.y4m,60.97,60.94,0.205426,0.006504,0.0,10
1,1,1,1,0,0,1,1,0,1,1,1,2,15,0,mobile_cif.y4m,699.77,699.742,0.220726,0.004733,0.0,14
1,1,1,1,0,0,0,1,0,0,0,1,1,0,6,mobile_cif.y4m,653.13,653.312,0.325069,0.004608,0.0,89
1,1,1,1,0,0,0,1,0,1,1,1,1,5,0,mobile_cif.y4m,692.98,692.812,0.30979,0.004614,0.0,116
1,0,1,1,0,0,0,0,0,0,1,1,4,15,3,mobile_cif.y4m,554.26,554.33,0.273038,0.006479,0.0,217
1,1,1,0,1,0,0,1,0,0,1,0,1,0,0,mobile_cif.y4m,63.01,63.006,0.155177,0.004609,0.0,75
1,1,1,0,1,0,0,1,0,1,1,1,2,15,6,mobile_cif.y4m,64.14,64.158,0.240354,0.00461,0.0,266
1,0,1,1,0,0,1,0,0,0,1,1,4,15,3,mobile_cif.y4m,608.46,608.572,0.253515,0.005934,0.0,268
1,0,1,0,1,0,1,0,0,1,1,1,4,15,3,mobile_cif.y4m,48.03,47.96,0.195704,0.005933,0.0,187
1,0,1,0,0,1,1,0,0,0,1,0,8,15,3,mobile_cif.y4m,75.17,75.142,0.199925,0.005981,0.0,161
1,0,1,0,1,0,1,0,0,0,1,0,2,0,6,mobile_cif.y4m,47.84,47.89,0.181934,0.005923,0.0,23
1,1,1,1,0,0,0,1,0,1,1,0,2,5,6,mobile_cif.y4m,698.24,698.034,0.479771,0.004603,0.0,2
1,1,1,1,0,0,1,0,1,1,0,1,2,0,0,mobile_cif.y4m,603.77,604.148,1.481391,0.004544,0.0,16
1,0,1,1,0,0,0,0,0,1,1,1,8,15,0,mobile_cif.y4m,558.7,558.752,0.213939,0.006479,0.0,262
1,1,1,1,0,0,0,1,0,1,1,0,4,5,0,mobile_cif.y4m,691.69,691.632,0.166193,0.004614,0.0,66
1,0,1,1,0,0,0,0,0,1,0,0,2,0,0,mobile_cif.y4m,560.21,560.164,0.140819,0.006477,0.0,86
1,0,1,0,1,0,1,0,0,0,1,0,2,5,6,mobile_cif.y4m,47.88,47.872,0.129499,0.005923,0.0,231
1,0,1,0,1,0,0,0,0,0,0,0,4,5,0,mobile_cif.y4m,41.44,41.402,0.106395,0.006441,0.0,269
1,1,1,0,1,0,1,1,0,0,1,0,1,5,0,mobile_cif.y4m,67.82,67.884,0.362671,0.004706,0.0,180
1,0,1,0,0,1,0,0,0,0,1,0,4,5,6,mobile_cif.y4m,60.99,61.0,0.05831,0.006504,0.0,274
1,1,1,1,0,0,0,1,0,1,1,0,2,15,6,mobile_cif.y4m,691.17,691.216,0.413739,0.0046,0.0,184
1,0,1,0,0,1,1,0,0,0,0,1,4,5,0,mobile_cif.y4m,74.81,74.762,0.170939,0.005981,0.0,118
1,1,1,1,0,0,0,1,0,0,0,0,1,0,6,mobile_cif.y4m,649.69,649.638,0.158493,0.004601,0.0,254
1,0,1,1,0,0,1,0,0,0,1,1,4,5,0,mobile_cif.y4m,608.3,608.398,0.261381,0.005934,0.0,208
1,0,1,0,0,1,1,0,0,1,1,0,4,5,6,mobile_cif.y4m,74.77,74.862,0.220386,0.005981,0.0,279
1,1,1,1,0,0,0,1,0,0,1,1,4,15,3,mobile_cif.y4m,689.54,689.55,0.060415,0.004612,0.0,229
1,0,1,0,0,1,1,0,0,1,1,1,1,0,0,mobile_cif.y4m,74.69,74.774,0.205743,0.005981,0.0,46
1,0,1,0,0,1,0,0,0,1,1,1,4,5,6,mobile_cif.y4m,60.94,60.822,0.176975,0.006479,0.0,171
1,1,1,1,0,0,0,1,0,0,1,0,2,5,0,mobile_cif.y4m,696.65,696.56,0.345326,0.004614,0.0,99
1,0,1,0,0,1,0,0,0,0,0,0,8,0,0,mobile_cif.y4m,60.3,60.352,0.114324,0.006504,0.0,81
1,1,1,1,0,0,1,1,0,1,0,1,8,5,0,mobile_cif.y4m,698.69,698.68,0.462277,0.004741,0.0,155
1,0,1,0,1,0,0,0,0,1,0,1,1,15,6,mobile_cif.y4m,41.38,41.356,0.08961,0.006478,0.0,96
1,1,1,1,0,0,0,1,0,1,1,1,8,0,0,mobile_cif.y4m,653.35,653.328,0.148223,0.004608,0.0,218
1,1,1,1,0,0,1,1,0,1,1,0,8,0,6,mobile_cif.y4m,657.42,657.492,0.436314,0.004721,0.0,53
1,1,1,0,1,0,1,0,1,0,0,0,2,0,0,mobile_cif.y4m,47.26,47.212,0.085849,0.004565,0.0,109
1,0,1,0,1,0,0,0,0,0,1,0,4,5,6,mobile_cif.y4m,41.6,41.552,0.089275,0.006441,0.0,185
1,1,1,1,0,0,0,1,0,0,1,1,2,0,0,mobile_cif.y4m,653.79,654.286,1.363646,0.004608,0.0,239
1,0,1,1,0,0,0,0,0,0,0,1,2,0,0,mobile_cif.y4m,558.72,558.73,0.261534,0.006479,0.0,276
1,0,1,1,0,0,1,0,0,0,0,1,4,0,6,mobile_cif.y4m,603.46,603.412,0.210879,0.005934,0.0,257
1,0,1,0,0,1,0,0,0,1,1,0,1,5,0,mobile_cif.y4m,60.94,60.968,0.22786,0.006504,0.0,42
1,1,1,0,1,0,1,1,0,0,0,0,2,15,3,mobile_cif.y4m,67.58,67.586,0.055498,0.004703,0.0,204
1,0,1,1,0,0,1,0,0,1,0,1,2,15,6,mobile_cif.y4m,603.86,603.998,0.433959,0.005934,0.0,145
1,0,1,0,1,0,0,0,0,0,0,0,2,0,3,mobile_cif.y4m,40.98,40.94,0.183712,0.006441,0.0,246
1,1,1,1,0,0,0,1,0,0,1,1,8,0,0,mobile_cif.y4m,653.06,653.156,0.278352,0.004608,0.0,202
1,1,1,0,1,0,0,1,0,1,0,0,2,5,3,mobile_cif.y4m,64.31,64.338,0.162388,0.004607,0.0,70
1,0,1,0,1,0,0,0,0,0,1,0,1,5,3,mobile_cif.y4m,41.6,41.556,0.112827,0.006441,0.0,230
1,0,1,0,1,0,1,0,0,0,0,0,4,15,6,mobile_cif.y4m,48.46,48.504,0.115456,0.005923,0.0,267
1,1,1,1,0,0,1,1,0,0,0,1,8,5,3,mobile_cif.y4m,702.49,702.556,0.226672,0.004713,0.0,146
1,0,1,0,1,0,1,0,0,0,0,1,2,15,0,mobile_cif.y4m,47.81,47.816,0.196163,0.005933,0.0,27
1,0,1,0,1,0,1,0,0,0,1,1,8,0,3,mobile_cif.y4m,47.85,47.878,0.067602,0.005933,0.0,137
1,1,1,1,0,0,0,1,0,0,1,1,2,15,0,mobile_cif.y4m,687.44,687.532,0.180887,0.00461,0.0,189
1,1,1,0,1,0,1,1,0,1,0,0,4,15,0,mobile_cif.y4m,66.59,66.734,0.22832,0.004709,0.0,132
1,1,1,1,0,0,0,0,1,1,0,1,8,0,0,mobile_cif.y4m,580.05,580.078,0.281016,0.004636,0.0,169
1,0,1,0,0,1,0,0,0,0,0,0,1,5,6,mobile_cif.y4m,60.32,60.224,0.242961,0.006504,0.0,33
1,0,1,1,0,0,0,0,0,0,1,1,8,15,0,mobile_cif.y4m,558.55,558.632,0.331316,0.006479,0.0,205
1,0,1,1,0,0,0,0,0,1,0,1,2,0,0,mobile_cif.y4m,558.76,558.774,0.106442,0.006479,0.0,245
1,1,1,0,1,0,1,1,0,0,1,1,1,15,0,mobile_cif.y4m,67.25,67.306,0.095551,0.004718,0.0,298
1,0,1,1,0,0,1,0,0,1,1,0,2,5,6,mobile_cif.y4m,609.04,608.998,0.248334,0.005926,0.0,163
1,1,1,1,0,0,0,1,0,0,0,0,1,5,0,mobile_cif.y4m,696.72,696.65,0.276405,0.004614,0.0,123
1,0,1,0,0,1,1,0,0,1,0,0,4,15,0,mobile_cif.y4m,74.94,74.936,0.234585,0.005981,0.0,4
1,0,1,0,0,1,1,0,0,1,1,0,8,5,6,mobile_cif.y4m,75.25,75.138,0.263761,0.005981,0.0,141
1,1,1,0,1,0,0,1,0,1,0,0,8,5,6,mobile_cif.y4m,65.75,65.716,0.150433,0.004608,0.0,129
1,1,1,0,1,0,1,1,0,1,1,0,4,5,3,mobile_cif.y4m,66.42,66.486,0.133529,0.004721,0.0,159
1,0,1,0,0,1,1,0,0,1,0,0,1,0,0,mobile_cif.y4m,75.5,75.368,0.215337,0.005981,0.0,22
1,0,1,0,0,1,0,0,0,1,0,1,2,0,6,mobile_cif.y4m,60.91,60.878,0.192016,0.006479,0.0,175
1,1,1,1,0,0,0,1,0,1,1,1,8,5,6,mobile_cif.y4m,686.04,686.068,0.144465,0.004619,0.0,151
1,1,1,0,1,0,0,1,0,0,1,0,2,5,0,mobile_cif.y4m,65.27,65.258,0.144637,0.004611,0.0,52
1,0,1,0,0,1,0,0,0,0,0,1,4,0,3,mobile_cif.y4m,60.9,60.878,0.109636,0.006479,0.0,108
1,0,1,0,1,0,1,0,0,0,0,1,8,15,0,mobile_cif.y4m,47.81,47.916,0.245927,0.005933,0.0,72
1,0,1,1,0,0,1,0,0,1,1,0,8,0,6,mobile_cif.y4m,608.86,608.902,0.188468,0.005926,0.0,248
1,1,1,1,0,0,1,1,0,1,1,0,8,5,6,mobile_cif.y4m,693.32,693.274,0.288756,0.004739,0.0,174
1,0,1,1,0,0,1,0,0,1,1,1,8,0,3,mobile_cif.y4m,608.55,608.576,0.277272,0.005934,0.0,130
1,1,1,0,1,0,1,1,0,1,1,1,8,15,0,mobile_cif.y4m,67.38,67.388,0.137732,0.004718,0.0,168
1,0,1,0,0,1,1,0,0,1,0,1,8,0,6,mobile_cif.y4m,74.57,74.668,0.223316,0.005981,0.0,198
1,0,1,0,0,1,1,0,0,1,1,0,1,0,3,mobile_cif.y4m,75.09,74.994,0.203544,0.005981,0.0,83
1,1,1,1,0,0,1,1,0,0,1,0,1,0,3,mobile_cif.y4m,657.07,657.058,0.298948,0.004721,0.0,291
1,0,1,0,1,0,0,0,0,1,1,0,1,0,6,mobile_cif.y4m,41.44,41.456,0.070214,0.006441,0.0,237
1,0,1,0,0,1,0,0,0,1,1,1,2,15,3,mobile_cif.y4m,60.83,60.818,0.115412,0.006479,0.0,90
1,1,1,1,0,0,1,1,0,0,0,1,1,15,0,mobile_cif.y4m,700.13,700.184,0.255304,0.004733,0.0,87
1,0,1,1,0,0,1,0,0,1,0,0,1,5,0,mobile_cif.y4m,609.39,609.504,0.413558,0.005926,0.0,74
1,0,1,0,0,1,0,0,0,1,0,0,2,0,3,mobile_cif.y4m,61.15,61.094,0.241309,0.006504,0.0,201
1,0,1,0,1,0,0,0,0,1,0,1,1,0,0,mobile_cif.y4m,41.33,41.34,0.122066,0.006478,0.0,183
1,0,1,1,0,0,0,0,0,0,0,0,4,0,6,mobile_cif.y4m,560.22,560.374,0.341511,0.006477,0.0,227
1,1,1,0,1,0,1,1,0,0,0,0,1,15,6,mobile_cif.y4m,65.5,65.52,0.068191,0.00475,0.0,222
1,0,1,0,0,1,0,0,0,0,1,0,8,0,6,mobile_cif.y4m,61.07,61.004,0.178269,0.006504,0.0,55
1,0,1,1,0,0,0,0,0,0,1,1,2,5,0,mobile_cif.y4m,558.72,558.726,0.195653,0.006479,0.0,142
1,0,1,1,0,0,1,0,0,1,0,1,1,5,6,mobile_cif.y4m,608.68,608.69,0.212955,0.005934,0.0,124
1,0,1,1,0,0,1,0,0,0,0,0,8,0,0,mobile_cif.y4m,608.93,609.032,0.297691,0.005926,0.0,95
1,0,1,1,0,0,1,0,0,1,0,0,2,15,0,mobile_cif.y4m,608.9,608.964,0.3445,0.005926,0.0,241
1,0,1,0,1,0,0,0,0,0,1,1,1,5,3,mobile_cif.y4m,40.83,40.8,0.060415,0.006478,0.0,289
1,0,1,1,0,0,1,0,0,1,1,0,1,5,0,mobile_cif.y4m,609.12,609.062,0.19804,0.005926,0.0,278
1,1,1,0,1,0,0,1,0,1,1,0,1,0,6,mobile_cif.y4m,62.33,62.276,0.140285,0.004609,0.0,176
1,0,1,0,0,1,1,0,0,0,1,0,8,5,0,mobile_cif.y4m,74.93,74.912,0.198545,0.005981,0.0,122
1,0,1,0,0,1,0,0,0,0,1,0,4,0,6,mobile_cif.y4m,60.89,60.824,0.185553,0.006504,0.0,30
1,1,1,0,1,0,0,1,0,0,0,0,2,0,6,mobile_cif.y4m,63.15,63.1,0.23927,0.004609,0.0,251
1,0,1,1,0,0,0,0,0,0,0,1,1,0,0,mobile_cif.y4m,558.79,558.744,0.177708,0.006479,0.0,120
1,0,1,1,0,0,0,0,0,0,0,1,2,15,6,mobile_cif.y4m,554.18,554.266,0.313177,0.006479,0.0,144
1,0,1,0,1,0,1,0,0,0,0,0,1,0,3,mobile_cif.y4m,48.53,48.53,0.132853,0.005923,0.0,265
1,1,1,0,1,0,0,1,0,0,1,0,2,0,6,mobile_cif.y4m,62.9,62.828,0.136455,0.004609,0.0,260
1,1,1,0,1,0,0,1,0,0,0,1,1,0,3,mobile_cif.y4m,61.56,61.522,0.163003,0.00462,0.0,78
1,0,1,0,1,0,0,0,0,0,1,1,8,15,3,mobile_cif.y4m,40.75,40.726,0.12341,0.006478,0.0,84
1,0,1,1,0,0,1,0,0,1,0,0,4,15,3,mobile_cif.y4m,603.84,603.944,0.330575,0.005926,0.0,296
1,0,1,0,0,1,0,0,0,0,0,1,2,5,6,mobile_cif.y4m,60.58,60.636,0.148257,0.006479,0.0,232
1,0,1,0,0,1,1,0,0,0,1,0,4,15,6,mobile_cif.y4m,74.99,74.984,0.298295,0.005981,0.0,213
1,1,1,0,1,0,0,1,0,0,1,1,8,15,3,mobile_cif.y4m,64.9,64.888,0.064576,0.004618,0.0,94
1,0,1,0,1,0,0,0,0,0,1,1,1,5,0,mobile_cif.y4m,41.32,41.34,0.143527,0.006478,0.0,178
1,0,1,1,0,0,1,0,0,1,0,0,4,0,0,mobile_cif.y4m,609.06,609.044,0.247851,0.005926,0.0,127
1,1,1,0,1,0,1,1,0,0,1,0,8,5,6,mobile_cif.y4m,65.81,65.896,0.304105,0.004734,0.0,111
1,0,1,0,1,0,0,0,0,0,0,1,1,0,6,mobile_cif.y4m,41.46,41.452,0.118195,0.006478,0.0,92
1,1,1,1,0,0,0,1,0,0,1,0,8,15,6,mobile_cif.y4m,690.96,690.922,0.120706,0.0046,0.0,54
1,0,1,0,0,1,0,0,0,0,0,1,2,15,0,mobile_cif.y4m,60.8,60.82,0.133978,0.006479,0.0,45
1,0,1,1,0,0,0,0,0,1,0,0,4,0,6,mobile_cif.y4m,560.24,560.228,0.257138,0.006477,0.0,226
1,1,1,1,0,0,1,1,0,1,0,0,8,5,0,mobile_cif.y4m,707.91,707.982,0.25975,0.004717,0.0,200
1,0,1,0,0,1,1,0,0,1,0,1,8,5,6,mobile_cif.y4m,74.73,74.796,0.162265,0.005981,0.0,59
1,1,1,0,1,0,1,0,1,0,0,1,2,0,0,mobile_cif.y4m,47.07,47.048,0.159906,0.004569,0.0,19
1,1,1,1,0,0,0,1,0,1,0,0,2,15,0,mobile_cif.y4m,695.02,694.958,0.187403,0.00461,0.0,47
1,1,1,0,1,0,1,1,0,0,0,1,4,5,6,mobile_cif.y4m,65.64,65.726,0.179805,0.004754,0.0,32
1,1,1,0,1,0,0,1,0,1,0,0,1,5,6,mobile_cif.y4m,64.85,64.81,0.138384,0.004608,0.0,170
1,0,1,0,0,1,0,0,0,1,1,0,1,15,0,mobile_cif.y4m,60.96,60.864,0.179805,0.006504,0.0,270
1,0,1,1,0,0,1,0,0,1,0,1,4,15,6,mobile_cif.y4m,608.53,608.474,0.260058,0.005934,0.0,207
1,1,1,0,1,0,0,1,0,1,1,1,1,5,6,mobile_cif.y4m,63.96,63.936,0.076026,0.004618,0.0,43
1,0,1,0,1,0,1,0,0,0,1,1,1,0,3,mobile_cif.y4m,48.45,48.48,0.09,0.005933,0.0,40
1,1,1,0,1,0,0,1,0,0,1,1,1,5,3,mobile_cif.y4m,64.39,64.326,0.200574,0.004619,0.0,117
1,0,1,0,0,1,0,0,0,0,1,0,8,15,6,mobile_cif.y4m,61.09,61.082,0.144118,0.006504,0.0,253
1,0,1,1,0,0,0,0,0,1,0,0,1,15,3,mobile_cif.y4m,560.58,560.428,0.306219,0.006477,0.0,68
1,1,1,1,0,0,0,1,0,1,1,1,1,15,6,mobile_cif.y4m,687.81,687.934,0.214079,0.004607,0.0,186
1,1,1,0,1,0,1,1,0,0,0,1,8,15,3,mobile_cif.y4m,66.41,66.428,0.094974,0.004739,0.0,288
1,1,1,0,1,0,0,1,0,0,0,0,2,0,0,mobile_cif.y4m,63.16,63.412,0.789759,0.004609,0.0,15
1,0,1,1,0,0,0,0,0,0,1,1,2,15,3,mobile_cif.y4m,558.6,558.596,0.187963,0.006479,0.0,82
1,1,1,1,0,0,0,1,0,0,0,0,4,15,6,mobile_cif.y4m,691.06,691.44,1.0009,0.0046,0.0,211
1,0,1,0,1,0,1,0,0,1,1,1,8,15,6,mobile_cif.y4m,47.96,47.92,0.153297,0.005933,0.0,177
1,1,1,0,1,0,0,1,0,1,1,1,2,5,3,mobile_cif.y4m,64.16,64.172,0.137732,0.004619,0.0,210
1,0,1,1,0,0,0,0,0,1,1,1,2,0,3,mobile_cif.y4m,558.75,558.83,0.197104,0.006479,0.0,13
1,0,1,0,1,0,1,0,0,0,0,1,2,15,3,mobile_cif.y4m,47.91,47.928,0.044944,0.005933,0.0,228
1,0,1,0,1,0,1,0,0,1,1,0,4,5,3,mobile_cif.y4m,48.72,48.61,0.248495,0.005923,0.0,38
1,1,1,1,0,0,0,1,0,0,0,1,4,15,6,mobile_cif.y4m,687.97,687.862,0.299783,0.004607,0.0,29
1,1,1,1,0,0,1,0,1,1,0,0,8,0,0,mobile_cif.y4m,602.2,602.134,0.157892,0.004531,0.0,24
1,1,1,1,0,0,0,1,0,0,0,0,8,5,6,mobile_cif.y4m,693.19,693.092,0.447404,0.004603,0.0,293
1,1,1,1,0,0,0,1,0,0,1,0,2,5,6,mobile_cif.y4m,698.08,698.054,0.247649,0.004603,0.0,67
1,1,1,0,1,0,0,1,0,1,0,1,2,5,0,mobile_cif.y4m,65.61,65.636,0.078294,0.004616,0.0,199
1,0,1,0,0,1,1,0,0,1,1,0,8,15,3,mobile_cif.y4m,75.1,75.078,0.164225,0.005981,0.0,244
1,0,1,0,0,1,1,0,0,0,0,0,8,15,0,mobile_cif.y4m,74.82,74.956,0.298714,0.005981,0.0,80
1,1,1,1,0,0,1,1,0,1,1,1,2,0,3,mobile_cif.y4m,649.76,649.666,0.398848,0.004744,0.0,223
1,1,1,0,1,0,1,1,0,0,1,0,8,5,0,mobile_cif.y4m,68.8,69.09,0.777914,0.004706,0.0,121
1,0,1,1,0,0,1,0,0,0,0,0,8,5,3,mobile_cif.y4m,609.1,609.516,1.039101,0.005926,0.0,261
1,0,1,1,0,0,1,0,0,1,1,0,1,5,6,mobile_cif.y4m,608.88,609.024,0.303694,0.005926,0.0,156
1,1,1,1,0,0,0,1,0,0,1,0,4,15,3,mobile_cif.y4m,692.58,692.524,0.244602,0.004605,0.0,271
1,1,1,1,0,0,1,1,0,1,0,0,2,15,3,mobile_cif.y4m,703.64,703.764,0.447303,0.004701,0.0,9
1,1,1,1,0,0,1,1,0,1,0,1,1,0,0,mobile_cif.y4m,649.35,649.418,0.268179,0.004744,0.0,165
1,0,1,0,0,1,1,0,0,1,0,0,1,15,6,mobile_cif.y4m,75.08,75.078,0.049193,0.005981,0.0,126
1,0,1,1,0,0,1,0,0,1,1,1,8,5,0,mobile_cif.y4m,608.34,608.374,0.203789,0.005934,0.0,280
1,0,1,1,0,0,0,0,0,1,1,0,2,5,3,mobile_cif.y4m,560.24,560.304,0.246435,0.006477,0.0,172
1,0,1,0,1,0,1,0,0,0,0,0,1,15,6,mobile_cif.y4m,47.75,47.794,0.114368,0.005923,0.0,292
1,0,1,0,0,1,0,0,0,1,0,1,1,0,3,mobile_cif.y4m,60.78,60.766,0.184065,0.006479,0.0,179
1,0,1,0,0,1,1,0,0,1,0,1,2,0,3,mobile_cif.y4m,74.92,74.922,0.122556,0.005981,0.0,272
1,0,1,0,0,1,1,0,0,0,1,0,4,5,0,mobile_cif.y4m,74.94,75.036,0.180638,0.005981,0.0,105
1,0,1,0,1,0,0,0,0,0,0,0,1,0,3,mobile_cif.y4m,40.9,40.952,0.257235,0.006441,0.0,76
1,0,1,1,0,0,1,0,0,0,1,0,4,15,3,mobile_cif.y4m,604.24,604.59,0.996243,0.005926,0.0,197
1,1,1,1,0,0,1,1,0,0,1,0,1,15,0,mobile_cif.y4m,701.84,701.816,0.103827,0.004707,0.0,221
1,1,1,1,0,0,1,1,0,0,1,0,8,15,6,mobile_cif.y4m,681.6,681.796,0.50013,0.004803,0.0,167
1,1,1,0,1,0,0,1,0,1,0,1,4,15,6,mobile_cif.y4m,64.19,64.158,0.152217,0.00461,0.0,136
1,1,1,1,0,0,0,1,0,1,0,1,8,15,6,mobile_cif.y4m,683.27,683.322,0.282347,0.004607,0.0,243
1,0,1,0,1,0,0,0,0,1,0,1,8,15,6,mobile_cif.y4m,41.44,41.478,0.175129,0.006478,0.0,60
1,0,1,1,0,0,0,0,0,1,0,1,2,0,6,mobile_cif.y4m,558.61,558.902,0.684668,0.006479,0.0,110
1,1,1,1,0,0,1,1,0,1,0,0,1,15,6,mobile_cif.y4m,681.97,681.952,0.289776,0.004803,0.0,35
1,0,1,1,0,0,1,0,0,0,1,1,2,5,6,mobile_cif.y4m,608.99,608.972,0.346583,0.005934,0.0,235
1,0,1,1,0,0,0,0,0,1,0,0,1,0,3,mobile_cif.y4m,560.39,560.406,0.191911,0.006477,0.0,44
1,1,1,0,1,0,1,1,0,0,1,0,4,15,3,mobile_cif.y4m,67.57,67.57,0.108397,0.004703,0.0,256
1,0,1,0,0,1,0,0,0,0,1,1,8,0,0,mobile_cif.y4m,60.68,60.692,0.142021,0.006479,0.0,192
1,0,1,0,1,0,0,0,0,0,1,1,2,0,0,mobile_cif.y4m,41.51,41.514,0.085615,0.006478,0.0,41
1,0,1,1,0,0,0,0,0,0,1,0,4,5,0,mobile_cif.y4m,556.05,556.22,0.38092,0.006477,0.0,37
1,0,1,0,0,1,0,0,0,0,0,0,4,5,0,mobile_cif.y4m,61.04,60.978,0.165439,0.006504,0.0,26
1,1,1,1,0,0,0,1,0,0,0,0,1,0,3,mobile_cif.y4m,649.29,649.256,0.270333,0.004601,0.0,273
1,1,1,1,0,0,1,1,0,0,0,1,1,5,6,mobile_cif.y4m,695.6,695.97,0.887609,0.004749,0.0,233
1,1,1,0,1,0,1,1,0,0,1,1,8,0,0,mobile_cif.y4m,64.71,64.648,0.206446,0.004717,0.0,101
1,0,1,1,0,0,0,0,0,0,0,1,2,5,3,mobile_cif.y4m,558.79,558.812,0.296344,0.006479,0.0,39
1,1,1,0,1,0,0,1,0,0,0,1,1,15,0,mobile_cif.y4m,65.73,65.658,0.139714,0.004613,0.0,106
1,1,1,0,1,0,0,0,1,1,0,0,1,0,0,mobile_cif.y4m,44.97,44.974,0.137586,0.004616,0.0,242
1,1,1,1,0,0,1,1,0,0,1,0,2,15,0,mobile_cif.y4m,701.75,701.864,0.271164,0.004707,0.0,193
1,0,1,0,1,0,1,0,0,0,1,0,1,15,6,mobile_cif.y4m,48.61,48.618,0.060581,0.005923,0.0,103
1,1,1,0,1,0,0,1,0,1,1,1,8,5,6,mobile_cif.y4m,64.18,64.204,0.101143,0.004618,0.0,1
1,0,1,1,0,0,0,0,0,1,1,1,1,0,0,mobile_cif.y4m,558.82,558.952,0.603133,0.006479,0.0,61
1,1,1,1,0,0,0,0,1,0,0,0,2,0,0,mobile_cif.y4m,585.0,585.128,0.212061,0.004618,0.0,56
1,1,1,0,1,0,0,1,0,0,1,0,8,15,3,mobile_cif.y4m,64.95,64.898,0.080747,0.004609,0.0,148
1,0,1,0,1,0,0,0,0,1,0,1,2,5,0,mobile_cif.y4m,41.29,41.36,0.219659,0.006478,0.0,112
1,0,1,0,1,0,1,0,0,0,1,0,8,15,3,mobile_cif.y4m,48.54,48.564,0.109681,0.005923,0.0,300
1,0,1,0,1,0,0,0,0,1,1,0,4,15,0,mobile_cif.y4m,40.91,40.884,0.162419,0.006441,0.0,249
1,0,1,0,1,0,0,0,0,0,0,1,2,0,0,mobile_cif.y4m,40.95,40.906,0.102127,0.006478,0.0,20
1,1,1,1,0,0,1,1,0,1,0,1,1,5,0,mobile_cif.y4m,698.88,698.818,0.196774,0.004741,0.0,104
1,1,1,1,0,0,0,1,0,1,1,1,8,15,6,mobile_cif.y4m,687.63,687.7,0.181797,0.004607,0.0,131
1,0,1,1,0,0,0,0,0,0,0,0,2,0,3,mobile_cif.y4m,560.37,560.348,0.333946,0.006477,0.0,69
1,0,1,0,1,0,1,0,0,0,0,0,2,0,3,mobile_cif.y4m,48.55,48.564,0.166673,0.005923,0.0,220
1,1,1,1,0,0,1,1,0,1,1,1,8,15,6,mobile_cif.y4m,666.18,666.282,0.204255,0.004852,0.0,11
1,1,1,1,0,0,1,1,0,1,0,0,4,15,6,mobile_cif.y4m,681.97,681.846,0.22963,0.004803,0.0,258
1,0,1,0,1,0,1,0,0,0,0,0,2,15,3,mobile_cif.y4m,48.64,48.692,0.093381,0.005923,0.0,65
1,0,1,0,0,1,1,0,0,0,0,0,2,15,0,mobile_cif.y4m,75.02,75.0,0.193261,0.005981,0.0,160
1,0,1,0,0,1,1,0,0,0,0,0,8,0,0,mobile_cif.y4m,74.21,74.224,0.132778,0.005981,0.0,238
1,1,1,1,0,0,0,1,0,0,0,0,4,0,0,mobile_cif.y4m,649.25,649.162,0.314277,0.004601,0.0,57
1,1,1,0,1,0,0,1,0,1,0,1,2,0,0,mobile_cif.y4m,62.4,62.36,0.129808,0.00462,0.0,79
1,0,1,0,1,0,1,0,0,0,1,0,4,15,3,mobile_cif.y4m,48.55,48.614,0.104547,0.005923,0.0,224
1,1,1,0,1,0,0,1,0,1,0,0,2,0,3,mobile_cif.y4m,62.95,62.914,0.209833,0.004609,0.0,48
1,0,1,0,1,0,1,0,0,0,0,1,8,0,6,mobile_cif.y4m,47.87,48.138,0.674774,0.005933,0.0,173
1,1,1,1,0,0,1,1,0,0,1,1,1,0,0,mobile_cif.y4m,644.81,644.84,0.373296,0.004744,0.0,283
1,0,1,0,1,0,0,0,0,0,0,0,1,0,6,mobile_cif.y4m,40.78,40.892,0.248334,0.006441,0.0,190
1,0,1,0,1,0,1,0,0,1,1,1,4,0,6,mobile_cif.y4m,48.57,48.624,0.133154,0.005933,0.0,259
1,0,1,1,0,0,0,0,0,0,0,1,1,15,3,mobile_cif.y4m,558.66,558.888,0.482203,0.006479,0.0,7
1,0,1,0,0,1,0,0,0,0,0,1,2,5,0,mobile_cif.y4m,60.95,60.94,0.179583,0.006479,0.0,73
1,1,1,1,0,0,1,1,0,0,0,0,2,0,6,mobile_cif.y4m,657.24,657.148,0.22298,0.004721,0.0,63
1,0,1,0,0,1,1,0,0,1,1,0,2,15,3,mobile_cif.y4m,75.01,75.058,0.23952,0.005981,0.0,284
1,0,1,1,0,0,1,0,0,1,0,1,8,15,6,mobile_cif.y4m,608.83,608.778,0.191755,0.005934,0.0,250
1,1,1,0,1,0,0,1,0,0,0,0,2,5,0,mobile_cif.y4m,65.25,65.336,0.258418,0.004611,0.0,209
1,0,1,0,1,0,1,0,0,0,0,1,4,5,3,mobile_cif.y4m,48.43,48.518,0.193054,0.005933,0.0,138
1,1,1,1,0,0,0,0,1,1,1,0,1,0,0,mobile_cif.y4m,584.99,585.008,0.169765,0.004618,0.0,135
1,1,1,1,0,0,1,1,0,1,1,0,4,5,3,mobile_cif.y4m,700.63,700.734,0.239646,0.004702,0.0,264
1,1,1,1,0,0,0,1,0,1,1,0,2,0,6,mobile_cif.y4m,649.54,649.414,0.275372,0.004601,0.0,215
1,0,1,0,0,1,0,0,0,0,1,1,4,5,3,mobile_cif.y4m,60.89,60.938,0.156429,0.006479,0.0,50
1,0,1,1,0,0,0,0,0,1,1,0,4,0,6,mobile_cif.y4m,556.08,556.064,0.11929,0.006477,0.0,98
1,1,1,1,0,0,0,1,0,1,1,0,1,15,0,mobile_cif.y4m,694.83,694.792,0.396573,0.00461,0.0,140
1,1,1,1,0,0,0,1,0,0,1,1,1,0,3,mobile_cif.y4m,653.62,653.618,0.195627,0.004608,0.0,113
1,0,1,0,1,0,1,0,0,1,1,0,1,0,6,mobile_cif.y4m,48.59,48.656,0.349471,0.005923,0.0,3
1,0,1,0,0,1,0,0,0,1,1,1,8,0,0,mobile_cif.y4m,60.87,60.882,0.078549,0.006479,0.0,149
1,0,1,1,0,0,0,0,0,0,1,1,8,5,6,mobile_cif.y4m,558.33,558.354,0.219499,0.006479,0.0,153
1,1,1,1,0,0,1,1,0,1,1,0,2,15,6,mobile_cif.y4m,676.87,676.94,0.226274,0.004803,0.0,133
1,0,1,1,0,0,0,0,0,0,0,0,1,0,3,mobile_cif.y4m,560.27,560.304,0.316512,0.006477,0.0,191
1,1,1,0,1,0,0,1,0,1,0,1,1,0,6,mobile_cif.y4m,62.1,62.098,0.058907,0.00462,0.0,100
1,0,1,1,0,0,1,0,0,0,1,0,4,0,3,mobile_cif.y4m,608.9,609.048,0.328892,0.005926,0.0,85
1,0,1,0,0,1,1,0,0,0,0,0,2,0,3,mobile_cif.y4m,74.22,74.232,0.190447,0.005981,0.0,88
1,0,1,0,1,0,1,0,0,1,1,0,4,15,6,mobile_cif.y4m,48.06,48.038,0.116919,0.005923,0.0,31
1,0,1,0,0,1,1,0,0,0,0,0,4,5,3,mobile_cif.y4m,75.08,75.134,0.193727,0.005981,0.0,134
1,1,1,0,1,0,1,1,0,1,1,1,8,0,3,mobile_cif.y4m,64.6,64.672,0.224767,0.004717,0.0,147
1,1,1,1,0,0,0,1,0,0,1,1,4,15,6,mobile_cif.y4m,687.91,687.898,0.150897,0.004607,0.0,275
1,0,1,0,0,1,1,0,0,0,1,0,4,15,3,mobile_cif.y4m,75.12,75.074,0.12661,0.005981,0.0,143
1,1,1,0,1,0,1,1,0,1,0,0,1,5,6,mobile_cif.y4m,65.79,65.794,0.132778,0.004734,0.0,8
1,1,1,1,0,0,1,1,0,0,1,1,4,5,3,mobile_cif.y4m,697.85,697.9,0.139821,0.004713,0.0,216
1,0,1,1,0,0,1,0,0,1,0,0,1,0,3,mobile_cif.y4m,609.27,609.426,0.732823,0.005926,0.0,214
1,0,1,0,0,1,0,0,0,0,0,0,1,5,0,mobile_cif.y4m,60.29,60.26,0.148997,0.006504,0.0,17
1,0,1,0,0,1,1,0,0,0,0,0,1,5,0,mobile_cif.y4m,75.03,75.044,0.097622,0.005981,0.0,206
1,0,1,0,1,0,0,0,0,1,1,1,8,15,0,mobile_cif.y4m,41.39,41.37,0.086891,0.006478,0.0,36
1,1,1,0,1,0,1,1,0,0,0,0,4,15,3,mobile_cif.y4m,67.62,67.578,0.209571,0.004703,0.0,6
1,0,1,1,0,0,1,0,0,0,0,1,1,0,6,mobile_cif.y4m,609.05,608.948,0.249038,0.005934,0.0,5
1,0,1,1,0,0,1,0,0,0,0,0,8,15,6,mobile_cif.y4m,608.95,609.13,0.464489,0.005926,0.0,164
1,0,1,0,0,1,0,0,0,1,0,0,8,0,6,mobile_cif.y4m,60.9,60.87,0.118743,0.006504,0.0,97
1,0,1,1,0,0,0,0,0,0,1,0,2,5,3,mobile_cif.y4m,560.34,560.334,0.127004,0.006477,0.0,236
1,1,1,0,1,0,1,1,0,0,0,0,8,5,0,mobile_cif.y4m,68.52,68.544,0.12341,0.004706,0.0,71
1,1,1,0,1,0,1,1,0,1,0,1,2,0,3,mobile_cif.y4m,64.54,64.564,0.115888,0.004717,0.0,295
1,0,1,1,0,0,1,0,0,1,1,0,8,5,3,mobile_cif.y4m,609.19,609.166,0.398472,0.005926,0.0,286
1,0,1,0,1,0,0,0,0,0,0,1,1,5,0,mobile_cif.y4m,41.48,41.444,0.178969,0.006478,0.0,34
1,0,1,0,1,0,1,0,0,1,1,1,1,5,3,mobile_cif.y4m,48.61,48.622,0.100598,0.005933,0.0,240
1,0,1,0,0,1,1,0,0,0,0,1,4,15,3,mobile_cif.y4m,74.86,74.89,0.226936,0.005981,0.0,18
1,0,1,0,1,0,0,0,0,0,1,0,8,0,6,mobile_cif.y4m,41.48,41.504,0.176153,0.006441,0.0,102
1,1,1,1,0,0,1,0,1,0,1,0,4,0,0,mobile_cif.y4m,607.14,607.194,0.165167,0.004531,0.0,51
1,1,1,1,0,0,1,1,0,0,0,1,4,15,6,mobile_cif.y4m,666.33,666.358,0.289258,0.004852,0.0,282
1,0,1,0,1,0,1,0,0,1,1,1,1,0,3,mobile_cif.y4m,48.6,48.526,0.15566,0.005933,0.0,77
1,0,1,1,0,0,1,0,0,0,1,0,2,0,3,mobile_cif.y4m,608.94,608.93,0.179025,0.005926,0.0,128
1,1,1,0,1,0,1,1,0,0,0,0,2,5,3,mobile_cif.y4m,65.74,65.728,0.292353,0.004721,0.0,234
1,0,1,1,0,0,0,0,0,0,1,1,1,0,0,mobile_cif.y4m,554.56,554.55,0.200375,0.006479,0.0,252
1,0,1,1,0,0,1,0,0,0,0,1,4,0,3,mobile_cif.y4m,608.73,608.604,0.214663,0.005934,0.0,28
1,0,1,0,0,1,1,0,0,1,1,1,8,15,3,mobile_cif.y4m,73.9,73.832,0.275536,0.005981,0.0,139
1,0,1,0,0,1,0,0,0,0,0,1,1,5,0,mobile_cif.y4m,60.67,60.95,0.526023,0.006479,0.0,158
1,1,1,0,1,0,1,1,0,1,0,1,8,5,3,mobile_cif.y4m,66.4,66.344,0.212556,0.004736,0.0,152
1,0,1,1,0,0,1,0,0,1,0,0,2,0,6,mobile_cif.y4m,608.92,608.93,0.107935,0.005926,0.0,12
1,1,1,0,1,0,0,1,0,0,0,1,4,15,3,mobile_cif.y4m,65.03,64.936,0.167571,0.004618,0.0,294
1,1,1,0,1,0,0,1,0,0,0,1,8,15,3,mobile_cif.y4m,64.96,64.94,0.127475,0.004618,0.0,154
1,1,1,1,0,0,0,1,0,1,0,0,2,15,6,mobile_cif.y4m,691.29,691.302,0.549245,0.0046,0.0,157
1,0,1,1,0,0,1,0,0,1,1,1,2,0,3,mobile_cif.y4m,608.94,609.168,0.623193,0.005934,0.0,150
1,1,1,0,1,0,1,1,0,0,1,0,8,0,6,mobile_cif.y4m,64.59,64.546,0.116319,0.004706,0.0,287
1,0,1,0,1,0,0,0,0,1,1,0,1,0,3,mobile_cif.y4m,41.48,41.512,0.146526,0.006441,0.0,297
1,0,1,0,0,1,0,0,0,1,1,0,8,15,0,mobile_cif.y4m,60.9,60.924,0.187697,0.006504,0.0,263
1,1,1,0,1,0,0,1,0,1,1,1,1,5,3,mobile_cif.y4m,63.71,63.642,0.218105,0.004619,0.0,255
1,0,1,1,0,0,0,0,0,1,1,0,8,15,3,mobile_cif.y4m,556.06,556.564,0.856464,0.006477,0.0,115
1,0,1,0,0,1,1,0,0,1,0,1,4,15,3,mobile_cif.y4m,74.91,74.876,0.142232,0.005981,0.0,188
1,0,1,0,0,1,1,0,0,0,0,1,8,0,6,mobile_cif.y4m,74.56,74.66,0.197864,0.005981,0.0,212
1,0,1,1,0,0,1,0,0,0,0,1,1,15,3,mobile_cif.y4m,608.94,608.85,0.427142,0.005934,0.0,195
1,0,1,0,1,0,0,0,0,0,1,1,2,15,0,mobile_cif.y4m,41.47,41.458,0.150067,0.006478,0.0,119
1,0,1,1,0,0,0,0,0,1,0,1,4,15,0,mobile_cif.y4m,554.4,555.406,2.185802,0.006479,0.0,58
1,0,1,0,1,0,1,0,0,1,0,1,4,0,6,mobile_cif.y4m,48.51,48.614,0.205621,0.005933,0.0,277
1,0,1,0,1,0,1,0,0,0,1,1,4,5,6,mobile_cif.y4m,48.46,48.486,0.124419,0.005933,0.0,64
1,1,1,0,1,0,1,1,0,1,0,0,2,0,0,mobile_cif.y4m,64.71,64.736,0.04669,0.004706,0.0,285
1,1,1,0,1,0,1,1,0,1,0,0,4,0,0,mobile_cif.y4m,65.52,65.48,0.19352,0.004706,0.0,290
1,0,1,1,0,0,0,0,0,1,0,1,8,5,6,mobile_cif.y4m,558.65,558.608,0.223316,0.006479,0.0,196
1,1,1,1,0,0,1,0,1,1,1,1,1,0,0,mobile_cif.y4m,603.31,603.344,0.247649,0.004544,0.0,93
1,0,1,1,0,0,1,0,0,0,1,1,4,5,6,mobile_cif.y4m,608.69,608.788,0.2003,0.005934,0.0,299
1,0,1,1,0,0,0,0,0,1,0,0,2,5,0,mobile_cif.y4m,560.26,560.344,0.404883,0.006477,0.0,125
1,1,1,0,1,0,0,1,0,1,0,1,2,15,6,mobile_cif.y4m,63.98,63.966,0.135019,0.00461,0.0,21
1,0,1,0,1,0,0,0,0,1,0,1,2,0,0,mobile_cif.y4m,41.47,41.418,0.095237,0.006478,0.0,225
1,0,1,0,1,0,0,0,0,1,0,0,2,5,0,mother_daughter_cif.y4m,12.62,12.612,0.029496,0.005028,0.0,114
1,1,1,1,0,0,0,0,1,0,0,1,1,0,0,mother_daughter_cif.y4m,460.32,469.608,12.860135,0.004999,0.0,281
1,1,1,1,0,0,0,1,0,1,1,0,2,5,0,mother_daughter_cif.y4m,514.29,515.516,1.975988,0.005011,0.0,49
1,0,1,0,0,1,1,0,0,0,0,0,2,15,6,mother_daughter_cif.y4m,43.79,43.812,0.109179,0.004755,0.0,194
1,0,1,1,0,0,0,0,0,0,0,0,2,0,6,mother_daughter_cif.y4m,423.67,424.116,1.221773,0.005021,0.0,62
1,1,1,0,1,0,0,1,0,1,1,1,1,15,3,mother_daughter_cif.y4m,19.04,19.138,0.294313,0.005051,0.0,91
1,0,1,0,0,1,1,0,0,0,0,0,4,0,6,mother_daughter_cif.y4m,43.7,43.714,0.069498,0.004755,0.0,107
1,0,1,1,0,0,1,0,0,0,0,1,4,5,3,mother_daughter_cif.y4m,424.05,424.062,0.181025,0.004736,0.0,181
1,0,1,0,1,0,1,0,0,0,0,0,4,5,0,mother_daughter_cif.y4m,15.89,15.746,0.221878,0.004746,0.0,247
1,0,1,1,0,0,0,0,0,1,1,0,4,5,3,mother_daughter_cif.y4m,396.16,396.352,0.790961,0.005021,0.0,166
1,0,1,0,0,1,0,0,0,0,1,1,4,0,0,mother_daughter_cif.y4m,38.54,38.544,0.206712,0.005036,0.0,25
1,1,1,0,1,0,0,1,0,0,0,1,8,0,6,mother_daughter_cif.y4m,20.9,20.882,0.271054,0.005118,0.0,203
1,1,1,1,0,0,1,1,0,1,1,1,4,5,6,mother_daughter_cif.y4m,519.98,520.052,0.148896,0.005225,0.0,219
1,0,1,0,0,1,0,0,0,0,0,0,4,15,0,mother_daughter_cif.y4m,39.44,39.348,0.597135,0.005036,0.0,162
1,0,1,1,0,0,1,0,0,0,1,0,4,15,6,mother_daughter_cif.y4m,454.67,454.726,0.11149,0.004742,0.0,182
1,0,1,0,0,1,0,0,0,1,1,0,1,15,6,mother_daughter_cif.y4m,38.75,39.686,1.527426,0.005036,0.0,10
1,1,1,1,0,0,1,1,0,1,1,1,2,15,0,mother_daughter_cif.y4m,553.03,553.59,1.484941,0.005237,0.0,14
1,1,1,1,0,0,0,1,0,0,0,1,1,0,6,mother_daughter_cif.y4m,495.84,494.676,1.793078,0.005013,0.0,89
1,1,1,1,0,0,0,1,0,1,1,1,1,5,0,mother_daughter_cif.y4m,548.99,548.958,0.143422,0.00501,0.0,116
1,0,1,1,0,0,0,0,0,0,1,1,4,15,3,mother_daughter_cif.y4m,394.73,397.08,4.880902,0.005025,0.0,217
1,1,1,0,1,0,0,1,0,0,1,0,1,0,0,mother_daughter_cif.y4m,20.75,20.538,0.374793,0.005032,0.0,75
1,1,1,0,1,0,0,1,0,1,1,1,2,15,6,mother_daughter_cif.y4m,19.32,19.312,0.293547,0.005099,0.0,266
1,0,1,1,0,0,1,0,0,0,1,1,4,15,3,mother_daughter_cif.y4m,424.4,427.766,4.943413,0.004736,0.0,268
1,0,1,0,1,0,1,0,0,1,1,1,4,15,3,mother_daughter_cif.y4m,15.65,15.656,0.060663,0.00475,0.0,187
1,0,1,0,0,1,1,0,0,0,1,0,8,15,3,mother_daughter_cif.y4m,43.82,43.772,0.131795,0.004755,0.0,161
1,0,1,0,1,0,1,0,0,0,1,0,2,0,6,mother_daughter_cif.y4m,15.73,15.756,0.146901,0.004746,0.0,23
1,1,1,1,0,0,0,1,0,1,1,0,2,5,6,mother_daughter_cif.y4m,547.86,547.85,0.088882,0.004963,0.0,2
1,1,1,1,0,0,1,0,1,1,0,1,2,0,0,mother_daughter_cif.y4m,487.37,478.53,13.16499,0.005122,0.0,16
1,0,1,1,0,0,0,0,0,1,1,1,8,15,0,mother_daughter_cif.y4m,395.41,395.382,0.562779,0.005025,0.0,262
1,1,1,1,0,0,0,1,0,1,1,0,4,5,0,mother_daughter_cif.y4m,515.32,514.814,0.770344,0.005011,0.0,66
1,0,1,1,0,0,0,0,0,1,0,0,2,0,0,mother_daughter_cif.y4m,398.41,400.45,5.562571,0.005021,0.0,86
1,0,1,0,1,0,1,0,0,0,1,0,2,5,6,mother_daughter_cif.y4m,15.56,15.556,0.047223,0.004746,0.0,231
1,0,1,0,1,0,0,0,0,0,0,0,4,5,0,mother_daughter_cif.y4m,12.98,12.918,0.176409,0.005028,0.0,269
1,1,1,0,1,0,1,1,0,0,1,0,1,5,0,mother_daughter_cif.y4m,19.26,19.38,0.363524,0.005213,0.0,180
1,0,1,0,0,1,0,0,0,0,1,0,4,5,6,mother_daughter_cif.y4m,38.54,38.772,0.492971,0.005036,0.0,274
1,1,1,1,0,0,0,1,0,1,1,0,2,15,6,mother_daughter_cif.y4m,512.65,515.64,6.888182,0.005045,0.0,184
1,0,1,0,0,1,1,0,0,0,0,1,4,5,0,mother_daughter_cif.y4m,43.42,43.438,0.109179,0.004757,0.0,118
1,1,1,1,0,0,0,1,0,0,0,0,1,0,6,mother_daughter_cif.y4m,496.69,496.734,0.319891,0.005,0.0,254
1,0,1,1,0,0,1,0,0,0,1,1,4,5,0,mother_daughter_cif.y4m,424.21,425.252,2.350302,0.004736,0.0,208
1,0,1,0,0,1,1,0,0,1,1,0,4,5,6,mother_daughter_cif.y4m,43.84,43.964,0.34703,0.004755,0.0,279
1,1,1,1,0,0,0,1,0,0,1,1,4,15,3,mother_daughter_cif.y4m,510.48,514.402,5.573506,0.005027,0.0,229
1,0,1,0,0,1,1,0,0,1,1,1,1,0,0,mother_daughter_cif.y4m,43.84,44.194,0.613783,0.004757,0.0,46
1,0,1,0,0,1,0,0,0,1,1,1,4,5,6,mother_daughter_cif.y4m,39.91,39.544,0.998414,0.005036,0.0,171
1,1,1,1,0,0,0,1,0,0,1,0,2,5,0,mother_daughter_cif.y4m,514.25,524.728,14.5125,0.005011,0.0,99
1,0,1,0,0,1,0,0,0,0,0,0,8,0,0,mother_daughter_cif.y4m,38.56,38.794,0.571384,0.005036,0.0,81
1,1,1,1,0,0,1,1,0,1,0,1,8,5,0,mother_daughter_cif.y4m,520.68,520.708,0.183766,0.005232,0.0,155
1,0,1,0,1,0,0,0,0,1,0,1,1,15,6,mother_daughter_cif.y4m,12.62,12.612,0.033466,0.005034,0.0,96
1,1,1,1,0,0,0,1,0,1,1,1,8,0,0,mother_daughter_cif.y4m,504.94,506.776,9.737768,0.005013,0.0,218
1,1,1,1,0,0,1,1,0,1,1,0,8,0,6,mother_daughter_cif.y4m,529.75,530.144,0.833595,0.005161,0.0,53
1,1,1,0,1,0,1,0,1,0,0,0,2,0,0,mother_daughter_cif.y4m,16.38,16.44,0.108397,0.005076,0.0,109
1,0,1,0,1,0,0,0,0,0,1,0,4,5,6,mother_daughter_cif.y4m,12.99,12.95,0.30282,0.005028,0.0,185
1,1,1,1,0,0,0,1,0,0,1,1,2,0,0,mother_daughter_cif.y4m,499.47,497.244,4.371119,0.005013,0.0,239
1,0,1,1,0,0,0,0,0,0,0,1,2,0,0,mother_daughter_cif.y4m,422.71,422.766,0.142934,0.005025,0.0,276
1,0,1,1,0,0,1,0,0,0,0,1,4,0,6,mother_daughter_cif.y4m,424.03,424.044,0.054589,0.004736,0.0,257
1,0,1,0,0,1,0,0,0,1,1,0,1,5,0,mother_daughter_cif.y4m,38.74,39.194,0.794217,0.005036,0.0,42
1,1,1,0,1,0,1,1,0,0,0,0,2,15,3,mother_daughter_cif.y4m,18.82,18.832,0.052154,0.005219,0.0,204
1,0,1,1,0,0,1,0,0,1,0,1,2,15,6,mother_daughter_cif.y4m,434.62,430.78,6.039156,0.004736,0.0,145
1,0,1,0,1,0,0,0,0,0,0,0,2,0,3,mother_daughter_cif.y4m,12.62,12.62,0.051962,0.005028,0.0,246
1,1,1,1,0,0,0,1,0,0,1,1,8,0,0,mother_daughter_cif.y4m,531.1,529.902,1.998104,0.005013,0.0,202
1,1,1,0,1,0,0,1,0,1,0,0,2,5,3,mother_daughter_cif.y4m,18.77,19.042,0.453178,0.005006,0.0,70
1,0,1,0,1,0,0,0,0,0,1,0,1,5,3,mother_daughter_cif.y4m,13.0,12.884,0.213143,0.005028,0.0,230
1,0,1,0,1,0,1,0,0,0,0,0,4,15,6,mother_daughter_cif.y4m,16.03,15.94,0.247083,0.004746,0.0,267
1,1,1,1,0,0,1,1,0,0,0,1,8,5,3,mother_daughter_cif.y4m,526.94,526.856,0.167123,0.005212,0.0,146
1,0,1,0,1,0,1,0,0,0,0,1,2,15,0,mother_daughter_cif.y4m,15.62,15.592,0.044385,0.00475,0.0,27
1,0,1,0,1,0,1,0,0,0,1,1,8,0,3,mother_daughter_cif.y4m,15.62,16.008,0.550064,0.00475,0.0,137
1,1,1,1,0,0,0,1,0,0,1,1,2,15,0,mother_daughter_cif.y4m,504.45,504.354,0.200574,0.00501,0.0,189
1,1,1,0,1,0,1,1,0,1,0,0,4,15,0,mother_daughter_cif.y4m,20.44,20.438,0.034928,0.005195,0.0,132
1,1,1,1,0,0,0,0,1,1,0,1,8,0,0,mother_daughter_cif.y4m,460.36,461.402,2.817112,0.004999,0.0,169
1,0,1,0,0,1,0,0,0,0,0,0,1,5,6,mother_daughter_cif.y4m,38.72,38.874,0.519837,0.005036,0.0,33
1,0,1,1,0,0,0,0,0,0,1,1,8,15,0,mother_daughter_cif.y4m,402.25,400.762,2.862293,0.005025,0.0,205
1,0,1,1,0,0,0,0,0,1,0,1,2,0,0,mother_daughter_cif.y4m,422.77,422.78,0.168375,0.005025,0.0,245
1,1,1,0,1,0,1,1,0,0,1,1,1,15,0,mother_daughter_cif.y4m,18.72,18.722,0.054037,0.005223,0.0,298
1,0,1,1,0,0,1,0,0,1,1,0,2,5,6,mother_daughter_cif.y4m,424.52,424.786,0.633782,0.004742,0.0,163
1,1,1,1,0,0,0,1,0,0,0,0,1,5,0,mother_daughter_cif.y4m,514.28,514.17,0.205183,0.005011,0.0,123
1,0,1,0,0,1,1,0,0,1,0,0,4,15,0,mother_daughter_cif.y4m,43.95,44.544,1.553136,0.004755,0.0,4
1,0,1,0,0,1,1,0,0,1,1,0,8,5,6,mother_daughter_cif.y4m,46.79,47.05,0.604979,0.004755,0.0,141
1,1,1,0,1,0,0,1,0,1,0,0,8,5,6,mother_daughter_cif.y4m,19.93,19.934,0.047223,0.005001,0.0,129
1,1,1,0,1,0,1,1,0,1,1,0,4,5,3,mother_daughter_cif.y4m,18.5,18.514,0.081731,0.005181,0.0,159
1,0,1,0,0,1,1,0,0,1,0,0,1,0,0,mother_daughter_cif.y4m,43.84,43.742,0.167093,0.004755,0.0,22
1,0,1,0,0,1,0,0,0,1,0,1,2,0,6,mother_daughter_cif.y4m,39.75,39.318,0.600725,0.005036,0.0,175
1,1,1,1,0,0,0,1,0,1,1,1,8,5,6,mother_daughter_cif.y4m,508.63,508.966,1.204919,0.005004,0.0,151
1,1,1,0,1,0,0,1,0,0,1,0,2,5,0,mother_daughter_cif.y4m,19.76,19.766,0.031305,0.00502,0.0,52
1,0,1,0,0,1,0,0,0,0,0,1,4,0,3,mother_daughter_cif.y4m,38.52,38.502,0.119248,0.005036,0.0,108
1,0,1,0,1,0,1,0,0,0,0,1,8,15,0,mother_daughter_cif.y4m,16.08,16.046,0.403212,0.00475,0.0,72
1,0,1,1,0,0,1,0,0,1,1,0,8,0,6,mother_daughter_cif.y4m,424.35,424.332,0.084971,0.004742,0.0,248
1,1,1,1,0,0,1,1,0,1,1,0,8,5,6,mother_daughter_cif.y4m,520.71,530.338,15.241925,0.005208,0.0,174
1,0,1,1,0,0,1,0,0,1,1,1,8,0,3,mother_daughter_cif.y4m,426.14,426.43,2.952389,0.004736,0.0,130
1,1,1,0,1,0,1,1,0,1,1,1,8,15,0,mother_daughter_cif.y4m,18.73,18.848,0.293292,0.005223,0.0,168
1,0,1,0,0,1,1,0,0,1,0,1,8,0,6,mother_daughter_cif.y4m,44.48,44.21,0.493407,0.004757,0.0,198
1,0,1,0,0,1,1,0,0,1,1,0,1,0,3,mother_daughter_cif.y4m,44.55,44.422,0.601057,0.004755,0.0,83
1,1,1,1,0,0,1,1,0,0,1,0,1,0,3,mother_daughter_cif.y4m,494.49,494.532,0.133492,0.005161,0.0,291
1,0,1,0,1,0,0,0,0,1,1,0,1,0,6,mother_daughter_cif.y4m,12.62,12.798,0.244377,0.005028,0.0,237
1,0,1,0,0,1,0,0,0,1,1,1,2,15,3,mother_daughter_cif.y4m,41.26,41.232,0.072595,0.005036,0.0,90
1,1,1,1,0,0,1,1,0,0,0,1,1,15,0,mother_daughter_cif.y4m,516.34,519.582,4.604098,0.005237,0.0,87
1,0,1,1,0,0,1,0,0,1,0,0,1,5,0,mother_daughter_cif.y4m,424.63,426.694,4.814185,0.004742,0.0,74
1,0,1,0,0,1,0,0,0,1,0,0,2,0,3,mother_daughter_cif.y4m,38.65,38.832,0.543572,0.005036,0.0,201
1,0,1,0,1,0,0,0,0,1,0,1,1,0,0,mother_daughter_cif.y4m,12.64,12.682,0.146014,0.005034,0.0,183
1,0,1,1,0,0,0,0,0,0,0,0,4,0,6,mother_daughter_cif.y4m,398.02,397.918,0.230478,0.005021,0.0,227
1,1,1,0,1,0,1,1,0,0,0,0,1,15,6,mother_daughter_cif.y4m,19.11,19.122,0.080436,0.005225,0.0,222
1,0,1,0,0,1,0,0,0,0,1,0,8,0,6,mother_daughter_cif.y4m,38.92,38.958,0.12518,0.005036,0.0,55
1,0,1,1,0,0,0,0,0,0,1,1,2,5,0,mother_daughter_cif.y4m,395.97,395.642,0.822052,0.005025,0.0,142
1,0,1,1,0,0,1,0,0,1,0,1,1,5,6,mother_daughter_cif.y4m,426.87,426.912,0.177116,0.004736,0.0,124
1,0,1,1,0,0,1,0,0,0,0,0,8,0,0,mother_daughter_cif.y4m,454.69,456.044,2.060323,0.004742,0.0,95
1,0,1,1,0,0,1,0,0,1,0,0,2,15,0,mother_daughter_cif.y4m,436.92,434.942,4.838726,0.004742,0.0,241
1,0,1,0,1,0,0,0,0,0,1,1,1,5,3,mother_daughter_cif.y4m,12.62,12.608,0.051672,0.005034,0.0,289
1,0,1,1,0,0,1,0,0,1,1,0,1,5,0,mother_daughter_cif.y4m,424.47,425.72,2.667564,0.004742,0.0,278
1,1,1,0,1,0,0,1,0,1,1,0,1,0,6,mother_daughter_cif.y4m,20.71,20.706,0.514228,0.005032,0.0,176
1,0,1,0,0,1,1,0,0,0,1,0,8,5,0,mother_daughter_cif.y4m,43.77,43.74,0.096437,0.004755,0.0,122
1,0,1,0,0,1,0,0,0,0,1,0,4,0,6,mother_daughter_cif.y4m,38.72,38.718,0.140961,0.005036,0.0,30
1,1,1,0,1,0,0,1,0,0,0,0,2,0,6,mother_daughter_cif.y4m,19.94,20.008,0.131034,0.005032,0.0,251
1,0,1,1,0,0,0,0,0,0,0,1,1,0,0,mother_daughter_cif.y4m,405.71,408.512,4.455454,0.005025,0.0,120
1,0,1,1,0,0,0,0,0,0,0,1,2,15,6,mother_daughter_cif.y4m,422.95,423.908,1.603284,0.005025,0.0,144
1,0,1,0,1,0,1,0,0,0,0,0,1,0,3,mother_daughter_cif.y4m,15.59,15.638,0.123572,0.004746,0.0,265
1,1,1,0,1,0,0,1,0,0,1,0,2,0,6,mother_daughter_cif.y4m,20.13,20.144,0.139929,0.005032,0.0,260
1,1,1,0,1,0,0,1,0,0,0,1,1,0,3,mother_daughter_cif.y4m,20.54,20.644,0.25036,0.005118,0.0,78
1,0,1,0,1,0,0,0,0,0,1,1,8,15,3,mother_daughter_cif.y4m,12.63,12.626,0.043359,0.005034,0.0,84
1,0,1,1,0,0,1,0,0,1,0,0,4,15,3,mother_daughter_cif.y4m,424.34,424.428,0.161771,0.004742,0.0,296
1,0,1,0,0,1,0,0,0,0,0,1,2,5,6,mother_daughter_cif.y4m,38.57,38.75,0.540324,0.005036,0.0,232
1,0,1,0,0,1,1,0,0,0,1,0,4,15,6,mother_daughter_cif.y4m,43.89,43.878,0.09094,0.004755,0.0,213
1,1,1,0,1,0,0,1,0,0,1,1,8,15,3,mother_daughter_cif.y4m,19.0,19.038,0.070143,0.005051,0.0,94
1,0,1,0,1,0,0,0,0,0,1,1,1,5,0,mother_daughter_cif.y4m,12.6,12.606,0.052249,0.005034,0.0,178
1,0,1,1,0,0,1,0,0,1,0,0,4,0,0,mother_daughter_cif.y4m,424.34,424.372,0.246617,0.004742,0.0,127
1,1,1,0,1,0,1,1,0,0,1,0,8,5,6,mother_daughter_cif.y4m,20.31,20.324,0.0498,0.005197,0.0,111
1,0,1,0,1,0,0,0,0,0,0,1,1,0,6,mother_daughter_cif.y4m,13.47,13.588,0.198796,0.005034,0.0,92
1,1,1,1,0,0,0,1,0,0,1,0,8,15,6,mother_daughter_cif.y4m,512.42,516.284,6.012939,0.005045,0.0,54
1,0,1,0,0,1,0,0,0,0,0,1,2,15,0,mother_daughter_cif.y4m,38.42,38.874,0.750353,0.005036,0.0,45
1,0,1,1,0,0,0,0,0,1,0,0,4,0,6,mother_daughter_cif.y4m,395.37,395.382,0.170792,0.005021,0.0,226
1,1,1,1,0,0,1,1,0,1,0,0,8,5,0,mother_daughter_cif.y4m,515.91,516.588,1.552392,0.005187,0.0,200
1,0,1,0,0,1,1,0,0,1,0,1,8,5,6,mother_daughter_cif.y4m,43.78,43.82,0.195959,0.004757,0.0,59
1,1,1,0,1,0,1,0,1,0,0,1,2,0,0,mother_daughter_cif.y4m,16.37,16.354,0.063875,0.00509,0.0,19
1,1,1,1,0,0,0,1,0,1,0,0,2,15,0,mother_daughter_cif.y4m,507.15,509.806,3.905622,0.005008,0.0,47
1,1,1,0,1,0,1,1,0,0,0,1,4,5,6,mother_daughter_cif.y4m,18.96,18.96,0.06364,0.005255,0.0,32
1,1,1,0,1,0,0,1,0,1,0,0,1,5,6,mother_daughter_cif.y4m,19.86,19.962,0.219363,0.005001,0.0,170
1,0,1,0,0,1,0,0,0,1,1,0,1,15,0,mother_daughter_cif.y4m,39.62,39.254,0.610434,0.005036,0.0,270
1,0,1,1,0,0,1,0,0,1,0,1,4,15,6,mother_daughter_cif.y4m,424.17,425.374,2.823071,0.004736,0.0,207
1,1,1,0,1,0,0,1,0,1,1,1,1,5,6,mother_daughter_cif.y4m,18.59,18.722,0.364102,0.005005,0.0,43
1,0,1,0,1,0,1,0,0,0,1,1,1,0,3,mother_daughter_cif.y4m,15.61,15.922,0.507612,0.00475,0.0,40
1,1,1,0,1,0,0,1,0,0,1,1,1,5,3,mother_daughter_cif.y4m,18.53,18.53,0.047434,0.005011,0.0,117
1,0,1,0,0,1,0,0,0,0,1,0,8,15,6,mother_daughter_cif.y4m,38.57,38.566,0.086197,0.005036,0.0,253
1,0,1,1,0,0,0,0,0,1,0,0,1,15,3,mother_daughter_cif.y4m,396.01,396.144,0.743525,0.005021,0.0,68
1,1,1,1,0,0,0,1,0,1,1,1,1,15,6,mother_daughter_cif.y4m,525.03,524.86,11.746949,0.005004,0.0,186
1,1,1,0,1,0,1,1,0,0,0,1,8,15,3,mother_daughter_cif.y4m,18.34,18.336,0.027019,0.005246,0.0,288
1,1,1,0,1,0,0,1,0,0,0,0,2,0,0,mother_daughter_cif.y4m,20.1,20.518,0.707262,0.005032,0.0,15
1,0,1,1,0,0,0,0,0,0,1,1,2,15,3,mother_daughter_cif.y4m,397.15,397.18,0.142829,0.005025,0.0,82
1,1,1,1,0,0,0,1,0,0,0,0,4,15,6,mother_daughter_cif.y4m,549.03,549.056,0.195141,0.005045,0.0,211
1,0,1,0,1,0,1,0,0,1,1,1,8,15,6,mother_daughter_cif.y4m,16.66,16.676,0.0498,0.00475,0.0,177
1,1,1,0,1,0,0,1,0,1,1,1,2,5,3,mother_daughter_cif.y4m,18.57,18.544,0.063875,0.005011,0.0,210
1,0,1,1,0,0,0,0,0,1,1,1,2,0,3,mother_daughter_cif.y4m,394.48,394.61,0.320156,0.005025,0.0,13
1,0,1,0,1,0,1,0,0,0,0,1,2,15,3,mother_daughter_cif.y4m,15.79,15.826,0.202188,0.00475,0.0,228
1,0,1,0,1,0,1,0,0,1,1,0,4,5,3,mother_daughter_cif.y4m,16.01,15.948,0.394614,0.004746,0.0,38
1,1,1,1,0,0,0,1,0,0,0,1,4,15,6,mother_daughter_cif.y4m,514.65,514.83,1.358805,0.005004,0.0,29
1,1,1,1,0,0,1,0,1,1,0,0,8,0,0,mother_daughter_cif.y4m,466.03,466.032,0.078549,0.005042,0.0,24
1,1,1,1,0,0,0,1,0,0,0,0,8,5,6,mother_daughter_cif.y4m,514.33,514.358,0.172395,0.004963,0.0,293
1,1,1,1,0,0,0,1,0,0,1,0,2,5,6,mother_daughter_cif.y4m,511.43,513.008,2.364618,0.004963,0.0,67
1,1,1,0,1,0,0,1,0,1,0,1,2,5,0,mother_daughter_cif.y4m,19.25,19.304,0.10139,0.005042,0.0,199
1,0,1,0,0,1,1,0,0,1,1,0,8,15,3,mother_daughter_cif.y4m,43.69,43.708,0.077589,0.004755,0.0,244
1,0,1,0,0,1,1,0,0,0,0,0,8,15,0,mother_daughter_cif.y4m,45.03,44.896,1.056163,0.004755,0.0,80
1,1,1,1,0,0,1,1,0,1,1,1,2,0,3,mother_daughter_cif.y4m,491.1,491.73,1.493385,0.005195,0.0,223
1,1,1,0,1,0,1,1,0,0,1,0,8,5,0,mother_daughter_cif.y4m,19.11,19.086,0.039115,0.005213,0.0,121
1,0,1,1,0,0,1,0,0,0,0,0,8,5,3,mother_daughter_cif.y4m,427.41,427.332,0.184445,0.004742,0.0,261
1,0,1,1,0,0,1,0,0,1,1,0,1,5,6,mother_daughter_cif.y4m,424.39,424.35,0.112694,0.004742,0.0,156
1,1,1,1,0,0,0,1,0,0,1,0,4,15,3,mother_daughter_cif.y4m,512.97,513.258,1.305802,0.004996,0.0,271
1,1,1,1,0,0,1,1,0,1,0,0,2,15,3,mother_daughter_cif.y4m,527.17,527.282,0.340837,0.005179,0.0,9
1,1,1,1,0,0,1,1,0,1,0,1,1,0,0,mother_daughter_cif.y4m,491.17,495.108,5.590708,0.005195,0.0,165
1,0,1,0,0,1,1,0,0,1,0,0,1,15,6,mother_daughter_cif.y4m,43.85,43.888,0.226097,0.004755,0.0,126
1,0,1,1,0,0,1,0,0,1,1,1,8,5,0,mother_daughter_cif.y4m,424.03,424.112,0.139535,0.004736,0.0,280
1,0,1,1,0,0,0,0,0,1,1,0,2,5,3,mother_daughter_cif.y4m,423.62,424.106,1.212221,0.005021,0.0,172
1,0,1,0,1,0,1,0,0,0,0,0,1,15,6,mother_daughter_cif.y4m,15.57,15.574,0.02881,0.004746,0.0,292
1,0,1,0,0,1,0,0,0,1,0,1,1,0,3,mother_daughter_cif.y4m,40.04,40.142,0.485459,0.005036,0.0,179
1,0,1,0,0,1,1,0,0,1,0,1,2,0,3,mother_daughter_cif.y4m,43.5,43.638,0.425641,0.004757,0.0,272
1,0,1,0,0,1,1,0,0,0,1,0,4,5,0,mother_daughter_cif.y4m,47.06,47.054,0.073007,0.004755,0.0,105
1,0,1,0,1,0,0,0,0,0,0,0,1,0,3,mother_daughter_cif.y4m,12.64,12.636,0.047749,0.005028,0.0,76
1,0,1,1,0,0,1,0,0,0,1,0,4,15,3,mother_daughter_cif.y4m,424.51,424.688,0.352307,0.004742,0.0,197
1,1,1,1,0,0,1,1,0,0,1,0,1,15,0,mother_daughter_cif.y4m,521.46,521.32,0.623177,0.005176,0.0,221
1,1,1,1,0,0,1,1,0,0,1,0,8,15,6,mother_daughter_cif.y4m,525.67,527.708,5.453767,0.005225,0.0,167
1,1,1,0,1,0,0,1,0,1,0,1,4,15,6,mother_daughter_cif.y4m,19.14,19.208,0.143073,0.005099,0.0,136
1,1,1,1,0,0,0,1,0,1,0,1,8,15,6,mother_daughter_cif.y4m,539.43,529.458,14.827844,0.005004,0.0,243
1,0,1,0,1,0,0,0,0,1,0,1,8,15,6,mother_daughter_cif.y4m,13.45,13.528,0.165439,0.005034,0.0,60
1,0,1,1,0,0,0,0,0,1,0,1,2,0,6,mother_daughter_cif.y4m,394.77,394.828,0.167242,0.005025,0.0,110
1,1,1,1,0,0,1,1,0,1,0,0,1,15,6,mother_daughter_cif.y4m,523.44,523.444,0.136858,0.005225,0.0,35
1,0,1,1,0,0,1,0,0,0,1,1,2,5,6,mother_daughter_cif.y4m,424.19,427.408,5.106091,0.004736,0.0,235
1,0,1,1,0,0,0,0,0,1,0,0,1,0,3,mother_daughter_cif.y4m,406.0,406.71,7.499527,0.005021,0.0,44
1,1,1,0,1,0,1,1,0,0,1,0,4,15,3,mother_daughter_cif.y4m,19.14,19.12,0.041833,0.005219,0.0,256
1,0,1,0,0,1,0,0,0,0,1,1,8,0,0,mother_daughter_cif.y4m,38.98,38.936,0.109681,0.005036,0.0,192
1,0,1,0,1,0,0,0,0,0,1,1,2,0,0,mother_daughter_cif.y4m,12.66,12.834,0.301712,0.005034,0.0,41
1,0,1,1,0,0,0,0,0,0,1,0,4,5,0,mother_daughter_cif.y4m,395.41,395.414,0.081425,0.005021,0.0,37
1,0,1,0,0,1,0,0,0,0,0,0,4,5,0,mother_daughter_cif.y4m,38.63,38.646,0.116748,0.005036,0.0,26
1,1,1,1,0,0,0,1,0,0,0,0,1,0,3,mother_daughter_cif.y4m,502.65,501.72,5.45128,0.005,0.0,273
1,1,1,1,0,0,1,1,0,0,0,1,1,5,6,mother_daughter_cif.y4m,520.43,521.304,1.633411,0.005225,0.0,233
1,1,1,0,1,0,1,1,0,0,1,1,8,0,0,mother_daughter_cif.y4m,20.68,20.69,0.051478,0.005243,0.0,101
1,0,1,1,0,0,0,0,0,0,0,1,2,5,3,mother_daughter_cif.y4m,394.68,395.068,0.926321,0.005025,0.0,39
1,1,1,0,1,0,0,1,0,0,0,1,1,15,0,mother_daughter_cif.y4m,18.99,18.97,0.03937,0.005025,0.0,106
1,1,1,0,1,0,0,0,1,1,0,0,1,0,0,mother_daughter_cif.y4m,16.54,16.548,0.090388,0.005011,0.0,242
1,1,1,1,0,0,1,1,0,0,1,0,2,15,0,mother_daughter_cif.y4m,522.45,522.578,0.440591,0.005176,0.0,193
1,0,1,0,1,0,1,0,0,0,1,0,1,15,6,mother_daughter_cif.y4m,15.56,15.564,0.086487,0.004746,0.0,103
1,1,1,0,1,0,0,1,0,1,1,1,8,5,6,mother_daughter_cif.y4m,18.68,18.706,0.074364,0.005005,0.0,1
1,0,1,1,0,0,0,0,0,1,1,1,1,0,0,mother_daughter_cif.y4m,394.59,394.642,0.180194,0.005025,0.0,61
1,1,1,1,0,0,0,0,1,0,0,0,2,0,0,mother_daughter_cif.y4m,460.21,460.194,0.199324,0.004982,0.0,56
1,1,1,0,1,0,0,1,0,0,1,0,8,15,3,mother_daughter_cif.y4m,19.29,19.296,0.189947,0.005026,0.0,148
1,0,1,0,1,0,0,0,0,1,0,1,2,5,0,mother_daughter_cif.y4m,12.64,12.63,0.093005,0.005034,0.0,112
1,0,1,0,1,0,1,0,0,0,1,0,8,15,3,mother_daughter_cif.y4m,15.58,15.722,0.261954,0.004746,0.0,300
1,0,1,0,1,0,0,0,0,1,1,0,4,15,0,mother_daughter_cif.y4m,12.69,12.684,0.013416,0.005028,0.0,249
1,0,1,0,1,0,0,0,0,0,0,1,2,0,0,mother_daughter_cif.y4m,12.83,12.768,0.101587,0.005034,0.0,20
1,1,1,1,0,0,1,1,0,1,0,1,1,5,0,mother_daughter_cif.y4m,518.57,518.656,0.583421,0.005232,0.0,104
1,1,1,1,0,0,0,1,0,1,1,1,8,15,6,mother_daughter_cif.y4m,514.67,518.522,7.008603,0.005004,0.0,131
1,0,1,1,0,0,0,0,0,0,0,0,2,0,3,mother_daughter_cif.y4m,395.34,395.326,0.075366,0.005021,0.0,69
1,0,1,0,1,0,1,0,0,0,0,0,2,0,3,mother_daughter_cif.y4m,15.49,15.574,0.128957,0.004746,0.0,220
1,1,1,1,0,0,1,1,0,1,1,1,8,15,6,mother_daughter_cif.y4m,519.31,519.22,0.292746,0.005259,0.0,11
1,1,1,1,0,0,1,1,0,1,0,0,4,15,6,mother_daughter_cif.y4m,523.5,523.47,0.314086,0.005225,0.0,258
1,0,1,0,1,0,1,0,0,0,0,0,2,15,3,mother_daughter_cif.y4m,15.56,15.594,0.105262,0.004746,0.0,65
1,0,1,0,0,1,1,0,0,0,0,0,2,15,0,mother_daughter_cif.y4m,44.5,44.352,0.587129,0.004755,0.0,160
1,0,1,0,0,1,1,0,0,0,0,0,8,0,0,mother_daughter_cif.y4m,43.67,43.936,0.641545,0.004755,0.0,238
1,1,1,1,0,0,0,1,0,0,0,0,4,0,0,mother_daughter_cif.y4m,496.84,497.366,1.432264,0.005,0.0,57
1,1,1,0,1,0,0,1,0,1,0,1,2,0,0,mother_daughter_cif.y4m,20.55,20.692,0.280927,0.005118,0.0,79
1,0,1,0,1,0,1,0,0,0,1,0,4,15,3,mother_daughter_cif.y4m,15.62,15.596,0.061887,0.004746,0.0,224
1,1,1,0,1,0,0,1,0,1,0,0,2,0,3,mother_daughter_cif.y4m,19.97,20.174,0.317301,0.005032,0.0,48
1,0,1,0,1,0,1,0,0,0,0,1,8,0,6,mother_daughter_cif.y4m,15.6,15.804,0.513108,0.00475,0.0,173
1,1,1,1,0,0,1,1,0,0,1,1,1,0,0,mother_daughter_cif.y4m,491.78,492.036,0.799706,0.005195,0.0,283
1,0,1,0,1,0,0,0,0,0,0,0,1,0,6,mother_daughter_cif.y4m,12.68,12.716,0.098641,0.005028,0.0,190
1,0,1,0,1,0,1,0,0,1,1,1,4,0,6,mother_daughter_cif.y4m,15.74,15.738,0.075631,0.00475,0.0,259
1,0,1,1,0,0,0,0,0,0,0,1,1,15,3,mother_daughter_cif.y4m,394.67,397.542,4.519798,0.005025,0.0,7
1,0,1,0,0,1,0,0,0,0,0,1,2,5,0,mother_daughter_cif.y4m,39.88,39.374,0.828662,0.005036,0.0,73
1,1,1,1,0,0,1,1,0,0,0,0,2,0,6,mother_daughter_cif.y4m,494.31,494.35,0.24052,0.005161,0.0,63
1,0,1,0,0,1,1,0,0,1,1,0,2,15,3,mother_daughter_cif.y4m,43.89,43.872,0.068702,0.004755,0.0,284
1,0,1,1,0,0,1,0,0,1,0,1,8,15,6,mother_daughter_cif.y4m,424.16,428.182,5.640352,0.004736,0.0,250
1,1,1,0,1,0,0,1,0,0,0,0,2,5,0,mother_daughter_cif.y4m,19.25,19.23,0.038079,0.00502,0.0,209
1,0,1,0,1,0,1,0,0,0,0,1,4,5,3,mother_daughter_cif.y4m,16.63,16.648,0.065345,0.00475,0.0,138
1,1,1,1,0,0,0,0,1,1,1,0,1,0,0,mother_daughter_cif.y4m,460.46,461.548,1.558868,0.004982,0.0,135
1,1,1,1,0,0,1,1,0,1,1,0,4,5,3,mother_daughter_cif.y4m,563.37,564.264,1.740928,0.005209,0.0,264
1,1,1,1,0,0,0,1,0,1,1,0,2,0,6,mother_daughter_cif.y4m,496.65,496.666,0.140107,0.005,0.0,215
1,0,1,0,0,1,0,0,0,0,1,1,4,5,3,mother_daughter_cif.y4m,38.87,39.074,0.606861,0.005036,0.0,50
1,0,1,1,0,0,0,0,0,1,1,0,4,0,6,mother_daughter_cif.y4m,395.23,395.226,0.096592,0.005021,0.0,98
1,1,1,1,0,0,0,1,0,1,1,0,1,15,0,mother_daughter_cif.y4m,507.18,512.406,11.927937,0.005008,0.0,140
1,1,1,1,0,0,0,1,0,0,1,1,1,0,3,mother_daughter_cif.y4m,492.75,492.7,0.142653,0.005013,0.0,113
1,0,1,0,1,0,1,0,0,1,1,0,1,0,6,mother_daughter_cif.y4m,15.67,16.088,0.655683,0.004746,0.0,3
1,0,1,0,0,1,0,0,0,1,1,1,8,0,0,mother_daughter_cif.y4m,39.02,39.016,0.319421,0.005036,0.0,149
1,0,1,1,0,0,0,0,0,0,1,1,8,5,6,mother_daughter_cif.y4m,397.36,400.842,5.48854,0.005025,0.0,153
1,1,1,1,0,0,1,1,0,1,1,0,2,15,6,mother_daughter_cif.y4m,523.49,523.654,0.406239,0.005225,0.0,133
1,0,1,1,0,0,0,0,0,0,0,0,1,0,3,mother_daughter_cif.y4m,397.69,397.722,0.503855,0.005021,0.0,191
1,1,1,0,1,0,0,1,0,1,0,1,1,0,6,mother_daughter_cif.y4m,20.7,20.658,0.091761,0.005118,0.0,100
1,0,1,1,0,0,1,0,0,0,1,0,4,0,3,mother_daughter_cif.y4m,424.47,424.88,0.868735,0.004742,0.0,85
1,0,1,0,0,1,1,0,0,0,0,0,2,0,3,mother_daughter_cif.y4m,43.82,43.848,0.104499,0.004755,0.0,88
1,0,1,0,1,0,1,0,0,1,1,0,4,15,6,mother_daughter_cif.y4m,15.64,15.646,0.04669,0.004746,0.0,31
1,0,1,0,0,1,1,0,0,0,0,0,4,5,3,mother_daughter_cif.y4m,47.02,47.224,0.57609,0.004755,0.0,134
1,1,1,0,1,0,1,1,0,1,1,1,8,0,3,mother_daughter_cif.y4m,19.46,19.448,0.159123,0.005243,0.0,147
1,1,1,1,0,0,0,1,0,0,1,1,4,15,6,mother_daughter_cif.y4m,513.08,516.106,6.812616,0.005004,0.0,275
1,0,1,0,0,1,1,0,0,0,1,0,4,15,3,mother_daughter_cif.y4m,43.86,43.968,0.361898,0.004755,0.0,143
1,1,1,0,1,0,1,1,0,1,0,0,1,5,6,mother_daughter_cif.y4m,19.06,19.062,0.070498,0.005197,0.0,8
1,1,1,1,0,0,1,1,0,0,1,1,4,5,3,mother_daughter_cif.y4m,528.04,528.104,1.324341,0.005212,0.0,216
1,0,1,1,0,0,1,0,0,1,0,0,1,0,3,mother_daughter_cif.y4m,424.35,424.342,0.085264,0.004742,0.0,214
1,0,1,0,0,1,0,0,0,0,0,0,1,5,0,mother_daughter_cif.y4m,39.29,39.188,0.415415,0.005036,0.0,17
1,0,1,0,0,1,1,0,0,0,0,0,1,5,0,mother_daughter_cif.y4m,44.95,44.996,0.12482,0.004755,0.0,206
1,0,1,0,1,0,0,0,0,1,1,1,8,15,0,mother_daughter_cif.y4m,12.58,12.802,0.322444,0.005034,0.0,36
1,1,1,0,1,0,1,1,0,0,0,0,4,15,3,mother_daughter_cif.y4m,19.37,19.31,0.283901,0.005219,0.0,6
1,0,1,1,0,0,1,0,0,0,0,1,1,0,6,mother_daughter_cif.y4m,424.11,425.41,3.079602,0.004736,0.0,5
1,0,1,1,0,0,1,0,0,0,0,0,8,15,6,mother_daughter_cif.y4m,424.62,425.286,1.653173,0.004742,0.0,164
1,0,1,0,0,1,0,0,0,1,0,0,8,0,6,mother_daughter_cif.y4m,41.34,41.398,0.163156,0.005036,0.0,97
1,0,1,1,0,0,0,0,0,0,1,0,2,5,3,mother_daughter_cif.y4m,423.43,423.926,1.178868,0.005021,0.0,236
1,1,1,0,1,0,1,1,0,0,0,0,8,5,0,mother_daughter_cif.y4m,19.53,19.45,0.44671,0.005213,0.0,71
1,1,1,0,1,0,1,1,0,1,0,1,2,0,3,mother_daughter_cif.y4m,19.24,19.264,0.090167,0.005243,0.0,295
1,0,1,1,0,0,1,0,0,1,1,0,8,5,3,mother_daughter_cif.y4m,424.89,425.122,0.962923,0.004742,0.0,286
1,0,1,0,1,0,0,0,0,0,0,1,1,5,0,mother_daughter_cif.y4m,12.58,12.586,0.042778,0.005034,0.0,34
1,0,1,0,1,0,1,0,0,1,1,1,1,5,3,mother_daughter_cif.y4m,15.67,16.018,0.577642,0.00475,0.0,240
1,0,1,0,0,1,1,0,0,0,0,1,4,15,3,mother_daughter_cif.y4m,43.56,43.578,0.138636,0.004757,0.0,18
1,0,1,0,1,0,0,0,0,0,1,0,8,0,6,mother_daughter_cif.y4m,12.72,12.744,0.111041,0.005028,0.0,102
1,1,1,1,0,0,1,0,1,0,1,0,4,0,0,mother_daughter_cif.y4m,468.96,472.228,6.911365,0.005042,0.0,51
1,1,1,1,0,0,1,1,0,0,0,1,4,15,6,mother_daughter_cif.y4m,516.33,523.792,11.106769,0.005259,0.0,282
1,0,1,0,1,0,1,0,0,1,1,1,1,0,3,mother_daughter_cif.y4m,15.53,15.786,0.378325,0.00475,0.0,77
1,0,1,1,0,0,1,0,0,0,1,0,2,0,3,mother_daughter_cif.y4m,424.46,424.474,0.204279,0.004742,0.0,128
1,1,1,0,1,0,1,1,0,0,0,0,2,5,3,mother_daughter_cif.y4m,18.89,18.892,0.247427,0.005181,0.0,234
1,0,1,1,0,0,0,0,0,0,1,1,1,0,0,mother_daughter_cif.y4m,394.54,394.88,0.59879,0.005025,0.0,252
1,0,1,1,0,0,1,0,0,0,0,1,4,0,3,mother_daughter_cif.y4m,426.68,426.128,1.803682,0.004736,0.0,28
1,0,1,0,0,1,1,0,0,1,1,1,8,15,3,mother_daughter_cif.y4m,43.92,43.892,0.394677,0.004757,0.0,139
1,0,1,0,0,1,0,0,0,0,0,1,1,5,0,mother_daughter_cif.y4m,38.64,38.546,0.187029,0.005036,0.0,158
1,1,1,0,1,0,1,1,0,1,0,1,8,5,3,mother_daughter_cif.y4m,18.75,18.778,0.046583,0.005248,0.0,152
1,0,1,1,0,0,1,0,0,1,0,0,2,0,6,mother_daughter_cif.y4m,424.56,426.982,5.537799,0.004742,0.0,12
1,1,1,0,1,0,0,1,0,0,0,1,4,15,3,mother_daughter_cif.y4m,19.02,19.006,0.052726,0.005051,0.0,294
1,1,1,0,1,0,0,1,0,0,0,1,8,15,3,mother_daughter_cif.y4m,19.29,19.27,0.076158,0.005051,0.0,154
1,1,1,1,0,0,0,1,0,1,0,0,2,15,6,mother_daughter_cif.y4m,512.84,512.818,0.329651,0.005045,0.0,157
1,0,1,1,0,0,1,0,0,1,1,1,2,0,3,mother_daughter_cif.y4m,454.22,454.222,0.150067,0.004736,0.0,150
1,1,1,0,1,0,1,1,0,0,1,0,8,0,6,mother_daughter_cif.y4m,19.73,19.726,0.035071,0.00521,0.0,287
1,0,1,0,1,0,0,0,0,1,1,0,1,0,3,mother_daughter_cif.y4m,12.63,12.642,0.045497,0.005028,0.0,297
1,0,1,0,0,1,0,0,0,1,1,0,8,15,0,mother_daughter_cif.y4m,39.64,39.49,0.549272,0.005036,0.0,263
1,1,1,0,1,0,0,1,0,1,1,1,1,5,3,mother_daughter_cif.y4m,18.77,18.776,0.040373,0.005011,0.0,255
1,0,1,1,0,0,0,0,0,1,1,0,8,15,3,mother_daughter_cif.y4m,395.24,395.442,0.45817,0.005021,0.0,115
1,0,1,0,0,1,1,0,0,1,0,1,4,15,3,mother_daughter_cif.y4m,44.11,44.008,0.584568,0.004757,0.0,188
1,0,1,0,0,1,1,0,0,0,0,1,8,0,6,mother_daughter_cif.y4m,43.69,44.204,1.207013,0.004757,0.0,212
1,0,1,1,0,0,1,0,0,0,0,1,1,15,3,mother_daughter_cif.y4m,424.21,424.25,0.19352,0.004736,0.0,195
1,0,1,0,1,0,0,0,0,0,1,1,2,15,0,mother_daughter_cif.y4m,12.57,12.584,0.050299,0.005034,0.0,119
1,0,1,1,0,0,0,0,0,1,0,1,4,15,0,mother_daughter_cif.y4m,396.99,397.086,0.232873,0.005025,0.0,58
1,0,1,0,1,0,1,0,0,1,0,1,4,0,6,mother_daughter_cif.y4m,15.57,15.64,0.219203,0.00475,0.0,277
1,0,1,0,1,0,1,0,0,0,1,1,4,5,6,mother_daughter_cif.y4m,15.58,15.574,0.033615,0.00475,0.0,64
1,1,1,0,1,0,1,1,0,1,0,0,2,0,0,mother_daughter_cif.y4m,19.68,19.676,0.080498,0.00521,0.0,285
1,1,1,0,1,0,1,1,0,1,0,0,4,0,0,mother_daughter_cif.y4m,19.76,19.766,0.04669,0.00521,0.0,290
1,0,1,1,0,0,0,0,0,1,0,1,8,5,6,mother_daughter_cif.y4m,396.82,396.486,1.196654,0.005025,0.0,196
1,1,1,1,0,0,1,0,1,1,1,1,1,0,0,mother_daughter_cif.y4m,475.59,472.152,5.643773,0.005122,0.0,93
1,0,1,1,0,0,1,0,0,0,1,1,4,5,6,mother_daughter_cif.y4m,424.13,424.11,0.201618,0.004736,0.0,299
1,0,1,1,0,0,0,0,0,1,0,0,2,5,0,mother_daughter_cif.y4m,395.54,397.604,4.733469,0.005021,0.0,125
1,1,1,0,1,0,0,1,0,1,0,1,2,15,6,mother_daughter_cif.y4m,19.05,19.05,0.036742,0.005099,0.0,21
1,0,1,0,1,0,0,0,0,1,0,1,2,0,0,mother_daughter_cif.y4m,12.57,12.562,0.021679,0.005034,0.0,225
1,0,1,0,1,0,0,0,0,1,0,0,2,5,0,news_cif.y4m,12.61,12.6,0.048477,0.005213,0.0,114
1,1,1,1,0,0,0,0,1,0,0,1,1,0,0,news_cif.y4m,577.58,577.606,0.107145,0.004982,0.0,281
1,1,1,1,0,0,0,1,0,1,1,0,2,5,0,news_cif.y4m,623.13,623.042,0.24407,0.005005,0.0,49
1,0,1,0,0,1,1,0,0,0,0,0,2,15,6,news_cif.y4m,45.3,45.204,0.187029,0.005397,0.0,194
1,0,1,1,0,0,0,0,0,0,0,0,2,0,6,news_cif.y4m,431.07,431.136,0.150765,0.005205,0.0,62
1,1,1,0,1,0,0,1,0,1,1,1,1,15,3,news_cif.y4m,19.99,19.99,0.05,0.005017,0.0,91
1,0,1,0,0,1,1,0,0,0,0,0,4,0,6,news_cif.y4m,44.93,44.978,0.140071,0.005397,0.0,107
1,0,1,1,0,0,1,0,0,0,0,1,4,5,3,news_cif.y4m,488.13,488.176,0.293053,0.005336,0.0,181
1,0,1,0,1,0,1,0,0,0,0,0,4,5,0,news_cif.y4m,14.7,14.704,0.047223,0.005392,0.0,247
1,0,1,1,0,0,0,0,0,1,1,0,4,5,3,news_cif.y4m,431.26,431.398,0.217876,0.005205,0.0,166
1,0,1,0,0,1,0,0,0,0,1,1,4,0,0,news_cif.y4m,38.95,38.98,0.107703,0.005221,0.0,25
1,1,1,0,1,0,0,1,0,0,0,1,8,0,6,news_cif.y4m,20.07,20.06,0.062048,0.005048,0.0,203
1,1,1,1,0,0,1,1,0,1,1,1,4,5,6,news_cif.y4m,648.86,648.918,0.387969,0.005232,0.0,219
1,0,1,0,0,1,0,0,0,0,0,0,4,15,0,news_cif.y4m,38.71,38.608,0.179081,0.00522,0.0,162
1,0,1,1,0,0,1,0,0,0,1,0,4,15,6,news_cif.y4m,486.94,486.964,0.268198,0.005367,0.0,182
1,0,1,0,0,1,0,0,0,1,1,0,1,15,6,news_cif.y4m,38.52,38.544,0.069498,0.00522,0.0,10
1,1,1,1,0,0,1,1,0,1,1,1,2,15,0,news_cif.y4m,614.47,614.4,0.362836,0.005249,0.0,14
1,1,1,1,0,0,0,1,0,0,0,1,1,0,6,news_cif.y4m,575.73,575.736,0.280767,0.00503,0.0,89
1,1,1,1,0,0,0,1,0,1,1,1,1,5,0,news_cif.y4m,598.08,608.658,23.90522,0.005022,0.0,116
1,0,1,1,0,0,0,0,0,0,1,1,4,15,3,news_cif.y4m,431.12,431.182,0.217187,0.005203,0.0,217
1,1,1,0,1,0,0,1,0,0,1,0,1,0,0,news_cif.y4m,20.58,20.59,0.073485,0.005032,0.0,75
1,1,1,0,1,0,0,1,0,1,1,1,2,15,6,news_cif.y4m,20.52,20.534,0.058566,0.005008,0.0,266
1,0,1,1,0,0,1,0,0,0,1,1,4,15,3,news_cif.y4m,487.99,488.006,0.194242,0.005336,0.0,268
1,0,1,0,1,0,1,0,0,1,1,1,4,15,3,news_cif.y4m,14.66,14.666,0.065038,0.005325,0.0,187
1,0,1,0,0,1,1,0,0,0,1,0,8,15,3,news_cif.y4m,45.13,45.152,0.144118,0.005397,0.0,161
1,0,1,0,1,0,1,0,0,0,1,0,2,0,6,news_cif.y4m,14.71,14.702,0.047645,0.005392,0.0,23
1,1,1,1,0,0,0,1,0,1,1,0,2,5,6,news_cif.y4m,602.98,603.034,0.383706,0.005006,0.0,2
1,1,1,1,0,0,1,0,1,1,0,1,2,0,0,news_cif.y4m,606.3,606.324,0.124218,0.00505,0.0,16
1,0,1,1,0,0,0,0,0,1,1,1,8,15,0,news_cif.y4m,431.09,431.3,0.62153,0.005203,0.0,262
1,1,1,1,0,0,0,1,0,1,1,0,4,5,0,news_cif.y4m,626.54,626.432,0.501119,0.005005,0.0,66
1,0,1,1,0,0,0,0,0,1,0,0,2,0,0,news_cif.y4m,429.12,429.134,0.366374,0.005205,0.0,86
1,0,1,0,1,0,1,0,0,0,1,0,2,5,6,news_cif.y4m,14.75,14.738,0.027749,0.005392,0.0,231
1,0,1,0,1,0,0,0,0,0,0,0,4,5,0,news_cif.y4m,12.59,12.584,0.061482,0.005213,0.0,269
1,1,1,0,1,0,1,1,0,0,1,0,1,5,0,news_cif.y4m,21.32,21.366,0.109453,0.005279,0.0,180
1,0,1,0,0,1,0,0,0,0,1,0,4,5,6,news_cif.y4m,38.53,38.594,0.111041,0.00522,0.0,274
1,1,1,1,0,0,0,1,0,1,1,0,2,15,6,news_cif.y4m,622.98,622.874,0.258225,0.004998,0.0,184
1,0,1,0,0,1,1,0,0,0,0,1,4,5,0,news_cif.y4m,44.45,44.44,0.096695,0.005421,0.0,118
1,1,1,1,0,0,0,1,0,0,0,0,1,0,6,news_cif.y4m,588.64,588.618,0.136088,0.005021,0.0,254
1,0,1,1,0,0,1,0,0,0,1,1,4,5,0,news_cif.y4m,488.62,488.704,0.266889,0.005336,0.0,208
1,0,1,0,0,1,1,0,0,1,1,0,4,5,6,news_cif.y4m,45.13,45.13,0.097211,0.005397,0.0,279
1,1,1,1,0,0,0,1,0,0,1,1,4,15,3,news_cif.y4m,585.42,585.518,0.513585,0.005003,0.0,229
1,0,1,0,0,1,1,0,0,1,1,1,1,0,0,news_cif.y4m,44.41,44.39,0.084558,0.005421,0.0,46
1,0,1,0,0,1,0,0,0,1,1,1,4,5,6,news_cif.y4m,38.98,38.96,0.113798,0.005221,0.0,171
1,1,1,1,0,0,0,1,0,0,1,0,2,5,0,news_cif.y4m,626.48,626.71,0.427551,0.005005,0.0,99
1,0,1,0,0,1,0,0,0,0,0,0,8,0,0,news_cif.y4m,38.49,38.514,0.178129,0.00522,0.0,81
1,1,1,1,0,0,1,1,0,1,0,1,8,5,0,news_cif.y4m,622.11,622.0,0.396421,0.005247,0.0,155
1,0,1,0,1,0,0,0,0,1,0,1,1,15,6,news_cif.y4m,12.47,12.478,0.060992,0.005208,0.0,96
1,1,1,1,0,0,0,1,0,1,1,1,8,0,0,news_cif.y4m,576.08,576.042,0.185122,0.00503,0.0,218
1,1,1,1,0,0,1,1,0,1,1,0,8,0,6,news_cif.y4m,615.32,615.364,0.370985,0.005293,0.0,53
1,1,1,0,1,0,1,0,1,0,0,0,2,0,0,news_cif.y4m,17.87,17.878,0.043243,0.005045,0.0,109
1,0,1,0,1,0,0,0,0,0,1,0,4,5,6,news_cif.y4m,12.57,12.572,0.014832,0.005213,0.0,185
1,1,1,1,0,0,0,1,0,0,1,1,2,0,0,news_cif.y4m,576.08,576.068,0.378576,0.00503,0.0,239
1,0,1,1,0,0,0,0,0,0,0,1,2,0,0,news_cif.y4m,431.44,431.362,0.435741,0.005203,0.0,276
1,0,1,1,0,0,1,0,0,0,0,1,4,0,6,news_cif.y4m,488.53,488.532,0.234563,0.005336,0.0,257
1,0,1,0,0,1,0,0,0,1,1,0,1,5,0,news_cif.y4m,39.01,38.99,0.046368,0.00522,0.0,42
1,1,1,0,1,0,1,1,0,0,0,0,2,15,3,news_cif.y4m,21.41,21.41,0.03937,0.005259,0.0,204
1,0,1,1,0,0,1,0,0,1,0,1,2,15,6,news_cif.y4m,485.85,485.894,0.814021,0.005336,0.0,145
1,0,1,0,1,0,0,0,0,0,0,0,2,0,3,news_cif.y4m,12.58,12.578,0.025884,0.005213,0.0,246
1,1,1,1,0,0,0,1,0,0,1,1,8,0,0,news_cif.y4m,575.91,576.058,0.372653,0.00503,0.0,202
1,1,1,0,1,0,0,1,0,1,0,0,2,5,3,news_cif.y4m,20.1,20.084,0.059414,0.005006,0.0,70
1,0,1,0,1,0,0,0,0,0,1,0,1,5,3,news_cif.y4m,12.44,12.43,0.046904,0.005213,0.0,230
1,0,1,0,1,0,1,0,0,0,0,0,4,15,6,news_cif.y4m,14.72,14.718,0.068337,0.005392,0.0,267
1,1,1,1,0,0,1,1,0,0,0,1,8,5,3,news_cif.y4m,619.89,619.792,0.417397,0.005231,0.0,146
1,0,1,0,1,0,1,0,0,0,0,1,2,15,0,news_cif.y4m,14.84,14.846,0.030496,0.005325,0.0,27
1,0,1,0,1,0,1,0,0,0,1,1,8,0,3,news_cif.y4m,14.85,14.83,0.060415,0.005325,0.0,137
1,1,1,1,0,0,0,1,0,0,1,1,2,15,0,news_cif.y4m,597.87,597.892,0.23403,0.005018,0.0,189
1,1,1,0,1,0,1,1,0,1,0,0,4,15,0,news_cif.y4m,21.42,21.422,0.037014,0.005288,0.0,132
1,1,1,1,0,0,0,0,1,1,0,1,8,0,0,news_cif.y4m,578.06,578.178,0.680492,0.004982,0.0,169
1,0,1,0,0,1,0,0,0,0,0,0,1,5,6,news_cif.y4m,39.07,39.086,0.152742,0.00522,0.0,33
1,0,1,1,0,0,0,0,0,0,1,1,8,15,0,news_cif.y4m,429.05,428.94,0.315198,0.005203,0.0,205
1,0,1,1,0,0,0,0,0,1,0,1,2,0,0,news_cif.y4m,431.19,431.164,0.159311,0.005203,0.0,245
1,1,1,0,1,0,1,1,0,0,1,1,1,15,0,news_cif.y4m,21.17,21.182,0.034205,0.005297,0.0,298
1,0,1,1,0,0,1,0,0,1,1,0,2,5,6,news_cif.y4m,486.85,486.87,0.255636,0.005367,0.0,163
1,1,1,1,0,0,0,1,0,0,0,0,1,5,0,news_cif.y4m,626.27,626.31,0.615305,0.005005,0.0,123
1,0,1,0,0,1,1,0,0,1,0,0,4,15,0,news_cif.y4m,45.2,45.226,0.171406,0.005397,0.0,4
1,0,1,0,0,1,1,0,0,1,1,0,8,5,6,news_cif.y4m,45.16,45.142,0.188865,0.005397,0.0,141
1,1,1,0,1,0,0,1,0,1,0,0,8,5,6,news_cif.y4m,20.67,20.672,0.046583,0.005001,0.0,129
1,1,1,0,1,0,1,1,0,1,1,0,4,5,3,news_cif.y4m,20.95,20.932,0.044944,0.005278,0.0,159
1,0,1,0,0,1,1,0,0,1,0,0,1,0,0,news_cif.y4m,45.06,45.108,0.161617,0.005397,0.0,22
1,0,1,0,0,1,0,0,0,1,0,1,2,0,6,news_cif.y4m,38.54,38.532,0.161771,0.005221,0.0,175
1,1,1,1,0,0,0,1,0,1,1,1,8,5,6,news_cif.y4m,602.53,602.502,0.382191,0.004997,0.0,151
1,1,1,0,1,0,0,1,0,0,1,0,2,5,0,news_cif.y4m,20.84,20.85,0.058737,0.005026,0.0,52
1,0,1,0,0,1,0,0,0,0,0,1,4,0,3,news_cif.y4m,39.01,39.022,0.114543,0.005221,0.0,108
1,0,1,0,1,0,1,0,0,0,0,1,8,15,0,news_cif.y4m,14.63,14.662,0.057619,0.005325,0.0,72
1,0,1,1,0,0,1,0,0,1,1,0,8,0,6,news_cif.y4m,487.3,487.138,0.489612,0.005367,0.0,248
1,1,1,1,0,0,1,1,0,1,1,0,8,5,6,news_cif.y4m,646.88,647.022,0.290981,0.005215,0.0,174
1,0,1,1,0,0,1,0,0,1,1,1,8,0,3,news_cif.y4m,488.71,488.524,0.49983,0.005336,0.0,130
1,1,1,0,1,0,1,1,0,1,1,1,8,15,0,news_cif.y4m,21.21,21.222,0.036332,0.005297,0.0,168
1,0,1,0,0,1,1,0,0,1,0,1,8,0,6,news_cif.y4m,44.37,44.438,0.1998,0.005421,0.0,198
1,0,1,0,0,1,1,0,0,1,1,0,1,0,3,news_cif.y4m,45.05,45.094,0.172134,0.005397,0.0,83
1,1,1,1,0,0,1,1,0,0,1,0,1,0,3,news_cif.y4m,615.36,615.352,0.214056,0.005293,0.0,291
1,0,1,0,1,0,0,0,0,1,1,0,1,0,6,news_cif.y4m,12.58,12.602,0.041473,0.005213,0.0,237
1,0,1,0,0,1,0,0,0,1,1,1,2,15,3,news_cif.y4m,38.56,38.548,0.084083,0.005221,0.0,90
1,1,1,1,0,0,1,1,0,0,0,1,1,15,0,news_cif.y4m,614.51,614.472,0.253022,0.005249,0.0,87
1,0,1,1,0,0,1,0,0,1,0,0,1,5,0,news_cif.y4m,487.01,487.032,0.185391,0.005367,0.0,74
1,0,1,0,0,1,0,0,0,1,0,0,2,0,3,news_cif.y4m,38.54,38.576,0.151096,0.00522,0.0,201
1,0,1,0,1,0,0,0,0,1,0,1,1,0,0,news_cif.y4m,12.36,12.368,0.031145,0.005208,0.0,183
1,0,1,1,0,0,0,0,0,0,0,0,4,0,6,news_cif.y4m,430.97,431.15,0.431567,0.005205,0.0,227
1,1,1,0,1,0,1,1,0,0,0,0,1,15,6,news_cif.y4m,21.74,21.726,0.109681,0.005198,0.0,222
1,0,1,0,0,1,0,0,0,0,1,0,8,0,6,news_cif.y4m,39.04,39.032,0.051186,0.00522,0.0,55
1,0,1,1,0,0,0,0,0,0,1,1,2,5,0,news_cif.y4m,431.45,431.414,0.504609,0.005203,0.0,142
1,0,1,1,0,0,1,0,0,1,0,1,1,5,6,news_cif.y4m,488.39,488.408,0.28578,0.005336,0.0,124
1,0,1,1,0,0,1,0,0,0,0,0,8,0,0,news_cif.y4m,486.67,486.714,0.193985,0.005367,0.0,95
1,0,1,1,0,0,1,0,0,1,0,0,2,15,0,news_cif.y4m,486.99,487.048,0.161462,0.005367,0.0,241
1,0,1,0,1,0,0,0,0,0,1,1,1,5,3,news_cif.y4m,12.49,12.464,0.055045,0.005208,0.0,289
1,0,1,1,0,0,1,0,0,1,1,0,1,5,0,news_cif.y4m,483.93,483.902,0.272892,0.005367,0.0,278
1,1,1,0,1,0,0,1,0,1,1,0,1,0,6,news_cif.y4m,20.87,20.878,0.085849,0.005032,0.0,176
1,0,1,0,0,1,1,0,0,0,1,0,8,5,0,news_cif.y4m,44.94,44.974,0.102127,0.005397,0.0,122
1,0,1,0,0,1,0,0,0,0,1,0,4,0,6,news_cif.y4m,39.05,39.094,0.151756,0.00522,0.0,30
1,1,1,0,1,0,0,1,0,0,0,0,2,0,6,news_cif.y4m,20.89,20.864,0.050299,0.005032,0.0,251
1,0,1,1,0,0,0,0,0,0,0,1,1,0,0,news_cif.y4m,431.1,431.062,0.170499,0.005203,0.0,120
1,0,1,1,0,0,0,0,0,0,0,1,2,15,6,news_cif.y4m,431.15,431.06,0.325653,0.005203,0.0,144
1,0,1,0,1,0,1,0,0,0,0,0,1,0,3,news_cif.y4m,14.74,14.718,0.058481,0.005392,0.0,265
1,1,1,0,1,0,0,1,0,0,1,0,2,0,6,news_cif.y4m,20.84,20.874,0.064265,0.005032,0.0,260
1,1,1,0,1,0,0,1,0,0,0,1,1,0,3,news_cif.y4m,20.07,20.066,0.065038,0.005048,0.0,78
1,0,1,0,1,0,0,0,0,0,1,1,8,15,3,news_cif.y4m,12.35,12.332,0.045497,0.005208,0.0,84
1,0,1,1,0,0,1,0,0,1,0,0,4,15,3,news_cif.y4m,486.98,486.98,0.171026,0.005367,0.0,296
1,0,1,0,0,1,0,0,0,0,0,1,2,5,6,news_cif.y4m,38.54,38.558,0.105214,0.005221,0.0,232
1,0,1,0,0,1,1,0,0,0,1,0,4,15,6,news_cif.y4m,45.18,45.168,0.089833,0.005397,0.0,213
1,1,1,0,1,0,0,1,0,0,1,1,8,15,3,news_cif.y4m,20.03,20.006,0.063482,0.005017,0.0,94
1,0,1,0,1,0,0,0,0,0,1,1,1,5,0,news_cif.y4m,12.49,12.472,0.045497,0.005208,0.0,178
1,0,1,1,0,0,1,0,0,1,0,0,4,0,0,news_cif.y4m,486.99,487.092,0.295838,0.005367,0.0,127
1,1,1,0,1,0,1,1,0,0,1,0,8,5,6,news_cif.y4m,21.04,21.042,0.033466,0.005263,0.0,111
1,0,1,0,1,0,0,0,0,0,0,1,1,0,6,news_cif.y4m,12.48,12.47,0.035355,0.005208,0.0,92
1,1,1,1,0,0,0,1,0,0,1,0,8,15,6,news_cif.y4m,623.06,623.092,0.17655,0.004998,0.0,54
1,0,1,0,0,1,0,0,0,0,0,1,2,15,0,news_cif.y4m,38.99,39.022,0.155788,0.005221,0.0,45
1,0,1,1,0,0,0,0,0,1,0,0,4,0,6,news_cif.y4m,428.84,429.016,0.332611,0.005205,0.0,226
1,1,1,1,0,0,1,1,0,1,0,0,8,5,0,news_cif.y4m,626.36,626.516,0.57064,0.005236,0.0,200
1,0,1,0,0,1,1,0,0,1,0,1,8,5,6,news_cif.y4m,44.58,44.598,0.126768,0.005421,0.0,59
1,1,1,0,1,0,1,0,1,0,0,1,2,0,0,news_cif.y4m,17.42,17.414,0.058138,0.005071,0.0,19
1,1,1,1,0,0,0,1,0,1,0,0,2,15,0,news_cif.y4m,610.15,610.138,0.184716,0.005008,0.0,47
1,1,1,0,1,0,1,1,0,0,0,1,4,5,6,news_cif.y4m,20.91,20.916,0.052249,0.005279,0.0,32
1,1,1,0,1,0,0,1,0,1,0,0,1,5,6,news_cif.y4m,20.66,20.672,0.046043,0.005001,0.0,170
1,0,1,0,0,1,0,0,0,1,1,0,1,15,0,news_cif.y4m,38.66,38.596,0.159468,0.00522,0.0,270
1,0,1,1,0,0,1,0,0,1,0,1,4,15,6,news_cif.y4m,488.43,488.444,0.116962,0.005336,0.0,207
1,1,1,0,1,0,0,1,0,1,1,1,1,5,6,news_cif.y4m,20.18,20.188,0.046583,0.005028,0.0,43
1,0,1,0,1,0,1,0,0,0,1,1,1,0,3,news_cif.y4m,14.87,14.864,0.060249,0.005325,0.0,40
1,1,1,0,1,0,0,1,0,0,1,1,1,5,3,news_cif.y4m,20.02,20.002,0.050695,0.005038,0.0,117
1,0,1,0,0,1,0,0,0,0,1,0,8,15,6,news_cif.y4m,39.01,39.012,0.064962,0.00522,0.0,253
1,0,1,1,0,0,0,0,0,1,0,0,1,15,3,news_cif.y4m,431.49,431.434,0.375673,0.005205,0.0,68
1,1,1,1,0,0,0,1,0,1,1,1,1,15,6,news_cif.y4m,614.7,614.7,0.235478,0.005005,0.0,186
1,1,1,0,1,0,1,1,0,0,0,1,8,15,3,news_cif.y4m,20.47,20.454,0.064653,0.005267,0.0,288
1,1,1,0,1,0,0,1,0,0,0,0,2,0,0,news_cif.y4m,20.88,20.894,0.058566,0.005032,0.0,15
1,0,1,1,0,0,0,0,0,0,1,1,2,15,3,news_cif.y4m,431.11,431.484,0.811437,0.005203,0.0,82
1,1,1,1,0,0,0,1,0,0,0,0,4,15,6,news_cif.y4m,622.85,623.066,0.847308,0.004998,0.0,211
1,0,1,0,1,0,1,0,0,1,1,1,8,15,6,news_cif.y4m,14.81,14.844,0.066182,0.005325,0.0,177
1,1,1,0,1,0,0,1,0,1,1,1,2,5,3,news_cif.y4m,19.98,19.99,0.06442,0.005038,0.0,210
1,0,1,1,0,0,0,0,0,1,1,1,2,0,3,news_cif.y4m,431.13,431.136,0.369432,0.005203,0.0,13
1,0,1,0,1,0,1,0,0,0,0,1,2,15,3,news_cif.y4m,14.78,14.82,0.080312,0.005325,0.0,228
1,0,1,0,1,0,1,0,0,1,1,0,4,5,3,news_cif.y4m,14.66,14.664,0.040373,0.005392,0.0,38
1,1,1,1,0,0,0,1,0,0,0,1,4,15,6,news_cif.y4m,618.07,618.156,0.26073,0.005005,0.0,29
1,1,1,1,0,0,1,0,1,1,0,0,8,0,0,news_cif.y4m,608.77,608.542,0.477462,0.005035,0.0,24
1,1,1,1,0,0,0,1,0,0,0,0,8,5,6,news_cif.y4m,602.48,602.458,0.073959,0.005006,0.0,293
1,1,1,1,0,0,0,1,0,0,1,0,2,5,6,news_cif.y4m,602.46,602.498,0.234457,0.005006,0.0,67
1,1,1,0,1,0,0,1,0,1,0,1,2,5,0,news_cif.y4m,20.01,19.996,0.058992,0.005044,0.0,199
1,0,1,0,0,1,1,0,0,1,1,0,8,15,3,news_cif.y4m,45.16,45.184,0.050299,0.005397,0.0,244
1,0,1,0,0,1,1,0,0,0,0,0,8,15,0,news_cif.y4m,45.05,45.136,0.276369,0.005397,0.0,80
1,1,1,1,0,0,1,1,0,1,1,1,2,0,3,news_cif.y4m,607.47,607.162,0.77635,0.005292,0.0,223
1,1,1,0,1,0,1,1,0,0,1,0,8,5,0,news_cif.y4m,21.4,21.396,0.057271,0.005279,0.0,121
1,0,1,1,0,0,1,0,0,0,0,0,8,5,3,news_cif.y4m,486.98,486.97,0.207846,0.005367,0.0,261
1,0,1,1,0,0,1,0,0,1,1,0,1,5,6,news_cif.y4m,487.17,487.028,0.385123,0.005367,0.0,156
1,1,1,1,0,0,0,1,0,0,1,0,4,15,3,news_cif.y4m,601.53,601.784,0.616628,0.004994,0.0,271
1,1,1,1,0,0,1,1,0,1,0,0,2,15,3,news_cif.y4m,639.79,641.926,4.477748,0.005218,0.0,9
1,1,1,1,0,0,1,1,0,1,0,1,1,0,0,news_cif.y4m,607.24,607.364,0.236495,0.005292,0.0,165
1,0,1,0,0,1,1,0,0,1,0,0,1,15,6,news_cif.y4m,45.11,45.126,0.123004,0.005397,0.0,126
1,0,1,1,0,0,1,0,0,1,1,1,8,5,0,news_cif.y4m,488.54,488.534,0.300383,0.005336,0.0,280
1,0,1,1,0,0,0,0,0,1,1,0,2,5,3,news_cif.y4m,431.12,431.178,0.288045,0.005205,0.0,172
1,0,1,0,1,0,1,0,0,0,0,0,1,15,6,news_cif.y4m,14.71,14.702,0.052631,0.005392,0.0,292
1,0,1,0,0,1,0,0,0,1,0,1,1,0,3,news_cif.y4m,38.59,38.55,0.172916,0.005221,0.0,179
1,0,1,0,0,1,1,0,0,1,0,1,2,0,3,news_cif.y4m,44.49,44.512,0.072595,0.005421,0.0,272
1,0,1,0,0,1,1,0,0,0,1,0,4,5,0,news_cif.y4m,44.87,44.97,0.153786,0.005397,0.0,105
1,0,1,0,1,0,0,0,0,0,0,0,1,0,3,news_cif.y4m,12.44,12.436,0.005477,0.005213,0.0,76
1,0,1,1,0,0,1,0,0,0,1,0,4,15,3,news_cif.y4m,486.67,486.792,0.472356,0.005367,0.0,197
1,1,1,1,0,0,1,1,0,0,1,0,1,15,0,news_cif.y4m,627.01,627.08,0.257099,0.00523,0.0,221
1,1,1,1,0,0,1,1,0,0,1,0,8,15,6,news_cif.y4m,656.59,656.628,0.53209,0.00517,0.0,167
1,1,1,0,1,0,0,1,0,1,0,1,4,15,6,news_cif.y4m,20.75,20.738,0.054498,0.005008,0.0,136
1,1,1,1,0,0,0,1,0,1,0,1,8,15,6,news_cif.y4m,618.16,618.2,0.082765,0.005005,0.0,243
1,0,1,0,1,0,0,0,0,1,0,1,8,15,6,news_cif.y4m,12.5,12.492,0.025884,0.005208,0.0,60
1,0,1,1,0,0,0,0,0,1,0,1,2,0,6,news_cif.y4m,431.35,431.454,0.343337,0.005203,0.0,110
1,1,1,1,0,0,1,1,0,1,0,0,1,15,6,news_cif.y4m,656.81,656.804,0.372129,0.00517,0.0,35
1,0,1,1,0,0,1,0,0,0,1,1,2,5,6,news_cif.y4m,485.77,485.718,0.35457,0.005336,0.0,235
1,0,1,1,0,0,0,0,0,1,0,0,1,0,3,news_cif.y4m,429.1,429.254,0.491864,0.005205,0.0,44
1,1,1,0,1,0,1,1,0,0,1,0,4,15,3,news_cif.y4m,21.29,21.326,0.06229,0.005259,0.0,256
1,0,1,0,0,1,0,0,0,0,1,1,8,0,0,news_cif.y4m,38.86,38.908,0.145499,0.005221,0.0,192
1,0,1,0,1,0,0,0,0,0,1,1,2,0,0,news_cif.y4m,12.49,12.488,0.023875,0.005208,0.0,41
1,0,1,1,0,0,0,0,0,0,1,0,4,5,0,news_cif.y4m,431.64,431.5,0.342418,0.005205,0.0,37
1,0,1,0,0,1,0,0,0,0,0,0,4,5,0,news_cif.y4m,39.11,39.106,0.074364,0.00522,0.0,26
1,1,1,1,0,0,0,1,0,0,0,0,1,0,3,news_cif.y4m,591.85,591.972,0.40289,0.005021,0.0,273
1,1,1,1,0,0,1,1,0,0,0,1,1,5,6,news_cif.y4m,649.03,648.956,0.351682,0.005232,0.0,233
1,1,1,0,1,0,1,1,0,0,1,1,8,0,0,news_cif.y4m,21.32,21.27,0.083666,0.005319,0.0,101
1,0,1,1,0,0,0,0,0,0,0,1,2,5,3,news_cif.y4m,431.19,431.164,0.2614,0.005203,0.0,39
1,1,1,0,1,0,0,1,0,0,0,1,1,15,0,news_cif.y4m,20.58,20.562,0.049193,0.00504,0.0,106
1,1,1,0,1,0,0,0,1,1,0,0,1,0,0,news_cif.y4m,17.34,17.322,0.063797,0.004979,0.0,242
1,1,1,1,0,0,1,1,0,0,1,0,2,15,0,news_cif.y4m,626.87,627.008,0.486847,0.00523,0.0,193
1,0,1,0,1,0,1,0,0,0,1,0,1,15,6,news_cif.y4m,14.66,14.664,0.058992,0.005392,0.0,103
1,1,1,0,1,0,0,1,0,1,1,1,8,5,6,news_cif.y4m,20.23,20.218,0.075299,0.005028,0.0,1
1,0,1,1,0,0,0,0,0,1,1,1,1,0,0,news_cif.y4m,431.28,431.364,0.295008,0.005203,0.0,61
1,1,1,1,0,0,0,0,1,0,0,0,2,0,0,news_cif.y4m,594.18,594.22,0.095131,0.004969,0.0,56
1,1,1,0,1,0,0,1,0,0,1,0,8,15,3,news_cif.y4m,20.31,20.318,0.071554,0.005003,0.0,148
1,0,1,0,1,0,0,0,0,1,0,1,2,5,0,news_cif.y4m,12.5,12.518,0.056303,0.005208,0.0,112
1,0,1,0,1,0,1,0,0,0,1,0,8,15,3,news_cif.y4m,14.72,14.704,0.057706,0.005392,0.0,300
1,0,1,0,1,0,0,0,0,1,1,0,4,15,0,news_cif.y4m,12.58,12.574,0.023022,0.005213,0.0,249
1,0,1,0,1,0,0,0,0,0,0,1,2,0,0,news_cif.y4m,12.5,12.504,0.035777,0.005208,0.0,20
1,1,1,1,0,0,1,1,0,1,0,1,1,5,0,news_cif.y4m,619.15,619.136,0.478048,0.005247,0.0,104
1,1,1,1,0,0,0,1,0,1,1,1,8,15,6,news_cif.y4m,617.98,618.046,0.518247,0.005005,0.0,131
1,0,1,1,0,0,0,0,0,0,0,0,2,0,3,news_cif.y4m,431.14,431.144,0.10015,0.005205,0.0,69
1,0,1,0,1,0,1,0,0,0,0,0,2,0,3,news_cif.y4m,14.68,14.688,0.040866,0.005392,0.0,220
1,1,1,1,0,0,1,1,0,1,1,1,8,15,6,news_cif.y4m,645.98,645.956,0.510617,0.005214,0.0,11
1,1,1,1,0,0,1,1,0,1,0,0,4,15,6,news_cif.y4m,656.87,656.868,0.383171,0.00517,0.0,258
1,0,1,0,1,0,1,0,0,0,0,0,2,15,3,news_cif.y4m,14.7,14.688,0.0614,0.005392,0.0,65
1,0,1,0,0,1,1,0,0,0,0,0,2,15,0,news_cif.y4m,45.17,45.2,0.226495,0.005397,0.0,160
1,0,1,0,0,1,1,0,0,0,0,0,8,0,0,news_cif.y4m,45.32,45.162,0.31348,0.005397,0.0,238
1,1,1,1,0,0,0,1,0,0,0,0,4,0,0,news_cif.y4m,591.73,591.912,0.516014,0.005021,0.0,57
1,1,1,0,1,0,0,1,0,1,0,1,2,0,0,news_cif.y4m,19.85,19.836,0.051284,0.005048,0.0,79
1,0,1,0,1,0,1,0,0,0,1,0,4,15,3,news_cif.y4m,14.55,14.552,0.047117,0.005392,0.0,224
1,1,1,0,1,0,0,1,0,1,0,0,2,0,3,news_cif.y4m,20.86,20.876,0.051769,0.005032,0.0,48
1,0,1,0,1,0,1,0,0,0,0,1,8,0,6,news_cif.y4m,14.82,14.838,0.064576,0.005325,0.0,173
1,1,1,1,0,0,1,1,0,0,1,1,1,0,0,news_cif.y4m,607.18,607.11,0.138744,0.005292,0.0,283
1,0,1,0,1,0,0,0,0,0,0,0,1,0,6,news_cif.y4m,12.55,12.556,0.032863,0.005213,0.0,190
1,0,1,0,1,0,1,0,0,1,1,1,4,0,6,news_cif.y4m,14.8,14.806,0.04669,0.005325,0.0,259
1,0,1,1,0,0,0,0,0,0,0,1,1,15,3,news_cif.y4m,428.95,429.052,0.297271,0.005203,0.0,7
1,0,1,0,0,1,0,0,0,0,0,1,2,5,0,news_cif.y4m,39.07,38.988,0.12775,0.005221,0.0,73
1,1,1,1,0,0,1,1,0,0,0,0,2,0,6,news_cif.y4m,615.38,615.404,0.143283,0.005293,0.0,63
1,0,1,0,0,1,1,0,0,1,1,0,2,15,3,news_cif.y4m,45.15,45.174,0.092358,0.005397,0.0,284
1,0,1,1,0,0,1,0,0,1,0,1,8,15,6,news_cif.y4m,488.6,488.472,0.294737,0.005336,0.0,250
1,1,1,0,1,0,0,1,0,0,0,0,2,5,0,news_cif.y4m,20.94,20.934,0.044497,0.005026,0.0,209
1,0,1,0,1,0,1,0,0,0,0,1,4,5,3,news_cif.y4m,14.83,14.838,0.070498,0.005325,0.0,138
1,1,1,1,0,0,0,0,1,1,1,0,1,0,0,news_cif.y4m,597.61,597.564,0.219727,0.004969,0.0,135
1,1,1,1,0,0,1,1,0,1,1,0,4,5,3,news_cif.y4m,623.51,623.648,0.358706,0.005243,0.0,264
1,1,1,1,0,0,0,1,0,1,1,0,2,0,6,news_cif.y4m,591.65,591.942,0.440988,0.005021,0.0,215
1,0,1,0,0,1,0,0,0,0,1,1,4,5,3,news_cif.y4m,39.0,39.016,0.15093,0.005221,0.0,50
1,0,1,1,0,0,0,0,0,1,1,0,4,0,6,news_cif.y4m,431.36,431.196,0.292455,0.005205,0.0,98
1,1,1,1,0,0,0,1,0,1,1,0,1,15,0,news_cif.y4m,609.9,609.92,0.075166,0.005008,0.0,140
1,1,1,1,0,0,0,1,0,0,1,1,1,0,3,news_cif.y4m,575.82,575.868,0.389962,0.00503,0.0,113
1,0,1,0,1,0,1,0,0,1,1,0,1,0,6,news_cif.y4m,14.58,14.56,0.028284,0.005392,0.0,3
1,0,1,0,0,1,0,0,0,1,1,1,8,0,0,news_cif.y4m,39.05,39.042,0.130269,0.005221,0.0,149
1,0,1,1,0,0,0,0,0,0,1,1,8,5,6,news_cif.y4m,431.03,430.974,0.187963,0.005203,0.0,153
1,1,1,1,0,0,1,1,0,1,1,0,2,15,6,news_cif.y4m,656.66,656.84,0.384968,0.00517,0.0,133
1,0,1,1,0,0,0,0,0,0,0,0,1,0,3,news_cif.y4m,431.09,431.094,0.159154,0.005205,0.0,191
1,1,1,0,1,0,0,1,0,1,0,1,1,0,6,news_cif.y4m,19.87,19.856,0.043932,0.005048,0.0,100
1,0,1,1,0,0,1,0,0,0,1,0,4,0,3,news_cif.y4m,487.22,487.216,0.724348,0.005367,0.0,85
1,0,1,0,0,1,1,0,0,0,0,0,2,0,3,news_cif.y4m,45.02,45.044,0.119708,0.005397,0.0,88
1,0,1,0,1,0,1,0,0,1,1,0,4,15,6,news_cif.y4m,14.73,14.716,0.049295,0.005392,0.0,31
1,0,1,0,0,1,1,0,0,0,0,0,4,5,3,news_cif.y4m,45.0,44.966,0.071624,0.005397,0.0,134
1,1,1,0,1,0,1,1,0,1,1,1,8,0,3,news_cif.y4m,21.23,21.226,0.015166,0.005319,0.0,147
1,1,1,1,0,0,0,1,0,0,1,1,4,15,6,news_cif.y4m,617.94,617.846,0.366374,0.005005,0.0,275
1,0,1,0,0,1,1,0,0,0,1,0,4,15,3,news_cif.y4m,45.16,45.16,0.066708,0.005397,0.0,143
1,1,1,0,1,0,1,1,0,1,0,0,1,5,6,news_cif.y4m,20.83,20.83,0.04062,0.005263,0.0,8
1,1,1,1,0,0,1,1,0,0,1,1,4,5,3,news_cif.y4m,619.37,619.54,0.537727,0.005231,0.0,216
1,0,1,1,0,0,1,0,0,1,0,0,1,0,3,news_cif.y4m,487.04,486.996,0.141704,0.005367,0.0,214
1,0,1,0,0,1,0,0,0,0,0,0,1,5,0,news_cif.y4m,39.06,39.066,0.082341,0.00522,0.0,17
1,0,1,0,0,1,1,0,0,0,0,0,1,5,0,news_cif.y4m,44.94,44.972,0.193184,0.005397,0.0,206
1,0,1,0,1,0,0,0,0,1,1,1,8,15,0,news_cif.y4m,12.49,12.486,0.035071,0.005208,0.0,36
1,1,1,0,1,0,1,1,0,0,0,0,4,15,3,news_cif.y4m,21.1,21.126,0.081731,0.005259,0.0,6
1,0,1,1,0,0,1,0,0,0,0,1,1,0,6,news_cif.y4m,485.57,485.662,0.397329,0.005336,0.0,5
1,0,1,1,0,0,1,0,0,0,0,0,8,15,6,news_cif.y4m,484.33,484.246,0.260634,0.005367,0.0,164
1,0,1,0,0,1,0,0,0,1,0,0,8,0,6,news_cif.y4m,38.99,38.98,0.07,0.00522,0.0,97
1,0,1,1,0,0,0,0,0,0,1,0,2,5,3,news_cif.y4m,431.3,431.366,0.154855,0.005205,0.0,236
1,1,1,0,1,0,1,1,0,0,0,0,8,5,0,news_cif.y4m,21.36,21.342,0.040866,0.005279,0.0,71
1,1,1,0,1,0,1,1,0,1,0,1,2,0,3,news_cif.y4m,21.34,21.332,0.07823,0.005319,0.0,295
1,0,1,1,0,0,1,0,0,1,1,0,8,5,3,news_cif.y4m,486.94,486.914,0.089051,0.005367,0.0,286
1,0,1,0,1,0,0,0,0,0,0,1,1,5,0,news_cif.y4m,12.49,12.484,0.047749,0.005208,0.0,34
1,0,1,0,1,0,1,0,0,1,1,1,1,5,3,news_cif.y4m,14.82,14.84,0.043012,0.005325,0.0,240
1,0,1,0,0,1,1,0,0,0,0,1,4,15,3,news_cif.y4m,44.62,44.582,0.072938,0.005421,0.0,18
1,0,1,0,1,0,0,0,0,0,1,0,8,0,6,news_cif.y4m,12.58,12.58,0.02,0.005213,0.0,102
1,1,1,1,0,0,1,0,1,0,1,0,4,0,0,news_cif.y4m,608.87,608.89,0.171318,0.005035,0.0,51
1,1,1,1,0,0,1,1,0,0,0,1,4,15,6,news_cif.y4m,645.65,645.668,0.282966,0.005214,0.0,282
1,0,1,0,1,0,1,0,0,1,1,1,1,0,3,news_cif.y4m,14.61,14.636,0.042778,0.005325,0.0,77
1,0,1,1,0,0,1,0,0,0,1,0,2,0,3,news_cif.y4m,484.49,484.67,0.489081,0.005367,0.0,128
1,1,1,0,1,0,1,1,0,0,0,0,2,5,3,news_cif.y4m,20.64,20.658,0.064576,0.005278,0.0,234
1,0,1,1,0,0,0,0,0,0,1,1,1,0,0,news_cif.y4m,431.06,431.054,0.116748,0.005203,0.0,252
1,0,1,1,0,0,1,0,0,0,0,1,4,0,3,news_cif.y4m,488.35,488.326,0.208878,0.005336,0.0,28
1,0,1,0,0,1,1,0,0,1,1,1,8,15,3,news_cif.y4m,44.64,44.602,0.111669,0.005421,0.0,139
1,0,1,0,0,1,0,0,0,0,0,1,1,5,0,news_cif.y4m,39.03,39.024,0.058566,0.005221,0.0,158
1,1,1,0,1,0,1,1,0,1,0,1,8,5,3,news_cif.y4m,20.96,20.97,0.080932,0.005264,0.0,152
1,0,1,1,0,0,1,0,0,1,0,0,2,0,6,news_cif.y4m,484.22,484.308,0.140784,0.005367,0.0,12
1,1,1,0,1,0,0,1,0,0,0,1,4,15,3,news_cif.y4m,19.99,19.956,0.061074,0.005017,0.0,294
1,1,1,0,1,0,0,1,0,0,0,1,8,15,3,news_cif.y4m,19.99,19.992,0.085557,0.005017,0.0,154
1,1,1,1,0,0,0,1,0,1,0,0,2,15,6,news_cif.y4m,623.12,623.096,0.105972,0.004998,0.0,157
1,0,1,1,0,0,1,0,0,1,1,1,2,0,3,news_cif.y4m,485.5,485.536,0.339308,0.005336,0.0,150
1,1,1,0,1,0,1,1,0,0,1,0,8,0,6,news_cif.y4m,21.31,21.312,0.034928,0.005289,0.0,287
1,0,1,0,1,0,0,0,0,1,1,0,1,0,3,news_cif.y4m,12.56,12.55,0.045277,0.005213,0.0,297
1,0,1,0,0,1,0,0,0,1,1,0,8,15,0,news_cif.y4m,39.03,39.03,0.117047,0.00522,0.0,263
1,1,1,0,1,0,0,1,0,1,1,1,1,5,3,news_cif.y4m,20.0,20.024,0.037815,0.005038,0.0,255
1,0,1,1,0,0,0,0,0,1,1,0,8,15,3,news_cif.y4m,431.39,431.312,0.221066,0.005205,0.0,115
1,0,1,0,0,1,1,0,0,1,0,1,4,15,3,news_cif.y4m,44.47,44.514,0.145877,0.005421,0.0,188
1,0,1,0,0,1,1,0,0,0,0,1,8,0,6,news_cif.y4m,44.51,44.448,0.107564,0.005421,0.0,212
1,0,1,1,0,0,1,0,0,0,0,1,1,15,3,news_cif.y4m,488.36,488.31,0.182893,0.005336,0.0,195
1,0,1,0,1,0,0,0,0,0,1,1,2,15,0,news_cif.y4m,12.49,12.494,0.035071,0.005208,0.0,119
1,0,1,1,0,0,0,0,0,1,0,1,4,15,0,news_cif.y4m,431.26,431.234,0.177848,0.005203,0.0,58
1,0,1,0,1,0,1,0,0,1,0,1,4,0,6,news_cif.y4m,14.8,14.782,0.042661,0.005325,0.0,277
1,0,1,0,1,0,1,0,0,0,1,1,4,5,6,news_cif.y4m,14.77,14.794,0.067305,0.005325,0.0,64
1,1,1,0,1,0,1,1,0,1,0,0,2,0,0,news_cif.y4m,21.33,21.362,0.069065,0.005289,0.0,285
1,1,1,0,1,0,1,1,0,1,0,0,4,0,0,news_cif.y4m,21.34,21.37,0.066332,0.005289,0.0,290
1,0,1,1,0,0,0,0,0,1,0,1,8,5,6,news_cif.y4m,430.92,431.064,0.29074,0.005203,0.0,196
1,1,1,1,0,0,1,0,1,1,1,1,1,0,0,news_cif.y4m,603.01,602.932,0.238893,0.00505,0.0,93
1,0,1,1,0,0,1,0,0,0,1,1,4,5,6,news_cif.y4m,488.74,488.918,0.711632,0.005336,0.0,299
1,0,1,1,0,0,0,0,0,1,0,0,2,5,0,news_cif.y4m,431.19,431.188,0.385772,0.005205,0.0,125
1,1,1,0,1,0,0,1,0,1,0,1,2,15,6,news_cif.y4m,20.68,20.688,0.037014,0.005008,0.0,21
1,0,1,0,1,0,0,0,0,1,0,1,2,0,0,news_cif.y4m,12.46,12.464,0.038471,0.005208,0.0,225
1,0,1,0,1,0,0,0,0,1,0,0,2,5,0,pamphlet_cif.y4m,12.61,12.612,0.032711,0.004522,0.0,114
1,1,1,1,0,0,0,0,1,0,0,1,1,0,0,pamphlet_cif.y4m,539.56,539.558,0.159906,0.004517,0.0,281
1,1,1,1,0,0,0,1,0,1,1,0,2,5,0,pamphlet_cif.y4m,605.24,605.246,0.069857,0.004606,0.0,49
1,0,1,0,0,1,1,0,0,0,0,0,2,15,6,pamphlet_cif.y4m,45.12,45.14,0.136565,0.004842,0.0,194
1,0,1,1,0,0,0,0,0,0,0,0,2,0,6,pamphlet_cif.y4m,481.92,481.878,0.323836,0.004527,0.0,62
1,1,1,0,1,0,0,1,0,1,1,1,1,15,3,pamphlet_cif.y4m,14.53,14.496,0.053198,0.004558,0.0,91
1,0,1,0,0,1,1,0,0,0,0,0,4,0,6,pamphlet_cif.y4m,45.3,45.218,0.194474,0.004842,0.0,107
1,0,1,1,0,0,1,0,0,0,0,1,4,5,3,pamphlet_cif.y4m,511.61,511.69,0.254951,0.004831,0.0,181
1,0,1,0,1,0,1,0,0,0,0,0,4,5,0,pamphlet_cif.y4m,15.49,15.51,0.047434,0.004888,0.0,247
1,0,1,1,0,0,0,0,0,1,1,0,4,5,3,pamphlet_cif.y4m,482.01,482.078,0.156748,0.004527,0.0,166
1,0,1,0,0,1,0,0,0,0,1,1,4,0,0,pamphlet_cif.y4m,40.09,40.072,0.158651,0.004539,0.0,25
1,1,1,0,1,0,0,1,0,0,0,1,8,0,6,pamphlet_cif.y4m,17.02,17.012,0.071903,0.004625,0.0,203
1,1,1,1,0,0,1,1,0,1,1,1,4,5,6,pamphlet_cif.y4m,616.66,616.636,0.308594,0.004346,0.0,219
1,0,1,0,0,1,0,0,0,0,0,0,4,15,0,pamphlet_cif.y4m,40.16,40.1,0.105594,0.004522,0.0,162
1,0,1,1,0,0,1,0,0,0,1,0,4,15,6,pamphlet_cif.y4m,513.47,513.46,0.151658,0.004837,0.0,182
1,0,1,0,0,1,0,0,0,1,1,0,1,15,6,pamphlet_cif.y4m,40.11,40.15,0.173638,0.004522,0.0,10
1,1,1,1,0,0,1,1,0,1,1,1,2,15,0,pamphlet_cif.y4m,614.79,614.932,0.389513,0.004507,0.0,14
1,1,1,1,0,0,0,1,0,0,0,1,1,0,6,pamphlet_cif.y4m,584.99,584.962,0.211471,0.004599,0.0,89
1,1,1,1,0,0,0,1,0,1,1,1,1,5,0,pamphlet_cif.y4m,605.36,605.66,0.807063,0.004609,0.0,116
1,0,1,1,0,0,0,0,0,0,1,1,4,15,3,pamphlet_cif.y4m,481.42,481.524,0.258902,0.004532,0.0,217
1,1,1,0,1,0,0,1,0,0,1,0,1,0,0,pamphlet_cif.y4m,17.17,17.172,0.039623,0.004604,0.0,75
1,1,1,0,1,0,0,1,0,1,1,1,2,15,6,pamphlet_cif.y4m,15.13,15.148,0.038341,0.004497,0.0,266
1,0,1,1,0,0,1,0,0,0,1,1,4,15,3,pamphlet_cif.y4m,514.04,514.04,0.087464,0.004831,0.0,268
1,0,1,0,1,0,1,0,0,1,1,1,4,15,3,pamphlet_cif.y4m,15.37,15.37,0.033912,0.004854,0.0,187
1,0,1,0,0,1,1,0,0,0,1,0,8,15,3,pamphlet_cif.y4m,45.11,45.16,0.149833,0.004842,0.0,161
1,0,1,0,1,0,1,0,0,0,1,0,2,0,6,pamphlet_cif.y4m,15.52,15.488,0.075631,0.004888,0.0,23
1,1,1,1,0,0,0,1,0,1,1,0,2,5,6,pamphlet_cif.y4m,577.27,577.38,0.194679,0.004572,0.0,2
1,1,1,1,0,0,1,0,1,1,0,1,2,0,0,pamphlet_cif.y4m,569.07,569.13,0.303068,0.004245,0.0,16
1,0,1,1,0,0,0,0,0,1,1,1,8,15,0,pamphlet_cif.y4m,479.5,479.508,0.044944,0.004532,0.0,262
1,1,1,1,0,0,0,1,0,1,1,0,4,5,0,pamphlet_cif.y4m,605.17,605.248,0.188997,0.004606,0.0,66
1,0,1,1,0,0,0,0,0,1,0,0,2,0,0,pamphlet_cif.y4m,482.26,482.154,0.194499,0.004527,0.0,86
1,0,1,0,1,0,1,0,0,0,1,0,2,5,6,pamphlet_cif.y4m,15.43,15.466,0.060663,0.004888,0.0,231
1,0,1,0,1,0,0,0,0,0,0,0,4,5,0,pamphlet_cif.y4m,12.66,12.654,0.020736,0.004522,0.0,269
1,1,1,0,1,0,1,1,0,0,1,0,1,5,0,pamphlet_cif.y4m,17.26,17.23,0.050498,0.004523,0.0,180
1,0,1,0,0,1,0,0,0,0,1,0,4,5,6,pamphlet_cif.y4m,40.21,40.098,0.193184,0.004522,0.0,274
1,1,1,1,0,0,0,1,0,1,1,0,2,15,6,pamphlet_cif.y4m,582.91,582.982,0.210048,0.004426,0.0,184
1,0,1,0,0,1,1,0,0,0,0,1,4,5,0,pamphlet_cif.y4m,45.06,45.056,0.152086,0.005081,0.0,118
1,1,1,1,0,0,0,1,0,0,0,0,1,0,6,pamphlet_cif.y4m,577.61,577.602,0.196647,0.004613,0.0,254
1,0,1,1,0,0,1,0,0,0,1,1,4,5,0,pamphlet_cif.y4m,511.66,512.098,1.240633,0.004831,0.0,208
1,0,1,0,0,1,1,0,0,1,1,0,4,5,6,pamphlet_cif.y4m,45.13,45.112,0.102323,0.004842,0.0,279
1,1,1,1,0,0,0,1,0,0,1,1,4,15,3,pamphlet_cif.y4m,584.16,584.266,0.183521,0.004526,0.0,229
1,0,1,0,0,1,1,0,0,1,1,1,1,0,0,pamphlet_cif.y4m,45.14,45.146,0.030496,0.005081,0.0,46
1,0,1,0,0,1,0,0,0,1,1,1,4,5,6,pamphlet_cif.y4m,40.02,40.072,0.169027,0.004539,0.0,171
1,1,1,1,0,0,0,1,0,0,1,0,2,5,0,pamphlet_cif.y4m,605.89,605.958,0.256066,0.004606,0.0,99
1,0,1,0,0,1,0,0,0,0,0,0,8,0,0,pamphlet_cif.y4m,40.21,40.206,0.177567,0.004522,0.0,81
1,1,1,1,0,0,1,1,0,1,0,1,8,5,0,pamphlet_cif.y4m,618.4,618.438,0.12853,0.004503,0.0,155
1,0,1,0,1,0,0,0,0,1,0,1,1,15,6,pamphlet_cif.y4m,12.54,12.546,0.048785,0.004529,0.0,96
1,1,1,1,0,0,0,1,0,1,1,1,8,0,0,pamphlet_cif.y4m,582.43,582.322,0.22709,0.004599,0.0,218
1,1,1,1,0,0,1,1,0,1,1,0,8,0,6,pamphlet_cif.y4m,605.77,605.758,0.249239,0.004508,0.0,53
1,1,1,0,1,0,1,0,1,0,0,0,2,0,0,pamphlet_cif.y4m,16.14,16.112,0.073959,0.004273,0.0,109
1,0,1,0,1,0,0,0,0,0,1,0,4,5,6,pamphlet_cif.y4m,12.56,12.558,0.023875,0.004522,0.0,185
1,1,1,1,0,0,0,1,0,0,1,1,2,0,0,pamphlet_cif.y4m,582.07,582.068,0.166643,0.004599,0.0,239
1,0,1,1,0,0,0,0,0,0,0,1,2,0,0,pamphlet_cif.y4m,481.68,481.74,0.135831,0.004532,0.0,276
1,0,1,1,0,0,1,0,0,0,0,1,4,0,6,pamphlet_cif.y4m,511.46,511.536,0.269221,0.004831,0.0,257
1,0,1,0,0,1,0,0,0,1,1,0,1,5,0,pamphlet_cif.y4m,40.27,40.278,0.280571,0.004522,0.0,42
1,1,1,0,1,0,1,1,0,0,0,0,2,15,3,pamphlet_cif.y4m,15.57,15.592,0.059749,0.004361,0.0,204
1,0,1,1,0,0,1,0,0,1,0,1,2,15,6,pamphlet_cif.y4m,511.62,512.082,0.985606,0.004831,0.0,145
1,0,1,0,1,0,0,0,0,0,0,0,2,0,3,pamphlet_cif.y4m,12.66,12.622,0.071554,0.004522,0.0,246
1,1,1,1,0,0,0,1,0,0,1,1,8,0,0,pamphlet_cif.y4m,585.18,585.228,0.522082,0.004599,0.0,202
1,1,1,0,1,0,0,1,0,1,0,0,2,5,3,pamphlet_cif.y4m,14.96,15.0,0.059582,0.004615,0.0,70
1,0,1,0,1,0,0,0,0,0,1,0,1,5,3,pamphlet_cif.y4m,12.57,12.596,0.055045,0.004522,0.0,230
1,0,1,0,1,0,1,0,0,0,0,0,4,15,6,pamphlet_cif.y4m,15.56,15.534,0.073007,0.004888,0.0,267
1,1,1,1,0,0,1,1,0,0,0,1,8,5,3,pamphlet_cif.y4m,614.36,614.438,0.140428,0.004427,0.0,146
1,0,1,0,1,0,1,0,0,0,0,1,2,15,0,pamphlet_cif.y4m,15.17,15.178,0.060581,0.004854,0.0,27
1,0,1,0,1,0,1,0,0,0,1,1,8,0,3,pamphlet_cif.y4m,15.22,15.214,0.044497,0.004854,0.0,137
1,1,1,1,0,0,0,1,0,0,1,1,2,15,0,pamphlet_cif.y4m,591.39,591.5,0.411218,0.004596,0.0,189
1,1,1,0,1,0,1,1,0,1,0,0,4,15,0,pamphlet_cif.y4m,16.65,16.652,0.07791,0.004446,0.0,132
1,1,1,1,0,0,0,0,1,1,0,1,8,0,0,pamphlet_cif.y4m,539.49,539.546,0.31029,0.004517,0.0,169
1,0,1,0,0,1,0,0,0,0,0,0,1,5,6,pamphlet_cif.y4m,40.04,39.998,0.09859,0.004522,0.0,33
1,0,1,1,0,0,0,0,0,0,1,1,8,15,0,pamphlet_cif.y4m,481.74,481.702,0.131034,0.004532,0.0,205
1,0,1,1,0,0,0,0,0,1,0,1,2,0,0,pamphlet_cif.y4m,481.72,481.728,0.238998,0.004532,0.0,245
1,1,1,0,1,0,1,1,0,0,1,1,1,15,0,pamphlet_cif.y4m,16.78,16.812,0.074632,0.00446,0.0,298
1,0,1,1,0,0,1,0,0,1,1,0,2,5,6,pamphlet_cif.y4m,513.41,513.366,0.272635,0.004837,0.0,163
1,1,1,1,0,0,0,1,0,0,0,0,1,5,0,pamphlet_cif.y4m,605.49,605.648,0.546599,0.004606,0.0,123
1,0,1,0,0,1,1,0,0,1,0,0,4,15,0,pamphlet_cif.y4m,45.05,45.148,0.236791,0.004842,0.0,4
1,0,1,0,0,1,1,0,0,1,1,0,8,5,6,pamphlet_cif.y4m,44.66,44.592,0.185796,0.004842,0.0,141
1,1,1,0,1,0,0,1,0,1,0,0,8,5,6,pamphlet_cif.y4m,14.95,14.95,0.015811,0.004578,0.0,129
1,1,1,0,1,0,1,1,0,1,1,0,4,5,3,pamphlet_cif.y4m,16.01,16.004,0.018166,0.004451,0.0,159
1,0,1,0,0,1,1,0,0,1,0,0,1,0,0,pamphlet_cif.y4m,45.29,45.308,0.152872,0.004842,0.0,22
1,0,1,0,0,1,0,0,0,1,0,1,2,0,6,pamphlet_cif.y4m,40.06,40.056,0.114149,0.004539,0.0,175
1,1,1,1,0,0,0,1,0,1,1,1,8,5,6,pamphlet_cif.y4m,575.7,575.808,0.310596,0.004575,0.0,151
1,1,1,0,1,0,0,1,0,0,1,0,2,5,0,pamphlet_cif.y4m,16.0,16.018,0.030332,0.004625,0.0,52
1,0,1,0,0,1,0,0,0,0,0,1,4,0,3,pamphlet_cif.y4m,40.07,40.072,0.158019,0.004539,0.0,108
1,0,1,0,1,0,1,0,0,0,0,1,8,15,0,pamphlet_cif.y4m,15.23,15.21,0.05099,0.004854,0.0,72
1,0,1,1,0,0,1,0,0,1,1,0,8,0,6,pamphlet_cif.y4m,513.22,513.246,0.081117,0.004837,0.0,248
1,1,1,1,0,0,1,1,0,1,1,0,8,5,6,pamphlet_cif.y4m,599.54,599.526,0.233302,0.00441,0.0,174
1,0,1,1,0,0,1,0,0,1,1,1,8,0,3,pamphlet_cif.y4m,514.31,514.266,0.26987,0.004831,0.0,130
1,1,1,0,1,0,1,1,0,1,1,1,8,15,0,pamphlet_cif.y4m,16.98,16.97,0.029155,0.00446,0.0,168
1,0,1,0,0,1,1,0,0,1,0,1,8,0,6,pamphlet_cif.y4m,45.0,44.992,0.145499,0.005081,0.0,198
1,0,1,0,0,1,1,0,0,1,1,0,1,0,3,pamphlet_cif.y4m,45.19,45.16,0.100499,0.004842,0.0,83
1,1,1,1,0,0,1,1,0,0,1,0,1,0,3,pamphlet_cif.y4m,605.7,605.686,0.256866,0.004508,0.0,291
1,0,1,0,1,0,0,0,0,1,1,0,1,0,6,pamphlet_cif.y4m,12.65,12.648,0.017889,0.004522,0.0,237
1,0,1,0,0,1,0,0,0,1,1,1,2,15,3,pamphlet_cif.y4m,40.01,40.012,0.140428,0.004539,0.0,90
1,1,1,1,0,0,1,1,0,0,0,1,1,15,0,pamphlet_cif.y4m,612.34,612.316,0.108995,0.004507,0.0,87
1,0,1,1,0,0,1,0,0,1,0,0,1,5,0,pamphlet_cif.y4m,510.93,510.944,0.143108,0.004837,0.0,74
1,0,1,0,0,1,0,0,0,1,0,0,2,0,3,pamphlet_cif.y4m,39.69,39.726,0.064265,0.004522,0.0,201
1,0,1,0,1,0,0,0,0,1,0,1,1,0,0,pamphlet_cif.y4m,12.55,12.55,0.021213,0.004529,0.0,183
1,0,1,1,0,0,0,0,0,0,0,0,4,0,6,pamphlet_cif.y4m,481.82,481.822,0.048166,0.004527,0.0,227
1,1,1,0,1,0,1,1,0,0,0,0,1,15,6,pamphlet_cif.y4m,16.14,16.168,0.070498,0.004323,0.0,222
1,0,1,0,0,1,0,0,0,0,1,0,8,0,6,pamphlet_cif.y4m,39.67,39.656,0.131833,0.004522,0.0,55
1,0,1,1,0,0,0,0,0,0,1,1,2,5,0,pamphlet_cif.y4m,481.93,482.078,0.348382,0.004532,0.0,142
1,0,1,1,0,0,1,0,0,1,0,1,1,5,6,pamphlet_cif.y4m,514.25,514.21,0.223719,0.004831,0.0,124
1,0,1,1,0,0,1,0,0,0,0,0,8,0,0,pamphlet_cif.y4m,510.87,510.836,0.126807,0.004837,0.0,95
1,0,1,1,0,0,1,0,0,1,0,0,2,15,0,pamphlet_cif.y4m,513.27,513.244,0.133716,0.004837,0.0,241
1,0,1,0,1,0,0,0,0,0,1,1,1,5,3,pamphlet_cif.y4m,12.57,12.548,0.058481,0.004529,0.0,289
1,0,1,1,0,0,1,0,0,1,1,0,1,5,0,pamphlet_cif.y4m,513.13,513.128,0.108028,0.004837,0.0,278
1,1,1,0,1,0,0,1,0,1,1,0,1,0,6,pamphlet_cif.y4m,17.17,17.156,0.068044,0.004604,0.0,176
1,0,1,0,0,1,1,0,0,0,1,0,8,5,0,pamphlet_cif.y4m,44.97,44.976,0.049295,0.004842,0.0,122
1,0,1,0,0,1,0,0,0,0,1,0,4,0,6,pamphlet_cif.y4m,40.31,40.226,0.143631,0.004522,0.0,30
1,1,1,0,1,0,0,1,0,0,0,0,2,0,6,pamphlet_cif.y4m,17.15,17.134,0.035071,0.004604,0.0,251
1,0,1,1,0,0,0,0,0,0,0,1,1,0,0,pamphlet_cif.y4m,481.39,481.428,0.093915,0.004532,0.0,120
1,0,1,1,0,0,0,0,0,0,0,1,2,15,6,pamphlet_cif.y4m,479.52,479.61,0.361732,0.004532,0.0,144
1,0,1,0,1,0,1,0,0,0,0,0,1,0,3,pamphlet_cif.y4m,15.54,15.532,0.054037,0.004888,0.0,265
1,1,1,0,1,0,0,1,0,0,1,0,2,0,6,pamphlet_cif.y4m,16.97,16.966,0.045607,0.004604,0.0,260
1,1,1,0,1,0,0,1,0,0,0,1,1,0,3,pamphlet_cif.y4m,17.0,16.99,0.073485,0.004625,0.0,78
1,0,1,0,1,0,0,0,0,0,1,1,8,15,3,pamphlet_cif.y4m,12.52,12.524,0.030496,0.004529,0.0,84
1,0,1,1,0,0,1,0,0,1,0,0,4,15,3,pamphlet_cif.y4m,510.81,510.884,0.195653,0.004837,0.0,296
1,0,1,0,0,1,0,0,0,0,0,1,2,5,6,pamphlet_cif.y4m,40.01,40.028,0.169765,0.004539,0.0,232
1,0,1,0,0,1,1,0,0,0,1,0,4,15,6,pamphlet_cif.y4m,45.13,45.152,0.121532,0.004842,0.0,213
1,1,1,0,1,0,0,1,0,0,1,1,8,15,3,pamphlet_cif.y4m,14.52,14.504,0.046152,0.004558,0.0,94
1,0,1,0,1,0,0,0,0,0,1,1,1,5,0,pamphlet_cif.y4m,12.35,12.368,0.039623,0.004529,0.0,178
1,0,1,1,0,0,1,0,0,1,0,0,4,0,0,pamphlet_cif.y4m,513.19,513.238,0.228954,0.004837,0.0,127
1,1,1,0,1,0,1,1,0,0,1,0,8,5,6,pamphlet_cif.y4m,15.55,15.554,0.027019,0.004422,0.0,111
1,0,1,0,1,0,0,0,0,0,0,1,1,0,6,pamphlet_cif.y4m,12.37,12.378,0.035637,0.004529,0.0,92
1,1,1,1,0,0,0,1,0,0,1,0,8,15,6,pamphlet_cif.y4m,580.56,580.558,0.240562,0.004426,0.0,54
1,0,1,0,0,1,0,0,0,0,0,1,2,15,0,pamphlet_cif.y4m,39.63,39.638,0.025884,0.004539,0.0,45
1,0,1,1,0,0,0,0,0,1,0,0,4,0,6,pamphlet_cif.y4m,481.89,482.042,0.491904,0.004527,0.0,226
1,1,1,1,0,0,1,1,0,1,0,0,8,5,0,pamphlet_cif.y4m,629.43,629.454,0.08961,0.004455,0.0,200
1,0,1,0,0,1,1,0,0,1,0,1,8,5,6,pamphlet_cif.y4m,45.07,45.05,0.114673,0.005081,0.0,59
1,1,1,0,1,0,1,0,1,0,0,1,2,0,0,pamphlet_cif.y4m,16.37,16.402,0.086429,0.004282,0.0,19
1,1,1,1,0,0,0,1,0,1,0,0,2,15,0,pamphlet_cif.y4m,591.58,591.854,0.81953,0.004592,0.0,47
1,1,1,0,1,0,1,1,0,0,0,1,4,5,6,pamphlet_cif.y4m,15.52,15.49,0.059582,0.004452,0.0,32
1,1,1,0,1,0,0,1,0,1,0,0,1,5,6,pamphlet_cif.y4m,14.9,14.914,0.037815,0.004578,0.0,170
1,0,1,0,0,1,0,0,0,1,1,0,1,15,0,pamphlet_cif.y4m,40.09,40.072,0.113666,0.004522,0.0,270
1,0,1,1,0,0,1,0,0,1,0,1,4,15,6,pamphlet_cif.y4m,514.2,514.244,0.335157,0.004831,0.0,207
1,1,1,0,1,0,0,1,0,1,1,1,1,5,6,pamphlet_cif.y4m,14.81,14.78,0.050498,0.004586,0.0,43
1,0,1,0,1,0,1,0,0,0,1,1,1,0,3,pamphlet_cif.y4m,15.32,15.352,0.057184,0.004854,0.0,40
1,1,1,0,1,0,0,1,0,0,1,1,1,5,3,pamphlet_cif.y4m,15.31,15.296,0.051769,0.004605,0.0,117
1,0,1,0,0,1,0,0,0,0,1,0,8,15,6,pamphlet_cif.y4m,40.15,40.13,0.138384,0.004522,0.0,253
1,0,1,1,0,0,0,0,0,1,0,0,1,15,3,pamphlet_cif.y4m,482.02,482.516,0.772839,0.004527,0.0,68
1,1,1,1,0,0,0,1,0,1,1,1,1,15,6,pamphlet_cif.y4m,585.45,585.354,0.197307,0.004437,0.0,186
1,1,1,0,1,0,1,1,0,0,0,1,8,15,3,pamphlet_cif.y4m,15.37,15.378,0.056303,0.004384,0.0,288
1,1,1,0,1,0,0,1,0,0,0,0,2,0,0,pamphlet_cif.y4m,17.06,17.082,0.049699,0.004604,0.0,15
1,0,1,1,0,0,0,0,0,0,1,1,2,15,3,pamphlet_cif.y4m,481.64,481.62,0.066708,0.004532,0.0,82
1,1,1,1,0,0,0,1,0,0,0,0,4,15,6,pamphlet_cif.y4m,582.83,582.91,0.238432,0.004426,0.0,211
1,0,1,0,1,0,1,0,0,1,1,1,8,15,6,pamphlet_cif.y4m,15.11,15.12,0.033166,0.004854,0.0,177
1,1,1,0,1,0,0,1,0,1,1,1,2,5,3,pamphlet_cif.y4m,15.29,15.3,0.04,0.004605,0.0,210
1,0,1,1,0,0,0,0,0,1,1,1,2,0,3,pamphlet_cif.y4m,481.71,481.996,0.629746,0.004532,0.0,13
1,0,1,0,1,0,1,0,0,0,0,1,2,15,3,pamphlet_cif.y4m,15.37,15.386,0.063482,0.004854,0.0,228
1,0,1,0,1,0,1,0,0,1,1,0,4,5,3,pamphlet_cif.y4m,15.52,15.498,0.080747,0.004888,0.0,38
1,1,1,1,0,0,0,1,0,0,0,1,4,15,6,pamphlet_cif.y4m,583.03,583.018,0.274536,0.004437,0.0,29
1,1,1,1,0,0,1,0,1,1,0,0,8,0,0,pamphlet_cif.y4m,566.46,566.638,0.528413,0.004219,0.0,24
1,1,1,1,0,0,0,1,0,0,0,0,8,5,6,pamphlet_cif.y4m,577.61,577.48,0.201246,0.004572,0.0,293
1,1,1,1,0,0,0,1,0,0,1,0,2,5,6,pamphlet_cif.y4m,577.2,577.306,0.26397,0.004572,0.0,67
1,1,1,0,1,0,0,1,0,1,0,1,2,5,0,pamphlet_cif.y4m,16.21,16.25,0.088034,0.004627,0.0,199
1,0,1,0,0,1,1,0,0,1,1,0,8,15,3,pamphlet_cif.y4m,45.04,45.002,0.120083,0.004842,0.0,244
1,0,1,0,0,1,1,0,0,0,0,0,8,15,0,pamphlet_cif.y4m,45.09,45.096,0.090719,0.004842,0.0,80
1,1,1,1,0,0,1,1,0,1,1,1,2,0,3,pamphlet_cif.y4m,590.38,590.332,0.189789,0.004498,0.0,223
1,1,1,0,1,0,1,1,0,0,1,0,8,5,0,pamphlet_cif.y4m,17.23,17.238,0.069785,0.004523,0.0,121
1,0,1,1,0,0,1,0,0,0,0,0,8,5,3,pamphlet_cif.y4m,513.34,513.374,0.478205,0.004837,0.0,261
1,0,1,1,0,0,1,0,0,1,1,0,1,5,6,pamphlet_cif.y4m,513.33,513.352,0.318387,0.004837,0.0,156
1,1,1,1,0,0,0,1,0,0,1,0,4,15,3,pamphlet_cif.y4m,582.64,582.65,0.344456,0.004521,0.0,271
1,1,1,1,0,0,1,1,0,1,0,0,2,15,3,pamphlet_cif.y4m,611.39,611.44,0.16109,0.004363,0.0,9
1,1,1,1,0,0,1,1,0,1,0,1,1,0,0,pamphlet_cif.y4m,590.32,590.346,0.199198,0.004498,0.0,165
1,0,1,0,0,1,1,0,0,1,0,0,1,15,6,pamphlet_cif.y4m,45.14,45.158,0.186333,0.004842,0.0,126
1,0,1,1,0,0,1,0,0,1,1,1,8,5,0,pamphlet_cif.y4m,514.19,514.132,0.168582,0.004831,0.0,280
1,0,1,1,0,0,0,0,0,1,1,0,2,5,3,pamphlet_cif.y4m,481.87,481.848,0.039623,0.004527,0.0,172
1,0,1,0,1,0,1,0,0,0,0,0,1,15,6,pamphlet_cif.y4m,15.47,15.474,0.066933,0.004888,0.0,292
1,0,1,0,0,1,0,0,0,1,0,1,1,0,3,pamphlet_cif.y4m,40.01,40.056,0.135941,0.004539,0.0,179
1,0,1,0,0,1,1,0,0,1,0,1,2,0,3,pamphlet_cif.y4m,45.21,45.202,0.190971,0.005081,0.0,272
1,0,1,0,0,1,1,0,0,0,1,0,4,5,0,pamphlet_cif.y4m,45.13,45.104,0.111714,0.004842,0.0,105
1,0,1,0,1,0,0,0,0,0,0,0,1,0,3,pamphlet_cif.y4m,12.59,12.604,0.054129,0.004522,0.0,76
1,0,1,1,0,0,1,0,0,0,1,0,4,15,3,pamphlet_cif.y4m,513.19,513.14,0.130767,0.004837,0.0,197
1,1,1,1,0,0,1,1,0,0,1,0,1,15,0,pamphlet_cif.y4m,612.26,612.296,0.250759,0.004465,0.0,221
1,1,1,1,0,0,1,1,0,0,1,0,8,15,6,pamphlet_cif.y4m,620.77,620.898,0.295161,0.004273,0.0,167
1,1,1,0,1,0,0,1,0,1,0,1,4,15,6,pamphlet_cif.y4m,14.98,14.998,0.055408,0.004497,0.0,136
1,1,1,1,0,0,0,1,0,1,0,1,8,15,6,pamphlet_cif.y4m,585.71,585.704,0.084735,0.004437,0.0,243
1,0,1,0,1,0,0,0,0,1,0,1,8,15,6,pamphlet_cif.y4m,12.52,12.514,0.051284,0.004529,0.0,60
1,0,1,1,0,0,0,0,0,1,0,1,2,0,6,pamphlet_cif.y4m,481.73,481.698,0.201047,0.004532,0.0,110
1,1,1,1,0,0,1,1,0,1,0,0,1,15,6,pamphlet_cif.y4m,620.8,620.89,0.197104,0.004273,0.0,35
1,0,1,1,0,0,1,0,0,0,1,1,2,5,6,pamphlet_cif.y4m,514.09,514.194,0.342826,0.004831,0.0,235
1,0,1,1,0,0,0,0,0,1,0,0,1,0,3,pamphlet_cif.y4m,481.92,481.946,0.169499,0.004527,0.0,44
1,1,1,0,1,0,1,1,0,0,1,0,4,15,3,pamphlet_cif.y4m,15.57,15.612,0.063797,0.004361,0.0,256
1,0,1,0,0,1,0,0,0,0,1,1,8,0,0,pamphlet_cif.y4m,39.96,40.04,0.151162,0.004539,0.0,192
1,0,1,0,1,0,0,0,0,0,1,1,2,0,0,pamphlet_cif.y4m,12.34,12.356,0.064265,0.004529,0.0,41
1,0,1,1,0,0,0,0,0,0,1,0,4,5,0,pamphlet_cif.y4m,481.83,481.88,0.212368,0.004527,0.0,37
1,0,1,0,0,1,0,0,0,0,0,0,4,5,0,pamphlet_cif.y4m,40.11,40.124,0.108995,0.004522,0.0,26
1,1,1,1,0,0,0,1,0,0,0,0,1,0,3,pamphlet_cif.y4m,577.81,577.824,0.327536,0.004613,0.0,273
1,1,1,1,0,0,1,1,0,0,0,1,1,5,6,pamphlet_cif.y4m,616.79,616.944,0.540676,0.004346,0.0,233
1,1,1,0,1,0,1,1,0,0,1,1,8,0,0,pamphlet_cif.y4m,17.26,17.282,0.060581,0.004554,0.0,101
1,0,1,1,0,0,0,0,0,0,0,1,2,5,3,pamphlet_cif.y4m,481.65,481.692,0.208614,0.004532,0.0,39
1,1,1,0,1,0,0,1,0,0,0,1,1,15,0,pamphlet_cif.y4m,15.44,15.45,0.03,0.004608,0.0,106
1,1,1,0,1,0,0,0,1,1,0,0,1,0,0,pamphlet_cif.y4m,14.82,14.822,0.029496,0.004534,0.0,242
1,1,1,1,0,0,1,1,0,0,1,0,2,15,0,pamphlet_cif.y4m,612.5,612.524,0.20489,0.004465,0.0,193
1,0,1,0,1,0,1,0,0,0,1,0,1,15,6,pamphlet_cif.y4m,15.49,15.52,0.105594,0.004888,0.0,103
1,1,1,0,1,0,0,1,0,1,1,1,8,5,6,pamphlet_cif.y4m,14.87,14.896,0.055946,0.004586,0.0,1
1,0,1,1,0,0,0,0,0,1,1,1,1,0,0,pamphlet_cif.y4m,481.66,481.666,0.053666,0.004532,0.0,61
1,1,1,1,0,0,0,0,1,0,0,0,2,0,0,pamphlet_cif.y4m,540.49,540.458,0.22298,0.004507,0.0,56
1,1,1,0,1,0,0,1,0,0,1,0,8,15,3,pamphlet_cif.y4m,14.83,14.832,0.035637,0.004542,0.0,148
1,0,1,0,1,0,0,0,0,1,0,1,2,5,0,pamphlet_cif.y4m,12.53,12.546,0.037815,0.004529,0.0,112
1,0,1,0,1,0,1,0,0,0,1,0,8,15,3,pamphlet_cif.y4m,15.48,15.486,0.030496,0.004888,0.0,300
1,0,1,0,1,0,0,0,0,1,1,0,4,15,0,pamphlet_cif.y4m,12.63,12.636,0.04827,0.004522,0.0,249
1,0,1,0,1,0,0,0,0,0,0,1,2,0,0,pamphlet_cif.y4m,12.49,12.518,0.057619,0.004529,0.0,20
1,1,1,1,0,0,1,1,0,1,0,1,1,5,0,pamphlet_cif.y4m,620.98,621.038,0.185391,0.004503,0.0,104
1,1,1,1,0,0,0,1,0,1,1,1,8,15,6,pamphlet_cif.y4m,585.91,585.826,0.184608,0.004437,0.0,131
1,0,1,1,0,0,0,0,0,0,0,0,2,0,3,pamphlet_cif.y4m,481.86,481.994,0.347534,0.004527,0.0,69
1,0,1,0,1,0,1,0,0,0,0,0,2,0,3,pamphlet_cif.y4m,15.46,15.452,0.043243,0.004888,0.0,220
1,1,1,1,0,0,1,1,0,1,1,1,8,15,6,pamphlet_cif.y4m,603.7,603.78,0.379934,0.004306,0.0,11
1,1,1,1,0,0,1,1,0,1,0,0,4,15,6,pamphlet_cif.y4m,621.15,621.122,0.183766,0.004273,0.0,258
1,0,1,0,1,0,1,0,0,0,0,0,2,15,3,pamphlet_cif.y4m,15.55,15.558,0.025884,0.004888,0.0,65
1,0,1,0,0,1,1,0,0,0,0,0,2,15,0,pamphlet_cif.y4m,45.17,45.168,0.048166,0.004842,0.0,160
1,0,1,0,0,1,1,0,0,0,0,0,8,0,0,pamphlet_cif.y4m,45.12,45.094,0.141174,0.004842,0.0,238
1,1,1,1,0,0,0,1,0,0,0,0,4,0,0,pamphlet_cif.y4m,577.75,577.686,0.18743,0.004613,0.0,57
1,1,1,0,1,0,0,1,0,1,0,1,2,0,0,pamphlet_cif.y4m,16.98,16.99,0.052915,0.004625,0.0,79
1,0,1,0,1,0,1,0,0,0,1,0,4,15,3,pamphlet_cif.y4m,15.48,15.478,0.054037,0.004888,0.0,224
1,1,1,0,1,0,0,1,0,1,0,0,2,0,3,pamphlet_cif.y4m,17.09,17.104,0.054129,0.004604,0.0,48
1,0,1,0,1,0,1,0,0,0,0,1,8,0,6,pamphlet_cif.y4m,15.23,15.224,0.052726,0.004854,0.0,173
1,1,1,1,0,0,1,1,0,0,1,1,1,0,0,pamphlet_cif.y4m,589.97,590.106,0.230282,0.004498,0.0,283
1,0,1,0,1,0,0,0,0,0,0,0,1,0,6,pamphlet_cif.y4m,12.55,12.586,0.06269,0.004522,0.0,190
1,0,1,0,1,0,1,0,0,1,1,1,4,0,6,pamphlet_cif.y4m,15.34,15.346,0.076354,0.004854,0.0,259
1,0,1,1,0,0,0,0,0,0,0,1,1,15,3,pamphlet_cif.y4m,481.64,481.67,0.154596,0.004532,0.0,7
1,0,1,0,0,1,0,0,0,0,0,1,2,5,0,pamphlet_cif.y4m,39.95,40.018,0.137732,0.004539,0.0,73
1,1,1,1,0,0,1,1,0,0,0,0,2,0,6,pamphlet_cif.y4m,605.85,605.856,0.317695,0.004508,0.0,63
1,0,1,0,0,1,1,0,0,1,1,0,2,15,3,pamphlet_cif.y4m,45.09,45.094,0.077653,0.004842,0.0,284
1,0,1,1,0,0,1,0,0,1,0,1,8,15,6,pamphlet_cif.y4m,513.71,513.822,0.199925,0.004831,0.0,250
1,1,1,0,1,0,0,1,0,0,0,0,2,5,0,pamphlet_cif.y4m,16.26,16.254,0.019494,0.004625,0.0,209
1,0,1,0,1,0,1,0,0,0,0,1,4,5,3,pamphlet_cif.y4m,15.42,15.408,0.039623,0.004854,0.0,138
1,1,1,1,0,0,0,0,1,1,1,0,1,0,0,pamphlet_cif.y4m,540.31,540.378,0.165288,0.004507,0.0,135
1,1,1,1,0,0,1,1,0,1,1,0,4,5,3,pamphlet_cif.y4m,617.55,617.664,0.258515,0.004405,0.0,264
1,1,1,1,0,0,0,1,0,1,1,0,2,0,6,pamphlet_cif.y4m,577.52,577.692,0.493072,0.004613,0.0,215
1,0,1,0,0,1,0,0,0,0,1,1,4,5,3,pamphlet_cif.y4m,39.56,39.616,0.131263,0.004539,0.0,50
1,0,1,1,0,0,0,0,0,1,1,0,4,0,6,pamphlet_cif.y4m,481.89,481.9,0.098234,0.004527,0.0,98
1,1,1,1,0,0,0,1,0,1,1,0,1,15,0,pamphlet_cif.y4m,591.14,591.39,0.598206,0.004592,0.0,140
1,1,1,1,0,0,0,1,0,0,1,1,1,0,3,pamphlet_cif.y4m,584.99,584.956,0.182839,0.004599,0.0,113
1,0,1,0,1,0,1,0,0,1,1,0,1,0,6,pamphlet_cif.y4m,15.45,15.476,0.07893,0.004888,0.0,3
1,0,1,0,0,1,0,0,0,1,1,1,8,0,0,pamphlet_cif.y4m,40.03,39.99,0.114455,0.004539,0.0,149
1,0,1,1,0,0,0,0,0,0,1,1,8,5,6,pamphlet_cif.y4m,481.66,481.948,0.870959,0.004532,0.0,153
1,1,1,1,0,0,1,1,0,1,1,0,2,15,6,pamphlet_cif.y4m,621.0,620.988,0.312522,0.004273,0.0,133
1,0,1,1,0,0,0,0,0,0,0,0,1,0,3,pamphlet_cif.y4m,481.73,481.84,0.293769,0.004527,0.0,191
1,1,1,0,1,0,0,1,0,1,0,1,1,0,6,pamphlet_cif.y4m,16.98,17.0,0.033912,0.004625,0.0,100
1,0,1,1,0,0,1,0,0,0,1,0,4,0,3,pamphlet_cif.y4m,513.33,513.282,0.278155,0.004837,0.0,85
1,0,1,0,0,1,1,0,0,0,0,0,2,0,3,pamphlet_cif.y4m,45.27,45.23,0.109316,0.004842,0.0,88
1,0,1,0,1,0,1,0,0,1,1,0,4,15,6,pamphlet_cif.y4m,15.53,15.536,0.04827,0.004888,0.0,31
1,0,1,0,0,1,1,0,0,0,0,0,4,5,3,pamphlet_cif.y4m,44.65,44.656,0.121573,0.004842,0.0,134
1,1,1,0,1,0,1,1,0,1,1,1,8,0,3,pamphlet_cif.y4m,17.23,17.244,0.070214,0.004554,0.0,147
1,1,1,1,0,0,0,1,0,0,1,1,4,15,6,pamphlet_cif.y4m,585.83,585.756,0.205621,0.004437,0.0,275
1,0,1,0,0,1,1,0,0,0,1,0,4,15,3,pamphlet_cif.y4m,45.18,45.158,0.085849,0.004842,0.0,143
1,1,1,0,1,0,1,1,0,1,0,0,1,5,6,pamphlet_cif.y4m,15.51,15.508,0.034205,0.004422,0.0,8
1,1,1,1,0,0,1,1,0,0,1,1,4,5,3,pamphlet_cif.y4m,611.45,611.478,0.135904,0.004427,0.0,216
1,0,1,1,0,0,1,0,0,1,0,0,1,0,3,pamphlet_cif.y4m,513.33,513.438,0.641147,0.004837,0.0,214
1,0,1,0,0,1,0,0,0,0,0,0,1,5,0,pamphlet_cif.y4m,40.11,40.116,0.116319,0.004522,0.0,17
1,0,1,0,0,1,1,0,0,0,0,0,1,5,0,pamphlet_cif.y4m,44.65,44.674,0.199825,0.004842,0.0,206
1,0,1,0,1,0,0,0,0,1,1,1,8,15,0,pamphlet_cif.y4m,12.48,12.522,0.089833,0.004529,0.0,36
1,1,1,0,1,0,1,1,0,0,0,0,4,15,3,pamphlet_cif.y4m,15.73,15.742,0.064576,0.004361,0.0,6
1,0,1,1,0,0,1,0,0,0,0,1,1,0,6,pamphlet_cif.y4m,514.24,514.086,0.297204,0.004831,0.0,5
1,0,1,1,0,0,1,0,0,0,0,0,8,15,6,pamphlet_cif.y4m,513.38,513.628,0.603092,0.004837,0.0,164
1,0,1,0,0,1,0,0,0,1,0,0,8,0,6,pamphlet_cif.y4m,40.06,40.038,0.102811,0.004522,0.0,97
1,0,1,1,0,0,0,0,0,0,1,0,2,5,3,pamphlet_cif.y4m,481.98,482.096,0.39253,0.004527,0.0,236
1,1,1,0,1,0,1,1,0,0,0,0,8,5,0,pamphlet_cif.y4m,17.25,17.254,0.023022,0.004523,0.0,71
1,1,1,0,1,0,1,1,0,1,0,1,2,0,3,pamphlet_cif.y4m,17.11,17.086,0.080187,0.004554,0.0,295
1,0,1,1,0,0,1,0,0,1,1,0,8,5,3,pamphlet_cif.y4m,513.41,513.556,0.460684,0.004837,0.0,286
1,0,1,0,1,0,0,0,0,0,0,1,1,5,0,pamphlet_cif.y4m,12.55,12.538,0.039623,0.004529,0.0,34
1,0,1,0,1,0,1,0,0,1,1,1,1,5,3,pamphlet_cif.y4m,15.4,15.386,0.048785,0.004854,0.0,240
1,0,1,0,0,1,1,0,0,0,0,1,4,15,3,pamphlet_cif.y4m,45.03,45.028,0.143248,0.005081,0.0,18
1,0,1,0,1,0,0,0,0,0,1,0,8,0,6,pamphlet_cif.y4m,12.65,12.642,0.047645,0.004522,0.0,102
1,1,1,1,0,0,1,0,1,0,1,0,4,0,0,pamphlet_cif.y4m,566.43,566.388,0.213002,0.004219,0.0,51
1,1,1,1,0,0,1,1,0,0,0,1,4,15,6,pamphlet_cif.y4m,600.75,600.784,0.276731,0.004306,0.0,282
1,0,1,0,1,0,1,0,0,1,1,1,1,0,3,pamphlet_cif.y4m,15.42,15.39,0.067082,0.004854,0.0,77
1,0,1,1,0,0,1,0,0,0,1,0,2,0,3,pamphlet_cif.y4m,513.35,513.696,0.99904,0.004837,0.0,128
1,1,1,0,1,0,1,1,0,0,0,0,2,5,3,pamphlet_cif.y4m,15.95,15.956,0.059833,0.004451,0.0,234
1,0,1,1,0,0,0,0,0,0,1,1,1,0,0,pamphlet_cif.y4m,481.67,481.71,0.115758,0.004532,0.0,252
1,0,1,1,0,0,1,0,0,0,0,1,4,0,3,pamphlet_cif.y4m,514.09,514.102,0.053572,0.004831,0.0,28
1,0,1,0,0,1,1,0,0,1,1,1,8,15,3,pamphlet_cif.y4m,44.41,44.488,0.149064,0.005081,0.0,139
1,0,1,0,0,1,0,0,0,0,0,1,1,5,0,pamphlet_cif.y4m,39.95,39.954,0.065803,0.004539,0.0,158
1,1,1,0,1,0,1,1,0,1,0,1,8,5,3,pamphlet_cif.y4m,15.84,15.856,0.041593,0.004444,0.0,152
1,0,1,1,0,0,1,0,0,1,0,0,2,0,6,pamphlet_cif.y4m,513.18,513.162,0.177961,0.004837,0.0,12
1,1,1,0,1,0,0,1,0,0,0,1,4,15,3,pamphlet_cif.y4m,14.37,14.35,0.042426,0.004558,0.0,294
1,1,1,0,1,0,0,1,0,0,0,1,8,15,3,pamphlet_cif.y4m,14.45,14.48,0.065955,0.004558,0.0,154
1,1,1,1,0,0,0,1,0,1,0,0,2,15,6,pamphlet_cif.y4m,582.76,582.84,0.242074,0.004426,0.0,157
1,0,1,1,0,0,1,0,0,1,1,1,2,0,3,pamphlet_cif.y4m,514.13,513.972,0.233388,0.004831,0.0,150
1,1,1,0,1,0,1,1,0,0,1,0,8,0,6,pamphlet_cif.y4m,16.9,16.912,0.038987,0.004553,0.0,287
1,0,1,0,1,0,0,0,0,1,1,0,1,0,3,pamphlet_cif.y4m,12.58,12.588,0.066858,0.004522,0.0,297
1,0,1,0,0,1,0,0,0,1,1,0,8,15,0,pamphlet_cif.y4m,40.1,40.146,0.189947,0.004522,0.0,263
1,1,1,0,1,0,0,1,0,1,1,1,1,5,3,pamphlet_cif.y4m,15.27,15.3,0.076485,0.004605,0.0,255
1,0,1,1,0,0,0,0,0,1,1,0,8,15,3,pamphlet_cif.y4m,481.97,481.838,0.329955,0.004527,0.0,115
1,0,1,0,0,1,1,0,0,1,0,1,4,15,3,pamphlet_cif.y4m,45.02,45.002,0.083187,0.005081,0.0,188
1,0,1,0,0,1,1,0,0,0,0,1,8,0,6,pamphlet_cif.y4m,45.15,45.172,0.085264,0.005081,0.0,212
1,0,1,1,0,0,1,0,0,0,0,1,1,15,3,pamphlet_cif.y4m,514.13,514.516,0.914073,0.004831,0.0,195
1,0,1,0,1,0,0,0,0,0,1,1,2,15,0,pamphlet_cif.y4m,12.5,12.518,0.038341,0.004529,0.0,119
1,0,1,1,0,0,0,0,0,1,0,1,4,15,0,pamphlet_cif.y4m,479.55,479.63,0.230976,0.004532,0.0,58
1,0,1,0,1,0,1,0,0,1,0,1,4,0,6,pamphlet_cif.y4m,15.38,15.408,0.072595,0.004854,0.0,277
1,0,1,0,1,0,1,0,0,0,1,1,4,5,6,pamphlet_cif.y4m,15.39,15.382,0.056303,0.004854,0.0,64
1,1,1,0,1,0,1,1,0,1,0,0,2,0,0,pamphlet_cif.y4m,16.98,16.976,0.030496,0.004553,0.0,285
1,1,1,0,1,0,1,1,0,1,0,0,4,0,0,pamphlet_cif.y4m,16.93,16.954,0.077006,0.004553,0.0,290
1,0,1,1,0,0,0,0,0,1,0,1,8,5,6,pamphlet_cif.y4m,481.79,481.832,0.156269,0.004532,0.0,196
1,1,1,1,0,0,1,0,1,1,1,1,1,0,0,pamphlet_cif.y4m,569.13,569.016,0.198822,0.004245,0.0,93
1,0,1,1,0,0,1,0,0,0,1,1,4,5,6,pamphlet_cif.y4m,513.98,513.996,0.094763,0.004831,0.0,299
1,0,1,1,0,0,0,0,0,1,0,0,2,5,0,pamphlet_cif.y4m,479.84,479.848,0.149566,0.004527,0.0,125
1,1,1,0,1,0,0,1,0,1,0,1,2,15,6,pamphlet_cif.y4m,15.15,15.146,0.021909,0.004497,0.0,21
1,0,1,0,1,0,0,0,0,1,0,1,2,0,0,pamphlet_cif.y4m,12.5,12.51,0.04,0.004529,0.0,225
1,0,1,0,1,0,0,0,0,1,0,0,2,5,0,paris_cif.y4m,15.82,15.81,0.03937,0.001586,0.0,114
1,1,1,1,0,0,0,0,1,0,0,1,1,0,0,paris_cif.y4m,424.2,420.186,6.474425,0.001485,0.0,281
1,1,1,1,0,0,0,1,0,1,1,0,2,5,0,paris_cif.y4m,464.42,464.428,0.296091,0.001512,0.0,49
1,0,1,0,0,1,1,0,0,0,0,0,2,15,6,paris_cif.y4m,44.95,45.03,0.178045,0.001567,0.0,194
1,0,1,1,0,0,0,0,0,0,0,0,2,0,6,paris_cif.y4m,386.97,387.4,0.984251,0.001588,0.0,62
1,1,1,0,1,0,0,1,0,1,1,1,1,15,3,paris_cif.y4m,25.71,25.748,0.30491,0.001516,0.0,91
1,0,1,0,0,1,1,0,0,0,0,0,4,0,6,paris_cif.y4m,45.03,45.0,0.144222,0.001567,0.0,107
1,0,1,1,0,0,1,0,0,0,0,1,4,5,3,paris_cif.y4m,438.43,438.386,0.11349,0.001561,0.0,181
1,0,1,0,1,0,1,0,0,0,0,0,4,5,0,paris_cif.y4m,22.21,22.212,0.022804,0.001563,0.0,247
1,0,1,1,0,0,0,0,0,1,1,0,4,5,3,paris_cif.y4m,414.74,415.196,1.334328,0.001588,0.0,166
1,0,1,0,0,1,0,0,0,0,1,1,4,0,0,paris_cif.y4m,34.15,34.472,0.738932,0.001587,0.0,25
1,1,1,0,1,0,0,1,0,0,0,1,8,0,6,paris_cif.y4m,25.43,25.454,0.104067,0.00152,0.0,203
1,1,1,1,0,0,1,1,0,1,1,1,4,5,6,paris_cif.y4m,440.48,441.974,3.521268,0.00162,0.0,219
1,0,1,0,0,1,0,0,0,0,0,0,4,15,0,paris_cif.y4m,36.69,36.938,0.699621,0.001586,0.0,162
1,0,1,1,0,0,1,0,0,0,1,0,4,15,6,paris_cif.y4m,440.59,440.544,0.131643,0.00156,0.0,182
1,0,1,0,0,1,0,0,0,1,1,0,1,15,6,paris_cif.y4m,36.5,36.514,0.063482,0.001586,0.0,10
1,1,1,1,0,0,1,1,0,1,1,1,2,15,0,paris_cif.y4m,472.28,472.308,0.188997,0.001626,0.0,14
1,1,1,1,0,0,0,1,0,0,0,1,1,0,6,paris_cif.y4m,441.6,441.596,0.305827,0.001518,0.0,89
1,1,1,1,0,0,0,1,0,1,1,1,1,5,0,paris_cif.y4m,495.49,495.61,0.219431,0.001517,0.0,116
1,0,1,1,0,0,0,0,0,0,1,1,4,15,3,paris_cif.y4m,388.45,388.672,0.463109,0.001586,0.0,217
1,1,1,0,1,0,0,1,0,0,1,0,1,0,0,paris_cif.y4m,25.61,25.482,0.200175,0.001515,0.0,75
1,1,1,0,1,0,0,1,0,1,1,1,2,15,6,paris_cif.y4m,25.59,25.432,0.44178,0.001515,0.0,266
1,0,1,1,0,0,1,0,0,0,1,1,4,15,3,paris_cif.y4m,438.32,438.366,0.16025,0.001561,0.0,268
1,0,1,0,1,0,1,0,0,1,1,1,4,15,3,paris_cif.y4m,23.74,23.768,0.079812,0.001563,0.0,187
1,0,1,0,0,1,1,0,0,0,1,0,8,15,3,paris_cif.y4m,42.33,42.25,0.289828,0.001567,0.0,161
1,0,1,0,1,0,1,0,0,0,1,0,2,0,6,paris_cif.y4m,23.05,22.892,0.393472,0.001563,0.0,23
1,1,1,1,0,0,0,1,0,1,1,0,2,5,6,paris_cif.y4m,462.92,465.006,4.642174,0.001506,0.0,2
1,1,1,1,0,0,1,0,1,1,0,1,2,0,0,paris_cif.y4m,394.08,402.37,11.605934,0.001604,0.0,16
1,0,1,1,0,0,0,0,0,1,1,1,8,15,0,paris_cif.y4m,390.71,390.706,0.099398,0.001586,0.0,262
1,1,1,1,0,0,0,1,0,1,1,0,4,5,0,paris_cif.y4m,464.46,464.514,0.186628,0.001512,0.0,66
1,0,1,1,0,0,0,0,0,1,0,0,2,0,0,paris_cif.y4m,389.37,392.13,5.711738,0.001588,0.0,86
1,0,1,0,1,0,1,0,0,0,1,0,2,5,6,paris_cif.y4m,24.23,24.106,0.298881,0.001563,0.0,231
1,0,1,0,1,0,0,0,0,0,0,0,4,5,0,paris_cif.y4m,15.74,15.728,0.090111,0.001586,0.0,269
1,1,1,0,1,0,1,1,0,0,1,0,1,5,0,paris_cif.y4m,22.76,22.764,0.051284,0.001621,0.0,180
1,0,1,0,0,1,0,0,0,0,1,0,4,5,6,paris_cif.y4m,36.59,36.6,0.048477,0.001586,0.0,274
1,1,1,1,0,0,0,1,0,1,1,0,2,15,6,paris_cif.y4m,463.43,463.768,0.770759,0.001503,0.0,184
1,0,1,0,0,1,1,0,0,0,0,1,4,5,0,paris_cif.y4m,42.32,42.302,0.10872,0.00157,0.0,118
1,1,1,1,0,0,0,1,0,0,0,0,1,0,6,paris_cif.y4m,450.56,446.916,5.330204,0.00151,0.0,254
1,0,1,1,0,0,1,0,0,0,1,1,4,5,0,paris_cif.y4m,438.53,443.118,6.538522,0.001561,0.0,208
1,0,1,0,0,1,1,0,0,1,1,0,4,5,6,paris_cif.y4m,41.93,41.966,0.116319,0.001567,0.0,279
1,1,1,1,0,0,0,1,0,0,1,1,4,15,3,paris_cif.y4m,464.67,464.636,0.151592,0.00151,0.0,229
1,0,1,0,0,1,1,0,0,1,1,1,1,0,0,paris_cif.y4m,42.78,42.57,0.638436,0.00157,0.0,46
1,0,1,0,0,1,0,0,0,1,1,1,4,5,6,paris_cif.y4m,34.21,34.192,0.179639,0.001587,0.0,171
1,1,1,1,0,0,0,1,0,0,1,0,2,5,0,paris_cif.y4m,464.37,467.952,5.006363,0.001512,0.0,99
1,0,1,0,0,1,0,0,0,0,0,0,8,0,0,paris_cif.y4m,35.22,35.094,0.558059,0.001586,0.0,81
1,1,1,1,0,0,1,1,0,1,0,1,8,5,0,paris_cif.y4m,439.44,439.436,0.247851,0.001627,0.0,155
1,0,1,0,1,0,0,0,0,1,0,1,1,15,6,paris_cif.y4m,15.85,15.848,0.049699,0.001588,0.0,96
1,1,1,1,0,0,0,1,0,1,1,1,8,0,0,paris_cif.y4m,443.79,447.33,6.71092,0.001518,0.0,218
1,1,1,1,0,0,1,1,0,1,1,0,8,0,6,paris_cif.y4m,418.04,418.056,0.090995,0.001623,0.0,53
1,1,1,0,1,0,1,0,1,0,0,0,2,0,0,paris_cif.y4m,16.56,16.546,0.026077,0.001605,0.0,109
1,0,1,0,1,0,0,0,0,0,1,0,4,5,6,paris_cif.y4m,16.72,16.722,0.068702,0.001586,0.0,185
1,1,1,1,0,0,0,1,0,0,1,1,2,0,0,paris_cif.y4m,473.12,474.14,1.861666,0.001518,0.0,239
1,0,1,1,0,0,0,0,0,0,0,1,2,0,0,paris_cif.y4m,388.47,388.406,0.108766,0.001586,0.0,276
1,0,1,1,0,0,1,0,0,0,0,1,4,0,6,paris_cif.y4m,438.63,439.446,1.589317,0.001561,0.0,257
1,0,1,0,0,1,0,0,0,1,1,0,1,5,0,paris_cif.y4m,34.64,34.61,0.4997,0.001586,0.0,42
1,1,1,0,1,0,1,1,0,0,0,0,2,15,3,paris_cif.y4m,23.03,23.002,0.120499,0.00162,0.0,204
1,0,1,1,0,0,1,0,0,1,0,1,2,15,6,paris_cif.y4m,438.59,445.0,9.487953,0.001561,0.0,145
1,0,1,0,1,0,0,0,0,0,0,0,2,0,3,paris_cif.y4m,15.55,15.546,0.023022,0.001586,0.0,246
1,1,1,1,0,0,0,1,0,0,1,1,8,0,0,paris_cif.y4m,472.87,472.972,0.191755,0.001518,0.0,202
1,1,1,0,1,0,0,1,0,1,0,0,2,5,3,paris_cif.y4m,25.84,25.768,0.277975,0.001514,0.0,70
1,0,1,0,1,0,0,0,0,0,1,0,1,5,3,paris_cif.y4m,16.73,16.728,0.014832,0.001586,0.0,230
1,0,1,0,1,0,1,0,0,0,0,0,4,15,6,paris_cif.y4m,22.18,22.348,0.277254,0.001563,0.0,267
1,1,1,1,0,0,1,1,0,0,0,1,8,5,3,paris_cif.y4m,439.95,440.016,0.12522,0.001623,0.0,146
1,0,1,0,1,0,1,0,0,0,0,1,2,15,0,paris_cif.y4m,22.41,22.414,0.168018,0.001563,0.0,27
1,0,1,0,1,0,1,0,0,0,1,1,8,0,3,paris_cif.y4m,22.79,22.694,0.335306,0.001563,0.0,137
1,1,1,1,0,0,0,1,0,0,1,1,2,15,0,paris_cif.y4m,463.65,464.956,3.089293,0.001514,0.0,189
1,1,1,0,1,0,1,1,0,1,0,0,4,15,0,paris_cif.y4m,23.04,23.262,0.402206,0.001626,0.0,132
1,1,1,1,0,0,0,0,1,1,0,1,8,0,0,paris_cif.y4m,412.95,412.972,0.089275,0.001485,0.0,169
1,0,1,0,0,1,0,0,0,0,0,0,1,5,6,paris_cif.y4m,34.61,34.616,0.047223,0.001586,0.0,33
1,0,1,1,0,0,0,0,0,0,1,1,8,15,0,paris_cif.y4m,388.5,388.554,0.136308,0.001586,0.0,205
1,0,1,1,0,0,0,0,0,1,0,1,2,0,0,paris_cif.y4m,388.53,388.526,0.136858,0.001586,0.0,245
1,1,1,0,1,0,1,1,0,0,1,1,1,15,0,paris_cif.y4m,22.85,22.84,0.048477,0.00163,0.0,298
1,0,1,1,0,0,1,0,0,1,1,0,2,5,6,paris_cif.y4m,438.44,447.542,12.692776,0.00156,0.0,163
1,1,1,1,0,0,0,1,0,0,0,0,1,5,0,paris_cif.y4m,464.34,465.906,3.49696,0.001512,0.0,123
1,0,1,0,0,1,1,0,0,1,0,0,4,15,0,paris_cif.y4m,44.92,44.934,0.123612,0.001567,0.0,4
1,0,1,0,0,1,1,0,0,1,1,0,8,5,6,paris_cif.y4m,41.98,42.004,0.13813,0.001567,0.0,141
1,1,1,0,1,0,0,1,0,1,0,0,8,5,6,paris_cif.y4m,25.58,25.526,0.167571,0.001508,0.0,129
1,1,1,0,1,0,1,1,0,1,1,0,4,5,3,paris_cif.y4m,22.89,23.512,0.911603,0.001622,0.0,159
1,0,1,0,0,1,1,0,0,1,0,0,1,0,0,paris_cif.y4m,42.74,42.656,0.318873,0.001567,0.0,22
1,0,1,0,0,1,0,0,0,1,0,1,2,0,6,paris_cif.y4m,34.07,34.088,0.129112,0.001587,0.0,175
1,1,1,1,0,0,0,1,0,1,1,1,8,5,6,paris_cif.y4m,461.84,461.81,0.090277,0.001512,0.0,151
1,1,1,0,1,0,0,1,0,0,1,0,2,5,0,paris_cif.y4m,25.34,25.504,0.389782,0.001517,0.0,52
1,0,1,0,0,1,0,0,0,0,0,1,4,0,3,paris_cif.y4m,34.02,34.316,0.650254,0.001587,0.0,108
1,0,1,0,1,0,1,0,0,0,0,1,8,15,0,paris_cif.y4m,22.16,22.314,0.24552,0.001563,0.0,72
1,0,1,1,0,0,1,0,0,1,1,0,8,0,6,paris_cif.y4m,439.25,443.436,6.632996,0.00156,0.0,248
1,1,1,1,0,0,1,1,0,1,1,0,8,5,6,paris_cif.y4m,441.23,445.818,6.411058,0.001614,0.0,174
1,0,1,1,0,0,1,0,0,1,1,1,8,0,3,paris_cif.y4m,472.69,471.764,1.768157,0.001561,0.0,130
1,1,1,0,1,0,1,1,0,1,1,1,8,15,0,paris_cif.y4m,22.83,22.842,0.065345,0.00163,0.0,168
1,0,1,0,0,1,1,0,0,1,0,1,8,0,6,paris_cif.y4m,45.77,45.516,0.670172,0.00157,0.0,198
1,0,1,0,0,1,1,0,0,1,1,0,1,0,3,paris_cif.y4m,41.97,42.052,0.264518,0.001567,0.0,83
1,1,1,1,0,0,1,1,0,0,1,0,1,0,3,paris_cif.y4m,418.26,418.456,0.626602,0.001623,0.0,291
1,0,1,0,1,0,0,0,0,1,1,0,1,0,6,paris_cif.y4m,16.79,16.822,0.163003,0.001586,0.0,237
1,0,1,0,0,1,0,0,0,1,1,1,2,15,3,paris_cif.y4m,34.14,34.214,0.153883,0.001587,0.0,90
1,1,1,1,0,0,1,1,0,0,0,1,1,15,0,paris_cif.y4m,472.38,472.846,1.34072,0.001626,0.0,87
1,0,1,1,0,0,1,0,0,1,0,0,1,5,0,paris_cif.y4m,438.61,440.71,3.63653,0.00156,0.0,74
1,0,1,0,0,1,0,0,0,1,0,0,2,0,3,paris_cif.y4m,34.3,34.32,0.242384,0.001586,0.0,201
1,0,1,0,1,0,0,0,0,1,0,1,1,0,0,paris_cif.y4m,15.7,15.714,0.039749,0.001588,0.0,183
1,0,1,1,0,0,0,0,0,0,0,0,4,0,6,paris_cif.y4m,387.26,388.006,1.469874,0.001588,0.0,227
1,1,1,0,1,0,1,1,0,0,0,0,1,15,6,paris_cif.y4m,22.75,22.852,0.232099,0.001614,0.0,222
1,0,1,0,0,1,0,0,0,0,1,0,8,0,6,paris_cif.y4m,34.23,34.666,0.743525,0.001586,0.0,55
1,0,1,1,0,0,0,0,0,0,1,1,2,5,0,paris_cif.y4m,388.48,388.572,0.199299,0.001586,0.0,142
1,0,1,1,0,0,1,0,0,1,0,1,1,5,6,paris_cif.y4m,438.75,443.694,7.187749,0.001561,0.0,124
1,0,1,1,0,0,1,0,0,0,0,0,8,0,0,paris_cif.y4m,438.46,438.468,0.291839,0.00156,0.0,95
1,0,1,1,0,0,1,0,0,1,0,0,2,15,0,paris_cif.y4m,438.07,438.102,0.107564,0.00156,0.0,241
1,0,1,0,1,0,0,0,0,0,1,1,1,5,3,paris_cif.y4m,15.75,15.774,0.146731,0.001588,0.0,289
1,0,1,1,0,0,1,0,0,1,1,0,1,5,0,paris_cif.y4m,469.55,469.724,0.777226,0.00156,0.0,278
1,1,1,0,1,0,0,1,0,1,1,0,1,0,6,paris_cif.y4m,25.26,25.286,0.045056,0.001515,0.0,176
1,0,1,0,0,1,1,0,0,0,1,0,8,5,0,paris_cif.y4m,42.03,42.01,0.148829,0.001567,0.0,122
1,0,1,0,0,1,0,0,0,0,1,0,4,0,6,paris_cif.y4m,34.64,34.556,0.341292,0.001586,0.0,30
1,1,1,0,1,0,0,1,0,0,0,0,2,0,6,paris_cif.y4m,25.68,25.672,0.054037,0.001515,0.0,251
1,0,1,1,0,0,0,0,0,0,0,1,1,0,0,paris_cif.y4m,390.79,390.808,0.200425,0.001586,0.0,120
1,0,1,1,0,0,0,0,0,0,0,1,2,15,6,paris_cif.y4m,393.07,392.418,4.40421,0.001586,0.0,144
1,0,1,0,1,0,1,0,0,0,0,0,1,0,3,paris_cif.y4m,22.53,22.482,0.104499,0.001563,0.0,265
1,1,1,0,1,0,0,1,0,0,1,0,2,0,6,paris_cif.y4m,25.7,25.676,0.065803,0.001515,0.0,260
1,1,1,0,1,0,0,1,0,0,0,1,1,0,3,paris_cif.y4m,26.08,25.916,0.273185,0.00152,0.0,78
1,0,1,0,1,0,0,0,0,0,1,1,8,15,3,paris_cif.y4m,15.67,15.772,0.201172,0.001588,0.0,84
1,0,1,1,0,0,1,0,0,1,0,0,4,15,3,paris_cif.y4m,440.58,440.554,0.110136,0.00156,0.0,296
1,0,1,0,0,1,0,0,0,0,0,1,2,5,6,paris_cif.y4m,36.48,36.518,0.095237,0.001587,0.0,232
1,0,1,0,0,1,1,0,0,0,1,0,4,15,6,paris_cif.y4m,42.44,42.462,0.051186,0.001567,0.0,213
1,1,1,0,1,0,0,1,0,0,1,1,8,15,3,paris_cif.y4m,26.11,25.844,0.430035,0.001516,0.0,94
1,0,1,0,1,0,0,0,0,0,1,1,1,5,0,paris_cif.y4m,15.68,15.654,0.055045,0.001588,0.0,178
1,0,1,1,0,0,1,0,0,1,0,0,4,0,0,paris_cif.y4m,438.33,447.48,12.740163,0.00156,0.0,127
1,1,1,0,1,0,1,1,0,0,1,0,8,5,6,paris_cif.y4m,24.44,24.418,0.060166,0.001618,0.0,111
1,0,1,0,1,0,0,0,0,0,0,1,1,0,6,paris_cif.y4m,15.73,15.75,0.096177,0.001588,0.0,92
1,1,1,1,0,0,0,1,0,0,1,0,8,15,6,paris_cif.y4m,464.81,465.064,1.111589,0.001503,0.0,54
1,0,1,0,0,1,0,0,0,0,0,1,2,15,0,paris_cif.y4m,34.13,34.452,0.572905,0.001587,0.0,45
1,0,1,1,0,0,0,0,0,1,0,0,4,0,6,paris_cif.y4m,387.97,388.07,1.539415,0.001588,0.0,226
1,1,1,1,0,0,1,1,0,1,0,0,8,5,0,paris_cif.y4m,470.69,470.72,0.134722,0.001622,0.0,200
1,0,1,0,0,1,1,0,0,1,0,1,8,5,6,paris_cif.y4m,44.71,44.724,0.109225,0.00157,0.0,59
1,1,1,0,1,0,1,0,1,0,0,1,2,0,0,paris_cif.y4m,17.12,17.016,0.271901,0.00161,0.0,19
1,1,1,1,0,0,0,1,0,1,0,0,2,15,0,paris_cif.y4m,464.73,465.626,1.535132,0.001509,0.0,47
1,1,1,0,1,0,1,1,0,0,0,1,4,5,6,paris_cif.y4m,22.87,22.864,0.063087,0.001624,0.0,32
1,1,1,0,1,0,0,1,0,1,0,0,1,5,6,paris_cif.y4m,25.4,25.618,0.389833,0.001508,0.0,170
1,0,1,0,0,1,0,0,0,1,1,0,1,15,0,paris_cif.y4m,36.61,36.63,0.129422,0.001586,0.0,270
1,0,1,1,0,0,1,0,0,1,0,1,4,15,6,paris_cif.y4m,440.04,439.714,0.91969,0.001561,0.0,207
1,1,1,0,1,0,0,1,0,1,1,1,1,5,6,paris_cif.y4m,25.23,25.428,0.368741,0.001518,0.0,43
1,0,1,0,1,0,1,0,0,0,1,1,1,0,3,paris_cif.y4m,22.51,22.51,0.214126,0.001563,0.0,40
1,1,1,0,1,0,0,1,0,0,1,1,1,5,3,paris_cif.y4m,25.96,25.934,0.066558,0.00152,0.0,117
1,0,1,0,0,1,0,0,0,0,1,0,8,15,6,paris_cif.y4m,34.47,34.492,0.106395,0.001586,0.0,253
1,0,1,1,0,0,0,0,0,1,0,0,1,15,3,paris_cif.y4m,387.11,390.638,8.079435,0.001588,0.0,68
1,1,1,1,0,0,0,1,0,1,1,1,1,15,6,paris_cif.y4m,463.3,463.308,0.237739,0.00151,0.0,186
1,1,1,0,1,0,1,1,0,0,0,1,8,15,3,paris_cif.y4m,23.21,23.164,0.179805,0.001626,0.0,288
1,1,1,0,1,0,0,1,0,0,0,0,2,0,0,paris_cif.y4m,25.38,25.63,0.61441,0.001515,0.0,15
1,0,1,1,0,0,0,0,0,0,1,1,2,15,3,paris_cif.y4m,388.5,388.472,0.131034,0.001586,0.0,82
1,1,1,1,0,0,0,1,0,0,0,0,4,15,6,paris_cif.y4m,483.48,479.692,9.21405,0.001503,0.0,211
1,0,1,0,1,0,1,0,0,1,1,1,8,15,6,paris_cif.y4m,22.3,22.324,0.136125,0.001563,0.0,177
1,1,1,0,1,0,0,1,0,1,1,1,2,5,3,paris_cif.y4m,25.66,25.81,0.462331,0.00152,0.0,210
1,0,1,1,0,0,0,0,0,1,1,1,2,0,3,paris_cif.y4m,388.58,390.758,4.839263,0.001586,0.0,13
1,0,1,0,1,0,1,0,0,0,0,1,2,15,3,paris_cif.y4m,22.2,22.192,0.051672,0.001563,0.0,228
1,0,1,0,1,0,1,0,0,1,1,0,4,5,3,paris_cif.y4m,22.16,22.318,0.283055,0.001563,0.0,38
1,1,1,1,0,0,0,1,0,0,0,1,4,15,6,paris_cif.y4m,475.84,475.268,7.817485,0.00151,0.0,29
1,1,1,1,0,0,1,0,1,1,0,0,8,0,0,paris_cif.y4m,397.7,397.366,0.950542,0.001599,0.0,24
1,1,1,1,0,0,0,1,0,0,0,0,8,5,6,paris_cif.y4m,463.42,464.214,1.663169,0.001506,0.0,293
1,1,1,1,0,0,0,1,0,0,1,0,2,5,6,paris_cif.y4m,465.54,465.566,0.098641,0.001506,0.0,67
1,1,1,0,1,0,0,1,0,1,0,1,2,5,0,paris_cif.y4m,27.4,27.378,0.072938,0.001522,0.0,199
1,0,1,0,0,1,1,0,0,1,1,0,8,15,3,paris_cif.y4m,42.48,42.436,0.096592,0.001567,0.0,244
1,0,1,0,0,1,1,0,0,0,0,0,8,15,0,paris_cif.y4m,42.07,42.406,0.523097,0.001567,0.0,80
1,1,1,1,0,0,1,1,0,1,1,1,2,0,3,paris_cif.y4m,418.63,418.396,0.534069,0.001627,0.0,223
1,1,1,0,1,0,1,1,0,0,1,0,8,5,0,paris_cif.y4m,22.82,22.952,0.325377,0.001621,0.0,121
1,0,1,1,0,0,1,0,0,0,0,0,8,5,3,paris_cif.y4m,438.16,442.852,10.575749,0.00156,0.0,261
1,0,1,1,0,0,1,0,0,1,1,0,1,5,6,paris_cif.y4m,438.18,440.832,5.214841,0.00156,0.0,156
1,1,1,1,0,0,0,1,0,0,1,0,4,15,3,paris_cif.y4m,465.31,465.25,1.094646,0.001506,0.0,271
1,1,1,1,0,0,1,1,0,1,0,0,2,15,3,paris_cif.y4m,441.61,444.48,4.126294,0.001617,0.0,9
1,1,1,1,0,0,1,1,0,1,0,1,1,0,0,paris_cif.y4m,418.42,418.148,0.577728,0.001627,0.0,165
1,0,1,0,0,1,1,0,0,1,0,0,1,15,6,paris_cif.y4m,41.94,42.47,0.739662,0.001567,0.0,126
1,0,1,1,0,0,1,0,0,1,1,1,8,5,0,paris_cif.y4m,438.67,444.712,8.755448,0.001561,0.0,280
1,0,1,1,0,0,0,0,0,1,1,0,2,5,3,paris_cif.y4m,391.51,394.082,3.760734,0.001588,0.0,172
1,0,1,0,1,0,1,0,0,0,0,0,1,15,6,paris_cif.y4m,22.16,22.142,0.034928,0.001563,0.0,292
1,0,1,0,0,1,0,0,0,1,0,1,1,0,3,paris_cif.y4m,34.21,34.216,0.195013,0.001587,0.0,179
1,0,1,0,0,1,1,0,0,1,0,1,2,0,3,paris_cif.y4m,44.84,44.842,0.22753,0.00157,0.0,272
1,0,1,0,0,1,1,0,0,0,1,0,4,5,0,paris_cif.y4m,41.96,42.024,0.159937,0.001567,0.0,105
1,0,1,0,1,0,0,0,0,0,0,0,1,0,3,paris_cif.y4m,15.68,15.74,0.212955,0.001586,0.0,76
1,0,1,1,0,0,1,0,0,0,1,0,4,15,3,paris_cif.y4m,438.01,440.592,4.028799,0.00156,0.0,197
1,1,1,1,0,0,1,1,0,0,1,0,1,15,0,paris_cif.y4m,440.79,450.054,12.794973,0.001622,0.0,221
1,1,1,1,0,0,1,1,0,0,1,0,8,15,6,paris_cif.y4m,443.23,443.322,0.858237,0.001606,0.0,167
1,1,1,0,1,0,0,1,0,1,0,1,4,15,6,paris_cif.y4m,25.53,25.47,0.425617,0.001515,0.0,136
1,1,1,1,0,0,0,1,0,1,0,1,8,15,6,paris_cif.y4m,463.57,471.702,11.483705,0.00151,0.0,243
1,0,1,0,1,0,0,0,0,1,0,1,8,15,6,paris_cif.y4m,16.81,16.798,0.034205,0.001588,0.0,60
1,0,1,1,0,0,0,0,0,1,0,1,2,0,6,paris_cif.y4m,388.43,388.418,0.113004,0.001586,0.0,110
1,1,1,1,0,0,1,1,0,1,0,0,1,15,6,paris_cif.y4m,441.95,441.844,0.208758,0.001606,0.0,35
1,0,1,1,0,0,1,0,0,0,1,1,2,5,6,paris_cif.y4m,469.8,469.836,0.252448,0.001561,0.0,235
1,0,1,1,0,0,0,0,0,1,0,0,1,0,3,paris_cif.y4m,387.1,387.17,0.190657,0.001588,0.0,44
1,1,1,0,1,0,1,1,0,0,1,0,4,15,3,paris_cif.y4m,22.82,22.828,0.029496,0.00162,0.0,256
1,0,1,0,0,1,0,0,0,0,1,1,8,0,0,paris_cif.y4m,36.63,36.612,0.069426,0.001587,0.0,192
1,0,1,0,1,0,0,0,0,0,1,1,2,0,0,paris_cif.y4m,15.78,15.818,0.18593,0.001588,0.0,41
1,0,1,1,0,0,0,0,0,0,1,0,4,5,0,paris_cif.y4m,386.98,387.032,0.154822,0.001588,0.0,37
1,0,1,0,0,1,0,0,0,0,0,0,4,5,0,paris_cif.y4m,34.11,34.114,0.116103,0.001586,0.0,26
1,1,1,1,0,0,0,1,0,0,0,0,1,0,3,paris_cif.y4m,472.82,472.914,0.513498,0.00151,0.0,273
1,1,1,1,0,0,1,1,0,0,0,1,1,5,6,paris_cif.y4m,440.9,441.026,0.946404,0.00162,0.0,233
1,1,1,0,1,0,1,1,0,0,1,1,8,0,0,paris_cif.y4m,24.16,24.158,0.064962,0.001634,0.0,101
1,0,1,1,0,0,0,0,0,0,0,1,2,5,3,paris_cif.y4m,390.74,390.746,0.072664,0.001586,0.0,39
1,1,1,0,1,0,0,1,0,0,0,1,1,15,0,paris_cif.y4m,26.21,26.002,0.509284,0.001521,0.0,106
1,1,1,0,1,0,0,0,1,1,0,0,1,0,0,paris_cif.y4m,18.42,18.408,0.071554,0.001484,0.0,242
1,1,1,1,0,0,1,1,0,0,1,0,2,15,0,paris_cif.y4m,443.06,442.268,1.119183,0.001622,0.0,193
1,0,1,0,1,0,1,0,0,0,1,0,1,15,6,paris_cif.y4m,23.75,23.758,0.066858,0.001563,0.0,103
1,1,1,0,1,0,0,1,0,1,1,1,8,5,6,paris_cif.y4m,25.96,25.878,0.345282,0.001518,0.0,1
1,0,1,1,0,0,0,0,0,1,1,1,1,0,0,paris_cif.y4m,416.24,416.596,0.812545,0.001586,0.0,61
1,1,1,1,0,0,0,0,1,0,0,0,2,0,0,paris_cif.y4m,442.17,443.122,1.443475,0.00148,0.0,56
1,1,1,0,1,0,0,1,0,0,1,0,8,15,3,paris_cif.y4m,26.77,26.734,0.100399,0.001514,0.0,148
1,0,1,0,1,0,0,0,0,1,0,1,2,5,0,paris_cif.y4m,15.71,15.7,0.035355,0.001588,0.0,112
1,0,1,0,1,0,1,0,0,0,1,0,8,15,3,paris_cif.y4m,22.19,22.196,0.064653,0.001563,0.0,300
1,0,1,0,1,0,0,0,0,1,1,0,4,15,0,paris_cif.y4m,15.84,15.82,0.05831,0.001586,0.0,249
1,0,1,0,1,0,0,0,0,0,0,1,2,0,0,paris_cif.y4m,16.09,16.056,0.408387,0.001588,0.0,20
1,1,1,1,0,0,1,1,0,1,0,1,1,5,0,paris_cif.y4m,439.29,439.314,0.193468,0.001627,0.0,104
1,1,1,1,0,0,0,1,0,1,1,1,8,15,6,paris_cif.y4m,464.91,464.862,1.538301,0.00151,0.0,131
1,0,1,1,0,0,0,0,0,0,0,0,2,0,3,paris_cif.y4m,387.18,387.21,0.214826,0.001588,0.0,69
1,0,1,0,1,0,1,0,0,0,0,0,2,0,3,paris_cif.y4m,22.22,22.296,0.208159,0.001563,0.0,220
1,1,1,1,0,0,1,1,0,1,1,1,8,15,6,paris_cif.y4m,473.05,473.77,1.769732,0.001612,0.0,11
1,1,1,1,0,0,1,1,0,1,0,0,4,15,6,paris_cif.y4m,442.3,442.472,0.434131,0.001606,0.0,258
1,0,1,0,1,0,1,0,0,0,0,0,2,15,3,paris_cif.y4m,22.5,22.482,0.050695,0.001563,0.0,65
1,0,1,0,0,1,1,0,0,0,0,0,2,15,0,paris_cif.y4m,42.44,42.406,0.401721,0.001567,0.0,160
1,0,1,0,0,1,1,0,0,0,0,0,8,0,0,paris_cif.y4m,44.9,44.894,0.057706,0.001567,0.0,238
1,1,1,1,0,0,0,1,0,0,0,0,4,0,0,paris_cif.y4m,441.18,446.436,11.803168,0.00151,0.0,57
1,1,1,0,1,0,0,1,0,1,0,1,2,0,0,paris_cif.y4m,25.77,25.862,0.380421,0.00152,0.0,79
1,0,1,0,1,0,1,0,0,0,1,0,4,15,3,paris_cif.y4m,22.53,22.51,0.15411,0.001563,0.0,224
1,1,1,0,1,0,0,1,0,1,0,0,2,0,3,paris_cif.y4m,26.07,25.78,0.4495,0.001515,0.0,48
1,0,1,0,1,0,1,0,0,0,0,1,8,0,6,paris_cif.y4m,22.31,22.282,0.124579,0.001563,0.0,173
1,1,1,1,0,0,1,1,0,0,1,1,1,0,0,paris_cif.y4m,417.47,417.498,0.147207,0.001627,0.0,283
1,0,1,0,1,0,0,0,0,0,0,0,1,0,6,paris_cif.y4m,15.63,15.748,0.281904,0.001586,0.0,190
1,0,1,0,1,0,1,0,0,1,1,1,4,0,6,paris_cif.y4m,22.32,22.914,0.911471,0.001563,0.0,259
1,0,1,1,0,0,0,0,0,0,0,1,1,15,3,paris_cif.y4m,393.03,394.62,4.574637,0.001586,0.0,7
1,0,1,0,0,1,0,0,0,0,0,1,2,5,0,paris_cif.y4m,34.27,34.452,0.411303,0.001587,0.0,73
1,1,1,1,0,0,1,1,0,0,0,0,2,0,6,paris_cif.y4m,417.98,417.968,0.08167,0.001623,0.0,63
1,0,1,0,0,1,1,0,0,1,1,0,2,15,3,paris_cif.y4m,42.39,42.376,0.086776,0.001567,0.0,284
1,0,1,1,0,0,1,0,0,1,0,1,8,15,6,paris_cif.y4m,438.44,438.458,0.190316,0.001561,0.0,250
1,1,1,0,1,0,0,1,0,0,0,0,2,5,0,paris_cif.y4m,25.41,25.738,0.509578,0.001517,0.0,209
1,0,1,0,1,0,1,0,0,0,0,1,4,5,3,paris_cif.y4m,22.83,22.586,0.390167,0.001563,0.0,138
1,1,1,1,0,0,0,0,1,1,1,0,1,0,0,paris_cif.y4m,412.76,413.75,2.103117,0.00148,0.0,135
1,1,1,1,0,0,1,1,0,1,1,0,4,5,3,paris_cif.y4m,440.61,440.79,0.668768,0.001621,0.0,264
1,1,1,1,0,0,0,1,0,1,1,0,2,0,6,paris_cif.y4m,443.69,443.678,0.101833,0.00151,0.0,215
1,0,1,0,0,1,0,0,0,0,1,1,4,5,3,paris_cif.y4m,34.21,34.5,0.475868,0.001587,0.0,50
1,0,1,1,0,0,0,0,0,1,1,0,4,0,6,paris_cif.y4m,388.34,388.018,1.111315,0.001588,0.0,98
1,1,1,1,0,0,0,1,0,1,1,0,1,15,0,paris_cif.y4m,464.12,464.11,0.136748,0.001509,0.0,140
1,1,1,1,0,0,0,1,0,0,1,1,1,0,3,paris_cif.y4m,441.97,446.456,6.541191,0.001518,0.0,113
1,0,1,0,1,0,1,0,0,1,1,0,1,0,6,paris_cif.y4m,23.8,23.978,0.2795,0.001563,0.0,3
1,0,1,0,0,1,0,0,0,1,1,1,8,0,0,paris_cif.y4m,34.57,34.542,0.079498,0.001587,0.0,149
1,0,1,1,0,0,0,0,0,0,1,1,8,5,6,paris_cif.y4m,390.64,390.686,0.138311,0.001586,0.0,153
1,1,1,1,0,0,1,1,0,1,1,0,2,15,6,paris_cif.y4m,442.27,442.444,0.773162,0.001606,0.0,133
1,0,1,1,0,0,0,0,0,0,0,0,1,0,3,paris_cif.y4m,398.36,394.226,6.25705,0.001588,0.0,191
1,1,1,0,1,0,0,1,0,1,0,1,1,0,6,paris_cif.y4m,27.29,27.31,0.054314,0.00152,0.0,100
1,0,1,1,0,0,1,0,0,0,1,0,4,0,3,paris_cif.y4m,438.15,440.134,2.785109,0.00156,0.0,85
1,0,1,0,0,1,1,0,0,0,0,0,2,0,3,paris_cif.y4m,42.89,42.592,0.720777,0.001567,0.0,88
1,0,1,0,1,0,1,0,0,1,1,0,4,15,6,paris_cif.y4m,22.21,22.218,0.075961,0.001563,0.0,31
1,0,1,0,0,1,1,0,0,0,0,0,4,5,3,paris_cif.y4m,43.45,43.162,0.670574,0.001567,0.0,134
1,1,1,0,1,0,1,1,0,1,1,1,8,0,3,paris_cif.y4m,22.84,22.844,0.045056,0.001634,0.0,147
1,1,1,1,0,0,0,1,0,0,1,1,4,15,6,paris_cif.y4m,463.27,463.324,0.105736,0.00151,0.0,275
1,0,1,0,0,1,1,0,0,0,1,0,4,15,3,paris_cif.y4m,41.99,42.07,0.192743,0.001567,0.0,143
1,1,1,0,1,0,1,1,0,1,0,0,1,5,6,paris_cif.y4m,24.88,24.716,0.313736,0.001618,0.0,8
1,1,1,1,0,0,1,1,0,0,1,1,4,5,3,paris_cif.y4m,440.03,440.056,0.224455,0.001623,0.0,216
1,0,1,1,0,0,1,0,0,1,0,0,1,0,3,paris_cif.y4m,438.11,438.49,0.823134,0.00156,0.0,214
1,0,1,0,0,1,0,0,0,0,0,0,1,5,0,paris_cif.y4m,34.74,34.632,0.188865,0.001586,0.0,17
1,0,1,0,0,1,1,0,0,0,0,0,1,5,0,paris_cif.y4m,42.14,42.528,0.823146,0.001567,0.0,206
1,0,1,0,1,0,0,0,0,1,1,1,8,15,0,paris_cif.y4m,15.8,15.82,0.13435,0.001588,0.0,36
1,1,1,0,1,0,1,1,0,0,0,0,4,15,3,paris_cif.y4m,24.33,24.464,0.278891,0.00162,0.0,6
1,0,1,1,0,0,1,0,0,0,0,1,1,0,6,paris_cif.y4m,438.82,439.61,1.297941,0.001561,0.0,5
1,0,1,1,0,0,1,0,0,0,0,0,8,15,6,paris_cif.y4m,441.38,442.348,4.469488,0.00156,0.0,164
1,0,1,0,0,1,0,0,0,1,0,0,8,0,6,paris_cif.y4m,36.5,36.506,0.056391,0.001586,0.0,97
1,0,1,1,0,0,0,0,0,0,1,0,2,5,3,paris_cif.y4m,386.86,388.892,4.516201,0.001588,0.0,236
1,1,1,0,1,0,1,1,0,0,0,0,8,5,0,paris_cif.y4m,23.16,23.148,0.12853,0.001621,0.0,71
1,1,1,0,1,0,1,1,0,1,0,1,2,0,3,paris_cif.y4m,22.58,22.564,0.045056,0.001634,0.0,295
1,0,1,1,0,0,1,0,0,1,1,0,8,5,3,paris_cif.y4m,439.12,440.898,4.323774,0.00156,0.0,286
1,0,1,0,1,0,0,0,0,0,0,1,1,5,0,paris_cif.y4m,15.62,15.622,0.052154,0.001588,0.0,34
1,0,1,0,1,0,1,0,0,1,1,1,1,5,3,paris_cif.y4m,23.24,22.852,0.575647,0.001563,0.0,240
1,0,1,0,0,1,1,0,0,0,0,1,4,15,3,paris_cif.y4m,42.01,42.134,0.390423,0.00157,0.0,18
1,0,1,0,1,0,0,0,0,0,1,0,8,0,6,paris_cif.y4m,15.55,15.552,0.037683,0.001586,0.0,102
1,1,1,1,0,0,1,0,1,0,1,0,4,0,0,paris_cif.y4m,396.1,397.468,2.318463,0.001599,0.0,51
1,1,1,1,0,0,1,1,0,0,0,1,4,15,6,paris_cif.y4m,441.79,441.758,0.136272,0.001612,0.0,282
1,0,1,0,1,0,1,0,0,1,1,1,1,0,3,paris_cif.y4m,22.11,22.15,0.085147,0.001563,0.0,77
1,0,1,1,0,0,1,0,0,0,1,0,2,0,3,paris_cif.y4m,438.44,438.314,0.282542,0.00156,0.0,128
1,1,1,0,1,0,1,1,0,0,0,0,2,5,3,paris_cif.y4m,24.44,24.732,0.404809,0.001622,0.0,234
1,0,1,1,0,0,0,0,0,0,1,1,1,0,0,paris_cif.y4m,388.6,390.038,2.721612,0.001586,0.0,252
1,0,1,1,0,0,1,0,0,0,0,1,4,0,3,paris_cif.y4m,438.55,438.456,0.205256,0.001561,0.0,28
1,0,1,0,0,1,1,0,0,1,1,1,8,15,3,paris_cif.y4m,41.89,41.85,0.102956,0.00157,0.0,139
1,0,1,0,0,1,0,0,0,0,0,1,1,5,0,paris_cif.y4m,34.36,34.778,1.066171,0.001587,0.0,158
1,1,1,0,1,0,1,1,0,1,0,1,8,5,3,paris_cif.y4m,22.99,23.008,0.042661,0.001626,0.0,152
1,0,1,1,0,0,1,0,0,1,0,0,2,0,6,paris_cif.y4m,438.16,438.066,0.202312,0.00156,0.0,12
1,1,1,0,1,0,0,1,0,0,0,1,4,15,3,paris_cif.y4m,25.76,25.754,0.071624,0.001516,0.0,294
1,1,1,0,1,0,0,1,0,0,0,1,8,15,3,paris_cif.y4m,25.41,25.764,0.592857,0.001516,0.0,154
1,1,1,1,0,0,0,1,0,1,0,0,2,15,6,paris_cif.y4m,463.68,463.686,0.186091,0.001503,0.0,157
1,0,1,1,0,0,1,0,0,1,1,1,2,0,3,paris_cif.y4m,469.71,469.812,0.173695,0.001561,0.0,150
1,1,1,0,1,0,1,1,0,0,1,0,8,0,6,paris_cif.y4m,22.69,22.768,0.208495,0.00163,0.0,287
1,0,1,0,1,0,0,0,0,1,1,0,1,0,3,paris_cif.y4m,15.57,15.834,0.563764,0.001586,0.0,297
1,0,1,0,0,1,0,0,0,1,1,0,8,15,0,paris_cif.y4m,35.1,34.726,0.563587,0.001586,0.0,263
1,1,1,0,1,0,0,1,0,1,1,1,1,5,3,paris_cif.y4m,25.97,25.954,0.056833,0.00152,0.0,255
1,0,1,1,0,0,0,0,0,1,1,0,8,15,3,paris_cif.y4m,387.0,386.986,0.047223,0.001588,0.0,115
1,0,1,0,0,1,1,0,0,1,0,1,4,15,3,paris_cif.y4m,44.82,44.838,0.071903,0.00157,0.0,188
1,0,1,0,0,1,1,0,0,0,0,1,8,0,6,paris_cif.y4m,41.89,41.854,0.146048,0.00157,0.0,212
1,0,1,1,0,0,1,0,0,0,0,1,1,15,3,paris_cif.y4m,439.48,439.678,0.776479,0.001561,0.0,195
1,0,1,0,1,0,0,0,0,0,1,1,2,15,0,paris_cif.y4m,15.86,15.86,0.051478,0.001588,0.0,119
1,0,1,1,0,0,0,0,0,1,0,1,4,15,0,paris_cif.y4m,392.96,392.36,4.22547,0.001586,0.0,58
1,0,1,0,1,0,1,0,0,1,0,1,4,0,6,paris_cif.y4m,23.72,23.742,0.05933,0.001563,0.0,277
1,0,1,0,1,0,1,0,0,0,1,1,4,5,6,paris_cif.y4m,22.15,22.192,0.094446,0.001563,0.0,64
1,1,1,0,1,0,1,1,0,1,0,0,2,0,0,paris_cif.y4m,22.69,22.724,0.181052,0.00163,0.0,285
1,1,1,0,1,0,1,1,0,1,0,0,4,0,0,paris_cif.y4m,22.94,22.96,0.11158,0.00163,0.0,290
1,0,1,1,0,0,0,0,0,1,0,1,8,5,6,paris_cif.y4m,388.73,397.616,12.513342,0.001586,0.0,196
1,1,1,1,0,0,1,0,1,1,1,1,1,0,0,paris_cif.y4m,394.61,398.732,8.87254,0.001604,0.0,93
1,0,1,1,0,0,1,0,0,0,1,1,4,5,6,paris_cif.y4m,438.56,443.256,10.37288,0.001561,0.0,299
1,0,1,1,0,0,0,0,0,1,0,0,2,5,0,paris_cif.y4m,386.8,386.872,0.208495,0.001588,0.0,125
1,1,1,0,1,0,0,1,0,1,0,1,2,15,6,paris_cif.y4m,25.34,25.328,0.246516,0.001515,0.0,21
1,0,1,0,1,0,0,0,0,1,0,1,2,0,0,paris_cif.y4m,15.82,15.874,0.24966,0.001588,0.0,225
1,0,1,0,1,0,0,0,0,1,0,0,2,5,0,sign_irene_cif.y4m,16.22,16.222,0.031145,0.003167,0.0,114
1,1,1,1,0,0,0,0,1,0,0,1,1,0,0,sign_irene_cif.y4m,379.41,379.418,0.040866,0.003366,0.0,281
1,1,1,1,0,0,0,1,0,1,1,0,2,5,0,sign_irene_cif.y4m,428.46,428.392,0.179081,0.00342,0.0,49
1,0,1,0,0,1,1,0,0,0,0,0,2,15,6,sign_irene_cif.y4m,41.37,41.646,0.560384,0.003223,0.0,194
1,0,1,1,0,0,0,0,0,0,0,0,2,0,6,sign_irene_cif.y4m,336.29,336.262,0.071903,0.003156,0.0,62
1,1,1,0,1,0,0,1,0,1,1,1,1,15,3,sign_irene_cif.y4m,24.76,24.724,0.08735,0.003434,0.0,91
1,0,1,0,0,1,1,0,0,0,0,0,4,0,6,sign_irene_cif.y4m,44.38,44.312,0.137732,0.003223,0.0,107
1,0,1,1,0,0,1,0,0,0,0,1,4,5,3,sign_irene_cif.y4m,384.14,386.824,3.831433,0.003221,0.0,181
1,0,1,0,1,0,1,0,0,0,0,0,4,5,0,sign_irene_cif.y4m,18.58,18.594,0.029665,0.003216,0.0,247
1,0,1,1,0,0,0,0,0,1,1,0,4,5,3,sign_irene_cif.y4m,339.31,338.668,1.386279,0.003156,0.0,166
1,0,1,0,0,1,0,0,0,0,1,1,4,0,0,sign_irene_cif.y4m,34.53,34.572,0.071554,0.003163,0.0,25
1,1,1,0,1,0,0,1,0,0,0,1,8,0,6,sign_irene_cif.y4m,25.08,25.068,0.042071,0.00344,0.0,203
1,1,1,1,0,0,1,1,0,1,1,1,4,5,6,sign_irene_cif.y4m,419.41,421.182,4.110027,0.00361,0.0,219
1,0,1,0,0,1,0,0,0,0,0,0,4,15,0,sign_irene_cif.y4m,37.37,37.548,0.54472,0.00315,0.0,162
1,0,1,1,0,0,1,0,0,0,1,0,4,15,6,sign_irene_cif.y4m,412.18,412.154,0.214079,0.00321,0.0,182
1,0,1,0,0,1,0,0,0,1,1,0,1,15,6,sign_irene_cif.y4m,34.8,34.77,0.076485,0.00315,0.0,10
1,1,1,1,0,0,1,1,0,1,1,1,2,15,0,sign_irene_cif.y4m,419.03,419.118,0.1886,0.003696,0.0,14
1,1,1,1,0,0,0,1,0,0,0,1,1,0,6,sign_irene_cif.y4m,408.68,408.188,1.319307,0.003428,0.0,89
1,1,1,1,0,0,0,1,0,1,1,1,1,5,0,sign_irene_cif.y4m,425.27,425.296,0.206349,0.003433,0.0,116
1,0,1,1,0,0,0,0,0,0,1,1,4,15,3,sign_irene_cif.y4m,336.87,336.822,0.119457,0.003162,0.0,217
1,1,1,0,1,0,0,1,0,0,1,0,1,0,0,sign_irene_cif.y4m,24.97,24.976,0.054129,0.003428,0.0,75
1,1,1,0,1,0,0,1,0,1,1,1,2,15,6,sign_irene_cif.y4m,25.08,25.058,0.067231,0.003416,0.0,266
1,0,1,1,0,0,1,0,0,0,1,1,4,15,3,sign_irene_cif.y4m,386.76,386.932,0.531855,0.003221,0.0,268
1,0,1,0,1,0,1,0,0,1,1,1,4,15,3,sign_irene_cif.y4m,18.49,18.474,0.070569,0.003224,0.0,187
1,0,1,0,0,1,1,0,0,0,1,0,8,15,3,sign_irene_cif.y4m,41.72,41.71,0.371685,0.003223,0.0,161
1,0,1,0,1,0,1,0,0,0,1,0,2,0,6,sign_irene_cif.y4m,18.66,18.834,0.336868,0.003216,0.0,23
1,1,1,1,0,0,0,1,0,1,1,0,2,5,6,sign_irene_cif.y4m,427.6,426.256,2.056862,0.003409,0.0,2
1,1,1,1,0,0,1,0,1,1,0,1,2,0,0,sign_irene_cif.y4m,384.14,384.124,0.109909,0.003468,0.0,16
1,0,1,1,0,0,0,0,0,1,1,1,8,15,0,sign_irene_cif.y4m,336.68,336.7,0.122678,0.003162,0.0,262
1,1,1,1,0,0,0,1,0,1,1,0,4,5,0,sign_irene_cif.y4m,425.66,426.648,1.401756,0.00342,0.0,66
1,0,1,1,0,0,0,0,0,1,0,0,2,0,0,sign_irene_cif.y4m,336.24,336.338,0.276261,0.003156,0.0,86
1,0,1,0,1,0,1,0,0,0,1,0,2,5,6,sign_irene_cif.y4m,18.84,18.842,0.0249,0.003216,0.0,231
1,0,1,0,1,0,0,0,0,0,0,0,4,5,0,sign_irene_cif.y4m,15.23,15.23,0.093541,0.003167,0.0,269
1,1,1,0,1,0,1,1,0,0,1,0,1,5,0,sign_irene_cif.y4m,24.44,24.612,0.32553,0.003712,0.0,180
1,0,1,0,0,1,0,0,0,0,1,0,4,5,6,sign_irene_cif.y4m,34.67,34.758,0.177961,0.00315,0.0,274
1,1,1,1,0,0,0,1,0,1,1,0,2,15,6,sign_irene_cif.y4m,423.4,423.384,0.215824,0.0034,0.0,184
1,0,1,0,0,1,1,0,0,0,0,1,4,5,0,sign_irene_cif.y4m,44.2,44.176,0.156939,0.003224,0.0,118
1,1,1,1,0,0,0,1,0,0,0,0,1,0,6,sign_irene_cif.y4m,406.72,406.764,0.125419,0.003418,0.0,254
1,0,1,1,0,0,1,0,0,0,1,1,4,5,0,sign_irene_cif.y4m,383.92,384.756,1.931846,0.003221,0.0,208
1,0,1,0,0,1,1,0,0,1,1,0,4,5,6,sign_irene_cif.y4m,41.75,41.628,0.245296,0.003223,0.0,279
1,1,1,1,0,0,0,1,0,0,1,1,4,15,3,sign_irene_cif.y4m,420.38,420.444,0.206712,0.003422,0.0,229
1,0,1,0,0,1,1,0,0,1,1,1,1,0,0,sign_irene_cif.y4m,43.28,42.468,1.209781,0.003224,0.0,46
1,0,1,0,0,1,0,0,0,1,1,1,4,5,6,sign_irene_cif.y4m,35.42,35.088,0.575821,0.003163,0.0,171
1,1,1,1,0,0,0,1,0,0,1,0,2,5,0,sign_irene_cif.y4m,428.54,428.492,0.156429,0.00342,0.0,99
1,0,1,0,0,1,0,0,0,0,0,0,8,0,0,sign_irene_cif.y4m,35.17,35.17,0.157003,0.00315,0.0,81
1,1,1,1,0,0,1,1,0,1,0,1,8,5,0,sign_irene_cif.y4m,417.92,417.976,0.139212,0.00371,0.0,155
1,0,1,0,1,0,0,0,0,1,0,1,1,15,6,sign_irene_cif.y4m,15.17,15.16,0.048477,0.003158,0.0,96
1,1,1,1,0,0,0,1,0,1,1,1,8,0,0,sign_irene_cif.y4m,435.89,436.226,0.762122,0.003428,0.0,218
1,1,1,1,0,0,1,1,0,1,1,0,8,0,6,sign_irene_cif.y4m,404.86,404.966,0.174442,0.003711,0.0,53
1,1,1,0,1,0,1,0,1,0,0,0,2,0,0,sign_irene_cif.y4m,17.36,17.366,0.04219,0.003466,0.0,109
1,0,1,0,1,0,0,0,0,0,1,0,4,5,6,sign_irene_cif.y4m,15.12,15.154,0.051769,0.003167,0.0,185
1,1,1,1,0,0,0,1,0,0,1,1,2,0,0,sign_irene_cif.y4m,435.51,435.548,0.203273,0.003428,0.0,239
1,0,1,1,0,0,0,0,0,0,0,1,2,0,0,sign_irene_cif.y4m,360.84,361.7,1.330094,0.003162,0.0,276
1,0,1,1,0,0,1,0,0,0,0,1,4,0,6,sign_irene_cif.y4m,384.13,384.204,0.24966,0.003221,0.0,257
1,0,1,0,0,1,0,0,0,1,1,0,1,5,0,sign_irene_cif.y4m,34.95,35.074,0.495106,0.00315,0.0,42
1,1,1,0,1,0,1,1,0,0,0,0,2,15,3,sign_irene_cif.y4m,24.13,24.128,0.243762,0.003645,0.0,204
1,0,1,1,0,0,1,0,0,1,0,1,2,15,6,sign_irene_cif.y4m,386.54,386.572,0.214406,0.003221,0.0,145
1,0,1,0,1,0,0,0,0,0,0,0,2,0,3,sign_irene_cif.y4m,15.58,15.496,0.156461,0.003167,0.0,246
1,1,1,1,0,0,0,1,0,0,1,1,8,0,0,sign_irene_cif.y4m,435.93,436.71,1.540243,0.003428,0.0,202
1,1,1,0,1,0,0,1,0,1,0,0,2,5,3,sign_irene_cif.y4m,25.43,25.162,0.427867,0.003425,0.0,70
1,0,1,0,1,0,0,0,0,0,1,0,1,5,3,sign_irene_cif.y4m,15.41,15.416,0.037815,0.003167,0.0,230
1,0,1,0,1,0,1,0,0,0,0,0,4,15,6,sign_irene_cif.y4m,18.55,18.75,0.315991,0.003216,0.0,267
1,1,1,1,0,0,1,1,0,0,0,1,8,5,3,sign_irene_cif.y4m,416.11,416.238,0.324992,0.003654,0.0,146
1,0,1,0,1,0,1,0,0,0,0,1,2,15,0,sign_irene_cif.y4m,18.47,18.562,0.252428,0.003224,0.0,27
1,0,1,0,1,0,1,0,0,0,1,1,8,0,3,sign_irene_cif.y4m,18.41,18.436,0.066933,0.003224,0.0,137
1,1,1,1,0,0,0,1,0,0,1,1,2,15,0,sign_irene_cif.y4m,423.79,425.576,4.083525,0.003422,0.0,189
1,1,1,0,1,0,1,1,0,1,0,0,4,15,0,sign_irene_cif.y4m,24.56,24.948,0.666611,0.003707,0.0,132
1,1,1,1,0,0,0,0,1,1,0,1,8,0,0,sign_irene_cif.y4m,406.65,407.256,1.020676,0.003366,0.0,169
1,0,1,0,0,1,0,0,0,0,0,0,1,5,6,sign_irene_cif.y4m,37.15,37.198,0.143422,0.00315,0.0,33
1,0,1,1,0,0,0,0,0,0,1,1,8,15,0,sign_irene_cif.y4m,336.82,336.828,0.068337,0.003162,0.0,205
1,0,1,1,0,0,0,0,0,1,0,1,2,0,0,sign_irene_cif.y4m,336.73,336.824,0.362326,0.003162,0.0,245
1,1,1,0,1,0,1,1,0,0,1,1,1,15,0,sign_irene_cif.y4m,25.12,24.856,0.404636,0.003717,0.0,298
1,0,1,1,0,0,1,0,0,1,1,0,2,5,6,sign_irene_cif.y4m,384.48,386.66,3.054202,0.00321,0.0,163
1,1,1,1,0,0,0,1,0,0,0,0,1,5,0,sign_irene_cif.y4m,425.75,425.736,0.202312,0.00342,0.0,123
1,0,1,0,0,1,1,0,0,1,0,0,4,15,0,sign_irene_cif.y4m,41.49,42.166,1.001039,0.003223,0.0,4
1,0,1,0,0,1,1,0,0,1,1,0,8,5,6,sign_irene_cif.y4m,41.84,41.832,0.117346,0.003223,0.0,141
1,1,1,0,1,0,0,1,0,1,0,0,8,5,6,sign_irene_cif.y4m,24.74,24.784,0.162573,0.003408,0.0,129
1,1,1,0,1,0,1,1,0,1,1,0,4,5,3,sign_irene_cif.y4m,26.09,26.152,0.216495,0.003681,0.0,159
1,0,1,0,0,1,1,0,0,1,0,0,1,0,0,sign_irene_cif.y4m,41.6,41.492,0.253318,0.003223,0.0,22
1,0,1,0,0,1,0,0,0,1,0,1,2,0,6,sign_irene_cif.y4m,34.75,34.864,0.409121,0.003163,0.0,175
1,1,1,1,0,0,0,1,0,1,1,1,8,5,6,sign_irene_cif.y4m,423.31,423.366,0.128374,0.003409,0.0,151
1,1,1,0,1,0,0,1,0,0,1,0,2,5,0,sign_irene_cif.y4m,25.01,24.98,0.062849,0.003429,0.0,52
1,0,1,0,0,1,0,0,0,0,0,1,4,0,3,sign_irene_cif.y4m,34.62,34.61,0.049497,0.003163,0.0,108
1,0,1,0,1,0,1,0,0,0,0,1,8,15,0,sign_irene_cif.y4m,18.64,18.742,0.293377,0.003224,0.0,72
1,0,1,1,0,0,1,0,0,1,1,0,8,0,6,sign_irene_cif.y4m,384.6,386.746,3.060756,0.00321,0.0,248
1,1,1,1,0,0,1,1,0,1,1,0,8,5,6,sign_irene_cif.y4m,420.66,420.622,1.003902,0.003603,0.0,174
1,0,1,1,0,0,1,0,0,1,1,1,8,0,3,sign_irene_cif.y4m,384.64,385.036,1.117869,0.003221,0.0,130
1,1,1,0,1,0,1,1,0,1,1,1,8,15,0,sign_irene_cif.y4m,24.58,24.576,0.152414,0.003717,0.0,168
1,0,1,0,0,1,1,0,0,1,0,1,8,0,6,sign_irene_cif.y4m,41.18,41.634,0.751884,0.003224,0.0,198
1,0,1,0,0,1,1,0,0,1,1,0,1,0,3,sign_irene_cif.y4m,41.45,41.41,0.093005,0.003223,0.0,83
1,1,1,1,0,0,1,1,0,0,1,0,1,0,3,sign_irene_cif.y4m,422.72,415.534,10.299412,0.003711,0.0,291
1,0,1,0,1,0,0,0,0,1,1,0,1,0,6,sign_irene_cif.y4m,16.24,16.338,0.169174,0.003167,0.0,237
1,0,1,0,0,1,0,0,0,1,1,1,2,15,3,sign_irene_cif.y4m,34.53,34.794,0.474689,0.003163,0.0,90
1,1,1,1,0,0,1,1,0,0,0,1,1,15,0,sign_irene_cif.y4m,419.83,420.33,1.115549,0.003696,0.0,87
1,0,1,1,0,0,1,0,0,1,0,0,1,5,0,sign_irene_cif.y4m,393.04,391.254,3.617932,0.00321,0.0,74
1,0,1,0,0,1,0,0,0,1,0,0,2,0,3,sign_irene_cif.y4m,35.35,35.192,0.345065,0.00315,0.0,201
1,0,1,0,1,0,0,0,0,1,0,1,1,0,0,sign_irene_cif.y4m,15.13,15.134,0.016733,0.003158,0.0,183
1,0,1,1,0,0,0,0,0,0,0,0,4,0,6,sign_irene_cif.y4m,336.34,339.536,7.220355,0.003156,0.0,227
1,1,1,0,1,0,1,1,0,0,0,0,1,15,6,sign_irene_cif.y4m,23.88,23.894,0.048785,0.003599,0.0,222
1,0,1,0,0,1,0,0,0,0,1,0,8,0,6,sign_irene_cif.y4m,34.75,34.742,0.112116,0.00315,0.0,55
1,0,1,1,0,0,0,0,0,0,1,1,2,5,0,sign_irene_cif.y4m,336.81,339.93,6.909938,0.003162,0.0,142
1,0,1,1,0,0,1,0,0,1,0,1,1,5,6,sign_irene_cif.y4m,383.94,383.958,0.110091,0.003221,0.0,124
1,0,1,1,0,0,1,0,0,0,0,0,8,0,0,sign_irene_cif.y4m,385.79,387.206,3.191963,0.00321,0.0,95
1,0,1,1,0,0,1,0,0,1,0,0,2,15,0,sign_irene_cif.y4m,385.53,385.676,1.016307,0.00321,0.0,241
1,0,1,0,1,0,0,0,0,0,1,1,1,5,3,sign_irene_cif.y4m,15.58,15.504,0.245622,0.003158,0.0,289
1,0,1,1,0,0,1,0,0,1,1,0,1,5,0,sign_irene_cif.y4m,384.82,391.532,9.346746,0.00321,0.0,278
1,1,1,0,1,0,0,1,0,1,1,0,1,0,6,sign_irene_cif.y4m,24.95,24.96,0.091104,0.003428,0.0,176
1,0,1,0,0,1,1,0,0,0,1,0,8,5,0,sign_irene_cif.y4m,41.91,42.222,0.789854,0.003223,0.0,122
1,0,1,0,0,1,0,0,0,0,1,0,4,0,6,sign_irene_cif.y4m,34.87,35.182,0.586617,0.00315,0.0,30
1,1,1,0,1,0,0,1,0,0,0,0,2,0,6,sign_irene_cif.y4m,25.01,25.024,0.04219,0.003428,0.0,251
1,0,1,1,0,0,0,0,0,0,0,1,1,0,0,sign_irene_cif.y4m,360.93,360.98,0.164773,0.003162,0.0,120
1,0,1,1,0,0,0,0,0,0,0,1,2,15,6,sign_irene_cif.y4m,336.77,336.736,0.133529,0.003162,0.0,144
1,0,1,0,1,0,1,0,0,0,0,0,1,0,3,sign_irene_cif.y4m,18.58,18.564,0.06269,0.003216,0.0,265
1,1,1,0,1,0,0,1,0,0,1,0,2,0,6,sign_irene_cif.y4m,25.04,24.99,0.096177,0.003428,0.0,260
1,1,1,0,1,0,0,1,0,0,0,1,1,0,3,sign_irene_cif.y4m,25.04,25.028,0.0614,0.00344,0.0,78
1,0,1,0,1,0,0,0,0,0,1,1,8,15,3,sign_irene_cif.y4m,15.32,15.328,0.033466,0.003158,0.0,84
1,0,1,1,0,0,1,0,0,1,0,0,4,15,3,sign_irene_cif.y4m,384.89,387.952,4.603615,0.00321,0.0,296
1,0,1,0,0,1,0,0,0,0,0,1,2,5,6,sign_irene_cif.y4m,34.91,34.92,0.169411,0.003163,0.0,232
1,0,1,0,0,1,1,0,0,0,1,0,4,15,6,sign_irene_cif.y4m,44.44,44.406,0.11929,0.003223,0.0,213
1,1,1,0,1,0,0,1,0,0,1,1,8,15,3,sign_irene_cif.y4m,24.79,24.744,0.089331,0.003434,0.0,94
1,0,1,0,1,0,0,0,0,0,1,1,1,5,0,sign_irene_cif.y4m,15.15,15.212,0.201916,0.003158,0.0,178
1,0,1,1,0,0,1,0,0,1,0,0,4,0,0,sign_irene_cif.y4m,413.47,413.2,1.040601,0.00321,0.0,127
1,1,1,0,1,0,1,1,0,0,1,0,8,5,6,sign_irene_cif.y4m,23.77,23.824,0.091815,0.003622,0.0,111
1,0,1,0,1,0,0,0,0,0,0,1,1,0,6,sign_irene_cif.y4m,15.49,15.498,0.075299,0.003158,0.0,92
1,1,1,1,0,0,0,1,0,0,1,0,8,15,6,sign_irene_cif.y4m,426.34,425.632,2.579161,0.0034,0.0,54
1,0,1,0,0,1,0,0,0,0,0,1,2,15,0,sign_irene_cif.y4m,34.85,34.844,0.124218,0.003163,0.0,45
1,0,1,1,0,0,0,0,0,1,0,0,4,0,6,sign_irene_cif.y4m,336.41,336.464,0.147241,0.003156,0.0,226
1,1,1,1,0,0,1,1,0,1,0,0,8,5,0,sign_irene_cif.y4m,423.97,424.028,0.154661,0.003697,0.0,200
1,0,1,0,0,1,1,0,0,1,0,1,8,5,6,sign_irene_cif.y4m,41.94,41.736,0.447079,0.003224,0.0,59
1,1,1,0,1,0,1,0,1,0,0,1,2,0,0,sign_irene_cif.y4m,17.33,17.34,0.057879,0.00348,0.0,19
1,1,1,1,0,0,0,1,0,1,0,0,2,15,0,sign_irene_cif.y4m,425.14,425.004,0.381025,0.003414,0.0,47
1,1,1,0,1,0,1,1,0,0,0,1,4,5,6,sign_irene_cif.y4m,23.91,24.004,0.213846,0.003636,0.0,32
1,1,1,0,1,0,0,1,0,1,0,0,1,5,6,sign_irene_cif.y4m,24.58,24.622,0.174557,0.003408,0.0,170
1,0,1,0,0,1,0,0,0,1,1,0,1,15,0,sign_irene_cif.y4m,34.75,35.046,0.4749,0.00315,0.0,270
1,0,1,1,0,0,1,0,0,1,0,1,4,15,6,sign_irene_cif.y4m,383.98,384.01,0.084261,0.003221,0.0,207
1,1,1,0,1,0,0,1,0,1,1,1,1,5,6,sign_irene_cif.y4m,24.47,24.474,0.058992,0.003416,0.0,43
1,0,1,0,1,0,1,0,0,0,1,1,1,0,3,sign_irene_cif.y4m,18.44,18.452,0.063797,0.003224,0.0,40
1,1,1,0,1,0,0,1,0,0,1,1,1,5,3,sign_irene_cif.y4m,26.36,26.398,0.08228,0.00343,0.0,117
1,0,1,0,0,1,0,0,0,0,1,0,8,15,6,sign_irene_cif.y4m,34.93,35.052,0.555896,0.00315,0.0,253
1,0,1,1,0,0,0,0,0,1,0,0,1,15,3,sign_irene_cif.y4m,360.42,360.666,0.665079,0.003156,0.0,68
1,1,1,1,0,0,0,1,0,1,1,1,1,15,6,sign_irene_cif.y4m,423.05,423.086,0.105972,0.00341,0.0,186
1,1,1,0,1,0,1,1,0,0,0,1,8,15,3,sign_irene_cif.y4m,23.84,23.828,0.032711,0.003652,0.0,288
1,1,1,0,1,0,0,1,0,0,0,0,2,0,0,sign_irene_cif.y4m,25.01,25.012,0.044385,0.003428,0.0,15
1,0,1,1,0,0,0,0,0,0,1,1,2,15,3,sign_irene_cif.y4m,336.72,336.776,0.107842,0.003162,0.0,82
1,1,1,1,0,0,0,1,0,0,0,0,4,15,6,sign_irene_cif.y4m,423.34,423.602,0.553146,0.0034,0.0,211
1,0,1,0,1,0,1,0,0,1,1,1,8,15,6,sign_irene_cif.y4m,18.41,18.536,0.268663,0.003224,0.0,177
1,1,1,0,1,0,0,1,0,1,1,1,2,5,3,sign_irene_cif.y4m,24.76,24.836,0.215708,0.00343,0.0,210
1,0,1,1,0,0,0,0,0,1,1,1,2,0,3,sign_irene_cif.y4m,336.72,336.758,0.148728,0.003162,0.0,13
1,0,1,0,1,0,1,0,0,0,0,1,2,15,3,sign_irene_cif.y4m,18.42,18.442,0.061806,0.003224,0.0,228
1,0,1,0,1,0,1,0,0,1,1,0,4,5,3,sign_irene_cif.y4m,19.14,18.968,0.29278,0.003216,0.0,38
1,1,1,1,0,0,0,1,0,0,0,1,4,15,6,sign_irene_cif.y4m,423.18,423.184,0.139571,0.00341,0.0,29
1,1,1,1,0,0,1,0,1,1,0,0,8,0,0,sign_irene_cif.y4m,410.66,410.654,0.121984,0.003463,0.0,24
1,1,1,1,0,0,0,1,0,0,0,0,8,5,6,sign_irene_cif.y4m,424.09,424.054,0.102616,0.003409,0.0,293
1,1,1,1,0,0,0,1,0,0,1,0,2,5,6,sign_irene_cif.y4m,424.19,424.152,0.181989,0.003409,0.0,67
1,1,1,0,1,0,0,1,0,1,0,1,2,5,0,sign_irene_cif.y4m,24.98,25.04,0.183848,0.003441,0.0,199
1,0,1,0,0,1,1,0,0,1,1,0,8,15,3,sign_irene_cif.y4m,41.38,41.424,0.168167,0.003223,0.0,244
1,0,1,0,0,1,1,0,0,0,0,0,8,15,0,sign_irene_cif.y4m,41.37,41.44,0.131529,0.003223,0.0,80
1,1,1,1,0,0,1,1,0,1,1,1,2,0,3,sign_irene_cif.y4m,399.4,399.294,0.219386,0.003716,0.0,223
1,1,1,0,1,0,1,1,0,0,1,0,8,5,0,sign_irene_cif.y4m,24.4,24.704,0.48076,0.003712,0.0,121
1,0,1,1,0,0,1,0,0,0,0,0,8,5,3,sign_irene_cif.y4m,384.67,387.056,3.807149,0.00321,0.0,261
1,0,1,1,0,0,1,0,0,1,1,0,1,5,6,sign_irene_cif.y4m,384.61,387.656,4.376326,0.00321,0.0,156
1,1,1,1,0,0,0,1,0,0,1,0,4,15,3,sign_irene_cif.y4m,425.08,424.228,1.878156,0.003406,0.0,271
1,1,1,1,0,0,1,1,0,1,0,0,2,15,3,sign_irene_cif.y4m,417.4,417.474,0.228648,0.00363,0.0,9
1,1,1,1,0,0,1,1,0,1,0,1,1,0,0,sign_irene_cif.y4m,400.64,400.676,0.822727,0.003716,0.0,165
1,0,1,0,0,1,1,0,0,1,0,0,1,15,6,sign_irene_cif.y4m,41.58,42.322,1.088402,0.003223,0.0,126
1,0,1,1,0,0,1,0,0,1,1,1,8,5,0,sign_irene_cif.y4m,383.98,386.146,3.01267,0.003221,0.0,280
1,0,1,1,0,0,0,0,0,1,1,0,2,5,3,sign_irene_cif.y4m,338.57,338.554,0.136492,0.003156,0.0,172
1,0,1,0,1,0,1,0,0,0,0,0,1,15,6,sign_irene_cif.y4m,19.08,18.97,0.231084,0.003216,0.0,292
1,0,1,0,0,1,0,0,0,1,0,1,1,0,3,sign_irene_cif.y4m,34.56,34.58,0.131719,0.003163,0.0,179
1,0,1,0,0,1,1,0,0,1,0,1,2,0,3,sign_irene_cif.y4m,42.38,42.242,0.263856,0.003224,0.0,272
1,0,1,0,0,1,1,0,0,0,1,0,4,5,0,sign_irene_cif.y4m,41.46,41.39,0.142127,0.003223,0.0,105
1,0,1,0,1,0,0,0,0,0,0,0,1,0,3,sign_irene_cif.y4m,15.19,15.374,0.439807,0.003167,0.0,76
1,0,1,1,0,0,1,0,0,0,1,0,4,15,3,sign_irene_cif.y4m,384.55,384.564,0.142056,0.00321,0.0,197
1,1,1,1,0,0,1,1,0,0,1,0,1,15,0,sign_irene_cif.y4m,424.71,423.564,2.225136,0.003694,0.0,221
1,1,1,1,0,0,1,1,0,0,1,0,8,15,6,sign_irene_cif.y4m,420.25,420.278,0.143073,0.003584,0.0,167
1,1,1,0,1,0,0,1,0,1,0,1,4,15,6,sign_irene_cif.y4m,25.08,25.062,0.06261,0.003416,0.0,136
1,1,1,1,0,0,0,1,0,1,0,1,8,15,6,sign_irene_cif.y4m,423.2,426.822,8.188835,0.00341,0.0,243
1,0,1,0,1,0,0,0,0,1,0,1,8,15,6,sign_irene_cif.y4m,16.23,16.21,0.054314,0.003158,0.0,60
1,0,1,1,0,0,0,0,0,1,0,1,2,0,6,sign_irene_cif.y4m,336.69,337.076,0.902901,0.003162,0.0,110
1,1,1,1,0,0,1,1,0,1,0,0,1,15,6,sign_irene_cif.y4m,420.3,420.354,0.186226,0.003584,0.0,35
1,0,1,1,0,0,1,0,0,0,1,1,2,5,6,sign_irene_cif.y4m,384.41,385.146,1.16661,0.003221,0.0,235
1,0,1,1,0,0,0,0,0,1,0,0,1,0,3,sign_irene_cif.y4m,336.13,336.158,0.087864,0.003156,0.0,44
1,1,1,0,1,0,1,1,0,0,1,0,4,15,3,sign_irene_cif.y4m,23.93,23.95,0.04,0.003645,0.0,256
1,0,1,0,0,1,0,0,0,0,1,1,8,0,0,sign_irene_cif.y4m,34.67,34.586,0.157099,0.003163,0.0,192
1,0,1,0,1,0,0,0,0,0,1,1,2,0,0,sign_irene_cif.y4m,15.16,15.166,0.068411,0.003158,0.0,41
1,0,1,1,0,0,0,0,0,0,1,0,4,5,0,sign_irene_cif.y4m,336.21,336.66,0.637652,0.003156,0.0,37
1,0,1,0,0,1,0,0,0,0,0,0,4,5,0,sign_irene_cif.y4m,37.08,37.192,0.175271,0.00315,0.0,26
1,1,1,1,0,0,0,1,0,0,0,0,1,0,3,sign_irene_cif.y4m,406.76,406.67,0.188282,0.003418,0.0,273
1,1,1,1,0,0,1,1,0,0,0,1,1,5,6,sign_irene_cif.y4m,421.68,421.692,0.086718,0.00361,0.0,233
1,1,1,0,1,0,1,1,0,0,1,1,8,0,0,sign_irene_cif.y4m,24.49,24.518,0.058052,0.003731,0.0,101
1,0,1,1,0,0,0,0,0,0,0,1,2,5,3,sign_irene_cif.y4m,361.46,361.168,0.54062,0.003162,0.0,39
1,1,1,0,1,0,0,1,0,0,0,1,1,15,0,sign_irene_cif.y4m,25.29,25.162,0.233281,0.003439,0.0,106
1,1,1,0,1,0,0,0,1,1,0,0,1,0,0,sign_irene_cif.y4m,17.36,17.376,0.031305,0.003373,0.0,242
1,1,1,1,0,0,1,1,0,0,1,0,2,15,0,sign_irene_cif.y4m,419.69,419.878,0.423521,0.003694,0.0,193
1,0,1,0,1,0,1,0,0,0,1,0,1,15,6,sign_irene_cif.y4m,18.66,18.622,0.07791,0.003216,0.0,103
1,1,1,0,1,0,0,1,0,1,1,1,8,5,6,sign_irene_cif.y4m,24.57,24.558,0.074632,0.003416,0.0,1
1,0,1,1,0,0,0,0,0,1,1,1,1,0,0,sign_irene_cif.y4m,337.2,339.138,3.094951,0.003162,0.0,61
1,1,1,1,0,0,0,0,1,0,0,0,2,0,0,sign_irene_cif.y4m,379.11,379.078,0.114978,0.003369,0.0,56
1,1,1,0,1,0,0,1,0,0,1,0,8,15,3,sign_irene_cif.y4m,26.44,26.45,0.075166,0.003418,0.0,148
1,0,1,0,1,0,0,0,0,1,0,1,2,5,0,sign_irene_cif.y4m,15.11,15.114,0.040373,0.003158,0.0,112
1,0,1,0,1,0,1,0,0,0,1,0,8,15,3,sign_irene_cif.y4m,19.01,18.968,0.293973,0.003216,0.0,300
1,0,1,0,1,0,0,0,0,1,1,0,4,15,0,sign_irene_cif.y4m,15.14,15.146,0.020736,0.003167,0.0,249
1,0,1,0,1,0,0,0,0,0,0,1,2,0,0,sign_irene_cif.y4m,16.27,16.238,0.081976,0.003158,0.0,20
1,1,1,1,0,0,1,1,0,1,0,1,1,5,0,sign_irene_cif.y4m,417.79,418.92,2.524698,0.00371,0.0,104
1,1,1,1,0,0,0,1,0,1,1,1,8,15,6,sign_irene_cif.y4m,427.24,426.128,2.825565,0.00341,0.0,131
1,0,1,1,0,0,0,0,0,0,0,0,2,0,3,sign_irene_cif.y4m,336.37,336.39,0.090277,0.003156,0.0,69
1,0,1,0,1,0,1,0,0,0,0,0,2,0,3,sign_irene_cif.y4m,18.86,18.85,0.303809,0.003216,0.0,220
1,1,1,1,0,0,1,1,0,1,1,1,8,15,6,sign_irene_cif.y4m,421.48,421.514,0.148425,0.003589,0.0,11
1,1,1,1,0,0,1,1,0,1,0,0,4,15,6,sign_irene_cif.y4m,420.52,420.49,0.303891,0.003584,0.0,258
1,0,1,0,1,0,1,0,0,0,0,0,2,15,3,sign_irene_cif.y4m,19.86,19.886,0.097622,0.003216,0.0,65
1,0,1,0,0,1,1,0,0,0,0,0,2,15,0,sign_irene_cif.y4m,41.88,41.938,0.498317,0.003223,0.0,160
1,0,1,0,0,1,1,0,0,0,0,0,8,0,0,sign_irene_cif.y4m,44.26,44.296,0.105024,0.003223,0.0,238
1,1,1,1,0,0,0,1,0,0,0,0,4,0,0,sign_irene_cif.y4m,406.57,407.662,2.434373,0.003418,0.0,57
1,1,1,0,1,0,0,1,0,1,0,1,2,0,0,sign_irene_cif.y4m,25.01,25.354,0.609163,0.00344,0.0,79
1,0,1,0,1,0,1,0,0,0,1,0,4,15,3,sign_irene_cif.y4m,18.6,18.932,0.54669,0.003216,0.0,224
1,1,1,0,1,0,0,1,0,1,0,0,2,0,3,sign_irene_cif.y4m,24.98,24.972,0.0249,0.003428,0.0,48
1,0,1,0,1,0,1,0,0,0,0,1,8,0,6,sign_irene_cif.y4m,18.69,18.638,0.209093,0.003224,0.0,173
1,1,1,1,0,0,1,1,0,0,1,1,1,0,0,sign_irene_cif.y4m,427.84,427.914,0.23776,0.003716,0.0,283
1,0,1,0,1,0,0,0,0,0,0,0,1,0,6,sign_irene_cif.y4m,15.12,15.124,0.029665,0.003167,0.0,190
1,0,1,0,1,0,1,0,0,1,1,1,4,0,6,sign_irene_cif.y4m,18.45,18.686,0.365691,0.003224,0.0,259
1,0,1,1,0,0,0,0,0,0,0,1,1,15,3,sign_irene_cif.y4m,336.99,344.172,10.000033,0.003162,0.0,7
1,0,1,0,0,1,0,0,0,0,0,1,2,5,0,sign_irene_cif.y4m,35.65,35.282,0.636215,0.003163,0.0,73
1,1,1,1,0,0,1,1,0,0,0,0,2,0,6,sign_irene_cif.y4m,433.12,433.118,0.18593,0.003711,0.0,63
1,0,1,0,0,1,1,0,0,1,1,0,2,15,3,sign_irene_cif.y4m,41.68,41.58,0.199374,0.003223,0.0,284
1,0,1,1,0,0,1,0,0,1,0,1,8,15,6,sign_irene_cif.y4m,411.4,411.454,0.237971,0.003221,0.0,250
1,1,1,0,1,0,0,1,0,0,0,0,2,5,0,sign_irene_cif.y4m,25.12,25.104,0.097622,0.003429,0.0,209
1,0,1,0,1,0,1,0,0,0,0,1,4,5,3,sign_irene_cif.y4m,18.55,18.988,0.716394,0.003224,0.0,138
1,1,1,1,0,0,0,0,1,1,1,0,1,0,0,sign_irene_cif.y4m,379.01,379.332,0.7321,0.003369,0.0,135
1,1,1,1,0,0,1,1,0,1,1,0,4,5,3,sign_irene_cif.y4m,418.27,418.422,0.402331,0.003642,0.0,264
1,1,1,1,0,0,0,1,0,1,1,0,2,0,6,sign_irene_cif.y4m,406.69,406.724,0.10139,0.003418,0.0,215
1,0,1,0,0,1,0,0,0,0,1,1,4,5,3,sign_irene_cif.y4m,34.7,34.634,0.14188,0.003163,0.0,50
1,0,1,1,0,0,0,0,0,1,1,0,4,0,6,sign_irene_cif.y4m,361.66,361.328,0.808622,0.003156,0.0,98
1,1,1,1,0,0,0,1,0,1,1,0,1,15,0,sign_irene_cif.y4m,424.72,426.584,2.798058,0.003414,0.0,140
1,1,1,1,0,0,0,1,0,0,1,1,1,0,3,sign_irene_cif.y4m,406.47,406.44,0.107471,0.003428,0.0,113
1,0,1,0,1,0,1,0,0,1,1,0,1,0,6,sign_irene_cif.y4m,18.6,18.662,0.200175,0.003216,0.0,3
1,0,1,0,0,1,0,0,0,1,1,1,8,0,0,sign_irene_cif.y4m,34.64,34.59,0.104403,0.003163,0.0,149
1,0,1,1,0,0,0,0,0,0,1,1,8,5,6,sign_irene_cif.y4m,337.12,340.628,5.765914,0.003162,0.0,153
1,1,1,1,0,0,1,1,0,1,1,0,2,15,6,sign_irene_cif.y4m,420.31,420.448,0.3501,0.003584,0.0,133
1,0,1,1,0,0,0,0,0,0,0,0,1,0,3,sign_irene_cif.y4m,336.18,336.208,0.187803,0.003156,0.0,191
1,1,1,0,1,0,0,1,0,1,0,1,1,0,6,sign_irene_cif.y4m,25.03,25.018,0.068702,0.00344,0.0,100
1,0,1,1,0,0,1,0,0,0,1,0,4,0,3,sign_irene_cif.y4m,384.61,389.036,9.902948,0.00321,0.0,85
1,0,1,0,0,1,1,0,0,0,0,0,2,0,3,sign_irene_cif.y4m,41.82,41.824,0.117175,0.003223,0.0,88
1,0,1,0,1,0,1,0,0,1,1,0,4,15,6,sign_irene_cif.y4m,18.67,18.676,0.073007,0.003216,0.0,31
1,0,1,0,0,1,1,0,0,0,0,0,4,5,3,sign_irene_cif.y4m,41.52,41.928,0.998734,0.003223,0.0,134
1,1,1,0,1,0,1,1,0,1,1,1,8,0,3,sign_irene_cif.y4m,24.57,24.524,0.083845,0.003731,0.0,147
1,1,1,1,0,0,0,1,0,0,1,1,4,15,6,sign_irene_cif.y4m,422.97,423.422,1.145544,0.00341,0.0,275
1,0,1,0,0,1,1,0,0,0,1,0,4,15,3,sign_irene_cif.y4m,41.62,41.57,0.165982,0.003223,0.0,143
1,1,1,0,1,0,1,1,0,1,0,0,1,5,6,sign_irene_cif.y4m,25.56,25.548,0.050695,0.003622,0.0,8
1,1,1,1,0,0,1,1,0,0,1,1,4,5,3,sign_irene_cif.y4m,416.08,417.182,2.470551,0.003654,0.0,216
1,0,1,1,0,0,1,0,0,1,0,0,1,0,3,sign_irene_cif.y4m,384.72,389.334,7.193051,0.00321,0.0,214
1,0,1,0,0,1,0,0,0,0,0,0,1,5,0,sign_irene_cif.y4m,34.7,35.124,0.646127,0.00315,0.0,17
1,0,1,0,0,1,1,0,0,0,0,0,1,5,0,sign_irene_cif.y4m,42.08,41.808,0.430198,0.003223,0.0,206
1,0,1,0,1,0,0,0,0,1,1,1,8,15,0,sign_irene_cif.y4m,15.17,15.238,0.189921,0.003158,0.0,36
1,1,1,0,1,0,1,1,0,0,0,0,4,15,3,sign_irene_cif.y4m,25.64,25.646,0.045607,0.003645,0.0,6
1,0,1,1,0,0,1,0,0,0,0,1,1,0,6,sign_irene_cif.y4m,384.09,384.054,0.181466,0.003221,0.0,5
1,0,1,1,0,0,1,0,0,0,0,0,8,15,6,sign_irene_cif.y4m,384.61,388.04,7.542261,0.00321,0.0,164
1,0,1,0,0,1,0,0,0,1,0,0,8,0,6,sign_irene_cif.y4m,35.77,35.452,0.519586,0.00315,0.0,97
1,0,1,1,0,0,0,0,0,0,1,0,2,5,3,sign_irene_cif.y4m,336.32,336.706,0.934066,0.003156,0.0,236
1,1,1,0,1,0,1,1,0,0,0,0,8,5,0,sign_irene_cif.y4m,24.48,24.666,0.407406,0.003712,0.0,71
1,1,1,0,1,0,1,1,0,1,0,1,2,0,3,sign_irene_cif.y4m,25.19,24.962,0.406042,0.003731,0.0,295
1,0,1,1,0,0,1,0,0,1,1,0,8,5,3,sign_irene_cif.y4m,384.51,384.498,0.07328,0.00321,0.0,286
1,0,1,0,1,0,0,0,0,0,0,1,1,5,0,sign_irene_cif.y4m,15.12,15.138,0.062209,0.003158,0.0,34
1,0,1,0,1,0,1,0,0,1,1,1,1,5,3,sign_irene_cif.y4m,18.47,18.472,0.064187,0.003224,0.0,240
1,0,1,0,0,1,1,0,0,0,0,1,4,15,3,sign_irene_cif.y4m,41.21,41.176,0.082644,0.003224,0.0,18
1,0,1,0,1,0,0,0,0,0,1,0,8,0,6,sign_irene_cif.y4m,16.21,16.21,0.045826,0.003167,0.0,102
1,1,1,1,0,0,1,0,1,0,1,0,4,0,0,sign_irene_cif.y4m,383.34,389.138,8.164559,0.003463,0.0,51
1,1,1,1,0,0,1,1,0,0,0,1,4,15,6,sign_irene_cif.y4m,423.63,423.168,1.681479,0.003589,0.0,282
1,0,1,0,1,0,1,0,0,1,1,1,1,0,3,sign_irene_cif.y4m,18.54,18.506,0.086487,0.003224,0.0,77
1,0,1,1,0,0,1,0,0,0,1,0,2,0,3,sign_irene_cif.y4m,384.5,384.53,0.280802,0.00321,0.0,128
1,1,1,0,1,0,1,1,0,0,0,0,2,5,3,sign_irene_cif.y4m,26.01,26.144,0.229303,0.003681,0.0,234
1,0,1,1,0,0,0,0,0,0,1,1,1,0,0,sign_irene_cif.y4m,336.66,336.674,0.116533,0.003162,0.0,252
1,0,1,1,0,0,1,0,0,0,0,1,4,0,3,sign_irene_cif.y4m,396.77,392.262,7.609512,0.003221,0.0,28
1,0,1,0,0,1,1,0,0,1,1,1,8,15,3,sign_irene_cif.y4m,41.36,41.312,0.134052,0.003224,0.0,139
1,0,1,0,0,1,0,0,0,0,0,1,1,5,0,sign_irene_cif.y4m,34.9,34.842,0.164985,0.003163,0.0,158
1,1,1,0,1,0,1,1,0,1,0,1,8,5,3,sign_irene_cif.y4m,25.21,24.82,0.607947,0.00369,0.0,152
1,0,1,1,0,0,1,0,0,1,0,0,2,0,6,sign_irene_cif.y4m,384.64,384.74,0.348927,0.00321,0.0,12
1,1,1,0,1,0,0,1,0,0,0,1,4,15,3,sign_irene_cif.y4m,24.96,25.094,0.45676,0.003434,0.0,294
1,1,1,0,1,0,0,1,0,0,0,1,8,15,3,sign_irene_cif.y4m,24.77,24.732,0.07791,0.003434,0.0,154
1,1,1,1,0,0,0,1,0,1,0,0,2,15,6,sign_irene_cif.y4m,423.26,423.224,0.097108,0.0034,0.0,157
1,0,1,1,0,0,1,0,0,1,1,1,2,0,3,sign_irene_cif.y4m,411.35,411.392,0.168434,0.003221,0.0,150
1,1,1,0,1,0,1,1,0,0,1,0,8,0,6,sign_irene_cif.y4m,24.58,25.09,0.881249,0.003723,0.0,287
1,0,1,0,1,0,0,0,0,1,1,0,1,0,3,sign_irene_cif.y4m,15.52,15.396,0.26025,0.003167,0.0,297
1,0,1,0,0,1,0,0,0,1,1,0,8,15,0,sign_irene_cif.y4m,34.79,34.908,0.322676,0.00315,0.0,263
1,1,1,0,1,0,0,1,0,1,1,1,1,5,3,sign_irene_cif.y4m,24.74,25.286,0.831733,0.00343,0.0,255
1,0,1,1,0,0,0,0,0,1,1,0,8,15,3,sign_irene_cif.y4m,336.29,336.288,0.137368,0.003156,0.0,115
1,0,1,0,0,1,1,0,0,1,0,1,4,15,3,sign_irene_cif.y4m,41.19,41.19,0.078422,0.003224,0.0,188
1,0,1,0,0,1,1,0,0,0,0,1,8,0,6,sign_irene_cif.y4m,42.5,42.352,1.017384,0.003224,0.0,212
1,0,1,1,0,0,1,0,0,0,0,1,1,15,3,sign_irene_cif.y4m,383.9,384.062,0.291496,0.003221,0.0,195
1,0,1,0,1,0,0,0,0,0,1,1,2,15,0,sign_irene_cif.y4m,16.18,16.206,0.08961,0.003158,0.0,119
1,0,1,1,0,0,0,0,0,1,0,1,4,15,0,sign_irene_cif.y4m,336.74,336.732,0.130269,0.003162,0.0,58
1,0,1,0,1,0,1,0,0,1,0,1,4,0,6,sign_irene_cif.y4m,18.79,18.72,0.276405,0.003224,0.0,277
1,0,1,0,1,0,1,0,0,0,1,1,4,5,6,sign_irene_cif.y4m,18.47,18.46,0.04,0.003224,0.0,64
1,1,1,0,1,0,1,1,0,1,0,0,2,0,0,sign_irene_cif.y4m,24.4,24.396,0.059414,0.003723,0.0,285
1,1,1,0,1,0,1,1,0,1,0,0,4,0,0,sign_irene_cif.y4m,24.41,24.504,0.165167,0.003723,0.0,290
1,0,1,1,0,0,0,0,0,1,0,1,8,5,6,sign_irene_cif.y4m,342.29,340.926,2.538903,0.003162,0.0,196
1,1,1,1,0,0,1,0,1,1,1,1,1,0,0,sign_irene_cif.y4m,381.48,381.462,0.09471,0.003468,0.0,93
1,0,1,1,0,0,1,0,0,0,1,1,4,5,6,sign_irene_cif.y4m,384.12,384.212,0.341716,0.003221,0.0,299
1,0,1,1,0,0,0,0,0,1,0,0,2,5,0,sign_irene_cif.y4m,336.43,339.11,6.139173,0.003156,0.0,125
1,1,1,0,1,0,0,1,0,1,0,1,2,15,6,sign_irene_cif.y4m,26.48,26.488,0.10616,0.003416,0.0,21
1,0,1,0,1,0,0,0,0,1,0,1,2,0,0,sign_irene_cif.y4m,15.12,15.136,0.053198,0.003158,0.0,225
1,0,1,0,1,0,0,0,0,1,0,0,2,5,0,silent_cif.y4m,16.37,16.368,0.061806,0.005442,0.0,114
1,1,1,1,0,0,0,0,1,0,0,1,1,0,0,silent_cif.y4m,481.51,481.454,0.158209,0.005323,0.0,281
1,1,1,1,0,0,0,1,0,1,1,0,2,5,0,silent_cif.y4m,556.55,556.524,0.094499,0.005429,0.0,49
1,0,1,0,0,1,1,0,0,0,0,0,2,15,6,silent_cif.y4m,46.33,46.338,0.145499,0.005482,0.0,194
1,0,1,1,0,0,0,0,0,0,0,0,2,0,6,silent_cif.y4m,494.34,494.454,0.380171,0.00542,0.0,62
1,1,1,0,1,0,0,1,0,1,1,1,1,15,3,silent_cif.y4m,23.89,23.876,0.058566,0.005435,0.0,91
1,0,1,0,0,1,1,0,0,0,0,0,4,0,6,silent_cif.y4m,46.41,46.356,0.092898,0.005482,0.0,107
1,0,1,1,0,0,1,0,0,0,0,1,4,5,3,silent_cif.y4m,472.03,472.032,0.056745,0.005489,0.0,181
1,0,1,0,1,0,1,0,0,0,0,0,4,5,0,silent_cif.y4m,19.2,19.18,0.046368,0.005468,0.0,247
1,0,1,1,0,0,0,0,0,1,1,0,4,5,3,silent_cif.y4m,494.33,494.334,0.213378,0.00542,0.0,166
1,0,1,0,0,1,0,0,0,0,1,1,4,0,0,silent_cif.y4m,42.37,42.442,0.138816,0.005427,0.0,25
1,1,1,0,1,0,0,1,0,0,0,1,8,0,6,silent_cif.y4m,24.09,24.1,0.085732,0.005476,0.0,203
1,1,1,1,0,0,1,1,0,1,1,1,4,5,6,silent_cif.y4m,543.44,543.572,0.366156,0.00584,0.0,219
1,0,1,0,0,1,0,0,0,0,0,0,4,15,0,silent_cif.y4m,42.54,42.542,0.088431,0.005444,0.0,162
1,0,1,1,0,0,1,0,0,0,1,0,4,15,6,silent_cif.y4m,470.89,470.848,0.13755,0.005526,0.0,182
1,0,1,0,0,1,0,0,0,1,1,0,1,15,6,silent_cif.y4m,42.62,42.588,0.078549,0.005444,0.0,10
1,1,1,1,0,0,1,1,0,1,1,1,2,15,0,silent_cif.y4m,534.11,534.128,0.179221,0.005875,0.0,14
1,1,1,1,0,0,0,1,0,0,0,1,1,0,6,silent_cif.y4m,526.78,526.752,0.186333,0.005467,0.0,89
1,1,1,1,0,0,0,1,0,1,1,1,1,5,0,silent_cif.y4m,554.91,555.326,0.796762,0.005443,0.0,116
1,0,1,1,0,0,0,0,0,0,1,1,4,15,3,silent_cif.y4m,498.43,498.552,0.268365,0.005424,0.0,217
1,1,1,0,1,0,0,1,0,0,1,0,1,0,0,silent_cif.y4m,23.99,23.982,0.047645,0.005465,0.0,75
1,1,1,0,1,0,0,1,0,1,1,1,2,15,6,silent_cif.y4m,24.12,24.132,0.046043,0.005385,0.0,266
1,0,1,1,0,0,1,0,0,0,1,1,4,15,3,silent_cif.y4m,471.98,471.97,0.257488,0.005489,0.0,268
1,0,1,0,1,0,1,0,0,1,1,1,4,15,3,silent_cif.y4m,18.12,18.098,0.069426,0.005515,0.0,187
1,0,1,0,0,1,1,0,0,0,1,0,8,15,3,silent_cif.y4m,46.29,46.338,0.158651,0.005482,0.0,161
1,0,1,0,1,0,1,0,0,0,1,0,2,0,6,silent_cif.y4m,19.23,19.24,0.057009,0.005468,0.0,23
1,1,1,1,0,0,0,1,0,1,1,0,2,5,6,silent_cif.y4m,559.35,559.452,0.268272,0.005409,0.0,2
1,1,1,1,0,0,1,0,1,1,0,1,2,0,0,silent_cif.y4m,477.36,477.308,0.09757,0.005645,0.0,16
1,0,1,1,0,0,0,0,0,1,1,1,8,15,0,silent_cif.y4m,498.59,498.466,0.202312,0.005424,0.0,262
1,1,1,1,0,0,0,1,0,1,1,0,4,5,0,silent_cif.y4m,556.67,556.712,0.180472,0.005429,0.0,66
1,0,1,1,0,0,0,0,0,1,0,0,2,0,0,silent_cif.y4m,494.18,494.26,0.274317,0.00542,0.0,86
1,0,1,0,1,0,1,0,0,0,1,0,2,5,6,silent_cif.y4m,19.21,19.228,0.036332,0.005468,0.0,231
1,0,1,0,1,0,0,0,0,0,0,0,4,5,0,silent_cif.y4m,16.12,16.124,0.036469,0.005442,0.0,269
1,1,1,0,1,0,1,1,0,0,1,0,1,5,0,silent_cif.y4m,22.02,22.04,0.044159,0.005905,0.0,180
1,0,1,0,0,1,0,0,0,0,1,0,4,5,6,silent_cif.y4m,42.25,42.202,0.092033,0.005444,0.0,274
1,1,1,1,0,0,0,1,0,1,1,0,2,15,6,silent_cif.y4m,566.91,566.892,0.069785,0.005359,0.0,184
1,0,1,0,0,1,1,0,0,0,0,1,4,5,0,silent_cif.y4m,45.41,45.374,0.112606,0.005526,0.0,118
1,1,1,1,0,0,0,1,0,0,0,0,1,0,6,silent_cif.y4m,527.83,528.27,0.715542,0.005441,0.0,254
1,0,1,1,0,0,1,0,0,0,1,1,4,5,0,silent_cif.y4m,471.75,471.838,0.16053,0.005489,0.0,208
1,0,1,0,0,1,1,0,0,1,1,0,4,5,6,silent_cif.y4m,45.82,45.822,0.096799,0.005482,0.0,279
1,1,1,1,0,0,0,1,0,0,1,1,4,15,3,silent_cif.y4m,554.49,554.536,0.150765,0.005423,0.0,229
1,0,1,0,0,1,1,0,0,1,1,1,1,0,0,silent_cif.y4m,45.16,45.222,0.145671,0.005526,0.0,46
1,0,1,0,0,1,0,0,0,1,1,1,4,5,6,silent_cif.y4m,42.51,42.502,0.130461,0.005427,0.0,171
1,1,1,1,0,0,0,1,0,0,1,0,2,5,0,silent_cif.y4m,556.77,556.63,0.235053,0.005429,0.0,99
1,0,1,0,0,1,0,0,0,0,0,0,8,0,0,silent_cif.y4m,42.52,42.62,0.21166,0.005444,0.0,81
1,1,1,1,0,0,1,1,0,1,0,1,8,5,0,silent_cif.y4m,533.06,533.06,0.205183,0.005892,0.0,155
1,0,1,0,1,0,0,0,0,1,0,1,1,15,6,silent_cif.y4m,16.47,16.428,0.087006,0.005436,0.0,96
1,1,1,1,0,0,0,1,0,1,1,1,8,0,0,silent_cif.y4m,526.53,526.664,0.310934,0.005467,0.0,218
1,1,1,1,0,0,1,1,0,1,1,0,8,0,6,silent_cif.y4m,498.86,498.844,0.318167,0.005987,0.0,53
1,1,1,0,1,0,1,0,1,0,0,0,2,0,0,silent_cif.y4m,17.39,17.366,0.063087,0.00565,0.0,109
1,0,1,0,1,0,0,0,0,0,1,0,4,5,6,silent_cif.y4m,16.33,16.342,0.040866,0.005442,0.0,185
1,1,1,1,0,0,0,1,0,0,1,1,2,0,0,silent_cif.y4m,526.61,526.644,0.12973,0.005467,0.0,239
1,0,1,1,0,0,0,0,0,0,0,1,2,0,0,silent_cif.y4m,498.47,498.53,0.1251,0.005424,0.0,276
1,0,1,1,0,0,1,0,0,0,0,1,4,0,6,silent_cif.y4m,472.0,472.004,0.121161,0.005489,0.0,257
1,0,1,0,0,1,0,0,0,1,1,0,1,5,0,silent_cif.y4m,42.08,42.04,0.121037,0.005444,0.0,42
1,1,1,0,1,0,1,1,0,0,0,0,2,15,3,silent_cif.y4m,22.36,22.396,0.092898,0.005847,0.0,204
1,0,1,1,0,0,1,0,0,1,0,1,2,15,6,silent_cif.y4m,471.86,471.9,0.143353,0.005489,0.0,145
1,0,1,0,1,0,0,0,0,0,0,0,2,0,3,silent_cif.y4m,16.36,16.36,0.05831,0.005442,0.0,246
1,1,1,1,0,0,0,1,0,0,1,1,8,0,0,silent_cif.y4m,526.61,526.63,0.189605,0.005467,0.0,202
1,1,1,0,1,0,0,1,0,1,0,0,2,5,3,silent_cif.y4m,23.91,23.934,0.065038,0.005428,0.0,70
1,0,1,0,1,0,0,0,0,0,1,0,1,5,3,silent_cif.y4m,16.32,16.338,0.062209,0.005442,0.0,230
1,0,1,0,1,0,1,0,0,0,0,0,4,15,6,silent_cif.y4m,19.26,19.25,0.04,0.005468,0.0,267
1,1,1,1,0,0,1,1,0,0,0,1,8,5,3,silent_cif.y4m,528.77,528.786,0.182016,0.005933,0.0,146
1,0,1,0,1,0,1,0,0,0,0,1,2,15,0,silent_cif.y4m,17.87,17.88,0.074162,0.005515,0.0,27
1,0,1,0,1,0,1,0,0,0,1,1,8,0,3,silent_cif.y4m,17.86,17.88,0.048477,0.005515,0.0,137
1,1,1,1,0,0,0,1,0,0,1,1,2,15,0,silent_cif.y4m,555.61,555.632,0.169617,0.005442,0.0,189
1,1,1,0,1,0,1,1,0,1,0,0,4,15,0,silent_cif.y4m,22.2,22.208,0.058052,0.005895,0.0,132
1,1,1,1,0,0,0,0,1,1,0,1,8,0,0,silent_cif.y4m,481.42,481.478,0.158335,0.005323,0.0,169
1,0,1,0,0,1,0,0,0,0,0,0,1,5,6,silent_cif.y4m,42.72,42.696,0.113049,0.005444,0.0,33
1,0,1,1,0,0,0,0,0,0,1,1,8,15,0,silent_cif.y4m,498.59,498.58,0.146287,0.005424,0.0,205
1,0,1,1,0,0,0,0,0,1,0,1,2,0,0,silent_cif.y4m,498.92,499.218,0.676365,0.005424,0.0,245
1,1,1,0,1,0,1,1,0,0,1,1,1,15,0,silent_cif.y4m,22.41,22.458,0.096021,0.005899,0.0,298
1,0,1,1,0,0,1,0,0,1,1,0,2,5,6,silent_cif.y4m,471.01,471.384,0.760053,0.005526,0.0,163
1,1,1,1,0,0,0,1,0,0,0,0,1,5,0,silent_cif.y4m,556.61,556.616,0.163187,0.005429,0.0,123
1,0,1,0,0,1,1,0,0,1,0,0,4,15,0,silent_cif.y4m,45.75,45.746,0.171843,0.005482,0.0,4
1,0,1,0,0,1,1,0,0,1,1,0,8,5,6,silent_cif.y4m,46.39,46.392,0.052631,0.005482,0.0,141
1,1,1,0,1,0,0,1,0,1,0,0,8,5,6,silent_cif.y4m,24.05,24.038,0.086429,0.005398,0.0,129
1,1,1,0,1,0,1,1,0,1,1,0,4,5,3,silent_cif.y4m,22.15,22.122,0.065345,0.005859,0.0,159
1,0,1,0,0,1,1,0,0,1,0,0,1,0,0,silent_cif.y4m,46.35,46.348,0.09654,0.005482,0.0,22
1,0,1,0,0,1,0,0,0,1,0,1,2,0,6,silent_cif.y4m,42.52,42.49,0.179583,0.005427,0.0,175
1,1,1,1,0,0,0,1,0,1,1,1,8,5,6,silent_cif.y4m,559.77,559.762,0.083487,0.005394,0.0,151
1,1,1,0,1,0,0,1,0,0,1,0,2,5,0,silent_cif.y4m,23.85,23.858,0.058907,0.005448,0.0,52
1,0,1,0,0,1,0,0,0,0,0,1,4,0,3,silent_cif.y4m,42.4,42.406,0.084735,0.005427,0.0,108
1,0,1,0,1,0,1,0,0,0,0,1,8,15,0,silent_cif.y4m,18.04,18.06,0.04899,0.005515,0.0,72
1,0,1,1,0,0,1,0,0,1,1,0,8,0,6,silent_cif.y4m,468.31,468.242,0.288652,0.005526,0.0,248
1,1,1,1,0,0,1,1,0,1,1,0,8,5,6,silent_cif.y4m,536.91,536.874,0.211849,0.005885,0.0,174
1,0,1,1,0,0,1,0,0,1,1,1,8,0,3,silent_cif.y4m,471.96,472.01,0.123288,0.005489,0.0,130
1,1,1,0,1,0,1,1,0,1,1,1,8,15,0,silent_cif.y4m,22.21,22.182,0.080747,0.005899,0.0,168
1,0,1,0,0,1,1,0,0,1,0,1,8,0,6,silent_cif.y4m,45.32,45.378,0.166042,0.005526,0.0,198
1,0,1,0,0,1,1,0,0,1,1,0,1,0,3,silent_cif.y4m,46.24,46.252,0.089275,0.005482,0.0,83
1,1,1,1,0,0,1,1,0,0,1,0,1,0,3,silent_cif.y4m,501.35,501.288,0.184445,0.005987,0.0,291
1,0,1,0,1,0,0,0,0,1,1,0,1,0,6,silent_cif.y4m,16.27,16.294,0.044497,0.005442,0.0,237
1,0,1,0,0,1,0,0,0,1,1,1,2,15,3,silent_cif.y4m,42.59,42.558,0.093113,0.005427,0.0,90
1,1,1,1,0,0,1,1,0,0,0,1,1,15,0,silent_cif.y4m,531.17,531.196,0.119917,0.005875,0.0,87
1,0,1,1,0,0,1,0,0,1,0,0,1,5,0,silent_cif.y4m,470.62,470.632,0.163463,0.005526,0.0,74
1,0,1,0,0,1,0,0,0,1,0,0,2,0,3,silent_cif.y4m,42.61,42.598,0.148896,0.005444,0.0,201
1,0,1,0,1,0,0,0,0,1,0,1,1,0,0,silent_cif.y4m,16.42,16.428,0.053572,0.005436,0.0,183
1,0,1,1,0,0,0,0,0,0,0,0,4,0,6,silent_cif.y4m,494.21,494.19,0.257682,0.00542,0.0,227
1,1,1,0,1,0,1,1,0,0,0,0,1,15,6,silent_cif.y4m,22.41,22.412,0.052154,0.005813,0.0,222
1,0,1,0,0,1,0,0,0,0,1,0,8,0,6,silent_cif.y4m,42.6,42.544,0.128957,0.005444,0.0,55
1,0,1,1,0,0,0,0,0,0,1,1,2,5,0,silent_cif.y4m,498.45,498.416,0.078294,0.005424,0.0,142
1,0,1,1,0,0,1,0,0,1,0,1,1,5,6,silent_cif.y4m,469.21,469.28,0.18,0.005489,0.0,124
1,0,1,1,0,0,1,0,0,0,0,0,8,0,0,silent_cif.y4m,468.5,468.436,0.297708,0.005526,0.0,95
1,0,1,1,0,0,1,0,0,1,0,0,2,15,0,silent_cif.y4m,471.01,470.92,0.168375,0.005526,0.0,241
1,0,1,0,1,0,0,0,0,0,1,1,1,5,3,silent_cif.y4m,16.37,16.352,0.079183,0.005436,0.0,289
1,0,1,1,0,0,1,0,0,1,1,0,1,5,0,silent_cif.y4m,468.27,468.334,0.134648,0.005526,0.0,278
1,1,1,0,1,0,0,1,0,1,1,0,1,0,6,silent_cif.y4m,24.08,24.062,0.063797,0.005465,0.0,176
1,0,1,0,0,1,1,0,0,0,1,0,8,5,0,silent_cif.y4m,46.41,46.452,0.157226,0.005482,0.0,122
1,0,1,0,0,1,0,0,0,0,1,0,4,0,6,silent_cif.y4m,42.49,42.59,0.182346,0.005444,0.0,30
1,1,1,0,1,0,0,1,0,0,0,0,2,0,6,silent_cif.y4m,24.04,24.036,0.073007,0.005465,0.0,251
1,0,1,1,0,0,0,0,0,0,0,1,1,0,0,silent_cif.y4m,498.62,498.522,0.143422,0.005424,0.0,120
1,0,1,1,0,0,0,0,0,0,0,1,2,15,6,silent_cif.y4m,498.67,498.628,0.149064,0.005424,0.0,144
1,0,1,0,1,0,1,0,0,0,0,0,1,0,3,silent_cif.y4m,18.99,19.0,0.066332,0.005468,0.0,265
1,1,1,0,1,0,0,1,0,0,1,0,2,0,6,silent_cif.y4m,23.81,23.758,0.076616,0.005465,0.0,260
1,1,1,0,1,0,0,1,0,0,0,1,1,0,3,silent_cif.y4m,24.05,24.056,0.045056,0.005476,0.0,78
1,0,1,0,1,0,0,0,0,0,1,1,8,15,3,silent_cif.y4m,16.33,16.352,0.046583,0.005436,0.0,84
1,0,1,1,0,0,1,0,0,1,0,0,4,15,3,silent_cif.y4m,470.99,471.104,0.402902,0.005526,0.0,296
1,0,1,0,0,1,0,0,0,0,0,1,2,5,6,silent_cif.y4m,42.64,42.62,0.115974,0.005427,0.0,232
1,0,1,0,0,1,1,0,0,0,1,0,4,15,6,silent_cif.y4m,46.24,46.284,0.132212,0.005482,0.0,213
1,1,1,0,1,0,0,1,0,0,1,1,8,15,3,silent_cif.y4m,23.83,23.844,0.064265,0.005435,0.0,94
1,0,1,0,1,0,0,0,0,0,1,1,1,5,0,silent_cif.y4m,16.18,16.194,0.034351,0.005436,0.0,178
1,0,1,1,0,0,1,0,0,1,0,0,4,0,0,silent_cif.y4m,471.01,470.978,0.214406,0.005526,0.0,127
1,1,1,0,1,0,1,1,0,0,1,0,8,5,6,silent_cif.y4m,22.06,22.028,0.054955,0.005847,0.0,111
1,0,1,0,1,0,0,0,0,0,0,1,1,0,6,silent_cif.y4m,16.15,16.16,0.04899,0.005436,0.0,92
1,1,1,1,0,0,0,1,0,0,1,0,8,15,6,silent_cif.y4m,569.9,569.9,0.060415,0.005359,0.0,54
1,0,1,0,0,1,0,0,0,0,0,1,2,15,0,silent_cif.y4m,42.54,42.526,0.192172,0.005427,0.0,45
1,0,1,1,0,0,0,0,0,1,0,0,4,0,6,silent_cif.y4m,494.22,494.15,0.279106,0.00542,0.0,226
1,1,1,1,0,0,1,1,0,1,0,0,8,5,0,silent_cif.y4m,535.66,535.654,0.173868,0.005866,0.0,200
1,0,1,0,0,1,1,0,0,1,0,1,8,5,6,silent_cif.y4m,45.52,45.484,0.123004,0.005526,0.0,59
1,1,1,0,1,0,1,0,1,0,0,1,2,0,0,silent_cif.y4m,17.4,17.39,0.07,0.005663,0.0,19
1,1,1,1,0,0,0,1,0,1,0,0,2,15,0,silent_cif.y4m,551.6,551.664,0.363497,0.005414,0.0,47
1,1,1,0,1,0,1,1,0,0,0,1,4,5,6,silent_cif.y4m,22.24,22.254,0.069138,0.005857,0.0,32
1,1,1,0,1,0,0,1,0,1,0,0,1,5,6,silent_cif.y4m,24.09,24.066,0.060249,0.005398,0.0,170
1,0,1,0,0,1,0,0,0,1,1,0,1,15,0,silent_cif.y4m,42.11,42.126,0.104547,0.005444,0.0,270
1,0,1,1,0,0,1,0,0,1,0,1,4,15,6,silent_cif.y4m,472.03,471.95,0.169853,0.005489,0.0,207
1,1,1,0,1,0,0,1,0,1,1,1,1,5,6,silent_cif.y4m,24.16,24.182,0.055408,0.005406,0.0,43
1,0,1,0,1,0,1,0,0,0,1,1,1,0,3,silent_cif.y4m,18.04,18.06,0.06,0.005515,0.0,40
1,1,1,0,1,0,0,1,0,0,1,1,1,5,3,silent_cif.y4m,23.84,23.844,0.041593,0.005437,0.0,117
1,0,1,0,0,1,0,0,0,0,1,0,8,15,6,silent_cif.y4m,42.6,42.608,0.100846,0.005444,0.0,253
1,0,1,1,0,0,0,0,0,1,0,0,1,15,3,silent_cif.y4m,493.99,493.956,0.132966,0.00542,0.0,68
1,1,1,1,0,0,0,1,0,1,1,1,1,15,6,silent_cif.y4m,569.2,569.172,0.146526,0.005373,0.0,186
1,1,1,0,1,0,1,1,0,0,0,1,8,15,3,silent_cif.y4m,22.53,22.542,0.057184,0.005875,0.0,288
1,1,1,0,1,0,0,1,0,0,0,0,2,0,0,silent_cif.y4m,24.11,24.084,0.067305,0.005465,0.0,15
1,0,1,1,0,0,0,0,0,0,1,1,2,15,3,silent_cif.y4m,498.48,498.744,0.756062,0.005424,0.0,82
1,1,1,1,0,0,0,1,0,0,0,0,4,15,6,silent_cif.y4m,567.23,567.206,0.173003,0.005359,0.0,211
1,0,1,0,1,0,1,0,0,1,1,1,8,15,6,silent_cif.y4m,18.05,18.096,0.14758,0.005515,0.0,177
1,1,1,0,1,0,0,1,0,1,1,1,2,5,3,silent_cif.y4m,23.86,23.894,0.06229,0.005437,0.0,210
1,0,1,1,0,0,0,0,0,1,1,1,2,0,3,silent_cif.y4m,498.42,498.472,0.227969,0.005424,0.0,13
1,0,1,0,1,0,1,0,0,0,0,1,2,15,3,silent_cif.y4m,18.03,18.078,0.104738,0.005515,0.0,228
1,0,1,0,1,0,1,0,0,1,1,0,4,5,3,silent_cif.y4m,19.26,19.244,0.08961,0.005468,0.0,38
1,1,1,1,0,0,0,1,0,0,0,1,4,15,6,silent_cif.y4m,565.98,566.064,0.218243,0.005373,0.0,29
1,1,1,1,0,0,1,0,1,1,0,0,8,0,0,silent_cif.y4m,476.26,476.306,0.110815,0.005625,0.0,24
1,1,1,1,0,0,0,1,0,0,0,0,8,5,6,silent_cif.y4m,559.63,559.484,0.282365,0.005409,0.0,293
1,1,1,1,0,0,0,1,0,0,1,0,2,5,6,silent_cif.y4m,559.38,559.374,0.120748,0.005409,0.0,67
1,1,1,0,1,0,0,1,0,1,0,1,2,5,0,silent_cif.y4m,23.81,23.824,0.058138,0.005485,0.0,199
1,0,1,0,0,1,1,0,0,1,1,0,8,15,3,silent_cif.y4m,46.41,46.378,0.165741,0.005482,0.0,244
1,0,1,0,0,1,1,0,0,0,0,0,8,15,0,silent_cif.y4m,46.32,46.324,0.075366,0.005482,0.0,80
1,1,1,1,0,0,1,1,0,1,1,1,2,0,3,silent_cif.y4m,497.02,497.252,0.725307,0.00601,0.0,223
1,1,1,0,1,0,1,1,0,0,1,0,8,5,0,silent_cif.y4m,22.25,22.238,0.066106,0.005905,0.0,121
1,0,1,1,0,0,1,0,0,0,0,0,8,5,3,silent_cif.y4m,470.63,470.73,0.152315,0.005526,0.0,261
1,0,1,1,0,0,1,0,0,1,1,0,1,5,6,silent_cif.y4m,468.15,468.236,0.232336,0.005526,0.0,156
1,1,1,1,0,0,0,1,0,0,1,0,4,15,3,silent_cif.y4m,556.65,556.654,0.392084,0.005386,0.0,271
1,1,1,1,0,0,1,1,0,1,0,0,2,15,3,silent_cif.y4m,541.0,541.07,0.14089,0.005829,0.0,9
1,1,1,1,0,0,1,1,0,1,0,1,1,0,0,silent_cif.y4m,499.8,499.696,0.240271,0.00601,0.0,165
1,0,1,0,0,1,1,0,0,1,0,0,1,15,6,silent_cif.y4m,46.3,46.27,0.067823,0.005482,0.0,126
1,0,1,1,0,0,1,0,0,1,1,1,8,5,0,silent_cif.y4m,471.95,471.952,0.138456,0.005489,0.0,280
1,0,1,1,0,0,0,0,0,1,1,0,2,5,3,silent_cif.y4m,494.33,494.34,0.151987,0.00542,0.0,172
1,0,1,0,1,0,1,0,0,0,0,0,1,15,6,silent_cif.y4m,19.24,19.302,0.146697,0.005468,0.0,292
1,0,1,0,0,1,0,0,0,1,0,1,1,0,3,silent_cif.y4m,42.61,42.532,0.135351,0.005427,0.0,179
1,0,1,0,0,1,1,0,0,1,0,1,2,0,3,silent_cif.y4m,44.85,44.85,0.083367,0.005526,0.0,272
1,0,1,0,0,1,1,0,0,0,1,0,4,5,0,silent_cif.y4m,46.3,46.296,0.112827,0.005482,0.0,105
1,0,1,0,1,0,0,0,0,0,0,0,1,0,3,silent_cif.y4m,16.34,16.348,0.043243,0.005442,0.0,76
1,0,1,1,0,0,1,0,0,0,1,0,4,15,3,silent_cif.y4m,471.03,471.042,0.332069,0.005526,0.0,197
1,1,1,1,0,0,1,1,0,0,1,0,1,15,0,silent_cif.y4m,540.85,540.672,0.393154,0.005858,0.0,221
1,1,1,1,0,0,1,1,0,0,1,0,8,15,6,silent_cif.y4m,548.67,548.728,0.161771,0.005766,0.0,167
1,1,1,0,1,0,0,1,0,1,0,1,4,15,6,silent_cif.y4m,24.09,24.09,0.015811,0.005385,0.0,136
1,1,1,1,0,0,0,1,0,1,0,1,8,15,6,silent_cif.y4m,569.44,569.76,0.711091,0.005373,0.0,243
1,0,1,0,1,0,0,0,0,1,0,1,8,15,6,silent_cif.y4m,16.31,16.32,0.035355,0.005436,0.0,60
1,0,1,1,0,0,0,0,0,1,0,1,2,0,6,silent_cif.y4m,498.51,498.832,0.737475,0.005424,0.0,110
1,1,1,1,0,0,1,1,0,1,0,0,1,15,6,silent_cif.y4m,548.88,548.898,0.053572,0.005766,0.0,35
1,0,1,1,0,0,1,0,0,0,1,1,2,5,6,silent_cif.y4m,471.78,471.798,0.123167,0.005489,0.0,235
1,0,1,1,0,0,0,0,0,1,0,0,1,0,3,silent_cif.y4m,494.22,494.284,0.306154,0.00542,0.0,44
1,1,1,0,1,0,1,1,0,0,1,0,4,15,3,silent_cif.y4m,22.34,22.366,0.061482,0.005847,0.0,256
1,0,1,0,0,1,0,0,0,0,1,1,8,0,0,silent_cif.y4m,42.48,42.516,0.068411,0.005427,0.0,192
1,0,1,0,1,0,0,0,0,0,1,1,2,0,0,silent_cif.y4m,16.39,16.374,0.054129,0.005436,0.0,41
1,0,1,1,0,0,0,0,0,0,1,0,4,5,0,silent_cif.y4m,494.18,494.17,0.195448,0.00542,0.0,37
1,0,1,0,0,1,0,0,0,0,0,0,4,5,0,silent_cif.y4m,42.7,42.696,0.130115,0.005444,0.0,26
1,1,1,1,0,0,0,1,0,0,0,0,1,0,3,silent_cif.y4m,527.43,527.62,0.35433,0.005441,0.0,273
1,1,1,1,0,0,1,1,0,0,0,1,1,5,6,silent_cif.y4m,543.31,543.22,0.228254,0.00584,0.0,233
1,1,1,0,1,0,1,1,0,0,1,1,8,0,0,silent_cif.y4m,22.43,22.428,0.068702,0.005949,0.0,101
1,0,1,1,0,0,0,0,0,0,0,1,2,5,3,silent_cif.y4m,498.69,498.598,0.173407,0.005424,0.0,39
1,1,1,0,1,0,0,1,0,0,0,1,1,15,0,silent_cif.y4m,24.07,24.048,0.061806,0.00547,0.0,106
1,1,1,0,1,0,0,0,1,1,0,0,1,0,0,silent_cif.y4m,17.26,17.272,0.062209,0.005325,0.0,242
1,1,1,1,0,0,1,1,0,0,1,0,2,15,0,silent_cif.y4m,537.44,537.448,0.203642,0.005858,0.0,193
1,0,1,0,1,0,1,0,0,0,1,0,1,15,6,silent_cif.y4m,19.27,19.252,0.071204,0.005468,0.0,103
1,1,1,0,1,0,0,1,0,1,1,1,8,5,6,silent_cif.y4m,23.91,23.908,0.070143,0.005406,0.0,1
1,0,1,1,0,0,0,0,0,1,1,1,1,0,0,silent_cif.y4m,498.75,498.746,0.219386,0.005424,0.0,61
1,1,1,1,0,0,0,0,1,0,0,0,2,0,0,silent_cif.y4m,486.01,485.972,0.133679,0.005301,0.0,56
1,1,1,0,1,0,0,1,0,0,1,0,8,15,3,silent_cif.y4m,24.1,24.108,0.031145,0.005407,0.0,148
1,0,1,0,1,0,0,0,0,1,0,1,2,5,0,silent_cif.y4m,16.34,16.336,0.065422,0.005436,0.0,112
1,0,1,0,1,0,1,0,0,0,1,0,8,15,3,silent_cif.y4m,19.17,19.208,0.090388,0.005468,0.0,300
1,0,1,0,1,0,0,0,0,1,1,0,4,15,0,silent_cif.y4m,16.33,16.336,0.054129,0.005442,0.0,249
1,0,1,0,1,0,0,0,0,0,0,1,2,0,0,silent_cif.y4m,16.41,16.39,0.05244,0.005436,0.0,20
1,1,1,1,0,0,1,1,0,1,0,1,1,5,0,silent_cif.y4m,533.29,533.29,0.234307,0.005892,0.0,104
1,1,1,1,0,0,0,1,0,1,1,1,8,15,6,silent_cif.y4m,569.26,569.238,0.182675,0.005373,0.0,131
1,0,1,1,0,0,0,0,0,0,0,0,2,0,3,silent_cif.y4m,491.22,491.428,0.329196,0.00542,0.0,69
1,0,1,0,1,0,1,0,0,0,0,0,2,0,3,silent_cif.y4m,19.01,19.0,0.067823,0.005468,0.0,220
1,1,1,1,0,0,1,1,0,1,1,1,8,15,6,silent_cif.y4m,549.17,549.18,0.181934,0.005803,0.0,11
1,1,1,1,0,0,1,1,0,1,0,0,4,15,6,silent_cif.y4m,548.73,548.808,0.25548,0.005766,0.0,258
1,0,1,0,1,0,1,0,0,0,0,0,2,15,3,silent_cif.y4m,19.23,19.238,0.08228,0.005468,0.0,65
1,0,1,0,0,1,1,0,0,0,0,0,2,15,0,silent_cif.y4m,46.48,46.432,0.092574,0.005482,0.0,160
1,0,1,0,0,1,1,0,0,0,0,0,8,0,0,silent_cif.y4m,46.19,46.19,0.100747,0.005482,0.0,238
1,1,1,1,0,0,0,1,0,0,0,0,4,0,0,silent_cif.y4m,527.43,527.476,0.227002,0.005441,0.0,57
1,1,1,0,1,0,0,1,0,1,0,1,2,0,0,silent_cif.y4m,24.06,24.054,0.080808,0.005476,0.0,79
1,0,1,0,1,0,1,0,0,0,1,0,4,15,3,silent_cif.y4m,19.31,19.304,0.033615,0.005468,0.0,224
1,1,1,0,1,0,0,1,0,1,0,0,2,0,3,silent_cif.y4m,24.04,24.04,0.057879,0.005465,0.0,48
1,0,1,0,1,0,1,0,0,0,0,1,8,0,6,silent_cif.y4m,18.07,18.08,0.063246,0.005515,0.0,173
1,1,1,1,0,0,1,1,0,0,1,1,1,0,0,silent_cif.y4m,499.68,499.796,0.335455,0.00601,0.0,283
1,0,1,0,1,0,0,0,0,0,0,0,1,0,6,silent_cif.y4m,16.17,16.17,0.036056,0.005442,0.0,190
1,0,1,0,1,0,1,0,0,1,1,1,4,0,6,silent_cif.y4m,17.8,17.822,0.074967,0.005515,0.0,259
1,0,1,1,0,0,0,0,0,0,0,1,1,15,3,silent_cif.y4m,495.79,495.73,0.179444,0.005424,0.0,7
1,0,1,0,0,1,0,0,0,0,0,1,2,5,0,silent_cif.y4m,42.54,42.556,0.092087,0.005427,0.0,73
1,1,1,1,0,0,1,1,0,0,0,0,2,0,6,silent_cif.y4m,501.47,501.346,0.23881,0.005987,0.0,63
1,0,1,0,0,1,1,0,0,1,1,0,2,15,3,silent_cif.y4m,45.82,45.766,0.114586,0.005482,0.0,284
1,0,1,1,0,0,1,0,0,1,0,1,8,15,6,silent_cif.y4m,471.95,471.936,0.055045,0.005489,0.0,250
1,1,1,0,1,0,0,1,0,0,0,0,2,5,0,silent_cif.y4m,23.86,23.842,0.064576,0.005448,0.0,209
1,0,1,0,1,0,1,0,0,0,0,1,4,5,3,silent_cif.y4m,18.06,18.086,0.063482,0.005515,0.0,138
1,1,1,1,0,0,0,0,1,1,1,0,1,0,0,silent_cif.y4m,483.59,483.878,0.755361,0.005301,0.0,135
1,1,1,1,0,0,1,1,0,1,1,0,4,5,3,silent_cif.y4m,534.44,534.564,0.441848,0.005917,0.0,264
1,1,1,1,0,0,0,1,0,1,1,0,2,0,6,silent_cif.y4m,527.49,527.568,0.137186,0.005441,0.0,215
1,0,1,0,0,1,0,0,0,0,1,1,4,5,3,silent_cif.y4m,42.44,42.444,0.065038,0.005427,0.0,50
1,0,1,1,0,0,0,0,0,1,1,0,4,0,6,silent_cif.y4m,494.34,494.334,0.227662,0.00542,0.0,98
1,1,1,1,0,0,0,1,0,1,1,0,1,15,0,silent_cif.y4m,551.7,551.532,0.312922,0.005414,0.0,140
1,1,1,1,0,0,0,1,0,0,1,1,1,0,3,silent_cif.y4m,526.86,526.836,0.262545,0.005467,0.0,113
1,0,1,0,1,0,1,0,0,1,1,0,1,0,6,silent_cif.y4m,18.95,18.96,0.03873,0.005468,0.0,3
1,0,1,0,0,1,0,0,0,1,1,1,8,0,0,silent_cif.y4m,42.42,42.41,0.08,0.005427,0.0,149
1,0,1,1,0,0,0,0,0,0,1,1,8,5,6,silent_cif.y4m,498.65,499.08,0.868418,0.005424,0.0,153
1,1,1,1,0,0,1,1,0,1,1,0,2,15,6,silent_cif.y4m,548.98,549.042,0.382779,0.005766,0.0,133
1,0,1,1,0,0,0,0,0,0,0,0,1,0,3,silent_cif.y4m,494.1,494.134,0.222216,0.00542,0.0,191
1,1,1,0,1,0,0,1,0,1,0,1,1,0,6,silent_cif.y4m,24.08,24.09,0.047958,0.005476,0.0,100
1,0,1,1,0,0,1,0,0,0,1,0,4,0,3,silent_cif.y4m,470.78,470.774,0.142759,0.005526,0.0,85
1,0,1,0,0,1,1,0,0,0,0,0,2,0,3,silent_cif.y4m,45.91,45.868,0.147037,0.005482,0.0,88
1,0,1,0,1,0,1,0,0,1,1,0,4,15,6,silent_cif.y4m,19.19,19.194,0.061074,0.005468,0.0,31
1,0,1,0,0,1,1,0,0,0,0,0,4,5,3,silent_cif.y4m,46.28,46.262,0.091214,0.005482,0.0,134
1,1,1,0,1,0,1,1,0,1,1,1,8,0,3,silent_cif.y4m,22.43,22.42,0.037417,0.005949,0.0,147
1,1,1,1,0,0,0,1,0,0,1,1,4,15,6,silent_cif.y4m,569.43,569.33,0.214476,0.005373,0.0,275
1,0,1,0,0,1,1,0,0,0,1,0,4,15,3,silent_cif.y4m,46.16,46.216,0.152086,0.005482,0.0,143
1,1,1,0,1,0,1,1,0,1,0,0,1,5,6,silent_cif.y4m,21.97,21.998,0.046583,0.005847,0.0,8
1,1,1,1,0,0,1,1,0,0,1,1,4,5,3,silent_cif.y4m,528.87,528.878,0.058052,0.005933,0.0,216
1,0,1,1,0,0,1,0,0,1,0,0,1,0,3,silent_cif.y4m,470.99,471.004,0.094763,0.005526,0.0,214
1,0,1,0,0,1,0,0,0,0,0,0,1,5,0,silent_cif.y4m,42.66,42.638,0.07225,0.005444,0.0,17
1,0,1,0,0,1,1,0,0,0,0,0,1,5,0,silent_cif.y4m,46.14,46.174,0.060663,0.005482,0.0,206
1,0,1,0,1,0,0,0,0,1,1,1,8,15,0,silent_cif.y4m,16.42,16.398,0.071903,0.005436,0.0,36
1,1,1,0,1,0,1,1,0,0,0,0,4,15,3,silent_cif.y4m,22.37,22.36,0.033912,0.005847,0.0,6
1,0,1,1,0,0,1,0,0,0,0,1,1,0,6,silent_cif.y4m,471.69,471.906,0.370985,0.005489,0.0,5
1,0,1,1,0,0,1,0,0,0,0,0,8,15,6,silent_cif.y4m,470.92,470.92,0.047434,0.005526,0.0,164
1,0,1,0,0,1,0,0,0,1,0,0,8,0,6,silent_cif.y4m,42.65,42.678,0.223316,0.005444,0.0,97
1,0,1,1,0,0,0,0,0,0,1,0,2,5,3,silent_cif.y4m,494.04,494.052,0.117346,0.00542,0.0,236
1,1,1,0,1,0,1,1,0,0,0,0,8,5,0,silent_cif.y4m,22.21,22.212,0.043818,0.005905,0.0,71
1,1,1,0,1,0,1,1,0,1,0,1,2,0,3,silent_cif.y4m,22.4,22.416,0.032094,0.005949,0.0,295
1,0,1,1,0,0,1,0,0,1,1,0,8,5,3,silent_cif.y4m,468.26,468.256,0.175585,0.005526,0.0,286
1,0,1,0,1,0,0,0,0,0,0,1,1,5,0,silent_cif.y4m,16.39,16.384,0.069138,0.005436,0.0,34
1,0,1,0,1,0,1,0,0,1,1,1,1,5,3,silent_cif.y4m,18.13,18.1,0.085147,0.005515,0.0,240
1,0,1,0,0,1,1,0,0,0,0,1,4,15,3,silent_cif.y4m,45.46,45.424,0.110589,0.005526,0.0,18
1,0,1,0,1,0,0,0,0,0,1,0,8,0,6,silent_cif.y4m,16.33,16.346,0.070922,0.005442,0.0,102
1,1,1,1,0,0,1,0,1,0,1,0,4,0,0,silent_cif.y4m,476.28,476.336,0.162573,0.005625,0.0,51
1,1,1,1,0,0,1,1,0,0,0,1,4,15,6,silent_cif.y4m,549.02,548.966,0.210428,0.005803,0.0,282
1,0,1,0,1,0,1,0,0,1,1,1,1,0,3,silent_cif.y4m,18.07,18.09,0.05244,0.005515,0.0,77
1,0,1,1,0,0,1,0,0,0,1,0,2,0,3,silent_cif.y4m,470.85,470.874,0.068775,0.005526,0.0,128
1,1,1,0,1,0,1,1,0,0,0,0,2,5,3,silent_cif.y4m,22.1,22.1,0.029155,0.005859,0.0,234
1,0,1,1,0,0,0,0,0,0,1,1,1,0,0,silent_cif.y4m,498.57,498.586,0.134648,0.005424,0.0,252
1,0,1,1,0,0,1,0,0,0,0,1,4,0,3,silent_cif.y4m,471.9,471.922,0.164682,0.005489,0.0,28
1,0,1,0,0,1,1,0,0,1,1,1,8,15,3,silent_cif.y4m,45.31,45.326,0.101143,0.005526,0.0,139
1,0,1,0,0,1,0,0,0,0,0,1,1,5,0,silent_cif.y4m,42.59,42.576,0.135573,0.005427,0.0,158
1,1,1,0,1,0,1,1,0,1,0,1,8,5,3,silent_cif.y4m,22.2,22.206,0.054129,0.005879,0.0,152
1,0,1,1,0,0,1,0,0,1,0,0,2,0,6,silent_cif.y4m,470.93,470.912,0.198167,0.005526,0.0,12
1,1,1,0,1,0,0,1,0,0,0,1,4,15,3,silent_cif.y4m,23.83,23.846,0.070569,0.005435,0.0,294
1,1,1,0,1,0,0,1,0,0,0,1,8,15,3,silent_cif.y4m,23.91,23.926,0.089051,0.005435,0.0,154
1,1,1,1,0,0,0,1,0,1,0,0,2,15,6,silent_cif.y4m,570.24,570.258,0.169174,0.005359,0.0,157
1,0,1,1,0,0,1,0,0,1,1,1,2,0,3,silent_cif.y4m,472.05,472.048,0.142899,0.005489,0.0,150
1,1,1,0,1,0,1,1,0,0,1,0,8,0,6,silent_cif.y4m,22.61,22.61,0.018708,0.005935,0.0,287
1,0,1,0,1,0,0,0,0,1,1,0,1,0,3,silent_cif.y4m,16.31,16.348,0.061806,0.005442,0.0,297
1,0,1,0,0,1,0,0,0,1,1,0,8,15,0,silent_cif.y4m,42.58,42.672,0.1998,0.005444,0.0,263
1,1,1,0,1,0,0,1,0,1,1,1,1,5,3,silent_cif.y4m,23.9,23.912,0.034205,0.005437,0.0,255
1,0,1,1,0,0,0,0,0,1,1,0,8,15,3,silent_cif.y4m,493.98,494.078,0.191755,0.00542,0.0,115
1,0,1,0,0,1,1,0,0,1,0,1,4,15,3,silent_cif.y4m,45.48,45.446,0.17869,0.005526,0.0,188
1,0,1,0,0,1,1,0,0,0,0,1,8,0,6,silent_cif.y4m,45.4,45.388,0.098843,0.005526,0.0,212
1,0,1,1,0,0,1,0,0,0,0,1,1,15,3,silent_cif.y4m,472.09,472.074,0.136125,0.005489,0.0,195
1,0,1,0,1,0,0,0,0,0,1,1,2,15,0,silent_cif.y4m,16.31,16.33,0.057879,0.005436,0.0,119
1,0,1,1,0,0,0,0,0,1,0,1,4,15,0,silent_cif.y4m,498.41,498.45,0.259519,0.005424,0.0,58
1,0,1,0,1,0,1,0,0,1,0,1,4,0,6,silent_cif.y4m,17.87,17.866,0.023022,0.005515,0.0,277
1,0,1,0,1,0,1,0,0,0,1,1,4,5,6,silent_cif.y4m,18.14,18.124,0.059414,0.005515,0.0,64
1,1,1,0,1,0,1,1,0,1,0,0,2,0,0,silent_cif.y4m,22.57,22.578,0.039623,0.005935,0.0,285
1,1,1,0,1,0,1,1,0,1,0,0,4,0,0,silent_cif.y4m,22.58,22.566,0.065803,0.005935,0.0,290
1,0,1,1,0,0,0,0,0,1,0,1,8,5,6,silent_cif.y4m,498.47,498.436,0.110136,0.005424,0.0,196
1,1,1,1,0,0,1,0,1,1,1,1,1,0,0,silent_cif.y4m,477.39,477.386,0.18942,0.005645,0.0,93
1,0,1,1,0,0,1,0,0,0,1,1,4,5,6,silent_cif.y4m,471.96,472.002,0.275354,0.005489,0.0,299
1,0,1,1,0,0,0,0,0,1,0,0,2,5,0,silent_cif.y4m,494.18,494.164,0.139032,0.00542,0.0,125
1,1,1,0,1,0,0,1,0,1,0,1,2,15,6,silent_cif.y4m,24.43,24.428,0.05933,0.005385,0.0,21
1,0,1,0,1,0,0,0,0,1,0,1,2,0,0,silent_cif.y4m,16.39,16.364,0.059414,0.005436,0.0,225
1,0,1,0,1,0,0,0,0,1,0,0,2,5,0,soccer_cif.y4m,24.6,24.594,0.09685,0.005246,0.0,114
1,1,1,1,0,0,0,0,1,0,0,1,1,0,0,soccer_cif.y4m,487.24,487.172,0.388162,0.004695,0.0,281
1,1,1,1,0,0,0,1,0,1,1,0,2,5,0,soccer_cif.y4m,546.91,548.034,2.647202,0.004724,0.0,49
1,0,1,0,0,1,1,0,0,0,0,0,2,15,6,soccer_cif.y4m,57.23,57.196,0.114149,0.005399,0.0,194
1,0,1,1,0,0,0,0,0,0,0,0,2,0,6,soccer_cif.y4m,439.36,439.294,0.272176,0.005257,0.0,62
1,1,1,0,1,0,0,1,0,1,1,1,1,15,3,soccer_cif.y4m,44.61,44.582,0.106395,0.004728,0.0,91
1,0,1,0,0,1,1,0,0,0,0,0,4,0,6,soccer_cif.y4m,56.65,57.144,0.861383,0.005399,0.0,107
1,0,1,1,0,0,1,0,0,0,0,1,4,5,3,soccer_cif.y4m,492.68,492.412,1.809688,0.005327,0.0,181
1,0,1,0,1,0,1,0,0,0,0,0,4,5,0,soccer_cif.y4m,32.48,32.814,0.849135,0.00533,0.0,247
1,0,1,1,0,0,0,0,0,1,1,0,4,5,3,soccer_cif.y4m,409.93,412.092,4.958923,0.005257,0.0,166
1,0,1,0,0,1,0,0,0,0,1,1,4,0,0,soccer_cif.y4m,44.13,43.956,0.717656,0.005268,0.0,25
1,1,1,0,1,0,0,1,0,0,0,1,8,0,6,soccer_cif.y4m,40.04,40.144,0.268011,0.004742,0.0,203
1,1,1,1,0,0,1,1,0,1,1,1,4,5,6,soccer_cif.y4m,536.47,541.428,6.940902,0.005041,0.0,219
1,0,1,0,0,1,0,0,0,0,0,0,4,15,0,soccer_cif.y4m,44.01,43.846,0.311577,0.00529,0.0,162
1,0,1,1,0,0,1,0,0,0,1,0,4,15,6,soccer_cif.y4m,489.31,489.382,0.253515,0.005326,0.0,182
1,0,1,0,0,1,0,0,0,1,1,0,1,15,6,soccer_cif.y4m,43.39,43.426,0.150765,0.00529,0.0,10
1,1,1,1,0,0,1,1,0,1,1,1,2,15,0,soccer_cif.y4m,533.69,540.806,11.398773,0.00506,0.0,14
1,1,1,1,0,0,0,1,0,0,0,1,1,0,6,soccer_cif.y4m,507.72,507.734,0.123814,0.004735,0.0,89
1,1,1,1,0,0,0,1,0,1,1,1,1,5,0,soccer_cif.y4m,552.85,553.074,0.514471,0.004744,0.0,116
1,0,1,1,0,0,0,0,0,0,1,1,4,15,3,soccer_cif.y4m,439.56,439.62,0.198116,0.005277,0.0,217
1,1,1,0,1,0,0,1,0,0,1,0,1,0,0,soccer_cif.y4m,40.13,40.046,0.207918,0.004722,0.0,75
1,1,1,0,1,0,0,1,0,1,1,1,2,15,6,soccer_cif.y4m,42.2,42.48,0.597955,0.004727,0.0,266
1,0,1,1,0,0,1,0,0,0,1,1,4,15,3,soccer_cif.y4m,490.39,490.404,0.12502,0.005327,0.0,268
1,0,1,0,1,0,1,0,0,1,1,1,4,15,3,soccer_cif.y4m,34.74,34.75,0.143003,0.005335,0.0,187
1,0,1,0,0,1,1,0,0,0,1,0,8,15,3,soccer_cif.y4m,56.63,57.158,0.885082,0.005399,0.0,161
1,0,1,0,1,0,1,0,0,0,1,0,2,0,6,soccer_cif.y4m,32.54,32.534,0.177567,0.00533,0.0,23
1,1,1,1,0,0,0,1,0,1,1,0,2,5,6,soccer_cif.y4m,556.67,555.706,6.062213,0.004703,0.0,2
1,1,1,1,0,0,1,0,1,1,0,1,2,0,0,soccer_cif.y4m,508.28,508.238,0.164833,0.004799,0.0,16
1,0,1,1,0,0,0,0,0,1,1,1,8,15,0,soccer_cif.y4m,414.27,414.448,0.364376,0.005277,0.0,262
1,1,1,1,0,0,0,1,0,1,1,0,4,5,0,soccer_cif.y4m,546.94,548.682,2.495841,0.004724,0.0,66
1,0,1,1,0,0,0,0,0,1,0,0,2,0,0,soccer_cif.y4m,410.12,410.06,0.097724,0.005257,0.0,86
1,0,1,0,1,0,1,0,0,0,1,0,2,5,6,soccer_cif.y4m,32.35,32.404,0.097622,0.00533,0.0,231
1,0,1,0,1,0,0,0,0,0,0,0,4,5,0,soccer_cif.y4m,23.0,22.966,0.109453,0.005246,0.0,269
1,1,1,0,1,0,1,1,0,0,1,0,1,5,0,soccer_cif.y4m,37.11,37.476,0.675559,0.00506,0.0,180
1,0,1,0,0,1,0,0,0,0,1,0,4,5,6,soccer_cif.y4m,43.56,43.702,0.490734,0.00529,0.0,274
1,1,1,1,0,0,0,1,0,1,1,0,2,15,6,soccer_cif.y4m,554.44,554.422,0.569623,0.004706,0.0,184
1,0,1,0,0,1,1,0,0,0,0,1,4,5,0,soccer_cif.y4m,60.4,60.476,0.187163,0.005399,0.0,118
1,1,1,1,0,0,0,1,0,0,0,0,1,0,6,soccer_cif.y4m,508.71,519.128,14.463121,0.004716,0.0,254
1,0,1,1,0,0,1,0,0,0,1,1,4,5,0,soccer_cif.y4m,490.77,491.706,1.708253,0.005327,0.0,208
1,0,1,0,0,1,1,0,0,1,1,0,4,5,6,soccer_cif.y4m,56.61,56.626,0.223002,0.005399,0.0,279
1,1,1,1,0,0,0,1,0,0,1,1,4,15,3,soccer_cif.y4m,548.36,548.518,0.430314,0.004728,0.0,229
1,0,1,0,0,1,1,0,0,1,1,1,1,0,0,soccer_cif.y4m,56.94,56.978,0.38134,0.005399,0.0,46
1,0,1,0,0,1,0,0,0,1,1,1,4,5,6,soccer_cif.y4m,43.78,43.674,0.213143,0.005268,0.0,171
1,1,1,1,0,0,0,1,0,0,1,0,2,5,0,soccer_cif.y4m,589.43,588.174,2.310548,0.004724,0.0,99
1,0,1,0,0,1,0,0,0,0,0,0,8,0,0,soccer_cif.y4m,43.84,43.9,0.305532,0.00529,0.0,81
1,1,1,1,0,0,1,1,0,1,0,1,8,5,0,soccer_cif.y4m,529.72,529.726,0.174299,0.005066,0.0,155
1,0,1,0,1,0,0,0,0,1,0,1,1,15,6,soccer_cif.y4m,23.15,23.154,0.065038,0.005239,0.0,96
1,1,1,1,0,0,0,1,0,1,1,1,8,0,0,soccer_cif.y4m,507.39,507.484,0.183929,0.004735,0.0,218
1,1,1,1,0,0,1,1,0,1,1,0,8,0,6,soccer_cif.y4m,497.77,498.788,1.98481,0.005057,0.0,53
1,1,1,0,1,0,1,0,1,0,0,0,2,0,0,soccer_cif.y4m,31.5,31.464,0.22634,0.004802,0.0,109
1,0,1,0,1,0,0,0,0,0,1,0,4,5,6,soccer_cif.y4m,22.98,23.104,0.318873,0.005246,0.0,185
1,1,1,1,0,0,0,1,0,0,1,1,2,0,0,soccer_cif.y4m,508.5,508.738,0.805711,0.004735,0.0,239
1,0,1,1,0,0,0,0,0,0,0,1,2,0,0,soccer_cif.y4m,439.65,439.58,0.181934,0.005277,0.0,276
1,0,1,1,0,0,1,0,0,0,0,1,4,0,6,soccer_cif.y4m,490.46,490.79,1.127719,0.005327,0.0,257
1,0,1,0,0,1,0,0,0,1,1,0,1,5,0,soccer_cif.y4m,44.15,43.982,0.39965,0.00529,0.0,42
1,1,1,0,1,0,1,1,0,0,0,0,2,15,3,soccer_cif.y4m,38.27,38.246,0.289361,0.005037,0.0,204
1,0,1,1,0,0,1,0,0,1,0,1,2,15,6,soccer_cif.y4m,490.41,491.964,3.03468,0.005327,0.0,145
1,0,1,0,1,0,0,0,0,0,0,0,2,0,3,soccer_cif.y4m,22.97,22.95,0.05099,0.005246,0.0,246
1,1,1,1,0,0,0,1,0,0,1,1,8,0,0,soccer_cif.y4m,507.58,510.546,4.250615,0.004735,0.0,202
1,1,1,0,1,0,0,1,0,1,0,0,2,5,3,soccer_cif.y4m,41.51,41.484,0.094763,0.004713,0.0,70
1,0,1,0,1,0,0,0,0,0,1,0,1,5,3,soccer_cif.y4m,23.2,23.234,0.13704,0.005246,0.0,230
1,0,1,0,1,0,1,0,0,0,0,0,4,15,6,soccer_cif.y4m,32.86,32.776,0.305172,0.00533,0.0,267
1,1,1,1,0,0,1,1,0,0,0,1,8,5,3,soccer_cif.y4m,533.27,533.294,0.168908,0.005043,0.0,146
1,0,1,0,1,0,1,0,0,0,0,1,2,15,0,soccer_cif.y4m,32.47,32.798,0.548881,0.005335,0.0,27
1,0,1,0,1,0,1,0,0,0,1,1,8,0,3,soccer_cif.y4m,32.46,32.634,0.470882,0.005335,0.0,137
1,1,1,1,0,0,0,1,0,0,1,1,2,15,0,soccer_cif.y4m,551.98,551.988,0.118195,0.004713,0.0,189
1,1,1,0,1,0,1,1,0,1,0,0,4,15,0,soccer_cif.y4m,37.16,37.226,0.095026,0.005064,0.0,132
1,1,1,1,0,0,0,0,1,1,0,1,8,0,0,soccer_cif.y4m,490.25,489.524,1.378017,0.004695,0.0,169
1,0,1,0,0,1,0,0,0,0,0,0,1,5,6,soccer_cif.y4m,43.37,43.406,0.168612,0.00529,0.0,33
1,0,1,1,0,0,0,0,0,0,1,1,8,15,0,soccer_cif.y4m,410.24,410.288,0.119875,0.005277,0.0,205
1,0,1,1,0,0,0,0,0,1,0,1,2,0,0,soccer_cif.y4m,439.51,439.466,0.081425,0.005277,0.0,245
1,1,1,0,1,0,1,1,0,0,1,1,1,15,0,soccer_cif.y4m,37.78,37.808,0.064576,0.005093,0.0,298
1,0,1,1,0,0,1,0,0,1,1,0,2,5,6,soccer_cif.y4m,489.43,489.62,0.368307,0.005326,0.0,163
1,1,1,1,0,0,0,1,0,0,0,0,1,5,0,soccer_cif.y4m,547.2,547.566,0.78688,0.004724,0.0,123
1,0,1,0,0,1,1,0,0,1,0,0,4,15,0,soccer_cif.y4m,57.32,56.946,0.674707,0.005399,0.0,4
1,0,1,0,0,1,1,0,0,1,1,0,8,5,6,soccer_cif.y4m,56.75,57.218,0.990818,0.005399,0.0,141
1,1,1,0,1,0,0,1,0,1,0,0,8,5,6,soccer_cif.y4m,41.45,41.49,0.121037,0.004712,0.0,129
1,1,1,0,1,0,1,1,0,1,1,0,4,5,3,soccer_cif.y4m,37.28,37.46,0.512104,0.005052,0.0,159
1,0,1,0,0,1,1,0,0,1,0,0,1,0,0,soccer_cif.y4m,56.55,57.182,1.011716,0.005399,0.0,22
1,0,1,0,0,1,0,0,0,1,0,1,2,0,6,soccer_cif.y4m,43.59,43.66,0.259037,0.005268,0.0,175
1,1,1,1,0,0,0,1,0,1,1,1,8,5,6,soccer_cif.y4m,590.34,590.466,0.482162,0.004718,0.0,151
1,1,1,0,1,0,0,1,0,0,1,0,2,5,0,soccer_cif.y4m,41.36,41.372,0.080436,0.004723,0.0,52
1,0,1,0,0,1,0,0,0,0,0,1,4,0,3,soccer_cif.y4m,46.52,46.566,0.227112,0.005268,0.0,108
1,0,1,0,1,0,1,0,0,0,0,1,8,15,0,soccer_cif.y4m,32.5,32.594,0.336719,0.005335,0.0,72
1,0,1,1,0,0,1,0,0,1,1,0,8,0,6,soccer_cif.y4m,490.39,490.466,1.163671,0.005326,0.0,248
1,1,1,1,0,0,1,1,0,1,1,0,8,5,6,soccer_cif.y4m,579.67,581.146,2.137623,0.005053,0.0,174
1,0,1,1,0,0,1,0,0,1,1,1,8,0,3,soccer_cif.y4m,490.63,492.762,3.174834,0.005327,0.0,130
1,1,1,0,1,0,1,1,0,1,1,1,8,15,0,soccer_cif.y4m,37.6,37.58,0.255636,0.005093,0.0,168
1,0,1,0,0,1,1,0,0,1,0,1,8,0,6,soccer_cif.y4m,57.3,57.388,0.687764,0.005399,0.0,198
1,0,1,0,0,1,1,0,0,1,1,0,1,0,3,soccer_cif.y4m,57.11,57.604,1.778899,0.005399,0.0,83
1,1,1,1,0,0,1,1,0,0,1,0,1,0,3,soccer_cif.y4m,497.96,508.526,14.68834,0.005057,0.0,291
1,0,1,0,1,0,0,0,0,1,1,0,1,0,6,soccer_cif.y4m,23.02,23.158,0.23253,0.005246,0.0,237
1,0,1,0,0,1,0,0,0,1,1,1,2,15,3,soccer_cif.y4m,46.39,46.562,0.475521,0.005268,0.0,90
1,1,1,1,0,0,1,1,0,0,0,1,1,15,0,soccer_cif.y4m,532.68,535.542,6.416971,0.00506,0.0,87
1,0,1,1,0,0,1,0,0,1,0,0,1,5,0,soccer_cif.y4m,491.76,491.732,0.68273,0.005326,0.0,74
1,0,1,0,0,1,0,0,0,1,0,0,2,0,3,soccer_cif.y4m,46.51,45.372,1.744024,0.00529,0.0,201
1,0,1,0,1,0,0,0,0,1,0,1,1,0,0,soccer_cif.y4m,23.63,23.692,0.695356,0.005239,0.0,183
1,0,1,1,0,0,0,0,0,0,0,0,4,0,6,soccer_cif.y4m,414.05,414.102,0.17427,0.005257,0.0,227
1,1,1,0,1,0,1,1,0,0,0,0,1,15,6,soccer_cif.y4m,38.35,38.364,0.104067,0.005025,0.0,222
1,0,1,0,0,1,0,0,0,0,1,0,8,0,6,soccer_cif.y4m,46.73,46.786,0.272727,0.00529,0.0,55
1,0,1,1,0,0,0,0,0,0,1,1,2,5,0,soccer_cif.y4m,411.62,411.652,1.541937,0.005277,0.0,142
1,0,1,1,0,0,1,0,0,1,0,1,1,5,6,soccer_cif.y4m,491.27,493.722,5.888418,0.005327,0.0,124
1,0,1,1,0,0,1,0,0,0,0,0,8,0,0,soccer_cif.y4m,517.81,506.652,15.829164,0.005326,0.0,95
1,0,1,1,0,0,1,0,0,1,0,0,2,15,0,soccer_cif.y4m,489.37,489.472,0.268924,0.005326,0.0,241
1,0,1,0,1,0,0,0,0,0,1,1,1,5,3,soccer_cif.y4m,23.62,23.356,0.384617,0.005239,0.0,289
1,0,1,1,0,0,1,0,0,1,1,0,1,5,0,soccer_cif.y4m,493.4,491.878,2.246724,0.005326,0.0,278
1,1,1,0,1,0,0,1,0,1,1,0,1,0,6,soccer_cif.y4m,40.03,40.002,0.103537,0.004722,0.0,176
1,0,1,0,0,1,1,0,0,0,1,0,8,5,0,soccer_cif.y4m,56.46,57.576,1.764619,0.005399,0.0,122
1,0,1,0,0,1,0,0,0,0,1,0,4,0,6,soccer_cif.y4m,44.11,44.068,0.123369,0.00529,0.0,30
1,1,1,0,1,0,0,1,0,0,0,0,2,0,6,soccer_cif.y4m,40.53,40.53,0.04062,0.004722,0.0,251
1,0,1,1,0,0,0,0,0,0,0,1,1,0,0,soccer_cif.y4m,439.7,439.68,0.178885,0.005277,0.0,120
1,0,1,1,0,0,0,0,0,0,0,1,2,15,6,soccer_cif.y4m,410.37,410.472,0.303018,0.005277,0.0,144
1,0,1,0,1,0,1,0,0,0,0,0,1,0,3,soccer_cif.y4m,32.35,32.422,0.127358,0.00533,0.0,265
1,1,1,0,1,0,0,1,0,0,1,0,2,0,6,soccer_cif.y4m,40.5,40.542,0.077266,0.004722,0.0,260
1,1,1,0,1,0,0,1,0,0,0,1,1,0,3,soccer_cif.y4m,39.88,40.31,0.641405,0.004742,0.0,78
1,0,1,0,1,0,0,0,0,0,1,1,8,15,3,soccer_cif.y4m,23.03,23.266,0.440602,0.005239,0.0,84
1,0,1,1,0,0,1,0,0,1,0,0,4,15,3,soccer_cif.y4m,489.52,495.828,9.896756,0.005326,0.0,296
1,0,1,0,0,1,0,0,0,0,0,1,2,5,6,soccer_cif.y4m,43.35,43.364,0.143979,0.005268,0.0,232
1,0,1,0,0,1,1,0,0,0,1,0,4,15,6,soccer_cif.y4m,60.44,60.708,0.675626,0.005399,0.0,213
1,1,1,0,1,0,0,1,0,0,1,1,8,15,3,soccer_cif.y4m,45.5,45.068,0.642238,0.004728,0.0,94
1,0,1,0,1,0,0,0,0,0,1,1,1,5,0,soccer_cif.y4m,23.02,23.136,0.219613,0.005239,0.0,178
1,0,1,1,0,0,1,0,0,1,0,0,4,0,0,soccer_cif.y4m,489.48,489.528,0.247931,0.005326,0.0,127
1,1,1,0,1,0,1,1,0,0,1,0,8,5,6,soccer_cif.y4m,38.12,38.09,0.103199,0.005057,0.0,111
1,0,1,0,1,0,0,0,0,0,0,1,1,0,6,soccer_cif.y4m,23.04,23.024,0.061887,0.005239,0.0,92
1,1,1,1,0,0,0,1,0,0,1,0,8,15,6,soccer_cif.y4m,553.66,553.734,0.189288,0.004706,0.0,54
1,0,1,0,0,1,0,0,0,0,0,1,2,15,0,soccer_cif.y4m,44.61,44.448,0.583584,0.005268,0.0,45
1,0,1,1,0,0,0,0,0,1,0,0,4,0,6,soccer_cif.y4m,410.08,410.824,1.693511,0.005257,0.0,226
1,1,1,1,0,0,1,1,0,1,0,0,8,5,0,soccer_cif.y4m,527.77,528.28,1.406698,0.005043,0.0,200
1,0,1,0,0,1,1,0,0,1,0,1,8,5,6,soccer_cif.y4m,60.55,60.538,0.072595,0.005399,0.0,59
1,1,1,0,1,0,1,0,1,0,0,1,2,0,0,soccer_cif.y4m,31.34,31.36,0.094074,0.004818,0.0,19
1,1,1,1,0,0,0,1,0,1,0,0,2,15,0,soccer_cif.y4m,546.99,559.616,17.310088,0.004706,0.0,47
1,1,1,0,1,0,1,1,0,0,0,1,4,5,6,soccer_cif.y4m,37.46,37.602,0.210404,0.005064,0.0,32
1,1,1,0,1,0,0,1,0,1,0,0,1,5,6,soccer_cif.y4m,41.93,42.054,0.237234,0.004712,0.0,170
1,0,1,0,0,1,0,0,0,1,1,0,1,15,0,soccer_cif.y4m,43.53,43.828,0.510167,0.00529,0.0,270
1,0,1,1,0,0,1,0,0,1,0,1,4,15,6,soccer_cif.y4m,500.93,497.836,5.160822,0.005327,0.0,207
1,1,1,0,1,0,0,1,0,1,1,1,1,5,6,soccer_cif.y4m,41.9,41.954,0.166673,0.004735,0.0,43
1,0,1,0,1,0,1,0,0,0,1,1,1,0,3,soccer_cif.y4m,32.43,32.634,0.360874,0.005335,0.0,40
1,1,1,0,1,0,0,1,0,0,1,1,1,5,3,soccer_cif.y4m,44.42,44.444,0.106911,0.004734,0.0,117
1,0,1,0,0,1,0,0,0,0,1,0,8,15,6,soccer_cif.y4m,43.52,43.82,0.598957,0.00529,0.0,253
1,0,1,1,0,0,0,0,0,1,0,0,1,15,3,soccer_cif.y4m,409.78,409.814,0.124619,0.005257,0.0,68
1,1,1,1,0,0,0,1,0,1,1,1,1,15,6,soccer_cif.y4m,563.48,561.74,10.626413,0.004704,0.0,186
1,1,1,0,1,0,1,1,0,0,0,1,8,15,3,soccer_cif.y4m,38.16,38.162,0.117132,0.005065,0.0,288
1,1,1,0,1,0,0,1,0,0,0,0,2,0,0,soccer_cif.y4m,40.07,40.034,0.126214,0.004722,0.0,15
1,0,1,1,0,0,0,0,0,0,1,1,2,15,3,soccer_cif.y4m,410.31,414.298,9.153607,0.005277,0.0,82
1,1,1,1,0,0,0,1,0,0,0,0,4,15,6,soccer_cif.y4m,553.71,553.702,0.129499,0.004706,0.0,211
1,0,1,0,1,0,1,0,0,1,1,1,8,15,6,soccer_cif.y4m,32.89,32.964,0.677038,0.005335,0.0,177
1,1,1,0,1,0,0,1,0,1,1,1,2,5,3,soccer_cif.y4m,41.5,41.87,0.86741,0.004734,0.0,210
1,0,1,1,0,0,0,0,0,1,1,1,2,0,3,soccer_cif.y4m,410.37,415.24,6.883967,0.005277,0.0,13
1,0,1,0,1,0,1,0,0,0,0,1,2,15,3,soccer_cif.y4m,32.48,32.46,0.088034,0.005335,0.0,228
1,0,1,0,1,0,1,0,0,1,1,0,4,5,3,soccer_cif.y4m,32.71,32.974,1.005649,0.00533,0.0,38
1,1,1,1,0,0,0,1,0,0,0,1,4,15,6,soccer_cif.y4m,556.27,558.52,6.196858,0.004704,0.0,29
1,1,1,1,0,0,1,0,1,1,0,0,8,0,0,soccer_cif.y4m,474.52,474.564,0.092087,0.004795,0.0,24
1,1,1,1,0,0,0,1,0,0,0,0,8,5,6,soccer_cif.y4m,564.05,560.036,6.609042,0.004703,0.0,293
1,1,1,1,0,0,0,1,0,0,1,0,2,5,6,soccer_cif.y4m,555.5,555.526,0.205012,0.004703,0.0,67
1,1,1,0,1,0,0,1,0,1,0,1,2,5,0,soccer_cif.y4m,41.3,41.296,0.068044,0.004737,0.0,199
1,0,1,0,0,1,1,0,0,1,1,0,8,15,3,soccer_cif.y4m,57.08,57.006,0.429919,0.005399,0.0,244
1,0,1,0,0,1,1,0,0,0,0,0,8,15,0,soccer_cif.y4m,56.38,56.452,0.258012,0.005399,0.0,80
1,1,1,1,0,0,1,1,0,1,1,1,2,0,3,soccer_cif.y4m,508.03,503.3,7.365633,0.005064,0.0,223
1,1,1,0,1,0,1,1,0,0,1,0,8,5,0,soccer_cif.y4m,37.64,37.8,0.842259,0.00506,0.0,121
1,0,1,1,0,0,1,0,0,0,0,0,8,5,3,soccer_cif.y4m,495.03,495.83,6.770942,0.005326,0.0,261
1,0,1,1,0,0,1,0,0,1,1,0,1,5,6,soccer_cif.y4m,489.54,489.642,0.235945,0.005326,0.0,156
1,1,1,1,0,0,0,1,0,0,1,0,4,15,3,soccer_cif.y4m,549.83,549.892,0.187003,0.004707,0.0,271
1,1,1,1,0,0,1,1,0,1,0,0,2,15,3,soccer_cif.y4m,573.85,574.134,0.610926,0.005021,0.0,9
1,1,1,1,0,0,1,1,0,1,0,1,1,0,0,soccer_cif.y4m,495.29,496.674,2.098852,0.005064,0.0,165
1,0,1,0,0,1,1,0,0,1,0,0,1,15,6,soccer_cif.y4m,57.13,56.968,0.356329,0.005399,0.0,126
1,0,1,1,0,0,1,0,0,1,1,1,8,5,0,soccer_cif.y4m,490.68,490.822,0.551879,0.005327,0.0,280
1,0,1,1,0,0,0,0,0,1,1,0,2,5,3,soccer_cif.y4m,410.88,412.926,3.620329,0.005257,0.0,172
1,0,1,0,1,0,1,0,0,0,0,0,1,15,6,soccer_cif.y4m,32.84,32.854,0.082341,0.00533,0.0,292
1,0,1,0,0,1,0,0,0,1,0,1,1,0,3,soccer_cif.y4m,43.92,43.816,0.305254,0.005268,0.0,179
1,0,1,0,0,1,1,0,0,1,0,1,2,0,3,soccer_cif.y4m,56.72,56.954,0.541969,0.005399,0.0,272
1,0,1,0,0,1,1,0,0,0,1,0,4,5,0,soccer_cif.y4m,57.65,57.688,0.800169,0.005399,0.0,105
1,0,1,0,1,0,0,0,0,0,0,0,1,0,3,soccer_cif.y4m,24.18,23.736,0.719326,0.005246,0.0,76
1,0,1,1,0,0,1,0,0,0,1,0,4,15,3,soccer_cif.y4m,494.64,494.596,0.207678,0.005326,0.0,197
1,1,1,1,0,0,1,1,0,0,1,0,1,15,0,soccer_cif.y4m,534.74,534.674,0.202929,0.00503,0.0,221
1,1,1,1,0,0,1,1,0,0,1,0,8,15,6,soccer_cif.y4m,543.42,543.524,0.562965,0.005014,0.0,167
1,1,1,0,1,0,0,1,0,1,0,1,4,15,6,soccer_cif.y4m,42.17,42.184,0.068775,0.004727,0.0,136
1,1,1,1,0,0,0,1,0,1,0,1,8,15,6,soccer_cif.y4m,552.17,555.894,6.82278,0.004704,0.0,243
1,0,1,0,1,0,0,0,0,1,0,1,8,15,6,soccer_cif.y4m,23.0,22.994,0.066182,0.005239,0.0,60
1,0,1,1,0,0,0,0,0,1,0,1,2,0,6,soccer_cif.y4m,410.38,414.066,5.236719,0.005277,0.0,110
1,1,1,1,0,0,1,1,0,1,0,0,1,15,6,soccer_cif.y4m,543.53,544.036,1.544791,0.005014,0.0,35
1,0,1,1,0,0,1,0,0,0,1,1,2,5,6,soccer_cif.y4m,490.47,490.366,0.253831,0.005327,0.0,235
1,0,1,1,0,0,0,0,0,1,0,0,1,0,3,soccer_cif.y4m,409.86,409.88,0.116833,0.005257,0.0,44
1,1,1,0,1,0,1,1,0,0,1,0,4,15,3,soccer_cif.y4m,38.25,37.854,0.631055,0.005037,0.0,256
1,0,1,0,0,1,0,0,0,0,1,1,8,0,0,soccer_cif.y4m,43.29,43.348,0.166643,0.005268,0.0,192
1,0,1,0,1,0,0,0,0,0,1,1,2,0,0,soccer_cif.y4m,23.0,23.356,0.830199,0.005239,0.0,41
1,0,1,1,0,0,0,0,0,0,1,0,4,5,0,soccer_cif.y4m,409.89,409.928,0.071903,0.005257,0.0,37
1,0,1,0,0,1,0,0,0,0,0,0,4,5,0,soccer_cif.y4m,43.55,43.714,0.493386,0.00529,0.0,26
1,1,1,1,0,0,0,1,0,0,0,0,1,0,3,soccer_cif.y4m,508.72,509.416,1.027049,0.004716,0.0,273
1,1,1,1,0,0,1,1,0,0,0,1,1,5,6,soccer_cif.y4m,536.32,536.478,0.46013,0.005041,0.0,233
1,1,1,0,1,0,1,1,0,0,1,1,8,0,0,soccer_cif.y4m,36.55,36.776,0.393802,0.005078,0.0,101
1,0,1,1,0,0,0,0,0,0,0,1,2,5,3,soccer_cif.y4m,414.3,414.38,0.220681,0.005277,0.0,39
1,1,1,0,1,0,0,1,0,0,0,1,1,15,0,soccer_cif.y4m,44.28,44.346,0.153232,0.004736,0.0,106
1,1,1,0,1,0,0,0,1,1,0,0,1,0,0,soccer_cif.y4m,34.32,34.444,0.363497,0.004694,0.0,242
1,1,1,1,0,0,1,1,0,0,1,0,2,15,0,soccer_cif.y4m,548.72,545.796,6.38594,0.00503,0.0,193
1,0,1,0,1,0,1,0,0,0,1,0,1,15,6,soccer_cif.y4m,32.33,32.554,0.457471,0.00533,0.0,103
1,1,1,0,1,0,0,1,0,1,1,1,8,5,6,soccer_cif.y4m,41.75,41.802,0.135536,0.004735,0.0,1
1,0,1,1,0,0,0,0,0,1,1,1,1,0,0,soccer_cif.y4m,410.26,410.214,0.110815,0.005277,0.0,61
1,1,1,1,0,0,0,0,1,0,0,0,2,0,0,soccer_cif.y4m,521.03,521.524,1.548929,0.004693,0.0,56
1,1,1,0,1,0,0,1,0,0,1,0,8,15,3,soccer_cif.y4m,44.57,44.612,0.10616,0.004713,0.0,148
1,0,1,0,1,0,0,0,0,1,0,1,2,5,0,soccer_cif.y4m,23.03,23.292,0.41913,0.005239,0.0,112
1,0,1,0,1,0,1,0,0,0,1,0,8,15,3,soccer_cif.y4m,32.42,32.4,0.11068,0.00533,0.0,300
1,0,1,0,1,0,0,0,0,1,1,0,4,15,0,soccer_cif.y4m,23.0,22.988,0.057619,0.005246,0.0,249
1,0,1,0,1,0,0,0,0,0,0,1,2,0,0,soccer_cif.y4m,23.04,23.002,0.081056,0.005239,0.0,20
1,1,1,1,0,0,1,1,0,1,0,1,1,5,0,soccer_cif.y4m,529.53,529.498,0.297775,0.005066,0.0,104
1,1,1,1,0,0,0,1,0,1,1,1,8,15,6,soccer_cif.y4m,553.08,553.246,1.678565,0.004704,0.0,131
1,0,1,1,0,0,0,0,0,0,0,0,2,0,3,soccer_cif.y4m,410.17,410.368,0.455818,0.005257,0.0,69
1,0,1,0,1,0,1,0,0,0,0,0,2,0,3,soccer_cif.y4m,32.41,32.416,0.127004,0.00533,0.0,220
1,1,1,1,0,0,1,1,0,1,1,1,8,15,6,soccer_cif.y4m,544.9,544.89,0.163554,0.005034,0.0,11
1,1,1,1,0,0,1,1,0,1,0,0,4,15,6,soccer_cif.y4m,555.91,555.902,9.1964,0.005014,0.0,258
1,0,1,0,1,0,1,0,0,0,0,0,2,15,3,soccer_cif.y4m,32.92,32.864,0.117175,0.00533,0.0,65
1,0,1,0,0,1,1,0,0,0,0,0,2,15,0,soccer_cif.y4m,56.53,56.546,0.135204,0.005399,0.0,160
1,0,1,0,0,1,1,0,0,0,0,0,8,0,0,soccer_cif.y4m,57.64,57.598,0.284377,0.005399,0.0,238
1,1,1,1,0,0,0,1,0,0,0,0,4,0,0,soccer_cif.y4m,508.53,508.47,0.247386,0.004716,0.0,57
1,1,1,0,1,0,0,1,0,1,0,1,2,0,0,soccer_cif.y4m,39.88,39.884,0.167422,0.004742,0.0,79
1,0,1,0,1,0,1,0,0,0,1,0,4,15,3,soccer_cif.y4m,32.85,32.858,0.056303,0.00533,0.0,224
1,1,1,0,1,0,0,1,0,1,0,0,2,0,3,soccer_cif.y4m,40.75,40.816,0.789259,0.004722,0.0,48
1,0,1,0,1,0,1,0,0,0,0,1,8,0,6,soccer_cif.y4m,32.51,32.506,0.107842,0.005335,0.0,173
1,1,1,1,0,0,1,1,0,0,1,1,1,0,0,soccer_cif.y4m,531.01,531.056,0.171843,0.005064,0.0,283
1,0,1,0,1,0,0,0,0,0,0,0,1,0,6,soccer_cif.y4m,24.62,24.592,0.082885,0.005246,0.0,190
1,0,1,0,1,0,1,0,0,1,1,1,4,0,6,soccer_cif.y4m,32.4,32.768,0.542973,0.005335,0.0,259
1,0,1,1,0,0,0,0,0,0,0,1,1,15,3,soccer_cif.y4m,412.79,412.304,1.3077,0.005277,0.0,7
1,0,1,0,0,1,0,0,0,0,0,1,2,5,0,soccer_cif.y4m,43.43,43.432,0.158493,0.005268,0.0,73
1,1,1,1,0,0,1,1,0,0,0,0,2,0,6,soccer_cif.y4m,505.06,502.884,4.01006,0.005057,0.0,63
1,0,1,0,0,1,1,0,0,1,1,0,2,15,3,soccer_cif.y4m,57.41,57.394,0.090719,0.005399,0.0,284
1,0,1,1,0,0,1,0,0,1,0,1,8,15,6,soccer_cif.y4m,525.45,525.422,0.052631,0.005327,0.0,250
1,1,1,0,1,0,0,1,0,0,0,0,2,5,0,soccer_cif.y4m,44.23,44.446,0.438326,0.004723,0.0,209
1,0,1,0,1,0,1,0,0,0,0,1,4,5,3,soccer_cif.y4m,32.44,32.702,0.371712,0.005335,0.0,138
1,1,1,1,0,0,0,0,1,1,1,0,1,0,0,soccer_cif.y4m,485.35,489.652,6.085751,0.004693,0.0,135
1,1,1,1,0,0,1,1,0,1,1,0,4,5,3,soccer_cif.y4m,538.66,538.56,4.596613,0.00504,0.0,264
1,1,1,1,0,0,0,1,0,1,1,0,2,0,6,soccer_cif.y4m,508.81,509.202,0.969985,0.004716,0.0,215
1,0,1,0,0,1,0,0,0,0,1,1,4,5,3,soccer_cif.y4m,44.13,44.054,0.284746,0.005268,0.0,50
1,0,1,1,0,0,0,0,0,1,1,0,4,0,6,soccer_cif.y4m,410.59,410.494,0.438896,0.005257,0.0,98
1,1,1,1,0,0,0,1,0,1,1,0,1,15,0,soccer_cif.y4m,586.2,587.52,2.088205,0.004706,0.0,140
1,1,1,1,0,0,0,1,0,0,1,1,1,0,3,soccer_cif.y4m,507.64,509.418,2.550063,0.004735,0.0,113
1,0,1,0,1,0,1,0,0,1,1,0,1,0,6,soccer_cif.y4m,32.44,32.356,0.138852,0.00533,0.0,3
1,0,1,0,0,1,0,0,0,1,1,1,8,0,0,soccer_cif.y4m,43.89,43.92,0.133229,0.005268,0.0,149
1,0,1,1,0,0,0,0,0,0,1,1,8,5,6,soccer_cif.y4m,410.4,412.938,5.136061,0.005277,0.0,153
1,1,1,1,0,0,1,1,0,1,1,0,2,15,6,soccer_cif.y4m,544.47,555.124,15.88596,0.005014,0.0,133
1,0,1,1,0,0,0,0,0,0,0,0,1,0,3,soccer_cif.y4m,439.69,439.648,0.16053,0.005257,0.0,191
1,1,1,0,1,0,0,1,0,1,0,1,1,0,6,soccer_cif.y4m,42.83,42.8,0.106066,0.004742,0.0,100
1,0,1,1,0,0,1,0,0,0,1,0,4,0,3,soccer_cif.y4m,490.4,490.616,1.045648,0.005326,0.0,85
1,0,1,0,0,1,1,0,0,0,0,0,2,0,3,soccer_cif.y4m,56.81,56.782,0.351241,0.005399,0.0,88
1,0,1,0,1,0,1,0,0,1,1,0,4,15,6,soccer_cif.y4m,32.51,32.644,0.483818,0.00533,0.0,31
1,0,1,0,0,1,1,0,0,0,0,0,4,5,3,soccer_cif.y4m,56.37,56.372,0.086429,0.005399,0.0,134
1,1,1,0,1,0,1,1,0,1,1,1,8,0,3,soccer_cif.y4m,37.02,36.992,0.079498,0.005078,0.0,147
1,1,1,1,0,0,0,1,0,0,1,1,4,15,6,soccer_cif.y4m,551.97,552.058,0.235627,0.004704,0.0,275
1,0,1,0,0,1,1,0,0,0,1,0,4,15,3,soccer_cif.y4m,56.51,56.504,0.095289,0.005399,0.0,143
1,1,1,0,1,0,1,1,0,1,0,0,1,5,6,soccer_cif.y4m,37.68,37.682,0.043243,0.005057,0.0,8
1,1,1,1,0,0,1,1,0,0,1,1,4,5,3,soccer_cif.y4m,571.33,571.31,0.112027,0.005043,0.0,216
1,0,1,1,0,0,1,0,0,1,0,0,1,0,3,soccer_cif.y4m,494.14,496.674,7.431348,0.005326,0.0,214
1,0,1,0,0,1,0,0,0,0,0,0,1,5,0,soccer_cif.y4m,43.46,43.476,0.155016,0.00529,0.0,17
1,0,1,0,0,1,1,0,0,0,0,0,1,5,0,soccer_cif.y4m,57.28,57.188,0.598431,0.005399,0.0,206
1,0,1,0,1,0,0,0,0,1,1,1,8,15,0,soccer_cif.y4m,23.3,23.324,0.070922,0.005239,0.0,36
1,1,1,0,1,0,1,1,0,0,0,0,4,15,3,soccer_cif.y4m,37.17,37.212,0.106864,0.005037,0.0,6
1,0,1,1,0,0,1,0,0,0,0,1,1,0,6,soccer_cif.y4m,490.28,490.336,0.207557,0.005327,0.0,5
1,0,1,1,0,0,1,0,0,0,0,0,8,15,6,soccer_cif.y4m,490.36,500.274,14.292231,0.005326,0.0,164
1,0,1,0,0,1,0,0,0,1,0,0,8,0,6,soccer_cif.y4m,46.55,46.524,0.083845,0.00529,0.0,97
1,0,1,1,0,0,0,0,0,0,1,0,2,5,3,soccer_cif.y4m,419.32,416.394,4.718488,0.005257,0.0,236
1,1,1,0,1,0,1,1,0,0,0,0,8,5,0,soccer_cif.y4m,37.05,37.052,0.046043,0.00506,0.0,71
1,1,1,0,1,0,1,1,0,1,0,1,2,0,3,soccer_cif.y4m,37.12,37.082,0.063403,0.005078,0.0,295
1,0,1,1,0,0,1,0,0,1,1,0,8,5,3,soccer_cif.y4m,489.38,489.472,0.330636,0.005326,0.0,286
1,0,1,0,1,0,0,0,0,0,0,1,1,5,0,soccer_cif.y4m,23.03,23.302,0.428042,0.005239,0.0,34
1,0,1,0,1,0,1,0,0,1,1,1,1,5,3,soccer_cif.y4m,34.8,34.792,0.0614,0.005335,0.0,240
1,0,1,0,0,1,1,0,0,0,0,1,4,15,3,soccer_cif.y4m,56.55,56.84,0.768049,0.005399,0.0,18
1,0,1,0,1,0,0,0,0,0,1,0,8,0,6,soccer_cif.y4m,23.1,23.244,0.328527,0.005246,0.0,102
1,1,1,1,0,0,1,0,1,0,1,0,4,0,0,soccer_cif.y4m,474.84,477.818,5.552506,0.004795,0.0,51
1,1,1,1,0,0,1,1,0,0,0,1,4,15,6,soccer_cif.y4m,545.27,545.46,0.631744,0.005034,0.0,282
1,0,1,0,1,0,1,0,0,1,1,1,1,0,3,soccer_cif.y4m,32.36,32.394,0.104785,0.005335,0.0,77
1,0,1,1,0,0,1,0,0,0,1,0,2,0,3,soccer_cif.y4m,489.39,489.446,0.165015,0.005326,0.0,128
1,1,1,0,1,0,1,1,0,0,0,0,2,5,3,soccer_cif.y4m,37.25,37.524,0.580241,0.005052,0.0,234
1,0,1,1,0,0,0,0,0,0,1,1,1,0,0,soccer_cif.y4m,410.24,410.25,0.194936,0.005277,0.0,252
1,0,1,1,0,0,1,0,0,0,0,1,4,0,3,soccer_cif.y4m,493.61,492.668,1.876931,0.005327,0.0,28
1,0,1,0,0,1,1,0,0,1,1,1,8,15,3,soccer_cif.y4m,56.4,56.428,0.097314,0.005399,0.0,139
1,0,1,0,0,1,0,0,0,0,0,1,1,5,0,soccer_cif.y4m,43.41,43.418,0.067602,0.005268,0.0,158
1,1,1,0,1,0,1,1,0,1,0,1,8,5,3,soccer_cif.y4m,37.86,37.832,0.08167,0.005063,0.0,152
1,0,1,1,0,0,1,0,0,1,0,0,2,0,6,soccer_cif.y4m,489.52,489.554,0.353242,0.005326,0.0,12
1,1,1,0,1,0,0,1,0,0,0,1,4,15,3,soccer_cif.y4m,43.74,43.418,0.750013,0.004728,0.0,294
1,1,1,0,1,0,0,1,0,0,0,1,8,15,3,soccer_cif.y4m,42.08,42.084,0.109909,0.004728,0.0,154
1,1,1,1,0,0,0,1,0,1,0,0,2,15,6,soccer_cif.y4m,558.85,558.832,0.101094,0.004706,0.0,157
1,0,1,1,0,0,1,0,0,1,1,1,2,0,3,soccer_cif.y4m,490.53,495.102,6.283611,0.005327,0.0,150
1,1,1,0,1,0,1,1,0,0,1,0,8,0,6,soccer_cif.y4m,36.42,36.946,1.18671,0.005065,0.0,287
1,0,1,0,1,0,0,0,0,1,1,0,1,0,3,soccer_cif.y4m,22.92,22.944,0.075697,0.005246,0.0,297
1,0,1,0,0,1,0,0,0,1,1,0,8,15,0,soccer_cif.y4m,44.65,44.518,0.367042,0.00529,0.0,263
1,1,1,0,1,0,0,1,0,1,1,1,1,5,3,soccer_cif.y4m,42.04,42.036,0.08792,0.004734,0.0,255
1,0,1,1,0,0,0,0,0,1,1,0,8,15,3,soccer_cif.y4m,409.93,410.208,0.653468,0.005257,0.0,115
1,0,1,0,0,1,1,0,0,1,0,1,4,15,3,soccer_cif.y4m,56.3,56.318,0.099599,0.005399,0.0,188
1,0,1,0,0,1,1,0,0,0,0,1,8,0,6,soccer_cif.y4m,58.96,58.036,1.539263,0.005399,0.0,212
1,0,1,1,0,0,1,0,0,0,0,1,1,15,3,soccer_cif.y4m,490.41,490.544,0.364938,0.005327,0.0,195
1,0,1,0,1,0,0,0,0,0,1,1,2,15,0,soccer_cif.y4m,23.65,23.694,0.551208,0.005239,0.0,119
1,0,1,1,0,0,0,0,0,1,0,1,4,15,0,soccer_cif.y4m,410.36,412.33,4.444761,0.005277,0.0,58
1,0,1,0,1,0,1,0,0,1,0,1,4,0,6,soccer_cif.y4m,33.14,33.064,0.155338,0.005335,0.0,277
1,0,1,0,1,0,1,0,0,0,1,1,4,5,6,soccer_cif.y4m,32.5,32.53,0.172337,0.005335,0.0,64
1,1,1,0,1,0,1,1,0,1,0,0,2,0,0,soccer_cif.y4m,36.4,36.818,1.005793,0.005065,0.0,285
1,1,1,0,1,0,1,1,0,1,0,0,4,0,0,soccer_cif.y4m,36.22,36.79,0.969252,0.005065,0.0,290
1,0,1,1,0,0,0,0,0,1,0,1,8,5,6,soccer_cif.y4m,410.29,410.274,0.132401,0.005277,0.0,196
1,1,1,1,0,0,1,0,1,1,1,1,1,0,0,soccer_cif.y4m,474.56,474.546,0.19578,0.004799,0.0,93
1,0,1,1,0,0,1,0,0,0,1,1,4,5,6,soccer_cif.y4m,493.76,493.538,1.209988,0.005327,0.0,299
1,0,1,1,0,0,0,0,0,1,0,0,2,5,0,soccer_cif.y4m,419.59,417.976,8.239149,0.005257,0.0,125
1,1,1,0,1,0,0,1,0,1,0,1,2,15,6,soccer_cif.y4m,42.28,42.648,0.610139,0.004727,0.0,21
1,0,1,0,1,0,0,0,0,1,0,1,2,0,0,soccer_cif.y4m,23.02,23.004,0.053198,0.005239,0.0,225
1,0,1,0,1,0,0,0,0,1,0,0,2,5,0,students_cif.y4m,18.18,18.178,0.051186,0.001594,0.0,114
1,1,1,1,0,0,0,0,1,0,0,1,1,0,0,students_cif.y4m,542.34,542.296,0.21744,0.001579,0.0,281
1,1,1,1,0,0,0,1,0,1,1,0,2,5,0,students_cif.y4m,637.52,637.574,0.232981,0.001561,0.0,49
1,0,1,0,0,1,1,0,0,0,0,0,2,15,6,students_cif.y4m,53.3,53.302,0.157067,0.001558,0.0,194
1,0,1,1,0,0,0,0,0,0,0,0,2,0,6,students_cif.y4m,527.7,527.722,0.444151,0.00159,0.0,62
1,1,1,0,1,0,0,1,0,1,1,1,1,15,3,students_cif.y4m,26.86,26.862,0.046583,0.00156,0.0,91
1,0,1,0,0,1,1,0,0,0,0,0,4,0,6,students_cif.y4m,53.65,53.662,0.087864,0.001558,0.0,107
1,0,1,1,0,0,1,0,0,0,0,1,4,5,3,students_cif.y4m,536.7,536.644,0.204524,0.001559,0.0,181
1,0,1,0,1,0,1,0,0,0,0,0,4,5,0,students_cif.y4m,22.59,22.564,0.088487,0.001556,0.0,247
1,0,1,1,0,0,0,0,0,1,1,0,4,5,3,students_cif.y4m,527.67,527.932,0.547786,0.00159,0.0,166
1,0,1,0,0,1,0,0,0,0,1,1,4,0,0,students_cif.y4m,47.86,47.85,0.129228,0.00159,0.0,25
1,1,1,0,1,0,0,1,0,0,0,1,8,0,6,students_cif.y4m,27.09,27.034,0.111041,0.001576,0.0,203
1,1,1,1,0,0,1,1,0,1,1,1,4,5,6,students_cif.y4m,623.92,624.264,0.643102,0.001649,0.0,219
1,0,1,0,0,1,0,0,0,0,0,0,4,15,0,students_cif.y4m,47.96,47.99,0.08,0.001588,0.0,162
1,0,1,1,0,0,1,0,0,0,1,0,4,15,6,students_cif.y4m,537.33,537.326,0.224789,0.001557,0.0,182
1,0,1,0,0,1,0,0,0,1,1,0,1,15,6,students_cif.y4m,48.1,48.078,0.079183,0.001588,0.0,10
1,1,1,1,0,0,1,1,0,1,1,1,2,15,0,students_cif.y4m,624.44,624.582,0.243557,0.001655,0.0,14
1,1,1,1,0,0,0,1,0,0,0,1,1,0,6,students_cif.y4m,595.76,596.01,0.538981,0.001569,0.0,89
1,1,1,1,0,0,0,1,0,1,1,1,1,5,0,students_cif.y4m,643.95,644.322,0.660583,0.001564,0.0,116
1,0,1,1,0,0,0,0,0,0,1,1,4,15,3,students_cif.y4m,525.56,525.584,0.205012,0.001589,0.0,217
1,1,1,0,1,0,0,1,0,0,1,0,1,0,0,students_cif.y4m,27.3,27.29,0.05831,0.00157,0.0,75
1,1,1,0,1,0,0,1,0,1,1,1,2,15,6,students_cif.y4m,27.5,27.5,0.080312,0.001548,0.0,266
1,0,1,1,0,0,1,0,0,0,1,1,4,15,3,students_cif.y4m,536.6,536.68,0.158272,0.001559,0.0,268
1,0,1,0,1,0,1,0,0,1,1,1,4,15,3,students_cif.y4m,22.54,22.562,0.084676,0.00156,0.0,187
1,0,1,0,0,1,1,0,0,0,1,0,8,15,3,students_cif.y4m,53.79,53.772,0.203027,0.001558,0.0,161
1,0,1,0,1,0,1,0,0,0,1,0,2,0,6,students_cif.y4m,22.46,22.504,0.102372,0.001556,0.0,23
1,1,1,1,0,0,0,1,0,1,1,0,2,5,6,students_cif.y4m,628.41,628.346,0.140641,0.001551,0.0,2
1,1,1,1,0,0,1,0,1,1,0,1,2,0,0,students_cif.y4m,526.69,526.742,0.222643,0.001641,0.0,16
1,0,1,1,0,0,0,0,0,1,1,1,8,15,0,students_cif.y4m,525.71,525.814,0.441169,0.001589,0.0,262
1,1,1,1,0,0,0,1,0,1,1,0,4,5,0,students_cif.y4m,640.97,640.918,0.192276,0.001561,0.0,66
1,0,1,1,0,0,0,0,0,1,0,0,2,0,0,students_cif.y4m,527.52,527.578,0.175699,0.00159,0.0,86
1,0,1,0,1,0,1,0,0,0,1,0,2,5,6,students_cif.y4m,22.61,22.588,0.064576,0.001556,0.0,231
1,0,1,0,1,0,0,0,0,0,0,0,4,5,0,students_cif.y4m,18.15,18.164,0.039115,0.001594,0.0,269
1,1,1,0,1,0,1,1,0,0,1,0,1,5,0,students_cif.y4m,26.26,26.22,0.107935,0.001653,0.0,180
1,0,1,0,0,1,0,0,0,0,1,0,4,5,6,students_cif.y4m,47.97,47.958,0.144637,0.001588,0.0,274
1,1,1,1,0,0,0,1,0,1,1,0,2,15,6,students_cif.y4m,645.33,645.186,0.362257,0.001541,0.0,184
1,0,1,0,0,1,1,0,0,0,0,1,4,5,0,students_cif.y4m,53.52,53.638,0.235096,0.001564,0.0,118
1,1,1,1,0,0,0,1,0,0,0,0,1,0,6,students_cif.y4m,600.97,601.012,0.171523,0.001565,0.0,254
1,0,1,1,0,0,1,0,0,0,1,1,4,5,0,students_cif.y4m,536.86,537.192,0.814598,0.001559,0.0,208
1,0,1,0,0,1,1,0,0,1,1,0,4,5,6,students_cif.y4m,53.62,53.626,0.079561,0.001558,0.0,279
1,1,1,1,0,0,0,1,0,0,1,1,4,15,3,students_cif.y4m,640.49,640.408,0.200674,0.001558,0.0,229
1,0,1,0,0,1,1,0,0,1,1,1,1,0,0,students_cif.y4m,53.77,53.732,0.181301,0.001564,0.0,46
1,0,1,0,0,1,0,0,0,1,1,1,4,5,6,students_cif.y4m,47.32,47.282,0.092033,0.00159,0.0,171
1,1,1,1,0,0,0,1,0,0,1,0,2,5,0,students_cif.y4m,640.91,640.88,0.205305,0.001561,0.0,99
1,0,1,0,0,1,0,0,0,0,0,0,8,0,0,students_cif.y4m,47.93,48.004,0.12054,0.001588,0.0,81
1,1,1,1,0,0,1,1,0,1,0,1,8,5,0,students_cif.y4m,623.68,623.72,0.344529,0.001654,0.0,155
1,0,1,0,1,0,0,0,0,1,0,1,1,15,6,students_cif.y4m,18.15,18.18,0.14089,0.001597,0.0,96
1,1,1,1,0,0,0,1,0,1,1,1,8,0,0,students_cif.y4m,595.68,595.736,0.303941,0.001569,0.0,218
1,1,1,1,0,0,1,1,0,1,1,0,8,0,6,students_cif.y4m,596.2,596.42,0.869396,0.001644,0.0,53
1,1,1,0,1,0,1,0,1,0,0,0,2,0,0,students_cif.y4m,19.17,19.194,0.071274,0.001638,0.0,109
1,0,1,0,1,0,0,0,0,0,1,0,4,5,6,students_cif.y4m,18.18,18.196,0.059414,0.001594,0.0,185
1,1,1,1,0,0,0,1,0,0,1,1,2,0,0,students_cif.y4m,595.72,595.768,0.096281,0.001569,0.0,239
1,0,1,1,0,0,0,0,0,0,0,1,2,0,0,students_cif.y4m,525.56,525.518,0.142021,0.001589,0.0,276
1,0,1,1,0,0,1,0,0,0,0,1,4,0,6,students_cif.y4m,536.79,536.794,0.235542,0.001559,0.0,257
1,0,1,0,0,1,0,0,0,1,1,0,1,5,0,students_cif.y4m,48.08,48.07,0.130192,0.001588,0.0,42
1,1,1,0,1,0,1,1,0,0,0,0,2,15,3,students_cif.y4m,25.54,25.554,0.054589,0.001652,0.0,204
1,0,1,1,0,0,1,0,0,1,0,1,2,15,6,students_cif.y4m,536.64,536.632,0.263951,0.001559,0.0,145
1,0,1,0,1,0,0,0,0,0,0,0,2,0,3,students_cif.y4m,18.13,18.122,0.037014,0.001594,0.0,246
1,1,1,1,0,0,0,1,0,0,1,1,8,0,0,students_cif.y4m,592.46,592.552,0.235733,0.001569,0.0,202
1,1,1,0,1,0,0,1,0,1,0,0,2,5,3,students_cif.y4m,27.51,27.506,0.075033,0.001562,0.0,70
1,0,1,0,1,0,0,0,0,0,1,0,1,5,3,students_cif.y4m,18.17,18.152,0.070498,0.001594,0.0,230
1,0,1,0,1,0,1,0,0,0,0,0,4,15,6,students_cif.y4m,22.29,22.302,0.085557,0.001556,0.0,267
1,1,1,1,0,0,1,1,0,0,0,1,8,5,3,students_cif.y4m,623.14,623.07,0.385227,0.001653,0.0,146
1,0,1,0,1,0,1,0,0,0,0,1,2,15,0,students_cif.y4m,22.49,22.516,0.054129,0.00156,0.0,27
1,0,1,0,1,0,1,0,0,0,1,1,8,0,3,students_cif.y4m,22.55,22.522,0.058052,0.00156,0.0,137
1,1,1,1,0,0,0,1,0,0,1,1,2,15,0,students_cif.y4m,640.23,640.326,0.349042,0.001562,0.0,189
1,1,1,0,1,0,1,1,0,1,0,0,4,15,0,students_cif.y4m,26.34,26.316,0.075697,0.001643,0.0,132
1,1,1,1,0,0,0,0,1,1,0,1,8,0,0,students_cif.y4m,542.19,542.154,0.19578,0.001579,0.0,169
1,0,1,0,0,1,0,0,0,0,0,0,1,5,6,students_cif.y4m,47.89,47.93,0.144049,0.001588,0.0,33
1,0,1,1,0,0,0,0,0,0,1,1,8,15,0,students_cif.y4m,525.54,525.568,0.109864,0.001589,0.0,205
1,0,1,1,0,0,0,0,0,1,0,1,2,0,0,students_cif.y4m,525.47,525.468,0.255773,0.001589,0.0,245
1,1,1,0,1,0,1,1,0,0,1,1,1,15,0,students_cif.y4m,26.08,26.1,0.101242,0.001649,0.0,298
1,0,1,1,0,0,1,0,0,1,1,0,2,5,6,students_cif.y4m,537.21,537.356,0.498076,0.001557,0.0,163
1,1,1,1,0,0,0,1,0,0,0,0,1,5,0,students_cif.y4m,640.84,640.816,0.200574,0.001561,0.0,123
1,0,1,0,0,1,1,0,0,1,0,0,4,15,0,students_cif.y4m,52.98,53.064,0.153069,0.001558,0.0,4
1,0,1,0,0,1,1,0,0,1,1,0,8,5,6,students_cif.y4m,53.66,53.724,0.161028,0.001558,0.0,141
1,1,1,0,1,0,0,1,0,1,0,0,8,5,6,students_cif.y4m,27.55,27.564,0.075697,0.001552,0.0,129
1,1,1,0,1,0,1,1,0,1,1,0,4,5,3,students_cif.y4m,25.68,25.694,0.088769,0.001654,0.0,159
1,0,1,0,0,1,1,0,0,1,0,0,1,0,0,students_cif.y4m,53.58,53.602,0.128141,0.001558,0.0,22
1,0,1,0,0,1,0,0,0,1,0,1,2,0,6,students_cif.y4m,47.74,47.768,0.12276,0.00159,0.0,175
1,1,1,1,0,0,0,1,0,1,1,1,8,5,6,students_cif.y4m,639.35,639.368,0.255088,0.001555,0.0,151
1,1,1,0,1,0,0,1,0,0,1,0,2,5,0,students_cif.y4m,27.28,27.322,0.146014,0.001565,0.0,52
1,0,1,0,0,1,0,0,0,0,0,1,4,0,3,students_cif.y4m,47.86,47.83,0.171901,0.00159,0.0,108
1,0,1,0,1,0,1,0,0,0,0,1,8,15,0,students_cif.y4m,22.5,22.526,0.059414,0.00156,0.0,72
1,0,1,1,0,0,1,0,0,1,1,0,8,0,6,students_cif.y4m,537.21,537.598,0.907893,0.001557,0.0,248
1,1,1,1,0,0,1,1,0,1,1,0,8,5,6,students_cif.y4m,625.47,625.464,0.214779,0.001646,0.0,174
1,0,1,1,0,0,1,0,0,1,1,1,8,0,3,students_cif.y4m,536.74,536.634,0.264821,0.001559,0.0,130
1,1,1,0,1,0,1,1,0,1,1,1,8,15,0,students_cif.y4m,26.11,26.138,0.063008,0.001649,0.0,168
1,0,1,0,0,1,1,0,0,1,0,1,8,0,6,students_cif.y4m,53.59,53.63,0.16109,0.001564,0.0,198
1,0,1,0,0,1,1,0,0,1,1,0,1,0,3,students_cif.y4m,53.92,53.838,0.133304,0.001558,0.0,83
1,1,1,1,0,0,1,1,0,0,1,0,1,0,3,students_cif.y4m,596.03,596.212,0.439511,0.001644,0.0,291
1,0,1,0,1,0,0,0,0,1,1,0,1,0,6,students_cif.y4m,18.18,18.202,0.041473,0.001594,0.0,237
1,0,1,0,0,1,0,0,0,1,1,1,2,15,3,students_cif.y4m,47.41,47.402,0.031145,0.00159,0.0,90
1,1,1,1,0,0,1,1,0,0,0,1,1,15,0,students_cif.y4m,621.36,621.666,0.938525,0.001655,0.0,87
1,0,1,1,0,0,1,0,0,1,0,0,1,5,0,students_cif.y4m,537.26,537.302,0.349242,0.001557,0.0,74
1,0,1,0,0,1,0,0,0,1,0,0,2,0,3,students_cif.y4m,47.96,47.954,0.10761,0.001588,0.0,201
1,0,1,0,1,0,0,0,0,1,0,1,1,0,0,students_cif.y4m,18.14,18.122,0.034205,0.001597,0.0,183
1,0,1,1,0,0,0,0,0,0,0,0,4,0,6,students_cif.y4m,527.46,527.514,0.332385,0.00159,0.0,227
1,1,1,0,1,0,1,1,0,0,0,0,1,15,6,students_cif.y4m,25.28,25.27,0.086023,0.001645,0.0,222
1,0,1,0,0,1,0,0,0,0,1,0,8,0,6,students_cif.y4m,47.92,47.892,0.178522,0.001588,0.0,55
1,0,1,1,0,0,0,0,0,0,1,1,2,5,0,students_cif.y4m,525.6,525.624,0.199324,0.001589,0.0,142
1,0,1,1,0,0,1,0,0,1,0,1,1,5,6,students_cif.y4m,536.45,536.436,0.273551,0.001559,0.0,124
1,0,1,1,0,0,1,0,0,0,0,0,8,0,0,students_cif.y4m,537.21,537.118,0.215685,0.001557,0.0,95
1,0,1,1,0,0,1,0,0,1,0,0,2,15,0,students_cif.y4m,537.06,537.234,0.578731,0.001557,0.0,241
1,0,1,0,1,0,0,0,0,0,1,1,1,5,3,students_cif.y4m,18.1,18.104,0.056833,0.001597,0.0,289
1,0,1,1,0,0,1,0,0,1,1,0,1,5,0,students_cif.y4m,537.12,537.134,0.121778,0.001557,0.0,278
1,1,1,0,1,0,0,1,0,1,1,0,1,0,6,students_cif.y4m,27.21,27.216,0.04827,0.00157,0.0,176
1,0,1,0,0,1,1,0,0,0,1,0,8,5,0,students_cif.y4m,53.6,53.626,0.10015,0.001558,0.0,122
1,0,1,0,0,1,0,0,0,0,1,0,4,0,6,students_cif.y4m,47.6,47.528,0.122556,0.001588,0.0,30
1,1,1,0,1,0,0,1,0,0,0,0,2,0,6,students_cif.y4m,26.96,26.962,0.068337,0.00157,0.0,251
1,0,1,1,0,0,0,0,0,0,0,1,1,0,0,students_cif.y4m,525.83,526.09,0.882411,0.001589,0.0,120
1,0,1,1,0,0,0,0,0,0,0,1,2,15,6,students_cif.y4m,525.56,525.906,0.909054,0.001589,0.0,144
1,0,1,0,1,0,1,0,0,0,0,0,1,0,3,students_cif.y4m,22.51,22.508,0.063008,0.001556,0.0,265
1,1,1,0,1,0,0,1,0,0,1,0,2,0,6,students_cif.y4m,27.31,27.344,0.082946,0.00157,0.0,260
1,1,1,0,1,0,0,1,0,0,0,1,1,0,3,students_cif.y4m,27.1,27.174,0.199198,0.001576,0.0,78
1,0,1,0,1,0,0,0,0,0,1,1,8,15,3,students_cif.y4m,17.92,17.904,0.043932,0.001597,0.0,84
1,0,1,1,0,0,1,0,0,1,0,0,4,15,3,students_cif.y4m,537.2,537.2,0.157956,0.001557,0.0,296
1,0,1,0,0,1,0,0,0,0,0,1,2,5,6,students_cif.y4m,47.93,47.88,0.253476,0.00159,0.0,232
1,0,1,0,0,1,1,0,0,0,1,0,4,15,6,students_cif.y4m,53.21,53.116,0.182016,0.001558,0.0,213
1,1,1,0,1,0,0,1,0,0,1,1,8,15,3,students_cif.y4m,27.28,27.242,0.098336,0.00156,0.0,94
1,0,1,0,1,0,0,0,0,0,1,1,1,5,0,students_cif.y4m,18.19,18.198,0.068337,0.001597,0.0,178
1,0,1,1,0,0,1,0,0,1,0,0,4,0,0,students_cif.y4m,536.97,537.0,0.187617,0.001557,0.0,127
1,1,1,0,1,0,1,1,0,0,1,0,8,5,6,students_cif.y4m,25.55,25.578,0.053572,0.001645,0.0,111
1,0,1,0,1,0,0,0,0,0,0,1,1,0,6,students_cif.y4m,17.87,17.898,0.098843,0.001597,0.0,92
1,1,1,1,0,0,0,1,0,0,1,0,8,15,6,students_cif.y4m,645.31,645.462,0.561756,0.001541,0.0,54
1,0,1,0,0,1,0,0,0,0,0,1,2,15,0,students_cif.y4m,47.2,47.18,0.169115,0.00159,0.0,45
1,0,1,1,0,0,0,0,0,1,0,0,4,0,6,students_cif.y4m,527.46,527.57,0.310966,0.00159,0.0,226
1,1,1,1,0,0,1,1,0,1,0,0,8,5,0,students_cif.y4m,631.57,631.512,0.272342,0.001646,0.0,200
1,0,1,0,0,1,1,0,0,1,0,1,8,5,6,students_cif.y4m,53.4,53.39,0.063246,0.001564,0.0,59
1,1,1,0,1,0,1,0,1,0,0,1,2,0,0,students_cif.y4m,18.88,18.872,0.079183,0.001647,0.0,19
1,1,1,1,0,0,0,1,0,1,0,0,2,15,0,students_cif.y4m,643.82,643.914,0.533554,0.001557,0.0,47
1,1,1,0,1,0,1,1,0,0,0,1,4,5,6,students_cif.y4m,25.3,25.31,0.051962,0.00165,0.0,32
1,1,1,0,1,0,0,1,0,1,0,0,1,5,6,students_cif.y4m,27.23,27.236,0.068775,0.001552,0.0,170
1,0,1,0,0,1,0,0,0,1,1,0,1,15,0,students_cif.y4m,47.91,47.988,0.145327,0.001588,0.0,270
1,0,1,1,0,0,1,0,0,1,0,1,4,15,6,students_cif.y4m,536.61,536.604,0.156939,0.001559,0.0,207
1,1,1,0,1,0,0,1,0,1,1,1,1,5,6,students_cif.y4m,27.01,27.022,0.017889,0.00156,0.0,43
1,0,1,0,1,0,1,0,0,0,1,1,1,0,3,students_cif.y4m,22.2,22.218,0.047117,0.00156,0.0,40
1,1,1,0,1,0,0,1,0,0,1,1,1,5,3,students_cif.y4m,27.43,27.448,0.040866,0.001562,0.0,117
1,0,1,0,0,1,0,0,0,0,1,0,8,15,6,students_cif.y4m,47.98,47.946,0.17672,0.001588,0.0,253
1,0,1,1,0,0,0,0,0,1,0,0,1,15,3,students_cif.y4m,527.64,527.642,0.331466,0.00159,0.0,68
1,1,1,1,0,0,0,1,0,1,1,1,1,15,6,students_cif.y4m,638.68,638.676,0.223786,0.001545,0.0,186
1,1,1,0,1,0,1,1,0,0,0,1,8,15,3,students_cif.y4m,25.32,25.31,0.04899,0.001658,0.0,288
1,1,1,0,1,0,0,1,0,0,0,0,2,0,0,students_cif.y4m,27.33,27.3,0.114673,0.00157,0.0,15
1,0,1,1,0,0,0,0,0,0,1,1,2,15,3,students_cif.y4m,525.72,525.746,0.152742,0.001589,0.0,82
1,1,1,1,0,0,0,1,0,0,0,0,4,15,6,students_cif.y4m,645.32,645.296,0.23586,0.001541,0.0,211
1,0,1,0,1,0,1,0,0,1,1,1,8,15,6,students_cif.y4m,22.55,22.57,0.098742,0.00156,0.0,177
1,1,1,0,1,0,0,1,0,1,1,1,2,5,3,students_cif.y4m,27.13,27.158,0.052154,0.001562,0.0,210
1,0,1,1,0,0,0,0,0,1,1,1,2,0,3,students_cif.y4m,525.72,525.688,0.246516,0.001589,0.0,13
1,0,1,0,1,0,1,0,0,0,0,1,2,15,3,students_cif.y4m,22.56,22.574,0.052726,0.00156,0.0,228
1,0,1,0,1,0,1,0,0,1,1,0,4,5,3,students_cif.y4m,22.65,22.62,0.061237,0.001556,0.0,38
1,1,1,1,0,0,0,1,0,0,0,1,4,15,6,students_cif.y4m,638.41,638.474,0.226119,0.001545,0.0,29
1,1,1,1,0,0,1,0,1,1,0,0,8,0,0,students_cif.y4m,534.26,534.304,0.098641,0.001637,0.0,24
1,1,1,1,0,0,0,1,0,0,0,0,8,5,6,students_cif.y4m,630.94,630.978,0.093915,0.001551,0.0,293
1,1,1,1,0,0,0,1,0,0,1,0,2,5,6,students_cif.y4m,631.21,631.328,0.189526,0.001551,0.0,67
1,1,1,0,1,0,0,1,0,1,0,1,2,5,0,students_cif.y4m,27.45,27.468,0.097314,0.001568,0.0,199
1,0,1,0,0,1,1,0,0,1,1,0,8,15,3,students_cif.y4m,53.8,53.804,0.045056,0.001558,0.0,244
1,0,1,0,0,1,1,0,0,0,0,0,8,15,0,students_cif.y4m,53.25,53.164,0.166673,0.001558,0.0,80
1,1,1,1,0,0,1,1,0,1,1,1,2,0,3,students_cif.y4m,593.04,592.936,0.251456,0.001651,0.0,223
1,1,1,0,1,0,1,1,0,0,1,0,8,5,0,students_cif.y4m,26.34,26.356,0.077006,0.001653,0.0,121
1,0,1,1,0,0,1,0,0,0,0,0,8,5,3,students_cif.y4m,537.11,537.06,0.212603,0.001557,0.0,261
1,0,1,1,0,0,1,0,0,1,1,0,1,5,6,students_cif.y4m,536.92,536.966,0.206833,0.001557,0.0,156
1,1,1,1,0,0,0,1,0,0,1,0,4,15,3,students_cif.y4m,636.32,636.494,0.303859,0.001552,0.0,271
1,1,1,1,0,0,1,1,0,1,0,0,2,15,3,students_cif.y4m,634.64,634.684,0.080498,0.001646,0.0,9
1,1,1,1,0,0,1,1,0,1,0,1,1,0,0,students_cif.y4m,592.8,592.988,0.387195,0.001651,0.0,165
1,0,1,0,0,1,1,0,0,1,0,0,1,15,6,students_cif.y4m,53.64,53.676,0.131643,0.001558,0.0,126
1,0,1,1,0,0,1,0,0,1,1,1,8,5,0,students_cif.y4m,536.83,536.852,0.195755,0.001559,0.0,280
1,0,1,1,0,0,0,0,0,1,1,0,2,5,3,students_cif.y4m,525.02,525.16,0.295635,0.00159,0.0,172
1,0,1,0,1,0,1,0,0,0,0,0,1,15,6,students_cif.y4m,22.58,22.57,0.036056,0.001556,0.0,292
1,0,1,0,0,1,0,0,0,1,0,1,1,0,3,students_cif.y4m,47.89,47.854,0.163493,0.00159,0.0,179
1,0,1,0,0,1,1,0,0,1,0,1,2,0,3,students_cif.y4m,53.69,53.644,0.074364,0.001564,0.0,272
1,0,1,0,0,1,1,0,0,0,1,0,4,5,0,students_cif.y4m,53.52,53.634,0.209833,0.001558,0.0,105
1,0,1,0,1,0,0,0,0,0,0,0,1,0,3,students_cif.y4m,18.21,18.182,0.08167,0.001594,0.0,76
1,0,1,1,0,0,1,0,0,0,1,0,4,15,3,students_cif.y4m,537.14,537.136,0.190342,0.001557,0.0,197
1,1,1,1,0,0,1,1,0,0,1,0,1,15,0,students_cif.y4m,627.2,627.236,0.287889,0.001651,0.0,221
1,1,1,1,0,0,1,1,0,0,1,0,8,15,6,students_cif.y4m,630.34,630.244,0.278622,0.001632,0.0,167
1,1,1,0,1,0,0,1,0,1,0,1,4,15,6,students_cif.y4m,27.5,27.464,0.069857,0.001548,0.0,136
1,1,1,1,0,0,0,1,0,1,0,1,8,15,6,students_cif.y4m,638.54,638.534,0.157734,0.001545,0.0,243
1,0,1,0,1,0,0,0,0,1,0,1,8,15,6,students_cif.y4m,18.18,18.164,0.036469,0.001597,0.0,60
1,0,1,1,0,0,0,0,0,1,0,1,2,0,6,students_cif.y4m,525.58,525.816,0.655309,0.001589,0.0,110
1,1,1,1,0,0,1,1,0,1,0,0,1,15,6,students_cif.y4m,630.51,630.714,0.867254,0.001632,0.0,35
1,0,1,1,0,0,1,0,0,0,1,1,2,5,6,students_cif.y4m,536.6,536.604,0.346237,0.001559,0.0,235
1,0,1,1,0,0,0,0,0,1,0,0,1,0,3,students_cif.y4m,527.51,527.826,0.780212,0.00159,0.0,44
1,1,1,0,1,0,1,1,0,0,1,0,4,15,3,students_cif.y4m,25.16,25.204,0.073689,0.001652,0.0,256
1,0,1,0,0,1,0,0,0,0,1,1,8,0,0,students_cif.y4m,47.32,47.332,0.044385,0.00159,0.0,192
1,0,1,0,1,0,0,0,0,0,1,1,2,0,0,students_cif.y4m,18.08,18.096,0.04219,0.001597,0.0,41
1,0,1,1,0,0,0,0,0,0,1,0,4,5,0,students_cif.y4m,527.54,527.558,0.09094,0.00159,0.0,37
1,0,1,0,0,1,0,0,0,0,0,0,4,5,0,students_cif.y4m,48.07,48.04,0.111131,0.001588,0.0,26
1,1,1,1,0,0,0,1,0,0,0,0,1,0,3,students_cif.y4m,600.8,600.886,0.275372,0.001565,0.0,273
1,1,1,1,0,0,1,1,0,0,0,1,1,5,6,students_cif.y4m,623.89,623.98,0.255539,0.001649,0.0,233
1,1,1,0,1,0,1,1,0,0,1,1,8,0,0,students_cif.y4m,25.92,25.96,0.107471,0.001653,0.0,101
1,0,1,1,0,0,0,0,0,0,0,1,2,5,3,students_cif.y4m,523.03,523.242,0.851158,0.001589,0.0,39
1,1,1,0,1,0,0,1,0,0,0,1,1,15,0,students_cif.y4m,27.71,27.684,0.112161,0.001564,0.0,106
1,1,1,0,1,0,0,0,1,1,0,0,1,0,0,students_cif.y4m,19.61,19.602,0.064187,0.00158,0.0,242
1,1,1,1,0,0,1,1,0,0,1,0,2,15,0,students_cif.y4m,627.24,627.29,0.262869,0.001651,0.0,193
1,0,1,0,1,0,1,0,0,0,1,0,1,15,6,students_cif.y4m,22.56,22.554,0.027019,0.001556,0.0,103
1,1,1,0,1,0,0,1,0,1,1,1,8,5,6,students_cif.y4m,27.0,27.012,0.10895,0.00156,0.0,1
1,0,1,1,0,0,0,0,0,1,1,1,1,0,0,students_cif.y4m,525.68,525.646,0.150765,0.001589,0.0,61
1,1,1,1,0,0,0,0,1,0,0,0,2,0,0,students_cif.y4m,538.05,538.204,0.268011,0.001573,0.0,56
1,1,1,0,1,0,0,1,0,0,1,0,8,15,3,students_cif.y4m,28.01,28.004,0.089331,0.001552,0.0,148
1,0,1,0,1,0,0,0,0,1,0,1,2,5,0,students_cif.y4m,17.97,17.968,0.028636,0.001597,0.0,112
1,0,1,0,1,0,1,0,0,0,1,0,8,15,3,students_cif.y4m,22.36,22.37,0.044721,0.001556,0.0,300
1,0,1,0,1,0,0,0,0,1,1,0,4,15,0,students_cif.y4m,18.17,18.178,0.037014,0.001594,0.0,249
1,0,1,0,1,0,0,0,0,0,0,1,2,0,0,students_cif.y4m,18.15,18.14,0.053385,0.001597,0.0,20
1,1,1,1,0,0,1,1,0,1,0,1,1,5,0,students_cif.y4m,623.76,623.814,0.199825,0.001654,0.0,104
1,1,1,1,0,0,0,1,0,1,1,1,8,15,6,students_cif.y4m,638.51,638.512,0.234776,0.001545,0.0,131
1,0,1,1,0,0,0,0,0,0,0,0,2,0,3,students_cif.y4m,527.53,527.754,0.49455,0.00159,0.0,69
1,0,1,0,1,0,1,0,0,0,0,0,2,0,3,students_cif.y4m,22.6,22.588,0.048683,0.001556,0.0,220
1,1,1,1,0,0,1,1,0,1,1,1,8,15,6,students_cif.y4m,629.58,629.908,0.687183,0.001639,0.0,11
1,1,1,1,0,0,1,1,0,1,0,0,4,15,6,students_cif.y4m,627.07,627.172,0.20241,0.001632,0.0,258
1,0,1,0,1,0,1,0,0,0,0,0,2,15,3,students_cif.y4m,22.25,22.26,0.075166,0.001556,0.0,65
1,0,1,0,0,1,1,0,0,0,0,0,2,15,0,students_cif.y4m,53.74,53.728,0.123572,0.001558,0.0,160
1,0,1,0,0,1,1,0,0,0,0,0,8,0,0,students_cif.y4m,53.52,53.59,0.191442,0.001558,0.0,238
1,1,1,1,0,0,0,1,0,0,0,0,4,0,0,students_cif.y4m,601.33,601.31,0.352349,0.001565,0.0,57
1,1,1,0,1,0,0,1,0,1,0,1,2,0,0,students_cif.y4m,27.0,27.032,0.058052,0.001576,0.0,79
1,0,1,0,1,0,1,0,0,0,1,0,4,15,3,students_cif.y4m,22.57,22.574,0.041593,0.001556,0.0,224
1,1,1,0,1,0,0,1,0,1,0,0,2,0,3,students_cif.y4m,26.97,26.97,0.065955,0.00157,0.0,48
1,0,1,0,1,0,1,0,0,0,0,1,8,0,6,students_cif.y4m,22.25,22.264,0.046152,0.00156,0.0,173
1,1,1,1,0,0,1,1,0,0,1,1,1,0,0,students_cif.y4m,592.98,593.004,0.277002,0.001651,0.0,283
1,0,1,0,1,0,0,0,0,0,0,0,1,0,6,students_cif.y4m,17.95,17.958,0.060581,0.001594,0.0,190
1,0,1,0,1,0,1,0,0,1,1,1,4,0,6,students_cif.y4m,22.53,22.53,0.086891,0.00156,0.0,259
1,0,1,1,0,0,0,0,0,0,0,1,1,15,3,students_cif.y4m,525.4,525.504,0.252448,0.001589,0.0,7
1,0,1,0,0,1,0,0,0,0,0,1,2,5,0,students_cif.y4m,47.27,47.316,0.182839,0.00159,0.0,73
1,1,1,1,0,0,1,1,0,0,0,0,2,0,6,students_cif.y4m,592.81,593.12,0.649423,0.001644,0.0,63
1,0,1,0,0,1,1,0,0,1,1,0,2,15,3,students_cif.y4m,53.8,53.7,0.191964,0.001558,0.0,284
1,0,1,1,0,0,1,0,0,1,0,1,8,15,6,students_cif.y4m,536.63,536.712,0.41106,0.001559,0.0,250
1,1,1,0,1,0,0,1,0,0,0,0,2,5,0,students_cif.y4m,27.3,27.258,0.104738,0.001565,0.0,209
1,0,1,0,1,0,1,0,0,0,0,1,4,5,3,students_cif.y4m,22.55,22.556,0.067676,0.00156,0.0,138
1,1,1,1,0,0,0,0,1,1,1,0,1,0,0,students_cif.y4m,535.66,535.64,0.136382,0.001573,0.0,135
1,1,1,1,0,0,1,1,0,1,1,0,4,5,3,students_cif.y4m,629.27,629.188,0.197408,0.001646,0.0,264
1,1,1,1,0,0,0,1,0,1,1,0,2,0,6,students_cif.y4m,597.98,598.01,0.237908,0.001565,0.0,215
1,0,1,0,0,1,0,0,0,0,1,1,4,5,3,students_cif.y4m,47.92,47.908,0.122352,0.00159,0.0,50
1,0,1,1,0,0,0,0,0,1,1,0,4,0,6,students_cif.y4m,527.49,527.424,0.220295,0.00159,0.0,98
1,1,1,1,0,0,0,1,0,1,1,0,1,15,0,students_cif.y4m,643.93,643.96,0.164012,0.001557,0.0,140
1,1,1,1,0,0,0,1,0,0,1,1,1,0,3,students_cif.y4m,595.46,595.448,0.155306,0.001569,0.0,113
1,0,1,0,1,0,1,0,0,1,1,0,1,0,6,students_cif.y4m,22.36,22.382,0.043243,0.001556,0.0,3
1,0,1,0,0,1,0,0,0,1,1,1,8,0,0,students_cif.y4m,47.91,47.896,0.156141,0.00159,0.0,149
1,0,1,1,0,0,0,0,0,0,1,1,8,5,6,students_cif.y4m,525.75,526.008,0.748178,0.001589,0.0,153
1,1,1,1,0,0,1,1,0,1,1,0,2,15,6,students_cif.y4m,627.11,627.206,0.236918,0.001632,0.0,133
1,0,1,1,0,0,0,0,0,0,0,0,1,0,3,students_cif.y4m,527.58,527.6,0.142302,0.00159,0.0,191
1,1,1,0,1,0,0,1,0,1,0,1,1,0,6,students_cif.y4m,27.0,26.972,0.075961,0.001576,0.0,100
1,0,1,1,0,0,1,0,0,0,1,0,4,0,3,students_cif.y4m,537.1,537.08,0.205913,0.001557,0.0,85
1,0,1,0,0,1,1,0,0,0,0,0,2,0,3,students_cif.y4m,53.01,53.042,0.157385,0.001558,0.0,88
1,0,1,0,1,0,1,0,0,1,1,0,4,15,6,students_cif.y4m,22.27,22.284,0.055045,0.001556,0.0,31
1,0,1,0,0,1,1,0,0,0,0,0,4,5,3,students_cif.y4m,53.71,53.778,0.16053,0.001558,0.0,134
1,1,1,0,1,0,1,1,0,1,1,1,8,0,3,students_cif.y4m,26.04,26.03,0.053385,0.001653,0.0,147
1,1,1,1,0,0,0,1,0,0,1,1,4,15,6,students_cif.y4m,638.64,638.548,0.44891,0.001545,0.0,275
1,0,1,0,0,1,1,0,0,0,1,0,4,15,3,students_cif.y4m,53.78,53.754,0.191781,0.001558,0.0,143
1,1,1,0,1,0,1,1,0,1,0,0,1,5,6,students_cif.y4m,25.57,25.584,0.109225,0.001645,0.0,8
1,1,1,1,0,0,1,1,0,0,1,1,4,5,3,students_cif.y4m,622.76,622.726,0.15678,0.001653,0.0,216
1,0,1,1,0,0,1,0,0,1,0,0,1,0,3,students_cif.y4m,537.34,537.246,0.201817,0.001557,0.0,214
1,0,1,0,0,1,0,0,0,0,0,0,1,5,0,students_cif.y4m,47.92,47.948,0.10895,0.001588,0.0,17
1,0,1,0,0,1,1,0,0,0,0,0,1,5,0,students_cif.y4m,53.63,53.7,0.174929,0.001558,0.0,206
1,0,1,0,1,0,0,0,0,1,1,1,8,15,0,students_cif.y4m,18.04,18.084,0.070214,0.001597,0.0,36
1,1,1,0,1,0,1,1,0,0,0,0,4,15,3,students_cif.y4m,25.54,25.54,0.030822,0.001652,0.0,6
1,0,1,1,0,0,1,0,0,0,0,1,1,0,6,students_cif.y4m,536.58,536.622,0.312682,0.001559,0.0,5
1,0,1,1,0,0,1,0,0,0,0,0,8,15,6,students_cif.y4m,537.15,537.2,0.206277,0.001557,0.0,164
1,0,1,0,0,1,0,0,0,1,0,0,8,0,6,students_cif.y4m,48.04,48.112,0.151559,0.001588,0.0,97
1,0,1,1,0,0,0,0,0,0,1,0,2,5,3,students_cif.y4m,525.1,525.174,0.228648,0.00159,0.0,236
1,1,1,0,1,0,1,1,0,0,0,0,8,5,0,students_cif.y4m,25.99,25.974,0.072319,0.001653,0.0,71
1,1,1,0,1,0,1,1,0,1,0,1,2,0,3,students_cif.y4m,26.0,25.988,0.067231,0.001653,0.0,295
1,0,1,1,0,0,1,0,0,1,1,0,8,5,3,students_cif.y4m,534.13,534.252,0.280393,0.001557,0.0,286
1,0,1,0,1,0,0,0,0,0,0,1,1,5,0,students_cif.y4m,17.87,17.882,0.063797,0.001597,0.0,34
1,0,1,0,1,0,1,0,0,1,1,1,1,5,3,students_cif.y4m,22.58,22.58,0.119373,0.00156,0.0,240
1,0,1,0,0,1,1,0,0,0,0,1,4,15,3,students_cif.y4m,53.6,53.63,0.164012,0.001564,0.0,18
1,0,1,0,1,0,0,0,0,0,1,0,8,0,6,students_cif.y4m,18.2,18.192,0.032711,0.001594,0.0,102
1,1,1,1,0,0,1,0,1,0,1,0,4,0,0,students_cif.y4m,534.34,534.358,0.139893,0.001637,0.0,51
1,1,1,1,0,0,1,1,0,0,0,1,4,15,6,students_cif.y4m,629.37,629.734,0.787325,0.001639,0.0,282
1,0,1,0,1,0,1,0,0,1,1,1,1,0,3,students_cif.y4m,22.25,22.262,0.033466,0.00156,0.0,77
1,0,1,1,0,0,1,0,0,0,1,0,2,0,3,students_cif.y4m,536.83,536.932,0.18593,0.001557,0.0,128
1,1,1,0,1,0,1,1,0,0,0,0,2,5,3,students_cif.y4m,25.67,25.658,0.047645,0.001654,0.0,234
1,0,1,1,0,0,0,0,0,0,1,1,1,0,0,students_cif.y4m,522.99,522.91,0.125897,0.001589,0.0,252
1,0,1,1,0,0,1,0,0,0,0,1,4,0,3,students_cif.y4m,536.58,536.57,0.20025,0.001559,0.0,28
1,0,1,0,0,1,1,0,0,1,1,1,8,15,3,students_cif.y4m,53.63,53.656,0.077974,0.001564,0.0,139
1,0,1,0,0,1,0,0,0,0,0,1,1,5,0,students_cif.y4m,47.79,47.8,0.153948,0.00159,0.0,158
1,1,1,0,1,0,1,1,0,1,0,1,8,5,3,students_cif.y4m,25.22,25.226,0.018166,0.00166,0.0,152
1,0,1,1,0,0,1,0,0,1,0,0,2,0,6,students_cif.y4m,537.02,537.086,0.266983,0.001557,0.0,12
1,1,1,0,1,0,0,1,0,0,0,1,4,15,3,students_cif.y4m,27.24,27.23,0.08,0.00156,0.0,294
1,1,1,0,1,0,0,1,0,0,0,1,8,15,3,students_cif.y4m,27.18,27.178,0.064187,0.00156,0.0,154
1,1,1,1,0,0,0,1,0,1,0,0,2,15,6,students_cif.y4m,644.91,644.98,0.260864,0.001541,0.0,157
1,0,1,1,0,0,1,0,0,1,1,1,2,0,3,students_cif.y4m,536.74,536.776,0.345007,0.001559,0.0,150
1,1,1,0,1,0,1,1,0,0,1,0,8,0,6,students_cif.y4m,26.22,26.258,0.092844,0.001652,0.0,287
1,0,1,0,1,0,0,0,0,1,1,0,1,0,3,students_cif.y4m,18.19,18.18,0.055227,0.001594,0.0,297
1,0,1,0,0,1,0,0,0,1,1,0,8,15,0,students_cif.y4m,48.05,48.09,0.106536,0.001588,0.0,263
1,1,1,0,1,0,0,1,0,1,1,1,1,5,3,students_cif.y4m,27.16,27.176,0.058566,0.001562,0.0,255
1,0,1,1,0,0,0,0,0,1,1,0,8,15,3,students_cif.y4m,524.62,524.6,0.111131,0.00159,0.0,115
1,0,1,0,0,1,1,0,0,1,0,1,4,15,3,students_cif.y4m,53.72,53.72,0.113578,0.001564,0.0,188
1,0,1,0,0,1,1,0,0,0,0,1,8,0,6,students_cif.y4m,53.53,53.568,0.157544,0.001564,0.0,212
1,0,1,1,0,0,1,0,0,0,0,1,1,15,3,students_cif.y4m,536.55,536.528,0.144465,0.001559,0.0,195
1,0,1,0,1,0,0,0,0,0,1,1,2,15,0,students_cif.y4m,18.17,18.144,0.051284,0.001597,0.0,119
1,0,1,1,0,0,0,0,0,1,0,1,4,15,0,students_cif.y4m,525.48,525.516,0.230716,0.001589,0.0,58
1,0,1,0,1,0,1,0,0,1,0,1,4,0,6,students_cif.y4m,22.5,22.532,0.080125,0.00156,0.0,277
1,0,1,0,1,0,1,0,0,0,1,1,4,5,6,students_cif.y4m,22.47,22.458,0.027749,0.00156,0.0,64
1,1,1,0,1,0,1,1,0,1,0,0,2,0,0,students_cif.y4m,26.22,26.238,0.08228,0.001652,0.0,285
1,1,1,0,1,0,1,1,0,1,0,0,4,0,0,students_cif.y4m,26.33,26.284,0.082037,0.001652,0.0,290
1,0,1,1,0,0,0,0,0,1,0,1,8,5,6,students_cif.y4m,525.51,525.554,0.097108,0.001589,0.0,196
1,1,1,1,0,0,1,0,1,1,1,1,1,0,0,students_cif.y4m,524.4,524.41,0.074162,0.001641,0.0,93
1,0,1,1,0,0,1,0,0,0,1,1,4,5,6,students_cif.y4m,536.3,536.246,0.124218,0.001559,0.0,299
1,0,1,1,0,0,0,0,0,1,0,0,2,5,0,students_cif.y4m,527.47,527.474,0.151261,0.00159,0.0,125
1,1,1,0,1,0,0,1,0,1,0,1,2,15,6,students_cif.y4m,27.15,27.13,0.080932,0.001548,0.0,21
1,0,1,0,1,0,0,0,0,1,0,1,2,0,0,students_cif.y4m,18.14,18.142,0.043818,0.001597,0.0,225
1,0,1,0,1,0,0,0,0,1,0,0,2,5,0,tempete_cif.y4m,36.65,36.636,0.078294,0.007057,0.0,114
1,1,1,1,0,0,0,0,1,0,0,1,1,0,0,tempete_cif.y4m,546.28,546.376,0.455225,0.005443,0.0,281
1,1,1,1,0,0,0,1,0,1,1,0,2,5,0,tempete_cif.y4m,624.41,624.462,0.266777,0.005498,0.0,49
1,0,1,0,0,1,1,0,0,0,0,0,2,15,6,tempete_cif.y4m,70.43,70.422,0.061806,0.006556,0.0,194
1,0,1,1,0,0,0,0,0,0,0,0,2,0,6,tempete_cif.y4m,526.26,526.28,0.10025,0.007045,0.0,62
1,1,1,0,1,0,0,1,0,1,1,1,1,15,3,tempete_cif.y4m,53.23,53.22,0.075166,0.005554,0.0,91
1,0,1,0,0,1,1,0,0,0,0,0,4,0,6,tempete_cif.y4m,70.22,70.318,0.211943,0.006556,0.0,107
1,0,1,1,0,0,1,0,0,0,0,1,4,5,3,tempete_cif.y4m,582.19,582.232,0.383367,0.006525,0.0,181
1,0,1,0,1,0,1,0,0,0,0,0,4,5,0,tempete_cif.y4m,43.81,43.846,0.173868,0.006538,0.0,247
1,0,1,1,0,0,0,0,0,1,1,0,4,5,3,tempete_cif.y4m,526.38,526.408,0.3114,0.007045,0.0,166
1,0,1,0,0,1,0,0,0,0,1,1,4,0,0,tempete_cif.y4m,57.4,57.326,0.261496,0.007054,0.0,25
1,1,1,0,1,0,0,1,0,0,0,1,8,0,6,tempete_cif.y4m,51.71,51.99,0.691267,0.005533,0.0,203
1,1,1,1,0,0,1,1,0,1,1,1,4,5,6,tempete_cif.y4m,614.95,615.026,0.365349,0.006139,0.0,219
1,0,1,0,0,1,0,0,0,0,0,0,4,15,0,tempete_cif.y4m,57.18,57.214,0.164408,0.007069,0.0,162
1,0,1,1,0,0,1,0,0,0,1,0,4,15,6,tempete_cif.y4m,582.93,582.934,0.104547,0.006527,0.0,182
1,0,1,0,0,1,0,0,0,1,1,0,1,15,6,tempete_cif.y4m,57.27,57.356,0.151921,0.007069,0.0,10
1,1,1,1,0,0,1,1,0,1,1,1,2,15,0,tempete_cif.y4m,610.69,610.628,0.467354,0.00624,0.0,14
1,1,1,1,0,0,0,1,0,0,0,1,1,0,6,tempete_cif.y4m,584.91,585.058,0.828354,0.005509,0.0,89
1,1,1,1,0,0,0,1,0,1,1,1,1,5,0,tempete_cif.y4m,615.79,616.076,0.6695,0.005509,0.0,116
1,0,1,1,0,0,0,0,0,0,1,1,4,15,3,tempete_cif.y4m,526.45,526.472,0.137368,0.007033,0.0,217
1,1,1,0,1,0,0,1,0,0,1,0,1,0,0,tempete_cif.y4m,52.47,52.316,0.246435,0.005515,0.0,75
1,1,1,0,1,0,0,1,0,1,1,1,2,15,6,tempete_cif.y4m,53.31,53.304,0.073007,0.005518,0.0,266
1,0,1,1,0,0,1,0,0,0,1,1,4,15,3,tempete_cif.y4m,582.15,582.094,0.182291,0.006525,0.0,268
1,0,1,0,1,0,1,0,0,1,1,1,4,15,3,tempete_cif.y4m,44.29,44.37,0.184797,0.006531,0.0,187
1,0,1,0,0,1,1,0,0,0,1,0,8,15,3,tempete_cif.y4m,70.4,70.298,0.220386,0.006556,0.0,161
1,0,1,0,1,0,1,0,0,0,1,0,2,0,6,tempete_cif.y4m,44.03,44.004,0.106677,0.006538,0.0,23
1,1,1,1,0,0,0,1,0,1,1,0,2,5,6,tempete_cif.y4m,619.21,619.266,0.190473,0.005446,0.0,2
1,1,1,1,0,0,1,0,1,1,0,1,2,0,0,tempete_cif.y4m,543.24,543.302,0.145842,0.005853,0.0,16
1,0,1,1,0,0,0,0,0,1,1,1,8,15,0,tempete_cif.y4m,526.63,526.852,0.594954,0.007033,0.0,262
1,1,1,1,0,0,0,1,0,1,1,0,4,5,0,tempete_cif.y4m,624.51,624.566,0.3032,0.005498,0.0,66
1,0,1,1,0,0,0,0,0,1,0,0,2,0,0,tempete_cif.y4m,526.61,526.598,0.512562,0.007045,0.0,86
1,0,1,0,1,0,1,0,0,0,1,0,2,5,6,tempete_cif.y4m,44.68,44.646,0.101637,0.006538,0.0,231
1,0,1,0,1,0,0,0,0,0,0,0,4,5,0,tempete_cif.y4m,36.64,36.648,0.041473,0.007057,0.0,269
1,1,1,0,1,0,1,1,0,0,1,0,1,5,0,tempete_cif.y4m,51.61,51.598,0.046583,0.006264,0.0,180
1,0,1,0,0,1,0,0,0,0,1,0,4,5,6,tempete_cif.y4m,57.57,57.474,0.215476,0.007069,0.0,274
1,1,1,1,0,0,0,1,0,1,1,0,2,15,6,tempete_cif.y4m,622.43,622.53,0.183167,0.005463,0.0,184
1,0,1,0,0,1,1,0,0,0,0,1,4,5,0,tempete_cif.y4m,70.08,70.104,0.200823,0.006555,0.0,118
1,1,1,1,0,0,0,1,0,0,0,0,1,0,6,tempete_cif.y4m,589.67,589.818,0.366019,0.0055,0.0,254
1,0,1,1,0,0,1,0,0,0,1,1,4,5,0,tempete_cif.y4m,582.45,582.432,0.194088,0.006525,0.0,208
1,0,1,0,0,1,1,0,0,1,1,0,4,5,6,tempete_cif.y4m,70.19,70.266,0.143108,0.006556,0.0,279
1,1,1,1,0,0,0,1,0,0,1,1,4,15,3,tempete_cif.y4m,624.65,624.576,0.154208,0.005506,0.0,229
1,0,1,0,0,1,1,0,0,1,1,1,1,0,0,tempete_cif.y4m,70.33,70.29,0.156684,0.006555,0.0,46
1,0,1,0,0,1,0,0,0,1,1,1,4,5,6,tempete_cif.y4m,56.52,56.55,0.103199,0.007054,0.0,171
1,1,1,1,0,0,0,1,0,0,1,0,2,5,0,tempete_cif.y4m,624.69,624.602,0.213002,0.005498,0.0,99
1,0,1,0,0,1,0,0,0,0,0,0,8,0,0,tempete_cif.y4m,57.24,57.242,0.104976,0.007069,0.0,81
1,1,1,1,0,0,1,1,0,1,0,1,8,5,0,tempete_cif.y4m,614.57,614.494,0.241413,0.006251,0.0,155
1,0,1,0,1,0,0,0,0,1,0,1,1,15,6,tempete_cif.y4m,36.33,36.438,0.175129,0.007048,0.0,96
1,1,1,1,0,0,0,1,0,1,1,1,8,0,0,tempete_cif.y4m,584.44,584.44,0.240416,0.005509,0.0,218
1,1,1,1,0,0,1,1,0,1,1,0,8,0,6,tempete_cif.y4m,586.75,586.776,0.219841,0.006233,0.0,53
1,1,1,0,1,0,1,0,1,0,0,0,2,0,0,tempete_cif.y4m,37.99,37.97,0.104881,0.005868,0.0,109
1,0,1,0,1,0,0,0,0,0,1,0,4,5,6,tempete_cif.y4m,36.52,36.576,0.136858,0.007057,0.0,185
1,1,1,1,0,0,0,1,0,0,1,1,2,0,0,tempete_cif.y4m,580.47,580.528,0.313879,0.005509,0.0,239
1,0,1,1,0,0,0,0,0,0,0,1,2,0,0,tempete_cif.y4m,522.39,522.42,0.142302,0.007033,0.0,276
1,0,1,1,0,0,1,0,0,0,0,1,4,0,6,tempete_cif.y4m,577.45,577.406,0.216402,0.006525,0.0,257
1,0,1,0,0,1,0,0,0,1,1,0,1,5,0,tempete_cif.y4m,57.39,57.392,0.113446,0.007069,0.0,42
1,1,1,0,1,0,1,1,0,0,0,0,2,15,3,tempete_cif.y4m,51.58,51.59,0.03873,0.006187,0.0,204
1,0,1,1,0,0,1,0,0,1,0,1,2,15,6,tempete_cif.y4m,582.03,582.388,0.689144,0.006525,0.0,145
1,0,1,0,1,0,0,0,0,0,0,0,2,0,3,tempete_cif.y4m,36.56,36.546,0.11349,0.007057,0.0,246
1,1,1,1,0,0,0,1,0,0,1,1,8,0,0,tempete_cif.y4m,580.69,581.318,1.213989,0.005509,0.0,202
1,1,1,0,1,0,0,1,0,1,0,0,2,5,3,tempete_cif.y4m,53.11,53.116,0.076026,0.005516,0.0,70
1,0,1,0,1,0,0,0,0,0,1,0,1,5,3,tempete_cif.y4m,36.16,36.092,0.111893,0.007057,0.0,230
1,0,1,0,1,0,1,0,0,0,0,0,4,15,6,tempete_cif.y4m,44.62,44.534,0.173724,0.006538,0.0,267
1,1,1,1,0,0,1,1,0,0,0,1,8,5,3,tempete_cif.y4m,619.83,619.826,0.19857,0.006212,0.0,146
1,0,1,0,1,0,1,0,0,0,0,1,2,15,0,tempete_cif.y4m,44.31,44.348,0.134796,0.006531,0.0,27
1,0,1,0,1,0,1,0,0,0,1,1,8,0,3,tempete_cif.y4m,44.43,44.476,0.127397,0.006531,0.0,137
1,1,1,1,0,0,0,1,0,0,1,1,2,15,0,tempete_cif.y4m,625.05,625.176,0.853979,0.005514,0.0,189
1,1,1,0,1,0,1,1,0,1,0,0,4,15,0,tempete_cif.y4m,51.45,51.466,0.187163,0.006249,0.0,132
1,1,1,1,0,0,0,0,1,1,0,1,8,0,0,tempete_cif.y4m,546.05,546.044,0.144499,0.005443,0.0,169
1,0,1,0,0,1,0,0,0,0,0,0,1,5,6,tempete_cif.y4m,57.53,57.506,0.092358,0.007069,0.0,33
1,0,1,1,0,0,0,0,0,0,1,1,8,15,0,tempete_cif.y4m,526.48,526.498,0.107098,0.007033,0.0,205
1,0,1,1,0,0,0,0,0,1,0,1,2,0,0,tempete_cif.y4m,526.64,526.594,0.183657,0.007033,0.0,245
1,1,1,0,1,0,1,1,0,0,1,1,1,15,0,tempete_cif.y4m,51.56,51.67,0.178746,0.00626,0.0,298
1,0,1,1,0,0,1,0,0,1,1,0,2,5,6,tempete_cif.y4m,583.11,583.204,0.698198,0.006527,0.0,163
1,1,1,1,0,0,0,1,0,0,0,0,1,5,0,tempete_cif.y4m,624.58,624.648,0.181439,0.005498,0.0,123
1,0,1,0,0,1,1,0,0,1,0,0,4,15,0,tempete_cif.y4m,70.43,70.392,0.092574,0.006556,0.0,4
1,0,1,0,0,1,1,0,0,1,1,0,8,5,6,tempete_cif.y4m,70.52,70.42,0.152807,0.006556,0.0,141
1,1,1,0,1,0,0,1,0,1,0,0,8,5,6,tempete_cif.y4m,53.39,53.384,0.127397,0.005498,0.0,129
1,1,1,0,1,0,1,1,0,1,1,0,4,5,3,tempete_cif.y4m,51.45,51.504,0.126412,0.006216,0.0,159
1,0,1,0,0,1,1,0,0,1,0,0,1,0,0,tempete_cif.y4m,70.4,70.45,0.156205,0.006556,0.0,22
1,0,1,0,0,1,0,0,0,1,0,1,2,0,6,tempete_cif.y4m,57.36,57.336,0.255402,0.007054,0.0,175
1,1,1,1,0,0,0,1,0,1,1,1,8,5,6,tempete_cif.y4m,614.5,614.582,0.138636,0.005466,0.0,151
1,1,1,0,1,0,0,1,0,0,1,0,2,5,0,tempete_cif.y4m,53.72,53.688,0.176692,0.005538,0.0,52
1,0,1,0,0,1,0,0,0,0,0,1,4,0,3,tempete_cif.y4m,57.4,57.326,0.131643,0.007054,0.0,108
1,0,1,0,1,0,1,0,0,0,0,1,8,15,0,tempete_cif.y4m,44.62,44.624,0.038471,0.006531,0.0,72
1,0,1,1,0,0,1,0,0,1,1,0,8,0,6,tempete_cif.y4m,582.85,582.838,0.219363,0.006527,0.0,248
1,1,1,1,0,0,1,1,0,1,1,0,8,5,6,tempete_cif.y4m,606.74,606.68,0.278298,0.006114,0.0,174
1,0,1,1,0,0,1,0,0,1,1,1,8,0,3,tempete_cif.y4m,581.9,581.922,0.140428,0.006525,0.0,130
1,1,1,0,1,0,1,1,0,1,1,1,8,15,0,tempete_cif.y4m,51.01,50.94,0.112027,0.00626,0.0,168
1,0,1,0,0,1,1,0,0,1,0,1,8,0,6,tempete_cif.y4m,70.22,70.214,0.183657,0.006555,0.0,198
1,0,1,0,0,1,1,0,0,1,1,0,1,0,3,tempete_cif.y4m,70.39,70.388,0.197028,0.006556,0.0,83
1,1,1,1,0,0,1,1,0,0,1,0,1,0,3,tempete_cif.y4m,586.73,586.734,0.082037,0.006233,0.0,291
1,0,1,0,1,0,0,0,0,1,1,0,1,0,6,tempete_cif.y4m,36.14,36.13,0.14089,0.007057,0.0,237
1,0,1,0,0,1,0,0,0,1,1,1,2,15,3,tempete_cif.y4m,57.21,57.246,0.185688,0.007054,0.0,90
1,1,1,1,0,0,1,1,0,0,0,1,1,15,0,tempete_cif.y4m,614.56,614.738,0.378312,0.00624,0.0,87
1,0,1,1,0,0,1,0,0,1,0,0,1,5,0,tempete_cif.y4m,578.13,578.22,0.30895,0.006527,0.0,74
1,0,1,0,0,1,0,0,0,1,0,0,2,0,3,tempete_cif.y4m,57.19,57.404,0.359347,0.007069,0.0,201
1,0,1,0,1,0,0,0,0,1,0,1,1,0,0,tempete_cif.y4m,36.48,36.468,0.065727,0.007048,0.0,183
1,0,1,1,0,0,0,0,0,0,0,0,4,0,6,tempete_cif.y4m,526.28,526.384,0.200325,0.007045,0.0,227
1,1,1,0,1,0,1,1,0,0,0,0,1,15,6,tempete_cif.y4m,50.93,50.904,0.116748,0.006097,0.0,222
1,0,1,0,0,1,0,0,0,0,1,0,8,0,6,tempete_cif.y4m,56.96,56.914,0.279696,0.007069,0.0,55
1,0,1,1,0,0,0,0,0,0,1,1,2,5,0,tempete_cif.y4m,526.53,526.506,0.055498,0.007033,0.0,142
1,0,1,1,0,0,1,0,0,1,0,1,1,5,6,tempete_cif.y4m,577.59,577.57,0.116619,0.006525,0.0,124
1,0,1,1,0,0,1,0,0,0,0,0,8,0,0,tempete_cif.y4m,583.08,583.132,0.176409,0.006527,0.0,95
1,0,1,1,0,0,1,0,0,1,0,0,2,15,0,tempete_cif.y4m,582.78,582.762,0.129692,0.006527,0.0,241
1,0,1,0,1,0,0,0,0,0,1,1,1,5,3,tempete_cif.y4m,36.47,36.472,0.049699,0.007048,0.0,289
1,0,1,1,0,0,1,0,0,1,1,0,1,5,0,tempete_cif.y4m,582.84,582.788,0.117771,0.006527,0.0,278
1,1,1,0,1,0,0,1,0,1,1,0,1,0,6,tempete_cif.y4m,52.31,52.27,0.124097,0.005515,0.0,176
1,0,1,0,0,1,1,0,0,0,1,0,8,5,0,tempete_cif.y4m,69.67,69.604,0.250559,0.006556,0.0,122
1,0,1,0,0,1,0,0,0,0,1,0,4,0,6,tempete_cif.y4m,57.33,57.374,0.123612,0.007069,0.0,30
1,1,1,0,1,0,0,1,0,0,0,0,2,0,6,tempete_cif.y4m,51.87,51.836,0.089051,0.005515,0.0,251
1,0,1,1,0,0,0,0,0,0,0,1,1,0,0,tempete_cif.y4m,526.33,526.462,0.323991,0.007033,0.0,120
1,0,1,1,0,0,0,0,0,0,0,1,2,15,6,tempete_cif.y4m,526.51,526.606,0.407713,0.007033,0.0,144
1,0,1,0,1,0,1,0,0,0,0,0,1,0,3,tempete_cif.y4m,44.62,44.776,0.486035,0.006538,0.0,265
1,1,1,0,1,0,0,1,0,0,1,0,2,0,6,tempete_cif.y4m,52.22,52.328,0.313241,0.005515,0.0,260
1,1,1,0,1,0,0,1,0,0,0,1,1,0,3,tempete_cif.y4m,51.61,51.63,0.062048,0.005533,0.0,78
1,0,1,0,1,0,0,0,0,0,1,1,8,15,3,tempete_cif.y4m,36.42,36.396,0.142583,0.007048,0.0,84
1,0,1,1,0,0,1,0,0,1,0,0,4,15,3,tempete_cif.y4m,582.91,582.908,0.156269,0.006527,0.0,296
1,0,1,0,0,1,0,0,0,0,0,1,2,5,6,tempete_cif.y4m,56.56,56.602,0.190053,0.007054,0.0,232
1,0,1,0,0,1,1,0,0,0,1,0,4,15,6,tempete_cif.y4m,70.38,70.38,0.114237,0.006556,0.0,213
1,1,1,0,1,0,0,1,0,0,1,1,8,15,3,tempete_cif.y4m,52.83,53.084,0.592393,0.005554,0.0,94
1,0,1,0,1,0,0,0,0,0,1,1,1,5,0,tempete_cif.y4m,36.48,36.424,0.105972,0.007048,0.0,178
1,0,1,1,0,0,1,0,0,1,0,0,4,0,0,tempete_cif.y4m,578.21,578.144,0.249359,0.006527,0.0,127
1,1,1,0,1,0,1,1,0,0,1,0,8,5,6,tempete_cif.y4m,50.56,50.586,0.096073,0.006138,0.0,111
1,0,1,0,1,0,0,0,0,0,0,1,1,0,6,tempete_cif.y4m,36.42,36.454,0.09685,0.007048,0.0,92
1,1,1,1,0,0,0,1,0,0,1,0,8,15,6,tempete_cif.y4m,622.39,622.408,0.175983,0.005463,0.0,54
1,0,1,0,0,1,0,0,0,0,0,1,2,15,0,tempete_cif.y4m,57.16,57.206,0.2249,0.007054,0.0,45
1,0,1,1,0,0,0,0,0,1,0,0,4,0,6,tempete_cif.y4m,526.32,526.356,0.143108,0.007045,0.0,226
1,1,1,1,0,0,1,1,0,1,0,0,8,5,0,tempete_cif.y4m,613.2,613.092,0.207051,0.006207,0.0,200
1,0,1,0,0,1,1,0,0,1,0,1,8,5,6,tempete_cif.y4m,70.21,70.254,0.137222,0.006555,0.0,59
1,1,1,0,1,0,1,0,1,0,0,1,2,0,0,tempete_cif.y4m,37.72,37.726,0.109909,0.005897,0.0,19
1,1,1,1,0,0,0,1,0,1,0,0,2,15,0,tempete_cif.y4m,623.27,623.136,0.330424,0.005503,0.0,47
1,1,1,0,1,0,1,1,0,0,0,1,4,5,6,tempete_cif.y4m,50.56,50.62,0.440851,0.006155,0.0,32
1,1,1,0,1,0,0,1,0,1,0,0,1,5,6,tempete_cif.y4m,53.45,53.418,0.137368,0.005498,0.0,170
1,0,1,0,0,1,0,0,0,1,1,0,1,15,0,tempete_cif.y4m,57.35,57.33,0.102225,0.007069,0.0,270
1,0,1,1,0,0,1,0,0,1,0,1,4,15,6,tempete_cif.y4m,582.31,582.244,0.182291,0.006525,0.0,207
1,1,1,0,1,0,0,1,0,1,1,1,1,5,6,tempete_cif.y4m,52.92,52.916,0.123004,0.005498,0.0,43
1,0,1,0,1,0,1,0,0,0,1,1,1,0,3,tempete_cif.y4m,44.48,44.446,0.153721,0.006531,0.0,40
1,1,1,0,1,0,0,1,0,0,1,1,1,5,3,tempete_cif.y4m,53.38,53.37,0.105119,0.005535,0.0,117
1,0,1,0,0,1,0,0,0,0,1,0,8,15,6,tempete_cif.y4m,57.31,57.272,0.134796,0.007069,0.0,253
1,0,1,1,0,0,0,0,0,1,0,0,1,15,3,tempete_cif.y4m,526.32,526.46,0.297909,0.007045,0.0,68
1,1,1,1,0,0,0,1,0,1,1,1,1,15,6,tempete_cif.y4m,614.01,614.006,0.283778,0.005471,0.0,186
1,1,1,0,1,0,1,1,0,0,0,1,8,15,3,tempete_cif.y4m,52.1,52.098,0.054037,0.006221,0.0,288
1,1,1,0,1,0,0,1,0,0,0,0,2,0,0,tempete_cif.y4m,52.14,52.152,0.114761,0.005515,0.0,15
1,0,1,1,0,0,0,0,0,0,1,1,2,15,3,tempete_cif.y4m,526.78,526.862,0.571769,0.007033,0.0,82
1,1,1,1,0,0,0,1,0,0,0,0,4,15,6,tempete_cif.y4m,622.27,622.326,0.253929,0.005463,0.0,211
1,0,1,0,1,0,1,0,0,1,1,1,8,15,6,tempete_cif.y4m,44.42,44.426,0.133529,0.006531,0.0,177
1,1,1,0,1,0,0,1,0,1,1,1,2,5,3,tempete_cif.y4m,53.49,53.468,0.141315,0.005535,0.0,210
1,0,1,1,0,0,0,0,0,1,1,1,2,0,3,tempete_cif.y4m,526.73,526.588,0.28578,0.007033,0.0,13
1,0,1,0,1,0,1,0,0,0,0,1,2,15,3,tempete_cif.y4m,44.38,44.422,0.172829,0.006531,0.0,228
1,0,1,0,1,0,1,0,0,1,1,0,4,5,3,tempete_cif.y4m,44.62,44.608,0.195755,0.006538,0.0,38
1,1,1,1,0,0,0,1,0,0,0,1,4,15,6,tempete_cif.y4m,614.06,614.358,0.850394,0.005471,0.0,29
1,1,1,1,0,0,1,0,1,1,0,0,8,0,0,tempete_cif.y4m,540.15,540.038,0.232637,0.005838,0.0,24
1,1,1,1,0,0,0,1,0,0,0,0,8,5,6,tempete_cif.y4m,619.05,619.36,0.779551,0.005446,0.0,293
1,1,1,1,0,0,0,1,0,0,1,0,2,5,6,tempete_cif.y4m,619.31,619.276,0.153069,0.005446,0.0,67
1,1,1,0,1,0,0,1,0,1,0,1,2,5,0,tempete_cif.y4m,53.34,53.318,0.129306,0.005556,0.0,199
1,0,1,0,0,1,1,0,0,1,1,0,8,15,3,tempete_cif.y4m,70.43,70.36,0.15411,0.006556,0.0,244
1,0,1,0,0,1,1,0,0,0,0,0,8,15,0,tempete_cif.y4m,70.29,70.322,0.416197,0.006556,0.0,80
1,1,1,1,0,0,1,1,0,1,1,1,2,0,3,tempete_cif.y4m,583.87,583.908,0.168879,0.006244,0.0,223
1,1,1,0,1,0,1,1,0,0,1,0,8,5,0,tempete_cif.y4m,51.62,51.668,0.145499,0.006264,0.0,121
1,0,1,1,0,0,1,0,0,0,0,0,8,5,3,tempete_cif.y4m,582.69,582.844,0.27236,0.006527,0.0,261
1,0,1,1,0,0,1,0,0,1,1,0,1,5,6,tempete_cif.y4m,582.79,582.856,0.175869,0.006527,0.0,156
1,1,1,1,0,0,0,1,0,0,1,0,4,15,3,tempete_cif.y4m,626.06,626.41,0.74783,0.005477,0.0,271
1,1,1,1,0,0,1,1,0,1,0,0,2,15,3,tempete_cif.y4m,616.49,616.438,0.206688,0.006165,0.0,9
1,1,1,1,0,0,1,1,0,1,0,1,1,0,0,tempete_cif.y4m,579.69,579.6,0.175357,0.006244,0.0,165
1,0,1,0,0,1,1,0,0,1,0,0,1,15,6,tempete_cif.y4m,70.2,70.278,0.161926,0.006556,0.0,126
1,0,1,1,0,0,1,0,0,1,1,1,8,5,0,tempete_cif.y4m,582.41,582.498,0.30491,0.006525,0.0,280
1,0,1,1,0,0,0,0,0,1,1,0,2,5,3,tempete_cif.y4m,526.45,526.416,0.207798,0.007045,0.0,172
1,0,1,0,1,0,1,0,0,0,0,0,1,15,6,tempete_cif.y4m,44.42,44.478,0.199299,0.006538,0.0,292
1,0,1,0,0,1,0,0,0,1,0,1,1,0,3,tempete_cif.y4m,57.0,57.068,0.150067,0.007054,0.0,179
1,0,1,0,0,1,1,0,0,1,0,1,2,0,3,tempete_cif.y4m,70.37,70.37,0.140357,0.006555,0.0,272
1,0,1,0,0,1,1,0,0,0,1,0,4,5,0,tempete_cif.y4m,70.18,70.202,0.240666,0.006556,0.0,105
1,0,1,0,1,0,0,0,0,0,0,0,1,0,3,tempete_cif.y4m,36.67,36.614,0.096073,0.007057,0.0,76
1,0,1,1,0,0,1,0,0,0,1,0,4,15,3,tempete_cif.y4m,578.26,578.178,0.127945,0.006527,0.0,197
1,1,1,1,0,0,1,1,0,0,1,0,1,15,0,tempete_cif.y4m,618.82,618.834,0.178129,0.006214,0.0,221
1,1,1,1,0,0,1,1,0,0,1,0,8,15,6,tempete_cif.y4m,611.49,611.508,0.316101,0.006052,0.0,167
1,1,1,0,1,0,0,1,0,1,0,1,4,15,6,tempete_cif.y4m,53.26,53.532,0.606523,0.005518,0.0,136
1,1,1,1,0,0,0,1,0,1,0,1,8,15,6,tempete_cif.y4m,614.01,614.304,0.724141,0.005471,0.0,243
1,0,1,0,1,0,0,0,0,1,0,1,8,15,6,tempete_cif.y4m,36.45,36.38,0.121037,0.007048,0.0,60
1,0,1,1,0,0,0,0,0,1,0,1,2,0,6,tempete_cif.y4m,526.35,526.42,0.120416,0.007033,0.0,110
1,1,1,1,0,0,1,1,0,1,0,0,1,15,6,tempete_cif.y4m,611.33,611.386,0.194499,0.006052,0.0,35
1,0,1,1,0,0,1,0,0,0,1,1,2,5,6,tempete_cif.y4m,577.62,577.656,0.396522,0.006525,0.0,235
1,0,1,1,0,0,0,0,0,1,0,0,1,0,3,tempete_cif.y4m,526.48,526.414,0.133154,0.007045,0.0,44
1,1,1,0,1,0,1,1,0,0,1,0,4,15,3,tempete_cif.y4m,51.5,51.534,0.145362,0.006187,0.0,256
1,0,1,0,0,1,0,0,0,0,1,1,8,0,0,tempete_cif.y4m,57.45,57.368,0.207894,0.007054,0.0,192
1,0,1,0,1,0,0,0,0,0,1,1,2,0,0,tempete_cif.y4m,36.39,36.42,0.095917,0.007048,0.0,41
1,0,1,1,0,0,0,0,0,0,1,0,4,5,0,tempete_cif.y4m,526.27,526.24,0.177764,0.007045,0.0,37
1,0,1,0,0,1,0,0,0,0,0,0,4,5,0,tempete_cif.y4m,57.5,57.464,0.181879,0.007069,0.0,26
1,1,1,1,0,0,0,1,0,0,0,0,1,0,3,tempete_cif.y4m,585.85,586.018,0.606647,0.0055,0.0,273
1,1,1,1,0,0,1,1,0,0,0,1,1,5,6,tempete_cif.y4m,614.67,614.672,0.260998,0.006139,0.0,233
1,1,1,0,1,0,1,1,0,0,1,1,8,0,0,tempete_cif.y4m,50.11,50.1,0.091104,0.006284,0.0,101
1,0,1,1,0,0,0,0,0,0,0,1,2,5,3,tempete_cif.y4m,526.41,526.776,0.812176,0.007033,0.0,39
1,1,1,0,1,0,0,1,0,0,0,1,1,15,0,tempete_cif.y4m,53.67,53.71,0.098742,0.00553,0.0,106
1,1,1,0,1,0,0,0,1,1,0,0,1,0,0,tempete_cif.y4m,38.76,38.676,0.153232,0.005442,0.0,242
1,1,1,1,0,0,1,1,0,0,1,0,2,15,0,tempete_cif.y4m,618.83,618.702,0.284377,0.006214,0.0,193
1,0,1,0,1,0,1,0,0,0,1,0,1,15,6,tempete_cif.y4m,44.71,44.716,0.155177,0.006538,0.0,103
1,1,1,0,1,0,0,1,0,1,1,1,8,5,6,tempete_cif.y4m,52.88,52.878,0.0614,0.005498,0.0,1
1,0,1,1,0,0,0,0,0,1,1,1,1,0,0,tempete_cif.y4m,526.43,526.444,0.17126,0.007033,0.0,61
1,1,1,1,0,0,0,0,1,0,0,0,2,0,0,tempete_cif.y4m,545.73,546.018,0.870959,0.005442,0.0,56
1,1,1,0,1,0,0,1,0,0,1,0,8,15,3,tempete_cif.y4m,53.62,53.622,0.094446,0.005528,0.0,148
1,0,1,0,1,0,0,0,0,1,0,1,2,5,0,tempete_cif.y4m,36.53,36.538,0.119457,0.007048,0.0,112
1,0,1,0,1,0,1,0,0,0,1,0,8,15,3,tempete_cif.y4m,44.43,44.434,0.161028,0.006538,0.0,300
1,0,1,0,1,0,0,0,0,1,1,0,4,15,0,tempete_cif.y4m,36.69,36.632,0.14856,0.007057,0.0,249
1,0,1,0,1,0,0,0,0,0,0,1,2,0,0,tempete_cif.y4m,36.41,36.422,0.065727,0.007048,0.0,20
1,1,1,1,0,0,1,1,0,1,0,1,1,5,0,tempete_cif.y4m,614.51,614.516,0.2002,0.006251,0.0,104
1,1,1,1,0,0,0,1,0,1,1,1,8,15,6,tempete_cif.y4m,614.13,614.276,0.651751,0.005471,0.0,131
1,0,1,1,0,0,0,0,0,0,0,0,2,0,3,tempete_cif.y4m,526.47,526.41,0.272672,0.007045,0.0,69
1,0,1,0,1,0,1,0,0,0,0,0,2,0,3,tempete_cif.y4m,44.4,44.502,0.154175,0.006538,0.0,220
1,1,1,1,0,0,1,1,0,1,1,1,8,15,6,tempete_cif.y4m,608.08,608.068,0.272158,0.006077,0.0,11
1,1,1,1,0,0,1,1,0,1,0,0,4,15,6,tempete_cif.y4m,611.36,611.498,0.342228,0.006052,0.0,258
1,0,1,0,1,0,1,0,0,0,0,0,2,15,3,tempete_cif.y4m,43.91,43.934,0.140464,0.006538,0.0,65
1,0,1,0,0,1,1,0,0,0,0,0,2,15,0,tempete_cif.y4m,69.47,69.438,0.161152,0.006556,0.0,160
1,0,1,0,0,1,1,0,0,0,0,0,8,0,0,tempete_cif.y4m,70.37,70.336,0.206712,0.006556,0.0,238
1,1,1,1,0,0,0,1,0,0,0,0,4,0,0,tempete_cif.y4m,589.86,589.886,0.196926,0.0055,0.0,57
1,1,1,0,1,0,0,1,0,1,0,1,2,0,0,tempete_cif.y4m,51.7,51.796,0.183929,0.005533,0.0,79
1,0,1,0,1,0,1,0,0,0,1,0,4,15,3,tempete_cif.y4m,44.74,44.682,0.134981,0.006538,0.0,224
1,1,1,0,1,0,0,1,0,1,0,0,2,0,3,tempete_cif.y4m,52.19,52.242,0.105688,0.005515,0.0,48
1,0,1,0,1,0,1,0,0,0,0,1,8,0,6,tempete_cif.y4m,44.28,44.408,0.229281,0.006531,0.0,173
1,1,1,1,0,0,1,1,0,0,1,1,1,0,0,tempete_cif.y4m,583.9,583.92,0.182071,0.006244,0.0,283
1,0,1,0,1,0,0,0,0,0,0,0,1,0,6,tempete_cif.y4m,36.62,36.588,0.23253,0.007057,0.0,190
1,0,1,0,1,0,1,0,0,1,1,1,4,0,6,tempete_cif.y4m,44.4,44.4,0.143003,0.006531,0.0,259
1,0,1,1,0,0,0,0,0,0,0,1,1,15,3,tempete_cif.y4m,526.45,526.404,0.15582,0.007033,0.0,7
1,0,1,0,0,1,0,0,0,0,0,1,2,5,0,tempete_cif.y4m,57.15,57.17,0.16,0.007054,0.0,73
1,1,1,1,0,0,1,1,0,0,0,0,2,0,6,tempete_cif.y4m,586.85,586.812,0.123976,0.006233,0.0,63
1,0,1,0,0,1,1,0,0,1,1,0,2,15,3,tempete_cif.y4m,70.43,70.408,0.261954,0.006556,0.0,284
1,0,1,1,0,0,1,0,0,1,0,1,8,15,6,tempete_cif.y4m,582.16,582.158,0.070852,0.006525,0.0,250
1,1,1,0,1,0,0,1,0,0,0,0,2,5,0,tempete_cif.y4m,53.72,53.75,0.080312,0.005538,0.0,209
1,0,1,0,1,0,1,0,0,0,0,1,4,5,3,tempete_cif.y4m,44.5,44.49,0.138203,0.006531,0.0,138
1,1,1,1,0,0,0,0,1,1,1,0,1,0,0,tempete_cif.y4m,541.45,541.464,0.145705,0.005442,0.0,135
1,1,1,1,0,0,1,1,0,1,1,0,4,5,3,tempete_cif.y4m,617.13,617.072,0.160842,0.006184,0.0,264
1,1,1,1,0,0,0,1,0,1,1,0,2,0,6,tempete_cif.y4m,586.13,586.222,0.930468,0.0055,0.0,215
1,0,1,0,0,1,0,0,0,0,1,1,4,5,3,tempete_cif.y4m,57.41,57.332,0.144291,0.007054,0.0,50
1,0,1,1,0,0,0,0,0,1,1,0,4,0,6,tempete_cif.y4m,522.15,522.206,0.205499,0.007045,0.0,98
1,1,1,1,0,0,0,1,0,1,1,0,1,15,0,tempete_cif.y4m,623.26,623.364,0.388626,0.005503,0.0,140
1,1,1,1,0,0,0,1,0,0,1,1,1,0,3,tempete_cif.y4m,584.48,585.024,1.246828,0.005509,0.0,113
1,0,1,0,1,0,1,0,0,1,1,0,1,0,6,tempete_cif.y4m,44.5,44.476,0.12502,0.006538,0.0,3
1,0,1,0,0,1,0,0,0,1,1,1,8,0,0,tempete_cif.y4m,57.23,57.266,0.127593,0.007054,0.0,149
1,0,1,1,0,0,0,0,0,0,1,1,8,5,6,tempete_cif.y4m,526.42,526.412,0.103537,0.007033,0.0,153
1,1,1,1,0,0,1,1,0,1,1,0,2,15,6,tempete_cif.y4m,611.73,611.824,0.264915,0.006052,0.0,133
1,0,1,1,0,0,0,0,0,0,0,0,1,0,3,tempete_cif.y4m,526.37,526.414,0.217094,0.007045,0.0,191
1,1,1,0,1,0,0,1,0,1,0,1,1,0,6,tempete_cif.y4m,51.65,51.646,0.125817,0.005533,0.0,100
1,0,1,1,0,0,1,0,0,0,1,0,4,0,3,tempete_cif.y4m,582.92,582.932,0.133304,0.006527,0.0,85
1,0,1,0,0,1,1,0,0,0,0,0,2,0,3,tempete_cif.y4m,70.48,70.52,0.255636,0.006556,0.0,88
1,0,1,0,1,0,1,0,0,1,1,0,4,15,6,tempete_cif.y4m,44.52,44.472,0.112561,0.006538,0.0,31
1,0,1,0,0,1,1,0,0,0,0,0,4,5,3,tempete_cif.y4m,70.08,70.174,0.138492,0.006556,0.0,134
1,1,1,0,1,0,1,1,0,1,1,1,8,0,3,tempete_cif.y4m,50.04,50.028,0.0502,0.006284,0.0,147
1,1,1,1,0,0,0,1,0,0,1,1,4,15,6,tempete_cif.y4m,613.81,614.098,0.722094,0.005471,0.0,275
1,0,1,0,0,1,1,0,0,0,1,0,4,15,3,tempete_cif.y4m,70.23,70.29,0.16778,0.006556,0.0,143
1,1,1,0,1,0,1,1,0,1,0,0,1,5,6,tempete_cif.y4m,50.62,50.628,0.121532,0.006138,0.0,8
1,1,1,1,0,0,1,1,0,0,1,1,4,5,3,tempete_cif.y4m,619.88,619.936,0.322227,0.006212,0.0,216
1,0,1,1,0,0,1,0,0,1,0,0,1,0,3,tempete_cif.y4m,583.23,583.206,0.266139,0.006527,0.0,214
1,0,1,0,0,1,0,0,0,0,0,0,1,5,0,tempete_cif.y4m,57.36,57.35,0.193649,0.007069,0.0,17
1,0,1,0,0,1,1,0,0,0,0,0,1,5,0,tempete_cif.y4m,70.25,70.26,0.138744,0.006556,0.0,206
1,0,1,0,1,0,0,0,0,1,1,1,8,15,0,tempete_cif.y4m,36.32,36.318,0.075631,0.007048,0.0,36
1,1,1,0,1,0,1,1,0,0,0,0,4,15,3,tempete_cif.y4m,51.58,51.652,0.134796,0.006187,0.0,6
1,0,1,1,0,0,1,0,0,0,0,1,1,0,6,tempete_cif.y4m,582.08,582.042,0.147547,0.006525,0.0,5
1,0,1,1,0,0,1,0,0,0,0,0,8,15,6,tempete_cif.y4m,582.91,583.104,0.746679,0.006527,0.0,164
1,0,1,0,0,1,0,0,0,1,0,0,8,0,6,tempete_cif.y4m,57.5,57.5,0.246272,0.007069,0.0,97
1,0,1,1,0,0,0,0,0,0,1,0,2,5,3,tempete_cif.y4m,526.33,526.364,0.104067,0.007045,0.0,236
1,1,1,0,1,0,1,1,0,0,0,0,8,5,0,tempete_cif.y4m,51.72,51.69,0.102713,0.006264,0.0,71
1,1,1,0,1,0,1,1,0,1,0,1,2,0,3,tempete_cif.y4m,50.14,50.066,0.13704,0.006284,0.0,295
1,0,1,1,0,0,1,0,0,1,1,0,8,5,3,tempete_cif.y4m,582.71,582.76,0.230434,0.006527,0.0,286
1,0,1,0,1,0,0,0,0,0,0,1,1,5,0,tempete_cif.y4m,36.52,36.524,0.137405,0.007048,0.0,34
1,0,1,0,1,0,1,0,0,1,1,1,1,5,3,tempete_cif.y4m,44.42,44.438,0.112116,0.006531,0.0,240
1,0,1,0,0,1,1,0,0,0,0,1,4,15,3,tempete_cif.y4m,70.37,70.304,0.23341,0.006555,0.0,18
1,0,1,0,1,0,0,0,0,0,1,0,8,0,6,tempete_cif.y4m,36.56,36.526,0.108536,0.007057,0.0,102
1,1,1,1,0,0,1,0,1,0,1,0,4,0,0,tempete_cif.y4m,540.06,540.044,0.155338,0.005838,0.0,51
1,1,1,1,0,0,1,1,0,0,0,1,4,15,6,tempete_cif.y4m,608.38,608.264,0.277182,0.006077,0.0,282
1,0,1,0,1,0,1,0,0,1,1,1,1,0,3,tempete_cif.y4m,44.46,44.412,0.115629,0.006531,0.0,77
1,0,1,1,0,0,1,0,0,0,1,0,2,0,3,tempete_cif.y4m,582.84,582.83,0.253476,0.006527,0.0,128
1,1,1,0,1,0,1,1,0,0,0,0,2,5,3,tempete_cif.y4m,51.61,51.542,0.142021,0.006216,0.0,234
1,0,1,1,0,0,0,0,0,0,1,1,1,0,0,tempete_cif.y4m,526.42,526.65,0.706293,0.007033,0.0,252
1,0,1,1,0,0,1,0,0,0,0,1,4,0,3,tempete_cif.y4m,577.68,577.678,0.192146,0.006525,0.0,28
1,0,1,0,0,1,1,0,0,1,1,1,8,15,3,tempete_cif.y4m,70.31,70.324,0.100399,0.006555,0.0,139
1,0,1,0,0,1,0,0,0,0,0,1,1,5,0,tempete_cif.y4m,57.06,57.144,0.192691,0.007054,0.0,158
1,1,1,0,1,0,1,1,0,1,0,1,8,5,3,tempete_cif.y4m,51.56,51.56,0.133229,0.006236,0.0,152
1,0,1,1,0,0,1,0,0,1,0,0,2,0,6,tempete_cif.y4m,582.91,583.08,0.459293,0.006527,0.0,12
1,1,1,0,1,0,0,1,0,0,0,1,4,15,3,tempete_cif.y4m,53.32,53.34,0.175642,0.005554,0.0,294
1,1,1,0,1,0,0,1,0,0,0,1,8,15,3,tempete_cif.y4m,53.28,53.254,0.176153,0.005554,0.0,154
1,1,1,1,0,0,0,1,0,1,0,0,2,15,6,tempete_cif.y4m,618.15,618.212,0.187537,0.005463,0.0,157
1,0,1,1,0,0,1,0,0,1,1,1,2,0,3,tempete_cif.y4m,582.05,582.076,0.292284,0.006525,0.0,150
1,1,1,0,1,0,1,1,0,0,1,0,8,0,6,tempete_cif.y4m,50.49,50.464,0.093968,0.006266,0.0,287
1,0,1,0,1,0,0,0,0,1,1,0,1,0,3,tempete_cif.y4m,36.53,36.548,0.146526,0.007057,0.0,297
1,0,1,0,0,1,0,0,0,1,1,0,8,15,0,tempete_cif.y4m,57.53,57.44,0.217715,0.007069,0.0,263
1,1,1,0,1,0,0,1,0,1,1,1,1,5,3,tempete_cif.y4m,52.81,52.828,0.108028,0.005535,0.0,255
1,0,1,1,0,0,0,0,0,1,1,0,8,15,3,tempete_cif.y4m,526.44,526.502,0.21822,0.007045,0.0,115
1,0,1,0,0,1,1,0,0,1,0,1,4,15,3,tempete_cif.y4m,70.33,70.464,0.397781,0.006555,0.0,188
1,0,1,0,0,1,1,0,0,0,0,1,8,0,6,tempete_cif.y4m,70.41,70.416,0.098133,0.006555,0.0,212
1,0,1,1,0,0,1,0,0,0,0,1,1,15,3,tempete_cif.y4m,582.12,582.09,0.092736,0.006525,0.0,195
1,0,1,0,1,0,0,0,0,0,1,1,2,15,0,tempete_cif.y4m,36.01,35.994,0.065803,0.007048,0.0,119
1,0,1,1,0,0,0,0,0,1,0,1,4,15,0,tempete_cif.y4m,522.57,522.558,0.107564,0.007033,0.0,58
1,0,1,0,1,0,1,0,0,1,0,1,4,0,6,tempete_cif.y4m,44.47,44.434,0.122188,0.006531,0.0,277
1,0,1,0,1,0,1,0,0,0,1,1,4,5,6,tempete_cif.y4m,43.69,43.744,0.168908,0.006531,0.0,64
1,1,1,0,1,0,1,1,0,1,0,0,2,0,0,tempete_cif.y4m,50.69,50.654,0.086197,0.006266,0.0,285
1,1,1,0,1,0,1,1,0,1,0,0,4,0,0,tempete_cif.y4m,50.6,50.56,0.136565,0.006266,0.0,290
1,0,1,1,0,0,0,0,0,1,0,1,8,5,6,tempete_cif.y4m,526.63,526.63,0.216449,0.007033,0.0,196
1,1,1,1,0,0,1,0,1,1,1,1,1,0,0,tempete_cif.y4m,543.45,543.46,0.081548,0.005853,0.0,93
1,0,1,1,0,0,1,0,0,0,1,1,4,5,6,tempete_cif.y4m,581.9,582.01,0.197484,0.006525,0.0,299
1,0,1,1,0,0,0,0,0,1,0,0,2,5,0,tempete_cif.y4m,526.3,526.348,0.115629,0.007045,0.0,125
1,1,1,0,1,0,0,1,0,1,0,1,2,15,6,tempete_cif.y4m,53.37,53.358,0.110318,0.005518,0.0,21
1,0,1,0,1,0,0,0,0,1,0,1,2,0,0,tempete_cif.y4m,36.49,36.418,0.132174,0.007048,0.0,225
1,0,1,0,1,0,0,0,0,1,0,0,2,5,0,waterfall_cif.y4m,23.58,23.532,0.091488,0.006812,0.0,114
1,1,1,1,0,0,0,0,1,0,0,1,1,0,0,waterfall_cif.y4m,509.78,509.826,0.179805,0.005411,0.0,281
1,1,1,1,0,0,0,1,0,1,1,0,2,5,0,waterfall_cif.y4m,576.03,578.174,5.053061,0.005532,0.0,49
1,0,1,0,0,1,1,0,0,0,0,0,2,15,6,waterfall_cif.y4m,67.4,67.392,0.087579,0.006653,0.0,194
1,0,1,1,0,0,0,0,0,0,0,0,2,0,6,waterfall_cif.y4m,491.43,493.928,6.016084,0.006804,0.0,62
1,1,1,0,1,0,0,1,0,1,1,1,1,15,3,waterfall_cif.y4m,28.11,28.324,0.507523,0.005545,0.0,91
1,0,1,0,0,1,1,0,0,0,0,0,4,0,6,waterfall_cif.y4m,63.73,64.822,2.182308,0.006653,0.0,107
1,0,1,1,0,0,1,0,0,0,0,1,4,5,3,waterfall_cif.y4m,520.68,521.246,1.374311,0.006517,0.0,181
1,0,1,0,1,0,1,0,0,0,0,0,4,5,0,waterfall_cif.y4m,35.91,35.816,0.246232,0.006515,0.0,247
1,0,1,1,0,0,0,0,0,1,1,0,4,5,3,waterfall_cif.y4m,503.66,498.992,7.295421,0.006804,0.0,166
1,0,1,0,0,1,0,0,0,0,1,1,4,0,0,waterfall_cif.y4m,52.86,52.854,0.084439,0.006921,0.0,25
1,1,1,0,1,0,0,1,0,0,0,1,8,0,6,waterfall_cif.y4m,29.86,29.804,0.14775,0.005543,0.0,203
1,1,1,1,0,0,1,1,0,1,1,1,4,5,6,waterfall_cif.y4m,615.83,619.278,7.682865,0.00571,0.0,219
1,0,1,0,0,1,0,0,0,0,0,0,4,15,0,waterfall_cif.y4m,53.1,53.984,1.321904,0.006901,0.0,162
1,0,1,1,0,0,1,0,0,0,1,0,4,15,6,waterfall_cif.y4m,557.4,557.978,1.548231,0.006518,0.0,182
1,0,1,0,0,1,0,0,0,1,1,0,1,15,6,waterfall_cif.y4m,57.88,57.422,0.701085,0.006901,0.0,10
1,1,1,1,0,0,1,1,0,1,1,1,2,15,0,waterfall_cif.y4m,626.9,627.522,1.420711,0.005806,0.0,14
1,1,1,1,0,0,0,1,0,0,0,1,1,0,6,waterfall_cif.y4m,544.67,545.05,0.765343,0.005543,0.0,89
1,1,1,1,0,0,0,1,0,1,1,1,1,5,0,waterfall_cif.y4m,581.64,581.698,0.265838,0.005573,0.0,116
1,0,1,1,0,0,0,0,0,0,1,1,4,15,3,waterfall_cif.y4m,494.19,494.222,0.142899,0.006795,0.0,217
1,1,1,0,1,0,0,1,0,0,1,0,1,0,0,waterfall_cif.y4m,30.37,30.39,0.102956,0.005559,0.0,75
1,1,1,0,1,0,0,1,0,1,1,1,2,15,6,waterfall_cif.y4m,28.57,28.862,0.50549,0.005528,0.0,266
1,0,1,1,0,0,1,0,0,0,1,1,4,15,3,waterfall_cif.y4m,521.5,521.672,0.846121,0.006517,0.0,268
1,0,1,0,1,0,1,0,0,1,1,1,4,15,3,waterfall_cif.y4m,35.33,36.082,1.354149,0.006513,0.0,187
1,0,1,0,0,1,1,0,0,0,1,0,8,15,3,waterfall_cif.y4m,63.03,63.484,0.900905,0.006653,0.0,161
1,0,1,0,1,0,1,0,0,0,1,0,2,0,6,waterfall_cif.y4m,38.06,38.026,0.112606,0.006515,0.0,23
1,1,1,1,0,0,0,1,0,1,1,0,2,5,6,waterfall_cif.y4m,571.68,571.742,0.141492,0.005538,0.0,2
1,1,1,1,0,0,1,0,1,1,0,1,2,0,0,waterfall_cif.y4m,518.38,518.594,0.935751,0.005525,0.0,16
1,0,1,1,0,0,0,0,0,1,1,1,8,15,0,waterfall_cif.y4m,493.01,495.034,5.990378,0.006795,0.0,262
1,1,1,1,0,0,0,1,0,1,1,0,4,5,0,waterfall_cif.y4m,576.07,576.06,0.19975,0.005532,0.0,66
1,0,1,1,0,0,0,0,0,1,0,0,2,0,0,waterfall_cif.y4m,491.0,492.326,2.965591,0.006804,0.0,86
1,0,1,0,1,0,1,0,0,0,1,0,2,5,6,waterfall_cif.y4m,36.21,35.952,0.628944,0.006515,0.0,231
1,0,1,0,1,0,0,0,0,0,0,0,4,5,0,waterfall_cif.y4m,23.98,23.88,0.397681,0.006812,0.0,269
1,1,1,0,1,0,1,1,0,0,1,0,1,5,0,waterfall_cif.y4m,30.79,30.792,0.095237,0.005725,0.0,180
1,0,1,0,0,1,0,0,0,0,1,0,4,5,6,waterfall_cif.y4m,52.93,52.988,0.199925,0.006901,0.0,274
1,1,1,1,0,0,0,1,0,1,1,0,2,15,6,waterfall_cif.y4m,587.36,587.856,1.149034,0.005528,0.0,184
1,0,1,0,0,1,1,0,0,0,0,1,4,5,0,waterfall_cif.y4m,62.27,62.402,0.222081,0.00667,0.0,118
1,1,1,1,0,0,0,1,0,0,0,0,1,0,6,waterfall_cif.y4m,548.97,549.06,0.338378,0.005517,0.0,254
1,0,1,1,0,0,1,0,0,0,1,1,4,5,0,waterfall_cif.y4m,523.84,524.55,4.976861,0.006517,0.0,208
1,0,1,0,0,1,1,0,0,1,1,0,4,5,6,waterfall_cif.y4m,62.85,62.868,0.17655,0.006653,0.0,279
1,1,1,1,0,0,0,1,0,0,1,1,4,15,3,waterfall_cif.y4m,610.53,610.512,0.27225,0.005549,0.0,229
1,0,1,0,0,1,1,0,0,1,1,1,1,0,0,waterfall_cif.y4m,62.53,63.13,1.083213,0.00667,0.0,46
1,0,1,0,0,1,0,0,0,1,1,1,4,5,6,waterfall_cif.y4m,57.59,57.388,0.63409,0.006921,0.0,171
1,1,1,1,0,0,0,1,0,0,1,0,2,5,0,waterfall_cif.y4m,576.34,576.666,0.855734,0.005532,0.0,99
1,0,1,0,0,1,0,0,0,0,0,0,8,0,0,waterfall_cif.y4m,52.81,52.862,0.161152,0.006901,0.0,81
1,1,1,1,0,0,1,1,0,1,0,1,8,5,0,waterfall_cif.y4m,610.11,610.414,0.664853,0.005758,0.0,155
1,0,1,0,1,0,0,0,0,1,0,1,1,15,6,waterfall_cif.y4m,23.39,23.398,0.052631,0.006797,0.0,96
1,1,1,1,0,0,0,1,0,1,1,1,8,0,0,waterfall_cif.y4m,583.26,584.036,1.626109,0.005543,0.0,218
1,1,1,1,0,0,1,1,0,1,1,0,8,0,6,waterfall_cif.y4m,580.83,581.182,1.582173,0.005772,0.0,53
1,1,1,0,1,0,1,0,1,0,0,0,2,0,0,waterfall_cif.y4m,25.55,25.578,0.095499,0.005528,0.0,109
1,0,1,0,1,0,0,0,0,0,1,0,4,5,6,waterfall_cif.y4m,24.9,24.444,0.784876,0.006812,0.0,185
1,1,1,1,0,0,0,1,0,0,1,1,2,0,0,waterfall_cif.y4m,544.31,545.554,2.822982,0.005543,0.0,239
1,0,1,1,0,0,0,0,0,0,0,1,2,0,0,waterfall_cif.y4m,490.95,492.29,2.428714,0.006795,0.0,276
1,0,1,1,0,0,1,0,0,0,0,1,4,0,6,waterfall_cif.y4m,520.77,525.964,11.839653,0.006517,0.0,257
1,0,1,0,0,1,0,0,0,1,1,0,1,5,0,waterfall_cif.y4m,52.88,52.916,0.114586,0.006901,0.0,42
1,1,1,0,1,0,1,1,0,0,0,0,2,15,3,waterfall_cif.y4m,28.79,29.086,0.701698,0.005691,0.0,204
1,0,1,1,0,0,1,0,0,1,0,1,2,15,6,waterfall_cif.y4m,521.23,523.274,5.019425,0.006517,0.0,145
1,0,1,0,1,0,0,0,0,0,0,0,2,0,3,waterfall_cif.y4m,25.12,25.348,0.356889,0.006812,0.0,246
1,1,1,1,0,0,0,1,0,0,1,1,8,0,0,waterfall_cif.y4m,544.51,549.41,6.805557,0.005543,0.0,202
1,1,1,0,1,0,0,1,0,1,0,0,2,5,3,waterfall_cif.y4m,31.04,31.03,0.087464,0.005559,0.0,70
1,0,1,0,1,0,0,0,0,0,1,0,1,5,3,waterfall_cif.y4m,23.58,23.73,0.276134,0.006812,0.0,230
1,0,1,0,1,0,1,0,0,0,0,0,4,15,6,waterfall_cif.y4m,37.79,37.8,0.092466,0.006515,0.0,267
1,1,1,1,0,0,1,1,0,0,0,1,8,5,3,waterfall_cif.y4m,619.62,619.698,0.156429,0.005747,0.0,146
1,0,1,0,1,0,1,0,0,0,0,1,2,15,0,waterfall_cif.y4m,35.04,35.102,0.192276,0.006513,0.0,27
1,0,1,0,1,0,1,0,0,0,1,1,8,0,3,waterfall_cif.y4m,37.44,37.75,0.506557,0.006513,0.0,137
1,1,1,1,0,0,0,1,0,0,1,1,2,15,0,waterfall_cif.y4m,576.84,588.604,16.509168,0.005577,0.0,189
1,1,1,0,1,0,1,1,0,1,0,0,4,15,0,waterfall_cif.y4m,30.94,30.802,0.513877,0.005777,0.0,132
1,1,1,1,0,0,0,0,1,1,0,1,8,0,0,waterfall_cif.y4m,510.4,512.382,3.226294,0.005411,0.0,169
1,0,1,0,0,1,0,0,0,0,0,0,1,5,6,waterfall_cif.y4m,53.75,53.606,0.387595,0.006901,0.0,33
1,0,1,1,0,0,0,0,0,0,1,1,8,15,0,waterfall_cif.y4m,525.86,525.846,0.229412,0.006795,0.0,205
1,0,1,1,0,0,0,0,0,1,0,1,2,0,0,waterfall_cif.y4m,491.16,493.378,3.529372,0.006795,0.0,245
1,1,1,0,1,0,1,1,0,0,1,1,1,15,0,waterfall_cif.y4m,33.01,32.9,0.346121,0.005759,0.0,298
1,0,1,1,0,0,1,0,0,1,1,0,2,5,6,waterfall_cif.y4m,520.14,520.328,0.499269,0.006518,0.0,163
1,1,1,1,0,0,0,1,0,0,0,0,1,5,0,waterfall_cif.y4m,575.99,576.064,0.163493,0.005532,0.0,123
1,0,1,0,0,1,1,0,0,1,0,0,4,15,0,waterfall_cif.y4m,64.66,63.944,1.041936,0.006653,0.0,4
1,0,1,0,0,1,1,0,0,1,1,0,8,5,6,waterfall_cif.y4m,62.97,63.526,1.416556,0.006653,0.0,141
1,1,1,0,1,0,0,1,0,1,0,0,8,5,6,waterfall_cif.y4m,29.83,29.812,0.30491,0.005524,0.0,129
1,1,1,0,1,0,1,1,0,1,1,0,4,5,3,waterfall_cif.y4m,29.43,29.474,0.103586,0.00575,0.0,159
1,0,1,0,0,1,1,0,0,1,0,0,1,0,0,waterfall_cif.y4m,63.06,63.078,0.240042,0.006653,0.0,22
1,0,1,0,0,1,0,0,0,1,0,1,2,0,6,waterfall_cif.y4m,56.64,57.018,0.729123,0.006921,0.0,175
1,1,1,1,0,0,0,1,0,1,1,1,8,5,6,waterfall_cif.y4m,576.65,576.652,0.131795,0.005516,0.0,151
1,1,1,0,1,0,0,1,0,0,1,0,2,5,0,waterfall_cif.y4m,31.84,31.832,0.067602,0.005549,0.0,52
1,0,1,0,0,1,0,0,0,0,0,1,4,0,3,waterfall_cif.y4m,53.31,53.292,0.087864,0.006921,0.0,108
1,0,1,0,1,0,1,0,0,0,0,1,8,15,0,waterfall_cif.y4m,34.89,34.87,0.059582,0.006513,0.0,72
1,0,1,1,0,0,1,0,0,1,1,0,8,0,6,waterfall_cif.y4m,520.05,520.16,0.297658,0.006518,0.0,248
1,1,1,1,0,0,1,1,0,1,1,0,8,5,6,waterfall_cif.y4m,618.96,619.02,0.278478,0.005681,0.0,174
1,0,1,1,0,0,1,0,0,1,1,1,8,0,3,waterfall_cif.y4m,520.77,520.752,0.08167,0.006517,0.0,130
1,1,1,0,1,0,1,1,0,1,1,1,8,15,0,waterfall_cif.y4m,30.1,30.132,0.044385,0.005759,0.0,168
1,0,1,0,0,1,1,0,0,1,0,1,8,0,6,waterfall_cif.y4m,66.94,66.956,0.189552,0.00667,0.0,198
1,0,1,0,0,1,1,0,0,1,1,0,1,0,3,waterfall_cif.y4m,63.1,63.508,0.768583,0.006653,0.0,83
1,1,1,1,0,0,1,1,0,0,1,0,1,0,3,waterfall_cif.y4m,609.65,603.874,12.694425,0.005772,0.0,291
1,0,1,0,1,0,0,0,0,1,1,0,1,0,6,waterfall_cif.y4m,23.45,23.736,0.428637,0.006812,0.0,237
1,0,1,0,0,1,0,0,0,1,1,1,2,15,3,waterfall_cif.y4m,52.8,52.792,0.178522,0.006921,0.0,90
1,1,1,1,0,0,1,1,0,0,0,1,1,15,0,waterfall_cif.y4m,672.25,672.84,1.613753,0.005806,0.0,87
1,0,1,1,0,0,1,0,0,1,0,0,1,5,0,waterfall_cif.y4m,520.19,520.138,0.22709,0.006518,0.0,74
1,0,1,0,0,1,0,0,0,1,0,0,2,0,3,waterfall_cif.y4m,56.49,56.514,0.097622,0.006901,0.0,201
1,0,1,0,1,0,0,0,0,1,0,1,1,0,0,waterfall_cif.y4m,23.56,23.626,0.104067,0.006797,0.0,183
1,0,1,1,0,0,0,0,0,0,0,0,4,0,6,waterfall_cif.y4m,491.45,496.624,11.406418,0.006804,0.0,227
1,1,1,0,1,0,1,1,0,0,0,0,1,15,6,waterfall_cif.y4m,29.09,29.508,0.972995,0.005704,0.0,222
1,0,1,0,0,1,0,0,0,0,1,0,8,0,6,waterfall_cif.y4m,56.71,56.672,0.159437,0.006901,0.0,55
1,0,1,1,0,0,0,0,0,0,1,1,2,5,0,waterfall_cif.y4m,490.69,495.422,6.537057,0.006795,0.0,142
1,0,1,1,0,0,1,0,0,1,0,1,1,5,6,waterfall_cif.y4m,558.0,558.038,0.171231,0.006517,0.0,124
1,0,1,1,0,0,1,0,0,0,0,0,8,0,0,waterfall_cif.y4m,520.13,520.448,0.679316,0.006518,0.0,95
1,0,1,1,0,0,1,0,0,1,0,0,2,15,0,waterfall_cif.y4m,520.04,520.23,0.405709,0.006518,0.0,241
1,0,1,0,1,0,0,0,0,0,1,1,1,5,3,waterfall_cif.y4m,23.62,23.556,0.189288,0.006797,0.0,289
1,0,1,1,0,0,1,0,0,1,1,0,1,5,0,waterfall_cif.y4m,523.83,523.83,0.095131,0.006518,0.0,278
1,1,1,0,1,0,0,1,0,1,1,0,1,0,6,waterfall_cif.y4m,30.43,31.146,1.031227,0.005559,0.0,176
1,0,1,0,0,1,1,0,0,0,1,0,8,5,0,waterfall_cif.y4m,62.9,62.89,0.181246,0.006653,0.0,122
1,0,1,0,0,1,0,0,0,0,1,0,4,0,6,waterfall_cif.y4m,54.31,54.038,0.610344,0.006901,0.0,30
1,1,1,0,1,0,0,1,0,0,0,0,2,0,6,waterfall_cif.y4m,32.77,32.916,0.358859,0.005559,0.0,251
1,0,1,1,0,0,0,0,0,0,0,1,1,0,0,waterfall_cif.y4m,490.71,490.78,0.152807,0.006795,0.0,120
1,0,1,1,0,0,0,0,0,0,0,1,2,15,6,waterfall_cif.y4m,525.77,525.71,0.227156,0.006795,0.0,144
1,0,1,0,1,0,1,0,0,0,0,0,1,0,3,waterfall_cif.y4m,37.97,37.978,0.084676,0.006515,0.0,265
1,1,1,0,1,0,0,1,0,0,1,0,2,0,6,waterfall_cif.y4m,31.1,31.29,0.672012,0.005559,0.0,260
1,1,1,0,1,0,0,1,0,0,0,1,1,0,3,waterfall_cif.y4m,29.84,29.826,0.069138,0.005543,0.0,78
1,0,1,0,1,0,0,0,0,0,1,1,8,15,3,waterfall_cif.y4m,23.45,23.488,0.163768,0.006797,0.0,84
1,0,1,1,0,0,1,0,0,1,0,0,4,15,3,waterfall_cif.y4m,520.73,521.382,1.219742,0.006518,0.0,296
1,0,1,0,0,1,0,0,0,0,0,1,2,5,6,waterfall_cif.y4m,54.11,54.248,1.545387,0.006921,0.0,232
1,0,1,0,0,1,1,0,0,0,1,0,4,15,6,waterfall_cif.y4m,67.39,67.536,0.662291,0.006653,0.0,213
1,1,1,0,1,0,0,1,0,0,1,1,8,15,3,waterfall_cif.y4m,28.16,28.448,0.597637,0.005545,0.0,94
1,0,1,0,1,0,0,0,0,0,1,1,1,5,0,waterfall_cif.y4m,23.42,23.46,0.123085,0.006797,0.0,178
1,0,1,1,0,0,1,0,0,1,0,0,4,0,0,waterfall_cif.y4m,520.63,520.744,0.857281,0.006518,0.0,127
1,1,1,0,1,0,1,1,0,0,1,0,8,5,6,waterfall_cif.y4m,29.81,29.794,0.125419,0.005705,0.0,111
1,0,1,0,1,0,0,0,0,0,0,1,1,0,6,waterfall_cif.y4m,23.41,23.374,0.070922,0.006797,0.0,92
1,1,1,1,0,0,0,1,0,0,1,0,8,15,6,waterfall_cif.y4m,587.12,587.126,0.11929,0.005528,0.0,54
1,0,1,0,0,1,0,0,0,0,0,1,2,15,0,waterfall_cif.y4m,53.36,53.14,0.379934,0.006921,0.0,45
1,0,1,1,0,0,0,0,0,1,0,0,4,0,6,waterfall_cif.y4m,491.08,491.004,0.200075,0.006804,0.0,226
1,1,1,1,0,0,1,1,0,1,0,0,8,5,0,waterfall_cif.y4m,615.05,615.532,1.644558,0.00574,0.0,200
1,0,1,0,0,1,1,0,0,1,0,1,8,5,6,waterfall_cif.y4m,62.39,62.374,0.166973,0.00667,0.0,59
1,1,1,0,1,0,1,0,1,0,0,1,2,0,0,waterfall_cif.y4m,27.17,27.18,0.061644,0.005565,0.0,19
1,1,1,1,0,0,0,1,0,1,0,0,2,15,0,waterfall_cif.y4m,574.95,575.456,1.03464,0.005557,0.0,47
1,1,1,0,1,0,1,1,0,0,0,1,4,5,6,waterfall_cif.y4m,29.51,29.5,0.13784,0.005723,0.0,32
1,1,1,0,1,0,0,1,0,1,0,0,1,5,6,waterfall_cif.y4m,28.95,28.972,0.099096,0.005524,0.0,170
1,0,1,0,0,1,0,0,0,1,1,0,1,15,0,waterfall_cif.y4m,56.96,56.886,0.185149,0.006901,0.0,270
1,0,1,1,0,0,1,0,0,1,0,1,4,15,6,waterfall_cif.y4m,531.64,530.326,10.325719,0.006517,0.0,207
1,1,1,0,1,0,0,1,0,1,1,1,1,5,6,waterfall_cif.y4m,28.31,28.594,0.437984,0.00553,0.0,43
1,0,1,0,1,0,1,0,0,0,1,1,1,0,3,waterfall_cif.y4m,35.1,35.376,0.596347,0.006513,0.0,40
1,1,1,0,1,0,0,1,0,0,1,1,1,5,3,waterfall_cif.y4m,29.16,29.13,0.110905,0.005558,0.0,117
1,0,1,0,0,1,0,0,0,0,1,0,8,15,6,waterfall_cif.y4m,53.08,53.634,1.103961,0.006901,0.0,253
1,0,1,1,0,0,0,0,0,1,0,0,1,15,3,waterfall_cif.y4m,491.12,495.692,6.467207,0.006804,0.0,68
1,1,1,1,0,0,0,1,0,1,1,1,1,15,6,waterfall_cif.y4m,587.16,587.108,0.179639,0.005536,0.0,186
1,1,1,0,1,0,1,1,0,0,0,1,8,15,3,waterfall_cif.y4m,28.85,28.856,0.099398,0.005708,0.0,288
1,1,1,0,1,0,0,1,0,0,0,0,2,0,0,waterfall_cif.y4m,30.66,30.682,0.18593,0.005559,0.0,15
1,0,1,1,0,0,0,0,0,0,1,1,2,15,3,waterfall_cif.y4m,526.06,526.064,0.242755,0.006795,0.0,82
1,1,1,1,0,0,0,1,0,0,0,0,4,15,6,waterfall_cif.y4m,588.01,587.908,0.178382,0.005528,0.0,211
1,0,1,0,1,0,1,0,0,1,1,1,8,15,6,waterfall_cif.y4m,37.55,37.586,0.224343,0.006513,0.0,177
1,1,1,0,1,0,0,1,0,1,1,1,2,5,3,waterfall_cif.y4m,29.16,29.138,0.092844,0.005558,0.0,210
1,0,1,1,0,0,0,0,0,1,1,1,2,0,3,waterfall_cif.y4m,525.9,526.838,1.470857,0.006795,0.0,13
1,0,1,0,1,0,1,0,0,0,0,1,2,15,3,waterfall_cif.y4m,35.8,35.706,0.475899,0.006513,0.0,228
1,0,1,0,1,0,1,0,0,1,1,0,4,5,3,waterfall_cif.y4m,35.5,35.468,0.154175,0.006515,0.0,38
1,1,1,1,0,0,0,1,0,0,0,1,4,15,6,waterfall_cif.y4m,583.93,591.722,12.378957,0.005536,0.0,29
1,1,1,1,0,0,1,0,1,1,0,0,8,0,0,waterfall_cif.y4m,520.93,520.916,0.19857,0.0055,0.0,24
1,1,1,1,0,0,0,1,0,0,0,0,8,5,6,waterfall_cif.y4m,571.8,571.848,0.130652,0.005538,0.0,293
1,1,1,1,0,0,0,1,0,0,1,0,2,5,6,waterfall_cif.y4m,584.47,581.618,5.555859,0.005538,0.0,67
1,1,1,0,1,0,0,1,0,1,0,1,2,5,0,waterfall_cif.y4m,30.38,30.518,0.40015,0.005571,0.0,199
1,0,1,0,0,1,1,0,0,1,1,0,8,15,3,waterfall_cif.y4m,62.98,63.158,0.610672,0.006653,0.0,244
1,0,1,0,0,1,1,0,0,0,0,0,8,15,0,waterfall_cif.y4m,63.4,63.456,0.361981,0.006653,0.0,80
1,1,1,1,0,0,1,1,0,1,1,1,2,0,3,waterfall_cif.y4m,579.11,579.58,1.192896,0.005799,0.0,223
1,1,1,0,1,0,1,1,0,0,1,0,8,5,0,waterfall_cif.y4m,30.53,30.538,0.126372,0.005725,0.0,121
1,0,1,1,0,0,1,0,0,0,0,0,8,5,3,waterfall_cif.y4m,519.88,520.282,0.759157,0.006518,0.0,261
1,0,1,1,0,0,1,0,0,1,1,0,1,5,6,waterfall_cif.y4m,520.1,520.918,1.549974,0.006518,0.0,156
1,1,1,1,0,0,0,1,0,0,1,0,4,15,3,waterfall_cif.y4m,575.55,577.058,6.577626,0.005546,0.0,271
1,1,1,1,0,0,1,1,0,1,0,0,2,15,3,waterfall_cif.y4m,614.33,617.522,4.914847,0.005687,0.0,9
1,1,1,1,0,0,1,1,0,1,0,1,1,0,0,waterfall_cif.y4m,579.27,579.328,0.550972,0.005799,0.0,165
1,0,1,0,0,1,1,0,0,1,0,0,1,15,6,waterfall_cif.y4m,62.71,62.7,0.129422,0.006653,0.0,126
1,0,1,1,0,0,1,0,0,1,1,1,8,5,0,waterfall_cif.y4m,520.87,520.906,0.193985,0.006517,0.0,280
1,0,1,1,0,0,0,0,0,1,1,0,2,5,3,waterfall_cif.y4m,491.23,495.548,9.801299,0.006804,0.0,172
1,0,1,0,1,0,1,0,0,0,0,0,1,15,6,waterfall_cif.y4m,35.57,35.534,0.209117,0.006515,0.0,292
1,0,1,0,0,1,0,0,0,1,0,1,1,0,3,waterfall_cif.y4m,53.46,53.944,1.69196,0.006921,0.0,179
1,0,1,0,0,1,1,0,0,1,0,1,2,0,3,waterfall_cif.y4m,62.65,63.282,1.037916,0.00667,0.0,272
1,0,1,0,0,1,1,0,0,0,1,0,4,5,0,waterfall_cif.y4m,62.81,62.852,0.181852,0.006653,0.0,105
1,0,1,0,1,0,0,0,0,0,0,0,1,0,3,waterfall_cif.y4m,23.5,23.758,0.381274,0.006812,0.0,76
1,0,1,1,0,0,1,0,0,0,1,0,4,15,3,waterfall_cif.y4m,520.44,520.84,1.260496,0.006518,0.0,197
1,1,1,1,0,0,1,1,0,0,1,0,1,15,0,waterfall_cif.y4m,635.39,635.442,0.250739,0.005776,0.0,221
1,1,1,1,0,0,1,1,0,0,1,0,8,15,6,waterfall_cif.y4m,617.07,620.374,7.329334,0.005711,0.0,167
1,1,1,0,1,0,0,1,0,1,0,1,4,15,6,waterfall_cif.y4m,31.28,31.026,0.404883,0.005528,0.0,136
1,1,1,1,0,0,0,1,0,1,0,1,8,15,6,waterfall_cif.y4m,587.1,587.17,0.190526,0.005536,0.0,243
1,0,1,0,1,0,0,0,0,1,0,1,8,15,6,waterfall_cif.y4m,23.47,23.464,0.111937,0.006797,0.0,60
1,0,1,1,0,0,0,0,0,1,0,1,2,0,6,waterfall_cif.y4m,491.03,500.71,13.326061,0.006795,0.0,110
1,1,1,1,0,0,1,1,0,1,0,0,1,15,6,waterfall_cif.y4m,657.84,657.946,0.376338,0.005711,0.0,35
1,0,1,1,0,0,1,0,0,0,1,1,2,5,6,waterfall_cif.y4m,520.83,524.068,5.523619,0.006517,0.0,235
1,0,1,1,0,0,0,0,0,1,0,0,1,0,3,waterfall_cif.y4m,494.37,494.424,0.218243,0.006804,0.0,44
1,1,1,0,1,0,1,1,0,0,1,0,4,15,3,waterfall_cif.y4m,28.78,29.138,0.78436,0.005691,0.0,256
1,0,1,0,0,1,0,0,0,0,1,1,8,0,0,waterfall_cif.y4m,53.55,53.484,0.430325,0.006921,0.0,192
1,0,1,0,1,0,0,0,0,0,1,1,2,0,0,waterfall_cif.y4m,23.49,23.56,0.21272,0.006797,0.0,41
1,0,1,1,0,0,0,0,0,0,1,0,4,5,0,waterfall_cif.y4m,490.95,491.036,0.182154,0.006804,0.0,37
1,0,1,0,0,1,0,0,0,0,0,0,4,5,0,waterfall_cif.y4m,56.76,56.782,0.133492,0.006901,0.0,26
1,1,1,1,0,0,0,1,0,0,0,0,1,0,3,waterfall_cif.y4m,588.12,588.106,0.210666,0.005517,0.0,273
1,1,1,1,0,0,1,1,0,0,0,1,1,5,6,waterfall_cif.y4m,616.47,616.852,1.08283,0.00571,0.0,233
1,1,1,0,1,0,1,1,0,0,1,1,8,0,0,waterfall_cif.y4m,29.42,29.42,0.057879,0.005798,0.0,101
1,0,1,1,0,0,0,0,0,0,0,1,2,5,3,waterfall_cif.y4m,490.66,490.764,0.266515,0.006795,0.0,39
1,1,1,0,1,0,0,1,0,0,0,1,1,15,0,waterfall_cif.y4m,30.09,30.074,0.076354,0.005576,0.0,106
1,1,1,0,1,0,0,0,1,1,0,0,1,0,0,waterfall_cif.y4m,27.5,27.58,0.254067,0.005372,0.0,242
1,1,1,1,0,0,1,1,0,0,1,0,2,15,0,waterfall_cif.y4m,635.5,635.482,0.300782,0.005776,0.0,193
1,0,1,0,1,0,1,0,0,0,1,0,1,15,6,waterfall_cif.y4m,35.46,36.286,1.192447,0.006515,0.0,103
1,1,1,0,1,0,0,1,0,1,1,1,8,5,6,waterfall_cif.y4m,28.58,28.544,0.10139,0.00553,0.0,1
1,0,1,1,0,0,0,0,0,1,1,1,1,0,0,waterfall_cif.y4m,491.08,491.02,0.197611,0.006795,0.0,61
1,1,1,1,0,0,0,0,1,0,0,0,2,0,0,waterfall_cif.y4m,518.1,517.978,0.377783,0.005404,0.0,56
1,1,1,0,1,0,0,1,0,0,1,0,8,15,3,waterfall_cif.y4m,28.24,28.244,0.057271,0.005514,0.0,148
1,0,1,0,1,0,0,0,0,1,0,1,2,5,0,waterfall_cif.y4m,23.32,23.394,0.148425,0.006797,0.0,112
1,0,1,0,1,0,1,0,0,0,1,0,8,15,3,waterfall_cif.y4m,37.85,37.996,0.527665,0.006515,0.0,300
1,0,1,0,1,0,0,0,0,1,1,0,4,15,0,waterfall_cif.y4m,25.23,25.368,0.292951,0.006812,0.0,249
1,0,1,0,1,0,0,0,0,0,0,1,2,0,0,waterfall_cif.y4m,24.93,24.94,0.05831,0.006797,0.0,20
1,1,1,1,0,0,1,1,0,1,0,1,1,5,0,waterfall_cif.y4m,616.92,615.498,5.623959,0.005758,0.0,104
1,1,1,1,0,0,0,1,0,1,1,1,8,15,6,waterfall_cif.y4m,584.81,585.258,1.425665,0.005536,0.0,131
1,0,1,1,0,0,0,0,0,0,0,0,2,0,3,waterfall_cif.y4m,494.36,494.394,0.219727,0.006804,0.0,69
1,0,1,0,1,0,1,0,0,0,0,0,2,0,3,waterfall_cif.y4m,35.66,36.374,1.255002,0.006515,0.0,220
1,1,1,1,0,0,1,1,0,1,1,1,8,15,6,waterfall_cif.y4m,611.59,612.022,0.971684,0.005733,0.0,11
1,1,1,1,0,0,1,1,0,1,0,0,4,15,6,waterfall_cif.y4m,658.05,658.774,1.552572,0.005711,0.0,258
1,0,1,0,1,0,1,0,0,0,0,0,2,15,3,waterfall_cif.y4m,36.28,36.16,0.53193,0.006515,0.0,65
1,0,1,0,0,1,1,0,0,0,0,0,2,15,0,waterfall_cif.y4m,62.9,62.912,0.208255,0.006653,0.0,160
1,0,1,0,0,1,1,0,0,0,0,0,8,0,0,waterfall_cif.y4m,64.59,64.242,0.813984,0.006653,0.0,238
1,1,1,1,0,0,0,1,0,0,0,0,4,0,0,waterfall_cif.y4m,549.19,549.118,0.268831,0.005517,0.0,57
1,1,1,0,1,0,0,1,0,1,0,1,2,0,0,waterfall_cif.y4m,29.81,29.964,0.414403,0.005543,0.0,79
1,0,1,0,1,0,1,0,0,0,1,0,4,15,3,waterfall_cif.y4m,35.68,36.508,1.372541,0.006515,0.0,224
1,1,1,0,1,0,0,1,0,1,0,0,2,0,3,waterfall_cif.y4m,30.45,30.582,0.363964,0.005559,0.0,48
1,0,1,0,1,0,1,0,0,0,0,1,8,0,6,waterfall_cif.y4m,34.86,34.882,0.129692,0.006513,0.0,173
1,1,1,1,0,0,1,1,0,0,1,1,1,0,0,waterfall_cif.y4m,578.92,579.2,0.954489,0.005799,0.0,283
1,0,1,0,1,0,0,0,0,0,0,0,1,0,6,waterfall_cif.y4m,23.78,23.826,0.132401,0.006812,0.0,190
1,0,1,0,1,0,1,0,0,1,1,1,4,0,6,waterfall_cif.y4m,34.92,34.902,0.091761,0.006513,0.0,259
1,0,1,1,0,0,0,0,0,0,0,1,1,15,3,waterfall_cif.y4m,491.58,491.612,0.874511,0.006795,0.0,7
1,0,1,0,0,1,0,0,0,0,0,1,2,5,0,waterfall_cif.y4m,56.52,56.482,0.153525,0.006921,0.0,73
1,1,1,1,0,0,1,1,0,0,0,0,2,0,6,waterfall_cif.y4m,580.4,580.296,0.256574,0.005772,0.0,63
1,0,1,0,0,1,1,0,0,1,1,0,2,15,3,waterfall_cif.y4m,63.41,63.518,0.39009,0.006653,0.0,284
1,0,1,1,0,0,1,0,0,1,0,1,8,15,6,waterfall_cif.y4m,521.14,521.682,1.429133,0.006517,0.0,250
1,1,1,0,1,0,0,1,0,0,0,0,2,5,0,waterfall_cif.y4m,30.31,30.338,0.133679,0.005549,0.0,209
1,0,1,0,1,0,1,0,0,0,0,1,4,5,3,waterfall_cif.y4m,34.82,35.254,1.073979,0.006513,0.0,138
1,1,1,1,0,0,0,0,1,1,1,0,1,0,0,waterfall_cif.y4m,517.16,517.134,0.054589,0.005404,0.0,135
1,1,1,1,0,0,1,1,0,1,1,0,4,5,3,waterfall_cif.y4m,637.18,638.784,15.122211,0.005732,0.0,264
1,1,1,1,0,0,0,1,0,1,1,0,2,0,6,waterfall_cif.y4m,548.58,548.712,0.289603,0.005517,0.0,215
1,0,1,0,0,1,0,0,0,0,1,1,4,5,3,waterfall_cif.y4m,54.03,53.804,0.436669,0.006921,0.0,50
1,0,1,1,0,0,0,0,0,1,1,0,4,0,6,waterfall_cif.y4m,490.92,491.03,0.25446,0.006804,0.0,98
1,1,1,1,0,0,0,1,0,1,1,0,1,15,0,waterfall_cif.y4m,574.88,574.884,0.225455,0.005557,0.0,140
1,1,1,1,0,0,0,1,0,0,1,1,1,0,3,waterfall_cif.y4m,571.63,561.368,15.343814,0.005543,0.0,113
1,0,1,0,1,0,1,0,0,1,1,0,1,0,6,waterfall_cif.y4m,35.87,35.844,0.085323,0.006515,0.0,3
1,0,1,0,0,1,0,0,0,1,1,1,8,0,0,waterfall_cif.y4m,52.73,52.742,0.157385,0.006921,0.0,149
1,0,1,1,0,0,0,0,0,0,1,1,8,5,6,waterfall_cif.y4m,491.08,491.358,0.663415,0.006795,0.0,153
1,1,1,1,0,0,1,1,0,1,1,0,2,15,6,waterfall_cif.y4m,613.72,613.79,0.17,0.005711,0.0,133
1,0,1,1,0,0,0,0,0,0,0,0,1,0,3,waterfall_cif.y4m,491.12,491.148,0.224878,0.006804,0.0,191
1,1,1,0,1,0,0,1,0,1,0,1,1,0,6,waterfall_cif.y4m,29.81,29.8,0.117898,0.005543,0.0,100
1,0,1,1,0,0,1,0,0,0,1,0,4,0,3,waterfall_cif.y4m,521.03,521.532,1.507206,0.006518,0.0,85
1,0,1,0,0,1,1,0,0,0,0,0,2,0,3,waterfall_cif.y4m,62.87,63.142,0.462028,0.006653,0.0,88
1,0,1,0,1,0,1,0,0,1,1,0,4,15,6,waterfall_cif.y4m,38.03,37.986,0.095026,0.006515,0.0,31
1,0,1,0,0,1,1,0,0,0,0,0,4,5,3,waterfall_cif.y4m,67.32,67.762,0.803816,0.006653,0.0,134
1,1,1,0,1,0,1,1,0,1,1,1,8,0,3,waterfall_cif.y4m,29.4,29.39,0.088882,0.005798,0.0,147
1,1,1,1,0,0,0,1,0,0,1,1,4,15,6,waterfall_cif.y4m,583.79,583.864,0.534958,0.005536,0.0,275
1,0,1,0,0,1,1,0,0,0,1,0,4,15,3,waterfall_cif.y4m,62.86,63.604,1.609807,0.006653,0.0,143
1,1,1,0,1,0,1,1,0,1,0,0,1,5,6,waterfall_cif.y4m,31.9,31.888,0.1499,0.005705,0.0,8
1,1,1,1,0,0,1,1,0,0,1,1,4,5,3,waterfall_cif.y4m,616.38,616.334,0.267825,0.005747,0.0,216
1,0,1,1,0,0,1,0,0,1,0,0,1,0,3,waterfall_cif.y4m,520.06,520.084,0.1501,0.006518,0.0,214
1,0,1,0,0,1,0,0,0,0,0,0,1,5,0,waterfall_cif.y4m,52.84,52.912,0.165136,0.006901,0.0,17
1,0,1,0,0,1,1,0,0,0,0,0,1,5,0,waterfall_cif.y4m,63.21,63.176,0.245825,0.006653,0.0,206
1,0,1,0,1,0,0,0,0,1,1,1,8,15,0,waterfall_cif.y4m,23.34,23.342,0.039623,0.006797,0.0,36
1,1,1,0,1,0,1,1,0,0,0,0,4,15,3,waterfall_cif.y4m,31.35,31.178,0.397894,0.005691,0.0,6
1,0,1,1,0,0,1,0,0,0,0,1,1,0,6,waterfall_cif.y4m,524.75,524.742,0.238789,0.006517,0.0,5
1,0,1,1,0,0,1,0,0,0,0,0,8,15,6,waterfall_cif.y4m,520.19,520.682,1.19259,0.006518,0.0,164
1,0,1,0,0,1,0,0,0,1,0,0,8,0,6,waterfall_cif.y4m,53.03,52.988,0.138996,0.006901,0.0,97
1,0,1,1,0,0,0,0,0,0,1,0,2,5,3,waterfall_cif.y4m,512.48,506.05,9.5831,0.006804,0.0,236
1,1,1,0,1,0,1,1,0,0,0,0,8,5,0,waterfall_cif.y4m,32.69,32.716,0.116103,0.005725,0.0,71
1,1,1,0,1,0,1,1,0,1,0,1,2,0,3,waterfall_cif.y4m,31.49,31.476,0.121984,0.005798,0.0,295
1,0,1,1,0,0,1,0,0,1,1,0,8,5,3,waterfall_cif.y4m,535.71,532.442,6.92444,0.006518,0.0,286
1,0,1,0,1,0,0,0,0,0,0,1,1,5,0,waterfall_cif.y4m,23.49,23.44,0.114018,0.006797,0.0,34
1,0,1,0,1,0,1,0,0,1,1,1,1,5,3,waterfall_cif.y4m,35.54,35.648,0.326757,0.006513,0.0,240
1,0,1,0,0,1,1,0,0,0,0,1,4,15,3,waterfall_cif.y4m,62.52,62.514,0.260538,0.00667,0.0,18
1,0,1,0,1,0,0,0,0,0,1,0,8,0,6,waterfall_cif.y4m,23.55,23.502,0.085849,0.006812,0.0,102
1,1,1,1,0,0,1,0,1,0,1,0,4,0,0,waterfall_cif.y4m,520.82,520.78,0.246171,0.0055,0.0,51
1,1,1,1,0,0,1,1,0,0,0,1,4,15,6,waterfall_cif.y4m,612.23,612.652,1.584068,0.005733,0.0,282
1,0,1,0,1,0,1,0,0,1,1,1,1,0,3,waterfall_cif.y4m,37.31,37.378,0.131605,0.006513,0.0,77
1,0,1,1,0,0,1,0,0,0,1,0,2,0,3,waterfall_cif.y4m,520.56,520.838,0.644996,0.006518,0.0,128
1,1,1,0,1,0,1,1,0,0,0,0,2,5,3,waterfall_cif.y4m,30.39,30.422,0.128141,0.00575,0.0,234
1,0,1,1,0,0,0,0,0,0,1,1,1,0,0,waterfall_cif.y4m,490.79,490.888,0.220273,0.006795,0.0,252
1,0,1,1,0,0,1,0,0,0,0,1,4,0,3,waterfall_cif.y4m,520.98,531.286,14.255503,0.006517,0.0,28
1,0,1,0,0,1,1,0,0,1,1,1,8,15,3,waterfall_cif.y4m,67.08,67.18,0.479948,0.00667,0.0,139
1,0,1,0,0,1,0,0,0,0,0,1,1,5,0,waterfall_cif.y4m,52.83,53.28,0.727736,0.006921,0.0,158
1,1,1,0,1,0,1,1,0,1,0,1,8,5,3,waterfall_cif.y4m,29.07,28.902,0.309952,0.005773,0.0,152
1,0,1,1,0,0,1,0,0,1,0,0,2,0,6,waterfall_cif.y4m,520.22,520.196,0.245622,0.006518,0.0,12
1,1,1,0,1,0,0,1,0,0,0,1,4,15,3,waterfall_cif.y4m,28.28,28.164,0.192432,0.005545,0.0,294
1,1,1,0,1,0,0,1,0,0,0,1,8,15,3,waterfall_cif.y4m,29.96,29.962,0.080436,0.005545,0.0,154
1,1,1,1,0,0,0,1,0,1,0,0,2,15,6,waterfall_cif.y4m,629.16,629.248,0.303018,0.005528,0.0,157
1,0,1,1,0,0,1,0,0,1,1,1,2,0,3,waterfall_cif.y4m,520.77,526.222,12.163608,0.006517,0.0,150
1,1,1,0,1,0,1,1,0,0,1,0,8,0,6,waterfall_cif.y4m,30.19,30.184,0.096592,0.005773,0.0,287
1,0,1,0,1,0,0,0,0,1,1,0,1,0,3,waterfall_cif.y4m,25.34,25.458,0.327292,0.006812,0.0,297
1,0,1,0,0,1,0,0,0,1,1,0,8,15,0,waterfall_cif.y4m,52.87,53.236,0.63744,0.006901,0.0,263
1,1,1,0,1,0,0,1,0,1,1,1,1,5,3,waterfall_cif.y4m,31.27,31.442,0.398397,0.005558,0.0,255
1,0,1,1,0,0,0,0,0,1,1,0,8,15,3,waterfall_cif.y4m,491.01,491.022,0.153525,0.006804,0.0,115
1,0,1,0,0,1,1,0,0,1,0,1,4,15,3,waterfall_cif.y4m,62.41,62.616,0.37647,0.00667,0.0,188
1,0,1,0,0,1,1,0,0,0,0,1,8,0,6,waterfall_cif.y4m,62.83,62.792,0.345789,0.00667,0.0,212
1,0,1,1,0,0,1,0,0,0,0,1,1,15,3,waterfall_cif.y4m,520.62,520.584,0.193985,0.006517,0.0,195
1,0,1,0,1,0,0,0,0,0,1,1,2,15,0,waterfall_cif.y4m,23.32,23.358,0.110091,0.006797,0.0,119
1,0,1,1,0,0,0,0,0,1,0,1,4,15,0,waterfall_cif.y4m,525.77,526.234,1.195588,0.006795,0.0,58
1,0,1,0,1,0,1,0,0,1,0,1,4,0,6,waterfall_cif.y4m,34.8,34.872,0.179639,0.006513,0.0,277
1,0,1,0,1,0,1,0,0,0,1,1,4,5,6,waterfall_cif.y4m,34.83,34.856,0.065422,0.006513,0.0,64
1,1,1,0,1,0,1,1,0,1,0,0,2,0,0,waterfall_cif.y4m,32.21,31.486,1.159841,0.005773,0.0,285
1,1,1,0,1,0,1,1,0,1,0,0,4,0,0,waterfall_cif.y4m,30.22,30.17,0.1,0.005773,0.0,290
1,0,1,1,0,0,0,0,0,1,0,1,8,5,6,waterfall_cif.y4m,491.8,491.484,0.580026,0.006795,0.0,196
1,1,1,1,0,0,1,0,1,1,1,1,1,0,0,waterfall_cif.y4m,518.07,518.364,0.74932,0.005525,0.0,93
1,0,1,1,0,0,1,0,0,0,1,1,4,5,6,waterfall_cif.y4m,522.36,522.534,1.063945,0.006517,0.0,299
1,0,1,1,0,0,0,0,0,1,0,0,2,5,0,waterfall_cif.y4m,491.4,491.396,0.211258,0.006804,0.0,125
1,1,1,0,1,0,0,1,0,1,0,1,2,15,6,waterfall_cif.y4m,28.54,28.532,0.071903,0.005528,0.0,21
1,0,1,0,1,0,0,0,0,1,0,1,2,0,0,waterfall_cif.y4m,23.42,23.396,0.047223,0.006797,0.0,225
1,0,1,0,1,0,0,0,0,1,0,0,2,5,0,blue_sky_1080p25.y4m,397.5,398.442,2.077022,0.000476,0.0,114
1,1,1,1,0,0,0,0,1,0,0,1,1,0,0,blue_sky_1080p25.y4m,7541.59,7541.74,2.740775,0.000388,0.0,281
1,1,1,1,0,0,0,1,0,1,1,0,2,5,0,blue_sky_1080p25.y4m,5257.35,5253.688,14.994831,0.000483,0.0,49
1,0,1,0,0,1,1,0,0,0,0,0,2,15,6,blue_sky_1080p25.y4m,872.28,871.346,3.760483,0.000421,0.0,194
1,0,1,1,0,0,0,0,0,0,0,0,2,0,6,blue_sky_1080p25.y4m,7812.06,7812.6,4.108692,0.000477,0.0,62
1,1,1,0,1,0,0,1,0,1,1,1,1,15,3,blue_sky_1080p25.y4m,656.25,655.67,2.465492,0.000483,0.0,91
1,0,1,0,0,1,1,0,0,0,0,0,4,0,6,blue_sky_1080p25.y4m,866.65,868.43,5.134915,0.000421,0.0,107
1,0,1,1,0,0,1,0,0,0,0,1,4,5,3,blue_sky_1080p25.y4m,8571.25,8571.942,3.68506,0.000417,0.0,181
1,0,1,0,1,0,1,0,0,0,0,0,4,5,0,blue_sky_1080p25.y4m,455.96,456.138,0.618724,0.000419,0.0,247
1,0,1,1,0,0,0,0,0,1,1,0,4,5,3,blue_sky_1080p25.y4m,4452.01,4454.538,10.438868,0.000478,0.0,166
1,0,1,0,0,1,0,0,0,0,1,1,4,0,0,blue_sky_1080p25.y4m,436.64,436.806,2.301245,0.000479,0.0,25
1,1,1,0,1,0,0,1,0,0,0,1,8,0,6,blue_sky_1080p25.y4m,523.73,522.904,1.911329,0.000493,0.0,203
1,1,1,1,0,0,1,1,0,1,1,1,4,5,6,blue_sky_1080p25.y4m,6058.25,6049.652,13.456912,0.000562,0.0,219
1,0,1,0,0,1,0,0,0,0,0,0,4,15,0,blue_sky_1080p25.y4m,747.32,744.938,3.791038,0.000479,0.0,162
1,0,1,1,0,0,1,0,0,0,1,0,4,15,6,blue_sky_1080p25.y4m,4900.52,4901.402,13.386156,0.00042,0.0,182
1,0,1,0,0,1,0,0,0,1,1,0,1,15,6,blue_sky_1080p25.y4m,737.22,739.388,4.754915,0.000479,0.0,10
1,1,1,1,0,0,1,1,0,1,1,1,2,15,0,blue_sky_1080p25.y4m,6356.45,6354.108,16.875164,0.000566,0.0,14
1,1,1,1,0,0,0,1,0,0,0,1,1,0,6,blue_sky_1080p25.y4m,8661.83,8661.692,2.669226,0.000491,0.0,89
1,1,1,1,0,0,0,1,0,1,1,1,1,5,0,blue_sky_1080p25.y4m,9122.15,9121.232,3.270653,0.000492,0.0,116
1,0,1,1,0,0,0,0,0,0,1,1,4,15,3,blue_sky_1080p25.y4m,4452.0,4452.77,9.726644,0.000478,0.0,217
1,1,1,0,1,0,0,1,0,0,1,0,1,0,0,blue_sky_1080p25.y4m,509.43,510.342,2.170085,0.000492,0.0,75
1,1,1,0,1,0,0,1,0,1,1,1,2,15,6,blue_sky_1080p25.y4m,415.84,415.636,1.084818,0.000483,0.0,266
1,0,1,1,0,0,1,0,0,0,1,1,4,15,3,blue_sky_1080p25.y4m,4903.96,4903.63,13.176737,0.000419,0.0,268
1,0,1,0,1,0,1,0,0,1,1,1,4,15,3,blue_sky_1080p25.y4m,286.06,286.204,1.799814,0.000418,0.0,187
1,0,1,0,0,1,1,0,0,0,1,0,8,15,3,blue_sky_1080p25.y4m,513.25,513.944,1.871438,0.00042,0.0,161
1,0,1,0,1,0,1,0,0,0,1,0,2,0,6,blue_sky_1080p25.y4m,286.58,286.824,0.731662,0.000417,0.0,23
1,1,1,1,0,0,0,1,0,1,1,0,2,5,6,blue_sky_1080p25.y4m,5309.0,5303.896,12.408184,0.000484,0.0,2
1,1,1,1,0,0,1,0,1,1,0,1,2,0,0,blue_sky_1080p25.y4m,9067.35,9071.608,10.064058,0.000436,0.0,16
1,0,1,1,0,0,0,0,0,1,1,1,8,15,0,blue_sky_1080p25.y4m,4406.88,4405.496,12.545231,0.000478,0.0,262
1,1,1,1,0,0,0,1,0,1,1,0,4,5,0,blue_sky_1080p25.y4m,5265.4,5256.67,14.613584,0.000483,0.0,66
1,0,1,1,0,0,0,0,0,1,0,0,2,0,0,blue_sky_1080p25.y4m,7814.11,7815.292,2.096943,0.000477,0.0,86
1,0,1,0,1,0,1,0,0,0,1,0,2,5,6,blue_sky_1080p25.y4m,283.2,283.374,0.799581,0.000417,0.0,231
1,0,1,0,1,0,0,0,0,0,0,0,4,5,0,blue_sky_1080p25.y4m,397.38,399.774,3.747276,0.000476,0.0,269
1,1,1,0,1,0,1,1,0,0,1,0,1,5,0,blue_sky_1080p25.y4m,550.85,551.678,2.087575,0.000505,0.0,180
1,0,1,0,0,1,0,0,0,0,1,0,4,5,6,blue_sky_1080p25.y4m,439.97,440.25,1.467293,0.000479,0.0,274
1,1,1,1,0,0,0,1,0,1,1,0,2,15,6,blue_sky_1080p25.y4m,5169.03,5168.942,10.834174,0.00048,0.0,184
1,0,1,0,0,1,1,0,0,0,0,1,4,5,0,blue_sky_1080p25.y4m,861.26,863.602,6.123816,0.00042,0.0,118
1,1,1,1,0,0,0,1,0,0,0,0,1,0,6,blue_sky_1080p25.y4m,8669.97,8669.34,2.901749,0.000488,0.0,254
1,0,1,1,0,0,1,0,0,0,1,1,4,5,0,blue_sky_1080p25.y4m,4848.92,4852.092,13.33562,0.000419,0.0,208
1,0,1,0,0,1,1,0,0,1,1,0,4,5,6,blue_sky_1080p25.y4m,514.33,515.582,2.848328,0.00042,0.0,279
1,1,1,1,0,0,0,1,0,0,1,1,4,15,3,blue_sky_1080p25.y4m,5309.15,5318.56,17.57426,0.000495,0.0,229
1,0,1,0,0,1,1,0,0,1,1,1,1,0,0,blue_sky_1080p25.y4m,859.28,861.216,4.187389,0.000421,0.0,46
1,0,1,0,0,1,0,0,0,1,1,1,4,5,6,blue_sky_1080p25.y4m,432.13,432.7,1.293793,0.000479,0.0,171
1,1,1,1,0,0,0,1,0,0,1,0,2,5,0,blue_sky_1080p25.y4m,5330.72,5329.796,4.289118,0.000493,0.0,99
1,0,1,0,0,1,0,0,0,0,0,0,8,0,0,blue_sky_1080p25.y4m,740.66,741.002,5.989935,0.000479,0.0,81
1,1,1,1,0,0,1,1,0,1,0,1,8,5,0,blue_sky_1080p25.y4m,10844.08,10845.14,3.43464,0.000563,0.0,155
1,0,1,0,1,0,0,0,0,1,0,1,1,15,6,blue_sky_1080p25.y4m,398.71,399.496,2.314105,0.000478,0.0,96
1,1,1,1,0,0,0,1,0,1,1,1,8,0,0,blue_sky_1080p25.y4m,4951.67,4948.464,8.426003,0.000482,0.0,218
1,1,1,1,0,0,1,1,0,1,1,0,8,0,6,blue_sky_1080p25.y4m,5726.36,5722.588,14.452097,0.000561,0.0,53
1,1,1,0,1,0,1,0,1,0,0,0,2,0,0,blue_sky_1080p25.y4m,425.99,427.68,2.73098,0.000398,0.0,109
1,0,1,0,1,0,0,0,0,0,1,0,4,5,6,blue_sky_1080p25.y4m,252.92,252.642,1.103866,0.000477,0.0,185
1,1,1,1,0,0,0,1,0,0,1,1,2,0,0,blue_sky_1080p25.y4m,4818.9,4809.596,15.315771,0.000497,0.0,239
1,0,1,1,0,0,0,0,0,0,0,1,2,0,0,blue_sky_1080p25.y4m,7818.61,7818.692,1.863792,0.000478,0.0,276
1,0,1,1,0,0,1,0,0,0,0,1,4,0,6,blue_sky_1080p25.y4m,8580.11,8583.156,11.171861,0.000417,0.0,257
1,0,1,0,0,1,0,0,0,1,1,0,1,5,0,blue_sky_1080p25.y4m,737.18,739.862,5.24293,0.000479,0.0,42
1,1,1,0,1,0,1,1,0,0,0,0,2,15,3,blue_sky_1080p25.y4m,549.81,551.288,2.922537,0.000502,0.0,204
1,0,1,1,0,0,1,0,0,1,0,1,2,15,6,blue_sky_1080p25.y4m,8576.19,8574.162,4.125278,0.000417,0.0,145
1,0,1,0,1,0,0,0,0,0,0,0,2,0,3,blue_sky_1080p25.y4m,401.71,400.424,2.214087,0.000476,0.0,246
1,1,1,1,0,0,0,1,0,0,1,1,8,0,0,blue_sky_1080p25.y4m,4768.39,4766.3,8.121302,0.000497,0.0,202
1,1,1,0,1,0,0,1,0,1,0,0,2,5,3,blue_sky_1080p25.y4m,679.54,679.484,2.420213,0.000493,0.0,70
1,0,1,0,1,0,0,0,0,0,1,0,1,5,3,blue_sky_1080p25.y4m,395.93,397.086,2.109569,0.000477,0.0,230
1,0,1,0,1,0,1,0,0,0,0,0,4,15,6,blue_sky_1080p25.y4m,457.24,457.286,0.703228,0.000419,0.0,267
1,1,1,1,0,0,1,1,0,0,0,1,8,5,3,blue_sky_1080p25.y4m,9216.28,9217.204,2.915773,0.000503,0.0,146
1,0,1,0,1,0,1,0,0,0,0,1,2,15,0,blue_sky_1080p25.y4m,457.25,457.194,1.924118,0.000419,0.0,27
1,0,1,0,1,0,1,0,0,0,1,1,8,0,3,blue_sky_1080p25.y4m,285.42,285.628,0.763426,0.000418,0.0,137
1,1,1,1,0,0,0,1,0,0,1,1,2,15,0,blue_sky_1080p25.y4m,5324.36,5318.494,15.327282,0.000498,0.0,189
1,1,1,0,1,0,1,1,0,1,0,0,4,15,0,blue_sky_1080p25.y4m,743.39,742.168,2.947892,0.000561,0.0,132
1,1,1,1,0,0,0,0,1,1,0,1,8,0,0,blue_sky_1080p25.y4m,7687.23,7692.596,11.22419,0.000372,0.0,169
1,0,1,0,0,1,0,0,0,0,0,0,1,5,6,blue_sky_1080p25.y4m,746.94,747.01,1.600359,0.000479,0.0,33
1,0,1,1,0,0,0,0,0,0,1,1,8,15,0,blue_sky_1080p25.y4m,4461.48,4453.294,12.303409,0.000478,0.0,205
1,0,1,1,0,0,0,0,0,1,0,1,2,0,0,blue_sky_1080p25.y4m,7817.04,7816.748,3.54361,0.000478,0.0,245
1,1,1,0,1,0,1,1,0,0,1,1,1,15,0,blue_sky_1080p25.y4m,552.49,551.568,2.891975,0.000508,0.0,298
1,0,1,1,0,0,1,0,0,1,1,0,2,5,6,blue_sky_1080p25.y4m,4898.55,4899.302,10.355804,0.00042,0.0,163
1,1,1,1,0,0,0,1,0,0,0,0,1,5,0,blue_sky_1080p25.y4m,9311.75,9310.804,2.967521,0.000487,0.0,123
1,0,1,0,0,1,1,0,0,1,0,0,4,15,0,blue_sky_1080p25.y4m,872.83,871.356,4.372348,0.000421,0.0,4
1,0,1,0,0,1,1,0,0,1,1,0,8,5,6,blue_sky_1080p25.y4m,511.86,511.676,2.225967,0.00042,0.0,141
1,1,1,0,1,0,0,1,0,1,0,0,8,5,6,blue_sky_1080p25.y4m,680.71,678.886,3.527702,0.000493,0.0,129
1,1,1,0,1,0,1,1,0,1,1,0,4,5,3,blue_sky_1080p25.y4m,439.86,439.822,2.363984,0.000565,0.0,159
1,0,1,0,0,1,1,0,0,1,0,0,1,0,0,blue_sky_1080p25.y4m,865.05,868.8,6.000196,0.000421,0.0,22
1,0,1,0,0,1,0,0,0,1,0,1,2,0,6,blue_sky_1080p25.y4m,747.26,749.07,4.566081,0.000478,0.0,175
1,1,1,1,0,0,0,1,0,1,1,1,8,5,6,blue_sky_1080p25.y4m,5227.95,5222.39,9.402385,0.000484,0.0,151
1,1,1,0,1,0,0,1,0,0,1,0,2,5,0,blue_sky_1080p25.y4m,345.44,345.924,1.487794,0.000495,0.0,52
1,0,1,0,0,1,0,0,0,0,0,1,4,0,3,blue_sky_1080p25.y4m,746.29,748.402,5.013115,0.000478,0.0,108
1,0,1,0,1,0,1,0,0,0,0,1,8,15,0,blue_sky_1080p25.y4m,456.09,457.564,2.887686,0.000419,0.0,72
1,0,1,1,0,0,1,0,0,1,1,0,8,0,6,blue_sky_1080p25.y4m,4905.95,4902.668,13.593295,0.00042,0.0,248
1,1,1,1,0,0,1,1,0,1,1,0,8,5,6,blue_sky_1080p25.y4m,6170.86,6162.032,17.043448,0.00056,0.0,174
1,0,1,1,0,0,1,0,0,1,1,1,8,0,3,blue_sky_1080p25.y4m,4914.59,4909.804,10.257543,0.000419,0.0,130
1,1,1,0,1,0,1,1,0,1,1,1,8,15,0,blue_sky_1080p25.y4m,429.4,429.98,1.197351,0.000565,0.0,168
1,0,1,0,0,1,1,0,0,1,0,1,8,0,6,blue_sky_1080p25.y4m,860.55,859.338,4.420641,0.00042,0.0,198
1,0,1,0,0,1,1,0,0,1,1,0,1,0,3,blue_sky_1080p25.y4m,872.42,871.688,4.727861,0.00042,0.0,83
1,1,1,1,0,0,1,1,0,0,1,0,1,0,3,blue_sky_1080p25.y4m,8351.3,8350.006,5.047998,0.000505,0.0,291
1,0,1,0,1,0,0,0,0,1,1,0,1,0,6,blue_sky_1080p25.y4m,394.99,397.302,3.551798,0.000477,0.0,237
1,0,1,0,0,1,0,0,0,1,1,1,2,15,3,blue_sky_1080p25.y4m,439.67,438.556,2.32498,0.000479,0.0,90
1,1,1,1,0,0,1,1,0,0,0,1,1,15,0,blue_sky_1080p25.y4m,9287.2,9290.406,6.102572,0.000501,0.0,87
1,0,1,1,0,0,1,0,0,1,0,0,1,5,0,blue_sky_1080p25.y4m,8577.08,8578.13,3.143302,0.00042,0.0,74
1,0,1,0,0,1,0,0,0,1,0,0,2,0,3,blue_sky_1080p25.y4m,736.98,738.482,4.358655,0.000479,0.0,201
1,0,1,0,1,0,0,0,0,1,0,1,1,0,0,blue_sky_1080p25.y4m,402.19,400.768,2.933619,0.000478,0.0,183
1,0,1,1,0,0,0,0,0,0,0,0,4,0,6,blue_sky_1080p25.y4m,7812.3,7812.45,0.750833,0.000477,0.0,227
1,1,1,0,1,0,1,1,0,0,0,0,1,15,6,blue_sky_1080p25.y4m,550.9,551.624,1.971251,0.000502,0.0,222
1,0,1,0,0,1,0,0,0,0,1,0,8,0,6,blue_sky_1080p25.y4m,438.72,438.572,0.339662,0.000479,0.0,55
1,0,1,1,0,0,0,0,0,0,1,1,2,5,0,blue_sky_1080p25.y4m,4420.01,4410.222,14.849295,0.000478,0.0,142
1,0,1,1,0,0,1,0,0,1,0,1,1,5,6,blue_sky_1080p25.y4m,8574.67,8574.124,3.223628,0.000417,0.0,124
1,0,1,1,0,0,1,0,0,0,0,0,8,0,0,blue_sky_1080p25.y4m,8500.87,8500.426,7.17856,0.00042,0.0,95
1,0,1,1,0,0,1,0,0,1,0,0,2,15,0,blue_sky_1080p25.y4m,8577.23,8575.742,7.743925,0.00042,0.0,241
1,0,1,0,1,0,0,0,0,0,1,1,1,5,3,blue_sky_1080p25.y4m,399.39,397.604,2.720125,0.000478,0.0,289
1,0,1,1,0,0,1,0,0,1,1,0,1,5,0,blue_sky_1080p25.y4m,8568.59,8569.984,2.250373,0.00042,0.0,278
1,1,1,0,1,0,0,1,0,1,1,0,1,0,6,blue_sky_1080p25.y4m,649.28,649.97,1.439392,0.000481,0.0,176
1,0,1,0,0,1,1,0,0,0,1,0,8,5,0,blue_sky_1080p25.y4m,512.67,513.786,1.969348,0.00042,0.0,122
1,0,1,0,0,1,0,0,0,0,1,0,4,0,6,blue_sky_1080p25.y4m,439.14,440.086,2.137658,0.000479,0.0,30
1,1,1,0,1,0,0,1,0,0,0,0,2,0,6,blue_sky_1080p25.y4m,521.59,521.122,2.207322,0.000491,0.0,251
1,0,1,1,0,0,0,0,0,0,0,1,1,0,0,blue_sky_1080p25.y4m,7816.18,7816.402,3.529309,0.000478,0.0,120
1,0,1,1,0,0,0,0,0,0,0,1,2,15,6,blue_sky_1080p25.y4m,7821.55,7820.58,3.993426,0.000478,0.0,144
1,0,1,0,1,0,1,0,0,0,0,0,1,0,3,blue_sky_1080p25.y4m,459.25,459.424,2.948581,0.000419,0.0,265
1,1,1,0,1,0,0,1,0,0,1,0,2,0,6,blue_sky_1080p25.y4m,323.98,323.878,0.937534,0.000492,0.0,260
1,1,1,0,1,0,0,1,0,0,0,1,1,0,3,blue_sky_1080p25.y4m,524.76,524.402,2.592184,0.000493,0.0,78
1,0,1,0,1,0,0,0,0,0,1,1,8,15,3,blue_sky_1080p25.y4m,252.94,252.668,1.433342,0.000478,0.0,84
1,0,1,1,0,0,1,0,0,1,0,0,4,15,3,blue_sky_1080p25.y4m,8574.89,8578.764,7.850164,0.00042,0.0,296
1,0,1,0,0,1,0,0,0,0,0,1,2,5,6,blue_sky_1080p25.y4m,749.39,750.764,4.845465,0.000478,0.0,232
1,0,1,0,0,1,1,0,0,0,1,0,4,15,6,blue_sky_1080p25.y4m,515.14,516.994,4.819801,0.00042,0.0,213
1,1,1,0,1,0,0,1,0,0,1,1,8,15,3,blue_sky_1080p25.y4m,348.06,348.512,1.546406,0.000495,0.0,94
1,0,1,0,1,0,0,0,0,0,1,1,1,5,0,blue_sky_1080p25.y4m,394.05,393.764,1.126601,0.000478,0.0,178
1,0,1,1,0,0,1,0,0,1,0,0,4,0,0,blue_sky_1080p25.y4m,8571.96,8571.864,1.471744,0.00042,0.0,127
1,1,1,0,1,0,1,1,0,0,1,0,8,5,6,blue_sky_1080p25.y4m,348.29,348.192,0.279857,0.000504,0.0,111
1,0,1,0,1,0,0,0,0,0,0,1,1,0,6,blue_sky_1080p25.y4m,402.61,401.804,1.828601,0.000478,0.0,92
1,1,1,1,0,0,0,1,0,0,1,0,8,15,6,blue_sky_1080p25.y4m,5293.26,5296.486,14.31612,0.000493,0.0,54
1,0,1,0,0,1,0,0,0,0,0,1,2,15,0,blue_sky_1080p25.y4m,747.68,749.792,4.728358,0.000478,0.0,45
1,0,1,1,0,0,0,0,0,1,0,0,4,0,6,blue_sky_1080p25.y4m,7814.66,7815.318,2.146502,0.000477,0.0,226
1,1,1,1,0,0,1,1,0,1,0,0,8,5,0,blue_sky_1080p25.y4m,11103.82,11106.514,4.335595,0.000563,0.0,200
1,0,1,0,0,1,1,0,0,1,0,1,8,5,6,blue_sky_1080p25.y4m,861.79,863.232,4.873979,0.00042,0.0,59
1,1,1,0,1,0,1,0,1,0,0,1,2,0,0,blue_sky_1080p25.y4m,429.05,428.39,2.312001,0.0004,0.0,19
1,1,1,1,0,0,0,1,0,1,0,0,2,15,0,blue_sky_1080p25.y4m,9225.19,9227.054,6.207506,0.000481,0.0,47
1,1,1,0,1,0,1,1,0,0,0,1,4,5,6,blue_sky_1080p25.y4m,549.26,551.076,2.617017,0.0005,0.0,32
1,1,1,0,1,0,0,1,0,1,0,0,1,5,6,blue_sky_1080p25.y4m,674.98,676.256,2.479119,0.000493,0.0,170
1,0,1,0,0,1,0,0,0,1,1,0,1,15,0,blue_sky_1080p25.y4m,736.75,736.382,1.145631,0.000479,0.0,270
1,0,1,1,0,0,1,0,0,1,0,1,4,15,6,blue_sky_1080p25.y4m,8572.76,8572.456,1.969005,0.000417,0.0,207
1,1,1,0,1,0,0,1,0,1,1,1,1,5,6,blue_sky_1080p25.y4m,667.79,668.086,1.823398,0.000483,0.0,43
1,0,1,0,1,0,1,0,0,0,1,1,1,0,3,blue_sky_1080p25.y4m,457.37,456.934,1.393442,0.000418,0.0,40
1,1,1,0,1,0,0,1,0,0,1,1,1,5,3,blue_sky_1080p25.y4m,531.8,532.484,2.308956,0.000497,0.0,117
1,0,1,0,0,1,0,0,0,0,1,0,8,15,6,blue_sky_1080p25.y4m,440.7,440.14,1.14453,0.000479,0.0,253
1,0,1,1,0,0,0,0,0,1,0,0,1,15,3,blue_sky_1080p25.y4m,7811.05,7812.078,1.936419,0.000477,0.0,68
1,1,1,1,0,0,0,1,0,1,1,1,1,15,6,blue_sky_1080p25.y4m,8721.13,8721.764,2.710716,0.000481,0.0,186
1,1,1,0,1,0,1,1,0,0,0,1,8,15,3,blue_sky_1080p25.y4m,555.78,555.218,2.714253,0.000502,0.0,288
1,1,1,0,1,0,0,1,0,0,0,0,2,0,0,blue_sky_1080p25.y4m,516.9,518.866,2.833651,0.000491,0.0,15
1,0,1,1,0,0,0,0,0,0,1,1,2,15,3,blue_sky_1080p25.y4m,4488.56,4483.636,10.973478,0.000478,0.0,82
1,1,1,1,0,0,0,1,0,0,0,0,4,15,6,blue_sky_1080p25.y4m,9457.89,9458.534,2.6339,0.000486,0.0,211
1,0,1,0,1,0,1,0,0,1,1,1,8,15,6,blue_sky_1080p25.y4m,285.76,285.336,1.978972,0.000418,0.0,177
1,1,1,0,1,0,0,1,0,1,1,1,2,5,3,blue_sky_1080p25.y4m,419.84,420.864,2.514086,0.000483,0.0,210
1,0,1,1,0,0,0,0,0,1,1,1,2,0,3,blue_sky_1080p25.y4m,4445.46,4448.608,13.207387,0.000478,0.0,13
1,0,1,0,1,0,1,0,0,0,0,1,2,15,3,blue_sky_1080p25.y4m,449.92,450.924,2.457006,0.000419,0.0,228
1,0,1,0,1,0,1,0,0,1,1,0,4,5,3,blue_sky_1080p25.y4m,287.38,287.512,0.684449,0.000417,0.0,38
1,1,1,1,0,0,0,1,0,0,0,1,4,15,6,blue_sky_1080p25.y4m,9281.13,9281.218,1.819552,0.000488,0.0,29
1,1,1,1,0,0,1,0,1,1,0,0,8,0,0,blue_sky_1080p25.y4m,8880.99,8885.312,6.93399,0.000433,0.0,24
1,1,1,1,0,0,0,1,0,0,0,0,8,5,6,blue_sky_1080p25.y4m,9528.08,9528.948,6.69212,0.000489,0.0,293
1,1,1,1,0,0,0,1,0,0,1,0,2,5,6,blue_sky_1080p25.y4m,5222.42,5218.422,12.581811,0.000494,0.0,67
1,1,1,0,1,0,0,1,0,1,0,1,2,5,0,blue_sky_1080p25.y4m,681.62,682.314,1.966108,0.000483,0.0,199
1,0,1,0,0,1,1,0,0,1,1,0,8,15,3,blue_sky_1080p25.y4m,512.64,513.008,2.858998,0.00042,0.0,244
1,0,1,0,0,1,1,0,0,0,0,0,8,15,0,blue_sky_1080p25.y4m,864.59,865.742,3.613664,0.000421,0.0,80
1,1,1,1,0,0,1,1,0,1,1,1,2,0,3,blue_sky_1080p25.y4m,5786.7,5780.932,13.206883,0.00056,0.0,223
1,1,1,0,1,0,1,1,0,0,1,0,8,5,0,blue_sky_1080p25.y4m,351.34,351.12,1.083859,0.000505,0.0,121
1,0,1,1,0,0,1,0,0,0,0,0,8,5,3,blue_sky_1080p25.y4m,8497.61,8498.92,4.846664,0.00042,0.0,261
1,0,1,1,0,0,1,0,0,1,1,0,1,5,6,blue_sky_1080p25.y4m,8573.74,8573.61,3.975198,0.00042,0.0,156
1,1,1,1,0,0,0,1,0,0,1,0,4,15,3,blue_sky_1080p25.y4m,5297.8,5302.742,14.81243,0.000493,0.0,271
1,1,1,1,0,0,1,1,0,1,0,0,2,15,3,blue_sky_1080p25.y4m,10810.48,10813.686,9.257207,0.000564,0.0,9
1,1,1,1,0,0,1,1,0,1,0,1,1,0,0,blue_sky_1080p25.y4m,10276.86,10282.804,13.262301,0.000561,0.0,165
1,0,1,0,0,1,1,0,0,1,0,0,1,15,6,blue_sky_1080p25.y4m,866.57,868.388,5.272824,0.000421,0.0,126
1,0,1,1,0,0,1,0,0,1,1,1,8,5,0,blue_sky_1080p25.y4m,4914.46,4904.044,15.591351,0.000419,0.0,280
1,0,1,1,0,0,0,0,0,1,1,0,2,5,3,blue_sky_1080p25.y4m,4425.7,4419.434,11.944835,0.000478,0.0,172
1,0,1,0,1,0,1,0,0,0,0,0,1,15,6,blue_sky_1080p25.y4m,461.61,460.854,1.889955,0.000419,0.0,292
1,0,1,0,0,1,0,0,0,1,0,1,1,0,3,blue_sky_1080p25.y4m,753.55,751.198,5.042546,0.000478,0.0,179
1,0,1,0,0,1,1,0,0,1,0,1,2,0,3,blue_sky_1080p25.y4m,871.4,869.56,4.758393,0.00042,0.0,272
1,0,1,0,0,1,1,0,0,0,1,0,4,5,0,blue_sky_1080p25.y4m,513.07,512.574,2.15812,0.00042,0.0,105
1,0,1,0,1,0,0,0,0,0,0,0,1,0,3,blue_sky_1080p25.y4m,401.86,401.276,2.968077,0.000476,0.0,76
1,0,1,1,0,0,1,0,0,0,1,0,4,15,3,blue_sky_1080p25.y4m,4915.66,4910.522,13.656514,0.00042,0.0,197
1,1,1,1,0,0,1,1,0,0,1,0,1,15,0,blue_sky_1080p25.y4m,9270.57,9271.514,2.081305,0.000505,0.0,221
1,1,1,1,0,0,1,1,0,0,1,0,8,15,6,blue_sky_1080p25.y4m,5215.41,5222.724,15.15374,0.000505,0.0,167
1,1,1,0,1,0,0,1,0,1,0,1,4,15,6,blue_sky_1080p25.y4m,664.53,663.77,2.975307,0.000481,0.0,136
1,1,1,1,0,0,0,1,0,1,0,1,8,15,6,blue_sky_1080p25.y4m,9115.69,9116.726,4.360175,0.00048,0.0,243
1,0,1,0,1,0,0,0,0,1,0,1,8,15,6,blue_sky_1080p25.y4m,398.31,399.28,2.394358,0.000478,0.0,60
1,0,1,1,0,0,0,0,0,1,0,1,2,0,6,blue_sky_1080p25.y4m,7818.77,7819.54,4.13092,0.000478,0.0,110
1,1,1,1,0,0,1,1,0,1,0,0,1,15,6,blue_sky_1080p25.y4m,10811.64,10821.952,25.261359,0.000564,0.0,35
1,0,1,1,0,0,1,0,0,0,1,1,2,5,6,blue_sky_1080p25.y4m,4862.3,4854.62,14.41874,0.000419,0.0,235
1,0,1,1,0,0,0,0,0,1,0,0,1,0,3,blue_sky_1080p25.y4m,7811.46,7811.51,2.707268,0.000477,0.0,44
1,1,1,0,1,0,1,1,0,0,1,0,4,15,3,blue_sky_1080p25.y4m,349.32,349.178,1.539747,0.000503,0.0,256
1,0,1,0,0,1,0,0,0,0,1,1,8,0,0,blue_sky_1080p25.y4m,437.2,436.726,2.827159,0.000479,0.0,192
1,0,1,0,1,0,0,0,0,0,1,1,2,0,0,blue_sky_1080p25.y4m,251.39,251.232,0.772412,0.000478,0.0,41
1,0,1,1,0,0,0,0,0,0,1,0,4,5,0,blue_sky_1080p25.y4m,4472.2,4467.2,11.424979,0.000478,0.0,37
1,0,1,0,0,1,0,0,0,0,0,0,4,5,0,blue_sky_1080p25.y4m,752.96,751.5,4.569524,0.000479,0.0,26
1,1,1,1,0,0,0,1,0,0,0,0,1,0,3,blue_sky_1080p25.y4m,8672.13,8670.478,4.143111,0.000488,0.0,273
1,1,1,1,0,0,1,1,0,0,0,1,1,5,6,blue_sky_1080p25.y4m,9218.43,9222.204,8.887409,0.000503,0.0,233
1,1,1,0,1,0,1,1,0,0,1,1,8,0,0,blue_sky_1080p25.y4m,329.8,329.846,1.423703,0.000506,0.0,101
1,0,1,1,0,0,0,0,0,0,0,1,2,5,3,blue_sky_1080p25.y4m,7815.57,7815.518,1.658951,0.000478,0.0,39
1,1,1,0,1,0,0,1,0,0,0,1,1,15,0,blue_sky_1080p25.y4m,551.8,552.346,1.778421,0.000491,0.0,106
1,1,1,0,1,0,0,0,1,1,0,0,1,0,0,blue_sky_1080p25.y4m,457.42,458.764,3.120638,0.000377,0.0,242
1,1,1,1,0,0,1,1,0,0,1,0,2,15,0,blue_sky_1080p25.y4m,5267.82,5264.844,12.031385,0.000505,0.0,193
1,0,1,0,1,0,1,0,0,0,1,0,1,15,6,blue_sky_1080p25.y4m,453.71,455.994,3.787457,0.000417,0.0,103
1,1,1,0,1,0,0,1,0,1,1,1,8,5,6,blue_sky_1080p25.y4m,418.92,419.336,1.376419,0.000483,0.0,1
1,0,1,1,0,0,0,0,0,1,1,1,1,0,0,blue_sky_1080p25.y4m,7762.58,7762.206,3.549053,0.000478,0.0,61
1,1,1,1,0,0,0,0,1,0,0,0,2,0,0,blue_sky_1080p25.y4m,7580.67,7580.532,5.978417,0.000386,0.0,56
1,1,1,0,1,0,0,1,0,0,1,0,8,15,3,blue_sky_1080p25.y4m,340.82,340.834,0.878624,0.000494,0.0,148
1,0,1,0,1,0,0,0,0,1,0,1,2,5,0,blue_sky_1080p25.y4m,396.73,396.964,0.535845,0.000478,0.0,112
1,0,1,0,1,0,1,0,0,0,1,0,8,15,3,blue_sky_1080p25.y4m,286.67,286.864,1.644044,0.000417,0.0,300
1,0,1,0,1,0,0,0,0,1,1,0,4,15,0,blue_sky_1080p25.y4m,252.14,252.394,1.642522,0.000477,0.0,249
1,0,1,0,1,0,0,0,0,0,0,1,2,0,0,blue_sky_1080p25.y4m,401.4,400.468,1.930886,0.000478,0.0,20
1,1,1,1,0,0,1,1,0,1,0,1,1,5,0,blue_sky_1080p25.y4m,10755.23,10750.666,8.224812,0.000563,0.0,104
1,1,1,1,0,0,0,1,0,1,1,1,8,15,6,blue_sky_1080p25.y4m,5052.1,5055.604,10.992435,0.000481,0.0,131
1,0,1,1,0,0,0,0,0,0,0,0,2,0,3,blue_sky_1080p25.y4m,7811.81,7813.138,3.418029,0.000477,0.0,69
1,0,1,0,1,0,1,0,0,0,0,0,2,0,3,blue_sky_1080p25.y4m,461.38,460.12,2.826066,0.000419,0.0,220
1,1,1,1,0,0,1,1,0,1,1,1,8,15,6,blue_sky_1080p25.y4m,6178.65,6173.642,14.356942,0.000567,0.0,11
1,1,1,1,0,0,1,1,0,1,0,0,4,15,6,blue_sky_1080p25.y4m,10904.96,10904.43,3.587903,0.000564,0.0,258
1,0,1,0,1,0,1,0,0,0,0,0,2,15,3,blue_sky_1080p25.y4m,462.83,461.458,2.804955,0.000419,0.0,65
1,0,1,0,0,1,1,0,0,0,0,0,2,15,0,blue_sky_1080p25.y4m,855.29,855.668,3.012959,0.000421,0.0,160
1,0,1,0,0,1,1,0,0,0,0,0,8,0,0,blue_sky_1080p25.y4m,864.2,866.014,4.50915,0.000421,0.0,238
1,1,1,1,0,0,0,1,0,0,0,0,4,0,0,blue_sky_1080p25.y4m,8670.76,8670.648,2.593708,0.000488,0.0,57
1,1,1,0,1,0,0,1,0,1,0,1,2,0,0,blue_sky_1080p25.y4m,618.84,619.57,1.647984,0.00048,0.0,79
1,0,1,0,1,0,1,0,0,0,1,0,4,15,3,blue_sky_1080p25.y4m,287.97,287.64,0.849147,0.000417,0.0,224
1,1,1,0,1,0,0,1,0,1,0,0,2,0,3,blue_sky_1080p25.y4m,664.0,665.088,2.335759,0.000481,0.0,48
1,0,1,0,1,0,1,0,0,0,0,1,8,0,6,blue_sky_1080p25.y4m,455.31,456.408,2.711747,0.000419,0.0,173
1,1,1,1,0,0,1,1,0,0,1,1,1,0,0,blue_sky_1080p25.y4m,8322.28,8322.974,1.285372,0.000506,0.0,283
1,0,1,0,1,0,0,0,0,0,0,0,1,0,6,blue_sky_1080p25.y4m,401.86,400.798,3.909107,0.000476,0.0,190
1,0,1,0,1,0,1,0,0,1,1,1,4,0,6,blue_sky_1080p25.y4m,286.12,285.988,1.756551,0.000418,0.0,259
1,0,1,1,0,0,0,0,0,0,0,1,1,15,3,blue_sky_1080p25.y4m,7818.09,7817.214,2.846459,0.000478,0.0,7
1,0,1,0,0,1,0,0,0,0,0,1,2,5,0,blue_sky_1080p25.y4m,745.01,748.45,6.087771,0.000478,0.0,73
1,1,1,1,0,0,1,1,0,0,0,0,2,0,6,blue_sky_1080p25.y4m,8555.12,8552.68,8.102947,0.000504,0.0,63
1,0,1,0,0,1,1,0,0,1,1,0,2,15,3,blue_sky_1080p25.y4m,514.48,514.46,2.330869,0.00042,0.0,284
1,0,1,1,0,0,1,0,0,1,0,1,8,15,6,blue_sky_1080p25.y4m,8571.94,8573.542,5.11324,0.000417,0.0,250
1,1,1,0,1,0,0,1,0,0,0,0,2,5,0,blue_sky_1080p25.y4m,553.16,554.506,2.404055,0.000488,0.0,209
1,0,1,0,1,0,1,0,0,0,0,1,4,5,3,blue_sky_1080p25.y4m,455.13,457.084,3.539927,0.000419,0.0,138
1,1,1,1,0,0,0,0,1,1,1,0,1,0,0,blue_sky_1080p25.y4m,7761.3,7763.6,4.926099,0.000374,0.0,135
1,1,1,1,0,0,1,1,0,1,1,0,4,5,3,blue_sky_1080p25.y4m,6148.45,6152.636,15.309064,0.00056,0.0,264
1,1,1,1,0,0,0,1,0,1,1,0,2,0,6,blue_sky_1080p25.y4m,5100.67,5098.278,20.513112,0.000484,0.0,215
1,0,1,0,0,1,0,0,0,0,1,1,4,5,3,blue_sky_1080p25.y4m,438.14,437.664,1.990736,0.000479,0.0,50
1,0,1,1,0,0,0,0,0,1,1,0,4,0,6,blue_sky_1080p25.y4m,4470.17,4464.144,10.068321,0.000478,0.0,98
1,1,1,1,0,0,0,1,0,1,1,0,1,15,0,blue_sky_1080p25.y4m,8731.6,8732.628,4.004737,0.000482,0.0,140
1,1,1,1,0,0,0,1,0,0,1,1,1,0,3,blue_sky_1080p25.y4m,8430.15,8429.476,1.405269,0.000497,0.0,113
1,0,1,0,1,0,1,0,0,1,1,0,1,0,6,blue_sky_1080p25.y4m,456.8,457.662,3.396928,0.000417,0.0,3
1,0,1,0,0,1,0,0,0,1,1,1,8,0,0,blue_sky_1080p25.y4m,437.84,438.192,2.951063,0.000479,0.0,149
1,0,1,1,0,0,0,0,0,0,1,1,8,5,6,blue_sky_1080p25.y4m,4439.39,4446.268,13.061607,0.000478,0.0,153
1,1,1,1,0,0,1,1,0,1,1,0,2,15,6,blue_sky_1080p25.y4m,6095.67,6090.77,15.990483,0.000565,0.0,133
1,0,1,1,0,0,0,0,0,0,0,0,1,0,3,blue_sky_1080p25.y4m,7813.6,7815.828,6.487486,0.000477,0.0,191
1,1,1,0,1,0,0,1,0,1,0,1,1,0,6,blue_sky_1080p25.y4m,621.3,621.31,3.112909,0.00048,0.0,100
1,0,1,1,0,0,1,0,0,0,1,0,4,0,3,blue_sky_1080p25.y4m,4910.09,4906.47,13.601853,0.00042,0.0,85
1,0,1,0,0,1,1,0,0,0,0,0,2,0,3,blue_sky_1080p25.y4m,856.78,856.898,2.260148,0.000421,0.0,88
1,0,1,0,1,0,1,0,0,1,1,0,4,15,6,blue_sky_1080p25.y4m,283.15,283.914,2.195935,0.000417,0.0,31
1,0,1,0,0,1,1,0,0,0,0,0,4,5,3,blue_sky_1080p25.y4m,867.14,868.498,4.154873,0.000421,0.0,134
1,1,1,0,1,0,1,1,0,1,1,1,8,0,3,blue_sky_1080p25.y4m,415.3,416.066,1.869005,0.000563,0.0,147
1,1,1,1,0,0,0,1,0,0,1,1,4,15,6,blue_sky_1080p25.y4m,5338.66,5337.502,3.160035,0.000495,0.0,275
1,0,1,0,0,1,1,0,0,0,1,0,4,15,3,blue_sky_1080p25.y4m,506.13,507.1,2.782795,0.00042,0.0,143
1,1,1,0,1,0,1,1,0,1,0,0,1,5,6,blue_sky_1080p25.y4m,714.26,714.402,3.946685,0.00056,0.0,8
1,1,1,1,0,0,1,1,0,0,1,1,4,5,3,blue_sky_1080p25.y4m,5340.72,5328.818,17.301896,0.000506,0.0,216
1,0,1,1,0,0,1,0,0,1,0,0,1,0,3,blue_sky_1080p25.y4m,8574.89,8574.93,2.083087,0.00042,0.0,214
1,0,1,0,0,1,0,0,0,0,0,0,1,5,0,blue_sky_1080p25.y4m,746.36,748.356,4.673556,0.000479,0.0,17
1,0,1,0,0,1,1,0,0,0,0,0,1,5,0,blue_sky_1080p25.y4m,873.44,872.496,4.265329,0.000421,0.0,206
1,0,1,0,1,0,0,0,0,1,1,1,8,15,0,blue_sky_1080p25.y4m,251.84,252.614,1.819417,0.000478,0.0,36
1,1,1,0,1,0,1,1,0,0,0,0,4,15,3,blue_sky_1080p25.y4m,550.13,550.728,2.242726,0.000502,0.0,6
1,0,1,1,0,0,1,0,0,0,0,1,1,0,6,blue_sky_1080p25.y4m,8574.57,8576.238,5.636796,0.000417,0.0,5
1,0,1,1,0,0,1,0,0,0,0,0,8,15,6,blue_sky_1080p25.y4m,8573.78,8577.706,11.424725,0.00042,0.0,164
1,0,1,0,0,1,0,0,0,1,0,0,8,0,6,blue_sky_1080p25.y4m,753.79,750.276,5.124479,0.000479,0.0,97
1,0,1,1,0,0,0,0,0,0,1,0,2,5,3,blue_sky_1080p25.y4m,4427.13,4423.378,5.891466,0.000478,0.0,236
1,1,1,0,1,0,1,1,0,0,0,0,8,5,0,blue_sky_1080p25.y4m,561.46,561.608,2.56017,0.000498,0.0,71
1,1,1,0,1,0,1,1,0,1,0,1,2,0,3,blue_sky_1080p25.y4m,679.3,680.82,3.704598,0.000559,0.0,295
1,0,1,1,0,0,1,0,0,1,1,0,8,5,3,blue_sky_1080p25.y4m,4906.5,4904.946,13.265991,0.00042,0.0,286
1,0,1,0,1,0,0,0,0,0,0,1,1,5,0,blue_sky_1080p25.y4m,397.18,397.306,0.600442,0.000478,0.0,34
1,0,1,0,1,0,1,0,0,1,1,1,1,5,3,blue_sky_1080p25.y4m,454.28,454.732,2.859523,0.000418,0.0,240
1,0,1,0,0,1,1,0,0,0,0,1,4,15,3,blue_sky_1080p25.y4m,861.02,859.62,4.15546,0.00042,0.0,18
1,0,1,0,1,0,0,0,0,0,1,0,8,0,6,blue_sky_1080p25.y4m,248.97,249.122,1.261337,0.000477,0.0,102
1,1,1,1,0,0,1,0,1,0,1,0,4,0,0,blue_sky_1080p25.y4m,4508.43,4505.002,7.688831,0.000395,0.0,51
1,1,1,1,0,0,1,1,0,0,0,1,4,15,6,blue_sky_1080p25.y4m,9184.9,9186.662,5.715957,0.000501,0.0,282
1,0,1,0,1,0,1,0,0,1,1,1,1,0,3,blue_sky_1080p25.y4m,453.62,455.336,3.036384,0.000418,0.0,77
1,0,1,1,0,0,1,0,0,0,1,0,2,0,3,blue_sky_1080p25.y4m,4913.23,4910.386,8.65433,0.00042,0.0,128
1,1,1,0,1,0,1,1,0,0,0,0,2,5,3,blue_sky_1080p25.y4m,550.26,550.814,2.728109,0.000499,0.0,234
1,0,1,1,0,0,0,0,0,0,1,1,1,0,0,blue_sky_1080p25.y4m,7758.36,7760.074,5.334166,0.000478,0.0,252
1,0,1,1,0,0,1,0,0,0,0,1,4,0,3,blue_sky_1080p25.y4m,8575.51,8574.95,1.136948,0.000417,0.0,28
1,0,1,0,0,1,1,0,0,1,1,1,8,15,3,blue_sky_1080p25.y4m,507.96,508.182,2.487754,0.000421,0.0,139
1,0,1,0,0,1,0,0,0,0,0,1,1,5,0,blue_sky_1080p25.y4m,745.86,745.702,1.662519,0.000478,0.0,158
1,1,1,0,1,0,1,1,0,1,0,1,8,5,3,blue_sky_1080p25.y4m,712.4,713.46,3.031773,0.000559,0.0,152
1,0,1,1,0,0,1,0,0,1,0,0,2,0,6,blue_sky_1080p25.y4m,8576.06,8579.964,8.433495,0.00042,0.0,12
1,1,1,0,1,0,0,1,0,0,0,1,4,15,3,blue_sky_1080p25.y4m,544.15,542.576,2.591009,0.000492,0.0,294
1,1,1,0,1,0,0,1,0,0,0,1,8,15,3,blue_sky_1080p25.y4m,538.3,539.006,2.078444,0.000492,0.0,154
1,1,1,1,0,0,0,1,0,1,0,0,2,15,6,blue_sky_1080p25.y4m,8806.53,8808.234,3.31482,0.000478,0.0,157
1,0,1,1,0,0,1,0,0,1,1,1,2,0,3,blue_sky_1080p25.y4m,4916.41,4910.462,12.478364,0.000419,0.0,150
1,1,1,0,1,0,1,1,0,0,1,0,8,0,6,blue_sky_1080p25.y4m,324.46,324.394,1.354559,0.000503,0.0,287
1,0,1,0,1,0,0,0,0,1,1,0,1,0,3,blue_sky_1080p25.y4m,395.73,396.596,2.474597,0.000477,0.0,297
1,0,1,0,0,1,0,0,0,1,1,0,8,15,0,blue_sky_1080p25.y4m,440.72,440.424,1.776297,0.000479,0.0,263
1,1,1,0,1,0,0,1,0,1,1,1,1,5,3,blue_sky_1080p25.y4m,667.1,666.648,2.071779,0.000483,0.0,255
1,0,1,1,0,0,0,0,0,1,1,0,8,15,3,blue_sky_1080p25.y4m,4463.11,4464.622,5.739971,0.000478,0.0,115
1,0,1,0,0,1,1,0,0,1,0,1,4,15,3,blue_sky_1080p25.y4m,862.27,863.02,4.226387,0.00042,0.0,188
1,0,1,0,0,1,1,0,0,0,0,1,8,0,6,blue_sky_1080p25.y4m,869.25,868.654,3.575546,0.00042,0.0,212
1,0,1,1,0,0,1,0,0,0,0,1,1,15,3,blue_sky_1080p25.y4m,8572.06,8571.244,3.353286,0.000417,0.0,195
1,0,1,0,1,0,0,0,0,0,1,1,2,15,0,blue_sky_1080p25.y4m,250.91,251.272,0.983651,0.000478,0.0,119
1,0,1,1,0,0,0,0,0,1,0,1,4,15,0,blue_sky_1080p25.y4m,7814.53,7816.552,4.498458,0.000478,0.0,58
1,0,1,0,1,0,1,0,0,1,0,1,4,0,6,blue_sky_1080p25.y4m,459.28,459.136,2.392066,0.000419,0.0,277
1,0,1,0,1,0,1,0,0,0,1,1,4,5,6,blue_sky_1080p25.y4m,287.4,286.922,1.594089,0.000418,0.0,64
1,1,1,0,1,0,1,1,0,1,0,0,2,0,0,blue_sky_1080p25.y4m,670.05,672.204,3.698416,0.00056,0.0,285
1,1,1,0,1,0,1,1,0,1,0,0,4,0,0,blue_sky_1080p25.y4m,670.55,672.13,3.632823,0.00056,0.0,290
1,0,1,1,0,0,0,0,0,1,0,1,8,5,6,blue_sky_1080p25.y4m,7754.72,7756.12,5.646291,0.000478,0.0,196
1,1,1,1,0,0,1,0,1,1,1,1,1,0,0,blue_sky_1080p25.y4m,9092.98,9093.226,3.129134,0.000437,0.0,93
1,0,1,1,0,0,1,0,0,0,1,1,4,5,6,blue_sky_1080p25.y4m,4901.41,4905.812,10.005217,0.000419,0.0,299
1,0,1,1,0,0,0,0,0,1,0,0,2,5,0,blue_sky_1080p25.y4m,7814.36,7813.994,1.890894,0.000477,0.0,125
1,1,1,0,1,0,0,1,0,1,0,1,2,15,6,blue_sky_1080p25.y4m,664.74,664.622,0.749213,0.000481,0.0,21
1,0,1,0,1,0,0,0,0,1,0,1,2,0,0,blue_sky_1080p25.y4m,397.49,395.928,2.910862,0.000478,0.0,225
1,0,1,0,1,0,0,0,0,1,0,0,2,5,0,old_town_cross_1080p50.y4m,420.04,420.032,1.337449,9.7e-05,0.0,114
1,1,1,1,0,0,0,0,1,0,0,1,1,0,0,old_town_cross_1080p50.y4m,8268.18,8266.578,9.105326,6.9e-05,0.0,281
1,1,1,1,0,0,0,1,0,1,1,0,2,5,0,old_town_cross_1080p50.y4m,5021.19,5010.096,35.559418,8e-05,0.0,49
1,0,1,0,0,1,1,0,0,0,0,0,2,15,6,old_town_cross_1080p50.y4m,841.31,838.442,4.511914,0.000105,0.0,194
1,0,1,1,0,0,0,0,0,0,0,0,2,0,6,old_town_cross_1080p50.y4m,9219.51,9219.04,2.296574,9.9e-05,0.0,62
1,1,1,0,1,0,0,1,0,1,1,1,1,15,3,old_town_cross_1080p50.y4m,431.75,432.598,1.918598,8.2e-05,0.0,91
1,0,1,0,0,1,1,0,0,0,0,0,4,0,6,old_town_cross_1080p50.y4m,833.56,835.84,5.035698,0.000105,0.0,107
1,0,1,1,0,0,1,0,0,0,0,1,4,5,3,old_town_cross_1080p50.y4m,9470.53,9449.58,47.107655,0.000104,0.0,181
1,0,1,0,1,0,1,0,0,0,0,0,4,5,0,old_town_cross_1080p50.y4m,420.65,420.032,1.922035,0.000105,0.0,247
1,0,1,1,0,0,0,0,0,1,1,0,4,5,3,old_town_cross_1080p50.y4m,4997.74,5001.9,30.198002,0.0001,0.0,166
1,0,1,0,0,1,0,0,0,0,1,1,4,0,0,old_town_cross_1080p50.y4m,464.3,466.438,3.503437,0.0001,0.0,25
1,1,1,0,1,0,0,1,0,0,0,1,8,0,6,old_town_cross_1080p50.y4m,387.57,393.154,8.408492,8e-05,0.0,203
1,1,1,1,0,0,1,1,0,1,1,1,4,5,6,old_town_cross_1080p50.y4m,5174.12,5162.588,38.346432,8.5e-05,0.0,219
1,0,1,0,0,1,0,0,0,0,0,0,4,15,0,old_town_cross_1080p50.y4m,832.2,830.38,10.379713,0.0001,0.0,162
1,0,1,1,0,0,1,0,0,0,1,0,4,15,6,old_town_cross_1080p50.y4m,5161.32,5162.128,2.834955,0.000105,0.0,182
1,0,1,0,0,1,0,0,0,1,1,0,1,15,6,old_town_cross_1080p50.y4m,844.02,839.454,8.050508,0.0001,0.0,10
1,1,1,1,0,0,1,1,0,1,1,1,2,15,0,old_town_cross_1080p50.y4m,5347.32,5340.456,24.007137,8.5e-05,0.0,14
1,1,1,1,0,0,0,1,0,0,0,1,1,0,6,old_town_cross_1080p50.y4m,8998.02,9004.53,16.236812,8.1e-05,0.0,89
1,1,1,1,0,0,0,1,0,1,1,1,1,5,0,old_town_cross_1080p50.y4m,9241.65,9243.194,4.055654,8.2e-05,0.0,116
1,0,1,1,0,0,0,0,0,0,1,1,4,15,3,old_town_cross_1080p50.y4m,5028.45,5031.152,33.979668,9.9e-05,0.0,217
1,1,1,0,1,0,0,1,0,0,1,0,1,0,0,old_town_cross_1080p50.y4m,412.77,413.122,1.211577,8.1e-05,0.0,75
1,1,1,0,1,0,0,1,0,1,1,1,2,15,6,old_town_cross_1080p50.y4m,240.71,240.516,0.517378,8.2e-05,0.0,266
1,0,1,1,0,0,1,0,0,0,1,1,4,15,3,old_town_cross_1080p50.y4m,5149.56,5151.112,5.68649,0.000105,0.0,268
1,0,1,0,1,0,1,0,0,1,1,1,4,15,3,old_town_cross_1080p50.y4m,226.9,226.318,1.572727,0.000105,0.0,187
1,0,1,0,0,1,1,0,0,0,1,0,8,15,3,old_town_cross_1080p50.y4m,455.81,456.662,3.125935,0.000105,0.0,161
1,0,1,0,1,0,1,0,0,0,1,0,2,0,6,old_town_cross_1080p50.y4m,226.47,225.982,1.830975,0.000105,0.0,23
1,1,1,1,0,0,0,1,0,1,1,0,2,5,6,old_town_cross_1080p50.y4m,4977.32,4970.71,20.808103,8.1e-05,0.0,2
1,1,1,1,0,0,1,0,1,1,0,1,2,0,0,old_town_cross_1080p50.y4m,9250.72,9256.558,9.826038,7.1e-05,0.0,16
1,0,1,1,0,0,0,0,0,1,1,1,8,15,0,old_town_cross_1080p50.y4m,4946.9,4946.734,2.321095,9.9e-05,0.0,262
1,1,1,1,0,0,0,1,0,1,1,0,4,5,0,old_town_cross_1080p50.y4m,5015.67,5014.968,28.694222,8e-05,0.0,66
1,0,1,1,0,0,0,0,0,1,0,0,2,0,0,old_town_cross_1080p50.y4m,9878.66,9879.684,2.979837,9.9e-05,0.0,86
1,0,1,0,1,0,1,0,0,0,1,0,2,5,6,old_town_cross_1080p50.y4m,225.28,225.25,1.192539,0.000105,0.0,231
1,0,1,0,1,0,0,0,0,0,0,0,4,5,0,old_town_cross_1080p50.y4m,415.58,413.752,3.397693,9.7e-05,0.0,269
1,1,1,0,1,0,1,1,0,0,1,0,1,5,0,old_town_cross_1080p50.y4m,433.92,432.962,2.222897,7.7e-05,0.0,180
1,0,1,0,0,1,0,0,0,0,1,0,4,5,6,old_town_cross_1080p50.y4m,458.4,458.816,1.404503,0.0001,0.0,274
1,1,1,1,0,0,0,1,0,1,1,0,2,15,6,old_town_cross_1080p50.y4m,4928.81,4931.478,7.190321,8.1e-05,0.0,184
1,0,1,0,0,1,1,0,0,0,0,1,4,5,0,old_town_cross_1080p50.y4m,843.11,848.942,8.834035,0.000105,0.0,118
1,1,1,1,0,0,0,1,0,0,0,0,1,0,6,old_town_cross_1080p50.y4m,9013.93,9082.122,97.473,8e-05,0.0,254
1,0,1,1,0,0,1,0,0,0,1,1,4,5,0,old_town_cross_1080p50.y4m,5151.93,5152.046,1.863204,0.000105,0.0,208
1,0,1,0,0,1,1,0,0,1,1,0,4,5,6,old_town_cross_1080p50.y4m,461.94,459.308,4.247613,0.000105,0.0,279
1,1,1,1,0,0,0,1,0,0,1,1,4,15,3,old_town_cross_1080p50.y4m,4986.93,4996.708,15.518944,8.2e-05,0.0,229
1,0,1,0,0,1,1,0,0,1,1,1,1,0,0,old_town_cross_1080p50.y4m,820.82,825.922,9.384845,0.000105,0.0,46
1,0,1,0,0,1,0,0,0,1,1,1,4,5,6,old_town_cross_1080p50.y4m,450.37,450.918,7.848335,0.0001,0.0,171
1,1,1,1,0,0,0,1,0,0,1,0,2,5,0,old_town_cross_1080p50.y4m,5398.69,5381.398,60.518343,7.9e-05,0.0,99
1,0,1,0,0,1,0,0,0,0,0,0,8,0,0,old_town_cross_1080p50.y4m,811.75,817.426,13.243366,0.0001,0.0,81
1,1,1,1,0,0,1,1,0,1,0,1,8,5,0,old_town_cross_1080p50.y4m,10853.8,10890.878,52.750204,8.2e-05,0.0,155
1,0,1,0,1,0,0,0,0,1,0,1,1,15,6,old_town_cross_1080p50.y4m,407.21,406.21,2.160046,9.7e-05,0.0,96
1,1,1,1,0,0,0,1,0,1,1,1,8,0,0,old_town_cross_1080p50.y4m,4846.91,4847.352,4.034696,8.1e-05,0.0,218
1,1,1,1,0,0,1,1,0,1,1,0,8,0,6,old_town_cross_1080p50.y4m,5245.46,5244.074,24.514206,8.5e-05,0.0,53
1,1,1,0,1,0,1,0,1,0,0,0,2,0,0,old_town_cross_1080p50.y4m,431.37,432.684,2.140614,7.3e-05,0.0,109
1,0,1,0,1,0,0,0,0,0,1,0,4,5,6,old_town_cross_1080p50.y4m,225.44,225.448,1.084422,9.7e-05,0.0,185
1,1,1,1,0,0,0,1,0,0,1,1,2,0,0,old_town_cross_1080p50.y4m,4736.16,4730.828,14.381605,8e-05,0.0,239
1,0,1,1,0,0,0,0,0,0,0,1,2,0,0,old_town_cross_1080p50.y4m,9219.1,9274.138,106.213897,0.000101,0.0,276
1,0,1,1,0,0,1,0,0,0,0,1,4,0,6,old_town_cross_1080p50.y4m,10036.48,10043.402,14.093075,0.000104,0.0,257
1,0,1,0,0,1,0,0,0,1,1,0,1,5,0,old_town_cross_1080p50.y4m,823.81,824.6,1.353422,0.0001,0.0,42
1,1,1,0,1,0,1,1,0,0,0,0,2,15,3,old_town_cross_1080p50.y4m,426.33,431.518,10.208953,7.7e-05,0.0,204
1,0,1,1,0,0,1,0,0,1,0,1,2,15,6,old_town_cross_1080p50.y4m,9458.29,9460.75,6.555746,0.000104,0.0,145
1,0,1,0,1,0,0,0,0,0,0,0,2,0,3,old_town_cross_1080p50.y4m,439.59,438.652,2.328201,9.7e-05,0.0,246
1,1,1,1,0,0,0,1,0,0,1,1,8,0,0,old_town_cross_1080p50.y4m,4843.14,4835.784,11.602255,8e-05,0.0,202
1,1,1,0,1,0,0,1,0,1,0,0,2,5,3,old_town_cross_1080p50.y4m,404.7,409.094,7.376071,8.1e-05,0.0,70
1,0,1,0,1,0,0,0,0,0,1,0,1,5,3,old_town_cross_1080p50.y4m,412.14,411.772,3.228788,9.7e-05,0.0,230
1,0,1,0,1,0,1,0,0,0,0,0,4,15,6,old_town_cross_1080p50.y4m,421.3,423.222,5.898569,0.000105,0.0,267
1,1,1,1,0,0,1,1,0,0,0,1,8,5,3,old_town_cross_1080p50.y4m,9746.34,9742.082,17.220644,7.5e-05,0.0,146
1,0,1,0,1,0,1,0,0,0,0,1,2,15,0,old_town_cross_1080p50.y4m,412.08,413.772,2.849346,0.000105,0.0,27
1,0,1,0,1,0,1,0,0,0,1,1,8,0,3,old_town_cross_1080p50.y4m,225.55,225.432,0.845618,0.000105,0.0,137
1,1,1,1,0,0,0,1,0,0,1,1,2,15,0,old_town_cross_1080p50.y4m,5174.24,5174.368,1.029985,8.2e-05,0.0,189
1,1,1,0,1,0,1,1,0,1,0,0,4,15,0,old_town_cross_1080p50.y4m,450.17,452.272,3.449003,8.5e-05,0.0,132
1,1,1,1,0,0,0,0,1,1,0,1,8,0,0,old_town_cross_1080p50.y4m,8363.1,8446.508,187.731335,6.7e-05,0.0,169
1,0,1,0,0,1,0,0,0,0,0,0,1,5,6,old_town_cross_1080p50.y4m,846.84,838.106,13.911548,0.0001,0.0,33
1,0,1,1,0,0,0,0,0,0,1,1,8,15,0,old_town_cross_1080p50.y4m,5029.58,5039.176,29.642134,9.9e-05,0.0,205
1,0,1,1,0,0,0,0,0,1,0,1,2,0,0,old_town_cross_1080p50.y4m,9249.89,9339.254,226.743967,0.000101,0.0,245
1,1,1,0,1,0,1,1,0,0,1,1,1,15,0,old_town_cross_1080p50.y4m,433.23,433.776,3.376201,8e-05,0.0,298
1,0,1,1,0,0,1,0,0,1,1,0,2,5,6,old_town_cross_1080p50.y4m,5158.91,5157.358,3.180711,0.000105,0.0,163
1,1,1,1,0,0,0,1,0,0,0,0,1,5,0,old_town_cross_1080p50.y4m,9620.31,9593.596,45.45281,7.9e-05,0.0,123
1,0,1,0,0,1,1,0,0,1,0,0,4,15,0,old_town_cross_1080p50.y4m,863.18,857.214,19.108962,0.000105,0.0,4
1,0,1,0,0,1,1,0,0,1,1,0,8,5,6,old_town_cross_1080p50.y4m,460.77,461.156,1.412048,0.000105,0.0,141
1,1,1,0,1,0,0,1,0,1,0,0,8,5,6,old_town_cross_1080p50.y4m,416.28,417.044,2.81832,8.2e-05,0.0,129
1,1,1,0,1,0,1,1,0,1,1,0,4,5,3,old_town_cross_1080p50.y4m,246.35,246.162,0.888127,8.4e-05,0.0,159
1,0,1,0,0,1,1,0,0,1,0,0,1,0,0,old_town_cross_1080p50.y4m,841.59,845.426,14.143438,0.000105,0.0,22
1,0,1,0,0,1,0,0,0,1,0,1,2,0,6,old_town_cross_1080p50.y4m,812.68,813.642,3.424912,0.0001,0.0,175
1,1,1,1,0,0,0,1,0,1,1,1,8,5,6,old_town_cross_1080p50.y4m,4927.74,4957.88,62.322814,8e-05,0.0,151
1,1,1,0,1,0,0,1,0,0,1,0,2,5,0,old_town_cross_1080p50.y4m,228.25,228.744,0.955212,8e-05,0.0,52
1,0,1,0,0,1,0,0,0,0,0,1,4,0,3,old_town_cross_1080p50.y4m,809.33,811.326,3.161618,0.0001,0.0,108
1,0,1,0,1,0,1,0,0,0,0,1,8,15,0,old_town_cross_1080p50.y4m,413.69,413.546,0.846953,0.000105,0.0,72
1,0,1,1,0,0,1,0,0,1,1,0,8,0,6,old_town_cross_1080p50.y4m,5105.12,5138.064,78.655025,0.000105,0.0,248
1,1,1,1,0,0,1,1,0,1,1,0,8,5,6,old_town_cross_1080p50.y4m,5359.43,5310.656,74.117024,8.4e-05,0.0,174
1,0,1,1,0,0,1,0,0,1,1,1,8,0,3,old_town_cross_1080p50.y4m,5134.8,5132.498,53.235214,0.000105,0.0,130
1,1,1,0,1,0,1,1,0,1,1,1,8,15,0,old_town_cross_1080p50.y4m,264.34,264.45,0.803928,8.6e-05,0.0,168
1,0,1,0,0,1,1,0,0,1,0,1,8,0,6,old_town_cross_1080p50.y4m,848.92,848.27,2.556042,0.000105,0.0,198
1,0,1,0,0,1,1,0,0,1,1,0,1,0,3,old_town_cross_1080p50.y4m,826.34,829.892,5.417875,0.000105,0.0,83
1,1,1,1,0,0,1,1,0,0,1,0,1,0,3,old_town_cross_1080p50.y4m,9256.53,9258.514,3.70222,7.7e-05,0.0,291
1,0,1,0,1,0,0,0,0,1,1,0,1,0,6,old_town_cross_1080p50.y4m,424.15,419.292,7.171595,9.7e-05,0.0,237
1,0,1,0,0,1,0,0,0,1,1,1,2,15,3,old_town_cross_1080p50.y4m,448.75,449.022,1.764404,0.0001,0.0,90
1,1,1,1,0,0,1,1,0,0,0,1,1,15,0,old_town_cross_1080p50.y4m,9913.94,9916.9,8.010296,7.5e-05,0.0,87
1,0,1,1,0,0,1,0,0,1,0,0,1,5,0,old_town_cross_1080p50.y4m,9509.76,9511.948,6.492547,0.000105,0.0,74
1,0,1,0,0,1,0,0,0,1,0,0,2,0,3,old_town_cross_1080p50.y4m,895.37,884.426,15.439826,0.0001,0.0,201
1,0,1,0,1,0,0,0,0,1,0,1,1,0,0,old_town_cross_1080p50.y4m,402.91,403.962,2.049383,9.7e-05,0.0,183
1,0,1,1,0,0,0,0,0,0,0,0,4,0,6,old_town_cross_1080p50.y4m,9286.85,9276.938,35.926906,9.9e-05,0.0,227
1,1,1,0,1,0,1,1,0,0,0,0,1,15,6,old_town_cross_1080p50.y4m,419.2,419.046,2.52186,7.7e-05,0.0,222
1,0,1,0,0,1,0,0,0,0,1,0,8,0,6,old_town_cross_1080p50.y4m,456.41,456.272,2.262514,0.0001,0.0,55
1,0,1,1,0,0,0,0,0,0,1,1,2,5,0,old_town_cross_1080p50.y4m,5031.22,5027.444,43.036467,9.9e-05,0.0,142
1,0,1,1,0,0,1,0,0,1,0,1,1,5,6,old_town_cross_1080p50.y4m,9367.06,9367.644,1.924897,0.000104,0.0,124
1,0,1,1,0,0,1,0,0,0,0,0,8,0,0,old_town_cross_1080p50.y4m,9737.4,9685.904,109.742064,0.000105,0.0,95
1,0,1,1,0,0,1,0,0,1,0,0,2,15,0,old_town_cross_1080p50.y4m,9537.81,9548.424,37.914662,0.000105,0.0,241
1,0,1,0,1,0,0,0,0,0,1,1,1,5,3,old_town_cross_1080p50.y4m,419.15,413.716,7.857705,9.6e-05,0.0,289
1,0,1,1,0,0,1,0,0,1,1,0,1,5,0,old_town_cross_1080p50.y4m,9453.02,9454.088,4.66921,0.000105,0.0,278
1,1,1,0,1,0,0,1,0,1,1,0,1,0,6,old_town_cross_1080p50.y4m,405.45,404.75,2.105659,8.1e-05,0.0,176
1,0,1,0,0,1,1,0,0,0,1,0,8,5,0,old_town_cross_1080p50.y4m,465.96,466.19,1.356798,0.000105,0.0,122
1,0,1,0,0,1,0,0,0,0,1,0,4,0,6,old_town_cross_1080p50.y4m,482.32,485.4,10.670677,0.0001,0.0,30
1,1,1,0,1,0,0,1,0,0,0,0,2,0,6,old_town_cross_1080p50.y4m,385.96,388.69,6.617919,8e-05,0.0,251
1,0,1,1,0,0,0,0,0,0,0,1,1,0,0,old_town_cross_1080p50.y4m,9286.05,9256.658,47.785321,0.000101,0.0,120
1,0,1,1,0,0,0,0,0,0,0,1,2,15,6,old_town_cross_1080p50.y4m,9209.4,9251.078,96.170778,0.000101,0.0,144
1,0,1,0,1,0,1,0,0,0,0,0,1,0,3,old_town_cross_1080p50.y4m,431.48,429.082,5.048031,0.000105,0.0,265
1,1,1,0,1,0,0,1,0,0,1,0,2,0,6,old_town_cross_1080p50.y4m,218.21,218.688,0.824967,8.1e-05,0.0,260
1,1,1,0,1,0,0,1,0,0,0,1,1,0,3,old_town_cross_1080p50.y4m,386.51,385.87,1.682662,8e-05,0.0,78
1,0,1,0,1,0,0,0,0,0,1,1,8,15,3,old_town_cross_1080p50.y4m,227.68,227.47,1.06731,9.6e-05,0.0,84
1,0,1,1,0,0,1,0,0,1,0,0,4,15,3,old_town_cross_1080p50.y4m,9509.99,9513.26,6.719066,0.000105,0.0,296
1,0,1,0,0,1,0,0,0,0,0,1,2,5,6,old_town_cross_1080p50.y4m,811.21,811.762,3.067763,0.0001,0.0,232
1,0,1,0,0,1,1,0,0,0,1,0,4,15,6,old_town_cross_1080p50.y4m,490.58,485.856,9.425024,0.000105,0.0,213
1,1,1,0,1,0,0,1,0,0,1,1,8,15,3,old_town_cross_1080p50.y4m,235.54,234.774,1.245424,8.2e-05,0.0,94
1,0,1,0,1,0,0,0,0,0,1,1,1,5,0,old_town_cross_1080p50.y4m,414.12,411.754,3.555437,9.6e-05,0.0,178
1,0,1,1,0,0,1,0,0,1,0,0,4,0,0,old_town_cross_1080p50.y4m,10188.3,10191.146,6.880747,0.000105,0.0,127
1,1,1,0,1,0,1,1,0,0,1,0,8,5,6,old_town_cross_1080p50.y4m,236.7,237.396,1.472627,7.9e-05,0.0,111
1,0,1,0,1,0,0,0,0,0,0,1,1,0,6,old_town_cross_1080p50.y4m,402.81,409.64,9.41527,9.7e-05,0.0,92
1,1,1,1,0,0,0,1,0,0,1,0,8,15,6,old_town_cross_1080p50.y4m,5066.84,5066.018,3.224294,8.1e-05,0.0,54
1,0,1,0,0,1,0,0,0,0,0,1,2,15,0,old_town_cross_1080p50.y4m,815.34,814.478,3.157098,0.0001,0.0,45
1,0,1,1,0,0,0,0,0,1,0,0,4,0,6,old_town_cross_1080p50.y4m,9214.53,9222.02,15.132824,9.9e-05,0.0,226
1,1,1,1,0,0,1,1,0,1,0,0,8,5,0,old_town_cross_1080p50.y4m,10307.41,10446.024,260.688442,8.3e-05,0.0,200
1,0,1,0,0,1,1,0,0,1,0,1,8,5,6,old_town_cross_1080p50.y4m,847.58,847.788,2.807556,0.000105,0.0,59
1,1,1,0,1,0,1,0,1,0,0,1,2,0,0,old_town_cross_1080p50.y4m,418.11,422.17,7.914619,7.1e-05,0.0,19
1,1,1,1,0,0,0,1,0,1,0,0,2,15,0,old_town_cross_1080p50.y4m,9313.16,9311.086,7.699973,8e-05,0.0,47
1,1,1,0,1,0,1,1,0,0,0,1,4,5,6,old_town_cross_1080p50.y4m,402.87,401.428,2.203502,7.8e-05,0.0,32
1,1,1,0,1,0,0,1,0,1,0,0,1,5,6,old_town_cross_1080p50.y4m,415.06,416.312,2.115011,8.2e-05,0.0,170
1,0,1,0,0,1,0,0,0,1,1,0,1,15,0,old_town_cross_1080p50.y4m,833.92,833.33,4.864489,0.0001,0.0,270
1,0,1,1,0,0,1,0,0,1,0,1,4,15,6,old_town_cross_1080p50.y4m,9613.34,9518.354,135.686491,0.000104,0.0,207
1,1,1,0,1,0,0,1,0,1,1,1,1,5,6,old_town_cross_1080p50.y4m,411.41,413.04,2.726995,8.2e-05,0.0,43
1,0,1,0,1,0,1,0,0,0,1,1,1,0,3,old_town_cross_1080p50.y4m,404.92,405.272,2.334646,0.000105,0.0,40
1,1,1,0,1,0,0,1,0,0,1,1,1,5,3,old_town_cross_1080p50.y4m,401.98,402.224,1.523821,8.1e-05,0.0,117
1,0,1,0,0,1,0,0,0,0,1,0,8,15,6,old_town_cross_1080p50.y4m,460.09,460.186,2.066623,0.0001,0.0,253
1,0,1,1,0,0,0,0,0,1,0,0,1,15,3,old_town_cross_1080p50.y4m,9219.71,9231.926,27.785916,9.9e-05,0.0,68
1,1,1,1,0,0,0,1,0,1,1,1,1,15,6,old_town_cross_1080p50.y4m,9124.36,9126.908,5.364753,8.1e-05,0.0,186
1,1,1,0,1,0,1,1,0,0,0,1,8,15,3,old_town_cross_1080p50.y4m,425.49,425.934,0.948225,7.8e-05,0.0,288
1,1,1,0,1,0,0,1,0,0,0,0,2,0,0,old_town_cross_1080p50.y4m,384.56,384.638,0.25024,8e-05,0.0,15
1,0,1,1,0,0,0,0,0,0,1,1,2,15,3,old_town_cross_1080p50.y4m,5246.2,5246.87,3.62145,9.9e-05,0.0,82
1,1,1,1,0,0,0,1,0,0,0,0,4,15,6,old_town_cross_1080p50.y4m,9382.33,9360.444,117.232759,7.9e-05,0.0,211
1,0,1,0,1,0,1,0,0,1,1,1,8,15,6,old_town_cross_1080p50.y4m,225.78,225.658,0.738119,0.000105,0.0,177
1,1,1,0,1,0,0,1,0,1,1,1,2,5,3,old_town_cross_1080p50.y4m,243.61,243.106,2.77126,8.2e-05,0.0,210
1,0,1,1,0,0,0,0,0,1,1,1,2,0,3,old_town_cross_1080p50.y4m,5037.23,5040.56,20.409978,9.9e-05,0.0,13
1,0,1,0,1,0,1,0,0,0,0,1,2,15,3,old_town_cross_1080p50.y4m,417.45,417.598,0.816744,0.000105,0.0,228
1,0,1,0,1,0,1,0,0,1,1,0,4,5,3,old_town_cross_1080p50.y4m,225.21,225.004,0.8257,0.000105,0.0,38
1,1,1,1,0,0,0,1,0,0,0,1,4,15,6,old_town_cross_1080p50.y4m,9174.18,9175.778,4.574426,8e-05,0.0,29
1,1,1,1,0,0,1,0,1,1,0,0,8,0,0,old_town_cross_1080p50.y4m,9664.69,9664.042,2.829615,7.1e-05,0.0,24
1,1,1,1,0,0,0,1,0,0,0,0,8,5,6,old_town_cross_1080p50.y4m,9965.19,9964.708,4.874169,8.1e-05,0.0,293
1,1,1,1,0,0,0,1,0,0,1,0,2,5,6,old_town_cross_1080p50.y4m,5028.51,5044.482,36.863444,8.1e-05,0.0,67
1,1,1,0,1,0,0,1,0,1,0,1,2,5,0,old_town_cross_1080p50.y4m,417.84,422.356,11.966705,8.1e-05,0.0,199
1,0,1,0,0,1,1,0,0,1,1,0,8,15,3,old_town_cross_1080p50.y4m,460.98,461.542,1.869818,0.000105,0.0,244
1,0,1,0,0,1,1,0,0,0,0,0,8,15,0,old_town_cross_1080p50.y4m,900.02,898.294,4.878963,0.000105,0.0,80
1,1,1,1,0,0,1,1,0,1,1,1,2,0,3,old_town_cross_1080p50.y4m,5014.77,5009.022,13.314095,8.3e-05,0.0,223
1,1,1,0,1,0,1,1,0,0,1,0,8,5,0,old_town_cross_1080p50.y4m,248.74,248.5,0.485232,7.7e-05,0.0,121
1,0,1,1,0,0,1,0,0,0,0,0,8,5,3,old_town_cross_1080p50.y4m,9507.92,9509.286,2.412971,0.000105,0.0,261
1,0,1,1,0,0,1,0,0,1,1,0,1,5,6,old_town_cross_1080p50.y4m,9463.13,9460.328,7.089751,0.000105,0.0,156
1,1,1,1,0,0,0,1,0,0,1,0,4,15,3,old_town_cross_1080p50.y4m,5018.51,5016.798,3.744098,8.1e-05,0.0,271
1,1,1,1,0,0,1,1,0,1,0,0,2,15,3,old_town_cross_1080p50.y4m,9885.11,9883.248,24.90433,8e-05,0.0,9
1,1,1,1,0,0,1,1,0,1,0,1,1,0,0,old_town_cross_1080p50.y4m,9312.85,9334.074,48.182258,8.4e-05,0.0,165
1,0,1,0,0,1,1,0,0,1,0,0,1,15,6,old_town_cross_1080p50.y4m,832.15,833.704,3.587009,0.000105,0.0,126
1,0,1,1,0,0,1,0,0,1,1,1,8,5,0,old_town_cross_1080p50.y4m,5166.26,5165.708,26.367976,0.000105,0.0,280
1,0,1,1,0,0,0,0,0,1,1,0,2,5,3,old_town_cross_1080p50.y4m,4871.66,4874.63,13.169364,0.0001,0.0,172
1,0,1,0,1,0,1,0,0,0,0,0,1,15,6,old_town_cross_1080p50.y4m,419.47,419.144,1.504204,0.000105,0.0,292
1,0,1,0,0,1,0,0,0,1,0,1,1,0,3,old_town_cross_1080p50.y4m,817.06,817.328,5.103731,0.0001,0.0,179
1,0,1,0,0,1,1,0,0,1,0,1,2,0,3,old_town_cross_1080p50.y4m,854.91,852.286,8.396998,0.000105,0.0,272
1,0,1,0,0,1,1,0,0,0,1,0,4,5,0,old_town_cross_1080p50.y4m,457.28,458.29,2.020742,0.000105,0.0,105
1,0,1,0,1,0,0,0,0,0,0,0,1,0,3,old_town_cross_1080p50.y4m,423.16,418.482,7.136366,9.7e-05,0.0,76
1,0,1,1,0,0,1,0,0,0,1,0,4,15,3,old_town_cross_1080p50.y4m,5165.58,5164.896,8.61197,0.000105,0.0,197
1,1,1,1,0,0,1,1,0,0,1,0,1,15,0,old_town_cross_1080p50.y4m,9773.5,9793.372,45.042638,7.5e-05,0.0,221
1,1,1,1,0,0,1,1,0,0,1,0,8,15,6,old_town_cross_1080p50.y4m,5186.1,5185.84,4.170324,7.6e-05,0.0,167
1,1,1,0,1,0,0,1,0,1,0,1,4,15,6,old_town_cross_1080p50.y4m,414.37,413.236,2.912598,8e-05,0.0,136
1,1,1,1,0,0,0,1,0,1,0,1,8,15,6,old_town_cross_1080p50.y4m,9046.74,9065.224,37.867983,8.1e-05,0.0,243
1,0,1,0,1,0,0,0,0,1,0,1,8,15,6,old_town_cross_1080p50.y4m,407.01,407.594,1.423914,9.7e-05,0.0,60
1,0,1,1,0,0,0,0,0,1,0,1,2,0,6,old_town_cross_1080p50.y4m,9210.27,9214.204,13.188653,0.000101,0.0,110
1,1,1,1,0,0,1,1,0,1,0,0,1,15,6,old_town_cross_1080p50.y4m,10400.81,10428.47,40.479437,8.2e-05,0.0,35
1,0,1,1,0,0,1,0,0,0,1,1,2,5,6,old_town_cross_1080p50.y4m,5091.56,5099.714,32.674592,0.000105,0.0,235
1,0,1,1,0,0,0,0,0,1,0,0,1,0,3,old_town_cross_1080p50.y4m,9215.04,9213.964,2.107861,9.9e-05,0.0,44
1,1,1,0,1,0,1,1,0,0,1,0,4,15,3,old_town_cross_1080p50.y4m,255.17,253.58,3.182695,7.7e-05,0.0,256
1,0,1,0,0,1,0,0,0,0,1,1,8,0,0,old_town_cross_1080p50.y4m,451.65,450.864,2.059364,0.0001,0.0,192
1,0,1,0,1,0,0,0,0,0,1,1,2,0,0,old_town_cross_1080p50.y4m,221.72,221.868,1.117372,9.6e-05,0.0,41
1,0,1,1,0,0,0,0,0,0,1,0,4,5,0,old_town_cross_1080p50.y4m,5018.11,5033.188,34.627354,0.0001,0.0,37
1,0,1,0,0,1,0,0,0,0,0,0,4,5,0,old_town_cross_1080p50.y4m,874.63,872.618,4.083953,0.0001,0.0,26
1,1,1,1,0,0,0,1,0,0,0,0,1,0,3,old_town_cross_1080p50.y4m,9011.15,9011.53,2.665633,8e-05,0.0,273
1,1,1,1,0,0,1,1,0,0,0,1,1,5,6,old_town_cross_1080p50.y4m,9971.83,9914.85,232.085971,7.5e-05,0.0,233
1,1,1,0,1,0,1,1,0,0,1,1,8,0,0,old_town_cross_1080p50.y4m,236.82,236.442,1.161409,7.8e-05,0.0,101
1,0,1,1,0,0,0,0,0,0,0,1,2,5,3,old_town_cross_1080p50.y4m,9432.58,9342.292,127.195156,0.000101,0.0,39
1,1,1,0,1,0,0,1,0,0,0,1,1,15,0,old_town_cross_1080p50.y4m,417.17,417.484,2.448404,8.1e-05,0.0,106
1,1,1,0,1,0,0,0,1,1,0,0,1,0,0,old_town_cross_1080p50.y4m,416.97,415.952,2.478885,7e-05,0.0,242
1,1,1,1,0,0,1,1,0,0,1,0,2,15,0,old_town_cross_1080p50.y4m,5326.06,5320.686,43.716473,7.5e-05,0.0,193
1,0,1,0,1,0,1,0,0,0,1,0,1,15,6,old_town_cross_1080p50.y4m,409.62,408.956,2.063281,0.000105,0.0,103
1,1,1,0,1,0,0,1,0,1,1,1,8,5,6,old_town_cross_1080p50.y4m,232.9,231.85,2.20547,8.2e-05,0.0,1
1,0,1,1,0,0,0,0,0,1,1,1,1,0,0,old_town_cross_1080p50.y4m,9261.96,9267.844,16.001954,9.9e-05,0.0,61
1,1,1,1,0,0,0,0,1,0,0,0,2,0,0,old_town_cross_1080p50.y4m,8525.03,8526.002,2.956818,6.8e-05,0.0,56
1,1,1,0,1,0,0,1,0,0,1,0,8,15,3,old_town_cross_1080p50.y4m,244.02,242.686,3.952718,8.2e-05,0.0,148
1,0,1,0,1,0,0,0,0,1,0,1,2,5,0,old_town_cross_1080p50.y4m,414.34,411.794,4.569555,9.7e-05,0.0,112
1,0,1,0,1,0,1,0,0,0,1,0,8,15,3,old_town_cross_1080p50.y4m,229.73,229.508,0.950195,0.000105,0.0,300
1,0,1,0,1,0,0,0,0,1,1,0,4,15,0,old_town_cross_1080p50.y4m,229.21,229.554,1.631021,9.7e-05,0.0,249
1,0,1,0,1,0,0,0,0,0,0,1,2,0,0,old_town_cross_1080p50.y4m,435.75,434.744,2.342644,9.7e-05,0.0,20
1,1,1,1,0,0,1,1,0,1,0,1,1,5,0,old_town_cross_1080p50.y4m,10130.42,10130.692,1.16742,8.2e-05,0.0,104
1,1,1,1,0,0,0,1,0,1,1,1,8,15,6,old_town_cross_1080p50.y4m,4827.49,4836.498,15.453117,8.1e-05,0.0,131
1,0,1,1,0,0,0,0,0,0,0,0,2,0,3,old_town_cross_1080p50.y4m,9303.2,9302.742,2.686814,9.9e-05,0.0,69
1,0,1,0,1,0,1,0,0,0,0,0,2,0,3,old_town_cross_1080p50.y4m,425.46,426.102,1.33956,0.000105,0.0,220
1,1,1,1,0,0,1,1,0,1,1,1,8,15,6,old_town_cross_1080p50.y4m,5138.1,5140.93,9.812701,8.2e-05,0.0,11
1,1,1,1,0,0,1,1,0,1,0,0,4,15,6,old_town_cross_1080p50.y4m,9869.23,9814.702,97.114042,8.2e-05,0.0,258
1,0,1,0,1,0,1,0,0,0,0,0,2,15,3,old_town_cross_1080p50.y4m,424.53,423.486,2.482746,0.000105,0.0,65
1,0,1,0,0,1,1,0,0,0,0,0,2,15,0,old_town_cross_1080p50.y4m,833.02,835.894,6.205331,0.000105,0.0,160
1,0,1,0,0,1,1,0,0,0,0,0,8,0,0,old_town_cross_1080p50.y4m,899.03,897.634,3.962705,0.000105,0.0,238
1,1,1,1,0,0,0,1,0,0,0,0,4,0,0,old_town_cross_1080p50.y4m,9015.38,9018.546,8.014735,8e-05,0.0,57
1,1,1,0,1,0,0,1,0,1,0,1,2,0,0,old_town_cross_1080p50.y4m,421.15,423.064,4.316188,8.1e-05,0.0,79
1,0,1,0,1,0,1,0,0,0,1,0,4,15,3,old_town_cross_1080p50.y4m,226.66,226.402,0.797853,0.000105,0.0,224
1,1,1,0,1,0,0,1,0,1,0,0,2,0,3,old_town_cross_1080p50.y4m,389.37,394.888,8.319641,8e-05,0.0,48
1,0,1,0,1,0,1,0,0,0,0,1,8,0,6,old_town_cross_1080p50.y4m,412.44,412.908,1.814186,0.000105,0.0,173
1,1,1,1,0,0,1,1,0,0,1,1,1,0,0,old_town_cross_1080p50.y4m,10080.26,10088.01,15.63788,7.6e-05,0.0,283
1,0,1,0,1,0,0,0,0,0,0,0,1,0,6,old_town_cross_1080p50.y4m,414.39,414.384,1.938177,9.7e-05,0.0,190
1,0,1,0,1,0,1,0,0,1,1,1,4,0,6,old_town_cross_1080p50.y4m,223.64,223.784,0.371927,0.000105,0.0,259
1,0,1,1,0,0,0,0,0,0,0,1,1,15,3,old_town_cross_1080p50.y4m,9711.18,9522.57,289.493136,0.000101,0.0,7
1,0,1,0,0,1,0,0,0,0,0,1,2,5,0,old_town_cross_1080p50.y4m,890.38,883.33,11.585452,0.0001,0.0,73
1,1,1,1,0,0,1,1,0,0,0,0,2,0,6,old_town_cross_1080p50.y4m,9611.81,9650.282,55.656757,7.4e-05,0.0,63
1,0,1,0,0,1,1,0,0,1,1,0,2,15,3,old_town_cross_1080p50.y4m,454.73,454.552,1.305668,0.000105,0.0,284
1,0,1,1,0,0,1,0,0,1,0,1,8,15,6,old_town_cross_1080p50.y4m,9368.63,9368.134,2.539947,0.000104,0.0,250
1,1,1,0,1,0,0,1,0,0,0,0,2,5,0,old_town_cross_1080p50.y4m,419.33,419.26,1.043288,8.1e-05,0.0,209
1,0,1,0,1,0,1,0,0,0,0,1,4,5,3,old_town_cross_1080p50.y4m,419.4,420.182,2.627398,0.000105,0.0,138
1,1,1,1,0,0,0,0,1,1,1,0,1,0,0,old_town_cross_1080p50.y4m,8836.19,8779.652,175.744483,6.9e-05,0.0,135
1,1,1,1,0,0,1,1,0,1,1,0,4,5,3,old_town_cross_1080p50.y4m,5253.36,5248.86,11.381046,8.3e-05,0.0,264
1,1,1,1,0,0,0,1,0,1,1,0,2,0,6,old_town_cross_1080p50.y4m,4810.08,4811.3,3.811568,8e-05,0.0,215
1,0,1,0,0,1,0,0,0,0,1,1,4,5,3,old_town_cross_1080p50.y4m,446.49,447.856,3.269875,0.0001,0.0,50
1,0,1,1,0,0,0,0,0,1,1,0,4,0,6,old_town_cross_1080p50.y4m,4981.41,4985.704,51.859763,0.0001,0.0,98
1,1,1,1,0,0,0,1,0,1,1,0,1,15,0,old_town_cross_1080p50.y4m,9388.02,9388.268,27.02585,8e-05,0.0,140
1,1,1,1,0,0,0,1,0,0,1,1,1,0,3,old_town_cross_1080p50.y4m,8992.42,8992.602,1.990558,8e-05,0.0,113
1,0,1,0,1,0,1,0,0,1,1,0,1,0,6,old_town_cross_1080p50.y4m,420.22,415.2,8.235706,0.000105,0.0,3
1,0,1,0,0,1,0,0,0,1,1,1,8,0,0,old_town_cross_1080p50.y4m,440.86,440.79,2.105623,0.0001,0.0,149
1,0,1,1,0,0,0,0,0,0,1,1,8,5,6,old_town_cross_1080p50.y4m,4905.2,4901.39,14.508799,9.9e-05,0.0,153
1,1,1,1,0,0,1,1,0,1,1,0,2,15,6,old_town_cross_1080p50.y4m,5253.63,5269.388,35.932937,8.2e-05,0.0,133
1,0,1,1,0,0,0,0,0,0,0,0,1,0,3,old_town_cross_1080p50.y4m,9403.35,9344.226,118.244505,9.9e-05,0.0,191
1,1,1,0,1,0,0,1,0,1,0,1,1,0,6,old_town_cross_1080p50.y4m,396.91,405.002,11.485006,8.1e-05,0.0,100
1,0,1,1,0,0,1,0,0,0,1,0,4,0,3,old_town_cross_1080p50.y4m,5155.13,5151.402,51.109236,0.000105,0.0,85
1,0,1,0,0,1,1,0,0,0,0,0,2,0,3,old_town_cross_1080p50.y4m,833.31,834.09,3.27282,0.000105,0.0,88
1,0,1,0,1,0,1,0,0,1,1,0,4,15,6,old_town_cross_1080p50.y4m,222.23,222.044,1.306954,0.000105,0.0,31
1,0,1,0,0,1,1,0,0,0,0,0,4,5,3,old_town_cross_1080p50.y4m,855.99,853.864,4.198033,0.000105,0.0,134
1,1,1,0,1,0,1,1,0,1,1,1,8,0,3,old_town_cross_1080p50.y4m,248.26,249.564,2.142762,8.6e-05,0.0,147
1,1,1,1,0,0,0,1,0,0,1,1,4,15,6,old_town_cross_1080p50.y4m,5016.61,5016.172,4.479623,8.2e-05,0.0,275
1,0,1,0,0,1,1,0,0,0,1,0,4,15,3,old_town_cross_1080p50.y4m,450.9,451.192,2.590921,0.000105,0.0,143
1,1,1,0,1,0,1,1,0,1,0,0,1,5,6,old_town_cross_1080p50.y4m,469.42,471.022,2.627303,8.4e-05,0.0,8
1,1,1,1,0,0,1,1,0,0,1,1,4,5,3,old_town_cross_1080p50.y4m,5315.34,5301.402,41.995162,7.7e-05,0.0,216
1,0,1,1,0,0,1,0,0,1,0,0,1,0,3,old_town_cross_1080p50.y4m,10194.9,10211.326,44.562955,0.000105,0.0,214
1,0,1,0,0,1,0,0,0,0,0,0,1,5,0,old_town_cross_1080p50.y4m,811.15,813.728,3.955208,0.0001,0.0,17
1,0,1,0,0,1,1,0,0,0,0,0,1,5,0,old_town_cross_1080p50.y4m,902.45,905.974,14.777459,0.000105,0.0,206
1,0,1,0,1,0,0,0,0,1,1,1,8,15,0,old_town_cross_1080p50.y4m,221.43,221.434,1.042224,9.6e-05,0.0,36
1,1,1,0,1,0,1,1,0,0,0,0,4,15,3,old_town_cross_1080p50.y4m,454.53,454.444,0.279964,7.7e-05,0.0,6
1,0,1,1,0,0,1,0,0,0,0,1,1,0,6,old_town_cross_1080p50.y4m,9371.77,9372.208,4.555784,0.000104,0.0,5
1,0,1,1,0,0,1,0,0,0,0,0,8,15,6,old_town_cross_1080p50.y4m,9514.23,9531.88,44.294456,0.000105,0.0,164
1,0,1,0,0,1,0,0,0,1,0,0,8,0,6,old_town_cross_1080p50.y4m,816.78,814.256,4.461203,0.0001,0.0,97
1,0,1,1,0,0,0,0,0,0,1,0,2,5,3,old_town_cross_1080p50.y4m,4970.85,4966.678,6.738273,0.0001,0.0,236
1,1,1,0,1,0,1,1,0,0,0,0,8,5,0,old_town_cross_1080p50.y4m,430.81,435.852,10.847807,7.6e-05,0.0,71
1,1,1,0,1,0,1,1,0,1,0,1,2,0,3,old_town_cross_1080p50.y4m,445.0,446.26,1.827963,8.1e-05,0.0,295
1,0,1,1,0,0,1,0,0,1,1,0,8,5,3,old_town_cross_1080p50.y4m,5196.4,5188.404,85.632926,0.000105,0.0,286
1,0,1,0,1,0,0,0,0,0,0,1,1,5,0,old_town_cross_1080p50.y4m,435.73,435.068,2.066778,9.7e-05,0.0,34
1,0,1,0,1,0,1,0,0,1,1,1,1,5,3,old_town_cross_1080p50.y4m,413.75,411.988,5.23722,0.000105,0.0,240
1,0,1,0,0,1,1,0,0,0,0,1,4,15,3,old_town_cross_1080p50.y4m,838.08,839.246,4.356281,0.000105,0.0,18
1,0,1,0,1,0,0,0,0,0,1,0,8,0,6,old_town_cross_1080p50.y4m,230.33,230.288,0.20315,9.7e-05,0.0,102
1,1,1,1,0,0,1,0,1,0,1,0,4,0,0,old_town_cross_1080p50.y4m,5097.29,5110.392,25.892776,6.8e-05,0.0,51
1,1,1,1,0,0,1,1,0,0,0,1,4,15,6,old_town_cross_1080p50.y4m,9995.36,9843.632,225.544177,7.5e-05,0.0,282
1,0,1,0,1,0,1,0,0,1,1,1,1,0,3,old_town_cross_1080p50.y4m,438.37,437.084,4.199051,0.000105,0.0,77
1,0,1,1,0,0,1,0,0,0,1,0,2,0,3,old_town_cross_1080p50.y4m,5463.13,5429.008,49.111368,0.000105,0.0,128
1,1,1,0,1,0,1,1,0,0,0,0,2,5,3,old_town_cross_1080p50.y4m,436.37,436.31,0.163248,7.7e-05,0.0,234
1,0,1,1,0,0,0,0,0,0,1,1,1,0,0,old_town_cross_1080p50.y4m,9894.55,9895.742,7.3915,9.9e-05,0.0,252
1,0,1,1,0,0,1,0,0,0,0,1,4,0,3,old_town_cross_1080p50.y4m,9366.7,9366.826,5.706135,0.000104,0.0,28
1,0,1,0,0,1,1,0,0,1,1,1,8,15,3,old_town_cross_1080p50.y4m,457.69,457.164,1.563627,0.000105,0.0,139
1,0,1,0,0,1,0,0,0,0,0,1,1,5,0,old_town_cross_1080p50.y4m,816.15,815.44,2.918416,0.0001,0.0,158
1,1,1,0,1,0,1,1,0,1,0,1,8,5,3,old_town_cross_1080p50.y4m,476.27,477.274,6.532326,8.3e-05,0.0,152
1,0,1,1,0,0,1,0,0,1,0,0,2,0,6,old_town_cross_1080p50.y4m,9511.77,9510.804,3.350184,0.000105,0.0,12
1,1,1,0,1,0,0,1,0,0,0,1,4,15,3,old_town_cross_1080p50.y4m,412.9,409.496,6.914632,8.2e-05,0.0,294
1,1,1,0,1,0,0,1,0,0,0,1,8,15,3,old_town_cross_1080p50.y4m,402.2,404.546,4.644118,8.2e-05,0.0,154
1,1,1,1,0,0,0,1,0,1,0,0,2,15,6,old_town_cross_1080p50.y4m,8991.53,8984.35,45.108525,7.8e-05,0.0,157
1,0,1,1,0,0,1,0,0,1,1,1,2,0,3,old_town_cross_1080p50.y4m,5060.5,5054.006,11.28741,0.000105,0.0,150
1,1,1,0,1,0,1,1,0,0,1,0,8,0,6,old_town_cross_1080p50.y4m,234.51,235.182,1.508814,7.6e-05,0.0,287
1,0,1,0,1,0,0,0,0,1,1,0,1,0,3,old_town_cross_1080p50.y4m,411.84,411.728,1.046981,9.7e-05,0.0,297
1,0,1,0,0,1,0,0,0,1,1,0,8,15,0,old_town_cross_1080p50.y4m,457.05,457.51,0.844956,0.0001,0.0,263
1,1,1,0,1,0,0,1,0,1,1,1,1,5,3,old_town_cross_1080p50.y4m,401.28,407.57,8.948559,8.2e-05,0.0,255
1,0,1,1,0,0,0,0,0,1,1,0,8,15,3,old_town_cross_1080p50.y4m,4986.5,4992.186,23.451145,0.0001,0.0,115
1,0,1,0,0,1,1,0,0,1,0,1,4,15,3,old_town_cross_1080p50.y4m,835.26,836.512,3.294187,0.000105,0.0,188
1,0,1,0,0,1,1,0,0,0,0,1,8,0,6,old_town_cross_1080p50.y4m,880.79,880.57,1.931386,0.000105,0.0,212
1,0,1,1,0,0,1,0,0,0,0,1,1,15,3,old_town_cross_1080p50.y4m,9368.08,9369.634,4.834851,0.000104,0.0,195
1,0,1,0,1,0,0,0,0,0,1,1,2,15,0,old_town_cross_1080p50.y4m,227.64,227.458,0.919739,9.6e-05,0.0,119
1,0,1,1,0,0,0,0,0,1,0,1,4,15,0,old_town_cross_1080p50.y4m,9656.09,9490.662,260.420143,0.000101,0.0,58
1,0,1,0,1,0,1,0,0,1,0,1,4,0,6,old_town_cross_1080p50.y4m,416.93,416.322,2.124658,0.000105,0.0,277
1,0,1,0,1,0,1,0,0,0,1,1,4,5,6,old_town_cross_1080p50.y4m,223.86,224.8,2.628735,0.000105,0.0,64
1,1,1,0,1,0,1,1,0,1,0,0,2,0,0,old_town_cross_1080p50.y4m,451.7,452.544,1.962672,8.1e-05,0.0,285
1,1,1,0,1,0,1,1,0,1,0,0,4,0,0,old_town_cross_1080p50.y4m,467.54,461.32,9.397375,8.1e-05,0.0,290
1,0,1,1,0,0,0,0,0,1,0,1,8,5,6,old_town_cross_1080p50.y4m,9209.14,9211.54,7.420327,0.000101,0.0,196
1,1,1,1,0,0,1,0,1,1,1,1,1,0,0,old_town_cross_1080p50.y4m,9429.37,9368.158,187.216124,7.1e-05,0.0,93
1,0,1,1,0,0,1,0,0,0,1,1,4,5,6,old_town_cross_1080p50.y4m,5096.48,5097.474,2.4578,0.000105,0.0,299
1,0,1,1,0,0,0,0,0,1,0,0,2,5,0,old_town_cross_1080p50.y4m,9218.56,9266.532,108.051429,9.9e-05,0.0,125
1,1,1,0,1,0,0,1,0,1,0,1,2,15,6,old_town_cross_1080p50.y4m,439.78,439.054,1.970541,8e-05,0.0,21
1,0,1,0,1,0,0,0,0,1,0,1,2,0,0,old_town_cross_1080p50.y4m,412.98,414.182,2.202878,9.7e-05,0.0,225
1,0,1,0,1,0,0,0,0,1,0,0,2,5,0,sintel_trailer_2k_1080p24.y4m,74.73,74.358,0.847272,6.4e-05,0.0,114
1,1,1,1,0,0,0,0,1,0,0,1,1,0,0,sintel_trailer_2k_1080p24.y4m,4512.9,4513.16,2.842842,6.9e-05,0.0,281
1,1,1,1,0,0,0,1,0,1,1,0,2,5,0,sintel_trailer_2k_1080p24.y4m,3074.63,3077.926,9.332156,6.9e-05,0.0,49
1,0,1,0,0,1,1,0,0,0,0,0,2,15,6,sintel_trailer_2k_1080p24.y4m,341.94,343.166,3.072837,6.5e-05,0.0,194
1,0,1,1,0,0,0,0,0,0,0,0,2,0,6,sintel_trailer_2k_1080p24.y4m,3915.09,3915.85,1.961415,6.3e-05,0.0,62
1,1,1,0,1,0,0,1,0,1,1,1,1,15,3,sintel_trailer_2k_1080p24.y4m,130.71,131.02,0.867698,6.9e-05,0.0,91
1,0,1,0,0,1,1,0,0,0,0,0,4,0,6,sintel_trailer_2k_1080p24.y4m,340.82,340.148,1.742289,6.5e-05,0.0,107
1,0,1,1,0,0,1,0,0,0,0,1,4,5,3,sintel_trailer_2k_1080p24.y4m,4389.52,4389.884,3.821326,6.5e-05,0.0,181
1,0,1,0,1,0,1,0,0,0,0,0,4,5,0,sintel_trailer_2k_1080p24.y4m,95.49,95.78,0.692243,6.5e-05,0.0,247
1,0,1,1,0,0,0,0,0,1,1,0,4,5,3,sintel_trailer_2k_1080p24.y4m,2065.36,2062.872,3.785898,6.3e-05,0.0,166
1,0,1,0,0,1,0,0,0,0,1,1,4,0,0,sintel_trailer_2k_1080p24.y4m,157.54,157.868,1.044758,6.2e-05,0.0,25
1,1,1,0,1,0,0,1,0,0,0,1,8,0,6,sintel_trailer_2k_1080p24.y4m,129.87,130.204,0.839184,6.9e-05,0.0,203
1,1,1,1,0,0,1,1,0,1,1,1,4,5,6,sintel_trailer_2k_1080p24.y4m,3333.38,3332.614,7.023406,7.1e-05,0.0,219
1,0,1,0,0,1,0,0,0,0,0,0,4,15,0,sintel_trailer_2k_1080p24.y4m,282.61,283.924,2.969508,6.2e-05,0.0,162
1,0,1,1,0,0,1,0,0,0,1,0,4,15,6,sintel_trailer_2k_1080p24.y4m,2311.38,2311.922,7.82943,6.5e-05,0.0,182
1,0,1,0,0,1,0,0,0,1,1,0,1,15,6,sintel_trailer_2k_1080p24.y4m,283.46,284.788,2.535265,6.3e-05,0.0,10
1,1,1,1,0,0,1,1,0,1,1,1,2,15,0,sintel_trailer_2k_1080p24.y4m,3378.36,3373.744,9.192711,7.2e-05,0.0,14
1,1,1,1,0,0,0,1,0,0,0,1,1,0,6,sintel_trailer_2k_1080p24.y4m,5338.67,5339.704,1.937209,6.9e-05,0.0,89
1,1,1,1,0,0,0,1,0,1,1,1,1,5,0,sintel_trailer_2k_1080p24.y4m,5957.07,5958.532,3.414846,6.9e-05,0.0,116
1,0,1,1,0,0,0,0,0,0,1,1,4,15,3,sintel_trailer_2k_1080p24.y4m,2053.28,2057.642,8.364677,6.2e-05,0.0,217
1,1,1,0,1,0,0,1,0,0,1,0,1,0,0,sintel_trailer_2k_1080p24.y4m,131.54,131.478,0.22742,6.9e-05,0.0,75
1,1,1,0,1,0,0,1,0,1,1,1,2,15,6,sintel_trailer_2k_1080p24.y4m,85.3,85.202,0.284903,6.9e-05,0.0,266
1,0,1,1,0,0,1,0,0,0,1,1,4,15,3,sintel_trailer_2k_1080p24.y4m,2321.76,2316.092,8.843256,6.5e-05,0.0,268
1,0,1,0,1,0,1,0,0,1,1,1,4,15,3,sintel_trailer_2k_1080p24.y4m,57.53,57.7,0.453707,6.5e-05,0.0,187
1,0,1,0,0,1,1,0,0,0,1,0,8,15,3,sintel_trailer_2k_1080p24.y4m,186.06,186.472,0.723132,6.5e-05,0.0,161
1,0,1,0,1,0,1,0,0,0,1,0,2,0,6,sintel_trailer_2k_1080p24.y4m,56.25,56.318,0.276713,6.5e-05,0.0,23
1,1,1,1,0,0,0,1,0,1,1,0,2,5,6,sintel_trailer_2k_1080p24.y4m,3139.17,3135.89,7.884478,6.9e-05,0.0,2
1,1,1,1,0,0,1,0,1,1,0,1,2,0,0,sintel_trailer_2k_1080p24.y4m,4932.95,4932.856,1.488802,6.7e-05,0.0,16
1,0,1,1,0,0,0,0,0,1,1,1,8,15,0,sintel_trailer_2k_1080p24.y4m,2060.38,2058.512,6.589391,6.2e-05,0.0,262
1,1,1,1,0,0,0,1,0,1,1,0,4,5,0,sintel_trailer_2k_1080p24.y4m,3067.63,3063.004,9.743417,6.9e-05,0.0,66
1,0,1,1,0,0,0,0,0,1,0,0,2,0,0,sintel_trailer_2k_1080p24.y4m,3916.89,3917.122,2.530666,6.3e-05,0.0,86
1,0,1,0,1,0,1,0,0,0,1,0,2,5,6,sintel_trailer_2k_1080p24.y4m,56.96,57.068,0.587001,6.5e-05,0.0,231
1,0,1,0,1,0,0,0,0,0,0,0,4,5,0,sintel_trailer_2k_1080p24.y4m,73.98,74.206,0.596976,6.4e-05,0.0,269
1,1,1,0,1,0,1,1,0,0,1,0,1,5,0,sintel_trailer_2k_1080p24.y4m,134.91,135.324,0.93991,7.1e-05,0.0,180
1,0,1,0,0,1,0,0,0,0,1,0,4,5,6,sintel_trailer_2k_1080p24.y4m,155.99,156.156,1.173107,6.3e-05,0.0,274
1,1,1,1,0,0,0,1,0,1,1,0,2,15,6,sintel_trailer_2k_1080p24.y4m,3069.76,3065.528,7.505283,6.9e-05,0.0,184
1,0,1,0,0,1,1,0,0,0,0,1,4,5,0,sintel_trailer_2k_1080p24.y4m,336.91,336.698,1.962847,6.5e-05,0.0,118
1,1,1,1,0,0,0,1,0,0,0,0,1,0,6,sintel_trailer_2k_1080p24.y4m,5342.23,5341.958,1.70806,6.9e-05,0.0,254
1,0,1,1,0,0,1,0,0,0,1,1,4,5,0,sintel_trailer_2k_1080p24.y4m,2321.76,2317.786,7.407495,6.5e-05,0.0,208
1,0,1,0,0,1,1,0,0,1,1,0,4,5,6,sintel_trailer_2k_1080p24.y4m,186.16,186.556,0.889961,6.5e-05,0.0,279
1,1,1,1,0,0,0,1,0,0,1,1,4,15,3,sintel_trailer_2k_1080p24.y4m,3050.88,3055.306,9.801111,6.9e-05,0.0,229
1,0,1,0,0,1,1,0,0,1,1,1,1,0,0,sintel_trailer_2k_1080p24.y4m,334.4,336.07,2.854803,6.5e-05,0.0,46
1,0,1,0,0,1,0,0,0,1,1,1,4,5,6,sintel_trailer_2k_1080p24.y4m,157.0,156.818,0.642433,6.2e-05,0.0,171
1,1,1,1,0,0,0,1,0,0,1,0,2,5,0,sintel_trailer_2k_1080p24.y4m,3089.05,3084.696,10.754986,6.9e-05,0.0,99
1,0,1,0,0,1,0,0,0,0,0,0,8,0,0,sintel_trailer_2k_1080p24.y4m,290.69,289.526,2.23688,6.2e-05,0.0,81
1,1,1,1,0,0,1,1,0,1,0,1,8,5,0,sintel_trailer_2k_1080p24.y4m,6442.53,6442.814,2.086008,7.1e-05,0.0,155
1,0,1,0,1,0,0,0,0,1,0,1,1,15,6,sintel_trailer_2k_1080p24.y4m,73.34,73.556,0.607561,6.3e-05,0.0,96
1,1,1,1,0,0,0,1,0,1,1,1,8,0,0,sintel_trailer_2k_1080p24.y4m,2834.75,2834.57,2.684651,6.9e-05,0.0,218
1,1,1,1,0,0,1,1,0,1,1,0,8,0,6,sintel_trailer_2k_1080p24.y4m,3094.4,3098.334,8.009612,7.1e-05,0.0,53
1,1,1,0,1,0,1,0,1,0,0,0,2,0,0,sintel_trailer_2k_1080p24.y4m,115.04,115.726,0.994801,6.7e-05,0.0,109
1,0,1,0,1,0,0,0,0,0,1,0,4,5,6,sintel_trailer_2k_1080p24.y4m,45.05,45.078,0.216495,6.4e-05,0.0,185
1,1,1,1,0,0,0,1,0,0,1,1,2,0,0,sintel_trailer_2k_1080p24.y4m,2824.81,2821.564,9.545849,6.9e-05,0.0,239
1,0,1,1,0,0,0,0,0,0,0,1,2,0,0,sintel_trailer_2k_1080p24.y4m,3919.14,3920.698,4.700683,6.3e-05,0.0,276
1,0,1,1,0,0,1,0,0,0,0,1,4,0,6,sintel_trailer_2k_1080p24.y4m,4388.93,4390.462,2.953332,6.5e-05,0.0,257
1,0,1,0,0,1,0,0,0,1,1,0,1,5,0,sintel_trailer_2k_1080p24.y4m,279.3,280.284,1.9749,6.3e-05,0.0,42
1,1,1,0,1,0,1,1,0,0,0,0,2,15,3,sintel_trailer_2k_1080p24.y4m,137.92,137.684,0.831192,7.1e-05,0.0,204
1,0,1,1,0,0,1,0,0,1,0,1,2,15,6,sintel_trailer_2k_1080p24.y4m,4390.31,4390.324,2.134697,6.5e-05,0.0,145
1,0,1,0,1,0,0,0,0,0,0,0,2,0,3,sintel_trailer_2k_1080p24.y4m,74.5,74.136,0.702019,6.4e-05,0.0,246
1,1,1,1,0,0,0,1,0,0,1,1,8,0,0,sintel_trailer_2k_1080p24.y4m,2848.78,2852.176,10.637351,6.9e-05,0.0,202
1,1,1,0,1,0,0,1,0,1,0,0,2,5,3,sintel_trailer_2k_1080p24.y4m,132.28,131.658,1.140206,6.9e-05,0.0,70
1,0,1,0,1,0,0,0,0,0,1,0,1,5,3,sintel_trailer_2k_1080p24.y4m,73.93,74.218,0.669156,6.4e-05,0.0,230
1,0,1,0,1,0,1,0,0,0,0,0,4,15,6,sintel_trailer_2k_1080p24.y4m,94.11,94.428,0.840369,6.5e-05,0.0,267
1,1,1,1,0,0,1,1,0,0,0,1,8,5,3,sintel_trailer_2k_1080p24.y4m,6224.77,6225.504,5.493767,7.1e-05,0.0,146
1,0,1,0,1,0,1,0,0,0,0,1,2,15,0,sintel_trailer_2k_1080p24.y4m,96.31,95.874,0.829295,6.5e-05,0.0,27
1,0,1,0,1,0,1,0,0,0,1,1,8,0,3,sintel_trailer_2k_1080p24.y4m,57.74,57.6,0.238328,6.5e-05,0.0,137
1,1,1,1,0,0,0,1,0,0,1,1,2,15,0,sintel_trailer_2k_1080p24.y4m,3149.87,3146.582,8.312555,6.9e-05,0.0,189
1,1,1,0,1,0,1,1,0,1,0,0,4,15,0,sintel_trailer_2k_1080p24.y4m,135.67,136.264,1.084564,7.1e-05,0.0,132
1,1,1,1,0,0,0,0,1,1,0,1,8,0,0,sintel_trailer_2k_1080p24.y4m,4510.36,4511.122,2.766527,6.9e-05,0.0,169
1,0,1,0,0,1,0,0,0,0,0,0,1,5,6,sintel_trailer_2k_1080p24.y4m,286.21,287.416,2.423062,6.2e-05,0.0,33
1,0,1,1,0,0,0,0,0,0,1,1,8,15,0,sintel_trailer_2k_1080p24.y4m,2041.22,2043.334,6.396779,6.2e-05,0.0,205
1,0,1,1,0,0,0,0,0,1,0,1,2,0,0,sintel_trailer_2k_1080p24.y4m,3917.29,3918.172,2.334431,6.3e-05,0.0,245
1,1,1,0,1,0,1,1,0,0,1,1,1,15,0,sintel_trailer_2k_1080p24.y4m,134.58,134.036,0.86535,7.2e-05,0.0,298
1,0,1,1,0,0,1,0,0,1,1,0,2,5,6,sintel_trailer_2k_1080p24.y4m,2321.34,2319.698,9.012332,6.5e-05,0.0,163
1,1,1,1,0,0,0,1,0,0,0,0,1,5,0,sintel_trailer_2k_1080p24.y4m,5926.4,5925.742,2.039625,6.9e-05,0.0,123
1,0,1,0,0,1,1,0,0,1,0,0,4,15,0,sintel_trailer_2k_1080p24.y4m,345.13,343.696,3.007354,6.5e-05,0.0,4
1,0,1,0,0,1,1,0,0,1,1,0,8,5,6,sintel_trailer_2k_1080p24.y4m,185.12,184.518,1.499006,6.5e-05,0.0,141
1,1,1,0,1,0,0,1,0,1,0,0,8,5,6,sintel_trailer_2k_1080p24.y4m,130.83,131.17,0.873069,6.9e-05,0.0,129
1,1,1,0,1,0,1,1,0,1,1,0,4,5,3,sintel_trailer_2k_1080p24.y4m,86.52,86.474,0.336645,7.1e-05,0.0,159
1,0,1,0,0,1,1,0,0,1,0,0,1,0,0,sintel_trailer_2k_1080p24.y4m,340.87,342.442,2.620643,6.5e-05,0.0,22
1,0,1,0,0,1,0,0,0,1,0,1,2,0,6,sintel_trailer_2k_1080p24.y4m,285.21,286.882,3.001844,6.3e-05,0.0,175
1,1,1,1,0,0,0,1,0,1,1,1,8,5,6,sintel_trailer_2k_1080p24.y4m,3093.86,3096.758,10.875204,6.9e-05,0.0,151
1,1,1,0,1,0,0,1,0,0,1,0,2,5,0,sintel_trailer_2k_1080p24.y4m,86.0,85.716,0.512865,6.9e-05,0.0,52
1,0,1,0,0,1,0,0,0,0,0,1,4,0,3,sintel_trailer_2k_1080p24.y4m,289.08,289.388,0.820713,6.3e-05,0.0,108
1,0,1,0,1,0,1,0,0,0,0,1,8,15,0,sintel_trailer_2k_1080p24.y4m,97.77,97.394,0.831673,6.5e-05,0.0,72
1,0,1,1,0,0,1,0,0,1,1,0,8,0,6,sintel_trailer_2k_1080p24.y4m,2321.45,2318.386,8.044108,6.5e-05,0.0,248
1,1,1,1,0,0,1,1,0,1,1,0,8,5,6,sintel_trailer_2k_1080p24.y4m,3375.25,3375.108,8.452208,7.1e-05,0.0,174
1,0,1,1,0,0,1,0,0,1,1,1,8,0,3,sintel_trailer_2k_1080p24.y4m,2307.39,2306.806,1.311804,6.5e-05,0.0,130
1,1,1,0,1,0,1,1,0,1,1,1,8,15,0,sintel_trailer_2k_1080p24.y4m,87.63,87.738,0.659523,7.2e-05,0.0,168
1,0,1,0,0,1,1,0,0,1,0,1,8,0,6,sintel_trailer_2k_1080p24.y4m,343.53,342.386,2.365117,6.5e-05,0.0,198
1,0,1,0,0,1,1,0,0,1,1,0,1,0,3,sintel_trailer_2k_1080p24.y4m,339.07,340.728,3.212837,6.5e-05,0.0,83
1,1,1,1,0,0,1,1,0,0,1,0,1,0,3,sintel_trailer_2k_1080p24.y4m,5886.06,5887.316,3.012911,7.1e-05,0.0,291
1,0,1,0,1,0,0,0,0,1,1,0,1,0,6,sintel_trailer_2k_1080p24.y4m,74.62,74.296,0.575091,6.4e-05,0.0,237
1,0,1,0,0,1,0,0,0,1,1,1,2,15,3,sintel_trailer_2k_1080p24.y4m,157.09,156.52,1.03687,6.2e-05,0.0,90
1,1,1,1,0,0,1,1,0,0,0,1,1,15,0,sintel_trailer_2k_1080p24.y4m,6329.71,6327.884,3.805605,7.1e-05,0.0,87
1,0,1,1,0,0,1,0,0,1,0,0,1,5,0,sintel_trailer_2k_1080p24.y4m,4411.61,4412.316,1.630531,6.5e-05,0.0,74
1,0,1,0,0,1,0,0,0,1,0,0,2,0,3,sintel_trailer_2k_1080p24.y4m,290.8,289.75,1.85405,6.2e-05,0.0,201
1,0,1,0,1,0,0,0,0,1,0,1,1,0,0,sintel_trailer_2k_1080p24.y4m,74.08,74.456,0.659113,6.3e-05,0.0,183
1,0,1,1,0,0,0,0,0,0,0,0,4,0,6,sintel_trailer_2k_1080p24.y4m,3917.34,3916.744,1.260091,6.3e-05,0.0,227
1,1,1,0,1,0,1,1,0,0,0,0,1,15,6,sintel_trailer_2k_1080p24.y4m,139.68,139.448,0.729705,7.1e-05,0.0,222
1,0,1,0,0,1,0,0,0,0,1,0,8,0,6,sintel_trailer_2k_1080p24.y4m,156.11,155.82,0.943637,6.3e-05,0.0,55
1,0,1,1,0,0,0,0,0,0,1,1,2,5,0,sintel_trailer_2k_1080p24.y4m,2049.63,2049.286,6.398135,6.2e-05,0.0,142
1,0,1,1,0,0,1,0,0,1,0,1,1,5,6,sintel_trailer_2k_1080p24.y4m,4387.59,4388.66,2.250966,6.5e-05,0.0,124
1,0,1,1,0,0,1,0,0,0,0,0,8,0,0,sintel_trailer_2k_1080p24.y4m,4390.37,4390.682,3.685176,6.5e-05,0.0,95
1,0,1,1,0,0,1,0,0,1,0,0,2,15,0,sintel_trailer_2k_1080p24.y4m,4412.98,4413.602,3.058344,6.5e-05,0.0,241
1,0,1,0,1,0,0,0,0,0,1,1,1,5,3,sintel_trailer_2k_1080p24.y4m,75.05,74.768,0.743552,6.3e-05,0.0,289
1,0,1,1,0,0,1,0,0,1,1,0,1,5,0,sintel_trailer_2k_1080p24.y4m,4397.48,4397.52,1.901434,6.5e-05,0.0,278
1,1,1,0,1,0,0,1,0,1,1,0,1,0,6,sintel_trailer_2k_1080p24.y4m,131.36,130.832,1.10407,6.9e-05,0.0,176
1,0,1,0,0,1,1,0,0,0,1,0,8,5,0,sintel_trailer_2k_1080p24.y4m,188.64,188.736,2.00318,6.5e-05,0.0,122
1,0,1,0,0,1,0,0,0,0,1,0,4,0,6,sintel_trailer_2k_1080p24.y4m,154.84,154.51,1.262755,6.3e-05,0.0,30
1,1,1,0,1,0,0,1,0,0,0,0,2,0,6,sintel_trailer_2k_1080p24.y4m,127.76,128.326,0.994902,6.9e-05,0.0,251
1,0,1,1,0,0,0,0,0,0,0,1,1,0,0,sintel_trailer_2k_1080p24.y4m,3919.46,3919.288,1.405016,6.3e-05,0.0,120
1,0,1,1,0,0,0,0,0,0,0,1,2,15,6,sintel_trailer_2k_1080p24.y4m,3921.18,3920.772,1.37225,6.3e-05,0.0,144
1,0,1,0,1,0,1,0,0,0,0,0,1,0,3,sintel_trailer_2k_1080p24.y4m,95.49,95.064,0.893325,6.5e-05,0.0,265
1,1,1,0,1,0,0,1,0,0,1,0,2,0,6,sintel_trailer_2k_1080p24.y4m,83.38,83.274,0.442131,6.9e-05,0.0,260
1,1,1,0,1,0,0,1,0,0,0,1,1,0,3,sintel_trailer_2k_1080p24.y4m,131.5,130.946,0.960927,6.9e-05,0.0,78
1,0,1,0,1,0,0,0,0,0,1,1,8,15,3,sintel_trailer_2k_1080p24.y4m,45.08,45.152,0.275264,6.3e-05,0.0,84
1,0,1,1,0,0,1,0,0,1,0,0,4,15,3,sintel_trailer_2k_1080p24.y4m,4414.48,4413.984,2.015808,6.5e-05,0.0,296
1,0,1,0,0,1,0,0,0,0,0,1,2,5,6,sintel_trailer_2k_1080p24.y4m,288.75,288.182,2.013075,6.3e-05,0.0,232
1,0,1,0,0,1,1,0,0,0,1,0,4,15,6,sintel_trailer_2k_1080p24.y4m,186.3,186.616,0.91544,6.5e-05,0.0,213
1,1,1,0,1,0,0,1,0,0,1,1,8,15,3,sintel_trailer_2k_1080p24.y4m,84.8,84.81,0.58056,6.9e-05,0.0,94
1,0,1,0,1,0,0,0,0,0,1,1,1,5,0,sintel_trailer_2k_1080p24.y4m,73.97,74.306,0.590745,6.3e-05,0.0,178
1,0,1,1,0,0,1,0,0,1,0,0,4,0,0,sintel_trailer_2k_1080p24.y4m,4414.09,4414.946,2.743142,6.5e-05,0.0,127
1,1,1,0,1,0,1,1,0,0,1,0,8,5,6,sintel_trailer_2k_1080p24.y4m,86.91,86.686,0.400537,7.1e-05,0.0,111
1,0,1,0,1,0,0,0,0,0,0,1,1,0,6,sintel_trailer_2k_1080p24.y4m,73.19,73.676,0.736465,6.3e-05,0.0,92
1,1,1,1,0,0,0,1,0,0,1,0,8,15,6,sintel_trailer_2k_1080p24.y4m,3068.41,3069.874,3.273458,6.9e-05,0.0,54
1,0,1,0,0,1,0,0,0,0,0,1,2,15,0,sintel_trailer_2k_1080p24.y4m,288.96,287.354,2.858904,6.3e-05,0.0,45
1,0,1,1,0,0,0,0,0,1,0,0,4,0,6,sintel_trailer_2k_1080p24.y4m,3918.67,3918.4,0.923824,6.3e-05,0.0,226
1,1,1,1,0,0,1,1,0,1,0,0,8,5,0,sintel_trailer_2k_1080p24.y4m,6318.07,6321.506,6.428641,7.1e-05,0.0,200
1,0,1,0,0,1,1,0,0,1,0,1,8,5,6,sintel_trailer_2k_1080p24.y4m,338.69,340.654,3.157488,6.5e-05,0.0,59
1,1,1,0,1,0,1,0,1,0,0,1,2,0,0,sintel_trailer_2k_1080p24.y4m,114.99,114.676,0.930151,6.7e-05,0.0,19
1,1,1,1,0,0,0,1,0,1,0,0,2,15,0,sintel_trailer_2k_1080p24.y4m,5864.63,5865.866,3.577294,6.9e-05,0.0,47
1,1,1,0,1,0,1,1,0,0,0,1,4,5,6,sintel_trailer_2k_1080p24.y4m,136.52,135.924,1.112533,7.1e-05,0.0,32
1,1,1,0,1,0,0,1,0,1,0,0,1,5,6,sintel_trailer_2k_1080p24.y4m,133.13,133.002,0.398208,6.9e-05,0.0,170
1,0,1,0,0,1,0,0,0,1,1,0,1,15,0,sintel_trailer_2k_1080p24.y4m,286.57,285.388,2.330487,6.3e-05,0.0,270
1,0,1,1,0,0,1,0,0,1,0,1,4,15,6,sintel_trailer_2k_1080p24.y4m,4365.58,4365.08,1.706297,6.5e-05,0.0,207
1,1,1,0,1,0,0,1,0,1,1,1,1,5,6,sintel_trailer_2k_1080p24.y4m,130.79,131.466,1.007115,6.9e-05,0.0,43
1,0,1,0,1,0,1,0,0,0,1,1,1,0,3,sintel_trailer_2k_1080p24.y4m,96.92,97.024,0.504807,6.5e-05,0.0,40
1,1,1,0,1,0,0,1,0,0,1,1,1,5,3,sintel_trailer_2k_1080p24.y4m,129.93,130.502,1.009911,6.9e-05,0.0,117
1,0,1,0,0,1,0,0,0,0,1,0,8,15,6,sintel_trailer_2k_1080p24.y4m,156.09,156.626,0.97856,6.3e-05,0.0,253
1,0,1,1,0,0,0,0,0,1,0,0,1,15,3,sintel_trailer_2k_1080p24.y4m,3918.53,3918.404,1.686722,6.3e-05,0.0,68
1,1,1,1,0,0,0,1,0,1,1,1,1,15,6,sintel_trailer_2k_1080p24.y4m,5899.92,5900.41,3.28829,6.9e-05,0.0,186
1,1,1,0,1,0,1,1,0,0,0,1,8,15,3,sintel_trailer_2k_1080p24.y4m,134.73,133.96,1.132652,7.1e-05,0.0,288
1,1,1,0,1,0,0,1,0,0,0,0,2,0,0,sintel_trailer_2k_1080p24.y4m,128.56,128.392,1.125287,6.9e-05,0.0,15
1,0,1,1,0,0,0,0,0,0,1,1,2,15,3,sintel_trailer_2k_1080p24.y4m,2065.17,2062.36,5.226318,6.2e-05,0.0,82
1,1,1,1,0,0,0,1,0,0,0,0,4,15,6,sintel_trailer_2k_1080p24.y4m,5848.32,5850.572,5.024233,6.9e-05,0.0,211
1,0,1,0,1,0,1,0,0,1,1,1,8,15,6,sintel_trailer_2k_1080p24.y4m,57.64,57.628,0.294822,6.5e-05,0.0,177
1,1,1,0,1,0,0,1,0,1,1,1,2,5,3,sintel_trailer_2k_1080p24.y4m,84.08,84.038,0.317836,6.9e-05,0.0,210
1,0,1,1,0,0,0,0,0,1,1,1,2,0,3,sintel_trailer_2k_1080p24.y4m,2064.19,2064.214,3.470163,6.2e-05,0.0,13
1,0,1,0,1,0,1,0,0,0,0,1,2,15,3,sintel_trailer_2k_1080p24.y4m,95.34,95.876,0.99445,6.5e-05,0.0,228
1,0,1,0,1,0,1,0,0,1,1,0,4,5,3,sintel_trailer_2k_1080p24.y4m,56.35,56.32,0.291548,6.5e-05,0.0,38
1,1,1,1,0,0,0,1,0,0,0,1,4,15,6,sintel_trailer_2k_1080p24.y4m,5832.74,5833.272,3.967401,6.9e-05,0.0,29
1,1,1,1,0,0,1,0,1,1,0,0,8,0,0,sintel_trailer_2k_1080p24.y4m,4902.13,4901.816,2.13267,6.7e-05,0.0,24
1,1,1,1,0,0,0,1,0,0,0,0,8,5,6,sintel_trailer_2k_1080p24.y4m,5873.2,5873.534,4.35449,6.9e-05,0.0,293
1,1,1,1,0,0,0,1,0,0,1,0,2,5,6,sintel_trailer_2k_1080p24.y4m,3134.69,3135.18,2.878211,6.9e-05,0.0,67
1,1,1,0,1,0,0,1,0,1,0,1,2,5,0,sintel_trailer_2k_1080p24.y4m,130.04,130.258,0.736729,6.9e-05,0.0,199
1,0,1,0,0,1,1,0,0,1,1,0,8,15,3,sintel_trailer_2k_1080p24.y4m,185.87,186.526,1.294114,6.5e-05,0.0,244
1,0,1,0,0,1,1,0,0,0,0,0,8,15,0,sintel_trailer_2k_1080p24.y4m,346.36,345.464,1.987091,6.5e-05,0.0,80
1,1,1,1,0,0,1,1,0,1,1,1,2,0,3,sintel_trailer_2k_1080p24.y4m,3084.31,3082.13,8.61647,7.2e-05,0.0,223
1,1,1,0,1,0,1,1,0,0,1,0,8,5,0,sintel_trailer_2k_1080p24.y4m,87.47,87.428,0.28943,7.1e-05,0.0,121
1,0,1,1,0,0,1,0,0,0,0,0,8,5,3,sintel_trailer_2k_1080p24.y4m,4389.51,4389.412,1.313096,6.5e-05,0.0,261
1,0,1,1,0,0,1,0,0,1,1,0,1,5,6,sintel_trailer_2k_1080p24.y4m,4396.63,4397.014,1.317926,6.5e-05,0.0,156
1,1,1,1,0,0,0,1,0,0,1,0,4,15,3,sintel_trailer_2k_1080p24.y4m,3139.38,3134.244,9.544476,6.9e-05,0.0,271
1,1,1,1,0,0,1,1,0,1,0,0,2,15,3,sintel_trailer_2k_1080p24.y4m,6351.35,6349.598,3.859303,7.1e-05,0.0,9
1,1,1,1,0,0,1,1,0,1,0,1,1,0,0,sintel_trailer_2k_1080p24.y4m,5875.81,5876.102,1.275037,7.1e-05,0.0,165
1,0,1,0,0,1,1,0,0,1,0,0,1,15,6,sintel_trailer_2k_1080p24.y4m,341.6,342.59,2.895945,6.5e-05,0.0,126
1,0,1,1,0,0,1,0,0,1,1,1,8,5,0,sintel_trailer_2k_1080p24.y4m,2309.52,2312.522,7.94852,6.5e-05,0.0,280
1,0,1,1,0,0,0,0,0,1,1,0,2,5,3,sintel_trailer_2k_1080p24.y4m,2064.52,2062.586,4.606868,6.3e-05,0.0,172
1,0,1,0,1,0,1,0,0,0,0,0,1,15,6,sintel_trailer_2k_1080p24.y4m,96.54,96.06,1.077242,6.5e-05,0.0,292
1,0,1,0,0,1,0,0,0,1,0,1,1,0,3,sintel_trailer_2k_1080p24.y4m,289.75,288.306,2.255489,6.3e-05,0.0,179
1,0,1,0,0,1,1,0,0,1,0,1,2,0,3,sintel_trailer_2k_1080p24.y4m,343.02,341.78,2.944053,6.5e-05,0.0,272
1,0,1,0,0,1,1,0,0,0,1,0,4,5,0,sintel_trailer_2k_1080p24.y4m,183.55,183.542,1.361018,6.5e-05,0.0,105
1,0,1,0,1,0,0,0,0,0,0,0,1,0,3,sintel_trailer_2k_1080p24.y4m,73.43,73.65,0.592663,6.4e-05,0.0,76
1,0,1,1,0,0,1,0,0,0,1,0,4,15,3,sintel_trailer_2k_1080p24.y4m,2315.05,2315.5,6.99424,6.5e-05,0.0,197
1,1,1,1,0,0,1,1,0,0,1,0,1,15,0,sintel_trailer_2k_1080p24.y4m,6368.17,6366.964,1.800106,7.1e-05,0.0,221
1,1,1,1,0,0,1,1,0,0,1,0,8,15,6,sintel_trailer_2k_1080p24.y4m,3401.16,3398.874,9.680226,7.1e-05,0.0,167
1,1,1,0,1,0,0,1,0,1,0,1,4,15,6,sintel_trailer_2k_1080p24.y4m,129.97,130.76,1.115527,6.9e-05,0.0,136
1,1,1,1,0,0,0,1,0,1,0,1,8,15,6,sintel_trailer_2k_1080p24.y4m,5860.23,5861.01,2.495316,6.9e-05,0.0,243
1,0,1,0,1,0,0,0,0,1,0,1,8,15,6,sintel_trailer_2k_1080p24.y4m,74.32,74.504,0.593532,6.3e-05,0.0,60
1,0,1,1,0,0,0,0,0,1,0,1,2,0,6,sintel_trailer_2k_1080p24.y4m,3918.82,3919.06,0.734677,6.3e-05,0.0,110
1,1,1,1,0,0,1,1,0,1,0,0,1,15,6,sintel_trailer_2k_1080p24.y4m,6339.13,6338.712,0.927992,7.1e-05,0.0,35
1,0,1,1,0,0,1,0,0,0,1,1,2,5,6,sintel_trailer_2k_1080p24.y4m,2322.34,2322.634,0.796448,6.5e-05,0.0,235
1,0,1,1,0,0,0,0,0,1,0,0,1,0,3,sintel_trailer_2k_1080p24.y4m,3917.32,3917.38,1.83041,6.3e-05,0.0,44
1,1,1,0,1,0,1,1,0,0,1,0,4,15,3,sintel_trailer_2k_1080p24.y4m,88.46,88.47,0.443959,7.1e-05,0.0,256
1,0,1,0,0,1,0,0,0,0,1,1,8,0,0,sintel_trailer_2k_1080p24.y4m,158.7,158.008,1.257346,6.2e-05,0.0,192
1,0,1,0,1,0,0,0,0,0,1,1,2,0,0,sintel_trailer_2k_1080p24.y4m,45.53,45.29,0.41497,6.3e-05,0.0,41
1,0,1,1,0,0,0,0,0,0,1,0,4,5,0,sintel_trailer_2k_1080p24.y4m,2065.29,2065.028,1.458962,6.3e-05,0.0,37
1,0,1,0,0,1,0,0,0,0,0,0,4,5,0,sintel_trailer_2k_1080p24.y4m,289.77,288.7,2.241439,6.2e-05,0.0,26
1,1,1,1,0,0,0,1,0,0,0,0,1,0,3,sintel_trailer_2k_1080p24.y4m,5340.32,5340.212,2.290277,6.9e-05,0.0,273
1,1,1,1,0,0,1,1,0,0,0,1,1,5,6,sintel_trailer_2k_1080p24.y4m,6289.4,6291.448,4.873404,7.1e-05,0.0,233
1,1,1,0,1,0,1,1,0,0,1,1,8,0,0,sintel_trailer_2k_1080p24.y4m,84.02,83.796,0.636263,7.2e-05,0.0,101
1,0,1,1,0,0,0,0,0,0,0,1,2,5,3,sintel_trailer_2k_1080p24.y4m,3919.52,3919.168,1.712504,6.3e-05,0.0,39
1,1,1,0,1,0,0,1,0,0,0,1,1,15,0,sintel_trailer_2k_1080p24.y4m,134.03,134.308,0.968153,6.9e-05,0.0,106
1,1,1,0,1,0,0,0,1,1,0,0,1,0,0,sintel_trailer_2k_1080p24.y4m,108.74,109.182,0.824967,6.9e-05,0.0,242
1,1,1,1,0,0,1,1,0,0,1,0,2,15,0,sintel_trailer_2k_1080p24.y4m,3351.16,3352.274,6.862873,7.1e-05,0.0,193
1,0,1,0,1,0,1,0,0,0,1,0,1,15,6,sintel_trailer_2k_1080p24.y4m,95.04,95.394,0.703228,6.5e-05,0.0,103
1,1,1,0,1,0,0,1,0,1,1,1,8,5,6,sintel_trailer_2k_1080p24.y4m,84.83,84.596,0.487832,6.9e-05,0.0,1
1,0,1,1,0,0,0,0,0,1,1,1,1,0,0,sintel_trailer_2k_1080p24.y4m,3894.93,3895.09,0.305532,6.2e-05,0.0,61
1,1,1,1,0,0,0,0,1,0,0,0,2,0,0,sintel_trailer_2k_1080p24.y4m,4525.49,4524.81,2.407166,6.9e-05,0.0,56
1,1,1,0,1,0,0,1,0,0,1,0,8,15,3,sintel_trailer_2k_1080p24.y4m,84.96,85.17,0.446206,6.9e-05,0.0,148
1,0,1,0,1,0,0,0,0,1,0,1,2,5,0,sintel_trailer_2k_1080p24.y4m,75.25,74.852,0.644647,6.3e-05,0.0,112
1,0,1,0,1,0,1,0,0,0,1,0,8,15,3,sintel_trailer_2k_1080p24.y4m,55.87,55.96,0.390576,6.5e-05,0.0,300
1,0,1,0,1,0,0,0,0,1,1,0,4,15,0,sintel_trailer_2k_1080p24.y4m,45.3,45.288,0.252527,6.4e-05,0.0,249
1,0,1,0,1,0,0,0,0,0,0,1,2,0,0,sintel_trailer_2k_1080p24.y4m,74.13,74.498,0.716149,6.3e-05,0.0,20
1,1,1,1,0,0,1,1,0,1,0,1,1,5,0,sintel_trailer_2k_1080p24.y4m,6442.42,6442.138,1.822188,7.1e-05,0.0,104
1,1,1,1,0,0,0,1,0,1,1,1,8,15,6,sintel_trailer_2k_1080p24.y4m,3111.53,3109.734,5.027308,6.9e-05,0.0,131
1,0,1,1,0,0,0,0,0,0,0,0,2,0,3,sintel_trailer_2k_1080p24.y4m,3917.56,3917.806,0.809432,6.3e-05,0.0,69
1,0,1,0,1,0,1,0,0,0,0,0,2,0,3,sintel_trailer_2k_1080p24.y4m,97.01,96.344,1.050562,6.5e-05,0.0,220
1,1,1,1,0,0,1,1,0,1,1,1,8,15,6,sintel_trailer_2k_1080p24.y4m,3334.9,3339.206,11.007703,7.1e-05,0.0,11
1,1,1,1,0,0,1,1,0,1,0,0,4,15,6,sintel_trailer_2k_1080p24.y4m,6337.24,6336.778,2.075697,7.1e-05,0.0,258
1,0,1,0,1,0,1,0,0,0,0,0,2,15,3,sintel_trailer_2k_1080p24.y4m,95.51,95.916,0.967719,6.5e-05,0.0,65
1,0,1,0,0,1,1,0,0,0,0,0,2,15,0,sintel_trailer_2k_1080p24.y4m,345.66,344.416,2.743452,6.5e-05,0.0,160
1,0,1,0,0,1,1,0,0,0,0,0,8,0,0,sintel_trailer_2k_1080p24.y4m,341.03,342.63,2.936094,6.5e-05,0.0,238
1,1,1,1,0,0,0,1,0,0,0,0,4,0,0,sintel_trailer_2k_1080p24.y4m,5338.49,5338.168,2.341115,6.9e-05,0.0,57
1,1,1,0,1,0,0,1,0,1,0,1,2,0,0,sintel_trailer_2k_1080p24.y4m,131.63,131.51,0.825439,6.9e-05,0.0,79
1,0,1,0,1,0,1,0,0,0,1,0,4,15,3,sintel_trailer_2k_1080p24.y4m,56.66,56.716,0.284658,6.5e-05,0.0,224
1,1,1,0,1,0,0,1,0,1,0,0,2,0,3,sintel_trailer_2k_1080p24.y4m,128.94,129.628,1.249668,6.9e-05,0.0,48
1,0,1,0,1,0,1,0,0,0,0,1,8,0,6,sintel_trailer_2k_1080p24.y4m,97.54,97.27,0.820853,6.5e-05,0.0,173
1,1,1,1,0,0,1,1,0,0,1,1,1,0,0,sintel_trailer_2k_1080p24.y4m,5838.57,5839.018,3.167834,7.2e-05,0.0,283
1,0,1,0,1,0,0,0,0,0,0,0,1,0,6,sintel_trailer_2k_1080p24.y4m,74.57,74.372,0.629381,6.4e-05,0.0,190
1,0,1,0,1,0,1,0,0,1,1,1,4,0,6,sintel_trailer_2k_1080p24.y4m,58.02,57.682,0.495802,6.5e-05,0.0,259
1,0,1,1,0,0,0,0,0,0,0,1,1,15,3,sintel_trailer_2k_1080p24.y4m,3919.42,3919.378,1.4295,6.3e-05,0.0,7
1,0,1,0,0,1,0,0,0,0,0,1,2,5,0,sintel_trailer_2k_1080p24.y4m,289.24,289.496,0.554328,6.3e-05,0.0,73
1,1,1,1,0,0,1,1,0,0,0,0,2,0,6,sintel_trailer_2k_1080p24.y4m,5845.36,5845.25,0.607166,7.1e-05,0.0,63
1,0,1,0,0,1,1,0,0,1,1,0,2,15,3,sintel_trailer_2k_1080p24.y4m,187.82,187.04,1.368667,6.5e-05,0.0,284
1,0,1,1,0,0,1,0,0,1,0,1,8,15,6,sintel_trailer_2k_1080p24.y4m,4388.38,4388.714,1.810961,6.5e-05,0.0,250
1,1,1,0,1,0,0,1,0,0,0,0,2,5,0,sintel_trailer_2k_1080p24.y4m,132.63,132.38,0.770584,6.9e-05,0.0,209
1,0,1,0,1,0,1,0,0,0,0,1,4,5,3,sintel_trailer_2k_1080p24.y4m,97.33,97.128,0.655492,6.5e-05,0.0,138
1,1,1,1,0,0,0,0,1,1,1,0,1,0,0,sintel_trailer_2k_1080p24.y4m,4543.79,4543.972,1.305324,6.9e-05,0.0,135
1,1,1,1,0,0,1,1,0,1,1,0,4,5,3,sintel_trailer_2k_1080p24.y4m,3329.45,3329.654,4.871461,7.1e-05,0.0,264
1,1,1,1,0,0,0,1,0,1,1,0,2,0,6,sintel_trailer_2k_1080p24.y4m,2814.02,2811.632,9.030663,6.9e-05,0.0,215
1,0,1,0,0,1,0,0,0,0,1,1,4,5,3,sintel_trailer_2k_1080p24.y4m,156.37,156.796,0.85395,6.2e-05,0.0,50
1,0,1,1,0,0,0,0,0,1,1,0,4,0,6,sintel_trailer_2k_1080p24.y4m,2044.86,2045.244,6.945598,6.3e-05,0.0,98
1,1,1,1,0,0,0,1,0,1,1,0,1,15,0,sintel_trailer_2k_1080p24.y4m,5946.63,5946.418,1.661436,6.9e-05,0.0,140
1,1,1,1,0,0,0,1,0,0,1,1,1,0,3,sintel_trailer_2k_1080p24.y4m,5359.71,5359.122,2.168068,6.9e-05,0.0,113
1,0,1,0,1,0,1,0,0,1,1,0,1,0,6,sintel_trailer_2k_1080p24.y4m,96.43,96.042,1.050319,6.5e-05,0.0,3
1,0,1,0,0,1,0,0,0,1,1,1,8,0,0,sintel_trailer_2k_1080p24.y4m,157.16,157.024,0.97879,6.2e-05,0.0,149
1,0,1,1,0,0,0,0,0,0,1,1,8,5,6,sintel_trailer_2k_1080p24.y4m,2065.13,2064.592,1.84661,6.2e-05,0.0,153
1,1,1,1,0,0,1,1,0,1,1,0,2,15,6,sintel_trailer_2k_1080p24.y4m,3409.27,3410.724,8.226657,7.1e-05,0.0,133
1,0,1,1,0,0,0,0,0,0,0,0,1,0,3,sintel_trailer_2k_1080p24.y4m,3917.25,3916.84,0.982802,6.3e-05,0.0,191
1,1,1,0,1,0,0,1,0,1,0,1,1,0,6,sintel_trailer_2k_1080p24.y4m,131.57,131.184,0.966969,6.9e-05,0.0,100
1,0,1,1,0,0,1,0,0,0,1,0,4,0,3,sintel_trailer_2k_1080p24.y4m,2307.32,2308.49,3.580838,6.5e-05,0.0,85
1,0,1,0,0,1,1,0,0,0,0,0,2,0,3,sintel_trailer_2k_1080p24.y4m,337.42,338.58,2.634473,6.5e-05,0.0,88
1,0,1,0,1,0,1,0,0,1,1,0,4,15,6,sintel_trailer_2k_1080p24.y4m,56.83,56.736,0.250659,6.5e-05,0.0,31
1,0,1,0,0,1,1,0,0,0,0,0,4,5,3,sintel_trailer_2k_1080p24.y4m,340.51,341.732,2.808375,6.5e-05,0.0,134
1,1,1,0,1,0,1,1,0,1,1,1,8,0,3,sintel_trailer_2k_1080p24.y4m,84.97,84.788,0.465425,7.2e-05,0.0,147
1,1,1,1,0,0,0,1,0,0,1,1,4,15,6,sintel_trailer_2k_1080p24.y4m,3107.39,3100.67,12.147273,6.9e-05,0.0,275
1,0,1,0,0,1,1,0,0,0,1,0,4,15,3,sintel_trailer_2k_1080p24.y4m,185.79,185.61,0.361386,6.5e-05,0.0,143
1,1,1,0,1,0,1,1,0,1,0,0,1,5,6,sintel_trailer_2k_1080p24.y4m,138.63,137.95,1.123121,7.1e-05,0.0,8
1,1,1,1,0,0,1,1,0,0,1,1,4,5,3,sintel_trailer_2k_1080p24.y4m,3326.17,3326.45,9.527353,7.1e-05,0.0,216
1,0,1,1,0,0,1,0,0,1,0,0,1,0,3,sintel_trailer_2k_1080p24.y4m,4411.54,4412.584,1.824755,6.5e-05,0.0,214
1,0,1,0,0,1,0,0,0,0,0,0,1,5,0,sintel_trailer_2k_1080p24.y4m,282.23,282.914,2.519867,6.2e-05,0.0,17
1,0,1,0,0,1,1,0,0,0,0,0,1,5,0,sintel_trailer_2k_1080p24.y4m,341.22,341.392,1.185525,6.5e-05,0.0,206
1,0,1,0,1,0,0,0,0,1,1,1,8,15,0,sintel_trailer_2k_1080p24.y4m,44.83,45.07,0.356371,6.3e-05,0.0,36
1,1,1,0,1,0,1,1,0,0,0,0,4,15,3,sintel_trailer_2k_1080p24.y4m,136.3,136.92,0.933488,7.1e-05,0.0,6
1,0,1,1,0,0,1,0,0,0,0,1,1,0,6,sintel_trailer_2k_1080p24.y4m,4390.15,4389.528,1.751248,6.5e-05,0.0,5
1,0,1,1,0,0,1,0,0,0,0,0,8,15,6,sintel_trailer_2k_1080p24.y4m,4413.43,4413.884,2.684861,6.5e-05,0.0,164
1,0,1,0,0,1,0,0,0,1,0,0,8,0,6,sintel_trailer_2k_1080p24.y4m,282.51,283.352,2.642446,6.2e-05,0.0,97
1,0,1,1,0,0,0,0,0,0,1,0,2,5,3,sintel_trailer_2k_1080p24.y4m,2090.72,2090.696,14.984441,6.3e-05,0.0,236
1,1,1,0,1,0,1,1,0,0,0,0,8,5,0,sintel_trailer_2k_1080p24.y4m,132.4,132.692,0.959724,7.1e-05,0.0,71
1,1,1,0,1,0,1,1,0,1,0,1,2,0,3,sintel_trailer_2k_1080p24.y4m,132.54,132.136,1.066316,7.1e-05,0.0,295
1,0,1,1,0,0,1,0,0,1,1,0,8,5,3,sintel_trailer_2k_1080p24.y4m,2307.2,2306.916,0.778544,6.5e-05,0.0,286
1,0,1,0,1,0,0,0,0,0,0,1,1,5,0,sintel_trailer_2k_1080p24.y4m,74.29,74.614,0.63394,6.3e-05,0.0,34
1,0,1,0,1,0,1,0,0,1,1,1,1,5,3,sintel_trailer_2k_1080p24.y4m,98.31,97.908,0.954526,6.5e-05,0.0,240
1,0,1,0,0,1,1,0,0,0,0,1,4,15,3,sintel_trailer_2k_1080p24.y4m,343.11,341.492,3.379041,6.5e-05,0.0,18
1,0,1,0,1,0,0,0,0,0,1,0,8,0,6,sintel_trailer_2k_1080p24.y4m,44.78,44.852,0.233923,6.4e-05,0.0,102
1,1,1,1,0,0,1,0,1,0,1,0,4,0,0,sintel_trailer_2k_1080p24.y4m,2615.21,2607.904,10.893318,6.7e-05,0.0,51
1,1,1,1,0,0,1,1,0,0,0,1,4,15,6,sintel_trailer_2k_1080p24.y4m,6427.67,6427.96,2.036909,7e-05,0.0,282
1,0,1,0,1,0,1,0,0,1,1,1,1,0,3,sintel_trailer_2k_1080p24.y4m,97.03,97.456,0.876744,6.5e-05,0.0,77
1,0,1,1,0,0,1,0,0,0,1,0,2,0,3,sintel_trailer_2k_1080p24.y4m,2301.61,2299.648,5.741535,6.5e-05,0.0,128
1,1,1,0,1,0,1,1,0,0,0,0,2,5,3,sintel_trailer_2k_1080p24.y4m,137.67,137.166,1.047392,7.1e-05,0.0,234
1,0,1,1,0,0,0,0,0,0,1,1,1,0,0,sintel_trailer_2k_1080p24.y4m,3876.69,3879.3,4.610705,6.2e-05,0.0,252
1,0,1,1,0,0,1,0,0,0,0,1,4,0,3,sintel_trailer_2k_1080p24.y4m,4390.53,4390.654,1.010609,6.5e-05,0.0,28
1,0,1,0,0,1,1,0,0,1,1,1,8,15,3,sintel_trailer_2k_1080p24.y4m,184.17,184.016,1.158201,6.5e-05,0.0,139
1,0,1,0,0,1,0,0,0,0,0,1,1,5,0,sintel_trailer_2k_1080p24.y4m,285.7,287.102,2.529391,6.3e-05,0.0,158
1,1,1,0,1,0,1,1,0,1,0,1,8,5,3,sintel_trailer_2k_1080p24.y4m,134.23,134.788,1.177485,7.1e-05,0.0,152
1,0,1,1,0,0,1,0,0,1,0,0,2,0,6,sintel_trailer_2k_1080p24.y4m,4390.87,4390.412,1.461256,6.5e-05,0.0,12
1,1,1,0,1,0,0,1,0,0,0,1,4,15,3,sintel_trailer_2k_1080p24.y4m,131.76,131.436,0.978841,6.9e-05,0.0,294
1,1,1,0,1,0,0,1,0,0,0,1,8,15,3,sintel_trailer_2k_1080p24.y4m,130.26,130.626,0.786212,6.9e-05,0.0,154
1,1,1,1,0,0,0,1,0,1,0,0,2,15,6,sintel_trailer_2k_1080p24.y4m,5851.08,5851.78,2.142137,6.9e-05,0.0,157
1,0,1,1,0,0,1,0,0,1,1,1,2,0,3,sintel_trailer_2k_1080p24.y4m,2306.99,2310.512,7.295678,6.5e-05,0.0,150
1,1,1,0,1,0,1,1,0,0,1,0,8,0,6,sintel_trailer_2k_1080p24.y4m,84.07,83.92,0.669216,7.1e-05,0.0,287
1,0,1,0,1,0,0,0,0,1,1,0,1,0,3,sintel_trailer_2k_1080p24.y4m,73.78,73.742,0.234776,6.4e-05,0.0,297
1,0,1,0,0,1,0,0,0,1,1,0,8,15,0,sintel_trailer_2k_1080p24.y4m,156.18,156.28,0.656925,6.3e-05,0.0,263
1,1,1,0,1,0,0,1,0,1,1,1,1,5,3,sintel_trailer_2k_1080p24.y4m,129.64,129.994,0.882627,6.9e-05,0.0,255
1,0,1,1,0,0,0,0,0,1,1,0,8,15,3,sintel_trailer_2k_1080p24.y4m,2058.23,2059.25,6.276364,6.3e-05,0.0,115
1,0,1,0,0,1,1,0,0,1,0,1,4,15,3,sintel_trailer_2k_1080p24.y4m,338.42,340.29,3.363198,6.5e-05,0.0,188
1,0,1,0,0,1,1,0,0,0,0,1,8,0,6,sintel_trailer_2k_1080p24.y4m,342.54,341.38,2.700861,6.5e-05,0.0,212
1,0,1,1,0,0,1,0,0,0,0,1,1,15,3,sintel_trailer_2k_1080p24.y4m,4389.69,4390.362,1.193533,6.5e-05,0.0,195
1,0,1,0,1,0,0,0,0,0,1,1,2,15,0,sintel_trailer_2k_1080p24.y4m,45.04,45.214,0.321294,6.3e-05,0.0,119
1,0,1,1,0,0,0,0,0,1,0,1,4,15,0,sintel_trailer_2k_1080p24.y4m,3920.0,3922.498,5.863644,6.3e-05,0.0,58
1,0,1,0,1,0,1,0,0,1,0,1,4,0,6,sintel_trailer_2k_1080p24.y4m,97.37,96.842,0.919712,6.5e-05,0.0,277
1,0,1,0,1,0,1,0,0,0,1,1,4,5,6,sintel_trailer_2k_1080p24.y4m,57.55,57.55,0.35616,6.5e-05,0.0,64
1,1,1,0,1,0,1,1,0,1,0,0,2,0,0,sintel_trailer_2k_1080p24.y4m,134.2,133.508,1.121503,7.1e-05,0.0,285
1,1,1,0,1,0,1,1,0,1,0,0,4,0,0,sintel_trailer_2k_1080p24.y4m,134.37,133.91,1.156568,7.1e-05,0.0,290
1,0,1,1,0,0,0,0,0,1,0,1,8,5,6,sintel_trailer_2k_1080p24.y4m,3918.35,3918.096,1.405678,6.3e-05,0.0,196
1,1,1,1,0,0,1,0,1,1,1,1,1,0,0,sintel_trailer_2k_1080p24.y4m,4866.29,4866.562,1.419355,6.8e-05,0.0,93
1,0,1,1,0,0,1,0,0,0,1,1,4,5,6,sintel_trailer_2k_1080p24.y4m,2320.92,2320.522,3.488864,6.5e-05,0.0,299
1,0,1,1,0,0,0,0,0,1,0,0,2,5,0,sintel_trailer_2k_1080p24.y4m,3917.42,3916.2,1.966113,6.3e-05,0.0,125
1,1,1,0,1,0,0,1,0,1,0,1,2,15,6,sintel_trailer_2k_1080p24.y4m,131.6,131.074,1.21993,6.9e-05,0.0,21
1,0,1,0,1,0,0,0,0,1,0,1,2,0,0,sintel_trailer_2k_1080p24.y4m,74.91,74.596,0.687263,6.3e-05,0.0,225
1,0,1,0,1,0,0,0,0,1,0,0,2,5,0,crowd_run_1080p50.y4m,675.56,675.54,0.939282,0.000641,0.0,114
1,1,1,1,0,0,0,0,1,0,0,1,1,0,0,crowd_run_1080p50.y4m,11198.93,11196.934,5.169529,0.000558,0.0,281
1,1,1,1,0,0,0,1,0,1,1,0,2,5,0,crowd_run_1080p50.y4m,4057.01,4056.32,4.951944,0.000297,0.0,49
1,0,1,0,0,1,1,0,0,0,0,0,2,15,6,crowd_run_1080p50.y4m,1119.78,1116.88,4.384718,0.000452,0.0,194
1,0,1,1,0,0,0,0,0,0,0,0,2,0,6,crowd_run_1080p50.y4m,11454.59,11455.028,3.752375,0.000645,0.0,62
1,1,1,0,1,0,0,1,0,1,1,1,1,15,3,crowd_run_1080p50.y4m,638.27,639.49,2.493261,0.000299,0.0,91
1,0,1,0,0,1,1,0,0,0,0,0,4,0,6,crowd_run_1080p50.y4m,1111.71,1112.57,4.408123,0.000452,0.0,107
1,0,1,1,0,0,1,0,0,0,0,1,4,5,3,crowd_run_1080p50.y4m,11596.25,11595.832,6.823373,0.000465,0.0,181
1,0,1,0,1,0,1,0,0,0,0,0,4,5,0,crowd_run_1080p50.y4m,644.12,644.638,1.573013,0.00047,0.0,247
1,0,1,1,0,0,0,0,0,1,1,0,4,5,3,crowd_run_1080p50.y4m,5913.82,5896.86,24.940089,0.000646,0.0,166
1,0,1,0,0,1,0,0,0,0,1,1,4,0,0,crowd_run_1080p50.y4m,603.96,602.986,2.307039,0.000629,0.0,25
1,1,1,0,1,0,0,1,0,0,0,1,8,0,6,crowd_run_1080p50.y4m,940.2,938.468,3.183853,0.000629,0.0,203
1,1,1,1,0,0,1,1,0,1,1,1,4,5,6,crowd_run_1080p50.y4m,7493.66,7475.478,28.929945,0.000625,0.0,219
1,0,1,0,0,1,0,0,0,0,0,0,4,15,0,crowd_run_1080p50.y4m,1158.98,1158.206,1.707112,0.00063,0.0,162
1,0,1,1,0,0,1,0,0,0,1,0,4,15,6,crowd_run_1080p50.y4m,5982.82,5983.478,1.513826,0.000466,0.0,182
1,0,1,0,0,1,0,0,0,1,1,0,1,15,6,crowd_run_1080p50.y4m,1145.66,1147.184,3.860872,0.000626,0.0,10
1,1,1,1,0,0,1,1,0,1,1,1,2,15,0,crowd_run_1080p50.y4m,7609.57,7593.788,26.96732,0.000628,0.0,14
1,1,1,1,0,0,0,1,0,0,0,1,1,0,6,crowd_run_1080p50.y4m,12609.3,12610.574,3.82587,0.000622,0.0,89
1,1,1,1,0,0,0,1,0,1,1,1,1,5,0,crowd_run_1080p50.y4m,7856.44,7855.84,3.456111,0.0003,0.0,116
1,0,1,1,0,0,0,0,0,0,1,1,4,15,3,crowd_run_1080p50.y4m,5795.88,5806.462,22.472343,0.000647,0.0,217
1,1,1,0,1,0,0,1,0,0,1,0,1,0,0,crowd_run_1080p50.y4m,945.85,944.468,3.164739,0.000625,0.0,75
1,1,1,0,1,0,0,1,0,1,1,1,2,15,6,crowd_run_1080p50.y4m,350.08,349.772,0.696218,0.000299,0.0,266
1,0,1,1,0,0,1,0,0,0,1,1,4,15,3,crowd_run_1080p50.y4m,5979.18,5977.95,14.165689,0.000467,0.0,268
1,0,1,0,1,0,1,0,0,1,1,1,4,15,3,crowd_run_1080p50.y4m,348.8,347.98,1.736016,0.000475,0.0,187
1,0,1,0,0,1,1,0,0,0,1,0,8,15,3,crowd_run_1080p50.y4m,588.09,587.292,1.472522,0.000449,0.0,161
1,0,1,0,1,0,1,0,0,0,1,0,2,0,6,crowd_run_1080p50.y4m,343.62,343.918,0.746338,0.000472,0.0,23
1,1,1,1,0,0,0,1,0,1,1,0,2,5,6,crowd_run_1080p50.y4m,4035.55,4031.182,12.811334,0.0003,0.0,2
1,1,1,1,0,0,1,0,1,1,0,1,2,0,0,crowd_run_1080p50.y4m,11960.07,11963.466,6.672063,0.000558,0.0,16
1,0,1,1,0,0,0,0,0,1,1,1,8,15,0,crowd_run_1080p50.y4m,5914.63,5906.082,22.978072,0.000647,0.0,262
1,1,1,1,0,0,0,1,0,1,1,0,4,5,0,crowd_run_1080p50.y4m,4054.5,4054.52,1.054253,0.000297,0.0,66
1,0,1,1,0,0,0,0,0,1,0,0,2,0,0,crowd_run_1080p50.y4m,11585.71,11586.89,5.541142,0.000645,0.0,86
1,0,1,0,1,0,1,0,0,0,1,0,2,5,6,crowd_run_1080p50.y4m,346.36,345.54,1.497448,0.000472,0.0,231
1,0,1,0,1,0,0,0,0,0,0,0,4,5,0,crowd_run_1080p50.y4m,677.07,679.188,3.944036,0.000641,0.0,269
1,1,1,0,1,0,1,1,0,0,1,0,1,5,0,crowd_run_1080p50.y4m,993.17,990.71,4.573757,0.000628,0.0,180
1,0,1,0,0,1,0,0,0,0,1,0,4,5,6,crowd_run_1080p50.y4m,591.85,592.658,2.240473,0.000626,0.0,274
1,1,1,1,0,0,0,1,0,1,1,0,2,15,6,crowd_run_1080p50.y4m,4115.88,4117.014,14.700867,0.0003,0.0,184
1,0,1,0,0,1,1,0,0,0,0,1,4,5,0,crowd_run_1080p50.y4m,1097.96,1100.164,5.266638,0.000453,0.0,118
1,1,1,1,0,0,0,1,0,0,0,0,1,0,6,crowd_run_1080p50.y4m,12614.24,12614.046,4.400367,0.000621,0.0,254
1,0,1,1,0,0,1,0,0,0,1,1,4,5,0,crowd_run_1080p50.y4m,5983.64,5983.856,1.510639,0.000467,0.0,208
1,0,1,0,0,1,1,0,0,1,1,0,4,5,6,crowd_run_1080p50.y4m,577.71,579.978,3.592599,0.000449,0.0,279
1,1,1,1,0,0,0,1,0,0,1,1,4,15,3,crowd_run_1080p50.y4m,6910.37,6902.764,21.159488,0.000626,0.0,229
1,0,1,0,0,1,1,0,0,1,1,1,1,0,0,crowd_run_1080p50.y4m,1117.14,1119.298,3.877908,0.000451,0.0,46
1,0,1,0,0,1,0,0,0,1,1,1,4,5,6,crowd_run_1080p50.y4m,603.96,602.042,3.845669,0.000629,0.0,171
1,1,1,1,0,0,0,1,0,0,1,0,2,5,0,crowd_run_1080p50.y4m,6914.42,6906.342,19.244967,0.000625,0.0,99
1,0,1,0,0,1,0,0,0,0,0,0,8,0,0,crowd_run_1080p50.y4m,1147.64,1151.49,7.512247,0.00063,0.0,81
1,1,1,1,0,0,1,1,0,1,0,1,8,5,0,crowd_run_1080p50.y4m,14675.52,14676.27,2.182121,0.000625,0.0,155
1,0,1,0,1,0,0,0,0,1,0,1,1,15,6,crowd_run_1080p50.y4m,676.71,678.296,4.055987,0.000642,0.0,96
1,1,1,1,0,0,0,1,0,1,1,1,8,0,0,crowd_run_1080p50.y4m,3837.71,3845.538,15.169716,0.000301,0.0,218
1,1,1,1,0,0,1,1,0,1,1,0,8,0,6,crowd_run_1080p50.y4m,7091.53,7099.812,24.900184,0.000621,0.0,53
1,1,1,0,1,0,1,0,1,0,0,0,2,0,0,crowd_run_1080p50.y4m,676.18,673.742,3.993754,0.000555,0.0,109
1,0,1,0,1,0,0,0,0,0,1,0,4,5,6,crowd_run_1080p50.y4m,359.89,359.916,0.456377,0.000645,0.0,185
1,1,1,1,0,0,0,1,0,0,1,1,2,0,0,crowd_run_1080p50.y4m,6328.7,6335.964,20.863257,0.000623,0.0,239
1,0,1,1,0,0,0,0,0,0,0,1,2,0,0,crowd_run_1080p50.y4m,11584.55,11586.734,5.016566,0.000645,0.0,276
1,0,1,1,0,0,1,0,0,0,0,1,4,0,6,crowd_run_1080p50.y4m,11594.13,11594.486,3.715734,0.000465,0.0,257
1,0,1,0,0,1,0,0,0,1,1,0,1,5,0,crowd_run_1080p50.y4m,1146.19,1148.974,5.399938,0.000626,0.0,42
1,1,1,0,1,0,1,1,0,0,0,0,2,15,3,crowd_run_1080p50.y4m,983.79,986.316,4.208905,0.000628,0.0,204
1,0,1,1,0,0,1,0,0,1,0,1,2,15,6,crowd_run_1080p50.y4m,11447.42,11452.18,17.1768,0.000465,0.0,145
1,0,1,0,1,0,0,0,0,0,0,0,2,0,3,crowd_run_1080p50.y4m,681.85,680.326,3.791837,0.000641,0.0,246
1,1,1,1,0,0,0,1,0,0,1,1,8,0,0,crowd_run_1080p50.y4m,6411.39,6412.042,21.969794,0.000623,0.0,202
1,1,1,0,1,0,0,1,0,1,0,0,2,5,3,crowd_run_1080p50.y4m,635.06,634.802,0.650746,0.000297,0.0,70
1,0,1,0,1,0,0,0,0,0,1,0,1,5,3,crowd_run_1080p50.y4m,676.79,678.976,3.881692,0.000645,0.0,230
1,0,1,0,1,0,1,0,0,0,0,0,4,15,6,crowd_run_1080p50.y4m,642.45,641.804,4.113062,0.00047,0.0,267
1,1,1,1,0,0,1,1,0,0,0,1,8,5,3,crowd_run_1080p50.y4m,13453.24,13456.81,12.22171,0.000621,0.0,146
1,0,1,0,1,0,1,0,0,0,0,1,2,15,0,crowd_run_1080p50.y4m,642.25,641.138,2.648258,0.000471,0.0,27
1,0,1,0,1,0,1,0,0,0,1,1,8,0,3,crowd_run_1080p50.y4m,342.9,342.42,1.803677,0.000475,0.0,137
1,1,1,1,0,0,0,1,0,0,1,1,2,15,0,crowd_run_1080p50.y4m,6924.21,6924.296,3.091744,0.000628,0.0,189
1,1,1,0,1,0,1,1,0,1,0,0,4,15,0,crowd_run_1080p50.y4m,1099.54,1097.192,4.461577,0.000628,0.0,132
1,1,1,1,0,0,0,0,1,1,0,1,8,0,0,crowd_run_1080p50.y4m,9000.63,8999.096,3.930277,0.000325,0.0,169
1,0,1,0,0,1,0,0,0,0,0,0,1,5,6,crowd_run_1080p50.y4m,1140.94,1140.236,2.045026,0.00063,0.0,33
1,0,1,1,0,0,0,0,0,0,1,1,8,15,0,crowd_run_1080p50.y4m,5905.21,5894.89,20.033533,0.000647,0.0,205
1,0,1,1,0,0,0,0,0,1,0,1,2,0,0,crowd_run_1080p50.y4m,11588.58,11589.884,3.862723,0.000645,0.0,245
1,1,1,0,1,0,1,1,0,0,1,1,1,15,0,crowd_run_1080p50.y4m,982.33,980.19,3.990182,0.000628,0.0,298
1,0,1,1,0,0,1,0,0,1,1,0,2,5,6,crowd_run_1080p50.y4m,5982.01,5982.7,2.241986,0.000466,0.0,163
1,1,1,1,0,0,0,1,0,0,0,0,1,5,0,crowd_run_1080p50.y4m,13477.75,13484.506,20.636713,0.000624,0.0,123
1,0,1,0,0,1,1,0,0,1,0,0,4,15,0,crowd_run_1080p50.y4m,1105.41,1103.318,5.83146,0.000452,0.0,4
1,0,1,0,0,1,1,0,0,1,1,0,8,5,6,crowd_run_1080p50.y4m,578.96,579.152,2.31233,0.000449,0.0,141
1,1,1,0,1,0,0,1,0,1,0,0,8,5,6,crowd_run_1080p50.y4m,635.36,635.87,1.929521,0.000296,0.0,129
1,1,1,0,1,0,1,1,0,1,1,0,4,5,3,crowd_run_1080p50.y4m,585.62,586.348,1.583026,0.000628,0.0,159
1,0,1,0,0,1,1,0,0,1,0,0,1,0,0,crowd_run_1080p50.y4m,1111.6,1112.334,4.026069,0.000452,0.0,22
1,0,1,0,0,1,0,0,0,1,0,1,2,0,6,crowd_run_1080p50.y4m,1155.89,1151.974,7.008058,0.000631,0.0,175
1,1,1,1,0,0,0,1,0,1,1,1,8,5,6,crowd_run_1080p50.y4m,3999.74,3987.992,16.532819,0.0003,0.0,151
1,1,1,0,1,0,0,1,0,0,1,0,2,5,0,crowd_run_1080p50.y4m,531.66,531.88,1.395923,0.000628,0.0,52
1,0,1,0,0,1,0,0,0,0,0,1,4,0,3,crowd_run_1080p50.y4m,1145.12,1148.008,5.253548,0.000631,0.0,108
1,0,1,0,1,0,1,0,0,0,0,1,8,15,0,crowd_run_1080p50.y4m,650.21,648.582,3.221532,0.000471,0.0,72
1,0,1,1,0,0,1,0,0,1,1,0,8,0,6,crowd_run_1080p50.y4m,5948.94,5958.946,23.880135,0.000466,0.0,248
1,1,1,1,0,0,1,1,0,1,1,0,8,5,6,crowd_run_1080p50.y4m,7584.66,7574.02,23.588426,0.000623,0.0,174
1,0,1,1,0,0,1,0,0,1,1,1,8,0,3,crowd_run_1080p50.y4m,5980.41,5978.684,9.217827,0.000467,0.0,130
1,1,1,0,1,0,1,1,0,1,1,1,8,15,0,crowd_run_1080p50.y4m,586.31,586.362,1.201487,0.000628,0.0,168
1,0,1,0,0,1,1,0,0,1,0,1,8,0,6,crowd_run_1080p50.y4m,1121.9,1122.064,1.617384,0.000453,0.0,198
1,0,1,0,0,1,1,0,0,1,1,0,1,0,3,crowd_run_1080p50.y4m,1117.42,1121.02,6.944483,0.000449,0.0,83
1,1,1,1,0,0,1,1,0,0,1,0,1,0,3,crowd_run_1080p50.y4m,12515.44,12515.42,2.914961,0.000621,0.0,291
1,0,1,0,1,0,0,0,0,1,1,0,1,0,6,crowd_run_1080p50.y4m,678.34,680.056,2.992997,0.000645,0.0,237
1,0,1,0,0,1,0,0,0,1,1,1,2,15,3,crowd_run_1080p50.y4m,602.02,603.152,2.652446,0.000629,0.0,90
1,1,1,1,0,0,1,1,0,0,0,1,1,15,0,crowd_run_1080p50.y4m,13461.86,13460.686,4.507242,0.000624,0.0,87
1,0,1,1,0,0,1,0,0,1,0,0,1,5,0,crowd_run_1080p50.y4m,11594.72,11593.69,3.838059,0.000464,0.0,74
1,0,1,0,0,1,0,0,0,1,0,0,2,0,3,crowd_run_1080p50.y4m,1156.71,1157.06,0.98023,0.00063,0.0,201
1,0,1,0,1,0,0,0,0,1,0,1,1,0,0,crowd_run_1080p50.y4m,676.97,678.182,3.275679,0.000642,0.0,183
1,0,1,1,0,0,0,0,0,0,0,0,4,0,6,crowd_run_1080p50.y4m,11588.61,11589.554,5.097669,0.000645,0.0,227
1,1,1,0,1,0,1,1,0,0,0,0,1,15,6,crowd_run_1080p50.y4m,985.34,987.18,3.370438,0.000628,0.0,222
1,0,1,0,0,1,0,0,0,0,1,0,8,0,6,crowd_run_1080p50.y4m,598.98,598.348,3.096921,0.000626,0.0,55
1,0,1,1,0,0,0,0,0,0,1,1,2,5,0,crowd_run_1080p50.y4m,5917.38,5901.43,27.857708,0.000647,0.0,142
1,0,1,1,0,0,1,0,0,1,0,1,1,5,6,crowd_run_1080p50.y4m,11446.38,11445.44,4.797786,0.000465,0.0,124
1,0,1,1,0,0,1,0,0,0,0,0,8,0,0,crowd_run_1080p50.y4m,11593.29,11594.376,8.432324,0.000464,0.0,95
1,0,1,1,0,0,1,0,0,1,0,0,2,15,0,crowd_run_1080p50.y4m,11592.01,11592.618,2.649051,0.000464,0.0,241
1,0,1,0,1,0,0,0,0,0,1,1,1,5,3,crowd_run_1080p50.y4m,677.16,678.938,3.732629,0.000645,0.0,289
1,0,1,1,0,0,1,0,0,1,1,0,1,5,0,crowd_run_1080p50.y4m,11618.29,11617.892,2.027059,0.000466,0.0,278
1,1,1,0,1,0,0,1,0,1,1,0,1,0,6,crowd_run_1080p50.y4m,620.95,620.254,1.822122,0.000297,0.0,176
1,0,1,0,0,1,1,0,0,0,1,0,8,5,0,crowd_run_1080p50.y4m,578.8,579.426,1.352472,0.000449,0.0,122
1,0,1,0,0,1,0,0,0,0,1,0,4,0,6,crowd_run_1080p50.y4m,601.14,600.56,3.401287,0.000626,0.0,30
1,1,1,0,1,0,0,1,0,0,0,0,2,0,6,crowd_run_1080p50.y4m,940.43,938.434,3.724853,0.000629,0.0,251
1,0,1,1,0,0,0,0,0,0,0,1,1,0,0,crowd_run_1080p50.y4m,11585.59,11586.282,2.600686,0.000645,0.0,120
1,0,1,1,0,0,0,0,0,0,0,1,2,15,6,crowd_run_1080p50.y4m,11591.43,11593.14,4.515213,0.000645,0.0,144
1,0,1,0,1,0,1,0,0,0,0,0,1,0,3,crowd_run_1080p50.y4m,645.27,647.754,4.764854,0.00047,0.0,265
1,1,1,0,1,0,0,1,0,0,1,0,2,0,6,crowd_run_1080p50.y4m,505.81,506.052,0.636687,0.000625,0.0,260
1,1,1,0,1,0,0,1,0,0,0,1,1,0,3,crowd_run_1080p50.y4m,936.31,937.096,3.746089,0.000629,0.0,78
1,0,1,0,1,0,0,0,0,0,1,1,8,15,3,crowd_run_1080p50.y4m,360.66,360.072,1.315796,0.000645,0.0,84
1,0,1,1,0,0,1,0,0,1,0,0,4,15,3,crowd_run_1080p50.y4m,11445.17,11446.888,4.045444,0.000464,0.0,296
1,0,1,0,0,1,0,0,0,0,0,1,2,5,6,crowd_run_1080p50.y4m,1148.63,1149.998,4.237767,0.000631,0.0,232
1,0,1,0,0,1,1,0,0,0,1,0,4,15,6,crowd_run_1080p50.y4m,585.82,586.554,2.21107,0.000449,0.0,213
1,1,1,0,1,0,0,1,0,0,1,1,8,15,3,crowd_run_1080p50.y4m,537.29,535.856,3.406454,0.000628,0.0,94
1,0,1,0,1,0,0,0,0,0,1,1,1,5,0,crowd_run_1080p50.y4m,685.31,682.768,3.698509,0.000645,0.0,178
1,0,1,1,0,0,1,0,0,1,0,0,4,0,0,crowd_run_1080p50.y4m,11594.43,11594.824,2.205364,0.000464,0.0,127
1,1,1,0,1,0,1,1,0,0,1,0,8,5,6,crowd_run_1080p50.y4m,531.94,531.826,2.491441,0.000628,0.0,111
1,0,1,0,1,0,0,0,0,0,0,1,1,0,6,crowd_run_1080p50.y4m,681.78,681.474,2.875027,0.000642,0.0,92
1,1,1,1,0,0,0,1,0,0,1,0,8,15,6,crowd_run_1080p50.y4m,6921.74,6914.718,17.606305,0.000625,0.0,54
1,0,1,0,0,1,0,0,0,0,0,1,2,15,0,crowd_run_1080p50.y4m,1147.55,1148.998,4.033469,0.000631,0.0,45
1,0,1,1,0,0,0,0,0,1,0,0,4,0,6,crowd_run_1080p50.y4m,11590.0,11589.602,4.753327,0.000645,0.0,226
1,1,1,1,0,0,1,1,0,1,0,0,8,5,0,crowd_run_1080p50.y4m,14847.0,14846.272,6.510604,0.000624,0.0,200
1,0,1,0,0,1,1,0,0,1,0,1,8,5,6,crowd_run_1080p50.y4m,1112.13,1114.306,5.234026,0.000453,0.0,59
1,1,1,0,1,0,1,0,1,0,0,1,2,0,0,crowd_run_1080p50.y4m,675.71,672.748,4.244776,0.000556,0.0,19
1,1,1,1,0,0,0,1,0,1,0,0,2,15,0,crowd_run_1080p50.y4m,8117.9,8119.104,2.82137,0.000297,0.0,47
1,1,1,0,1,0,1,1,0,0,0,1,4,5,6,crowd_run_1080p50.y4m,982.19,984.414,3.516579,0.000628,0.0,32
1,1,1,0,1,0,0,1,0,1,0,0,1,5,6,crowd_run_1080p50.y4m,634.73,635.384,1.225186,0.000296,0.0,170
1,0,1,0,0,1,0,0,0,1,1,0,1,15,0,crowd_run_1080p50.y4m,1139.82,1137.118,6.444061,0.000626,0.0,270
1,0,1,1,0,0,1,0,0,1,0,1,4,15,6,crowd_run_1080p50.y4m,11596.82,11595.262,2.742767,0.000465,0.0,207
1,1,1,0,1,0,0,1,0,1,1,1,1,5,6,crowd_run_1080p50.y4m,636.64,638.028,2.171156,0.0003,0.0,43
1,0,1,0,1,0,1,0,0,0,1,1,1,0,3,crowd_run_1080p50.y4m,650.17,651.628,3.487968,0.000475,0.0,40
1,1,1,0,1,0,0,1,0,0,1,1,1,5,3,crowd_run_1080p50.y4m,989.72,989.778,0.68671,0.00063,0.0,117
1,0,1,0,0,1,0,0,0,0,1,0,8,15,6,crowd_run_1080p50.y4m,599.2,599.954,2.014877,0.000626,0.0,253
1,0,1,1,0,0,0,0,0,1,0,0,1,15,3,crowd_run_1080p50.y4m,11590.98,11591.028,5.047254,0.000645,0.0,68
1,1,1,1,0,0,0,1,0,1,1,1,1,15,6,crowd_run_1080p50.y4m,7885.3,7885.12,4.558969,0.0003,0.0,186
1,1,1,0,1,0,1,1,0,0,0,1,8,15,3,crowd_run_1080p50.y4m,983.34,983.892,1.123486,0.000629,0.0,288
1,1,1,0,1,0,0,1,0,0,0,0,2,0,0,crowd_run_1080p50.y4m,941.8,941.978,1.15582,0.000629,0.0,15
1,0,1,1,0,0,0,0,0,0,1,1,2,15,3,crowd_run_1080p50.y4m,5913.97,5907.082,16.384675,0.000647,0.0,82
1,1,1,1,0,0,0,1,0,0,0,0,4,15,6,crowd_run_1080p50.y4m,13419.31,13419.972,10.019075,0.000623,0.0,211
1,0,1,0,1,0,1,0,0,1,1,1,8,15,6,crowd_run_1080p50.y4m,345.54,346.088,1.141806,0.000475,0.0,177
1,1,1,0,1,0,0,1,0,1,1,1,2,5,3,crowd_run_1080p50.y4m,351.52,351.15,0.819634,0.000299,0.0,210
1,0,1,1,0,0,0,0,0,1,1,1,2,0,3,crowd_run_1080p50.y4m,5909.7,5895.296,20.306507,0.000647,0.0,13
1,0,1,0,1,0,1,0,0,0,0,1,2,15,3,crowd_run_1080p50.y4m,645.49,647.364,3.647825,0.000471,0.0,228
1,0,1,0,1,0,1,0,0,1,1,0,4,5,3,crowd_run_1080p50.y4m,344.63,344.608,1.88055,0.000472,0.0,38
1,1,1,1,0,0,0,1,0,0,0,1,4,15,6,crowd_run_1080p50.y4m,13408.54,13413.248,9.550674,0.000623,0.0,29
1,1,1,1,0,0,1,0,1,1,0,0,8,0,0,crowd_run_1080p50.y4m,11965.78,11963.758,6.865662,0.000558,0.0,24
1,1,1,1,0,0,0,1,0,0,0,0,8,5,6,crowd_run_1080p50.y4m,13424.21,13422.044,6.415647,0.000621,0.0,293
1,1,1,1,0,0,0,1,0,0,1,0,2,5,6,crowd_run_1080p50.y4m,6900.72,6901.586,1.861956,0.000623,0.0,67
1,1,1,0,1,0,0,1,0,1,0,1,2,5,0,crowd_run_1080p50.y4m,638.66,638.778,2.164352,0.000298,0.0,199
1,0,1,0,0,1,1,0,0,1,1,0,8,15,3,crowd_run_1080p50.y4m,587.49,587.718,2.892658,0.000449,0.0,244
1,0,1,0,0,1,1,0,0,0,0,0,8,15,0,crowd_run_1080p50.y4m,1110.4,1111.006,2.25509,0.000452,0.0,80
1,1,1,1,0,0,1,1,0,1,1,1,2,0,3,crowd_run_1080p50.y4m,7130.97,7126.898,10.428357,0.000623,0.0,223
1,1,1,0,1,0,1,1,0,0,1,0,8,5,0,crowd_run_1080p50.y4m,534.61,534.086,1.538125,0.000628,0.0,121
1,0,1,1,0,0,1,0,0,0,0,0,8,5,3,crowd_run_1080p50.y4m,11589.31,11589.698,1.463103,0.000464,0.0,261
1,0,1,1,0,0,1,0,0,1,1,0,1,5,6,crowd_run_1080p50.y4m,11621.04,11620.33,1.651893,0.000466,0.0,156
1,1,1,1,0,0,0,1,0,0,1,0,4,15,3,crowd_run_1080p50.y4m,6866.53,6882.966,27.836365,0.000625,0.0,271
1,1,1,1,0,0,1,1,0,1,0,0,2,15,3,crowd_run_1080p50.y4m,14741.51,14744.132,12.186575,0.000622,0.0,9
1,1,1,1,0,0,1,1,0,1,0,1,1,0,0,crowd_run_1080p50.y4m,13973.81,13975.168,4.444021,0.000622,0.0,165
1,0,1,0,0,1,1,0,0,1,0,0,1,15,6,crowd_run_1080p50.y4m,1112.4,1113.55,3.862596,0.000452,0.0,126
1,0,1,1,0,0,1,0,0,1,1,1,8,5,0,crowd_run_1080p50.y4m,5984.33,5975.854,18.130027,0.000467,0.0,280
1,0,1,1,0,0,0,0,0,1,1,0,2,5,3,crowd_run_1080p50.y4m,5872.95,5881.81,21.334845,0.000646,0.0,172
1,0,1,0,1,0,1,0,0,0,0,0,1,15,6,crowd_run_1080p50.y4m,651.62,650.288,3.924146,0.00047,0.0,292
1,0,1,0,0,1,0,0,0,1,0,1,1,0,3,crowd_run_1080p50.y4m,1158.25,1155.656,5.389873,0.000631,0.0,179
1,0,1,0,0,1,1,0,0,1,0,1,2,0,3,crowd_run_1080p50.y4m,1121.08,1119.058,5.090508,0.000453,0.0,272
1,0,1,0,0,1,1,0,0,0,1,0,4,5,0,crowd_run_1080p50.y4m,589.05,588.674,1.382545,0.000449,0.0,105
1,0,1,0,1,0,0,0,0,0,0,0,1,0,3,crowd_run_1080p50.y4m,681.88,679.916,3.3509,0.000641,0.0,76
1,0,1,1,0,0,1,0,0,0,1,0,4,15,3,crowd_run_1080p50.y4m,5982.37,5981.89,3.96161,0.000466,0.0,197
1,1,1,1,0,0,1,1,0,0,1,0,1,15,0,crowd_run_1080p50.y4m,13473.69,13477.958,8.416969,0.000626,0.0,221
1,1,1,1,0,0,1,1,0,0,1,0,8,15,6,crowd_run_1080p50.y4m,6925.57,6924.248,5.949178,0.000625,0.0,167
1,1,1,0,1,0,0,1,0,1,0,1,4,15,6,crowd_run_1080p50.y4m,643.04,642.804,1.483048,0.000298,0.0,136
1,1,1,1,0,0,0,1,0,1,0,1,8,15,6,crowd_run_1080p50.y4m,7891.09,7891.878,2.982125,0.0003,0.0,243
1,0,1,0,1,0,0,0,0,1,0,1,8,15,6,crowd_run_1080p50.y4m,675.79,676.652,2.532621,0.000642,0.0,60
1,0,1,1,0,0,0,0,0,1,0,1,2,0,6,crowd_run_1080p50.y4m,11451.5,11454.438,6.641936,0.000645,0.0,110
1,1,1,1,0,0,1,1,0,1,0,0,1,15,6,crowd_run_1080p50.y4m,14575.06,14574.918,4.546825,0.000623,0.0,35
1,0,1,1,0,0,1,0,0,0,1,1,2,5,6,crowd_run_1080p50.y4m,5983.63,5982.706,11.211272,0.000467,0.0,235
1,0,1,1,0,0,0,0,0,1,0,0,1,0,3,crowd_run_1080p50.y4m,11451.98,11465.284,32.477423,0.000645,0.0,44
1,1,1,0,1,0,1,1,0,0,1,0,4,15,3,crowd_run_1080p50.y4m,534.09,534.356,1.409603,0.000626,0.0,256
1,0,1,0,0,1,0,0,0,0,1,1,8,0,0,crowd_run_1080p50.y4m,604.5,602.734,2.880535,0.000629,0.0,192
1,0,1,0,1,0,0,0,0,0,1,1,2,0,0,crowd_run_1080p50.y4m,361.5,361.59,1.808867,0.000645,0.0,41
1,0,1,1,0,0,0,0,0,0,1,0,4,5,0,crowd_run_1080p50.y4m,5914.61,5904.686,22.781525,0.000646,0.0,37
1,0,1,0,0,1,0,0,0,0,0,0,4,5,0,crowd_run_1080p50.y4m,1157.59,1153.648,6.411811,0.00063,0.0,26
1,1,1,1,0,0,0,1,0,0,0,0,1,0,3,crowd_run_1080p50.y4m,12613.57,12613.748,4.851327,0.000621,0.0,273
1,1,1,1,0,0,1,1,0,0,0,1,1,5,6,crowd_run_1080p50.y4m,13423.18,13425.214,6.70509,0.000622,0.0,233
1,1,1,0,1,0,1,1,0,0,1,1,8,0,0,crowd_run_1080p50.y4m,506.45,506.652,0.476414,0.000627,0.0,101
1,0,1,1,0,0,0,0,0,0,0,1,2,5,3,crowd_run_1080p50.y4m,11589.48,11596.82,17.704029,0.000645,0.0,39
1,1,1,0,1,0,0,1,0,0,0,1,1,15,0,crowd_run_1080p50.y4m,990.49,992.774,3.48269,0.000629,0.0,106
1,1,1,0,1,0,0,0,1,1,0,0,1,0,0,crowd_run_1080p50.y4m,602.9,601.958,2.491319,0.000326,0.0,242
1,1,1,1,0,0,1,1,0,0,1,0,2,15,0,crowd_run_1080p50.y4m,6919.61,6902.92,24.415825,0.000626,0.0,193
1,0,1,0,1,0,1,0,0,0,1,0,1,15,6,crowd_run_1080p50.y4m,653.3,651.822,3.847872,0.000472,0.0,103
1,1,1,0,1,0,0,1,0,1,1,1,8,5,6,crowd_run_1080p50.y4m,349.02,349.004,0.380171,0.0003,0.0,1
1,0,1,1,0,0,0,0,0,1,1,1,1,0,0,crowd_run_1080p50.y4m,11507.29,11508.314,2.43231,0.000647,0.0,61
1,1,1,1,0,0,0,0,1,0,0,0,2,0,0,crowd_run_1080p50.y4m,11333.83,11332.542,3.743818,0.000558,0.0,56
1,1,1,0,1,0,0,1,0,0,1,0,8,15,3,crowd_run_1080p50.y4m,533.72,535.002,2.231024,0.000626,0.0,148
1,0,1,0,1,0,0,0,0,1,0,1,2,5,0,crowd_run_1080p50.y4m,682.12,681.062,2.956412,0.000642,0.0,112
1,0,1,0,1,0,1,0,0,0,1,0,8,15,3,crowd_run_1080p50.y4m,343.74,344.63,1.501416,0.000472,0.0,300
1,0,1,0,1,0,0,0,0,1,1,0,4,15,0,crowd_run_1080p50.y4m,359.15,360.156,1.979755,0.000645,0.0,249
1,0,1,0,1,0,0,0,0,0,0,1,2,0,0,crowd_run_1080p50.y4m,675.31,676.764,3.757157,0.000642,0.0,20
1,1,1,1,0,0,1,1,0,1,0,1,1,5,0,crowd_run_1080p50.y4m,14850.55,14857.322,23.616629,0.000625,0.0,104
1,1,1,1,0,0,0,1,0,1,1,1,8,15,6,crowd_run_1080p50.y4m,4072.46,4062.032,15.6925,0.0003,0.0,131
1,0,1,1,0,0,0,0,0,0,0,0,2,0,3,crowd_run_1080p50.y4m,11585.74,11589.77,9.157633,0.000645,0.0,69
1,0,1,0,1,0,1,0,0,0,0,0,2,0,3,crowd_run_1080p50.y4m,644.92,646.156,2.206996,0.00047,0.0,220
1,1,1,1,0,0,1,1,0,1,1,1,8,15,6,crowd_run_1080p50.y4m,7601.72,7601.618,6.146171,0.000627,0.0,11
1,1,1,1,0,0,1,1,0,1,0,0,4,15,6,crowd_run_1080p50.y4m,14744.32,14975.204,521.339921,0.000623,0.0,258
1,0,1,0,1,0,1,0,0,0,0,0,2,15,3,crowd_run_1080p50.y4m,651.7,651.872,1.019201,0.00047,0.0,65
1,0,1,0,0,1,1,0,0,0,0,0,2,15,0,crowd_run_1080p50.y4m,1121.5,1119.296,8.016179,0.000452,0.0,160
1,0,1,0,0,1,1,0,0,0,0,0,8,0,0,crowd_run_1080p50.y4m,1104.44,1102.52,5.319685,0.000452,0.0,238
1,1,1,1,0,0,0,1,0,0,0,0,4,0,0,crowd_run_1080p50.y4m,12610.78,12609.848,4.372982,0.000621,0.0,57
1,1,1,0,1,0,0,1,0,1,0,1,2,0,0,crowd_run_1080p50.y4m,616.68,616.378,1.293569,0.000297,0.0,79
1,0,1,0,1,0,1,0,0,0,1,0,4,15,3,crowd_run_1080p50.y4m,343.34,343.238,1.262288,0.000472,0.0,224
1,1,1,0,1,0,0,1,0,1,0,0,2,0,3,crowd_run_1080p50.y4m,608.71,608.596,0.6501,0.000296,0.0,48
1,0,1,0,1,0,1,0,0,0,0,1,8,0,6,crowd_run_1080p50.y4m,644.54,646.554,3.999372,0.000471,0.0,173
1,1,1,1,0,0,1,1,0,0,1,1,1,0,0,crowd_run_1080p50.y4m,12528.06,12527.408,2.708056,0.000623,0.0,283
1,0,1,0,1,0,0,0,0,0,0,0,1,0,6,crowd_run_1080p50.y4m,682.45,681.448,3.642111,0.000641,0.0,190
1,0,1,0,1,0,1,0,0,1,1,1,4,0,6,crowd_run_1080p50.y4m,345.43,345.818,1.06671,0.000475,0.0,259
1,0,1,1,0,0,0,0,0,0,0,1,1,15,3,crowd_run_1080p50.y4m,11592.41,11591.912,6.648358,0.000645,0.0,7
1,0,1,0,0,1,0,0,0,0,0,1,2,5,0,crowd_run_1080p50.y4m,1146.38,1149.68,6.144766,0.000631,0.0,73
1,1,1,1,0,0,1,1,0,0,0,0,2,0,6,crowd_run_1080p50.y4m,12610.18,12614.16,9.800696,0.000621,0.0,63
1,0,1,0,0,1,1,0,0,1,1,0,2,15,3,crowd_run_1080p50.y4m,589.53,588.586,2.188785,0.000449,0.0,284
1,0,1,1,0,0,1,0,0,1,0,1,8,15,6,crowd_run_1080p50.y4m,11444.96,11447.158,5.30548,0.000465,0.0,250
1,1,1,0,1,0,0,1,0,0,0,0,2,5,0,crowd_run_1080p50.y4m,987.81,988.964,3.099827,0.00063,0.0,209
1,0,1,0,1,0,1,0,0,0,0,1,4,5,3,crowd_run_1080p50.y4m,650.67,649.588,2.729656,0.000471,0.0,138
1,1,1,1,0,0,0,0,1,1,1,0,1,0,0,crowd_run_1080p50.y4m,8980.08,8981.834,3.233803,0.000321,0.0,135
1,1,1,1,0,0,1,1,0,1,1,0,4,5,3,crowd_run_1080p50.y4m,7593.63,7580.824,23.780974,0.000624,0.0,264
1,1,1,1,0,0,0,1,0,1,1,0,2,0,6,crowd_run_1080p50.y4m,3936.54,3925.638,15.476778,0.0003,0.0,215
1,0,1,0,0,1,0,0,0,0,1,1,4,5,3,crowd_run_1080p50.y4m,603.39,602.168,3.559483,0.000629,0.0,50
1,0,1,1,0,0,0,0,0,1,1,0,4,0,6,crowd_run_1080p50.y4m,5917.28,5915.604,2.700607,0.000646,0.0,98
1,1,1,1,0,0,0,1,0,1,1,0,1,15,0,crowd_run_1080p50.y4m,7934.05,7936.468,6.542008,0.000299,0.0,140
1,1,1,1,0,0,0,1,0,0,1,1,1,0,3,crowd_run_1080p50.y4m,12521.46,12523.646,10.485775,0.000623,0.0,113
1,0,1,0,1,0,1,0,0,1,1,0,1,0,6,crowd_run_1080p50.y4m,644.63,641.988,4.625297,0.000472,0.0,3
1,0,1,0,0,1,0,0,0,1,1,1,8,0,0,crowd_run_1080p50.y4m,603.92,601.954,3.638575,0.000629,0.0,149
1,0,1,1,0,0,0,0,0,0,1,1,8,5,6,crowd_run_1080p50.y4m,5913.81,5915.15,3.176232,0.000647,0.0,153
1,1,1,1,0,0,1,1,0,1,1,0,2,15,6,crowd_run_1080p50.y4m,7601.48,7581.524,29.711862,0.000625,0.0,133
1,0,1,1,0,0,0,0,0,0,0,0,1,0,3,crowd_run_1080p50.y4m,11449.9,11451.138,4.099734,0.000645,0.0,191
1,1,1,0,1,0,0,1,0,1,0,1,1,0,6,crowd_run_1080p50.y4m,624.39,623.936,1.596239,0.000297,0.0,100
1,0,1,1,0,0,1,0,0,0,1,0,4,0,3,crowd_run_1080p50.y4m,5904.01,5904.268,0.959542,0.000466,0.0,85
1,0,1,0,0,1,1,0,0,0,0,0,2,0,3,crowd_run_1080p50.y4m,1120.17,1118.45,5.166672,0.000452,0.0,88
1,0,1,0,1,0,1,0,0,1,1,0,4,15,6,crowd_run_1080p50.y4m,339.57,339.684,0.900433,0.000472,0.0,31
1,0,1,0,0,1,1,0,0,0,0,0,4,5,3,crowd_run_1080p50.y4m,1120.43,1119.07,5.824066,0.000452,0.0,134
1,1,1,0,1,0,1,1,0,1,1,1,8,0,3,crowd_run_1080p50.y4m,560.58,561.154,1.620642,0.000627,0.0,147
1,1,1,1,0,0,0,1,0,0,1,1,4,15,6,crowd_run_1080p50.y4m,6848.62,6848.728,2.098349,0.000627,0.0,275
1,0,1,0,0,1,1,0,0,0,1,0,4,15,3,crowd_run_1080p50.y4m,586.99,588.312,2.559779,0.000449,0.0,143
1,1,1,0,1,0,1,1,0,1,0,0,1,5,6,crowd_run_1080p50.y4m,1085.92,1086.872,3.263582,0.000627,0.0,8
1,1,1,1,0,0,1,1,0,0,1,1,4,5,3,crowd_run_1080p50.y4m,6912.15,6895.904,26.989614,0.000625,0.0,216
1,0,1,1,0,0,1,0,0,1,0,0,1,0,3,crowd_run_1080p50.y4m,11589.25,11590.808,4.63024,0.000464,0.0,214
1,0,1,0,0,1,0,0,0,0,0,0,1,5,0,crowd_run_1080p50.y4m,1148.0,1151.064,5.203876,0.00063,0.0,17
1,0,1,0,0,1,1,0,0,0,0,0,1,5,0,crowd_run_1080p50.y4m,1121.73,1121.576,1.047774,0.000452,0.0,206
1,0,1,0,1,0,0,0,0,1,1,1,8,15,0,crowd_run_1080p50.y4m,361.7,361.966,1.178359,0.000645,0.0,36
1,1,1,0,1,0,1,1,0,0,0,0,4,15,3,crowd_run_1080p50.y4m,982.93,983.95,3.308799,0.000628,0.0,6
1,0,1,1,0,0,1,0,0,0,0,1,1,0,6,crowd_run_1080p50.y4m,11595.59,11593.342,3.673428,0.000465,0.0,5
1,0,1,1,0,0,1,0,0,0,0,0,8,15,6,crowd_run_1080p50.y4m,11447.4,11446.828,4.840493,0.000464,0.0,164
1,0,1,0,0,1,0,0,0,1,0,0,8,0,6,crowd_run_1080p50.y4m,1145.92,1149.832,5.87477,0.00063,0.0,97
1,0,1,1,0,0,0,0,0,0,1,0,2,5,3,crowd_run_1080p50.y4m,5911.02,5893.282,27.258115,0.000646,0.0,236
1,1,1,0,1,0,1,1,0,0,0,0,8,5,0,crowd_run_1080p50.y4m,994.9,993.878,3.556089,0.00063,0.0,71
1,1,1,0,1,0,1,1,0,1,0,1,2,0,3,crowd_run_1080p50.y4m,1046.46,1044.308,4.920383,0.000629,0.0,295
1,0,1,1,0,0,1,0,0,1,1,0,8,5,3,crowd_run_1080p50.y4m,5978.31,5973.5,18.246057,0.000466,0.0,286
1,0,1,0,1,0,0,0,0,0,0,1,1,5,0,crowd_run_1080p50.y4m,676.42,678.126,3.610281,0.000642,0.0,34
1,0,1,0,1,0,1,0,0,1,1,1,1,5,3,crowd_run_1080p50.y4m,657.64,655.804,3.08024,0.000475,0.0,240
1,0,1,0,0,1,1,0,0,0,0,1,4,15,3,crowd_run_1080p50.y4m,1122.25,1121.992,1.265097,0.000453,0.0,18
1,0,1,0,1,0,0,0,0,0,1,0,8,0,6,crowd_run_1080p50.y4m,360.46,361.312,1.451919,0.000645,0.0,102
1,1,1,1,0,0,1,0,1,0,1,0,4,0,0,crowd_run_1080p50.y4m,5747.03,5732.124,22.281931,0.000558,0.0,51
1,1,1,1,0,0,1,1,0,0,0,1,4,15,6,crowd_run_1080p50.y4m,13417.44,13417.008,1.449714,0.000623,0.0,282
1,0,1,0,1,0,1,0,0,1,1,1,1,0,3,crowd_run_1080p50.y4m,650.12,652.206,3.506021,0.000475,0.0,77
1,0,1,1,0,0,1,0,0,0,1,0,2,0,3,crowd_run_1080p50.y4m,5982.87,5983.512,1.227913,0.000466,0.0,128
1,1,1,0,1,0,1,1,0,0,0,0,2,5,3,crowd_run_1080p50.y4m,979.47,981.132,4.203608,0.000628,0.0,234
1,0,1,1,0,0,0,0,0,0,1,1,1,0,0,crowd_run_1080p50.y4m,11504.78,11506.262,3.535933,0.000647,0.0,252
1,0,1,1,0,0,1,0,0,0,0,1,4,0,3,crowd_run_1080p50.y4m,11588.75,11589.902,4.021495,0.000465,0.0,28
1,0,1,0,0,1,1,0,0,1,1,1,8,15,3,crowd_run_1080p50.y4m,588.77,587.91,1.935304,0.000451,0.0,139
1,0,1,0,0,1,0,0,0,0,0,1,1,5,0,crowd_run_1080p50.y4m,1148.01,1149.59,4.881946,0.000631,0.0,158
1,1,1,0,1,0,1,1,0,1,0,1,8,5,3,crowd_run_1080p50.y4m,1081.37,1084.064,4.927756,0.000629,0.0,152
1,0,1,1,0,0,1,0,0,1,0,0,2,0,6,crowd_run_1080p50.y4m,11594.0,11592.85,3.623817,0.000464,0.0,12
1,1,1,0,1,0,0,1,0,0,0,1,4,15,3,crowd_run_1080p50.y4m,983.45,984.09,1.300634,0.000629,0.0,294
1,1,1,0,1,0,0,1,0,0,0,1,8,15,3,crowd_run_1080p50.y4m,982.63,983.056,0.923623,0.000629,0.0,154
1,1,1,1,0,0,0,1,0,1,0,0,2,15,6,crowd_run_1080p50.y4m,8042.28,8041.842,1.977415,0.000299,0.0,157
1,0,1,1,0,0,1,0,0,1,1,1,2,0,3,crowd_run_1080p50.y4m,5985.38,5989.12,10.856546,0.000467,0.0,150
1,1,1,0,1,0,1,1,0,0,1,0,8,0,6,crowd_run_1080p50.y4m,506.65,506.774,0.687117,0.000625,0.0,287
1,0,1,0,1,0,0,0,0,1,1,0,1,0,3,crowd_run_1080p50.y4m,668.62,670.386,4.439767,0.000645,0.0,297
1,0,1,0,0,1,0,0,0,1,1,0,8,15,0,crowd_run_1080p50.y4m,600.53,601.662,2.774215,0.000626,0.0,263
1,1,1,0,1,0,0,1,0,1,1,1,1,5,3,crowd_run_1080p50.y4m,640.92,642.172,2.611048,0.000299,0.0,255
1,0,1,1,0,0,0,0,0,1,1,0,8,15,3,crowd_run_1080p50.y4m,5913.53,5909.376,11.030965,0.000646,0.0,115
1,0,1,0,0,1,1,0,0,1,0,1,4,15,3,crowd_run_1080p50.y4m,1119.57,1116.51,5.267167,0.000453,0.0,188
1,0,1,0,0,1,1,0,0,0,0,1,8,0,6,crowd_run_1080p50.y4m,1111.35,1114.792,5.974933,0.000453,0.0,212
1,0,1,1,0,0,1,0,0,0,0,1,1,15,3,crowd_run_1080p50.y4m,11594.88,11595.082,4.4398,0.000465,0.0,195
1,0,1,0,1,0,0,0,0,0,1,1,2,15,0,crowd_run_1080p50.y4m,360.71,360.936,1.176703,0.000645,0.0,119
1,0,1,1,0,0,0,0,0,1,0,1,4,15,0,crowd_run_1080p50.y4m,11588.41,11590.152,4.876968,0.000645,0.0,58
1,0,1,0,1,0,1,0,0,1,0,1,4,0,6,crowd_run_1080p50.y4m,644.19,646.848,4.272502,0.000471,0.0,277
1,0,1,0,1,0,1,0,0,0,1,1,4,5,6,crowd_run_1080p50.y4m,346.08,345.42,1.464292,0.000475,0.0,64
1,1,1,0,1,0,1,1,0,1,0,0,2,0,0,crowd_run_1080p50.y4m,1044.71,1043.24,3.487987,0.000629,0.0,285
1,1,1,0,1,0,1,1,0,1,0,0,4,0,0,crowd_run_1080p50.y4m,1045.98,1042.924,5.034509,0.000629,0.0,290
1,0,1,1,0,0,0,0,0,1,0,1,8,5,6,crowd_run_1080p50.y4m,11595.84,11595.746,1.942081,0.000645,0.0,196
1,1,1,1,0,0,1,0,1,1,1,1,1,0,0,crowd_run_1080p50.y4m,11796.95,11798.826,6.112874,0.00056,0.0,93
1,0,1,1,0,0,1,0,0,0,1,1,4,5,6,crowd_run_1080p50.y4m,5982.2,5982.092,4.031224,0.000467,0.0,299
1,0,1,1,0,0,0,0,0,1,0,0,2,5,0,crowd_run_1080p50.y4m,11586.59,11589.146,5.167778,0.000645,0.0,125
1,1,1,0,1,0,0,1,0,1,0,1,2,15,6,crowd_run_1080p50.y4m,635.94,635.316,1.853896,0.000298,0.0,21
1,0,1,0,1,0,0,0,0,1,0,1,2,0,0,crowd_run_1080p50.y4m,682.19,680.288,3.873728,0.000642,0.0,225
