root,twoPass,quality,bestQuality,goodQuality,rtQuality,constantBitrate,autoAltRef,noAltRef,allowResize,columnTiling,rowTiling,threads,arnrMaxFrames,arnrStrength,workload,median-time,mean-time,std-time,mean-compression-ratio,std-compression-ratio,id
1,0,1,0,1,0,0,0,0,1,0,0,2,5,0,akiyo_cif.y4m,14.37,14.38,0.024495,0.004823,0.0,114
1,1,1,1,0,0,0,0,1,0,0,1,1,0,0,akiyo_cif.y4m,36.85,36.804,0.107145,0.004602,0.0,281
1,1,1,1,0,0,0,1,0,1,1,0,2,5,0,akiyo_cif.y4m,48.25,48.218,0.088713,0.004374,0.0,49
1,0,1,0,0,1,1,0,0,0,0,0,2,15,6,akiyo_cif.y4m,31.77,31.73,0.113358,0.004727,0.0,194
1,0,1,1,0,0,0,0,0,0,0,0,2,0,6,akiyo_cif.y4m,30.93,30.93,0.04062,0.004859,0.0,62
1,1,1,0,1,0,0,1,0,1,1,1,1,15,3,akiyo_cif.y4m,23.37,23.36,0.067823,0.00422,0.0,91
1,0,1,0,0,1,1,0,0,0,0,0,4,0,6,akiyo_cif.y4m,31.77,31.768,0.073621,0.004727,0.0,107
1,0,1,1,0,0,1,0,0,0,0,1,4,5,3,akiyo_cif.y4m,38.08,38.042,0.136455,0.004718,0.0,181
1,0,1,0,1,0,1,0,0,0,0,0,4,5,0,akiyo_cif.y4m,16.78,16.8,0.057879,0.004725,0.0,247
1,0,1,1,0,0,0,0,0,1,1,0,4,5,3,akiyo_cif.y4m,30.81,30.836,0.055045,0.004859,0.0,166
1,0,1,0,0,1,0,0,0,0,1,1,4,0,0,akiyo_cif.y4m,25.16,25.182,0.076942,0.004899,0.0,25
1,1,1,0,1,0,0,1,0,0,0,1,8,0,6,akiyo_cif.y4m,22.63,22.636,0.069138,0.004361,0.0,203
1,1,1,1,0,0,1,1,0,1,1,1,4,5,6,akiyo_cif.y4m,45.12,45.136,0.11149,0.004046,0.0,219
1,0,1,0,0,1,0,0,0,0,0,0,4,15,0,akiyo_cif.y4m,25.66,25.692,0.068337,0.004899,0.0,162
1,0,1,1,0,0,1,0,0,0,1,0,4,15,6,akiyo_cif.y4m,38.0,37.988,0.09985,0.004714,0.0,182
1,0,1,0,0,1,0,0,0,1,1,0,1,15,6,akiyo_cif.y4m,25.71,25.716,0.066182,0.004899,0.0,10
1,1,1,1,0,0,1,1,0,1,1,1,2,15,0,akiyo_cif.y4m,47.4,47.364,0.097622,0.004146,0.0,14
1,1,1,1,0,0,0,1,0,0,0,1,1,0,6,akiyo_cif.y4m,49.36,49.376,0.037815,0.00437,0.0,89
1,1,1,1,0,0,0,1,0,1,1,1,1,5,0,akiyo_cif.y4m,48.16,48.116,0.132212,0.004367,0.0,116
1,0,1,1,0,0,0,0,0,0,1,1,4,15,3,akiyo_cif.y4m,30.82,30.85,0.160779,0.004859,0.0,217
1,1,1,0,1,0,0,1,0,0,1,0,1,0,0,akiyo_cif.y4m,22.22,22.226,0.051284,0.004347,0.0,75
1,1,1,0,1,0,0,1,0,1,1,1,2,15,6,akiyo_cif.y4m,24.16,24.154,0.075033,0.00424,0.0,266
1,0,1,1,0,0,1,0,0,0,1,1,4,15,3,akiyo_cif.y4m,38.0,38.004,0.128374,0.004714,0.0,268
1,0,1,0,1,0,1,0,0,1,1,1,4,15,3,akiyo_cif.y4m,16.77,16.752,0.048683,0.004725,0.0,187
1,0,1,0,0,1,1,0,0,0,1,0,8,15,3,akiyo_cif.y4m,31.8,31.798,0.067602,0.004727,0.0,161
1,0,1,0,1,0,1,0,0,0,1,0,2,0,6,akiyo_cif.y4m,16.7,16.716,0.047223,0.004725,0.0,23
1,1,1,1,0,0,0,1,0,1,1,0,2,5,6,akiyo_cif.y4m,47.36,47.358,0.081976,0.004245,0.0,2
1,1,1,1,0,0,1,0,1,1,0,1,2,0,0,akiyo_cif.y4m,35.44,35.402,0.075961,0.004369,0.0,16
1,0,1,1,0,0,0,0,0,1,1,1,8,15,0,akiyo_cif.y4m,30.96,30.896,0.112827,0.004859,0.0,262
1,1,1,1,0,0,0,1,0,1,1,0,4,5,0,akiyo_cif.y4m,48.18,48.2,0.062048,0.004374,0.0,66
1,0,1,1,0,0,0,0,0,1,0,0,2,0,0,akiyo_cif.y4m,30.92,30.9,0.144049,0.004859,0.0,86
1,0,1,0,1,0,1,0,0,0,1,0,2,5,6,akiyo_cif.y4m,16.77,16.784,0.036469,0.004725,0.0,231
1,0,1,0,1,0,0,0,0,0,0,0,4,5,0,akiyo_cif.y4m,14.44,14.414,0.046152,0.004823,0.0,269
1,1,1,0,1,0,1,1,0,0,1,0,1,5,0,akiyo_cif.y4m,22.74,22.758,0.049193,0.004094,0.0,180
1,0,1,0,0,1,0,0,0,0,1,0,4,5,6,akiyo_cif.y4m,25.82,25.782,0.092033,0.004899,0.0,274
1,1,1,1,0,0,0,1,0,1,1,0,2,15,6,akiyo_cif.y4m,49.98,49.93,0.099499,0.004242,0.0,184
1,0,1,0,0,1,1,0,0,0,0,1,4,5,0,akiyo_cif.y4m,32.26,32.258,0.032711,0.004718,0.0,118
1,1,1,1,0,0,0,1,0,0,0,0,1,0,6,akiyo_cif.y4m,50.1,50.142,0.129306,0.004354,0.0,254
1,0,1,1,0,0,1,0,0,0,1,1,4,5,0,akiyo_cif.y4m,37.04,37.106,0.134833,0.004714,0.0,208
1,0,1,0,0,1,1,0,0,1,1,0,4,5,6,akiyo_cif.y4m,31.77,31.71,0.106066,0.004727,0.0,279
1,1,1,1,0,0,0,1,0,0,1,1,4,15,3,akiyo_cif.y4m,49.09,49.082,0.142548,0.004198,0.0,229
1,0,1,0,0,1,1,0,0,1,1,1,1,0,0,akiyo_cif.y4m,32.11,32.124,0.069857,0.004718,0.0,46
1,0,1,0,0,1,0,0,0,1,1,1,4,5,6,akiyo_cif.y4m,25.76,25.756,0.035071,0.004899,0.0,171
1,1,1,1,0,0,0,1,0,0,1,0,2,5,0,akiyo_cif.y4m,48.24,48.21,0.151327,0.004374,0.0,99
1,0,1,0,0,1,0,0,0,0,0,0,8,0,0,akiyo_cif.y4m,25.66,25.7,0.075166,0.004899,0.0,81
1,1,1,1,0,0,1,1,0,1,0,1,8,5,0,akiyo_cif.y4m,45.53,45.51,0.088318,0.004151,0.0,155
1,0,1,0,1,0,0,0,0,1,0,1,1,15,6,akiyo_cif.y4m,14.84,14.846,0.041593,0.004816,0.0,96
1,1,1,1,0,0,0,1,0,1,1,1,8,0,0,akiyo_cif.y4m,50.04,50.07,0.079057,0.004354,0.0,218
1,1,1,1,0,0,1,1,0,1,1,0,8,0,6,akiyo_cif.y4m,47.42,47.39,0.133041,0.004075,0.0,53
1,1,1,0,1,0,1,0,1,0,0,0,2,0,0,akiyo_cif.y4m,18.58,18.606,0.049295,0.004394,0.0,109
1,0,1,0,1,0,0,0,0,0,1,0,4,5,6,akiyo_cif.y4m,14.64,14.652,0.025884,0.004823,0.0,185
1,1,1,1,0,0,0,1,0,0,1,1,2,0,0,akiyo_cif.y4m,49.01,49.046,0.08735,0.004354,0.0,239
1,0,1,1,0,0,0,0,0,0,0,1,2,0,0,akiyo_cif.y4m,30.44,30.48,0.078422,0.004803,0.0,276
1,0,1,1,0,0,1,0,0,0,0,1,4,0,6,akiyo_cif.y4m,38.02,38.026,0.063482,0.004718,0.0,257
1,0,1,0,0,1,0,0,0,1,1,0,1,5,0,akiyo_cif.y4m,25.73,25.71,0.05831,0.004899,0.0,42
1,1,1,0,1,0,1,1,0,0,0,0,2,15,3,akiyo_cif.y4m,23.28,23.27,0.048477,0.004032,0.0,204
1,0,1,1,0,0,1,0,0,1,0,1,2,15,6,akiyo_cif.y4m,37.92,37.9,0.04062,0.004718,0.0,145
1,0,1,0,1,0,0,0,0,0,0,0,2,0,3,akiyo_cif.y4m,14.38,14.39,0.03873,0.004823,0.0,246
1,1,1,1,0,0,0,1,0,0,1,1,8,0,0,akiyo_cif.y4m,49.14,49.142,0.120291,0.004354,0.0,202
1,1,1,0,1,0,0,1,0,1,0,0,2,5,3,akiyo_cif.y4m,22.11,22.126,0.039115,0.004229,0.0,70
1,0,1,0,1,0,0,0,0,0,1,0,1,5,3,akiyo_cif.y4m,14.36,14.368,0.055408,0.004823,0.0,230
1,0,1,0,1,0,1,0,0,0,0,0,4,15,6,akiyo_cif.y4m,16.76,16.766,0.039749,0.004725,0.0,267
1,1,1,1,0,0,1,1,0,0,0,1,8,5,3,akiyo_cif.y4m,45.84,45.808,0.102323,0.004034,0.0,146
1,0,1,0,1,0,1,0,0,0,0,1,2,15,0,akiyo_cif.y4m,16.12,16.112,0.031937,0.004738,0.0,27
1,0,1,0,1,0,1,0,0,0,1,1,8,0,3,akiyo_cif.y4m,16.76,16.754,0.047749,0.004725,0.0,137
1,1,1,1,0,0,0,1,0,0,1,1,2,15,0,akiyo_cif.y4m,47.07,47.098,0.104259,0.004374,0.0,189
1,1,1,0,1,0,1,1,0,1,0,0,4,15,0,akiyo_cif.y4m,22.85,22.84,0.031623,0.004094,0.0,132
1,1,1,1,0,0,0,0,1,1,0,1,8,0,0,akiyo_cif.y4m,36.84,36.796,0.083845,0.004602,0.0,169
1,0,1,0,0,1,0,0,0,0,0,0,1,5,6,akiyo_cif.y4m,25.09,25.098,0.041473,0.004899,0.0,33
1,0,1,1,0,0,0,0,0,0,1,1,8,15,0,akiyo_cif.y4m,30.93,30.912,0.044944,0.004859,0.0,205
1,0,1,1,0,0,0,0,0,1,0,1,2,0,0,akiyo_cif.y4m,30.6,30.592,0.049193,0.004803,0.0,245
1,1,1,0,1,0,1,1,0,0,1,1,1,15,0,akiyo_cif.y4m,21.42,21.446,0.072664,0.004106,0.0,298
1,0,1,1,0,0,1,0,0,1,1,0,2,5,6,akiyo_cif.y4m,37.94,37.918,0.069426,0.004714,0.0,163
1,1,1,1,0,0,0,1,0,0,0,0,1,5,0,akiyo_cif.y4m,47.21,47.17,0.130958,0.004374,0.0,123
1,0,1,0,0,1,1,0,0,1,0,0,4,15,0,akiyo_cif.y4m,31.78,31.778,0.068337,0.004727,0.0,4
1,0,1,0,0,1,1,0,0,1,1,0,8,5,6,akiyo_cif.y4m,31.04,31.022,0.074297,0.004727,0.0,141
1,1,1,0,1,0,0,1,0,1,0,0,8,5,6,akiyo_cif.y4m,22.5,22.52,0.047434,0.004233,0.0,129
1,1,1,0,1,0,1,1,0,1,1,0,4,5,3,akiyo_cif.y4m,21.93,21.93,0.015811,0.00407,0.0,159
1,0,1,0,0,1,1,0,0,1,0,0,1,0,0,akiyo_cif.y4m,31.66,31.702,0.100846,0.004727,0.0,22
1,0,1,0,0,1,0,0,0,1,0,1,2,0,6,akiyo_cif.y4m,25.96,25.972,0.076942,0.004951,0.0,175
1,1,1,1,0,0,0,1,0,1,1,1,8,5,6,akiyo_cif.y4m,47.47,47.432,0.135536,0.004245,0.0,151
1,1,1,0,1,0,0,1,0,0,1,0,2,5,0,akiyo_cif.y4m,22.84,22.836,0.090719,0.004353,0.0,52
1,0,1,0,0,1,0,0,0,0,0,1,4,0,3,akiyo_cif.y4m,26.03,25.994,0.073007,0.004951,0.0,108
1,0,1,0,1,0,1,0,0,0,0,1,8,15,0,akiyo_cif.y4m,16.43,16.44,0.024495,0.004738,0.0,72
1,0,1,1,0,0,1,0,0,1,1,0,8,0,6,akiyo_cif.y4m,37.98,38.006,0.112161,0.004714,0.0,248
1,1,1,1,0,0,1,1,0,1,1,0,8,5,6,akiyo_cif.y4m,46.24,46.204,0.066558,0.004046,0.0,174
1,0,1,1,0,0,1,0,0,1,1,1,8,0,3,akiyo_cif.y4m,37.94,37.952,0.129499,0.004714,0.0,130
1,1,1,0,1,0,1,1,0,1,1,1,8,15,0,akiyo_cif.y4m,22.82,22.818,0.086718,0.004094,0.0,168
1,0,1,0,0,1,1,0,0,1,0,1,8,0,6,akiyo_cif.y4m,32.29,32.306,0.04219,0.004718,0.0,198
1,0,1,0,0,1,1,0,0,1,1,0,1,0,3,akiyo_cif.y4m,31.7,31.756,0.100648,0.004727,0.0,83
1,1,1,1,0,0,1,1,0,0,1,0,1,0,3,akiyo_cif.y4m,46.35,46.34,0.153786,0.004075,0.0,291
1,0,1,0,1,0,0,0,0,1,1,0,1,0,6,akiyo_cif.y4m,14.77,14.75,0.065955,0.004823,0.0,237
1,0,1,0,0,1,0,0,0,1,1,1,2,15,3,akiyo_cif.y4m,25.7,25.732,0.090388,0.004899,0.0,90
1,1,1,1,0,0,1,1,0,0,0,1,1,15,0,akiyo_cif.y4m,44.45,44.464,0.085323,0.004151,0.0,87
1,0,1,1,0,0,1,0,0,1,0,0,1,5,0,akiyo_cif.y4m,37.89,37.886,0.061074,0.004714,0.0,74
1,0,1,0,0,1,0,0,0,1,0,0,2,0,3,akiyo_cif.y4m,25.72,25.746,0.074027,0.004899,0.0,201
1,0,1,0,1,0,0,0,0,1,0,1,1,0,0,akiyo_cif.y4m,14.85,14.836,0.034351,0.004816,0.0,183
1,0,1,1,0,0,0,0,0,0,0,0,4,0,6,akiyo_cif.y4m,30.19,30.192,0.042071,0.004859,0.0,227
1,1,1,0,1,0,1,1,0,0,0,0,1,15,6,akiyo_cif.y4m,23.53,23.516,0.073348,0.003926,0.0,222
1,0,1,0,0,1,0,0,0,0,1,0,8,0,6,akiyo_cif.y4m,25.66,25.688,0.097314,0.004899,0.0,55
1,0,1,1,0,0,0,0,0,0,1,1,2,5,0,akiyo_cif.y4m,30.79,30.84,0.110227,0.004859,0.0,142
1,0,1,1,0,0,1,0,0,1,0,1,1,5,6,akiyo_cif.y4m,37.95,37.974,0.088487,0.004718,0.0,124
1,0,1,1,0,0,1,0,0,0,0,0,8,0,0,akiyo_cif.y4m,37.94,37.942,0.144291,0.004714,0.0,95
1,0,1,1,0,0,1,0,0,1,0,0,2,15,0,akiyo_cif.y4m,37.88,37.944,0.12341,0.004714,0.0,241
1,0,1,0,1,0,0,0,0,0,1,1,1,5,3,akiyo_cif.y4m,14.79,14.774,0.034351,0.004816,0.0,289
1,0,1,1,0,0,1,0,0,1,1,0,1,5,0,akiyo_cif.y4m,37.08,37.102,0.087293,0.004714,0.0,278
1,1,1,0,1,0,0,1,0,1,1,0,1,0,6,akiyo_cif.y4m,22.69,22.676,0.06229,0.004347,0.0,176
1,0,1,0,0,1,1,0,0,0,1,0,8,5,0,akiyo_cif.y4m,31.65,31.714,0.099146,0.004727,0.0,122
1,0,1,0,0,1,0,0,0,0,1,0,4,0,6,akiyo_cif.y4m,25.72,25.732,0.081056,0.004899,0.0,30
1,1,1,0,1,0,0,1,0,0,0,0,2,0,6,akiyo_cif.y4m,22.65,22.664,0.070569,0.004347,0.0,251
1,0,1,1,0,0,0,0,0,0,0,1,1,0,0,akiyo_cif.y4m,30.5,30.488,0.057184,0.004803,0.0,120
1,0,1,1,0,0,0,0,0,0,0,1,2,15,6,akiyo_cif.y4m,30.42,30.458,0.090111,0.004803,0.0,144
1,0,1,0,1,0,1,0,0,0,0,0,1,0,3,akiyo_cif.y4m,16.77,16.75,0.037417,0.004725,0.0,265
1,1,1,0,1,0,0,1,0,0,1,0,2,0,6,akiyo_cif.y4m,22.73,22.726,0.032094,0.004347,0.0,260
1,1,1,0,1,0,0,1,0,0,0,1,1,0,3,akiyo_cif.y4m,22.65,22.638,0.023875,0.004361,0.0,78
1,0,1,0,1,0,0,0,0,0,1,1,8,15,3,akiyo_cif.y4m,14.65,14.69,0.071063,0.004823,0.0,84
1,0,1,1,0,0,1,0,0,1,0,0,4,15,3,akiyo_cif.y4m,37.9,37.914,0.073348,0.004714,0.0,296
1,0,1,0,0,1,0,0,0,0,0,1,2,5,6,akiyo_cif.y4m,25.9,25.894,0.021909,0.004951,0.0,232
1,0,1,0,0,1,1,0,0,0,1,0,4,15,6,akiyo_cif.y4m,31.86,31.822,0.097314,0.004727,0.0,213
1,1,1,0,1,0,0,1,0,0,1,1,8,15,3,akiyo_cif.y4m,23.84,23.856,0.083546,0.004204,0.0,94
1,0,1,0,1,0,0,0,0,0,1,1,1,5,0,akiyo_cif.y4m,14.5,14.51,0.043589,0.004816,0.0,178
1,0,1,1,0,0,1,0,0,1,0,0,4,0,0,akiyo_cif.y4m,38.02,38.006,0.11327,0.004714,0.0,127
1,1,1,0,1,0,1,1,0,0,1,0,8,5,6,akiyo_cif.y4m,22.08,22.074,0.048785,0.004087,0.0,111
1,0,1,0,1,0,0,0,0,0,0,1,1,0,6,akiyo_cif.y4m,14.51,14.5,0.04,0.004816,0.0,92
1,1,1,1,0,0,0,1,0,0,1,0,8,15,6,akiyo_cif.y4m,48.78,48.796,0.065803,0.004242,0.0,54
1,0,1,0,0,1,0,0,0,0,0,1,2,15,0,akiyo_cif.y4m,26.0,25.968,0.105688,0.004951,0.0,45
1,0,1,1,0,0,0,0,0,1,0,0,4,0,6,akiyo_cif.y4m,30.88,30.876,0.086776,0.004859,0.0,226
1,1,1,1,0,0,1,1,0,1,0,0,8,5,0,akiyo_cif.y4m,47.25,47.2,0.146116,0.004146,0.0,200
1,0,1,0,0,1,1,0,0,1,0,1,8,5,6,akiyo_cif.y4m,32.25,32.224,0.045607,0.004718,0.0,59
1,1,1,0,1,0,1,0,1,0,0,1,2,0,0,akiyo_cif.y4m,18.31,18.336,0.043359,0.00443,0.0,19
1,1,1,1,0,0,0,1,0,1,0,0,2,15,0,akiyo_cif.y4m,48.08,48.116,0.070922,0.004374,0.0,47
1,1,1,0,1,0,1,1,0,0,0,1,4,5,6,akiyo_cif.y4m,22.36,22.368,0.071204,0.004041,0.0,32
1,1,1,0,1,0,0,1,0,1,0,0,1,5,6,akiyo_cif.y4m,23.03,23.034,0.074364,0.004233,0.0,170
1,0,1,0,0,1,0,0,0,1,1,0,1,15,0,akiyo_cif.y4m,25.76,25.742,0.075299,0.004899,0.0,270
1,0,1,1,0,0,1,0,0,1,0,1,4,15,6,akiyo_cif.y4m,38.01,38.03,0.105594,0.004718,0.0,207
1,1,1,0,1,0,0,1,0,1,1,1,1,5,6,akiyo_cif.y4m,21.39,21.396,0.020736,0.004248,0.0,43
1,0,1,0,1,0,1,0,0,0,1,1,1,0,3,akiyo_cif.y4m,16.51,16.476,0.063087,0.004738,0.0,40
1,1,1,0,1,0,0,1,0,0,1,1,1,5,3,akiyo_cif.y4m,22.37,22.374,0.036469,0.00424,0.0,117
1,0,1,0,0,1,0,0,0,0,1,0,8,15,6,akiyo_cif.y4m,25.7,25.712,0.084676,0.004899,0.0,253
1,0,1,1,0,0,0,0,0,1,0,0,1,15,3,akiyo_cif.y4m,30.97,30.96,0.055678,0.004859,0.0,68
1,1,1,1,0,0,0,1,0,1,1,1,1,15,6,akiyo_cif.y4m,49.96,49.964,0.08792,0.004273,0.0,186
1,1,1,0,1,0,1,1,0,0,0,1,8,15,3,akiyo_cif.y4m,23.54,23.536,0.041593,0.003982,0.0,288
1,1,1,0,1,0,0,1,0,0,0,0,2,0,0,akiyo_cif.y4m,22.23,22.202,0.068702,0.004347,0.0,15
1,0,1,1,0,0,0,0,0,0,1,1,2,15,3,akiyo_cif.y4m,30.23,30.232,0.096021,0.004859,0.0,82
1,1,1,1,0,0,0,1,0,0,0,0,4,15,6,akiyo_cif.y4m,49.92,49.906,0.077974,0.004242,0.0,211
1,0,1,0,1,0,1,0,0,1,1,1,8,15,6,akiyo_cif.y4m,16.41,16.414,0.036469,0.004725,0.0,177
1,1,1,0,1,0,0,1,0,1,1,1,2,5,3,akiyo_cif.y4m,22.13,22.152,0.068337,0.004229,0.0,210
1,0,1,1,0,0,0,0,0,1,1,1,2,0,3,akiyo_cif.y4m,30.8,30.844,0.069857,0.004859,0.0,13
1,0,1,0,1,0,1,0,0,0,0,1,2,15,3,akiyo_cif.y4m,16.45,16.46,0.023452,0.004738,0.0,228
1,0,1,0,1,0,1,0,0,1,1,0,4,5,3,akiyo_cif.y4m,16.8,16.794,0.046152,0.004725,0.0,38
1,1,1,1,0,0,0,1,0,0,0,1,4,15,6,akiyo_cif.y4m,49.87,49.878,0.127161,0.004273,0.0,29
1,1,1,1,0,0,1,0,1,1,0,0,8,0,0,akiyo_cif.y4m,36.07,36.072,0.106395,0.004404,0.0,24
1,1,1,1,0,0,0,1,0,0,0,0,8,5,6,akiyo_cif.y4m,47.38,47.386,0.143805,0.004245,0.0,293
1,1,1,1,0,0,0,1,0,0,1,0,2,5,6,akiyo_cif.y4m,47.42,47.376,0.12973,0.004245,0.0,67
1,1,1,0,1,0,0,1,0,1,0,1,2,5,0,akiyo_cif.y4m,22.72,22.712,0.08228,0.004342,0.0,199
1,0,1,0,0,1,1,0,0,1,1,0,8,15,3,akiyo_cif.y4m,30.99,31.004,0.092087,0.004727,0.0,244
1,0,1,0,0,1,1,0,0,0,0,0,8,15,0,akiyo_cif.y4m,31.71,31.692,0.086429,0.004727,0.0,80
1,1,1,1,0,0,1,1,0,1,1,1,2,0,3,akiyo_cif.y4m,47.28,47.294,0.036469,0.004075,0.0,223
1,1,1,0,1,0,1,1,0,0,1,0,8,5,0,akiyo_cif.y4m,22.73,22.76,0.067082,0.004094,0.0,121
1,0,1,1,0,0,1,0,0,0,0,0,8,5,3,akiyo_cif.y4m,38.03,37.986,0.127789,0.004714,0.0,261
1,0,1,1,0,0,1,0,0,1,1,0,1,5,6,akiyo_cif.y4m,37.19,37.162,0.063797,0.004714,0.0,156
1,1,1,1,0,0,0,1,0,0,1,0,4,15,3,akiyo_cif.y4m,48.17,48.13,0.123693,0.004198,0.0,271
1,1,1,1,0,0,1,1,0,1,0,0,2,15,3,akiyo_cif.y4m,47.31,47.268,0.084083,0.003988,0.0,9
1,1,1,1,0,0,1,1,0,1,0,1,1,0,0,akiyo_cif.y4m,45.77,45.81,0.129228,0.004068,0.0,165
1,0,1,0,0,1,1,0,0,1,0,0,1,15,6,akiyo_cif.y4m,31.72,31.726,0.095289,0.004727,0.0,126
1,0,1,1,0,0,1,0,0,1,1,1,8,5,0,akiyo_cif.y4m,38.02,37.96,0.113798,0.004714,0.0,280
1,0,1,1,0,0,0,0,0,1,1,0,2,5,3,akiyo_cif.y4m,30.83,30.846,0.072319,0.004859,0.0,172
1,0,1,0,1,0,1,0,0,0,0,0,1,15,6,akiyo_cif.y4m,16.78,16.782,0.042071,0.004725,0.0,292
1,0,1,0,0,1,0,0,0,1,0,1,1,0,3,akiyo_cif.y4m,25.97,25.96,0.06892,0.004951,0.0,179
1,0,1,0,0,1,1,0,0,1,0,1,2,0,3,akiyo_cif.y4m,32.31,32.272,0.09859,0.004718,0.0,272
1,0,1,0,0,1,1,0,0,0,1,0,4,5,0,akiyo_cif.y4m,31.79,31.752,0.12478,0.004727,0.0,105
1,0,1,0,1,0,0,0,0,0,0,0,1,0,3,akiyo_cif.y4m,14.66,14.692,0.051672,0.004823,0.0,76
1,0,1,1,0,0,1,0,0,0,1,0,4,15,3,akiyo_cif.y4m,37.91,37.918,0.031937,0.004714,0.0,197
1,1,1,1,0,0,1,1,0,0,1,0,1,15,0,akiyo_cif.y4m,47.29,47.252,0.148391,0.004146,0.0,221
1,1,1,1,0,0,1,1,0,0,1,0,8,15,6,akiyo_cif.y4m,47.51,47.514,0.08735,0.003923,0.0,167
1,1,1,0,1,0,0,1,0,1,0,1,4,15,6,akiyo_cif.y4m,24.21,24.176,0.070214,0.004224,0.0,136
1,1,1,1,0,0,0,1,0,1,0,1,8,15,6,akiyo_cif.y4m,50.09,50.072,0.09859,0.004273,0.0,243
1,0,1,0,1,0,0,0,0,1,0,1,8,15,6,akiyo_cif.y4m,14.87,14.844,0.060249,0.004816,0.0,60
1,0,1,1,0,0,0,0,0,1,0,1,2,0,6,akiyo_cif.y4m,30.41,30.462,0.09471,0.004803,0.0,110
1,1,1,1,0,0,1,1,0,1,0,0,1,15,6,akiyo_cif.y4m,47.63,47.59,0.175071,0.003923,0.0,35
1,0,1,1,0,0,1,0,0,0,1,1,2,5,6,akiyo_cif.y4m,37.93,37.942,0.077266,0.004714,0.0,235
1,0,1,1,0,0,0,0,0,1,0,0,1,0,3,akiyo_cif.y4m,30.79,30.806,0.08792,0.004859,0.0,44
1,1,1,0,1,0,1,1,0,0,1,0,4,15,3,akiyo_cif.y4m,23.16,23.18,0.073485,0.004032,0.0,256
1,0,1,0,0,1,0,0,0,0,1,1,8,0,0,akiyo_cif.y4m,25.7,25.706,0.026077,0.004899,0.0,192
1,0,1,0,1,0,0,0,0,0,1,1,2,0,0,akiyo_cif.y4m,14.68,14.686,0.043359,0.004823,0.0,41
1,0,1,1,0,0,0,0,0,0,1,0,4,5,0,akiyo_cif.y4m,30.17,30.208,0.067231,0.004859,0.0,37
1,0,1,0,0,1,0,0,0,0,0,0,4,5,0,akiyo_cif.y4m,25.64,25.654,0.021909,0.004899,0.0,26
1,1,1,1,0,0,0,1,0,0,0,0,1,0,3,akiyo_cif.y4m,50.12,50.118,0.07823,0.004354,0.0,273
1,1,1,1,0,0,1,1,0,0,0,1,1,5,6,akiyo_cif.y4m,46.34,46.356,0.097365,0.004041,0.0,233
1,1,1,0,1,0,1,1,0,0,1,1,8,0,0,akiyo_cif.y4m,22.32,22.304,0.043932,0.004157,0.0,101
1,0,1,1,0,0,0,0,0,0,0,1,2,5,3,akiyo_cif.y4m,30.43,30.482,0.094446,0.004803,0.0,39
1,1,1,0,1,0,0,1,0,0,0,1,1,15,0,akiyo_cif.y4m,22.67,22.674,0.051284,0.004342,0.0,106
1,1,1,0,1,0,0,0,1,1,0,0,1,0,0,akiyo_cif.y4m,18.59,18.582,0.037014,0.004602,0.0,242
1,1,1,1,0,0,1,1,0,0,1,0,2,15,0,akiyo_cif.y4m,47.18,47.168,0.146185,0.004146,0.0,193
1,0,1,0,1,0,1,0,0,0,1,0,1,15,6,akiyo_cif.y4m,16.44,16.446,0.037148,0.004725,0.0,103
1,1,1,0,1,0,0,1,0,1,1,1,8,5,6,akiyo_cif.y4m,23.08,23.046,0.077006,0.004233,0.0,1
1,0,1,1,0,0,0,0,0,1,1,1,1,0,0,akiyo_cif.y4m,30.59,30.572,0.067231,0.004803,0.0,61
1,1,1,1,0,0,0,0,1,0,0,0,2,0,0,akiyo_cif.y4m,36.57,36.598,0.116919,0.004598,0.0,56
1,1,1,0,1,0,0,1,0,0,1,0,8,15,3,akiyo_cif.y4m,23.85,23.866,0.043932,0.004204,0.0,148
1,0,1,0,1,0,0,0,0,1,0,1,2,5,0,akiyo_cif.y4m,14.56,14.556,0.033615,0.004816,0.0,112
1,0,1,0,1,0,1,0,0,0,1,0,8,15,3,akiyo_cif.y4m,16.82,16.83,0.038079,0.004725,0.0,300
1,0,1,0,1,0,0,0,0,1,1,0,4,15,0,akiyo_cif.y4m,14.71,14.682,0.057184,0.004823,0.0,249
1,0,1,0,1,0,0,0,0,0,0,1,2,0,0,akiyo_cif.y4m,14.78,14.794,0.024083,0.004816,0.0,20
1,1,1,1,0,0,1,1,0,1,0,1,1,5,0,akiyo_cif.y4m,45.39,45.426,0.080498,0.004151,0.0,104
1,1,1,1,0,0,0,1,0,1,1,1,8,15,6,akiyo_cif.y4m,49.8,49.814,0.027928,0.004242,0.0,131
1,0,1,1,0,0,0,0,0,0,0,0,2,0,3,akiyo_cif.y4m,30.84,30.834,0.102859,0.004859,0.0,69
1,0,1,0,1,0,1,0,0,0,0,0,2,0,3,akiyo_cif.y4m,16.77,16.768,0.021679,0.004725,0.0,220
1,1,1,1,0,0,1,1,0,1,1,1,8,15,6,akiyo_cif.y4m,47.62,47.654,0.105262,0.003923,0.0,11
1,1,1,1,0,0,1,1,0,1,0,0,4,15,6,akiyo_cif.y4m,47.59,47.574,0.143631,0.003923,0.0,258
1,0,1,0,1,0,1,0,0,0,0,0,2,15,3,akiyo_cif.y4m,16.77,16.782,0.029496,0.004725,0.0,65
1,0,1,0,0,1,1,0,0,0,0,0,2,15,0,akiyo_cif.y4m,31.08,31.07,0.130576,0.004727,0.0,160
1,0,1,0,0,1,1,0,0,0,0,0,8,0,0,akiyo_cif.y4m,31.73,31.708,0.11606,0.004727,0.0,238
1,1,1,1,0,0,0,1,0,0,0,0,4,0,0,akiyo_cif.y4m,49.07,49.032,0.167541,0.004354,0.0,57
1,1,1,0,1,0,0,1,0,1,0,1,2,0,0,akiyo_cif.y4m,22.54,22.564,0.076026,0.004361,0.0,79
1,0,1,0,1,0,1,0,0,0,1,0,4,15,3,akiyo_cif.y4m,16.75,16.738,0.038987,0.004725,0.0,224
1,1,1,0,1,0,0,1,0,1,0,0,2,0,3,akiyo_cif.y4m,22.7,22.696,0.055946,0.004347,0.0,48
1,0,1,0,1,0,1,0,0,0,0,1,8,0,6,akiyo_cif.y4m,16.48,16.48,0.056125,0.004738,0.0,173
1,1,1,1,0,0,1,1,0,0,1,1,1,0,0,akiyo_cif.y4m,46.77,46.768,0.045497,0.004068,0.0,283
1,0,1,0,1,0,0,0,0,0,0,0,1,0,6,akiyo_cif.y4m,14.44,14.426,0.038471,0.004823,0.0,190
1,0,1,0,1,0,1,0,0,1,1,1,4,0,6,akiyo_cif.y4m,16.83,16.83,0.033912,0.004725,0.0,259
1,0,1,1,0,0,0,0,0,0,0,1,1,15,3,akiyo_cif.y4m,30.5,30.5,0.072801,0.004803,0.0,7
1,0,1,0,0,1,0,0,0,0,0,1,2,5,0,akiyo_cif.y4m,26.0,25.994,0.060249,0.004951,0.0,73
1,1,1,1,0,0,1,1,0,0,0,0,2,0,6,akiyo_cif.y4m,47.28,47.346,0.124419,0.004075,0.0,63
1,0,1,0,0,1,1,0,0,1,1,0,2,15,3,akiyo_cif.y4m,31.76,31.722,0.100598,0.004727,0.0,284
1,0,1,1,0,0,1,0,0,1,0,1,8,15,6,akiyo_cif.y4m,38.1,38.1,0.087464,0.004718,0.0,250
1,1,1,0,1,0,0,1,0,0,0,0,2,5,0,akiyo_cif.y4m,22.72,22.742,0.052631,0.004353,0.0,209
1,0,1,0,1,0,1,0,0,0,0,1,4,5,3,akiyo_cif.y4m,16.48,16.466,0.048785,0.004738,0.0,138
1,1,1,1,0,0,0,0,1,1,1,0,1,0,0,akiyo_cif.y4m,36.59,36.624,0.110589,0.004598,0.0,135
1,1,1,1,0,0,1,1,0,1,1,0,4,5,3,akiyo_cif.y4m,44.53,44.542,0.080747,0.004053,0.0,264
1,1,1,1,0,0,0,1,0,1,1,0,2,0,6,akiyo_cif.y4m,50.05,50.066,0.02881,0.004354,0.0,215
1,0,1,0,0,1,0,0,0,0,1,1,4,5,3,akiyo_cif.y4m,25.67,25.676,0.038471,0.004899,0.0,50
1,0,1,1,0,0,0,0,0,1,1,0,4,0,6,akiyo_cif.y4m,30.83,30.884,0.074027,0.004859,0.0,98
1,1,1,1,0,0,0,1,0,1,1,0,1,15,0,akiyo_cif.y4m,48.24,48.206,0.109453,0.004374,0.0,140
1,1,1,1,0,0,0,1,0,0,1,1,1,0,3,akiyo_cif.y4m,49.37,49.402,0.112561,0.00437,0.0,113
1,0,1,0,1,0,1,0,0,1,1,0,1,0,6,akiyo_cif.y4m,16.78,16.77,0.023452,0.004725,0.0,3
1,0,1,0,0,1,0,0,0,1,1,1,8,0,0,akiyo_cif.y4m,25.77,25.75,0.096177,0.004899,0.0,149
1,0,1,1,0,0,0,0,0,0,1,1,8,5,6,akiyo_cif.y4m,30.89,30.92,0.076811,0.004859,0.0,153
1,1,1,1,0,0,1,1,0,1,1,0,2,15,6,akiyo_cif.y4m,47.6,47.598,0.145327,0.003923,0.0,133
1,0,1,1,0,0,0,0,0,0,0,0,1,0,3,akiyo_cif.y4m,30.19,30.24,0.092736,0.004859,0.0,191
1,1,1,0,1,0,0,1,0,1,0,1,1,0,6,akiyo_cif.y4m,22.56,22.55,0.033912,0.004361,0.0,100
1,0,1,1,0,0,1,0,0,0,1,0,4,0,3,akiyo_cif.y4m,37.96,37.926,0.110815,0.004714,0.0,85
1,0,1,0,0,1,1,0,0,0,0,0,2,0,3,akiyo_cif.y4m,31.84,31.798,0.062209,0.004727,0.0,88
1,0,1,0,1,0,1,0,0,1,1,0,4,15,6,akiyo_cif.y4m,16.77,16.774,0.060249,0.004725,0.0,31
1,0,1,0,0,1,1,0,0,0,0,0,4,5,3,akiyo_cif.y4m,31.75,31.732,0.128725,0.004727,0.0,134
1,1,1,0,1,0,1,1,0,1,1,1,8,0,3,akiyo_cif.y4m,22.26,22.298,0.057184,0.004157,0.0,147
1,1,1,1,0,0,0,1,0,0,1,1,4,15,6,akiyo_cif.y4m,49.83,49.838,0.104738,0.004242,0.0,275
1,0,1,0,0,1,1,0,0,0,1,0,4,15,3,akiyo_cif.y4m,31.8,31.784,0.032094,0.004727,0.0,143
1,1,1,0,1,0,1,1,0,1,0,0,1,5,6,akiyo_cif.y4m,22.0,22.022,0.060166,0.004087,0.0,8
1,1,1,1,0,0,1,1,0,0,1,1,4,5,3,akiyo_cif.y4m,45.42,45.468,0.172829,0.004053,0.0,216
1,0,1,1,0,0,1,0,0,1,0,0,1,0,3,akiyo_cif.y4m,37.94,37.92,0.037417,0.004714,0.0,214
1,0,1,0,0,1,0,0,0,0,0,0,1,5,0,akiyo_cif.y4m,25.19,25.156,0.082037,0.004899,0.0,17
1,0,1,0,0,1,1,0,0,0,0,0,1,5,0,akiyo_cif.y4m,31.7,31.726,0.089331,0.004727,0.0,206
1,0,1,0,1,0,0,0,0,1,1,1,8,15,0,akiyo_cif.y4m,14.69,14.678,0.030332,0.004823,0.0,36
1,1,1,0,1,0,1,1,0,0,0,0,4,15,3,akiyo_cif.y4m,23.31,23.306,0.058566,0.004032,0.0,6
1,0,1,1,0,0,1,0,0,0,0,1,1,0,6,akiyo_cif.y4m,38.09,38.054,0.074364,0.004718,0.0,5
1,0,1,1,0,0,1,0,0,0,0,0,8,15,6,akiyo_cif.y4m,37.98,37.97,0.085732,0.004714,0.0,164
1,0,1,0,0,1,0,0,0,1,0,0,8,0,6,akiyo_cif.y4m,25.76,25.76,0.062849,0.004899,0.0,97
1,0,1,1,0,0,0,0,0,0,1,0,2,5,3,akiyo_cif.y4m,30.98,30.99,0.106536,0.004859,0.0,236
1,1,1,0,1,0,1,1,0,0,0,0,8,5,0,akiyo_cif.y4m,22.72,22.77,0.083666,0.004094,0.0,71
1,1,1,0,1,0,1,1,0,1,0,1,2,0,3,akiyo_cif.y4m,21.67,21.68,0.075498,0.0041,0.0,295
1,0,1,1,0,0,1,0,0,1,1,0,8,5,3,akiyo_cif.y4m,37.9,37.912,0.075299,0.004714,0.0,286
1,0,1,0,1,0,0,0,0,0,0,1,1,5,0,akiyo_cif.y4m,14.87,14.836,0.070569,0.004816,0.0,34
1,0,1,0,1,0,1,0,0,1,1,1,1,5,3,akiyo_cif.y4m,16.47,16.466,0.072319,0.004738,0.0,240
1,0,1,0,0,1,1,0,0,0,0,1,4,15,3,akiyo_cif.y4m,32.16,32.148,0.026833,0.004718,0.0,18
1,0,1,0,1,0,0,0,0,0,1,0,8,0,6,akiyo_cif.y4m,14.36,14.366,0.032863,0.004823,0.0,102
1,1,1,1,0,0,1,0,1,0,1,0,4,0,0,akiyo_cif.y4m,36.16,36.148,0.034205,0.004404,0.0,51
1,1,1,1,0,0,1,1,0,0,0,1,4,15,6,akiyo_cif.y4m,44.68,44.732,0.086429,0.003957,0.0,282
1,0,1,0,1,0,1,0,0,1,1,1,1,0,3,akiyo_cif.y4m,16.47,16.474,0.050299,0.004738,0.0,77
1,0,1,1,0,0,1,0,0,0,1,0,2,0,3,akiyo_cif.y4m,38.03,38.052,0.071903,0.004714,0.0,128
1,1,1,0,1,0,1,1,0,0,0,0,2,5,3,akiyo_cif.y4m,21.84,21.858,0.044385,0.00407,0.0,234
1,0,1,1,0,0,0,0,0,0,1,1,1,0,0,akiyo_cif.y4m,30.55,30.56,0.064031,0.004803,0.0,252
1,0,1,1,0,0,1,0,0,0,0,1,4,0,3,akiyo_cif.y4m,38.03,38.008,0.091214,0.004718,0.0,28
1,0,1,0,0,1,1,0,0,1,1,1,8,15,3,akiyo_cif.y4m,30.94,30.968,0.075961,0.004727,0.0,139
1,0,1,0,0,1,0,0,0,0,0,1,1,5,0,akiyo_cif.y4m,25.98,25.948,0.087006,0.004951,0.0,158
1,1,1,0,1,0,1,1,0,1,0,1,8,5,3,akiyo_cif.y4m,22.36,22.33,0.061237,0.003987,0.0,152
1,0,1,1,0,0,1,0,0,1,0,0,2,0,6,akiyo_cif.y4m,37.16,37.146,0.058138,0.004714,0.0,12
1,1,1,0,1,0,0,1,0,0,0,1,4,15,3,akiyo_cif.y4m,23.41,23.438,0.066858,0.00422,0.0,294
1,1,1,0,1,0,0,1,0,0,0,1,8,15,3,akiyo_cif.y4m,23.47,23.488,0.045497,0.00422,0.0,154
1,1,1,1,0,0,0,1,0,1,0,0,2,15,6,akiyo_cif.y4m,49.95,49.906,0.11149,0.004242,0.0,157
1,0,1,1,0,0,1,0,0,1,1,1,2,0,3,akiyo_cif.y4m,38.02,37.956,0.103102,0.004714,0.0,150
1,1,1,0,1,0,1,1,0,0,1,0,8,0,6,akiyo_cif.y4m,22.31,22.296,0.051284,0.004157,0.0,287
1,0,1,0,1,0,0,0,0,1,1,0,1,0,3,akiyo_cif.y4m,14.69,14.686,0.035777,0.004823,0.0,297
1,0,1,0,0,1,0,0,0,1,1,0,8,15,0,akiyo_cif.y4m,25.71,25.714,0.069498,0.004899,0.0,263
1,1,1,0,1,0,0,1,0,1,1,1,1,5,3,akiyo_cif.y4m,22.0,22.01,0.048477,0.00424,0.0,255
1,0,1,1,0,0,0,0,0,1,1,0,8,15,3,akiyo_cif.y4m,30.87,30.856,0.08735,0.004859,0.0,115
1,0,1,0,0,1,1,0,0,1,0,1,4,15,3,akiyo_cif.y4m,32.13,32.138,0.0614,0.004718,0.0,188
1,0,1,0,0,1,1,0,0,0,0,1,8,0,6,akiyo_cif.y4m,32.27,32.256,0.051769,0.004718,0.0,212
1,0,1,1,0,0,1,0,0,0,0,1,1,15,3,akiyo_cif.y4m,37.96,38.004,0.100648,0.004718,0.0,195
1,0,1,0,1,0,0,0,0,0,1,1,2,15,0,akiyo_cif.y4m,14.42,14.406,0.040373,0.004823,0.0,119
1,0,1,1,0,0,0,0,0,1,0,1,4,15,0,akiyo_cif.y4m,29.84,29.838,0.087293,0.004803,0.0,58
1,0,1,0,1,0,1,0,0,1,0,1,4,0,6,akiyo_cif.y4m,16.43,16.442,0.032711,0.004738,0.0,277
1,0,1,0,1,0,1,0,0,0,1,1,4,5,6,akiyo_cif.y4m,16.83,16.808,0.049193,0.004725,0.0,64
1,1,1,0,1,0,1,1,0,1,0,0,2,0,0,akiyo_cif.y4m,22.38,22.376,0.061887,0.004157,0.0,285
1,1,1,0,1,0,1,1,0,1,0,0,4,0,0,akiyo_cif.y4m,22.32,22.304,0.057706,0.004157,0.0,290
1,0,1,1,0,0,0,0,0,1,0,1,8,5,6,akiyo_cif.y4m,30.46,30.492,0.113666,0.004803,0.0,196
1,1,1,1,0,0,1,0,1,1,1,1,1,0,0,akiyo_cif.y4m,35.42,35.378,0.065727,0.004369,0.0,93
1,0,1,1,0,0,1,0,0,0,1,1,4,5,6,akiyo_cif.y4m,37.24,37.222,0.07823,0.004714,0.0,299
1,0,1,1,0,0,0,0,0,1,0,0,2,5,0,akiyo_cif.y4m,30.29,30.268,0.069426,0.004859,0.0,125
1,1,1,0,1,0,0,1,0,1,0,1,2,15,6,akiyo_cif.y4m,24.24,24.214,0.057706,0.004224,0.0,21
1,0,1,0,1,0,0,0,0,1,0,1,2,0,0,akiyo_cif.y4m,14.88,14.862,0.060166,0.004816,0.0,225
1,0,1,0,1,0,0,0,0,1,0,0,2,5,0,bowing_cif.y4m,16.34,16.348,0.021679,0.005113,0.0,114
1,1,1,1,0,0,0,0,1,0,0,1,1,0,0,bowing_cif.y4m,57.09,57.06,0.115974,0.004693,0.0,281
1,1,1,1,0,0,0,1,0,1,1,0,2,5,0,bowing_cif.y4m,68.08,68.092,0.140961,0.004634,0.0,49
1,0,1,0,0,1,1,0,0,0,0,0,2,15,6,bowing_cif.y4m,38.23,38.258,0.093648,0.004605,0.0,194
1,0,1,1,0,0,0,0,0,0,0,0,2,0,6,bowing_cif.y4m,40.46,40.428,0.161771,0.005126,0.0,62
1,1,1,0,1,0,0,1,0,1,1,1,1,15,3,bowing_cif.y4m,28.76,28.784,0.08961,0.004653,0.0,91
1,0,1,0,0,1,1,0,0,0,0,0,4,0,6,bowing_cif.y4m,38.41,38.334,0.181191,0.004605,0.0,107
1,0,1,1,0,0,1,0,0,0,0,1,4,5,3,bowing_cif.y4m,44.75,44.77,0.139284,0.004635,0.0,181
1,0,1,0,1,0,1,0,0,0,0,0,4,5,0,bowing_cif.y4m,18.32,18.302,0.064576,0.004641,0.0,247
1,0,1,1,0,0,0,0,0,1,1,0,4,5,3,bowing_cif.y4m,41.23,41.182,0.093113,0.005126,0.0,166
1,0,1,0,0,1,0,0,0,0,1,1,4,0,0,bowing_cif.y4m,34.99,35.038,0.108259,0.005532,0.0,25
1,1,1,0,1,0,0,1,0,0,0,1,8,0,6,bowing_cif.y4m,28.35,28.346,0.041593,0.004675,0.0,203
1,1,1,1,0,0,1,1,0,1,1,1,4,5,6,bowing_cif.y4m,61.99,62.094,0.208519,0.004302,0.0,219
1,0,1,0,0,1,0,0,0,0,0,0,4,15,0,bowing_cif.y4m,35.11,35.142,0.141492,0.005532,0.0,162
1,0,1,1,0,0,1,0,0,0,1,0,4,15,6,bowing_cif.y4m,45.02,45.03,0.093808,0.004593,0.0,182
1,0,1,0,0,1,0,0,0,1,1,0,1,15,6,bowing_cif.y4m,35.08,35.134,0.135019,0.005532,0.0,10
1,1,1,1,0,0,1,1,0,1,1,1,2,15,0,bowing_cif.y4m,63.5,63.532,0.148223,0.004393,0.0,14
1,1,1,1,0,0,0,1,0,0,0,1,1,0,6,bowing_cif.y4m,67.61,67.556,0.188494,0.004659,0.0,89
1,1,1,1,0,0,0,1,0,1,1,1,1,5,0,bowing_cif.y4m,67.6,67.662,0.168582,0.004669,0.0,116
1,0,1,1,0,0,0,0,0,0,1,1,4,15,3,bowing_cif.y4m,41.17,41.158,0.046043,0.005126,0.0,217
1,1,1,0,1,0,0,1,0,0,1,0,1,0,0,bowing_cif.y4m,27.93,27.912,0.054037,0.004661,0.0,75
1,1,1,0,1,0,0,1,0,1,1,1,2,15,6,bowing_cif.y4m,27.89,27.91,0.05831,0.004634,0.0,266
1,0,1,1,0,0,1,0,0,0,1,1,4,15,3,bowing_cif.y4m,44.19,44.208,0.047645,0.004593,0.0,268
1,0,1,0,1,0,1,0,0,1,1,1,4,15,3,bowing_cif.y4m,17.9,17.91,0.05244,0.004641,0.0,187
1,0,1,0,0,1,1,0,0,0,1,0,8,15,3,bowing_cif.y4m,37.46,37.524,0.149766,0.004605,0.0,161
1,0,1,0,1,0,1,0,0,0,1,0,2,0,6,bowing_cif.y4m,18.31,18.316,0.018166,0.004641,0.0,23
1,1,1,1,0,0,0,1,0,1,1,0,2,5,6,bowing_cif.y4m,63.73,63.748,0.102078,0.004647,0.0,2
1,1,1,1,0,0,1,0,1,1,0,1,2,0,0,bowing_cif.y4m,56.68,56.68,0.104163,0.00442,0.0,16
1,0,1,1,0,0,0,0,0,1,1,1,8,15,0,bowing_cif.y4m,41.22,41.184,0.175869,0.005126,0.0,262
1,1,1,1,0,0,0,1,0,1,1,0,4,5,0,bowing_cif.y4m,67.97,68.01,0.14543,0.004634,0.0,66
1,0,1,1,0,0,0,0,0,1,0,0,2,0,0,bowing_cif.y4m,41.18,41.182,0.114105,0.005126,0.0,86
1,0,1,0,1,0,1,0,0,0,1,0,2,5,6,bowing_cif.y4m,18.26,18.246,0.04219,0.004641,0.0,231
1,0,1,0,1,0,0,0,0,0,0,0,4,5,0,bowing_cif.y4m,16.62,16.598,0.034928,0.005113,0.0,269
1,1,1,0,1,0,1,1,0,0,1,0,1,5,0,bowing_cif.y4m,27.48,27.53,0.097211,0.004322,0.0,180
1,0,1,0,0,1,0,0,0,0,1,0,4,5,6,bowing_cif.y4m,35.12,35.122,0.090664,0.005532,0.0,274
1,1,1,1,0,0,0,1,0,1,1,0,2,15,6,bowing_cif.y4m,61.75,61.828,0.170646,0.00462,0.0,184
1,0,1,0,0,1,1,0,0,0,0,1,4,5,0,bowing_cif.y4m,38.06,38.062,0.098336,0.004607,0.0,118
1,1,1,1,0,0,0,1,0,0,0,0,1,0,6,bowing_cif.y4m,66.2,66.252,0.138816,0.004668,0.0,254
1,0,1,1,0,0,1,0,0,0,1,1,4,5,0,bowing_cif.y4m,44.26,44.242,0.118828,0.004593,0.0,208
1,0,1,0,0,1,1,0,0,1,1,0,4,5,6,bowing_cif.y4m,38.3,38.336,0.099649,0.004605,0.0,279
1,1,1,1,0,0,0,1,0,0,1,1,4,15,3,bowing_cif.y4m,63.95,63.974,0.179805,0.004643,0.0,229
1,0,1,0,0,1,1,0,0,1,1,1,1,0,0,bowing_cif.y4m,38.08,38.084,0.130882,0.004607,0.0,46
1,0,1,0,0,1,0,0,0,1,1,1,4,5,6,bowing_cif.y4m,35.11,35.142,0.161152,0.005532,0.0,171
1,1,1,1,0,0,0,1,0,0,1,0,2,5,0,bowing_cif.y4m,67.97,67.954,0.151921,0.004634,0.0,99
1,0,1,0,0,1,0,0,0,0,0,0,8,0,0,bowing_cif.y4m,35.05,35.1,0.11,0.005532,0.0,81
1,1,1,1,0,0,1,1,0,1,0,1,8,5,0,bowing_cif.y4m,67.0,67.012,0.134796,0.004287,0.0,155
1,0,1,0,1,0,0,0,0,1,0,1,1,15,6,bowing_cif.y4m,16.24,16.264,0.071972,0.005124,0.0,96
1,1,1,1,0,0,0,1,0,1,1,1,8,0,0,bowing_cif.y4m,67.42,67.434,0.110136,0.004668,0.0,218
1,1,1,1,0,0,1,1,0,1,1,0,8,0,6,bowing_cif.y4m,62.64,62.702,0.149733,0.004344,0.0,53
1,1,1,0,1,0,1,0,1,0,0,0,2,0,0,bowing_cif.y4m,24.35,24.346,0.035071,0.004418,0.0,109
1,0,1,0,1,0,0,0,0,0,1,0,4,5,6,bowing_cif.y4m,16.59,16.6,0.045277,0.005113,0.0,185
1,1,1,1,0,0,0,1,0,0,1,1,2,0,0,bowing_cif.y4m,67.44,67.534,0.147411,0.004668,0.0,239
1,0,1,1,0,0,0,0,0,0,0,1,2,0,0,bowing_cif.y4m,40.98,40.942,0.135167,0.005155,0.0,276
1,0,1,1,0,0,1,0,0,0,0,1,4,0,6,bowing_cif.y4m,44.85,44.846,0.065803,0.004635,0.0,257
1,0,1,0,0,1,0,0,0,1,1,0,1,5,0,bowing_cif.y4m,35.04,35.074,0.122188,0.005532,0.0,42
1,1,1,0,1,0,1,1,0,0,0,0,2,15,3,bowing_cif.y4m,28.39,28.392,0.049193,0.004275,0.0,204
1,0,1,1,0,0,1,0,0,1,0,1,2,15,6,bowing_cif.y4m,44.94,44.846,0.17126,0.004635,0.0,145
1,0,1,0,1,0,0,0,0,0,0,0,2,0,3,bowing_cif.y4m,16.62,16.624,0.047223,0.005113,0.0,246
1,1,1,1,0,0,0,1,0,0,1,1,8,0,0,bowing_cif.y4m,67.59,67.592,0.119875,0.004668,0.0,202
1,1,1,0,1,0,0,1,0,1,0,0,2,5,3,bowing_cif.y4m,28.58,28.572,0.079183,0.004679,0.0,70
1,0,1,0,1,0,0,0,0,0,1,0,1,5,3,bowing_cif.y4m,16.28,16.302,0.051186,0.005113,0.0,230
1,0,1,0,1,0,1,0,0,0,0,0,4,15,6,bowing_cif.y4m,18.27,18.262,0.042661,0.004641,0.0,267
1,1,1,1,0,0,1,1,0,0,0,1,8,5,3,bowing_cif.y4m,60.93,60.994,0.11149,0.004301,0.0,146
1,0,1,0,1,0,1,0,0,0,0,1,2,15,0,bowing_cif.y4m,18.52,18.518,0.051186,0.004611,0.0,27
1,0,1,0,1,0,1,0,0,0,1,1,8,0,3,bowing_cif.y4m,18.31,18.3,0.051478,0.004641,0.0,137
1,1,1,1,0,0,0,1,0,0,1,1,2,15,0,bowing_cif.y4m,68.11,68.068,0.157385,0.004634,0.0,189
1,1,1,0,1,0,1,1,0,1,0,0,4,15,0,bowing_cif.y4m,27.53,27.534,0.061887,0.004322,0.0,132
1,1,1,1,0,0,0,0,1,1,0,1,8,0,0,bowing_cif.y4m,57.0,57.084,0.139392,0.004693,0.0,169
1,0,1,0,0,1,0,0,0,0,0,0,1,5,6,bowing_cif.y4m,35.17,35.158,0.140961,0.005532,0.0,33
1,0,1,1,0,0,0,0,0,0,1,1,8,15,0,bowing_cif.y4m,41.16,41.18,0.101735,0.005126,0.0,205
1,0,1,1,0,0,0,0,0,1,0,1,2,0,0,bowing_cif.y4m,41.01,40.984,0.167123,0.005155,0.0,245
1,1,1,0,1,0,1,1,0,0,1,1,1,15,0,bowing_cif.y4m,28.07,28.032,0.096021,0.004361,0.0,298
1,0,1,1,0,0,1,0,0,1,1,0,2,5,6,bowing_cif.y4m,44.93,44.996,0.132023,0.004593,0.0,163
1,1,1,1,0,0,0,1,0,0,0,0,1,5,0,bowing_cif.y4m,68.1,68.072,0.142021,0.004634,0.0,123
1,0,1,0,0,1,1,0,0,1,0,0,4,15,0,bowing_cif.y4m,37.69,37.656,0.136308,0.004605,0.0,4
1,0,1,0,0,1,1,0,0,1,1,0,8,5,6,bowing_cif.y4m,38.4,38.382,0.080125,0.004605,0.0,141
1,1,1,0,1,0,0,1,0,1,0,0,8,5,6,bowing_cif.y4m,28.07,28.034,0.068411,0.004666,0.0,129
1,1,1,0,1,0,1,1,0,1,1,0,4,5,3,bowing_cif.y4m,27.36,27.376,0.092358,0.004322,0.0,159
1,0,1,0,0,1,1,0,0,1,0,0,1,0,0,bowing_cif.y4m,38.4,38.326,0.118659,0.004605,0.0,22
1,0,1,0,0,1,0,0,0,1,0,1,2,0,6,bowing_cif.y4m,34.21,34.254,0.126016,0.005561,0.0,175
1,1,1,1,0,0,0,1,0,1,1,1,8,5,6,bowing_cif.y4m,64.76,64.814,0.129345,0.004647,0.0,151
1,1,1,0,1,0,0,1,0,0,1,0,2,5,0,bowing_cif.y4m,29.94,29.926,0.060663,0.004672,0.0,52
1,0,1,0,0,1,0,0,0,0,0,1,4,0,3,bowing_cif.y4m,34.24,34.31,0.149332,0.005561,0.0,108
1,0,1,0,1,0,1,0,0,0,0,1,8,15,0,bowing_cif.y4m,18.44,18.476,0.068775,0.004611,0.0,72
1,0,1,1,0,0,1,0,0,1,1,0,8,0,6,bowing_cif.y4m,45.04,45.088,0.170206,0.004593,0.0,248
1,1,1,1,0,0,1,1,0,1,1,0,8,5,6,bowing_cif.y4m,61.96,62.058,0.194859,0.004302,0.0,174
1,0,1,1,0,0,1,0,0,1,1,1,8,0,3,bowing_cif.y4m,45.15,45.17,0.034641,0.004593,0.0,130
1,1,1,0,1,0,1,1,0,1,1,1,8,15,0,bowing_cif.y4m,27.5,27.514,0.036469,0.004322,0.0,168
1,0,1,0,0,1,1,0,0,1,0,1,8,0,6,bowing_cif.y4m,37.91,37.916,0.050794,0.004607,0.0,198
1,0,1,0,0,1,1,0,0,1,1,0,1,0,3,bowing_cif.y4m,38.24,38.284,0.118659,0.004605,0.0,83
1,1,1,1,0,0,1,1,0,0,1,0,1,0,3,bowing_cif.y4m,61.53,61.556,0.123004,0.004344,0.0,291
1,0,1,0,1,0,0,0,0,1,1,0,1,0,6,bowing_cif.y4m,16.56,16.604,0.075033,0.005113,0.0,237
1,0,1,0,0,1,0,0,0,1,1,1,2,15,3,bowing_cif.y4m,34.58,34.526,0.138311,0.005532,0.0,90
1,1,1,1,0,0,1,1,0,0,0,1,1,15,0,bowing_cif.y4m,67.04,67.002,0.177539,0.004287,0.0,87
1,0,1,1,0,0,1,0,0,1,0,0,1,5,0,bowing_cif.y4m,44.29,44.254,0.170675,0.004593,0.0,74
1,0,1,0,0,1,0,0,0,1,0,0,2,0,3,bowing_cif.y4m,35.19,35.188,0.109864,0.005532,0.0,201
1,0,1,0,1,0,0,0,0,1,0,1,1,0,0,bowing_cif.y4m,16.53,16.584,0.079875,0.005124,0.0,183
1,0,1,1,0,0,0,0,0,0,0,0,4,0,6,bowing_cif.y4m,41.2,41.174,0.086776,0.005126,0.0,227
1,1,1,0,1,0,1,1,0,0,0,0,1,15,6,bowing_cif.y4m,26.78,26.792,0.089833,0.004284,0.0,222
1,0,1,0,0,1,0,0,0,0,1,0,8,0,6,bowing_cif.y4m,35.09,35.13,0.1247,0.005532,0.0,55
1,0,1,1,0,0,0,0,0,0,1,1,2,5,0,bowing_cif.y4m,40.4,40.418,0.145671,0.005126,0.0,142
1,0,1,1,0,0,1,0,0,1,0,1,1,5,6,bowing_cif.y4m,44.07,44.06,0.105119,0.004635,0.0,124
1,0,1,1,0,0,1,0,0,0,0,0,8,0,0,bowing_cif.y4m,45.15,45.152,0.074967,0.004593,0.0,95
1,0,1,1,0,0,1,0,0,1,0,0,2,15,0,bowing_cif.y4m,45.04,45.054,0.074364,0.004593,0.0,241
1,0,1,0,1,0,0,0,0,0,1,1,1,5,3,bowing_cif.y4m,16.62,16.606,0.058566,0.005124,0.0,289
1,0,1,1,0,0,1,0,0,1,1,0,1,5,0,bowing_cif.y4m,44.97,45.014,0.110589,0.004593,0.0,278
1,1,1,0,1,0,0,1,0,1,1,0,1,0,6,bowing_cif.y4m,27.86,27.864,0.043359,0.004661,0.0,176
1,0,1,0,0,1,1,0,0,0,1,0,8,5,0,bowing_cif.y4m,38.24,38.264,0.091542,0.004605,0.0,122
1,0,1,0,0,1,0,0,0,0,1,0,4,0,6,bowing_cif.y4m,35.13,35.162,0.138816,0.005532,0.0,30
1,1,1,0,1,0,0,1,0,0,0,0,2,0,6,bowing_cif.y4m,27.94,27.918,0.098082,0.004661,0.0,251
1,0,1,1,0,0,0,0,0,0,0,1,1,0,0,bowing_cif.y4m,40.86,40.91,0.10583,0.005155,0.0,120
1,0,1,1,0,0,0,0,0,0,0,1,2,15,6,bowing_cif.y4m,40.97,40.962,0.097314,0.005155,0.0,144
1,0,1,0,1,0,1,0,0,0,0,0,1,0,3,bowing_cif.y4m,18.25,18.244,0.053198,0.004641,0.0,265
1,1,1,0,1,0,0,1,0,0,1,0,2,0,6,bowing_cif.y4m,27.95,27.928,0.049699,0.004661,0.0,260
1,1,1,0,1,0,0,1,0,0,0,1,1,0,3,bowing_cif.y4m,28.36,28.324,0.114586,0.004675,0.0,78
1,0,1,0,1,0,0,0,0,0,1,1,8,15,3,bowing_cif.y4m,16.57,16.568,0.050695,0.005113,0.0,84
1,0,1,1,0,0,1,0,0,1,0,0,4,15,3,bowing_cif.y4m,44.13,44.16,0.069282,0.004593,0.0,296
1,0,1,0,0,1,0,0,0,0,0,1,2,5,6,bowing_cif.y4m,34.91,34.89,0.041833,0.005561,0.0,232
1,0,1,0,0,1,1,0,0,0,1,0,4,15,6,bowing_cif.y4m,38.19,38.252,0.11077,0.004605,0.0,213
1,1,1,0,1,0,0,1,0,0,1,1,8,15,3,bowing_cif.y4m,28.21,28.242,0.090388,0.004644,0.0,94
1,0,1,0,1,0,0,0,0,0,1,1,1,5,0,bowing_cif.y4m,16.54,16.558,0.058481,0.005124,0.0,178
1,0,1,1,0,0,1,0,0,1,0,0,4,0,0,bowing_cif.y4m,44.95,44.974,0.089331,0.004593,0.0,127
1,1,1,0,1,0,1,1,0,0,1,0,8,5,6,bowing_cif.y4m,27.92,27.922,0.109864,0.004335,0.0,111
1,0,1,0,1,0,0,0,0,0,0,1,1,0,6,bowing_cif.y4m,16.6,16.606,0.037815,0.005124,0.0,92
1,1,1,1,0,0,0,1,0,0,1,0,8,15,6,bowing_cif.y4m,61.83,61.812,0.10872,0.00462,0.0,54
1,0,1,0,0,1,0,0,0,0,0,1,2,15,0,bowing_cif.y4m,35.17,35.094,0.141527,0.005561,0.0,45
1,0,1,1,0,0,0,0,0,1,0,0,4,0,6,bowing_cif.y4m,41.02,41.116,0.198444,0.005126,0.0,226
1,1,1,1,0,0,1,1,0,1,0,0,8,5,0,bowing_cif.y4m,63.55,63.592,0.107331,0.004393,0.0,200
1,0,1,0,0,1,1,0,0,1,0,1,8,5,6,bowing_cif.y4m,37.21,37.216,0.093968,0.004607,0.0,59
1,1,1,0,1,0,1,0,1,0,0,1,2,0,0,bowing_cif.y4m,24.43,24.456,0.085615,0.004444,0.0,19
1,1,1,1,0,0,0,1,0,1,0,0,2,15,0,bowing_cif.y4m,68.13,68.098,0.101833,0.004634,0.0,47
1,1,1,0,1,0,1,1,0,0,0,1,4,5,6,bowing_cif.y4m,26.95,26.982,0.084676,0.004288,0.0,32
1,1,1,0,1,0,0,1,0,1,0,0,1,5,6,bowing_cif.y4m,28.07,28.082,0.031145,0.004666,0.0,170
1,0,1,0,0,1,0,0,0,1,1,0,1,15,0,bowing_cif.y4m,35.1,35.086,0.14893,0.005532,0.0,270
1,0,1,1,0,0,1,0,0,1,0,1,4,15,6,bowing_cif.y4m,44.76,44.73,0.129808,0.004635,0.0,207
1,1,1,0,1,0,0,1,0,1,1,1,1,5,6,bowing_cif.y4m,28.14,28.12,0.089163,0.004664,0.0,43
1,0,1,0,1,0,1,0,0,0,1,1,1,0,3,bowing_cif.y4m,18.49,18.478,0.042071,0.004611,0.0,40
1,1,1,0,1,0,0,1,0,0,1,1,1,5,3,bowing_cif.y4m,29.25,29.258,0.109864,0.004684,0.0,117
1,0,1,0,0,1,0,0,0,0,1,0,8,15,6,bowing_cif.y4m,34.99,34.986,0.026077,0.005532,0.0,253
1,0,1,1,0,0,0,0,0,1,0,0,1,15,3,bowing_cif.y4m,41.09,41.104,0.136492,0.005126,0.0,68
1,1,1,1,0,0,0,1,0,1,1,1,1,15,6,bowing_cif.y4m,63.44,63.4,0.133041,0.004648,0.0,186
1,1,1,0,1,0,1,1,0,0,0,1,8,15,3,bowing_cif.y4m,27.94,27.884,0.110136,0.004282,0.0,288
1,1,1,0,1,0,0,1,0,0,0,0,2,0,0,bowing_cif.y4m,27.91,27.916,0.085029,0.004661,0.0,15
1,0,1,1,0,0,0,0,0,0,1,1,2,15,3,bowing_cif.y4m,41.06,41.132,0.162696,0.005126,0.0,82
1,1,1,1,0,0,0,1,0,0,0,0,4,15,6,bowing_cif.y4m,61.8,61.786,0.160094,0.00462,0.0,211
1,0,1,0,1,0,1,0,0,1,1,1,8,15,6,bowing_cif.y4m,17.91,17.924,0.058566,0.004641,0.0,177
1,1,1,0,1,0,0,1,0,1,1,1,2,5,3,bowing_cif.y4m,28.58,28.558,0.058052,0.004679,0.0,210
1,0,1,1,0,0,0,0,0,1,1,1,2,0,3,bowing_cif.y4m,41.13,41.124,0.127004,0.005126,0.0,13
1,0,1,0,1,0,1,0,0,0,0,1,2,15,3,bowing_cif.y4m,18.5,18.478,0.080436,0.004611,0.0,228
1,0,1,0,1,0,1,0,0,1,1,0,4,5,3,bowing_cif.y4m,18.19,18.23,0.079057,0.004641,0.0,38
1,1,1,1,0,0,0,1,0,0,0,1,4,15,6,bowing_cif.y4m,62.22,62.214,0.142408,0.004648,0.0,29
1,1,1,1,0,0,1,0,1,1,0,0,8,0,0,bowing_cif.y4m,56.22,56.284,0.112383,0.004394,0.0,24
1,1,1,1,0,0,0,1,0,0,0,0,8,5,6,bowing_cif.y4m,64.8,64.856,0.132778,0.004647,0.0,293
1,1,1,1,0,0,0,1,0,0,1,0,2,5,6,bowing_cif.y4m,64.78,64.836,0.131072,0.004647,0.0,67
1,1,1,0,1,0,0,1,0,1,0,1,2,5,0,bowing_cif.y4m,27.8,27.814,0.048785,0.004664,0.0,199
1,0,1,0,0,1,1,0,0,1,1,0,8,15,3,bowing_cif.y4m,38.36,38.35,0.115974,0.004605,0.0,244
1,0,1,0,0,1,1,0,0,0,0,0,8,15,0,bowing_cif.y4m,38.34,38.318,0.143073,0.004605,0.0,80
1,1,1,1,0,0,1,1,0,1,1,1,2,0,3,bowing_cif.y4m,62.64,62.706,0.165015,0.004344,0.0,223
1,1,1,0,1,0,1,1,0,0,1,0,8,5,0,bowing_cif.y4m,27.56,27.564,0.055946,0.004322,0.0,121
1,0,1,1,0,0,1,0,0,0,0,0,8,5,3,bowing_cif.y4m,44.95,45.04,0.18097,0.004593,0.0,261
1,0,1,1,0,0,1,0,0,1,1,0,1,5,6,bowing_cif.y4m,45.23,45.18,0.113137,0.004593,0.0,156
1,1,1,1,0,0,0,1,0,0,1,0,4,15,3,bowing_cif.y4m,63.85,63.898,0.154984,0.004643,0.0,271
1,1,1,1,0,0,1,1,0,1,0,0,2,15,3,bowing_cif.y4m,62.96,63.004,0.177989,0.004301,0.0,9
1,1,1,1,0,0,1,1,0,1,0,1,1,0,0,bowing_cif.y4m,66.64,66.588,0.165741,0.004351,0.0,165
1,0,1,0,0,1,1,0,0,1,0,0,1,15,6,bowing_cif.y4m,38.22,38.224,0.097365,0.004605,0.0,126
1,0,1,1,0,0,1,0,0,1,1,1,8,5,0,bowing_cif.y4m,44.95,45.058,0.177116,0.004593,0.0,280
1,0,1,1,0,0,0,0,0,1,1,0,2,5,3,bowing_cif.y4m,41.09,41.13,0.106536,0.005126,0.0,172
1,0,1,0,1,0,1,0,0,0,0,0,1,15,6,bowing_cif.y4m,18.24,18.24,0.060415,0.004641,0.0,292
1,0,1,0,0,1,0,0,0,1,0,1,1,0,3,bowing_cif.y4m,34.99,35.0,0.078422,0.005561,0.0,179
1,0,1,0,0,1,1,0,0,1,0,1,2,0,3,bowing_cif.y4m,38.04,38.046,0.129151,0.004607,0.0,272
1,0,1,0,0,1,1,0,0,0,1,0,4,5,0,bowing_cif.y4m,37.62,37.62,0.070711,0.004605,0.0,105
1,0,1,0,1,0,0,0,0,0,0,0,1,0,3,bowing_cif.y4m,16.6,16.6,0.024495,0.005113,0.0,76
1,0,1,1,0,0,1,0,0,0,1,0,4,15,3,bowing_cif.y4m,44.31,44.296,0.088204,0.004593,0.0,197
1,1,1,1,0,0,1,1,0,0,1,0,1,15,0,bowing_cif.y4m,63.75,63.728,0.125579,0.004393,0.0,221
1,1,1,1,0,0,1,1,0,0,1,0,8,15,6,bowing_cif.y4m,62.07,62.026,0.125419,0.004248,0.0,167
1,1,1,0,1,0,0,1,0,1,0,1,4,15,6,bowing_cif.y4m,27.35,27.376,0.063087,0.004637,0.0,136
1,1,1,1,0,0,0,1,0,1,0,1,8,15,6,bowing_cif.y4m,62.3,62.278,0.123369,0.004648,0.0,243
1,0,1,0,1,0,0,0,0,1,0,1,8,15,6,bowing_cif.y4m,16.64,16.636,0.051284,0.005124,0.0,60
1,0,1,1,0,0,0,0,0,1,0,1,2,0,6,bowing_cif.y4m,41.08,41.036,0.093167,0.005155,0.0,110
1,1,1,1,0,0,1,1,0,1,0,0,1,15,6,bowing_cif.y4m,61.88,61.944,0.133903,0.004248,0.0,35
1,0,1,1,0,0,1,0,0,0,1,1,2,5,6,bowing_cif.y4m,45.11,45.112,0.102078,0.004593,0.0,235
1,0,1,1,0,0,0,0,0,1,0,0,1,0,3,bowing_cif.y4m,41.21,41.174,0.124218,0.005126,0.0,44
1,1,1,0,1,0,1,1,0,0,1,0,4,15,3,bowing_cif.y4m,27.94,27.954,0.078294,0.004275,0.0,256
1,0,1,0,0,1,0,0,0,0,1,1,8,0,0,bowing_cif.y4m,35.07,35.08,0.112472,0.005532,0.0,192
1,0,1,0,1,0,0,0,0,0,1,1,2,0,0,bowing_cif.y4m,16.63,16.594,0.068775,0.005113,0.0,41
1,0,1,1,0,0,0,0,0,0,1,0,4,5,0,bowing_cif.y4m,41.29,41.218,0.158493,0.005126,0.0,37
1,0,1,0,0,1,0,0,0,0,0,0,4,5,0,bowing_cif.y4m,34.53,34.518,0.065727,0.005532,0.0,26
1,1,1,1,0,0,0,1,0,0,0,0,1,0,3,bowing_cif.y4m,67.63,67.566,0.14893,0.004668,0.0,273
1,1,1,1,0,0,1,1,0,0,0,1,1,5,6,bowing_cif.y4m,60.81,60.884,0.121367,0.004268,0.0,233
1,1,1,0,1,0,1,1,0,0,1,1,8,0,0,bowing_cif.y4m,27.67,27.704,0.098641,0.004383,0.0,101
1,0,1,1,0,0,0,0,0,0,0,1,2,5,3,bowing_cif.y4m,41.07,41.032,0.12518,0.005155,0.0,39
1,1,1,0,1,0,0,1,0,0,0,1,1,15,0,bowing_cif.y4m,28.3,28.318,0.078549,0.004664,0.0,106
1,1,1,0,1,0,0,0,1,1,0,0,1,0,0,bowing_cif.y4m,25.16,25.166,0.076026,0.004694,0.0,242
1,1,1,1,0,0,1,1,0,0,1,0,2,15,0,bowing_cif.y4m,63.7,63.684,0.170088,0.004393,0.0,193
1,0,1,0,1,0,1,0,0,0,1,0,1,15,6,bowing_cif.y4m,18.31,18.282,0.038987,0.004641,0.0,103
1,1,1,0,1,0,0,1,0,1,1,1,8,5,6,bowing_cif.y4m,27.99,28.034,0.082037,0.004666,0.0,1
1,0,1,1,0,0,0,0,0,1,1,1,1,0,0,bowing_cif.y4m,41.06,40.972,0.16453,0.005155,0.0,61
1,1,1,1,0,0,0,0,1,0,0,0,2,0,0,bowing_cif.y4m,57.23,57.202,0.187936,0.004692,0.0,56
1,1,1,0,1,0,0,1,0,0,1,0,8,15,3,bowing_cif.y4m,27.81,27.818,0.087006,0.004644,0.0,148
1,0,1,0,1,0,0,0,0,1,0,1,2,5,0,bowing_cif.y4m,16.59,16.6,0.065574,0.005124,0.0,112
1,0,1,0,1,0,1,0,0,0,1,0,8,15,3,bowing_cif.y4m,18.22,18.236,0.073007,0.004641,0.0,300
1,0,1,0,1,0,0,0,0,1,1,0,4,15,0,bowing_cif.y4m,16.64,16.612,0.049699,0.005113,0.0,249
1,0,1,0,1,0,0,0,0,0,0,1,2,0,0,bowing_cif.y4m,16.33,16.29,0.069642,0.005124,0.0,20
1,1,1,1,0,0,1,1,0,1,0,1,1,5,0,bowing_cif.y4m,66.91,66.93,0.157956,0.004287,0.0,104
1,1,1,1,0,0,0,1,0,1,1,1,8,15,6,bowing_cif.y4m,61.9,61.816,0.185149,0.00462,0.0,131
1,0,1,1,0,0,0,0,0,0,0,0,2,0,3,bowing_cif.y4m,41.01,41.042,0.079812,0.005126,0.0,69
1,0,1,0,1,0,1,0,0,0,0,0,2,0,3,bowing_cif.y4m,18.21,18.228,0.057184,0.004641,0.0,220
1,1,1,1,0,0,1,1,0,1,1,1,8,15,6,bowing_cif.y4m,62.23,62.182,0.160219,0.004248,0.0,11
1,1,1,1,0,0,1,1,0,1,0,0,4,15,6,bowing_cif.y4m,61.93,61.962,0.12518,0.004248,0.0,258
1,0,1,0,1,0,1,0,0,0,0,0,2,15,3,bowing_cif.y4m,18.3,18.284,0.053198,0.004641,0.0,65
1,0,1,0,0,1,1,0,0,0,0,0,2,15,0,bowing_cif.y4m,37.49,37.508,0.108028,0.004605,0.0,160
1,0,1,0,0,1,1,0,0,0,0,0,8,0,0,bowing_cif.y4m,37.68,37.624,0.143283,0.004605,0.0,238
1,1,1,1,0,0,0,1,0,0,0,0,4,0,0,bowing_cif.y4m,66.32,66.382,0.156109,0.004668,0.0,57
1,1,1,0,1,0,0,1,0,1,0,1,2,0,0,bowing_cif.y4m,27.8,27.816,0.043932,0.004675,0.0,79
1,0,1,0,1,0,1,0,0,0,1,0,4,15,3,bowing_cif.y4m,18.2,18.216,0.060249,0.004641,0.0,224
1,1,1,0,1,0,0,1,0,1,0,0,2,0,3,bowing_cif.y4m,27.51,27.492,0.071204,0.004661,0.0,48
1,0,1,0,1,0,1,0,0,0,0,1,8,0,6,bowing_cif.y4m,18.52,18.484,0.054129,0.004611,0.0,173
1,1,1,1,0,0,1,1,0,0,1,1,1,0,0,bowing_cif.y4m,66.24,66.278,0.118828,0.004351,0.0,283
1,0,1,0,1,0,0,0,0,0,0,0,1,0,6,bowing_cif.y4m,16.56,16.582,0.057619,0.005113,0.0,190
1,0,1,0,1,0,1,0,0,1,1,1,4,0,6,bowing_cif.y4m,18.24,18.23,0.060828,0.004641,0.0,259
1,0,1,1,0,0,0,0,0,0,0,1,1,15,3,bowing_cif.y4m,41.03,40.998,0.053572,0.005155,0.0,7
1,0,1,0,0,1,0,0,0,0,0,1,2,5,0,bowing_cif.y4m,34.86,34.91,0.125897,0.005561,0.0,73
1,1,1,1,0,0,1,1,0,0,0,0,2,0,6,bowing_cif.y4m,62.9,62.846,0.155499,0.004344,0.0,63
1,0,1,0,0,1,1,0,0,1,1,0,2,15,3,bowing_cif.y4m,38.25,38.254,0.083845,0.004605,0.0,284
1,0,1,1,0,0,1,0,0,1,0,1,8,15,6,bowing_cif.y4m,44.73,44.754,0.084439,0.004635,0.0,250
1,1,1,0,1,0,0,1,0,0,0,0,2,5,0,bowing_cif.y4m,29.86,29.872,0.062209,0.004672,0.0,209
1,0,1,0,1,0,1,0,0,0,0,1,4,5,3,bowing_cif.y4m,18.44,18.442,0.039623,0.004611,0.0,138
1,1,1,1,0,0,0,0,1,1,1,0,1,0,0,bowing_cif.y4m,57.16,57.212,0.145155,0.004692,0.0,135
1,1,1,1,0,0,1,1,0,1,1,0,4,5,3,bowing_cif.y4m,61.43,61.37,0.1251,0.004293,0.0,264
1,1,1,1,0,0,0,1,0,1,1,0,2,0,6,bowing_cif.y4m,67.76,67.636,0.174442,0.004668,0.0,215
1,0,1,0,0,1,0,0,0,0,1,1,4,5,3,bowing_cif.y4m,35.07,35.064,0.079875,0.005532,0.0,50
1,0,1,1,0,0,0,0,0,1,1,0,4,0,6,bowing_cif.y4m,41.05,41.134,0.130115,0.005126,0.0,98
1,1,1,1,0,0,0,1,0,1,1,0,1,15,0,bowing_cif.y4m,67.91,67.946,0.159154,0.004634,0.0,140
1,1,1,1,0,0,0,1,0,0,1,1,1,0,3,bowing_cif.y4m,67.66,67.654,0.149599,0.004659,0.0,113
1,0,1,0,1,0,1,0,0,1,1,0,1,0,6,bowing_cif.y4m,17.89,17.898,0.049699,0.004641,0.0,3
1,0,1,0,0,1,0,0,0,1,1,1,8,0,0,bowing_cif.y4m,35.27,35.226,0.14639,0.005532,0.0,149
1,0,1,1,0,0,0,0,0,0,1,1,8,5,6,bowing_cif.y4m,41.27,41.216,0.085323,0.005126,0.0,153
1,1,1,1,0,0,1,1,0,1,1,0,2,15,6,bowing_cif.y4m,61.88,61.918,0.140961,0.004248,0.0,133
1,0,1,1,0,0,0,0,0,0,0,0,1,0,3,bowing_cif.y4m,41.1,41.114,0.107378,0.005126,0.0,191
1,1,1,0,1,0,0,1,0,1,0,1,1,0,6,bowing_cif.y4m,27.88,27.856,0.066558,0.004675,0.0,100
1,0,1,1,0,0,1,0,0,0,1,0,4,0,3,bowing_cif.y4m,45.1,45.072,0.096799,0.004593,0.0,85
1,0,1,0,0,1,1,0,0,0,0,0,2,0,3,bowing_cif.y4m,38.31,38.294,0.10139,0.004605,0.0,88
1,0,1,0,1,0,1,0,0,1,1,0,4,15,6,bowing_cif.y4m,18.28,18.26,0.062048,0.004641,0.0,31
1,0,1,0,0,1,1,0,0,0,0,0,4,5,3,bowing_cif.y4m,38.39,38.362,0.128725,0.004605,0.0,134
1,1,1,0,1,0,1,1,0,1,1,1,8,0,3,bowing_cif.y4m,27.74,27.75,0.070356,0.004383,0.0,147
1,1,1,1,0,0,0,1,0,0,1,1,4,15,6,bowing_cif.y4m,62.02,61.93,0.171464,0.00462,0.0,275
1,0,1,0,0,1,1,0,0,0,1,0,4,15,3,bowing_cif.y4m,37.5,37.566,0.129345,0.004605,0.0,143
1,1,1,0,1,0,1,1,0,1,0,0,1,5,6,bowing_cif.y4m,28.03,27.98,0.09434,0.004335,0.0,8
1,1,1,1,0,0,1,1,0,0,1,1,4,5,3,bowing_cif.y4m,60.35,60.316,0.144845,0.004293,0.0,216
1,0,1,1,0,0,1,0,0,1,0,0,1,0,3,bowing_cif.y4m,45.09,45.016,0.121367,0.004593,0.0,214
1,0,1,0,0,1,0,0,0,0,0,0,1,5,0,bowing_cif.y4m,35.07,35.106,0.141174,0.005532,0.0,17
1,0,1,0,0,1,1,0,0,0,0,0,1,5,0,bowing_cif.y4m,37.7,37.654,0.114368,0.004605,0.0,206
1,0,1,0,1,0,0,0,0,1,1,1,8,15,0,bowing_cif.y4m,16.54,16.558,0.048166,0.005113,0.0,36
1,1,1,0,1,0,1,1,0,0,0,0,4,15,3,bowing_cif.y4m,28.37,28.416,0.083845,0.004275,0.0,6
1,0,1,1,0,0,1,0,0,0,0,1,1,0,6,bowing_cif.y4m,44.68,44.754,0.152086,0.004635,0.0,5
1,0,1,1,0,0,1,0,0,0,0,0,8,15,6,bowing_cif.y4m,45.06,45.058,0.111221,0.004593,0.0,164
1,0,1,0,0,1,0,0,0,1,0,0,8,0,6,bowing_cif.y4m,35.27,35.166,0.166223,0.005532,0.0,97
1,0,1,1,0,0,0,0,0,0,1,0,2,5,3,bowing_cif.y4m,40.36,40.372,0.082885,0.005126,0.0,236
1,1,1,0,1,0,1,1,0,0,0,0,8,5,0,bowing_cif.y4m,27.62,27.57,0.106536,0.004322,0.0,71
1,1,1,0,1,0,1,1,0,1,0,1,2,0,3,bowing_cif.y4m,27.17,27.176,0.066182,0.004308,0.0,295
1,0,1,1,0,0,1,0,0,1,1,0,8,5,3,bowing_cif.y4m,44.93,45.002,0.136821,0.004593,0.0,286
1,0,1,0,1,0,0,0,0,0,0,1,1,5,0,bowing_cif.y4m,16.58,16.596,0.073689,0.005124,0.0,34
1,0,1,0,1,0,1,0,0,1,1,1,1,5,3,bowing_cif.y4m,18.51,18.478,0.060581,0.004611,0.0,240
1,0,1,0,0,1,1,0,0,0,0,1,4,15,3,bowing_cif.y4m,38.08,38.072,0.085264,0.004607,0.0,18
1,0,1,0,1,0,0,0,0,0,1,0,8,0,6,bowing_cif.y4m,16.64,16.62,0.051478,0.005113,0.0,102
1,1,1,1,0,0,1,0,1,0,1,0,4,0,0,bowing_cif.y4m,56.29,56.346,0.134648,0.004394,0.0,51
1,1,1,1,0,0,1,1,0,0,0,1,4,15,6,bowing_cif.y4m,60.45,60.428,0.12518,0.004252,0.0,282
1,0,1,0,1,0,1,0,0,1,1,1,1,0,3,bowing_cif.y4m,18.43,18.442,0.030332,0.004611,0.0,77
1,0,1,1,0,0,1,0,0,0,1,0,2,0,3,bowing_cif.y4m,44.3,44.294,0.148593,0.004593,0.0,128
1,1,1,0,1,0,1,1,0,0,0,0,2,5,3,bowing_cif.y4m,27.36,27.344,0.083546,0.004322,0.0,234
1,0,1,1,0,0,0,0,0,0,1,1,1,0,0,bowing_cif.y4m,40.97,41.048,0.156429,0.005155,0.0,252
1,0,1,1,0,0,1,0,0,0,0,1,4,0,3,bowing_cif.y4m,44.83,44.79,0.099247,0.004635,0.0,28
1,0,1,0,0,1,1,0,0,1,1,1,8,15,3,bowing_cif.y4m,38.27,38.314,0.149766,0.004605,0.0,139
1,0,1,0,0,1,0,0,0,0,0,1,1,5,0,bowing_cif.y4m,34.96,34.996,0.082644,0.005561,0.0,158
1,1,1,0,1,0,1,1,0,1,0,1,8,5,3,bowing_cif.y4m,26.82,26.836,0.07733,0.004288,0.0,152
1,0,1,1,0,0,1,0,0,1,0,0,2,0,6,bowing_cif.y4m,45.15,45.168,0.069065,0.004593,0.0,12
1,1,1,0,1,0,0,1,0,0,0,1,4,15,3,bowing_cif.y4m,28.84,28.84,0.095394,0.004653,0.0,294
1,1,1,0,1,0,0,1,0,0,0,1,8,15,3,bowing_cif.y4m,28.88,28.856,0.083845,0.004653,0.0,154
1,1,1,1,0,0,0,1,0,1,0,0,2,15,6,bowing_cif.y4m,60.55,60.56,0.063246,0.00462,0.0,157
1,0,1,1,0,0,1,0,0,1,1,1,2,0,3,bowing_cif.y4m,45.09,45.034,0.163493,0.004593,0.0,150
1,1,1,0,1,0,1,1,0,0,1,0,8,0,6,bowing_cif.y4m,27.34,27.304,0.069498,0.004383,0.0,287
1,0,1,0,1,0,0,0,0,1,1,0,1,0,3,bowing_cif.y4m,16.65,16.628,0.054955,0.005113,0.0,297
1,0,1,0,0,1,0,0,0,1,1,0,8,15,0,bowing_cif.y4m,34.99,35.024,0.124218,0.005532,0.0,263
1,1,1,0,1,0,0,1,0,1,1,1,1,5,3,bowing_cif.y4m,29.18,29.206,0.096333,0.004684,0.0,255
1,0,1,1,0,0,0,0,0,1,1,0,8,15,3,bowing_cif.y4m,41.28,41.144,0.189552,0.005126,0.0,115
1,0,1,0,0,1,1,0,0,1,0,1,4,15,3,bowing_cif.y4m,37.24,37.262,0.10895,0.004607,0.0,188
1,0,1,0,0,1,1,0,0,0,0,1,8,0,6,bowing_cif.y4m,38.07,38.034,0.112827,0.004607,0.0,212
1,0,1,1,0,0,1,0,0,0,0,1,1,15,3,bowing_cif.y4m,44.91,44.848,0.12498,0.004635,0.0,195
1,0,1,0,1,0,0,0,0,0,1,1,2,15,0,bowing_cif.y4m,16.64,16.6,0.06442,0.005113,0.0,119
1,0,1,1,0,0,0,0,0,1,0,1,4,15,0,bowing_cif.y4m,40.89,40.922,0.152872,0.005155,0.0,58
1,0,1,0,1,0,1,0,0,1,0,1,4,0,6,bowing_cif.y4m,18.08,18.12,0.064807,0.004611,0.0,277
1,0,1,0,1,0,1,0,0,0,1,1,4,5,6,bowing_cif.y4m,18.29,18.26,0.055227,0.004641,0.0,64
1,1,1,0,1,0,1,1,0,1,0,0,2,0,0,bowing_cif.y4m,27.31,27.26,0.126491,0.004383,0.0,285
1,1,1,0,1,0,1,1,0,1,0,0,4,0,0,bowing_cif.y4m,27.65,27.658,0.047645,0.004383,0.0,290
1,0,1,1,0,0,0,0,0,1,0,1,8,5,6,bowing_cif.y4m,40.84,40.89,0.128841,0.005155,0.0,196
1,1,1,1,0,0,1,0,1,1,1,1,1,0,0,bowing_cif.y4m,56.6,56.634,0.246637,0.00442,0.0,93
1,0,1,1,0,0,1,0,0,0,1,1,4,5,6,bowing_cif.y4m,44.2,44.194,0.153721,0.004593,0.0,299
1,0,1,1,0,0,0,0,0,1,0,0,2,5,0,bowing_cif.y4m,40.38,40.41,0.142829,0.005126,0.0,125
1,1,1,0,1,0,0,1,0,1,0,1,2,15,6,bowing_cif.y4m,27.37,27.376,0.058138,0.004637,0.0,21
1,0,1,0,1,0,0,0,0,1,0,1,2,0,0,bowing_cif.y4m,16.6,16.598,0.020494,0.005124,0.0,225
1,0,1,0,1,0,0,0,0,1,0,0,2,5,0,bridge_close_cif.y4m,14.17,14.176,0.027019,0.000887,0.0,114
1,1,1,1,0,0,0,0,1,0,0,1,1,0,0,bridge_close_cif.y4m,44.93,45.094,0.369635,0.000704,0.0,281
1,1,1,1,0,0,0,1,0,1,1,0,2,5,0,bridge_close_cif.y4m,63.79,63.894,0.249259,0.000703,0.0,49
1,0,1,0,0,1,1,0,0,0,0,0,2,15,6,bridge_close_cif.y4m,37.79,37.826,0.114586,0.000818,0.0,194
1,0,1,1,0,0,0,0,0,0,0,0,2,0,6,bridge_close_cif.y4m,41.0,41.036,0.064265,0.000882,0.0,62
1,1,1,0,1,0,0,1,0,1,1,1,1,15,3,bridge_close_cif.y4m,27.77,28.052,0.420202,0.000704,0.0,91
1,0,1,0,0,1,1,0,0,0,0,0,4,0,6,bridge_close_cif.y4m,37.17,37.182,0.089833,0.000818,0.0,107
1,0,1,1,0,0,1,0,0,0,0,1,4,5,3,bridge_close_cif.y4m,39.6,39.646,0.091542,0.000819,0.0,181
1,0,1,0,1,0,1,0,0,0,0,0,4,5,0,bridge_close_cif.y4m,17.22,17.214,0.092628,0.000819,0.0,247
1,0,1,1,0,0,0,0,0,1,1,0,4,5,3,bridge_close_cif.y4m,38.42,38.504,0.398786,0.000882,0.0,166
1,0,1,0,0,1,0,0,0,0,1,1,4,0,0,bridge_close_cif.y4m,34.57,35.006,0.921971,0.000902,0.0,25
1,1,1,0,1,0,0,1,0,0,0,1,8,0,6,bridge_close_cif.y4m,25.21,24.976,0.409365,0.000703,0.0,203
1,1,1,1,0,0,1,1,0,1,1,1,4,5,6,bridge_close_cif.y4m,70.62,70.698,0.158808,0.000683,0.0,219
1,0,1,0,0,1,0,0,0,0,0,0,4,15,0,bridge_close_cif.y4m,34.48,34.646,0.453244,0.000902,0.0,162
1,0,1,1,0,0,1,0,0,0,1,0,4,15,6,bridge_close_cif.y4m,40.5,40.478,0.086718,0.000818,0.0,182
1,0,1,0,0,1,0,0,0,1,1,0,1,15,6,bridge_close_cif.y4m,34.62,34.612,0.079812,0.000902,0.0,10
1,1,1,1,0,0,1,1,0,1,1,1,2,15,0,bridge_close_cif.y4m,66.12,66.56,0.716101,0.000769,0.0,14
1,1,1,1,0,0,0,1,0,0,0,1,1,0,6,bridge_close_cif.y4m,69.27,69.196,0.131833,0.000703,0.0,89
1,1,1,1,0,0,0,1,0,1,1,1,1,5,0,bridge_close_cif.y4m,64.14,64.48,0.879289,0.000703,0.0,116
1,0,1,1,0,0,0,0,0,0,1,1,4,15,3,bridge_close_cif.y4m,38.41,38.472,0.206446,0.000882,0.0,217
1,1,1,0,1,0,0,1,0,0,1,0,1,0,0,bridge_close_cif.y4m,24.78,24.738,0.211825,0.000703,0.0,75
1,1,1,0,1,0,0,1,0,1,1,1,2,15,6,bridge_close_cif.y4m,27.33,27.32,0.034641,0.000703,0.0,266
1,0,1,1,0,0,1,0,0,0,1,1,4,15,3,bridge_close_cif.y4m,40.48,40.424,0.102859,0.000818,0.0,268
1,0,1,0,1,0,1,0,0,1,1,1,4,15,3,bridge_close_cif.y4m,16.53,16.524,0.024083,0.000819,0.0,187
1,0,1,0,0,1,1,0,0,0,1,0,8,15,3,bridge_close_cif.y4m,37.88,37.822,0.179499,0.000818,0.0,161
1,0,1,0,1,0,1,0,0,0,1,0,2,0,6,bridge_close_cif.y4m,16.62,16.766,0.234051,0.000819,0.0,23
1,1,1,1,0,0,0,1,0,1,1,0,2,5,6,bridge_close_cif.y4m,67.53,67.512,0.218678,0.000705,0.0,2
1,1,1,1,0,0,1,0,1,1,0,1,2,0,0,bridge_close_cif.y4m,46.65,46.736,0.174728,0.000785,0.0,16
1,0,1,1,0,0,0,0,0,1,1,1,8,15,0,bridge_close_cif.y4m,38.36,38.372,0.11606,0.000882,0.0,262
1,1,1,1,0,0,0,1,0,1,1,0,4,5,0,bridge_close_cif.y4m,63.61,64.124,0.755566,0.000703,0.0,66
1,0,1,1,0,0,0,0,0,1,0,0,2,0,0,bridge_close_cif.y4m,39.27,38.902,0.624636,0.000882,0.0,86
1,0,1,0,1,0,1,0,0,0,1,0,2,5,6,bridge_close_cif.y4m,16.51,16.544,0.085907,0.000819,0.0,231
1,0,1,0,1,0,0,0,0,0,0,0,4,5,0,bridge_close_cif.y4m,14.1,14.124,0.052726,0.000887,0.0,269
1,1,1,0,1,0,1,1,0,0,1,0,1,5,0,bridge_close_cif.y4m,26.5,26.494,0.024083,0.000769,0.0,180
1,0,1,0,0,1,0,0,0,0,1,0,4,5,6,bridge_close_cif.y4m,34.5,34.712,0.527987,0.000902,0.0,274
1,1,1,1,0,0,0,1,0,1,1,0,2,15,6,bridge_close_cif.y4m,72.41,72.008,0.945183,0.000704,0.0,184
1,0,1,0,0,1,1,0,0,0,0,1,4,5,0,bridge_close_cif.y4m,37.52,38.368,1.334642,0.000818,0.0,118
1,1,1,1,0,0,0,1,0,0,0,0,1,0,6,bridge_close_cif.y4m,63.96,64.494,0.772839,0.000703,0.0,254
1,0,1,1,0,0,1,0,0,0,1,1,4,5,0,bridge_close_cif.y4m,40.49,40.448,0.088431,0.000818,0.0,208
1,0,1,0,0,1,1,0,0,1,1,0,4,5,6,bridge_close_cif.y4m,37.11,37.134,0.116748,0.000818,0.0,279
1,1,1,1,0,0,0,1,0,0,1,1,4,15,3,bridge_close_cif.y4m,70.26,70.702,1.022018,0.000705,0.0,229
1,0,1,0,0,1,1,0,0,1,1,1,1,0,0,bridge_close_cif.y4m,37.13,37.348,0.338851,0.000818,0.0,46
1,0,1,0,0,1,0,0,0,1,1,1,4,5,6,bridge_close_cif.y4m,34.59,34.564,0.055946,0.000902,0.0,171
1,1,1,1,0,0,0,1,0,0,1,0,2,5,0,bridge_close_cif.y4m,66.12,65.67,1.247798,0.000703,0.0,99
1,0,1,0,0,1,0,0,0,0,0,0,8,0,0,bridge_close_cif.y4m,34.57,34.944,0.914975,0.000902,0.0,81
1,1,1,1,0,0,1,1,0,1,0,1,8,5,0,bridge_close_cif.y4m,64.75,64.826,0.166373,0.00077,0.0,155
1,0,1,0,1,0,0,0,0,1,0,1,1,15,6,bridge_close_cif.y4m,13.85,13.842,0.040249,0.000887,0.0,96
1,1,1,1,0,0,0,1,0,1,1,1,8,0,0,bridge_close_cif.y4m,63.67,64.342,0.958108,0.000703,0.0,218
1,1,1,1,0,0,1,1,0,1,1,0,8,0,6,bridge_close_cif.y4m,66.5,66.512,0.103779,0.000776,0.0,53
1,1,1,0,1,0,1,0,1,0,0,0,2,0,0,bridge_close_cif.y4m,18.59,18.57,0.06364,0.000784,0.0,109
1,0,1,0,1,0,0,0,0,0,1,0,4,5,6,bridge_close_cif.y4m,13.85,13.846,0.011402,0.000887,0.0,185
1,1,1,1,0,0,0,1,0,0,1,1,2,0,0,bridge_close_cif.y4m,68.16,68.106,0.115022,0.000703,0.0,239
1,0,1,1,0,0,0,0,0,0,0,1,2,0,0,bridge_close_cif.y4m,38.74,38.78,0.133041,0.000885,0.0,276
1,0,1,1,0,0,1,0,0,0,0,1,4,0,6,bridge_close_cif.y4m,39.82,40.144,0.657898,0.000819,0.0,257
1,0,1,0,0,1,0,0,0,1,1,0,1,5,0,bridge_close_cif.y4m,34.6,34.554,0.093167,0.000902,0.0,42
1,1,1,0,1,0,1,1,0,0,0,0,2,15,3,bridge_close_cif.y4m,28.08,28.076,0.041593,0.000679,0.0,204
1,0,1,1,0,0,1,0,0,1,0,1,2,15,6,bridge_close_cif.y4m,40.56,40.562,0.07328,0.000819,0.0,145
1,0,1,0,1,0,0,0,0,0,0,0,2,0,3,bridge_close_cif.y4m,14.11,14.112,0.027749,0.000887,0.0,246
1,1,1,1,0,0,0,1,0,0,1,1,8,0,0,bridge_close_cif.y4m,64.8,65.33,1.958928,0.000703,0.0,202
1,1,1,0,1,0,0,1,0,1,0,0,2,5,3,bridge_close_cif.y4m,27.36,27.372,0.038341,0.000705,0.0,70
1,0,1,0,1,0,0,0,0,0,1,0,1,5,3,bridge_close_cif.y4m,14.26,14.182,0.18061,0.000887,0.0,230
1,0,1,0,1,0,1,0,0,0,0,0,4,15,6,bridge_close_cif.y4m,16.73,17.104,0.633664,0.000819,0.0,267
1,1,1,1,0,0,1,1,0,0,0,1,8,5,3,bridge_close_cif.y4m,68.4,68.406,0.106207,0.000691,0.0,146
1,0,1,0,1,0,1,0,0,0,0,1,2,15,0,bridge_close_cif.y4m,16.19,16.202,0.023875,0.000819,0.0,27
1,0,1,0,1,0,1,0,0,0,1,1,8,0,3,bridge_close_cif.y4m,16.52,16.538,0.036332,0.000819,0.0,137
1,1,1,1,0,0,0,1,0,0,1,1,2,15,0,bridge_close_cif.y4m,65.29,64.772,1.029913,0.000703,0.0,189
1,1,1,0,1,0,1,1,0,1,0,0,4,15,0,bridge_close_cif.y4m,26.03,26.02,0.055678,0.000769,0.0,132
1,1,1,1,0,0,0,0,1,1,0,1,8,0,0,bridge_close_cif.y4m,42.87,42.644,0.582091,0.000704,0.0,169
1,0,1,0,0,1,0,0,0,0,0,0,1,5,6,bridge_close_cif.y4m,34.44,34.44,0.050498,0.000902,0.0,33
1,0,1,1,0,0,0,0,0,0,1,1,8,15,0,bridge_close_cif.y4m,39.12,38.946,0.364596,0.000882,0.0,205
1,0,1,1,0,0,0,0,0,1,0,1,2,0,0,bridge_close_cif.y4m,38.2,38.304,0.27898,0.000885,0.0,245
1,1,1,0,1,0,1,1,0,0,1,1,1,15,0,bridge_close_cif.y4m,26.42,26.308,0.30532,0.000776,0.0,298
1,0,1,1,0,0,1,0,0,1,1,0,2,5,6,bridge_close_cif.y4m,40.33,40.578,0.585807,0.000818,0.0,163
1,1,1,1,0,0,0,1,0,0,0,0,1,5,0,bridge_close_cif.y4m,68.05,68.072,0.17782,0.000703,0.0,123
1,0,1,0,0,1,1,0,0,1,0,0,4,15,0,bridge_close_cif.y4m,37.46,37.606,0.528848,0.000818,0.0,4
1,0,1,0,0,1,1,0,0,1,1,0,8,5,6,bridge_close_cif.y4m,37.29,37.222,0.113886,0.000818,0.0,141
1,1,1,0,1,0,0,1,0,1,0,0,8,5,6,bridge_close_cif.y4m,26.17,26.18,0.117047,0.000704,0.0,129
1,1,1,0,1,0,1,1,0,1,1,0,4,5,3,bridge_close_cif.y4m,27.19,27.36,0.371954,0.000692,0.0,159
1,0,1,0,0,1,1,0,0,1,0,0,1,0,0,bridge_close_cif.y4m,37.18,37.21,0.152151,0.000818,0.0,22
1,0,1,0,0,1,0,0,0,1,0,1,2,0,6,bridge_close_cif.y4m,35.22,34.98,0.436864,0.0009,0.0,175
1,1,1,1,0,0,0,1,0,1,1,1,8,5,6,bridge_close_cif.y4m,67.42,69.4,2.8411,0.000705,0.0,151
1,1,1,0,1,0,0,1,0,0,1,0,2,5,0,bridge_close_cif.y4m,25.03,25.02,0.228801,0.000703,0.0,52
1,0,1,0,0,1,0,0,0,0,0,1,4,0,3,bridge_close_cif.y4m,36.94,37.03,0.21783,0.0009,0.0,108
1,0,1,0,1,0,1,0,0,0,0,1,8,15,0,bridge_close_cif.y4m,16.28,16.298,0.087006,0.000819,0.0,72
1,0,1,1,0,0,1,0,0,1,1,0,8,0,6,bridge_close_cif.y4m,40.42,40.4,0.12083,0.000818,0.0,248
1,1,1,1,0,0,1,1,0,1,1,0,8,5,6,bridge_close_cif.y4m,72.45,72.27,0.668019,0.000683,0.0,174
1,0,1,1,0,0,1,0,0,1,1,1,8,0,3,bridge_close_cif.y4m,41.52,41.594,0.778383,0.000818,0.0,130
1,1,1,0,1,0,1,1,0,1,1,1,8,15,0,bridge_close_cif.y4m,26.08,26.198,0.344413,0.000769,0.0,168
1,0,1,0,0,1,1,0,0,1,0,1,8,0,6,bridge_close_cif.y4m,38.87,38.726,0.394626,0.000818,0.0,198
1,0,1,0,0,1,1,0,0,1,1,0,1,0,3,bridge_close_cif.y4m,37.92,37.854,0.10139,0.000818,0.0,83
1,1,1,1,0,0,1,1,0,0,1,0,1,0,3,bridge_close_cif.y4m,66.45,66.616,0.386303,0.000776,0.0,291
1,0,1,0,1,0,0,0,0,1,1,0,1,0,6,bridge_close_cif.y4m,13.92,13.926,0.060663,0.000887,0.0,237
1,0,1,0,0,1,0,0,0,1,1,1,2,15,3,bridge_close_cif.y4m,37.08,37.118,0.151394,0.000902,0.0,90
1,1,1,1,0,0,1,1,0,0,0,1,1,15,0,bridge_close_cif.y4m,65.93,65.694,0.747282,0.00077,0.0,87
1,0,1,1,0,0,1,0,0,1,0,0,1,5,0,bridge_close_cif.y4m,40.41,40.416,0.09685,0.000818,0.0,74
1,0,1,0,0,1,0,0,0,1,0,0,2,0,3,bridge_close_cif.y4m,36.98,37.052,0.168879,0.000902,0.0,201
1,0,1,0,1,0,0,0,0,1,0,1,1,0,0,bridge_close_cif.y4m,13.86,14.0,0.225389,0.000887,0.0,183
1,0,1,1,0,0,0,0,0,0,0,0,4,0,6,bridge_close_cif.y4m,38.31,38.318,0.056303,0.000882,0.0,227
1,1,1,0,1,0,1,1,0,0,0,0,1,15,6,bridge_close_cif.y4m,27.8,27.8,0.036742,0.000659,0.0,222
1,0,1,0,0,1,0,0,0,0,1,0,8,0,6,bridge_close_cif.y4m,34.68,34.91,0.406694,0.000902,0.0,55
1,0,1,1,0,0,0,0,0,0,1,1,2,5,0,bridge_close_cif.y4m,38.36,38.416,0.192951,0.000882,0.0,142
1,0,1,1,0,0,1,0,0,1,0,1,1,5,6,bridge_close_cif.y4m,39.58,39.608,0.115412,0.000819,0.0,124
1,0,1,1,0,0,1,0,0,0,0,0,8,0,0,bridge_close_cif.y4m,41.22,40.92,0.605103,0.000818,0.0,95
1,0,1,1,0,0,1,0,0,1,0,0,2,15,0,bridge_close_cif.y4m,40.87,40.726,0.330197,0.000818,0.0,241
1,0,1,0,1,0,0,0,0,0,1,1,1,5,3,bridge_close_cif.y4m,14.06,14.074,0.030496,0.000887,0.0,289
1,0,1,1,0,0,1,0,0,1,1,0,1,5,0,bridge_close_cif.y4m,40.66,40.696,0.260634,0.000818,0.0,278
1,1,1,0,1,0,0,1,0,1,1,0,1,0,6,bridge_close_cif.y4m,24.73,24.612,0.247831,0.000703,0.0,176
1,0,1,0,0,1,1,0,0,0,1,0,8,5,0,bridge_close_cif.y4m,37.08,37.252,0.402393,0.000818,0.0,122
1,0,1,0,0,1,0,0,0,0,1,0,4,0,6,bridge_close_cif.y4m,35.2,35.178,0.114324,0.000902,0.0,30
1,1,1,0,1,0,0,1,0,0,0,0,2,0,6,bridge_close_cif.y4m,24.47,24.462,0.10616,0.000703,0.0,251
1,0,1,1,0,0,0,0,0,0,0,1,1,0,0,bridge_close_cif.y4m,38.21,38.164,0.097108,0.000885,0.0,120
1,0,1,1,0,0,0,0,0,0,0,1,2,15,6,bridge_close_cif.y4m,38.14,38.566,0.695471,0.000885,0.0,144
1,0,1,0,1,0,1,0,0,0,0,0,1,0,3,bridge_close_cif.y4m,17.2,17.004,0.430267,0.000819,0.0,265
1,1,1,0,1,0,0,1,0,0,1,0,2,0,6,bridge_close_cif.y4m,24.41,24.444,0.127593,0.000703,0.0,260
1,1,1,0,1,0,0,1,0,0,0,1,1,0,3,bridge_close_cif.y4m,26.31,26.324,0.057271,0.000703,0.0,78
1,0,1,0,1,0,0,0,0,0,1,1,8,15,3,bridge_close_cif.y4m,13.9,13.896,0.018166,0.000887,0.0,84
1,0,1,1,0,0,1,0,0,1,0,0,4,15,3,bridge_close_cif.y4m,43.4,43.56,0.413824,0.000818,0.0,296
1,0,1,0,0,1,0,0,0,0,0,1,2,5,6,bridge_close_cif.y4m,34.53,34.602,0.16208,0.0009,0.0,232
1,0,1,0,0,1,1,0,0,0,1,0,4,15,6,bridge_close_cif.y4m,37.07,37.454,0.576741,0.000818,0.0,213
1,1,1,0,1,0,0,1,0,0,1,1,8,15,3,bridge_close_cif.y4m,28.11,28.098,0.057184,0.000704,0.0,94
1,0,1,0,1,0,0,0,0,0,1,1,1,5,0,bridge_close_cif.y4m,13.89,13.996,0.240894,0.000887,0.0,178
1,0,1,1,0,0,1,0,0,1,0,0,4,0,0,bridge_close_cif.y4m,40.41,40.44,0.080312,0.000818,0.0,127
1,1,1,0,1,0,1,1,0,0,1,0,8,5,6,bridge_close_cif.y4m,26.88,26.968,0.173983,0.000682,0.0,111
1,0,1,0,1,0,0,0,0,0,0,1,1,0,6,bridge_close_cif.y4m,13.81,13.814,0.040373,0.000887,0.0,92
1,1,1,1,0,0,0,1,0,0,1,0,8,15,6,bridge_close_cif.y4m,70.42,71.42,2.355663,0.000704,0.0,54
1,0,1,0,0,1,0,0,0,0,0,1,2,15,0,bridge_close_cif.y4m,35.41,35.142,0.66251,0.0009,0.0,45
1,0,1,1,0,0,0,0,0,1,0,0,4,0,6,bridge_close_cif.y4m,39.26,39.248,0.192666,0.000882,0.0,226
1,1,1,1,0,0,1,1,0,1,0,0,8,5,0,bridge_close_cif.y4m,66.24,66.594,0.739581,0.000769,0.0,200
1,0,1,0,0,1,1,0,0,1,0,1,8,5,6,bridge_close_cif.y4m,37.49,37.404,0.238914,0.000818,0.0,59
1,1,1,0,1,0,1,0,1,0,0,1,2,0,0,bridge_close_cif.y4m,17.36,17.364,0.055946,0.000779,0.0,19
1,1,1,1,0,0,0,1,0,1,0,0,2,15,0,bridge_close_cif.y4m,64.61,64.69,0.150333,0.000703,0.0,47
1,1,1,0,1,0,1,1,0,0,0,1,4,5,6,bridge_close_cif.y4m,26.63,26.624,0.076354,0.000677,0.0,32
1,1,1,0,1,0,0,1,0,1,0,0,1,5,6,bridge_close_cif.y4m,26.09,26.378,0.586148,0.000704,0.0,170
1,0,1,0,0,1,0,0,0,1,1,0,1,15,0,bridge_close_cif.y4m,35.25,35.066,0.394753,0.000902,0.0,270
1,0,1,1,0,0,1,0,0,1,0,1,4,15,6,bridge_close_cif.y4m,39.67,39.656,0.076681,0.000819,0.0,207
1,1,1,0,1,0,0,1,0,1,1,1,1,5,6,bridge_close_cif.y4m,26.43,26.8,0.875129,0.000705,0.0,43
1,0,1,0,1,0,1,0,0,0,1,1,1,0,3,bridge_close_cif.y4m,16.34,16.338,0.046583,0.000819,0.0,40
1,1,1,0,1,0,0,1,0,0,1,1,1,5,3,bridge_close_cif.y4m,26.38,26.282,0.273715,0.000704,0.0,117
1,0,1,0,0,1,0,0,0,0,1,0,8,15,6,bridge_close_cif.y4m,34.71,35.64,1.35283,0.000902,0.0,253
1,0,1,1,0,0,0,0,0,1,0,0,1,15,3,bridge_close_cif.y4m,38.47,38.806,0.701805,0.000882,0.0,68
1,1,1,1,0,0,0,1,0,1,1,1,1,15,6,bridge_close_cif.y4m,68.71,68.742,0.087006,0.000705,0.0,186
1,1,1,0,1,0,1,1,0,0,0,1,8,15,3,bridge_close_cif.y4m,28.64,28.464,0.382662,0.000676,0.0,288
1,1,1,0,1,0,0,1,0,0,0,0,2,0,0,bridge_close_cif.y4m,24.45,24.454,0.026077,0.000703,0.0,15
1,0,1,1,0,0,0,0,0,0,1,1,2,15,3,bridge_close_cif.y4m,38.33,38.398,0.113886,0.000882,0.0,82
1,1,1,1,0,0,0,1,0,0,0,0,4,15,6,bridge_close_cif.y4m,75.26,75.32,0.115109,0.000704,0.0,211
1,0,1,0,1,0,1,0,0,1,1,1,8,15,6,bridge_close_cif.y4m,16.56,16.65,0.247184,0.000819,0.0,177
1,1,1,0,1,0,0,1,0,1,1,1,2,5,3,bridge_close_cif.y4m,26.8,27.086,0.639984,0.000705,0.0,210
1,0,1,1,0,0,0,0,0,1,1,1,2,0,3,bridge_close_cif.y4m,38.34,38.33,0.092736,0.000882,0.0,13
1,0,1,0,1,0,1,0,0,0,0,1,2,15,3,bridge_close_cif.y4m,16.34,16.75,0.641444,0.000819,0.0,228
1,0,1,0,1,0,1,0,0,1,1,0,4,5,3,bridge_close_cif.y4m,16.59,16.584,0.0251,0.000819,0.0,38
1,1,1,1,0,0,0,1,0,0,0,1,4,15,6,bridge_close_cif.y4m,73.72,73.732,0.072595,0.000705,0.0,29
1,1,1,1,0,0,1,0,1,1,0,0,8,0,0,bridge_close_cif.y4m,46.12,46.13,0.197104,0.000785,0.0,24
1,1,1,1,0,0,0,1,0,0,0,0,8,5,6,bridge_close_cif.y4m,67.56,67.56,0.226936,0.000705,0.0,293
1,1,1,1,0,0,0,1,0,0,1,0,2,5,6,bridge_close_cif.y4m,67.34,67.36,0.129422,0.000705,0.0,67
1,1,1,0,1,0,0,1,0,1,0,1,2,5,0,bridge_close_cif.y4m,24.75,24.766,0.056833,0.000703,0.0,199
1,0,1,0,0,1,1,0,0,1,1,0,8,15,3,bridge_close_cif.y4m,40.24,40.138,0.24611,0.000818,0.0,244
1,0,1,0,0,1,1,0,0,0,0,0,8,15,0,bridge_close_cif.y4m,38.03,37.898,0.684741,0.000818,0.0,80
1,1,1,1,0,0,1,1,0,1,1,1,2,0,3,bridge_close_cif.y4m,66.62,66.632,0.184038,0.000776,0.0,223
1,1,1,0,1,0,1,1,0,0,1,0,8,5,0,bridge_close_cif.y4m,26.08,26.072,0.060581,0.000769,0.0,121
1,0,1,1,0,0,1,0,0,0,0,0,8,5,3,bridge_close_cif.y4m,43.19,43.29,0.172192,0.000818,0.0,261
1,0,1,1,0,0,1,0,0,1,1,0,1,5,6,bridge_close_cif.y4m,40.34,40.332,0.037683,0.000818,0.0,156
1,1,1,1,0,0,0,1,0,0,1,0,4,15,3,bridge_close_cif.y4m,75.41,75.414,0.114149,0.000705,0.0,271
1,1,1,1,0,0,1,1,0,1,0,0,2,15,3,bridge_close_cif.y4m,71.95,72.164,0.349971,0.000684,0.0,9
1,1,1,1,0,0,1,1,0,1,0,1,1,0,0,bridge_close_cif.y4m,68.61,68.626,0.141174,0.000771,0.0,165
1,0,1,0,0,1,1,0,0,1,0,0,1,15,6,bridge_close_cif.y4m,37.24,37.508,0.477881,0.000818,0.0,126
1,0,1,1,0,0,1,0,0,1,1,1,8,5,0,bridge_close_cif.y4m,40.5,40.458,0.123167,0.000818,0.0,280
1,0,1,1,0,0,0,0,0,1,1,0,2,5,3,bridge_close_cif.y4m,38.33,38.376,0.089331,0.000882,0.0,172
1,0,1,0,1,0,1,0,0,0,0,0,1,15,6,bridge_close_cif.y4m,16.51,16.53,0.046904,0.000819,0.0,292
1,0,1,0,0,1,0,0,0,1,0,1,1,0,3,bridge_close_cif.y4m,34.38,34.364,0.052249,0.0009,0.0,179
1,0,1,0,0,1,1,0,0,1,0,1,2,0,3,bridge_close_cif.y4m,37.2,37.208,0.222306,0.000818,0.0,272
1,0,1,0,0,1,1,0,0,0,1,0,4,5,0,bridge_close_cif.y4m,37.08,37.098,0.134796,0.000818,0.0,105
1,0,1,0,1,0,0,0,0,0,0,0,1,0,3,bridge_close_cif.y4m,13.93,14.146,0.360874,0.000887,0.0,76
1,0,1,1,0,0,1,0,0,0,1,0,4,15,3,bridge_close_cif.y4m,43.38,43.344,0.11371,0.000818,0.0,197
1,1,1,1,0,0,1,1,0,0,1,0,1,15,0,bridge_close_cif.y4m,66.13,66.722,1.552343,0.000769,0.0,221
1,1,1,1,0,0,1,1,0,0,1,0,8,15,6,bridge_close_cif.y4m,77.03,77.434,0.706314,0.000661,0.0,167
1,1,1,0,1,0,0,1,0,1,0,1,4,15,6,bridge_close_cif.y4m,27.79,28.02,0.422729,0.000704,0.0,136
1,1,1,1,0,0,0,1,0,1,0,1,8,15,6,bridge_close_cif.y4m,68.65,69.012,0.913439,0.000705,0.0,243
1,0,1,0,1,0,0,0,0,1,0,1,8,15,6,bridge_close_cif.y4m,14.84,14.848,0.040866,0.000887,0.0,60
1,0,1,1,0,0,0,0,0,1,0,1,2,0,6,bridge_close_cif.y4m,38.58,38.458,0.24407,0.000885,0.0,110
1,1,1,1,0,0,1,1,0,1,0,0,1,15,6,bridge_close_cif.y4m,71.93,71.822,0.162696,0.000661,0.0,35
1,0,1,1,0,0,1,0,0,0,1,1,2,5,6,bridge_close_cif.y4m,40.53,40.992,1.173699,0.000818,0.0,235
1,0,1,1,0,0,0,0,0,1,0,0,1,0,3,bridge_close_cif.y4m,41.05,41.094,0.192042,0.000882,0.0,44
1,1,1,0,1,0,1,1,0,0,1,0,4,15,3,bridge_close_cif.y4m,28.79,28.66,0.366401,0.000679,0.0,256
1,0,1,0,0,1,0,0,0,0,1,1,8,0,0,bridge_close_cif.y4m,35.25,35.17,0.300915,0.000902,0.0,192
1,0,1,0,1,0,0,0,0,0,1,1,2,0,0,bridge_close_cif.y4m,13.86,13.908,0.084971,0.000887,0.0,41
1,0,1,1,0,0,0,0,0,0,1,0,4,5,0,bridge_close_cif.y4m,38.21,38.52,0.600292,0.000882,0.0,37
1,0,1,0,0,1,0,0,0,0,0,0,4,5,0,bridge_close_cif.y4m,34.48,34.502,0.062209,0.000902,0.0,26
1,1,1,1,0,0,0,1,0,0,0,0,1,0,3,bridge_close_cif.y4m,63.75,63.714,0.180914,0.000703,0.0,273
1,1,1,1,0,0,1,1,0,0,0,1,1,5,6,bridge_close_cif.y4m,69.8,69.77,0.125698,0.000681,0.0,233
1,1,1,0,1,0,1,1,0,0,1,1,8,0,0,bridge_close_cif.y4m,26.09,26.08,0.048477,0.000772,0.0,101
1,0,1,1,0,0,0,0,0,0,0,1,2,5,3,bridge_close_cif.y4m,38.33,38.272,0.131605,0.000885,0.0,39
1,1,1,0,1,0,0,1,0,0,0,1,1,15,0,bridge_close_cif.y4m,24.82,25.044,0.400412,0.000703,0.0,106
1,1,1,0,1,0,0,0,1,1,0,0,1,0,0,bridge_close_cif.y4m,16.29,16.268,0.039623,0.000703,0.0,242
1,1,1,1,0,0,1,1,0,0,1,0,2,15,0,bridge_close_cif.y4m,66.17,66.152,0.089554,0.000769,0.0,193
1,0,1,0,1,0,1,0,0,0,1,0,1,15,6,bridge_close_cif.y4m,16.6,16.632,0.11606,0.000819,0.0,103
1,1,1,0,1,0,0,1,0,1,1,1,8,5,6,bridge_close_cif.y4m,26.13,26.146,0.032863,0.000704,0.0,1
1,0,1,1,0,0,0,0,0,1,1,1,1,0,0,bridge_close_cif.y4m,39.24,38.886,0.735037,0.000885,0.0,61
1,1,1,1,0,0,0,0,1,0,0,0,2,0,0,bridge_close_cif.y4m,42.33,42.308,0.071204,0.000703,0.0,56
1,1,1,0,1,0,0,1,0,0,1,0,8,15,3,bridge_close_cif.y4m,28.13,28.356,0.596138,0.000704,0.0,148
1,0,1,0,1,0,0,0,0,1,0,1,2,5,0,bridge_close_cif.y4m,13.86,13.846,0.032094,0.000887,0.0,112
1,0,1,0,1,0,1,0,0,0,1,0,8,15,3,bridge_close_cif.y4m,17.02,16.936,0.231689,0.000819,0.0,300
1,0,1,0,1,0,0,0,0,1,1,0,4,15,0,bridge_close_cif.y4m,14.16,14.154,0.032863,0.000887,0.0,249
1,0,1,0,1,0,0,0,0,0,0,1,2,0,0,bridge_close_cif.y4m,14.78,14.794,0.040373,0.000887,0.0,20
1,1,1,1,0,0,1,1,0,1,0,1,1,5,0,bridge_close_cif.y4m,64.49,65.23,1.128561,0.00077,0.0,104
1,1,1,1,0,0,0,1,0,1,1,1,8,15,6,bridge_close_cif.y4m,71.5,71.502,0.061806,0.000704,0.0,131
1,0,1,1,0,0,0,0,0,0,0,0,2,0,3,bridge_close_cif.y4m,38.21,38.458,0.583069,0.000882,0.0,69
1,0,1,0,1,0,1,0,0,0,0,0,2,0,3,bridge_close_cif.y4m,16.89,16.822,0.171814,0.000819,0.0,220
1,1,1,1,0,0,1,1,0,1,1,1,8,15,6,bridge_close_cif.y4m,71.98,71.988,0.197282,0.000661,0.0,11
1,1,1,1,0,0,1,1,0,1,0,0,4,15,6,bridge_close_cif.y4m,71.64,72.072,1.050985,0.000661,0.0,258
1,0,1,0,1,0,1,0,0,0,0,0,2,15,3,bridge_close_cif.y4m,17.75,17.738,0.057184,0.000819,0.0,65
1,0,1,0,0,1,1,0,0,0,0,0,2,15,0,bridge_close_cif.y4m,37.88,37.87,0.133417,0.000818,0.0,160
1,0,1,0,0,1,1,0,0,0,0,0,8,0,0,bridge_close_cif.y4m,38.17,37.806,0.670321,0.000818,0.0,238
1,1,1,1,0,0,0,1,0,0,0,0,4,0,0,bridge_close_cif.y4m,63.65,63.634,0.110589,0.000703,0.0,57
1,1,1,0,1,0,0,1,0,1,0,1,2,0,0,bridge_close_cif.y4m,24.62,24.634,0.11149,0.000703,0.0,79
1,0,1,0,1,0,1,0,0,0,1,0,4,15,3,bridge_close_cif.y4m,16.51,16.514,0.046152,0.000819,0.0,224
1,1,1,0,1,0,0,1,0,1,0,0,2,0,3,bridge_close_cif.y4m,24.38,24.366,0.031305,0.000703,0.0,48
1,0,1,0,1,0,1,0,0,0,0,1,8,0,6,bridge_close_cif.y4m,16.5,16.486,0.051769,0.000819,0.0,173
1,1,1,1,0,0,1,1,0,0,1,1,1,0,0,bridge_close_cif.y4m,64.46,65.162,1.863752,0.000771,0.0,283
1,0,1,0,1,0,0,0,0,0,0,0,1,0,6,bridge_close_cif.y4m,13.88,13.874,0.013416,0.000887,0.0,190
1,0,1,0,1,0,1,0,0,1,1,1,4,0,6,bridge_close_cif.y4m,16.56,16.554,0.037815,0.000819,0.0,259
1,0,1,1,0,0,0,0,0,0,0,1,1,15,3,bridge_close_cif.y4m,38.2,38.962,1.062177,0.000885,0.0,7
1,0,1,0,0,1,0,0,0,0,0,1,2,5,0,bridge_close_cif.y4m,36.89,36.962,0.14856,0.0009,0.0,73
1,1,1,1,0,0,1,1,0,0,0,0,2,0,6,bridge_close_cif.y4m,68.44,67.622,1.14829,0.000776,0.0,63
1,0,1,0,0,1,1,0,0,1,1,0,2,15,3,bridge_close_cif.y4m,38.05,38.032,0.161926,0.000818,0.0,284
1,0,1,1,0,0,1,0,0,1,0,1,8,15,6,bridge_close_cif.y4m,39.63,39.616,0.12973,0.000819,0.0,250
1,1,1,0,1,0,0,1,0,0,0,0,2,5,0,bridge_close_cif.y4m,24.67,24.694,0.050299,0.000703,0.0,209
1,0,1,0,1,0,1,0,0,0,0,1,4,5,3,bridge_close_cif.y4m,16.26,16.274,0.074027,0.000819,0.0,138
1,1,1,1,0,0,0,0,1,1,1,0,1,0,0,bridge_close_cif.y4m,42.37,42.318,0.10849,0.000703,0.0,135
1,1,1,1,0,0,1,1,0,1,1,0,4,5,3,bridge_close_cif.y4m,68.39,68.382,0.082885,0.000691,0.0,264
1,1,1,1,0,0,0,1,0,1,1,0,2,0,6,bridge_close_cif.y4m,65.55,64.83,1.163851,0.000703,0.0,215
1,0,1,0,0,1,0,0,0,0,1,1,4,5,3,bridge_close_cif.y4m,35.12,34.91,0.377425,0.000902,0.0,50
1,0,1,1,0,0,0,0,0,1,1,0,4,0,6,bridge_close_cif.y4m,38.48,39.486,1.568863,0.000882,0.0,98
1,1,1,1,0,0,0,1,0,1,1,0,1,15,0,bridge_close_cif.y4m,68.49,68.444,0.506389,0.000703,0.0,140
1,1,1,1,0,0,0,1,0,0,1,1,1,0,3,bridge_close_cif.y4m,64.77,64.754,0.11149,0.000703,0.0,113
1,0,1,0,1,0,1,0,0,1,1,0,1,0,6,bridge_close_cif.y4m,16.58,16.586,0.061482,0.000819,0.0,3
1,0,1,0,0,1,0,0,0,1,1,1,8,0,0,bridge_close_cif.y4m,35.3,35.082,0.411607,0.000902,0.0,149
1,0,1,1,0,0,0,0,0,0,1,1,8,5,6,bridge_close_cif.y4m,39.39,39.232,0.431184,0.000882,0.0,153
1,1,1,1,0,0,1,1,0,1,1,0,2,15,6,bridge_close_cif.y4m,73.83,73.44,1.003245,0.000661,0.0,133
1,0,1,1,0,0,0,0,0,0,0,0,1,0,3,bridge_close_cif.y4m,38.36,38.356,0.053198,0.000882,0.0,191
1,1,1,0,1,0,0,1,0,1,0,1,1,0,6,bridge_close_cif.y4m,24.58,24.586,0.057271,0.000703,0.0,100
1,0,1,1,0,0,1,0,0,0,1,0,4,0,3,bridge_close_cif.y4m,40.34,40.384,0.132401,0.000818,0.0,85
1,0,1,0,0,1,1,0,0,0,0,0,2,0,3,bridge_close_cif.y4m,37.1,37.346,0.514471,0.000818,0.0,88
1,0,1,0,1,0,1,0,0,1,1,0,4,15,6,bridge_close_cif.y4m,16.53,16.584,0.15225,0.000819,0.0,31
1,0,1,0,0,1,1,0,0,0,0,0,4,5,3,bridge_close_cif.y4m,37.54,38.342,1.391769,0.000818,0.0,134
1,1,1,0,1,0,1,1,0,1,1,1,8,0,3,bridge_close_cif.y4m,25.66,25.76,0.19532,0.000772,0.0,147
1,1,1,1,0,0,0,1,0,0,1,1,4,15,6,bridge_close_cif.y4m,70.73,71.34,1.550758,0.000704,0.0,275
1,0,1,0,0,1,1,0,0,0,1,0,4,15,3,bridge_close_cif.y4m,37.06,37.07,0.108397,0.000818,0.0,143
1,1,1,0,1,0,1,1,0,1,0,0,1,5,6,bridge_close_cif.y4m,28.79,28.784,0.071624,0.000682,0.0,8
1,1,1,1,0,0,1,1,0,0,1,1,4,5,3,bridge_close_cif.y4m,73.06,73.316,0.423828,0.000691,0.0,216
1,0,1,1,0,0,1,0,0,1,0,0,1,0,3,bridge_close_cif.y4m,41.43,41.118,0.605698,0.000818,0.0,214
1,0,1,0,0,1,0,0,0,0,0,0,1,5,0,bridge_close_cif.y4m,35.15,35.066,0.324238,0.000902,0.0,17
1,0,1,0,0,1,1,0,0,0,0,0,1,5,0,bridge_close_cif.y4m,37.89,37.86,0.084558,0.000818,0.0,206
1,0,1,0,1,0,0,0,0,1,1,1,8,15,0,bridge_close_cif.y4m,14.09,14.02,0.148997,0.000887,0.0,36
1,1,1,0,1,0,1,1,0,0,0,0,4,15,3,bridge_close_cif.y4m,30.13,30.144,0.109453,0.000679,0.0,6
1,0,1,1,0,0,1,0,0,0,0,1,1,0,6,bridge_close_cif.y4m,39.64,39.664,0.075033,0.000819,0.0,5
1,0,1,1,0,0,1,0,0,0,0,0,8,15,6,bridge_close_cif.y4m,40.32,40.358,0.110091,0.000818,0.0,164
1,0,1,0,0,1,0,0,0,1,0,0,8,0,6,bridge_close_cif.y4m,34.53,34.54,0.096954,0.000902,0.0,97
1,0,1,1,0,0,0,0,0,0,1,0,2,5,3,bridge_close_cif.y4m,39.37,39.186,0.546287,0.000882,0.0,236
1,1,1,0,1,0,1,1,0,0,0,0,8,5,0,bridge_close_cif.y4m,26.07,26.106,0.117813,0.000769,0.0,71
1,1,1,0,1,0,1,1,0,1,0,1,2,0,3,bridge_close_cif.y4m,25.91,25.908,0.074632,0.000776,0.0,295
1,0,1,1,0,0,1,0,0,1,1,0,8,5,3,bridge_close_cif.y4m,40.36,40.53,0.457602,0.000818,0.0,286
1,0,1,0,1,0,0,0,0,0,0,1,1,5,0,bridge_close_cif.y4m,14.81,14.814,0.035071,0.000887,0.0,34
1,0,1,0,1,0,1,0,0,1,1,1,1,5,3,bridge_close_cif.y4m,16.54,16.444,0.233731,0.000819,0.0,240
1,0,1,0,0,1,1,0,0,0,0,1,4,15,3,bridge_close_cif.y4m,37.11,37.118,0.060581,0.000818,0.0,18
1,0,1,0,1,0,0,0,0,0,1,0,8,0,6,bridge_close_cif.y4m,14.17,14.132,0.102811,0.000887,0.0,102
1,1,1,1,0,0,1,0,1,0,1,0,4,0,0,bridge_close_cif.y4m,46.04,46.272,0.390602,0.000785,0.0,51
1,1,1,1,0,0,1,1,0,0,0,1,4,15,6,bridge_close_cif.y4m,69.28,69.374,0.677518,0.000665,0.0,282
1,0,1,0,1,0,1,0,0,1,1,1,1,0,3,bridge_close_cif.y4m,16.19,16.212,0.058907,0.000819,0.0,77
1,0,1,1,0,0,1,0,0,0,1,0,2,0,3,bridge_close_cif.y4m,41.21,41.23,0.128062,0.000818,0.0,128
1,1,1,0,1,0,1,1,0,0,0,0,2,5,3,bridge_close_cif.y4m,27.69,27.672,0.073621,0.000692,0.0,234
1,0,1,1,0,0,0,0,0,0,1,1,1,0,0,bridge_close_cif.y4m,38.78,38.77,0.087178,0.000885,0.0,252
1,0,1,1,0,0,1,0,0,0,0,1,4,0,3,bridge_close_cif.y4m,39.6,39.62,0.06364,0.000819,0.0,28
1,0,1,0,0,1,1,0,0,1,1,1,8,15,3,bridge_close_cif.y4m,37.99,37.874,0.457417,0.000818,0.0,139
1,0,1,0,0,1,0,0,0,0,0,1,1,5,0,bridge_close_cif.y4m,35.5,35.508,0.651629,0.0009,0.0,158
1,1,1,0,1,0,1,1,0,1,0,1,8,5,3,bridge_close_cif.y4m,26.92,26.898,0.058907,0.000694,0.0,152
1,0,1,1,0,0,1,0,0,1,0,0,2,0,6,bridge_close_cif.y4m,40.39,40.45,0.149666,0.000818,0.0,12
1,1,1,0,1,0,0,1,0,0,0,1,4,15,3,bridge_close_cif.y4m,27.74,27.734,0.067676,0.000704,0.0,294
1,1,1,0,1,0,0,1,0,0,0,1,8,15,3,bridge_close_cif.y4m,27.76,27.808,0.173263,0.000704,0.0,154
1,1,1,1,0,0,0,1,0,1,0,0,2,15,6,bridge_close_cif.y4m,70.24,70.254,0.06229,0.000704,0.0,157
1,0,1,1,0,0,1,0,0,1,1,1,2,0,3,bridge_close_cif.y4m,43.29,43.312,0.143073,0.000818,0.0,150
1,1,1,0,1,0,1,1,0,0,1,0,8,0,6,bridge_close_cif.y4m,25.65,25.902,0.39009,0.000772,0.0,287
1,0,1,0,1,0,0,0,0,1,1,0,1,0,3,bridge_close_cif.y4m,14.34,14.15,0.265612,0.000887,0.0,297
1,0,1,0,0,1,0,0,0,1,1,0,8,15,0,bridge_close_cif.y4m,34.56,34.57,0.119164,0.000902,0.0,263
1,1,1,0,1,0,0,1,0,1,1,1,1,5,3,bridge_close_cif.y4m,25.96,26.174,0.615532,0.000704,0.0,255
1,0,1,1,0,0,0,0,0,1,1,0,8,15,3,bridge_close_cif.y4m,39.09,39.06,0.07746,0.000882,0.0,115
1,0,1,0,0,1,1,0,0,1,0,1,4,15,3,bridge_close_cif.y4m,37.1,37.154,0.116748,0.000818,0.0,188
1,0,1,0,0,1,1,0,0,0,0,1,8,0,6,bridge_close_cif.y4m,37.15,37.184,0.090719,0.000818,0.0,212
1,0,1,1,0,0,1,0,0,0,0,1,1,15,3,bridge_close_cif.y4m,39.56,39.55,0.066708,0.000819,0.0,195
1,0,1,0,1,0,0,0,0,0,1,1,2,15,0,bridge_close_cif.y4m,14.2,14.12,0.206155,0.000887,0.0,119
1,0,1,1,0,0,0,0,0,1,0,1,4,15,0,bridge_close_cif.y4m,38.27,38.282,0.094181,0.000885,0.0,58
1,0,1,0,1,0,1,0,0,1,0,1,4,0,6,bridge_close_cif.y4m,16.37,16.55,0.469095,0.000819,0.0,277
1,0,1,0,1,0,1,0,0,0,1,1,4,5,6,bridge_close_cif.y4m,16.86,16.854,0.153721,0.000819,0.0,64
1,1,1,0,1,0,1,1,0,1,0,0,2,0,0,bridge_close_cif.y4m,25.62,25.592,0.05933,0.000772,0.0,285
1,1,1,0,1,0,1,1,0,1,0,0,4,0,0,bridge_close_cif.y4m,25.55,25.586,0.077006,0.000772,0.0,290
1,0,1,1,0,0,0,0,0,1,0,1,8,5,6,bridge_close_cif.y4m,38.08,38.088,0.089833,0.000885,0.0,196
1,1,1,1,0,0,1,0,1,1,1,1,1,0,0,bridge_close_cif.y4m,45.92,45.946,0.229412,0.000785,0.0,93
1,0,1,1,0,0,1,0,0,0,1,1,4,5,6,bridge_close_cif.y4m,40.37,40.648,0.603506,0.000818,0.0,299
1,0,1,1,0,0,0,0,0,1,0,0,2,5,0,bridge_close_cif.y4m,41.36,41.34,0.379012,0.000882,0.0,125
1,1,1,0,1,0,0,1,0,1,0,1,2,15,6,bridge_close_cif.y4m,29.63,29.644,0.06269,0.000704,0.0,21
1,0,1,0,1,0,0,0,0,1,0,1,2,0,0,bridge_close_cif.y4m,13.86,13.856,0.015166,0.000887,0.0,225
1,0,1,0,1,0,0,0,0,1,0,0,2,5,0,bridge_far_cif.y4m,20.92,20.924,0.015166,0.000755,0.0,114
1,1,1,1,0,0,0,0,1,0,0,1,1,0,0,bridge_far_cif.y4m,71.46,71.422,0.233495,0.000669,0.0,281
1,1,1,1,0,0,0,1,0,1,1,0,2,5,0,bridge_far_cif.y4m,89.76,89.708,0.175983,0.000651,0.0,49
1,0,1,0,0,1,1,0,0,0,0,0,2,15,6,bridge_far_cif.y4m,61.46,61.464,0.092087,0.000734,0.0,194
1,0,1,1,0,0,0,0,0,0,0,0,2,0,6,bridge_far_cif.y4m,63.2,63.224,0.121778,0.000763,0.0,62
1,1,1,0,1,0,0,1,0,1,1,1,1,15,3,bridge_far_cif.y4m,31.35,31.302,0.072595,0.000656,0.0,91
1,0,1,0,0,1,1,0,0,0,0,0,4,0,6,bridge_far_cif.y4m,61.43,61.528,0.164225,0.000734,0.0,107
1,0,1,1,0,0,1,0,0,0,0,1,4,5,3,bridge_far_cif.y4m,63.78,63.812,0.10616,0.000733,0.0,181
1,0,1,0,1,0,1,0,0,0,0,0,4,5,0,bridge_far_cif.y4m,21.76,21.734,0.059833,0.000737,0.0,247
1,0,1,1,0,0,0,0,0,1,1,0,4,5,3,bridge_far_cif.y4m,63.2,63.19,0.180416,0.000763,0.0,166
1,0,1,0,0,1,0,0,0,0,1,1,4,0,0,bridge_far_cif.y4m,65.92,65.928,0.122352,0.001094,0.0,25
1,1,1,0,1,0,0,1,0,0,0,1,8,0,6,bridge_far_cif.y4m,29.73,29.76,0.080932,0.000656,0.0,203
1,1,1,1,0,0,1,1,0,1,1,1,4,5,6,bridge_far_cif.y4m,79.28,79.406,0.254421,0.000608,0.0,219
1,0,1,0,0,1,0,0,0,0,0,0,4,15,0,bridge_far_cif.y4m,64.83,64.88,0.190263,0.001094,0.0,162
1,0,1,1,0,0,1,0,0,0,1,0,4,15,6,bridge_far_cif.y4m,63.85,63.836,0.107145,0.000734,0.0,182
1,0,1,0,0,1,0,0,0,1,1,0,1,15,6,bridge_far_cif.y4m,66.13,66.01,0.192224,0.001094,0.0,10
1,1,1,1,0,0,1,1,0,1,1,1,2,15,0,bridge_far_cif.y4m,97.47,97.408,0.168879,0.00066,0.0,14
1,1,1,1,0,0,0,1,0,0,0,1,1,0,6,bridge_far_cif.y4m,89.55,89.472,0.203887,0.000651,0.0,89
1,1,1,1,0,0,0,1,0,1,1,1,1,5,0,bridge_far_cif.y4m,92.03,92.008,0.084083,0.000655,0.0,116
1,0,1,1,0,0,0,0,0,0,1,1,4,15,3,bridge_far_cif.y4m,63.1,63.076,0.055946,0.000763,0.0,217
1,1,1,0,1,0,0,1,0,0,1,0,1,0,0,bridge_far_cif.y4m,29.92,29.948,0.09985,0.000652,0.0,75
1,1,1,0,1,0,0,1,0,1,1,1,2,15,6,bridge_far_cif.y4m,32.91,32.956,0.095026,0.000642,0.0,266
1,0,1,1,0,0,1,0,0,0,1,1,4,15,3,bridge_far_cif.y4m,63.9,63.854,0.135573,0.000734,0.0,268
1,0,1,0,1,0,1,0,0,1,1,1,4,15,3,bridge_far_cif.y4m,22.12,22.106,0.043359,0.000737,0.0,187
1,0,1,0,0,1,1,0,0,0,1,0,8,15,3,bridge_far_cif.y4m,61.36,61.428,0.132174,0.000734,0.0,161
1,0,1,0,1,0,1,0,0,0,1,0,2,0,6,bridge_far_cif.y4m,22.08,22.108,0.038987,0.000737,0.0,23
1,1,1,1,0,0,0,1,0,1,1,0,2,5,6,bridge_far_cif.y4m,85.3,85.27,0.165076,0.000669,0.0,2
1,1,1,1,0,0,1,0,1,1,0,1,2,0,0,bridge_far_cif.y4m,87.17,87.046,0.279517,0.000647,0.0,16
1,0,1,1,0,0,0,0,0,1,1,1,8,15,0,bridge_far_cif.y4m,62.45,62.354,0.165922,0.000763,0.0,262
1,1,1,1,0,0,0,1,0,1,1,0,4,5,0,bridge_far_cif.y4m,89.73,89.678,0.130269,0.000651,0.0,66
1,0,1,1,0,0,0,0,0,1,0,0,2,0,0,bridge_far_cif.y4m,63.34,63.354,0.109225,0.000763,0.0,86
1,0,1,0,1,0,1,0,0,0,1,0,2,5,6,bridge_far_cif.y4m,22.14,22.138,0.080436,0.000737,0.0,231
1,0,1,0,1,0,0,0,0,0,0,0,4,5,0,bridge_far_cif.y4m,20.86,20.878,0.058052,0.000755,0.0,269
1,1,1,0,1,0,1,1,0,0,1,0,1,5,0,bridge_far_cif.y4m,31.4,31.384,0.04827,0.000678,0.0,180
1,0,1,0,0,1,0,0,0,0,1,0,4,5,6,bridge_far_cif.y4m,65.76,65.758,0.234457,0.001094,0.0,274
1,1,1,1,0,0,0,1,0,1,1,0,2,15,6,bridge_far_cif.y4m,92.13,92.212,0.253417,0.000645,0.0,184
1,0,1,0,0,1,1,0,0,0,0,1,4,5,0,bridge_far_cif.y4m,62.28,62.282,0.071903,0.000739,0.0,118
1,1,1,1,0,0,0,1,0,0,0,0,1,0,6,bridge_far_cif.y4m,91.8,91.83,0.073144,0.000647,0.0,254
1,0,1,1,0,0,1,0,0,0,1,1,4,5,0,bridge_far_cif.y4m,63.81,63.88,0.117686,0.000734,0.0,208
1,0,1,0,0,1,1,0,0,1,1,0,4,5,6,bridge_far_cif.y4m,60.76,60.724,0.099146,0.000734,0.0,279
1,1,1,1,0,0,0,1,0,0,1,1,4,15,3,bridge_far_cif.y4m,90.33,90.384,0.453134,0.000656,0.0,229
1,0,1,0,0,1,1,0,0,1,1,1,1,0,0,bridge_far_cif.y4m,61.97,62.068,0.213939,0.000739,0.0,46
1,0,1,0,0,1,0,0,0,1,1,1,4,5,6,bridge_far_cif.y4m,65.8,65.83,0.095917,0.001094,0.0,171
1,1,1,1,0,0,0,1,0,0,1,0,2,5,0,bridge_far_cif.y4m,89.79,89.808,0.145327,0.000651,0.0,99
1,0,1,0,0,1,0,0,0,0,0,0,8,0,0,bridge_far_cif.y4m,65.75,65.812,0.13755,0.001094,0.0,81
1,1,1,1,0,0,1,1,0,1,0,1,8,5,0,bridge_far_cif.y4m,98.01,97.97,0.181108,0.000661,0.0,155
1,0,1,0,1,0,0,0,0,1,0,1,1,15,6,bridge_far_cif.y4m,20.99,20.986,0.033615,0.000762,0.0,96
1,1,1,1,0,0,0,1,0,1,1,1,8,0,0,bridge_far_cif.y4m,90.41,90.42,0.172627,0.000647,0.0,218
1,1,1,1,0,0,1,1,0,1,1,0,8,0,6,bridge_far_cif.y4m,98.52,98.516,0.277002,0.000651,0.0,53
1,1,1,0,1,0,1,0,1,0,0,0,2,0,0,bridge_far_cif.y4m,31.11,31.086,0.076681,0.000657,0.0,109
1,0,1,0,1,0,0,0,0,0,1,0,4,5,6,bridge_far_cif.y4m,20.87,20.86,0.062849,0.000755,0.0,185
1,1,1,1,0,0,0,1,0,0,1,1,2,0,0,bridge_far_cif.y4m,92.01,91.968,0.255284,0.000647,0.0,239
1,0,1,1,0,0,0,0,0,0,0,1,2,0,0,bridge_far_cif.y4m,63.0,63.03,0.158745,0.00076,0.0,276
1,0,1,1,0,0,1,0,0,0,0,1,4,0,6,bridge_far_cif.y4m,63.61,63.604,0.127004,0.000733,0.0,257
1,0,1,0,0,1,0,0,0,1,1,0,1,5,0,bridge_far_cif.y4m,65.85,65.826,0.107842,0.001094,0.0,42
1,1,1,0,1,0,1,1,0,0,0,0,2,15,3,bridge_far_cif.y4m,27.65,27.612,0.092574,0.000557,0.0,204
1,0,1,1,0,0,1,0,0,1,0,1,2,15,6,bridge_far_cif.y4m,63.59,63.656,0.171697,0.000733,0.0,145
1,0,1,0,1,0,0,0,0,0,0,0,2,0,3,bridge_far_cif.y4m,20.84,20.862,0.040249,0.000755,0.0,246
1,1,1,1,0,0,0,1,0,0,1,1,8,0,0,bridge_far_cif.y4m,92.17,92.16,0.214243,0.000647,0.0,202
1,1,1,0,1,0,0,1,0,1,0,0,2,5,3,bridge_far_cif.y4m,27.98,27.992,0.047645,0.000669,0.0,70
1,0,1,0,1,0,0,0,0,0,1,0,1,5,3,bridge_far_cif.y4m,20.52,20.54,0.08,0.000755,0.0,230
1,0,1,0,1,0,1,0,0,0,0,0,4,15,6,bridge_far_cif.y4m,22.08,22.082,0.055857,0.000737,0.0,267
1,1,1,1,0,0,1,1,0,0,0,1,8,5,3,bridge_far_cif.y4m,78.94,79.02,0.267862,0.00061,0.0,146
1,0,1,0,1,0,1,0,0,0,0,1,2,15,0,bridge_far_cif.y4m,22.01,21.998,0.071903,0.000734,0.0,27
1,0,1,0,1,0,1,0,0,0,1,1,8,0,3,bridge_far_cif.y4m,21.75,21.778,0.0614,0.000737,0.0,137
1,1,1,1,0,0,0,1,0,0,1,1,2,15,0,bridge_far_cif.y4m,88.16,88.208,0.158019,0.000651,0.0,189
1,1,1,0,1,0,1,1,0,1,0,0,4,15,0,bridge_far_cif.y4m,30.94,30.938,0.100598,0.000678,0.0,132
1,1,1,1,0,0,0,0,1,1,0,1,8,0,0,bridge_far_cif.y4m,70.29,70.308,0.141669,0.000669,0.0,169
1,0,1,0,0,1,0,0,0,0,0,0,1,5,6,bridge_far_cif.y4m,65.85,65.866,0.086487,0.001094,0.0,33
1,0,1,1,0,0,0,0,0,0,1,1,8,15,0,bridge_far_cif.y4m,63.31,63.288,0.156908,0.000763,0.0,205
1,0,1,1,0,0,0,0,0,1,0,1,2,0,0,bridge_far_cif.y4m,63.24,63.266,0.066558,0.00076,0.0,245
1,1,1,0,1,0,1,1,0,0,1,1,1,15,0,bridge_far_cif.y4m,29.82,29.81,0.075166,0.000671,0.0,298
1,0,1,1,0,0,1,0,0,1,1,0,2,5,6,bridge_far_cif.y4m,63.96,63.87,0.134722,0.000734,0.0,163
1,1,1,1,0,0,0,1,0,0,0,0,1,5,0,bridge_far_cif.y4m,89.69,89.744,0.196036,0.000651,0.0,123
1,0,1,0,0,1,1,0,0,1,0,0,4,15,0,bridge_far_cif.y4m,61.53,61.556,0.258515,0.000734,0.0,4
1,0,1,0,0,1,1,0,0,1,1,0,8,5,6,bridge_far_cif.y4m,61.35,61.406,0.124619,0.000734,0.0,141
1,1,1,0,1,0,0,1,0,1,0,0,8,5,6,bridge_far_cif.y4m,28.07,28.084,0.091269,0.000669,0.0,129
1,1,1,0,1,0,1,1,0,1,1,0,4,5,3,bridge_far_cif.y4m,26.11,26.1,0.051962,0.000622,0.0,159
1,0,1,0,0,1,1,0,0,1,0,0,1,0,0,bridge_far_cif.y4m,60.84,60.934,0.161957,0.000734,0.0,22
1,0,1,0,0,1,0,0,0,1,0,1,2,0,6,bridge_far_cif.y4m,65.88,65.876,0.148762,0.001054,0.0,175
1,1,1,1,0,0,0,1,0,1,1,1,8,5,6,bridge_far_cif.y4m,85.08,85.132,0.215801,0.000669,0.0,151
1,1,1,0,1,0,0,1,0,0,1,0,2,5,0,bridge_far_cif.y4m,30.02,30.016,0.02881,0.000652,0.0,52
1,0,1,0,0,1,0,0,0,0,0,1,4,0,3,bridge_far_cif.y4m,64.87,64.854,0.136125,0.001054,0.0,108
1,0,1,0,1,0,1,0,0,0,0,1,8,15,0,bridge_far_cif.y4m,21.76,21.754,0.086487,0.000734,0.0,72
1,0,1,1,0,0,1,0,0,1,1,0,8,0,6,bridge_far_cif.y4m,63.93,63.922,0.035637,0.000734,0.0,248
1,1,1,1,0,0,1,1,0,1,1,0,8,5,6,bridge_far_cif.y4m,78.08,78.1,0.253476,0.000608,0.0,174
1,0,1,1,0,0,1,0,0,1,1,1,8,0,3,bridge_far_cif.y4m,63.85,63.898,0.231236,0.000734,0.0,130
1,1,1,0,1,0,1,1,0,1,1,1,8,15,0,bridge_far_cif.y4m,31.47,31.452,0.105688,0.000678,0.0,168
1,0,1,0,0,1,1,0,0,1,0,1,8,0,6,bridge_far_cif.y4m,62.21,62.21,0.14543,0.000739,0.0,198
1,0,1,0,0,1,1,0,0,1,1,0,1,0,3,bridge_far_cif.y4m,61.58,61.656,0.159468,0.000734,0.0,83
1,1,1,1,0,0,1,1,0,0,1,0,1,0,3,bridge_far_cif.y4m,98.36,98.304,0.168612,0.000651,0.0,291
1,0,1,0,1,0,0,0,0,1,1,0,1,0,6,bridge_far_cif.y4m,20.89,20.878,0.039623,0.000755,0.0,237
1,0,1,0,0,1,0,0,0,1,1,1,2,15,3,bridge_far_cif.y4m,65.9,65.852,0.214756,0.001094,0.0,90
1,1,1,1,0,0,1,1,0,0,0,1,1,15,0,bridge_far_cif.y4m,96.15,96.116,0.136858,0.000661,0.0,87
1,0,1,1,0,0,1,0,0,1,0,0,1,5,0,bridge_far_cif.y4m,63.66,63.726,0.206591,0.000734,0.0,74
1,0,1,0,0,1,0,0,0,1,0,0,2,0,3,bridge_far_cif.y4m,65.01,64.994,0.213378,0.001094,0.0,201
1,0,1,0,1,0,0,0,0,1,0,1,1,0,0,bridge_far_cif.y4m,20.95,20.952,0.025884,0.000762,0.0,183
1,0,1,1,0,0,0,0,0,0,0,0,4,0,6,bridge_far_cif.y4m,63.3,63.296,0.161338,0.000763,0.0,227
1,1,1,0,1,0,1,1,0,0,0,0,1,15,6,bridge_far_cif.y4m,28.24,28.264,0.065803,0.000552,0.0,222
1,0,1,0,0,1,0,0,0,0,1,0,8,0,6,bridge_far_cif.y4m,65.83,65.872,0.120706,0.001094,0.0,55
1,0,1,1,0,0,0,0,0,0,1,1,2,5,0,bridge_far_cif.y4m,63.23,63.43,0.422433,0.000763,0.0,142
1,0,1,1,0,0,1,0,0,1,0,1,1,5,6,bridge_far_cif.y4m,63.71,63.732,0.170353,0.000733,0.0,124
1,0,1,1,0,0,1,0,0,0,0,0,8,0,0,bridge_far_cif.y4m,63.79,63.776,0.17869,0.000734,0.0,95
1,0,1,1,0,0,1,0,0,1,0,0,2,15,0,bridge_far_cif.y4m,63.84,63.854,0.135573,0.000734,0.0,241
1,0,1,0,1,0,0,0,0,0,1,1,1,5,3,bridge_far_cif.y4m,20.9,20.942,0.079498,0.000762,0.0,289
1,0,1,1,0,0,1,0,0,1,1,0,1,5,0,bridge_far_cif.y4m,63.81,63.828,0.189262,0.000734,0.0,278
1,1,1,0,1,0,0,1,0,1,1,0,1,0,6,bridge_far_cif.y4m,29.98,29.966,0.074027,0.000652,0.0,176
1,0,1,0,0,1,1,0,0,0,1,0,8,5,0,bridge_far_cif.y4m,61.56,61.702,0.365677,0.000734,0.0,122
1,0,1,0,0,1,0,0,0,0,1,0,4,0,6,bridge_far_cif.y4m,64.88,64.8,0.210594,0.001094,0.0,30
1,1,1,0,1,0,0,1,0,0,0,0,2,0,6,bridge_far_cif.y4m,29.95,29.936,0.069138,0.000652,0.0,251
1,0,1,1,0,0,0,0,0,0,0,1,1,0,0,bridge_far_cif.y4m,63.06,63.052,0.135536,0.00076,0.0,120
1,0,1,1,0,0,0,0,0,0,0,1,2,15,6,bridge_far_cif.y4m,62.28,62.21,0.15843,0.00076,0.0,144
1,0,1,0,1,0,1,0,0,0,0,0,1,0,3,bridge_far_cif.y4m,22.08,22.088,0.037683,0.000737,0.0,265
1,1,1,0,1,0,0,1,0,0,1,0,2,0,6,bridge_far_cif.y4m,29.55,29.512,0.081976,0.000652,0.0,260
1,1,1,0,1,0,0,1,0,0,0,1,1,0,3,bridge_far_cif.y4m,29.18,29.206,0.087636,0.000656,0.0,78
1,0,1,0,1,0,0,0,0,0,1,1,8,15,3,bridge_far_cif.y4m,20.89,20.888,0.040249,0.000755,0.0,84
1,0,1,1,0,0,1,0,0,1,0,0,4,15,3,bridge_far_cif.y4m,63.95,63.93,0.101242,0.000734,0.0,296
1,0,1,0,0,1,0,0,0,0,0,1,2,5,6,bridge_far_cif.y4m,65.77,65.774,0.06229,0.001054,0.0,232
1,0,1,0,0,1,1,0,0,0,1,0,4,15,6,bridge_far_cif.y4m,61.53,61.582,0.114324,0.000734,0.0,213
1,1,1,0,1,0,0,1,0,0,1,1,8,15,3,bridge_far_cif.y4m,31.64,31.648,0.056303,0.000657,0.0,94
1,0,1,0,1,0,0,0,0,0,1,1,1,5,0,bridge_far_cif.y4m,21.01,21.0,0.04899,0.000762,0.0,178
1,0,1,1,0,0,1,0,0,1,0,0,4,0,0,bridge_far_cif.y4m,63.69,63.68,0.117047,0.000734,0.0,127
1,1,1,0,1,0,1,1,0,0,1,0,8,5,6,bridge_far_cif.y4m,25.84,25.818,0.047117,0.000604,0.0,111
1,0,1,0,1,0,0,0,0,0,0,1,1,0,6,bridge_far_cif.y4m,20.9,20.912,0.042071,0.000762,0.0,92
1,1,1,1,0,0,0,1,0,0,1,0,8,15,6,bridge_far_cif.y4m,92.22,92.276,0.11371,0.000645,0.0,54
1,0,1,0,0,1,0,0,0,0,0,1,2,15,0,bridge_far_cif.y4m,64.74,64.824,0.212673,0.001054,0.0,45
1,0,1,1,0,0,0,0,0,1,0,0,4,0,6,bridge_far_cif.y4m,63.39,63.236,0.27907,0.000763,0.0,226
1,1,1,1,0,0,1,1,0,1,0,0,8,5,0,bridge_far_cif.y4m,95.72,95.738,0.267899,0.00066,0.0,200
1,0,1,0,0,1,1,0,0,1,0,1,8,5,6,bridge_far_cif.y4m,62.13,62.164,0.088204,0.000739,0.0,59
1,1,1,0,1,0,1,0,1,0,0,1,2,0,0,bridge_far_cif.y4m,29.87,29.858,0.052631,0.000656,0.0,19
1,1,1,1,0,0,0,1,0,1,0,0,2,15,0,bridge_far_cif.y4m,89.79,89.774,0.12973,0.000651,0.0,47
1,1,1,0,1,0,1,1,0,0,0,1,4,5,6,bridge_far_cif.y4m,26.15,26.134,0.050299,0.000605,0.0,32
1,1,1,0,1,0,0,1,0,1,0,0,1,5,6,bridge_far_cif.y4m,28.01,28.002,0.040866,0.000669,0.0,170
1,0,1,0,0,1,0,0,0,1,1,0,1,15,0,bridge_far_cif.y4m,65.77,65.732,0.158808,0.001094,0.0,270
1,0,1,1,0,0,1,0,0,1,0,1,4,15,6,bridge_far_cif.y4m,63.85,63.776,0.15566,0.000733,0.0,207
1,1,1,0,1,0,0,1,0,1,1,1,1,5,6,bridge_far_cif.y4m,27.51,27.528,0.062209,0.00067,0.0,43
1,0,1,0,1,0,1,0,0,0,1,1,1,0,3,bridge_far_cif.y4m,22.0,21.99,0.054314,0.000734,0.0,40
1,1,1,0,1,0,0,1,0,0,1,1,1,5,3,bridge_far_cif.y4m,27.81,27.806,0.084143,0.000669,0.0,117
1,0,1,0,0,1,0,0,0,0,1,0,8,15,6,bridge_far_cif.y4m,64.78,64.824,0.153721,0.001094,0.0,253
1,0,1,1,0,0,0,0,0,1,0,0,1,15,3,bridge_far_cif.y4m,63.42,63.396,0.155016,0.000763,0.0,68
1,1,1,1,0,0,0,1,0,1,1,1,1,15,6,bridge_far_cif.y4m,91.97,91.952,0.164378,0.000645,0.0,186
1,1,1,0,1,0,1,1,0,0,0,1,8,15,3,bridge_far_cif.y4m,26.69,26.694,0.055498,0.000556,0.0,288
1,1,1,0,1,0,0,1,0,0,0,0,2,0,0,bridge_far_cif.y4m,29.43,29.45,0.094604,0.000652,0.0,15
1,0,1,1,0,0,0,0,0,0,1,1,2,15,3,bridge_far_cif.y4m,63.29,63.286,0.053198,0.000763,0.0,82
1,1,1,1,0,0,0,1,0,0,0,0,4,15,6,bridge_far_cif.y4m,92.31,92.288,0.17254,0.000645,0.0,211
1,0,1,0,1,0,1,0,0,1,1,1,8,15,6,bridge_far_cif.y4m,22.07,22.086,0.055045,0.000737,0.0,177
1,1,1,0,1,0,0,1,0,1,1,1,2,5,3,bridge_far_cif.y4m,28.47,28.464,0.085029,0.000669,0.0,210
1,0,1,1,0,0,0,0,0,1,1,1,2,0,3,bridge_far_cif.y4m,63.21,63.238,0.231884,0.000763,0.0,13
1,0,1,0,1,0,1,0,0,0,0,1,2,15,3,bridge_far_cif.y4m,22.01,21.982,0.076942,0.000734,0.0,228
1,0,1,0,1,0,1,0,0,1,1,0,4,5,3,bridge_far_cif.y4m,21.81,21.81,0.036742,0.000737,0.0,38
1,1,1,1,0,0,0,1,0,0,0,1,4,15,6,bridge_far_cif.y4m,91.69,91.868,0.481996,0.000645,0.0,29
1,1,1,1,0,0,1,0,1,1,0,0,8,0,0,bridge_far_cif.y4m,80.73,80.804,0.205256,0.000655,0.0,24
1,1,1,1,0,0,0,1,0,0,0,0,8,5,6,bridge_far_cif.y4m,85.28,85.306,0.189552,0.000669,0.0,293
1,1,1,1,0,0,0,1,0,0,1,0,2,5,6,bridge_far_cif.y4m,85.26,85.254,0.069857,0.000669,0.0,67
1,1,1,0,1,0,0,1,0,1,0,1,2,5,0,bridge_far_cif.y4m,30.04,30.036,0.0251,0.000655,0.0,199
1,0,1,0,0,1,1,0,0,1,1,0,8,15,3,bridge_far_cif.y4m,61.51,61.518,0.123976,0.000734,0.0,244
1,0,1,0,0,1,1,0,0,0,0,0,8,15,0,bridge_far_cif.y4m,61.47,61.448,0.115195,0.000734,0.0,80
1,1,1,1,0,0,1,1,0,1,1,1,2,0,3,bridge_far_cif.y4m,98.46,98.47,0.140178,0.000651,0.0,223
1,1,1,0,1,0,1,1,0,0,1,0,8,5,0,bridge_far_cif.y4m,31.35,31.358,0.061806,0.000678,0.0,121
1,0,1,1,0,0,1,0,0,0,0,0,8,5,3,bridge_far_cif.y4m,63.61,63.66,0.157639,0.000734,0.0,261
1,0,1,1,0,0,1,0,0,1,1,0,1,5,6,bridge_far_cif.y4m,63.82,63.802,0.151559,0.000734,0.0,156
1,1,1,1,0,0,0,1,0,0,1,0,4,15,3,bridge_far_cif.y4m,90.24,90.25,0.202978,0.000656,0.0,271
1,1,1,1,0,0,1,1,0,1,0,0,2,15,3,bridge_far_cif.y4m,83.52,83.442,0.158651,0.00056,0.0,9
1,1,1,1,0,0,1,1,0,1,0,1,1,0,0,bridge_far_cif.y4m,91.89,91.886,0.175727,0.000672,0.0,165
1,0,1,0,0,1,1,0,0,1,0,0,1,15,6,bridge_far_cif.y4m,61.72,61.598,0.177961,0.000734,0.0,126
1,0,1,1,0,0,1,0,0,1,1,1,8,5,0,bridge_far_cif.y4m,63.76,63.784,0.108305,0.000734,0.0,280
1,0,1,1,0,0,0,0,0,1,1,0,2,5,3,bridge_far_cif.y4m,63.41,63.342,0.234883,0.000763,0.0,172
1,0,1,0,1,0,1,0,0,0,0,0,1,15,6,bridge_far_cif.y4m,22.08,22.074,0.048785,0.000737,0.0,292
1,0,1,0,0,1,0,0,0,1,0,1,1,0,3,bridge_far_cif.y4m,64.93,64.888,0.185391,0.001054,0.0,179
1,0,1,0,0,1,1,0,0,1,0,1,2,0,3,bridge_far_cif.y4m,62.2,62.226,0.196418,0.000739,0.0,272
1,0,1,0,0,1,1,0,0,0,1,0,4,5,0,bridge_far_cif.y4m,61.71,61.718,0.100349,0.000734,0.0,105
1,0,1,0,1,0,0,0,0,0,0,0,1,0,3,bridge_far_cif.y4m,20.91,20.906,0.055946,0.000755,0.0,76
1,0,1,1,0,0,1,0,0,0,1,0,4,15,3,bridge_far_cif.y4m,63.71,63.756,0.124419,0.000734,0.0,197
1,1,1,1,0,0,1,1,0,0,1,0,1,15,0,bridge_far_cif.y4m,97.33,97.328,0.235627,0.00066,0.0,221
1,1,1,1,0,0,1,1,0,0,1,0,8,15,6,bridge_far_cif.y4m,83.88,83.802,0.238474,0.000548,0.0,167
1,1,1,0,1,0,0,1,0,1,0,1,4,15,6,bridge_far_cif.y4m,31.77,31.802,0.077589,0.000642,0.0,136
1,1,1,1,0,0,0,1,0,1,0,1,8,15,6,bridge_far_cif.y4m,91.96,91.87,0.31504,0.000645,0.0,243
1,0,1,0,1,0,0,0,0,1,0,1,8,15,6,bridge_far_cif.y4m,20.58,20.582,0.05933,0.000762,0.0,60
1,0,1,1,0,0,0,0,0,1,0,1,2,0,6,bridge_far_cif.y4m,63.16,63.114,0.12482,0.00076,0.0,110
1,1,1,1,0,0,1,1,0,1,0,0,1,15,6,bridge_far_cif.y4m,83.91,83.858,0.140961,0.000548,0.0,35
1,0,1,1,0,0,1,0,0,0,1,1,2,5,6,bridge_far_cif.y4m,63.69,63.74,0.100747,0.000734,0.0,235
1,0,1,1,0,0,0,0,0,1,0,0,1,0,3,bridge_far_cif.y4m,62.37,62.278,0.144637,0.000763,0.0,44
1,1,1,0,1,0,1,1,0,0,1,0,4,15,3,bridge_far_cif.y4m,27.52,27.532,0.034205,0.000557,0.0,256
1,0,1,0,0,1,0,0,0,0,1,1,8,0,0,bridge_far_cif.y4m,65.71,65.712,0.092574,0.001094,0.0,192
1,0,1,0,1,0,0,0,0,0,1,1,2,0,0,bridge_far_cif.y4m,20.86,20.844,0.053198,0.000755,0.0,41
1,0,1,1,0,0,0,0,0,0,1,0,4,5,0,bridge_far_cif.y4m,63.31,63.294,0.171843,0.000763,0.0,37
1,0,1,0,0,1,0,0,0,0,0,0,4,5,0,bridge_far_cif.y4m,66.02,66.056,0.083845,0.001094,0.0,26
1,1,1,1,0,0,0,1,0,0,0,0,1,0,3,bridge_far_cif.y4m,92.2,92.158,0.157861,0.000647,0.0,273
1,1,1,1,0,0,1,1,0,0,0,1,1,5,6,bridge_far_cif.y4m,79.45,79.474,0.285184,0.000604,0.0,233
1,1,1,0,1,0,1,1,0,0,1,1,8,0,0,bridge_far_cif.y4m,30.09,30.092,0.049193,0.000676,0.0,101
1,0,1,1,0,0,0,0,0,0,0,1,2,5,3,bridge_far_cif.y4m,63.19,63.18,0.074162,0.00076,0.0,39
1,1,1,0,1,0,0,1,0,0,0,1,1,15,0,bridge_far_cif.y4m,30.08,30.08,0.066332,0.000655,0.0,106
1,1,1,0,1,0,0,0,1,1,0,0,1,0,0,bridge_far_cif.y4m,26.59,26.6,0.062048,0.000669,0.0,242
1,1,1,1,0,0,1,1,0,0,1,0,2,15,0,bridge_far_cif.y4m,97.52,97.56,0.272305,0.00066,0.0,193
1,0,1,0,1,0,1,0,0,0,1,0,1,15,6,bridge_far_cif.y4m,22.04,22.106,0.105736,0.000737,0.0,103
1,1,1,0,1,0,0,1,0,1,1,1,8,5,6,bridge_far_cif.y4m,28.01,28.01,0.025495,0.000669,0.0,1
1,0,1,1,0,0,0,0,0,1,1,1,1,0,0,bridge_far_cif.y4m,63.22,63.234,0.118659,0.00076,0.0,61
1,1,1,1,0,0,0,0,1,0,0,0,2,0,0,bridge_far_cif.y4m,71.09,71.104,0.209117,0.000669,0.0,56
1,1,1,0,1,0,0,1,0,0,1,0,8,15,3,bridge_far_cif.y4m,31.72,31.71,0.05831,0.000657,0.0,148
1,0,1,0,1,0,0,0,0,1,0,1,2,5,0,bridge_far_cif.y4m,20.95,20.946,0.056833,0.000762,0.0,112
1,0,1,0,1,0,1,0,0,0,1,0,8,15,3,bridge_far_cif.y4m,22.04,22.078,0.067602,0.000737,0.0,300
1,0,1,0,1,0,0,0,0,1,1,0,4,15,0,bridge_far_cif.y4m,20.92,20.908,0.063797,0.000755,0.0,249
1,0,1,0,1,0,0,0,0,0,0,1,2,0,0,bridge_far_cif.y4m,20.91,20.902,0.050695,0.000762,0.0,20
1,1,1,1,0,0,1,1,0,1,0,1,1,5,0,bridge_far_cif.y4m,97.94,97.852,0.295415,0.000661,0.0,104
1,1,1,1,0,0,0,1,0,1,1,1,8,15,6,bridge_far_cif.y4m,92.49,92.382,0.202163,0.000645,0.0,131
1,0,1,1,0,0,0,0,0,0,0,0,2,0,3,bridge_far_cif.y4m,63.35,63.308,0.096281,0.000763,0.0,69
1,0,1,0,1,0,1,0,0,0,0,0,2,0,3,bridge_far_cif.y4m,22.1,22.09,0.037417,0.000737,0.0,220
1,1,1,1,0,0,1,1,0,1,1,1,8,15,6,bridge_far_cif.y4m,82.56,82.538,0.310596,0.000548,0.0,11
1,1,1,1,0,0,1,1,0,1,0,0,4,15,6,bridge_far_cif.y4m,83.9,83.83,0.106536,0.000548,0.0,258
1,0,1,0,1,0,1,0,0,0,0,0,2,15,3,bridge_far_cif.y4m,22.08,22.098,0.044944,0.000737,0.0,65
1,0,1,0,0,1,1,0,0,0,0,0,2,15,0,bridge_far_cif.y4m,61.68,61.65,0.118954,0.000734,0.0,160
1,0,1,0,0,1,1,0,0,0,0,0,8,0,0,bridge_far_cif.y4m,60.62,60.672,0.137004,0.000734,0.0,238
1,1,1,1,0,0,0,1,0,0,0,0,4,0,0,bridge_far_cif.y4m,92.14,92.022,0.293036,0.000647,0.0,57
1,1,1,0,1,0,0,1,0,1,0,1,2,0,0,bridge_far_cif.y4m,29.26,29.262,0.066858,0.000656,0.0,79
1,0,1,0,1,0,1,0,0,0,1,0,4,15,3,bridge_far_cif.y4m,22.21,22.168,0.086139,0.000737,0.0,224
1,1,1,0,1,0,0,1,0,1,0,0,2,0,3,bridge_far_cif.y4m,30.01,29.992,0.068337,0.000652,0.0,48
1,0,1,0,1,0,1,0,0,0,0,1,8,0,6,bridge_far_cif.y4m,21.99,22.002,0.056303,0.000734,0.0,173
1,1,1,1,0,0,1,1,0,0,1,1,1,0,0,bridge_far_cif.y4m,91.94,91.89,0.279643,0.000672,0.0,283
1,0,1,0,1,0,0,0,0,0,0,0,1,0,6,bridge_far_cif.y4m,20.89,20.87,0.062849,0.000755,0.0,190
1,0,1,0,1,0,1,0,0,1,1,1,4,0,6,bridge_far_cif.y4m,22.03,22.04,0.043589,0.000737,0.0,259
1,0,1,1,0,0,0,0,0,0,0,1,1,15,3,bridge_far_cif.y4m,63.11,63.102,0.040866,0.00076,0.0,7
1,0,1,0,0,1,0,0,0,0,0,1,2,5,0,bridge_far_cif.y4m,65.71,65.764,0.121573,0.001054,0.0,73
1,1,1,1,0,0,1,1,0,0,0,0,2,0,6,bridge_far_cif.y4m,97.11,97.106,0.092358,0.000651,0.0,63
1,0,1,0,0,1,1,0,0,1,1,0,2,15,3,bridge_far_cif.y4m,60.61,60.624,0.080498,0.000734,0.0,284
1,0,1,1,0,0,1,0,0,1,0,1,8,15,6,bridge_far_cif.y4m,63.7,63.706,0.18942,0.000733,0.0,250
1,1,1,0,1,0,0,1,0,0,0,0,2,5,0,bridge_far_cif.y4m,30.02,30.046,0.039749,0.000652,0.0,209
1,0,1,0,1,0,1,0,0,0,0,1,4,5,3,bridge_far_cif.y4m,22.03,22.018,0.084083,0.000734,0.0,138
1,1,1,1,0,0,0,0,1,1,1,0,1,0,0,bridge_far_cif.y4m,71.31,71.322,0.146526,0.000669,0.0,135
1,1,1,1,0,0,1,1,0,1,1,0,4,5,3,bridge_far_cif.y4m,82.27,82.3,0.094604,0.000611,0.0,264
1,1,1,1,0,0,0,1,0,1,1,0,2,0,6,bridge_far_cif.y4m,92.02,92.026,0.225233,0.000647,0.0,215
1,0,1,0,0,1,0,0,0,0,1,1,4,5,3,bridge_far_cif.y4m,65.69,65.728,0.150566,0.001094,0.0,50
1,0,1,1,0,0,0,0,0,1,1,0,4,0,6,bridge_far_cif.y4m,63.1,63.166,0.165922,0.000763,0.0,98
1,1,1,1,0,0,0,1,0,1,1,0,1,15,0,bridge_far_cif.y4m,89.8,89.726,0.211021,0.000651,0.0,140
1,1,1,1,0,0,0,1,0,0,1,1,1,0,3,bridge_far_cif.y4m,89.82,89.798,0.110544,0.000651,0.0,113
1,0,1,0,1,0,1,0,0,1,1,0,1,0,6,bridge_far_cif.y4m,22.07,22.06,0.046904,0.000737,0.0,3
1,0,1,0,0,1,0,0,0,1,1,1,8,0,0,bridge_far_cif.y4m,65.75,65.83,0.227376,0.001094,0.0,149
1,0,1,1,0,0,0,0,0,0,1,1,8,5,6,bridge_far_cif.y4m,63.15,63.158,0.194859,0.000763,0.0,153
1,1,1,1,0,0,1,1,0,1,1,0,2,15,6,bridge_far_cif.y4m,83.8,83.83,0.164621,0.000548,0.0,133
1,0,1,1,0,0,0,0,0,0,0,0,1,0,3,bridge_far_cif.y4m,63.12,63.212,0.195755,0.000763,0.0,191
1,1,1,0,1,0,0,1,0,1,0,1,1,0,6,bridge_far_cif.y4m,29.26,29.294,0.081117,0.000656,0.0,100
1,0,1,1,0,0,1,0,0,0,1,0,4,0,3,bridge_far_cif.y4m,63.79,63.78,0.193778,0.000734,0.0,85
1,0,1,0,0,1,1,0,0,0,0,0,2,0,3,bridge_far_cif.y4m,61.5,61.524,0.12341,0.000734,0.0,88
1,0,1,0,1,0,1,0,0,1,1,0,4,15,6,bridge_far_cif.y4m,22.11,22.128,0.08228,0.000737,0.0,31
1,0,1,0,0,1,1,0,0,0,0,0,4,5,3,bridge_far_cif.y4m,61.57,61.564,0.135019,0.000734,0.0,134
1,1,1,0,1,0,1,1,0,1,1,1,8,0,3,bridge_far_cif.y4m,30.09,30.104,0.071274,0.000676,0.0,147
1,1,1,1,0,0,0,1,0,0,1,1,4,15,6,bridge_far_cif.y4m,92.33,92.328,0.155949,0.000645,0.0,275
1,0,1,0,0,1,1,0,0,0,1,0,4,15,3,bridge_far_cif.y4m,61.31,61.386,0.163493,0.000734,0.0,143
1,1,1,0,1,0,1,1,0,1,0,0,1,5,6,bridge_far_cif.y4m,25.34,25.372,0.07791,0.000604,0.0,8
1,1,1,1,0,0,1,1,0,0,1,1,4,5,3,bridge_far_cif.y4m,82.16,82.29,0.218289,0.000611,0.0,216
1,0,1,1,0,0,1,0,0,1,0,0,1,0,3,bridge_far_cif.y4m,63.76,63.772,0.196774,0.000734,0.0,214
1,0,1,0,0,1,0,0,0,0,0,0,1,5,0,bridge_far_cif.y4m,65.72,65.804,0.175157,0.001094,0.0,17
1,0,1,0,0,1,1,0,0,0,0,0,1,5,0,bridge_far_cif.y4m,61.5,61.518,0.09094,0.000734,0.0,206
1,0,1,0,1,0,0,0,0,1,1,1,8,15,0,bridge_far_cif.y4m,20.92,20.886,0.055498,0.000755,0.0,36
1,1,1,0,1,0,1,1,0,0,0,0,4,15,3,bridge_far_cif.y4m,27.19,27.19,0.029155,0.000557,0.0,6
1,0,1,1,0,0,1,0,0,0,0,1,1,0,6,bridge_far_cif.y4m,63.63,63.626,0.127004,0.000733,0.0,5
1,0,1,1,0,0,1,0,0,0,0,0,8,15,6,bridge_far_cif.y4m,63.87,63.8,0.197611,0.000734,0.0,164
1,0,1,0,0,1,0,0,0,1,0,0,8,0,6,bridge_far_cif.y4m,66.07,65.94,0.26,0.001094,0.0,97
1,0,1,1,0,0,0,0,0,0,1,0,2,5,3,bridge_far_cif.y4m,63.37,63.376,0.088487,0.000763,0.0,236
1,1,1,0,1,0,1,1,0,0,0,0,8,5,0,bridge_far_cif.y4m,31.35,31.368,0.034205,0.000678,0.0,71
1,1,1,0,1,0,1,1,0,1,0,1,2,0,3,bridge_far_cif.y4m,32.33,32.336,0.077653,0.000662,0.0,295
1,0,1,1,0,0,1,0,0,1,1,0,8,5,3,bridge_far_cif.y4m,63.78,63.742,0.16053,0.000734,0.0,286
1,0,1,0,1,0,0,0,0,0,0,1,1,5,0,bridge_far_cif.y4m,20.58,20.584,0.032094,0.000762,0.0,34
1,0,1,0,1,0,1,0,0,1,1,1,1,5,3,bridge_far_cif.y4m,21.99,22.0,0.062849,0.000734,0.0,240
1,0,1,0,0,1,1,0,0,0,0,1,4,15,3,bridge_far_cif.y4m,61.36,61.4,0.126293,0.000739,0.0,18
1,0,1,0,1,0,0,0,0,0,1,0,8,0,6,bridge_far_cif.y4m,20.84,20.838,0.019235,0.000755,0.0,102
1,1,1,1,0,0,1,0,1,0,1,0,4,0,0,bridge_far_cif.y4m,80.76,80.822,0.192406,0.000655,0.0,51
1,1,1,1,0,0,1,1,0,0,0,1,4,15,6,bridge_far_cif.y4m,82.45,82.484,0.139392,0.000546,0.0,282
1,0,1,0,1,0,1,0,0,1,1,1,1,0,3,bridge_far_cif.y4m,21.97,21.992,0.094181,0.000734,0.0,77
1,0,1,1,0,0,1,0,0,0,1,0,2,0,3,bridge_far_cif.y4m,62.89,62.9,0.1251,0.000734,0.0,128
1,1,1,0,1,0,1,1,0,0,0,0,2,5,3,bridge_far_cif.y4m,26.04,26.038,0.064187,0.000622,0.0,234
1,0,1,1,0,0,0,0,0,0,1,1,1,0,0,bridge_far_cif.y4m,63.03,63.108,0.164985,0.00076,0.0,252
1,0,1,1,0,0,1,0,0,0,0,1,4,0,3,bridge_far_cif.y4m,63.53,63.638,0.201668,0.000733,0.0,28
1,0,1,0,0,1,1,0,0,1,1,1,8,15,3,bridge_far_cif.y4m,60.58,60.614,0.106677,0.000734,0.0,139
1,0,1,0,0,1,0,0,0,0,0,1,1,5,0,bridge_far_cif.y4m,64.9,64.916,0.11149,0.001054,0.0,158
1,1,1,0,1,0,1,1,0,1,0,1,8,5,3,bridge_far_cif.y4m,25.85,25.846,0.070922,0.00061,0.0,152
1,0,1,1,0,0,1,0,0,1,0,0,2,0,6,bridge_far_cif.y4m,63.68,63.728,0.119457,0.000734,0.0,12
1,1,1,0,1,0,0,1,0,0,0,1,4,15,3,bridge_far_cif.y4m,31.77,31.766,0.032094,0.000656,0.0,294
1,1,1,0,1,0,0,1,0,0,0,1,8,15,3,bridge_far_cif.y4m,31.85,31.82,0.065955,0.000656,0.0,154
1,1,1,1,0,0,0,1,0,1,0,0,2,15,6,bridge_far_cif.y4m,92.27,92.274,0.192691,0.000645,0.0,157
1,0,1,1,0,0,1,0,0,1,1,1,2,0,3,bridge_far_cif.y4m,63.71,63.734,0.151096,0.000734,0.0,150
1,1,1,0,1,0,1,1,0,0,1,0,8,0,6,bridge_far_cif.y4m,30.01,30.028,0.077266,0.000676,0.0,287
1,0,1,0,1,0,0,0,0,1,1,0,1,0,3,bridge_far_cif.y4m,20.85,20.844,0.040373,0.000755,0.0,297
1,0,1,0,0,1,0,0,0,1,1,0,8,15,0,bridge_far_cif.y4m,65.75,65.804,0.255988,0.001094,0.0,263
1,1,1,0,1,0,0,1,0,1,1,1,1,5,3,bridge_far_cif.y4m,27.76,27.766,0.047749,0.000669,0.0,255
1,0,1,1,0,0,0,0,0,1,1,0,8,15,3,bridge_far_cif.y4m,62.12,62.13,0.174642,0.000763,0.0,115
1,0,1,0,0,1,1,0,0,1,0,1,4,15,3,bridge_far_cif.y4m,62.03,62.056,0.10015,0.000739,0.0,188
1,0,1,0,0,1,1,0,0,0,0,1,8,0,6,bridge_far_cif.y4m,62.19,62.19,0.108397,0.000739,0.0,212
1,0,1,1,0,0,1,0,0,0,0,1,1,15,3,bridge_far_cif.y4m,63.51,63.538,0.177398,0.000733,0.0,195
1,0,1,0,1,0,0,0,0,0,1,1,2,15,0,bridge_far_cif.y4m,20.9,20.866,0.055946,0.000755,0.0,119
1,0,1,1,0,0,0,0,0,1,0,1,4,15,0,bridge_far_cif.y4m,62.27,62.262,0.1499,0.00076,0.0,58
1,0,1,0,1,0,1,0,0,1,0,1,4,0,6,bridge_far_cif.y4m,21.98,21.978,0.0249,0.000734,0.0,277
1,0,1,0,1,0,1,0,0,0,1,1,4,5,6,bridge_far_cif.y4m,21.77,21.798,0.064576,0.000737,0.0,64
1,1,1,0,1,0,1,1,0,1,0,0,2,0,0,bridge_far_cif.y4m,29.99,30.004,0.046152,0.000676,0.0,285
1,1,1,0,1,0,1,1,0,1,0,0,4,0,0,bridge_far_cif.y4m,29.99,30.018,0.076942,0.000676,0.0,290
1,0,1,1,0,0,0,0,0,1,0,1,8,5,6,bridge_far_cif.y4m,63.22,63.228,0.104259,0.00076,0.0,196
1,1,1,1,0,0,1,0,1,1,1,1,1,0,0,bridge_far_cif.y4m,87.18,87.276,0.228539,0.000647,0.0,93
1,0,1,1,0,0,1,0,0,0,1,1,4,5,6,bridge_far_cif.y4m,63.82,63.824,0.262545,0.000734,0.0,299
1,0,1,1,0,0,0,0,0,1,0,0,2,5,0,bridge_far_cif.y4m,63.25,63.278,0.14856,0.000763,0.0,125
1,1,1,0,1,0,0,1,0,1,0,1,2,15,6,bridge_far_cif.y4m,31.86,31.836,0.108766,0.000642,0.0,21
1,0,1,0,1,0,0,0,0,1,0,1,2,0,0,bridge_far_cif.y4m,20.86,20.876,0.041593,0.000762,0.0,225
1,0,1,0,1,0,0,0,0,1,0,0,2,5,0,bus_cif.y4m,17.79,17.77,0.053385,0.009157,0.0,114
1,1,1,1,0,0,0,0,1,0,0,1,1,0,0,bus_cif.y4m,49.13,49.114,0.162265,0.007016,0.0,281
1,1,1,1,0,0,0,1,0,1,1,0,2,5,0,bus_cif.y4m,69.13,69.15,0.162019,0.007027,0.0,49
1,0,1,0,0,1,1,0,0,0,0,0,2,15,6,bus_cif.y4m,39.91,39.934,0.157258,0.009214,0.0,194
1,0,1,1,0,0,0,0,0,0,0,0,2,0,6,bus_cif.y4m,40.59,40.604,0.058566,0.009103,0.0,62
1,1,1,0,1,0,0,1,0,1,1,1,1,15,3,bus_cif.y4m,31.46,31.47,0.094604,0.007028,0.0,91
1,0,1,0,0,1,1,0,0,0,0,0,4,0,6,bus_cif.y4m,40.12,40.072,0.103053,0.009214,0.0,107
1,0,1,1,0,0,1,0,0,0,0,1,4,5,3,bus_cif.y4m,44.48,44.486,0.185149,0.009097,0.0,181
1,0,1,0,1,0,1,0,0,0,0,0,4,5,0,bus_cif.y4m,20.74,20.74,0.027386,0.009109,0.0,247
1,0,1,1,0,0,0,0,0,1,1,0,4,5,3,bus_cif.y4m,39.83,39.904,0.157417,0.009103,0.0,166
1,0,1,0,0,1,0,0,0,0,1,1,4,0,0,bus_cif.y4m,35.27,35.256,0.134648,0.009425,0.0,25
1,1,1,0,1,0,0,1,0,0,0,1,8,0,6,bus_cif.y4m,31.11,31.1,0.08544,0.007027,0.0,203
1,1,1,1,0,0,1,1,0,1,1,1,4,5,6,bus_cif.y4m,69.02,69.04,0.142653,0.006748,0.0,219
1,0,1,0,0,1,0,0,0,0,0,0,4,15,0,bus_cif.y4m,35.36,35.326,0.110815,0.009425,0.0,162
1,0,1,1,0,0,1,0,0,0,1,0,4,15,6,bus_cif.y4m,44.89,44.948,0.170939,0.009108,0.0,182
1,0,1,0,0,1,0,0,0,1,1,0,1,15,6,bus_cif.y4m,35.3,35.304,0.070922,0.009425,0.0,10
1,1,1,1,0,0,1,1,0,1,1,1,2,15,0,bus_cif.y4m,67.02,66.982,0.115845,0.006756,0.0,14
1,1,1,1,0,0,0,1,0,0,0,1,1,0,6,bus_cif.y4m,67.29,67.336,0.082037,0.007028,0.0,89
1,1,1,1,0,0,0,1,0,1,1,1,1,5,0,bus_cif.y4m,69.07,69.094,0.12482,0.007029,0.0,116
1,0,1,1,0,0,0,0,0,0,1,1,4,15,3,bus_cif.y4m,40.01,40.03,0.146116,0.009103,0.0,217
1,1,1,0,1,0,0,1,0,0,1,0,1,0,0,bus_cif.y4m,30.99,31.0,0.067823,0.007027,0.0,75
1,1,1,0,1,0,0,1,0,1,1,1,2,15,6,bus_cif.y4m,31.57,31.528,0.09654,0.007028,0.0,266
1,0,1,1,0,0,1,0,0,0,1,1,4,15,3,bus_cif.y4m,44.29,44.368,0.19652,0.009108,0.0,268
1,0,1,0,1,0,1,0,0,1,1,1,4,15,3,bus_cif.y4m,20.8,20.808,0.037683,0.009109,0.0,187
1,0,1,0,0,1,1,0,0,0,1,0,8,15,3,bus_cif.y4m,39.99,39.952,0.139356,0.009214,0.0,161
1,0,1,0,1,0,1,0,0,0,1,0,2,0,6,bus_cif.y4m,20.77,20.756,0.055045,0.009109,0.0,23
1,1,1,1,0,0,0,1,0,1,1,0,2,5,6,bus_cif.y4m,71.72,71.708,0.151394,0.00703,0.0,2
1,1,1,1,0,0,1,0,1,1,0,1,2,0,0,bus_cif.y4m,48.28,48.3,0.109316,0.006685,0.0,16
1,0,1,1,0,0,0,0,0,1,1,1,8,15,0,bus_cif.y4m,39.84,39.872,0.092033,0.009103,0.0,262
1,1,1,1,0,0,0,1,0,1,1,0,4,5,0,bus_cif.y4m,69.22,69.256,0.166973,0.007027,0.0,66
1,0,1,1,0,0,0,0,0,1,0,0,2,0,0,bus_cif.y4m,40.47,40.418,0.09471,0.009103,0.0,86
1,0,1,0,1,0,1,0,0,0,1,0,2,5,6,bus_cif.y4m,20.78,20.772,0.099096,0.009109,0.0,231
1,0,1,0,1,0,0,0,0,0,0,0,4,5,0,bus_cif.y4m,17.68,17.708,0.05933,0.009157,0.0,269
1,1,1,0,1,0,1,1,0,0,1,0,1,5,0,bus_cif.y4m,30.46,30.474,0.049295,0.006764,0.0,180
1,0,1,0,0,1,0,0,0,0,1,0,4,5,6,bus_cif.y4m,35.13,35.184,0.127593,0.009425,0.0,274
1,1,1,1,0,0,0,1,0,1,1,0,2,15,6,bus_cif.y4m,70.47,70.562,0.16769,0.007027,0.0,184
1,0,1,0,0,1,1,0,0,0,0,1,4,5,0,bus_cif.y4m,39.91,39.812,0.177679,0.009211,0.0,118
1,1,1,1,0,0,0,1,0,0,0,0,1,0,6,bus_cif.y4m,67.52,67.512,0.156109,0.007027,0.0,254
1,0,1,1,0,0,1,0,0,0,1,1,4,5,0,bus_cif.y4m,44.32,44.336,0.096592,0.009108,0.0,208
1,0,1,0,0,1,1,0,0,1,1,0,4,5,6,bus_cif.y4m,39.91,39.886,0.064265,0.009214,0.0,279
1,1,1,1,0,0,0,1,0,0,1,1,4,15,3,bus_cif.y4m,70.06,70.01,0.153297,0.007027,0.0,229
1,0,1,0,0,1,1,0,0,1,1,1,1,0,0,bus_cif.y4m,39.96,39.936,0.1501,0.009211,0.0,46
1,0,1,0,0,1,0,0,0,1,1,1,4,5,6,bus_cif.y4m,35.15,35.2,0.127867,0.009425,0.0,171
1,1,1,1,0,0,0,1,0,0,1,0,2,5,0,bus_cif.y4m,69.11,69.226,0.224566,0.007027,0.0,99
1,0,1,0,0,1,0,0,0,0,0,0,8,0,0,bus_cif.y4m,35.31,35.296,0.105736,0.009425,0.0,81
1,1,1,1,0,0,1,1,0,1,0,1,8,5,0,bus_cif.y4m,68.47,68.434,0.139571,0.006767,0.0,155
1,0,1,0,1,0,0,0,0,1,0,1,1,15,6,bus_cif.y4m,17.64,17.644,0.036469,0.009169,0.0,96
1,1,1,1,0,0,0,1,0,1,1,1,8,0,0,bus_cif.y4m,67.57,67.596,0.161183,0.007027,0.0,218
1,1,1,1,0,0,1,1,0,1,1,0,8,0,6,bus_cif.y4m,64.97,65.03,0.12,0.006756,0.0,53
1,1,1,0,1,0,1,0,1,0,0,0,2,0,0,bus_cif.y4m,22.57,22.554,0.037815,0.006693,0.0,109
1,0,1,0,1,0,0,0,0,0,1,0,4,5,6,bus_cif.y4m,17.72,17.724,0.086487,0.009157,0.0,185
1,1,1,1,0,0,0,1,0,0,1,1,2,0,0,bus_cif.y4m,67.63,67.624,0.02881,0.007027,0.0,239
1,0,1,1,0,0,0,0,0,0,0,1,2,0,0,bus_cif.y4m,40.33,40.336,0.102859,0.009112,0.0,276
1,0,1,1,0,0,1,0,0,0,0,1,4,0,6,bus_cif.y4m,45.07,45.014,0.107145,0.009097,0.0,257
1,0,1,0,0,1,0,0,0,1,1,0,1,5,0,bus_cif.y4m,35.36,35.328,0.103296,0.009425,0.0,42
1,1,1,0,1,0,1,1,0,0,0,0,2,15,3,bus_cif.y4m,31.48,31.492,0.079498,0.006758,0.0,204
1,0,1,1,0,0,1,0,0,1,0,1,2,15,6,bus_cif.y4m,44.9,44.962,0.177116,0.009097,0.0,145
1,0,1,0,1,0,0,0,0,0,0,0,2,0,3,bus_cif.y4m,17.72,17.74,0.069282,0.009157,0.0,246
1,1,1,1,0,0,0,1,0,0,1,1,8,0,0,bus_cif.y4m,67.34,67.374,0.165771,0.007027,0.0,202
1,1,1,0,1,0,0,1,0,1,0,0,2,5,3,bus_cif.y4m,31.67,31.706,0.109909,0.007027,0.0,70
1,0,1,0,1,0,0,0,0,0,1,0,1,5,3,bus_cif.y4m,17.47,17.492,0.063797,0.009157,0.0,230
1,0,1,0,1,0,1,0,0,0,0,0,4,15,6,bus_cif.y4m,20.84,20.796,0.061887,0.009109,0.0,267
1,1,1,1,0,0,1,1,0,0,0,1,8,5,3,bus_cif.y4m,68.35,68.298,0.234457,0.006761,0.0,146
1,0,1,0,1,0,1,0,0,0,0,1,2,15,0,bus_cif.y4m,20.88,20.848,0.087864,0.009107,0.0,27
1,0,1,0,1,0,1,0,0,0,1,1,8,0,3,bus_cif.y4m,20.86,20.812,0.071204,0.009109,0.0,137
1,1,1,1,0,0,0,1,0,0,1,1,2,15,0,bus_cif.y4m,69.28,69.268,0.177398,0.007027,0.0,189
1,1,1,0,1,0,1,1,0,1,0,0,4,15,0,bus_cif.y4m,30.47,30.48,0.084853,0.006764,0.0,132
1,1,1,1,0,0,0,0,1,1,0,1,8,0,0,bus_cif.y4m,49.15,49.086,0.162573,0.007016,0.0,169
1,0,1,0,0,1,0,0,0,0,0,0,1,5,6,bus_cif.y4m,35.25,35.278,0.070143,0.009425,0.0,33
1,0,1,1,0,0,0,0,0,0,1,1,8,15,0,bus_cif.y4m,40.49,40.564,0.137405,0.009103,0.0,205
1,0,1,1,0,0,0,0,0,1,0,1,2,0,0,bus_cif.y4m,40.39,40.324,0.148257,0.009112,0.0,245
1,1,1,0,1,0,1,1,0,0,1,1,1,15,0,bus_cif.y4m,30.02,30.014,0.102859,0.006758,0.0,298
1,0,1,1,0,0,1,0,0,1,1,0,2,5,6,bus_cif.y4m,44.91,44.912,0.114324,0.009108,0.0,163
1,1,1,1,0,0,0,1,0,0,0,0,1,5,0,bus_cif.y4m,69.23,69.272,0.171523,0.007027,0.0,123
1,0,1,0,0,1,1,0,0,1,0,0,4,15,0,bus_cif.y4m,39.9,39.934,0.12482,0.009214,0.0,4
1,0,1,0,0,1,1,0,0,1,1,0,8,5,6,bus_cif.y4m,40.0,39.948,0.178101,0.009214,0.0,141
1,1,1,0,1,0,0,1,0,1,0,0,8,5,6,bus_cif.y4m,31.89,31.894,0.071624,0.007029,0.0,129
1,1,1,0,1,0,1,1,0,1,1,0,4,5,3,bus_cif.y4m,31.12,31.098,0.049699,0.006764,0.0,159
1,0,1,0,0,1,1,0,0,1,0,0,1,0,0,bus_cif.y4m,39.48,39.424,0.166973,0.009214,0.0,22
1,0,1,0,0,1,0,0,0,1,0,1,2,0,6,bus_cif.y4m,35.05,35.094,0.167123,0.009397,0.0,175
1,1,1,1,0,0,0,1,0,1,1,1,8,5,6,bus_cif.y4m,71.49,71.492,0.035637,0.00703,0.0,151
1,1,1,0,1,0,0,1,0,0,1,0,2,5,0,bus_cif.y4m,31.27,31.268,0.037683,0.007027,0.0,52
1,0,1,0,0,1,0,0,0,0,0,1,4,0,3,bus_cif.y4m,35.19,35.182,0.158965,0.009397,0.0,108
1,0,1,0,1,0,1,0,0,0,0,1,8,15,0,bus_cif.y4m,20.79,20.838,0.08167,0.009107,0.0,72
1,0,1,1,0,0,1,0,0,1,1,0,8,0,6,bus_cif.y4m,45.07,45.072,0.038987,0.009108,0.0,248
1,1,1,1,0,0,1,1,0,1,1,0,8,5,6,bus_cif.y4m,69.23,69.13,0.151493,0.006748,0.0,174
1,0,1,1,0,0,1,0,0,1,1,1,8,0,3,bus_cif.y4m,45.0,44.944,0.195908,0.009108,0.0,130
1,1,1,0,1,0,1,1,0,1,1,1,8,15,0,bus_cif.y4m,30.62,30.606,0.068775,0.006764,0.0,168
1,0,1,0,0,1,1,0,0,1,0,1,8,0,6,bus_cif.y4m,39.83,39.814,0.099146,0.009211,0.0,198
1,0,1,0,0,1,1,0,0,1,1,0,1,0,3,bus_cif.y4m,39.52,39.466,0.119499,0.009214,0.0,83
1,1,1,1,0,0,1,1,0,0,1,0,1,0,3,bus_cif.y4m,64.07,64.12,0.139463,0.006756,0.0,291
1,0,1,0,1,0,0,0,0,1,1,0,1,0,6,bus_cif.y4m,17.56,17.518,0.076616,0.009157,0.0,237
1,0,1,0,0,1,0,0,0,1,1,1,2,15,3,bus_cif.y4m,35.29,35.266,0.146731,0.009425,0.0,90
1,1,1,1,0,0,1,1,0,0,0,1,1,15,0,bus_cif.y4m,68.28,68.344,0.161648,0.006767,0.0,87
1,0,1,1,0,0,1,0,0,1,0,0,1,5,0,bus_cif.y4m,45.0,44.944,0.160094,0.009108,0.0,74
1,0,1,0,0,1,0,0,0,1,0,0,2,0,3,bus_cif.y4m,35.21,35.238,0.076942,0.009425,0.0,201
1,0,1,0,1,0,0,0,0,1,0,1,1,0,0,bus_cif.y4m,17.33,17.36,0.071764,0.009169,0.0,183
1,0,1,1,0,0,0,0,0,0,0,0,4,0,6,bus_cif.y4m,40.53,40.518,0.075631,0.009103,0.0,227
1,1,1,0,1,0,1,1,0,0,0,0,1,15,6,bus_cif.y4m,30.85,30.82,0.06892,0.00677,0.0,222
1,0,1,0,0,1,0,0,0,0,1,0,8,0,6,bus_cif.y4m,35.29,35.344,0.158524,0.009425,0.0,55
1,0,1,1,0,0,0,0,0,0,1,1,2,5,0,bus_cif.y4m,40.46,40.486,0.125419,0.009103,0.0,142
1,0,1,1,0,0,1,0,0,1,0,1,1,5,6,bus_cif.y4m,45.0,44.914,0.147411,0.009097,0.0,124
1,0,1,1,0,0,1,0,0,0,0,0,8,0,0,bus_cif.y4m,44.85,44.876,0.166973,0.009108,0.0,95
1,0,1,1,0,0,1,0,0,1,0,0,2,15,0,bus_cif.y4m,44.83,44.854,0.12482,0.009108,0.0,241
1,0,1,0,1,0,0,0,0,0,1,1,1,5,3,bus_cif.y4m,17.61,17.618,0.041473,0.009169,0.0,289
1,0,1,1,0,0,1,0,0,1,1,0,1,5,0,bus_cif.y4m,44.86,44.854,0.09685,0.009108,0.0,278
1,1,1,0,1,0,0,1,0,1,1,0,1,0,6,bus_cif.y4m,30.58,30.562,0.081363,0.007027,0.0,176
1,0,1,0,0,1,1,0,0,0,1,0,8,5,0,bus_cif.y4m,39.48,39.45,0.080932,0.009214,0.0,122
1,0,1,0,0,1,0,0,0,0,1,0,4,0,6,bus_cif.y4m,35.37,35.342,0.115412,0.009425,0.0,30
1,1,1,0,1,0,0,1,0,0,0,0,2,0,6,bus_cif.y4m,31.07,31.092,0.066483,0.007027,0.0,251
1,0,1,1,0,0,0,0,0,0,0,1,1,0,0,bus_cif.y4m,40.33,40.336,0.106911,0.009112,0.0,120
1,0,1,1,0,0,0,0,0,0,0,1,2,15,6,bus_cif.y4m,40.28,40.23,0.104163,0.009112,0.0,144
1,0,1,0,1,0,1,0,0,0,0,0,1,0,3,bus_cif.y4m,20.74,20.758,0.086139,0.009109,0.0,265
1,1,1,0,1,0,0,1,0,0,1,0,2,0,6,bus_cif.y4m,31.05,31.038,0.068337,0.007027,0.0,260
1,1,1,0,1,0,0,1,0,0,0,1,1,0,3,bus_cif.y4m,31.62,31.628,0.079183,0.007027,0.0,78
1,0,1,0,1,0,0,0,0,0,1,1,8,15,3,bus_cif.y4m,17.7,17.684,0.043932,0.009157,0.0,84
1,0,1,1,0,0,1,0,0,1,0,0,4,15,3,bus_cif.y4m,44.86,44.892,0.129112,0.009108,0.0,296
1,0,1,0,0,1,0,0,0,0,0,1,2,5,6,bus_cif.y4m,35.07,35.09,0.104163,0.009397,0.0,232
1,0,1,0,0,1,1,0,0,0,1,0,4,15,6,bus_cif.y4m,39.87,39.924,0.17672,0.009214,0.0,213
1,1,1,0,1,0,0,1,0,0,1,1,8,15,3,bus_cif.y4m,31.48,31.504,0.056391,0.007028,0.0,94
1,0,1,0,1,0,0,0,0,0,1,1,1,5,0,bus_cif.y4m,17.6,17.598,0.053572,0.009169,0.0,178
1,0,1,1,0,0,1,0,0,1,0,0,4,0,0,bus_cif.y4m,45.06,45.0,0.098234,0.009108,0.0,127
1,1,1,0,1,0,1,1,0,0,1,0,8,5,6,bus_cif.y4m,30.56,30.556,0.070214,0.006757,0.0,111
1,0,1,0,1,0,0,0,0,0,0,1,1,0,6,bus_cif.y4m,17.57,17.568,0.069785,0.009169,0.0,92
1,1,1,1,0,0,0,1,0,0,1,0,8,15,6,bus_cif.y4m,69.67,69.634,0.124218,0.007027,0.0,54
1,0,1,0,0,1,0,0,0,0,0,1,2,15,0,bus_cif.y4m,35.07,35.116,0.147919,0.009397,0.0,45
1,0,1,1,0,0,0,0,0,1,0,0,4,0,6,bus_cif.y4m,40.42,40.448,0.075961,0.009103,0.0,226
1,1,1,1,0,0,1,1,0,1,0,0,8,5,0,bus_cif.y4m,66.67,66.696,0.087063,0.006756,0.0,200
1,0,1,0,0,1,1,0,0,1,0,1,8,5,6,bus_cif.y4m,39.82,39.806,0.158524,0.009211,0.0,59
1,1,1,0,1,0,1,0,1,0,0,1,2,0,0,bus_cif.y4m,22.44,22.428,0.087579,0.006689,0.0,19
1,1,1,1,0,0,0,1,0,1,0,0,2,15,0,bus_cif.y4m,69.26,69.22,0.169558,0.007027,0.0,47
1,1,1,0,1,0,1,1,0,0,0,1,4,5,6,bus_cif.y4m,31.0,31.03,0.118954,0.006768,0.0,32
1,1,1,0,1,0,0,1,0,1,0,0,1,5,6,bus_cif.y4m,31.52,31.502,0.097314,0.007029,0.0,170
1,0,1,0,0,1,0,0,0,1,1,0,1,15,0,bus_cif.y4m,35.26,35.306,0.12054,0.009425,0.0,270
1,0,1,1,0,0,1,0,0,1,0,1,4,15,6,bus_cif.y4m,44.86,44.948,0.196901,0.009097,0.0,207
1,1,1,0,1,0,0,1,0,1,1,1,1,5,6,bus_cif.y4m,31.83,31.834,0.08961,0.007029,0.0,43
1,0,1,0,1,0,1,0,0,0,1,1,1,0,3,bus_cif.y4m,20.84,20.838,0.032711,0.009107,0.0,40
1,1,1,0,1,0,0,1,0,0,1,1,1,5,3,bus_cif.y4m,30.92,30.978,0.121943,0.007028,0.0,117
1,0,1,0,0,1,0,0,0,0,1,0,8,15,6,bus_cif.y4m,34.84,34.832,0.17427,0.009425,0.0,253
1,0,1,1,0,0,0,0,0,1,0,0,1,15,3,bus_cif.y4m,40.52,40.542,0.113446,0.009103,0.0,68
1,1,1,1,0,0,0,1,0,1,1,1,1,15,6,bus_cif.y4m,70.73,70.668,0.143597,0.007029,0.0,186
1,1,1,0,1,0,1,1,0,0,0,1,8,15,3,bus_cif.y4m,30.73,30.764,0.068044,0.006774,0.0,288
1,1,1,0,1,0,0,1,0,0,0,0,2,0,0,bus_cif.y4m,31.01,31.02,0.12083,0.007027,0.0,15
1,0,1,1,0,0,0,0,0,0,1,1,2,15,3,bus_cif.y4m,40.51,40.49,0.147479,0.009103,0.0,82
1,1,1,1,0,0,0,1,0,0,0,0,4,15,6,bus_cif.y4m,70.73,70.662,0.126372,0.007027,0.0,211
1,0,1,0,1,0,1,0,0,1,1,1,8,15,6,bus_cif.y4m,20.77,20.74,0.046368,0.009109,0.0,177
1,1,1,0,1,0,0,1,0,1,1,1,2,5,3,bus_cif.y4m,31.64,31.66,0.106536,0.007027,0.0,210
1,0,1,1,0,0,0,0,0,1,1,1,2,0,3,bus_cif.y4m,40.35,40.446,0.181879,0.009103,0.0,13
1,0,1,0,1,0,1,0,0,0,0,1,2,15,3,bus_cif.y4m,20.89,20.894,0.026077,0.009107,0.0,228
1,0,1,0,1,0,1,0,0,1,1,0,4,5,3,bus_cif.y4m,20.46,20.476,0.067676,0.009109,0.0,38
1,1,1,1,0,0,0,1,0,0,0,1,4,15,6,bus_cif.y4m,69.75,69.698,0.153851,0.007029,0.0,29
1,1,1,1,0,0,1,0,1,1,0,0,8,0,0,bus_cif.y4m,48.1,48.082,0.14481,0.006682,0.0,24
1,1,1,1,0,0,0,1,0,0,0,0,8,5,6,bus_cif.y4m,71.61,71.612,0.139893,0.00703,0.0,293
1,1,1,1,0,0,0,1,0,0,1,0,2,5,6,bus_cif.y4m,71.48,71.548,0.141138,0.00703,0.0,67
1,1,1,0,1,0,0,1,0,1,0,1,2,5,0,bus_cif.y4m,31.84,31.866,0.099649,0.007027,0.0,199
1,0,1,0,0,1,1,0,0,1,1,0,8,15,3,bus_cif.y4m,39.32,39.39,0.143353,0.009214,0.0,244
1,0,1,0,0,1,1,0,0,0,0,0,8,15,0,bus_cif.y4m,39.91,39.944,0.165318,0.009214,0.0,80
1,1,1,1,0,0,1,1,0,1,1,1,2,0,3,bus_cif.y4m,65.17,65.072,0.181576,0.006756,0.0,223
1,1,1,0,1,0,1,1,0,0,1,0,8,5,0,bus_cif.y4m,30.13,30.146,0.055946,0.006764,0.0,121
1,0,1,1,0,0,1,0,0,0,0,0,8,5,3,bus_cif.y4m,44.94,44.91,0.161555,0.009108,0.0,261
1,0,1,1,0,0,1,0,0,1,1,0,1,5,6,bus_cif.y4m,44.38,44.376,0.147411,0.009108,0.0,156
1,1,1,1,0,0,0,1,0,0,1,0,4,15,3,bus_cif.y4m,70.06,70.016,0.140107,0.007027,0.0,271
1,1,1,1,0,0,1,1,0,1,0,0,2,15,3,bus_cif.y4m,68.97,69.0,0.195448,0.006734,0.0,9
1,1,1,1,0,0,1,1,0,1,0,1,1,0,0,bus_cif.y4m,66.78,66.712,0.188335,0.006767,0.0,165
1,0,1,0,0,1,1,0,0,1,0,0,1,15,6,bus_cif.y4m,39.81,39.798,0.065345,0.009214,0.0,126
1,0,1,1,0,0,1,0,0,1,1,1,8,5,0,bus_cif.y4m,44.81,44.864,0.135757,0.009108,0.0,280
1,0,1,1,0,0,0,0,0,1,1,0,2,5,3,bus_cif.y4m,40.48,40.5,0.131339,0.009103,0.0,172
1,0,1,0,1,0,1,0,0,0,0,0,1,15,6,bus_cif.y4m,20.79,20.79,0.043012,0.009109,0.0,292
1,0,1,0,0,1,0,0,0,1,0,1,1,0,3,bus_cif.y4m,35.07,35.084,0.138311,0.009397,0.0,179
1,0,1,0,0,1,1,0,0,1,0,1,2,0,3,bus_cif.y4m,39.72,39.764,0.115456,0.009211,0.0,272
1,0,1,0,0,1,1,0,0,0,1,0,4,5,0,bus_cif.y4m,39.83,39.872,0.125579,0.009214,0.0,105
1,0,1,0,1,0,0,0,0,0,0,0,1,0,3,bus_cif.y4m,17.69,17.71,0.046904,0.009157,0.0,76
1,0,1,1,0,0,1,0,0,0,1,0,4,15,3,bus_cif.y4m,45.05,45.052,0.069785,0.009108,0.0,197
1,1,1,1,0,0,1,1,0,0,1,0,1,15,0,bus_cif.y4m,65.92,65.898,0.146526,0.006756,0.0,221
1,1,1,1,0,0,1,1,0,0,1,0,8,15,6,bus_cif.y4m,68.82,68.76,0.200873,0.006754,0.0,167
1,1,1,0,1,0,0,1,0,1,0,1,4,15,6,bus_cif.y4m,31.17,31.188,0.07823,0.007029,0.0,136
1,1,1,1,0,0,0,1,0,1,0,1,8,15,6,bus_cif.y4m,70.78,70.668,0.164073,0.007029,0.0,243
1,0,1,0,1,0,0,0,0,1,0,1,8,15,6,bus_cif.y4m,17.63,17.596,0.066558,0.009169,0.0,60
1,0,1,1,0,0,0,0,0,1,0,1,2,0,6,bus_cif.y4m,40.17,40.236,0.182702,0.009112,0.0,110
1,1,1,1,0,0,1,1,0,1,0,0,1,15,6,bus_cif.y4m,69.05,68.994,0.143283,0.006754,0.0,35
1,0,1,1,0,0,1,0,0,0,1,1,2,5,6,bus_cif.y4m,44.8,44.868,0.140961,0.009108,0.0,235
1,0,1,1,0,0,0,0,0,1,0,0,1,0,3,bus_cif.y4m,40.6,40.628,0.094446,0.009103,0.0,44
1,1,1,0,1,0,1,1,0,0,1,0,4,15,3,bus_cif.y4m,31.4,31.486,0.127201,0.006758,0.0,256
1,0,1,0,0,1,0,0,0,0,1,1,8,0,0,bus_cif.y4m,35.22,35.27,0.158114,0.009425,0.0,192
1,0,1,0,1,0,0,0,0,0,1,1,2,0,0,bus_cif.y4m,17.47,17.478,0.037014,0.009157,0.0,41
1,0,1,1,0,0,0,0,0,0,1,0,4,5,0,bus_cif.y4m,40.55,40.542,0.071903,0.009103,0.0,37
1,0,1,0,0,1,0,0,0,0,0,0,4,5,0,bus_cif.y4m,35.42,35.34,0.123491,0.009425,0.0,26
1,1,1,1,0,0,0,1,0,0,0,0,1,0,3,bus_cif.y4m,66.5,66.462,0.168434,0.007027,0.0,273
1,1,1,1,0,0,1,1,0,0,0,1,1,5,6,bus_cif.y4m,68.82,68.762,0.142899,0.006752,0.0,233
1,1,1,0,1,0,1,1,0,0,1,1,8,0,0,bus_cif.y4m,30.21,30.224,0.14775,0.006764,0.0,101
1,0,1,1,0,0,0,0,0,0,0,1,2,5,3,bus_cif.y4m,40.36,40.33,0.178606,0.009112,0.0,39
1,1,1,0,1,0,0,1,0,0,0,1,1,15,0,bus_cif.y4m,31.39,31.398,0.078867,0.007027,0.0,106
1,1,1,0,1,0,0,0,1,1,0,0,1,0,0,bus_cif.y4m,22.67,22.65,0.043012,0.007018,0.0,242
1,1,1,1,0,0,1,1,0,0,1,0,2,15,0,bus_cif.y4m,66.09,66.05,0.113358,0.006756,0.0,193
1,0,1,0,1,0,1,0,0,0,1,0,1,15,6,bus_cif.y4m,20.67,20.73,0.105594,0.009109,0.0,103
1,1,1,0,1,0,0,1,0,1,1,1,8,5,6,bus_cif.y4m,31.99,31.992,0.093381,0.007029,0.0,1
1,0,1,1,0,0,0,0,0,1,1,1,1,0,0,bus_cif.y4m,40.4,40.38,0.076158,0.009112,0.0,61
1,1,1,1,0,0,0,0,1,0,0,0,2,0,0,bus_cif.y4m,48.98,48.988,0.155467,0.007016,0.0,56
1,1,1,0,1,0,0,1,0,0,1,0,8,15,3,bus_cif.y4m,31.45,31.472,0.083187,0.007028,0.0,148
1,0,1,0,1,0,0,0,0,1,0,1,2,5,0,bus_cif.y4m,17.64,17.646,0.079246,0.009169,0.0,112
1,0,1,0,1,0,1,0,0,0,1,0,8,15,3,bus_cif.y4m,20.43,20.44,0.033912,0.009109,0.0,300
1,0,1,0,1,0,0,0,0,1,1,0,4,15,0,bus_cif.y4m,17.79,17.794,0.030496,0.009157,0.0,249
1,0,1,0,1,0,0,0,0,0,0,1,2,0,0,bus_cif.y4m,17.34,17.346,0.035777,0.009169,0.0,20
1,1,1,1,0,0,1,1,0,1,0,1,1,5,0,bus_cif.y4m,67.38,67.378,0.1001,0.006767,0.0,104
1,1,1,1,0,0,0,1,0,1,1,1,8,15,6,bus_cif.y4m,70.67,70.634,0.135388,0.007027,0.0,131
1,0,1,1,0,0,0,0,0,0,0,0,2,0,3,bus_cif.y4m,40.39,40.436,0.086487,0.009103,0.0,69
1,0,1,0,1,0,1,0,0,0,0,0,2,0,3,bus_cif.y4m,20.78,20.746,0.089889,0.009109,0.0,220
1,1,1,1,0,0,1,1,0,1,1,1,8,15,6,bus_cif.y4m,69.11,69.11,0.206519,0.006754,0.0,11
1,1,1,1,0,0,1,1,0,1,0,0,4,15,6,bus_cif.y4m,68.95,68.898,0.167839,0.006754,0.0,258
1,0,1,0,1,0,1,0,0,0,0,0,2,15,3,bus_cif.y4m,20.47,20.472,0.087864,0.009109,0.0,65
1,0,1,0,0,1,1,0,0,0,0,0,2,15,0,bus_cif.y4m,40.04,39.99,0.112472,0.009214,0.0,160
1,0,1,0,0,1,1,0,0,0,0,0,8,0,0,bus_cif.y4m,39.94,39.934,0.113049,0.009214,0.0,238
1,1,1,1,0,0,0,1,0,0,0,0,4,0,0,bus_cif.y4m,67.41,67.452,0.187803,0.007027,0.0,57
1,1,1,0,1,0,0,1,0,1,0,1,2,0,0,bus_cif.y4m,31.64,31.622,0.084971,0.007027,0.0,79
1,0,1,0,1,0,1,0,0,0,1,0,4,15,3,bus_cif.y4m,20.76,20.756,0.054129,0.009109,0.0,224
1,1,1,0,1,0,0,1,0,1,0,0,2,0,3,bus_cif.y4m,30.98,30.984,0.045056,0.007027,0.0,48
1,0,1,0,1,0,1,0,0,0,0,1,8,0,6,bus_cif.y4m,20.88,20.884,0.041593,0.009107,0.0,173
1,1,1,1,0,0,1,1,0,0,1,1,1,0,0,bus_cif.y4m,66.41,66.462,0.149566,0.006767,0.0,283
1,0,1,0,1,0,0,0,0,0,0,0,1,0,6,bus_cif.y4m,17.69,17.708,0.076616,0.009157,0.0,190
1,0,1,0,1,0,1,0,0,1,1,1,4,0,6,bus_cif.y4m,20.84,20.824,0.084439,0.009109,0.0,259
1,0,1,1,0,0,0,0,0,0,0,1,1,15,3,bus_cif.y4m,40.3,40.31,0.104881,0.009112,0.0,7
1,0,1,0,0,1,0,0,0,0,0,1,2,5,0,bus_cif.y4m,34.7,34.684,0.10015,0.009397,0.0,73
1,1,1,1,0,0,1,1,0,0,0,0,2,0,6,bus_cif.y4m,64.88,64.904,0.088769,0.006756,0.0,63
1,0,1,0,0,1,1,0,0,1,1,0,2,15,3,bus_cif.y4m,39.38,39.442,0.142548,0.009214,0.0,284
1,0,1,1,0,0,1,0,0,1,0,1,8,15,6,bus_cif.y4m,45.04,44.956,0.183385,0.009097,0.0,250
1,1,1,0,1,0,0,1,0,0,0,0,2,5,0,bus_cif.y4m,31.41,31.404,0.054129,0.007027,0.0,209
1,0,1,0,1,0,1,0,0,0,0,1,4,5,3,bus_cif.y4m,20.85,20.854,0.0498,0.009107,0.0,138
1,1,1,1,0,0,0,0,1,1,1,0,1,0,0,bus_cif.y4m,48.99,49.046,0.118237,0.007016,0.0,135
1,1,1,1,0,0,1,1,0,1,1,0,4,5,3,bus_cif.y4m,68.95,68.924,0.106911,0.006741,0.0,264
1,1,1,1,0,0,0,1,0,1,1,0,2,0,6,bus_cif.y4m,67.28,67.392,0.20204,0.007027,0.0,215
1,0,1,0,0,1,0,0,0,0,1,1,4,5,3,bus_cif.y4m,35.18,35.24,0.123895,0.009425,0.0,50
1,0,1,1,0,0,0,0,0,1,1,0,4,0,6,bus_cif.y4m,40.59,40.594,0.056833,0.009103,0.0,98
1,1,1,1,0,0,0,1,0,1,1,0,1,15,0,bus_cif.y4m,69.3,69.292,0.124579,0.007027,0.0,140
1,1,1,1,0,0,0,1,0,0,1,1,1,0,3,bus_cif.y4m,67.21,67.258,0.126768,0.007028,0.0,113
1,0,1,0,1,0,1,0,0,1,1,0,1,0,6,bus_cif.y4m,20.77,20.772,0.063008,0.009109,0.0,3
1,0,1,0,0,1,0,0,0,1,1,1,8,0,0,bus_cif.y4m,35.24,35.284,0.137405,0.009425,0.0,149
1,0,1,1,0,0,0,0,0,0,1,1,8,5,6,bus_cif.y4m,39.96,40.03,0.151327,0.009103,0.0,153
1,1,1,1,0,0,1,1,0,1,1,0,2,15,6,bus_cif.y4m,68.88,68.86,0.113358,0.006754,0.0,133
1,0,1,1,0,0,0,0,0,0,0,0,1,0,3,bus_cif.y4m,40.07,40.076,0.070214,0.009103,0.0,191
1,1,1,0,1,0,0,1,0,1,0,1,1,0,6,bus_cif.y4m,31.52,31.522,0.058481,0.007027,0.0,100
1,0,1,1,0,0,1,0,0,0,1,0,4,0,3,bus_cif.y4m,44.42,44.396,0.168908,0.009108,0.0,85
1,0,1,0,0,1,1,0,0,0,0,0,2,0,3,bus_cif.y4m,39.86,39.908,0.121943,0.009214,0.0,88
1,0,1,0,1,0,1,0,0,1,1,0,4,15,6,bus_cif.y4m,20.72,20.734,0.070214,0.009109,0.0,31
1,0,1,0,0,1,1,0,0,0,0,0,4,5,3,bus_cif.y4m,39.49,39.424,0.168315,0.009214,0.0,134
1,1,1,0,1,0,1,1,0,1,1,1,8,0,3,bus_cif.y4m,30.25,30.252,0.028636,0.006764,0.0,147
1,1,1,1,0,0,0,1,0,0,1,1,4,15,6,bus_cif.y4m,70.83,70.722,0.179778,0.007027,0.0,275
1,0,1,0,0,1,1,0,0,0,1,0,4,15,3,bus_cif.y4m,39.89,39.948,0.151723,0.009214,0.0,143
1,1,1,0,1,0,1,1,0,1,0,0,1,5,6,bus_cif.y4m,30.55,30.538,0.045497,0.006757,0.0,8
1,1,1,1,0,0,1,1,0,0,1,1,4,5,3,bus_cif.y4m,68.87,68.916,0.153883,0.006741,0.0,216
1,0,1,1,0,0,1,0,0,1,0,0,1,0,3,bus_cif.y4m,45.09,44.966,0.21744,0.009108,0.0,214
1,0,1,0,0,1,0,0,0,0,0,0,1,5,0,bus_cif.y4m,35.23,35.25,0.104881,0.009425,0.0,17
1,0,1,0,0,1,1,0,0,0,0,0,1,5,0,bus_cif.y4m,40.02,39.97,0.129615,0.009214,0.0,206
1,0,1,0,1,0,0,0,0,1,1,1,8,15,0,bus_cif.y4m,17.83,17.772,0.084083,0.009157,0.0,36
1,1,1,0,1,0,1,1,0,0,0,0,4,15,3,bus_cif.y4m,31.49,31.5,0.109316,0.006758,0.0,6
1,0,1,1,0,0,1,0,0,0,0,1,1,0,6,bus_cif.y4m,44.82,44.904,0.188494,0.009097,0.0,5
1,0,1,1,0,0,1,0,0,0,0,0,8,15,6,bus_cif.y4m,45.06,45.066,0.153558,0.009108,0.0,164
1,0,1,0,0,1,0,0,0,1,0,0,8,0,6,bus_cif.y4m,35.21,35.226,0.07893,0.009425,0.0,97
1,0,1,1,0,0,0,0,0,0,1,0,2,5,3,bus_cif.y4m,39.87,39.906,0.091269,0.009103,0.0,236
1,1,1,0,1,0,1,1,0,0,0,0,8,5,0,bus_cif.y4m,30.1,30.076,0.041593,0.006764,0.0,71
1,1,1,0,1,0,1,1,0,1,0,1,2,0,3,bus_cif.y4m,29.69,29.712,0.09576,0.00676,0.0,295
1,0,1,1,0,0,1,0,0,1,1,0,8,5,3,bus_cif.y4m,44.82,44.904,0.134648,0.009108,0.0,286
1,0,1,0,1,0,0,0,0,0,0,1,1,5,0,bus_cif.y4m,17.57,17.59,0.06892,0.009169,0.0,34
1,0,1,0,1,0,1,0,0,1,1,1,1,5,3,bus_cif.y4m,20.9,20.886,0.07893,0.009107,0.0,240
1,0,1,0,0,1,1,0,0,0,0,1,4,15,3,bus_cif.y4m,39.35,39.326,0.149766,0.009211,0.0,18
1,0,1,0,1,0,0,0,0,0,1,0,8,0,6,bus_cif.y4m,17.73,17.722,0.058052,0.009157,0.0,102
1,1,1,1,0,0,1,0,1,0,1,0,4,0,0,bus_cif.y4m,47.37,47.4,0.09083,0.006682,0.0,51
1,1,1,1,0,0,1,1,0,0,0,1,4,15,6,bus_cif.y4m,68.5,68.522,0.062209,0.006752,0.0,282
1,0,1,0,1,0,1,0,0,1,1,1,1,0,3,bus_cif.y4m,20.85,20.826,0.091815,0.009107,0.0,77
1,0,1,1,0,0,1,0,0,0,1,0,2,0,3,bus_cif.y4m,44.9,44.896,0.240894,0.009108,0.0,128
1,1,1,0,1,0,1,1,0,0,0,0,2,5,3,bus_cif.y4m,31.17,31.174,0.107378,0.006764,0.0,234
1,0,1,1,0,0,0,0,0,0,1,1,1,0,0,bus_cif.y4m,39.8,39.824,0.139392,0.009112,0.0,252
1,0,1,1,0,0,1,0,0,0,0,1,4,0,3,bus_cif.y4m,44.9,44.924,0.106442,0.009097,0.0,28
1,0,1,0,0,1,1,0,0,1,1,1,8,15,3,bus_cif.y4m,39.46,39.482,0.078867,0.009214,0.0,139
1,0,1,0,0,1,0,0,0,0,0,1,1,5,0,bus_cif.y4m,35.19,35.11,0.120623,0.009397,0.0,158
1,1,1,0,1,0,1,1,0,1,0,1,8,5,3,bus_cif.y4m,30.66,30.68,0.086313,0.006772,0.0,152
1,0,1,1,0,0,1,0,0,1,0,0,2,0,6,bus_cif.y4m,44.98,44.978,0.145327,0.009108,0.0,12
1,1,1,0,1,0,0,1,0,0,0,1,4,15,3,bus_cif.y4m,31.83,31.902,0.122352,0.007028,0.0,294
1,1,1,0,1,0,0,1,0,0,0,1,8,15,3,bus_cif.y4m,31.97,31.986,0.130307,0.007028,0.0,154
1,1,1,1,0,0,0,1,0,1,0,0,2,15,6,bus_cif.y4m,70.93,70.916,0.053198,0.007027,0.0,157
1,0,1,1,0,0,1,0,0,1,1,1,2,0,3,bus_cif.y4m,44.83,44.858,0.206688,0.009108,0.0,150
1,1,1,0,1,0,1,1,0,0,1,0,8,0,6,bus_cif.y4m,30.24,30.24,0.067454,0.006764,0.0,287
1,0,1,0,1,0,0,0,0,1,1,0,1,0,3,bus_cif.y4m,17.8,17.786,0.04827,0.009157,0.0,297
1,0,1,0,0,1,0,0,0,1,1,0,8,15,0,bus_cif.y4m,35.2,35.22,0.130576,0.009425,0.0,263
1,1,1,0,1,0,0,1,0,1,1,1,1,5,3,bus_cif.y4m,30.92,30.952,0.084971,0.007028,0.0,255
1,0,1,1,0,0,0,0,0,1,1,0,8,15,3,bus_cif.y4m,40.61,40.586,0.156141,0.009103,0.0,115
1,0,1,0,0,1,1,0,0,1,0,1,4,15,3,bus_cif.y4m,39.9,39.902,0.049193,0.009211,0.0,188
1,0,1,0,0,1,1,0,0,0,0,1,8,0,6,bus_cif.y4m,39.77,39.778,0.126768,0.009211,0.0,212
1,0,1,1,0,0,1,0,0,0,0,1,1,15,3,bus_cif.y4m,44.82,44.834,0.11149,0.009097,0.0,195
1,0,1,0,1,0,0,0,0,0,1,1,2,15,0,bus_cif.y4m,17.8,17.746,0.079875,0.009157,0.0,119
1,0,1,1,0,0,0,0,0,1,0,1,4,15,0,bus_cif.y4m,40.43,40.322,0.167093,0.009112,0.0,58
1,0,1,0,1,0,1,0,0,1,0,1,4,0,6,bus_cif.y4m,20.88,20.862,0.069785,0.009107,0.0,277
1,0,1,0,1,0,1,0,0,0,1,1,4,5,6,bus_cif.y4m,20.87,20.87,0.025495,0.009109,0.0,64
1,1,1,0,1,0,1,1,0,1,0,0,2,0,0,bus_cif.y4m,30.22,30.24,0.077782,0.006764,0.0,285
1,1,1,0,1,0,1,1,0,1,0,0,4,0,0,bus_cif.y4m,30.24,30.228,0.081056,0.006764,0.0,290
1,0,1,1,0,0,0,0,0,1,0,1,8,5,6,bus_cif.y4m,40.3,40.348,0.102323,0.009112,0.0,196
1,1,1,1,0,0,1,0,1,1,1,1,1,0,0,bus_cif.y4m,48.42,48.338,0.173263,0.006685,0.0,93
1,0,1,1,0,0,1,0,0,0,1,1,4,5,6,bus_cif.y4m,44.87,44.922,0.154661,0.009108,0.0,299
1,0,1,1,0,0,0,0,0,1,0,0,2,5,0,bus_cif.y4m,40.43,40.43,0.043012,0.009103,0.0,125
1,1,1,0,1,0,0,1,0,1,0,1,2,15,6,bus_cif.y4m,31.6,31.63,0.074833,0.007029,0.0,21
1,0,1,0,1,0,0,0,0,1,0,1,2,0,0,bus_cif.y4m,17.64,17.62,0.057009,0.009169,0.0,225
1,0,1,0,1,0,0,0,0,1,0,0,2,5,0,city_cif.y4m,22.3,22.266,0.069138,0.005741,0.0,114
1,1,1,1,0,0,0,0,1,0,0,1,1,0,0,city_cif.y4m,61.9,61.932,0.103296,0.004672,0.0,281
1,1,1,1,0,0,0,1,0,1,1,0,2,5,0,city_cif.y4m,72.59,72.658,0.157861,0.004617,0.0,49
1,0,1,0,0,1,1,0,0,0,0,0,2,15,6,city_cif.y4m,63.4,63.148,0.429732,0.005464,0.0,194
1,0,1,1,0,0,0,0,0,0,0,0,2,0,6,city_cif.y4m,55.14,54.884,0.424182,0.005729,0.0,62
1,1,1,0,1,0,0,1,0,1,1,1,1,15,3,city_cif.y4m,31.66,31.472,0.379434,0.004611,0.0,91
1,0,1,0,0,1,1,0,0,0,0,0,4,0,6,city_cif.y4m,59.66,59.366,0.664966,0.005464,0.0,107
1,0,1,1,0,0,1,0,0,0,0,1,4,5,3,city_cif.y4m,66.31,65.986,0.565977,0.005435,0.0,181
1,0,1,0,1,0,1,0,0,0,0,0,4,5,0,city_cif.y4m,30.64,30.778,0.42358,0.005447,0.0,247
1,0,1,1,0,0,0,0,0,1,1,0,4,5,3,city_cif.y4m,54.83,54.896,0.533929,0.005729,0.0,166
1,0,1,0,0,1,0,0,0,0,1,1,4,0,0,city_cif.y4m,48.51,48.538,0.143073,0.005926,0.0,25
1,1,1,0,1,0,0,1,0,0,0,1,8,0,6,city_cif.y4m,29.63,29.64,0.06,0.004628,0.0,203
1,1,1,1,0,0,1,1,0,1,1,1,4,5,6,city_cif.y4m,69.84,69.778,0.136088,0.004537,0.0,219
1,0,1,0,0,1,0,0,0,0,0,0,4,15,0,city_cif.y4m,48.4,48.45,0.20664,0.005926,0.0,162
1,0,1,1,0,0,1,0,0,0,1,0,4,15,6,city_cif.y4m,65.59,66.356,1.11807,0.005442,0.0,182
1,0,1,0,0,1,0,0,0,1,1,0,1,15,6,city_cif.y4m,49.63,49.372,0.544582,0.005926,0.0,10
1,1,1,1,0,0,1,1,0,1,1,1,2,15,0,city_cif.y4m,72.91,73.756,1.725842,0.004553,0.0,14
1,1,1,1,0,0,0,1,0,0,0,1,1,0,6,city_cif.y4m,70.83,70.948,0.224878,0.004614,0.0,89
1,1,1,1,0,0,0,1,0,1,1,1,1,5,0,city_cif.y4m,72.04,72.092,0.211825,0.004613,0.0,116
1,0,1,1,0,0,0,0,0,0,1,1,4,15,3,city_cif.y4m,58.2,58.16,0.084558,0.005729,0.0,217
1,1,1,0,1,0,0,1,0,0,1,0,1,0,0,city_cif.y4m,29.29,29.27,0.06,0.004614,0.0,75
1,1,1,0,1,0,0,1,0,1,1,1,2,15,6,city_cif.y4m,30.79,31.0,0.44486,0.004578,0.0,266
1,0,1,1,0,0,1,0,0,0,1,1,4,15,3,city_cif.y4m,70.34,70.302,0.109864,0.005442,0.0,268
1,0,1,0,1,0,1,0,0,1,1,1,4,15,3,city_cif.y4m,31.22,31.204,0.07893,0.005447,0.0,187
1,0,1,0,0,1,1,0,0,0,1,0,8,15,3,city_cif.y4m,60.48,59.974,1.593684,0.005464,0.0,161
1,0,1,0,1,0,1,0,0,0,1,0,2,0,6,city_cif.y4m,32.8,32.8,0.109316,0.005447,0.0,23
1,1,1,1,0,0,0,1,0,1,1,0,2,5,6,city_cif.y4m,78.16,78.312,0.229935,0.0046,0.0,2
1,1,1,1,0,0,1,0,1,1,0,1,2,0,0,city_cif.y4m,62.22,62.86,1.079328,0.004553,0.0,16
1,0,1,1,0,0,0,0,0,1,1,1,8,15,0,city_cif.y4m,54.59,55.04,0.889831,0.005729,0.0,262
1,1,1,1,0,0,0,1,0,1,1,0,4,5,0,city_cif.y4m,74.87,74.436,0.99686,0.004617,0.0,66
1,0,1,1,0,0,0,0,0,1,0,0,2,0,0,city_cif.y4m,54.29,54.352,0.136088,0.005729,0.0,86
1,0,1,0,1,0,1,0,0,0,1,0,2,5,6,city_cif.y4m,32.8,32.828,0.120499,0.005447,0.0,231
1,0,1,0,1,0,0,0,0,0,0,0,4,5,0,city_cif.y4m,22.28,22.298,0.036332,0.005741,0.0,269
1,1,1,0,1,0,1,1,0,0,1,0,1,5,0,city_cif.y4m,30.95,30.968,0.040866,0.004562,0.0,180
1,0,1,0,0,1,0,0,0,0,1,0,4,5,6,city_cif.y4m,48.53,48.504,0.193985,0.005926,0.0,274
1,1,1,1,0,0,0,1,0,1,1,0,2,15,6,city_cif.y4m,74.44,75.304,1.20172,0.004593,0.0,184
1,0,1,0,0,1,1,0,0,0,0,1,4,5,0,city_cif.y4m,62.46,62.504,0.107842,0.005441,0.0,118
1,1,1,1,0,0,0,1,0,0,0,0,1,0,6,city_cif.y4m,73.49,72.848,1.281257,0.004617,0.0,254
1,0,1,1,0,0,1,0,0,0,1,1,4,5,0,city_cif.y4m,66.14,66.512,1.006464,0.005442,0.0,208
1,0,1,0,0,1,1,0,0,1,1,0,4,5,6,city_cif.y4m,58.5,58.676,0.359764,0.005464,0.0,279
1,1,1,1,0,0,0,1,0,0,1,1,4,15,3,city_cif.y4m,76.53,76.368,1.071993,0.004598,0.0,229
1,0,1,0,0,1,1,0,0,1,1,1,1,0,0,city_cif.y4m,58.61,58.906,0.67737,0.005441,0.0,46
1,0,1,0,0,1,0,0,0,1,1,1,4,5,6,city_cif.y4m,48.63,48.562,0.277795,0.005926,0.0,171
1,1,1,1,0,0,0,1,0,0,1,0,2,5,0,city_cif.y4m,72.63,72.654,0.133903,0.004617,0.0,99
1,0,1,0,0,1,0,0,0,0,0,0,8,0,0,city_cif.y4m,48.51,48.512,0.193959,0.005926,0.0,81
1,1,1,1,0,0,1,1,0,1,0,1,8,5,0,city_cif.y4m,71.4,71.46,0.140712,0.004562,0.0,155
1,0,1,0,1,0,0,0,0,1,0,1,1,15,6,city_cif.y4m,22.34,22.566,0.610352,0.005732,0.0,96
1,1,1,1,0,0,0,1,0,1,1,1,8,0,0,city_cif.y4m,72.36,72.578,0.748779,0.004617,0.0,218
1,1,1,1,0,0,1,1,0,1,1,0,8,0,6,city_cif.y4m,76.18,76.168,0.119666,0.004553,0.0,53
1,1,1,0,1,0,1,0,1,0,0,0,2,0,0,city_cif.y4m,28.03,28.344,0.522044,0.004595,0.0,109
1,0,1,0,1,0,0,0,0,0,1,0,4,5,6,city_cif.y4m,22.34,22.306,0.056391,0.005741,0.0,185
1,1,1,1,0,0,0,1,0,0,1,1,2,0,0,city_cif.y4m,73.09,73.078,0.146014,0.004617,0.0,239
1,0,1,1,0,0,0,0,0,0,0,1,2,0,0,city_cif.y4m,54.43,54.672,0.678874,0.005715,0.0,276
1,0,1,1,0,0,1,0,0,0,0,1,4,0,6,city_cif.y4m,65.4,65.394,0.206954,0.005435,0.0,257
1,0,1,0,0,1,0,0,0,1,1,0,1,5,0,city_cif.y4m,49.51,49.24,0.870862,0.005926,0.0,42
1,1,1,0,1,0,1,1,0,0,0,0,2,15,3,city_cif.y4m,31.88,31.904,0.101882,0.004513,0.0,204
1,0,1,1,0,0,1,0,0,1,0,1,2,15,6,city_cif.y4m,65.63,65.794,0.413437,0.005435,0.0,145
1,0,1,0,1,0,0,0,0,0,0,0,2,0,3,city_cif.y4m,22.23,22.25,0.04,0.005741,0.0,246
1,1,1,1,0,0,0,1,0,0,1,1,8,0,0,city_cif.y4m,73.77,73.776,0.032863,0.004617,0.0,202
1,1,1,0,1,0,0,1,0,1,0,0,2,5,3,city_cif.y4m,29.78,29.8,0.090277,0.004615,0.0,70
1,0,1,0,1,0,0,0,0,0,1,0,1,5,3,city_cif.y4m,22.64,22.626,0.060249,0.005741,0.0,230
1,0,1,0,1,0,1,0,0,0,0,0,4,15,6,city_cif.y4m,30.75,30.948,0.301612,0.005447,0.0,267
1,1,1,1,0,0,1,1,0,0,0,1,8,5,3,city_cif.y4m,69.64,69.622,0.079183,0.004548,0.0,146
1,0,1,0,1,0,1,0,0,0,0,1,2,15,0,city_cif.y4m,30.65,30.634,0.059414,0.005435,0.0,27
1,0,1,0,1,0,1,0,0,0,1,1,8,0,3,city_cif.y4m,31.4,31.276,0.341511,0.005447,0.0,137
1,1,1,1,0,0,0,1,0,0,1,1,2,15,0,city_cif.y4m,72.59,72.842,0.58798,0.004617,0.0,189
1,1,1,0,1,0,1,1,0,1,0,0,4,15,0,city_cif.y4m,28.95,29.048,0.41415,0.004562,0.0,132
1,1,1,1,0,0,0,0,1,1,0,1,8,0,0,city_cif.y4m,62.08,61.962,0.180194,0.004672,0.0,169
1,0,1,0,0,1,0,0,0,0,0,0,1,5,6,city_cif.y4m,48.71,49.31,1.483223,0.005926,0.0,33
1,0,1,1,0,0,0,0,0,0,1,1,8,15,0,city_cif.y4m,55.34,55.388,0.09654,0.005729,0.0,205
1,0,1,1,0,0,0,0,0,1,0,1,2,0,0,city_cif.y4m,54.39,54.64,0.737157,0.005715,0.0,245
1,1,1,0,1,0,1,1,0,0,1,1,1,15,0,city_cif.y4m,28.7,28.932,0.439625,0.004573,0.0,298
1,0,1,1,0,0,1,0,0,1,1,0,2,5,6,city_cif.y4m,65.39,66.266,1.231799,0.005442,0.0,163
1,1,1,1,0,0,0,1,0,0,0,0,1,5,0,city_cif.y4m,74.73,74.164,1.158482,0.004617,0.0,123
1,0,1,0,0,1,1,0,0,1,0,0,4,15,0,city_cif.y4m,58.5,58.558,0.225987,0.005464,0.0,4
1,0,1,0,0,1,1,0,0,1,1,0,8,5,6,city_cif.y4m,59.71,59.682,0.09757,0.005464,0.0,141
1,1,1,0,1,0,0,1,0,1,0,0,8,5,6,city_cif.y4m,31.0,30.83,0.443734,0.0046,0.0,129
1,1,1,0,1,0,1,1,0,1,1,0,4,5,3,city_cif.y4m,30.28,30.324,0.078294,0.004538,0.0,159
1,0,1,0,0,1,1,0,0,1,0,0,1,0,0,city_cif.y4m,59.57,59.616,0.097622,0.005464,0.0,22
1,0,1,0,0,1,0,0,0,1,0,1,2,0,6,city_cif.y4m,48.04,48.032,0.049699,0.005925,0.0,175
1,1,1,1,0,0,0,1,0,1,1,1,8,5,6,city_cif.y4m,73.58,75.04,2.649047,0.0046,0.0,151
1,1,1,0,1,0,0,1,0,0,1,0,2,5,0,city_cif.y4m,30.14,30.168,0.092033,0.004614,0.0,52
1,0,1,0,0,1,0,0,0,0,0,1,4,0,3,city_cif.y4m,49.12,49.072,0.153199,0.005925,0.0,108
1,0,1,0,1,0,1,0,0,0,0,1,8,15,0,city_cif.y4m,30.54,30.996,0.767515,0.005435,0.0,72
1,0,1,1,0,0,1,0,0,1,1,0,8,0,6,city_cif.y4m,66.03,65.984,0.220409,0.005442,0.0,248
1,1,1,1,0,0,1,1,0,1,1,0,8,5,6,city_cif.y4m,69.91,69.86,0.132665,0.004537,0.0,174
1,0,1,1,0,0,1,0,0,1,1,1,8,0,3,city_cif.y4m,65.6,65.566,0.192302,0.005442,0.0,130
1,1,1,0,1,0,1,1,0,1,1,1,8,15,0,city_cif.y4m,29.34,29.324,0.072664,0.004562,0.0,168
1,0,1,0,0,1,1,0,0,1,0,1,8,0,6,city_cif.y4m,58.39,58.964,0.910016,0.005441,0.0,198
1,0,1,0,0,1,1,0,0,1,1,0,1,0,3,city_cif.y4m,62.49,62.488,0.085849,0.005464,0.0,83
1,1,1,1,0,0,1,1,0,0,1,0,1,0,3,city_cif.y4m,71.14,71.614,0.932888,0.004553,0.0,291
1,0,1,0,1,0,0,0,0,1,1,0,1,0,6,city_cif.y4m,22.26,22.454,0.519115,0.005741,0.0,237
1,0,1,0,0,1,0,0,0,1,1,1,2,15,3,city_cif.y4m,48.6,48.61,0.093541,0.005926,0.0,90
1,1,1,1,0,0,1,1,0,0,0,1,1,15,0,city_cif.y4m,71.4,72.096,1.152706,0.004562,0.0,87
1,0,1,1,0,0,1,0,0,1,0,0,1,5,0,city_cif.y4m,66.13,66.892,2.040348,0.005442,0.0,74
1,0,1,0,0,1,0,0,0,1,0,0,2,0,3,city_cif.y4m,48.59,48.576,0.160717,0.005926,0.0,201
1,0,1,0,1,0,0,0,0,1,0,1,1,0,0,city_cif.y4m,23.78,23.876,0.172569,0.005732,0.0,183
1,0,1,1,0,0,0,0,0,0,0,0,4,0,6,city_cif.y4m,54.58,54.772,0.623033,0.005729,0.0,227
1,1,1,0,1,0,1,1,0,0,0,0,1,15,6,city_cif.y4m,30.46,30.47,0.067082,0.004496,0.0,222
1,0,1,0,0,1,0,0,0,0,1,0,8,0,6,city_cif.y4m,48.48,48.466,0.068044,0.005926,0.0,55
1,0,1,1,0,0,0,0,0,0,1,1,2,5,0,city_cif.y4m,54.26,54.304,0.135019,0.005729,0.0,142
1,0,1,1,0,0,1,0,0,1,0,1,1,5,6,city_cif.y4m,65.39,65.38,0.063246,0.005435,0.0,124
1,0,1,1,0,0,1,0,0,0,0,0,8,0,0,city_cif.y4m,65.53,65.564,0.128957,0.005442,0.0,95
1,0,1,1,0,0,1,0,0,1,0,0,2,15,0,city_cif.y4m,65.55,65.518,0.096281,0.005442,0.0,241
1,0,1,0,1,0,0,0,0,0,1,1,1,5,3,city_cif.y4m,23.74,23.762,0.08167,0.005732,0.0,289
1,0,1,1,0,0,1,0,0,1,1,0,1,5,0,city_cif.y4m,66.83,66.842,0.205232,0.005442,0.0,278
1,1,1,0,1,0,0,1,0,1,1,0,1,0,6,city_cif.y4m,29.74,29.764,0.087636,0.004614,0.0,176
1,0,1,0,0,1,1,0,0,0,1,0,8,5,0,city_cif.y4m,58.6,59.388,1.353059,0.005464,0.0,122
1,0,1,0,0,1,0,0,0,0,1,0,4,0,6,city_cif.y4m,48.6,48.538,0.132552,0.005926,0.0,30
1,1,1,0,1,0,0,1,0,0,0,0,2,0,6,city_cif.y4m,29.25,29.26,0.068557,0.004614,0.0,251
1,0,1,1,0,0,0,0,0,0,0,1,1,0,0,city_cif.y4m,55.79,55.234,0.853012,0.005715,0.0,120
1,0,1,1,0,0,0,0,0,0,0,1,2,15,6,city_cif.y4m,55.91,55.6,0.755414,0.005715,0.0,144
1,0,1,0,1,0,1,0,0,0,0,0,1,0,3,city_cif.y4m,30.75,30.732,0.129112,0.005447,0.0,265
1,1,1,0,1,0,0,1,0,0,1,0,2,0,6,city_cif.y4m,29.31,29.422,0.20401,0.004614,0.0,260
1,1,1,0,1,0,0,1,0,0,0,1,1,0,3,city_cif.y4m,29.74,29.794,0.25501,0.004628,0.0,78
1,0,1,0,1,0,0,0,0,0,1,1,8,15,3,city_cif.y4m,22.31,22.642,0.548562,0.005741,0.0,84
1,0,1,1,0,0,1,0,0,1,0,0,4,15,3,city_cif.y4m,70.16,70.254,0.247952,0.005442,0.0,296
1,0,1,0,0,1,0,0,0,0,0,1,2,5,6,city_cif.y4m,49.13,48.918,0.565394,0.005925,0.0,232
1,0,1,0,0,1,1,0,0,0,1,0,4,15,6,city_cif.y4m,58.52,59.12,1.088692,0.005464,0.0,213
1,1,1,0,1,0,0,1,0,0,1,1,8,15,3,city_cif.y4m,31.74,31.418,0.602428,0.004599,0.0,94
1,0,1,0,1,0,0,0,0,0,1,1,1,5,0,city_cif.y4m,22.31,22.296,0.075033,0.005732,0.0,178
1,0,1,1,0,0,1,0,0,1,0,0,4,0,0,city_cif.y4m,65.89,66.076,0.534864,0.005442,0.0,127
1,1,1,0,1,0,1,1,0,0,1,0,8,5,6,city_cif.y4m,28.77,29.022,0.424582,0.004529,0.0,111
1,0,1,0,1,0,0,0,0,0,0,1,1,0,6,city_cif.y4m,23.91,23.942,0.116919,0.005732,0.0,92
1,1,1,1,0,0,0,1,0,0,1,0,8,15,6,city_cif.y4m,74.52,74.492,0.129306,0.004593,0.0,54
1,0,1,0,0,1,0,0,0,0,0,1,2,15,0,city_cif.y4m,51.68,51.706,0.082946,0.005925,0.0,45
1,0,1,1,0,0,0,0,0,1,0,0,4,0,6,city_cif.y4m,54.42,54.358,0.192276,0.005729,0.0,226
1,1,1,1,0,0,1,1,0,1,0,0,8,5,0,city_cif.y4m,72.42,72.432,0.23253,0.004553,0.0,200
1,0,1,0,0,1,1,0,0,1,0,1,8,5,6,city_cif.y4m,58.67,59.21,1.035978,0.005441,0.0,59
1,1,1,0,1,0,1,0,1,0,0,1,2,0,0,city_cif.y4m,26.08,26.092,0.133304,0.004587,0.0,19
1,1,1,1,0,0,0,1,0,1,0,0,2,15,0,city_cif.y4m,74.16,74.134,0.152414,0.004617,0.0,47
1,1,1,0,1,0,1,1,0,0,0,1,4,5,6,city_cif.y4m,29.37,29.168,0.358845,0.004544,0.0,32
1,1,1,0,1,0,0,1,0,1,0,0,1,5,6,city_cif.y4m,30.43,30.422,0.046583,0.0046,0.0,170
1,0,1,0,0,1,0,0,0,1,1,0,1,15,0,city_cif.y4m,51.87,51.994,0.264443,0.005926,0.0,270
1,0,1,1,0,0,1,0,0,1,0,1,4,15,6,city_cif.y4m,65.99,66.194,1.100968,0.005435,0.0,207
1,1,1,0,1,0,0,1,0,1,1,1,1,5,6,city_cif.y4m,29.73,29.726,0.072319,0.00462,0.0,43
1,0,1,0,1,0,1,0,0,0,1,1,1,0,3,city_cif.y4m,31.14,31.178,0.086718,0.005435,0.0,40
1,1,1,0,1,0,0,1,0,0,1,1,1,5,3,city_cif.y4m,28.96,29.052,0.250739,0.004606,0.0,117
1,0,1,0,0,1,0,0,0,0,1,0,8,15,6,city_cif.y4m,48.58,48.586,0.132966,0.005926,0.0,253
1,0,1,1,0,0,0,0,0,1,0,0,1,15,3,city_cif.y4m,55.46,55.424,0.174728,0.005729,0.0,68
1,1,1,1,0,0,0,1,0,1,1,1,1,15,6,city_cif.y4m,76.04,75.338,1.10459,0.004596,0.0,186
1,1,1,0,1,0,1,1,0,0,0,1,8,15,3,city_cif.y4m,29.24,29.234,0.056833,0.004487,0.0,288
1,1,1,0,1,0,0,1,0,0,0,0,2,0,0,city_cif.y4m,31.64,31.602,0.236368,0.004614,0.0,15
1,0,1,1,0,0,0,0,0,0,1,1,2,15,3,city_cif.y4m,55.61,55.278,0.811153,0.005729,0.0,82
1,1,1,1,0,0,0,1,0,0,0,0,4,15,6,city_cif.y4m,79.6,79.688,0.304089,0.004593,0.0,211
1,0,1,0,1,0,1,0,0,1,1,1,8,15,6,city_cif.y4m,31.55,31.202,0.519394,0.005447,0.0,177
1,1,1,0,1,0,0,1,0,1,1,1,2,5,3,city_cif.y4m,29.83,29.88,0.206882,0.004615,0.0,210
1,0,1,1,0,0,0,0,0,1,1,1,2,0,3,city_cif.y4m,54.37,54.344,0.090443,0.005729,0.0,13
1,0,1,0,1,0,1,0,0,0,0,1,2,15,3,city_cif.y4m,30.6,30.584,0.077006,0.005435,0.0,228
1,0,1,0,1,0,1,0,0,1,1,0,4,5,3,city_cif.y4m,30.73,30.666,0.115888,0.005447,0.0,38
1,1,1,1,0,0,0,1,0,0,0,1,4,15,6,city_cif.y4m,74.27,74.252,0.127945,0.004596,0.0,29
1,1,1,1,0,0,1,0,1,1,0,0,8,0,0,city_cif.y4m,61.5,61.552,0.153525,0.00461,0.0,24
1,1,1,1,0,0,0,1,0,0,0,0,8,5,6,city_cif.y4m,73.51,73.986,1.477779,0.0046,0.0,293
1,1,1,1,0,0,0,1,0,0,1,0,2,5,6,city_cif.y4m,73.29,73.53,0.576411,0.0046,0.0,67
1,1,1,0,1,0,0,1,0,1,0,1,2,5,0,city_cif.y4m,30.46,30.428,0.084971,0.004628,0.0,199
1,0,1,0,0,1,1,0,0,1,1,0,8,15,3,city_cif.y4m,59.97,59.7,1.274618,0.005464,0.0,244
1,0,1,0,0,1,1,0,0,0,0,0,8,15,0,city_cif.y4m,58.23,58.28,0.148829,0.005464,0.0,80
1,1,1,1,0,0,1,1,0,1,1,1,2,0,3,city_cif.y4m,71.63,72.2,0.846936,0.004553,0.0,223
1,1,1,0,1,0,1,1,0,0,1,0,8,5,0,city_cif.y4m,28.86,28.9,0.095131,0.004562,0.0,121
1,0,1,1,0,0,1,0,0,0,0,0,8,5,3,city_cif.y4m,65.45,65.478,0.142373,0.005442,0.0,261
1,0,1,1,0,0,1,0,0,1,1,0,1,5,6,city_cif.y4m,65.59,65.574,0.115888,0.005442,0.0,156
1,1,1,1,0,0,0,1,0,0,1,0,4,15,3,city_cif.y4m,74.68,74.798,0.678137,0.004598,0.0,271
1,1,1,1,0,0,1,1,0,1,0,0,2,15,3,city_cif.y4m,71.52,71.628,0.227969,0.004497,0.0,9
1,1,1,1,0,0,1,1,0,1,0,1,1,0,0,city_cif.y4m,72.29,71.536,1.070855,0.004562,0.0,165
1,0,1,0,0,1,1,0,0,1,0,0,1,15,6,city_cif.y4m,58.36,58.468,0.278514,0.005464,0.0,126
1,0,1,1,0,0,1,0,0,1,1,1,8,5,0,city_cif.y4m,67.62,67.626,0.229957,0.005442,0.0,280
1,0,1,1,0,0,0,0,0,1,1,0,2,5,3,city_cif.y4m,54.84,55.372,1.512207,0.005729,0.0,172
1,0,1,0,1,0,1,0,0,0,0,0,1,15,6,city_cif.y4m,30.71,31.01,0.528536,0.005447,0.0,292
1,0,1,0,0,1,0,0,0,1,0,1,1,0,3,city_cif.y4m,48.05,48.048,0.10895,0.005925,0.0,179
1,0,1,0,0,1,1,0,0,1,0,1,2,0,3,city_cif.y4m,58.51,58.5,0.08,0.005441,0.0,272
1,0,1,0,0,1,1,0,0,0,1,0,4,5,0,city_cif.y4m,58.67,58.68,0.07,0.005464,0.0,105
1,0,1,0,1,0,0,0,0,0,0,0,1,0,3,city_cif.y4m,23.87,23.872,0.043243,0.005741,0.0,76
1,0,1,1,0,0,1,0,0,0,1,0,4,15,3,city_cif.y4m,65.78,65.674,0.30599,0.005442,0.0,197
1,1,1,1,0,0,1,1,0,0,1,0,1,15,0,city_cif.y4m,72.35,72.392,0.206446,0.004553,0.0,221
1,1,1,1,0,0,1,1,0,0,1,0,8,15,6,city_cif.y4m,73.58,73.342,0.643016,0.004469,0.0,167
1,1,1,0,1,0,0,1,0,1,0,1,4,15,6,city_cif.y4m,31.7,31.726,0.109681,0.004593,0.0,136
1,1,1,1,0,0,0,1,0,1,0,1,8,15,6,city_cif.y4m,79.57,79.52,0.142478,0.004596,0.0,243
1,0,1,0,1,0,0,0,0,1,0,1,8,15,6,city_cif.y4m,22.15,22.306,0.333062,0.005732,0.0,60
1,0,1,1,0,0,0,0,0,1,0,1,2,0,6,city_cif.y4m,54.47,55.016,0.957617,0.005715,0.0,110
1,1,1,1,0,0,1,1,0,1,0,0,1,15,6,city_cif.y4m,71.77,71.838,0.175699,0.004469,0.0,35
1,0,1,1,0,0,1,0,0,0,1,1,2,5,6,city_cif.y4m,70.95,70.732,0.631324,0.005442,0.0,235
1,0,1,1,0,0,0,0,0,1,0,0,1,0,3,city_cif.y4m,54.63,54.756,0.367668,0.005729,0.0,44
1,1,1,0,1,0,1,1,0,0,1,0,4,15,3,city_cif.y4m,29.88,30.112,0.451187,0.004513,0.0,256
1,0,1,0,0,1,0,0,0,0,1,1,8,0,0,city_cif.y4m,51.98,51.928,0.140606,0.005926,0.0,192
1,0,1,0,1,0,0,0,0,0,1,1,2,0,0,city_cif.y4m,22.24,22.302,0.128725,0.005741,0.0,41
1,0,1,1,0,0,0,0,0,0,1,0,4,5,0,city_cif.y4m,56.0,55.31,1.009901,0.005729,0.0,37
1,0,1,0,0,1,0,0,0,0,0,0,4,5,0,city_cif.y4m,48.65,48.576,0.163951,0.005926,0.0,26
1,1,1,1,0,0,0,1,0,0,0,0,1,0,3,city_cif.y4m,71.72,72.496,1.248351,0.004617,0.0,273
1,1,1,1,0,0,1,1,0,0,0,1,1,5,6,city_cif.y4m,74.72,73.422,2.14318,0.004541,0.0,233
1,1,1,0,1,0,1,1,0,0,1,1,8,0,0,city_cif.y4m,29.41,29.13,0.459456,0.004562,0.0,101
1,0,1,1,0,0,0,0,0,0,0,1,2,5,3,city_cif.y4m,54.35,55.182,1.27588,0.005715,0.0,39
1,1,1,0,1,0,0,1,0,0,0,1,1,15,0,city_cif.y4m,31.99,31.96,0.056569,0.004628,0.0,106
1,1,1,0,1,0,0,0,1,1,0,0,1,0,0,city_cif.y4m,27.07,27.122,0.166042,0.004656,0.0,242
1,1,1,1,0,0,1,1,0,0,1,0,2,15,0,city_cif.y4m,72.49,73.408,2.221502,0.004553,0.0,193
1,0,1,0,1,0,1,0,0,0,1,0,1,15,6,city_cif.y4m,30.68,30.674,0.063482,0.005447,0.0,103
1,1,1,0,1,0,0,1,0,1,1,1,8,5,6,city_cif.y4m,30.31,30.344,0.067676,0.0046,0.0,1
1,0,1,1,0,0,0,0,0,1,1,1,1,0,0,city_cif.y4m,57.97,58.29,0.480208,0.005715,0.0,61
1,1,1,1,0,0,0,0,1,0,0,0,2,0,0,city_cif.y4m,61.26,61.642,0.883187,0.004666,0.0,56
1,1,1,0,1,0,0,1,0,0,1,0,8,15,3,city_cif.y4m,30.37,30.356,0.034351,0.004599,0.0,148
1,0,1,0,1,0,0,0,0,1,0,1,2,5,0,city_cif.y4m,22.33,22.476,0.335902,0.005732,0.0,112
1,0,1,0,1,0,1,0,0,0,1,0,8,15,3,city_cif.y4m,30.76,30.766,0.154045,0.005447,0.0,300
1,0,1,0,1,0,0,0,0,1,1,0,4,15,0,city_cif.y4m,22.29,22.288,0.070852,0.005741,0.0,249
1,0,1,0,1,0,0,0,0,0,0,1,2,0,0,city_cif.y4m,22.17,22.182,0.057184,0.005732,0.0,20
1,1,1,1,0,0,1,1,0,1,0,1,1,5,0,city_cif.y4m,72.52,73.256,2.152819,0.004562,0.0,104
1,1,1,1,0,0,0,1,0,1,1,1,8,15,6,city_cif.y4m,74.66,76.374,2.562641,0.004593,0.0,131
1,0,1,1,0,0,0,0,0,0,0,0,2,0,3,city_cif.y4m,54.36,54.396,0.153721,0.005729,0.0,69
1,0,1,0,1,0,1,0,0,0,0,0,2,0,3,city_cif.y4m,30.53,30.608,0.153362,0.005447,0.0,220
1,1,1,1,0,0,1,1,0,1,1,1,8,15,6,city_cif.y4m,72.43,72.412,0.393217,0.004469,0.0,11
1,1,1,1,0,0,1,1,0,1,0,0,4,15,6,city_cif.y4m,73.4,74.328,2.607781,0.004469,0.0,258
1,0,1,0,1,0,1,0,0,0,0,0,2,15,3,city_cif.y4m,31.13,31.384,0.948225,0.005447,0.0,65
1,0,1,0,0,1,1,0,0,0,0,0,2,15,0,city_cif.y4m,60.26,59.794,0.864887,0.005464,0.0,160
1,0,1,0,0,1,1,0,0,0,0,0,8,0,0,city_cif.y4m,58.7,58.856,0.356693,0.005464,0.0,238
1,1,1,1,0,0,0,1,0,0,0,0,4,0,0,city_cif.y4m,71.52,71.524,0.123612,0.004617,0.0,57
1,1,1,0,1,0,0,1,0,1,0,1,2,0,0,city_cif.y4m,31.95,31.974,0.300549,0.004628,0.0,79
1,0,1,0,1,0,1,0,0,0,1,0,4,15,3,city_cif.y4m,31.49,31.286,0.357813,0.005447,0.0,224
1,1,1,0,1,0,0,1,0,1,0,0,2,0,3,city_cif.y4m,29.3,29.274,0.082946,0.004614,0.0,48
1,0,1,0,1,0,1,0,0,0,0,1,8,0,6,city_cif.y4m,30.65,30.782,0.476938,0.005435,0.0,173
1,1,1,1,0,0,1,1,0,0,1,1,1,0,0,city_cif.y4m,70.38,70.364,0.131643,0.004562,0.0,283
1,0,1,0,1,0,0,0,0,0,0,0,1,0,6,city_cif.y4m,22.84,22.692,0.356819,0.005741,0.0,190
1,0,1,0,1,0,1,0,0,1,1,1,4,0,6,city_cif.y4m,32.76,32.882,0.266683,0.005447,0.0,259
1,0,1,1,0,0,0,0,0,0,0,1,1,15,3,city_cif.y4m,55.44,55.436,0.037815,0.005715,0.0,7
1,0,1,0,0,1,0,0,0,0,0,1,2,5,0,city_cif.y4m,49.28,48.824,0.722309,0.005925,0.0,73
1,1,1,1,0,0,1,1,0,0,0,0,2,0,6,city_cif.y4m,73.15,73.102,0.098082,0.004553,0.0,63
1,0,1,0,0,1,1,0,0,1,1,0,2,15,3,city_cif.y4m,62.72,62.674,0.383119,0.005464,0.0,284
1,0,1,1,0,0,1,0,0,1,0,1,8,15,6,city_cif.y4m,67.14,66.766,0.877599,0.005435,0.0,250
1,1,1,0,1,0,0,1,0,0,0,0,2,5,0,city_cif.y4m,29.5,29.506,0.040373,0.004614,0.0,209
1,0,1,0,1,0,1,0,0,0,0,1,4,5,3,city_cif.y4m,30.61,30.576,0.070922,0.005435,0.0,138
1,1,1,1,0,0,0,0,1,1,1,0,1,0,0,city_cif.y4m,65.54,65.654,0.177426,0.004666,0.0,135
1,1,1,1,0,0,1,1,0,1,1,0,4,5,3,city_cif.y4m,73.62,72.738,1.693951,0.004547,0.0,264
1,1,1,1,0,0,0,1,0,1,1,0,2,0,6,city_cif.y4m,74.55,73.714,1.55225,0.004617,0.0,215
1,0,1,0,0,1,0,0,0,0,1,1,4,5,3,city_cif.y4m,48.72,49.406,1.480415,0.005926,0.0,50
1,0,1,1,0,0,0,0,0,1,1,0,4,0,6,city_cif.y4m,58.76,58.7,0.502991,0.005729,0.0,98
1,1,1,1,0,0,0,1,0,1,1,0,1,15,0,city_cif.y4m,72.66,74.088,2.065568,0.004617,0.0,140
1,1,1,1,0,0,0,1,0,0,1,1,1,0,3,city_cif.y4m,73.07,72.616,1.026757,0.004614,0.0,113
1,0,1,0,1,0,1,0,0,1,1,0,1,0,6,city_cif.y4m,30.64,31.156,0.736634,0.005447,0.0,3
1,0,1,0,0,1,0,0,0,1,1,1,8,0,0,city_cif.y4m,52.13,52.0,0.258844,0.005926,0.0,149
1,0,1,1,0,0,0,0,0,0,1,1,8,5,6,city_cif.y4m,54.43,54.402,0.124378,0.005729,0.0,153
1,1,1,1,0,0,1,1,0,1,1,0,2,15,6,city_cif.y4m,71.85,72.056,0.415126,0.004469,0.0,133
1,0,1,1,0,0,0,0,0,0,0,0,1,0,3,city_cif.y4m,55.72,55.456,0.563054,0.005729,0.0,191
1,1,1,0,1,0,0,1,0,1,0,1,1,0,6,city_cif.y4m,29.85,30.026,0.456103,0.004628,0.0,100
1,0,1,1,0,0,1,0,0,0,1,0,4,0,3,city_cif.y4m,65.38,65.97,0.832256,0.005442,0.0,85
1,0,1,0,0,1,1,0,0,0,0,0,2,0,3,city_cif.y4m,59.64,59.6,0.171318,0.005464,0.0,88
1,0,1,0,1,0,1,0,0,1,1,0,4,15,6,city_cif.y4m,31.34,31.276,0.312858,0.005447,0.0,31
1,0,1,0,0,1,1,0,0,0,0,0,4,5,3,city_cif.y4m,58.42,58.984,0.952801,0.005464,0.0,134
1,1,1,0,1,0,1,1,0,1,1,1,8,0,3,city_cif.y4m,29.34,29.118,0.455104,0.004562,0.0,147
1,1,1,1,0,0,0,1,0,0,1,1,4,15,6,city_cif.y4m,74.32,74.362,0.191625,0.004593,0.0,275
1,0,1,0,0,1,1,0,0,0,1,0,4,15,3,city_cif.y4m,58.38,58.404,0.103344,0.005464,0.0,143
1,1,1,0,1,0,1,1,0,1,0,0,1,5,6,city_cif.y4m,28.73,29.022,0.455379,0.004529,0.0,8
1,1,1,1,0,0,1,1,0,0,1,1,4,5,3,city_cif.y4m,69.92,69.948,0.066858,0.004547,0.0,216
1,0,1,1,0,0,1,0,0,1,0,0,1,0,3,city_cif.y4m,65.78,66.494,1.772803,0.005442,0.0,214
1,0,1,0,0,1,0,0,0,0,0,0,1,5,0,city_cif.y4m,48.49,49.01,0.903963,0.005926,0.0,17
1,0,1,0,0,1,1,0,0,0,0,0,1,5,0,city_cif.y4m,59.52,59.534,0.200075,0.005464,0.0,206
1,0,1,0,1,0,0,0,0,1,1,1,8,15,0,city_cif.y4m,24.02,23.978,0.171377,0.005741,0.0,36
1,1,1,0,1,0,1,1,0,0,0,0,4,15,3,city_cif.y4m,30.61,30.298,0.50633,0.004513,0.0,6
1,0,1,1,0,0,1,0,0,0,0,1,1,0,6,city_cif.y4m,65.32,65.278,0.201916,0.005435,0.0,5
1,0,1,1,0,0,1,0,0,0,0,0,8,15,6,city_cif.y4m,70.13,70.18,0.244131,0.005442,0.0,164
1,0,1,0,0,1,0,0,0,1,0,0,8,0,6,city_cif.y4m,48.53,48.568,0.080747,0.005926,0.0,97
1,0,1,1,0,0,0,0,0,0,1,0,2,5,3,city_cif.y4m,54.46,54.372,0.150566,0.005729,0.0,236
1,1,1,0,1,0,1,1,0,0,0,0,8,5,0,city_cif.y4m,29.03,29.212,0.412032,0.004562,0.0,71
1,1,1,0,1,0,1,1,0,1,0,1,2,0,3,city_cif.y4m,28.34,28.318,0.055857,0.004573,0.0,295
1,0,1,1,0,0,1,0,0,1,1,0,8,5,3,city_cif.y4m,66.92,66.782,0.582125,0.005442,0.0,286
1,0,1,0,1,0,0,0,0,0,0,1,1,5,0,city_cif.y4m,22.21,22.264,0.121984,0.005732,0.0,34
1,0,1,0,1,0,1,0,0,1,1,1,1,5,3,city_cif.y4m,30.66,30.624,0.109909,0.005435,0.0,240
1,0,1,0,0,1,1,0,0,0,0,1,4,15,3,city_cif.y4m,58.27,58.92,1.021225,0.005441,0.0,18
1,0,1,0,1,0,0,0,0,0,1,0,8,0,6,city_cif.y4m,22.29,22.578,0.500819,0.005741,0.0,102
1,1,1,1,0,0,1,0,1,0,1,0,4,0,0,city_cif.y4m,60.54,60.73,0.417073,0.00461,0.0,51
1,1,1,1,0,0,1,1,0,0,0,1,4,15,6,city_cif.y4m,71.85,72.972,2.358351,0.004467,0.0,282
1,0,1,0,1,0,1,0,0,1,1,1,1,0,3,city_cif.y4m,31.31,31.106,0.518922,0.005435,0.0,77
1,0,1,1,0,0,1,0,0,0,1,0,2,0,3,city_cif.y4m,70.6,70.604,0.49968,0.005442,0.0,128
1,1,1,0,1,0,1,1,0,0,0,0,2,5,3,city_cif.y4m,30.67,30.368,0.503557,0.004538,0.0,234
1,0,1,1,0,0,0,0,0,0,1,1,1,0,0,city_cif.y4m,54.39,54.356,0.181466,0.005715,0.0,252
1,0,1,1,0,0,1,0,0,0,0,1,4,0,3,city_cif.y4m,69.7,69.654,0.091269,0.005435,0.0,28
1,0,1,0,0,1,1,0,0,1,1,1,8,15,3,city_cif.y4m,58.29,59.032,1.063941,0.005464,0.0,139
1,0,1,0,0,1,0,0,0,0,0,1,1,5,0,city_cif.y4m,48.3,48.218,0.256749,0.005925,0.0,158
1,1,1,0,1,0,1,1,0,1,0,1,8,5,3,city_cif.y4m,28.79,28.618,0.416257,0.00455,0.0,152
1,0,1,1,0,0,1,0,0,1,0,0,2,0,6,city_cif.y4m,67.14,67.162,0.169322,0.005442,0.0,12
1,1,1,0,1,0,0,1,0,0,0,1,4,15,3,city_cif.y4m,31.01,31.004,0.255597,0.004611,0.0,294
1,1,1,0,1,0,0,1,0,0,0,1,8,15,3,city_cif.y4m,31.61,31.274,0.492879,0.004611,0.0,154
1,1,1,1,0,0,0,1,0,1,0,0,2,15,6,city_cif.y4m,79.94,79.868,0.134796,0.004593,0.0,157
1,0,1,1,0,0,1,0,0,1,1,1,2,0,3,city_cif.y4m,65.57,65.596,0.072664,0.005442,0.0,150
1,1,1,0,1,0,1,1,0,0,1,0,8,0,6,city_cif.y4m,28.68,28.67,0.108397,0.004562,0.0,287
1,0,1,0,1,0,0,0,0,1,1,0,1,0,3,city_cif.y4m,22.62,22.644,0.07893,0.005741,0.0,297
1,0,1,0,0,1,0,0,0,1,1,0,8,15,0,city_cif.y4m,49.61,49.57,0.067823,0.005926,0.0,263
1,1,1,0,1,0,0,1,0,1,1,1,1,5,3,city_cif.y4m,28.96,28.908,0.119038,0.004606,0.0,255
1,0,1,1,0,0,0,0,0,1,1,0,8,15,3,city_cif.y4m,54.41,54.398,0.059749,0.005729,0.0,115
1,0,1,0,0,1,1,0,0,1,0,1,4,15,3,city_cif.y4m,58.19,58.186,0.033615,0.005441,0.0,188
1,0,1,0,0,1,1,0,0,0,0,1,8,0,6,city_cif.y4m,58.32,58.382,0.20969,0.005441,0.0,212
1,0,1,1,0,0,1,0,0,0,0,1,1,15,3,city_cif.y4m,65.31,65.354,0.263211,0.005435,0.0,195
1,0,1,0,1,0,0,0,0,0,1,1,2,15,0,city_cif.y4m,23.96,24.02,0.150167,0.005741,0.0,119
1,0,1,1,0,0,0,0,0,1,0,1,4,15,0,city_cif.y4m,54.14,55.25,1.580601,0.005715,0.0,58
1,0,1,0,1,0,1,0,0,1,0,1,4,0,6,city_cif.y4m,31.24,31.248,0.111221,0.005435,0.0,277
1,0,1,0,1,0,1,0,0,0,1,1,4,5,6,city_cif.y4m,30.69,30.928,0.453122,0.005447,0.0,64
1,1,1,0,1,0,1,1,0,1,0,0,2,0,0,city_cif.y4m,28.67,29.152,0.697187,0.004562,0.0,285
1,1,1,0,1,0,1,1,0,1,0,0,4,0,0,city_cif.y4m,28.73,28.698,0.066106,0.004562,0.0,290
1,0,1,1,0,0,0,0,0,1,0,1,8,5,6,city_cif.y4m,54.31,54.304,0.127397,0.005715,0.0,196
1,1,1,1,0,0,1,0,1,1,1,1,1,0,0,city_cif.y4m,62.14,62.888,1.090468,0.004553,0.0,93
1,0,1,1,0,0,1,0,0,0,1,1,4,5,6,city_cif.y4m,65.39,65.512,0.188733,0.005442,0.0,299
1,0,1,1,0,0,0,0,0,1,0,0,2,5,0,city_cif.y4m,55.32,55.318,0.060581,0.005729,0.0,125
1,1,1,0,1,0,0,1,0,1,0,1,2,15,6,city_cif.y4m,30.94,31.052,0.21429,0.004593,0.0,21
1,0,1,0,1,0,0,0,0,1,0,1,2,0,0,city_cif.y4m,22.19,22.36,0.342272,0.005732,0.0,225
1,0,1,0,1,0,0,0,0,1,0,0,2,5,0,coastguard_cif.y4m,25.56,25.528,0.08438,0.005827,0.0,114
1,1,1,1,0,0,0,0,1,0,0,1,1,0,0,coastguard_cif.y4m,78.35,78.376,0.186762,0.004698,0.0,281
1,1,1,1,0,0,0,1,0,1,1,0,2,5,0,coastguard_cif.y4m,115.02,114.862,0.360721,0.00468,0.0,49
1,0,1,0,0,1,1,0,0,0,0,0,2,15,6,coastguard_cif.y4m,59.5,59.468,0.093113,0.005423,0.0,194
1,0,1,1,0,0,0,0,0,0,0,0,2,0,6,coastguard_cif.y4m,59.31,59.354,0.185822,0.005806,0.0,62
1,1,1,0,1,0,0,1,0,1,1,1,1,15,3,coastguard_cif.y4m,48.0,48.004,0.097108,0.004683,0.0,91
1,0,1,0,0,1,1,0,0,0,0,0,4,0,6,coastguard_cif.y4m,59.38,59.412,0.270684,0.005423,0.0,107
1,0,1,1,0,0,1,0,0,0,0,1,4,5,3,coastguard_cif.y4m,66.08,66.034,0.169941,0.005439,0.0,181
1,0,1,0,1,0,1,0,0,0,0,0,4,5,0,coastguard_cif.y4m,29.06,29.07,0.041833,0.005445,0.0,247
1,0,1,1,0,0,0,0,0,1,1,0,4,5,3,coastguard_cif.y4m,59.42,59.432,0.193184,0.005806,0.0,166
1,0,1,0,0,1,0,0,0,0,1,1,4,0,0,coastguard_cif.y4m,53.13,53.142,0.059749,0.005982,0.0,25
1,1,1,0,1,0,0,1,0,0,0,1,8,0,6,coastguard_cif.y4m,46.79,46.792,0.058481,0.004682,0.0,203
1,1,1,1,0,0,1,1,0,1,1,1,4,5,6,coastguard_cif.y4m,111.6,111.59,0.278837,0.004663,0.0,219
1,0,1,0,0,1,0,0,0,0,0,0,4,15,0,coastguard_cif.y4m,53.35,53.232,0.182538,0.005982,0.0,162
1,0,1,1,0,0,1,0,0,0,1,0,4,15,6,coastguard_cif.y4m,67.04,67.032,0.173407,0.005335,0.0,182
1,0,1,0,0,1,0,0,0,1,1,0,1,15,6,coastguard_cif.y4m,53.42,53.348,0.154499,0.005982,0.0,10
1,1,1,1,0,0,1,1,0,1,1,1,2,15,0,coastguard_cif.y4m,119.23,119.212,0.138456,0.004714,0.0,14
1,1,1,1,0,0,0,1,0,0,0,1,1,0,6,coastguard_cif.y4m,110.6,110.516,0.304187,0.004685,0.0,89
1,1,1,1,0,0,0,1,0,1,1,1,1,5,0,coastguard_cif.y4m,113.55,113.522,0.24954,0.004679,0.0,116
1,0,1,1,0,0,0,0,0,0,1,1,4,15,3,coastguard_cif.y4m,59.42,59.386,0.157575,0.005806,0.0,217
1,1,1,0,1,0,0,1,0,0,1,0,1,0,0,coastguard_cif.y4m,46.76,46.778,0.143248,0.004681,0.0,75
1,1,1,0,1,0,0,1,0,1,1,1,2,15,6,coastguard_cif.y4m,48.32,48.254,0.171552,0.004663,0.0,266
1,0,1,1,0,0,1,0,0,0,1,1,4,15,3,coastguard_cif.y4m,66.97,67.026,0.137949,0.005335,0.0,268
1,0,1,0,1,0,1,0,0,1,1,1,4,15,3,coastguard_cif.y4m,29.48,29.486,0.074027,0.005445,0.0,187
1,0,1,0,0,1,1,0,0,0,1,0,8,15,3,coastguard_cif.y4m,59.56,59.522,0.225987,0.005423,0.0,161
1,0,1,0,1,0,1,0,0,0,1,0,2,0,6,coastguard_cif.y4m,29.16,29.164,0.041593,0.005445,0.0,23
1,1,1,1,0,0,0,1,0,1,1,0,2,5,6,coastguard_cif.y4m,112.63,112.522,0.286653,0.004689,0.0,2
1,1,1,1,0,0,1,0,1,1,0,1,2,0,0,coastguard_cif.y4m,78.99,78.946,0.162265,0.004862,0.0,16
1,0,1,1,0,0,0,0,0,1,1,1,8,15,0,coastguard_cif.y4m,59.32,59.302,0.098843,0.005806,0.0,262
1,1,1,1,0,0,0,1,0,1,1,0,4,5,0,coastguard_cif.y4m,114.88,114.982,0.219135,0.00468,0.0,66
1,0,1,1,0,0,0,0,0,1,0,0,2,0,0,coastguard_cif.y4m,59.33,59.262,0.22354,0.005806,0.0,86
1,0,1,0,1,0,1,0,0,0,1,0,2,5,6,coastguard_cif.y4m,29.47,29.51,0.079057,0.005445,0.0,231
1,0,1,0,1,0,0,0,0,0,0,0,4,5,0,coastguard_cif.y4m,25.57,25.558,0.033466,0.005827,0.0,269
1,1,1,0,1,0,1,1,0,0,1,0,1,5,0,coastguard_cif.y4m,49.61,49.66,0.093541,0.004705,0.0,180
1,0,1,0,0,1,0,0,0,0,1,0,4,5,6,coastguard_cif.y4m,53.2,53.224,0.187163,0.005982,0.0,274
1,1,1,1,0,0,0,1,0,1,1,0,2,15,6,coastguard_cif.y4m,116.25,116.336,0.158682,0.004672,0.0,184
1,0,1,0,0,1,1,0,0,0,0,1,4,5,0,coastguard_cif.y4m,58.75,58.72,0.206034,0.005516,0.0,118
1,1,1,1,0,0,0,1,0,0,0,0,1,0,6,coastguard_cif.y4m,113.3,113.262,0.238789,0.00468,0.0,254
1,0,1,1,0,0,1,0,0,0,1,1,4,5,0,coastguard_cif.y4m,66.95,67.02,0.20199,0.005335,0.0,208
1,0,1,0,0,1,1,0,0,1,1,0,4,5,6,coastguard_cif.y4m,59.33,59.322,0.096799,0.005423,0.0,279
1,1,1,1,0,0,0,1,0,0,1,1,4,15,3,coastguard_cif.y4m,114.56,114.498,0.196901,0.004685,0.0,229
1,0,1,0,0,1,1,0,0,1,1,1,1,0,0,coastguard_cif.y4m,57.86,57.926,0.11371,0.005516,0.0,46
1,0,1,0,0,1,0,0,0,1,1,1,4,5,6,coastguard_cif.y4m,53.16,53.234,0.153883,0.005982,0.0,171
1,1,1,1,0,0,0,1,0,0,1,0,2,5,0,coastguard_cif.y4m,114.86,114.9,0.199625,0.00468,0.0,99
1,0,1,0,0,1,0,0,0,0,0,0,8,0,0,coastguard_cif.y4m,53.28,53.348,0.175129,0.005982,0.0,81
1,1,1,1,0,0,1,1,0,1,0,1,8,5,0,coastguard_cif.y4m,115.06,115.062,0.317836,0.004708,0.0,155
1,0,1,0,1,0,0,0,0,1,0,1,1,15,6,coastguard_cif.y4m,25.55,25.57,0.118533,0.005814,0.0,96
1,1,1,1,0,0,0,1,0,1,1,1,8,0,0,coastguard_cif.y4m,113.24,113.334,0.206954,0.00468,0.0,218
1,1,1,1,0,0,1,1,0,1,1,0,8,0,6,coastguard_cif.y4m,116.93,116.664,0.505747,0.004716,0.0,53
1,1,1,0,1,0,1,0,1,0,0,0,2,0,0,coastguard_cif.y4m,35.04,35.016,0.130499,0.004859,0.0,109
1,0,1,0,1,0,0,0,0,0,1,0,4,5,6,coastguard_cif.y4m,25.48,25.482,0.053104,0.005827,0.0,185
1,1,1,1,0,0,0,1,0,0,1,1,2,0,0,coastguard_cif.y4m,113.41,113.374,0.246333,0.00468,0.0,239
1,0,1,1,0,0,0,0,0,0,0,1,2,0,0,coastguard_cif.y4m,59.37,59.376,0.186628,0.005808,0.0,276
1,0,1,1,0,0,1,0,0,0,0,1,4,0,6,coastguard_cif.y4m,64.93,65.006,0.212908,0.005439,0.0,257
1,0,1,0,0,1,0,0,0,1,1,0,1,5,0,coastguard_cif.y4m,52.61,52.53,0.186815,0.005982,0.0,42
1,1,1,0,1,0,1,1,0,0,0,0,2,15,3,coastguard_cif.y4m,50.59,50.56,0.08775,0.004702,0.0,204
1,0,1,1,0,0,1,0,0,1,0,1,2,15,6,coastguard_cif.y4m,65.94,66.014,0.182565,0.005439,0.0,145
1,0,1,0,1,0,0,0,0,0,0,0,2,0,3,coastguard_cif.y4m,25.47,25.516,0.08961,0.005827,0.0,246
1,1,1,1,0,0,0,1,0,0,1,1,8,0,0,coastguard_cif.y4m,113.55,113.52,0.239374,0.00468,0.0,202
1,1,1,0,1,0,0,1,0,1,0,0,2,5,3,coastguard_cif.y4m,47.72,47.76,0.181246,0.00468,0.0,70
1,0,1,0,1,0,0,0,0,0,1,0,1,5,3,coastguard_cif.y4m,25.59,25.588,0.028636,0.005827,0.0,230
1,0,1,0,1,0,1,0,0,0,0,0,4,15,6,coastguard_cif.y4m,29.61,29.58,0.120416,0.005445,0.0,267
1,1,1,1,0,0,1,1,0,0,0,1,8,5,3,coastguard_cif.y4m,112.9,112.834,0.367668,0.004684,0.0,146
1,0,1,0,1,0,1,0,0,0,0,1,2,15,0,coastguard_cif.y4m,29.49,29.466,0.057706,0.005438,0.0,27
1,0,1,0,1,0,1,0,0,0,1,1,8,0,3,coastguard_cif.y4m,29.5,29.532,0.09094,0.005445,0.0,137
1,1,1,1,0,0,0,1,0,0,1,1,2,15,0,coastguard_cif.y4m,112.71,112.766,0.405376,0.00468,0.0,189
1,1,1,0,1,0,1,1,0,1,0,0,4,15,0,coastguard_cif.y4m,49.7,49.672,0.115412,0.004705,0.0,132
1,1,1,1,0,0,0,0,1,1,0,1,8,0,0,coastguard_cif.y4m,78.77,78.712,0.232099,0.004698,0.0,169
1,0,1,0,0,1,0,0,0,0,0,0,1,5,6,coastguard_cif.y4m,52.5,52.5,0.074498,0.005982,0.0,33
1,0,1,1,0,0,0,0,0,0,1,1,8,15,0,coastguard_cif.y4m,59.35,59.394,0.185822,0.005806,0.0,205
1,0,1,1,0,0,0,0,0,1,0,1,2,0,0,coastguard_cif.y4m,59.39,59.386,0.104067,0.005808,0.0,245
1,1,1,0,1,0,1,1,0,0,1,1,1,15,0,coastguard_cif.y4m,48.18,48.204,0.117175,0.004683,0.0,298
1,0,1,1,0,0,1,0,0,1,1,0,2,5,6,coastguard_cif.y4m,66.99,67.07,0.175499,0.005335,0.0,163
1,1,1,1,0,0,0,1,0,0,0,0,1,5,0,coastguard_cif.y4m,115.21,115.02,0.310322,0.00468,0.0,123
1,0,1,0,0,1,1,0,0,1,0,0,4,15,0,coastguard_cif.y4m,59.52,59.476,0.12818,0.005423,0.0,4
1,0,1,0,0,1,1,0,0,1,1,0,8,5,6,coastguard_cif.y4m,59.51,59.456,0.238286,0.005423,0.0,141
1,1,1,0,1,0,0,1,0,1,0,0,8,5,6,coastguard_cif.y4m,46.79,46.758,0.093113,0.004688,0.0,129
1,1,1,0,1,0,1,1,0,1,1,0,4,5,3,coastguard_cif.y4m,48.72,48.676,0.188361,0.004678,0.0,159
1,0,1,0,0,1,1,0,0,1,0,0,1,0,0,coastguard_cif.y4m,59.48,59.484,0.137949,0.005423,0.0,22
1,0,1,0,0,1,0,0,0,1,0,1,2,0,6,coastguard_cif.y4m,53.3,53.298,0.096021,0.006022,0.0,175
1,1,1,1,0,0,0,1,0,1,1,1,8,5,6,coastguard_cif.y4m,112.66,112.64,0.149833,0.004689,0.0,151
1,1,1,0,1,0,0,1,0,0,1,0,2,5,0,coastguard_cif.y4m,47.08,47.088,0.070852,0.004683,0.0,52
1,0,1,0,0,1,0,0,0,0,0,1,4,0,3,coastguard_cif.y4m,53.11,53.194,0.206954,0.006022,0.0,108
1,0,1,0,1,0,1,0,0,0,0,1,8,15,0,coastguard_cif.y4m,29.46,29.436,0.086776,0.005438,0.0,72
1,0,1,1,0,0,1,0,0,1,1,0,8,0,6,coastguard_cif.y4m,67.2,67.204,0.084439,0.005335,0.0,248
1,1,1,1,0,0,1,1,0,1,1,0,8,5,6,coastguard_cif.y4m,113.6,113.482,0.240146,0.004663,0.0,174
1,0,1,1,0,0,1,0,0,1,1,1,8,0,3,coastguard_cif.y4m,66.86,66.942,0.294313,0.005335,0.0,130
1,1,1,0,1,0,1,1,0,1,1,1,8,15,0,coastguard_cif.y4m,49.67,49.654,0.094499,0.004705,0.0,168
1,0,1,0,0,1,1,0,0,1,0,1,8,0,6,coastguard_cif.y4m,58.74,58.692,0.167541,0.005516,0.0,198
1,0,1,0,0,1,1,0,0,1,1,0,1,0,3,coastguard_cif.y4m,58.55,58.58,0.192743,0.005423,0.0,83
1,1,1,1,0,0,1,1,0,0,1,0,1,0,3,coastguard_cif.y4m,116.22,116.392,0.342593,0.004716,0.0,291
1,0,1,0,1,0,0,0,0,1,1,0,1,0,6,coastguard_cif.y4m,25.48,25.524,0.091269,0.005827,0.0,237
1,0,1,0,0,1,0,0,0,1,1,1,2,15,3,coastguard_cif.y4m,53.31,53.282,0.095237,0.005982,0.0,90
1,1,1,1,0,0,1,1,0,0,0,1,1,15,0,coastguard_cif.y4m,113.34,113.342,0.329879,0.004708,0.0,87
1,0,1,1,0,0,1,0,0,1,0,0,1,5,0,coastguard_cif.y4m,67.16,67.09,0.202114,0.005335,0.0,74
1,0,1,0,0,1,0,0,0,1,0,0,2,0,3,coastguard_cif.y4m,53.16,53.168,0.215801,0.005982,0.0,201
1,0,1,0,1,0,0,0,0,1,0,1,1,0,0,coastguard_cif.y4m,25.13,25.126,0.023022,0.005814,0.0,183
1,0,1,1,0,0,0,0,0,0,0,0,4,0,6,coastguard_cif.y4m,59.39,59.364,0.159937,0.005806,0.0,227
1,1,1,0,1,0,1,1,0,0,0,0,1,15,6,coastguard_cif.y4m,48.68,48.726,0.087636,0.004619,0.0,222
1,0,1,0,0,1,0,0,0,0,1,0,8,0,6,coastguard_cif.y4m,52.43,52.438,0.085849,0.005982,0.0,55
1,0,1,1,0,0,0,0,0,0,1,1,2,5,0,coastguard_cif.y4m,59.38,59.322,0.127554,0.005806,0.0,142
1,0,1,1,0,0,1,0,0,1,0,1,1,5,6,coastguard_cif.y4m,64.87,64.902,0.097826,0.005439,0.0,124
1,0,1,1,0,0,1,0,0,0,0,0,8,0,0,coastguard_cif.y4m,67.23,67.194,0.170088,0.005335,0.0,95
1,0,1,1,0,0,1,0,0,1,0,0,2,15,0,coastguard_cif.y4m,66.8,66.89,0.189341,0.005335,0.0,241
1,0,1,0,1,0,0,0,0,0,1,1,1,5,3,coastguard_cif.y4m,25.56,25.57,0.088034,0.005814,0.0,289
1,0,1,1,0,0,1,0,0,1,1,0,1,5,0,coastguard_cif.y4m,66.03,66.032,0.1001,0.005335,0.0,278
1,1,1,0,1,0,0,1,0,1,1,0,1,0,6,coastguard_cif.y4m,46.74,46.78,0.109316,0.004681,0.0,176
1,0,1,0,0,1,1,0,0,0,1,0,8,5,0,coastguard_cif.y4m,59.5,59.436,0.191911,0.005423,0.0,122
1,0,1,0,0,1,0,0,0,0,1,0,4,0,6,coastguard_cif.y4m,53.47,53.434,0.134276,0.005982,0.0,30
1,1,1,0,1,0,0,1,0,0,0,0,2,0,6,coastguard_cif.y4m,46.18,46.208,0.146014,0.004681,0.0,251
1,0,1,1,0,0,0,0,0,0,0,1,1,0,0,coastguard_cif.y4m,59.38,59.372,0.17427,0.005808,0.0,120
1,0,1,1,0,0,0,0,0,0,0,1,2,15,6,coastguard_cif.y4m,59.45,59.416,0.112827,0.005808,0.0,144
1,0,1,0,1,0,1,0,0,0,0,0,1,0,3,coastguard_cif.y4m,29.59,29.57,0.065955,0.005445,0.0,265
1,1,1,0,1,0,0,1,0,0,1,0,2,0,6,coastguard_cif.y4m,46.73,46.78,0.10198,0.004681,0.0,260
1,1,1,0,1,0,0,1,0,0,0,1,1,0,3,coastguard_cif.y4m,46.79,46.774,0.056833,0.004682,0.0,78
1,0,1,0,1,0,0,0,0,0,1,1,8,15,3,coastguard_cif.y4m,25.48,25.51,0.09975,0.005827,0.0,84
1,0,1,1,0,0,1,0,0,1,0,0,4,15,3,coastguard_cif.y4m,67.06,67.04,0.200499,0.005335,0.0,296
1,0,1,0,0,1,0,0,0,0,0,1,2,5,6,coastguard_cif.y4m,52.39,52.414,0.182565,0.006022,0.0,232
1,0,1,0,0,1,1,0,0,0,1,0,4,15,6,coastguard_cif.y4m,59.33,59.324,0.140641,0.005423,0.0,213
1,1,1,0,1,0,0,1,0,0,1,1,8,15,3,coastguard_cif.y4m,48.93,48.908,0.144465,0.004682,0.0,94
1,0,1,0,1,0,0,0,0,0,1,1,1,5,0,coastguard_cif.y4m,25.25,25.208,0.122147,0.005814,0.0,178
1,0,1,1,0,0,1,0,0,1,0,0,4,0,0,coastguard_cif.y4m,66.93,66.958,0.182538,0.005335,0.0,127
1,1,1,0,1,0,1,1,0,0,1,0,8,5,6,coastguard_cif.y4m,48.6,48.6,0.076485,0.004662,0.0,111
1,0,1,0,1,0,0,0,0,0,0,1,1,0,6,coastguard_cif.y4m,25.63,25.586,0.069857,0.005814,0.0,92
1,1,1,1,0,0,0,1,0,0,1,0,8,15,6,coastguard_cif.y4m,116.28,116.294,0.180222,0.004672,0.0,54
1,0,1,0,0,1,0,0,0,0,0,1,2,15,0,coastguard_cif.y4m,53.35,53.262,0.153525,0.006022,0.0,45
1,0,1,1,0,0,0,0,0,1,0,0,4,0,6,coastguard_cif.y4m,59.3,59.348,0.213237,0.005806,0.0,226
1,1,1,1,0,0,1,1,0,1,0,0,8,5,0,coastguard_cif.y4m,119.03,119.16,0.2745,0.004714,0.0,200
1,0,1,0,0,1,1,0,0,1,0,1,8,5,6,coastguard_cif.y4m,57.71,57.804,0.202929,0.005516,0.0,59
1,1,1,0,1,0,1,0,1,0,0,1,2,0,0,coastguard_cif.y4m,35.62,35.614,0.075033,0.004857,0.0,19
1,1,1,1,0,0,0,1,0,1,0,0,2,15,0,coastguard_cif.y4m,114.95,114.862,0.306219,0.00468,0.0,47
1,1,1,0,1,0,1,1,0,0,0,1,4,5,6,coastguard_cif.y4m,48.82,48.818,0.020494,0.004656,0.0,32
1,1,1,0,1,0,0,1,0,1,0,0,1,5,6,coastguard_cif.y4m,46.21,46.134,0.139032,0.004688,0.0,170
1,0,1,0,0,1,0,0,0,1,1,0,1,15,0,coastguard_cif.y4m,53.12,53.402,0.513975,0.005982,0.0,270
1,0,1,1,0,0,1,0,0,1,0,1,4,15,6,coastguard_cif.y4m,66.16,66.19,0.123085,0.005439,0.0,207
1,1,1,0,1,0,0,1,0,1,1,1,1,5,6,coastguard_cif.y4m,46.39,46.384,0.116533,0.004687,0.0,43
1,0,1,0,1,0,1,0,0,0,1,1,1,0,3,coastguard_cif.y4m,29.37,29.396,0.089051,0.005438,0.0,40
1,1,1,0,1,0,0,1,0,0,1,1,1,5,3,coastguard_cif.y4m,46.86,46.85,0.105594,0.004683,0.0,117
1,0,1,0,0,1,0,0,0,0,1,0,8,15,6,coastguard_cif.y4m,53.18,53.194,0.080187,0.005982,0.0,253
1,0,1,1,0,0,0,0,0,1,0,0,1,15,3,coastguard_cif.y4m,58.43,58.47,0.200125,0.005806,0.0,68
1,1,1,1,0,0,0,1,0,1,1,1,1,15,6,coastguard_cif.y4m,110.91,110.922,0.102567,0.004687,0.0,186
1,1,1,0,1,0,1,1,0,0,0,1,8,15,3,coastguard_cif.y4m,50.75,50.698,0.150233,0.004674,0.0,288
1,1,1,0,1,0,0,1,0,0,0,0,2,0,0,coastguard_cif.y4m,46.92,46.864,0.159154,0.004681,0.0,15
1,0,1,1,0,0,0,0,0,0,1,1,2,15,3,coastguard_cif.y4m,58.62,58.518,0.22421,0.005806,0.0,82
1,1,1,1,0,0,0,1,0,0,0,0,4,15,6,coastguard_cif.y4m,116.45,116.336,0.298379,0.004672,0.0,211
1,0,1,0,1,0,1,0,0,1,1,1,8,15,6,coastguard_cif.y4m,29.55,29.502,0.066106,0.005445,0.0,177
1,1,1,0,1,0,0,1,0,1,1,1,2,5,3,coastguard_cif.y4m,48.32,48.354,0.156621,0.00468,0.0,210
1,0,1,1,0,0,0,0,0,1,1,1,2,0,3,coastguard_cif.y4m,59.19,59.222,0.147207,0.005806,0.0,13
1,0,1,0,1,0,1,0,0,0,0,1,2,15,3,coastguard_cif.y4m,29.39,29.406,0.063875,0.005438,0.0,228
1,0,1,0,1,0,1,0,0,1,1,0,4,5,3,coastguard_cif.y4m,29.49,29.574,0.128957,0.005445,0.0,38
1,1,1,1,0,0,0,1,0,0,0,1,4,15,6,coastguard_cif.y4m,112.89,112.92,0.237487,0.004687,0.0,29
1,1,1,1,0,0,1,0,1,1,0,0,8,0,0,coastguard_cif.y4m,78.7,78.646,0.195397,0.004851,0.0,24
1,1,1,1,0,0,0,1,0,0,0,0,8,5,6,coastguard_cif.y4m,112.19,112.252,0.131605,0.004689,0.0,293
1,1,1,1,0,0,0,1,0,0,1,0,2,5,6,coastguard_cif.y4m,112.3,112.368,0.2003,0.004689,0.0,67
1,1,1,0,1,0,0,1,0,1,0,1,2,5,0,coastguard_cif.y4m,46.82,46.858,0.10895,0.004682,0.0,199
1,0,1,0,0,1,1,0,0,1,1,0,8,15,3,coastguard_cif.y4m,59.33,59.462,0.446004,0.005423,0.0,244
1,0,1,0,0,1,1,0,0,0,0,0,8,15,0,coastguard_cif.y4m,59.34,59.362,0.154499,0.005423,0.0,80
1,1,1,1,0,0,1,1,0,1,1,1,2,0,3,coastguard_cif.y4m,116.48,116.454,0.403832,0.004716,0.0,223
1,1,1,0,1,0,1,1,0,0,1,0,8,5,0,coastguard_cif.y4m,49.6,49.654,0.118237,0.004705,0.0,121
1,0,1,1,0,0,1,0,0,0,0,0,8,5,3,coastguard_cif.y4m,66.88,66.926,0.209833,0.005335,0.0,261
1,0,1,1,0,0,1,0,0,1,1,0,1,5,6,coastguard_cif.y4m,66.8,66.818,0.287176,0.005335,0.0,156
1,1,1,1,0,0,0,1,0,0,1,0,4,15,3,coastguard_cif.y4m,114.18,114.126,0.181466,0.004685,0.0,271
1,1,1,1,0,0,1,1,0,1,0,0,2,15,3,coastguard_cif.y4m,117.81,117.732,0.293462,0.004664,0.0,9
1,1,1,1,0,0,1,1,0,1,0,1,1,0,0,coastguard_cif.y4m,113.93,113.854,0.368619,0.004711,0.0,165
1,0,1,0,0,1,1,0,0,1,0,0,1,15,6,coastguard_cif.y4m,59.43,59.408,0.141845,0.005423,0.0,126
1,0,1,1,0,0,1,0,0,1,1,1,8,5,0,coastguard_cif.y4m,66.85,66.856,0.132023,0.005335,0.0,280
1,0,1,1,0,0,0,0,0,1,1,0,2,5,3,coastguard_cif.y4m,58.69,58.634,0.12818,0.005806,0.0,172
1,0,1,0,1,0,1,0,0,0,0,0,1,15,6,coastguard_cif.y4m,29.49,29.508,0.074632,0.005445,0.0,292
1,0,1,0,0,1,0,0,0,1,0,1,1,0,3,coastguard_cif.y4m,53.07,53.088,0.112561,0.006022,0.0,179
1,0,1,0,0,1,1,0,0,1,0,1,2,0,3,coastguard_cif.y4m,58.67,58.728,0.185391,0.005516,0.0,272
1,0,1,0,0,1,1,0,0,0,1,0,4,5,0,coastguard_cif.y4m,59.49,59.392,0.262431,0.005423,0.0,105
1,0,1,0,1,0,0,0,0,0,0,0,1,0,3,coastguard_cif.y4m,25.11,25.114,0.054129,0.005827,0.0,76
1,0,1,1,0,0,1,0,0,0,1,0,4,15,3,coastguard_cif.y4m,67.14,67.082,0.155788,0.005335,0.0,197
1,1,1,1,0,0,1,1,0,0,1,0,1,15,0,coastguard_cif.y4m,116.97,117.032,0.197155,0.004714,0.0,221
1,1,1,1,0,0,1,1,0,0,1,0,8,15,6,coastguard_cif.y4m,116.66,116.47,0.322258,0.00462,0.0,167
1,1,1,0,1,0,0,1,0,1,0,1,4,15,6,coastguard_cif.y4m,48.24,48.316,0.140107,0.00469,0.0,136
1,1,1,1,0,0,0,1,0,1,0,1,8,15,6,coastguard_cif.y4m,113.0,113.004,0.118659,0.004687,0.0,243
1,0,1,0,1,0,0,0,0,1,0,1,8,15,6,coastguard_cif.y4m,25.51,25.526,0.039115,0.005814,0.0,60
1,0,1,1,0,0,0,0,0,1,0,1,2,0,6,coastguard_cif.y4m,59.32,59.362,0.163463,0.005808,0.0,110
1,1,1,1,0,0,1,1,0,1,0,0,1,15,6,coastguard_cif.y4m,116.68,116.524,0.346886,0.00462,0.0,35
1,0,1,1,0,0,1,0,0,0,1,1,2,5,6,coastguard_cif.y4m,67.04,67.094,0.166823,0.005335,0.0,235
1,0,1,1,0,0,0,0,0,1,0,0,1,0,3,coastguard_cif.y4m,59.36,59.4,0.157956,0.005806,0.0,44
1,1,1,0,1,0,1,1,0,0,1,0,4,15,3,coastguard_cif.y4m,50.48,50.542,0.124579,0.004702,0.0,256
1,0,1,0,0,1,0,0,0,0,1,1,8,0,0,coastguard_cif.y4m,53.15,53.186,0.198066,0.005982,0.0,192
1,0,1,0,1,0,0,0,0,0,1,1,2,0,0,coastguard_cif.y4m,25.55,25.562,0.057184,0.005827,0.0,41
1,0,1,1,0,0,0,0,0,0,1,0,4,5,0,coastguard_cif.y4m,59.51,59.384,0.24986,0.005806,0.0,37
1,0,1,0,0,1,0,0,0,0,0,0,4,5,0,coastguard_cif.y4m,53.17,53.288,0.186869,0.005982,0.0,26
1,1,1,1,0,0,0,1,0,0,0,0,1,0,3,coastguard_cif.y4m,113.02,113.056,0.283337,0.00468,0.0,273
1,1,1,1,0,0,1,1,0,0,0,1,1,5,6,coastguard_cif.y4m,115.15,115.014,0.413679,0.004651,0.0,233
1,1,1,0,1,0,1,1,0,0,1,1,8,0,0,coastguard_cif.y4m,49.54,49.536,0.077653,0.004708,0.0,101
1,0,1,1,0,0,0,0,0,0,0,1,2,5,3,coastguard_cif.y4m,59.34,59.41,0.281869,0.005808,0.0,39
1,1,1,0,1,0,0,1,0,0,0,1,1,15,0,coastguard_cif.y4m,46.94,46.952,0.106395,0.004682,0.0,106
1,1,1,0,1,0,0,0,1,1,0,0,1,0,0,coastguard_cif.y4m,36.08,36.1,0.108628,0.004702,0.0,242
1,1,1,1,0,0,1,1,0,0,1,0,2,15,0,coastguard_cif.y4m,117.1,117.098,0.198419,0.004714,0.0,193
1,0,1,0,1,0,1,0,0,0,1,0,1,15,6,coastguard_cif.y4m,29.23,29.202,0.066106,0.005445,0.0,103
1,1,1,0,1,0,0,1,0,1,1,1,8,5,6,coastguard_cif.y4m,46.03,46.058,0.085849,0.004688,0.0,1
1,0,1,1,0,0,0,0,0,1,1,1,1,0,0,coastguard_cif.y4m,59.29,59.32,0.099499,0.005808,0.0,61
1,1,1,1,0,0,0,0,1,0,0,0,2,0,0,coastguard_cif.y4m,77.87,77.896,0.276731,0.004699,0.0,56
1,1,1,0,1,0,0,1,0,0,1,0,8,15,3,coastguard_cif.y4m,48.86,48.882,0.044944,0.004682,0.0,148
1,0,1,0,1,0,0,0,0,1,0,1,2,5,0,coastguard_cif.y4m,25.6,25.562,0.093113,0.005814,0.0,112
1,0,1,0,1,0,1,0,0,0,1,0,8,15,3,coastguard_cif.y4m,29.53,29.51,0.084558,0.005445,0.0,300
1,0,1,0,1,0,0,0,0,1,1,0,4,15,0,coastguard_cif.y4m,25.54,25.526,0.079875,0.005827,0.0,249
1,0,1,0,1,0,0,0,0,0,0,1,2,0,0,coastguard_cif.y4m,25.5,25.514,0.0498,0.005814,0.0,20
1,1,1,1,0,0,1,1,0,1,0,1,1,5,0,coastguard_cif.y4m,113.15,113.22,0.175926,0.004708,0.0,104
1,1,1,1,0,0,0,1,0,1,1,1,8,15,6,coastguard_cif.y4m,116.17,116.284,0.318324,0.004672,0.0,131
1,0,1,1,0,0,0,0,0,0,0,0,2,0,3,coastguard_cif.y4m,59.28,59.318,0.199925,0.005806,0.0,69
1,0,1,0,1,0,1,0,0,0,0,0,2,0,3,coastguard_cif.y4m,29.5,29.53,0.098742,0.005445,0.0,220
1,1,1,1,0,0,1,1,0,1,1,1,8,15,6,coastguard_cif.y4m,114.87,114.772,0.243865,0.00462,0.0,11
1,1,1,1,0,0,1,1,0,1,0,0,4,15,6,coastguard_cif.y4m,116.86,116.786,0.244602,0.00462,0.0,258
1,0,1,0,1,0,1,0,0,0,0,0,2,15,3,coastguard_cif.y4m,29.48,29.504,0.092898,0.005445,0.0,65
1,0,1,0,0,1,1,0,0,0,0,0,2,15,0,coastguard_cif.y4m,59.31,59.272,0.166643,0.005423,0.0,160
1,0,1,0,0,1,1,0,0,0,0,0,8,0,0,coastguard_cif.y4m,59.38,59.432,0.225322,0.005423,0.0,238
1,1,1,1,0,0,0,1,0,0,0,0,4,0,0,coastguard_cif.y4m,113.01,113.056,0.127593,0.00468,0.0,57
1,1,1,0,1,0,0,1,0,1,0,1,2,0,0,coastguard_cif.y4m,46.84,46.814,0.08735,0.004682,0.0,79
1,0,1,0,1,0,1,0,0,0,1,0,4,15,3,coastguard_cif.y4m,29.61,29.606,0.096333,0.005445,0.0,224
1,1,1,0,1,0,0,1,0,1,0,0,2,0,3,coastguard_cif.y4m,46.86,46.842,0.052631,0.004681,0.0,48
1,0,1,0,1,0,1,0,0,0,0,1,8,0,6,coastguard_cif.y4m,29.5,29.48,0.082765,0.005438,0.0,173
1,1,1,1,0,0,1,1,0,0,1,1,1,0,0,coastguard_cif.y4m,113.82,113.764,0.293138,0.004711,0.0,283
1,0,1,0,1,0,0,0,0,0,0,0,1,0,6,coastguard_cif.y4m,25.57,25.554,0.070922,0.005827,0.0,190
1,0,1,0,1,0,1,0,0,1,1,1,4,0,6,coastguard_cif.y4m,29.12,29.102,0.059749,0.005445,0.0,259
1,0,1,1,0,0,0,0,0,0,0,1,1,15,3,coastguard_cif.y4m,58.6,58.598,0.100846,0.005808,0.0,7
1,0,1,0,0,1,0,0,0,0,0,1,2,5,0,coastguard_cif.y4m,53.16,53.228,0.166042,0.006022,0.0,73
1,1,1,1,0,0,1,1,0,0,0,0,2,0,6,coastguard_cif.y4m,116.36,116.566,0.3437,0.004716,0.0,63
1,0,1,0,0,1,1,0,0,1,1,0,2,15,3,coastguard_cif.y4m,59.31,59.354,0.117813,0.005423,0.0,284
1,0,1,1,0,0,1,0,0,1,0,1,8,15,6,coastguard_cif.y4m,66.04,66.04,0.065192,0.005439,0.0,250
1,1,1,0,1,0,0,1,0,0,0,0,2,5,0,coastguard_cif.y4m,47.05,47.048,0.050695,0.004683,0.0,209
1,0,1,0,1,0,1,0,0,0,0,1,4,5,3,coastguard_cif.y4m,29.4,29.432,0.121532,0.005438,0.0,138
1,1,1,1,0,0,0,0,1,1,1,0,1,0,0,coastguard_cif.y4m,77.72,77.708,0.242425,0.004699,0.0,135
1,1,1,1,0,0,1,1,0,1,1,0,4,5,3,coastguard_cif.y4m,113.95,114.002,0.227969,0.004697,0.0,264
1,1,1,1,0,0,0,1,0,1,1,0,2,0,6,coastguard_cif.y4m,113.13,113.112,0.216379,0.00468,0.0,215
1,0,1,0,0,1,0,0,0,0,1,1,4,5,3,coastguard_cif.y4m,53.22,53.278,0.144983,0.005982,0.0,50
1,0,1,1,0,0,0,0,0,1,1,0,4,0,6,coastguard_cif.y4m,59.41,59.368,0.170792,0.005806,0.0,98
1,1,1,1,0,0,0,1,0,1,1,0,1,15,0,coastguard_cif.y4m,115.06,114.972,0.246313,0.00468,0.0,140
1,1,1,1,0,0,0,1,0,0,1,1,1,0,3,coastguard_cif.y4m,109.28,109.164,0.314849,0.004685,0.0,113
1,0,1,0,1,0,1,0,0,1,1,0,1,0,6,coastguard_cif.y4m,29.52,29.492,0.08167,0.005445,0.0,3
1,0,1,0,0,1,0,0,0,1,1,1,8,0,0,coastguard_cif.y4m,53.39,53.398,0.066106,0.005982,0.0,149
1,0,1,1,0,0,0,0,0,0,1,1,8,5,6,coastguard_cif.y4m,59.52,59.494,0.071274,0.005806,0.0,153
1,1,1,1,0,0,1,1,0,1,1,0,2,15,6,coastguard_cif.y4m,116.66,116.642,0.161152,0.00462,0.0,133
1,0,1,1,0,0,0,0,0,0,0,0,1,0,3,coastguard_cif.y4m,59.59,59.474,0.161338,0.005806,0.0,191
1,1,1,0,1,0,0,1,0,1,0,1,1,0,6,coastguard_cif.y4m,46.72,46.732,0.139535,0.004682,0.0,100
1,0,1,1,0,0,1,0,0,0,1,0,4,0,3,coastguard_cif.y4m,67.18,67.094,0.17883,0.005335,0.0,85
1,0,1,0,0,1,1,0,0,0,0,0,2,0,3,coastguard_cif.y4m,59.27,59.326,0.163187,0.005423,0.0,88
1,0,1,0,1,0,1,0,0,1,1,0,4,15,6,coastguard_cif.y4m,29.52,29.526,0.057706,0.005445,0.0,31
1,0,1,0,0,1,1,0,0,0,0,0,4,5,3,coastguard_cif.y4m,59.56,59.518,0.174413,0.005423,0.0,134
1,1,1,0,1,0,1,1,0,1,1,1,8,0,3,coastguard_cif.y4m,49.68,49.644,0.099649,0.004708,0.0,147
1,1,1,1,0,0,0,1,0,0,1,1,4,15,6,coastguard_cif.y4m,116.29,116.278,0.168137,0.004672,0.0,275
1,0,1,0,0,1,1,0,0,0,1,0,4,15,3,coastguard_cif.y4m,58.44,58.46,0.165529,0.005423,0.0,143
1,1,1,0,1,0,1,1,0,1,0,0,1,5,6,coastguard_cif.y4m,48.56,48.624,0.097365,0.004662,0.0,8
1,1,1,1,0,0,1,1,0,0,1,1,4,5,3,coastguard_cif.y4m,116.05,116.096,0.292882,0.004697,0.0,216
1,0,1,1,0,0,1,0,0,1,0,0,1,0,3,coastguard_cif.y4m,67.09,67.13,0.139463,0.005335,0.0,214
1,0,1,0,0,1,0,0,0,0,0,0,1,5,0,coastguard_cif.y4m,52.57,52.516,0.10761,0.005982,0.0,17
1,0,1,0,0,1,1,0,0,0,0,0,1,5,0,coastguard_cif.y4m,59.38,59.442,0.138094,0.005423,0.0,206
1,0,1,0,1,0,0,0,0,1,1,1,8,15,0,coastguard_cif.y4m,25.56,25.504,0.093968,0.005827,0.0,36
1,1,1,0,1,0,1,1,0,0,0,0,4,15,3,coastguard_cif.y4m,50.52,50.534,0.069498,0.004702,0.0,6
1,0,1,1,0,0,1,0,0,0,0,1,1,0,6,coastguard_cif.y4m,66.04,65.98,0.18262,0.005439,0.0,5
1,0,1,1,0,0,1,0,0,0,0,0,8,15,6,coastguard_cif.y4m,67.03,67.046,0.116748,0.005335,0.0,164
1,0,1,0,0,1,0,0,0,1,0,0,8,0,6,coastguard_cif.y4m,53.37,53.342,0.211589,0.005982,0.0,97
1,0,1,1,0,0,0,0,0,0,1,0,2,5,3,coastguard_cif.y4m,59.23,59.31,0.162173,0.005806,0.0,236
1,1,1,0,1,0,1,1,0,0,0,0,8,5,0,coastguard_cif.y4m,49.58,49.648,0.121326,0.004705,0.0,71
1,1,1,0,1,0,1,1,0,1,0,1,2,0,3,coastguard_cif.y4m,48.02,48.0,0.11068,0.004683,0.0,295
1,0,1,1,0,0,1,0,0,1,1,0,8,5,3,coastguard_cif.y4m,67.22,67.194,0.154045,0.005335,0.0,286
1,0,1,0,1,0,0,0,0,0,0,1,1,5,0,coastguard_cif.y4m,25.18,25.154,0.088204,0.005814,0.0,34
1,0,1,0,1,0,1,0,0,1,1,1,1,5,3,coastguard_cif.y4m,29.45,29.396,0.090995,0.005438,0.0,240
1,0,1,0,0,1,1,0,0,0,0,1,4,15,3,coastguard_cif.y4m,58.61,58.57,0.158588,0.005516,0.0,18
1,0,1,0,1,0,0,0,0,0,1,0,8,0,6,coastguard_cif.y4m,25.53,25.508,0.076942,0.005827,0.0,102
1,1,1,1,0,0,1,0,1,0,1,0,4,0,0,coastguard_cif.y4m,78.54,78.498,0.097314,0.004851,0.0,51
1,1,1,1,0,0,1,1,0,0,0,1,4,15,6,coastguard_cif.y4m,114.1,114.12,0.151162,0.004611,0.0,282
1,0,1,0,1,0,1,0,0,1,1,1,1,0,3,coastguard_cif.y4m,29.43,29.436,0.049295,0.005438,0.0,77
1,0,1,1,0,0,1,0,0,0,1,0,2,0,3,coastguard_cif.y4m,67.16,67.174,0.153069,0.005335,0.0,128
1,1,1,0,1,0,1,1,0,0,0,0,2,5,3,coastguard_cif.y4m,49.24,49.246,0.102859,0.004678,0.0,234
1,0,1,1,0,0,0,0,0,0,1,1,1,0,0,coastguard_cif.y4m,59.55,59.548,0.150233,0.005808,0.0,252
1,0,1,1,0,0,1,0,0,0,0,1,4,0,3,coastguard_cif.y4m,65.97,66.036,0.264726,0.005439,0.0,28
1,0,1,0,0,1,1,0,0,1,1,1,8,15,3,coastguard_cif.y4m,58.46,58.544,0.214313,0.005423,0.0,139
1,0,1,0,0,1,0,0,0,0,0,1,1,5,0,coastguard_cif.y4m,53.35,53.3,0.150167,0.006022,0.0,158
1,1,1,0,1,0,1,1,0,1,0,1,8,5,3,coastguard_cif.y4m,48.05,48.114,0.108074,0.004702,0.0,152
1,0,1,1,0,0,1,0,0,1,0,0,2,0,6,coastguard_cif.y4m,67.12,67.126,0.197939,0.005335,0.0,12
1,1,1,0,1,0,0,1,0,0,0,1,4,15,3,coastguard_cif.y4m,47.33,47.354,0.099146,0.004683,0.0,294
1,1,1,0,1,0,0,1,0,0,0,1,8,15,3,coastguard_cif.y4m,47.2,47.262,0.147037,0.004683,0.0,154
1,1,1,1,0,0,0,1,0,1,0,0,2,15,6,coastguard_cif.y4m,116.63,116.568,0.370365,0.004672,0.0,157
1,0,1,1,0,0,1,0,0,1,1,1,2,0,3,coastguard_cif.y4m,67.26,67.148,0.177539,0.005335,0.0,150
1,1,1,0,1,0,1,1,0,0,1,0,8,0,6,coastguard_cif.y4m,49.46,49.502,0.129692,0.004708,0.0,287
1,0,1,0,1,0,0,0,0,1,1,0,1,0,3,coastguard_cif.y4m,25.13,25.164,0.081731,0.005827,0.0,297
1,0,1,0,0,1,0,0,0,1,1,0,8,15,0,coastguard_cif.y4m,53.17,53.246,0.207437,0.005982,0.0,263
1,1,1,0,1,0,0,1,0,1,1,1,1,5,3,coastguard_cif.y4m,46.85,46.846,0.037815,0.004683,0.0,255
1,0,1,1,0,0,0,0,0,1,1,0,8,15,3,coastguard_cif.y4m,59.27,59.286,0.213846,0.005806,0.0,115
1,0,1,0,0,1,1,0,0,1,0,1,4,15,3,coastguard_cif.y4m,58.6,58.616,0.12661,0.005516,0.0,188
1,0,1,0,0,1,1,0,0,0,0,1,8,0,6,coastguard_cif.y4m,58.62,58.672,0.197408,0.005516,0.0,212
1,0,1,1,0,0,1,0,0,0,0,1,1,15,3,coastguard_cif.y4m,65.96,65.972,0.187403,0.005439,0.0,195
1,0,1,0,1,0,0,0,0,0,1,1,2,15,0,coastguard_cif.y4m,25.5,25.462,0.092033,0.005827,0.0,119
1,0,1,1,0,0,0,0,0,1,0,1,4,15,0,coastguard_cif.y4m,59.32,59.344,0.240894,0.005808,0.0,58
1,0,1,0,1,0,1,0,0,1,0,1,4,0,6,coastguard_cif.y4m,29.47,29.438,0.097314,0.005438,0.0,277
1,0,1,0,1,0,1,0,0,0,1,1,4,5,6,coastguard_cif.y4m,29.07,29.066,0.065803,0.005445,0.0,64
1,1,1,0,1,0,1,1,0,1,0,0,2,0,0,coastguard_cif.y4m,49.62,49.592,0.144637,0.004708,0.0,285
1,1,1,0,1,0,1,1,0,1,0,0,4,0,0,coastguard_cif.y4m,49.53,49.49,0.119791,0.004708,0.0,290
1,0,1,1,0,0,0,0,0,1,0,1,8,5,6,coastguard_cif.y4m,59.4,59.456,0.280678,0.005808,0.0,196
1,1,1,1,0,0,1,0,1,1,1,1,1,0,0,coastguard_cif.y4m,78.8,78.856,0.133529,0.004862,0.0,93
1,0,1,1,0,0,1,0,0,0,1,1,4,5,6,coastguard_cif.y4m,67.03,66.996,0.150765,0.005335,0.0,299
1,0,1,1,0,0,0,0,0,1,0,0,2,5,0,coastguard_cif.y4m,59.2,59.184,0.061887,0.005806,0.0,125
1,1,1,0,1,0,0,1,0,1,0,1,2,15,6,coastguard_cif.y4m,48.26,48.266,0.095551,0.00469,0.0,21
1,0,1,0,1,0,0,0,0,1,0,1,2,0,0,coastguard_cif.y4m,25.24,25.268,0.10616,0.005814,0.0,225
1,0,1,0,1,0,0,0,0,1,0,0,2,5,0,container_cif.y4m,21.6,21.598,0.036332,0.006042,0.0,114
1,1,1,1,0,0,0,0,1,0,0,1,1,0,0,container_cif.y4m,78.76,78.714,0.172569,0.00468,0.0,281
1,1,1,1,0,0,0,1,0,1,1,0,2,5,0,container_cif.y4m,78.26,78.34,0.214709,0.004623,0.0,49
1,0,1,0,0,1,1,0,0,0,0,0,2,15,6,container_cif.y4m,53.65,53.61,0.085732,0.005232,0.0,194
1,0,1,1,0,0,0,0,0,0,0,0,2,0,6,container_cif.y4m,56.27,56.234,0.135019,0.006005,0.0,62
1,1,1,0,1,0,0,1,0,1,1,1,1,15,3,container_cif.y4m,30.32,30.31,0.1,0.004624,0.0,91
1,0,1,0,0,1,1,0,0,0,0,0,4,0,6,container_cif.y4m,53.52,53.622,0.159123,0.005232,0.0,107
1,0,1,1,0,0,1,0,0,0,0,1,4,5,3,container_cif.y4m,59.43,59.362,0.188997,0.005616,0.0,181
1,0,1,0,1,0,1,0,0,0,0,0,4,5,0,container_cif.y4m,24.8,24.764,0.073007,0.005339,0.0,247
1,0,1,1,0,0,0,0,0,1,1,0,4,5,3,container_cif.y4m,56.09,56.132,0.111669,0.006005,0.0,166
1,0,1,0,0,1,0,0,0,0,1,1,4,0,0,container_cif.y4m,48.06,48.082,0.169765,0.006318,0.0,25
1,1,1,0,1,0,0,1,0,0,0,1,8,0,6,container_cif.y4m,29.07,29.048,0.060992,0.004638,0.0,203
1,1,1,1,0,0,1,1,0,1,1,1,4,5,6,container_cif.y4m,81.31,81.262,0.177398,0.004752,0.0,219
1,0,1,0,0,1,0,0,0,0,0,0,4,15,0,container_cif.y4m,49.24,49.19,0.169558,0.006318,0.0,162
1,0,1,1,0,0,1,0,0,0,1,0,4,15,6,container_cif.y4m,60.48,60.542,0.193313,0.00517,0.0,182
1,0,1,0,0,1,0,0,0,1,1,0,1,15,6,container_cif.y4m,48.17,48.142,0.08228,0.006318,0.0,10
1,1,1,1,0,0,1,1,0,1,1,1,2,15,0,container_cif.y4m,81.69,81.646,0.177426,0.004756,0.0,14
1,1,1,1,0,0,0,1,0,0,0,1,1,0,6,container_cif.y4m,75.98,76.036,0.109225,0.004622,0.0,89
1,1,1,1,0,0,0,1,0,1,1,1,1,5,0,container_cif.y4m,78.88,78.948,0.175841,0.004629,0.0,116
1,0,1,1,0,0,0,0,0,0,1,1,4,15,3,container_cif.y4m,56.13,56.14,0.035355,0.006005,0.0,217
1,1,1,0,1,0,0,1,0,0,1,0,1,0,0,container_cif.y4m,29.66,29.64,0.060415,0.004628,0.0,75
1,1,1,0,1,0,0,1,0,1,1,1,2,15,6,container_cif.y4m,31.91,31.908,0.066858,0.004637,0.0,266
1,0,1,1,0,0,1,0,0,0,1,1,4,15,3,container_cif.y4m,60.29,60.356,0.197687,0.00517,0.0,268
1,0,1,0,1,0,1,0,0,1,1,1,4,15,3,container_cif.y4m,24.27,24.278,0.07328,0.005339,0.0,187
1,0,1,0,0,1,1,0,0,0,1,0,8,15,3,container_cif.y4m,53.71,53.686,0.120125,0.005232,0.0,161
1,0,1,0,1,0,1,0,0,0,1,0,2,0,6,container_cif.y4m,24.81,24.794,0.04827,0.005339,0.0,23
1,1,1,1,0,0,0,1,0,1,1,0,2,5,6,container_cif.y4m,79.82,79.754,0.179527,0.004632,0.0,2
1,1,1,1,0,0,1,0,1,1,0,1,2,0,0,container_cif.y4m,80.55,80.472,0.160686,0.004713,0.0,16
1,0,1,1,0,0,0,0,0,1,1,1,8,15,0,container_cif.y4m,56.17,56.164,0.126214,0.006005,0.0,262
1,1,1,1,0,0,0,1,0,1,1,0,4,5,0,container_cif.y4m,78.22,78.28,0.169853,0.004623,0.0,66
1,0,1,1,0,0,0,0,0,1,0,0,2,0,0,container_cif.y4m,55.25,55.206,0.183521,0.006005,0.0,86
1,0,1,0,1,0,1,0,0,0,1,0,2,5,6,container_cif.y4m,24.71,24.742,0.064187,0.005339,0.0,231
1,0,1,0,1,0,0,0,0,0,0,0,4,5,0,container_cif.y4m,21.61,21.632,0.046583,0.006042,0.0,269
1,1,1,0,1,0,1,1,0,0,1,0,1,5,0,container_cif.y4m,30.54,30.542,0.040249,0.004651,0.0,180
1,0,1,0,0,1,0,0,0,0,1,0,4,5,6,container_cif.y4m,49.12,49.158,0.146014,0.006318,0.0,274
1,1,1,1,0,0,0,1,0,1,1,0,2,15,6,container_cif.y4m,84.01,83.92,0.16,0.004636,0.0,184
1,0,1,0,0,1,1,0,0,0,0,1,4,5,0,container_cif.y4m,53.64,53.686,0.115456,0.005182,0.0,118
1,1,1,1,0,0,0,1,0,0,0,0,1,0,6,container_cif.y4m,77.61,77.56,0.127083,0.004616,0.0,254
1,0,1,1,0,0,1,0,0,0,1,1,4,5,0,container_cif.y4m,60.54,60.584,0.17841,0.00517,0.0,208
1,0,1,0,0,1,1,0,0,1,1,0,4,5,6,container_cif.y4m,53.54,53.612,0.12478,0.005232,0.0,279
1,1,1,1,0,0,0,1,0,0,1,1,4,15,3,container_cif.y4m,83.48,83.494,0.177848,0.004628,0.0,229
1,0,1,0,0,1,1,0,0,1,1,1,1,0,0,container_cif.y4m,53.66,53.664,0.092087,0.005182,0.0,46
1,0,1,0,0,1,0,0,0,1,1,1,4,5,6,container_cif.y4m,49.15,49.18,0.059161,0.006318,0.0,171
1,1,1,1,0,0,0,1,0,0,1,0,2,5,0,container_cif.y4m,78.14,78.22,0.149499,0.004623,0.0,99
1,0,1,0,0,1,0,0,0,0,0,0,8,0,0,container_cif.y4m,49.19,49.18,0.073824,0.006318,0.0,81
1,1,1,1,0,0,1,1,0,1,0,1,8,5,0,container_cif.y4m,82.23,82.16,0.150831,0.004765,0.0,155
1,0,1,0,1,0,0,0,0,1,0,1,1,15,6,container_cif.y4m,21.5,21.484,0.052249,0.006012,0.0,96
1,1,1,1,0,0,0,1,0,1,1,1,8,0,0,container_cif.y4m,77.51,77.57,0.192484,0.004616,0.0,218
1,1,1,1,0,0,1,1,0,1,1,0,8,0,6,container_cif.y4m,81.09,81.104,0.127789,0.004757,0.0,53
1,1,1,0,1,0,1,0,1,0,0,0,2,0,0,container_cif.y4m,36.82,36.8,0.102713,0.004736,0.0,109
1,0,1,0,1,0,0,0,0,0,1,0,4,5,6,container_cif.y4m,21.66,21.67,0.033166,0.006042,0.0,185
1,1,1,1,0,0,0,1,0,0,1,1,2,0,0,container_cif.y4m,77.4,77.454,0.122188,0.004616,0.0,239
1,0,1,1,0,0,0,0,0,0,0,1,2,0,0,container_cif.y4m,55.76,55.784,0.111265,0.005974,0.0,276
1,0,1,1,0,0,1,0,0,0,0,1,4,0,6,container_cif.y4m,59.4,59.34,0.115758,0.005616,0.0,257
1,0,1,0,0,1,0,0,0,1,1,0,1,5,0,container_cif.y4m,49.21,49.166,0.15566,0.006318,0.0,42
1,1,1,0,1,0,1,1,0,0,0,0,2,15,3,container_cif.y4m,31.59,31.53,0.106536,0.004646,0.0,204
1,0,1,1,0,0,1,0,0,1,0,1,2,15,6,container_cif.y4m,58.02,58.01,0.049497,0.005616,0.0,145
1,0,1,0,1,0,0,0,0,0,0,0,2,0,3,container_cif.y4m,21.63,21.618,0.046043,0.006042,0.0,246
1,1,1,1,0,0,0,1,0,0,1,1,8,0,0,container_cif.y4m,77.72,77.642,0.193313,0.004616,0.0,202
1,1,1,0,1,0,0,1,0,1,0,0,2,5,3,container_cif.y4m,28.15,28.17,0.111131,0.004647,0.0,70
1,0,1,0,1,0,0,0,0,0,1,0,1,5,3,container_cif.y4m,21.63,21.628,0.056745,0.006042,0.0,230
1,0,1,0,1,0,1,0,0,0,0,0,4,15,6,container_cif.y4m,24.82,24.804,0.072319,0.005339,0.0,267
1,1,1,1,0,0,1,1,0,0,0,1,8,5,3,container_cif.y4m,78.3,78.258,0.144291,0.004751,0.0,146
1,0,1,0,1,0,1,0,0,0,0,1,2,15,0,container_cif.y4m,24.93,24.932,0.048683,0.005226,0.0,27
1,0,1,0,1,0,1,0,0,0,1,1,8,0,3,container_cif.y4m,24.71,24.726,0.043932,0.005339,0.0,137
1,1,1,1,0,0,0,1,0,0,1,1,2,15,0,container_cif.y4m,78.25,78.23,0.166132,0.004623,0.0,189
1,1,1,0,1,0,1,1,0,1,0,0,4,15,0,container_cif.y4m,30.63,30.616,0.088204,0.004651,0.0,132
1,1,1,1,0,0,0,0,1,1,0,1,8,0,0,container_cif.y4m,78.59,78.604,0.163799,0.00468,0.0,169
1,0,1,0,0,1,0,0,0,0,0,0,1,5,6,container_cif.y4m,49.09,49.15,0.165378,0.006318,0.0,33
1,0,1,1,0,0,0,0,0,0,1,1,8,15,0,container_cif.y4m,55.08,55.008,0.137732,0.006005,0.0,205
1,0,1,1,0,0,0,0,0,1,0,1,2,0,0,container_cif.y4m,55.62,55.672,0.129885,0.005974,0.0,245
1,1,1,0,1,0,1,1,0,0,1,1,1,15,0,container_cif.y4m,30.13,30.106,0.04827,0.004719,0.0,298
1,0,1,1,0,0,1,0,0,1,1,0,2,5,6,container_cif.y4m,60.62,60.564,0.111041,0.00517,0.0,163
1,1,1,1,0,0,0,1,0,0,0,0,1,5,0,container_cif.y4m,78.48,78.374,0.206107,0.004623,0.0,123
1,0,1,0,0,1,1,0,0,1,0,0,4,15,0,container_cif.y4m,53.63,53.616,0.16876,0.005232,0.0,4
1,0,1,0,0,1,1,0,0,1,1,0,8,5,6,container_cif.y4m,53.67,53.66,0.086891,0.005232,0.0,141
1,1,1,0,1,0,0,1,0,1,0,0,8,5,6,container_cif.y4m,28.54,28.53,0.036056,0.00463,0.0,129
1,1,1,0,1,0,1,1,0,1,1,0,4,5,3,container_cif.y4m,28.83,28.814,0.072319,0.004749,0.0,159
1,0,1,0,0,1,1,0,0,1,0,0,1,0,0,container_cif.y4m,53.69,53.61,0.144395,0.005232,0.0,22
1,0,1,0,0,1,0,0,0,1,0,1,2,0,6,container_cif.y4m,47.98,47.97,0.10583,0.006243,0.0,175
1,1,1,1,0,0,0,1,0,1,1,1,8,5,6,container_cif.y4m,78.0,77.942,0.131985,0.004632,0.0,151
1,1,1,0,1,0,0,1,0,0,1,0,2,5,0,container_cif.y4m,29.79,29.778,0.057619,0.004635,0.0,52
1,0,1,0,0,1,0,0,0,0,0,1,4,0,3,container_cif.y4m,48.04,47.968,0.163921,0.006243,0.0,108
1,0,1,0,1,0,1,0,0,0,0,1,8,15,0,container_cif.y4m,24.4,24.39,0.068557,0.005226,0.0,72
1,0,1,1,0,0,1,0,0,1,1,0,8,0,6,container_cif.y4m,59.18,59.2,0.15748,0.00517,0.0,248
1,1,1,1,0,0,1,1,0,1,1,0,8,5,6,container_cif.y4m,79.56,79.598,0.098336,0.004752,0.0,174
1,0,1,1,0,0,1,0,0,1,1,1,8,0,3,container_cif.y4m,59.18,59.204,0.099146,0.00517,0.0,130
1,1,1,0,1,0,1,1,0,1,1,1,8,15,0,container_cif.y4m,30.01,30.03,0.043012,0.004651,0.0,168
1,0,1,0,0,1,1,0,0,1,0,1,8,0,6,container_cif.y4m,53.63,53.618,0.08438,0.005182,0.0,198
1,0,1,0,0,1,1,0,0,1,1,0,1,0,3,container_cif.y4m,52.64,52.576,0.177144,0.005232,0.0,83
1,1,1,1,0,0,1,1,0,0,1,0,1,0,3,container_cif.y4m,81.06,81.094,0.141704,0.004757,0.0,291
1,0,1,0,1,0,0,0,0,1,1,0,1,0,6,container_cif.y4m,21.63,21.642,0.066106,0.006042,0.0,237
1,0,1,0,0,1,0,0,0,1,1,1,2,15,3,container_cif.y4m,49.08,49.118,0.144291,0.006318,0.0,90
1,1,1,1,0,0,1,1,0,0,0,1,1,15,0,container_cif.y4m,82.23,82.154,0.141704,0.004765,0.0,87
1,0,1,1,0,0,1,0,0,1,0,0,1,5,0,container_cif.y4m,60.47,60.436,0.12661,0.00517,0.0,74
1,0,1,0,0,1,0,0,0,1,0,0,2,0,3,container_cif.y4m,49.12,49.134,0.219272,0.006318,0.0,201
1,0,1,0,1,0,0,0,0,1,0,1,1,0,0,container_cif.y4m,21.53,21.506,0.084143,0.006012,0.0,183
1,0,1,1,0,0,0,0,0,0,0,0,4,0,6,container_cif.y4m,56.05,56.118,0.165136,0.006005,0.0,227
1,1,1,0,1,0,1,1,0,0,0,0,1,15,6,container_cif.y4m,31.97,31.97,0.043012,0.004631,0.0,222
1,0,1,0,0,1,0,0,0,0,1,0,8,0,6,container_cif.y4m,49.14,49.114,0.111265,0.006318,0.0,55
1,0,1,1,0,0,0,0,0,0,1,1,2,5,0,container_cif.y4m,56.22,56.232,0.113886,0.006005,0.0,142
1,0,1,1,0,0,1,0,0,1,0,1,1,5,6,container_cif.y4m,59.38,59.308,0.216032,0.005616,0.0,124
1,0,1,1,0,0,1,0,0,0,0,0,8,0,0,container_cif.y4m,59.39,59.36,0.173781,0.00517,0.0,95
1,0,1,1,0,0,1,0,0,1,0,0,2,15,0,container_cif.y4m,60.51,60.544,0.089331,0.00517,0.0,241
1,0,1,0,1,0,0,0,0,0,1,1,1,5,3,container_cif.y4m,20.98,21.014,0.061887,0.006012,0.0,289
1,0,1,1,0,0,1,0,0,1,1,0,1,5,0,container_cif.y4m,60.5,60.556,0.160094,0.00517,0.0,278
1,1,1,0,1,0,0,1,0,1,1,0,1,0,6,container_cif.y4m,29.03,29.032,0.094974,0.004628,0.0,176
1,0,1,0,0,1,1,0,0,0,1,0,8,5,0,container_cif.y4m,53.62,53.668,0.142373,0.005232,0.0,122
1,0,1,0,0,1,0,0,0,0,1,0,4,0,6,container_cif.y4m,49.15,49.21,0.13435,0.006318,0.0,30
1,1,1,0,1,0,0,1,0,0,0,0,2,0,6,container_cif.y4m,29.56,29.572,0.056303,0.004628,0.0,251
1,0,1,1,0,0,0,0,0,0,0,1,1,0,0,container_cif.y4m,55.65,55.706,0.119708,0.005974,0.0,120
1,0,1,1,0,0,0,0,0,0,0,1,2,15,6,container_cif.y4m,55.87,55.782,0.157067,0.005974,0.0,144
1,0,1,0,1,0,1,0,0,0,0,0,1,0,3,container_cif.y4m,24.77,24.768,0.046043,0.005339,0.0,265
1,1,1,0,1,0,0,1,0,0,1,0,2,0,6,container_cif.y4m,29.61,29.598,0.08228,0.004628,0.0,260
1,1,1,0,1,0,0,1,0,0,0,1,1,0,3,container_cif.y4m,29.0,29.008,0.058481,0.004638,0.0,78
1,0,1,0,1,0,0,0,0,0,1,1,8,15,3,container_cif.y4m,21.63,21.642,0.07328,0.006042,0.0,84
1,0,1,1,0,0,1,0,0,1,0,0,4,15,3,container_cif.y4m,59.24,59.248,0.154175,0.00517,0.0,296
1,0,1,0,0,1,0,0,0,0,0,1,2,5,6,container_cif.y4m,48.84,48.89,0.143353,0.006243,0.0,232
1,0,1,0,0,1,1,0,0,0,1,0,4,15,6,container_cif.y4m,53.53,53.548,0.118195,0.005232,0.0,213
1,1,1,0,1,0,0,1,0,0,1,1,8,15,3,container_cif.y4m,31.46,31.474,0.078613,0.004625,0.0,94
1,0,1,0,1,0,0,0,0,0,1,1,1,5,0,container_cif.y4m,21.41,21.436,0.050794,0.006012,0.0,178
1,0,1,1,0,0,1,0,0,1,0,0,4,0,0,container_cif.y4m,60.39,60.474,0.133716,0.00517,0.0,127
1,1,1,0,1,0,1,1,0,0,1,0,8,5,6,container_cif.y4m,29.73,29.702,0.063008,0.004752,0.0,111
1,0,1,0,1,0,0,0,0,0,0,1,1,0,6,container_cif.y4m,21.51,21.496,0.036469,0.006012,0.0,92
1,1,1,1,0,0,0,1,0,0,1,0,8,15,6,container_cif.y4m,83.8,83.878,0.12478,0.004636,0.0,54
1,0,1,0,0,1,0,0,0,0,0,1,2,15,0,container_cif.y4m,48.96,48.968,0.055408,0.006243,0.0,45
1,0,1,1,0,0,0,0,0,1,0,0,4,0,6,container_cif.y4m,55.14,55.176,0.114368,0.006005,0.0,226
1,1,1,1,0,0,1,1,0,1,0,0,8,5,0,container_cif.y4m,81.8,81.73,0.187617,0.004756,0.0,200
1,0,1,0,0,1,1,0,0,1,0,1,8,5,6,container_cif.y4m,53.7,53.694,0.11327,0.005182,0.0,59
1,1,1,0,1,0,1,0,1,0,0,1,2,0,0,container_cif.y4m,34.2,34.208,0.037014,0.004795,0.0,19
1,1,1,1,0,0,0,1,0,1,0,0,2,15,0,container_cif.y4m,76.77,76.746,0.170968,0.004623,0.0,47
1,1,1,0,1,0,1,1,0,0,0,1,4,5,6,container_cif.y4m,29.4,29.362,0.071903,0.004757,0.0,32
1,1,1,0,1,0,0,1,0,1,0,0,1,5,6,container_cif.y4m,28.46,28.47,0.04,0.00463,0.0,170
1,0,1,0,0,1,0,0,0,1,1,0,1,15,0,container_cif.y4m,49.2,49.218,0.098843,0.006318,0.0,270
1,0,1,1,0,0,1,0,0,1,0,1,4,15,6,container_cif.y4m,59.1,59.168,0.138816,0.005616,0.0,207
1,1,1,0,1,0,0,1,0,1,1,1,1,5,6,container_cif.y4m,28.47,28.47,0.03937,0.004633,0.0,43
1,0,1,0,1,0,1,0,0,0,1,1,1,0,3,container_cif.y4m,24.9,24.872,0.090111,0.005226,0.0,40
1,1,1,0,1,0,0,1,0,0,1,1,1,5,3,container_cif.y4m,27.16,27.13,0.092195,0.004637,0.0,117
1,0,1,0,0,1,0,0,0,0,1,0,8,15,6,container_cif.y4m,49.17,49.12,0.127867,0.006318,0.0,253
1,0,1,1,0,0,0,0,0,1,0,0,1,15,3,container_cif.y4m,56.2,56.234,0.106442,0.006005,0.0,68
1,1,1,1,0,0,0,1,0,1,1,1,1,15,6,container_cif.y4m,84.37,84.388,0.136821,0.004634,0.0,186
1,1,1,0,1,0,1,1,0,0,0,1,8,15,3,container_cif.y4m,30.5,30.5,0.058737,0.004658,0.0,288
1,1,1,0,1,0,0,1,0,0,0,0,2,0,0,container_cif.y4m,29.58,29.618,0.104976,0.004628,0.0,15
1,0,1,1,0,0,0,0,0,0,1,1,2,15,3,container_cif.y4m,56.44,56.4,0.153786,0.006005,0.0,82
1,1,1,1,0,0,0,1,0,0,0,0,4,15,6,container_cif.y4m,83.69,83.734,0.084439,0.004636,0.0,211
1,0,1,0,1,0,1,0,0,1,1,1,8,15,6,container_cif.y4m,24.74,24.744,0.045056,0.005339,0.0,177
1,1,1,0,1,0,0,1,0,1,1,1,2,5,3,container_cif.y4m,28.23,28.228,0.029496,0.004647,0.0,210
1,0,1,1,0,0,0,0,0,1,1,1,2,0,3,container_cif.y4m,56.28,56.192,0.159123,0.006005,0.0,13
1,0,1,0,1,0,1,0,0,0,0,1,2,15,3,container_cif.y4m,24.9,24.88,0.071764,0.005226,0.0,228
1,0,1,0,1,0,1,0,0,1,1,0,4,5,3,container_cif.y4m,24.76,24.76,0.04062,0.005339,0.0,38
1,1,1,1,0,0,0,1,0,0,0,1,4,15,6,container_cif.y4m,82.64,82.7,0.207364,0.004634,0.0,29
1,1,1,1,0,0,1,0,1,1,0,0,8,0,0,container_cif.y4m,82.74,82.834,0.175442,0.004783,0.0,24
1,1,1,1,0,0,0,1,0,0,0,0,8,5,6,container_cif.y4m,79.56,79.566,0.10015,0.004632,0.0,293
1,1,1,1,0,0,0,1,0,0,1,0,2,5,6,container_cif.y4m,79.68,79.692,0.092574,0.004632,0.0,67
1,1,1,0,1,0,0,1,0,1,0,1,2,5,0,container_cif.y4m,29.14,29.158,0.069065,0.004638,0.0,199
1,0,1,0,0,1,1,0,0,1,1,0,8,15,3,container_cif.y4m,53.58,53.57,0.093274,0.005232,0.0,244
1,0,1,0,0,1,1,0,0,0,0,0,8,15,0,container_cif.y4m,53.61,53.662,0.12478,0.005232,0.0,80
1,1,1,1,0,0,1,1,0,1,1,1,2,0,3,container_cif.y4m,81.04,81.11,0.193907,0.004757,0.0,223
1,1,1,0,1,0,1,1,0,0,1,0,8,5,0,container_cif.y4m,30.51,30.528,0.076942,0.004651,0.0,121
1,0,1,1,0,0,1,0,0,0,0,0,8,5,3,container_cif.y4m,60.58,60.614,0.092087,0.00517,0.0,261
1,0,1,1,0,0,1,0,0,1,1,0,1,5,6,container_cif.y4m,60.57,60.592,0.070852,0.00517,0.0,156
1,1,1,1,0,0,0,1,0,0,1,0,4,15,3,container_cif.y4m,83.54,83.628,0.148896,0.004628,0.0,271
1,1,1,1,0,0,1,1,0,1,0,0,2,15,3,container_cif.y4m,85.86,85.96,0.204328,0.004626,0.0,9
1,1,1,1,0,0,1,1,0,1,0,1,1,0,0,container_cif.y4m,79.81,79.744,0.142934,0.004765,0.0,165
1,0,1,0,0,1,1,0,0,1,0,0,1,15,6,container_cif.y4m,52.56,52.59,0.072111,0.005232,0.0,126
1,0,1,1,0,0,1,0,0,1,1,1,8,5,0,container_cif.y4m,60.54,60.52,0.131719,0.00517,0.0,280
1,0,1,1,0,0,0,0,0,1,1,0,2,5,3,container_cif.y4m,56.12,56.188,0.14481,0.006005,0.0,172
1,0,1,0,1,0,1,0,0,0,0,0,1,15,6,container_cif.y4m,24.77,24.754,0.050299,0.005339,0.0,292
1,0,1,0,0,1,0,0,0,1,0,1,1,0,3,container_cif.y4m,48.88,48.868,0.057184,0.006243,0.0,179
1,0,1,0,0,1,1,0,0,1,0,1,2,0,3,container_cif.y4m,52.53,52.64,0.184391,0.005182,0.0,272
1,0,1,0,0,1,1,0,0,0,1,0,4,5,0,container_cif.y4m,52.6,52.63,0.116404,0.005232,0.0,105
1,0,1,0,1,0,0,0,0,0,0,0,1,0,3,container_cif.y4m,21.68,21.69,0.023452,0.006042,0.0,76
1,0,1,1,0,0,1,0,0,0,1,0,4,15,3,container_cif.y4m,59.25,59.246,0.150433,0.00517,0.0,197
1,1,1,1,0,0,1,1,0,0,1,0,1,15,0,container_cif.y4m,81.52,81.532,0.144637,0.004756,0.0,221
1,1,1,1,0,0,1,1,0,0,1,0,8,15,6,container_cif.y4m,84.17,84.098,0.114324,0.004623,0.0,167
1,1,1,0,1,0,0,1,0,1,0,1,4,15,6,container_cif.y4m,31.58,31.572,0.079812,0.004636,0.0,136
1,1,1,1,0,0,0,1,0,1,0,1,8,15,6,container_cif.y4m,84.44,84.432,0.110318,0.004634,0.0,243
1,0,1,0,1,0,0,0,0,1,0,1,8,15,6,container_cif.y4m,21.41,21.418,0.027749,0.006012,0.0,60
1,0,1,1,0,0,0,0,0,1,0,1,2,0,6,container_cif.y4m,55.82,55.804,0.12818,0.005974,0.0,110
1,1,1,1,0,0,1,1,0,1,0,0,1,15,6,container_cif.y4m,83.92,84.002,0.214872,0.004623,0.0,35
1,0,1,1,0,0,1,0,0,0,1,1,2,5,6,container_cif.y4m,60.59,60.598,0.142724,0.00517,0.0,235
1,0,1,1,0,0,0,0,0,1,0,0,1,0,3,container_cif.y4m,56.09,56.114,0.035777,0.006005,0.0,44
1,1,1,0,1,0,1,1,0,0,1,0,4,15,3,container_cif.y4m,31.41,31.446,0.060249,0.004646,0.0,256
1,0,1,0,0,1,0,0,0,0,1,1,8,0,0,container_cif.y4m,49.04,49.074,0.082946,0.006318,0.0,192
1,0,1,0,1,0,0,0,0,0,1,1,2,0,0,container_cif.y4m,21.63,21.65,0.044159,0.006042,0.0,41
1,0,1,1,0,0,0,0,0,0,1,0,4,5,0,container_cif.y4m,56.25,56.23,0.113358,0.006005,0.0,37
1,0,1,0,0,1,0,0,0,0,0,0,4,5,0,container_cif.y4m,49.07,49.118,0.118828,0.006318,0.0,26
1,1,1,1,0,0,0,1,0,0,0,0,1,0,3,container_cif.y4m,77.69,77.674,0.216633,0.004616,0.0,273
1,1,1,1,0,0,1,1,0,0,0,1,1,5,6,container_cif.y4m,78.74,78.782,0.169912,0.00475,0.0,233
1,1,1,0,1,0,1,1,0,0,1,1,8,0,0,container_cif.y4m,31.18,31.176,0.046152,0.004648,0.0,101
1,0,1,1,0,0,0,0,0,0,0,1,2,5,3,container_cif.y4m,55.97,55.86,0.232056,0.005974,0.0,39
1,1,1,0,1,0,0,1,0,0,0,1,1,15,0,container_cif.y4m,29.66,29.694,0.097365,0.004638,0.0,106
1,1,1,0,1,0,0,0,1,1,0,0,1,0,0,container_cif.y4m,31.53,31.536,0.031305,0.004692,0.0,242
1,1,1,1,0,0,1,1,0,0,1,0,2,15,0,container_cif.y4m,81.62,81.61,0.238851,0.004756,0.0,193
1,0,1,0,1,0,1,0,0,0,1,0,1,15,6,container_cif.y4m,24.72,24.754,0.065803,0.005339,0.0,103
1,1,1,0,1,0,0,1,0,1,1,1,8,5,6,container_cif.y4m,28.04,28.034,0.068775,0.00463,0.0,1
1,0,1,1,0,0,0,0,0,1,1,1,1,0,0,container_cif.y4m,54.67,54.69,0.107703,0.005974,0.0,61
1,1,1,1,0,0,0,0,1,0,0,0,2,0,0,container_cif.y4m,78.72,78.702,0.081056,0.004682,0.0,56
1,1,1,0,1,0,0,1,0,0,1,0,8,15,3,container_cif.y4m,31.49,31.53,0.099247,0.004625,0.0,148
1,0,1,0,1,0,0,0,0,1,0,1,2,5,0,container_cif.y4m,21.49,21.46,0.046368,0.006012,0.0,112
1,0,1,0,1,0,1,0,0,0,1,0,8,15,3,container_cif.y4m,24.72,24.738,0.089275,0.005339,0.0,300
1,0,1,0,1,0,0,0,0,1,1,0,4,15,0,container_cif.y4m,21.65,21.64,0.07,0.006042,0.0,249
1,0,1,0,1,0,0,0,0,0,0,1,2,0,0,container_cif.y4m,21.08,21.05,0.047958,0.006012,0.0,20
1,1,1,1,0,0,1,1,0,1,0,1,1,5,0,container_cif.y4m,82.1,82.086,0.162727,0.004765,0.0,104
1,1,1,1,0,0,0,1,0,1,1,1,8,15,6,container_cif.y4m,84.15,84.066,0.19139,0.004636,0.0,131
1,0,1,1,0,0,0,0,0,0,0,0,2,0,3,container_cif.y4m,56.12,56.146,0.095289,0.006005,0.0,69
1,0,1,0,1,0,1,0,0,0,0,0,2,0,3,container_cif.y4m,24.73,24.736,0.08792,0.005339,0.0,220
1,1,1,1,0,0,1,1,0,1,1,1,8,15,6,container_cif.y4m,84.09,84.106,0.131643,0.004623,0.0,11
1,1,1,1,0,0,1,1,0,1,0,0,4,15,6,container_cif.y4m,82.37,82.314,0.17358,0.004623,0.0,258
1,0,1,0,1,0,1,0,0,0,0,0,2,15,3,container_cif.y4m,24.77,24.766,0.061887,0.005339,0.0,65
1,0,1,0,0,1,1,0,0,0,0,0,2,15,0,container_cif.y4m,53.7,53.698,0.117558,0.005232,0.0,160
1,0,1,0,0,1,1,0,0,0,0,0,8,0,0,container_cif.y4m,52.67,52.664,0.183929,0.005232,0.0,238
1,1,1,1,0,0,0,1,0,0,0,0,4,0,0,container_cif.y4m,76.04,75.99,0.19105,0.004616,0.0,57
1,1,1,0,1,0,0,1,0,1,0,1,2,0,0,container_cif.y4m,28.53,28.526,0.027019,0.004638,0.0,79
1,0,1,0,1,0,1,0,0,0,1,0,4,15,3,container_cif.y4m,24.34,24.322,0.070498,0.005339,0.0,224
1,1,1,0,1,0,0,1,0,1,0,0,2,0,3,container_cif.y4m,29.03,29.052,0.055408,0.004628,0.0,48
1,0,1,0,1,0,1,0,0,0,0,1,8,0,6,container_cif.y4m,24.86,24.87,0.050498,0.005226,0.0,173
1,1,1,1,0,0,1,1,0,0,1,1,1,0,0,container_cif.y4m,79.69,79.664,0.088204,0.004765,0.0,283
1,0,1,0,1,0,0,0,0,0,0,0,1,0,6,container_cif.y4m,21.63,21.652,0.049699,0.006042,0.0,190
1,0,1,0,1,0,1,0,0,1,1,1,4,0,6,container_cif.y4m,24.79,24.782,0.046583,0.005339,0.0,259
1,0,1,1,0,0,0,0,0,0,0,1,1,15,3,container_cif.y4m,55.86,55.88,0.186414,0.005974,0.0,7
1,0,1,0,0,1,0,0,0,0,0,1,2,5,0,container_cif.y4m,48.99,48.978,0.039623,0.006243,0.0,73
1,1,1,1,0,0,1,1,0,0,0,0,2,0,6,container_cif.y4m,81.03,81.078,0.147885,0.004757,0.0,63
1,0,1,0,0,1,1,0,0,1,1,0,2,15,3,container_cif.y4m,53.71,53.662,0.10895,0.005232,0.0,284
1,0,1,1,0,0,1,0,0,1,0,1,8,15,6,container_cif.y4m,59.22,59.228,0.109864,0.005616,0.0,250
1,1,1,0,1,0,0,1,0,0,0,0,2,5,0,container_cif.y4m,29.84,29.846,0.0498,0.004635,0.0,209
1,0,1,0,1,0,1,0,0,0,0,1,4,5,3,container_cif.y4m,24.93,24.914,0.050299,0.005226,0.0,138
1,1,1,1,0,0,0,0,1,1,1,0,1,0,0,container_cif.y4m,78.86,78.884,0.170529,0.004682,0.0,135
1,1,1,1,0,0,1,1,0,1,1,0,4,5,3,container_cif.y4m,81.63,81.584,0.146561,0.004742,0.0,264
1,1,1,1,0,0,0,1,0,1,1,0,2,0,6,container_cif.y4m,77.73,77.674,0.125817,0.004616,0.0,215
1,0,1,0,0,1,0,0,0,0,1,1,4,5,3,container_cif.y4m,49.17,49.162,0.144465,0.006318,0.0,50
1,0,1,1,0,0,0,0,0,1,1,0,4,0,6,container_cif.y4m,56.16,56.114,0.126214,0.006005,0.0,98
1,1,1,1,0,0,0,1,0,1,1,0,1,15,0,container_cif.y4m,78.15,78.246,0.136492,0.004623,0.0,140
1,1,1,1,0,0,0,1,0,0,1,1,1,0,3,container_cif.y4m,76.23,76.168,0.144465,0.004622,0.0,113
1,0,1,0,1,0,1,0,0,1,1,0,1,0,6,container_cif.y4m,24.73,24.778,0.092033,0.005339,0.0,3
1,0,1,0,0,1,0,0,0,1,1,1,8,0,0,container_cif.y4m,49.21,49.2,0.095394,0.006318,0.0,149
1,0,1,1,0,0,0,0,0,0,1,1,8,5,6,container_cif.y4m,56.27,56.194,0.155177,0.006005,0.0,153
1,1,1,1,0,0,1,1,0,1,1,0,2,15,6,container_cif.y4m,84.01,84.048,0.115845,0.004623,0.0,133
1,0,1,1,0,0,0,0,0,0,0,0,1,0,3,container_cif.y4m,56.24,56.252,0.138094,0.006005,0.0,191
1,1,1,0,1,0,0,1,0,1,0,1,1,0,6,container_cif.y4m,29.0,29.008,0.092033,0.004638,0.0,100
1,0,1,1,0,0,1,0,0,0,1,0,4,0,3,container_cif.y4m,60.39,60.414,0.136125,0.00517,0.0,85
1,0,1,0,0,1,1,0,0,0,0,0,2,0,3,container_cif.y4m,53.83,53.762,0.119457,0.005232,0.0,88
1,0,1,0,1,0,1,0,0,1,1,0,4,15,6,container_cif.y4m,24.72,24.752,0.063797,0.005339,0.0,31
1,0,1,0,0,1,1,0,0,0,0,0,4,5,3,container_cif.y4m,53.67,53.676,0.117601,0.005232,0.0,134
1,1,1,0,1,0,1,1,0,1,1,1,8,0,3,container_cif.y4m,31.11,31.11,0.071764,0.004648,0.0,147
1,1,1,1,0,0,0,1,0,0,1,1,4,15,6,container_cif.y4m,83.86,83.878,0.064962,0.004636,0.0,275
1,0,1,0,0,1,1,0,0,0,1,0,4,15,3,container_cif.y4m,53.79,53.744,0.067676,0.005232,0.0,143
1,1,1,0,1,0,1,1,0,1,0,0,1,5,6,container_cif.y4m,29.77,29.748,0.083187,0.004752,0.0,8
1,1,1,1,0,0,1,1,0,0,1,1,4,5,3,container_cif.y4m,81.41,81.474,0.139392,0.004742,0.0,216
1,0,1,1,0,0,1,0,0,1,0,0,1,0,3,container_cif.y4m,59.19,59.266,0.146048,0.00517,0.0,214
1,0,1,0,0,1,0,0,0,0,0,0,1,5,0,container_cif.y4m,49.09,49.072,0.082583,0.006318,0.0,17
1,0,1,0,0,1,1,0,0,0,0,0,1,5,0,container_cif.y4m,52.66,52.578,0.120291,0.005232,0.0,206
1,0,1,0,1,0,0,0,0,1,1,1,8,15,0,container_cif.y4m,21.7,21.698,0.050695,0.006042,0.0,36
1,1,1,0,1,0,1,1,0,0,0,0,4,15,3,container_cif.y4m,31.56,31.542,0.041473,0.004646,0.0,6
1,0,1,1,0,0,1,0,0,0,0,1,1,0,6,container_cif.y4m,59.35,59.364,0.139929,0.005616,0.0,5
1,0,1,1,0,0,1,0,0,0,0,0,8,15,6,container_cif.y4m,60.36,60.442,0.191625,0.00517,0.0,164
1,0,1,0,0,1,0,0,0,1,0,0,8,0,6,container_cif.y4m,49.2,49.19,0.155724,0.006318,0.0,97
1,0,1,1,0,0,0,0,0,0,1,0,2,5,3,container_cif.y4m,56.17,56.196,0.114804,0.006005,0.0,236
1,1,1,0,1,0,1,1,0,0,0,0,8,5,0,container_cif.y4m,30.61,30.604,0.087063,0.004651,0.0,71
1,1,1,0,1,0,1,1,0,1,0,1,2,0,3,container_cif.y4m,30.59,30.606,0.061074,0.004721,0.0,295
1,0,1,1,0,0,1,0,0,1,1,0,8,5,3,container_cif.y4m,60.42,60.49,0.216102,0.00517,0.0,286
1,0,1,0,1,0,0,0,0,0,0,1,1,5,0,container_cif.y4m,21.42,21.452,0.063797,0.006012,0.0,34
1,0,1,0,1,0,1,0,0,1,1,1,1,5,3,container_cif.y4m,24.87,24.874,0.051284,0.005226,0.0,240
1,0,1,0,0,1,1,0,0,0,0,1,4,15,3,container_cif.y4m,53.79,53.836,0.091542,0.005182,0.0,18
1,0,1,0,1,0,0,0,0,0,1,0,8,0,6,container_cif.y4m,21.62,21.638,0.068337,0.006042,0.0,102
1,1,1,1,0,0,1,0,1,0,1,0,4,0,0,container_cif.y4m,82.78,82.816,0.163187,0.004783,0.0,51
1,1,1,1,0,0,1,1,0,0,0,1,4,15,6,container_cif.y4m,82.74,82.754,0.127397,0.004644,0.0,282
1,0,1,0,1,0,1,0,0,1,1,1,1,0,3,container_cif.y4m,24.86,24.876,0.068775,0.005226,0.0,77
1,0,1,1,0,0,1,0,0,0,1,0,2,0,3,container_cif.y4m,59.43,59.438,0.060992,0.00517,0.0,128
1,1,1,0,1,0,1,1,0,0,0,0,2,5,3,container_cif.y4m,28.84,28.832,0.085849,0.004749,0.0,234
1,0,1,1,0,0,0,0,0,0,1,1,1,0,0,container_cif.y4m,55.69,55.728,0.121532,0.005974,0.0,252
1,0,1,1,0,0,1,0,0,0,0,1,4,0,3,container_cif.y4m,59.15,59.176,0.10139,0.005616,0.0,28
1,0,1,0,0,1,1,0,0,1,1,1,8,15,3,container_cif.y4m,53.51,53.58,0.095917,0.005232,0.0,139
1,0,1,0,0,1,0,0,0,0,0,1,1,5,0,container_cif.y4m,48.07,48.04,0.100499,0.006243,0.0,158
1,1,1,0,1,0,1,1,0,1,0,1,8,5,3,container_cif.y4m,28.66,28.644,0.049295,0.00477,0.0,152
1,0,1,1,0,0,1,0,0,1,0,0,2,0,6,container_cif.y4m,60.63,60.63,0.148661,0.00517,0.0,12
1,1,1,0,1,0,0,1,0,0,0,1,4,15,3,container_cif.y4m,30.31,30.29,0.061237,0.004624,0.0,294
1,1,1,0,1,0,0,1,0,0,0,1,8,15,3,container_cif.y4m,30.27,30.262,0.0614,0.004624,0.0,154
1,1,1,1,0,0,0,1,0,1,0,0,2,15,6,container_cif.y4m,83.76,83.852,0.187537,0.004636,0.0,157
1,0,1,1,0,0,1,0,0,1,1,1,2,0,3,container_cif.y4m,60.58,60.558,0.134981,0.00517,0.0,150
1,1,1,0,1,0,1,1,0,0,1,0,8,0,6,container_cif.y4m,31.13,31.11,0.061644,0.004648,0.0,287
1,0,1,0,1,0,0,0,0,1,1,0,1,0,3,container_cif.y4m,21.64,21.654,0.051284,0.006042,0.0,297
1,0,1,0,0,1,0,0,0,1,1,0,8,15,0,container_cif.y4m,48.07,48.136,0.129345,0.006318,0.0,263
1,1,1,0,1,0,0,1,0,1,1,1,1,5,3,container_cif.y4m,27.58,27.596,0.070922,0.004637,0.0,255
1,0,1,1,0,0,0,0,0,1,1,0,8,15,3,container_cif.y4m,56.2,56.244,0.105972,0.006005,0.0,115
1,0,1,0,0,1,1,0,0,1,0,1,4,15,3,container_cif.y4m,53.88,53.78,0.186414,0.005182,0.0,188
1,0,1,0,0,1,1,0,0,0,0,1,8,0,6,container_cif.y4m,53.83,53.812,0.070143,0.005182,0.0,212
1,0,1,1,0,0,1,0,0,0,0,1,1,15,3,container_cif.y4m,59.23,59.25,0.146116,0.005616,0.0,195
1,0,1,0,1,0,0,0,0,0,1,1,2,15,0,container_cif.y4m,21.63,21.628,0.08167,0.006042,0.0,119
1,0,1,1,0,0,0,0,0,1,0,1,4,15,0,container_cif.y4m,55.73,55.722,0.08167,0.005974,0.0,58
1,0,1,0,1,0,1,0,0,1,0,1,4,0,6,container_cif.y4m,24.85,24.864,0.11393,0.005226,0.0,277
1,0,1,0,1,0,1,0,0,0,1,1,4,5,6,container_cif.y4m,24.73,24.746,0.064265,0.005339,0.0,64
1,1,1,0,1,0,1,1,0,1,0,0,2,0,0,container_cif.y4m,31.18,31.182,0.077589,0.004648,0.0,285
1,1,1,0,1,0,1,1,0,1,0,0,4,0,0,container_cif.y4m,31.06,31.072,0.084676,0.004648,0.0,290
1,0,1,1,0,0,0,0,0,1,0,1,8,5,6,container_cif.y4m,55.68,55.692,0.067602,0.005974,0.0,196
1,1,1,1,0,0,1,0,1,1,1,1,1,0,0,container_cif.y4m,82.14,82.18,0.135462,0.004713,0.0,93
1,0,1,1,0,0,1,0,0,0,1,1,4,5,6,container_cif.y4m,59.31,59.318,0.090111,0.00517,0.0,299
1,0,1,1,0,0,0,0,0,1,0,0,2,5,0,container_cif.y4m,56.28,56.272,0.117771,0.006005,0.0,125
1,1,1,0,1,0,0,1,0,1,0,1,2,15,6,container_cif.y4m,31.6,31.578,0.1001,0.004636,0.0,21
1,0,1,0,1,0,0,0,0,1,0,1,2,0,0,container_cif.y4m,21.41,21.41,0.043012,0.006012,0.0,225
1,0,1,0,1,0,0,0,0,1,0,0,2,5,0,crew_cif.y4m,18.13,18.14,0.038079,0.005058,0.0,114
1,1,1,1,0,0,0,0,1,0,0,1,1,0,0,crew_cif.y4m,66.34,66.558,0.613409,0.004691,0.0,281
1,1,1,1,0,0,0,1,0,1,1,0,2,5,0,crew_cif.y4m,82.2,82.98,1.295839,0.004512,0.0,49
1,0,1,0,0,1,1,0,0,0,0,0,2,15,6,crew_cif.y4m,43.34,43.554,0.606778,0.005139,0.0,194
1,0,1,1,0,0,0,0,0,0,0,0,2,0,6,crew_cif.y4m,46.28,46.136,1.026708,0.005037,0.0,62
1,1,1,0,1,0,0,1,0,1,1,1,1,15,3,crew_cif.y4m,35.72,35.656,0.340632,0.004559,0.0,91
1,0,1,0,0,1,1,0,0,0,0,0,4,0,6,crew_cif.y4m,46.49,46.448,0.228189,0.005139,0.0,107
1,0,1,1,0,0,1,0,0,0,0,1,4,5,3,crew_cif.y4m,53.3,53.552,0.592343,0.005125,0.0,181
1,0,1,0,1,0,1,0,0,0,0,0,4,5,0,crew_cif.y4m,21.48,21.61,0.338748,0.00512,0.0,247
1,0,1,1,0,0,0,0,0,1,1,0,4,5,3,crew_cif.y4m,45.1,44.954,0.531159,0.005037,0.0,166
1,0,1,0,0,1,0,0,0,0,1,1,4,0,0,crew_cif.y4m,41.05,41.068,0.063797,0.005414,0.0,25
1,1,1,0,1,0,0,1,0,0,0,1,8,0,6,crew_cif.y4m,34.13,34.116,0.056833,0.004523,0.0,203
1,1,1,1,0,0,1,1,0,1,1,1,4,5,6,crew_cif.y4m,71.87,71.96,0.176352,0.004145,0.0,219
1,0,1,0,0,1,0,0,0,0,0,0,4,15,0,crew_cif.y4m,41.32,41.238,0.157067,0.005414,0.0,162
1,0,1,1,0,0,1,0,0,0,1,0,4,15,6,crew_cif.y4m,49.59,49.704,0.432874,0.005123,0.0,182
1,0,1,0,0,1,0,0,0,1,1,0,1,15,6,crew_cif.y4m,41.16,41.318,0.600308,0.005414,0.0,10
1,1,1,1,0,0,1,1,0,1,1,1,2,15,0,crew_cif.y4m,71.19,72.002,1.367304,0.004095,0.0,14
1,1,1,1,0,0,0,1,0,0,0,1,1,0,6,crew_cif.y4m,81.9,82.2,0.472599,0.004522,0.0,89
1,1,1,1,0,0,0,1,0,1,1,1,1,5,0,crew_cif.y4m,81.2,81.068,0.214872,0.004523,0.0,116
1,0,1,1,0,0,0,0,0,0,1,1,4,15,3,crew_cif.y4m,45.87,45.318,0.809796,0.005037,0.0,217
1,1,1,0,1,0,0,1,0,0,1,0,1,0,0,crew_cif.y4m,33.98,34.146,0.408265,0.004517,0.0,75
1,1,1,0,1,0,0,1,0,1,1,1,2,15,6,crew_cif.y4m,34.77,34.872,0.145842,0.004594,0.0,266
1,0,1,1,0,0,1,0,0,0,1,1,4,15,3,crew_cif.y4m,51.1,50.55,0.964598,0.005123,0.0,268
1,0,1,0,1,0,1,0,0,1,1,1,4,15,3,crew_cif.y4m,21.65,21.846,0.331708,0.00512,0.0,187
1,0,1,0,0,1,1,0,0,0,1,0,8,15,3,crew_cif.y4m,43.43,43.436,0.07733,0.005139,0.0,161
1,0,1,0,1,0,1,0,0,0,1,0,2,0,6,crew_cif.y4m,21.82,21.806,0.111265,0.00512,0.0,23
1,1,1,1,0,0,0,1,0,1,1,0,2,5,6,crew_cif.y4m,83.41,83.422,0.127161,0.004553,0.0,2
1,1,1,1,0,0,1,0,1,1,0,1,2,0,0,crew_cif.y4m,59.27,59.382,0.56504,0.004197,0.0,16
1,0,1,1,0,0,0,0,0,1,1,1,8,15,0,crew_cif.y4m,47.76,47.746,0.172134,0.005037,0.0,262
1,1,1,1,0,0,0,1,0,1,1,0,4,5,0,crew_cif.y4m,82.16,82.216,0.262355,0.004512,0.0,66
1,0,1,1,0,0,0,0,0,1,0,0,2,0,0,crew_cif.y4m,44.93,44.922,0.456695,0.005037,0.0,86
1,0,1,0,1,0,1,0,0,0,1,0,2,5,6,crew_cif.y4m,21.57,21.588,0.168434,0.00512,0.0,231
1,0,1,0,1,0,0,0,0,0,0,0,4,5,0,crew_cif.y4m,18.63,18.548,0.401833,0.005058,0.0,269
1,1,1,0,1,0,1,1,0,0,1,0,1,5,0,crew_cif.y4m,28.08,28.25,0.411643,0.004121,0.0,180
1,0,1,0,0,1,0,0,0,0,1,0,4,5,6,crew_cif.y4m,41.01,41.044,0.194242,0.005414,0.0,274
1,1,1,1,0,0,0,1,0,1,1,0,2,15,6,crew_cif.y4m,86.97,86.32,1.80801,0.004592,0.0,184
1,0,1,0,0,1,1,0,0,0,0,1,4,5,0,crew_cif.y4m,43.45,43.52,0.576628,0.005137,0.0,118
1,1,1,1,0,0,0,1,0,0,0,0,1,0,6,crew_cif.y4m,80.94,81.438,0.756849,0.004512,0.0,254
1,0,1,1,0,0,1,0,0,0,1,1,4,5,0,crew_cif.y4m,50.6,50.736,1.616379,0.005123,0.0,208
1,0,1,0,0,1,1,0,0,1,1,0,4,5,6,crew_cif.y4m,43.92,43.884,0.183385,0.005139,0.0,279
1,1,1,1,0,0,0,1,0,0,1,1,4,15,3,crew_cif.y4m,92.28,92.226,0.176295,0.00454,0.0,229
1,0,1,0,0,1,1,0,0,1,1,1,1,0,0,crew_cif.y4m,43.25,43.274,0.112827,0.005137,0.0,46
1,0,1,0,0,1,0,0,0,1,1,1,4,5,6,crew_cif.y4m,41.21,41.612,0.655492,0.005414,0.0,171
1,1,1,1,0,0,0,1,0,0,1,0,2,5,0,crew_cif.y4m,82.26,84.666,3.508622,0.004512,0.0,99
1,0,1,0,0,1,0,0,0,0,0,0,8,0,0,crew_cif.y4m,41.2,41.154,0.127201,0.005414,0.0,81
1,1,1,1,0,0,1,1,0,1,0,1,8,5,0,crew_cif.y4m,74.13,74.288,0.332295,0.004124,0.0,155
1,0,1,0,1,0,0,0,0,1,0,1,1,15,6,crew_cif.y4m,18.05,18.092,0.076616,0.005051,0.0,96
1,1,1,1,0,0,0,1,0,1,1,1,8,0,0,crew_cif.y4m,81.13,81.052,0.211234,0.004512,0.0,218
1,1,1,1,0,0,1,1,0,1,1,0,8,0,6,crew_cif.y4m,75.09,75.204,0.740088,0.004095,0.0,53
1,1,1,0,1,0,1,0,1,0,0,0,2,0,0,crew_cif.y4m,26.0,26.024,0.148425,0.004206,0.0,109
1,0,1,0,1,0,0,0,0,0,1,0,4,5,6,crew_cif.y4m,18.1,18.122,0.06261,0.005058,0.0,185
1,1,1,1,0,0,0,1,0,0,1,1,2,0,0,crew_cif.y4m,80.92,81.25,0.914139,0.004512,0.0,239
1,0,1,1,0,0,0,0,0,0,0,1,2,0,0,crew_cif.y4m,44.38,44.414,0.065803,0.005007,0.0,276
1,0,1,1,0,0,1,0,0,0,0,1,4,0,6,crew_cif.y4m,50.86,50.704,0.441962,0.005125,0.0,257
1,0,1,0,0,1,0,0,0,1,1,0,1,5,0,crew_cif.y4m,42.29,41.764,0.822545,0.005414,0.0,42
1,1,1,0,1,0,1,1,0,0,0,0,2,15,3,crew_cif.y4m,28.92,28.922,0.097314,0.00414,0.0,204
1,0,1,1,0,0,1,0,0,1,0,1,2,15,6,crew_cif.y4m,49.5,49.548,0.159906,0.005125,0.0,145
1,0,1,0,1,0,0,0,0,0,0,0,2,0,3,crew_cif.y4m,18.21,18.178,0.07225,0.005058,0.0,246
1,1,1,1,0,0,0,1,0,0,1,1,8,0,0,crew_cif.y4m,86.52,86.48,0.178185,0.004512,0.0,202
1,1,1,0,1,0,0,1,0,1,0,0,2,5,3,crew_cif.y4m,34.86,35.054,1.032778,0.004535,0.0,70
1,0,1,0,1,0,0,0,0,0,1,0,1,5,3,crew_cif.y4m,18.15,18.344,0.303447,0.005058,0.0,230
1,0,1,0,1,0,1,0,0,0,0,0,4,15,6,crew_cif.y4m,21.55,21.51,0.09975,0.00512,0.0,267
1,1,1,1,0,0,1,1,0,0,0,1,8,5,3,crew_cif.y4m,70.3,69.412,1.248827,0.004129,0.0,146
1,0,1,0,1,0,1,0,0,0,0,1,2,15,0,crew_cif.y4m,21.5,21.504,0.018166,0.005116,0.0,27
1,0,1,0,1,0,1,0,0,0,1,1,8,0,3,crew_cif.y4m,21.52,21.75,0.390192,0.00512,0.0,137
1,1,1,1,0,0,0,1,0,0,1,1,2,15,0,crew_cif.y4m,82.16,82.116,0.234585,0.004512,0.0,189
1,1,1,0,1,0,1,1,0,1,0,0,4,15,0,crew_cif.y4m,29.25,28.82,0.704344,0.004121,0.0,132
1,1,1,1,0,0,0,0,1,1,0,1,8,0,0,crew_cif.y4m,63.7,62.93,1.09268,0.004691,0.0,169
1,0,1,0,0,1,0,0,0,0,0,0,1,5,6,crew_cif.y4m,41.21,41.16,0.1253,0.005414,0.0,33
1,0,1,1,0,0,0,0,0,0,1,1,8,15,0,crew_cif.y4m,44.38,44.396,0.12818,0.005037,0.0,205
1,0,1,1,0,0,0,0,0,1,0,1,2,0,0,crew_cif.y4m,47.32,47.604,0.635319,0.005007,0.0,245
1,1,1,0,1,0,1,1,0,0,1,1,1,15,0,crew_cif.y4m,29.3,29.164,0.59576,0.004138,0.0,298
1,0,1,1,0,0,1,0,0,1,1,0,2,5,6,crew_cif.y4m,49.57,49.6,0.115109,0.005123,0.0,163
1,1,1,1,0,0,0,1,0,0,0,0,1,5,0,crew_cif.y4m,82.06,82.02,0.16778,0.004512,0.0,123
1,0,1,0,0,1,1,0,0,1,0,0,4,15,0,crew_cif.y4m,44.55,44.056,0.755434,0.005139,0.0,4
1,0,1,0,0,1,1,0,0,1,1,0,8,5,6,crew_cif.y4m,46.29,46.412,0.185661,0.005139,0.0,141
1,1,1,0,1,0,0,1,0,1,0,0,8,5,6,crew_cif.y4m,34.87,34.606,0.411801,0.004554,0.0,129
1,1,1,0,1,0,1,1,0,1,1,0,4,5,3,crew_cif.y4m,29.13,29.558,0.901427,0.004131,0.0,159
1,0,1,0,0,1,1,0,0,1,0,0,1,0,0,crew_cif.y4m,46.51,46.478,0.131795,0.005139,0.0,22
1,0,1,0,0,1,0,0,0,1,0,1,2,0,6,crew_cif.y4m,40.91,40.876,0.096592,0.005416,0.0,175
1,1,1,1,0,0,0,1,0,1,1,1,8,5,6,crew_cif.y4m,83.35,83.408,0.171377,0.004553,0.0,151
1,1,1,0,1,0,0,1,0,0,1,0,2,5,0,crew_cif.y4m,36.54,36.564,0.129345,0.004517,0.0,52
1,0,1,0,0,1,0,0,0,0,0,1,4,0,3,crew_cif.y4m,40.96,41.332,0.665109,0.005416,0.0,108
1,0,1,0,1,0,1,0,0,0,0,1,8,15,0,crew_cif.y4m,21.54,21.746,0.350186,0.005116,0.0,72
1,0,1,1,0,0,1,0,0,1,1,0,8,0,6,crew_cif.y4m,49.64,49.576,0.173003,0.005123,0.0,248
1,1,1,1,0,0,1,1,0,1,1,0,8,5,6,crew_cif.y4m,76.72,76.772,0.244274,0.004145,0.0,174
1,0,1,1,0,0,1,0,0,1,1,1,8,0,3,crew_cif.y4m,49.36,49.45,0.142653,0.005123,0.0,130
1,1,1,0,1,0,1,1,0,1,1,1,8,15,0,crew_cif.y4m,28.25,28.7,0.753094,0.004121,0.0,168
1,0,1,0,0,1,1,0,0,1,0,1,8,0,6,crew_cif.y4m,43.45,43.4,0.144222,0.005137,0.0,198
1,0,1,0,0,1,1,0,0,1,1,0,1,0,3,crew_cif.y4m,43.85,43.832,0.12478,0.005139,0.0,83
1,1,1,1,0,0,1,1,0,0,1,0,1,0,3,crew_cif.y4m,69.87,69.826,0.123004,0.004095,0.0,291
1,0,1,0,1,0,0,0,0,1,1,0,1,0,6,crew_cif.y4m,18.24,18.214,0.072664,0.005058,0.0,237
1,0,1,0,0,1,0,0,0,1,1,1,2,15,3,crew_cif.y4m,41.11,41.62,0.726189,0.005414,0.0,90
1,1,1,1,0,0,1,1,0,0,0,1,1,15,0,crew_cif.y4m,69.52,70.34,1.228658,0.004124,0.0,87
1,0,1,1,0,0,1,0,0,1,0,0,1,5,0,crew_cif.y4m,49.55,49.634,0.151756,0.005123,0.0,74
1,0,1,0,0,1,0,0,0,1,0,0,2,0,3,crew_cif.y4m,43.92,44.154,0.506587,0.005414,0.0,201
1,0,1,0,1,0,0,0,0,1,0,1,1,0,0,crew_cif.y4m,18.4,18.362,0.061806,0.005051,0.0,183
1,0,1,1,0,0,0,0,0,0,0,0,4,0,6,crew_cif.y4m,45.14,45.026,0.346814,0.005037,0.0,227
1,1,1,0,1,0,1,1,0,0,0,0,1,15,6,crew_cif.y4m,29.94,29.954,0.093434,0.004109,0.0,222
1,0,1,0,0,1,0,0,0,0,1,0,8,0,6,crew_cif.y4m,41.22,41.282,0.273898,0.005414,0.0,55
1,0,1,1,0,0,0,0,0,0,1,1,2,5,0,crew_cif.y4m,45.18,45.122,0.098843,0.005037,0.0,142
1,0,1,1,0,0,1,0,0,1,0,1,1,5,6,crew_cif.y4m,53.07,53.086,0.145362,0.005125,0.0,124
1,0,1,1,0,0,1,0,0,0,0,0,8,0,0,crew_cif.y4m,49.65,49.676,0.238076,0.005123,0.0,95
1,0,1,1,0,0,1,0,0,1,0,0,2,15,0,crew_cif.y4m,49.5,49.536,0.162111,0.005123,0.0,241
1,0,1,0,1,0,0,0,0,0,1,1,1,5,3,crew_cif.y4m,18.07,18.126,0.17841,0.005051,0.0,289
1,0,1,1,0,0,1,0,0,1,1,0,1,5,0,crew_cif.y4m,49.53,49.578,0.135904,0.005123,0.0,278
1,1,1,0,1,0,0,1,0,1,1,0,1,0,6,crew_cif.y4m,33.96,33.98,0.062048,0.004517,0.0,176
1,0,1,0,0,1,1,0,0,0,1,0,8,5,0,crew_cif.y4m,43.41,43.354,0.148762,0.005139,0.0,122
1,0,1,0,0,1,0,0,0,0,1,0,4,0,6,crew_cif.y4m,41.69,41.62,0.139284,0.005414,0.0,30
1,1,1,0,1,0,0,1,0,0,0,0,2,0,6,crew_cif.y4m,33.9,33.88,0.041833,0.004517,0.0,251
1,0,1,1,0,0,0,0,0,0,0,1,1,0,0,crew_cif.y4m,45.18,45.052,0.312042,0.005007,0.0,120
1,0,1,1,0,0,0,0,0,0,0,1,2,15,6,crew_cif.y4m,44.48,44.458,0.172395,0.005007,0.0,144
1,0,1,0,1,0,1,0,0,0,0,0,1,0,3,crew_cif.y4m,22.16,21.928,0.357379,0.00512,0.0,265
1,1,1,0,1,0,0,1,0,0,1,0,2,0,6,crew_cif.y4m,34.07,34.028,0.095499,0.004517,0.0,260
1,1,1,0,1,0,0,1,0,0,0,1,1,0,3,crew_cif.y4m,33.42,33.618,0.33922,0.004523,0.0,78
1,0,1,0,1,0,0,0,0,0,1,1,8,15,3,crew_cif.y4m,18.66,18.642,0.450799,0.005058,0.0,84
1,0,1,1,0,0,1,0,0,1,0,0,4,15,3,crew_cif.y4m,53.19,53.154,0.168908,0.005123,0.0,296
1,0,1,0,0,1,0,0,0,0,0,1,2,5,6,crew_cif.y4m,40.7,40.75,0.115542,0.005416,0.0,232
1,0,1,0,0,1,1,0,0,0,1,0,4,15,6,crew_cif.y4m,43.96,43.99,0.095917,0.005139,0.0,213
1,1,1,0,1,0,0,1,0,0,1,1,8,15,3,crew_cif.y4m,35.66,35.956,0.504609,0.00456,0.0,94
1,0,1,0,1,0,0,0,0,0,1,1,1,5,0,crew_cif.y4m,18.89,18.736,0.371591,0.005051,0.0,178
1,0,1,1,0,0,1,0,0,1,0,0,4,0,0,crew_cif.y4m,50.85,50.524,0.767027,0.005123,0.0,127
1,1,1,0,1,0,1,1,0,0,1,0,8,5,6,crew_cif.y4m,30.01,29.834,0.416929,0.004123,0.0,111
1,0,1,0,1,0,0,0,0,0,0,1,1,0,6,crew_cif.y4m,18.81,18.54,0.491325,0.005051,0.0,92
1,1,1,1,0,0,0,1,0,0,1,0,8,15,6,crew_cif.y4m,83.11,83.15,0.149164,0.004592,0.0,54
1,0,1,0,0,1,0,0,0,0,0,1,2,15,0,crew_cif.y4m,40.9,41.348,0.796787,0.005416,0.0,45
1,0,1,1,0,0,0,0,0,1,0,0,4,0,6,crew_cif.y4m,44.63,44.61,0.054772,0.005037,0.0,226
1,1,1,1,0,0,1,1,0,1,0,0,8,5,0,crew_cif.y4m,70.76,70.746,0.086197,0.004095,0.0,200
1,0,1,0,0,1,1,0,0,1,0,1,8,5,6,crew_cif.y4m,43.62,43.7,0.168375,0.005137,0.0,59
1,1,1,0,1,0,1,0,1,0,0,1,2,0,0,crew_cif.y4m,26.4,26.076,0.613213,0.004199,0.0,19
1,1,1,1,0,0,0,1,0,1,0,0,2,15,0,crew_cif.y4m,82.11,82.496,1.144631,0.004512,0.0,47
1,1,1,0,1,0,1,1,0,0,0,1,4,5,6,crew_cif.y4m,28.94,28.646,0.412104,0.004133,0.0,32
1,1,1,0,1,0,0,1,0,1,0,0,1,5,6,crew_cif.y4m,33.97,33.99,0.1,0.004554,0.0,170
1,0,1,0,0,1,0,0,0,1,1,0,1,15,0,crew_cif.y4m,41.39,41.658,0.653429,0.005414,0.0,270
1,0,1,1,0,0,1,0,0,1,0,1,4,15,6,crew_cif.y4m,49.57,49.838,0.595794,0.005125,0.0,207
1,1,1,0,1,0,0,1,0,1,1,1,1,5,6,crew_cif.y4m,35.79,35.708,0.425464,0.004584,0.0,43
1,0,1,0,1,0,1,0,0,0,1,1,1,0,3,crew_cif.y4m,23.04,23.018,0.044944,0.005116,0.0,40
1,1,1,0,1,0,0,1,0,0,1,1,1,5,3,crew_cif.y4m,34.62,34.672,0.112783,0.004539,0.0,117
1,0,1,0,0,1,0,0,0,0,1,0,8,15,6,crew_cif.y4m,42.36,41.854,0.796291,0.005414,0.0,253
1,0,1,1,0,0,0,0,0,1,0,0,1,15,3,crew_cif.y4m,44.65,44.552,0.153199,0.005037,0.0,68
1,1,1,1,0,0,0,1,0,1,1,1,1,15,6,crew_cif.y4m,83.75,83.692,0.256749,0.004601,0.0,186
1,1,1,0,1,0,1,1,0,0,0,1,8,15,3,crew_cif.y4m,29.35,29.186,0.406546,0.004096,0.0,288
1,1,1,0,1,0,0,1,0,0,0,0,2,0,0,crew_cif.y4m,36.7,36.758,0.373992,0.004517,0.0,15
1,0,1,1,0,0,0,0,0,0,1,1,2,15,3,crew_cif.y4m,47.89,47.998,0.418055,0.005037,0.0,82
1,1,1,1,0,0,0,1,0,0,0,0,4,15,6,crew_cif.y4m,83.26,84.538,1.89724,0.004592,0.0,211
1,0,1,0,1,0,1,0,0,1,1,1,8,15,6,crew_cif.y4m,21.47,21.49,0.069642,0.00512,0.0,177
1,1,1,0,1,0,0,1,0,1,1,1,2,5,3,crew_cif.y4m,34.29,34.302,0.106395,0.004535,0.0,210
1,0,1,1,0,0,0,0,0,1,1,1,2,0,3,crew_cif.y4m,44.57,44.564,0.064265,0.005037,0.0,13
1,0,1,0,1,0,1,0,0,0,0,1,2,15,3,crew_cif.y4m,21.69,21.706,0.059414,0.005116,0.0,228
1,0,1,0,1,0,1,0,0,1,1,0,4,5,3,crew_cif.y4m,22.09,22.052,0.327216,0.00512,0.0,38
1,1,1,1,0,0,0,1,0,0,0,1,4,15,6,crew_cif.y4m,82.35,83.97,2.301141,0.004601,0.0,29
1,1,1,1,0,0,1,0,1,1,0,0,8,0,0,crew_cif.y4m,58.58,58.188,0.850806,0.004206,0.0,24
1,1,1,1,0,0,0,1,0,0,0,0,8,5,6,crew_cif.y4m,83.48,84.058,0.973304,0.004553,0.0,293
1,1,1,1,0,0,0,1,0,0,1,0,2,5,6,crew_cif.y4m,83.56,83.546,0.204524,0.004553,0.0,67
1,1,1,0,1,0,0,1,0,1,0,1,2,5,0,crew_cif.y4m,33.18,33.432,0.534387,0.00452,0.0,199
1,0,1,0,0,1,1,0,0,1,1,0,8,15,3,crew_cif.y4m,43.32,43.376,0.117601,0.005139,0.0,244
1,0,1,0,0,1,1,0,0,0,0,0,8,15,0,crew_cif.y4m,44.05,44.406,1.346674,0.005139,0.0,80
1,1,1,1,0,0,1,1,0,1,1,1,2,0,3,crew_cif.y4m,70.07,70.642,1.033958,0.004095,0.0,223
1,1,1,0,1,0,1,1,0,0,1,0,8,5,0,crew_cif.y4m,30.08,30.056,0.052726,0.004121,0.0,121
1,0,1,1,0,0,1,0,0,0,0,0,8,5,3,crew_cif.y4m,52.93,53.376,0.673595,0.005123,0.0,261
1,0,1,1,0,0,1,0,0,1,1,0,1,5,6,crew_cif.y4m,52.96,52.996,0.115888,0.005123,0.0,156
1,1,1,1,0,0,0,1,0,0,1,0,4,15,3,crew_cif.y4m,88.1,89.456,3.062079,0.00454,0.0,271
1,1,1,1,0,0,1,1,0,1,0,0,2,15,3,crew_cif.y4m,70.64,70.6,0.118533,0.004143,0.0,9
1,1,1,1,0,0,1,1,0,1,0,1,1,0,0,crew_cif.y4m,70.23,69.944,0.758835,0.004124,0.0,165
1,0,1,0,0,1,1,0,0,1,0,0,1,15,6,crew_cif.y4m,44.52,44.082,0.713316,0.005139,0.0,126
1,0,1,1,0,0,1,0,0,1,1,1,8,5,0,crew_cif.y4m,53.01,53.044,0.118659,0.005123,0.0,280
1,0,1,1,0,0,0,0,0,1,1,0,2,5,3,crew_cif.y4m,44.66,44.66,0.120208,0.005037,0.0,172
1,0,1,0,1,0,1,0,0,0,0,0,1,15,6,crew_cif.y4m,21.74,21.75,0.06892,0.00512,0.0,292
1,0,1,0,0,1,0,0,0,1,0,1,1,0,3,crew_cif.y4m,41.18,41.38,0.617778,0.005416,0.0,179
1,0,1,0,0,1,1,0,0,1,0,1,2,0,3,crew_cif.y4m,43.28,43.682,0.674811,0.005137,0.0,272
1,0,1,0,0,1,1,0,0,0,1,0,4,5,0,crew_cif.y4m,43.34,43.286,0.129151,0.005139,0.0,105
1,0,1,0,1,0,0,0,0,0,0,0,1,0,3,crew_cif.y4m,19.66,19.68,0.192224,0.005058,0.0,76
1,0,1,1,0,0,1,0,0,0,1,0,4,15,3,crew_cif.y4m,50.95,50.972,0.225987,0.005123,0.0,197
1,1,1,1,0,0,1,1,0,0,1,0,1,15,0,crew_cif.y4m,71.13,71.416,1.082326,0.004095,0.0,221
1,1,1,1,0,0,1,1,0,0,1,0,8,15,6,crew_cif.y4m,71.42,72.67,2.446344,0.004118,0.0,167
1,1,1,0,1,0,0,1,0,1,0,1,4,15,6,crew_cif.y4m,34.87,34.862,0.078549,0.004603,0.0,136
1,1,1,1,0,0,0,1,0,1,0,1,8,15,6,crew_cif.y4m,82.37,82.37,0.106301,0.004601,0.0,243
1,0,1,0,1,0,0,0,0,1,0,1,8,15,6,crew_cif.y4m,18.02,18.022,0.023875,0.005051,0.0,60
1,0,1,1,0,0,0,0,0,1,0,1,2,0,6,crew_cif.y4m,45.48,45.246,0.540814,0.005007,0.0,110
1,1,1,1,0,0,1,1,0,1,0,0,1,15,6,crew_cif.y4m,71.57,73.322,2.994774,0.004118,0.0,35
1,0,1,1,0,0,1,0,0,0,1,1,2,5,6,crew_cif.y4m,50.29,50.268,0.138996,0.005123,0.0,235
1,0,1,1,0,0,0,0,0,1,0,0,1,0,3,crew_cif.y4m,44.6,44.59,0.057879,0.005037,0.0,44
1,1,1,0,1,0,1,1,0,0,1,0,4,15,3,crew_cif.y4m,28.89,29.096,0.433278,0.00414,0.0,256
1,0,1,0,0,1,0,0,0,0,1,1,8,0,0,crew_cif.y4m,41.43,41.322,0.211825,0.005414,0.0,192
1,0,1,0,1,0,0,0,0,0,1,1,2,0,0,crew_cif.y4m,18.13,18.242,0.181025,0.005058,0.0,41
1,0,1,1,0,0,0,0,0,0,1,0,4,5,0,crew_cif.y4m,44.63,44.522,0.186467,0.005037,0.0,37
1,0,1,0,0,1,0,0,0,0,0,0,4,5,0,crew_cif.y4m,41.16,41.194,0.188096,0.005414,0.0,26
1,1,1,1,0,0,0,1,0,0,0,0,1,0,3,crew_cif.y4m,80.8,80.75,0.225942,0.004512,0.0,273
1,1,1,1,0,0,1,1,0,0,0,1,1,5,6,crew_cif.y4m,72.31,71.778,1.465032,0.004126,0.0,233
1,1,1,0,1,0,1,1,0,0,1,1,8,0,0,crew_cif.y4m,30.11,30.192,0.371914,0.00412,0.0,101
1,0,1,1,0,0,0,0,0,0,0,1,2,5,3,crew_cif.y4m,44.36,44.44,0.300583,0.005007,0.0,39
1,1,1,0,1,0,0,1,0,0,0,1,1,15,0,crew_cif.y4m,32.96,32.966,0.055498,0.00452,0.0,106
1,1,1,0,1,0,0,0,1,1,0,0,1,0,0,crew_cif.y4m,28.39,28.364,0.12482,0.004691,0.0,242
1,1,1,1,0,0,1,1,0,0,1,0,2,15,0,crew_cif.y4m,70.84,71.728,1.290512,0.004095,0.0,193
1,0,1,0,1,0,1,0,0,0,1,0,1,15,6,crew_cif.y4m,22.05,21.924,0.271993,0.00512,0.0,103
1,1,1,0,1,0,0,1,0,1,1,1,8,5,6,crew_cif.y4m,35.2,34.792,0.736763,0.004554,0.0,1
1,0,1,1,0,0,0,0,0,1,1,1,1,0,0,crew_cif.y4m,44.25,44.344,0.194628,0.005007,0.0,61
1,1,1,1,0,0,0,0,1,0,0,0,2,0,0,crew_cif.y4m,63.47,63.246,0.651329,0.00469,0.0,56
1,1,1,0,1,0,0,1,0,0,1,0,8,15,3,crew_cif.y4m,36.31,35.972,0.472303,0.00456,0.0,148
1,0,1,0,1,0,0,0,0,1,0,1,2,5,0,crew_cif.y4m,19.36,19.5,0.238223,0.005051,0.0,112
1,0,1,0,1,0,1,0,0,0,1,0,8,15,3,crew_cif.y4m,21.49,21.504,0.082946,0.00512,0.0,300
1,0,1,0,1,0,0,0,0,1,1,0,4,15,0,crew_cif.y4m,18.72,18.708,0.038341,0.005058,0.0,249
1,0,1,0,1,0,0,0,0,0,0,1,2,0,0,crew_cif.y4m,18.0,18.044,0.075697,0.005051,0.0,20
1,1,1,1,0,0,1,1,0,1,0,1,1,5,0,crew_cif.y4m,69.62,70.014,0.683725,0.004124,0.0,104
1,1,1,1,0,0,0,1,0,1,1,1,8,15,6,crew_cif.y4m,83.24,84.49,2.718483,0.004592,0.0,131
1,0,1,1,0,0,0,0,0,0,0,0,2,0,3,crew_cif.y4m,44.51,44.734,0.506587,0.005037,0.0,69
1,0,1,0,1,0,1,0,0,0,0,0,2,0,3,crew_cif.y4m,21.62,21.596,0.082644,0.00512,0.0,220
1,1,1,1,0,0,1,1,0,1,1,1,8,15,6,crew_cif.y4m,73.01,72.996,0.174011,0.004118,0.0,11
1,1,1,1,0,0,1,1,0,1,0,0,4,15,6,crew_cif.y4m,73.91,73.09,1.756801,0.004118,0.0,258
1,0,1,0,1,0,1,0,0,0,0,0,2,15,3,crew_cif.y4m,21.6,21.842,0.691137,0.00512,0.0,65
1,0,1,0,0,1,1,0,0,0,0,0,2,15,0,crew_cif.y4m,44.55,44.308,0.571069,0.005139,0.0,160
1,0,1,0,0,1,1,0,0,0,0,0,8,0,0,crew_cif.y4m,43.35,43.66,0.648344,0.005139,0.0,238
1,1,1,1,0,0,0,1,0,0,0,0,4,0,0,crew_cif.y4m,80.73,81.258,1.19238,0.004512,0.0,57
1,1,1,0,1,0,0,1,0,1,0,1,2,0,0,crew_cif.y4m,33.25,33.608,0.514898,0.004523,0.0,79
1,0,1,0,1,0,1,0,0,0,1,0,4,15,3,crew_cif.y4m,21.51,21.542,0.068337,0.00512,0.0,224
1,1,1,0,1,0,0,1,0,1,0,0,2,0,3,crew_cif.y4m,34.46,34.422,0.118828,0.004517,0.0,48
1,0,1,0,1,0,1,0,0,0,0,1,8,0,6,crew_cif.y4m,21.47,21.718,0.363139,0.005116,0.0,173
1,1,1,1,0,0,1,1,0,0,1,1,1,0,0,crew_cif.y4m,71.14,70.25,1.493553,0.004124,0.0,283
1,0,1,0,1,0,0,0,0,0,0,0,1,0,6,crew_cif.y4m,18.12,18.142,0.070852,0.005058,0.0,190
1,0,1,0,1,0,1,0,0,1,1,1,4,0,6,crew_cif.y4m,21.52,21.526,0.055045,0.00512,0.0,259
1,0,1,1,0,0,0,0,0,0,0,1,1,15,3,crew_cif.y4m,44.95,44.95,0.121037,0.005007,0.0,7
1,0,1,0,0,1,0,0,0,0,0,1,2,5,0,crew_cif.y4m,40.83,41.022,0.561578,0.005416,0.0,73
1,1,1,1,0,0,1,1,0,0,0,0,2,0,6,crew_cif.y4m,74.54,74.612,0.250938,0.004095,0.0,63
1,0,1,0,0,1,1,0,0,1,1,0,2,15,3,crew_cif.y4m,44.55,44.302,0.633222,0.005139,0.0,284
1,0,1,1,0,0,1,0,0,1,0,1,8,15,6,crew_cif.y4m,49.76,50.534,1.678118,0.005125,0.0,250
1,1,1,0,1,0,0,1,0,0,0,0,2,5,0,crew_cif.y4m,34.15,34.15,0.091378,0.004517,0.0,209
1,0,1,0,1,0,1,0,0,0,0,1,4,5,3,crew_cif.y4m,22.0,21.78,0.376032,0.005116,0.0,138
1,1,1,1,0,0,0,0,1,1,1,0,1,0,0,crew_cif.y4m,62.82,62.632,0.582512,0.00469,0.0,135
1,1,1,1,0,0,1,1,0,1,1,0,4,5,3,crew_cif.y4m,71.45,71.386,0.15566,0.004092,0.0,264
1,1,1,1,0,0,0,1,0,1,1,0,2,0,6,crew_cif.y4m,86.93,87.356,1.079203,0.004512,0.0,215
1,0,1,0,0,1,0,0,0,0,1,1,4,5,3,crew_cif.y4m,41.61,41.382,0.374326,0.005414,0.0,50
1,0,1,1,0,0,0,0,0,1,1,0,4,0,6,crew_cif.y4m,44.43,44.454,0.142934,0.005037,0.0,98
1,1,1,1,0,0,0,1,0,1,1,0,1,15,0,crew_cif.y4m,86.02,85.338,1.653336,0.004512,0.0,140
1,1,1,1,0,0,0,1,0,0,1,1,1,0,3,crew_cif.y4m,81.14,81.06,0.182346,0.004522,0.0,113
1,0,1,0,1,0,1,0,0,1,1,0,1,0,6,crew_cif.y4m,21.5,21.512,0.060581,0.00512,0.0,3
1,0,1,0,0,1,0,0,0,1,1,1,8,0,0,crew_cif.y4m,41.01,41.09,0.131149,0.005414,0.0,149
1,0,1,1,0,0,0,0,0,0,1,1,8,5,6,crew_cif.y4m,44.51,44.674,0.482732,0.005037,0.0,153
1,1,1,1,0,0,1,1,0,1,1,0,2,15,6,crew_cif.y4m,76.64,76.668,0.792319,0.004118,0.0,133
1,0,1,1,0,0,0,0,0,0,0,0,1,0,3,crew_cif.y4m,44.53,44.55,0.070711,0.005037,0.0,191
1,1,1,0,1,0,0,1,0,1,0,1,1,0,6,crew_cif.y4m,33.62,33.632,0.016432,0.004523,0.0,100
1,0,1,1,0,0,1,0,0,0,1,0,4,0,3,crew_cif.y4m,49.68,49.954,0.563897,0.005123,0.0,85
1,0,1,0,0,1,1,0,0,0,0,0,2,0,3,crew_cif.y4m,46.38,46.348,0.134239,0.005139,0.0,88
1,0,1,0,1,0,1,0,0,1,1,0,4,15,6,crew_cif.y4m,21.51,21.546,0.177426,0.00512,0.0,31
1,0,1,0,0,1,1,0,0,0,0,0,4,5,3,crew_cif.y4m,43.45,43.634,0.572914,0.005139,0.0,134
1,1,1,0,1,0,1,1,0,1,1,1,8,0,3,crew_cif.y4m,28.39,28.216,0.327536,0.00412,0.0,147
1,1,1,1,0,0,0,1,0,0,1,1,4,15,6,crew_cif.y4m,85.48,84.84,1.114966,0.004592,0.0,275
1,0,1,0,0,1,1,0,0,0,1,0,4,15,3,crew_cif.y4m,44.58,44.15,0.705089,0.005139,0.0,143
1,1,1,0,1,0,1,1,0,1,0,0,1,5,6,crew_cif.y4m,29.18,29.216,0.116103,0.004123,0.0,8
1,1,1,1,0,0,1,1,0,0,1,1,4,5,3,crew_cif.y4m,73.27,73.278,0.054498,0.004092,0.0,216
1,0,1,1,0,0,1,0,0,1,0,0,1,0,3,crew_cif.y4m,49.8,50.142,0.932775,0.005123,0.0,214
1,0,1,0,0,1,0,0,0,0,0,0,1,5,0,crew_cif.y4m,42.21,41.992,0.504698,0.005414,0.0,17
1,0,1,0,0,1,1,0,0,0,0,0,1,5,0,crew_cif.y4m,43.21,43.542,0.706732,0.005139,0.0,206
1,0,1,0,1,0,0,0,0,1,1,1,8,15,0,crew_cif.y4m,18.7,18.472,0.330863,0.005058,0.0,36
1,1,1,0,1,0,1,1,0,0,0,0,4,15,3,crew_cif.y4m,30.77,30.814,0.163187,0.00414,0.0,6
1,0,1,1,0,0,1,0,0,0,0,1,1,0,6,crew_cif.y4m,49.71,50.386,1.472899,0.005125,0.0,5
1,0,1,1,0,0,1,0,0,0,0,0,8,15,6,crew_cif.y4m,49.71,50.172,0.814567,0.005123,0.0,164
1,0,1,0,0,1,0,0,0,1,0,0,8,0,6,crew_cif.y4m,41.23,41.868,1.068302,0.005414,0.0,97
1,0,1,1,0,0,0,0,0,0,1,0,2,5,3,crew_cif.y4m,45.93,45.368,0.806703,0.005037,0.0,236
1,1,1,0,1,0,1,1,0,0,0,0,8,5,0,crew_cif.y4m,28.36,28.402,0.122147,0.004121,0.0,71
1,1,1,0,1,0,1,1,0,1,0,1,2,0,3,crew_cif.y4m,28.13,28.134,0.099649,0.004097,0.0,295
1,0,1,1,0,0,1,0,0,1,1,0,8,5,3,crew_cif.y4m,51.12,50.774,0.763695,0.005123,0.0,286
1,0,1,0,1,0,0,0,0,0,0,1,1,5,0,crew_cif.y4m,18.03,18.288,0.376656,0.005051,0.0,34
1,0,1,0,1,0,1,0,0,1,1,1,1,5,3,crew_cif.y4m,21.89,22.038,0.59116,0.005116,0.0,240
1,0,1,0,0,1,1,0,0,0,0,1,4,15,3,crew_cif.y4m,43.17,43.426,0.689007,0.005137,0.0,18
1,0,1,0,1,0,0,0,0,0,1,0,8,0,6,crew_cif.y4m,18.25,18.24,0.138564,0.005058,0.0,102
1,1,1,1,0,0,1,0,1,0,1,0,4,0,0,crew_cif.y4m,56.82,56.788,0.090388,0.004206,0.0,51
1,1,1,1,0,0,1,1,0,0,0,1,4,15,6,crew_cif.y4m,70.56,70.546,0.653054,0.004092,0.0,282
1,0,1,0,1,0,1,0,0,1,1,1,1,0,3,crew_cif.y4m,21.38,21.604,0.456815,0.005116,0.0,77
1,0,1,1,0,0,1,0,0,0,1,0,2,0,3,crew_cif.y4m,49.68,49.562,0.210404,0.005123,0.0,128
1,1,1,0,1,0,1,1,0,0,0,0,2,5,3,crew_cif.y4m,29.31,29.592,0.982507,0.004131,0.0,234
1,0,1,1,0,0,0,0,0,0,1,1,1,0,0,crew_cif.y4m,44.63,44.854,0.662631,0.005007,0.0,252
1,0,1,1,0,0,1,0,0,0,0,1,4,0,3,crew_cif.y4m,54.19,53.834,0.530406,0.005125,0.0,28
1,0,1,0,0,1,1,0,0,1,1,1,8,15,3,crew_cif.y4m,43.35,43.44,0.470744,0.005139,0.0,139
1,0,1,0,0,1,0,0,0,0,0,1,1,5,0,crew_cif.y4m,41.83,41.638,0.634366,0.005416,0.0,158
1,1,1,0,1,0,1,1,0,1,0,1,8,5,3,crew_cif.y4m,27.53,27.686,0.366238,0.004129,0.0,152
1,0,1,1,0,0,1,0,0,1,0,0,2,0,6,crew_cif.y4m,49.72,49.708,0.113446,0.005123,0.0,12
1,1,1,0,1,0,0,1,0,0,0,1,4,15,3,crew_cif.y4m,34.83,34.872,0.139893,0.004559,0.0,294
1,1,1,0,1,0,0,1,0,0,0,1,8,15,3,crew_cif.y4m,35.14,35.162,0.259846,0.004559,0.0,154
1,1,1,1,0,0,0,1,0,1,0,0,2,15,6,crew_cif.y4m,84.68,84.688,0.025884,0.004592,0.0,157
1,0,1,1,0,0,1,0,0,1,1,1,2,0,3,crew_cif.y4m,49.57,49.826,0.659303,0.005123,0.0,150
1,1,1,0,1,0,1,1,0,0,1,0,8,0,6,crew_cif.y4m,27.87,27.876,0.057706,0.00412,0.0,287
1,0,1,0,1,0,0,0,0,1,1,0,1,0,3,crew_cif.y4m,18.28,18.35,0.223383,0.005058,0.0,297
1,0,1,0,0,1,0,0,0,1,1,0,8,15,0,crew_cif.y4m,41.06,41.056,0.049295,0.005414,0.0,263
1,1,1,0,1,0,0,1,0,1,1,1,1,5,3,crew_cif.y4m,35.03,35.08,0.076158,0.004539,0.0,255
1,0,1,1,0,0,0,0,0,1,1,0,8,15,3,crew_cif.y4m,44.67,45.008,0.960869,0.005037,0.0,115
1,0,1,0,0,1,1,0,0,1,0,1,4,15,3,crew_cif.y4m,44.32,44.29,0.113137,0.005137,0.0,188
1,0,1,0,0,1,1,0,0,0,0,1,8,0,6,crew_cif.y4m,43.46,43.518,0.267245,0.005137,0.0,212
1,0,1,1,0,0,1,0,0,0,0,1,1,15,3,crew_cif.y4m,49.54,49.496,0.151096,0.005125,0.0,195
1,0,1,0,1,0,0,0,0,0,1,1,2,15,0,crew_cif.y4m,18.2,18.298,0.286915,0.005058,0.0,119
1,0,1,1,0,0,0,0,0,1,0,1,4,15,0,crew_cif.y4m,45.57,45.114,0.658088,0.005007,0.0,58
1,0,1,0,1,0,1,0,0,1,0,1,4,0,6,crew_cif.y4m,22.07,21.832,0.414331,0.005116,0.0,277
1,0,1,0,1,0,1,0,0,0,1,1,4,5,6,crew_cif.y4m,21.59,21.632,0.210761,0.00512,0.0,64
1,1,1,0,1,0,1,1,0,1,0,0,2,0,0,crew_cif.y4m,27.97,28.198,0.473413,0.00412,0.0,285
1,1,1,0,1,0,1,1,0,1,0,0,4,0,0,crew_cif.y4m,27.91,27.934,0.101143,0.00412,0.0,290
1,0,1,1,0,0,0,0,0,1,0,1,8,5,6,crew_cif.y4m,44.85,45.234,1.393783,0.005007,0.0,196
1,1,1,1,0,0,1,0,1,1,1,1,1,0,0,crew_cif.y4m,59.31,59.33,0.057009,0.004197,0.0,93
1,0,1,1,0,0,1,0,0,0,1,1,4,5,6,crew_cif.y4m,53.16,51.924,1.739721,0.005123,0.0,299
1,0,1,1,0,0,0,0,0,1,0,0,2,5,0,crew_cif.y4m,44.44,44.96,0.749166,0.005037,0.0,125
1,1,1,0,1,0,0,1,0,1,0,1,2,15,6,crew_cif.y4m,34.94,35.458,1.182992,0.004603,0.0,21
1,0,1,0,1,0,0,0,0,1,0,1,2,0,0,crew_cif.y4m,19.36,19.19,0.518989,0.005051,0.0,225
1,0,1,0,1,0,0,0,0,1,0,0,2,5,0,deadline_cif.y4m,16.03,16.066,0.088769,0.001104,0.0,114
1,1,1,1,0,0,0,0,1,0,0,1,1,0,0,deadline_cif.y4m,54.14,54.15,0.102713,0.001022,0.0,281
1,1,1,1,0,0,0,1,0,1,1,0,2,5,0,deadline_cif.y4m,69.01,68.942,0.192146,0.000992,0.0,49
1,0,1,0,0,1,1,0,0,0,0,0,2,15,6,deadline_cif.y4m,45.41,45.476,0.163493,0.001159,0.0,194
1,0,1,1,0,0,0,0,0,0,0,0,2,0,6,deadline_cif.y4m,41.26,41.268,0.085264,0.001096,0.0,62
1,1,1,0,1,0,0,1,0,1,1,1,1,15,3,deadline_cif.y4m,29.61,29.622,0.05933,0.001001,0.0,91
1,0,1,0,0,1,1,0,0,0,0,0,4,0,6,deadline_cif.y4m,45.53,45.542,0.166643,0.001159,0.0,107
1,0,1,1,0,0,1,0,0,0,0,1,4,5,3,deadline_cif.y4m,52.74,52.736,0.076354,0.001158,0.0,181
1,0,1,0,1,0,1,0,0,0,0,0,4,5,0,deadline_cif.y4m,21.42,21.418,0.044385,0.001161,0.0,247
1,0,1,1,0,0,0,0,0,1,1,0,4,5,3,deadline_cif.y4m,41.24,41.262,0.068702,0.001096,0.0,166
1,0,1,0,0,1,0,0,0,0,1,1,4,0,0,deadline_cif.y4m,35.26,35.282,0.267806,0.001175,0.0,25
1,1,1,0,1,0,0,1,0,0,0,1,8,0,6,deadline_cif.y4m,28.8,28.786,0.069498,0.001004,0.0,203
1,1,1,1,0,0,1,1,0,1,1,1,4,5,6,deadline_cif.y4m,65.5,65.514,0.09685,0.000902,0.0,219
1,0,1,0,0,1,0,0,0,0,0,0,4,15,0,deadline_cif.y4m,35.21,35.186,0.108766,0.001175,0.0,162
1,0,1,1,0,0,1,0,0,0,1,0,4,15,6,deadline_cif.y4m,52.76,52.736,0.086487,0.001155,0.0,182
1,0,1,0,0,1,0,0,0,1,1,0,1,15,6,deadline_cif.y4m,34.34,34.398,0.093381,0.001175,0.0,10
1,1,1,1,0,0,1,1,0,1,1,1,2,15,0,deadline_cif.y4m,63.87,63.906,0.085615,0.000925,0.0,14
1,1,1,1,0,0,0,1,0,0,0,1,1,0,6,deadline_cif.y4m,69.79,69.754,0.142934,0.001008,0.0,89
1,1,1,1,0,0,0,1,0,1,1,1,1,5,0,deadline_cif.y4m,68.49,68.428,0.121532,0.001003,0.0,116
1,0,1,1,0,0,0,0,0,0,1,1,4,15,3,deadline_cif.y4m,41.37,41.314,0.145017,0.001096,0.0,217
1,1,1,0,1,0,0,1,0,0,1,0,1,0,0,deadline_cif.y4m,27.06,27.098,0.089554,0.001003,0.0,75
1,1,1,0,1,0,0,1,0,1,1,1,2,15,6,deadline_cif.y4m,30.61,30.566,0.079561,0.000991,0.0,266
1,0,1,1,0,0,1,0,0,0,1,1,4,15,3,deadline_cif.y4m,52.84,52.806,0.112827,0.001155,0.0,268
1,0,1,0,1,0,1,0,0,1,1,1,4,15,3,deadline_cif.y4m,21.83,21.832,0.037683,0.001161,0.0,187
1,0,1,0,0,1,1,0,0,0,1,0,8,15,3,deadline_cif.y4m,45.43,45.408,0.08167,0.001159,0.0,161
1,0,1,0,1,0,1,0,0,0,1,0,2,0,6,deadline_cif.y4m,21.88,21.844,0.068775,0.001161,0.0,23
1,1,1,1,0,0,0,1,0,1,1,0,2,5,6,deadline_cif.y4m,69.43,69.468,0.127358,0.000994,0.0,2
1,1,1,1,0,0,1,0,1,1,0,1,2,0,0,deadline_cif.y4m,52.83,52.78,0.126293,0.001014,0.0,16
1,0,1,1,0,0,0,0,0,1,1,1,8,15,0,deadline_cif.y4m,41.35,41.29,0.175071,0.001096,0.0,262
1,1,1,1,0,0,0,1,0,1,1,0,4,5,0,deadline_cif.y4m,67.29,67.326,0.171552,0.000992,0.0,66
1,0,1,1,0,0,0,0,0,1,0,0,2,0,0,deadline_cif.y4m,41.26,41.246,0.094499,0.001096,0.0,86
1,0,1,0,1,0,1,0,0,0,1,0,2,5,6,deadline_cif.y4m,21.88,21.85,0.06245,0.001161,0.0,231
1,0,1,0,1,0,0,0,0,0,0,0,4,5,0,deadline_cif.y4m,16.09,16.06,0.046368,0.001104,0.0,269
1,1,1,0,1,0,1,1,0,0,1,0,1,5,0,deadline_cif.y4m,25.97,26.014,0.082037,0.000933,0.0,180
1,0,1,0,0,1,0,0,0,0,1,0,4,5,6,deadline_cif.y4m,35.17,35.17,0.083367,0.001175,0.0,274
1,1,1,1,0,0,0,1,0,1,1,0,2,15,6,deadline_cif.y4m,69.62,69.62,0.168077,0.000991,0.0,184
1,0,1,0,0,1,1,0,0,0,0,1,4,5,0,deadline_cif.y4m,45.22,45.256,0.094499,0.001161,0.0,118
1,1,1,1,0,0,0,1,0,0,0,0,1,0,6,deadline_cif.y4m,67.1,67.12,0.135462,0.001011,0.0,254
1,0,1,1,0,0,1,0,0,0,1,1,4,5,0,deadline_cif.y4m,52.81,52.884,0.283072,0.001155,0.0,208
1,0,1,0,0,1,1,0,0,1,1,0,4,5,6,deadline_cif.y4m,45.52,45.516,0.150765,0.001159,0.0,279
1,1,1,1,0,0,0,1,0,0,1,1,4,15,3,deadline_cif.y4m,68.85,68.838,0.10849,0.001001,0.0,229
1,0,1,0,0,1,1,0,0,1,1,1,1,0,0,deadline_cif.y4m,45.47,45.458,0.026833,0.001161,0.0,46
1,0,1,0,0,1,0,0,0,1,1,1,4,5,6,deadline_cif.y4m,35.15,35.172,0.086718,0.001175,0.0,171
1,1,1,1,0,0,0,1,0,0,1,0,2,5,0,deadline_cif.y4m,68.73,68.77,0.102225,0.000992,0.0,99
1,0,1,0,0,1,0,0,0,0,0,0,8,0,0,deadline_cif.y4m,34.3,34.348,0.104738,0.001175,0.0,81
1,1,1,1,0,0,1,1,0,1,0,1,8,5,0,deadline_cif.y4m,63.3,63.212,0.183221,0.00093,0.0,155
1,0,1,0,1,0,0,0,0,1,0,1,1,15,6,deadline_cif.y4m,16.0,16.0,0.015811,0.001098,0.0,96
1,1,1,1,0,0,0,1,0,1,1,1,8,0,0,deadline_cif.y4m,67.24,67.212,0.145327,0.001011,0.0,218
1,1,1,1,0,0,1,1,0,1,1,0,8,0,6,deadline_cif.y4m,64.11,64.104,0.121984,0.000929,0.0,53
1,1,1,0,1,0,1,0,1,0,0,0,2,0,0,deadline_cif.y4m,21.21,21.224,0.053198,0.001016,0.0,109
1,0,1,0,1,0,0,0,0,0,1,0,4,5,6,deadline_cif.y4m,16.07,16.06,0.041833,0.001104,0.0,185
1,1,1,1,0,0,0,1,0,0,1,1,2,0,0,deadline_cif.y4m,67.25,67.194,0.189288,0.001011,0.0,239
1,0,1,1,0,0,0,0,0,0,0,1,2,0,0,deadline_cif.y4m,41.46,41.43,0.112916,0.001099,0.0,276
1,0,1,1,0,0,1,0,0,0,0,1,4,0,6,deadline_cif.y4m,52.82,52.77,0.127867,0.001158,0.0,257
1,0,1,0,0,1,0,0,0,1,1,0,1,5,0,deadline_cif.y4m,35.06,35.098,0.142548,0.001175,0.0,42
1,1,1,0,1,0,1,1,0,0,0,0,2,15,3,deadline_cif.y4m,28.46,28.424,0.108074,0.000891,0.0,204
1,0,1,1,0,0,1,0,0,1,0,1,2,15,6,deadline_cif.y4m,52.82,52.8,0.107703,0.001158,0.0,145
1,0,1,0,1,0,0,0,0,0,0,0,2,0,3,deadline_cif.y4m,15.68,15.702,0.044385,0.001104,0.0,246
1,1,1,1,0,0,0,1,0,0,1,1,8,0,0,deadline_cif.y4m,67.11,67.084,0.168464,0.001011,0.0,202
1,1,1,0,1,0,0,1,0,1,0,0,2,5,3,deadline_cif.y4m,28.55,28.542,0.083487,0.000993,0.0,70
1,0,1,0,1,0,0,0,0,0,1,0,1,5,3,deadline_cif.y4m,16.02,16.02,0.042426,0.001104,0.0,230
1,0,1,0,1,0,1,0,0,0,0,0,4,15,6,deadline_cif.y4m,21.82,21.844,0.069498,0.001161,0.0,267
1,1,1,1,0,0,1,1,0,0,0,1,8,5,3,deadline_cif.y4m,66.11,66.116,0.108305,0.000904,0.0,146
1,0,1,0,1,0,1,0,0,0,0,1,2,15,0,deadline_cif.y4m,21.91,21.946,0.055045,0.001158,0.0,27
1,0,1,0,1,0,1,0,0,0,1,1,8,0,3,deadline_cif.y4m,21.85,21.846,0.080808,0.001161,0.0,137
1,1,1,1,0,0,0,1,0,0,1,1,2,15,0,deadline_cif.y4m,67.49,67.444,0.270887,0.000992,0.0,189
1,1,1,0,1,0,1,1,0,1,0,0,4,15,0,deadline_cif.y4m,25.61,25.58,0.065574,0.000933,0.0,132
1,1,1,1,0,0,0,0,1,1,0,1,8,0,0,deadline_cif.y4m,54.09,54.14,0.109316,0.001022,0.0,169
1,0,1,0,0,1,0,0,0,0,0,0,1,5,6,deadline_cif.y4m,35.23,35.238,0.058052,0.001175,0.0,33
1,0,1,1,0,0,0,0,0,0,1,1,8,15,0,deadline_cif.y4m,41.18,41.178,0.046583,0.001096,0.0,205
1,0,1,1,0,0,0,0,0,1,0,1,2,0,0,deadline_cif.y4m,41.46,41.442,0.041473,0.001099,0.0,245
1,1,1,0,1,0,1,1,0,0,1,1,1,15,0,deadline_cif.y4m,25.87,25.85,0.033912,0.000928,0.0,298
1,0,1,1,0,0,1,0,0,1,1,0,2,5,6,deadline_cif.y4m,52.99,53.018,0.097314,0.001155,0.0,163
1,1,1,1,0,0,0,1,0,0,0,0,1,5,0,deadline_cif.y4m,68.92,68.838,0.254696,0.000992,0.0,123
1,0,1,0,0,1,1,0,0,1,0,0,4,15,0,deadline_cif.y4m,45.59,45.548,0.118406,0.001159,0.0,4
1,0,1,0,0,1,1,0,0,1,1,0,8,5,6,deadline_cif.y4m,45.38,45.414,0.131833,0.001159,0.0,141
1,1,1,0,1,0,0,1,0,1,0,0,8,5,6,deadline_cif.y4m,28.76,28.74,0.063246,0.000997,0.0,129
1,1,1,0,1,0,1,1,0,1,1,0,4,5,3,deadline_cif.y4m,26.38,26.408,0.090111,0.000911,0.0,159
1,0,1,0,0,1,1,0,0,1,0,0,1,0,0,deadline_cif.y4m,45.47,45.476,0.098641,0.001159,0.0,22
1,0,1,0,0,1,0,0,0,1,0,1,2,0,6,deadline_cif.y4m,35.41,35.466,0.164712,0.001179,0.0,175
1,1,1,1,0,0,0,1,0,1,1,1,8,5,6,deadline_cif.y4m,69.55,69.54,0.196596,0.000994,0.0,151
1,1,1,0,1,0,0,1,0,0,1,0,2,5,0,deadline_cif.y4m,28.84,28.818,0.066106,0.001009,0.0,52
1,0,1,0,0,1,0,0,0,0,0,1,4,0,3,deadline_cif.y4m,35.38,35.342,0.070852,0.001179,0.0,108
1,0,1,0,1,0,1,0,0,0,0,1,8,15,0,deadline_cif.y4m,21.97,21.962,0.042071,0.001158,0.0,72
1,0,1,1,0,0,1,0,0,1,1,0,8,0,6,deadline_cif.y4m,52.78,52.862,0.181989,0.001155,0.0,248
1,1,1,1,0,0,1,1,0,1,1,0,8,5,6,deadline_cif.y4m,65.45,65.512,0.176833,0.000902,0.0,174
1,0,1,1,0,0,1,0,0,1,1,1,8,0,3,deadline_cif.y4m,52.83,52.856,0.111041,0.001155,0.0,130
1,1,1,0,1,0,1,1,0,1,1,1,8,15,0,deadline_cif.y4m,26.06,26.05,0.055227,0.000933,0.0,168
1,0,1,0,0,1,1,0,0,1,0,1,8,0,6,deadline_cif.y4m,45.38,45.338,0.141138,0.001161,0.0,198
1,0,1,0,0,1,1,0,0,1,1,0,1,0,3,deadline_cif.y4m,45.43,45.466,0.107378,0.001159,0.0,83
1,1,1,1,0,0,1,1,0,0,1,0,1,0,3,deadline_cif.y4m,65.55,65.574,0.069138,0.000929,0.0,291
1,0,1,0,1,0,0,0,0,1,1,0,1,0,6,deadline_cif.y4m,15.7,15.704,0.016733,0.001104,0.0,237
1,0,1,0,0,1,0,0,0,1,1,1,2,15,3,deadline_cif.y4m,35.16,35.126,0.128374,0.001175,0.0,90
1,1,1,1,0,0,1,1,0,0,0,1,1,15,0,deadline_cif.y4m,64.38,64.326,0.124016,0.00093,0.0,87
1,0,1,1,0,0,1,0,0,1,0,0,1,5,0,deadline_cif.y4m,52.83,52.826,0.070922,0.001155,0.0,74
1,0,1,0,0,1,0,0,0,1,0,0,2,0,3,deadline_cif.y4m,35.09,35.102,0.085849,0.001175,0.0,201
1,0,1,0,1,0,0,0,0,1,0,1,1,0,0,deadline_cif.y4m,15.6,15.608,0.022804,0.001098,0.0,183
1,0,1,1,0,0,0,0,0,0,0,0,4,0,6,deadline_cif.y4m,41.3,41.288,0.117983,0.001096,0.0,227
1,1,1,0,1,0,1,1,0,0,0,0,1,15,6,deadline_cif.y4m,28.18,28.19,0.04,0.000895,0.0,222
1,0,1,0,0,1,0,0,0,0,1,0,8,0,6,deadline_cif.y4m,35.12,35.122,0.059749,0.001175,0.0,55
1,0,1,1,0,0,0,0,0,0,1,1,2,5,0,deadline_cif.y4m,40.53,40.488,0.101833,0.001096,0.0,142
1,0,1,1,0,0,1,0,0,1,0,1,1,5,6,deadline_cif.y4m,52.67,52.676,0.026077,0.001158,0.0,124
1,0,1,1,0,0,1,0,0,0,0,0,8,0,0,deadline_cif.y4m,52.87,52.906,0.105972,0.001155,0.0,95
1,0,1,1,0,0,1,0,0,1,0,0,2,15,0,deadline_cif.y4m,52.81,52.824,0.103586,0.001155,0.0,241
1,0,1,0,1,0,0,0,0,0,1,1,1,5,3,deadline_cif.y4m,15.95,15.948,0.055857,0.001098,0.0,289
1,0,1,1,0,0,1,0,0,1,1,0,1,5,0,deadline_cif.y4m,51.83,51.86,0.11726,0.001155,0.0,278
1,1,1,0,1,0,0,1,0,1,1,0,1,0,6,deadline_cif.y4m,27.12,27.056,0.103102,0.001003,0.0,176
1,0,1,0,0,1,1,0,0,0,1,0,8,5,0,deadline_cif.y4m,45.33,45.368,0.115195,0.001159,0.0,122
1,0,1,0,0,1,0,0,0,0,1,0,4,0,6,deadline_cif.y4m,35.12,35.128,0.064187,0.001175,0.0,30
1,1,1,0,1,0,0,1,0,0,0,0,2,0,6,deadline_cif.y4m,27.04,27.056,0.058566,0.001003,0.0,251
1,0,1,1,0,0,0,0,0,0,0,1,1,0,0,deadline_cif.y4m,41.34,41.396,0.107145,0.001099,0.0,120
1,0,1,1,0,0,0,0,0,0,0,1,2,15,6,deadline_cif.y4m,41.36,41.41,0.104163,0.001099,0.0,144
1,0,1,0,1,0,1,0,0,0,0,0,1,0,3,deadline_cif.y4m,21.88,21.872,0.097314,0.001161,0.0,265
1,1,1,0,1,0,0,1,0,0,1,0,2,0,6,deadline_cif.y4m,27.09,27.062,0.075961,0.001003,0.0,260
1,1,1,0,1,0,0,1,0,0,0,1,1,0,3,deadline_cif.y4m,28.73,28.716,0.057271,0.001004,0.0,78
1,0,1,0,1,0,0,0,0,0,1,1,8,15,3,deadline_cif.y4m,15.98,16.0,0.051478,0.001104,0.0,84
1,0,1,1,0,0,1,0,0,1,0,0,4,15,3,deadline_cif.y4m,52.87,52.846,0.16772,0.001155,0.0,296
1,0,1,0,0,1,0,0,0,0,0,1,2,5,6,deadline_cif.y4m,35.39,35.392,0.030332,0.001179,0.0,232
1,0,1,0,0,1,1,0,0,0,1,0,4,15,6,deadline_cif.y4m,45.41,45.432,0.085264,0.001159,0.0,213
1,1,1,0,1,0,0,1,0,0,1,1,8,15,3,deadline_cif.y4m,30.28,30.246,0.063087,0.001002,0.0,94
1,0,1,0,1,0,0,0,0,0,1,1,1,5,0,deadline_cif.y4m,15.98,15.966,0.059414,0.001098,0.0,178
1,0,1,1,0,0,1,0,0,1,0,0,4,0,0,deadline_cif.y4m,52.92,52.912,0.211116,0.001155,0.0,127
1,1,1,0,1,0,1,1,0,0,1,0,8,5,6,deadline_cif.y4m,27.01,27.014,0.040373,0.000908,0.0,111
1,0,1,0,1,0,0,0,0,0,0,1,1,0,6,deadline_cif.y4m,15.96,15.96,0.03937,0.001098,0.0,92
1,1,1,1,0,0,0,1,0,0,1,0,8,15,6,deadline_cif.y4m,69.43,69.46,0.104163,0.000991,0.0,54
1,0,1,0,0,1,0,0,0,0,0,1,2,15,0,deadline_cif.y4m,35.45,35.424,0.122597,0.001179,0.0,45
1,0,1,1,0,0,0,0,0,1,0,0,4,0,6,deadline_cif.y4m,41.23,41.222,0.142899,0.001096,0.0,226
1,1,1,1,0,0,1,1,0,1,0,0,8,5,0,deadline_cif.y4m,62.78,62.754,0.124016,0.000925,0.0,200
1,0,1,0,0,1,1,0,0,1,0,1,8,5,6,deadline_cif.y4m,45.31,45.274,0.183112,0.001161,0.0,59
1,1,1,0,1,0,1,0,1,0,0,1,2,0,0,deadline_cif.y4m,21.33,21.352,0.040249,0.001013,0.0,19
1,1,1,1,0,0,0,1,0,1,0,0,2,15,0,deadline_cif.y4m,68.74,68.78,0.156684,0.000992,0.0,47
1,1,1,0,1,0,1,1,0,0,0,1,4,5,6,deadline_cif.y4m,26.24,26.28,0.096695,0.000899,0.0,32
1,1,1,0,1,0,0,1,0,1,0,0,1,5,6,deadline_cif.y4m,28.77,28.76,0.068557,0.000997,0.0,170
1,0,1,0,0,1,0,0,0,1,1,0,1,15,0,deadline_cif.y4m,34.47,34.434,0.131453,0.001175,0.0,270
1,0,1,1,0,0,1,0,0,1,0,1,4,15,6,deadline_cif.y4m,52.61,52.62,0.18412,0.001158,0.0,207
1,1,1,0,1,0,0,1,0,1,1,1,1,5,6,deadline_cif.y4m,28.11,28.122,0.067231,0.000995,0.0,43
1,0,1,0,1,0,1,0,0,0,1,1,1,0,3,deadline_cif.y4m,21.98,21.972,0.048683,0.001158,0.0,40
1,1,1,0,1,0,0,1,0,0,1,1,1,5,3,deadline_cif.y4m,27.86,27.828,0.072595,0.000969,0.0,117
1,0,1,0,0,1,0,0,0,0,1,0,8,15,6,deadline_cif.y4m,34.36,34.386,0.061887,0.001175,0.0,253
1,0,1,1,0,0,0,0,0,1,0,0,1,15,3,deadline_cif.y4m,41.18,41.194,0.102859,0.001096,0.0,68
1,1,1,1,0,0,0,1,0,1,1,1,1,15,6,deadline_cif.y4m,70.35,70.252,0.241702,0.000991,0.0,186
1,1,1,0,1,0,1,1,0,0,0,1,8,15,3,deadline_cif.y4m,27.54,27.544,0.045607,0.000895,0.0,288
1,1,1,0,1,0,0,1,0,0,0,0,2,0,0,deadline_cif.y4m,27.0,27.03,0.071063,0.001003,0.0,15
1,0,1,1,0,0,0,0,0,0,1,1,2,15,3,deadline_cif.y4m,41.26,41.236,0.092087,0.001096,0.0,82
1,1,1,1,0,0,0,1,0,0,0,0,4,15,6,deadline_cif.y4m,69.57,69.528,0.186333,0.000991,0.0,211
1,0,1,0,1,0,1,0,0,1,1,1,8,15,6,deadline_cif.y4m,21.79,21.824,0.064265,0.001161,0.0,177
1,1,1,0,1,0,0,1,0,1,1,1,2,5,3,deadline_cif.y4m,28.52,28.508,0.046043,0.000993,0.0,210
1,0,1,1,0,0,0,0,0,1,1,1,2,0,3,deadline_cif.y4m,41.34,41.34,0.107005,0.001096,0.0,13
1,0,1,0,1,0,1,0,0,0,0,1,2,15,3,deadline_cif.y4m,21.52,21.52,0.030822,0.001158,0.0,228
1,0,1,0,1,0,1,0,0,1,1,0,4,5,3,deadline_cif.y4m,21.43,21.406,0.047749,0.001161,0.0,38
1,1,1,1,0,0,0,1,0,0,0,1,4,15,6,deadline_cif.y4m,70.35,70.322,0.195371,0.000991,0.0,29
1,1,1,1,0,0,1,0,1,1,0,0,8,0,0,deadline_cif.y4m,51.68,51.748,0.188069,0.001015,0.0,24
1,1,1,1,0,0,0,1,0,0,0,0,8,5,6,deadline_cif.y4m,69.68,69.654,0.161957,0.000994,0.0,293
1,1,1,1,0,0,0,1,0,0,1,0,2,5,6,deadline_cif.y4m,69.52,69.536,0.154693,0.000994,0.0,67
1,1,1,0,1,0,0,1,0,1,0,1,2,5,0,deadline_cif.y4m,28.99,28.998,0.046043,0.001006,0.0,199
1,0,1,0,0,1,1,0,0,1,1,0,8,15,3,deadline_cif.y4m,45.46,45.462,0.076616,0.001159,0.0,244
1,0,1,0,0,1,1,0,0,0,0,0,8,15,0,deadline_cif.y4m,45.29,45.366,0.11887,0.001159,0.0,80
1,1,1,1,0,0,1,1,0,1,1,1,2,0,3,deadline_cif.y4m,65.65,65.576,0.223897,0.000929,0.0,223
1,1,1,0,1,0,1,1,0,0,1,0,8,5,0,deadline_cif.y4m,26.0,26.004,0.078294,0.000933,0.0,121
1,0,1,1,0,0,1,0,0,0,0,0,8,5,3,deadline_cif.y4m,52.98,52.958,0.12657,0.001155,0.0,261
1,0,1,1,0,0,1,0,0,1,1,0,1,5,6,deadline_cif.y4m,52.78,52.772,0.035637,0.001155,0.0,156
1,1,1,1,0,0,0,1,0,0,1,0,4,15,3,deadline_cif.y4m,69.01,68.996,0.12054,0.001001,0.0,271
1,1,1,1,0,0,1,1,0,1,0,0,2,15,3,deadline_cif.y4m,66.31,66.32,0.084853,0.000891,0.0,9
1,1,1,1,0,0,1,1,0,1,0,1,1,0,0,deadline_cif.y4m,62.05,62.012,0.186467,0.000932,0.0,165
1,0,1,0,0,1,1,0,0,1,0,0,1,15,6,deadline_cif.y4m,45.37,45.364,0.032863,0.001159,0.0,126
1,0,1,1,0,0,1,0,0,1,1,1,8,5,0,deadline_cif.y4m,52.83,52.88,0.155242,0.001155,0.0,280
1,0,1,1,0,0,0,0,0,1,1,0,2,5,3,deadline_cif.y4m,40.32,40.352,0.101341,0.001096,0.0,172
1,0,1,0,1,0,1,0,0,0,0,0,1,15,6,deadline_cif.y4m,21.86,21.864,0.055946,0.001161,0.0,292
1,0,1,0,0,1,0,0,0,1,0,1,1,0,3,deadline_cif.y4m,35.26,35.294,0.076354,0.001179,0.0,179
1,0,1,0,0,1,1,0,0,1,0,1,2,0,3,deadline_cif.y4m,45.37,45.348,0.126372,0.001161,0.0,272
1,0,1,0,0,1,1,0,0,0,1,0,4,5,0,deadline_cif.y4m,45.39,45.438,0.070498,0.001159,0.0,105
1,0,1,0,1,0,0,0,0,0,0,0,1,0,3,deadline_cif.y4m,16.05,16.028,0.044944,0.001104,0.0,76
1,0,1,1,0,0,1,0,0,0,1,0,4,15,3,deadline_cif.y4m,52.87,52.884,0.22289,0.001155,0.0,197
1,1,1,1,0,0,1,1,0,0,1,0,1,15,0,deadline_cif.y4m,62.55,62.554,0.15582,0.000925,0.0,221
1,1,1,1,0,0,1,1,0,0,1,0,8,15,6,deadline_cif.y4m,67.51,67.494,0.107378,0.000888,0.0,167
1,1,1,0,1,0,0,1,0,1,0,1,4,15,6,deadline_cif.y4m,29.99,29.992,0.057619,0.000997,0.0,136
1,1,1,1,0,0,0,1,0,1,0,1,8,15,6,deadline_cif.y4m,68.87,68.87,0.060415,0.000991,0.0,243
1,0,1,0,1,0,0,0,0,1,0,1,8,15,6,deadline_cif.y4m,15.99,15.972,0.045497,0.001098,0.0,60
1,0,1,1,0,0,0,0,0,1,0,1,2,0,6,deadline_cif.y4m,40.49,40.538,0.110318,0.001099,0.0,110
1,1,1,1,0,0,1,1,0,1,0,0,1,15,6,deadline_cif.y4m,67.5,67.506,0.088487,0.000888,0.0,35
1,0,1,1,0,0,1,0,0,0,1,1,2,5,6,deadline_cif.y4m,52.83,52.88,0.163095,0.001155,0.0,235
1,0,1,1,0,0,0,0,0,1,0,0,1,0,3,deadline_cif.y4m,41.31,41.344,0.11393,0.001096,0.0,44
1,1,1,0,1,0,1,1,0,0,1,0,4,15,3,deadline_cif.y4m,28.45,28.442,0.039623,0.000891,0.0,256
1,0,1,0,0,1,0,0,0,0,1,1,8,0,0,deadline_cif.y4m,35.28,35.312,0.073959,0.001175,0.0,192
1,0,1,0,1,0,0,0,0,0,1,1,2,0,0,deadline_cif.y4m,16.04,16.038,0.038341,0.001104,0.0,41
1,0,1,1,0,0,0,0,0,0,1,0,4,5,0,deadline_cif.y4m,41.24,41.236,0.143805,0.001096,0.0,37
1,0,1,0,0,1,0,0,0,0,0,0,4,5,0,deadline_cif.y4m,35.17,35.136,0.166523,0.001175,0.0,26
1,1,1,1,0,0,0,1,0,0,0,0,1,0,3,deadline_cif.y4m,67.06,67.05,0.072457,0.001011,0.0,273
1,1,1,1,0,0,1,1,0,0,0,1,1,5,6,deadline_cif.y4m,65.27,65.234,0.104307,0.000899,0.0,233
1,1,1,0,1,0,1,1,0,0,1,1,8,0,0,deadline_cif.y4m,26.48,26.492,0.030332,0.000938,0.0,101
1,0,1,1,0,0,0,0,0,0,0,1,2,5,3,deadline_cif.y4m,41.53,41.528,0.087006,0.001099,0.0,39
1,1,1,0,1,0,0,1,0,0,0,1,1,15,0,deadline_cif.y4m,28.86,28.88,0.048477,0.001006,0.0,106
1,1,1,0,1,0,0,0,1,1,0,0,1,0,0,deadline_cif.y4m,21.65,21.638,0.045497,0.00102,0.0,242
1,1,1,1,0,0,1,1,0,0,1,0,2,15,0,deadline_cif.y4m,62.55,62.604,0.101143,0.000925,0.0,193
1,0,1,0,1,0,1,0,0,0,1,0,1,15,6,deadline_cif.y4m,21.88,21.86,0.051478,0.001161,0.0,103
1,1,1,0,1,0,0,1,0,1,1,1,8,5,6,deadline_cif.y4m,28.76,28.75,0.115542,0.000997,0.0,1
1,0,1,1,0,0,0,0,0,1,1,1,1,0,0,deadline_cif.y4m,41.44,41.43,0.141421,0.001099,0.0,61
1,1,1,1,0,0,0,0,1,0,0,0,2,0,0,deadline_cif.y4m,54.79,54.796,0.090443,0.001017,0.0,56
1,1,1,0,1,0,0,1,0,0,1,0,8,15,3,deadline_cif.y4m,30.18,30.18,0.03937,0.001002,0.0,148
1,0,1,0,1,0,0,0,0,1,0,1,2,5,0,deadline_cif.y4m,15.91,15.918,0.037014,0.001098,0.0,112
1,0,1,0,1,0,1,0,0,0,1,0,8,15,3,deadline_cif.y4m,21.87,21.858,0.075631,0.001161,0.0,300
1,0,1,0,1,0,0,0,0,1,1,0,4,15,0,deadline_cif.y4m,15.98,15.998,0.038341,0.001104,0.0,249
1,0,1,0,1,0,0,0,0,0,0,1,2,0,0,deadline_cif.y4m,15.94,15.96,0.037417,0.001098,0.0,20
1,1,1,1,0,0,1,1,0,1,0,1,1,5,0,deadline_cif.y4m,64.23,64.284,0.175442,0.00093,0.0,104
1,1,1,1,0,0,0,1,0,1,1,1,8,15,6,deadline_cif.y4m,68.12,68.284,0.264064,0.000991,0.0,131
1,0,1,1,0,0,0,0,0,0,0,0,2,0,3,deadline_cif.y4m,41.16,41.128,0.074632,0.001096,0.0,69
1,0,1,0,1,0,1,0,0,0,0,0,2,0,3,deadline_cif.y4m,21.45,21.43,0.058737,0.001161,0.0,220
1,1,1,1,0,0,1,1,0,1,1,1,8,15,6,deadline_cif.y4m,67.35,67.352,0.150566,0.000888,0.0,11
1,1,1,1,0,0,1,1,0,1,0,0,4,15,6,deadline_cif.y4m,65.93,65.974,0.194628,0.000888,0.0,258
1,0,1,0,1,0,1,0,0,0,0,0,2,15,3,deadline_cif.y4m,21.84,21.818,0.052154,0.001161,0.0,65
1,0,1,0,0,1,1,0,0,0,0,0,2,15,0,deadline_cif.y4m,45.37,45.474,0.177285,0.001159,0.0,160
1,0,1,0,0,1,1,0,0,0,0,0,8,0,0,deadline_cif.y4m,45.58,45.582,0.073621,0.001159,0.0,238
1,1,1,1,0,0,0,1,0,0,0,0,4,0,0,deadline_cif.y4m,65.87,65.82,0.212368,0.001011,0.0,57
1,1,1,0,1,0,0,1,0,1,0,1,2,0,0,deadline_cif.y4m,28.7,28.71,0.05099,0.001004,0.0,79
1,0,1,0,1,0,1,0,0,0,1,0,4,15,3,deadline_cif.y4m,21.36,21.368,0.069785,0.001161,0.0,224
1,1,1,0,1,0,0,1,0,1,0,0,2,0,3,deadline_cif.y4m,27.01,27.026,0.053198,0.001003,0.0,48
1,0,1,0,1,0,1,0,0,0,0,1,8,0,6,deadline_cif.y4m,21.96,21.96,0.071414,0.001158,0.0,173
1,1,1,1,0,0,1,1,0,0,1,1,1,0,0,deadline_cif.y4m,61.94,62.006,0.12818,0.000932,0.0,283
1,0,1,0,1,0,0,0,0,0,0,0,1,0,6,deadline_cif.y4m,15.74,15.74,0.014142,0.001104,0.0,190
1,0,1,0,1,0,1,0,0,1,1,1,4,0,6,deadline_cif.y4m,21.82,21.826,0.059833,0.001161,0.0,259
1,0,1,1,0,0,0,0,0,0,0,1,1,15,3,deadline_cif.y4m,41.62,41.522,0.184038,0.001099,0.0,7
1,0,1,0,0,1,0,0,0,0,0,1,2,5,0,deadline_cif.y4m,35.39,35.366,0.096073,0.001179,0.0,73
1,1,1,1,0,0,1,1,0,0,0,0,2,0,6,deadline_cif.y4m,65.62,65.57,0.144222,0.000929,0.0,63
1,0,1,0,0,1,1,0,0,1,1,0,2,15,3,deadline_cif.y4m,45.36,45.436,0.156621,0.001159,0.0,284
1,0,1,1,0,0,1,0,0,1,0,1,8,15,6,deadline_cif.y4m,52.76,52.766,0.13975,0.001158,0.0,250
1,1,1,0,1,0,0,1,0,0,0,0,2,5,0,deadline_cif.y4m,28.81,28.826,0.051284,0.001009,0.0,209
1,0,1,0,1,0,1,0,0,0,0,1,4,5,3,deadline_cif.y4m,22.0,21.974,0.039749,0.001158,0.0,138
1,1,1,1,0,0,0,0,1,1,1,0,1,0,0,deadline_cif.y4m,53.36,53.408,0.086429,0.001017,0.0,135
1,1,1,1,0,0,1,1,0,1,1,0,4,5,3,deadline_cif.y4m,67.14,67.232,0.150566,0.000905,0.0,264
1,1,1,1,0,0,0,1,0,1,1,0,2,0,6,deadline_cif.y4m,67.18,67.13,0.201618,0.001011,0.0,215
1,0,1,0,0,1,0,0,0,0,1,1,4,5,3,deadline_cif.y4m,34.36,34.372,0.092574,0.001175,0.0,50
1,0,1,1,0,0,0,0,0,1,1,0,4,0,6,deadline_cif.y4m,40.48,40.44,0.146799,0.001096,0.0,98
1,1,1,1,0,0,0,1,0,1,1,0,1,15,0,deadline_cif.y4m,68.9,68.878,0.130461,0.000992,0.0,140
1,1,1,1,0,0,0,1,0,0,1,1,1,0,3,deadline_cif.y4m,69.84,69.79,0.18868,0.001008,0.0,113
1,0,1,0,1,0,1,0,0,1,1,0,1,0,6,deadline_cif.y4m,21.86,21.854,0.051284,0.001161,0.0,3
1,0,1,0,0,1,0,0,0,1,1,1,8,0,0,deadline_cif.y4m,35.24,35.27,0.215058,0.001175,0.0,149
1,0,1,1,0,0,0,0,0,0,1,1,8,5,6,deadline_cif.y4m,41.31,41.29,0.054314,0.001096,0.0,153
1,1,1,1,0,0,1,1,0,1,1,0,2,15,6,deadline_cif.y4m,67.44,67.452,0.046043,0.000888,0.0,133
1,0,1,1,0,0,0,0,0,0,0,0,1,0,3,deadline_cif.y4m,41.3,41.272,0.116919,0.001096,0.0,191
1,1,1,0,1,0,0,1,0,1,0,1,1,0,6,deadline_cif.y4m,28.64,28.684,0.074364,0.001004,0.0,100
1,0,1,1,0,0,1,0,0,0,1,0,4,0,3,deadline_cif.y4m,52.88,52.88,0.16568,0.001155,0.0,85
1,0,1,0,0,1,1,0,0,0,0,0,2,0,3,deadline_cif.y4m,44.44,44.448,0.074632,0.001159,0.0,88
1,0,1,0,1,0,1,0,0,1,1,0,4,15,6,deadline_cif.y4m,21.41,21.41,0.018708,0.001161,0.0,31
1,0,1,0,0,1,1,0,0,0,0,0,4,5,3,deadline_cif.y4m,45.47,45.464,0.136675,0.001159,0.0,134
1,1,1,0,1,0,1,1,0,1,1,1,8,0,3,deadline_cif.y4m,26.49,26.472,0.039623,0.000938,0.0,147
1,1,1,1,0,0,0,1,0,0,1,1,4,15,6,deadline_cif.y4m,69.61,69.6,0.180139,0.000991,0.0,275
1,0,1,0,0,1,1,0,0,0,1,0,4,15,3,deadline_cif.y4m,45.58,45.574,0.089331,0.001159,0.0,143
1,1,1,0,1,0,1,1,0,1,0,0,1,5,6,deadline_cif.y4m,26.56,26.536,0.071972,0.000908,0.0,8
1,1,1,1,0,0,1,1,0,0,1,1,4,5,3,deadline_cif.y4m,67.12,67.114,0.11887,0.000905,0.0,216
1,0,1,1,0,0,1,0,0,1,0,0,1,0,3,deadline_cif.y4m,52.78,52.758,0.0614,0.001155,0.0,214
1,0,1,0,0,1,0,0,0,0,0,0,1,5,0,deadline_cif.y4m,34.37,34.352,0.049699,0.001175,0.0,17
1,0,1,0,0,1,1,0,0,0,0,0,1,5,0,deadline_cif.y4m,45.43,45.424,0.183521,0.001159,0.0,206
1,0,1,0,1,0,0,0,0,1,1,1,8,15,0,deadline_cif.y4m,16.04,16.042,0.043243,0.001104,0.0,36
1,1,1,0,1,0,1,1,0,0,0,0,4,15,3,deadline_cif.y4m,28.41,28.406,0.077974,0.000891,0.0,6
1,0,1,1,0,0,1,0,0,0,0,1,1,0,6,deadline_cif.y4m,52.57,52.592,0.162234,0.001158,0.0,5
1,0,1,1,0,0,1,0,0,0,0,0,8,15,6,deadline_cif.y4m,52.81,52.858,0.144118,0.001155,0.0,164
1,0,1,0,0,1,0,0,0,1,0,0,8,0,6,deadline_cif.y4m,34.42,34.462,0.072938,0.001175,0.0,97
1,0,1,1,0,0,0,0,0,0,1,0,2,5,3,deadline_cif.y4m,41.22,41.288,0.140428,0.001096,0.0,236
1,1,1,0,1,0,1,1,0,0,0,0,8,5,0,deadline_cif.y4m,26.09,26.06,0.061237,0.000933,0.0,71
1,1,1,0,1,0,1,1,0,1,0,1,2,0,3,deadline_cif.y4m,25.62,25.608,0.043243,0.000931,0.0,295
1,0,1,1,0,0,1,0,0,1,1,0,8,5,3,deadline_cif.y4m,52.84,52.934,0.142583,0.001155,0.0,286
1,0,1,0,1,0,0,0,0,0,0,1,1,5,0,deadline_cif.y4m,16.0,16.002,0.019235,0.001098,0.0,34
1,0,1,0,1,0,1,0,0,1,1,1,1,5,3,deadline_cif.y4m,21.95,21.954,0.023022,0.001158,0.0,240
1,0,1,0,0,1,1,0,0,0,0,1,4,15,3,deadline_cif.y4m,44.3,44.316,0.072319,0.001161,0.0,18
1,0,1,0,1,0,0,0,0,0,1,0,8,0,6,deadline_cif.y4m,16.06,16.082,0.070498,0.001104,0.0,102
1,1,1,1,0,0,1,0,1,0,1,0,4,0,0,deadline_cif.y4m,52.8,52.83,0.12,0.001015,0.0,51
1,1,1,1,0,0,1,1,0,0,0,1,4,15,6,deadline_cif.y4m,65.89,66.018,0.187936,0.000881,0.0,282
1,0,1,0,1,0,1,0,0,1,1,1,1,0,3,deadline_cif.y4m,22.01,21.996,0.04827,0.001158,0.0,77
1,0,1,1,0,0,1,0,0,0,1,0,2,0,3,deadline_cif.y4m,52.8,52.834,0.080498,0.001155,0.0,128
1,1,1,0,1,0,1,1,0,0,0,0,2,5,3,deadline_cif.y4m,26.4,26.424,0.097622,0.000911,0.0,234
1,0,1,1,0,0,0,0,0,0,1,1,1,0,0,deadline_cif.y4m,41.37,41.388,0.113446,0.001099,0.0,252
1,0,1,1,0,0,1,0,0,0,0,1,4,0,3,deadline_cif.y4m,52.74,52.764,0.15225,0.001158,0.0,28
1,0,1,0,0,1,1,0,0,1,1,1,8,15,3,deadline_cif.y4m,45.55,45.508,0.10616,0.001159,0.0,139
1,0,1,0,0,1,0,0,0,0,0,1,1,5,0,deadline_cif.y4m,35.3,35.372,0.113886,0.001179,0.0,158
1,1,1,0,1,0,1,1,0,1,0,1,8,5,3,deadline_cif.y4m,26.49,26.466,0.054129,0.000909,0.0,152
1,0,1,1,0,0,1,0,0,1,0,0,2,0,6,deadline_cif.y4m,52.83,52.918,0.158019,0.001155,0.0,12
1,1,1,0,1,0,0,1,0,0,0,1,4,15,3,deadline_cif.y4m,29.59,29.586,0.086487,0.001001,0.0,294
1,1,1,0,1,0,0,1,0,0,0,1,8,15,3,deadline_cif.y4m,29.53,29.54,0.04062,0.001001,0.0,154
1,1,1,1,0,0,0,1,0,1,0,0,2,15,6,deadline_cif.y4m,68.32,68.344,0.105024,0.000991,0.0,157
1,0,1,1,0,0,1,0,0,1,1,1,2,0,3,deadline_cif.y4m,52.77,52.822,0.126965,0.001155,0.0,150
1,1,1,0,1,0,1,1,0,0,1,0,8,0,6,deadline_cif.y4m,26.52,26.5,0.086891,0.000938,0.0,287
1,0,1,0,1,0,0,0,0,1,1,0,1,0,3,deadline_cif.y4m,16.09,16.072,0.034205,0.001104,0.0,297
1,0,1,0,0,1,0,0,0,1,1,0,8,15,0,deadline_cif.y4m,35.21,35.15,0.092466,0.001175,0.0,263
1,1,1,0,1,0,0,1,0,1,1,1,1,5,3,deadline_cif.y4m,28.47,28.458,0.059749,0.000969,0.0,255
1,0,1,1,0,0,0,0,0,1,1,0,8,15,3,deadline_cif.y4m,40.43,40.456,0.077974,0.001096,0.0,115
1,0,1,0,0,1,1,0,0,1,0,1,4,15,3,deadline_cif.y4m,45.27,45.286,0.105972,0.001161,0.0,188
1,0,1,0,0,1,1,0,0,0,0,1,8,0,6,deadline_cif.y4m,45.26,45.284,0.086776,0.001161,0.0,212
1,0,1,1,0,0,1,0,0,0,0,1,1,15,3,deadline_cif.y4m,52.61,52.602,0.047645,0.001158,0.0,195
1,0,1,0,1,0,0,0,0,0,1,1,2,15,0,deadline_cif.y4m,16.03,16.03,0.043012,0.001104,0.0,119
1,0,1,1,0,0,0,0,0,1,0,1,4,15,0,deadline_cif.y4m,41.44,41.416,0.096073,0.001099,0.0,58
1,0,1,0,1,0,1,0,0,1,0,1,4,0,6,deadline_cif.y4m,22.0,21.984,0.052249,0.001158,0.0,277
1,0,1,0,1,0,1,0,0,0,1,1,4,5,6,deadline_cif.y4m,21.82,21.836,0.036469,0.001161,0.0,64
1,1,1,0,1,0,1,1,0,1,0,0,2,0,0,deadline_cif.y4m,25.91,25.93,0.086313,0.000938,0.0,285
1,1,1,0,1,0,1,1,0,1,0,0,4,0,0,deadline_cif.y4m,26.45,26.45,0.082462,0.000938,0.0,290
1,0,1,1,0,0,0,0,0,1,0,1,8,5,6,deadline_cif.y4m,41.43,41.446,0.137768,0.001099,0.0,196
1,1,1,1,0,0,1,0,1,1,1,1,1,0,0,deadline_cif.y4m,52.71,52.738,0.146697,0.001014,0.0,93
1,0,1,1,0,0,1,0,0,0,1,1,4,5,6,deadline_cif.y4m,51.87,51.794,0.182839,0.001155,0.0,299
1,0,1,1,0,0,0,0,0,1,0,0,2,5,0,deadline_cif.y4m,41.29,41.298,0.067971,0.001096,0.0,125
1,1,1,0,1,0,0,1,0,1,0,1,2,15,6,deadline_cif.y4m,29.98,29.956,0.064653,0.000997,0.0,21
1,0,1,0,1,0,0,0,0,1,0,1,2,0,0,deadline_cif.y4m,15.98,15.968,0.044385,0.001098,0.0,225
1,0,1,0,1,0,0,0,0,1,0,0,2,5,0,flower_cif.y4m,25.46,25.432,0.067602,0.007614,0.0,114
1,1,1,1,0,0,0,0,1,0,0,1,1,0,0,flower_cif.y4m,59.25,59.176,0.117175,0.005618,0.0,281
1,1,1,1,0,0,0,1,0,1,1,0,2,5,0,flower_cif.y4m,85.92,85.966,0.13259,0.005555,0.0,49
1,0,1,0,0,1,1,0,0,0,0,0,2,15,6,flower_cif.y4m,47.28,47.306,0.140464,0.007036,0.0,194
1,0,1,1,0,0,0,0,0,0,0,0,2,0,6,flower_cif.y4m,46.63,46.578,0.117346,0.00761,0.0,62
1,1,1,0,1,0,0,1,0,1,1,1,1,15,3,flower_cif.y4m,46.86,46.858,0.098336,0.005557,0.0,91
1,0,1,0,0,1,1,0,0,0,0,0,4,0,6,flower_cif.y4m,47.27,47.292,0.067231,0.007036,0.0,107
1,0,1,1,0,0,1,0,0,0,0,1,4,5,3,flower_cif.y4m,51.31,51.352,0.071554,0.006946,0.0,181
1,0,1,0,1,0,1,0,0,0,0,0,4,5,0,flower_cif.y4m,28.58,28.58,0.061237,0.006957,0.0,247
1,0,1,1,0,0,0,0,0,1,1,0,4,5,3,flower_cif.y4m,47.34,47.276,0.140107,0.00761,0.0,166
1,0,1,0,0,1,0,0,0,0,1,1,4,0,0,flower_cif.y4m,42.64,42.58,0.128841,0.007677,0.0,25
1,1,1,0,1,0,0,1,0,0,0,1,8,0,6,flower_cif.y4m,44.66,44.634,0.061482,0.00556,0.0,203
1,1,1,1,0,0,1,1,0,1,1,1,4,5,6,flower_cif.y4m,88.66,88.786,0.224678,0.005696,0.0,219
1,0,1,0,0,1,0,0,0,0,0,0,4,15,0,flower_cif.y4m,42.58,42.554,0.200823,0.007677,0.0,162
1,0,1,1,0,0,1,0,0,0,1,0,4,15,6,flower_cif.y4m,51.3,51.328,0.095237,0.006948,0.0,182
1,0,1,0,0,1,0,0,0,1,1,0,1,15,6,flower_cif.y4m,42.38,42.482,0.205961,0.007677,0.0,10
1,1,1,1,0,0,1,1,0,1,1,1,2,15,0,flower_cif.y4m,87.98,88.032,0.176409,0.005692,0.0,14
1,1,1,1,0,0,0,1,0,0,0,1,1,0,6,flower_cif.y4m,81.03,80.932,0.169765,0.005561,0.0,89
1,1,1,1,0,0,0,1,0,1,1,1,1,5,0,flower_cif.y4m,85.66,85.632,0.175271,0.005568,0.0,116
1,0,1,1,0,0,0,0,0,0,1,1,4,15,3,flower_cif.y4m,47.27,47.28,0.191311,0.00761,0.0,217
1,1,1,0,1,0,0,1,0,0,1,0,1,0,0,flower_cif.y4m,44.8,44.76,0.093541,0.005557,0.0,75
1,1,1,0,1,0,0,1,0,1,1,1,2,15,6,flower_cif.y4m,45.94,45.964,0.091269,0.005552,0.0,266
1,0,1,1,0,0,1,0,0,0,1,1,4,15,3,flower_cif.y4m,50.74,50.636,0.205743,0.006948,0.0,268
1,0,1,0,1,0,1,0,0,1,1,1,4,15,3,flower_cif.y4m,28.61,28.636,0.069857,0.006957,0.0,187
1,0,1,0,0,1,1,0,0,0,1,0,8,15,3,flower_cif.y4m,47.48,47.426,0.161028,0.007036,0.0,161
1,0,1,0,1,0,1,0,0,0,1,0,2,0,6,flower_cif.y4m,28.49,28.504,0.074364,0.006957,0.0,23
1,1,1,1,0,0,0,1,0,1,1,0,2,5,6,flower_cif.y4m,86.99,87.018,0.232959,0.005555,0.0,2
1,1,1,1,0,0,1,0,1,1,0,1,2,0,0,flower_cif.y4m,62.8,62.768,0.13274,0.0057,0.0,16
1,0,1,1,0,0,0,0,0,1,1,1,8,15,0,flower_cif.y4m,47.29,47.318,0.073959,0.00761,0.0,262
1,1,1,1,0,0,0,1,0,1,1,0,4,5,0,flower_cif.y4m,85.83,85.85,0.152807,0.005555,0.0,66
1,0,1,1,0,0,0,0,0,1,0,0,2,0,0,flower_cif.y4m,47.36,47.35,0.100499,0.00761,0.0,86
1,0,1,0,1,0,1,0,0,0,1,0,2,5,6,flower_cif.y4m,28.12,28.17,0.136015,0.006957,0.0,231
1,0,1,0,1,0,0,0,0,0,0,0,4,5,0,flower_cif.y4m,25.48,25.45,0.066332,0.007614,0.0,269
1,1,1,0,1,0,1,1,0,0,1,0,1,5,0,flower_cif.y4m,46.47,46.49,0.05244,0.005662,0.0,180
1,0,1,0,0,1,0,0,0,0,1,0,4,5,6,flower_cif.y4m,42.5,42.562,0.119875,0.007677,0.0,274
1,1,1,1,0,0,0,1,0,1,1,0,2,15,6,flower_cif.y4m,87.57,87.524,0.101882,0.005565,0.0,184
1,0,1,0,0,1,1,0,0,0,0,1,4,5,0,flower_cif.y4m,47.4,47.392,0.1499,0.007035,0.0,118
1,1,1,1,0,0,0,1,0,0,0,0,1,0,6,flower_cif.y4m,85.53,85.446,0.131263,0.005565,0.0,254
1,0,1,1,0,0,1,0,0,0,1,1,4,5,0,flower_cif.y4m,51.33,51.354,0.160717,0.006948,0.0,208
1,0,1,0,0,1,1,0,0,1,1,0,4,5,6,flower_cif.y4m,47.27,47.294,0.142583,0.007036,0.0,279
1,1,1,1,0,0,0,1,0,0,1,1,4,15,3,flower_cif.y4m,87.08,87.076,0.11929,0.005562,0.0,229
1,0,1,0,0,1,1,0,0,1,1,1,1,0,0,flower_cif.y4m,47.51,47.522,0.083487,0.007035,0.0,46
1,0,1,0,0,1,0,0,0,1,1,1,4,5,6,flower_cif.y4m,42.47,42.514,0.135019,0.007677,0.0,171
1,1,1,1,0,0,0,1,0,0,1,0,2,5,0,flower_cif.y4m,86.1,85.99,0.236643,0.005555,0.0,99
1,0,1,0,0,1,0,0,0,0,0,0,8,0,0,flower_cif.y4m,42.51,42.534,0.092087,0.007677,0.0,81
1,1,1,1,0,0,1,1,0,1,0,1,8,5,0,flower_cif.y4m,86.89,86.762,0.230586,0.005703,0.0,155
1,0,1,0,1,0,0,0,0,1,0,1,1,15,6,flower_cif.y4m,25.41,25.42,0.082765,0.007625,0.0,96
1,1,1,1,0,0,0,1,0,1,1,1,8,0,0,flower_cif.y4m,85.59,85.546,0.174155,0.005565,0.0,218
1,1,1,1,0,0,1,1,0,1,1,0,8,0,6,flower_cif.y4m,87.3,87.25,0.128841,0.00568,0.0,53
1,1,1,0,1,0,1,0,1,0,0,0,2,0,0,flower_cif.y4m,34.69,34.654,0.060663,0.005698,0.0,109
1,0,1,0,1,0,0,0,0,0,1,0,4,5,6,flower_cif.y4m,25.35,25.418,0.112561,0.007614,0.0,185
1,1,1,1,0,0,0,1,0,0,1,1,2,0,0,flower_cif.y4m,84.17,84.128,0.102567,0.005565,0.0,239
1,0,1,1,0,0,0,0,0,0,0,1,2,0,0,flower_cif.y4m,46.34,46.372,0.138094,0.007623,0.0,276
1,0,1,1,0,0,1,0,0,0,0,1,4,0,6,flower_cif.y4m,50.36,50.376,0.059414,0.006946,0.0,257
1,0,1,0,0,1,0,0,0,1,1,0,1,5,0,flower_cif.y4m,42.43,42.434,0.04827,0.007677,0.0,42
1,1,1,0,1,0,1,1,0,0,0,0,2,15,3,flower_cif.y4m,48.09,48.064,0.123004,0.005701,0.0,204
1,0,1,1,0,0,1,0,0,1,0,1,2,15,6,flower_cif.y4m,51.26,51.306,0.126016,0.006946,0.0,145
1,0,1,0,1,0,0,0,0,0,0,0,2,0,3,flower_cif.y4m,25.47,25.452,0.063403,0.007614,0.0,246
1,1,1,1,0,0,0,1,0,0,1,1,8,0,0,flower_cif.y4m,85.69,85.648,0.187003,0.005565,0.0,202
1,1,1,0,1,0,0,1,0,1,0,0,2,5,3,flower_cif.y4m,45.59,45.626,0.1501,0.005555,0.0,70
1,0,1,0,1,0,0,0,0,0,1,0,1,5,3,flower_cif.y4m,25.45,25.432,0.040866,0.007614,0.0,230
1,0,1,0,1,0,1,0,0,0,0,0,4,15,6,flower_cif.y4m,28.46,28.498,0.107796,0.006957,0.0,267
1,1,1,1,0,0,1,1,0,0,0,1,8,5,3,flower_cif.y4m,88.98,88.92,0.272489,0.005699,0.0,146
1,0,1,0,1,0,1,0,0,0,0,1,2,15,0,flower_cif.y4m,28.46,28.5,0.11726,0.00696,0.0,27
1,0,1,0,1,0,1,0,0,0,1,1,8,0,3,flower_cif.y4m,28.15,28.14,0.113798,0.006957,0.0,137
1,1,1,1,0,0,0,1,0,0,1,1,2,15,0,flower_cif.y4m,85.78,85.812,0.113225,0.005555,0.0,189
1,1,1,0,1,0,1,1,0,1,0,0,4,15,0,flower_cif.y4m,47.22,47.23,0.094604,0.005662,0.0,132
1,1,1,1,0,0,0,0,1,1,0,1,8,0,0,flower_cif.y4m,57.98,58.07,0.160779,0.005618,0.0,169
1,0,1,0,0,1,0,0,0,0,0,0,1,5,6,flower_cif.y4m,42.61,42.57,0.180693,0.007677,0.0,33
1,0,1,1,0,0,0,0,0,0,1,1,8,15,0,flower_cif.y4m,47.28,47.272,0.167242,0.00761,0.0,205
1,0,1,1,0,0,0,0,0,1,0,1,2,0,0,flower_cif.y4m,47.21,47.22,0.107703,0.007623,0.0,245
1,1,1,0,1,0,1,1,0,0,1,1,1,15,0,flower_cif.y4m,45.63,45.672,0.107796,0.005698,0.0,298
1,0,1,1,0,0,1,0,0,1,1,0,2,5,6,flower_cif.y4m,50.47,50.506,0.107842,0.006948,0.0,163
1,1,1,1,0,0,0,1,0,0,0,0,1,5,0,flower_cif.y4m,84.54,84.538,0.195883,0.005555,0.0,123
1,0,1,0,0,1,1,0,0,1,0,0,4,15,0,flower_cif.y4m,47.45,47.406,0.146048,0.007036,0.0,4
1,0,1,0,0,1,1,0,0,1,1,0,8,5,6,flower_cif.y4m,47.27,47.318,0.09576,0.007036,0.0,141
1,1,1,0,1,0,0,1,0,1,0,0,8,5,6,flower_cif.y4m,45.17,45.184,0.173724,0.005555,0.0,129
1,1,1,0,1,0,1,1,0,1,1,0,4,5,3,flower_cif.y4m,46.36,46.362,0.058481,0.005702,0.0,159
1,0,1,0,0,1,1,0,0,1,0,0,1,0,0,flower_cif.y4m,47.52,47.45,0.133604,0.007036,0.0,22
1,0,1,0,0,1,0,0,0,1,0,1,2,0,6,flower_cif.y4m,42.34,42.338,0.094446,0.007704,0.0,175
1,1,1,1,0,0,0,1,0,1,1,1,8,5,6,flower_cif.y4m,86.95,86.946,0.158209,0.005555,0.0,151
1,1,1,0,1,0,0,1,0,0,1,0,2,5,0,flower_cif.y4m,45.61,45.608,0.040249,0.005564,0.0,52
1,0,1,0,0,1,0,0,0,0,0,1,4,0,3,flower_cif.y4m,41.57,41.602,0.087864,0.007704,0.0,108
1,0,1,0,1,0,1,0,0,0,0,1,8,15,0,flower_cif.y4m,28.46,28.456,0.054129,0.00696,0.0,72
1,0,1,1,0,0,1,0,0,1,1,0,8,0,6,flower_cif.y4m,51.55,51.504,0.152414,0.006948,0.0,248
1,1,1,1,0,0,1,1,0,1,1,0,8,5,6,flower_cif.y4m,89.03,88.902,0.222643,0.005696,0.0,174
1,0,1,1,0,0,1,0,0,1,1,1,8,0,3,flower_cif.y4m,51.54,51.498,0.128919,0.006948,0.0,130
1,1,1,0,1,0,1,1,0,1,1,1,8,15,0,flower_cif.y4m,47.15,47.174,0.151756,0.005662,0.0,168
1,0,1,0,0,1,1,0,0,1,0,1,8,0,6,flower_cif.y4m,47.4,47.39,0.164469,0.007035,0.0,198
1,0,1,0,0,1,1,0,0,1,1,0,1,0,3,flower_cif.y4m,47.28,47.322,0.112116,0.007036,0.0,83
1,1,1,1,0,0,1,1,0,0,1,0,1,0,3,flower_cif.y4m,87.03,87.064,0.158209,0.00568,0.0,291
1,0,1,0,1,0,0,0,0,1,1,0,1,0,6,flower_cif.y4m,25.41,25.442,0.09576,0.007614,0.0,237
1,0,1,0,0,1,0,0,0,1,1,1,2,15,3,flower_cif.y4m,41.74,41.762,0.121326,0.007677,0.0,90
1,1,1,1,0,0,1,1,0,0,0,1,1,15,0,flower_cif.y4m,86.63,86.672,0.201544,0.005703,0.0,87
1,0,1,1,0,0,1,0,0,1,0,0,1,5,0,flower_cif.y4m,51.32,51.346,0.174442,0.006948,0.0,74
1,0,1,0,0,1,0,0,0,1,0,0,2,0,3,flower_cif.y4m,41.87,41.858,0.132929,0.007677,0.0,201
1,0,1,0,1,0,0,0,0,1,0,1,1,0,0,flower_cif.y4m,25.34,25.37,0.09083,0.007625,0.0,183
1,0,1,1,0,0,0,0,0,0,0,0,4,0,6,flower_cif.y4m,47.33,47.5,0.372424,0.00761,0.0,227
1,1,1,0,1,0,1,1,0,0,0,0,1,15,6,flower_cif.y4m,46.81,46.888,0.140606,0.005678,0.0,222
1,0,1,0,0,1,0,0,0,0,1,0,8,0,6,flower_cif.y4m,42.59,42.556,0.120125,0.007677,0.0,55
1,0,1,1,0,0,0,0,0,0,1,1,2,5,0,flower_cif.y4m,46.42,46.446,0.162111,0.00761,0.0,142
1,0,1,1,0,0,1,0,0,1,0,1,1,5,6,flower_cif.y4m,50.5,50.508,0.107796,0.006946,0.0,124
1,0,1,1,0,0,1,0,0,0,0,0,8,0,0,flower_cif.y4m,51.44,51.378,0.182675,0.006948,0.0,95
1,0,1,1,0,0,1,0,0,1,0,0,2,15,0,flower_cif.y4m,51.4,51.422,0.213939,0.006948,0.0,241
1,0,1,0,1,0,0,0,0,0,1,1,1,5,3,flower_cif.y4m,25.36,25.378,0.09471,0.007625,0.0,289
1,0,1,1,0,0,1,0,0,1,1,0,1,5,0,flower_cif.y4m,51.48,51.444,0.130499,0.006948,0.0,278
1,1,1,0,1,0,0,1,0,1,1,0,1,0,6,flower_cif.y4m,44.71,44.698,0.09654,0.005557,0.0,176
1,0,1,0,0,1,1,0,0,0,1,0,8,5,0,flower_cif.y4m,47.46,47.476,0.066558,0.007036,0.0,122
1,0,1,0,0,1,0,0,0,0,1,0,4,0,6,flower_cif.y4m,41.71,41.764,0.176579,0.007677,0.0,30
1,1,1,0,1,0,0,1,0,0,0,0,2,0,6,flower_cif.y4m,44.7,44.726,0.139929,0.005557,0.0,251
1,0,1,1,0,0,0,0,0,0,0,1,1,0,0,flower_cif.y4m,47.13,47.176,0.149432,0.007623,0.0,120
1,0,1,1,0,0,0,0,0,0,0,1,2,15,6,flower_cif.y4m,47.23,47.194,0.14775,0.007623,0.0,144
1,0,1,0,1,0,1,0,0,0,0,0,1,0,3,flower_cif.y4m,28.63,28.59,0.095131,0.006957,0.0,265
1,1,1,0,1,0,0,1,0,0,1,0,2,0,6,flower_cif.y4m,44.66,44.662,0.107331,0.005557,0.0,260
1,1,1,0,1,0,0,1,0,0,0,1,1,0,3,flower_cif.y4m,44.0,43.968,0.097826,0.00556,0.0,78
1,0,1,0,1,0,0,0,0,0,1,1,8,15,3,flower_cif.y4m,25.43,25.416,0.069138,0.007614,0.0,84
1,0,1,1,0,0,1,0,0,1,0,0,4,15,3,flower_cif.y4m,51.54,51.554,0.198318,0.006948,0.0,296
1,0,1,0,0,1,0,0,0,0,0,1,2,5,6,flower_cif.y4m,42.32,42.338,0.14856,0.007704,0.0,232
1,0,1,0,0,1,1,0,0,0,1,0,4,15,6,flower_cif.y4m,46.45,46.47,0.10198,0.007036,0.0,213
1,1,1,0,1,0,0,1,0,0,1,1,8,15,3,flower_cif.y4m,44.41,44.41,0.131339,0.005557,0.0,94
1,0,1,0,1,0,0,0,0,0,1,1,1,5,0,flower_cif.y4m,25.41,25.404,0.078294,0.007625,0.0,178
1,0,1,1,0,0,1,0,0,1,0,0,4,0,0,flower_cif.y4m,51.63,51.602,0.067231,0.006948,0.0,127
1,1,1,0,1,0,1,1,0,0,1,0,8,5,6,flower_cif.y4m,47.28,47.332,0.09985,0.005672,0.0,111
1,0,1,0,1,0,0,0,0,0,0,1,1,0,6,flower_cif.y4m,25.46,25.408,0.104259,0.007625,0.0,92
1,1,1,1,0,0,0,1,0,0,1,0,8,15,6,flower_cif.y4m,87.46,87.53,0.227046,0.005565,0.0,54
1,0,1,0,0,1,0,0,0,0,0,1,2,15,0,flower_cif.y4m,42.38,42.422,0.098082,0.007704,0.0,45
1,0,1,1,0,0,0,0,0,1,0,0,4,0,6,flower_cif.y4m,47.28,47.28,0.071764,0.00761,0.0,226
1,1,1,1,0,0,1,1,0,1,0,0,8,5,0,flower_cif.y4m,86.57,86.634,0.12054,0.005692,0.0,200
1,0,1,0,0,1,1,0,0,1,0,1,8,5,6,flower_cif.y4m,47.37,47.374,0.137949,0.007035,0.0,59
1,1,1,0,1,0,1,0,1,0,0,1,2,0,0,flower_cif.y4m,35.26,35.276,0.083546,0.005715,0.0,19
1,1,1,1,0,0,0,1,0,1,0,0,2,15,0,flower_cif.y4m,84.21,84.326,0.186896,0.005555,0.0,47
1,1,1,0,1,0,1,1,0,0,0,1,4,5,6,flower_cif.y4m,46.17,46.15,0.107935,0.005681,0.0,32
1,1,1,0,1,0,0,1,0,1,0,0,1,5,6,flower_cif.y4m,45.19,45.208,0.139356,0.005555,0.0,170
1,0,1,0,0,1,0,0,0,1,1,0,1,15,0,flower_cif.y4m,42.65,42.548,0.17782,0.007677,0.0,270
1,0,1,1,0,0,1,0,0,1,0,1,4,15,6,flower_cif.y4m,51.37,51.414,0.194242,0.006946,0.0,207
1,1,1,0,1,0,0,1,0,1,1,1,1,5,6,flower_cif.y4m,46.34,46.32,0.06364,0.005558,0.0,43
1,0,1,0,1,0,1,0,0,0,1,1,1,0,3,flower_cif.y4m,28.5,28.502,0.062209,0.00696,0.0,40
1,1,1,0,1,0,0,1,0,0,1,1,1,5,3,flower_cif.y4m,45.34,45.354,0.110136,0.005558,0.0,117
1,0,1,0,0,1,0,0,0,0,1,0,8,15,6,flower_cif.y4m,42.63,42.558,0.152545,0.007677,0.0,253
1,0,1,1,0,0,0,0,0,1,0,0,1,15,3,flower_cif.y4m,47.23,47.246,0.075366,0.00761,0.0,68
1,1,1,1,0,0,0,1,0,1,1,1,1,15,6,flower_cif.y4m,86.2,86.27,0.200375,0.00556,0.0,186
1,1,1,0,1,0,1,1,0,0,0,1,8,15,3,flower_cif.y4m,46.89,46.866,0.139392,0.005684,0.0,288
1,1,1,0,1,0,0,1,0,0,0,0,2,0,0,flower_cif.y4m,43.94,43.95,0.093005,0.005557,0.0,15
1,0,1,1,0,0,0,0,0,0,1,1,2,15,3,flower_cif.y4m,47.22,47.298,0.196392,0.00761,0.0,82
1,1,1,1,0,0,0,1,0,0,0,0,4,15,6,flower_cif.y4m,87.55,87.604,0.178969,0.005565,0.0,211
1,0,1,0,1,0,1,0,0,1,1,1,8,15,6,flower_cif.y4m,28.6,28.56,0.100747,0.006957,0.0,177
1,1,1,0,1,0,0,1,0,1,1,1,2,5,3,flower_cif.y4m,45.59,45.542,0.083187,0.005555,0.0,210
1,0,1,1,0,0,0,0,0,1,1,1,2,0,3,flower_cif.y4m,47.36,47.33,0.153297,0.00761,0.0,13
1,0,1,0,1,0,1,0,0,0,0,1,2,15,3,flower_cif.y4m,28.15,28.102,0.095237,0.00696,0.0,228
1,0,1,0,1,0,1,0,0,1,1,0,4,5,3,flower_cif.y4m,28.07,28.098,0.120291,0.006957,0.0,38
1,1,1,1,0,0,0,1,0,0,0,1,4,15,6,flower_cif.y4m,86.46,86.266,0.284306,0.00556,0.0,29
1,1,1,1,0,0,1,0,1,1,0,0,8,0,0,flower_cif.y4m,63.12,63.184,0.136125,0.005696,0.0,24
1,1,1,1,0,0,0,1,0,0,0,0,8,5,6,flower_cif.y4m,86.75,86.898,0.322599,0.005555,0.0,293
1,1,1,1,0,0,0,1,0,0,1,0,2,5,6,flower_cif.y4m,86.85,86.876,0.088487,0.005555,0.0,67
1,1,1,0,1,0,0,1,0,1,0,1,2,5,0,flower_cif.y4m,44.54,44.594,0.10139,0.005559,0.0,199
1,0,1,0,0,1,1,0,0,1,1,0,8,15,3,flower_cif.y4m,47.39,47.364,0.17855,0.007036,0.0,244
1,0,1,0,0,1,1,0,0,0,0,0,8,15,0,flower_cif.y4m,47.44,47.428,0.09576,0.007036,0.0,80
1,1,1,1,0,0,1,1,0,1,1,1,2,0,3,flower_cif.y4m,87.02,87.09,0.190788,0.00568,0.0,223
1,1,1,0,1,0,1,1,0,0,1,0,8,5,0,flower_cif.y4m,46.5,46.47,0.145086,0.005662,0.0,121
1,0,1,1,0,0,1,0,0,0,0,0,8,5,3,flower_cif.y4m,51.35,51.368,0.107796,0.006948,0.0,261
1,0,1,1,0,0,1,0,0,1,1,0,1,5,6,flower_cif.y4m,51.46,51.466,0.015166,0.006948,0.0,156
1,1,1,1,0,0,0,1,0,0,1,0,4,15,3,flower_cif.y4m,85.71,85.786,0.140107,0.005562,0.0,271
1,1,1,1,0,0,1,1,0,1,0,0,2,15,3,flower_cif.y4m,88.96,88.872,0.150067,0.005672,0.0,9
1,1,1,1,0,0,1,1,0,1,0,1,1,0,0,flower_cif.y4m,85.93,85.998,0.176409,0.005705,0.0,165
1,0,1,0,0,1,1,0,0,1,0,0,1,15,6,flower_cif.y4m,47.16,47.208,0.160219,0.007036,0.0,126
1,0,1,1,0,0,1,0,0,1,1,1,8,5,0,flower_cif.y4m,51.34,51.388,0.120706,0.006948,0.0,280
1,0,1,1,0,0,0,0,0,1,1,0,2,5,3,flower_cif.y4m,47.24,47.212,0.064187,0.00761,0.0,172
1,0,1,0,1,0,1,0,0,0,0,0,1,15,6,flower_cif.y4m,28.15,28.172,0.120913,0.006957,0.0,292
1,0,1,0,0,1,0,0,0,1,0,1,1,0,3,flower_cif.y4m,42.39,42.356,0.16772,0.007704,0.0,179
1,0,1,0,0,1,1,0,0,1,0,1,2,0,3,flower_cif.y4m,47.34,47.364,0.150433,0.007035,0.0,272
1,0,1,0,0,1,1,0,0,0,1,0,4,5,0,flower_cif.y4m,47.32,47.314,0.143631,0.007036,0.0,105
1,0,1,0,1,0,0,0,0,0,0,0,1,0,3,flower_cif.y4m,25.53,25.514,0.085907,0.007614,0.0,76
1,0,1,1,0,0,1,0,0,0,1,0,4,15,3,flower_cif.y4m,51.37,51.446,0.171843,0.006948,0.0,197
1,1,1,1,0,0,1,1,0,0,1,0,1,15,0,flower_cif.y4m,87.95,87.89,0.116404,0.005692,0.0,221
1,1,1,1,0,0,1,1,0,0,1,0,8,15,6,flower_cif.y4m,90.71,90.658,0.211116,0.005671,0.0,167
1,1,1,0,1,0,0,1,0,1,0,1,4,15,6,flower_cif.y4m,45.43,45.444,0.12054,0.005556,0.0,136
1,1,1,1,0,0,0,1,0,1,0,1,8,15,6,flower_cif.y4m,86.07,86.216,0.247548,0.00556,0.0,243
1,0,1,0,1,0,0,0,0,1,0,1,8,15,6,flower_cif.y4m,25.45,25.424,0.061074,0.007625,0.0,60
1,0,1,1,0,0,0,0,0,1,0,1,2,0,6,flower_cif.y4m,47.33,47.208,0.185661,0.007623,0.0,110
1,1,1,1,0,0,1,1,0,1,0,0,1,15,6,flower_cif.y4m,90.61,90.656,0.308837,0.005671,0.0,35
1,0,1,1,0,0,1,0,0,0,1,1,2,5,6,flower_cif.y4m,51.34,51.364,0.133903,0.006948,0.0,235
1,0,1,1,0,0,0,0,0,1,0,0,1,0,3,flower_cif.y4m,46.39,46.434,0.170529,0.00761,0.0,44
1,1,1,0,1,0,1,1,0,0,1,0,4,15,3,flower_cif.y4m,48.16,48.096,0.140107,0.005701,0.0,256
1,0,1,0,0,1,0,0,0,0,1,1,8,0,0,flower_cif.y4m,41.71,41.812,0.157544,0.007677,0.0,192
1,0,1,0,1,0,0,0,0,0,1,1,2,0,0,flower_cif.y4m,25.47,25.46,0.043589,0.007614,0.0,41
1,0,1,1,0,0,0,0,0,0,1,0,4,5,0,flower_cif.y4m,47.35,47.368,0.067231,0.00761,0.0,37
1,0,1,0,0,1,0,0,0,0,0,0,4,5,0,flower_cif.y4m,42.6,42.548,0.139893,0.007677,0.0,26
1,1,1,1,0,0,0,1,0,0,0,0,1,0,3,flower_cif.y4m,85.64,85.614,0.146561,0.005565,0.0,273
1,1,1,1,0,0,1,1,0,0,0,1,1,5,6,flower_cif.y4m,87.33,87.214,0.202312,0.005694,0.0,233
1,1,1,0,1,0,1,1,0,0,1,1,8,0,0,flower_cif.y4m,46.46,46.522,0.156269,0.005687,0.0,101
1,0,1,1,0,0,0,0,0,0,0,1,2,5,3,flower_cif.y4m,47.22,47.21,0.099499,0.007623,0.0,39
1,1,1,0,1,0,0,1,0,0,0,1,1,15,0,flower_cif.y4m,44.59,44.606,0.073689,0.005559,0.0,106
1,1,1,0,1,0,0,0,1,1,0,0,1,0,0,flower_cif.y4m,32.19,32.186,0.077974,0.005611,0.0,242
1,1,1,1,0,0,1,1,0,0,1,0,2,15,0,flower_cif.y4m,87.84,87.844,0.163187,0.005692,0.0,193
1,0,1,0,1,0,1,0,0,0,1,0,1,15,6,flower_cif.y4m,28.57,28.572,0.074632,0.006957,0.0,103
1,1,1,0,1,0,0,1,0,1,1,1,8,5,6,flower_cif.y4m,45.18,45.186,0.127004,0.005555,0.0,1
1,0,1,1,0,0,0,0,0,1,1,1,1,0,0,flower_cif.y4m,47.11,47.106,0.171697,0.007623,0.0,61
1,1,1,1,0,0,0,0,1,0,0,0,2,0,0,flower_cif.y4m,57.5,57.474,0.230065,0.005617,0.0,56
1,1,1,0,1,0,0,1,0,0,1,0,8,15,3,flower_cif.y4m,45.12,45.136,0.08792,0.005557,0.0,148
1,0,1,0,1,0,0,0,0,1,0,1,2,5,0,flower_cif.y4m,24.93,24.95,0.071764,0.007625,0.0,112
1,0,1,0,1,0,1,0,0,0,1,0,8,15,3,flower_cif.y4m,28.53,28.524,0.079561,0.006957,0.0,300
1,0,1,0,1,0,0,0,0,1,1,0,4,15,0,flower_cif.y4m,25.46,25.444,0.043932,0.007614,0.0,249
1,0,1,0,1,0,0,0,0,0,0,1,2,0,0,flower_cif.y4m,24.92,24.93,0.06,0.007625,0.0,20
1,1,1,1,0,0,1,1,0,1,0,1,1,5,0,flower_cif.y4m,86.59,86.658,0.172395,0.005703,0.0,104
1,1,1,1,0,0,0,1,0,1,1,1,8,15,6,flower_cif.y4m,87.54,87.552,0.219818,0.005565,0.0,131
1,0,1,1,0,0,0,0,0,0,0,0,2,0,3,flower_cif.y4m,47.24,47.21,0.057009,0.00761,0.0,69
1,0,1,0,1,0,1,0,0,0,0,0,2,0,3,flower_cif.y4m,28.61,28.612,0.09654,0.006957,0.0,220
1,1,1,1,0,0,1,1,0,1,1,1,8,15,6,flower_cif.y4m,90.57,90.662,0.195243,0.005671,0.0,11
1,1,1,1,0,0,1,1,0,1,0,0,4,15,6,flower_cif.y4m,90.75,90.682,0.187803,0.005671,0.0,258
1,0,1,0,1,0,1,0,0,0,0,0,2,15,3,flower_cif.y4m,28.47,28.5,0.09975,0.006957,0.0,65
1,0,1,0,0,1,1,0,0,0,0,0,2,15,0,flower_cif.y4m,47.48,47.49,0.064031,0.007036,0.0,160
1,0,1,0,0,1,1,0,0,0,0,0,8,0,0,flower_cif.y4m,46.69,46.676,0.172279,0.007036,0.0,238
1,1,1,1,0,0,0,1,0,0,0,0,4,0,0,flower_cif.y4m,85.35,85.508,0.26205,0.005565,0.0,57
1,1,1,0,1,0,0,1,0,1,0,1,2,0,0,flower_cif.y4m,44.65,44.684,0.076026,0.00556,0.0,79
1,0,1,0,1,0,1,0,0,0,1,0,4,15,3,flower_cif.y4m,28.5,28.508,0.085849,0.006957,0.0,224
1,1,1,0,1,0,0,1,0,1,0,0,2,0,3,flower_cif.y4m,44.64,44.666,0.102616,0.005557,0.0,48
1,0,1,0,1,0,1,0,0,0,0,1,8,0,6,flower_cif.y4m,28.5,28.508,0.086139,0.00696,0.0,173
1,1,1,1,0,0,1,1,0,0,1,1,1,0,0,flower_cif.y4m,86.03,86.008,0.134981,0.005705,0.0,283
1,0,1,0,1,0,0,0,0,0,0,0,1,0,6,flower_cif.y4m,25.0,25.026,0.090443,0.007614,0.0,190
1,0,1,0,1,0,1,0,0,1,1,1,4,0,6,flower_cif.y4m,28.52,28.52,0.0886,0.006957,0.0,259
1,0,1,1,0,0,0,0,0,0,0,1,1,15,3,flower_cif.y4m,47.22,47.258,0.178941,0.007623,0.0,7
1,0,1,0,0,1,0,0,0,0,0,1,2,5,0,flower_cif.y4m,42.32,42.354,0.151592,0.007704,0.0,73
1,1,1,1,0,0,1,1,0,0,0,0,2,0,6,flower_cif.y4m,86.96,86.99,0.178606,0.00568,0.0,63
1,0,1,0,0,1,1,0,0,1,1,0,2,15,3,flower_cif.y4m,47.22,47.314,0.163034,0.007036,0.0,284
1,0,1,1,0,0,1,0,0,1,0,1,8,15,6,flower_cif.y4m,50.51,50.528,0.122352,0.006946,0.0,250
1,1,1,0,1,0,0,1,0,0,0,0,2,5,0,flower_cif.y4m,45.5,45.504,0.06229,0.005564,0.0,209
1,0,1,0,1,0,1,0,0,0,0,1,4,5,3,flower_cif.y4m,28.52,28.522,0.048166,0.00696,0.0,138
1,1,1,1,0,0,0,0,1,1,1,0,1,0,0,flower_cif.y4m,57.4,57.382,0.143422,0.005617,0.0,135
1,1,1,1,0,0,1,1,0,1,1,0,4,5,3,flower_cif.y4m,87.81,87.83,0.144049,0.005674,0.0,264
1,1,1,1,0,0,0,1,0,1,1,0,2,0,6,flower_cif.y4m,85.45,85.486,0.105024,0.005565,0.0,215
1,0,1,0,0,1,0,0,0,0,1,1,4,5,3,flower_cif.y4m,42.41,42.506,0.22345,0.007677,0.0,50
1,0,1,1,0,0,0,0,0,1,1,0,4,0,6,flower_cif.y4m,47.16,47.188,0.135904,0.00761,0.0,98
1,1,1,1,0,0,0,1,0,1,1,0,1,15,0,flower_cif.y4m,86.17,86.092,0.266402,0.005555,0.0,140
1,1,1,1,0,0,0,1,0,0,1,1,1,0,3,flower_cif.y4m,82.07,82.118,0.112561,0.005561,0.0,113
1,0,1,0,1,0,1,0,0,1,1,0,1,0,6,flower_cif.y4m,28.58,28.612,0.071903,0.006957,0.0,3
1,0,1,0,0,1,0,0,0,1,1,1,8,0,0,flower_cif.y4m,41.9,41.91,0.051478,0.007677,0.0,149
1,0,1,1,0,0,0,0,0,0,1,1,8,5,6,flower_cif.y4m,47.23,47.29,0.13435,0.00761,0.0,153
1,1,1,1,0,0,1,1,0,1,1,0,2,15,6,flower_cif.y4m,90.48,90.544,0.140464,0.005671,0.0,133
1,0,1,1,0,0,0,0,0,0,0,0,1,0,3,flower_cif.y4m,47.13,47.164,0.091542,0.00761,0.0,191
1,1,1,0,1,0,0,1,0,1,0,1,1,0,6,flower_cif.y4m,44.54,44.564,0.074699,0.00556,0.0,100
1,0,1,1,0,0,1,0,0,0,1,0,4,0,3,flower_cif.y4m,51.52,51.466,0.203052,0.006948,0.0,85
1,0,1,0,0,1,1,0,0,0,0,0,2,0,3,flower_cif.y4m,47.47,47.398,0.200175,0.007036,0.0,88
1,0,1,0,1,0,1,0,0,1,1,0,4,15,6,flower_cif.y4m,28.15,28.152,0.037014,0.006957,0.0,31
1,0,1,0,0,1,1,0,0,0,0,0,4,5,3,flower_cif.y4m,47.25,47.34,0.156844,0.007036,0.0,134
1,1,1,0,1,0,1,1,0,1,1,1,8,0,3,flower_cif.y4m,46.54,46.492,0.095237,0.005687,0.0,147
1,1,1,1,0,0,0,1,0,0,1,1,4,15,6,flower_cif.y4m,87.33,87.546,0.322227,0.005565,0.0,275
1,0,1,0,0,1,1,0,0,0,1,0,4,15,3,flower_cif.y4m,47.42,47.346,0.129151,0.007036,0.0,143
1,1,1,0,1,0,1,1,0,1,0,0,1,5,6,flower_cif.y4m,47.32,47.314,0.030496,0.005672,0.0,8
1,1,1,1,0,0,1,1,0,0,1,1,4,5,3,flower_cif.y4m,87.8,87.778,0.219591,0.005674,0.0,216
1,0,1,1,0,0,1,0,0,1,0,0,1,0,3,flower_cif.y4m,51.3,51.356,0.11371,0.006948,0.0,214
1,0,1,0,0,1,0,0,0,0,0,0,1,5,0,flower_cif.y4m,42.48,42.548,0.145327,0.007677,0.0,17
1,0,1,0,0,1,1,0,0,0,0,0,1,5,0,flower_cif.y4m,46.59,46.568,0.107098,0.007036,0.0,206
1,0,1,0,1,0,0,0,0,1,1,1,8,15,0,flower_cif.y4m,25.45,25.46,0.041833,0.007614,0.0,36
1,1,1,0,1,0,1,1,0,0,0,0,4,15,3,flower_cif.y4m,48.04,48.056,0.107378,0.005701,0.0,6
1,0,1,1,0,0,1,0,0,0,0,1,1,0,6,flower_cif.y4m,51.31,51.334,0.143631,0.006946,0.0,5
1,0,1,1,0,0,1,0,0,0,0,0,8,15,6,flower_cif.y4m,51.33,51.372,0.117558,0.006948,0.0,164
1,0,1,0,0,1,0,0,0,1,0,0,8,0,6,flower_cif.y4m,42.74,42.758,0.034928,0.007677,0.0,97
1,0,1,1,0,0,0,0,0,0,1,0,2,5,3,flower_cif.y4m,47.33,47.328,0.141845,0.00761,0.0,236
1,1,1,0,1,0,1,1,0,0,0,0,8,5,0,flower_cif.y4m,46.53,46.522,0.088148,0.005662,0.0,71
1,1,1,0,1,0,1,1,0,1,0,1,2,0,3,flower_cif.y4m,45.34,45.34,0.060415,0.005699,0.0,295
1,0,1,1,0,0,1,0,0,1,1,0,8,5,3,flower_cif.y4m,51.48,51.438,0.256846,0.006948,0.0,286
1,0,1,0,1,0,0,0,0,0,0,1,1,5,0,flower_cif.y4m,25.42,25.416,0.053198,0.007625,0.0,34
1,0,1,0,1,0,1,0,0,1,1,1,1,5,3,flower_cif.y4m,28.1,28.098,0.105925,0.00696,0.0,240
1,0,1,0,0,1,1,0,0,0,0,1,4,15,3,flower_cif.y4m,46.68,46.688,0.08228,0.007035,0.0,18
1,0,1,0,1,0,0,0,0,0,1,0,8,0,6,flower_cif.y4m,25.38,25.414,0.085323,0.007614,0.0,102
1,1,1,1,0,0,1,0,1,0,1,0,4,0,0,flower_cif.y4m,62.38,62.282,0.172829,0.005696,0.0,51
1,1,1,1,0,0,1,1,0,0,0,1,4,15,6,flower_cif.y4m,90.36,90.31,0.164621,0.005692,0.0,282
1,0,1,0,1,0,1,0,0,1,1,1,1,0,3,flower_cif.y4m,28.04,28.008,0.077266,0.00696,0.0,77
1,0,1,1,0,0,1,0,0,0,1,0,2,0,3,flower_cif.y4m,51.31,51.336,0.098387,0.006948,0.0,128
1,1,1,0,1,0,1,1,0,0,0,0,2,5,3,flower_cif.y4m,46.37,46.418,0.154984,0.005702,0.0,234
1,0,1,1,0,0,0,0,0,0,1,1,1,0,0,flower_cif.y4m,47.1,47.058,0.08228,0.007623,0.0,252
1,0,1,1,0,0,1,0,0,0,0,1,4,0,3,flower_cif.y4m,51.24,51.27,0.198872,0.006946,0.0,28
1,0,1,0,0,1,1,0,0,1,1,1,8,15,3,flower_cif.y4m,47.28,47.338,0.136088,0.007036,0.0,139
1,0,1,0,0,1,0,0,0,0,0,1,1,5,0,flower_cif.y4m,42.47,42.376,0.194885,0.007704,0.0,158
1,1,1,0,1,0,1,1,0,1,0,1,8,5,3,flower_cif.y4m,47.48,47.464,0.081117,0.005704,0.0,152
1,0,1,1,0,0,1,0,0,1,0,0,2,0,6,flower_cif.y4m,51.31,51.32,0.062048,0.006948,0.0,12
1,1,1,0,1,0,0,1,0,0,0,1,4,15,3,flower_cif.y4m,46.85,46.852,0.052631,0.005557,0.0,294
1,1,1,0,1,0,0,1,0,0,0,1,8,15,3,flower_cif.y4m,46.1,46.08,0.111355,0.005557,0.0,154
1,1,1,1,0,0,0,1,0,1,0,0,2,15,6,flower_cif.y4m,85.96,85.992,0.156748,0.005565,0.0,157
1,0,1,1,0,0,1,0,0,1,1,1,2,0,3,flower_cif.y4m,51.41,51.358,0.147547,0.006948,0.0,150
1,1,1,0,1,0,1,1,0,0,1,0,8,0,6,flower_cif.y4m,46.42,46.46,0.107238,0.005687,0.0,287
1,0,1,0,1,0,0,0,0,1,1,0,1,0,3,flower_cif.y4m,25.44,25.414,0.109909,0.007614,0.0,297
1,0,1,0,0,1,0,0,0,1,1,0,8,15,0,flower_cif.y4m,42.56,42.49,0.183303,0.007677,0.0,263
1,1,1,0,1,0,0,1,0,1,1,1,1,5,3,flower_cif.y4m,45.26,45.24,0.037417,0.005558,0.0,255
1,0,1,1,0,0,0,0,0,1,1,0,8,15,3,flower_cif.y4m,47.1,47.148,0.129885,0.00761,0.0,115
1,0,1,0,0,1,1,0,0,1,0,1,4,15,3,flower_cif.y4m,47.32,47.398,0.161771,0.007035,0.0,188
1,0,1,0,0,1,1,0,0,0,0,1,8,0,6,flower_cif.y4m,47.27,47.274,0.016733,0.007035,0.0,212
1,0,1,1,0,0,1,0,0,0,0,1,1,15,3,flower_cif.y4m,51.28,51.294,0.073689,0.006946,0.0,195
1,0,1,0,1,0,0,0,0,0,1,1,2,15,0,flower_cif.y4m,25.34,25.36,0.046904,0.007614,0.0,119
1,0,1,1,0,0,0,0,0,1,0,1,4,15,0,flower_cif.y4m,47.27,47.286,0.070214,0.007623,0.0,58
1,0,1,0,1,0,1,0,0,1,0,1,4,0,6,flower_cif.y4m,28.4,28.414,0.077653,0.00696,0.0,277
1,0,1,0,1,0,1,0,0,0,1,1,4,5,6,flower_cif.y4m,28.55,28.562,0.120706,0.006957,0.0,64
1,1,1,0,1,0,1,1,0,1,0,0,2,0,0,flower_cif.y4m,46.57,46.604,0.132778,0.005687,0.0,285
1,1,1,0,1,0,1,1,0,1,0,0,4,0,0,flower_cif.y4m,46.54,46.514,0.107378,0.005687,0.0,290
1,0,1,1,0,0,0,0,0,1,0,1,8,5,6,flower_cif.y4m,47.17,47.168,0.052631,0.007623,0.0,196
1,1,1,1,0,0,1,0,1,1,1,1,1,0,0,flower_cif.y4m,62.68,62.706,0.136308,0.0057,0.0,93
1,0,1,1,0,0,1,0,0,0,1,1,4,5,6,flower_cif.y4m,50.47,50.532,0.136272,0.006948,0.0,299
1,0,1,1,0,0,0,0,0,1,0,0,2,5,0,flower_cif.y4m,47.34,47.35,0.14,0.00761,0.0,125
1,1,1,0,1,0,0,1,0,1,0,1,2,15,6,flower_cif.y4m,45.44,45.45,0.081854,0.005556,0.0,21
1,0,1,0,1,0,0,0,0,1,0,1,2,0,0,flower_cif.y4m,25.41,25.4,0.052915,0.007625,0.0,225
1,0,1,0,1,0,0,0,0,1,0,0,2,5,0,football_cif.y4m,18.01,18.004,0.071274,0.006197,0.0,114
1,1,1,1,0,0,0,0,1,0,0,1,1,0,0,football_cif.y4m,54.46,54.644,0.545005,0.005385,0.0,281
1,1,1,1,0,0,0,1,0,1,1,0,2,5,0,football_cif.y4m,73.56,73.258,0.783339,0.005332,0.0,49
1,0,1,0,0,1,1,0,0,0,0,0,2,15,6,football_cif.y4m,38.76,38.886,0.411437,0.006461,0.0,194
1,0,1,1,0,0,0,0,0,0,0,0,2,0,6,football_cif.y4m,42.37,41.836,0.820415,0.006178,0.0,62
1,1,1,0,1,0,0,1,0,1,1,1,1,15,3,football_cif.y4m,32.16,31.944,0.516653,0.005343,0.0,91
1,0,1,0,0,1,1,0,0,0,0,0,4,0,6,football_cif.y4m,40.98,41.106,0.251356,0.006461,0.0,107
1,0,1,1,0,0,1,0,0,0,0,1,4,5,3,football_cif.y4m,44.47,44.758,0.644143,0.0064,0.0,181
1,0,1,0,1,0,1,0,0,0,0,0,4,5,0,football_cif.y4m,18.89,18.864,0.086776,0.006397,0.0,247
1,0,1,1,0,0,0,0,0,1,1,0,4,5,3,football_cif.y4m,41.25,41.216,0.173436,0.006178,0.0,166
1,0,1,0,0,1,0,0,0,0,1,1,4,0,0,football_cif.y4m,35.84,36.016,0.628872,0.006743,0.0,25
1,1,1,0,1,0,0,1,0,0,0,1,8,0,6,football_cif.y4m,31.36,31.06,0.630516,0.00534,0.0,203
1,1,1,1,0,0,1,1,0,1,1,1,4,5,6,football_cif.y4m,69.25,69.22,0.19105,0.005307,0.0,219
1,0,1,0,0,1,0,0,0,0,0,0,4,15,0,football_cif.y4m,38.41,37.468,1.355035,0.006743,0.0,162
1,0,1,1,0,0,1,0,0,0,1,0,4,15,6,football_cif.y4m,44.56,45.146,0.904312,0.006403,0.0,182
1,0,1,0,0,1,0,0,0,1,1,0,1,15,6,football_cif.y4m,35.73,35.74,0.122882,0.006743,0.0,10
1,1,1,1,0,0,1,1,0,1,1,1,2,15,0,football_cif.y4m,68.37,68.294,0.255206,0.005311,0.0,14
1,1,1,1,0,0,0,1,0,0,0,1,1,0,6,football_cif.y4m,69.21,70.292,2.326912,0.005346,0.0,89
1,1,1,1,0,0,0,1,0,1,1,1,1,5,0,football_cif.y4m,71.45,71.544,0.225677,0.005346,0.0,116
1,0,1,1,0,0,0,0,0,0,1,1,4,15,3,football_cif.y4m,41.32,41.898,1.365438,0.006178,0.0,217
1,1,1,0,1,0,0,1,0,0,1,0,1,0,0,football_cif.y4m,31.69,30.992,1.014456,0.005335,0.0,75
1,1,1,0,1,0,0,1,0,1,1,1,2,15,6,football_cif.y4m,30.61,31.026,0.630262,0.005354,0.0,266
1,0,1,1,0,0,1,0,0,0,1,1,4,15,3,football_cif.y4m,44.56,44.616,0.12054,0.006403,0.0,268
1,0,1,0,1,0,1,0,0,1,1,1,4,15,3,football_cif.y4m,18.92,18.88,0.098742,0.006397,0.0,187
1,0,1,0,0,1,1,0,0,0,1,0,8,15,3,football_cif.y4m,38.39,39.068,1.006837,0.006461,0.0,161
1,0,1,0,1,0,1,0,0,0,1,0,2,0,6,football_cif.y4m,17.6,17.614,0.04827,0.006397,0.0,23
1,1,1,1,0,0,0,1,0,1,1,0,2,5,6,football_cif.y4m,73.27,73.174,0.190079,0.005339,0.0,2
1,1,1,1,0,0,1,0,1,1,0,1,2,0,0,football_cif.y4m,57.68,57.618,0.145499,0.005564,0.0,16
1,0,1,1,0,0,0,0,0,1,1,1,8,15,0,football_cif.y4m,41.05,41.402,0.584183,0.006178,0.0,262
1,1,1,1,0,0,0,1,0,1,1,0,4,5,0,football_cif.y4m,71.51,71.992,0.810105,0.005332,0.0,66
1,0,1,1,0,0,0,0,0,1,0,0,2,0,0,football_cif.y4m,44.46,44.678,0.581911,0.006178,0.0,86
1,0,1,0,1,0,1,0,0,0,1,0,2,5,6,football_cif.y4m,17.68,17.74,0.151162,0.006397,0.0,231
1,0,1,0,1,0,0,0,0,0,0,0,4,5,0,football_cif.y4m,16.88,16.858,0.070143,0.006197,0.0,269
1,1,1,0,1,0,1,1,0,0,1,0,1,5,0,football_cif.y4m,29.85,29.882,0.084971,0.00532,0.0,180
1,0,1,0,0,1,0,0,0,0,1,0,4,5,6,football_cif.y4m,38.27,38.27,0.172772,0.006743,0.0,274
1,1,1,1,0,0,0,1,0,1,1,0,2,15,6,football_cif.y4m,72.58,72.68,0.169558,0.005339,0.0,184
1,0,1,0,0,1,1,0,0,0,0,1,4,5,0,football_cif.y4m,38.16,38.602,1.194872,0.006469,0.0,118
1,1,1,1,0,0,0,1,0,0,0,0,1,0,6,football_cif.y4m,70.03,69.91,0.681799,0.005332,0.0,254
1,0,1,1,0,0,1,0,0,0,1,1,4,5,0,football_cif.y4m,45.22,45.148,0.123572,0.006403,0.0,208
1,0,1,0,0,1,1,0,0,1,1,0,4,5,6,football_cif.y4m,39.26,39.11,0.357141,0.006461,0.0,279
1,1,1,1,0,0,0,1,0,0,1,1,4,15,3,football_cif.y4m,75.91,74.792,1.97572,0.00534,0.0,229
1,0,1,0,0,1,1,0,0,1,1,1,1,0,0,football_cif.y4m,38.09,38.494,0.708117,0.006469,0.0,46
1,0,1,0,0,1,0,0,0,1,1,1,4,5,6,football_cif.y4m,38.29,38.28,0.141421,0.006743,0.0,171
1,1,1,1,0,0,0,1,0,0,1,0,2,5,0,football_cif.y4m,71.68,71.618,0.18061,0.005332,0.0,99
1,0,1,0,0,1,0,0,0,0,0,0,8,0,0,football_cif.y4m,35.8,36.136,0.595928,0.006743,0.0,81
1,1,1,1,0,0,1,1,0,1,0,1,8,5,0,football_cif.y4m,69.81,69.074,1.108165,0.005313,0.0,155
1,0,1,0,1,0,0,0,0,1,0,1,1,15,6,football_cif.y4m,16.8,16.862,0.199424,0.006197,0.0,96
1,1,1,1,0,0,0,1,0,1,1,1,8,0,0,football_cif.y4m,70.21,70.174,0.714899,0.005332,0.0,218
1,1,1,1,0,0,1,1,0,1,1,0,8,0,6,football_cif.y4m,66.67,66.826,2.130887,0.005308,0.0,53
1,1,1,0,1,0,1,0,1,0,0,0,2,0,0,football_cif.y4m,24.87,24.916,0.108766,0.00556,0.0,109
1,0,1,0,1,0,0,0,0,0,1,0,4,5,6,football_cif.y4m,17.24,17.22,0.065955,0.006197,0.0,185
1,1,1,1,0,0,0,1,0,0,1,1,2,0,0,football_cif.y4m,69.2,69.97,1.15013,0.005332,0.0,239
1,0,1,1,0,0,0,0,0,0,0,1,2,0,0,football_cif.y4m,41.67,41.552,0.44891,0.006178,0.0,276
1,0,1,1,0,0,1,0,0,0,0,1,4,0,6,football_cif.y4m,47.91,47.83,0.188812,0.0064,0.0,257
1,0,1,0,0,1,0,0,0,1,1,0,1,5,0,football_cif.y4m,35.88,36.178,0.531808,0.006743,0.0,42
1,1,1,0,1,0,1,1,0,0,0,0,2,15,3,football_cif.y4m,29.76,29.752,0.060581,0.005313,0.0,204
1,0,1,1,0,0,1,0,0,1,0,1,2,15,6,football_cif.y4m,44.83,45.024,0.481487,0.0064,0.0,145
1,0,1,0,1,0,0,0,0,0,0,0,2,0,3,football_cif.y4m,16.81,16.814,0.047749,0.006197,0.0,246
1,1,1,1,0,0,0,1,0,0,1,1,8,0,0,football_cif.y4m,69.03,69.578,0.83891,0.005332,0.0,202
1,1,1,0,1,0,0,1,0,1,0,0,2,5,3,football_cif.y4m,32.83,32.826,0.06229,0.005352,0.0,70
1,0,1,0,1,0,0,0,0,0,1,0,1,5,3,football_cif.y4m,16.77,16.988,0.326297,0.006197,0.0,230
1,0,1,0,1,0,1,0,0,0,0,0,4,15,6,football_cif.y4m,17.84,18.236,0.684931,0.006397,0.0,267
1,1,1,1,0,0,1,1,0,0,0,1,8,5,3,football_cif.y4m,68.46,68.344,0.58509,0.005324,0.0,146
1,0,1,0,1,0,1,0,0,0,0,1,2,15,0,football_cif.y4m,17.81,17.978,0.641225,0.006396,0.0,27
1,0,1,0,1,0,1,0,0,0,1,1,8,0,3,football_cif.y4m,18.9,18.86,0.080932,0.006397,0.0,137
1,1,1,1,0,0,0,1,0,0,1,1,2,15,0,football_cif.y4m,73.29,73.012,0.566983,0.005332,0.0,189
1,1,1,0,1,0,1,1,0,1,0,0,4,15,0,football_cif.y4m,29.71,30.19,0.825409,0.00532,0.0,132
1,1,1,1,0,0,0,0,1,1,0,1,8,0,0,football_cif.y4m,54.34,54.626,0.594458,0.005385,0.0,169
1,0,1,0,0,1,0,0,0,0,0,0,1,5,6,football_cif.y4m,35.85,35.904,0.343045,0.006743,0.0,33
1,0,1,1,0,0,0,0,0,0,1,1,8,15,0,football_cif.y4m,41.19,41.196,0.136308,0.006178,0.0,205
1,0,1,1,0,0,0,0,0,1,0,1,2,0,0,football_cif.y4m,41.65,41.348,0.506823,0.006178,0.0,245
1,1,1,0,1,0,1,1,0,0,1,1,1,15,0,football_cif.y4m,28.91,29.122,0.45428,0.005326,0.0,298
1,0,1,1,0,0,1,0,0,1,1,0,2,5,6,football_cif.y4m,45.64,45.374,0.557835,0.006403,0.0,163
1,1,1,1,0,0,0,1,0,0,0,0,1,5,0,football_cif.y4m,71.51,72.022,1.02882,0.005332,0.0,123
1,0,1,0,0,1,1,0,0,1,0,0,4,15,0,football_cif.y4m,38.22,38.216,0.059414,0.006461,0.0,4
1,0,1,0,0,1,1,0,0,1,1,0,8,5,6,football_cif.y4m,38.31,38.75,0.679301,0.006461,0.0,141
1,1,1,0,1,0,0,1,0,1,0,0,8,5,6,football_cif.y4m,30.61,30.608,0.076942,0.005352,0.0,129
1,1,1,0,1,0,1,1,0,1,1,0,4,5,3,football_cif.y4m,29.86,29.858,0.071903,0.005309,0.0,159
1,0,1,0,0,1,1,0,0,1,0,0,1,0,0,football_cif.y4m,40.92,40.934,0.086776,0.006461,0.0,22
1,0,1,0,0,1,0,0,0,1,0,1,2,0,6,football_cif.y4m,36.06,36.458,1.242103,0.006726,0.0,175
1,1,1,1,0,0,0,1,0,1,1,1,8,5,6,football_cif.y4m,72.42,72.862,1.063541,0.005339,0.0,151
1,1,1,0,1,0,0,1,0,0,1,0,2,5,0,football_cif.y4m,30.5,30.396,0.355781,0.005335,0.0,52
1,0,1,0,0,1,0,0,0,0,0,1,4,0,3,football_cif.y4m,35.49,35.802,0.552874,0.006726,0.0,108
1,0,1,0,1,0,1,0,0,0,0,1,8,15,0,football_cif.y4m,17.55,17.59,0.08544,0.006396,0.0,72
1,0,1,1,0,0,1,0,0,1,1,0,8,0,6,football_cif.y4m,44.71,44.698,0.159593,0.006403,0.0,248
1,1,1,1,0,0,1,1,0,1,1,0,8,5,6,football_cif.y4m,69.31,69.74,0.840744,0.005307,0.0,174
1,0,1,1,0,0,1,0,0,1,1,1,8,0,3,football_cif.y4m,44.73,44.912,0.383171,0.006403,0.0,130
1,1,1,0,1,0,1,1,0,1,1,1,8,15,0,football_cif.y4m,29.46,29.5,0.082765,0.00532,0.0,168
1,0,1,0,0,1,1,0,0,1,0,1,8,0,6,football_cif.y4m,39.05,38.816,0.607231,0.006469,0.0,198
1,0,1,0,0,1,1,0,0,1,1,0,1,0,3,football_cif.y4m,41.16,41.154,0.151096,0.006461,0.0,83
1,1,1,1,0,0,1,1,0,0,1,0,1,0,3,football_cif.y4m,67.04,67.088,0.089833,0.005308,0.0,291
1,0,1,0,1,0,0,0,0,1,1,0,1,0,6,football_cif.y4m,16.81,16.822,0.042071,0.006197,0.0,237
1,0,1,0,0,1,0,0,0,1,1,1,2,15,3,football_cif.y4m,36.23,36.188,0.174557,0.006743,0.0,90
1,1,1,1,0,0,1,1,0,0,0,1,1,15,0,football_cif.y4m,69.07,69.076,0.682334,0.005313,0.0,87
1,0,1,1,0,0,1,0,0,1,0,0,1,5,0,football_cif.y4m,44.65,45.14,0.792149,0.006403,0.0,74
1,0,1,0,0,1,0,0,0,1,0,0,2,0,3,football_cif.y4m,36.89,36.472,0.65136,0.006743,0.0,201
1,0,1,0,1,0,0,0,0,1,0,1,1,0,0,football_cif.y4m,16.8,16.788,0.032711,0.006197,0.0,183
1,0,1,1,0,0,0,0,0,0,0,0,4,0,6,football_cif.y4m,44.26,44.42,0.467386,0.006178,0.0,227
1,1,1,0,1,0,1,1,0,0,0,0,1,15,6,football_cif.y4m,31.93,31.938,0.087579,0.005313,0.0,222
1,0,1,0,0,1,0,0,0,0,1,0,8,0,6,football_cif.y4m,35.89,35.832,0.137004,0.006743,0.0,55
1,0,1,1,0,0,0,0,0,0,1,1,2,5,0,football_cif.y4m,41.3,41.412,0.360097,0.006178,0.0,142
1,0,1,1,0,0,1,0,0,1,0,1,1,5,6,football_cif.y4m,48.13,48.126,0.50545,0.0064,0.0,124
1,0,1,1,0,0,1,0,0,0,0,0,8,0,0,football_cif.y4m,44.46,44.494,0.127593,0.006403,0.0,95
1,0,1,1,0,0,1,0,0,1,0,0,2,15,0,football_cif.y4m,45.24,45.202,0.093113,0.006403,0.0,241
1,0,1,0,1,0,0,0,0,0,1,1,1,5,3,football_cif.y4m,16.81,16.862,0.16053,0.006197,0.0,289
1,0,1,1,0,0,1,0,0,1,1,0,1,5,0,football_cif.y4m,45.04,45.096,0.188759,0.006403,0.0,278
1,1,1,0,1,0,0,1,0,1,1,0,1,0,6,football_cif.y4m,30.3,29.988,0.501817,0.005335,0.0,176
1,0,1,0,0,1,1,0,0,0,1,0,8,5,0,football_cif.y4m,38.74,38.764,0.113049,0.006461,0.0,122
1,0,1,0,0,1,0,0,0,0,1,0,4,0,6,football_cif.y4m,35.84,35.792,0.100349,0.006743,0.0,30
1,1,1,0,1,0,0,1,0,0,0,0,2,0,6,football_cif.y4m,30.16,30.166,0.058566,0.005335,0.0,251
1,0,1,1,0,0,0,0,0,0,0,1,1,0,0,football_cif.y4m,41.04,41.026,0.16334,0.006178,0.0,120
1,0,1,1,0,0,0,0,0,0,0,1,2,15,6,football_cif.y4m,42.85,42.48,0.810463,0.006178,0.0,144
1,0,1,0,1,0,1,0,0,0,0,0,1,0,3,football_cif.y4m,17.64,17.64,0.031623,0.006397,0.0,265
1,1,1,0,1,0,0,1,0,0,1,0,2,0,6,football_cif.y4m,29.41,29.406,0.086197,0.005335,0.0,260
1,1,1,0,1,0,0,1,0,0,0,1,1,0,3,football_cif.y4m,30.92,30.724,0.487576,0.00534,0.0,78
1,0,1,0,1,0,0,0,0,0,1,1,8,15,3,football_cif.y4m,16.85,16.844,0.049295,0.006197,0.0,84
1,0,1,1,0,0,1,0,0,1,0,0,4,15,3,football_cif.y4m,45.82,45.384,0.741404,0.006403,0.0,296
1,0,1,0,0,1,0,0,0,0,0,1,2,5,6,football_cif.y4m,35.68,35.822,0.303101,0.006726,0.0,232
1,0,1,0,0,1,1,0,0,0,1,0,4,15,6,football_cif.y4m,39.82,39.892,0.194859,0.006461,0.0,213
1,1,1,0,1,0,0,1,0,0,1,1,8,15,3,football_cif.y4m,30.77,30.852,0.417217,0.005357,0.0,94
1,0,1,0,1,0,0,0,0,0,1,1,1,5,0,football_cif.y4m,16.8,16.922,0.347807,0.006197,0.0,178
1,0,1,1,0,0,1,0,0,1,0,0,4,0,0,football_cif.y4m,44.59,44.73,0.394905,0.006403,0.0,127
1,1,1,0,1,0,1,1,0,0,1,0,8,5,6,football_cif.y4m,29.91,30.0,0.295127,0.00531,0.0,111
1,0,1,0,1,0,0,0,0,0,0,1,1,0,6,football_cif.y4m,16.81,16.788,0.046043,0.006197,0.0,92
1,1,1,1,0,0,0,1,0,0,1,0,8,15,6,football_cif.y4m,72.84,72.788,0.196774,0.005339,0.0,54
1,0,1,0,0,1,0,0,0,0,0,1,2,15,0,football_cif.y4m,36.75,36.522,0.857595,0.006726,0.0,45
1,0,1,1,0,0,0,0,0,1,0,0,4,0,6,football_cif.y4m,41.59,41.664,0.177567,0.006178,0.0,226
1,1,1,1,0,0,1,1,0,1,0,0,8,5,0,football_cif.y4m,68.54,68.814,0.847101,0.005311,0.0,200
1,0,1,0,0,1,1,0,0,1,0,1,8,5,6,football_cif.y4m,39.2,39.114,0.794468,0.006469,0.0,59
1,1,1,0,1,0,1,0,1,0,0,1,2,0,0,football_cif.y4m,24.59,24.884,0.444949,0.005576,0.0,19
1,1,1,1,0,0,0,1,0,1,0,0,2,15,0,football_cif.y4m,71.95,71.786,0.317537,0.005332,0.0,47
1,1,1,0,1,0,1,1,0,0,0,1,4,5,6,football_cif.y4m,29.51,29.724,0.486189,0.005312,0.0,32
1,1,1,0,1,0,0,1,0,1,0,0,1,5,6,football_cif.y4m,30.53,30.732,0.435339,0.005352,0.0,170
1,0,1,0,0,1,0,0,0,1,1,0,1,15,0,football_cif.y4m,36.73,36.37,0.562894,0.006743,0.0,270
1,0,1,1,0,0,1,0,0,1,0,1,4,15,6,football_cif.y4m,47.67,47.798,0.290723,0.0064,0.0,207
1,1,1,0,1,0,0,1,0,1,1,1,1,5,6,football_cif.y4m,31.15,31.084,0.123207,0.005344,0.0,43
1,0,1,0,1,0,1,0,0,0,1,1,1,0,3,football_cif.y4m,17.58,17.624,0.075033,0.006396,0.0,40
1,1,1,0,1,0,0,1,0,0,1,1,1,5,3,football_cif.y4m,31.68,31.6,0.394905,0.005341,0.0,117
1,0,1,0,0,1,0,0,0,0,1,0,8,15,6,football_cif.y4m,35.8,35.794,0.122801,0.006743,0.0,253
1,0,1,1,0,0,0,0,0,1,0,0,1,15,3,football_cif.y4m,41.08,41.124,0.126214,0.006178,0.0,68
1,1,1,1,0,0,0,1,0,1,1,1,1,15,6,football_cif.y4m,71.15,71.546,1.113117,0.005336,0.0,186
1,1,1,0,1,0,1,1,0,0,0,1,8,15,3,football_cif.y4m,31.48,31.456,0.092898,0.00532,0.0,288
1,1,1,0,1,0,0,1,0,0,0,0,2,0,0,football_cif.y4m,30.33,30.284,0.08792,0.005335,0.0,15
1,0,1,1,0,0,0,0,0,0,1,1,2,15,3,football_cif.y4m,42.36,41.892,0.786683,0.006178,0.0,82
1,1,1,1,0,0,0,1,0,0,0,0,4,15,6,football_cif.y4m,72.5,72.476,0.080808,0.005339,0.0,211
1,0,1,0,1,0,1,0,0,1,1,1,8,15,6,football_cif.y4m,17.65,17.754,0.228101,0.006397,0.0,177
1,1,1,0,1,0,0,1,0,1,1,1,2,5,3,football_cif.y4m,32.94,32.908,0.093648,0.005352,0.0,210
1,0,1,1,0,0,0,0,0,1,1,1,2,0,3,football_cif.y4m,42.03,41.992,0.352378,0.006178,0.0,13
1,0,1,0,1,0,1,0,0,0,0,1,2,15,3,football_cif.y4m,17.95,17.848,0.232099,0.006396,0.0,228
1,0,1,0,1,0,1,0,0,1,1,0,4,5,3,football_cif.y4m,17.82,17.81,0.07874,0.006397,0.0,38
1,1,1,1,0,0,0,1,0,0,0,1,4,15,6,football_cif.y4m,73.14,72.404,1.13465,0.005336,0.0,29
1,1,1,1,0,0,1,0,1,1,0,0,8,0,0,football_cif.y4m,55.12,54.988,0.596213,0.005568,0.0,24
1,1,1,1,0,0,0,1,0,0,0,0,8,5,6,football_cif.y4m,72.44,72.824,1.053532,0.005339,0.0,293
1,1,1,1,0,0,0,1,0,0,1,0,2,5,6,football_cif.y4m,72.0,72.132,0.211943,0.005339,0.0,67
1,1,1,0,1,0,0,1,0,1,0,1,2,5,0,football_cif.y4m,32.03,32.182,0.325684,0.005335,0.0,199
1,0,1,0,0,1,1,0,0,1,1,0,8,15,3,football_cif.y4m,38.49,38.38,0.177623,0.006461,0.0,244
1,0,1,0,0,1,1,0,0,0,0,0,8,15,0,football_cif.y4m,38.5,38.488,0.120499,0.006461,0.0,80
1,1,1,1,0,0,1,1,0,1,1,1,2,0,3,football_cif.y4m,65.52,65.728,0.786556,0.005308,0.0,223
1,1,1,0,1,0,1,1,0,0,1,0,8,5,0,football_cif.y4m,29.74,30.172,0.749113,0.00532,0.0,121
1,0,1,1,0,0,1,0,0,0,0,0,8,5,3,football_cif.y4m,45.01,45.06,0.107935,0.006403,0.0,261
1,0,1,1,0,0,1,0,0,1,1,0,1,5,6,football_cif.y4m,44.77,44.832,0.429383,0.006403,0.0,156
1,1,1,1,0,0,0,1,0,0,1,0,4,15,3,football_cif.y4m,72.43,73.278,1.291015,0.00534,0.0,271
1,1,1,1,0,0,1,1,0,1,0,0,2,15,3,football_cif.y4m,72.13,70.966,1.695709,0.005312,0.0,9
1,1,1,1,0,0,1,1,0,1,0,1,1,0,0,football_cif.y4m,65.43,65.502,0.150566,0.005315,0.0,165
1,0,1,0,0,1,1,0,0,1,0,0,1,15,6,football_cif.y4m,38.37,38.796,0.714059,0.006461,0.0,126
1,0,1,1,0,0,1,0,0,1,1,1,8,5,0,football_cif.y4m,44.87,45.064,0.622037,0.006403,0.0,280
1,0,1,1,0,0,0,0,0,1,1,0,2,5,3,football_cif.y4m,42.6,42.038,0.824027,0.006178,0.0,172
1,0,1,0,1,0,1,0,0,0,0,0,1,15,6,football_cif.y4m,17.75,17.762,0.068337,0.006397,0.0,292
1,0,1,0,0,1,0,0,0,1,0,1,1,0,3,football_cif.y4m,35.68,35.682,0.138275,0.006726,0.0,179
1,0,1,0,0,1,1,0,0,1,0,1,2,0,3,football_cif.y4m,38.04,38.048,0.071903,0.006469,0.0,272
1,0,1,0,0,1,1,0,0,0,1,0,4,5,0,football_cif.y4m,38.53,38.85,0.980357,0.006461,0.0,105
1,0,1,0,1,0,0,0,0,0,0,0,1,0,3,football_cif.y4m,16.82,16.934,0.237655,0.006197,0.0,76
1,0,1,1,0,0,1,0,0,0,1,0,4,15,3,football_cif.y4m,44.67,44.636,0.151427,0.006403,0.0,197
1,1,1,1,0,0,1,1,0,0,1,0,1,15,0,football_cif.y4m,69.85,69.564,1.248311,0.005311,0.0,221
1,1,1,1,0,0,1,1,0,0,1,0,8,15,6,football_cif.y4m,74.66,75.03,0.817833,0.005309,0.0,167
1,1,1,0,1,0,0,1,0,1,0,1,4,15,6,football_cif.y4m,31.61,31.616,0.112827,0.005344,0.0,136
1,1,1,1,0,0,0,1,0,1,0,1,8,15,6,football_cif.y4m,76.52,76.786,0.857514,0.005336,0.0,243
1,0,1,0,1,0,0,0,0,1,0,1,8,15,6,football_cif.y4m,16.97,16.926,0.123004,0.006197,0.0,60
1,0,1,1,0,0,0,0,0,1,0,1,2,0,6,football_cif.y4m,42.06,42.022,0.177257,0.006178,0.0,110
1,1,1,1,0,0,1,1,0,1,0,0,1,15,6,football_cif.y4m,71.35,71.34,0.086603,0.005309,0.0,35
1,0,1,1,0,0,1,0,0,0,1,1,2,5,6,football_cif.y4m,45.86,45.666,0.506784,0.006403,0.0,235
1,0,1,1,0,0,0,0,0,1,0,0,1,0,3,football_cif.y4m,41.86,41.572,0.504153,0.006178,0.0,44
1,1,1,0,1,0,1,1,0,0,1,0,4,15,3,football_cif.y4m,29.84,30.176,0.625604,0.005313,0.0,256
1,0,1,0,0,1,0,0,0,0,1,1,8,0,0,football_cif.y4m,35.7,35.714,0.143108,0.006743,0.0,192
1,0,1,0,1,0,0,0,0,0,1,1,2,0,0,football_cif.y4m,18.04,18.034,0.043359,0.006197,0.0,41
1,0,1,1,0,0,0,0,0,0,1,0,4,5,0,football_cif.y4m,41.21,41.18,0.194551,0.006178,0.0,37
1,0,1,0,0,1,0,0,0,0,0,0,4,5,0,football_cif.y4m,35.95,36.074,0.313895,0.006743,0.0,26
1,1,1,1,0,0,0,1,0,0,0,0,1,0,3,football_cif.y4m,69.28,69.286,0.284394,0.005332,0.0,273
1,1,1,1,0,0,1,1,0,0,0,1,1,5,6,football_cif.y4m,67.75,67.632,0.3114,0.005318,0.0,233
1,1,1,0,1,0,1,1,0,0,1,1,8,0,0,football_cif.y4m,30.77,30.802,0.133116,0.005308,0.0,101
1,0,1,1,0,0,0,0,0,0,0,1,2,5,3,football_cif.y4m,43.66,43.778,0.259461,0.006178,0.0,39
1,1,1,0,1,0,0,1,0,0,0,1,1,15,0,football_cif.y4m,30.12,30.294,0.454621,0.005335,0.0,106
1,1,1,0,1,0,0,0,1,1,0,0,1,0,0,football_cif.y4m,24.91,25.04,0.239165,0.005384,0.0,242
1,1,1,1,0,0,1,1,0,0,1,0,2,15,0,football_cif.y4m,69.22,69.138,0.739236,0.005311,0.0,193
1,0,1,0,1,0,1,0,0,0,1,0,1,15,6,football_cif.y4m,18.05,17.878,0.293036,0.006397,0.0,103
1,1,1,0,1,0,0,1,0,1,1,1,8,5,6,football_cif.y4m,30.47,30.586,0.163493,0.005352,0.0,1
1,0,1,1,0,0,0,0,0,1,1,1,1,0,0,football_cif.y4m,40.87,40.928,0.085264,0.006178,0.0,61
1,1,1,1,0,0,0,0,1,0,0,0,2,0,0,football_cif.y4m,55.44,56.096,1.001963,0.005383,0.0,56
1,1,1,0,1,0,0,1,0,0,1,0,8,15,3,football_cif.y4m,32.71,32.714,0.029665,0.005357,0.0,148
1,0,1,0,1,0,0,0,0,1,0,1,2,5,0,football_cif.y4m,16.73,16.736,0.061482,0.006197,0.0,112
1,0,1,0,1,0,1,0,0,0,1,0,8,15,3,football_cif.y4m,17.66,17.714,0.171843,0.006397,0.0,300
1,0,1,0,1,0,0,0,0,1,1,0,4,15,0,football_cif.y4m,16.81,16.984,0.289102,0.006197,0.0,249
1,0,1,0,1,0,0,0,0,0,0,1,2,0,0,football_cif.y4m,16.89,17.31,0.720451,0.006197,0.0,20
1,1,1,1,0,0,1,1,0,1,0,1,1,5,0,football_cif.y4m,69.77,69.424,1.339526,0.005313,0.0,104
1,1,1,1,0,0,0,1,0,1,1,1,8,15,6,football_cif.y4m,72.38,72.442,0.241702,0.005339,0.0,131
1,0,1,1,0,0,0,0,0,0,0,0,2,0,3,football_cif.y4m,41.71,41.564,0.319108,0.006178,0.0,69
1,0,1,0,1,0,1,0,0,0,0,0,2,0,3,football_cif.y4m,18.03,17.948,0.200923,0.006397,0.0,220
1,1,1,1,0,0,1,1,0,1,1,1,8,15,6,football_cif.y4m,70.14,70.132,0.177398,0.005309,0.0,11
1,1,1,1,0,0,1,1,0,1,0,0,4,15,6,football_cif.y4m,73.24,72.67,1.74558,0.005309,0.0,258
1,0,1,0,1,0,1,0,0,0,0,0,2,15,3,football_cif.y4m,17.79,17.816,0.099146,0.006397,0.0,65
1,0,1,0,0,1,1,0,0,0,0,0,2,15,0,football_cif.y4m,38.4,38.692,0.610835,0.006461,0.0,160
1,0,1,0,0,1,1,0,0,0,0,0,8,0,0,football_cif.y4m,41.21,40.262,1.409723,0.006461,0.0,238
1,1,1,1,0,0,0,1,0,0,0,0,4,0,0,football_cif.y4m,74.59,74.984,1.075049,0.005332,0.0,57
1,1,1,0,1,0,0,1,0,1,0,1,2,0,0,football_cif.y4m,29.94,29.92,0.075166,0.00534,0.0,79
1,0,1,0,1,0,1,0,0,0,1,0,4,15,3,football_cif.y4m,17.69,17.66,0.065574,0.006397,0.0,224
1,1,1,0,1,0,0,1,0,1,0,0,2,0,3,football_cif.y4m,29.74,29.722,0.034928,0.005335,0.0,48
1,0,1,0,1,0,1,0,0,0,0,1,8,0,6,football_cif.y4m,18.22,18.098,0.466498,0.006396,0.0,173
1,1,1,1,0,0,1,1,0,0,1,1,1,0,0,football_cif.y4m,65.71,65.988,0.632511,0.005315,0.0,283
1,0,1,0,1,0,0,0,0,0,0,0,1,0,6,football_cif.y4m,16.91,17.082,0.283055,0.006197,0.0,190
1,0,1,0,1,0,1,0,0,1,1,1,4,0,6,football_cif.y4m,17.55,17.584,0.075366,0.006397,0.0,259
1,0,1,1,0,0,0,0,0,0,0,1,1,15,3,football_cif.y4m,40.99,41.078,0.330787,0.006178,0.0,7
1,0,1,0,0,1,0,0,0,0,0,1,2,5,0,football_cif.y4m,36.18,36.144,0.117175,0.006726,0.0,73
1,1,1,1,0,0,1,1,0,0,0,0,2,0,6,football_cif.y4m,66.93,66.45,0.79853,0.005308,0.0,63
1,0,1,0,0,1,1,0,0,1,1,0,2,15,3,football_cif.y4m,39.39,39.214,0.538312,0.006461,0.0,284
1,0,1,1,0,0,1,0,0,1,0,1,8,15,6,football_cif.y4m,45.83,45.392,0.691932,0.0064,0.0,250
1,1,1,0,1,0,0,1,0,0,0,0,2,5,0,football_cif.y4m,30.71,30.73,0.146116,0.005335,0.0,209
1,0,1,0,1,0,1,0,0,0,0,1,4,5,3,football_cif.y4m,18.1,17.906,0.287019,0.006396,0.0,138
1,1,1,1,0,0,0,0,1,1,1,0,1,0,0,football_cif.y4m,55.42,55.428,0.090388,0.005383,0.0,135
1,1,1,1,0,0,1,1,0,1,1,0,4,5,3,football_cif.y4m,69.33,69.206,0.371524,0.005311,0.0,264
1,1,1,1,0,0,0,1,0,1,1,0,2,0,6,football_cif.y4m,69.49,69.78,1.046184,0.005332,0.0,215
1,0,1,0,0,1,0,0,0,0,1,1,4,5,3,football_cif.y4m,35.7,35.718,0.129112,0.006743,0.0,50
1,0,1,1,0,0,0,0,0,1,1,0,4,0,6,football_cif.y4m,40.99,41.026,0.12502,0.006178,0.0,98
1,1,1,1,0,0,0,1,0,1,1,0,1,15,0,football_cif.y4m,76.5,76.944,0.897569,0.005332,0.0,140
1,1,1,1,0,0,0,1,0,0,1,1,1,0,3,football_cif.y4m,70.92,70.054,1.22251,0.005346,0.0,113
1,0,1,0,1,0,1,0,0,1,1,0,1,0,6,football_cif.y4m,18.03,17.966,0.189288,0.006397,0.0,3
1,0,1,0,0,1,0,0,0,1,1,1,8,0,0,football_cif.y4m,36.25,36.074,0.407222,0.006743,0.0,149
1,0,1,1,0,0,0,0,0,0,1,1,8,5,6,football_cif.y4m,41.08,41.61,0.753426,0.006178,0.0,153
1,1,1,1,0,0,1,1,0,1,1,0,2,15,6,football_cif.y4m,71.94,71.222,1.364119,0.005309,0.0,133
1,0,1,1,0,0,0,0,0,0,0,0,1,0,3,football_cif.y4m,41.18,41.162,0.151559,0.006178,0.0,191
1,1,1,0,1,0,0,1,0,1,0,1,1,0,6,football_cif.y4m,29.79,30.162,0.551607,0.00534,0.0,100
1,0,1,1,0,0,1,0,0,0,1,0,4,0,3,football_cif.y4m,46.54,45.864,1.054291,0.006403,0.0,85
1,0,1,0,0,1,1,0,0,0,0,0,2,0,3,football_cif.y4m,39.18,39.042,0.333572,0.006461,0.0,88
1,0,1,0,1,0,1,0,0,1,1,0,4,15,6,football_cif.y4m,17.78,17.794,0.04669,0.006397,0.0,31
1,0,1,0,0,1,1,0,0,0,0,0,4,5,3,football_cif.y4m,38.95,39.708,1.407523,0.006461,0.0,134
1,1,1,0,1,0,1,1,0,1,1,1,8,0,3,football_cif.y4m,28.78,29.084,0.477734,0.005308,0.0,147
1,1,1,1,0,0,0,1,0,0,1,1,4,15,6,football_cif.y4m,78.01,78.484,1.159797,0.005339,0.0,275
1,0,1,0,0,1,1,0,0,0,1,0,4,15,3,football_cif.y4m,38.34,38.428,0.204377,0.006461,0.0,143
1,1,1,0,1,0,1,1,0,1,0,0,1,5,6,football_cif.y4m,30.32,30.374,0.253239,0.00531,0.0,8
1,1,1,1,0,0,1,1,0,0,1,1,4,5,3,football_cif.y4m,69.1,68.988,0.297271,0.005311,0.0,216
1,0,1,1,0,0,1,0,0,1,0,0,1,0,3,football_cif.y4m,45.97,45.7,0.706859,0.006403,0.0,214
1,0,1,0,0,1,0,0,0,0,0,0,1,5,0,football_cif.y4m,35.67,36.148,0.705812,0.006743,0.0,17
1,0,1,0,0,1,1,0,0,0,0,0,1,5,0,football_cif.y4m,39.28,38.988,0.537466,0.006461,0.0,206
1,0,1,0,1,0,0,0,0,1,1,1,8,15,0,football_cif.y4m,17.49,17.376,0.329439,0.006197,0.0,36
1,1,1,0,1,0,1,1,0,0,0,0,4,15,3,football_cif.y4m,29.75,29.874,0.397089,0.005313,0.0,6
1,0,1,1,0,0,1,0,0,0,0,1,1,0,6,football_cif.y4m,48.05,48.092,0.494944,0.0064,0.0,5
1,0,1,1,0,0,1,0,0,0,0,0,8,15,6,football_cif.y4m,45.26,45.178,0.211589,0.006403,0.0,164
1,0,1,0,0,1,0,0,0,1,0,0,8,0,6,football_cif.y4m,35.8,35.77,0.117047,0.006743,0.0,97
1,0,1,1,0,0,0,0,0,0,1,0,2,5,3,football_cif.y4m,41.11,41.386,0.646436,0.006178,0.0,236
1,1,1,0,1,0,1,1,0,0,0,0,8,5,0,football_cif.y4m,29.66,30.088,0.736016,0.00532,0.0,71
1,1,1,0,1,0,1,1,0,1,0,1,2,0,3,football_cif.y4m,28.67,29.152,0.932186,0.005322,0.0,295
1,0,1,1,0,0,1,0,0,1,1,0,8,5,3,football_cif.y4m,44.75,44.84,0.23076,0.006403,0.0,286
1,0,1,0,1,0,0,0,0,0,0,1,1,5,0,football_cif.y4m,16.7,16.736,0.086487,0.006197,0.0,34
1,0,1,0,1,0,1,0,0,1,1,1,1,5,3,football_cif.y4m,17.64,17.626,0.056833,0.006396,0.0,240
1,0,1,0,0,1,1,0,0,0,0,1,4,15,3,football_cif.y4m,37.99,38.31,0.486467,0.006469,0.0,18
1,0,1,0,1,0,0,0,0,0,1,0,8,0,6,football_cif.y4m,16.99,17.006,0.051769,0.006197,0.0,102
1,1,1,1,0,0,1,0,1,0,1,0,4,0,0,football_cif.y4m,58.06,57.976,0.219613,0.005568,0.0,51
1,1,1,1,0,0,1,1,0,0,0,1,4,15,6,football_cif.y4m,67.93,67.942,0.131795,0.00531,0.0,282
1,0,1,0,1,0,1,0,0,1,1,1,1,0,3,football_cif.y4m,18.17,18.06,0.287054,0.006396,0.0,77
1,0,1,1,0,0,1,0,0,0,1,0,2,0,3,football_cif.y4m,45.68,45.66,0.087178,0.006403,0.0,128
1,1,1,0,1,0,1,1,0,0,0,0,2,5,3,football_cif.y4m,31.97,31.95,0.075166,0.005309,0.0,234
1,0,1,1,0,0,0,0,0,0,1,1,1,0,0,football_cif.y4m,42.38,42.09,0.636946,0.006178,0.0,252
1,0,1,1,0,0,1,0,0,0,0,1,4,0,3,football_cif.y4m,44.65,44.658,0.100598,0.0064,0.0,28
1,0,1,0,0,1,1,0,0,1,1,1,8,15,3,football_cif.y4m,38.31,38.33,0.122678,0.006461,0.0,139
1,0,1,0,0,1,0,0,0,0,0,1,1,5,0,football_cif.y4m,38.29,38.208,0.165288,0.006726,0.0,158
1,1,1,0,1,0,1,1,0,1,0,1,8,5,3,football_cif.y4m,29.41,29.408,0.055408,0.005314,0.0,152
1,0,1,1,0,0,1,0,0,1,0,0,2,0,6,football_cif.y4m,44.74,44.994,0.631411,0.006403,0.0,12
1,1,1,0,1,0,0,1,0,0,0,1,4,15,3,football_cif.y4m,32.06,31.702,0.546049,0.005343,0.0,294
1,1,1,0,1,0,0,1,0,0,0,1,8,15,3,football_cif.y4m,31.26,31.242,0.124378,0.005343,0.0,154
1,1,1,1,0,0,0,1,0,1,0,0,2,15,6,football_cif.y4m,72.47,72.368,0.277975,0.005339,0.0,157
1,0,1,1,0,0,1,0,0,1,1,1,2,0,3,football_cif.y4m,45.05,45.088,0.114761,0.006403,0.0,150
1,1,1,0,1,0,1,1,0,0,1,0,8,0,6,football_cif.y4m,28.72,28.712,0.141845,0.005308,0.0,287
1,0,1,0,1,0,0,0,0,1,1,0,1,0,3,football_cif.y4m,16.8,16.814,0.058138,0.006197,0.0,297
1,0,1,0,0,1,0,0,0,1,1,0,8,15,0,football_cif.y4m,36.69,36.33,0.598122,0.006743,0.0,263
1,1,1,0,1,0,0,1,0,1,1,1,1,5,3,football_cif.y4m,31.63,32.392,1.323242,0.005341,0.0,255
1,0,1,1,0,0,0,0,0,1,1,0,8,15,3,football_cif.y4m,41.07,41.07,0.172192,0.006178,0.0,115
1,0,1,0,0,1,1,0,0,1,0,1,4,15,3,football_cif.y4m,38.32,38.416,0.664251,0.006469,0.0,188
1,0,1,0,0,1,1,0,0,0,0,1,8,0,6,football_cif.y4m,38.22,38.198,0.114105,0.006469,0.0,212
1,0,1,1,0,0,1,0,0,0,0,1,1,15,3,football_cif.y4m,45.13,45.066,0.130499,0.0064,0.0,195
1,0,1,0,1,0,0,0,0,0,1,1,2,15,0,football_cif.y4m,17.32,17.124,0.301214,0.006197,0.0,119
1,0,1,1,0,0,0,0,0,1,0,1,4,15,0,football_cif.y4m,41.29,41.344,0.105736,0.006178,0.0,58
1,0,1,0,1,0,1,0,0,1,0,1,4,0,6,football_cif.y4m,17.6,17.606,0.053666,0.006396,0.0,277
1,0,1,0,1,0,1,0,0,0,1,1,4,5,6,football_cif.y4m,17.55,17.578,0.08228,0.006397,0.0,64
1,1,1,0,1,0,1,1,0,1,0,0,2,0,0,football_cif.y4m,28.78,28.74,0.059582,0.005308,0.0,285
1,1,1,0,1,0,1,1,0,1,0,0,4,0,0,football_cif.y4m,28.73,28.744,0.082341,0.005308,0.0,290
1,0,1,1,0,0,0,0,0,1,0,1,8,5,6,football_cif.y4m,43.84,43.874,0.08735,0.006178,0.0,196
1,1,1,1,0,0,1,0,1,1,1,1,1,0,0,football_cif.y4m,53.81,53.754,0.148762,0.005564,0.0,93
1,0,1,1,0,0,1,0,0,0,1,1,4,5,6,football_cif.y4m,44.76,44.756,0.193727,0.006403,0.0,299
1,0,1,1,0,0,0,0,0,1,0,0,2,5,0,football_cif.y4m,43.99,44.044,0.138672,0.006178,0.0,125
1,1,1,0,1,0,0,1,0,1,0,1,2,15,6,football_cif.y4m,31.33,31.328,0.057184,0.005344,0.0,21
1,0,1,0,1,0,0,0,0,1,0,1,2,0,0,football_cif.y4m,16.74,16.842,0.16769,0.006197,0.0,225
1,0,1,0,1,0,0,0,0,1,0,0,2,5,0,foreman_cif.y4m,19.92,19.914,0.055498,0.004941,0.0,114
1,1,1,1,0,0,0,0,1,0,0,1,1,0,0,foreman_cif.y4m,63.84,63.802,0.159437,0.004712,0.0,281
1,1,1,1,0,0,0,1,0,1,1,0,2,5,0,foreman_cif.y4m,89.02,89.008,0.186467,0.004685,0.0,49
1,0,1,0,0,1,1,0,0,0,0,0,2,15,6,foreman_cif.y4m,49.28,49.27,0.028284,0.005162,0.0,194
1,0,1,1,0,0,0,0,0,0,0,0,2,0,6,foreman_cif.y4m,49.42,49.344,0.153721,0.004904,0.0,62
1,1,1,0,1,0,0,1,0,1,1,1,1,15,3,foreman_cif.y4m,38.38,38.388,0.022804,0.004688,0.0,91
1,0,1,0,0,1,1,0,0,0,0,0,4,0,6,foreman_cif.y4m,48.47,48.408,0.113886,0.005162,0.0,107
1,0,1,1,0,0,1,0,0,0,0,1,4,5,3,foreman_cif.y4m,56.23,56.29,0.187483,0.005161,0.0,181
1,0,1,0,1,0,1,0,0,0,0,0,4,5,0,foreman_cif.y4m,23.21,23.208,0.060581,0.00516,0.0,247
1,0,1,1,0,0,0,0,0,1,1,0,4,5,3,foreman_cif.y4m,50.11,50.094,0.151921,0.004904,0.0,166
1,0,1,0,0,1,0,0,0,0,1,1,4,0,0,foreman_cif.y4m,43.45,43.426,0.127004,0.005304,0.0,25
1,1,1,0,1,0,0,1,0,0,0,1,8,0,6,foreman_cif.y4m,36.68,36.682,0.093381,0.004684,0.0,203
1,1,1,1,0,0,1,1,0,1,1,1,4,5,6,foreman_cif.y4m,89.38,89.434,0.122393,0.004142,0.0,219
1,0,1,0,0,1,0,0,0,0,0,0,4,15,0,foreman_cif.y4m,42.59,42.722,0.20969,0.005304,0.0,162
1,0,1,1,0,0,1,0,0,0,1,0,4,15,6,foreman_cif.y4m,56.52,56.616,0.14639,0.005162,0.0,182
1,0,1,0,0,1,0,0,0,1,1,0,1,15,6,foreman_cif.y4m,43.32,43.292,0.054498,0.005304,0.0,10
1,1,1,1,0,0,1,1,0,1,1,1,2,15,0,foreman_cif.y4m,86.37,86.398,0.183766,0.004205,0.0,14
1,1,1,1,0,0,0,1,0,0,0,1,1,0,6,foreman_cif.y4m,85.61,85.656,0.097622,0.004688,0.0,89
1,1,1,1,0,0,0,1,0,1,1,1,1,5,0,foreman_cif.y4m,88.88,88.862,0.111669,0.004688,0.0,116
1,0,1,1,0,0,0,0,0,0,1,1,4,15,3,foreman_cif.y4m,49.45,49.382,0.135167,0.004904,0.0,217
1,1,1,0,1,0,0,1,0,0,1,0,1,0,0,foreman_cif.y4m,37.09,37.146,0.134648,0.004684,0.0,75
1,1,1,0,1,0,0,1,0,1,1,1,2,15,6,foreman_cif.y4m,39.46,39.432,0.113886,0.004699,0.0,266
1,0,1,1,0,0,1,0,0,0,1,1,4,15,3,foreman_cif.y4m,57.51,57.566,0.145362,0.005162,0.0,268
1,0,1,0,1,0,1,0,0,1,1,1,4,15,3,foreman_cif.y4m,23.63,23.62,0.07,0.00516,0.0,187
1,0,1,0,0,1,1,0,0,0,1,0,8,15,3,foreman_cif.y4m,49.07,49.118,0.155145,0.005162,0.0,161
1,0,1,0,1,0,1,0,0,0,1,0,2,0,6,foreman_cif.y4m,23.59,23.572,0.026833,0.00516,0.0,23
1,1,1,1,0,0,0,1,0,1,1,0,2,5,6,foreman_cif.y4m,91.69,91.552,0.256554,0.004691,0.0,2
1,1,1,1,0,0,1,0,1,1,0,1,2,0,0,foreman_cif.y4m,59.38,59.3,0.21272,0.004439,0.0,16
1,0,1,1,0,0,0,0,0,1,1,1,8,15,0,foreman_cif.y4m,50.04,50.028,0.140606,0.004904,0.0,262
1,1,1,1,0,0,0,1,0,1,1,0,4,5,0,foreman_cif.y4m,88.92,89.022,0.186601,0.004685,0.0,66
1,0,1,1,0,0,0,0,0,1,0,0,2,0,0,foreman_cif.y4m,50.2,50.15,0.119164,0.004904,0.0,86
1,0,1,0,1,0,1,0,0,0,1,0,2,5,6,foreman_cif.y4m,23.58,23.594,0.103344,0.00516,0.0,231
1,0,1,0,1,0,0,0,0,0,0,0,4,5,0,foreman_cif.y4m,19.91,19.894,0.064653,0.004941,0.0,269
1,1,1,0,1,0,1,1,0,0,1,0,1,5,0,foreman_cif.y4m,36.26,36.318,0.101341,0.004221,0.0,180
1,0,1,0,0,1,0,0,0,0,1,0,4,5,6,foreman_cif.y4m,43.41,43.462,0.125579,0.005304,0.0,274
1,1,1,1,0,0,0,1,0,1,1,0,2,15,6,foreman_cif.y4m,93.28,93.34,0.211542,0.004698,0.0,184
1,0,1,0,0,1,1,0,0,0,0,1,4,5,0,foreman_cif.y4m,48.74,48.716,0.17358,0.005169,0.0,118
1,1,1,1,0,0,0,1,0,0,0,0,1,0,6,foreman_cif.y4m,87.48,87.482,0.23795,0.004685,0.0,254
1,0,1,1,0,0,1,0,0,0,1,1,4,5,0,foreman_cif.y4m,57.71,57.652,0.231128,0.005162,0.0,208
1,0,1,0,0,1,1,0,0,1,1,0,4,5,6,foreman_cif.y4m,49.05,49.126,0.175014,0.005162,0.0,279
1,1,1,1,0,0,0,1,0,0,1,1,4,15,3,foreman_cif.y4m,92.32,92.308,0.229717,0.004694,0.0,229
1,0,1,0,0,1,1,0,0,1,1,1,1,0,0,foreman_cif.y4m,48.73,48.774,0.177003,0.005169,0.0,46
1,0,1,0,0,1,0,0,0,1,1,1,4,5,6,foreman_cif.y4m,43.46,43.46,0.104163,0.005304,0.0,171
1,1,1,1,0,0,0,1,0,0,1,0,2,5,0,foreman_cif.y4m,87.37,87.436,0.202188,0.004685,0.0,99
1,0,1,0,0,1,0,0,0,0,0,0,8,0,0,foreman_cif.y4m,43.36,43.456,0.177426,0.005304,0.0,81
1,1,1,1,0,0,1,1,0,1,0,1,8,5,0,foreman_cif.y4m,87.21,87.22,0.30025,0.004218,0.0,155
1,0,1,0,1,0,0,0,0,1,0,1,1,15,6,foreman_cif.y4m,19.94,19.896,0.065803,0.004928,0.0,96
1,1,1,1,0,0,0,1,0,1,1,1,8,0,0,foreman_cif.y4m,87.34,87.408,0.180748,0.004685,0.0,218
1,1,1,1,0,0,1,1,0,1,1,0,8,0,6,foreman_cif.y4m,86.1,86.082,0.081056,0.0042,0.0,53
1,1,1,0,1,0,1,0,1,0,0,0,2,0,0,foreman_cif.y4m,25.54,25.54,0.097211,0.004428,0.0,109
1,0,1,0,1,0,0,0,0,0,1,0,4,5,6,foreman_cif.y4m,19.94,19.924,0.042778,0.004941,0.0,185
1,1,1,1,0,0,0,1,0,0,1,1,2,0,0,foreman_cif.y4m,87.66,87.62,0.163248,0.004685,0.0,239
1,0,1,1,0,0,0,0,0,0,0,1,2,0,0,foreman_cif.y4m,49.99,49.992,0.122556,0.004933,0.0,276
1,0,1,1,0,0,1,0,0,0,0,1,4,0,6,foreman_cif.y4m,57.11,57.168,0.213705,0.005161,0.0,257
1,0,1,0,0,1,0,0,0,1,1,0,1,5,0,foreman_cif.y4m,43.42,43.428,0.113446,0.005304,0.0,42
1,1,1,0,1,0,1,1,0,0,0,0,2,15,3,foreman_cif.y4m,37.87,37.848,0.113004,0.004135,0.0,204
1,0,1,1,0,0,1,0,0,1,0,1,2,15,6,foreman_cif.y4m,57.16,57.156,0.134648,0.005161,0.0,145
1,0,1,0,1,0,0,0,0,0,0,0,2,0,3,foreman_cif.y4m,19.85,19.87,0.073144,0.004941,0.0,246
1,1,1,1,0,0,0,1,0,0,1,1,8,0,0,foreman_cif.y4m,87.58,87.604,0.095289,0.004685,0.0,202
1,1,1,0,1,0,0,1,0,1,0,0,2,5,3,foreman_cif.y4m,38.81,38.76,0.096177,0.004681,0.0,70
1,0,1,0,1,0,0,0,0,0,1,0,1,5,3,foreman_cif.y4m,19.85,19.868,0.049193,0.004941,0.0,230
1,0,1,0,1,0,1,0,0,0,0,0,4,15,6,foreman_cif.y4m,23.67,23.634,0.063482,0.00516,0.0,267
1,1,1,1,0,0,1,1,0,0,0,1,8,5,3,foreman_cif.y4m,88.5,88.558,0.213939,0.004145,0.0,146
1,0,1,0,1,0,1,0,0,0,0,1,2,15,0,foreman_cif.y4m,23.59,23.57,0.05831,0.005165,0.0,27
1,0,1,0,1,0,1,0,0,0,1,1,8,0,3,foreman_cif.y4m,23.61,23.592,0.044385,0.00516,0.0,137
1,1,1,1,0,0,0,1,0,0,1,1,2,15,0,foreman_cif.y4m,88.98,88.934,0.280143,0.004685,0.0,189
1,1,1,0,1,0,1,1,0,1,0,0,4,15,0,foreman_cif.y4m,36.3,36.28,0.098234,0.004221,0.0,132
1,1,1,1,0,0,0,0,1,1,0,1,8,0,0,foreman_cif.y4m,63.84,63.832,0.10895,0.004712,0.0,169
1,0,1,0,0,1,0,0,0,0,0,0,1,5,6,foreman_cif.y4m,43.4,43.486,0.181879,0.005304,0.0,33
1,0,1,1,0,0,0,0,0,0,1,1,8,15,0,foreman_cif.y4m,50.29,50.294,0.08961,0.004904,0.0,205
1,0,1,1,0,0,0,0,0,1,0,1,2,0,0,foreman_cif.y4m,49.95,49.956,0.115888,0.004933,0.0,245
1,1,1,0,1,0,1,1,0,0,1,1,1,15,0,foreman_cif.y4m,37.26,37.212,0.087293,0.004215,0.0,298
1,0,1,1,0,0,1,0,0,1,1,0,2,5,6,foreman_cif.y4m,57.66,57.624,0.188229,0.005162,0.0,163
1,1,1,1,0,0,0,1,0,0,0,0,1,5,0,foreman_cif.y4m,89.1,89.09,0.178606,0.004685,0.0,123
1,0,1,0,0,1,1,0,0,1,0,0,4,15,0,foreman_cif.y4m,49.22,49.164,0.154855,0.005162,0.0,4
1,0,1,0,0,1,1,0,0,1,1,0,8,5,6,foreman_cif.y4m,48.29,48.292,0.165741,0.005162,0.0,141
1,1,1,0,1,0,0,1,0,1,0,0,8,5,6,foreman_cif.y4m,38.3,38.328,0.05933,0.004689,0.0,129
1,1,1,0,1,0,1,1,0,1,1,0,4,5,3,foreman_cif.y4m,37.87,37.87,0.064807,0.004161,0.0,159
1,0,1,0,0,1,1,0,0,1,0,0,1,0,0,foreman_cif.y4m,48.32,48.354,0.152905,0.005162,0.0,22
1,0,1,0,0,1,0,0,0,1,0,1,2,0,6,foreman_cif.y4m,42.43,42.494,0.202805,0.005307,0.0,175
1,1,1,1,0,0,0,1,0,1,1,1,8,5,6,foreman_cif.y4m,91.63,91.59,0.333766,0.004691,0.0,151
1,1,1,0,1,0,0,1,0,0,1,0,2,5,0,foreman_cif.y4m,37.54,37.538,0.104259,0.004684,0.0,52
1,0,1,0,0,1,0,0,0,0,0,1,4,0,3,foreman_cif.y4m,43.22,43.128,0.155306,0.005307,0.0,108
1,0,1,0,1,0,1,0,0,0,0,1,8,15,0,foreman_cif.y4m,23.59,23.63,0.094074,0.005165,0.0,72
1,0,1,1,0,0,1,0,0,1,1,0,8,0,6,foreman_cif.y4m,57.53,57.526,0.096333,0.005162,0.0,248
1,1,1,1,0,0,1,1,0,1,1,0,8,5,6,foreman_cif.y4m,89.35,89.48,0.241868,0.004142,0.0,174
1,0,1,1,0,0,1,0,0,1,1,1,8,0,3,foreman_cif.y4m,56.69,56.7,0.09,0.005162,0.0,130
1,1,1,0,1,0,1,1,0,1,1,1,8,15,0,foreman_cif.y4m,36.37,36.336,0.075366,0.004221,0.0,168
1,0,1,0,0,1,1,0,0,1,0,1,8,0,6,foreman_cif.y4m,48.85,48.882,0.142021,0.005169,0.0,198
1,0,1,0,0,1,1,0,0,1,1,0,1,0,3,foreman_cif.y4m,49.05,49.13,0.186682,0.005162,0.0,83
1,1,1,1,0,0,1,1,0,0,1,0,1,0,3,foreman_cif.y4m,86.35,86.244,0.175442,0.0042,0.0,291
1,0,1,0,1,0,0,0,0,1,1,0,1,0,6,foreman_cif.y4m,19.88,19.884,0.047223,0.004941,0.0,237
1,0,1,0,0,1,0,0,0,1,1,1,2,15,3,foreman_cif.y4m,42.75,42.782,0.12518,0.005304,0.0,90
1,1,1,1,0,0,1,1,0,0,0,1,1,15,0,foreman_cif.y4m,87.18,87.134,0.256281,0.004218,0.0,87
1,0,1,1,0,0,1,0,0,1,0,0,1,5,0,foreman_cif.y4m,57.67,57.704,0.110815,0.005162,0.0,74
1,0,1,0,0,1,0,0,0,1,0,0,2,0,3,foreman_cif.y4m,43.38,43.422,0.15975,0.005304,0.0,201
1,0,1,0,1,0,0,0,0,1,0,1,1,0,0,foreman_cif.y4m,19.9,19.92,0.073824,0.004928,0.0,183
1,0,1,1,0,0,0,0,0,0,0,0,4,0,6,foreman_cif.y4m,50.1,50.172,0.113446,0.004904,0.0,227
1,1,1,0,1,0,1,1,0,0,0,0,1,15,6,foreman_cif.y4m,37.91,37.908,0.071554,0.0041,0.0,222
1,0,1,0,0,1,0,0,0,0,1,0,8,0,6,foreman_cif.y4m,43.42,43.446,0.095289,0.005304,0.0,55
1,0,1,1,0,0,0,0,0,0,1,1,2,5,0,foreman_cif.y4m,50.12,50.152,0.153199,0.004904,0.0,142
1,0,1,1,0,0,1,0,0,1,0,1,1,5,6,foreman_cif.y4m,57.25,57.218,0.076616,0.005161,0.0,124
1,0,1,1,0,0,1,0,0,0,0,0,8,0,0,foreman_cif.y4m,57.78,57.7,0.126293,0.005162,0.0,95
1,0,1,1,0,0,1,0,0,1,0,0,2,15,0,foreman_cif.y4m,57.58,57.628,0.189394,0.005162,0.0,241
1,0,1,0,1,0,0,0,0,0,1,1,1,5,3,foreman_cif.y4m,19.69,19.66,0.062048,0.004928,0.0,289
1,0,1,1,0,0,1,0,0,1,1,0,1,5,0,foreman_cif.y4m,57.53,57.656,0.224121,0.005162,0.0,278
1,1,1,0,1,0,0,1,0,1,1,0,1,0,6,foreman_cif.y4m,37.67,37.724,0.156461,0.004684,0.0,176
1,0,1,0,0,1,1,0,0,0,1,0,8,5,0,foreman_cif.y4m,49.25,49.26,0.073485,0.005162,0.0,122
1,0,1,0,0,1,0,0,0,0,1,0,4,0,6,foreman_cif.y4m,43.45,43.45,0.148661,0.005304,0.0,30
1,1,1,0,1,0,0,1,0,0,0,0,2,0,6,foreman_cif.y4m,37.66,37.678,0.066483,0.004684,0.0,251
1,0,1,1,0,0,0,0,0,0,0,1,1,0,0,foreman_cif.y4m,49.97,49.934,0.116748,0.004933,0.0,120
1,0,1,1,0,0,0,0,0,0,0,1,2,15,6,foreman_cif.y4m,50.07,50.06,0.113137,0.004933,0.0,144
1,0,1,0,1,0,1,0,0,0,0,0,1,0,3,foreman_cif.y4m,23.7,23.67,0.055678,0.00516,0.0,265
1,1,1,0,1,0,0,1,0,0,1,0,2,0,6,foreman_cif.y4m,37.19,37.13,0.101735,0.004684,0.0,260
1,1,1,0,1,0,0,1,0,0,0,1,1,0,3,foreman_cif.y4m,37.3,37.266,0.097108,0.004684,0.0,78
1,0,1,0,1,0,0,0,0,0,1,1,8,15,3,foreman_cif.y4m,19.94,19.948,0.047645,0.004941,0.0,84
1,0,1,1,0,0,1,0,0,1,0,0,4,15,3,foreman_cif.y4m,57.53,57.64,0.199249,0.005162,0.0,296
1,0,1,0,0,1,0,0,0,0,0,1,2,5,6,foreman_cif.y4m,43.42,43.36,0.181246,0.005307,0.0,232
1,0,1,0,0,1,1,0,0,0,1,0,4,15,6,foreman_cif.y4m,49.05,49.06,0.066708,0.005162,0.0,213
1,1,1,0,1,0,0,1,0,0,1,1,8,15,3,foreman_cif.y4m,38.56,38.594,0.072664,0.004693,0.0,94
1,0,1,0,1,0,0,0,0,0,1,1,1,5,0,foreman_cif.y4m,19.88,19.9,0.063246,0.004928,0.0,178
1,0,1,1,0,0,1,0,0,1,0,0,4,0,0,foreman_cif.y4m,57.47,57.466,0.135388,0.005162,0.0,127
1,1,1,0,1,0,1,1,0,0,1,0,8,5,6,foreman_cif.y4m,36.23,36.246,0.035071,0.004156,0.0,111
1,0,1,0,1,0,0,0,0,0,0,1,1,0,6,foreman_cif.y4m,19.56,19.582,0.067602,0.004928,0.0,92
1,1,1,1,0,0,0,1,0,0,1,0,8,15,6,foreman_cif.y4m,93.43,93.43,0.152971,0.004698,0.0,54
1,0,1,0,0,1,0,0,0,0,0,1,2,15,0,foreman_cif.y4m,42.52,42.562,0.141845,0.005307,0.0,45
1,0,1,1,0,0,0,0,0,1,0,0,4,0,6,foreman_cif.y4m,50.15,50.09,0.16171,0.004904,0.0,226
1,1,1,1,0,0,1,1,0,1,0,0,8,5,0,foreman_cif.y4m,86.25,86.324,0.321061,0.004205,0.0,200
1,0,1,0,0,1,1,0,0,1,0,1,8,5,6,foreman_cif.y4m,48.83,48.784,0.12661,0.005169,0.0,59
1,1,1,0,1,0,1,0,1,0,0,1,2,0,0,foreman_cif.y4m,25.19,25.21,0.062849,0.004436,0.0,19
1,1,1,1,0,0,0,1,0,1,0,0,2,15,0,foreman_cif.y4m,88.82,88.9,0.311528,0.004685,0.0,47
1,1,1,0,1,0,1,1,0,0,0,1,4,5,6,foreman_cif.y4m,35.57,35.56,0.055678,0.004136,0.0,32
1,1,1,0,1,0,0,1,0,1,0,0,1,5,6,foreman_cif.y4m,37.7,37.712,0.055857,0.004689,0.0,170
1,0,1,0,0,1,0,0,0,1,1,0,1,15,0,foreman_cif.y4m,43.6,43.57,0.077782,0.005304,0.0,270
1,0,1,1,0,0,1,0,0,1,0,1,4,15,6,foreman_cif.y4m,57.25,57.202,0.135167,0.005161,0.0,207
1,1,1,0,1,0,0,1,0,1,1,1,1,5,6,foreman_cif.y4m,37.16,37.168,0.013038,0.004685,0.0,43
1,0,1,0,1,0,1,0,0,0,1,1,1,0,3,foreman_cif.y4m,23.63,23.594,0.075033,0.005165,0.0,40
1,1,1,0,1,0,0,1,0,0,1,1,1,5,3,foreman_cif.y4m,37.29,37.284,0.108995,0.004683,0.0,117
1,0,1,0,0,1,0,0,0,0,1,0,8,15,6,foreman_cif.y4m,42.91,42.824,0.17358,0.005304,0.0,253
1,0,1,1,0,0,0,0,0,1,0,0,1,15,3,foreman_cif.y4m,50.13,50.094,0.08792,0.004904,0.0,68
1,1,1,1,0,0,0,1,0,1,1,1,1,15,6,foreman_cif.y4m,93.49,93.49,0.194679,0.004697,0.0,186
1,1,1,0,1,0,1,1,0,0,0,1,8,15,3,foreman_cif.y4m,38.22,38.2,0.123491,0.004119,0.0,288
1,1,1,0,1,0,0,1,0,0,0,0,2,0,0,foreman_cif.y4m,37.06,37.112,0.118828,0.004684,0.0,15
1,0,1,1,0,0,0,0,0,0,1,1,2,15,3,foreman_cif.y4m,50.11,50.162,0.221292,0.004904,0.0,82
1,1,1,1,0,0,0,1,0,0,0,0,4,15,6,foreman_cif.y4m,91.84,91.8,0.248697,0.004698,0.0,211
1,0,1,0,1,0,1,0,0,1,1,1,8,15,6,foreman_cif.y4m,23.65,23.65,0.060415,0.00516,0.0,177
1,1,1,0,1,0,0,1,0,1,1,1,2,5,3,foreman_cif.y4m,38.76,38.744,0.059833,0.004681,0.0,210
1,0,1,1,0,0,0,0,0,1,1,1,2,0,3,foreman_cif.y4m,50.13,50.144,0.071624,0.004904,0.0,13
1,0,1,0,1,0,1,0,0,0,0,1,2,15,3,foreman_cif.y4m,23.55,23.542,0.034205,0.005165,0.0,228
1,0,1,0,1,0,1,0,0,1,1,0,4,5,3,foreman_cif.y4m,23.67,23.688,0.067971,0.00516,0.0,38
1,1,1,1,0,0,0,1,0,0,0,1,4,15,6,foreman_cif.y4m,93.39,93.378,0.177961,0.004697,0.0,29
1,1,1,1,0,0,1,0,1,1,0,0,8,0,0,foreman_cif.y4m,59.31,59.34,0.183984,0.004427,0.0,24
1,1,1,1,0,0,0,1,0,0,0,0,8,5,6,foreman_cif.y4m,90.02,90.066,0.218014,0.004691,0.0,293
1,1,1,1,0,0,0,1,0,0,1,0,2,5,6,foreman_cif.y4m,91.35,91.364,0.114804,0.004691,0.0,67
1,1,1,0,1,0,0,1,0,1,0,1,2,5,0,foreman_cif.y4m,37.51,37.472,0.134611,0.004687,0.0,199
1,0,1,0,0,1,1,0,0,1,1,0,8,15,3,foreman_cif.y4m,49.24,49.224,0.133529,0.005162,0.0,244
1,0,1,0,0,1,1,0,0,0,0,0,8,15,0,foreman_cif.y4m,49.31,49.292,0.143248,0.005162,0.0,80
1,1,1,1,0,0,1,1,0,1,1,1,2,0,3,foreman_cif.y4m,86.3,86.184,0.217094,0.0042,0.0,223
1,1,1,0,1,0,1,1,0,0,1,0,8,5,0,foreman_cif.y4m,36.39,36.372,0.105688,0.004221,0.0,121
1,0,1,1,0,0,1,0,0,0,0,0,8,5,3,foreman_cif.y4m,57.78,57.704,0.183521,0.005162,0.0,261
1,0,1,1,0,0,1,0,0,1,1,0,1,5,6,foreman_cif.y4m,57.55,57.552,0.158335,0.005162,0.0,156
1,1,1,1,0,0,0,1,0,0,1,0,4,15,3,foreman_cif.y4m,90.78,90.7,0.238118,0.004694,0.0,271
1,1,1,1,0,0,1,1,0,1,0,0,2,15,3,foreman_cif.y4m,88.63,88.606,0.212438,0.004113,0.0,9
1,1,1,1,0,0,1,1,0,1,0,1,1,0,0,foreman_cif.y4m,85.79,85.764,0.161338,0.004218,0.0,165
1,0,1,0,0,1,1,0,0,1,0,0,1,15,6,foreman_cif.y4m,49.32,49.248,0.128919,0.005162,0.0,126
1,0,1,1,0,0,1,0,0,1,1,1,8,5,0,foreman_cif.y4m,57.6,57.598,0.18727,0.005162,0.0,280
1,0,1,1,0,0,0,0,0,1,1,0,2,5,3,foreman_cif.y4m,50.24,50.164,0.169941,0.004904,0.0,172
1,0,1,0,1,0,1,0,0,0,0,0,1,15,6,foreman_cif.y4m,23.69,23.676,0.07893,0.00516,0.0,292
1,0,1,0,0,1,0,0,0,1,0,1,1,0,3,foreman_cif.y4m,43.43,43.33,0.194422,0.005307,0.0,179
1,0,1,0,0,1,1,0,0,1,0,1,2,0,3,foreman_cif.y4m,47.91,47.944,0.095289,0.005169,0.0,272
1,0,1,0,0,1,1,0,0,0,1,0,4,5,0,foreman_cif.y4m,49.06,49.1,0.130767,0.005162,0.0,105
1,0,1,0,1,0,0,0,0,0,0,0,1,0,3,foreman_cif.y4m,19.82,19.838,0.057619,0.004941,0.0,76
1,0,1,1,0,0,1,0,0,0,1,0,4,15,3,foreman_cif.y4m,57.75,57.73,0.062048,0.005162,0.0,197
1,1,1,1,0,0,1,1,0,0,1,0,1,15,0,foreman_cif.y4m,86.42,86.434,0.170088,0.004205,0.0,221
1,1,1,1,0,0,1,1,0,0,1,0,8,15,6,foreman_cif.y4m,90.93,90.94,0.104163,0.004122,0.0,167
1,1,1,0,1,0,0,1,0,1,0,1,4,15,6,foreman_cif.y4m,39.04,39.08,0.093274,0.004699,0.0,136
1,1,1,1,0,0,0,1,0,1,0,1,8,15,6,foreman_cif.y4m,93.26,93.27,0.178045,0.004697,0.0,243
1,0,1,0,1,0,0,0,0,1,0,1,8,15,6,foreman_cif.y4m,19.9,19.904,0.055946,0.004928,0.0,60
1,0,1,1,0,0,0,0,0,1,0,1,2,0,6,foreman_cif.y4m,50.08,50.052,0.09576,0.004933,0.0,110
1,1,1,1,0,0,1,1,0,1,0,0,1,15,6,foreman_cif.y4m,90.79,90.758,0.260519,0.004122,0.0,35
1,0,1,1,0,0,1,0,0,0,1,1,2,5,6,foreman_cif.y4m,57.44,57.472,0.115195,0.005162,0.0,235
1,0,1,1,0,0,0,0,0,1,0,0,1,0,3,foreman_cif.y4m,50.07,50.13,0.115109,0.004904,0.0,44
1,1,1,0,1,0,1,1,0,0,1,0,4,15,3,foreman_cif.y4m,38.3,38.298,0.050695,0.004135,0.0,256
1,0,1,0,0,1,0,0,0,0,1,1,8,0,0,foreman_cif.y4m,43.53,43.49,0.137659,0.005304,0.0,192
1,0,1,0,1,0,0,0,0,0,1,1,2,0,0,foreman_cif.y4m,19.62,19.598,0.049193,0.004941,0.0,41
1,0,1,1,0,0,0,0,0,0,1,0,4,5,0,foreman_cif.y4m,50.04,50.036,0.096073,0.004904,0.0,37
1,0,1,0,0,1,0,0,0,0,0,0,4,5,0,foreman_cif.y4m,42.83,42.822,0.105214,0.005304,0.0,26
1,1,1,1,0,0,0,1,0,0,0,0,1,0,3,foreman_cif.y4m,87.47,87.552,0.263572,0.004685,0.0,273
1,1,1,1,0,0,1,1,0,0,0,1,1,5,6,foreman_cif.y4m,87.35,87.306,0.168315,0.004143,0.0,233
1,1,1,0,1,0,1,1,0,0,1,1,8,0,0,foreman_cif.y4m,35.89,35.918,0.07791,0.004221,0.0,101
1,0,1,1,0,0,0,0,0,0,0,1,2,5,3,foreman_cif.y4m,49.91,49.908,0.128335,0.004933,0.0,39
1,1,1,0,1,0,0,1,0,0,0,1,1,15,0,foreman_cif.y4m,37.32,37.372,0.094446,0.004687,0.0,106
1,1,1,0,1,0,0,0,1,1,0,0,1,0,0,foreman_cif.y4m,26.48,26.472,0.064962,0.004709,0.0,242
1,1,1,1,0,0,1,1,0,0,1,0,2,15,0,foreman_cif.y4m,86.26,86.298,0.12518,0.004205,0.0,193
1,0,1,0,1,0,1,0,0,0,1,0,1,15,6,foreman_cif.y4m,23.65,23.662,0.092574,0.00516,0.0,103
1,1,1,0,1,0,0,1,0,1,1,1,8,5,6,foreman_cif.y4m,38.36,38.344,0.101143,0.004689,0.0,1
1,0,1,1,0,0,0,0,0,1,1,1,1,0,0,foreman_cif.y4m,49.87,49.894,0.112383,0.004933,0.0,61
1,1,1,1,0,0,0,0,1,0,0,0,2,0,0,foreman_cif.y4m,64.36,64.424,0.11929,0.004713,0.0,56
1,1,1,0,1,0,0,1,0,0,1,0,8,15,3,foreman_cif.y4m,38.5,38.516,0.043932,0.004693,0.0,148
1,0,1,0,1,0,0,0,0,1,0,1,2,5,0,foreman_cif.y4m,19.96,19.958,0.079498,0.004928,0.0,112
1,0,1,0,1,0,1,0,0,0,1,0,8,15,3,foreman_cif.y4m,23.73,23.708,0.075961,0.00516,0.0,300
1,0,1,0,1,0,0,0,0,1,1,0,4,15,0,foreman_cif.y4m,19.95,19.916,0.070922,0.004941,0.0,249
1,0,1,0,1,0,0,0,0,0,0,1,2,0,0,foreman_cif.y4m,19.94,19.92,0.07746,0.004928,0.0,20
1,1,1,1,0,0,1,1,0,1,0,1,1,5,0,foreman_cif.y4m,87.33,87.368,0.20401,0.004218,0.0,104
1,1,1,1,0,0,0,1,0,1,1,1,8,15,6,foreman_cif.y4m,93.36,93.428,0.165741,0.004698,0.0,131
1,0,1,1,0,0,0,0,0,0,0,0,2,0,3,foreman_cif.y4m,50.05,50.034,0.151427,0.004904,0.0,69
1,0,1,0,1,0,1,0,0,0,0,0,2,0,3,foreman_cif.y4m,23.74,23.71,0.056569,0.00516,0.0,220
1,1,1,1,0,0,1,1,0,1,1,1,8,15,6,foreman_cif.y4m,90.8,90.842,0.213237,0.004122,0.0,11
1,1,1,1,0,0,1,1,0,1,0,0,4,15,6,foreman_cif.y4m,91.23,91.124,0.227002,0.004122,0.0,258
1,0,1,0,1,0,1,0,0,0,0,0,2,15,3,foreman_cif.y4m,23.2,23.238,0.064187,0.00516,0.0,65
1,0,1,0,0,1,1,0,0,0,0,0,2,15,0,foreman_cif.y4m,49.04,49.098,0.213705,0.005162,0.0,160
1,0,1,0,0,1,1,0,0,0,0,0,8,0,0,foreman_cif.y4m,49.11,49.126,0.102616,0.005162,0.0,238
1,1,1,1,0,0,0,1,0,0,0,0,4,0,0,foreman_cif.y4m,87.67,87.648,0.181163,0.004685,0.0,57
1,1,1,0,1,0,0,1,0,1,0,1,2,0,0,foreman_cif.y4m,37.22,37.174,0.122597,0.004684,0.0,79
1,0,1,0,1,0,1,0,0,0,1,0,4,15,3,foreman_cif.y4m,23.59,23.622,0.057619,0.00516,0.0,224
1,1,1,0,1,0,0,1,0,1,0,0,2,0,3,foreman_cif.y4m,37.65,37.656,0.127789,0.004684,0.0,48
1,0,1,0,1,0,1,0,0,0,0,1,8,0,6,foreman_cif.y4m,23.2,23.208,0.079812,0.005165,0.0,173
1,1,1,1,0,0,1,1,0,0,1,1,1,0,0,foreman_cif.y4m,85.94,85.824,0.251853,0.004218,0.0,283
1,0,1,0,1,0,0,0,0,0,0,0,1,0,6,foreman_cif.y4m,19.88,19.906,0.060249,0.004941,0.0,190
1,0,1,0,1,0,1,0,0,1,1,1,4,0,6,foreman_cif.y4m,23.7,23.676,0.072319,0.00516,0.0,259
1,0,1,1,0,0,0,0,0,0,0,1,1,15,3,foreman_cif.y4m,49.94,50.02,0.139821,0.004933,0.0,7
1,0,1,0,0,1,0,0,0,0,0,1,2,5,0,foreman_cif.y4m,42.56,42.588,0.129306,0.005307,0.0,73
1,1,1,1,0,0,1,1,0,0,0,0,2,0,6,foreman_cif.y4m,86.4,86.344,0.214429,0.0042,0.0,63
1,0,1,0,0,1,1,0,0,1,1,0,2,15,3,foreman_cif.y4m,49.05,49.12,0.141774,0.005162,0.0,284
1,0,1,1,0,0,1,0,0,1,0,1,8,15,6,foreman_cif.y4m,57.3,57.32,0.075829,0.005161,0.0,250
1,1,1,0,1,0,0,1,0,0,0,0,2,5,0,foreman_cif.y4m,37.97,37.994,0.053666,0.004684,0.0,209
1,0,1,0,1,0,1,0,0,0,0,1,4,5,3,foreman_cif.y4m,23.64,23.606,0.072319,0.005165,0.0,138
1,1,1,1,0,0,0,0,1,1,1,0,1,0,0,foreman_cif.y4m,64.34,64.38,0.156365,0.004713,0.0,135
1,1,1,1,0,0,1,1,0,1,1,0,4,5,3,foreman_cif.y4m,87.19,87.188,0.184716,0.004163,0.0,264
1,1,1,1,0,0,0,1,0,1,1,0,2,0,6,foreman_cif.y4m,87.59,87.566,0.266139,0.004685,0.0,215
1,0,1,0,0,1,0,0,0,0,1,1,4,5,3,foreman_cif.y4m,43.55,43.5,0.114673,0.005304,0.0,50
1,0,1,1,0,0,0,0,0,1,1,0,4,0,6,foreman_cif.y4m,50.0,50.078,0.130269,0.004904,0.0,98
1,1,1,1,0,0,0,1,0,1,1,0,1,15,0,foreman_cif.y4m,89.08,89.024,0.199575,0.004685,0.0,140
1,1,1,1,0,0,0,1,0,0,1,1,1,0,3,foreman_cif.y4m,87.23,87.132,0.307441,0.004688,0.0,113
1,0,1,0,1,0,1,0,0,1,1,0,1,0,6,foreman_cif.y4m,23.58,23.63,0.105357,0.00516,0.0,3
1,0,1,0,0,1,0,0,0,1,1,1,8,0,0,foreman_cif.y4m,42.74,42.78,0.119583,0.005304,0.0,149
1,0,1,1,0,0,0,0,0,0,1,1,8,5,6,foreman_cif.y4m,49.38,49.332,0.166042,0.004904,0.0,153
1,1,1,1,0,0,1,1,0,1,1,0,2,15,6,foreman_cif.y4m,90.83,90.814,0.088769,0.004122,0.0,133
1,0,1,1,0,0,0,0,0,0,0,0,1,0,3,foreman_cif.y4m,50.27,50.262,0.068337,0.004904,0.0,191
1,1,1,0,1,0,0,1,0,1,0,1,1,0,6,foreman_cif.y4m,37.21,37.206,0.092087,0.004684,0.0,100
1,0,1,1,0,0,1,0,0,0,1,0,4,0,3,foreman_cif.y4m,57.67,57.696,0.128374,0.005162,0.0,85
1,0,1,0,0,1,1,0,0,0,0,0,2,0,3,foreman_cif.y4m,49.2,49.216,0.155338,0.005162,0.0,88
1,0,1,0,1,0,1,0,0,1,1,0,4,15,6,foreman_cif.y4m,23.72,23.72,0.083066,0.00516,0.0,31
1,0,1,0,0,1,1,0,0,0,0,0,4,5,3,foreman_cif.y4m,48.53,48.464,0.183521,0.005162,0.0,134
1,1,1,0,1,0,1,1,0,1,1,1,8,0,3,foreman_cif.y4m,36.04,36.07,0.065574,0.004221,0.0,147
1,1,1,1,0,0,0,1,0,0,1,1,4,15,6,foreman_cif.y4m,91.65,91.702,0.211589,0.004698,0.0,275
1,0,1,0,0,1,1,0,0,0,1,0,4,15,3,foreman_cif.y4m,49.08,49.128,0.136455,0.005162,0.0,143
1,1,1,0,1,0,1,1,0,1,0,0,1,5,6,foreman_cif.y4m,36.49,36.446,0.132401,0.004156,0.0,8
1,1,1,1,0,0,1,1,0,0,1,1,4,5,3,foreman_cif.y4m,85.59,85.594,0.212321,0.004163,0.0,216
1,0,1,1,0,0,1,0,0,1,0,0,1,0,3,foreman_cif.y4m,57.58,57.626,0.102372,0.005162,0.0,214
1,0,1,0,0,1,0,0,0,0,0,0,1,5,0,foreman_cif.y4m,43.34,43.39,0.136015,0.005304,0.0,17
1,0,1,0,0,1,1,0,0,0,0,0,1,5,0,foreman_cif.y4m,49.05,49.034,0.07893,0.005162,0.0,206
1,0,1,0,1,0,0,0,0,1,1,1,8,15,0,foreman_cif.y4m,19.94,19.894,0.079875,0.004941,0.0,36
1,1,1,0,1,0,1,1,0,0,0,0,4,15,3,foreman_cif.y4m,38.45,38.434,0.12054,0.004135,0.0,6
1,0,1,1,0,0,1,0,0,0,0,1,1,0,6,foreman_cif.y4m,57.2,57.16,0.127475,0.005161,0.0,5
1,0,1,1,0,0,1,0,0,0,0,0,8,15,6,foreman_cif.y4m,57.75,57.618,0.210404,0.005162,0.0,164
1,0,1,0,0,1,0,0,0,1,0,0,8,0,6,foreman_cif.y4m,43.38,43.36,0.053385,0.005304,0.0,97
1,0,1,1,0,0,0,0,0,0,1,0,2,5,3,foreman_cif.y4m,49.31,49.294,0.121161,0.004904,0.0,236
1,1,1,0,1,0,1,1,0,0,0,0,8,5,0,foreman_cif.y4m,36.32,36.322,0.113225,0.004221,0.0,71
1,1,1,0,1,0,1,1,0,1,0,1,2,0,3,foreman_cif.y4m,36.78,36.822,0.125379,0.004215,0.0,295
1,0,1,1,0,0,1,0,0,1,1,0,8,5,3,foreman_cif.y4m,57.75,57.664,0.206349,0.005162,0.0,286
1,0,1,0,1,0,0,0,0,0,0,1,1,5,0,foreman_cif.y4m,19.95,19.956,0.039115,0.004928,0.0,34
1,0,1,0,1,0,1,0,0,1,1,1,1,5,3,foreman_cif.y4m,23.6,23.584,0.063482,0.005165,0.0,240
1,0,1,0,0,1,1,0,0,0,0,1,4,15,3,foreman_cif.y4m,48.76,48.728,0.084971,0.005169,0.0,18
1,0,1,0,1,0,0,0,0,0,1,0,8,0,6,foreman_cif.y4m,19.84,19.864,0.069498,0.004941,0.0,102
1,1,1,1,0,0,1,0,1,0,1,0,4,0,0,foreman_cif.y4m,59.15,59.152,0.210523,0.004427,0.0,51
1,1,1,1,0,0,1,1,0,0,0,1,4,15,6,foreman_cif.y4m,89.42,89.562,0.237634,0.004104,0.0,282
1,0,1,0,1,0,1,0,0,1,1,1,1,0,3,foreman_cif.y4m,23.23,23.228,0.063797,0.005165,0.0,77
1,0,1,1,0,0,1,0,0,0,1,0,2,0,3,foreman_cif.y4m,57.74,57.73,0.213307,0.005162,0.0,128
1,1,1,0,1,0,1,1,0,0,0,0,2,5,3,foreman_cif.y4m,37.76,37.778,0.131795,0.004161,0.0,234
1,0,1,1,0,0,0,0,0,0,1,1,1,0,0,foreman_cif.y4m,49.1,49.118,0.181714,0.004933,0.0,252
1,0,1,1,0,0,1,0,0,0,0,1,4,0,3,foreman_cif.y4m,57.18,57.2,0.098234,0.005161,0.0,28
1,0,1,0,0,1,1,0,0,1,1,1,8,15,3,foreman_cif.y4m,49.23,49.19,0.104403,0.005162,0.0,139
1,0,1,0,0,1,0,0,0,0,0,1,1,5,0,foreman_cif.y4m,42.59,42.584,0.049295,0.005307,0.0,158
1,1,1,0,1,0,1,1,0,1,0,1,8,5,3,foreman_cif.y4m,36.64,36.596,0.094234,0.004145,0.0,152
1,0,1,1,0,0,1,0,0,1,0,0,2,0,6,foreman_cif.y4m,57.72,57.636,0.180914,0.005162,0.0,12
1,1,1,0,1,0,0,1,0,0,0,1,4,15,3,foreman_cif.y4m,38.34,38.344,0.101637,0.004688,0.0,294
1,1,1,0,1,0,0,1,0,0,0,1,8,15,3,foreman_cif.y4m,38.22,38.248,0.101833,0.004688,0.0,154
1,1,1,1,0,0,0,1,0,1,0,0,2,15,6,foreman_cif.y4m,93.52,93.506,0.096592,0.004698,0.0,157
1,0,1,1,0,0,1,0,0,1,1,1,2,0,3,foreman_cif.y4m,57.63,57.634,0.209595,0.005162,0.0,150
1,1,1,0,1,0,1,1,0,0,1,0,8,0,6,foreman_cif.y4m,36.11,36.108,0.046583,0.004221,0.0,287
1,0,1,0,1,0,0,0,0,1,1,0,1,0,3,foreman_cif.y4m,19.86,19.878,0.063797,0.004941,0.0,297
1,0,1,0,0,1,0,0,0,1,1,0,8,15,0,foreman_cif.y4m,43.4,43.474,0.159311,0.005304,0.0,263
1,1,1,0,1,0,0,1,0,1,1,1,1,5,3,foreman_cif.y4m,37.17,37.25,0.196596,0.004683,0.0,255
1,0,1,1,0,0,0,0,0,1,1,0,8,15,3,foreman_cif.y4m,50.14,50.146,0.138311,0.004904,0.0,115
1,0,1,0,0,1,1,0,0,1,0,1,4,15,3,foreman_cif.y4m,48.95,48.938,0.146185,0.005169,0.0,188
1,0,1,0,0,1,1,0,0,0,0,1,8,0,6,foreman_cif.y4m,48.7,48.77,0.172482,0.005169,0.0,212
1,0,1,1,0,0,1,0,0,0,0,1,1,15,3,foreman_cif.y4m,57.07,57.13,0.141951,0.005161,0.0,195
1,0,1,0,1,0,0,0,0,0,1,1,2,15,0,foreman_cif.y4m,19.81,19.858,0.072595,0.004941,0.0,119
1,0,1,1,0,0,0,0,0,1,0,1,4,15,0,foreman_cif.y4m,49.22,49.194,0.198822,0.004933,0.0,58
1,0,1,0,1,0,1,0,0,1,0,1,4,0,6,foreman_cif.y4m,23.5,23.536,0.073007,0.005165,0.0,277
1,0,1,0,1,0,1,0,0,0,1,1,4,5,6,foreman_cif.y4m,23.65,23.64,0.067823,0.00516,0.0,64
1,1,1,0,1,0,1,1,0,1,0,0,2,0,0,foreman_cif.y4m,36.03,36.038,0.074632,0.004221,0.0,285
1,1,1,0,1,0,1,1,0,1,0,0,4,0,0,foreman_cif.y4m,35.92,35.948,0.093648,0.004221,0.0,290
1,0,1,1,0,0,0,0,0,1,0,1,8,5,6,foreman_cif.y4m,49.41,49.376,0.201072,0.004933,0.0,196
1,1,1,1,0,0,1,0,1,1,1,1,1,0,0,foreman_cif.y4m,59.27,59.29,0.126293,0.004439,0.0,93
1,0,1,1,0,0,1,0,0,0,1,1,4,5,6,foreman_cif.y4m,57.46,57.498,0.126768,0.005162,0.0,299
1,0,1,1,0,0,0,0,0,1,0,0,2,5,0,foreman_cif.y4m,49.39,49.406,0.204279,0.004904,0.0,125
1,1,1,0,1,0,0,1,0,1,0,1,2,15,6,foreman_cif.y4m,39.01,39.046,0.075033,0.004699,0.0,21
1,0,1,0,1,0,0,0,0,1,0,1,2,0,0,foreman_cif.y4m,20.03,19.98,0.092195,0.004928,0.0,225
1,0,1,0,1,0,0,0,0,1,0,0,2,5,0,hall_monitor_cif.y4m,17.52,17.506,0.068044,0.00535,0.0,114
1,1,1,1,0,0,0,0,1,0,0,1,1,0,0,hall_monitor_cif.y4m,60.88,60.976,0.18743,0.004693,0.0,281
1,1,1,1,0,0,0,1,0,1,1,0,2,5,0,hall_monitor_cif.y4m,78.86,78.97,0.202237,0.004666,0.0,49
1,0,1,0,0,1,1,0,0,0,0,0,2,15,6,hall_monitor_cif.y4m,47.2,47.154,0.109453,0.005018,0.0,194
1,0,1,1,0,0,0,0,0,0,0,0,2,0,6,hall_monitor_cif.y4m,53.6,53.582,0.077589,0.005349,0.0,62
1,1,1,0,1,0,0,1,0,1,1,1,1,15,3,hall_monitor_cif.y4m,27.47,27.496,0.065422,0.004242,0.0,91
1,0,1,0,0,1,1,0,0,0,0,0,4,0,6,hall_monitor_cif.y4m,47.93,47.922,0.039623,0.005018,0.0,107
1,0,1,1,0,0,1,0,0,0,0,1,4,5,3,hall_monitor_cif.y4m,55.63,55.634,0.105024,0.004996,0.0,181
1,0,1,0,1,0,1,0,0,0,0,0,4,5,0,hall_monitor_cif.y4m,18.82,18.818,0.033466,0.005004,0.0,247
1,0,1,1,0,0,0,0,0,1,1,0,4,5,3,hall_monitor_cif.y4m,53.33,53.372,0.122147,0.005349,0.0,166
1,0,1,0,0,1,0,0,0,0,1,1,4,0,0,hall_monitor_cif.y4m,45.42,45.442,0.121326,0.005419,0.0,25
1,1,1,0,1,0,0,1,0,0,0,1,8,0,6,hall_monitor_cif.y4m,26.86,26.872,0.021679,0.004667,0.0,203
1,1,1,1,0,0,1,1,0,1,1,1,4,5,6,hall_monitor_cif.y4m,62.88,62.878,0.061806,0.003804,0.0,219
1,0,1,0,0,1,0,0,0,0,0,0,4,15,0,hall_monitor_cif.y4m,45.49,45.526,0.13975,0.005419,0.0,162
1,0,1,1,0,0,1,0,0,0,1,0,4,15,6,hall_monitor_cif.y4m,56.71,56.68,0.157639,0.004996,0.0,182
1,0,1,0,0,1,0,0,0,1,1,0,1,15,6,hall_monitor_cif.y4m,45.6,45.584,0.091815,0.005419,0.0,10
1,1,1,1,0,0,1,1,0,1,1,1,2,15,0,hall_monitor_cif.y4m,68.91,68.846,0.131643,0.004015,0.0,14
1,1,1,1,0,0,0,1,0,0,0,1,1,0,6,hall_monitor_cif.y4m,74.97,74.97,0.169853,0.004666,0.0,89
1,1,1,1,0,0,0,1,0,1,1,1,1,5,0,hall_monitor_cif.y4m,74.52,74.438,0.146526,0.004668,0.0,116
1,0,1,1,0,0,0,0,0,0,1,1,4,15,3,hall_monitor_cif.y4m,53.42,53.516,0.246435,0.005349,0.0,217
1,1,1,0,1,0,0,1,0,0,1,0,1,0,0,hall_monitor_cif.y4m,26.66,26.704,0.095551,0.004666,0.0,75
1,1,1,0,1,0,0,1,0,1,1,1,2,15,6,hall_monitor_cif.y4m,27.93,27.926,0.074364,0.004235,0.0,266
1,0,1,1,0,0,1,0,0,0,1,1,4,15,3,hall_monitor_cif.y4m,56.58,56.55,0.128647,0.004996,0.0,268
1,0,1,0,1,0,1,0,0,1,1,1,4,15,3,hall_monitor_cif.y4m,18.93,18.916,0.060663,0.005004,0.0,187
1,0,1,0,0,1,1,0,0,0,1,0,8,15,3,hall_monitor_cif.y4m,47.9,47.872,0.159593,0.005018,0.0,161
1,0,1,0,1,0,1,0,0,0,1,0,2,0,6,hall_monitor_cif.y4m,18.86,18.872,0.071204,0.005004,0.0,23
1,1,1,1,0,0,0,1,0,1,1,0,2,5,6,hall_monitor_cif.y4m,75.3,75.328,0.143771,0.004205,0.0,2
1,1,1,1,0,0,1,0,1,1,0,1,2,0,0,hall_monitor_cif.y4m,56.57,56.596,0.063087,0.004216,0.0,16
1,0,1,1,0,0,0,0,0,1,1,1,8,15,0,hall_monitor_cif.y4m,53.35,53.394,0.179248,0.005349,0.0,262
1,1,1,1,0,0,0,1,0,1,1,0,4,5,0,hall_monitor_cif.y4m,78.87,78.906,0.156461,0.004666,0.0,66
1,0,1,1,0,0,0,0,0,1,0,0,2,0,0,hall_monitor_cif.y4m,53.39,53.352,0.150566,0.005349,0.0,86
1,0,1,0,1,0,1,0,0,0,1,0,2,5,6,hall_monitor_cif.y4m,18.85,18.848,0.035637,0.005004,0.0,231
1,0,1,0,1,0,0,0,0,0,0,0,4,5,0,hall_monitor_cif.y4m,17.42,17.432,0.039623,0.00535,0.0,269
1,1,1,0,1,0,1,1,0,0,1,0,1,5,0,hall_monitor_cif.y4m,25.23,25.238,0.063797,0.004005,0.0,180
1,0,1,0,0,1,0,0,0,0,1,0,4,5,6,hall_monitor_cif.y4m,45.64,45.578,0.143422,0.005419,0.0,274
1,1,1,1,0,0,0,1,0,1,1,0,2,15,6,hall_monitor_cif.y4m,75.55,75.528,0.060992,0.004143,0.0,184
1,0,1,0,0,1,1,0,0,0,0,1,4,5,0,hall_monitor_cif.y4m,47.96,47.902,0.146185,0.005028,0.0,118
1,1,1,1,0,0,0,1,0,0,0,0,1,0,6,hall_monitor_cif.y4m,75.44,75.436,0.053198,0.004666,0.0,254
1,0,1,1,0,0,1,0,0,0,1,1,4,5,0,hall_monitor_cif.y4m,56.55,56.608,0.213002,0.004996,0.0,208
1,0,1,0,0,1,1,0,0,1,1,0,4,5,6,hall_monitor_cif.y4m,47.99,47.912,0.210404,0.005018,0.0,279
1,1,1,1,0,0,0,1,0,0,1,1,4,15,3,hall_monitor_cif.y4m,74.01,74.062,0.157067,0.004122,0.0,229
1,0,1,0,0,1,1,0,0,1,1,1,1,0,0,hall_monitor_cif.y4m,47.8,47.794,0.146731,0.005028,0.0,46
1,0,1,0,0,1,0,0,0,1,1,1,4,5,6,hall_monitor_cif.y4m,45.43,45.484,0.136492,0.005419,0.0,171
1,1,1,1,0,0,0,1,0,0,1,0,2,5,0,hall_monitor_cif.y4m,79.11,79.078,0.128141,0.004666,0.0,99
1,0,1,0,0,1,0,0,0,0,0,0,8,0,0,hall_monitor_cif.y4m,45.39,45.432,0.138996,0.005419,0.0,81
1,1,1,1,0,0,1,1,0,1,0,1,8,5,0,hall_monitor_cif.y4m,65.16,65.124,0.170529,0.004001,0.0,155
1,0,1,0,1,0,0,0,0,1,0,1,1,15,6,hall_monitor_cif.y4m,17.38,17.388,0.061806,0.005347,0.0,96
1,1,1,1,0,0,0,1,0,1,1,1,8,0,0,hall_monitor_cif.y4m,76.58,76.606,0.139571,0.004666,0.0,218
1,1,1,1,0,0,1,1,0,1,1,0,8,0,6,hall_monitor_cif.y4m,67.99,67.964,0.15678,0.004015,0.0,53
1,1,1,0,1,0,1,0,1,0,0,0,2,0,0,hall_monitor_cif.y4m,20.7,20.712,0.046043,0.004187,0.0,109
1,0,1,0,1,0,0,0,0,0,1,0,4,5,6,hall_monitor_cif.y4m,17.41,17.442,0.051672,0.00535,0.0,185
1,1,1,1,0,0,0,1,0,0,1,1,2,0,0,hall_monitor_cif.y4m,75.59,75.58,0.062048,0.004666,0.0,239
1,0,1,1,0,0,0,0,0,0,0,1,2,0,0,hall_monitor_cif.y4m,52.47,52.442,0.113886,0.00535,0.0,276
1,0,1,1,0,0,1,0,0,0,0,1,4,0,6,hall_monitor_cif.y4m,56.57,56.542,0.087006,0.004996,0.0,257
1,0,1,0,0,1,0,0,0,1,1,0,1,5,0,hall_monitor_cif.y4m,45.4,45.434,0.078613,0.005419,0.0,42
1,1,1,0,1,0,1,1,0,0,0,0,2,15,3,hall_monitor_cif.y4m,24.78,24.776,0.07893,0.003797,0.0,204
1,0,1,1,0,0,1,0,0,1,0,1,2,15,6,hall_monitor_cif.y4m,56.54,56.616,0.167422,0.004996,0.0,145
1,0,1,0,1,0,0,0,0,0,0,0,2,0,3,hall_monitor_cif.y4m,17.52,17.48,0.064031,0.00535,0.0,246
1,1,1,1,0,0,0,1,0,0,1,1,8,0,0,hall_monitor_cif.y4m,76.68,76.654,0.151921,0.004666,0.0,202
1,1,1,0,1,0,0,1,0,1,0,0,2,5,3,hall_monitor_cif.y4m,26.06,26.052,0.075961,0.00425,0.0,70
1,0,1,0,1,0,0,0,0,0,1,0,1,5,3,hall_monitor_cif.y4m,17.17,17.176,0.041593,0.00535,0.0,230
1,0,1,0,1,0,1,0,0,0,0,0,4,15,6,hall_monitor_cif.y4m,18.95,18.93,0.04062,0.005004,0.0,267
1,1,1,1,0,0,1,1,0,0,0,1,8,5,3,hall_monitor_cif.y4m,63.47,63.532,0.134981,0.003826,0.0,146
1,0,1,0,1,0,1,0,0,0,0,1,2,15,0,hall_monitor_cif.y4m,18.79,18.772,0.049193,0.005,0.0,27
1,0,1,0,1,0,1,0,0,0,1,1,8,0,3,hall_monitor_cif.y4m,18.93,18.902,0.048166,0.005004,0.0,137
1,1,1,1,0,0,0,1,0,0,1,1,2,15,0,hall_monitor_cif.y4m,79.03,78.986,0.160873,0.004666,0.0,189
1,1,1,0,1,0,1,1,0,1,0,0,4,15,0,hall_monitor_cif.y4m,25.6,25.638,0.08167,0.004005,0.0,132
1,1,1,1,0,0,0,0,1,1,0,1,8,0,0,hall_monitor_cif.y4m,61.12,61.1,0.186682,0.004693,0.0,169
1,0,1,0,0,1,0,0,0,0,0,0,1,5,6,hall_monitor_cif.y4m,44.85,44.854,0.162265,0.005419,0.0,33
1,0,1,1,0,0,0,0,0,0,1,1,8,15,0,hall_monitor_cif.y4m,53.31,53.264,0.135019,0.005349,0.0,205
1,0,1,1,0,0,0,0,0,1,0,1,2,0,0,hall_monitor_cif.y4m,52.53,52.494,0.109681,0.00535,0.0,245
1,1,1,0,1,0,1,1,0,0,1,1,1,15,0,hall_monitor_cif.y4m,23.03,23.03,0.05099,0.004012,0.0,298
1,0,1,1,0,0,1,0,0,1,1,0,2,5,6,hall_monitor_cif.y4m,55.6,55.638,0.120291,0.004996,0.0,163
1,1,1,1,0,0,0,1,0,0,0,0,1,5,0,hall_monitor_cif.y4m,78.76,78.786,0.12054,0.004666,0.0,123
1,0,1,0,0,1,1,0,0,1,0,0,4,15,0,hall_monitor_cif.y4m,48.01,47.946,0.115239,0.005018,0.0,4
1,0,1,0,0,1,1,0,0,1,1,0,8,5,6,hall_monitor_cif.y4m,47.81,47.808,0.186601,0.005018,0.0,141
1,1,1,0,1,0,0,1,0,1,0,0,8,5,6,hall_monitor_cif.y4m,26.35,26.36,0.065955,0.004203,0.0,129
1,1,1,0,1,0,1,1,0,1,1,0,4,5,3,hall_monitor_cif.y4m,21.98,21.964,0.038471,0.00381,0.0,159
1,0,1,0,0,1,1,0,0,1,0,0,1,0,0,hall_monitor_cif.y4m,47.89,47.868,0.139176,0.005018,0.0,22
1,0,1,0,0,1,0,0,0,1,0,1,2,0,6,hall_monitor_cif.y4m,45.6,45.574,0.132401,0.005417,0.0,175
1,1,1,1,0,0,0,1,0,1,1,1,8,5,6,hall_monitor_cif.y4m,75.42,75.398,0.168285,0.004205,0.0,151
1,1,1,0,1,0,0,1,0,0,1,0,2,5,0,hall_monitor_cif.y4m,27.66,27.662,0.054955,0.004664,0.0,52
1,0,1,0,0,1,0,0,0,0,0,1,4,0,3,hall_monitor_cif.y4m,45.67,45.778,0.328131,0.005417,0.0,108
1,0,1,0,1,0,1,0,0,0,0,1,8,15,0,hall_monitor_cif.y4m,18.73,18.768,0.080747,0.005,0.0,72
1,0,1,1,0,0,1,0,0,1,1,0,8,0,6,hall_monitor_cif.y4m,56.73,56.698,0.182126,0.004996,0.0,248
1,1,1,1,0,0,1,1,0,1,1,0,8,5,6,hall_monitor_cif.y4m,62.75,62.766,0.136858,0.003804,0.0,174
1,0,1,1,0,0,1,0,0,1,1,1,8,0,3,hall_monitor_cif.y4m,56.69,56.694,0.08961,0.004996,0.0,130
1,1,1,0,1,0,1,1,0,1,1,1,8,15,0,hall_monitor_cif.y4m,25.72,25.69,0.075829,0.004005,0.0,168
1,0,1,0,0,1,1,0,0,1,0,1,8,0,6,hall_monitor_cif.y4m,47.8,47.824,0.120955,0.005028,0.0,198
1,0,1,0,0,1,1,0,0,1,1,0,1,0,3,hall_monitor_cif.y4m,48.06,47.952,0.192536,0.005018,0.0,83
1,1,1,1,0,0,1,1,0,0,1,0,1,0,3,hall_monitor_cif.y4m,67.84,67.852,0.123774,0.004015,0.0,291
1,0,1,0,1,0,0,0,0,1,1,0,1,0,6,hall_monitor_cif.y4m,17.47,17.46,0.043012,0.00535,0.0,237
1,0,1,0,0,1,0,0,0,1,1,1,2,15,3,hall_monitor_cif.y4m,45.49,45.554,0.140107,0.005419,0.0,90
1,1,1,1,0,0,1,1,0,0,0,1,1,15,0,hall_monitor_cif.y4m,64.24,64.146,0.179527,0.004001,0.0,87
1,0,1,1,0,0,1,0,0,1,0,0,1,5,0,hall_monitor_cif.y4m,56.75,56.728,0.109636,0.004996,0.0,74
1,0,1,0,0,1,0,0,0,1,0,0,2,0,3,hall_monitor_cif.y4m,45.58,45.532,0.148896,0.005419,0.0,201
1,0,1,0,1,0,0,0,0,1,0,1,1,0,0,hall_monitor_cif.y4m,17.4,17.418,0.07225,0.005347,0.0,183
1,0,1,1,0,0,0,0,0,0,0,0,4,0,6,hall_monitor_cif.y4m,53.29,53.342,0.135904,0.005349,0.0,227
1,1,1,0,1,0,1,1,0,0,0,0,1,15,6,hall_monitor_cif.y4m,23.65,23.648,0.070852,0.003786,0.0,222
1,0,1,0,0,1,0,0,0,0,1,0,8,0,6,hall_monitor_cif.y4m,45.44,45.472,0.077589,0.005419,0.0,55
1,0,1,1,0,0,0,0,0,0,1,1,2,5,0,hall_monitor_cif.y4m,53.33,53.366,0.11887,0.005349,0.0,142
1,0,1,1,0,0,1,0,0,1,0,1,1,5,6,hall_monitor_cif.y4m,56.8,56.736,0.155338,0.004996,0.0,124
1,0,1,1,0,0,1,0,0,0,0,0,8,0,0,hall_monitor_cif.y4m,56.6,56.58,0.123491,0.004996,0.0,95
1,0,1,1,0,0,1,0,0,1,0,0,2,15,0,hall_monitor_cif.y4m,55.49,55.532,0.133116,0.004996,0.0,241
1,0,1,0,1,0,0,0,0,0,1,1,1,5,3,hall_monitor_cif.y4m,17.42,17.424,0.045607,0.005347,0.0,289
1,0,1,1,0,0,1,0,0,1,1,0,1,5,0,hall_monitor_cif.y4m,56.79,56.744,0.129345,0.004996,0.0,278
1,1,1,0,1,0,0,1,0,1,1,0,1,0,6,hall_monitor_cif.y4m,27.15,27.138,0.080436,0.004666,0.0,176
1,0,1,0,0,1,1,0,0,0,1,0,8,5,0,hall_monitor_cif.y4m,47.89,47.92,0.180139,0.005018,0.0,122
1,0,1,0,0,1,0,0,0,0,1,0,4,0,6,hall_monitor_cif.y4m,45.66,45.616,0.16456,0.005419,0.0,30
1,1,1,0,1,0,0,1,0,0,0,0,2,0,6,hall_monitor_cif.y4m,27.11,27.126,0.103586,0.004666,0.0,251
1,0,1,1,0,0,0,0,0,0,0,1,1,0,0,hall_monitor_cif.y4m,52.54,52.54,0.055227,0.00535,0.0,120
1,0,1,1,0,0,0,0,0,0,0,1,2,15,6,hall_monitor_cif.y4m,52.35,52.42,0.148324,0.00535,0.0,144
1,0,1,0,1,0,1,0,0,0,0,0,1,0,3,hall_monitor_cif.y4m,18.84,18.852,0.051672,0.005004,0.0,265
1,1,1,0,1,0,0,1,0,0,1,0,2,0,6,hall_monitor_cif.y4m,27.15,27.148,0.05933,0.004666,0.0,260
1,1,1,0,1,0,0,1,0,0,0,1,1,0,3,hall_monitor_cif.y4m,26.86,26.842,0.044385,0.004667,0.0,78
1,0,1,0,1,0,0,0,0,0,1,1,8,15,3,hall_monitor_cif.y4m,17.44,17.44,0.03937,0.00535,0.0,84
1,0,1,1,0,0,1,0,0,1,0,0,4,15,3,hall_monitor_cif.y4m,56.76,56.682,0.121532,0.004996,0.0,296
1,0,1,0,0,1,0,0,0,0,0,1,2,5,6,hall_monitor_cif.y4m,45.59,45.59,0.147986,0.005417,0.0,232
1,0,1,0,0,1,1,0,0,0,1,0,4,15,6,hall_monitor_cif.y4m,47.94,47.884,0.15678,0.005018,0.0,213
1,1,1,0,1,0,0,1,0,0,1,1,8,15,3,hall_monitor_cif.y4m,27.56,27.538,0.095237,0.004245,0.0,94
1,0,1,0,1,0,0,0,0,0,1,1,1,5,0,hall_monitor_cif.y4m,17.46,17.462,0.017889,0.005347,0.0,178
1,0,1,1,0,0,1,0,0,1,0,0,4,0,0,hall_monitor_cif.y4m,56.57,56.608,0.170792,0.004996,0.0,127
1,1,1,0,1,0,1,1,0,0,1,0,8,5,6,hall_monitor_cif.y4m,22.76,22.758,0.0249,0.003788,0.0,111
1,0,1,0,1,0,0,0,0,0,0,1,1,0,6,hall_monitor_cif.y4m,17.44,17.444,0.045607,0.005347,0.0,92
1,1,1,1,0,0,0,1,0,0,1,0,8,15,6,hall_monitor_cif.y4m,76.71,76.784,0.166072,0.004143,0.0,54
1,0,1,0,0,1,0,0,0,0,0,1,2,15,0,hall_monitor_cif.y4m,45.69,45.668,0.126372,0.005417,0.0,45
1,0,1,1,0,0,0,0,0,1,0,0,4,0,6,hall_monitor_cif.y4m,53.54,53.486,0.147071,0.005349,0.0,226
1,1,1,1,0,0,1,1,0,1,0,0,8,5,0,hall_monitor_cif.y4m,68.57,68.672,0.155306,0.004015,0.0,200
1,0,1,0,0,1,1,0,0,1,0,1,8,5,6,hall_monitor_cif.y4m,47.2,47.14,0.118533,0.005028,0.0,59
1,1,1,0,1,0,1,0,1,0,0,1,2,0,0,hall_monitor_cif.y4m,19.76,19.726,0.065422,0.004206,0.0,19
1,1,1,1,0,0,0,1,0,1,0,0,2,15,0,hall_monitor_cif.y4m,78.98,79.022,0.14025,0.004666,0.0,47
1,1,1,0,1,0,1,1,0,0,0,1,4,5,6,hall_monitor_cif.y4m,21.39,21.43,0.073485,0.003824,0.0,32
1,1,1,0,1,0,0,1,0,1,0,0,1,5,6,hall_monitor_cif.y4m,25.87,25.904,0.070214,0.004203,0.0,170
1,0,1,0,0,1,0,0,0,1,1,0,1,15,0,hall_monitor_cif.y4m,44.69,44.718,0.180887,0.005419,0.0,270
1,0,1,1,0,0,1,0,0,1,0,1,4,15,6,hall_monitor_cif.y4m,56.49,56.502,0.11077,0.004996,0.0,207
1,1,1,0,1,0,0,1,0,1,1,1,1,5,6,hall_monitor_cif.y4m,26.32,26.282,0.077589,0.004206,0.0,43
1,0,1,0,1,0,1,0,0,0,1,1,1,0,3,hall_monitor_cif.y4m,18.79,18.78,0.038079,0.005,0.0,40
1,1,1,0,1,0,0,1,0,0,1,1,1,5,3,hall_monitor_cif.y4m,26.09,26.118,0.067231,0.004251,0.0,117
1,0,1,0,0,1,0,0,0,0,1,0,8,15,6,hall_monitor_cif.y4m,45.47,45.49,0.107935,0.005419,0.0,253
1,0,1,1,0,0,0,0,0,1,0,0,1,15,3,hall_monitor_cif.y4m,53.3,53.346,0.118237,0.005349,0.0,68
1,1,1,1,0,0,0,1,0,1,1,1,1,15,6,hall_monitor_cif.y4m,76.62,76.546,0.160406,0.0042,0.0,186
1,1,1,0,1,0,1,1,0,0,0,1,8,15,3,hall_monitor_cif.y4m,24.36,24.398,0.087006,0.003769,0.0,288
1,1,1,0,1,0,0,1,0,0,0,0,2,0,0,hall_monitor_cif.y4m,27.11,27.118,0.0614,0.004666,0.0,15
1,0,1,1,0,0,0,0,0,0,1,1,2,15,3,hall_monitor_cif.y4m,53.48,53.48,0.154434,0.005349,0.0,82
1,1,1,1,0,0,0,1,0,0,0,0,4,15,6,hall_monitor_cif.y4m,76.6,76.682,0.176267,0.004143,0.0,211
1,0,1,0,1,0,1,0,0,1,1,1,8,15,6,hall_monitor_cif.y4m,18.89,18.908,0.085264,0.005004,0.0,177
1,1,1,0,1,0,0,1,0,1,1,1,2,5,3,hall_monitor_cif.y4m,26.02,26.026,0.077974,0.00425,0.0,210
1,0,1,1,0,0,0,0,0,1,1,1,2,0,3,hall_monitor_cif.y4m,53.41,53.396,0.094499,0.005349,0.0,13
1,0,1,0,1,0,1,0,0,0,0,1,2,15,3,hall_monitor_cif.y4m,18.73,18.756,0.054589,0.005,0.0,228
1,0,1,0,1,0,1,0,0,1,1,0,4,5,3,hall_monitor_cif.y4m,18.85,18.876,0.071274,0.005004,0.0,38
1,1,1,1,0,0,0,1,0,0,0,1,4,15,6,hall_monitor_cif.y4m,76.61,76.55,0.182893,0.0042,0.0,29
1,1,1,1,0,0,1,0,1,1,0,0,8,0,0,hall_monitor_cif.y4m,57.36,57.368,0.190709,0.004191,0.0,24
1,1,1,1,0,0,0,1,0,0,0,0,8,5,6,hall_monitor_cif.y4m,75.53,75.518,0.098843,0.004205,0.0,293
1,1,1,1,0,0,0,1,0,0,1,0,2,5,6,hall_monitor_cif.y4m,75.41,75.36,0.131719,0.004205,0.0,67
1,1,1,0,1,0,0,1,0,1,0,1,2,5,0,hall_monitor_cif.y4m,26.99,26.998,0.019235,0.004665,0.0,199
1,0,1,0,0,1,1,0,0,1,1,0,8,15,3,hall_monitor_cif.y4m,47.91,47.914,0.141527,0.005018,0.0,244
1,0,1,0,0,1,1,0,0,0,0,0,8,15,0,hall_monitor_cif.y4m,47.8,47.858,0.115195,0.005018,0.0,80
1,1,1,1,0,0,1,1,0,1,1,1,2,0,3,hall_monitor_cif.y4m,67.66,67.726,0.126412,0.004015,0.0,223
1,1,1,0,1,0,1,1,0,0,1,0,8,5,0,hall_monitor_cif.y4m,25.71,25.706,0.041593,0.004005,0.0,121
1,0,1,1,0,0,1,0,0,0,0,0,8,5,3,hall_monitor_cif.y4m,56.61,56.61,0.060828,0.004996,0.0,261
1,0,1,1,0,0,1,0,0,1,1,0,1,5,6,hall_monitor_cif.y4m,55.69,55.644,0.171114,0.004996,0.0,156
1,1,1,1,0,0,0,1,0,0,1,0,4,15,3,hall_monitor_cif.y4m,73.99,73.99,0.143003,0.004122,0.0,271
1,1,1,1,0,0,1,1,0,1,0,0,2,15,3,hall_monitor_cif.y4m,63.87,63.81,0.143353,0.003881,0.0,9
1,1,1,1,0,0,1,1,0,1,0,1,1,0,0,hall_monitor_cif.y4m,64.2,64.304,0.187163,0.004001,0.0,165
1,0,1,0,0,1,1,0,0,1,0,0,1,15,6,hall_monitor_cif.y4m,47.92,47.888,0.141492,0.005018,0.0,126
1,0,1,1,0,0,1,0,0,1,1,1,8,5,0,hall_monitor_cif.y4m,56.7,56.668,0.09094,0.004996,0.0,280
1,0,1,1,0,0,0,0,0,1,1,0,2,5,3,hall_monitor_cif.y4m,53.32,53.326,0.120333,0.005349,0.0,172
1,0,1,0,1,0,1,0,0,0,0,0,1,15,6,hall_monitor_cif.y4m,18.84,18.87,0.060828,0.005004,0.0,292
1,0,1,0,0,1,0,0,0,1,0,1,1,0,3,hall_monitor_cif.y4m,45.65,45.634,0.074364,0.005417,0.0,179
1,0,1,0,0,1,1,0,0,1,0,1,2,0,3,hall_monitor_cif.y4m,47.7,47.756,0.155338,0.005028,0.0,272
1,0,1,0,0,1,1,0,0,0,1,0,4,5,0,hall_monitor_cif.y4m,47.22,47.216,0.094499,0.005018,0.0,105
1,0,1,0,1,0,0,0,0,0,0,0,1,0,3,hall_monitor_cif.y4m,17.2,17.198,0.033466,0.00535,0.0,76
1,0,1,1,0,0,1,0,0,0,1,0,4,15,3,hall_monitor_cif.y4m,56.47,56.516,0.102616,0.004996,0.0,197
1,1,1,1,0,0,1,1,0,0,1,0,1,15,0,hall_monitor_cif.y4m,68.62,68.642,0.139176,0.004015,0.0,221
1,1,1,1,0,0,1,1,0,0,1,0,8,15,6,hall_monitor_cif.y4m,66.59,66.608,0.092304,0.003765,0.0,167
1,1,1,0,1,0,0,1,0,1,0,1,4,15,6,hall_monitor_cif.y4m,27.22,27.208,0.08228,0.004244,0.0,136
1,1,1,1,0,0,0,1,0,1,0,1,8,15,6,hall_monitor_cif.y4m,76.55,76.576,0.181191,0.0042,0.0,243
1,0,1,0,1,0,0,0,0,1,0,1,8,15,6,hall_monitor_cif.y4m,17.44,17.42,0.05831,0.005347,0.0,60
1,0,1,1,0,0,0,0,0,1,0,1,2,0,6,hall_monitor_cif.y4m,52.56,52.528,0.148054,0.00535,0.0,110
1,1,1,1,0,0,1,1,0,1,0,0,1,15,6,hall_monitor_cif.y4m,65.49,65.564,0.169647,0.003765,0.0,35
1,0,1,1,0,0,1,0,0,0,1,1,2,5,6,hall_monitor_cif.y4m,56.79,56.782,0.114978,0.004996,0.0,235
1,0,1,1,0,0,0,0,0,1,0,0,1,0,3,hall_monitor_cif.y4m,53.5,53.402,0.168137,0.005349,0.0,44
1,1,1,0,1,0,1,1,0,0,1,0,4,15,3,hall_monitor_cif.y4m,25.25,25.218,0.058052,0.003797,0.0,256
1,0,1,0,0,1,0,0,0,0,1,1,8,0,0,hall_monitor_cif.y4m,45.49,45.524,0.135573,0.005419,0.0,192
1,0,1,0,1,0,0,0,0,0,1,1,2,0,0,hall_monitor_cif.y4m,17.5,17.494,0.015166,0.00535,0.0,41
1,0,1,1,0,0,0,0,0,0,1,0,4,5,0,hall_monitor_cif.y4m,53.31,53.29,0.131339,0.005349,0.0,37
1,0,1,0,0,1,0,0,0,0,0,0,4,5,0,hall_monitor_cif.y4m,45.46,45.454,0.051284,0.005419,0.0,26
1,1,1,1,0,0,0,1,0,0,0,0,1,0,3,hall_monitor_cif.y4m,76.77,76.732,0.09654,0.004666,0.0,273
1,1,1,1,0,0,1,1,0,0,0,1,1,5,6,hall_monitor_cif.y4m,62.72,62.71,0.153623,0.003791,0.0,233
1,1,1,0,1,0,1,1,0,0,1,1,8,0,0,hall_monitor_cif.y4m,25.11,25.08,0.067454,0.004008,0.0,101
1,0,1,1,0,0,0,0,0,0,0,1,2,5,3,hall_monitor_cif.y4m,51.61,51.582,0.138275,0.00535,0.0,39
1,1,1,0,1,0,0,1,0,0,0,1,1,15,0,hall_monitor_cif.y4m,26.94,26.978,0.076616,0.004665,0.0,106
1,1,1,0,1,0,0,0,1,1,0,0,1,0,0,hall_monitor_cif.y4m,21.85,21.838,0.080436,0.004691,0.0,242
1,1,1,1,0,0,1,1,0,0,1,0,2,15,0,hall_monitor_cif.y4m,68.83,68.762,0.149399,0.004015,0.0,193
1,0,1,0,1,0,1,0,0,0,1,0,1,15,6,hall_monitor_cif.y4m,18.53,18.548,0.034928,0.005004,0.0,103
1,1,1,0,1,0,0,1,0,1,1,1,8,5,6,hall_monitor_cif.y4m,25.85,25.882,0.065727,0.004203,0.0,1
1,0,1,1,0,0,0,0,0,1,1,1,1,0,0,hall_monitor_cif.y4m,52.45,52.496,0.194242,0.00535,0.0,61
1,1,1,1,0,0,0,0,1,0,0,0,2,0,0,hall_monitor_cif.y4m,59.77,59.722,0.104738,0.004691,0.0,56
1,1,1,0,1,0,0,1,0,0,1,0,8,15,3,hall_monitor_cif.y4m,27.59,27.576,0.045056,0.004245,0.0,148
1,0,1,0,1,0,0,0,0,1,0,1,2,5,0,hall_monitor_cif.y4m,17.45,17.474,0.076681,0.005347,0.0,112
1,0,1,0,1,0,1,0,0,0,1,0,8,15,3,hall_monitor_cif.y4m,18.91,18.9,0.02,0.005004,0.0,300
1,0,1,0,1,0,0,0,0,1,1,0,4,15,0,hall_monitor_cif.y4m,17.45,17.456,0.02881,0.00535,0.0,249
1,0,1,0,1,0,0,0,0,0,0,1,2,0,0,hall_monitor_cif.y4m,17.43,17.426,0.053198,0.005347,0.0,20
1,1,1,1,0,0,1,1,0,1,0,1,1,5,0,hall_monitor_cif.y4m,65.25,65.222,0.136088,0.004001,0.0,104
1,1,1,1,0,0,0,1,0,1,1,1,8,15,6,hall_monitor_cif.y4m,76.96,76.952,0.040866,0.004143,0.0,131
1,0,1,1,0,0,0,0,0,0,0,0,2,0,3,hall_monitor_cif.y4m,53.4,53.34,0.125698,0.005349,0.0,69
1,0,1,0,1,0,1,0,0,0,0,0,2,0,3,hall_monitor_cif.y4m,18.85,18.848,0.022804,0.005004,0.0,220
1,1,1,1,0,0,1,1,0,1,1,1,8,15,6,hall_monitor_cif.y4m,66.65,66.678,0.161152,0.003765,0.0,11
1,1,1,1,0,0,1,1,0,1,0,0,4,15,6,hall_monitor_cif.y4m,66.63,66.608,0.126174,0.003765,0.0,258
1,0,1,0,1,0,1,0,0,0,0,0,2,15,3,hall_monitor_cif.y4m,18.83,18.836,0.052249,0.005004,0.0,65
1,0,1,0,0,1,1,0,0,0,0,0,2,15,0,hall_monitor_cif.y4m,47.99,47.968,0.146185,0.005018,0.0,160
1,0,1,0,0,1,1,0,0,0,0,0,8,0,0,hall_monitor_cif.y4m,47.92,47.954,0.102616,0.005018,0.0,238
1,1,1,1,0,0,0,1,0,0,0,0,4,0,0,hall_monitor_cif.y4m,76.69,76.7,0.197104,0.004666,0.0,57
1,1,1,0,1,0,0,1,0,1,0,1,2,0,0,hall_monitor_cif.y4m,26.91,26.906,0.029665,0.004667,0.0,79
1,0,1,0,1,0,1,0,0,0,1,0,4,15,3,hall_monitor_cif.y4m,18.84,18.856,0.076354,0.005004,0.0,224
1,1,1,0,1,0,0,1,0,1,0,0,2,0,3,hall_monitor_cif.y4m,27.14,27.116,0.059414,0.004666,0.0,48
1,0,1,0,1,0,1,0,0,0,0,1,8,0,6,hall_monitor_cif.y4m,18.72,18.74,0.054772,0.005,0.0,173
1,1,1,1,0,0,1,1,0,0,1,1,1,0,0,hall_monitor_cif.y4m,64.3,64.378,0.166643,0.004001,0.0,283
1,0,1,0,1,0,0,0,0,0,0,0,1,0,6,hall_monitor_cif.y4m,17.41,17.414,0.029665,0.00535,0.0,190
1,0,1,0,1,0,1,0,0,1,1,1,4,0,6,hall_monitor_cif.y4m,18.9,18.91,0.046368,0.005004,0.0,259
1,0,1,1,0,0,0,0,0,0,0,1,1,15,3,hall_monitor_cif.y4m,52.52,52.458,0.166042,0.00535,0.0,7
1,0,1,0,0,1,0,0,0,0,0,1,2,5,0,hall_monitor_cif.y4m,45.55,45.546,0.135204,0.005417,0.0,73
1,1,1,1,0,0,1,1,0,0,0,0,2,0,6,hall_monitor_cif.y4m,66.59,66.626,0.082946,0.004015,0.0,63
1,0,1,0,0,1,1,0,0,1,1,0,2,15,3,hall_monitor_cif.y4m,47.26,47.316,0.157575,0.005018,0.0,284
1,0,1,1,0,0,1,0,0,1,0,1,8,15,6,hall_monitor_cif.y4m,56.6,56.652,0.170646,0.004996,0.0,250
1,1,1,0,1,0,0,1,0,0,0,0,2,5,0,hall_monitor_cif.y4m,27.25,27.264,0.036469,0.004664,0.0,209
1,0,1,0,1,0,1,0,0,0,0,1,4,5,3,hall_monitor_cif.y4m,18.72,18.752,0.067602,0.005,0.0,138
1,1,1,1,0,0,0,0,1,1,1,0,1,0,0,hall_monitor_cif.y4m,60.91,60.878,0.151723,0.004691,0.0,135
1,1,1,1,0,0,1,1,0,1,1,0,4,5,3,hall_monitor_cif.y4m,61.42,61.506,0.176862,0.003848,0.0,264
1,1,1,1,0,0,0,1,0,1,1,0,2,0,6,hall_monitor_cif.y4m,76.62,76.62,0.162942,0.004666,0.0,215
1,0,1,0,0,1,0,0,0,0,1,1,4,5,3,hall_monitor_cif.y4m,45.59,45.558,0.096799,0.005419,0.0,50
1,0,1,1,0,0,0,0,0,1,1,0,4,0,6,hall_monitor_cif.y4m,53.24,53.248,0.078867,0.005349,0.0,98
1,1,1,1,0,0,0,1,0,1,1,0,1,15,0,hall_monitor_cif.y4m,78.95,78.912,0.116919,0.004666,0.0,140
1,1,1,1,0,0,0,1,0,0,1,1,1,0,3,hall_monitor_cif.y4m,73.69,73.64,0.205183,0.004666,0.0,113
1,0,1,0,1,0,1,0,0,1,1,0,1,0,6,hall_monitor_cif.y4m,18.85,18.866,0.074027,0.005004,0.0,3
1,0,1,0,0,1,0,0,0,1,1,1,8,0,0,hall_monitor_cif.y4m,45.65,45.62,0.107703,0.005419,0.0,149
1,0,1,1,0,0,0,0,0,0,1,1,8,5,6,hall_monitor_cif.y4m,53.39,53.348,0.140784,0.005349,0.0,153
1,1,1,1,0,0,1,1,0,1,1,0,2,15,6,hall_monitor_cif.y4m,66.76,66.712,0.168434,0.003765,0.0,133
1,0,1,1,0,0,0,0,0,0,0,0,1,0,3,hall_monitor_cif.y4m,53.43,53.426,0.128957,0.005349,0.0,191
1,1,1,0,1,0,0,1,0,1,0,1,1,0,6,hall_monitor_cif.y4m,26.87,26.878,0.043243,0.004667,0.0,100
1,0,1,1,0,0,1,0,0,0,1,0,4,0,3,hall_monitor_cif.y4m,56.57,56.598,0.160842,0.004996,0.0,85
1,0,1,0,0,1,1,0,0,0,0,0,2,0,3,hall_monitor_cif.y4m,48.13,48.076,0.172569,0.005018,0.0,88
1,0,1,0,1,0,1,0,0,1,1,0,4,15,6,hall_monitor_cif.y4m,18.81,18.844,0.06229,0.005004,0.0,31
1,0,1,0,0,1,1,0,0,0,0,0,4,5,3,hall_monitor_cif.y4m,48.04,48.04,0.043012,0.005018,0.0,134
1,1,1,0,1,0,1,1,0,1,1,1,8,0,3,hall_monitor_cif.y4m,25.07,25.078,0.060166,0.004008,0.0,147
1,1,1,1,0,0,0,1,0,0,1,1,4,15,6,hall_monitor_cif.y4m,76.67,76.74,0.164012,0.004143,0.0,275
1,0,1,0,0,1,1,0,0,0,1,0,4,15,3,hall_monitor_cif.y4m,47.26,47.236,0.145705,0.005018,0.0,143
1,1,1,0,1,0,1,1,0,1,0,0,1,5,6,hall_monitor_cif.y4m,22.72,22.736,0.071972,0.003788,0.0,8
1,1,1,1,0,0,1,1,0,0,1,1,4,5,3,hall_monitor_cif.y4m,61.58,61.52,0.114673,0.003848,0.0,216
1,0,1,1,0,0,1,0,0,1,0,0,1,0,3,hall_monitor_cif.y4m,56.62,56.632,0.129112,0.004996,0.0,214
1,0,1,0,0,1,0,0,0,0,0,0,1,5,0,hall_monitor_cif.y4m,44.83,44.824,0.076026,0.005419,0.0,17
1,0,1,0,0,1,1,0,0,0,0,0,1,5,0,hall_monitor_cif.y4m,47.82,47.852,0.111893,0.005018,0.0,206
1,0,1,0,1,0,0,0,0,1,1,1,8,15,0,hall_monitor_cif.y4m,17.47,17.454,0.051284,0.00535,0.0,36
1,1,1,0,1,0,1,1,0,0,0,0,4,15,3,hall_monitor_cif.y4m,24.83,24.84,0.047958,0.003797,0.0,6
1,0,1,1,0,0,1,0,0,0,0,1,1,0,6,hall_monitor_cif.y4m,56.68,56.614,0.18743,0.004996,0.0,5
1,0,1,1,0,0,1,0,0,0,0,0,8,15,6,hall_monitor_cif.y4m,56.62,56.55,0.15411,0.004996,0.0,164
1,0,1,0,0,1,0,0,0,1,0,0,8,0,6,hall_monitor_cif.y4m,45.52,45.506,0.132966,0.005419,0.0,97
1,0,1,1,0,0,0,0,0,0,1,0,2,5,3,hall_monitor_cif.y4m,53.45,53.458,0.112561,0.005349,0.0,236
1,1,1,0,1,0,1,1,0,0,0,0,8,5,0,hall_monitor_cif.y4m,25.73,25.69,0.065192,0.004005,0.0,71
1,1,1,0,1,0,1,1,0,1,0,1,2,0,3,hall_monitor_cif.y4m,22.7,22.744,0.069857,0.004012,0.0,295
1,0,1,1,0,0,1,0,0,1,1,0,8,5,3,hall_monitor_cif.y4m,56.65,56.702,0.137368,0.004996,0.0,286
1,0,1,0,1,0,0,0,0,0,0,1,1,5,0,hall_monitor_cif.y4m,17.48,17.456,0.057706,0.005347,0.0,34
1,0,1,0,1,0,1,0,0,1,1,1,1,5,3,hall_monitor_cif.y4m,18.84,18.81,0.046368,0.005,0.0,240
1,0,1,0,0,1,1,0,0,0,0,1,4,15,3,hall_monitor_cif.y4m,47.89,47.868,0.151228,0.005028,0.0,18
1,0,1,0,1,0,0,0,0,0,1,0,8,0,6,hall_monitor_cif.y4m,17.49,17.492,0.074967,0.00535,0.0,102
1,1,1,1,0,0,1,0,1,0,1,0,4,0,0,hall_monitor_cif.y4m,57.44,57.428,0.215337,0.004191,0.0,51
1,1,1,1,0,0,1,1,0,0,0,1,4,15,6,hall_monitor_cif.y4m,66.38,66.43,0.183167,0.003771,0.0,282
1,0,1,0,1,0,1,0,0,1,1,1,1,0,3,hall_monitor_cif.y4m,18.79,18.79,0.044159,0.005,0.0,77
1,0,1,1,0,0,1,0,0,0,1,0,2,0,3,hall_monitor_cif.y4m,55.73,55.714,0.181604,0.004996,0.0,128
1,1,1,0,1,0,1,1,0,0,0,0,2,5,3,hall_monitor_cif.y4m,21.55,21.56,0.075166,0.00381,0.0,234
1,0,1,1,0,0,0,0,0,0,1,1,1,0,0,hall_monitor_cif.y4m,52.5,52.498,0.115412,0.00535,0.0,252
1,0,1,1,0,0,1,0,0,0,0,1,4,0,3,hall_monitor_cif.y4m,56.71,56.684,0.10139,0.004996,0.0,28
1,0,1,0,0,1,1,0,0,1,1,1,8,15,3,hall_monitor_cif.y4m,47.85,47.902,0.148728,0.005018,0.0,139
1,0,1,0,0,1,0,0,0,0,0,1,1,5,0,hall_monitor_cif.y4m,45.47,45.482,0.052631,0.005417,0.0,158
1,1,1,0,1,0,1,1,0,1,0,1,8,5,3,hall_monitor_cif.y4m,21.82,21.84,0.04899,0.003842,0.0,152
1,0,1,1,0,0,1,0,0,1,0,0,2,0,6,hall_monitor_cif.y4m,55.61,55.712,0.210167,0.004996,0.0,12
1,1,1,0,1,0,0,1,0,0,0,1,4,15,3,hall_monitor_cif.y4m,27.98,27.98,0.061237,0.004242,0.0,294
1,1,1,0,1,0,0,1,0,0,0,1,8,15,3,hall_monitor_cif.y4m,28.03,28.024,0.053666,0.004242,0.0,154
1,1,1,1,0,0,0,1,0,1,0,0,2,15,6,hall_monitor_cif.y4m,77.0,76.904,0.192302,0.004143,0.0,157
1,0,1,1,0,0,1,0,0,1,1,1,2,0,3,hall_monitor_cif.y4m,55.73,55.674,0.110136,0.004996,0.0,150
1,1,1,0,1,0,1,1,0,0,1,0,8,0,6,hall_monitor_cif.y4m,25.11,25.09,0.076485,0.004008,0.0,287
1,0,1,0,1,0,0,0,0,1,1,0,1,0,3,hall_monitor_cif.y4m,17.43,17.442,0.029496,0.00535,0.0,297
1,0,1,0,0,1,0,0,0,1,1,0,8,15,0,hall_monitor_cif.y4m,45.5,45.542,0.174557,0.005419,0.0,263
1,1,1,0,1,0,0,1,0,1,1,1,1,5,3,hall_monitor_cif.y4m,26.16,26.17,0.046904,0.004251,0.0,255
1,0,1,1,0,0,0,0,0,1,1,0,8,15,3,hall_monitor_cif.y4m,53.43,53.408,0.094974,0.005349,0.0,115
1,0,1,0,0,1,1,0,0,1,0,1,4,15,3,hall_monitor_cif.y4m,47.95,47.928,0.116276,0.005028,0.0,188
1,0,1,0,0,1,1,0,0,0,0,1,8,0,6,hall_monitor_cif.y4m,47.08,47.048,0.167839,0.005028,0.0,212
1,0,1,1,0,0,1,0,0,0,0,1,1,15,3,hall_monitor_cif.y4m,56.63,56.582,0.138996,0.004996,0.0,195
1,0,1,0,1,0,0,0,0,0,1,1,2,15,0,hall_monitor_cif.y4m,17.42,17.438,0.0614,0.00535,0.0,119
1,0,1,1,0,0,0,0,0,1,0,1,4,15,0,hall_monitor_cif.y4m,52.41,52.44,0.142302,0.00535,0.0,58
1,0,1,0,1,0,1,0,0,1,0,1,4,0,6,hall_monitor_cif.y4m,18.78,18.762,0.060166,0.005,0.0,277
1,0,1,0,1,0,1,0,0,0,1,1,4,5,6,hall_monitor_cif.y4m,18.91,18.902,0.035637,0.005004,0.0,64
1,1,1,0,1,0,1,1,0,1,0,0,2,0,0,hall_monitor_cif.y4m,25.08,25.09,0.070711,0.004008,0.0,285
1,1,1,0,1,0,1,1,0,1,0,0,4,0,0,hall_monitor_cif.y4m,24.66,24.676,0.04827,0.004008,0.0,290
1,0,1,1,0,0,0,0,0,1,0,1,8,5,6,hall_monitor_cif.y4m,52.57,52.544,0.178269,0.00535,0.0,196
1,1,1,1,0,0,1,0,1,1,1,1,1,0,0,hall_monitor_cif.y4m,56.38,56.34,0.138022,0.004216,0.0,93
1,0,1,1,0,0,1,0,0,0,1,1,4,5,6,hall_monitor_cif.y4m,55.65,55.58,0.16,0.004996,0.0,299
1,0,1,1,0,0,0,0,0,1,0,0,2,5,0,hall_monitor_cif.y4m,53.46,53.49,0.128647,0.005349,0.0,125
1,1,1,0,1,0,0,1,0,1,0,1,2,15,6,hall_monitor_cif.y4m,26.76,26.764,0.075697,0.004244,0.0,21
1,0,1,0,1,0,0,0,0,1,0,1,2,0,0,hall_monitor_cif.y4m,17.41,17.424,0.050299,0.005347,0.0,225
1,0,1,0,1,0,0,0,0,1,0,0,2,5,0,sintel_trailer_2k_480p24.y4m,27.26,27.306,0.134276,0.000316,0.0,114
1,1,1,1,0,0,0,0,1,0,0,1,1,0,0,sintel_trailer_2k_480p24.y4m,96.12,96.274,0.45987,0.000348,0.0,281
1,1,1,1,0,0,0,1,0,1,1,0,2,5,0,sintel_trailer_2k_480p24.y4m,66.69,66.748,0.167242,0.000327,0.0,49
1,0,1,0,0,1,1,0,0,0,0,0,2,15,6,sintel_trailer_2k_480p24.y4m,61.84,62.114,0.470882,0.000323,0.0,194
1,0,1,1,0,0,0,0,0,0,0,0,2,0,6,sintel_trailer_2k_480p24.y4m,69.73,69.866,0.256574,0.000313,0.0,62
1,1,1,0,1,0,0,1,0,1,1,1,1,15,3,sintel_trailer_2k_480p24.y4m,56.7,56.58,0.260096,0.000334,0.0,91
1,0,1,0,0,1,1,0,0,0,0,0,4,0,6,sintel_trailer_2k_480p24.y4m,62.45,62.288,0.359333,0.000323,0.0,107
1,0,1,1,0,0,1,0,0,0,0,1,4,5,3,sintel_trailer_2k_480p24.y4m,79.18,79.118,0.136638,0.000322,0.0,181
1,0,1,0,1,0,1,0,0,0,0,0,4,5,0,sintel_trailer_2k_480p24.y4m,30.37,30.318,0.181025,0.000323,0.0,247
1,0,1,1,0,0,0,0,0,1,1,0,4,5,3,sintel_trailer_2k_480p24.y4m,42.17,42.138,0.198671,0.000312,0.0,166
1,0,1,0,0,1,0,0,0,0,1,1,4,0,0,sintel_trailer_2k_480p24.y4m,34.5,34.568,0.142021,0.000331,0.0,25
1,1,1,0,1,0,0,1,0,0,0,1,8,0,6,sintel_trailer_2k_480p24.y4m,49.46,49.286,0.27061,0.00033,0.0,203
1,1,1,1,0,0,1,1,0,1,1,1,4,5,6,sintel_trailer_2k_480p24.y4m,69.14,69.04,0.352987,0.000295,0.0,219
1,0,1,0,0,1,0,0,0,0,0,0,4,15,0,sintel_trailer_2k_480p24.y4m,56.44,56.602,0.37851,0.000329,0.0,162
1,0,1,1,0,0,1,0,0,0,1,0,4,15,6,sintel_trailer_2k_480p24.y4m,47.31,47.37,0.141421,0.000323,0.0,182
1,0,1,0,0,1,0,0,0,1,1,0,1,15,6,sintel_trailer_2k_480p24.y4m,56.86,56.642,0.413183,0.000331,0.0,10
1,1,1,1,0,0,1,1,0,1,1,1,2,15,0,sintel_trailer_2k_480p24.y4m,67.25,67.174,0.365828,0.000297,0.0,14
1,1,1,1,0,0,0,1,0,0,0,1,1,0,6,sintel_trailer_2k_480p24.y4m,107.41,107.376,0.082037,0.000331,0.0,89
1,1,1,1,0,0,0,1,0,1,1,1,1,5,0,sintel_trailer_2k_480p24.y4m,107.6,107.268,0.557423,0.000329,0.0,116
1,0,1,1,0,0,0,0,0,0,1,1,4,15,3,sintel_trailer_2k_480p24.y4m,42.12,42.056,0.186896,0.000312,0.0,217
1,1,1,0,1,0,0,1,0,0,1,0,1,0,0,sintel_trailer_2k_480p24.y4m,48.91,48.992,0.254696,0.00033,0.0,75
1,1,1,0,1,0,0,1,0,1,1,1,2,15,6,sintel_trailer_2k_480p24.y4m,38.45,38.492,0.185257,0.000333,0.0,266
1,0,1,1,0,0,1,0,0,0,1,1,4,15,3,sintel_trailer_2k_480p24.y4m,47.11,47.232,0.317758,0.000323,0.0,268
1,0,1,0,1,0,1,0,0,1,1,1,4,15,3,sintel_trailer_2k_480p24.y4m,18.91,18.856,0.118448,0.000323,0.0,187
1,0,1,0,0,1,1,0,0,0,1,0,8,15,3,sintel_trailer_2k_480p24.y4m,37.93,37.916,0.080808,0.000322,0.0,161
1,0,1,0,1,0,1,0,0,0,1,0,2,0,6,sintel_trailer_2k_480p24.y4m,18.79,18.778,0.172395,0.000323,0.0,23
1,1,1,1,0,0,0,1,0,1,1,0,2,5,6,sintel_trailer_2k_480p24.y4m,72.02,72.024,0.174442,0.000331,0.0,2
1,1,1,1,0,0,1,0,1,1,0,1,2,0,0,sintel_trailer_2k_480p24.y4m,89.34,89.158,0.35968,0.000314,0.0,16
1,0,1,1,0,0,0,0,0,1,1,1,8,15,0,sintel_trailer_2k_480p24.y4m,41.88,41.996,0.214313,0.000312,0.0,262
1,1,1,1,0,0,0,1,0,1,1,0,4,5,0,sintel_trailer_2k_480p24.y4m,66.75,66.762,0.166643,0.000327,0.0,66
1,0,1,1,0,0,0,0,0,1,0,0,2,0,0,sintel_trailer_2k_480p24.y4m,70.42,70.4,0.11225,0.000313,0.0,86
1,0,1,0,1,0,1,0,0,0,1,0,2,5,6,sintel_trailer_2k_480p24.y4m,18.65,18.706,0.192691,0.000323,0.0,231
1,0,1,0,1,0,0,0,0,0,0,0,4,5,0,sintel_trailer_2k_480p24.y4m,27.2,27.116,0.167123,0.000316,0.0,269
1,1,1,0,1,0,1,1,0,0,1,0,1,5,0,sintel_trailer_2k_480p24.y4m,48.17,48.254,0.19756,0.000294,0.0,180
1,0,1,0,0,1,0,0,0,0,1,0,4,5,6,sintel_trailer_2k_480p24.y4m,34.51,34.544,0.281745,0.000331,0.0,274
1,1,1,1,0,0,0,1,0,1,1,0,2,15,6,sintel_trailer_2k_480p24.y4m,77.83,77.882,0.43803,0.000333,0.0,184
1,0,1,0,0,1,1,0,0,0,0,1,4,5,0,sintel_trailer_2k_480p24.y4m,62.48,62.338,0.435282,0.000322,0.0,118
1,1,1,1,0,0,0,1,0,0,0,0,1,0,6,sintel_trailer_2k_480p24.y4m,108.03,107.86,0.575717,0.000332,0.0,254
1,0,1,1,0,0,1,0,0,0,1,1,4,5,0,sintel_trailer_2k_480p24.y4m,46.82,47.102,0.448965,0.000323,0.0,208
1,0,1,0,0,1,1,0,0,1,1,0,4,5,6,sintel_trailer_2k_480p24.y4m,37.5,37.554,0.302043,0.000322,0.0,279
1,1,1,1,0,0,0,1,0,0,1,1,4,15,3,sintel_trailer_2k_480p24.y4m,78.95,78.922,0.229063,0.000333,0.0,229
1,0,1,0,0,1,1,0,0,1,1,1,1,0,0,sintel_trailer_2k_480p24.y4m,62.79,62.47,0.458094,0.000322,0.0,46
1,0,1,0,0,1,0,0,0,1,1,1,4,5,6,sintel_trailer_2k_480p24.y4m,34.52,34.442,0.210286,0.000331,0.0,171
1,1,1,1,0,0,0,1,0,0,1,0,2,5,0,sintel_trailer_2k_480p24.y4m,66.46,66.462,0.261763,0.000327,0.0,99
1,0,1,0,0,1,0,0,0,0,0,0,8,0,0,sintel_trailer_2k_480p24.y4m,56.31,56.29,0.263439,0.000329,0.0,81
1,1,1,1,0,0,1,1,0,1,0,1,8,5,0,sintel_trailer_2k_480p24.y4m,102.19,102.364,0.475952,0.000296,0.0,155
1,0,1,0,1,0,0,0,0,1,0,1,1,15,6,sintel_trailer_2k_480p24.y4m,27.36,27.274,0.17358,0.000314,0.0,96
1,1,1,1,0,0,0,1,0,1,1,1,8,0,0,sintel_trailer_2k_480p24.y4m,64.89,64.962,0.582469,0.000328,0.0,218
1,1,1,1,0,0,1,1,0,1,1,0,8,0,6,sintel_trailer_2k_480p24.y4m,63.56,63.63,0.170294,0.000294,0.0,53
1,1,1,0,1,0,1,0,1,0,0,0,2,0,0,sintel_trailer_2k_480p24.y4m,40.74,40.714,0.129538,0.000313,0.0,109
1,0,1,0,1,0,0,0,0,0,1,0,4,5,6,sintel_trailer_2k_480p24.y4m,16.97,16.988,0.043818,0.000313,0.0,185
1,1,1,1,0,0,0,1,0,0,1,1,2,0,0,sintel_trailer_2k_480p24.y4m,65.38,65.322,0.241599,0.000328,0.0,239
1,0,1,1,0,0,0,0,0,0,0,1,2,0,0,sintel_trailer_2k_480p24.y4m,69.73,69.894,0.457854,0.000311,0.0,276
1,0,1,1,0,0,1,0,0,0,0,1,4,0,6,sintel_trailer_2k_480p24.y4m,79.02,78.872,0.414693,0.000322,0.0,257
1,0,1,0,0,1,0,0,0,1,1,0,1,5,0,sintel_trailer_2k_480p24.y4m,56.23,56.212,0.362864,0.000331,0.0,42
1,1,1,0,1,0,1,1,0,0,0,0,2,15,3,sintel_trailer_2k_480p24.y4m,55.24,55.114,0.306888,0.000294,0.0,204
1,0,1,1,0,0,1,0,0,1,0,1,2,15,6,sintel_trailer_2k_480p24.y4m,79.03,78.848,0.413243,0.000322,0.0,145
1,0,1,0,1,0,0,0,0,0,0,0,2,0,3,sintel_trailer_2k_480p24.y4m,27.21,27.226,0.146048,0.000316,0.0,246
1,1,1,1,0,0,0,1,0,0,1,1,8,0,0,sintel_trailer_2k_480p24.y4m,64.84,64.922,0.248032,0.000328,0.0,202
1,1,1,0,1,0,0,1,0,1,0,0,2,5,3,sintel_trailer_2k_480p24.y4m,53.66,53.46,0.310805,0.000333,0.0,70
1,0,1,0,1,0,0,0,0,0,1,0,1,5,3,sintel_trailer_2k_480p24.y4m,27.13,27.11,0.043012,0.000313,0.0,230
1,0,1,0,1,0,1,0,0,0,0,0,4,15,6,sintel_trailer_2k_480p24.y4m,30.36,30.254,0.208758,0.000323,0.0,267
1,1,1,1,0,0,1,1,0,0,0,1,8,5,3,sintel_trailer_2k_480p24.y4m,106.85,107.19,0.523832,0.000294,0.0,146
1,0,1,0,1,0,1,0,0,0,0,1,2,15,0,sintel_trailer_2k_480p24.y4m,29.94,30.134,0.281656,0.000323,0.0,27
1,0,1,0,1,0,1,0,0,0,1,1,8,0,3,sintel_trailer_2k_480p24.y4m,18.56,18.564,0.151427,0.000323,0.0,137
1,1,1,1,0,0,0,1,0,0,1,1,2,15,0,sintel_trailer_2k_480p24.y4m,66.31,66.51,0.51415,0.000327,0.0,189
1,1,1,0,1,0,1,1,0,1,0,0,4,15,0,sintel_trailer_2k_480p24.y4m,48.72,48.7,0.06442,0.000297,0.0,132
1,1,1,1,0,0,0,0,1,1,0,1,8,0,0,sintel_trailer_2k_480p24.y4m,95.97,96.15,0.450999,0.000348,0.0,169
1,0,1,0,0,1,0,0,0,0,0,0,1,5,6,sintel_trailer_2k_480p24.y4m,55.87,56.078,0.433094,0.000329,0.0,33
1,0,1,1,0,0,0,0,0,0,1,1,8,15,0,sintel_trailer_2k_480p24.y4m,41.84,41.942,0.27335,0.000312,0.0,205
1,0,1,1,0,0,0,0,0,1,0,1,2,0,0,sintel_trailer_2k_480p24.y4m,69.7,69.96,0.521344,0.000311,0.0,245
1,1,1,0,1,0,1,1,0,0,1,1,1,15,0,sintel_trailer_2k_480p24.y4m,45.78,45.684,0.203666,0.000297,0.0,298
1,0,1,1,0,0,1,0,0,1,1,0,2,5,6,sintel_trailer_2k_480p24.y4m,47.42,47.386,0.205621,0.000323,0.0,163
1,1,1,1,0,0,0,1,0,0,0,0,1,5,0,sintel_trailer_2k_480p24.y4m,106.75,106.562,0.429034,0.000328,0.0,123
1,0,1,0,0,1,1,0,0,1,0,0,4,15,0,sintel_trailer_2k_480p24.y4m,62.16,62.222,0.384799,0.000323,0.0,4
1,0,1,0,0,1,1,0,0,1,1,0,8,5,6,sintel_trailer_2k_480p24.y4m,37.44,37.44,0.018708,0.000322,0.0,141
1,1,1,0,1,0,0,1,0,1,0,0,8,5,6,sintel_trailer_2k_480p24.y4m,52.58,52.404,0.260058,0.000334,0.0,129
1,1,1,0,1,0,1,1,0,1,1,0,4,5,3,sintel_trailer_2k_480p24.y4m,34.26,34.252,0.201916,0.000291,0.0,159
1,0,1,0,0,1,1,0,0,1,0,0,1,0,0,sintel_trailer_2k_480p24.y4m,62.37,62.258,0.416257,0.000323,0.0,22
1,0,1,0,0,1,0,0,0,1,0,1,2,0,6,sintel_trailer_2k_480p24.y4m,55.52,55.622,0.350528,0.00033,0.0,175
1,1,1,1,0,0,0,1,0,1,1,1,8,5,6,sintel_trailer_2k_480p24.y4m,71.99,71.77,0.40243,0.000331,0.0,151
1,1,1,0,1,0,0,1,0,0,1,0,2,5,0,sintel_trailer_2k_480p24.y4m,32.77,32.738,0.157544,0.000331,0.0,52
1,0,1,0,0,1,0,0,0,0,0,1,4,0,3,sintel_trailer_2k_480p24.y4m,56.58,56.616,0.14775,0.00033,0.0,108
1,0,1,0,1,0,1,0,0,0,0,1,8,15,0,sintel_trailer_2k_480p24.y4m,29.99,30.028,0.123774,0.000323,0.0,72
1,0,1,1,0,0,1,0,0,1,1,0,8,0,6,sintel_trailer_2k_480p24.y4m,47.35,47.396,0.24501,0.000323,0.0,248
1,1,1,1,0,0,1,1,0,1,1,0,8,5,6,sintel_trailer_2k_480p24.y4m,69.64,69.686,0.243475,0.000295,0.0,174
1,0,1,1,0,0,1,0,0,1,1,1,8,0,3,sintel_trailer_2k_480p24.y4m,46.53,46.56,0.127279,0.000323,0.0,130
1,1,1,0,1,0,1,1,0,1,1,1,8,15,0,sintel_trailer_2k_480p24.y4m,32.02,31.94,0.114237,0.000294,0.0,168
1,0,1,0,0,1,1,0,0,1,0,1,8,0,6,sintel_trailer_2k_480p24.y4m,62.03,62.216,0.398911,0.000322,0.0,198
1,0,1,0,0,1,1,0,0,1,1,0,1,0,3,sintel_trailer_2k_480p24.y4m,62.74,62.672,0.293036,0.000322,0.0,83
1,1,1,1,0,0,1,1,0,0,1,0,1,0,3,sintel_trailer_2k_480p24.y4m,100.23,100.2,0.370135,0.000294,0.0,291
1,0,1,0,1,0,0,0,0,1,1,0,1,0,6,sintel_trailer_2k_480p24.y4m,26.81,26.906,0.154693,0.000313,0.0,237
1,0,1,0,0,1,0,0,0,1,1,1,2,15,3,sintel_trailer_2k_480p24.y4m,34.42,34.428,0.330182,0.000331,0.0,90
1,1,1,1,0,0,1,1,0,0,0,1,1,15,0,sintel_trailer_2k_480p24.y4m,103.36,103.174,0.474689,0.000296,0.0,87
1,0,1,1,0,0,1,0,0,1,0,0,1,5,0,sintel_trailer_2k_480p24.y4m,79.01,79.282,0.502663,0.000323,0.0,74
1,0,1,0,0,1,0,0,0,1,0,0,2,0,3,sintel_trailer_2k_480p24.y4m,56.96,56.716,0.465704,0.000329,0.0,201
1,0,1,0,1,0,0,0,0,1,0,1,1,0,0,sintel_trailer_2k_480p24.y4m,26.9,26.99,0.175642,0.000314,0.0,183
1,0,1,1,0,0,0,0,0,0,0,0,4,0,6,sintel_trailer_2k_480p24.y4m,70.12,70.0,0.341687,0.000313,0.0,227
1,1,1,0,1,0,1,1,0,0,0,0,1,15,6,sintel_trailer_2k_480p24.y4m,51.08,51.158,0.231991,0.000288,0.0,222
1,0,1,0,0,1,0,0,0,0,1,0,8,0,6,sintel_trailer_2k_480p24.y4m,34.73,34.72,0.187483,0.000331,0.0,55
1,0,1,1,0,0,0,0,0,0,1,1,2,5,0,sintel_trailer_2k_480p24.y4m,41.94,41.918,0.269388,0.000312,0.0,142
1,0,1,1,0,0,1,0,0,1,0,1,1,5,6,sintel_trailer_2k_480p24.y4m,79.06,78.776,0.476686,0.000322,0.0,124
1,0,1,1,0,0,1,0,0,0,0,0,8,0,0,sintel_trailer_2k_480p24.y4m,78.0,78.362,0.537187,0.000323,0.0,95
1,0,1,1,0,0,1,0,0,1,0,0,2,15,0,sintel_trailer_2k_480p24.y4m,78.9,79.044,0.325315,0.000323,0.0,241
1,0,1,0,1,0,0,0,0,0,1,1,1,5,3,sintel_trailer_2k_480p24.y4m,27.12,27.176,0.136492,0.000317,0.0,289
1,0,1,1,0,0,1,0,0,1,1,0,1,5,0,sintel_trailer_2k_480p24.y4m,78.59,78.776,0.475058,0.000323,0.0,278
1,1,1,0,1,0,0,1,0,1,1,0,1,0,6,sintel_trailer_2k_480p24.y4m,48.84,49.072,0.348454,0.00033,0.0,176
1,0,1,0,0,1,1,0,0,0,1,0,8,5,0,sintel_trailer_2k_480p24.y4m,37.92,37.864,0.283602,0.000322,0.0,122
1,0,1,0,0,1,0,0,0,0,1,0,4,0,6,sintel_trailer_2k_480p24.y4m,34.43,34.472,0.21312,0.000331,0.0,30
1,1,1,0,1,0,0,1,0,0,0,0,2,0,6,sintel_trailer_2k_480p24.y4m,50.01,50.098,0.250739,0.000331,0.0,251
1,0,1,1,0,0,0,0,0,0,0,1,1,0,0,sintel_trailer_2k_480p24.y4m,69.78,69.956,0.471307,0.000311,0.0,120
1,0,1,1,0,0,0,0,0,0,0,1,2,15,6,sintel_trailer_2k_480p24.y4m,70.14,69.986,0.436326,0.000311,0.0,144
1,0,1,0,1,0,1,0,0,0,0,0,1,0,3,sintel_trailer_2k_480p24.y4m,30.03,30.042,0.029496,0.000323,0.0,265
1,1,1,0,1,0,0,1,0,0,1,0,2,0,6,sintel_trailer_2k_480p24.y4m,32.45,32.512,0.160375,0.00033,0.0,260
1,1,1,0,1,0,0,1,0,0,0,1,1,0,3,sintel_trailer_2k_480p24.y4m,49.99,50.012,0.044944,0.00033,0.0,78
1,0,1,0,1,0,0,0,0,0,1,1,8,15,3,sintel_trailer_2k_480p24.y4m,16.77,16.77,0.062849,0.000313,0.0,84
1,0,1,1,0,0,1,0,0,1,0,0,4,15,3,sintel_trailer_2k_480p24.y4m,78.76,78.562,0.351739,0.000323,0.0,296
1,0,1,0,0,1,0,0,0,0,0,1,2,5,6,sintel_trailer_2k_480p24.y4m,56.6,56.392,0.361068,0.00033,0.0,232
1,0,1,0,0,1,1,0,0,0,1,0,4,15,6,sintel_trailer_2k_480p24.y4m,38.04,38.014,0.210547,0.000322,0.0,213
1,1,1,0,1,0,0,1,0,0,1,1,8,15,3,sintel_trailer_2k_480p24.y4m,40.4,40.324,0.215476,0.000331,0.0,94
1,0,1,0,1,0,0,0,0,0,1,1,1,5,0,sintel_trailer_2k_480p24.y4m,27.11,27.12,0.062048,0.000317,0.0,178
1,0,1,1,0,0,1,0,0,1,0,0,4,0,0,sintel_trailer_2k_480p24.y4m,79.08,79.214,0.294415,0.000323,0.0,127
1,1,1,0,1,0,1,1,0,0,1,0,8,5,6,sintel_trailer_2k_480p24.y4m,34.3,34.204,0.201072,0.000294,0.0,111
1,0,1,0,1,0,0,0,0,0,0,1,1,0,6,sintel_trailer_2k_480p24.y4m,27.38,27.306,0.146048,0.000314,0.0,92
1,1,1,1,0,0,0,1,0,0,1,0,8,15,6,sintel_trailer_2k_480p24.y4m,77.54,77.526,0.256574,0.000333,0.0,54
1,0,1,0,0,1,0,0,0,0,0,1,2,15,0,sintel_trailer_2k_480p24.y4m,55.91,55.974,0.152414,0.00033,0.0,45
1,0,1,1,0,0,0,0,0,1,0,0,4,0,6,sintel_trailer_2k_480p24.y4m,70.26,70.016,0.445006,0.000313,0.0,226
1,1,1,1,0,0,1,1,0,1,0,0,8,5,0,sintel_trailer_2k_480p24.y4m,101.43,101.792,0.542835,0.000293,0.0,200
1,0,1,0,0,1,1,0,0,1,0,1,8,5,6,sintel_trailer_2k_480p24.y4m,62.54,62.444,0.280767,0.000322,0.0,59
1,1,1,0,1,0,1,0,1,0,0,1,2,0,0,sintel_trailer_2k_480p24.y4m,41.32,41.428,0.220839,0.000311,0.0,19
1,1,1,1,0,0,0,1,0,1,0,0,2,15,0,sintel_trailer_2k_480p24.y4m,106.05,106.292,0.468103,0.000328,0.0,47
1,1,1,0,1,0,1,1,0,0,0,1,4,5,6,sintel_trailer_2k_480p24.y4m,51.35,51.372,0.040866,0.000292,0.0,32
1,1,1,0,1,0,0,1,0,1,0,0,1,5,6,sintel_trailer_2k_480p24.y4m,52.07,52.176,0.233944,0.000334,0.0,170
1,0,1,0,0,1,0,0,0,1,1,0,1,15,0,sintel_trailer_2k_480p24.y4m,56.47,56.588,0.353723,0.000331,0.0,270
1,0,1,1,0,0,1,0,0,1,0,1,4,15,6,sintel_trailer_2k_480p24.y4m,78.55,78.598,0.391752,0.000322,0.0,207
1,1,1,0,1,0,0,1,0,1,1,1,1,5,6,sintel_trailer_2k_480p24.y4m,54.34,54.474,0.260058,0.000333,0.0,43
1,0,1,0,1,0,1,0,0,0,1,1,1,0,3,sintel_trailer_2k_480p24.y4m,29.87,29.96,0.172047,0.000323,0.0,40
1,1,1,0,1,0,0,1,0,0,1,1,1,5,3,sintel_trailer_2k_480p24.y4m,52.73,52.66,0.250599,0.000332,0.0,117
1,0,1,0,0,1,0,0,0,0,1,0,8,15,6,sintel_trailer_2k_480p24.y4m,34.8,34.724,0.234585,0.000331,0.0,253
1,0,1,1,0,0,0,0,0,1,0,0,1,15,3,sintel_trailer_2k_480p24.y4m,70.29,70.042,0.457023,0.000313,0.0,68
1,1,1,1,0,0,0,1,0,1,1,1,1,15,6,sintel_trailer_2k_480p24.y4m,116.72,116.41,0.479583,0.000331,0.0,186
1,1,1,0,1,0,1,1,0,0,0,1,8,15,3,sintel_trailer_2k_480p24.y4m,54.21,54.314,0.236918,0.000289,0.0,288
1,1,1,0,1,0,0,1,0,0,0,0,2,0,0,sintel_trailer_2k_480p24.y4m,49.9,50.082,0.268831,0.000331,0.0,15
1,0,1,1,0,0,0,0,0,0,1,1,2,15,3,sintel_trailer_2k_480p24.y4m,41.85,41.912,0.177539,0.000312,0.0,82
1,1,1,1,0,0,0,1,0,0,0,0,4,15,6,sintel_trailer_2k_480p24.y4m,119.4,119.246,0.532992,0.000334,0.0,211
1,0,1,0,1,0,1,0,0,1,1,1,8,15,6,sintel_trailer_2k_480p24.y4m,18.75,18.76,0.02,0.000323,0.0,177
1,1,1,0,1,0,0,1,0,1,1,1,2,5,3,sintel_trailer_2k_480p24.y4m,35.75,35.824,0.239541,0.000332,0.0,210
1,0,1,1,0,0,0,0,0,1,1,1,2,0,3,sintel_trailer_2k_480p24.y4m,41.95,42.0,0.158902,0.000312,0.0,13
1,0,1,0,1,0,1,0,0,0,0,1,2,15,3,sintel_trailer_2k_480p24.y4m,30.02,30.064,0.14519,0.000323,0.0,228
1,0,1,0,1,0,1,0,0,1,1,0,4,5,3,sintel_trailer_2k_480p24.y4m,18.88,18.846,0.105024,0.000323,0.0,38
1,1,1,1,0,0,0,1,0,0,0,1,4,15,6,sintel_trailer_2k_480p24.y4m,117.76,117.468,0.546049,0.000333,0.0,29
1,1,1,1,0,0,1,0,1,1,0,0,8,0,0,sintel_trailer_2k_480p24.y4m,90.38,90.53,0.408534,0.000314,0.0,24
1,1,1,1,0,0,0,1,0,0,0,0,8,5,6,sintel_trailer_2k_480p24.y4m,111.61,111.478,0.393789,0.00033,0.0,293
1,1,1,1,0,0,0,1,0,0,1,0,2,5,6,sintel_trailer_2k_480p24.y4m,71.73,71.76,0.125499,0.000331,0.0,67
1,1,1,0,1,0,0,1,0,1,0,1,2,5,0,sintel_trailer_2k_480p24.y4m,49.91,49.992,0.29141,0.000329,0.0,199
1,0,1,0,0,1,1,0,0,1,1,0,8,15,3,sintel_trailer_2k_480p24.y4m,37.96,38.024,0.122188,0.000322,0.0,244
1,0,1,0,0,1,1,0,0,0,0,0,8,15,0,sintel_trailer_2k_480p24.y4m,61.77,61.622,0.3705,0.000323,0.0,80
1,1,1,1,0,0,1,1,0,1,1,1,2,0,3,sintel_trailer_2k_480p24.y4m,63.76,63.554,0.322847,0.000294,0.0,223
1,1,1,0,1,0,1,1,0,0,1,0,8,5,0,sintel_trailer_2k_480p24.y4m,32.2,32.184,0.086197,0.000294,0.0,121
1,0,1,1,0,0,1,0,0,0,0,0,8,5,3,sintel_trailer_2k_480p24.y4m,79.74,79.644,0.375007,0.000323,0.0,261
1,0,1,1,0,0,1,0,0,1,1,0,1,5,6,sintel_trailer_2k_480p24.y4m,77.66,77.78,0.434108,0.000323,0.0,156
1,1,1,1,0,0,0,1,0,0,1,0,4,15,3,sintel_trailer_2k_480p24.y4m,78.76,78.798,0.158493,0.000333,0.0,271
1,1,1,1,0,0,1,1,0,1,0,0,2,15,3,sintel_trailer_2k_480p24.y4m,113.42,113.446,0.564606,0.000294,0.0,9
1,1,1,1,0,0,1,1,0,1,0,1,1,0,0,sintel_trailer_2k_480p24.y4m,100.79,100.656,0.308188,0.000296,0.0,165
1,0,1,0,0,1,1,0,0,1,0,0,1,15,6,sintel_trailer_2k_480p24.y4m,62.53,62.366,0.390551,0.000323,0.0,126
1,0,1,1,0,0,1,0,0,1,1,1,8,5,0,sintel_trailer_2k_480p24.y4m,47.46,47.358,0.279589,0.000323,0.0,280
1,0,1,1,0,0,0,0,0,1,1,0,2,5,3,sintel_trailer_2k_480p24.y4m,41.73,41.616,0.219613,0.000312,0.0,172
1,0,1,0,1,0,1,0,0,0,0,0,1,15,6,sintel_trailer_2k_480p24.y4m,30.36,30.388,0.070498,0.000323,0.0,292
1,0,1,0,0,1,0,0,0,1,0,1,1,0,3,sintel_trailer_2k_480p24.y4m,56.53,56.372,0.398146,0.00033,0.0,179
1,0,1,0,0,1,1,0,0,1,0,1,2,0,3,sintel_trailer_2k_480p24.y4m,62.08,62.064,0.404883,0.000322,0.0,272
1,0,1,0,0,1,1,0,0,0,1,0,4,5,0,sintel_trailer_2k_480p24.y4m,37.93,38.042,0.201668,0.000322,0.0,105
1,0,1,0,1,0,0,0,0,0,0,0,1,0,3,sintel_trailer_2k_480p24.y4m,26.97,27.014,0.156301,0.000316,0.0,76
1,0,1,1,0,0,1,0,0,0,1,0,4,15,3,sintel_trailer_2k_480p24.y4m,47.51,47.458,0.199675,0.000323,0.0,197
1,1,1,1,0,0,1,1,0,0,1,0,1,15,0,sintel_trailer_2k_480p24.y4m,106.82,106.442,0.557647,0.000297,0.0,221
1,1,1,1,0,0,1,1,0,0,1,0,8,15,6,sintel_trailer_2k_480p24.y4m,74.74,74.684,0.228101,0.000291,0.0,167
1,1,1,0,1,0,0,1,0,1,0,1,4,15,6,sintel_trailer_2k_480p24.y4m,55.96,55.796,0.270795,0.000332,0.0,136
1,1,1,1,0,0,0,1,0,1,0,1,8,15,6,sintel_trailer_2k_480p24.y4m,115.74,115.872,0.453343,0.000333,0.0,243
1,0,1,0,1,0,0,0,0,1,0,1,8,15,6,sintel_trailer_2k_480p24.y4m,27.15,27.2,0.150831,0.000314,0.0,60
1,0,1,1,0,0,0,0,0,1,0,1,2,0,6,sintel_trailer_2k_480p24.y4m,69.62,69.854,0.446184,0.000311,0.0,110
1,1,1,1,0,0,1,1,0,1,0,0,1,15,6,sintel_trailer_2k_480p24.y4m,114.29,113.976,0.51974,0.000291,0.0,35
1,0,1,1,0,0,1,0,0,0,1,1,2,5,6,sintel_trailer_2k_480p24.y4m,47.42,47.28,0.392938,0.000323,0.0,235
1,0,1,1,0,0,0,0,0,1,0,0,1,0,3,sintel_trailer_2k_480p24.y4m,69.48,69.468,0.066858,0.000313,0.0,44
1,1,1,0,1,0,1,1,0,0,1,0,4,15,3,sintel_trailer_2k_480p24.y4m,38.18,38.148,0.111221,0.000292,0.0,256
1,0,1,0,0,1,0,0,0,0,1,1,8,0,0,sintel_trailer_2k_480p24.y4m,34.42,34.414,0.246333,0.000331,0.0,192
1,0,1,0,1,0,0,0,0,0,1,1,2,0,0,sintel_trailer_2k_480p24.y4m,17.02,17.038,0.149399,0.000313,0.0,41
1,0,1,1,0,0,0,0,0,0,1,0,4,5,0,sintel_trailer_2k_480p24.y4m,41.84,41.788,0.085849,0.000312,0.0,37
1,0,1,0,0,1,0,0,0,0,0,0,4,5,0,sintel_trailer_2k_480p24.y4m,55.79,55.968,0.396321,0.000329,0.0,26
1,1,1,1,0,0,0,1,0,0,0,0,1,0,3,sintel_trailer_2k_480p24.y4m,107.82,107.606,0.578991,0.000332,0.0,273
1,1,1,1,0,0,1,1,0,0,0,1,1,5,6,sintel_trailer_2k_480p24.y4m,103.97,104.006,0.074027,0.00029,0.0,233
1,1,1,0,1,0,1,1,0,0,1,1,8,0,0,sintel_trailer_2k_480p24.y4m,31.93,32.05,0.175926,0.000295,0.0,101
1,0,1,1,0,0,0,0,0,0,0,1,2,5,3,sintel_trailer_2k_480p24.y4m,69.55,69.724,0.427001,0.000311,0.0,39
1,1,1,0,1,0,0,1,0,0,0,1,1,15,0,sintel_trailer_2k_480p24.y4m,49.76,49.904,0.253535,0.000329,0.0,106
1,1,1,0,1,0,0,0,1,1,0,0,1,0,0,sintel_trailer_2k_480p24.y4m,42.34,42.226,0.210903,0.000348,0.0,242
1,1,1,1,0,0,1,1,0,0,1,0,2,15,0,sintel_trailer_2k_480p24.y4m,67.54,67.496,0.270241,0.000297,0.0,193
1,0,1,0,1,0,1,0,0,0,1,0,1,15,6,sintel_trailer_2k_480p24.y4m,30.03,29.96,0.223719,0.000323,0.0,103
1,1,1,0,1,0,0,1,0,1,1,1,8,5,6,sintel_trailer_2k_480p24.y4m,37.03,36.942,0.187136,0.000338,0.0,1
1,0,1,1,0,0,0,0,0,1,1,1,1,0,0,sintel_trailer_2k_480p24.y4m,68.39,68.424,0.076026,0.000312,0.0,61
1,1,1,1,0,0,0,0,1,0,0,0,2,0,0,sintel_trailer_2k_480p24.y4m,96.35,96.094,0.474479,0.000348,0.0,56
1,1,1,0,1,0,0,1,0,0,1,0,8,15,3,sintel_trailer_2k_480p24.y4m,40.44,40.332,0.229499,0.000331,0.0,148
1,0,1,0,1,0,0,0,0,1,0,1,2,5,0,sintel_trailer_2k_480p24.y4m,27.09,27.186,0.156621,0.000314,0.0,112
1,0,1,0,1,0,1,0,0,0,1,0,8,15,3,sintel_trailer_2k_480p24.y4m,18.78,18.836,0.114586,0.000323,0.0,300
1,0,1,0,1,0,0,0,0,1,1,0,4,15,0,sintel_trailer_2k_480p24.y4m,17.18,17.108,0.182126,0.000313,0.0,249
1,0,1,0,1,0,0,0,0,0,0,1,2,0,0,sintel_trailer_2k_480p24.y4m,26.93,26.946,0.170088,0.000314,0.0,20
1,1,1,1,0,0,1,1,0,1,0,1,1,5,0,sintel_trailer_2k_480p24.y4m,102.23,102.08,0.470053,0.000296,0.0,104
1,1,1,1,0,0,0,1,0,1,1,1,8,15,6,sintel_trailer_2k_480p24.y4m,77.95,78.062,0.328283,0.000333,0.0,131
1,0,1,1,0,0,0,0,0,0,0,0,2,0,3,sintel_trailer_2k_480p24.y4m,70.08,69.958,0.41919,0.000313,0.0,69
1,0,1,0,1,0,1,0,0,0,0,0,2,0,3,sintel_trailer_2k_480p24.y4m,30.33,30.22,0.207123,0.000323,0.0,220
1,1,1,1,0,0,1,1,0,1,1,1,8,15,6,sintel_trailer_2k_480p24.y4m,74.76,74.578,0.408803,0.000291,0.0,11
1,1,1,1,0,0,1,1,0,1,0,0,4,15,6,sintel_trailer_2k_480p24.y4m,113.53,113.714,0.577867,0.000291,0.0,258
1,0,1,0,1,0,1,0,0,0,0,0,2,15,3,sintel_trailer_2k_480p24.y4m,30.0,30.056,0.136858,0.000323,0.0,65
1,0,1,0,0,1,1,0,0,0,0,0,2,15,0,sintel_trailer_2k_480p24.y4m,61.95,62.11,0.357841,0.000323,0.0,160
1,0,1,0,0,1,1,0,0,0,0,0,8,0,0,sintel_trailer_2k_480p24.y4m,62.42,62.42,0.296901,0.000323,0.0,238
1,1,1,1,0,0,0,1,0,0,0,0,4,0,0,sintel_trailer_2k_480p24.y4m,107.73,107.582,0.452847,0.000332,0.0,57
1,1,1,0,1,0,0,1,0,1,0,1,2,0,0,sintel_trailer_2k_480p24.y4m,49.55,49.628,0.222868,0.00033,0.0,79
1,0,1,0,1,0,1,0,0,0,1,0,4,15,3,sintel_trailer_2k_480p24.y4m,18.53,18.568,0.102811,0.000323,0.0,224
1,1,1,0,1,0,0,1,0,1,0,0,2,0,3,sintel_trailer_2k_480p24.y4m,50.36,50.368,0.253318,0.000331,0.0,48
1,0,1,0,1,0,1,0,0,0,0,1,8,0,6,sintel_trailer_2k_480p24.y4m,30.29,30.248,0.102567,0.000323,0.0,173
1,1,1,1,0,0,1,1,0,0,1,1,1,0,0,sintel_trailer_2k_480p24.y4m,97.19,97.408,0.485664,0.000296,0.0,283
1,0,1,0,1,0,0,0,0,0,0,0,1,0,6,sintel_trailer_2k_480p24.y4m,26.99,27.034,0.133529,0.000316,0.0,190
1,0,1,0,1,0,1,0,0,1,1,1,4,0,6,sintel_trailer_2k_480p24.y4m,18.58,18.602,0.056745,0.000323,0.0,259
1,0,1,1,0,0,0,0,0,0,0,1,1,15,3,sintel_trailer_2k_480p24.y4m,69.66,69.74,0.2745,0.000311,0.0,7
1,0,1,0,0,1,0,0,0,0,0,1,2,5,0,sintel_trailer_2k_480p24.y4m,56.77,56.77,0.139104,0.00033,0.0,73
1,1,1,1,0,0,1,1,0,0,0,0,2,0,6,sintel_trailer_2k_480p24.y4m,102.37,102.182,0.503259,0.000295,0.0,63
1,0,1,0,0,1,1,0,0,1,1,0,2,15,3,sintel_trailer_2k_480p24.y4m,38.17,38.052,0.189789,0.000322,0.0,284
1,0,1,1,0,0,1,0,0,1,0,1,8,15,6,sintel_trailer_2k_480p24.y4m,78.39,78.478,0.407946,0.000322,0.0,250
1,1,1,0,1,0,0,1,0,0,0,0,2,5,0,sintel_trailer_2k_480p24.y4m,49.68,49.876,0.282542,0.000332,0.0,209
1,0,1,0,1,0,1,0,0,0,0,1,4,5,3,sintel_trailer_2k_480p24.y4m,30.34,30.292,0.114978,0.000323,0.0,138
1,1,1,1,0,0,0,0,1,1,1,0,1,0,0,sintel_trailer_2k_480p24.y4m,94.38,94.674,0.49105,0.000348,0.0,135
1,1,1,1,0,0,1,1,0,1,1,0,4,5,3,sintel_trailer_2k_480p24.y4m,68.74,68.748,0.161771,0.000297,0.0,264
1,1,1,1,0,0,0,1,0,1,1,0,2,0,6,sintel_trailer_2k_480p24.y4m,64.36,64.408,0.134425,0.000328,0.0,215
1,0,1,0,0,1,0,0,0,0,1,1,4,5,3,sintel_trailer_2k_480p24.y4m,34.09,34.172,0.22676,0.000331,0.0,50
1,0,1,1,0,0,0,0,0,1,1,0,4,0,6,sintel_trailer_2k_480p24.y4m,41.92,41.896,0.290396,0.000312,0.0,98
1,1,1,1,0,0,0,1,0,1,1,0,1,15,0,sintel_trailer_2k_480p24.y4m,104.18,104.582,0.676513,0.000327,0.0,140
1,1,1,1,0,0,0,1,0,0,1,1,1,0,3,sintel_trailer_2k_480p24.y4m,105.71,105.442,0.544491,0.00033,0.0,113
1,0,1,0,1,0,1,0,0,1,1,0,1,0,6,sintel_trailer_2k_480p24.y4m,30.37,30.33,0.25836,0.000323,0.0,3
1,0,1,0,0,1,0,0,0,1,1,1,8,0,0,sintel_trailer_2k_480p24.y4m,34.56,34.59,0.15,0.000331,0.0,149
1,0,1,1,0,0,0,0,0,0,1,1,8,5,6,sintel_trailer_2k_480p24.y4m,42.13,42.006,0.221427,0.000312,0.0,153
1,1,1,1,0,0,1,1,0,1,1,0,2,15,6,sintel_trailer_2k_480p24.y4m,74.5,74.576,0.258515,0.000291,0.0,133
1,0,1,1,0,0,0,0,0,0,0,0,1,0,3,sintel_trailer_2k_480p24.y4m,70.07,70.052,0.449689,0.000313,0.0,191
1,1,1,0,1,0,0,1,0,1,0,1,1,0,6,sintel_trailer_2k_480p24.y4m,49.98,49.868,0.289344,0.00033,0.0,100
1,0,1,1,0,0,1,0,0,0,1,0,4,0,3,sintel_trailer_2k_480p24.y4m,47.24,47.238,0.1001,0.000323,0.0,85
1,0,1,0,0,1,1,0,0,0,0,0,2,0,3,sintel_trailer_2k_480p24.y4m,62.09,62.198,0.329803,0.000323,0.0,88
1,0,1,0,1,0,1,0,0,1,1,0,4,15,6,sintel_trailer_2k_480p24.y4m,18.8,18.774,0.14775,0.000323,0.0,31
1,0,1,0,0,1,1,0,0,0,0,0,4,5,3,sintel_trailer_2k_480p24.y4m,61.92,62.192,0.54637,0.000323,0.0,134
1,1,1,0,1,0,1,1,0,1,1,1,8,0,3,sintel_trailer_2k_480p24.y4m,31.94,31.996,0.160717,0.000295,0.0,147
1,1,1,1,0,0,0,1,0,0,1,1,4,15,6,sintel_trailer_2k_480p24.y4m,78.02,78.072,0.316338,0.000333,0.0,275
1,0,1,0,0,1,1,0,0,0,1,0,4,15,3,sintel_trailer_2k_480p24.y4m,37.9,37.954,0.169499,0.000322,0.0,143
1,1,1,0,1,0,1,1,0,1,0,0,1,5,6,sintel_trailer_2k_480p24.y4m,51.72,51.566,0.296699,0.000292,0.0,8
1,1,1,1,0,0,1,1,0,0,1,1,4,5,3,sintel_trailer_2k_480p24.y4m,69.58,69.484,0.406608,0.000297,0.0,216
1,0,1,1,0,0,1,0,0,1,0,0,1,0,3,sintel_trailer_2k_480p24.y4m,79.8,79.538,0.506083,0.000323,0.0,214
1,0,1,0,0,1,0,0,0,0,0,0,1,5,0,sintel_trailer_2k_480p24.y4m,56.34,56.254,0.447135,0.000329,0.0,17
1,0,1,0,0,1,1,0,0,0,0,0,1,5,0,sintel_trailer_2k_480p24.y4m,62.51,62.444,0.325315,0.000323,0.0,206
1,0,1,0,1,0,0,0,0,1,1,1,8,15,0,sintel_trailer_2k_480p24.y4m,16.73,16.802,0.126372,0.000313,0.0,36
1,1,1,0,1,0,1,1,0,0,0,0,4,15,3,sintel_trailer_2k_480p24.y4m,55.22,55.072,0.278514,0.000294,0.0,6
1,0,1,1,0,0,1,0,0,0,0,1,1,0,6,sintel_trailer_2k_480p24.y4m,78.2,77.946,0.429511,0.000322,0.0,5
1,0,1,1,0,0,1,0,0,0,0,0,8,15,6,sintel_trailer_2k_480p24.y4m,78.98,79.14,0.356371,0.000323,0.0,164
1,0,1,0,0,1,0,0,0,1,0,0,8,0,6,sintel_trailer_2k_480p24.y4m,56.84,56.698,0.25044,0.000329,0.0,97
1,0,1,1,0,0,0,0,0,0,1,0,2,5,3,sintel_trailer_2k_480p24.y4m,41.82,41.83,0.251496,0.000312,0.0,236
1,1,1,0,1,0,1,1,0,0,0,0,8,5,0,sintel_trailer_2k_480p24.y4m,49.22,49.242,0.078549,0.000297,0.0,71
1,1,1,0,1,0,1,1,0,1,0,1,2,0,3,sintel_trailer_2k_480p24.y4m,48.13,48.156,0.084735,0.000295,0.0,295
1,0,1,1,0,0,1,0,0,1,1,0,8,5,3,sintel_trailer_2k_480p24.y4m,47.25,47.36,0.179304,0.000323,0.0,286
1,0,1,0,1,0,0,0,0,0,0,1,1,5,0,sintel_trailer_2k_480p24.y4m,27.14,27.146,0.069498,0.000314,0.0,34
1,0,1,0,1,0,1,0,0,1,1,1,1,5,3,sintel_trailer_2k_480p24.y4m,30.16,30.088,0.121532,0.000323,0.0,240
1,0,1,0,0,1,1,0,0,0,0,1,4,15,3,sintel_trailer_2k_480p24.y4m,62.19,62.388,0.435683,0.000322,0.0,18
1,0,1,0,1,0,0,0,0,0,1,0,8,0,6,sintel_trailer_2k_480p24.y4m,17.05,17.006,0.116103,0.000313,0.0,102
1,1,1,1,0,0,1,0,1,0,1,0,4,0,0,sintel_trailer_2k_480p24.y4m,55.83,55.85,0.262298,0.000313,0.0,51
1,1,1,1,0,0,1,1,0,0,0,1,4,15,6,sintel_trailer_2k_480p24.y4m,107.31,107.014,0.551026,0.000288,0.0,282
1,0,1,0,1,0,1,0,0,1,1,1,1,0,3,sintel_trailer_2k_480p24.y4m,29.85,29.906,0.137586,0.000323,0.0,77
1,0,1,1,0,0,1,0,0,0,1,0,2,0,3,sintel_trailer_2k_480p24.y4m,46.94,46.87,0.236749,0.000323,0.0,128
1,1,1,0,1,0,1,1,0,0,0,0,2,5,3,sintel_trailer_2k_480p24.y4m,50.99,51.132,0.259268,0.000292,0.0,234
1,0,1,1,0,0,0,0,0,0,1,1,1,0,0,sintel_trailer_2k_480p24.y4m,69.03,68.824,0.449422,0.000312,0.0,252
1,0,1,1,0,0,1,0,0,0,0,1,4,0,3,sintel_trailer_2k_480p24.y4m,79.1,79.004,0.344572,0.000322,0.0,28
1,0,1,0,0,1,1,0,0,1,1,1,8,15,3,sintel_trailer_2k_480p24.y4m,37.55,37.55,0.194808,0.000322,0.0,139
1,0,1,0,0,1,0,0,0,0,0,1,1,5,0,sintel_trailer_2k_480p24.y4m,56.23,56.334,0.429686,0.00033,0.0,158
1,1,1,0,1,0,1,1,0,1,0,1,8,5,3,sintel_trailer_2k_480p24.y4m,49.85,49.692,0.269481,0.000292,0.0,152
1,0,1,1,0,0,1,0,0,1,0,0,2,0,6,sintel_trailer_2k_480p24.y4m,80.04,79.838,0.489306,0.000323,0.0,12
1,1,1,0,1,0,0,1,0,0,0,1,4,15,3,sintel_trailer_2k_480p24.y4m,58.97,59.136,0.317537,0.000337,0.0,294
1,1,1,0,1,0,0,1,0,0,0,1,8,15,3,sintel_trailer_2k_480p24.y4m,58.5,58.64,0.258457,0.000337,0.0,154
1,1,1,1,0,0,0,1,0,1,0,0,2,15,6,sintel_trailer_2k_480p24.y4m,119.41,118.952,0.66882,0.000334,0.0,157
1,0,1,1,0,0,1,0,0,1,1,1,2,0,3,sintel_trailer_2k_480p24.y4m,47.48,47.49,0.166283,0.000323,0.0,150
1,1,1,0,1,0,1,1,0,0,1,0,8,0,6,sintel_trailer_2k_480p24.y4m,31.51,31.478,0.090388,0.000295,0.0,287
1,0,1,0,1,0,0,0,0,1,1,0,1,0,3,sintel_trailer_2k_480p24.y4m,27.12,27.192,0.150566,0.000313,0.0,297
1,0,1,0,0,1,0,0,0,1,1,0,8,15,0,sintel_trailer_2k_480p24.y4m,34.48,34.494,0.0498,0.000331,0.0,263
1,1,1,0,1,0,0,1,0,1,1,1,1,5,3,sintel_trailer_2k_480p24.y4m,52.74,52.65,0.229565,0.000332,0.0,255
1,0,1,1,0,0,0,0,0,1,1,0,8,15,3,sintel_trailer_2k_480p24.y4m,41.42,41.512,0.164073,0.000312,0.0,115
1,0,1,0,0,1,1,0,0,1,0,1,4,15,3,sintel_trailer_2k_480p24.y4m,62.56,62.402,0.527608,0.000322,0.0,188
1,0,1,0,0,1,1,0,0,0,0,1,8,0,6,sintel_trailer_2k_480p24.y4m,61.97,62.152,0.491498,0.000322,0.0,212
1,0,1,1,0,0,1,0,0,0,0,1,1,15,3,sintel_trailer_2k_480p24.y4m,78.39,78.61,0.431972,0.000322,0.0,195
1,0,1,0,1,0,0,0,0,0,1,1,2,15,0,sintel_trailer_2k_480p24.y4m,16.85,16.892,0.147547,0.000313,0.0,119
1,0,1,1,0,0,0,0,0,1,0,1,4,15,0,sintel_trailer_2k_480p24.y4m,68.89,69.034,0.361981,0.000311,0.0,58
1,0,1,0,1,0,1,0,0,1,0,1,4,0,6,sintel_trailer_2k_480p24.y4m,30.31,30.194,0.251853,0.000323,0.0,277
1,0,1,0,1,0,1,0,0,0,1,1,4,5,6,sintel_trailer_2k_480p24.y4m,18.78,18.774,0.018166,0.000323,0.0,64
1,1,1,0,1,0,1,1,0,1,0,0,2,0,0,sintel_trailer_2k_480p24.y4m,48.39,48.212,0.267152,0.000294,0.0,285
1,1,1,0,1,0,1,1,0,1,0,0,4,0,0,sintel_trailer_2k_480p24.y4m,47.56,47.628,0.20584,0.000294,0.0,290
1,0,1,1,0,0,0,0,0,1,0,1,8,5,6,sintel_trailer_2k_480p24.y4m,69.4,69.162,0.456202,0.000311,0.0,196
1,1,1,1,0,0,1,0,1,1,1,1,1,0,0,sintel_trailer_2k_480p24.y4m,88.63,88.952,0.49992,0.000314,0.0,93
1,0,1,1,0,0,1,0,0,0,1,1,4,5,6,sintel_trailer_2k_480p24.y4m,47.19,47.264,0.174585,0.000323,0.0,299
1,0,1,1,0,0,0,0,0,1,0,0,2,5,0,sintel_trailer_2k_480p24.y4m,69.7,69.814,0.393357,0.000313,0.0,125
1,1,1,0,1,0,0,1,0,1,0,1,2,15,6,sintel_trailer_2k_480p24.y4m,55.5,55.536,0.070922,0.000332,0.0,21
1,0,1,0,1,0,0,0,0,1,0,1,2,0,0,sintel_trailer_2k_480p24.y4m,27.15,27.198,0.16285,0.000314,0.0,225
1,0,1,0,1,0,0,0,0,1,0,0,2,5,0,harbour_cif.y4m,20.95,20.792,0.283937,0.006183,0.0,114
1,1,1,1,0,0,0,0,1,0,0,1,1,0,0,harbour_cif.y4m,57.57,58.092,1.759935,0.004708,0.0,281
1,1,1,1,0,0,0,1,0,1,1,0,2,5,0,harbour_cif.y4m,72.89,72.088,1.169196,0.004695,0.0,49
1,0,1,0,0,1,1,0,0,0,0,0,2,15,6,harbour_cif.y4m,47.77,48.17,0.690254,0.005668,0.0,194
1,0,1,1,0,0,0,0,0,0,0,0,2,0,6,harbour_cif.y4m,45.61,45.572,0.137186,0.006177,0.0,62
1,1,1,0,1,0,0,1,0,1,1,1,1,15,3,harbour_cif.y4m,34.79,34.764,0.051284,0.00469,0.0,91
1,0,1,0,0,1,1,0,0,0,0,0,4,0,6,harbour_cif.y4m,47.6,48.056,0.691867,0.005668,0.0,107
1,0,1,1,0,0,1,0,0,0,0,1,4,5,3,harbour_cif.y4m,55.89,55.962,0.180472,0.00565,0.0,181
1,0,1,0,1,0,1,0,0,0,0,0,4,5,0,harbour_cif.y4m,24.89,25.064,0.405931,0.00564,0.0,247
1,0,1,1,0,0,0,0,0,1,1,0,4,5,3,harbour_cif.y4m,45.68,45.63,0.148661,0.006177,0.0,166
1,0,1,0,0,1,0,0,0,0,1,1,4,0,0,harbour_cif.y4m,41.29,41.6,0.647109,0.006306,0.0,25
1,1,1,0,1,0,0,1,0,0,0,1,8,0,6,harbour_cif.y4m,30.83,31.02,1.018283,0.004696,0.0,203
1,1,1,1,0,0,1,1,0,1,1,1,4,5,6,harbour_cif.y4m,71.31,71.136,0.898181,0.00451,0.0,219
1,0,1,0,0,1,0,0,0,0,0,0,4,15,0,harbour_cif.y4m,41.19,41.194,0.127397,0.006306,0.0,162
1,0,1,1,0,0,1,0,0,0,1,0,4,15,6,harbour_cif.y4m,53.89,53.672,0.58585,0.005649,0.0,182
1,0,1,0,0,1,0,0,0,1,1,0,1,15,6,harbour_cif.y4m,41.4,41.91,1.19902,0.006306,0.0,10
1,1,1,1,0,0,1,1,0,1,1,1,2,15,0,harbour_cif.y4m,75.29,75.29,0.04062,0.004561,0.0,14
1,1,1,1,0,0,0,1,0,0,0,1,1,0,6,harbour_cif.y4m,68.78,69.104,0.712095,0.004696,0.0,89
1,1,1,1,0,0,0,1,0,1,1,1,1,5,0,harbour_cif.y4m,70.95,72.32,2.039975,0.004696,0.0,116
1,0,1,1,0,0,0,0,0,0,1,1,4,15,3,harbour_cif.y4m,45.8,46.416,1.760037,0.006177,0.0,217
1,1,1,0,1,0,0,1,0,0,1,0,1,0,0,harbour_cif.y4m,30.39,30.57,0.329317,0.004696,0.0,75
1,1,1,0,1,0,0,1,0,1,1,1,2,15,6,harbour_cif.y4m,32.86,32.872,0.050695,0.004696,0.0,266
1,0,1,1,0,0,1,0,0,0,1,1,4,15,3,harbour_cif.y4m,52.43,52.72,0.733962,0.005649,0.0,268
1,0,1,0,1,0,1,0,0,1,1,1,4,15,3,harbour_cif.y4m,26.78,26.794,0.082946,0.00564,0.0,187
1,0,1,0,0,1,1,0,0,0,1,0,8,15,3,harbour_cif.y4m,51.8,51.53,0.60349,0.005668,0.0,161
1,0,1,0,1,0,1,0,0,0,1,0,2,0,6,harbour_cif.y4m,25.51,25.288,0.345572,0.00564,0.0,23
1,1,1,1,0,0,0,1,0,1,1,0,2,5,6,harbour_cif.y4m,74.79,74.758,0.104738,0.004686,0.0,2
1,1,1,1,0,0,1,0,1,1,0,1,2,0,0,harbour_cif.y4m,55.0,54.974,0.166523,0.004614,0.0,16
1,0,1,1,0,0,0,0,0,1,1,1,8,15,0,harbour_cif.y4m,45.44,45.47,0.103441,0.006177,0.0,262
1,1,1,1,0,0,0,1,0,1,1,0,4,5,0,harbour_cif.y4m,71.45,71.386,0.406977,0.004695,0.0,66
1,0,1,1,0,0,0,0,0,1,0,0,2,0,0,harbour_cif.y4m,45.53,45.578,0.157544,0.006177,0.0,86
1,0,1,0,1,0,1,0,0,0,1,0,2,5,6,harbour_cif.y4m,25.07,25.318,0.45428,0.00564,0.0,231
1,0,1,0,1,0,0,0,0,0,0,0,4,5,0,harbour_cif.y4m,21.02,20.91,0.247588,0.006183,0.0,269
1,1,1,0,1,0,1,1,0,0,1,0,1,5,0,harbour_cif.y4m,29.64,29.928,0.503954,0.004567,0.0,180
1,0,1,0,0,1,0,0,0,0,1,0,4,5,6,harbour_cif.y4m,41.27,41.22,0.147986,0.006306,0.0,274
1,1,1,1,0,0,0,1,0,1,1,0,2,15,6,harbour_cif.y4m,75.24,74.878,0.628148,0.004696,0.0,184
1,0,1,0,0,1,1,0,0,0,0,1,4,5,0,harbour_cif.y4m,47.42,47.686,0.586157,0.005674,0.0,118
1,1,1,1,0,0,0,1,0,0,0,0,1,0,6,harbour_cif.y4m,70.8,71.144,0.789196,0.004695,0.0,254
1,0,1,1,0,0,1,0,0,0,1,1,4,5,0,harbour_cif.y4m,53.26,53.22,0.1614,0.005649,0.0,208
1,0,1,0,0,1,1,0,0,1,1,0,4,5,6,harbour_cif.y4m,48.29,48.336,0.176011,0.005668,0.0,279
1,1,1,1,0,0,0,1,0,0,1,1,4,15,3,harbour_cif.y4m,72.76,72.876,0.209595,0.004697,0.0,229
1,0,1,0,0,1,1,0,0,1,1,1,1,0,0,harbour_cif.y4m,47.39,47.412,0.085264,0.005674,0.0,46
1,0,1,0,0,1,0,0,0,1,1,1,4,5,6,harbour_cif.y4m,41.69,41.688,0.123976,0.006306,0.0,171
1,1,1,1,0,0,0,1,0,0,1,0,2,5,0,harbour_cif.y4m,71.14,71.768,1.201216,0.004695,0.0,99
1,0,1,0,0,1,0,0,0,0,0,0,8,0,0,harbour_cif.y4m,41.33,41.632,0.789886,0.006306,0.0,81
1,1,1,1,0,0,1,1,0,1,0,1,8,5,0,harbour_cif.y4m,70.67,72.784,3.116742,0.004577,0.0,155
1,0,1,0,1,0,0,0,0,1,0,1,1,15,6,harbour_cif.y4m,20.52,20.534,0.214663,0.006184,0.0,96
1,1,1,1,0,0,0,1,0,1,1,1,8,0,0,harbour_cif.y4m,70.61,71.806,1.880247,0.004695,0.0,218
1,1,1,1,0,0,1,1,0,1,1,0,8,0,6,harbour_cif.y4m,73.95,73.886,0.172424,0.004561,0.0,53
1,1,1,0,1,0,1,0,1,0,0,0,2,0,0,harbour_cif.y4m,28.0,27.92,0.123895,0.004608,0.0,109
1,0,1,0,1,0,0,0,0,0,1,0,4,5,6,harbour_cif.y4m,20.75,20.73,0.07874,0.006183,0.0,185
1,1,1,1,0,0,0,1,0,0,1,1,2,0,0,harbour_cif.y4m,72.01,72.008,0.062209,0.004695,0.0,239
1,0,1,1,0,0,0,0,0,0,0,1,2,0,0,harbour_cif.y4m,45.5,45.766,0.568225,0.006179,0.0,276
1,0,1,1,0,0,1,0,0,0,0,1,4,0,6,harbour_cif.y4m,52.64,52.676,0.118448,0.00565,0.0,257
1,0,1,0,0,1,0,0,0,1,1,0,1,5,0,harbour_cif.y4m,42.41,41.916,0.782867,0.006306,0.0,42
1,1,1,0,1,0,1,1,0,0,0,0,2,15,3,harbour_cif.y4m,32.21,32.262,0.242837,0.004502,0.0,204
1,0,1,1,0,0,1,0,0,1,0,1,2,15,6,harbour_cif.y4m,52.83,53.104,0.592182,0.00565,0.0,145
1,0,1,0,1,0,0,0,0,0,0,0,2,0,3,harbour_cif.y4m,20.87,20.722,0.318857,0.006183,0.0,246
1,1,1,1,0,0,0,1,0,0,1,1,8,0,0,harbour_cif.y4m,74.83,74.854,0.086776,0.004695,0.0,202
1,1,1,0,1,0,0,1,0,1,0,0,2,5,3,harbour_cif.y4m,32.95,32.986,0.159468,0.004696,0.0,70
1,0,1,0,1,0,0,0,0,0,1,0,1,5,3,harbour_cif.y4m,20.91,20.944,0.686389,0.006183,0.0,230
1,0,1,0,1,0,1,0,0,0,0,0,4,15,6,harbour_cif.y4m,24.97,25.238,0.41288,0.00564,0.0,267
1,1,1,1,0,0,1,1,0,0,0,1,8,5,3,harbour_cif.y4m,72.06,71.568,1.016892,0.004524,0.0,146
1,0,1,0,1,0,1,0,0,0,0,1,2,15,0,harbour_cif.y4m,25.04,25.378,0.477985,0.005647,0.0,27
1,0,1,0,1,0,1,0,0,0,1,1,8,0,3,harbour_cif.y4m,25.72,25.444,0.473635,0.00564,0.0,137
1,1,1,1,0,0,0,1,0,0,1,1,2,15,0,harbour_cif.y4m,70.73,70.754,0.170382,0.004695,0.0,189
1,1,1,0,1,0,1,1,0,1,0,0,4,15,0,harbour_cif.y4m,32.57,32.34,0.414849,0.004567,0.0,132
1,1,1,1,0,0,0,0,1,1,0,1,8,0,0,harbour_cif.y4m,57.21,57.388,0.46714,0.004708,0.0,169
1,0,1,0,0,1,0,0,0,0,0,0,1,5,6,harbour_cif.y4m,44.38,44.308,0.318465,0.006306,0.0,33
1,0,1,1,0,0,0,0,0,0,1,1,8,15,0,harbour_cif.y4m,45.82,45.788,0.288912,0.006177,0.0,205
1,0,1,1,0,0,0,0,0,1,0,1,2,0,0,harbour_cif.y4m,45.41,45.426,0.096592,0.006179,0.0,245
1,1,1,0,1,0,1,1,0,0,1,1,1,15,0,harbour_cif.y4m,30.72,30.398,0.478404,0.004585,0.0,298
1,0,1,1,0,0,1,0,0,1,1,0,2,5,6,harbour_cif.y4m,56.11,56.096,0.106911,0.005649,0.0,163
1,1,1,1,0,0,0,1,0,0,0,0,1,5,0,harbour_cif.y4m,72.04,72.006,0.126214,0.004695,0.0,123
1,0,1,0,0,1,1,0,0,1,0,0,4,15,0,harbour_cif.y4m,47.8,47.816,0.184337,0.005668,0.0,4
1,0,1,0,0,1,1,0,0,1,1,0,8,5,6,harbour_cif.y4m,47.69,47.882,0.425523,0.005668,0.0,141
1,1,1,0,1,0,0,1,0,1,0,0,8,5,6,harbour_cif.y4m,31.9,31.57,0.551317,0.004705,0.0,129
1,1,1,0,1,0,1,1,0,1,1,0,4,5,3,harbour_cif.y4m,30.42,30.376,0.133903,0.004525,0.0,159
1,0,1,0,0,1,1,0,0,1,0,0,1,0,0,harbour_cif.y4m,47.86,49.2,2.032978,0.005668,0.0,22
1,0,1,0,0,1,0,0,0,1,0,1,2,0,6,harbour_cif.y4m,41.26,41.388,0.616417,0.006287,0.0,175
1,1,1,1,0,0,0,1,0,1,1,1,8,5,6,harbour_cif.y4m,73.43,73.478,0.326297,0.004686,0.0,151
1,1,1,0,1,0,0,1,0,0,1,0,2,5,0,harbour_cif.y4m,32.9,33.05,0.287837,0.004696,0.0,52
1,0,1,0,0,1,0,0,0,0,0,1,4,0,3,harbour_cif.y4m,44.07,42.958,1.749277,0.006287,0.0,108
1,0,1,0,1,0,1,0,0,0,0,1,8,15,0,harbour_cif.y4m,25.85,25.518,0.528697,0.005647,0.0,72
1,0,1,1,0,0,1,0,0,1,1,0,8,0,6,harbour_cif.y4m,52.68,53.036,0.774003,0.005649,0.0,248
1,1,1,1,0,0,1,1,0,1,1,0,8,5,6,harbour_cif.y4m,70.56,70.464,0.156939,0.00451,0.0,174
1,0,1,1,0,0,1,0,0,1,1,1,8,0,3,harbour_cif.y4m,52.89,52.844,0.169647,0.005649,0.0,130
1,1,1,0,1,0,1,1,0,1,1,1,8,15,0,harbour_cif.y4m,29.66,29.724,0.174728,0.004567,0.0,168
1,0,1,0,0,1,1,0,0,1,0,1,8,0,6,harbour_cif.y4m,51.27,51.162,0.513488,0.005674,0.0,198
1,0,1,0,0,1,1,0,0,1,1,0,1,0,3,harbour_cif.y4m,48.07,48.242,0.596129,0.005668,0.0,83
1,1,1,1,0,0,1,1,0,0,1,0,1,0,3,harbour_cif.y4m,70.2,70.184,0.092087,0.004561,0.0,291
1,0,1,0,1,0,0,0,0,1,1,0,1,0,6,harbour_cif.y4m,20.35,20.5,0.335485,0.006183,0.0,237
1,0,1,0,0,1,0,0,0,1,1,1,2,15,3,harbour_cif.y4m,41.15,41.658,0.812878,0.006306,0.0,90
1,1,1,1,0,0,1,1,0,0,0,1,1,15,0,harbour_cif.y4m,70.53,70.482,0.15928,0.004577,0.0,87
1,0,1,1,0,0,1,0,0,1,0,0,1,5,0,harbour_cif.y4m,52.62,52.834,0.705642,0.005649,0.0,74
1,0,1,0,0,1,0,0,0,1,0,0,2,0,3,harbour_cif.y4m,42.1,41.934,0.437584,0.006306,0.0,201
1,0,1,0,1,0,0,0,0,1,0,1,1,0,0,harbour_cif.y4m,20.36,20.636,0.399912,0.006184,0.0,183
1,0,1,1,0,0,0,0,0,0,0,0,4,0,6,harbour_cif.y4m,45.59,45.676,0.155016,0.006177,0.0,227
1,1,1,0,1,0,1,1,0,0,0,0,1,15,6,harbour_cif.y4m,30.49,30.562,0.146526,0.004473,0.0,222
1,0,1,0,0,1,0,0,0,0,1,0,8,0,6,harbour_cif.y4m,41.57,41.416,0.491355,0.006306,0.0,55
1,0,1,1,0,0,0,0,0,0,1,1,2,5,0,harbour_cif.y4m,46.0,45.928,0.12478,0.006177,0.0,142
1,0,1,1,0,0,1,0,0,1,0,1,1,5,6,harbour_cif.y4m,52.62,52.616,0.272085,0.00565,0.0,124
1,0,1,1,0,0,1,0,0,0,0,0,8,0,0,harbour_cif.y4m,52.67,52.854,0.592647,0.005649,0.0,95
1,0,1,1,0,0,1,0,0,1,0,0,2,15,0,harbour_cif.y4m,52.48,52.774,0.733471,0.005649,0.0,241
1,0,1,0,1,0,0,0,0,0,1,1,1,5,3,harbour_cif.y4m,20.81,20.73,0.276315,0.006184,0.0,289
1,0,1,1,0,0,1,0,0,1,1,0,1,5,0,harbour_cif.y4m,52.42,52.418,0.126965,0.005649,0.0,278
1,1,1,0,1,0,0,1,0,1,1,0,1,0,6,harbour_cif.y4m,32.4,32.532,0.343686,0.004696,0.0,176
1,0,1,0,0,1,1,0,0,0,1,0,8,5,0,harbour_cif.y4m,50.93,50.992,0.152709,0.005668,0.0,122
1,0,1,0,0,1,0,0,0,0,1,0,4,0,6,harbour_cif.y4m,41.76,41.732,0.199299,0.006306,0.0,30
1,1,1,0,1,0,0,1,0,0,0,0,2,0,6,harbour_cif.y4m,30.76,30.748,0.088994,0.004696,0.0,251
1,0,1,1,0,0,0,0,0,0,0,1,1,0,0,harbour_cif.y4m,45.36,45.506,0.440432,0.006179,0.0,120
1,0,1,1,0,0,0,0,0,0,0,1,2,15,6,harbour_cif.y4m,48.59,49.08,0.772884,0.006179,0.0,144
1,0,1,0,1,0,1,0,0,0,0,0,1,0,3,harbour_cif.y4m,24.95,24.944,0.015166,0.00564,0.0,265
1,1,1,0,1,0,0,1,0,0,1,0,2,0,6,harbour_cif.y4m,30.37,30.642,0.514995,0.004696,0.0,260
1,1,1,0,1,0,0,1,0,0,0,1,1,0,3,harbour_cif.y4m,32.22,32.25,0.107238,0.004696,0.0,78
1,0,1,0,1,0,0,0,0,0,1,1,8,15,3,harbour_cif.y4m,20.71,20.708,0.095499,0.006183,0.0,84
1,0,1,1,0,0,1,0,0,1,0,0,4,15,3,harbour_cif.y4m,55.97,55.978,0.062209,0.005649,0.0,296
1,0,1,0,0,1,0,0,0,0,0,1,2,5,6,harbour_cif.y4m,44.74,44.476,0.445286,0.006287,0.0,232
1,0,1,0,0,1,1,0,0,0,1,0,4,15,6,harbour_cif.y4m,47.65,47.66,0.106771,0.005668,0.0,213
1,1,1,0,1,0,0,1,0,0,1,1,8,15,3,harbour_cif.y4m,32.63,32.628,0.061806,0.004696,0.0,94
1,0,1,0,1,0,0,0,0,0,1,1,1,5,0,harbour_cif.y4m,20.36,20.656,0.662933,0.006184,0.0,178
1,0,1,1,0,0,1,0,0,1,0,0,4,0,0,harbour_cif.y4m,52.52,53.05,0.907662,0.005649,0.0,127
1,1,1,0,1,0,1,1,0,0,1,0,8,5,6,harbour_cif.y4m,30.06,29.904,0.238495,0.004494,0.0,111
1,0,1,0,1,0,0,0,0,0,0,1,1,0,6,harbour_cif.y4m,20.42,20.416,0.052249,0.006184,0.0,92
1,1,1,1,0,0,0,1,0,0,1,0,8,15,6,harbour_cif.y4m,74.36,74.248,0.168137,0.004696,0.0,54
1,0,1,0,0,1,0,0,0,0,0,1,2,15,0,harbour_cif.y4m,41.15,41.154,0.151427,0.006287,0.0,45
1,0,1,1,0,0,0,0,0,1,0,0,4,0,6,harbour_cif.y4m,46.38,46.384,0.118659,0.006177,0.0,226
1,1,1,1,0,0,1,1,0,1,0,0,8,5,0,harbour_cif.y4m,70.31,70.262,0.165741,0.004561,0.0,200
1,0,1,0,0,1,1,0,0,1,0,1,8,5,6,harbour_cif.y4m,48.7,48.27,0.683484,0.005674,0.0,59
1,1,1,0,1,0,1,0,1,0,0,1,2,0,0,harbour_cif.y4m,27.23,27.092,0.33752,0.004625,0.0,19
1,1,1,1,0,0,0,1,0,1,0,0,2,15,0,harbour_cif.y4m,71.01,71.012,0.111669,0.004695,0.0,47
1,1,1,0,1,0,1,1,0,0,0,1,4,5,6,harbour_cif.y4m,30.23,30.278,0.11606,0.004519,0.0,32
1,1,1,0,1,0,0,1,0,1,0,0,1,5,6,harbour_cif.y4m,31.89,31.558,0.5455,0.004705,0.0,170
1,0,1,0,0,1,0,0,0,1,1,0,1,15,0,harbour_cif.y4m,44.02,44.096,0.214546,0.006306,0.0,270
1,0,1,1,0,0,1,0,0,1,0,1,4,15,6,harbour_cif.y4m,52.52,53.044,0.92132,0.00565,0.0,207
1,1,1,0,1,0,0,1,0,1,1,1,1,5,6,harbour_cif.y4m,30.92,30.998,0.280393,0.004693,0.0,43
1,0,1,0,1,0,1,0,0,0,1,1,1,0,3,harbour_cif.y4m,26.82,26.836,0.099146,0.005647,0.0,40
1,1,1,0,1,0,0,1,0,0,1,1,1,5,3,harbour_cif.y4m,31.15,31.064,0.399412,0.0047,0.0,117
1,0,1,0,0,1,0,0,0,0,1,0,8,15,6,harbour_cif.y4m,41.08,41.636,0.812668,0.006306,0.0,253
1,0,1,1,0,0,0,0,0,1,0,0,1,15,3,harbour_cif.y4m,46.16,47.126,1.862922,0.006177,0.0,68
1,1,1,1,0,0,0,1,0,1,1,1,1,15,6,harbour_cif.y4m,74.68,74.576,0.44881,0.004696,0.0,186
1,1,1,0,1,0,1,1,0,0,0,1,8,15,3,harbour_cif.y4m,31.11,31.1,0.093005,0.004534,0.0,288
1,1,1,0,1,0,0,1,0,0,0,0,2,0,0,harbour_cif.y4m,31.14,30.946,0.418187,0.004696,0.0,15
1,0,1,1,0,0,0,0,0,0,1,1,2,15,3,harbour_cif.y4m,48.69,48.774,0.213846,0.006177,0.0,82
1,1,1,1,0,0,0,1,0,0,0,0,4,15,6,harbour_cif.y4m,74.28,74.468,0.41913,0.004696,0.0,211
1,0,1,0,1,0,1,0,0,1,1,1,8,15,6,harbour_cif.y4m,25.03,25.076,0.076681,0.00564,0.0,177
1,1,1,0,1,0,0,1,0,1,1,1,2,5,3,harbour_cif.y4m,30.78,31.132,0.569096,0.004696,0.0,210
1,0,1,1,0,0,0,0,0,1,1,1,2,0,3,harbour_cif.y4m,47.79,47.082,1.291925,0.006177,0.0,13
1,0,1,0,1,0,1,0,0,0,0,1,2,15,3,harbour_cif.y4m,25.03,25.338,0.475784,0.005647,0.0,228
1,0,1,0,1,0,1,0,0,1,1,0,4,5,3,harbour_cif.y4m,24.96,25.118,0.392836,0.00564,0.0,38
1,1,1,1,0,0,0,1,0,0,0,1,4,15,6,harbour_cif.y4m,76.7,75.88,1.8446,0.004696,0.0,29
1,1,1,1,0,0,1,0,1,1,0,0,8,0,0,harbour_cif.y4m,55.17,55.168,0.128725,0.00463,0.0,24
1,1,1,1,0,0,0,1,0,0,0,0,8,5,6,harbour_cif.y4m,73.28,73.32,0.186414,0.004686,0.0,293
1,1,1,1,0,0,0,1,0,0,1,0,2,5,6,harbour_cif.y4m,73.5,73.676,0.498528,0.004686,0.0,67
1,1,1,0,1,0,0,1,0,1,0,1,2,5,0,harbour_cif.y4m,31.11,30.82,0.504083,0.004696,0.0,199
1,0,1,0,0,1,1,0,0,1,1,0,8,15,3,harbour_cif.y4m,47.58,47.64,0.172482,0.005668,0.0,244
1,0,1,0,0,1,1,0,0,0,0,0,8,15,0,harbour_cif.y4m,47.63,48.24,0.90471,0.005668,0.0,80
1,1,1,1,0,0,1,1,0,1,1,1,2,0,3,harbour_cif.y4m,70.82,70.212,1.059608,0.004561,0.0,223
1,1,1,0,1,0,1,1,0,0,1,0,8,5,0,harbour_cif.y4m,30.45,30.332,0.312362,0.004567,0.0,121
1,0,1,1,0,0,1,0,0,0,0,0,8,5,3,harbour_cif.y4m,52.53,52.72,0.419464,0.005649,0.0,261
1,0,1,1,0,0,1,0,0,1,1,0,1,5,6,harbour_cif.y4m,53.08,52.9,0.586003,0.005649,0.0,156
1,1,1,1,0,0,0,1,0,0,1,0,4,15,3,harbour_cif.y4m,78.2,78.158,0.258205,0.004697,0.0,271
1,1,1,1,0,0,1,1,0,1,0,0,2,15,3,harbour_cif.y4m,71.0,70.966,0.135019,0.004509,0.0,9
1,1,1,1,0,0,1,1,0,1,0,1,1,0,0,harbour_cif.y4m,70.03,70.046,0.117175,0.004577,0.0,165
1,0,1,0,0,1,1,0,0,1,0,0,1,15,6,harbour_cif.y4m,47.75,47.97,0.47471,0.005668,0.0,126
1,0,1,1,0,0,1,0,0,1,1,1,8,5,0,harbour_cif.y4m,52.36,52.354,0.075033,0.005649,0.0,280
1,0,1,1,0,0,0,0,0,1,1,0,2,5,3,harbour_cif.y4m,45.62,45.596,0.083247,0.006177,0.0,172
1,0,1,0,1,0,1,0,0,0,0,0,1,15,6,harbour_cif.y4m,25.1,25.276,0.418306,0.00564,0.0,292
1,0,1,0,0,1,0,0,0,1,0,1,1,0,3,harbour_cif.y4m,41.27,41.204,0.180776,0.006287,0.0,179
1,0,1,0,0,1,1,0,0,1,0,1,2,0,3,harbour_cif.y4m,47.72,47.854,0.371658,0.005674,0.0,272
1,0,1,0,0,1,1,0,0,0,1,0,4,5,0,harbour_cif.y4m,48.1,48.26,0.255441,0.005668,0.0,105
1,0,1,0,1,0,0,0,0,0,0,0,1,0,3,harbour_cif.y4m,20.75,20.74,0.076158,0.006183,0.0,76
1,0,1,1,0,0,1,0,0,0,1,0,4,15,3,harbour_cif.y4m,52.41,52.418,0.064576,0.005649,0.0,197
1,1,1,1,0,0,1,1,0,0,1,0,1,15,0,harbour_cif.y4m,70.46,70.366,0.381353,0.004561,0.0,221
1,1,1,1,0,0,1,1,0,0,1,0,8,15,6,harbour_cif.y4m,73.34,72.508,1.218676,0.004492,0.0,167
1,1,1,0,1,0,0,1,0,1,0,1,4,15,6,harbour_cif.y4m,31.78,31.82,0.097211,0.004696,0.0,136
1,1,1,1,0,0,0,1,0,1,0,1,8,15,6,harbour_cif.y4m,74.45,74.388,0.758103,0.004696,0.0,243
1,0,1,0,1,0,0,0,0,1,0,1,8,15,6,harbour_cif.y4m,20.4,20.422,0.031937,0.006184,0.0,60
1,0,1,1,0,0,0,0,0,1,0,1,2,0,6,harbour_cif.y4m,45.65,45.616,0.164256,0.006179,0.0,110
1,1,1,1,0,0,1,1,0,1,0,0,1,15,6,harbour_cif.y4m,73.18,72.444,1.155045,0.004492,0.0,35
1,0,1,1,0,0,1,0,0,0,1,1,2,5,6,harbour_cif.y4m,52.52,52.58,0.33219,0.005649,0.0,235
1,0,1,1,0,0,0,0,0,1,0,0,1,0,3,harbour_cif.y4m,45.57,45.702,0.343613,0.006177,0.0,44
1,1,1,0,1,0,1,1,0,0,1,0,4,15,3,harbour_cif.y4m,31.34,31.194,0.306398,0.004502,0.0,256
1,0,1,0,0,1,0,0,0,0,1,1,8,0,0,harbour_cif.y4m,41.36,41.986,1.092465,0.006306,0.0,192
1,0,1,0,1,0,0,0,0,0,1,1,2,0,0,harbour_cif.y4m,20.68,20.844,0.589856,0.006183,0.0,41
1,0,1,1,0,0,0,0,0,0,1,0,4,5,0,harbour_cif.y4m,45.55,45.572,0.10872,0.006177,0.0,37
1,0,1,0,0,1,0,0,0,0,0,0,4,5,0,harbour_cif.y4m,41.31,41.312,0.144465,0.006306,0.0,26
1,1,1,1,0,0,0,1,0,0,0,0,1,0,3,harbour_cif.y4m,70.18,70.534,0.94495,0.004695,0.0,273
1,1,1,1,0,0,1,1,0,0,0,1,1,5,6,harbour_cif.y4m,73.52,73.472,0.109864,0.004529,0.0,233
1,1,1,0,1,0,1,1,0,0,1,1,8,0,0,harbour_cif.y4m,30.34,30.208,0.335515,0.004569,0.0,101
1,0,1,1,0,0,0,0,0,0,0,1,2,5,3,harbour_cif.y4m,45.46,45.744,0.650753,0.006179,0.0,39
1,1,1,0,1,0,0,1,0,0,0,1,1,15,0,harbour_cif.y4m,30.23,30.37,0.365308,0.004696,0.0,106
1,1,1,0,1,0,0,0,1,1,0,0,1,0,0,harbour_cif.y4m,26.74,26.732,0.041473,0.004697,0.0,242
1,1,1,1,0,0,1,1,0,0,1,0,2,15,0,harbour_cif.y4m,70.36,70.914,0.998814,0.004561,0.0,193
1,0,1,0,1,0,1,0,0,0,1,0,1,15,6,harbour_cif.y4m,24.99,25.096,0.23839,0.00564,0.0,103
1,1,1,0,1,0,0,1,0,1,1,1,8,5,6,harbour_cif.y4m,33.25,33.234,0.120748,0.004705,0.0,1
1,0,1,1,0,0,0,0,0,1,1,1,1,0,0,harbour_cif.y4m,45.45,45.47,0.152151,0.006179,0.0,61
1,1,1,1,0,0,0,0,1,0,0,0,2,0,0,harbour_cif.y4m,56.33,56.294,0.07893,0.004704,0.0,56
1,1,1,0,1,0,0,1,0,0,1,0,8,15,3,harbour_cif.y4m,32.24,32.264,0.085907,0.004696,0.0,148
1,0,1,0,1,0,0,0,0,1,0,1,2,5,0,harbour_cif.y4m,20.48,20.53,0.180278,0.006184,0.0,112
1,0,1,0,1,0,1,0,0,0,1,0,8,15,3,harbour_cif.y4m,25.01,25.008,0.052631,0.00564,0.0,300
1,0,1,0,1,0,0,0,0,1,1,0,4,15,0,harbour_cif.y4m,20.38,20.634,0.585047,0.006183,0.0,249
1,0,1,0,1,0,0,0,0,0,0,1,2,0,0,harbour_cif.y4m,20.49,20.448,0.086718,0.006184,0.0,20
1,1,1,1,0,0,1,1,0,1,0,1,1,5,0,harbour_cif.y4m,70.59,70.566,0.143283,0.004577,0.0,104
1,1,1,1,0,0,0,1,0,1,1,1,8,15,6,harbour_cif.y4m,74.16,74.142,0.110318,0.004696,0.0,131
1,0,1,1,0,0,0,0,0,0,0,0,2,0,3,harbour_cif.y4m,45.61,45.592,0.167242,0.006177,0.0,69
1,0,1,0,1,0,1,0,0,0,0,0,2,0,3,harbour_cif.y4m,25.03,25.29,0.479583,0.00564,0.0,220
1,1,1,1,0,0,1,1,0,1,1,1,8,15,6,harbour_cif.y4m,71.34,71.742,0.910258,0.004492,0.0,11
1,1,1,1,0,0,1,1,0,1,0,0,4,15,6,harbour_cif.y4m,71.91,72.514,1.824412,0.004492,0.0,258
1,0,1,0,1,0,1,0,0,0,0,0,2,15,3,harbour_cif.y4m,25.65,25.614,0.112606,0.00564,0.0,65
1,0,1,0,0,1,1,0,0,0,0,0,2,15,0,harbour_cif.y4m,47.62,48.306,0.963499,0.005668,0.0,160
1,0,1,0,0,1,1,0,0,0,0,0,8,0,0,harbour_cif.y4m,47.6,47.722,0.416497,0.005668,0.0,238
1,1,1,1,0,0,0,1,0,0,0,0,4,0,0,harbour_cif.y4m,72.95,72.418,1.791513,0.004695,0.0,57
1,1,1,0,1,0,0,1,0,1,0,1,2,0,0,harbour_cif.y4m,30.12,30.1,0.102956,0.004696,0.0,79
1,0,1,0,1,0,1,0,0,0,1,0,4,15,3,harbour_cif.y4m,25.77,25.492,0.47856,0.00564,0.0,224
1,1,1,0,1,0,0,1,0,1,0,0,2,0,3,harbour_cif.y4m,30.81,30.79,0.080932,0.004696,0.0,48
1,0,1,0,1,0,1,0,0,0,0,1,8,0,6,harbour_cif.y4m,25.31,25.316,0.251853,0.005647,0.0,173
1,1,1,1,0,0,1,1,0,0,1,1,1,0,0,harbour_cif.y4m,70.65,71.996,2.080824,0.004577,0.0,283
1,0,1,0,1,0,0,0,0,0,0,0,1,0,6,harbour_cif.y4m,20.95,20.806,0.258515,0.006183,0.0,190
1,0,1,0,1,0,1,0,0,1,1,1,4,0,6,harbour_cif.y4m,26.81,26.8,0.110227,0.00564,0.0,259
1,0,1,1,0,0,0,0,0,0,0,1,1,15,3,harbour_cif.y4m,46.04,45.946,0.439352,0.006179,0.0,7
1,0,1,0,0,1,0,0,0,0,0,1,2,5,0,harbour_cif.y4m,41.08,41.344,0.627638,0.006287,0.0,73
1,1,1,1,0,0,1,1,0,0,0,0,2,0,6,harbour_cif.y4m,71.77,71.608,0.312762,0.004561,0.0,63
1,0,1,0,0,1,1,0,0,1,1,0,2,15,3,harbour_cif.y4m,51.83,51.804,0.393675,0.005668,0.0,284
1,0,1,1,0,0,1,0,0,1,0,1,8,15,6,harbour_cif.y4m,56.56,56.604,0.680059,0.00565,0.0,250
1,1,1,0,1,0,0,1,0,0,0,0,2,5,0,harbour_cif.y4m,30.56,30.508,0.161617,0.004696,0.0,209
1,0,1,0,1,0,1,0,0,0,0,1,4,5,3,harbour_cif.y4m,26.83,26.86,0.060415,0.005647,0.0,138
1,1,1,1,0,0,0,0,1,1,1,0,1,0,0,harbour_cif.y4m,55.47,55.46,0.238013,0.004704,0.0,135
1,1,1,1,0,0,1,1,0,1,1,0,4,5,3,harbour_cif.y4m,73.29,72.958,0.743216,0.004505,0.0,264
1,1,1,1,0,0,0,1,0,1,1,0,2,0,6,harbour_cif.y4m,70.13,70.664,0.965417,0.004695,0.0,215
1,0,1,0,0,1,0,0,0,0,1,1,4,5,3,harbour_cif.y4m,42.16,42.086,0.133154,0.006306,0.0,50
1,0,1,1,0,0,0,0,0,1,1,0,4,0,6,harbour_cif.y4m,45.62,45.664,0.117175,0.006177,0.0,98
1,1,1,1,0,0,0,1,0,1,1,0,1,15,0,harbour_cif.y4m,74.56,73.274,2.039738,0.004695,0.0,140
1,1,1,1,0,0,0,1,0,0,1,1,1,0,3,harbour_cif.y4m,68.9,68.946,0.115672,0.004696,0.0,113
1,0,1,0,1,0,1,0,0,1,1,0,1,0,6,harbour_cif.y4m,25.21,25.294,0.536591,0.00564,0.0,3
1,0,1,0,0,1,0,0,0,1,1,1,8,0,0,harbour_cif.y4m,44.01,44.034,0.080187,0.006306,0.0,149
1,0,1,1,0,0,0,0,0,0,1,1,8,5,6,harbour_cif.y4m,45.54,45.768,0.540712,0.006177,0.0,153
1,1,1,1,0,0,1,1,0,1,1,0,2,15,6,harbour_cif.y4m,73.22,73.206,0.120333,0.004492,0.0,133
1,0,1,1,0,0,0,0,0,0,0,0,1,0,3,harbour_cif.y4m,45.59,45.59,0.073824,0.006177,0.0,191
1,1,1,0,1,0,0,1,0,1,0,1,1,0,6,harbour_cif.y4m,32.98,32.93,0.268421,0.004696,0.0,100
1,0,1,1,0,0,1,0,0,0,1,0,4,0,3,harbour_cif.y4m,53.11,53.166,0.638694,0.005649,0.0,85
1,0,1,0,0,1,1,0,0,0,0,0,2,0,3,harbour_cif.y4m,47.67,48.102,0.722406,0.005668,0.0,88
1,0,1,0,1,0,1,0,0,1,1,0,4,15,6,harbour_cif.y4m,25.29,25.286,0.142232,0.00564,0.0,31
1,0,1,0,0,1,1,0,0,0,0,0,4,5,3,harbour_cif.y4m,47.84,47.902,0.236474,0.005668,0.0,134
1,1,1,0,1,0,1,1,0,1,1,1,8,0,3,harbour_cif.y4m,29.84,29.852,0.051672,0.004569,0.0,147
1,1,1,1,0,0,0,1,0,0,1,1,4,15,6,harbour_cif.y4m,74.99,74.79,0.510441,0.004696,0.0,275
1,0,1,0,0,1,1,0,0,0,1,0,4,15,3,harbour_cif.y4m,47.67,47.686,0.104547,0.005668,0.0,143
1,1,1,0,1,0,1,1,0,1,0,0,1,5,6,harbour_cif.y4m,30.23,29.988,0.39846,0.004494,0.0,8
1,1,1,1,0,0,1,1,0,0,1,1,4,5,3,harbour_cif.y4m,73.26,73.262,0.064576,0.004505,0.0,216
1,0,1,1,0,0,1,0,0,1,0,0,1,0,3,harbour_cif.y4m,57.41,57.056,0.730568,0.005649,0.0,214
1,0,1,0,0,1,0,0,0,0,0,0,1,5,0,harbour_cif.y4m,44.31,44.346,0.385136,0.006306,0.0,17
1,0,1,0,0,1,1,0,0,0,0,0,1,5,0,harbour_cif.y4m,47.59,47.646,0.086487,0.005668,0.0,206
1,0,1,0,1,0,0,0,0,1,1,1,8,15,0,harbour_cif.y4m,20.43,20.496,0.184743,0.006183,0.0,36
1,1,1,0,1,0,1,1,0,0,0,0,4,15,3,harbour_cif.y4m,33.68,33.478,0.45472,0.004502,0.0,6
1,0,1,1,0,0,1,0,0,0,0,1,1,0,6,harbour_cif.y4m,52.48,52.55,0.194036,0.00565,0.0,5
1,0,1,1,0,0,1,0,0,0,0,0,8,15,6,harbour_cif.y4m,54.53,54.02,1.376281,0.005649,0.0,164
1,0,1,0,0,1,0,0,0,1,0,0,8,0,6,harbour_cif.y4m,41.24,41.598,0.920663,0.006306,0.0,97
1,0,1,1,0,0,0,0,0,0,1,0,2,5,3,harbour_cif.y4m,45.8,46.112,0.544628,0.006177,0.0,236
1,1,1,0,1,0,1,1,0,0,0,0,8,5,0,harbour_cif.y4m,30.29,30.094,0.39253,0.004567,0.0,71
1,1,1,0,1,0,1,1,0,1,0,1,2,0,3,harbour_cif.y4m,29.74,29.846,0.278352,0.004587,0.0,295
1,0,1,1,0,0,1,0,0,1,1,0,8,5,3,harbour_cif.y4m,53.56,53.342,0.545133,0.005649,0.0,286
1,0,1,0,1,0,0,0,0,0,0,1,1,5,0,harbour_cif.y4m,20.46,20.64,0.335485,0.006184,0.0,34
1,0,1,0,1,0,1,0,0,1,1,1,1,5,3,harbour_cif.y4m,26.02,25.766,0.642713,0.005647,0.0,240
1,0,1,0,0,1,1,0,0,0,0,1,4,15,3,harbour_cif.y4m,47.49,47.55,0.240728,0.005674,0.0,18
1,0,1,0,1,0,0,0,0,0,1,0,8,0,6,harbour_cif.y4m,21.94,21.934,0.035777,0.006183,0.0,102
1,1,1,1,0,0,1,0,1,0,1,0,4,0,0,harbour_cif.y4m,55.19,56.054,1.965574,0.00463,0.0,51
1,1,1,1,0,0,1,1,0,0,0,1,4,15,6,harbour_cif.y4m,70.88,70.856,0.257546,0.004504,0.0,282
1,0,1,0,1,0,1,0,0,1,1,1,1,0,3,harbour_cif.y4m,25.0,25.034,0.075697,0.005647,0.0,77
1,0,1,1,0,0,1,0,0,0,1,0,2,0,3,harbour_cif.y4m,52.65,52.868,0.64913,0.005649,0.0,128
1,1,1,0,1,0,1,1,0,0,0,0,2,5,3,harbour_cif.y4m,31.31,30.922,0.604045,0.004525,0.0,234
1,0,1,1,0,0,0,0,0,0,1,1,1,0,0,harbour_cif.y4m,45.62,45.858,0.704677,0.006179,0.0,252
1,0,1,1,0,0,1,0,0,0,0,1,4,0,3,harbour_cif.y4m,53.78,53.57,0.632139,0.00565,0.0,28
1,0,1,0,0,1,1,0,0,1,1,1,8,15,3,harbour_cif.y4m,48.98,48.72,0.712004,0.005668,0.0,139
1,0,1,0,0,1,0,0,0,0,0,1,1,5,0,harbour_cif.y4m,41.79,41.808,0.117983,0.006287,0.0,158
1,1,1,0,1,0,1,1,0,1,0,1,8,5,3,harbour_cif.y4m,30.02,30.016,0.100648,0.004529,0.0,152
1,0,1,1,0,0,1,0,0,1,0,0,2,0,6,harbour_cif.y4m,53.95,53.28,1.009579,0.005649,0.0,12
1,1,1,0,1,0,0,1,0,0,0,1,4,15,3,harbour_cif.y4m,32.73,33.072,0.478142,0.00469,0.0,294
1,1,1,0,1,0,0,1,0,0,0,1,8,15,3,harbour_cif.y4m,33.45,33.116,0.641194,0.00469,0.0,154
1,1,1,1,0,0,0,1,0,1,0,0,2,15,6,harbour_cif.y4m,74.73,75.298,0.958812,0.004696,0.0,157
1,0,1,1,0,0,1,0,0,1,1,1,2,0,3,harbour_cif.y4m,52.57,52.524,0.135573,0.005649,0.0,150
1,1,1,0,1,0,1,1,0,0,1,0,8,0,6,harbour_cif.y4m,29.44,29.846,0.578904,0.004569,0.0,287
1,0,1,0,1,0,0,0,0,1,1,0,1,0,3,harbour_cif.y4m,20.98,20.786,0.345876,0.006183,0.0,297
1,0,1,0,0,1,0,0,0,1,1,0,8,15,0,harbour_cif.y4m,41.64,41.662,0.079812,0.006306,0.0,263
1,1,1,0,1,0,0,1,0,1,1,1,1,5,3,harbour_cif.y4m,30.35,30.334,0.066558,0.0047,0.0,255
1,0,1,1,0,0,0,0,0,1,1,0,8,15,3,harbour_cif.y4m,48.89,49.04,0.53033,0.006177,0.0,115
1,0,1,0,0,1,1,0,0,1,0,1,4,15,3,harbour_cif.y4m,48.21,48.556,1.606247,0.005674,0.0,188
1,0,1,0,0,1,1,0,0,0,0,1,8,0,6,harbour_cif.y4m,47.57,47.55,0.0886,0.005674,0.0,212
1,0,1,1,0,0,1,0,0,0,0,1,1,15,3,harbour_cif.y4m,52.36,52.954,0.926839,0.00565,0.0,195
1,0,1,0,1,0,0,0,0,0,1,1,2,15,0,harbour_cif.y4m,20.39,20.72,0.479218,0.006183,0.0,119
1,0,1,1,0,0,0,0,0,1,0,1,4,15,0,harbour_cif.y4m,45.48,46.004,0.766994,0.006179,0.0,58
1,0,1,0,1,0,1,0,0,1,0,1,4,0,6,harbour_cif.y4m,25.21,25.44,0.453762,0.005647,0.0,277
1,0,1,0,1,0,1,0,0,0,1,1,4,5,6,harbour_cif.y4m,26.82,26.946,0.291428,0.00564,0.0,64
1,1,1,0,1,0,1,1,0,1,0,0,2,0,0,harbour_cif.y4m,30.37,30.096,0.468273,0.004569,0.0,285
1,1,1,0,1,0,1,1,0,1,0,0,4,0,0,harbour_cif.y4m,29.64,29.756,0.315801,0.004569,0.0,290
1,0,1,1,0,0,0,0,0,1,0,1,8,5,6,harbour_cif.y4m,46.05,46.11,0.144741,0.006179,0.0,196
1,1,1,1,0,0,1,0,1,1,1,1,1,0,0,harbour_cif.y4m,55.08,54.976,0.227442,0.004614,0.0,93
1,0,1,1,0,0,1,0,0,0,1,1,4,5,6,harbour_cif.y4m,52.58,52.576,0.220975,0.005649,0.0,299
1,0,1,1,0,0,0,0,0,1,0,0,2,5,0,harbour_cif.y4m,47.12,46.838,0.724272,0.006177,0.0,125
1,1,1,0,1,0,0,1,0,1,0,1,2,15,6,harbour_cif.y4m,31.81,31.874,0.137222,0.004696,0.0,21
1,0,1,0,1,0,0,0,0,1,0,1,2,0,0,harbour_cif.y4m,21.95,21.93,0.065192,0.006184,0.0,225
1,0,1,0,1,0,0,0,0,1,0,0,2,5,0,highway_cif.y4m,19.92,19.928,0.040866,0.000774,0.0,114
1,1,1,1,0,0,0,0,1,0,0,1,1,0,0,highway_cif.y4m,72.55,72.556,0.17883,0.000704,0.0,281
1,1,1,1,0,0,0,1,0,1,1,0,2,5,0,highway_cif.y4m,93.92,93.884,0.109225,0.000681,0.0,49
1,0,1,0,0,1,1,0,0,0,0,0,2,15,6,highway_cif.y4m,58.59,58.654,0.109225,0.00076,0.0,194
1,0,1,1,0,0,0,0,0,0,0,0,2,0,6,highway_cif.y4m,62.37,62.422,0.168137,0.000776,0.0,62
1,1,1,0,1,0,0,1,0,1,1,1,1,15,3,highway_cif.y4m,34.43,34.48,0.097468,0.000694,0.0,91
1,0,1,0,0,1,1,0,0,0,0,0,4,0,6,highway_cif.y4m,58.68,58.654,0.080808,0.00076,0.0,107
1,0,1,1,0,0,1,0,0,0,0,1,4,5,3,highway_cif.y4m,64.31,64.258,0.119038,0.000753,0.0,181
1,0,1,0,1,0,1,0,0,0,0,0,4,5,0,highway_cif.y4m,19.76,19.748,0.060992,0.000754,0.0,247
1,0,1,1,0,0,0,0,0,1,1,0,4,5,3,highway_cif.y4m,61.64,61.576,0.176579,0.000776,0.0,166
1,0,1,0,0,1,0,0,0,0,1,1,4,0,0,highway_cif.y4m,54.55,54.578,0.080436,0.00079,0.0,25
1,1,1,0,1,0,0,1,0,0,0,1,8,0,6,highway_cif.y4m,34.43,34.41,0.071764,0.000678,0.0,203
1,1,1,1,0,0,1,1,0,1,1,1,4,5,6,highway_cif.y4m,86.53,86.398,0.281727,0.00057,0.0,219
1,0,1,0,0,1,0,0,0,0,0,0,4,15,0,highway_cif.y4m,54.53,54.546,0.129345,0.00079,0.0,162
1,0,1,1,0,0,1,0,0,0,1,0,4,15,6,highway_cif.y4m,64.46,64.398,0.183494,0.000754,0.0,182
1,0,1,0,0,1,0,0,0,1,1,0,1,15,6,highway_cif.y4m,54.74,54.678,0.104976,0.00079,0.0,10
1,1,1,1,0,0,1,1,0,1,1,1,2,15,0,highway_cif.y4m,91.93,91.97,0.161864,0.000621,0.0,14
1,1,1,1,0,0,0,1,0,0,0,1,1,0,6,highway_cif.y4m,95.74,95.648,0.22753,0.000682,0.0,89
1,1,1,1,0,0,0,1,0,1,1,1,1,5,0,highway_cif.y4m,96.3,96.27,0.112694,0.000683,0.0,116
1,0,1,1,0,0,0,0,0,0,1,1,4,15,3,highway_cif.y4m,62.6,62.588,0.067602,0.000776,0.0,217
1,1,1,0,1,0,0,1,0,0,1,0,1,0,0,highway_cif.y4m,33.18,33.146,0.096073,0.000686,0.0,75
1,1,1,0,1,0,0,1,0,1,1,1,2,15,6,highway_cif.y4m,35.33,35.34,0.02,0.000683,0.0,266
1,0,1,1,0,0,1,0,0,0,1,1,4,15,3,highway_cif.y4m,64.16,64.224,0.146901,0.000754,0.0,268
1,0,1,0,1,0,1,0,0,1,1,1,4,15,3,highway_cif.y4m,19.79,19.782,0.064187,0.000754,0.0,187
1,0,1,0,0,1,1,0,0,0,1,0,8,15,3,highway_cif.y4m,58.69,58.634,0.309887,0.00076,0.0,161
1,0,1,0,1,0,1,0,0,0,1,0,2,0,6,highway_cif.y4m,19.69,19.702,0.06261,0.000754,0.0,23
1,1,1,1,0,0,0,1,0,1,1,0,2,5,6,highway_cif.y4m,99.03,98.908,0.31356,0.000695,0.0,2
1,1,1,1,0,0,1,0,1,1,0,1,2,0,0,highway_cif.y4m,67.29,67.304,0.092898,0.000612,0.0,16
1,0,1,1,0,0,0,0,0,1,1,1,8,15,0,highway_cif.y4m,62.42,62.47,0.176635,0.000776,0.0,262
1,1,1,1,0,0,0,1,0,1,1,0,4,5,0,highway_cif.y4m,95.81,95.686,0.246435,0.000681,0.0,66
1,0,1,1,0,0,0,0,0,1,0,0,2,0,0,highway_cif.y4m,62.5,62.42,0.153134,0.000776,0.0,86
1,0,1,0,1,0,1,0,0,0,1,0,2,5,6,highway_cif.y4m,19.45,19.458,0.042661,0.000754,0.0,231
1,0,1,0,1,0,0,0,0,0,0,0,4,5,0,highway_cif.y4m,19.91,19.924,0.046152,0.000774,0.0,269
1,1,1,0,1,0,1,1,0,0,1,0,1,5,0,highway_cif.y4m,31.16,31.136,0.082946,0.000619,0.0,180
1,0,1,0,0,1,0,0,0,0,1,0,4,5,6,highway_cif.y4m,54.69,54.734,0.127004,0.00079,0.0,274
1,1,1,1,0,0,0,1,0,1,1,0,2,15,6,highway_cif.y4m,102.85,102.786,0.16562,0.000688,0.0,184
1,0,1,0,0,1,1,0,0,0,0,1,4,5,0,highway_cif.y4m,58.67,58.642,0.146526,0.000759,0.0,118
1,1,1,1,0,0,0,1,0,0,0,0,1,0,6,highway_cif.y4m,94.41,94.424,0.316749,0.000681,0.0,254
1,0,1,1,0,0,1,0,0,0,1,1,4,5,0,highway_cif.y4m,64.6,64.512,0.126372,0.000754,0.0,208
1,0,1,0,0,1,1,0,0,1,1,0,4,5,6,highway_cif.y4m,58.51,58.534,0.049295,0.00076,0.0,279
1,1,1,1,0,0,0,1,0,0,1,1,4,15,3,highway_cif.y4m,100.62,100.61,0.177764,0.000685,0.0,229
1,0,1,0,0,1,1,0,0,1,1,1,1,0,0,highway_cif.y4m,58.46,58.48,0.149164,0.000759,0.0,46
1,0,1,0,0,1,0,0,0,1,1,1,4,5,6,highway_cif.y4m,54.46,54.454,0.059833,0.00079,0.0,171
1,1,1,1,0,0,0,1,0,0,1,0,2,5,0,highway_cif.y4m,93.93,93.974,0.245418,0.000681,0.0,99
1,0,1,0,0,1,0,0,0,0,0,0,8,0,0,highway_cif.y4m,53.87,53.878,0.054955,0.00079,0.0,81
1,1,1,1,0,0,1,1,0,1,0,1,8,5,0,highway_cif.y4m,90.81,90.83,0.228801,0.000618,0.0,155
1,0,1,0,1,0,0,0,0,1,0,1,1,15,6,highway_cif.y4m,19.97,19.972,0.047645,0.000774,0.0,96
1,1,1,1,0,0,0,1,0,1,1,1,8,0,0,highway_cif.y4m,94.47,94.416,0.138852,0.000681,0.0,218
1,1,1,1,0,0,1,1,0,1,1,0,8,0,6,highway_cif.y4m,90.59,90.528,0.316101,0.000621,0.0,53
1,1,1,0,1,0,1,0,1,0,0,0,2,0,0,highway_cif.y4m,22.07,22.03,0.078422,0.000614,0.0,109
1,0,1,0,1,0,0,0,0,0,1,0,4,5,6,highway_cif.y4m,19.88,19.902,0.047645,0.000774,0.0,185
1,1,1,1,0,0,0,1,0,0,1,1,2,0,0,highway_cif.y4m,94.63,94.544,0.339087,0.000681,0.0,239
1,0,1,1,0,0,0,0,0,0,0,1,2,0,0,highway_cif.y4m,62.56,62.492,0.13755,0.000775,0.0,276
1,0,1,1,0,0,1,0,0,0,0,1,4,0,6,highway_cif.y4m,64.35,64.286,0.190342,0.000753,0.0,257
1,0,1,0,0,1,0,0,0,1,1,0,1,5,0,highway_cif.y4m,54.6,54.608,0.090388,0.00079,0.0,42
1,1,1,0,1,0,1,1,0,0,0,0,2,15,3,highway_cif.y4m,30.52,30.5,0.06,0.000571,0.0,204
1,0,1,1,0,0,1,0,0,1,0,1,2,15,6,highway_cif.y4m,64.25,64.218,0.176267,0.000753,0.0,145
1,0,1,0,1,0,0,0,0,0,0,0,2,0,3,highway_cif.y4m,19.88,19.902,0.058907,0.000774,0.0,246
1,1,1,1,0,0,0,1,0,0,1,1,8,0,0,highway_cif.y4m,94.48,94.534,0.184743,0.000681,0.0,202
1,1,1,0,1,0,0,1,0,1,0,0,2,5,3,highway_cif.y4m,33.55,33.552,0.07791,0.000678,0.0,70
1,0,1,0,1,0,0,0,0,0,1,0,1,5,3,highway_cif.y4m,19.86,19.876,0.032094,0.000774,0.0,230
1,0,1,0,1,0,1,0,0,0,0,0,4,15,6,highway_cif.y4m,19.81,19.766,0.069857,0.000754,0.0,267
1,1,1,1,0,0,1,1,0,0,0,1,8,5,3,highway_cif.y4m,86.96,86.996,0.130115,0.000569,0.0,146
1,0,1,0,1,0,1,0,0,0,0,1,2,15,0,highway_cif.y4m,19.71,19.71,0.061237,0.000754,0.0,27
1,0,1,0,1,0,1,0,0,0,1,1,8,0,3,highway_cif.y4m,19.8,19.76,0.079057,0.000754,0.0,137
1,1,1,1,0,0,0,1,0,0,1,1,2,15,0,highway_cif.y4m,95.58,95.584,0.149432,0.000681,0.0,189
1,1,1,0,1,0,1,1,0,1,0,0,4,15,0,highway_cif.y4m,31.08,31.068,0.059749,0.000619,0.0,132
1,1,1,1,0,0,0,0,1,1,0,1,8,0,0,highway_cif.y4m,73.9,73.828,0.191755,0.000704,0.0,169
1,0,1,0,0,1,0,0,0,0,0,0,1,5,6,highway_cif.y4m,54.7,54.688,0.070498,0.00079,0.0,33
1,0,1,1,0,0,0,0,0,0,1,1,8,15,0,highway_cif.y4m,62.55,62.536,0.158524,0.000776,0.0,205
1,0,1,1,0,0,0,0,0,1,0,1,2,0,0,highway_cif.y4m,62.49,62.51,0.086891,0.000775,0.0,245
1,1,1,0,1,0,1,1,0,0,1,1,1,15,0,highway_cif.y4m,31.17,31.168,0.084676,0.000619,0.0,298
1,0,1,1,0,0,1,0,0,1,1,0,2,5,6,highway_cif.y4m,64.34,64.372,0.092844,0.000754,0.0,163
1,1,1,1,0,0,0,1,0,0,0,0,1,5,0,highway_cif.y4m,95.77,95.8,0.202978,0.000681,0.0,123
1,0,1,0,0,1,1,0,0,1,0,0,4,15,0,highway_cif.y4m,58.84,58.724,0.23755,0.00076,0.0,4
1,0,1,0,0,1,1,0,0,1,1,0,8,5,6,highway_cif.y4m,58.62,58.718,0.204255,0.00076,0.0,141
1,1,1,0,1,0,0,1,0,1,0,0,8,5,6,highway_cif.y4m,34.1,34.084,0.0999,0.000687,0.0,129
1,1,1,0,1,0,1,1,0,1,1,0,4,5,3,highway_cif.y4m,29.38,29.376,0.083845,0.000568,0.0,159
1,0,1,0,0,1,1,0,0,1,0,0,1,0,0,highway_cif.y4m,58.58,58.654,0.172714,0.00076,0.0,22
1,0,1,0,0,1,0,0,0,1,0,1,2,0,6,highway_cif.y4m,53.92,53.778,0.204499,0.000787,0.0,175
1,1,1,1,0,0,0,1,0,1,1,1,8,5,6,highway_cif.y4m,98.8,98.828,0.215569,0.000695,0.0,151
1,1,1,0,1,0,0,1,0,0,1,0,2,5,0,highway_cif.y4m,33.32,33.312,0.050695,0.000686,0.0,52
1,0,1,0,0,1,0,0,0,0,0,1,4,0,3,highway_cif.y4m,54.42,54.492,0.134796,0.000787,0.0,108
1,0,1,0,1,0,1,0,0,0,0,1,8,15,0,highway_cif.y4m,19.43,19.416,0.040373,0.000754,0.0,72
1,0,1,1,0,0,1,0,0,1,1,0,8,0,6,highway_cif.y4m,63.41,63.336,0.189288,0.000754,0.0,248
1,1,1,1,0,0,1,1,0,1,1,0,8,5,6,highway_cif.y4m,88.11,88.044,0.16025,0.00057,0.0,174
1,0,1,1,0,0,1,0,0,1,1,1,8,0,3,highway_cif.y4m,64.4,64.43,0.201742,0.000754,0.0,130
1,1,1,0,1,0,1,1,0,1,1,1,8,15,0,highway_cif.y4m,31.01,31.03,0.060415,0.000619,0.0,168
1,0,1,0,0,1,1,0,0,1,0,1,8,0,6,highway_cif.y4m,58.46,58.484,0.12818,0.000759,0.0,198
1,0,1,0,0,1,1,0,0,1,1,0,1,0,3,highway_cif.y4m,58.61,58.606,0.127789,0.00076,0.0,83
1,1,1,1,0,0,1,1,0,0,1,0,1,0,3,highway_cif.y4m,90.72,90.674,0.154855,0.000621,0.0,291
1,0,1,0,1,0,0,0,0,1,1,0,1,0,6,highway_cif.y4m,19.91,19.912,0.051186,0.000774,0.0,237
1,0,1,0,0,1,0,0,0,1,1,1,2,15,3,highway_cif.y4m,54.59,54.622,0.114761,0.00079,0.0,90
1,1,1,1,0,0,1,1,0,0,0,1,1,15,0,highway_cif.y4m,90.74,90.722,0.220386,0.000618,0.0,87
1,0,1,1,0,0,1,0,0,1,0,0,1,5,0,highway_cif.y4m,63.35,63.438,0.242322,0.000754,0.0,74
1,0,1,0,0,1,0,0,0,1,0,0,2,0,3,highway_cif.y4m,54.58,54.616,0.116319,0.00079,0.0,201
1,0,1,0,1,0,0,0,0,1,0,1,1,0,0,highway_cif.y4m,19.71,19.694,0.052726,0.000774,0.0,183
1,0,1,1,0,0,0,0,0,0,0,0,4,0,6,highway_cif.y4m,62.45,62.44,0.085147,0.000776,0.0,227
1,1,1,0,1,0,1,1,0,0,0,0,1,15,6,highway_cif.y4m,31.48,31.47,0.08,0.000567,0.0,222
1,0,1,0,0,1,0,0,0,0,1,0,8,0,6,highway_cif.y4m,53.81,53.852,0.102078,0.00079,0.0,55
1,0,1,1,0,0,0,0,0,0,1,1,2,5,0,highway_cif.y4m,61.43,61.42,0.159374,0.000776,0.0,142
1,0,1,1,0,0,1,0,0,1,0,1,1,5,6,highway_cif.y4m,63.04,63.142,0.201544,0.000753,0.0,124
1,0,1,1,0,0,1,0,0,0,0,0,8,0,0,highway_cif.y4m,64.46,64.374,0.19756,0.000754,0.0,95
1,0,1,1,0,0,1,0,0,1,0,0,2,15,0,highway_cif.y4m,64.42,64.396,0.070922,0.000754,0.0,241
1,0,1,0,1,0,0,0,0,0,1,1,1,5,3,highway_cif.y4m,19.96,19.958,0.022804,0.000774,0.0,289
1,0,1,1,0,0,1,0,0,1,1,0,1,5,0,highway_cif.y4m,64.24,64.296,0.109681,0.000754,0.0,278
1,1,1,0,1,0,0,1,0,1,1,0,1,0,6,highway_cif.y4m,33.09,33.118,0.065345,0.000686,0.0,176
1,0,1,0,0,1,1,0,0,0,1,0,8,5,0,highway_cif.y4m,58.72,58.71,0.095917,0.00076,0.0,122
1,0,1,0,0,1,0,0,0,0,1,0,4,0,6,highway_cif.y4m,54.79,54.746,0.228758,0.00079,0.0,30
1,1,1,0,1,0,0,1,0,0,0,0,2,0,6,highway_cif.y4m,33.16,33.152,0.052631,0.000686,0.0,251
1,0,1,1,0,0,0,0,0,0,0,1,1,0,0,highway_cif.y4m,62.51,62.508,0.087006,0.000775,0.0,120
1,0,1,1,0,0,0,0,0,0,0,1,2,15,6,highway_cif.y4m,62.58,62.568,0.067602,0.000775,0.0,144
1,0,1,0,1,0,1,0,0,0,0,0,1,0,3,highway_cif.y4m,19.79,19.782,0.039623,0.000754,0.0,265
1,1,1,0,1,0,0,1,0,0,1,0,2,0,6,highway_cif.y4m,33.16,33.176,0.040988,0.000686,0.0,260
1,1,1,0,1,0,0,1,0,0,0,1,1,0,3,highway_cif.y4m,34.37,34.382,0.075299,0.000678,0.0,78
1,0,1,0,1,0,0,0,0,0,1,1,8,15,3,highway_cif.y4m,19.94,19.954,0.037815,0.000774,0.0,84
1,0,1,1,0,0,1,0,0,1,0,0,4,15,3,highway_cif.y4m,64.39,64.422,0.266777,0.000754,0.0,296
1,0,1,0,0,1,0,0,0,0,0,1,2,5,6,highway_cif.y4m,54.63,54.606,0.10139,0.000787,0.0,232
1,0,1,0,0,1,1,0,0,0,1,0,4,15,6,highway_cif.y4m,58.69,58.682,0.076942,0.00076,0.0,213
1,1,1,0,1,0,0,1,0,0,1,1,8,15,3,highway_cif.y4m,35.32,35.308,0.077266,0.000688,0.0,94
1,0,1,0,1,0,0,0,0,0,1,1,1,5,0,highway_cif.y4m,19.97,19.96,0.044721,0.000774,0.0,178
1,0,1,1,0,0,1,0,0,1,0,0,4,0,0,highway_cif.y4m,64.3,64.266,0.176579,0.000754,0.0,127
1,1,1,0,1,0,1,1,0,0,1,0,8,5,6,highway_cif.y4m,30.15,30.172,0.079183,0.000566,0.0,111
1,0,1,0,1,0,0,0,0,0,0,1,1,0,6,highway_cif.y4m,20.0,20.02,0.062048,0.000774,0.0,92
1,1,1,1,0,0,0,1,0,0,1,0,8,15,6,highway_cif.y4m,102.69,102.594,0.204279,0.000688,0.0,54
1,0,1,0,0,1,0,0,0,0,0,1,2,15,0,highway_cif.y4m,54.47,54.566,0.173868,0.000787,0.0,45
1,0,1,1,0,0,0,0,0,1,0,0,4,0,6,highway_cif.y4m,62.48,62.462,0.20315,0.000776,0.0,226
1,1,1,1,0,0,1,1,0,1,0,0,8,5,0,highway_cif.y4m,90.3,90.29,0.192224,0.000621,0.0,200
1,0,1,0,0,1,1,0,0,1,0,1,8,5,6,highway_cif.y4m,58.41,58.434,0.122801,0.000759,0.0,59
1,1,1,0,1,0,1,0,1,0,0,1,2,0,0,highway_cif.y4m,22.71,22.698,0.026833,0.000614,0.0,19
1,1,1,1,0,0,0,1,0,1,0,0,2,15,0,highway_cif.y4m,95.75,95.804,0.170382,0.000681,0.0,47
1,1,1,0,1,0,1,1,0,0,0,1,4,5,6,highway_cif.y4m,30.23,30.254,0.037815,0.000568,0.0,32
1,1,1,0,1,0,0,1,0,1,0,0,1,5,6,highway_cif.y4m,34.14,34.126,0.050299,0.000687,0.0,170
1,0,1,0,0,1,0,0,0,1,1,0,1,15,0,highway_cif.y4m,54.7,54.624,0.183112,0.00079,0.0,270
1,0,1,1,0,0,1,0,0,1,0,1,4,15,6,highway_cif.y4m,64.41,64.38,0.197864,0.000753,0.0,207
1,1,1,0,1,0,0,1,0,1,1,1,1,5,6,highway_cif.y4m,33.96,33.974,0.067676,0.000684,0.0,43
1,0,1,0,1,0,1,0,0,0,1,1,1,0,3,highway_cif.y4m,19.71,19.712,0.033466,0.000754,0.0,40
1,1,1,0,1,0,0,1,0,0,1,1,1,5,3,highway_cif.y4m,33.93,33.948,0.050695,0.000675,0.0,117
1,0,1,0,0,1,0,0,0,0,1,0,8,15,6,highway_cif.y4m,53.87,53.808,0.135904,0.00079,0.0,253
1,0,1,1,0,0,0,0,0,1,0,0,1,15,3,highway_cif.y4m,62.47,62.506,0.12818,0.000776,0.0,68
1,1,1,1,0,0,0,1,0,1,1,1,1,15,6,highway_cif.y4m,99.71,99.814,0.282011,0.000688,0.0,186
1,1,1,0,1,0,1,1,0,0,0,1,8,15,3,highway_cif.y4m,31.23,31.196,0.077006,0.000567,0.0,288
1,1,1,0,1,0,0,1,0,0,0,0,2,0,0,highway_cif.y4m,33.07,33.092,0.087579,0.000686,0.0,15
1,0,1,1,0,0,0,0,0,0,1,1,2,15,3,highway_cif.y4m,62.62,62.602,0.083785,0.000776,0.0,82
1,1,1,1,0,0,0,1,0,0,0,0,4,15,6,highway_cif.y4m,102.74,102.678,0.273989,0.000688,0.0,211
1,0,1,0,1,0,1,0,0,1,1,1,8,15,6,highway_cif.y4m,19.72,19.748,0.048166,0.000754,0.0,177
1,1,1,0,1,0,0,1,0,1,1,1,2,5,3,highway_cif.y4m,34.18,34.124,0.125419,0.000678,0.0,210
1,0,1,1,0,0,0,0,0,1,1,1,2,0,3,highway_cif.y4m,62.47,62.52,0.171464,0.000776,0.0,13
1,0,1,0,1,0,1,0,0,0,0,1,2,15,3,highway_cif.y4m,19.73,19.726,0.047223,0.000754,0.0,228
1,0,1,0,1,0,1,0,0,1,1,0,4,5,3,highway_cif.y4m,19.83,19.818,0.065727,0.000754,0.0,38
1,1,1,1,0,0,0,1,0,0,0,1,4,15,6,highway_cif.y4m,99.91,99.752,0.333871,0.000688,0.0,29
1,1,1,1,0,0,1,0,1,1,0,0,8,0,0,highway_cif.y4m,67.7,67.642,0.157067,0.000611,0.0,24
1,1,1,1,0,0,0,1,0,0,0,0,8,5,6,highway_cif.y4m,99.02,98.9,0.279374,0.000695,0.0,293
1,1,1,1,0,0,0,1,0,0,1,0,2,5,6,highway_cif.y4m,98.9,99.022,0.217876,0.000695,0.0,67
1,1,1,0,1,0,0,1,0,1,0,1,2,5,0,highway_cif.y4m,34.63,34.608,0.054037,0.000678,0.0,199
1,0,1,0,0,1,1,0,0,1,1,0,8,15,3,highway_cif.y4m,58.56,58.67,0.22,0.00076,0.0,244
1,0,1,0,0,1,1,0,0,0,0,0,8,15,0,highway_cif.y4m,58.75,58.77,0.08124,0.00076,0.0,80
1,1,1,1,0,0,1,1,0,1,1,1,2,0,3,highway_cif.y4m,90.35,90.324,0.209237,0.000621,0.0,223
1,1,1,0,1,0,1,1,0,0,1,0,8,5,0,highway_cif.y4m,31.04,31.062,0.060166,0.000619,0.0,121
1,0,1,1,0,0,1,0,0,0,0,0,8,5,3,highway_cif.y4m,64.42,64.364,0.256086,0.000754,0.0,261
1,0,1,1,0,0,1,0,0,1,1,0,1,5,6,highway_cif.y4m,64.31,64.36,0.270093,0.000754,0.0,156
1,1,1,1,0,0,0,1,0,0,1,0,4,15,3,highway_cif.y4m,98.68,98.748,0.281283,0.000685,0.0,271
1,1,1,1,0,0,1,1,0,1,0,0,2,15,3,highway_cif.y4m,86.78,86.748,0.135167,0.000568,0.0,9
1,1,1,1,0,0,1,1,0,1,0,1,1,0,0,highway_cif.y4m,89.61,89.538,0.264896,0.000618,0.0,165
1,0,1,0,0,1,1,0,0,1,0,0,1,15,6,highway_cif.y4m,58.64,58.594,0.15566,0.00076,0.0,126
1,0,1,1,0,0,1,0,0,1,1,1,8,5,0,highway_cif.y4m,64.42,64.436,0.120125,0.000754,0.0,280
1,0,1,1,0,0,0,0,0,1,1,0,2,5,3,highway_cif.y4m,62.59,62.538,0.112561,0.000776,0.0,172
1,0,1,0,1,0,1,0,0,0,0,0,1,15,6,highway_cif.y4m,19.76,19.764,0.040373,0.000754,0.0,292
1,0,1,0,0,1,0,0,0,1,0,1,1,0,3,highway_cif.y4m,54.53,54.558,0.087864,0.000787,0.0,179
1,0,1,0,0,1,1,0,0,1,0,1,2,0,3,highway_cif.y4m,58.48,58.464,0.100648,0.000759,0.0,272
1,0,1,0,0,1,1,0,0,0,1,0,4,5,0,highway_cif.y4m,58.71,58.736,0.074364,0.00076,0.0,105
1,0,1,0,1,0,0,0,0,0,0,0,1,0,3,highway_cif.y4m,19.64,19.624,0.055946,0.000774,0.0,76
1,0,1,1,0,0,1,0,0,0,1,0,4,15,3,highway_cif.y4m,64.4,64.454,0.088769,0.000754,0.0,197
1,1,1,1,0,0,1,1,0,0,1,0,1,15,0,highway_cif.y4m,90.45,90.4,0.17,0.000621,0.0,221
1,1,1,1,0,0,1,1,0,0,1,0,8,15,6,highway_cif.y4m,87.79,87.78,0.225056,0.000568,0.0,167
1,1,1,0,1,0,0,1,0,1,0,1,4,15,6,highway_cif.y4m,34.87,34.86,0.073485,0.000688,0.0,136
1,1,1,1,0,0,0,1,0,1,0,1,8,15,6,highway_cif.y4m,100.01,99.976,0.166973,0.000688,0.0,243
1,0,1,0,1,0,0,0,0,1,0,1,8,15,6,highway_cif.y4m,19.94,19.95,0.060415,0.000774,0.0,60
1,0,1,1,0,0,0,0,0,1,0,1,2,0,6,highway_cif.y4m,62.52,62.532,0.119457,0.000775,0.0,110
1,1,1,1,0,0,1,1,0,1,0,0,1,15,6,highway_cif.y4m,87.82,87.764,0.172714,0.000568,0.0,35
1,0,1,1,0,0,1,0,0,0,1,1,2,5,6,highway_cif.y4m,64.4,64.432,0.148223,0.000754,0.0,235
1,0,1,1,0,0,0,0,0,1,0,0,1,0,3,highway_cif.y4m,62.57,62.526,0.121367,0.000776,0.0,44
1,1,1,0,1,0,1,1,0,0,1,0,4,15,3,highway_cif.y4m,30.55,30.512,0.060581,0.000571,0.0,256
1,0,1,0,0,1,0,0,0,0,1,1,8,0,0,highway_cif.y4m,54.47,54.552,0.171959,0.00079,0.0,192
1,0,1,0,1,0,0,0,0,0,1,1,2,0,0,highway_cif.y4m,19.89,19.916,0.065422,0.000774,0.0,41
1,0,1,1,0,0,0,0,0,0,1,0,4,5,0,highway_cif.y4m,62.6,62.592,0.100846,0.000776,0.0,37
1,0,1,0,0,1,0,0,0,0,0,0,4,5,0,highway_cif.y4m,53.82,53.86,0.162481,0.00079,0.0,26
1,1,1,1,0,0,0,1,0,0,0,0,1,0,3,highway_cif.y4m,92.74,92.728,0.141669,0.000681,0.0,273
1,1,1,1,0,0,1,1,0,0,0,1,1,5,6,highway_cif.y4m,88.14,88.032,0.275445,0.000571,0.0,233
1,1,1,0,1,0,1,1,0,0,1,1,8,0,0,highway_cif.y4m,30.78,30.77,0.030822,0.000619,0.0,101
1,0,1,1,0,0,0,0,0,0,0,1,2,5,3,highway_cif.y4m,62.65,62.626,0.094499,0.000775,0.0,39
1,1,1,0,1,0,0,1,0,0,0,1,1,15,0,highway_cif.y4m,34.6,34.576,0.070922,0.000678,0.0,106
1,1,1,0,1,0,0,0,1,1,0,0,1,0,0,highway_cif.y4m,24.69,24.672,0.047117,0.000703,0.0,242
1,1,1,1,0,0,1,1,0,0,1,0,2,15,0,highway_cif.y4m,92.02,91.876,0.298546,0.000621,0.0,193
1,0,1,0,1,0,1,0,0,0,1,0,1,15,6,highway_cif.y4m,19.69,19.708,0.053104,0.000754,0.0,103
1,1,1,0,1,0,0,1,0,1,1,1,8,5,6,highway_cif.y4m,34.1,34.056,0.083845,0.000687,0.0,1
1,0,1,1,0,0,0,0,0,1,1,1,1,0,0,highway_cif.y4m,62.42,62.484,0.188892,0.000775,0.0,61
1,1,1,1,0,0,0,0,1,0,0,0,2,0,0,highway_cif.y4m,72.19,72.09,0.282577,0.000703,0.0,56
1,1,1,0,1,0,0,1,0,0,1,0,8,15,3,highway_cif.y4m,35.42,35.424,0.011402,0.000688,0.0,148
1,0,1,0,1,0,0,0,0,1,0,1,2,5,0,highway_cif.y4m,20.01,19.97,0.076485,0.000774,0.0,112
1,0,1,0,1,0,1,0,0,0,1,0,8,15,3,highway_cif.y4m,19.78,19.768,0.027749,0.000754,0.0,300
1,0,1,0,1,0,0,0,0,1,1,0,4,15,0,highway_cif.y4m,19.95,19.95,0.012247,0.000774,0.0,249
1,0,1,0,1,0,0,0,0,0,0,1,2,0,0,highway_cif.y4m,19.92,19.938,0.039623,0.000774,0.0,20
1,1,1,1,0,0,1,1,0,1,0,1,1,5,0,highway_cif.y4m,90.79,90.708,0.239416,0.000618,0.0,104
1,1,1,1,0,0,0,1,0,1,1,1,8,15,6,highway_cif.y4m,102.72,102.67,0.276857,0.000688,0.0,131
1,0,1,1,0,0,0,0,0,0,0,0,2,0,3,highway_cif.y4m,62.63,62.642,0.152872,0.000776,0.0,69
1,0,1,0,1,0,1,0,0,0,0,0,2,0,3,highway_cif.y4m,19.74,19.742,0.0249,0.000754,0.0,220
1,1,1,1,0,0,1,1,0,1,1,1,8,15,6,highway_cif.y4m,87.86,87.86,0.077782,0.000568,0.0,11
1,1,1,1,0,0,1,1,0,1,0,0,4,15,6,highway_cif.y4m,88.14,88.104,0.285184,0.000568,0.0,258
1,0,1,0,1,0,1,0,0,0,0,0,2,15,3,highway_cif.y4m,19.72,19.732,0.047645,0.000754,0.0,65
1,0,1,0,0,1,1,0,0,0,0,0,2,15,0,highway_cif.y4m,58.5,58.526,0.111265,0.00076,0.0,160
1,0,1,0,0,1,1,0,0,0,0,0,8,0,0,highway_cif.y4m,58.72,58.732,0.141669,0.00076,0.0,238
1,1,1,1,0,0,0,1,0,0,0,0,4,0,0,highway_cif.y4m,94.41,94.476,0.165771,0.000681,0.0,57
1,1,1,0,1,0,0,1,0,1,0,1,2,0,0,highway_cif.y4m,34.34,34.344,0.131263,0.000678,0.0,79
1,0,1,0,1,0,1,0,0,0,1,0,4,15,3,highway_cif.y4m,19.49,19.476,0.0251,0.000754,0.0,224
1,1,1,0,1,0,0,1,0,1,0,0,2,0,3,highway_cif.y4m,33.21,33.146,0.115888,0.000686,0.0,48
1,0,1,0,1,0,1,0,0,0,0,1,8,0,6,highway_cif.y4m,19.72,19.732,0.050695,0.000754,0.0,173
1,1,1,1,0,0,1,1,0,0,1,1,1,0,0,highway_cif.y4m,89.49,89.506,0.172714,0.000618,0.0,283
1,0,1,0,1,0,0,0,0,0,0,0,1,0,6,highway_cif.y4m,19.86,19.88,0.05244,0.000774,0.0,190
1,0,1,0,1,0,1,0,0,1,1,1,4,0,6,highway_cif.y4m,19.71,19.738,0.0502,0.000754,0.0,259
1,0,1,1,0,0,0,0,0,0,0,1,1,15,3,highway_cif.y4m,61.51,61.508,0.139893,0.000775,0.0,7
1,0,1,0,0,1,0,0,0,0,0,1,2,5,0,highway_cif.y4m,54.62,54.584,0.150433,0.000787,0.0,73
1,1,1,1,0,0,1,1,0,0,0,0,2,0,6,highway_cif.y4m,90.53,90.426,0.26857,0.000621,0.0,63
1,0,1,0,0,1,1,0,0,1,1,0,2,15,3,highway_cif.y4m,58.58,58.628,0.100349,0.00076,0.0,284
1,0,1,1,0,0,1,0,0,1,0,1,8,15,6,highway_cif.y4m,64.11,64.232,0.254303,0.000753,0.0,250
1,1,1,0,1,0,0,1,0,0,0,0,2,5,0,highway_cif.y4m,32.88,32.882,0.030332,0.000686,0.0,209
1,0,1,0,1,0,1,0,0,0,0,1,4,5,3,highway_cif.y4m,19.65,19.676,0.059833,0.000754,0.0,138
1,1,1,1,0,0,0,0,1,1,1,0,1,0,0,highway_cif.y4m,70.9,70.9,0.164924,0.000703,0.0,135
1,1,1,1,0,0,1,1,0,1,1,0,4,5,3,highway_cif.y4m,88.99,89.016,0.270333,0.000574,0.0,264
1,1,1,1,0,0,0,1,0,1,1,0,2,0,6,highway_cif.y4m,94.81,94.712,0.231452,0.000681,0.0,215
1,0,1,0,0,1,0,0,0,0,1,1,4,5,3,highway_cif.y4m,54.55,54.546,0.074364,0.00079,0.0,50
1,0,1,1,0,0,0,0,0,1,1,0,4,0,6,highway_cif.y4m,62.62,62.546,0.157734,0.000776,0.0,98
1,1,1,1,0,0,0,1,0,1,1,0,1,15,0,highway_cif.y4m,95.71,95.772,0.161462,0.000681,0.0,140
1,1,1,1,0,0,0,1,0,0,1,1,1,0,3,highway_cif.y4m,95.33,95.38,0.212014,0.000682,0.0,113
1,0,1,0,1,0,1,0,0,1,1,0,1,0,6,highway_cif.y4m,19.72,19.736,0.037815,0.000754,0.0,3
1,0,1,0,0,1,0,0,0,1,1,1,8,0,0,highway_cif.y4m,54.67,54.638,0.148896,0.00079,0.0,149
1,0,1,1,0,0,0,0,0,0,1,1,8,5,6,highway_cif.y4m,62.56,62.572,0.106395,0.000776,0.0,153
1,1,1,1,0,0,1,1,0,1,1,0,2,15,6,highway_cif.y4m,87.93,87.964,0.151592,0.000568,0.0,133
1,0,1,1,0,0,0,0,0,0,0,0,1,0,3,highway_cif.y4m,61.73,61.642,0.181989,0.000776,0.0,191
1,1,1,0,1,0,0,1,0,1,0,1,1,0,6,highway_cif.y4m,33.93,33.904,0.07893,0.000678,0.0,100
1,0,1,1,0,0,1,0,0,0,1,0,4,0,3,highway_cif.y4m,63.45,63.456,0.220975,0.000754,0.0,85
1,0,1,0,0,1,1,0,0,0,0,0,2,0,3,highway_cif.y4m,58.57,58.66,0.15346,0.00076,0.0,88
1,0,1,0,1,0,1,0,0,1,1,0,4,15,6,highway_cif.y4m,19.71,19.734,0.050794,0.000754,0.0,31
1,0,1,0,0,1,1,0,0,0,0,0,4,5,3,highway_cif.y4m,57.86,57.842,0.243454,0.00076,0.0,134
1,1,1,0,1,0,1,1,0,1,1,1,8,0,3,highway_cif.y4m,30.93,30.932,0.013038,0.000619,0.0,147
1,1,1,1,0,0,0,1,0,0,1,1,4,15,6,highway_cif.y4m,102.71,102.658,0.100349,0.000688,0.0,275
1,0,1,0,0,1,1,0,0,0,1,0,4,15,3,highway_cif.y4m,58.71,58.694,0.218014,0.00076,0.0,143
1,1,1,0,1,0,1,1,0,1,0,0,1,5,6,highway_cif.y4m,30.53,30.56,0.068191,0.000566,0.0,8
1,1,1,1,0,0,1,1,0,0,1,1,4,5,3,highway_cif.y4m,88.91,88.912,0.251635,0.000574,0.0,216
1,0,1,1,0,0,1,0,0,1,0,0,1,0,3,highway_cif.y4m,64.3,64.328,0.098336,0.000754,0.0,214
1,0,1,0,0,1,0,0,0,0,0,0,1,5,0,highway_cif.y4m,54.53,54.57,0.099247,0.00079,0.0,17
1,0,1,0,0,1,1,0,0,0,0,0,1,5,0,highway_cif.y4m,58.75,58.706,0.229848,0.00076,0.0,206
1,0,1,0,1,0,0,0,0,1,1,1,8,15,0,highway_cif.y4m,19.96,19.944,0.057706,0.000774,0.0,36
1,1,1,0,1,0,1,1,0,0,0,0,4,15,3,highway_cif.y4m,30.43,30.462,0.055408,0.000571,0.0,6
1,0,1,1,0,0,1,0,0,0,0,1,1,0,6,highway_cif.y4m,63.24,63.214,0.093968,0.000753,0.0,5
1,0,1,1,0,0,1,0,0,0,0,0,8,15,6,highway_cif.y4m,63.5,63.422,0.200674,0.000754,0.0,164
1,0,1,0,0,1,0,0,0,1,0,0,8,0,6,highway_cif.y4m,54.56,54.58,0.132665,0.00079,0.0,97
1,0,1,1,0,0,0,0,0,0,1,0,2,5,3,highway_cif.y4m,62.63,62.578,0.092574,0.000776,0.0,236
1,1,1,0,1,0,1,1,0,0,0,0,8,5,0,highway_cif.y4m,31.07,31.076,0.060249,0.000619,0.0,71
1,1,1,0,1,0,1,1,0,1,0,1,2,0,3,highway_cif.y4m,30.96,30.922,0.089554,0.000619,0.0,295
1,0,1,1,0,0,1,0,0,1,1,0,8,5,3,highway_cif.y4m,64.19,64.27,0.127475,0.000754,0.0,286
1,0,1,0,1,0,0,0,0,0,0,1,1,5,0,highway_cif.y4m,19.92,19.918,0.042071,0.000774,0.0,34
1,0,1,0,1,0,1,0,0,1,1,1,1,5,3,highway_cif.y4m,19.47,19.436,0.065038,0.000754,0.0,240
1,0,1,0,0,1,1,0,0,0,0,1,4,15,3,highway_cif.y4m,58.58,58.58,0.046368,0.000759,0.0,18
1,0,1,0,1,0,0,0,0,0,1,0,8,0,6,highway_cif.y4m,19.96,19.936,0.053666,0.000774,0.0,102
1,1,1,1,0,0,1,0,1,0,1,0,4,0,0,highway_cif.y4m,67.48,67.514,0.055946,0.000611,0.0,51
1,1,1,1,0,0,1,1,0,0,0,1,4,15,6,highway_cif.y4m,89.49,89.52,0.109772,0.000567,0.0,282
1,0,1,0,1,0,1,0,0,1,1,1,1,0,3,highway_cif.y4m,19.72,19.68,0.074833,0.000754,0.0,77
1,0,1,1,0,0,1,0,0,0,1,0,2,0,3,highway_cif.y4m,64.49,64.496,0.126214,0.000754,0.0,128
1,1,1,0,1,0,1,1,0,0,0,0,2,5,3,highway_cif.y4m,29.38,29.384,0.050299,0.000568,0.0,234
1,0,1,1,0,0,0,0,0,0,1,1,1,0,0,highway_cif.y4m,62.66,62.654,0.097877,0.000775,0.0,252
1,0,1,1,0,0,1,0,0,0,0,1,4,0,3,highway_cif.y4m,63.23,63.186,0.108995,0.000753,0.0,28
1,0,1,0,0,1,1,0,0,1,1,1,8,15,3,highway_cif.y4m,58.63,58.634,0.137405,0.00076,0.0,139
1,0,1,0,0,1,0,0,0,0,0,1,1,5,0,highway_cif.y4m,53.85,53.79,0.135093,0.000787,0.0,158
1,1,1,0,1,0,1,1,0,1,0,1,8,5,3,highway_cif.y4m,29.33,29.32,0.045277,0.000568,0.0,152
1,0,1,1,0,0,1,0,0,1,0,0,2,0,6,highway_cif.y4m,64.53,64.522,0.083487,0.000754,0.0,12
1,1,1,0,1,0,0,1,0,0,0,1,4,15,3,highway_cif.y4m,34.48,34.51,0.08544,0.000694,0.0,294
1,1,1,0,1,0,0,1,0,0,0,1,8,15,3,highway_cif.y4m,33.93,33.946,0.053198,0.000694,0.0,154
1,1,1,1,0,0,0,1,0,1,0,0,2,15,6,highway_cif.y4m,102.83,102.716,0.276641,0.000688,0.0,157
1,0,1,1,0,0,1,0,0,1,1,1,2,0,3,highway_cif.y4m,64.44,64.378,0.203765,0.000754,0.0,150
1,1,1,0,1,0,1,1,0,0,1,0,8,0,6,highway_cif.y4m,30.87,30.87,0.041231,0.000619,0.0,287
1,0,1,0,1,0,0,0,0,1,1,0,1,0,3,highway_cif.y4m,19.91,19.89,0.066332,0.000774,0.0,297
1,0,1,0,0,1,0,0,0,1,1,0,8,15,0,highway_cif.y4m,54.59,54.64,0.179722,0.00079,0.0,263
1,1,1,0,1,0,0,1,0,1,1,1,1,5,3,highway_cif.y4m,33.92,33.88,0.084558,0.000675,0.0,255
1,0,1,1,0,0,0,0,0,1,1,0,8,15,3,highway_cif.y4m,61.54,61.5,0.107238,0.000776,0.0,115
1,0,1,0,0,1,1,0,0,1,0,1,4,15,3,highway_cif.y4m,58.54,58.52,0.093005,0.000759,0.0,188
1,0,1,0,0,1,1,0,0,0,0,1,8,0,6,highway_cif.y4m,58.62,58.586,0.10015,0.000759,0.0,212
1,0,1,1,0,0,1,0,0,0,0,1,1,15,3,highway_cif.y4m,64.3,64.234,0.16334,0.000753,0.0,195
1,0,1,0,1,0,0,0,0,0,1,1,2,15,0,highway_cif.y4m,19.93,19.932,0.058052,0.000774,0.0,119
1,0,1,1,0,0,0,0,0,1,0,1,4,15,0,highway_cif.y4m,62.59,62.646,0.188229,0.000775,0.0,58
1,0,1,0,1,0,1,0,0,1,0,1,4,0,6,highway_cif.y4m,19.7,19.718,0.08167,0.000754,0.0,277
1,0,1,0,1,0,1,0,0,0,1,1,4,5,6,highway_cif.y4m,19.44,19.46,0.037417,0.000754,0.0,64
1,1,1,0,1,0,1,1,0,1,0,0,2,0,0,highway_cif.y4m,30.76,30.762,0.019235,0.000619,0.0,285
1,1,1,0,1,0,1,1,0,1,0,0,4,0,0,highway_cif.y4m,30.78,30.78,0.054314,0.000619,0.0,290
1,0,1,1,0,0,0,0,0,1,0,1,8,5,6,highway_cif.y4m,62.54,62.582,0.171814,0.000775,0.0,196
1,1,1,1,0,0,1,0,1,1,1,1,1,0,0,highway_cif.y4m,67.15,67.142,0.171231,0.000612,0.0,93
1,0,1,1,0,0,1,0,0,0,1,1,4,5,6,highway_cif.y4m,64.31,64.37,0.132476,0.000754,0.0,299
1,0,1,1,0,0,0,0,0,1,0,0,2,5,0,highway_cif.y4m,62.42,62.464,0.161338,0.000776,0.0,125
1,1,1,0,1,0,0,1,0,1,0,1,2,15,6,highway_cif.y4m,34.85,34.854,0.026077,0.000688,0.0,21
1,0,1,0,1,0,0,0,0,1,0,1,2,0,0,highway_cif.y4m,20.01,19.996,0.040988,0.000774,0.0,225
1,0,1,0,1,0,0,0,0,1,0,0,2,5,0,husky_cif.y4m,34.61,34.616,0.127984,0.009231,0.0,114
1,1,1,1,0,0,0,0,1,0,0,1,1,0,0,husky_cif.y4m,90.58,90.602,0.239833,0.005616,0.0,281
1,1,1,1,0,0,0,1,0,1,1,0,2,5,0,husky_cif.y4m,137.74,137.9,0.276496,0.00577,0.0,49
1,0,1,0,0,1,1,0,0,0,0,0,2,15,6,husky_cif.y4m,58.65,58.64,0.165378,0.007368,0.0,194
1,0,1,1,0,0,0,0,0,0,0,0,2,0,6,husky_cif.y4m,61.39,61.48,0.151658,0.009143,0.0,62
1,1,1,0,1,0,0,1,0,1,1,1,1,15,3,husky_cif.y4m,80.85,81.02,0.267488,0.005776,0.0,91
1,0,1,0,0,1,1,0,0,0,0,0,4,0,6,husky_cif.y4m,57.86,57.8,0.218518,0.007368,0.0,107
1,0,1,1,0,0,1,0,0,0,0,1,4,5,3,husky_cif.y4m,63.6,63.572,0.119457,0.007697,0.0,181
1,0,1,0,1,0,1,0,0,0,0,0,4,5,0,husky_cif.y4m,35.71,35.704,0.045056,0.007693,0.0,247
1,0,1,1,0,0,0,0,0,1,1,0,4,5,3,husky_cif.y4m,61.56,61.54,0.166733,0.009143,0.0,166
1,0,1,0,0,1,0,0,0,0,1,1,4,0,0,husky_cif.y4m,55.08,55.148,0.148728,0.009457,0.0,25
1,1,1,0,1,0,0,1,0,0,0,1,8,0,6,husky_cif.y4m,82.12,82.192,0.203642,0.00574,0.0,203
1,1,1,1,0,0,1,1,0,1,1,1,4,5,6,husky_cif.y4m,135.94,135.984,0.121161,0.006545,0.0,219
1,0,1,0,0,1,0,0,0,0,0,0,4,15,0,husky_cif.y4m,55.83,55.78,0.126293,0.009457,0.0,162
1,0,1,1,0,0,1,0,0,0,1,0,4,15,6,husky_cif.y4m,63.78,63.706,0.143108,0.007696,0.0,182
1,0,1,0,0,1,0,0,0,1,1,0,1,15,6,husky_cif.y4m,55.9,55.896,0.072319,0.009457,0.0,10
1,1,1,1,0,0,1,1,0,1,1,1,2,15,0,husky_cif.y4m,135.54,135.458,0.226539,0.006553,0.0,14
1,1,1,1,0,0,0,1,0,0,0,1,1,0,6,husky_cif.y4m,136.75,136.862,0.283143,0.005732,0.0,89
1,1,1,1,0,0,0,1,0,1,1,1,1,5,0,husky_cif.y4m,137.72,137.74,0.179861,0.005773,0.0,116
1,0,1,1,0,0,0,0,0,0,1,1,4,15,3,husky_cif.y4m,60.62,60.61,0.08544,0.009143,0.0,217
1,1,1,0,1,0,0,1,0,0,1,0,1,0,0,husky_cif.y4m,83.57,83.686,0.219157,0.005732,0.0,75
1,1,1,0,1,0,0,1,0,1,1,1,2,15,6,husky_cif.y4m,79.63,79.6,0.129228,0.005774,0.0,266
1,0,1,1,0,0,1,0,0,0,1,1,4,15,3,husky_cif.y4m,62.45,62.47,0.165076,0.007696,0.0,268
1,0,1,0,1,0,1,0,0,1,1,1,4,15,3,husky_cif.y4m,35.65,35.692,0.148896,0.007693,0.0,187
1,0,1,0,0,1,1,0,0,0,1,0,8,15,3,husky_cif.y4m,57.69,57.668,0.076942,0.007368,0.0,161
1,0,1,0,1,0,1,0,0,0,1,0,2,0,6,husky_cif.y4m,35.8,35.832,0.153688,0.007693,0.0,23
1,1,1,1,0,0,0,1,0,1,1,0,2,5,6,husky_cif.y4m,139.19,139.178,0.187803,0.005775,0.0,2
1,1,1,1,0,0,1,0,1,1,0,1,2,0,0,husky_cif.y4m,85.72,85.678,0.235733,0.006294,0.0,16
1,0,1,1,0,0,0,0,0,1,1,1,8,15,0,husky_cif.y4m,61.33,61.358,0.101341,0.009143,0.0,262
1,1,1,1,0,0,0,1,0,1,1,0,4,5,0,husky_cif.y4m,137.99,138.042,0.233816,0.00577,0.0,66
1,0,1,1,0,0,0,0,0,1,0,0,2,0,0,husky_cif.y4m,61.39,61.352,0.167392,0.009143,0.0,86
1,0,1,0,1,0,1,0,0,0,1,0,2,5,6,husky_cif.y4m,35.72,35.77,0.107935,0.007693,0.0,231
1,0,1,0,1,0,0,0,0,0,0,0,4,5,0,husky_cif.y4m,34.76,34.702,0.113666,0.009231,0.0,269
1,1,1,0,1,0,1,1,0,0,1,0,1,5,0,husky_cif.y4m,82.25,82.318,0.218906,0.006379,0.0,180
1,0,1,0,0,1,0,0,0,0,1,0,4,5,6,husky_cif.y4m,55.91,55.926,0.161028,0.009457,0.0,274
1,1,1,1,0,0,0,1,0,1,1,0,2,15,6,husky_cif.y4m,137.57,137.68,0.208686,0.005794,0.0,184
1,0,1,0,0,1,1,0,0,0,0,1,4,5,0,husky_cif.y4m,58.23,58.33,0.216449,0.007368,0.0,118
1,1,1,1,0,0,0,1,0,0,0,0,1,0,6,husky_cif.y4m,129.21,129.27,0.178185,0.005724,0.0,254
1,0,1,1,0,0,1,0,0,0,1,1,4,5,0,husky_cif.y4m,62.82,62.75,0.209762,0.007696,0.0,208
1,0,1,0,0,1,1,0,0,1,1,0,4,5,6,husky_cif.y4m,58.67,58.568,0.226208,0.007368,0.0,279
1,1,1,1,0,0,0,1,0,0,1,1,4,15,3,husky_cif.y4m,143.83,143.638,0.341789,0.005725,0.0,229
1,0,1,0,0,1,1,0,0,1,1,1,1,0,0,husky_cif.y4m,58.44,58.364,0.240479,0.007368,0.0,46
1,0,1,0,0,1,0,0,0,1,1,1,4,5,6,husky_cif.y4m,55.85,55.84,0.147817,0.009457,0.0,171
1,1,1,1,0,0,0,1,0,0,1,0,2,5,0,husky_cif.y4m,142.55,142.562,0.085849,0.005739,0.0,99
1,0,1,0,0,1,0,0,0,0,0,0,8,0,0,husky_cif.y4m,56.02,55.91,0.185607,0.009457,0.0,81
1,1,1,1,0,0,1,1,0,1,0,1,8,5,0,husky_cif.y4m,134.32,134.218,0.22665,0.00656,0.0,155
1,0,1,0,1,0,0,0,0,1,0,1,1,15,6,husky_cif.y4m,34.64,34.636,0.086487,0.009177,0.0,96
1,1,1,1,0,0,0,1,0,1,1,1,8,0,0,husky_cif.y4m,128.78,128.822,0.300699,0.005772,0.0,218
1,1,1,1,0,0,1,1,0,1,1,0,8,0,6,husky_cif.y4m,130.15,130.072,0.227969,0.006539,0.0,53
1,1,1,0,1,0,1,0,1,0,0,0,2,0,0,husky_cif.y4m,51.06,50.972,0.196392,0.005996,0.0,109
1,0,1,0,1,0,0,0,0,0,1,0,4,5,6,husky_cif.y4m,34.62,34.624,0.114149,0.009231,0.0,185
1,1,1,1,0,0,0,1,0,0,1,1,2,0,0,husky_cif.y4m,131.26,131.352,0.280482,0.005724,0.0,239
1,0,1,1,0,0,0,0,0,0,0,1,2,0,0,husky_cif.y4m,61.2,61.192,0.115195,0.009097,0.0,276
1,0,1,1,0,0,1,0,0,0,0,1,4,0,6,husky_cif.y4m,63.22,63.224,0.124619,0.007697,0.0,257
1,0,1,0,0,1,0,0,0,1,1,0,1,5,0,husky_cif.y4m,55.77,55.856,0.194371,0.009457,0.0,42
1,1,1,0,1,0,1,1,0,0,0,0,2,15,3,husky_cif.y4m,82.38,82.302,0.20584,0.006398,0.0,204
1,0,1,1,0,0,1,0,0,1,0,1,2,15,6,husky_cif.y4m,62.68,62.678,0.150399,0.007697,0.0,145
1,0,1,0,1,0,0,0,0,0,0,0,2,0,3,husky_cif.y4m,34.53,34.592,0.145842,0.009231,0.0,246
1,1,1,1,0,0,0,1,0,0,1,1,8,0,0,husky_cif.y4m,131.83,131.79,0.219659,0.005724,0.0,202
1,1,1,0,1,0,0,1,0,1,0,0,2,5,3,husky_cif.y4m,80.9,80.97,0.152807,0.005791,0.0,70
1,0,1,0,1,0,0,0,0,0,1,0,1,5,3,husky_cif.y4m,34.57,34.622,0.134425,0.009231,0.0,230
1,0,1,0,1,0,1,0,0,0,0,0,4,15,6,husky_cif.y4m,35.9,35.86,0.16109,0.007693,0.0,267
1,1,1,1,0,0,1,1,0,0,0,1,8,5,3,husky_cif.y4m,137.27,137.116,0.274827,0.006382,0.0,146
1,0,1,0,1,0,1,0,0,0,0,1,2,15,0,husky_cif.y4m,35.81,35.794,0.075033,0.007676,0.0,27
1,0,1,0,1,0,1,0,0,0,1,1,8,0,3,husky_cif.y4m,35.81,35.812,0.092844,0.007693,0.0,137
1,1,1,1,0,0,0,1,0,0,1,1,2,15,0,husky_cif.y4m,144.9,144.694,0.310532,0.005739,0.0,189
1,1,1,0,1,0,1,1,0,1,0,0,4,15,0,husky_cif.y4m,81.12,81.118,0.073959,0.006543,0.0,132
1,1,1,1,0,0,0,0,1,1,0,1,8,0,0,husky_cif.y4m,85.98,86.122,0.283584,0.00562,0.0,169
1,0,1,0,0,1,0,0,0,0,0,0,1,5,6,husky_cif.y4m,55.73,55.79,0.210594,0.009457,0.0,33
1,0,1,1,0,0,0,0,0,0,1,1,8,15,0,husky_cif.y4m,60.53,60.528,0.155467,0.009143,0.0,205
1,0,1,1,0,0,0,0,0,1,0,1,2,0,0,husky_cif.y4m,61.53,61.474,0.239541,0.009097,0.0,245
1,1,1,0,1,0,1,1,0,0,1,1,1,15,0,husky_cif.y4m,80.66,80.574,0.226119,0.006375,0.0,298
1,0,1,1,0,0,1,0,0,1,1,0,2,5,6,husky_cif.y4m,62.64,62.64,0.19685,0.007696,0.0,163
1,1,1,1,0,0,0,1,0,0,0,0,1,5,0,husky_cif.y4m,144.71,144.714,0.294839,0.005739,0.0,123
1,0,1,0,0,1,1,0,0,1,0,0,4,15,0,husky_cif.y4m,58.04,57.972,0.186869,0.007368,0.0,4
1,0,1,0,0,1,1,0,0,1,1,0,8,5,6,husky_cif.y4m,58.29,58.33,0.151493,0.007368,0.0,141
1,1,1,0,1,0,0,1,0,1,0,0,8,5,6,husky_cif.y4m,80.76,80.876,0.205256,0.005791,0.0,129
1,1,1,0,1,0,1,1,0,1,1,0,4,5,3,husky_cif.y4m,81.25,81.198,0.166042,0.006584,0.0,159
1,0,1,0,0,1,1,0,0,1,0,0,1,0,0,husky_cif.y4m,58.45,58.52,0.261534,0.007368,0.0,22
1,0,1,0,0,1,0,0,0,1,0,1,2,0,6,husky_cif.y4m,55.6,55.656,0.148762,0.009505,0.0,175
1,1,1,1,0,0,0,1,0,1,1,1,8,5,6,husky_cif.y4m,139.01,139.098,0.2003,0.005775,0.0,151
1,1,1,0,1,0,0,1,0,0,1,0,2,5,0,husky_cif.y4m,84.45,84.408,0.211825,0.005731,0.0,52
1,0,1,0,0,1,0,0,0,0,0,1,4,0,3,husky_cif.y4m,55.82,55.78,0.178185,0.009505,0.0,108
1,0,1,0,1,0,1,0,0,0,0,1,8,15,0,husky_cif.y4m,35.7,35.688,0.069065,0.007676,0.0,72
1,0,1,1,0,0,1,0,0,1,1,0,8,0,6,husky_cif.y4m,62.57,62.63,0.226605,0.007696,0.0,248
1,1,1,1,0,0,1,1,0,1,1,0,8,5,6,husky_cif.y4m,134.36,134.288,0.315389,0.006545,0.0,174
1,0,1,1,0,0,1,0,0,1,1,1,8,0,3,husky_cif.y4m,62.55,62.602,0.181852,0.007696,0.0,130
1,1,1,0,1,0,1,1,0,1,1,1,8,15,0,husky_cif.y4m,81.1,80.99,0.219203,0.006543,0.0,168
1,0,1,0,0,1,1,0,0,1,0,1,8,0,6,husky_cif.y4m,58.22,58.292,0.189394,0.007368,0.0,198
1,0,1,0,0,1,1,0,0,1,1,0,1,0,3,husky_cif.y4m,57.8,57.774,0.130499,0.007368,0.0,83
1,1,1,1,0,0,1,1,0,0,1,0,1,0,3,husky_cif.y4m,130.95,130.838,0.24954,0.006365,0.0,291
1,0,1,0,1,0,0,0,0,1,1,0,1,0,6,husky_cif.y4m,34.63,34.628,0.093113,0.009231,0.0,237
1,0,1,0,0,1,0,0,0,1,1,1,2,15,3,husky_cif.y4m,55.15,55.118,0.111893,0.009457,0.0,90
1,1,1,1,0,0,1,1,0,0,0,1,1,15,0,husky_cif.y4m,136.74,136.664,0.239854,0.006376,0.0,87
1,0,1,1,0,0,1,0,0,1,0,0,1,5,0,husky_cif.y4m,62.54,62.53,0.091104,0.007696,0.0,74
1,0,1,0,0,1,0,0,0,1,0,0,2,0,3,husky_cif.y4m,55.96,55.966,0.182839,0.009457,0.0,201
1,0,1,0,1,0,0,0,0,1,0,1,1,0,0,husky_cif.y4m,34.51,34.584,0.164712,0.009177,0.0,183
1,0,1,1,0,0,0,0,0,0,0,0,4,0,6,husky_cif.y4m,61.5,61.486,0.117388,0.009143,0.0,227
1,1,1,0,1,0,1,1,0,0,0,0,1,15,6,husky_cif.y4m,82.39,82.572,0.528365,0.006398,0.0,222
1,0,1,0,0,1,0,0,0,0,1,0,8,0,6,husky_cif.y4m,55.81,55.802,0.138816,0.009457,0.0,55
1,0,1,1,0,0,0,0,0,0,1,1,2,5,0,husky_cif.y4m,61.32,61.352,0.253219,0.009143,0.0,142
1,0,1,1,0,0,1,0,0,1,0,1,1,5,6,husky_cif.y4m,63.26,63.312,0.134052,0.007697,0.0,124
1,0,1,1,0,0,1,0,0,0,0,0,8,0,0,husky_cif.y4m,63.65,63.6,0.1249,0.007696,0.0,95
1,0,1,1,0,0,1,0,0,1,0,0,2,15,0,husky_cif.y4m,63.59,63.51,0.183439,0.007696,0.0,241
1,0,1,0,1,0,0,0,0,0,1,1,1,5,3,husky_cif.y4m,34.55,34.594,0.12054,0.009177,0.0,289
1,0,1,1,0,0,1,0,0,1,1,0,1,5,0,husky_cif.y4m,63.25,63.262,0.084676,0.007696,0.0,278
1,1,1,0,1,0,0,1,0,1,1,0,1,0,6,husky_cif.y4m,78.37,78.42,0.135647,0.00578,0.0,176
1,0,1,0,0,1,1,0,0,0,1,0,8,5,0,husky_cif.y4m,58.61,58.576,0.198192,0.007368,0.0,122
1,0,1,0,0,1,0,0,0,0,1,0,4,0,6,husky_cif.y4m,55.89,55.862,0.232099,0.009457,0.0,30
1,1,1,0,1,0,0,1,0,0,0,0,2,0,6,husky_cif.y4m,84.06,84.172,0.689616,0.005732,0.0,251
1,0,1,1,0,0,0,0,0,0,0,1,1,0,0,husky_cif.y4m,61.36,61.372,0.156748,0.009097,0.0,120
1,0,1,1,0,0,0,0,0,0,0,1,2,15,6,husky_cif.y4m,61.25,61.222,0.085849,0.009097,0.0,144
1,0,1,0,1,0,1,0,0,0,0,0,1,0,3,husky_cif.y4m,35.74,35.726,0.109453,0.007693,0.0,265
1,1,1,0,1,0,0,1,0,0,1,0,2,0,6,husky_cif.y4m,83.51,83.614,0.173147,0.005732,0.0,260
1,1,1,0,1,0,0,1,0,0,0,1,1,0,3,husky_cif.y4m,81.06,81.0,0.231948,0.00574,0.0,78
1,0,1,0,1,0,0,0,0,0,1,1,8,15,3,husky_cif.y4m,34.69,34.642,0.110318,0.009231,0.0,84
1,0,1,1,0,0,1,0,0,1,0,0,4,15,3,husky_cif.y4m,63.53,63.494,0.209833,0.007696,0.0,296
1,0,1,0,0,1,0,0,0,0,0,1,2,5,6,husky_cif.y4m,55.67,55.718,0.161617,0.009505,0.0,232
1,0,1,0,0,1,1,0,0,0,1,0,4,15,6,husky_cif.y4m,58.68,58.618,0.181025,0.007368,0.0,213
1,1,1,0,1,0,0,1,0,0,1,1,8,15,3,husky_cif.y4m,81.87,81.984,0.29577,0.005725,0.0,94
1,0,1,0,1,0,0,0,0,0,1,1,1,5,0,husky_cif.y4m,34.08,34.148,0.155788,0.009177,0.0,178
1,0,1,1,0,0,1,0,0,1,0,0,4,0,0,husky_cif.y4m,63.38,63.372,0.138456,0.007696,0.0,127
1,1,1,0,1,0,1,1,0,0,1,0,8,5,6,husky_cif.y4m,82.73,82.668,0.156589,0.006391,0.0,111
1,0,1,0,1,0,0,0,0,0,0,1,1,0,6,husky_cif.y4m,34.63,34.624,0.092087,0.009177,0.0,92
1,1,1,1,0,0,0,1,0,0,1,0,8,15,6,husky_cif.y4m,144.02,144.056,0.166223,0.005725,0.0,54
1,0,1,0,0,1,0,0,0,0,0,1,2,15,0,husky_cif.y4m,55.88,55.856,0.128569,0.009505,0.0,45
1,0,1,1,0,0,0,0,0,1,0,0,4,0,6,husky_cif.y4m,61.33,61.312,0.168137,0.009143,0.0,226
1,1,1,1,0,0,1,1,0,1,0,0,8,5,0,husky_cif.y4m,135.82,135.684,0.277002,0.006553,0.0,200
1,0,1,0,0,1,1,0,0,1,0,1,8,5,6,husky_cif.y4m,58.09,58.172,0.191494,0.007368,0.0,59
1,1,1,0,1,0,1,0,1,0,0,1,2,0,0,husky_cif.y4m,50.06,50.06,0.116833,0.006012,0.0,19
1,1,1,1,0,0,0,1,0,1,0,0,2,15,0,husky_cif.y4m,137.57,137.75,0.366674,0.00577,0.0,47
1,1,1,0,1,0,1,1,0,0,0,1,4,5,6,husky_cif.y4m,81.48,81.406,0.186494,0.006352,0.0,32
1,1,1,0,1,0,0,1,0,1,0,0,1,5,6,husky_cif.y4m,80.71,80.756,0.132966,0.005791,0.0,170
1,0,1,0,0,1,0,0,0,1,1,0,1,15,0,husky_cif.y4m,55.88,55.86,0.215291,0.009457,0.0,270
1,0,1,1,0,0,1,0,0,1,0,1,4,15,6,husky_cif.y4m,63.63,63.57,0.266833,0.007697,0.0,207
1,1,1,0,1,0,0,1,0,1,1,1,1,5,6,husky_cif.y4m,78.98,78.942,0.205961,0.005774,0.0,43
1,0,1,0,1,0,1,0,0,0,1,1,1,0,3,husky_cif.y4m,35.61,35.632,0.069426,0.007676,0.0,40
1,1,1,0,1,0,0,1,0,0,1,1,1,5,3,husky_cif.y4m,81.74,81.956,0.751951,0.005735,0.0,117
1,0,1,0,0,1,0,0,0,0,1,0,8,15,6,husky_cif.y4m,55.98,55.936,0.177003,0.009457,0.0,253
1,0,1,1,0,0,0,0,0,1,0,0,1,15,3,husky_cif.y4m,61.4,61.426,0.192562,0.009143,0.0,68
1,1,1,1,0,0,0,1,0,1,1,1,1,15,6,husky_cif.y4m,135.31,135.354,0.267077,0.005779,0.0,186
1,1,1,0,1,0,1,1,0,0,0,1,8,15,3,husky_cif.y4m,80.17,80.29,0.243413,0.006388,0.0,288
1,1,1,0,1,0,0,1,0,0,0,0,2,0,0,husky_cif.y4m,83.66,83.674,0.090719,0.005732,0.0,15
1,0,1,1,0,0,0,0,0,0,1,1,2,15,3,husky_cif.y4m,61.3,61.296,0.115888,0.009143,0.0,82
1,1,1,1,0,0,0,1,0,0,0,0,4,15,6,husky_cif.y4m,143.66,143.628,0.17254,0.005725,0.0,211
1,0,1,0,1,0,1,0,0,1,1,1,8,15,6,husky_cif.y4m,35.82,35.792,0.072595,0.007693,0.0,177
1,1,1,0,1,0,0,1,0,1,1,1,2,5,3,husky_cif.y4m,81.08,81.002,0.185257,0.005791,0.0,210
1,0,1,1,0,0,0,0,0,1,1,1,2,0,3,husky_cif.y4m,61.23,61.308,0.154822,0.009143,0.0,13
1,0,1,0,1,0,1,0,0,0,0,1,2,15,3,husky_cif.y4m,35.61,35.636,0.082037,0.007676,0.0,228
1,0,1,0,1,0,1,0,0,1,1,0,4,5,3,husky_cif.y4m,35.59,35.634,0.092898,0.007693,0.0,38
1,1,1,1,0,0,0,1,0,0,0,1,4,15,6,husky_cif.y4m,143.4,143.258,0.330106,0.00573,0.0,29
1,1,1,1,0,0,1,0,1,1,0,0,8,0,0,husky_cif.y4m,83.48,83.66,0.293172,0.00653,0.0,24
1,1,1,1,0,0,0,1,0,0,0,0,8,5,6,husky_cif.y4m,143.29,143.318,0.279946,0.005731,0.0,293
1,1,1,1,0,0,0,1,0,0,1,0,2,5,6,husky_cif.y4m,143.44,143.464,0.379645,0.005731,0.0,67
1,1,1,0,1,0,0,1,0,1,0,1,2,5,0,husky_cif.y4m,78.46,78.492,0.132552,0.005773,0.0,199
1,0,1,0,0,1,1,0,0,1,1,0,8,15,3,husky_cif.y4m,58.54,58.546,0.158524,0.007368,0.0,244
1,0,1,0,0,1,1,0,0,0,0,0,8,15,0,husky_cif.y4m,58.67,58.604,0.24986,0.007368,0.0,80
1,1,1,1,0,0,1,1,0,1,1,1,2,0,3,husky_cif.y4m,127.55,127.594,0.236284,0.006539,0.0,223
1,1,1,0,1,0,1,1,0,0,1,0,8,5,0,husky_cif.y4m,82.16,82.196,0.12522,0.006379,0.0,121
1,0,1,1,0,0,1,0,0,0,0,0,8,5,3,husky_cif.y4m,63.59,63.576,0.17855,0.007696,0.0,261
1,0,1,1,0,0,1,0,0,1,1,0,1,5,6,husky_cif.y4m,63.54,63.47,0.18775,0.007696,0.0,156
1,1,1,1,0,0,0,1,0,0,1,0,4,15,3,husky_cif.y4m,143.51,143.554,0.095289,0.005725,0.0,271
1,1,1,1,0,0,1,1,0,1,0,0,2,15,3,husky_cif.y4m,135.68,135.574,0.320359,0.006536,0.0,9
1,1,1,1,0,0,1,1,0,1,0,1,1,0,0,husky_cif.y4m,129.18,129.278,0.237318,0.006551,0.0,165
1,0,1,0,0,1,1,0,0,1,0,0,1,15,6,husky_cif.y4m,58.78,58.898,0.616985,0.007368,0.0,126
1,0,1,1,0,0,1,0,0,1,1,1,8,5,0,husky_cif.y4m,63.54,63.542,0.142899,0.007696,0.0,280
1,0,1,1,0,0,0,0,0,1,1,0,2,5,3,husky_cif.y4m,61.39,61.362,0.160842,0.009143,0.0,172
1,0,1,0,1,0,1,0,0,0,0,0,1,15,6,husky_cif.y4m,35.67,35.712,0.087579,0.007693,0.0,292
1,0,1,0,0,1,0,0,0,1,0,1,1,0,3,husky_cif.y4m,55.92,55.758,0.326833,0.009505,0.0,179
1,0,1,0,0,1,1,0,0,1,0,1,2,0,3,husky_cif.y4m,58.03,58.096,0.167123,0.007368,0.0,272
1,0,1,0,0,1,1,0,0,0,1,0,4,5,0,husky_cif.y4m,58.55,58.564,0.102616,0.007368,0.0,105
1,0,1,0,1,0,0,0,0,0,0,0,1,0,3,husky_cif.y4m,34.18,34.166,0.095289,0.009231,0.0,76
1,0,1,1,0,0,1,0,0,0,1,0,4,15,3,husky_cif.y4m,63.57,63.586,0.227222,0.007696,0.0,197
1,1,1,1,0,0,1,1,0,0,1,0,1,15,0,husky_cif.y4m,136.0,135.906,0.241102,0.006374,0.0,221
1,1,1,1,0,0,1,1,0,0,1,0,8,15,6,husky_cif.y4m,135.81,135.988,0.375127,0.006354,0.0,167
1,1,1,0,1,0,0,1,0,1,0,1,4,15,6,husky_cif.y4m,79.68,79.762,0.146867,0.005776,0.0,136
1,1,1,1,0,0,0,1,0,1,0,1,8,15,6,husky_cif.y4m,135.24,135.262,0.232959,0.005779,0.0,243
1,0,1,0,1,0,0,0,0,1,0,1,8,15,6,husky_cif.y4m,34.62,34.65,0.064031,0.009177,0.0,60
1,0,1,1,0,0,0,0,0,1,0,1,2,0,6,husky_cif.y4m,61.36,61.38,0.105119,0.009097,0.0,110
1,1,1,1,0,0,1,1,0,1,0,0,1,15,6,husky_cif.y4m,135.4,135.442,0.316812,0.006536,0.0,35
1,0,1,1,0,0,1,0,0,0,1,1,2,5,6,husky_cif.y4m,63.65,63.678,0.194216,0.007696,0.0,235
1,0,1,1,0,0,0,0,0,1,0,0,1,0,3,husky_cif.y4m,60.61,60.614,0.186896,0.009143,0.0,44
1,1,1,0,1,0,1,1,0,0,1,0,4,15,3,husky_cif.y4m,82.07,82.132,0.184174,0.006398,0.0,256
1,0,1,0,0,1,0,0,0,0,1,1,8,0,0,husky_cif.y4m,55.99,55.92,0.179722,0.009457,0.0,192
1,0,1,0,1,0,0,0,0,0,1,1,2,0,0,husky_cif.y4m,34.54,34.606,0.128569,0.009231,0.0,41
1,0,1,1,0,0,0,0,0,0,1,0,4,5,0,husky_cif.y4m,61.64,61.626,0.125817,0.009143,0.0,37
1,0,1,0,0,1,0,0,0,0,0,0,4,5,0,husky_cif.y4m,55.93,55.922,0.163921,0.009457,0.0,26
1,1,1,1,0,0,0,1,0,0,0,0,1,0,3,husky_cif.y4m,131.36,131.472,0.215685,0.005724,0.0,273
1,1,1,1,0,0,1,1,0,0,0,1,1,5,6,husky_cif.y4m,137.25,137.102,0.313161,0.006382,0.0,233
1,1,1,0,1,0,1,1,0,0,1,1,8,0,0,husky_cif.y4m,78.59,78.57,0.182346,0.006354,0.0,101
1,0,1,1,0,0,0,0,0,0,0,1,2,5,3,husky_cif.y4m,60.63,60.62,0.147479,0.009097,0.0,39
1,1,1,0,1,0,0,1,0,0,0,1,1,15,0,husky_cif.y4m,82.12,82.254,0.212673,0.005746,0.0,106
1,1,1,0,1,0,0,0,1,1,0,0,1,0,0,husky_cif.y4m,52.52,52.558,0.131225,0.005619,0.0,242
1,1,1,1,0,0,1,1,0,0,1,0,2,15,0,husky_cif.y4m,136.07,135.966,0.212321,0.006374,0.0,193
1,0,1,0,1,0,1,0,0,0,1,0,1,15,6,husky_cif.y4m,35.8,35.73,0.15843,0.007693,0.0,103
1,1,1,0,1,0,0,1,0,1,1,1,8,5,6,husky_cif.y4m,79.84,79.778,0.168582,0.005791,0.0,1
1,0,1,1,0,0,0,0,0,1,1,1,1,0,0,husky_cif.y4m,60.37,60.34,0.089163,0.009097,0.0,61
1,1,1,1,0,0,0,0,1,0,0,0,2,0,0,husky_cif.y4m,88.92,88.872,0.149733,0.005618,0.0,56
1,1,1,0,1,0,0,1,0,0,1,0,8,15,3,husky_cif.y4m,81.8,81.894,0.21744,0.005725,0.0,148
1,0,1,0,1,0,0,0,0,1,0,1,2,5,0,husky_cif.y4m,34.55,34.574,0.100648,0.009177,0.0,112
1,0,1,0,1,0,1,0,0,0,1,0,8,15,3,husky_cif.y4m,35.78,35.726,0.129345,0.007693,0.0,300
1,0,1,0,1,0,0,0,0,1,1,0,4,15,0,husky_cif.y4m,34.74,34.766,0.060663,0.009231,0.0,249
1,0,1,0,1,0,0,0,0,0,0,1,2,0,0,husky_cif.y4m,34.74,34.76,0.130576,0.009177,0.0,20
1,1,1,1,0,0,1,1,0,1,0,1,1,5,0,husky_cif.y4m,134.3,134.276,0.224343,0.00656,0.0,104
1,1,1,1,0,0,0,1,0,1,1,1,8,15,6,husky_cif.y4m,135.76,135.704,0.27646,0.005794,0.0,131
1,0,1,1,0,0,0,0,0,0,0,0,2,0,3,husky_cif.y4m,61.61,61.496,0.209117,0.009143,0.0,69
1,0,1,0,1,0,1,0,0,0,0,0,2,0,3,husky_cif.y4m,35.68,35.752,0.135167,0.007693,0.0,220
1,1,1,1,0,0,1,1,0,1,1,1,8,15,6,husky_cif.y4m,135.53,135.442,0.214639,0.006536,0.0,11
1,1,1,1,0,0,1,1,0,1,0,0,4,15,6,husky_cif.y4m,135.26,135.286,0.224121,0.006536,0.0,258
1,0,1,0,1,0,1,0,0,0,0,0,2,15,3,husky_cif.y4m,35.88,35.83,0.143003,0.007693,0.0,65
1,0,1,0,0,1,1,0,0,0,0,0,2,15,0,husky_cif.y4m,58.67,58.584,0.174871,0.007368,0.0,160
1,0,1,0,0,1,1,0,0,0,0,0,8,0,0,husky_cif.y4m,58.47,58.532,0.212885,0.007368,0.0,238
1,1,1,1,0,0,0,1,0,0,0,0,4,0,0,husky_cif.y4m,131.83,131.802,0.203765,0.005724,0.0,57
1,1,1,0,1,0,0,1,0,1,0,1,2,0,0,husky_cif.y4m,78.59,78.604,0.121161,0.005773,0.0,79
1,0,1,0,1,0,1,0,0,0,1,0,4,15,3,husky_cif.y4m,35.82,35.79,0.129228,0.007693,0.0,224
1,1,1,0,1,0,0,1,0,1,0,0,2,0,3,husky_cif.y4m,78.46,78.496,0.16772,0.00578,0.0,48
1,0,1,0,1,0,1,0,0,0,0,1,8,0,6,husky_cif.y4m,35.84,35.81,0.112027,0.007676,0.0,173
1,1,1,1,0,0,1,1,0,0,1,1,1,0,0,husky_cif.y4m,133.0,132.87,0.230326,0.006375,0.0,283
1,0,1,0,1,0,0,0,0,0,0,0,1,0,6,husky_cif.y4m,34.63,34.648,0.09654,0.009231,0.0,190
1,0,1,0,1,0,1,0,0,1,1,1,4,0,6,husky_cif.y4m,35.87,35.826,0.183385,0.007693,0.0,259
1,0,1,1,0,0,0,0,0,0,0,1,1,15,3,husky_cif.y4m,61.33,61.372,0.072595,0.009097,0.0,7
1,0,1,0,0,1,0,0,0,0,0,1,2,5,0,husky_cif.y4m,55.73,55.71,0.105119,0.009505,0.0,73
1,1,1,1,0,0,1,1,0,0,0,0,2,0,6,husky_cif.y4m,130.65,130.776,0.347102,0.006365,0.0,63
1,0,1,0,0,1,1,0,0,1,1,0,2,15,3,husky_cif.y4m,58.69,58.55,0.251098,0.007368,0.0,284
1,0,1,1,0,0,1,0,0,1,0,1,8,15,6,husky_cif.y4m,62.42,62.496,0.141704,0.007697,0.0,250
1,1,1,0,1,0,0,1,0,0,0,0,2,5,0,husky_cif.y4m,84.32,84.348,0.156589,0.005731,0.0,209
1,0,1,0,1,0,1,0,0,0,0,1,4,5,3,husky_cif.y4m,35.64,35.682,0.120499,0.007676,0.0,138
1,1,1,1,0,0,0,0,1,1,1,0,1,0,0,husky_cif.y4m,85.94,85.994,0.159468,0.005618,0.0,135
1,1,1,1,0,0,1,1,0,1,1,0,4,5,3,husky_cif.y4m,134.08,134.038,0.269481,0.006545,0.0,264
1,1,1,1,0,0,0,1,0,1,1,0,2,0,6,husky_cif.y4m,129.15,129.06,0.199123,0.005772,0.0,215
1,0,1,0,0,1,0,0,0,0,1,1,4,5,3,husky_cif.y4m,55.77,55.872,0.220386,0.009457,0.0,50
1,0,1,1,0,0,0,0,0,1,1,0,4,0,6,husky_cif.y4m,60.48,60.486,0.221427,0.009143,0.0,98
1,1,1,1,0,0,0,1,0,1,1,0,1,15,0,husky_cif.y4m,138.09,137.95,0.310725,0.00577,0.0,140
1,1,1,1,0,0,0,1,0,0,1,1,1,0,3,husky_cif.y4m,136.9,136.794,0.209952,0.005732,0.0,113
1,0,1,0,1,0,1,0,0,1,1,0,1,0,6,husky_cif.y4m,35.72,35.712,0.098336,0.007693,0.0,3
1,0,1,0,0,1,0,0,0,1,1,1,8,0,0,husky_cif.y4m,55.97,56.006,0.140464,0.009457,0.0,149
1,0,1,1,0,0,0,0,0,0,1,1,8,5,6,husky_cif.y4m,61.35,61.39,0.2497,0.009143,0.0,153
1,1,1,1,0,0,1,1,0,1,1,0,2,15,6,husky_cif.y4m,135.18,135.26,0.211896,0.006536,0.0,133
1,0,1,1,0,0,0,0,0,0,0,0,1,0,3,husky_cif.y4m,60.33,60.35,0.096177,0.009143,0.0,191
1,1,1,0,1,0,0,1,0,1,0,1,1,0,6,husky_cif.y4m,78.86,78.738,0.243762,0.005773,0.0,100
1,0,1,1,0,0,1,0,0,0,1,0,4,0,3,husky_cif.y4m,63.51,63.406,0.186896,0.007696,0.0,85
1,0,1,0,0,1,1,0,0,0,0,0,2,0,3,husky_cif.y4m,58.39,58.488,0.194474,0.007368,0.0,88
1,0,1,0,1,0,1,0,0,1,1,0,4,15,6,husky_cif.y4m,35.83,35.772,0.171085,0.007693,0.0,31
1,0,1,0,0,1,1,0,0,0,0,0,4,5,3,husky_cif.y4m,58.38,58.496,0.225677,0.007368,0.0,134
1,1,1,0,1,0,1,1,0,1,1,1,8,0,3,husky_cif.y4m,77.69,77.686,0.137405,0.00654,0.0,147
1,1,1,1,0,0,0,1,0,0,1,1,4,15,6,husky_cif.y4m,143.29,143.352,0.309952,0.005725,0.0,275
1,0,1,0,0,1,1,0,0,0,1,0,4,15,3,husky_cif.y4m,58.41,58.516,0.185418,0.007368,0.0,143
1,1,1,0,1,0,1,1,0,1,0,0,1,5,6,husky_cif.y4m,81.27,81.392,0.191755,0.006584,0.0,8
1,1,1,1,0,0,1,1,0,0,1,1,4,5,3,husky_cif.y4m,135.9,135.806,0.296446,0.006362,0.0,216
1,0,1,1,0,0,1,0,0,1,0,0,1,0,3,husky_cif.y4m,63.46,63.526,0.131453,0.007696,0.0,214
1,0,1,0,0,1,0,0,0,0,0,0,1,5,0,husky_cif.y4m,55.89,55.876,0.194756,0.009457,0.0,17
1,0,1,0,0,1,1,0,0,0,0,0,1,5,0,husky_cif.y4m,57.66,57.662,0.146014,0.007368,0.0,206
1,0,1,0,1,0,0,0,0,1,1,1,8,15,0,husky_cif.y4m,34.68,34.674,0.108074,0.009231,0.0,36
1,1,1,0,1,0,1,1,0,0,0,0,4,15,3,husky_cif.y4m,82.32,82.344,0.201569,0.006398,0.0,6
1,0,1,1,0,0,1,0,0,0,0,1,1,0,6,husky_cif.y4m,63.55,63.506,0.165922,0.007697,0.0,5
1,0,1,1,0,0,1,0,0,0,0,0,8,15,6,husky_cif.y4m,63.6,63.67,0.15906,0.007696,0.0,164
1,0,1,0,0,1,0,0,0,1,0,0,8,0,6,husky_cif.y4m,56.0,55.99,0.107005,0.009457,0.0,97
1,0,1,1,0,0,0,0,0,0,1,0,2,5,3,husky_cif.y4m,60.69,60.688,0.16285,0.009143,0.0,236
1,1,1,0,1,0,1,1,0,0,0,0,8,5,0,husky_cif.y4m,82.38,82.396,0.117601,0.006379,0.0,71
1,1,1,0,1,0,1,1,0,1,0,1,2,0,3,husky_cif.y4m,79.52,79.598,0.160219,0.006535,0.0,295
1,0,1,1,0,0,1,0,0,1,1,0,8,5,3,husky_cif.y4m,63.43,63.404,0.265481,0.007696,0.0,286
1,0,1,0,1,0,0,0,0,0,0,1,1,5,0,husky_cif.y4m,34.73,34.696,0.111937,0.009177,0.0,34
1,0,1,0,1,0,1,0,0,1,1,1,1,5,3,husky_cif.y4m,35.81,35.76,0.093808,0.007676,0.0,240
1,0,1,0,0,1,1,0,0,0,0,1,4,15,3,husky_cif.y4m,58.26,58.302,0.211471,0.007368,0.0,18
1,0,1,0,1,0,0,0,0,0,1,0,8,0,6,husky_cif.y4m,34.64,34.64,0.121861,0.009231,0.0,102
1,1,1,1,0,0,1,0,1,0,1,0,4,0,0,husky_cif.y4m,83.33,83.45,0.250799,0.006027,0.0,51
1,1,1,1,0,0,1,1,0,0,0,1,4,15,6,husky_cif.y4m,136.54,136.616,0.275009,0.006399,0.0,282
1,0,1,0,1,0,1,0,0,1,1,1,1,0,3,husky_cif.y4m,35.61,35.582,0.067231,0.007676,0.0,77
1,0,1,1,0,0,1,0,0,0,1,0,2,0,3,husky_cif.y4m,63.44,63.46,0.225278,0.007696,0.0,128
1,1,1,0,1,0,1,1,0,0,0,0,2,5,3,husky_cif.y4m,82.65,82.572,0.193701,0.006391,0.0,234
1,0,1,1,0,0,0,0,0,0,1,1,1,0,0,husky_cif.y4m,61.47,61.424,0.208638,0.009097,0.0,252
1,0,1,1,0,0,1,0,0,0,0,1,4,0,3,husky_cif.y4m,63.47,63.444,0.230282,0.007697,0.0,28
1,0,1,0,0,1,1,0,0,1,1,1,8,15,3,husky_cif.y4m,58.65,58.564,0.229848,0.007368,0.0,139
1,0,1,0,0,1,0,0,0,0,0,1,1,5,0,husky_cif.y4m,55.62,55.694,0.200699,0.009505,0.0,158
1,1,1,0,1,0,1,1,0,1,0,1,8,5,3,husky_cif.y4m,80.73,80.806,0.160873,0.006552,0.0,152
1,0,1,1,0,0,1,0,0,1,0,0,2,0,6,husky_cif.y4m,63.55,63.552,0.159123,0.007696,0.0,12
1,1,1,0,1,0,0,1,0,0,0,1,4,15,3,husky_cif.y4m,83.87,83.822,0.237844,0.005739,0.0,294
1,1,1,0,1,0,0,1,0,0,0,1,8,15,3,husky_cif.y4m,83.44,83.498,0.163921,0.005739,0.0,154
1,1,1,1,0,0,0,1,0,1,0,0,2,15,6,husky_cif.y4m,135.86,135.856,0.368416,0.005794,0.0,157
1,0,1,1,0,0,1,0,0,1,1,1,2,0,3,husky_cif.y4m,63.23,63.254,0.106911,0.007696,0.0,150
1,1,1,0,1,0,1,1,0,0,1,0,8,0,6,husky_cif.y4m,78.51,78.55,0.104403,0.006354,0.0,287
1,0,1,0,1,0,0,0,0,1,1,0,1,0,3,husky_cif.y4m,34.62,34.628,0.104499,0.009231,0.0,297
1,0,1,0,0,1,0,0,0,1,1,0,8,15,0,husky_cif.y4m,55.94,55.868,0.173983,0.009457,0.0,263
1,1,1,0,1,0,0,1,0,1,1,1,1,5,3,husky_cif.y4m,78.93,78.9,0.093541,0.005774,0.0,255
1,0,1,1,0,0,0,0,0,1,1,0,8,15,3,husky_cif.y4m,60.33,60.462,0.280838,0.009143,0.0,115
1,0,1,0,0,1,1,0,0,1,0,1,4,15,3,husky_cif.y4m,57.63,57.536,0.16456,0.007368,0.0,188
1,0,1,0,0,1,1,0,0,0,0,1,8,0,6,husky_cif.y4m,57.95,58.058,0.255284,0.007368,0.0,212
1,0,1,1,0,0,1,0,0,0,0,1,1,15,3,husky_cif.y4m,63.39,63.358,0.131034,0.007697,0.0,195
1,0,1,0,1,0,0,0,0,0,1,1,2,15,0,husky_cif.y4m,34.08,34.12,0.099247,0.009231,0.0,119
1,0,1,1,0,0,0,0,0,1,0,1,4,15,0,husky_cif.y4m,60.61,60.598,0.238474,0.009097,0.0,58
1,0,1,0,1,0,1,0,0,1,0,1,4,0,6,husky_cif.y4m,35.61,35.676,0.110136,0.007676,0.0,277
1,0,1,0,1,0,1,0,0,0,1,1,4,5,6,husky_cif.y4m,35.61,35.606,0.040373,0.007693,0.0,64
1,1,1,0,1,0,1,1,0,1,0,0,2,0,0,husky_cif.y4m,76.37,76.428,0.155628,0.00654,0.0,285
1,1,1,0,1,0,1,1,0,1,0,0,4,0,0,husky_cif.y4m,77.76,77.702,0.102078,0.00654,0.0,290
1,0,1,1,0,0,0,0,0,1,0,1,8,5,6,husky_cif.y4m,61.19,61.214,0.182154,0.009097,0.0,196
1,1,1,1,0,0,1,0,1,1,1,1,1,0,0,husky_cif.y4m,85.48,85.686,0.307295,0.006294,0.0,93
1,0,1,1,0,0,1,0,0,0,1,1,4,5,6,husky_cif.y4m,63.57,63.5,0.247588,0.007696,0.0,299
1,0,1,1,0,0,0,0,0,1,0,0,2,5,0,husky_cif.y4m,61.52,61.4,0.213892,0.009143,0.0,125
1,1,1,0,1,0,0,1,0,1,0,1,2,15,6,husky_cif.y4m,79.68,79.718,0.143422,0.005776,0.0,21
1,0,1,0,1,0,0,0,0,1,0,1,2,0,0,husky_cif.y4m,34.68,34.67,0.114018,0.009177,0.0,225
1,0,1,0,1,0,0,0,0,1,0,0,2,5,0,ice_cif.y4m,10.67,10.718,0.131415,0.005216,0.0,114
1,1,1,1,0,0,0,0,1,0,0,1,1,0,0,ice_cif.y4m,35.01,34.934,0.133716,0.005863,0.0,281
1,1,1,1,0,0,0,1,0,1,1,0,2,5,0,ice_cif.y4m,42.53,42.604,0.145362,0.005883,0.0,49
1,0,1,0,0,1,1,0,0,0,0,0,2,15,6,ice_cif.y4m,26.4,26.228,0.304171,0.006077,0.0,194
1,0,1,1,0,0,0,0,0,0,0,0,2,0,6,ice_cif.y4m,24.64,24.464,0.306888,0.005168,0.0,62
1,1,1,0,1,0,0,1,0,1,1,1,1,15,3,ice_cif.y4m,22.83,22.882,0.197408,0.005886,0.0,91
1,0,1,0,0,1,1,0,0,0,0,0,4,0,6,ice_cif.y4m,27.9,27.966,0.321528,0.006077,0.0,107
1,0,1,1,0,0,1,0,0,0,0,1,4,5,3,ice_cif.y4m,31.05,31.072,0.098082,0.006066,0.0,181
1,0,1,0,1,0,1,0,0,0,0,0,4,5,0,ice_cif.y4m,14.35,13.976,0.540999,0.006064,0.0,247
1,0,1,1,0,0,0,0,0,1,1,0,4,5,3,ice_cif.y4m,25.94,25.874,0.110589,0.005168,0.0,166
1,0,1,0,0,1,0,0,0,0,1,1,4,0,0,ice_cif.y4m,21.65,21.642,0.062209,0.005863,0.0,25
1,1,1,0,1,0,0,1,0,0,0,1,8,0,6,ice_cif.y4m,18.94,18.936,0.081425,0.005892,0.0,203
1,1,1,1,0,0,1,1,0,1,1,1,4,5,6,ice_cif.y4m,43.71,43.726,0.096592,0.005069,0.0,219
1,0,1,0,0,1,0,0,0,0,0,0,4,15,0,ice_cif.y4m,23.06,23.06,0.125897,0.005863,0.0,162
1,0,1,1,0,0,1,0,0,0,1,0,4,15,6,ice_cif.y4m,32.81,32.812,0.075299,0.006063,0.0,182
1,0,1,0,0,1,0,0,0,1,1,0,1,15,6,ice_cif.y4m,21.36,21.302,0.102078,0.005863,0.0,10
1,1,1,1,0,0,1,1,0,1,1,1,2,15,0,ice_cif.y4m,43.22,43.216,0.099146,0.005112,0.0,14
1,1,1,1,0,0,0,1,0,0,0,1,1,0,6,ice_cif.y4m,42.99,43.152,1.334136,0.005892,0.0,89
1,1,1,1,0,0,0,1,0,1,1,1,1,5,0,ice_cif.y4m,43.19,43.196,0.095551,0.005888,0.0,116
1,0,1,1,0,0,0,0,0,0,1,1,4,15,3,ice_cif.y4m,24.19,24.162,0.088148,0.005168,0.0,217
1,1,1,0,1,0,0,1,0,0,1,0,1,0,0,ice_cif.y4m,19.89,19.762,0.286827,0.005892,0.0,75
1,1,1,0,1,0,0,1,0,1,1,1,2,15,6,ice_cif.y4m,20.55,20.52,0.095917,0.00587,0.0,266
1,0,1,1,0,0,1,0,0,0,1,1,4,15,3,ice_cif.y4m,30.8,31.164,0.607561,0.006063,0.0,268
1,0,1,0,1,0,1,0,0,1,1,1,4,15,3,ice_cif.y4m,13.35,13.364,0.048785,0.006064,0.0,187
1,0,1,0,0,1,1,0,0,0,1,0,8,15,3,ice_cif.y4m,26.69,26.498,0.520404,0.006077,0.0,161
1,0,1,0,1,0,1,0,0,0,1,0,2,0,6,ice_cif.y4m,13.79,13.78,0.035355,0.006064,0.0,23
1,1,1,1,0,0,0,1,0,1,1,0,2,5,6,ice_cif.y4m,42.1,42.172,0.429092,0.005876,0.0,2
1,1,1,1,0,0,1,0,1,1,0,1,2,0,0,ice_cif.y4m,30.06,30.03,0.12083,0.005376,0.0,16
1,0,1,1,0,0,0,0,0,1,1,1,8,15,0,ice_cif.y4m,24.09,24.402,0.464941,0.005168,0.0,262
1,1,1,1,0,0,0,1,0,1,1,0,4,5,0,ice_cif.y4m,43.84,43.402,0.67132,0.005883,0.0,66
1,0,1,1,0,0,0,0,0,1,0,0,2,0,0,ice_cif.y4m,24.78,24.602,0.29685,0.005168,0.0,86
1,0,1,0,1,0,1,0,0,0,1,0,2,5,6,ice_cif.y4m,13.66,13.664,0.016733,0.006064,0.0,231
1,0,1,0,1,0,0,0,0,0,0,0,4,5,0,ice_cif.y4m,10.72,10.748,0.086718,0.005216,0.0,269
1,1,1,0,1,0,1,1,0,0,1,0,1,5,0,ice_cif.y4m,18.96,18.966,0.061074,0.00511,0.0,180
1,0,1,0,0,1,0,0,0,0,1,0,4,5,6,ice_cif.y4m,21.34,21.294,0.07733,0.005863,0.0,274
1,1,1,1,0,0,0,1,0,1,1,0,2,15,6,ice_cif.y4m,43.95,43.946,0.051769,0.005869,0.0,184
1,0,1,0,0,1,1,0,0,0,0,1,4,5,0,ice_cif.y4m,26.22,26.794,0.9533,0.006076,0.0,118
1,1,1,1,0,0,0,1,0,0,0,0,1,0,6,ice_cif.y4m,41.28,41.28,0.109772,0.005884,0.0,254
1,0,1,1,0,0,1,0,0,0,1,1,4,5,0,ice_cif.y4m,31.63,31.634,0.049295,0.006063,0.0,208
1,0,1,0,0,1,1,0,0,1,1,0,4,5,6,ice_cif.y4m,25.93,26.218,0.451243,0.006077,0.0,279
1,1,1,1,0,0,0,1,0,0,1,1,4,15,3,ice_cif.y4m,44.45,44.732,0.626554,0.005881,0.0,229
1,0,1,0,0,1,1,0,0,1,1,1,1,0,0,ice_cif.y4m,25.75,25.756,0.057271,0.006076,0.0,46
1,0,1,0,0,1,0,0,0,1,1,1,4,5,6,ice_cif.y4m,21.23,21.248,0.054037,0.005863,0.0,171
1,1,1,1,0,0,0,1,0,0,1,0,2,5,0,ice_cif.y4m,43.39,43.394,0.105262,0.005883,0.0,99
1,0,1,0,0,1,0,0,0,0,0,0,8,0,0,ice_cif.y4m,22.66,22.664,0.0498,0.005863,0.0,81
1,1,1,1,0,0,1,1,0,1,0,1,8,5,0,ice_cif.y4m,44.31,44.314,0.206228,0.005125,0.0,155
1,0,1,0,1,0,0,0,0,1,0,1,1,15,6,ice_cif.y4m,10.48,10.7,0.320312,0.005162,0.0,96
1,1,1,1,0,0,0,1,0,1,1,1,8,0,0,ice_cif.y4m,41.5,41.626,0.50777,0.005884,0.0,218
1,1,1,1,0,0,1,1,0,1,1,0,8,0,6,ice_cif.y4m,43.14,43.428,0.654118,0.005122,0.0,53
1,1,1,0,1,0,1,0,1,0,0,0,2,0,0,ice_cif.y4m,13.32,13.432,0.177398,0.005389,0.0,109
1,0,1,0,1,0,0,0,0,0,1,0,4,5,6,ice_cif.y4m,10.7,10.676,0.037815,0.005216,0.0,185
1,1,1,1,0,0,0,1,0,0,1,1,2,0,0,ice_cif.y4m,42.33,42.15,0.402927,0.005884,0.0,239
1,0,1,1,0,0,0,0,0,0,0,1,2,0,0,ice_cif.y4m,24.19,24.298,0.263761,0.00516,0.0,276
1,0,1,1,0,0,1,0,0,0,0,1,4,0,6,ice_cif.y4m,30.49,30.688,0.474679,0.006066,0.0,257
1,0,1,0,0,1,0,0,0,1,1,0,1,5,0,ice_cif.y4m,21.7,21.694,0.146219,0.005863,0.0,42
1,1,1,0,1,0,1,1,0,0,0,0,2,15,3,ice_cif.y4m,21.19,21.19,0.03,0.005085,0.0,204
1,0,1,1,0,0,1,0,0,1,0,1,2,15,6,ice_cif.y4m,31.1,31.076,0.057706,0.006066,0.0,145
1,0,1,0,1,0,0,0,0,0,0,0,2,0,3,ice_cif.y4m,10.67,10.76,0.160624,0.005216,0.0,246
1,1,1,1,0,0,0,1,0,0,1,1,8,0,0,ice_cif.y4m,44.15,44.16,0.145945,0.005884,0.0,202
1,1,1,0,1,0,0,1,0,1,0,0,2,5,3,ice_cif.y4m,19.45,19.45,0.115542,0.00588,0.0,70
1,0,1,0,1,0,0,0,0,0,1,0,1,5,3,ice_cif.y4m,10.67,10.67,0.025495,0.005216,0.0,230
1,0,1,0,1,0,1,0,0,0,0,0,4,15,6,ice_cif.y4m,13.65,13.588,0.218563,0.006064,0.0,267
1,1,1,1,0,0,1,1,0,0,0,1,8,5,3,ice_cif.y4m,43.24,43.234,0.13975,0.005101,0.0,146
1,0,1,0,1,0,1,0,0,0,0,1,2,15,0,ice_cif.y4m,14.31,14.37,0.135647,0.006055,0.0,27
1,0,1,0,1,0,1,0,0,0,1,1,8,0,3,ice_cif.y4m,13.98,13.832,0.257041,0.006064,0.0,137
1,1,1,1,0,0,0,1,0,0,1,1,2,15,0,ice_cif.y4m,45.6,45.804,0.558999,0.005883,0.0,189
1,1,1,0,1,0,1,1,0,1,0,0,4,15,0,ice_cif.y4m,19.4,19.296,0.25006,0.00511,0.0,132
1,1,1,1,0,0,0,0,1,1,0,1,8,0,0,ice_cif.y4m,35.82,35.496,0.531818,0.005863,0.0,169
1,0,1,0,0,1,0,0,0,0,0,0,1,5,6,ice_cif.y4m,21.88,21.776,0.498678,0.005863,0.0,33
1,0,1,1,0,0,0,0,0,0,1,1,8,15,0,ice_cif.y4m,24.08,24.092,0.059749,0.005168,0.0,205
1,0,1,1,0,0,0,0,0,1,0,1,2,0,0,ice_cif.y4m,24.24,24.246,0.10139,0.00516,0.0,245
1,1,1,0,1,0,1,1,0,0,1,1,1,15,0,ice_cif.y4m,20.47,20.43,0.060415,0.005136,0.0,298
1,0,1,1,0,0,1,0,0,1,1,0,2,5,6,ice_cif.y4m,31.11,31.104,0.031305,0.006063,0.0,163
1,1,1,1,0,0,0,1,0,0,0,0,1,5,0,ice_cif.y4m,42.65,42.672,0.071554,0.005883,0.0,123
1,0,1,0,0,1,1,0,0,1,0,0,4,15,0,ice_cif.y4m,25.94,25.95,0.088034,0.006077,0.0,4
1,0,1,0,0,1,1,0,0,1,1,0,8,5,6,ice_cif.y4m,26.41,26.418,0.133679,0.006077,0.0,141
1,1,1,0,1,0,0,1,0,1,0,0,8,5,6,ice_cif.y4m,19.04,19.368,0.527608,0.005874,0.0,129
1,1,1,0,1,0,1,1,0,1,1,0,4,5,3,ice_cif.y4m,19.69,19.808,0.329196,0.005083,0.0,159
1,0,1,0,0,1,1,0,0,1,0,0,1,0,0,ice_cif.y4m,25.96,26.24,0.416113,0.006077,0.0,22
1,0,1,0,0,1,0,0,0,1,0,1,2,0,6,ice_cif.y4m,22.7,22.714,0.089889,0.005872,0.0,175
1,1,1,1,0,0,0,1,0,1,1,1,8,5,6,ice_cif.y4m,41.9,42.212,0.771375,0.005876,0.0,151
1,1,1,0,1,0,0,1,0,0,1,0,2,5,0,ice_cif.y4m,19.67,19.664,0.057706,0.005887,0.0,52
1,0,1,0,0,1,0,0,0,0,0,1,4,0,3,ice_cif.y4m,21.2,21.204,0.071274,0.005872,0.0,108
1,0,1,0,1,0,1,0,0,0,0,1,8,15,0,ice_cif.y4m,13.28,13.28,0.033912,0.006055,0.0,72
1,0,1,1,0,0,1,0,0,1,1,0,8,0,6,ice_cif.y4m,30.62,30.602,0.060992,0.006063,0.0,248
1,1,1,1,0,0,1,1,0,1,1,0,8,5,6,ice_cif.y4m,44.94,44.91,0.071414,0.005069,0.0,174
1,0,1,1,0,0,1,0,0,1,1,1,8,0,3,ice_cif.y4m,30.65,30.648,0.060992,0.006063,0.0,130
1,1,1,0,1,0,1,1,0,1,1,1,8,15,0,ice_cif.y4m,18.93,18.918,0.036332,0.00511,0.0,168
1,0,1,0,0,1,1,0,0,1,0,1,8,0,6,ice_cif.y4m,25.79,25.8,0.089443,0.006076,0.0,198
1,0,1,0,0,1,1,0,0,1,1,0,1,0,3,ice_cif.y4m,25.92,26.082,0.403076,0.006077,0.0,83
1,1,1,1,0,0,1,1,0,0,1,0,1,0,3,ice_cif.y4m,42.91,43.408,0.748311,0.005122,0.0,291
1,0,1,0,1,0,0,0,0,1,1,0,1,0,6,ice_cif.y4m,10.7,10.684,0.043932,0.005216,0.0,237
1,0,1,0,0,1,0,0,0,1,1,1,2,15,3,ice_cif.y4m,21.42,21.428,0.174986,0.005863,0.0,90
1,1,1,1,0,0,1,1,0,0,0,1,1,15,0,ice_cif.y4m,44.22,44.218,0.035637,0.005125,0.0,87
1,0,1,1,0,0,1,0,0,1,0,0,1,5,0,ice_cif.y4m,30.68,30.678,0.088713,0.006063,0.0,74
1,0,1,0,0,1,0,0,0,1,0,0,2,0,3,ice_cif.y4m,21.68,21.674,0.051284,0.005863,0.0,201
1,0,1,0,1,0,0,0,0,1,0,1,1,0,0,ice_cif.y4m,10.51,10.548,0.082583,0.005162,0.0,183
1,0,1,1,0,0,0,0,0,0,0,0,4,0,6,ice_cif.y4m,24.09,24.408,0.454335,0.005168,0.0,227
1,1,1,0,1,0,1,1,0,0,0,0,1,15,6,ice_cif.y4m,20.97,21.348,0.736831,0.005068,0.0,222
1,0,1,0,0,1,0,0,0,0,1,0,8,0,6,ice_cif.y4m,21.9,21.648,0.38713,0.005863,0.0,55
1,0,1,1,0,0,0,0,0,0,1,1,2,5,0,ice_cif.y4m,24.21,24.18,0.09,0.005168,0.0,142
1,0,1,1,0,0,1,0,0,1,0,1,1,5,6,ice_cif.y4m,30.49,30.862,0.574169,0.006066,0.0,124
1,0,1,1,0,0,1,0,0,0,0,0,8,0,0,ice_cif.y4m,30.57,30.622,0.137004,0.006063,0.0,95
1,0,1,1,0,0,1,0,0,1,0,0,2,15,0,ice_cif.y4m,30.6,31.0,0.598373,0.006063,0.0,241
1,0,1,0,1,0,0,0,0,0,1,1,1,5,3,ice_cif.y4m,10.56,10.64,0.157797,0.005162,0.0,289
1,0,1,1,0,0,1,0,0,1,1,0,1,5,0,ice_cif.y4m,30.64,30.612,0.10663,0.006063,0.0,278
1,1,1,0,1,0,0,1,0,1,1,0,1,0,6,ice_cif.y4m,20.19,19.968,0.455434,0.005892,0.0,176
1,0,1,0,0,1,1,0,0,0,1,0,8,5,0,ice_cif.y4m,26.63,26.548,0.28279,0.006077,0.0,122
1,0,1,0,0,1,0,0,0,0,1,0,4,0,6,ice_cif.y4m,21.32,21.274,0.109909,0.005863,0.0,30
1,1,1,0,1,0,0,1,0,0,0,0,2,0,6,ice_cif.y4m,19.27,19.27,0.067454,0.005892,0.0,251
1,0,1,1,0,0,0,0,0,0,0,1,1,0,0,ice_cif.y4m,24.21,24.34,0.255049,0.00516,0.0,120
1,0,1,1,0,0,0,0,0,0,0,1,2,15,6,ice_cif.y4m,24.26,24.546,0.414644,0.00516,0.0,144
1,0,1,0,1,0,1,0,0,0,0,0,1,0,3,ice_cif.y4m,13.38,13.352,0.052631,0.006064,0.0,265
1,1,1,0,1,0,0,1,0,0,1,0,2,0,6,ice_cif.y4m,19.26,19.312,0.157067,0.005892,0.0,260
1,1,1,0,1,0,0,1,0,0,0,1,1,0,3,ice_cif.y4m,20.6,20.486,0.199324,0.005892,0.0,78
1,0,1,0,1,0,0,0,0,0,1,1,8,15,3,ice_cif.y4m,10.67,10.67,0.033912,0.005216,0.0,84
1,0,1,1,0,0,1,0,0,1,0,0,4,15,3,ice_cif.y4m,30.65,30.642,0.086139,0.006063,0.0,296
1,0,1,0,0,1,0,0,0,0,0,1,2,5,6,ice_cif.y4m,21.81,21.644,0.34195,0.005872,0.0,232
1,0,1,0,0,1,1,0,0,0,1,0,4,15,6,ice_cif.y4m,25.93,25.92,0.089443,0.006077,0.0,213
1,1,1,0,1,0,0,1,0,0,1,1,8,15,3,ice_cif.y4m,20.35,20.386,0.064265,0.005873,0.0,94
1,0,1,0,1,0,0,0,0,0,1,1,1,5,0,ice_cif.y4m,10.5,10.51,0.033912,0.005162,0.0,178
1,0,1,1,0,0,1,0,0,1,0,0,4,0,0,ice_cif.y4m,30.59,30.796,0.461822,0.006063,0.0,127
1,1,1,0,1,0,1,1,0,0,1,0,8,5,6,ice_cif.y4m,19.9,20.136,0.346309,0.005128,0.0,111
1,0,1,0,1,0,0,0,0,0,0,1,1,0,6,ice_cif.y4m,10.5,10.516,0.045607,0.005162,0.0,92
1,1,1,1,0,0,0,1,0,0,1,0,8,15,6,ice_cif.y4m,47.09,47.024,0.168612,0.005869,0.0,54
1,0,1,0,0,1,0,0,0,0,0,1,2,15,0,ice_cif.y4m,21.27,21.26,0.062048,0.005872,0.0,45
1,0,1,1,0,0,0,0,0,1,0,0,4,0,6,ice_cif.y4m,25.88,25.882,0.084083,0.005168,0.0,226
1,1,1,1,0,0,1,1,0,1,0,0,8,5,0,ice_cif.y4m,43.98,43.986,0.116103,0.005112,0.0,200
1,0,1,0,0,1,1,0,0,1,0,1,8,5,6,ice_cif.y4m,25.86,25.836,0.070922,0.006076,0.0,59
1,1,1,0,1,0,1,0,1,0,0,1,2,0,0,ice_cif.y4m,13.49,13.48,0.031623,0.005377,0.0,19
1,1,1,1,0,0,0,1,0,1,0,0,2,15,0,ice_cif.y4m,42.96,43.544,1.392706,0.005883,0.0,47
1,1,1,0,1,0,1,1,0,0,0,1,4,5,6,ice_cif.y4m,20.18,20.062,0.296091,0.005074,0.0,32
1,1,1,0,1,0,0,1,0,1,0,0,1,5,6,ice_cif.y4m,18.97,18.988,0.052631,0.005874,0.0,170
1,0,1,0,0,1,0,0,0,1,1,0,1,15,0,ice_cif.y4m,22.81,22.928,0.26565,0.005863,0.0,270
1,0,1,1,0,0,1,0,0,1,0,1,4,15,6,ice_cif.y4m,30.96,30.88,0.292318,0.006066,0.0,207
1,1,1,0,1,0,0,1,0,1,1,1,1,5,6,ice_cif.y4m,19.52,19.672,0.311881,0.005885,0.0,43
1,0,1,0,1,0,1,0,0,0,1,1,1,0,3,ice_cif.y4m,13.63,13.518,0.215105,0.006055,0.0,40
1,1,1,0,1,0,0,1,0,0,1,1,1,5,3,ice_cif.y4m,19.45,19.47,0.036742,0.005885,0.0,117
1,0,1,0,0,1,0,0,0,0,1,0,8,15,6,ice_cif.y4m,21.96,21.794,0.328146,0.005863,0.0,253
1,0,1,1,0,0,0,0,0,1,0,0,1,15,3,ice_cif.y4m,24.09,24.446,0.533226,0.005168,0.0,68
1,1,1,1,0,0,0,1,0,1,1,1,1,15,6,ice_cif.y4m,43.77,44.202,1.147593,0.005871,0.0,186
1,1,1,0,1,0,1,1,0,0,0,1,8,15,3,ice_cif.y4m,20.87,20.874,0.043932,0.005075,0.0,288
1,1,1,0,1,0,0,1,0,0,0,0,2,0,0,ice_cif.y4m,19.5,19.53,0.073485,0.005892,0.0,15
1,0,1,1,0,0,0,0,0,0,1,1,2,15,3,ice_cif.y4m,24.89,24.722,0.359124,0.005168,0.0,82
1,1,1,1,0,0,0,1,0,0,0,0,4,15,6,ice_cif.y4m,44.14,44.224,0.169499,0.005869,0.0,211
1,0,1,0,1,0,1,0,0,1,1,1,8,15,6,ice_cif.y4m,13.4,13.384,0.040373,0.006064,0.0,177
1,1,1,0,1,0,0,1,0,1,1,1,2,5,3,ice_cif.y4m,19.38,19.386,0.043359,0.00588,0.0,210
1,0,1,1,0,0,0,0,0,1,1,1,2,0,3,ice_cif.y4m,24.11,24.262,0.379566,0.005168,0.0,13
1,0,1,0,1,0,1,0,0,0,0,1,2,15,3,ice_cif.y4m,13.34,13.42,0.225278,0.006055,0.0,228
1,0,1,0,1,0,1,0,0,1,1,0,4,5,3,ice_cif.y4m,13.36,13.344,0.034351,0.006064,0.0,38
1,1,1,1,0,0,0,1,0,0,0,1,4,15,6,ice_cif.y4m,44.06,43.99,0.18735,0.005871,0.0,29
1,1,1,1,0,0,1,0,1,1,0,0,8,0,0,ice_cif.y4m,30.52,31.024,1.060745,0.005375,0.0,24
1,1,1,1,0,0,0,1,0,0,0,0,8,5,6,ice_cif.y4m,42.37,43.246,1.778772,0.005876,0.0,293
1,1,1,1,0,0,0,1,0,0,1,0,2,5,6,ice_cif.y4m,43.3,42.922,1.060009,0.005876,0.0,67
1,1,1,0,1,0,0,1,0,1,0,1,2,5,0,ice_cif.y4m,19.57,19.64,0.150333,0.005893,0.0,199
1,0,1,0,0,1,1,0,0,1,1,0,8,15,3,ice_cif.y4m,25.92,25.924,0.029665,0.006077,0.0,244
1,0,1,0,0,1,1,0,0,0,0,0,8,15,0,ice_cif.y4m,26.4,26.394,0.074699,0.006077,0.0,80
1,1,1,1,0,0,1,1,0,1,1,1,2,0,3,ice_cif.y4m,42.97,43.188,0.477985,0.005122,0.0,223
1,1,1,0,1,0,1,1,0,0,1,0,8,5,0,ice_cif.y4m,19.03,19.154,0.274463,0.00511,0.0,121
1,0,1,1,0,0,1,0,0,0,0,0,8,5,3,ice_cif.y4m,31.26,31.214,0.098641,0.006063,0.0,261
1,0,1,1,0,0,1,0,0,1,1,0,1,5,6,ice_cif.y4m,31.16,31.088,0.449967,0.006063,0.0,156
1,1,1,1,0,0,0,1,0,0,1,0,4,15,3,ice_cif.y4m,44.45,44.54,0.222935,0.005881,0.0,271
1,1,1,1,0,0,1,1,0,1,0,0,2,15,3,ice_cif.y4m,45.94,45.152,1.327675,0.005075,0.0,9
1,1,1,1,0,0,1,1,0,1,0,1,1,0,0,ice_cif.y4m,42.62,42.612,0.169617,0.005102,0.0,165
1,0,1,0,0,1,1,0,0,1,0,0,1,15,6,ice_cif.y4m,26.47,26.27,0.325807,0.006077,0.0,126
1,0,1,1,0,0,1,0,0,1,1,1,8,5,0,ice_cif.y4m,30.78,30.784,0.071624,0.006063,0.0,280
1,0,1,1,0,0,0,0,0,1,1,0,2,5,3,ice_cif.y4m,24.15,24.246,0.199073,0.005168,0.0,172
1,0,1,0,1,0,1,0,0,0,0,0,1,15,6,ice_cif.y4m,13.31,13.328,0.039623,0.006064,0.0,292
1,0,1,0,0,1,0,0,0,1,0,1,1,0,3,ice_cif.y4m,21.37,21.512,0.33432,0.005872,0.0,179
1,0,1,0,0,1,1,0,0,1,0,1,2,0,3,ice_cif.y4m,25.72,25.792,0.148896,0.006076,0.0,272
1,0,1,0,0,1,1,0,0,0,1,0,4,5,0,ice_cif.y4m,26.73,26.418,0.468796,0.006077,0.0,105
1,0,1,0,1,0,0,0,0,0,0,0,1,0,3,ice_cif.y4m,10.65,10.706,0.149265,0.005216,0.0,76
1,0,1,1,0,0,1,0,0,0,1,0,4,15,3,ice_cif.y4m,30.61,30.588,0.064576,0.006063,0.0,197
1,1,1,1,0,0,1,1,0,0,1,0,1,15,0,ice_cif.y4m,43.17,43.174,0.108995,0.005112,0.0,221
1,1,1,1,0,0,1,1,0,0,1,0,8,15,6,ice_cif.y4m,45.77,45.536,0.599233,0.005061,0.0,167
1,1,1,0,1,0,0,1,0,1,0,1,4,15,6,ice_cif.y4m,20.43,20.654,0.368551,0.005875,0.0,136
1,1,1,1,0,0,0,1,0,1,0,1,8,15,6,ice_cif.y4m,46.87,46.822,0.089275,0.005871,0.0,243
1,0,1,0,1,0,0,0,0,1,0,1,8,15,6,ice_cif.y4m,10.49,10.494,0.020736,0.005162,0.0,60
1,0,1,1,0,0,0,0,0,1,0,1,2,0,6,ice_cif.y4m,25.19,25.016,0.469446,0.00516,0.0,110
1,1,1,1,0,0,1,1,0,1,0,0,1,15,6,ice_cif.y4m,44.71,45.058,0.714122,0.005061,0.0,35
1,0,1,1,0,0,1,0,0,0,1,1,2,5,6,ice_cif.y4m,30.71,31.186,0.749853,0.006063,0.0,235
1,0,1,1,0,0,0,0,0,1,0,0,1,0,3,ice_cif.y4m,24.57,24.396,0.299299,0.005168,0.0,44
1,1,1,0,1,0,1,1,0,0,1,0,4,15,3,ice_cif.y4m,21.33,21.666,0.733437,0.005085,0.0,256
1,0,1,0,0,1,0,0,0,0,1,1,8,0,0,ice_cif.y4m,21.22,21.24,0.04,0.005863,0.0,192
1,0,1,0,1,0,0,0,0,0,1,1,2,0,0,ice_cif.y4m,10.93,10.908,0.046043,0.005216,0.0,41
1,0,1,1,0,0,0,0,0,0,1,0,4,5,0,ice_cif.y4m,25.87,25.864,0.049295,0.005168,0.0,37
1,0,1,0,0,1,0,0,0,0,0,0,4,5,0,ice_cif.y4m,21.85,21.628,0.315071,0.005863,0.0,26
1,1,1,1,0,0,0,1,0,0,0,0,1,0,3,ice_cif.y4m,44.26,44.24,0.11158,0.005884,0.0,273
1,1,1,1,0,0,1,1,0,0,0,1,1,5,6,ice_cif.y4m,43.17,43.168,0.055408,0.005053,0.0,233
1,1,1,0,1,0,1,1,0,0,1,1,8,0,0,ice_cif.y4m,19.25,19.16,0.251893,0.005144,0.0,101
1,0,1,1,0,0,0,0,0,0,0,1,2,5,3,ice_cif.y4m,25.88,26.054,0.317695,0.00516,0.0,39
1,1,1,0,1,0,0,1,0,0,0,1,1,15,0,ice_cif.y4m,19.54,19.596,0.167123,0.005893,0.0,106
1,1,1,0,1,0,0,0,1,1,0,0,1,0,0,ice_cif.y4m,16.7,16.726,0.061887,0.005867,0.0,242
1,1,1,1,0,0,1,1,0,0,1,0,2,15,0,ice_cif.y4m,43.36,43.748,0.653659,0.005112,0.0,193
1,0,1,0,1,0,1,0,0,0,1,0,1,15,6,ice_cif.y4m,13.33,13.472,0.28578,0.006064,0.0,103
1,1,1,0,1,0,0,1,0,1,1,1,8,5,6,ice_cif.y4m,19.07,19.07,0.030822,0.005874,0.0,1
1,0,1,1,0,0,0,0,0,1,1,1,1,0,0,ice_cif.y4m,24.14,24.424,0.448364,0.00516,0.0,61
1,1,1,1,0,0,0,0,1,0,0,0,2,0,0,ice_cif.y4m,36.38,36.598,0.468209,0.005868,0.0,56
1,1,1,0,1,0,0,1,0,0,1,0,8,15,3,ice_cif.y4m,21.01,20.926,0.477996,0.005873,0.0,148
1,0,1,0,1,0,0,0,0,1,0,1,2,5,0,ice_cif.y4m,10.48,10.546,0.14758,0.005162,0.0,112
1,0,1,0,1,0,1,0,0,0,1,0,8,15,3,ice_cif.y4m,13.38,13.368,0.031145,0.006064,0.0,300
1,0,1,0,1,0,0,0,0,1,1,0,4,15,0,ice_cif.y4m,10.95,10.956,0.024083,0.005216,0.0,249
1,0,1,0,1,0,0,0,0,0,0,1,2,0,0,ice_cif.y4m,10.79,10.688,0.188865,0.005162,0.0,20
1,1,1,1,0,0,1,1,0,1,0,1,1,5,0,ice_cif.y4m,44.27,44.49,0.447661,0.005125,0.0,104
1,1,1,1,0,0,0,1,0,1,1,1,8,15,6,ice_cif.y4m,44.3,44.106,0.271717,0.005869,0.0,131
1,0,1,1,0,0,0,0,0,0,0,0,2,0,3,ice_cif.y4m,24.18,24.178,0.051186,0.005168,0.0,69
1,0,1,0,1,0,1,0,0,0,0,0,2,0,3,ice_cif.y4m,13.39,13.452,0.209809,0.006064,0.0,220
1,1,1,1,0,0,1,1,0,1,1,1,8,15,6,ice_cif.y4m,44.42,44.978,0.805432,0.005061,0.0,11
1,1,1,1,0,0,1,1,0,1,0,0,4,15,6,ice_cif.y4m,45.81,45.306,0.727619,0.005061,0.0,258
1,0,1,0,1,0,1,0,0,0,0,0,2,15,3,ice_cif.y4m,13.41,13.434,0.111041,0.006064,0.0,65
1,0,1,0,0,1,1,0,0,0,0,0,2,15,0,ice_cif.y4m,26.03,26.022,0.149566,0.006077,0.0,160
1,0,1,0,0,1,1,0,0,0,0,0,8,0,0,ice_cif.y4m,26.07,26.072,0.044385,0.006077,0.0,238
1,1,1,1,0,0,0,1,0,0,0,0,4,0,0,ice_cif.y4m,42.13,42.11,0.075166,0.005884,0.0,57
1,1,1,0,1,0,0,1,0,1,0,1,2,0,0,ice_cif.y4m,18.86,18.906,0.093434,0.005892,0.0,79
1,0,1,0,1,0,1,0,0,0,1,0,4,15,3,ice_cif.y4m,13.62,13.626,0.008944,0.006064,0.0,224
1,1,1,0,1,0,0,1,0,1,0,0,2,0,3,ice_cif.y4m,19.87,19.63,0.3563,0.005892,0.0,48
1,0,1,0,1,0,1,0,0,0,0,1,8,0,6,ice_cif.y4m,13.67,13.548,0.219135,0.006055,0.0,173
1,1,1,1,0,0,1,1,0,0,1,1,1,0,0,ice_cif.y4m,45.69,45.832,0.549836,0.005102,0.0,283
1,0,1,0,1,0,0,0,0,0,0,0,1,0,6,ice_cif.y4m,10.67,10.67,0.035355,0.005216,0.0,190
1,0,1,0,1,0,1,0,0,1,1,1,4,0,6,ice_cif.y4m,13.39,13.384,0.035777,0.006064,0.0,259
1,0,1,1,0,0,0,0,0,0,0,1,1,15,3,ice_cif.y4m,24.77,24.702,0.237318,0.00516,0.0,7
1,0,1,0,0,1,0,0,0,0,0,1,2,5,0,ice_cif.y4m,21.5,21.608,0.685179,0.005872,0.0,73
1,1,1,1,0,0,1,1,0,0,0,0,2,0,6,ice_cif.y4m,43.33,43.314,0.419678,0.005122,0.0,63
1,0,1,0,0,1,1,0,0,1,1,0,2,15,3,ice_cif.y4m,25.94,26.076,0.372666,0.006077,0.0,284
1,0,1,1,0,0,1,0,0,1,0,1,8,15,6,ice_cif.y4m,30.82,30.814,0.262355,0.006066,0.0,250
1,1,1,0,1,0,0,1,0,0,0,0,2,5,0,ice_cif.y4m,19.86,19.63,0.375832,0.005887,0.0,209
1,0,1,0,1,0,1,0,0,0,0,1,4,5,3,ice_cif.y4m,14.21,14.268,0.124579,0.006055,0.0,138
1,1,1,1,0,0,0,0,1,1,1,0,1,0,0,ice_cif.y4m,34.04,34.056,0.067676,0.005868,0.0,135
1,1,1,1,0,0,1,1,0,1,1,0,4,5,3,ice_cif.y4m,44.32,44.102,0.509137,0.005075,0.0,264
1,1,1,1,0,0,0,1,0,1,1,0,2,0,6,ice_cif.y4m,41.23,41.262,0.113886,0.005884,0.0,215
1,0,1,0,0,1,0,0,0,0,1,1,4,5,3,ice_cif.y4m,21.34,21.312,0.066106,0.005863,0.0,50
1,0,1,1,0,0,0,0,0,1,1,0,4,0,6,ice_cif.y4m,24.25,24.222,0.143073,0.005168,0.0,98
1,1,1,1,0,0,0,1,0,1,1,0,1,15,0,ice_cif.y4m,45.61,45.642,0.066483,0.005883,0.0,140
1,1,1,1,0,0,0,1,0,0,1,1,1,0,3,ice_cif.y4m,45.05,45.01,0.08,0.005892,0.0,113
1,0,1,0,1,0,1,0,0,1,1,0,1,0,6,ice_cif.y4m,14.35,14.406,0.163646,0.006064,0.0,3
1,0,1,0,0,1,0,0,0,1,1,1,8,0,0,ice_cif.y4m,22.83,22.89,0.224499,0.005863,0.0,149
1,0,1,1,0,0,0,0,0,0,1,1,8,5,6,ice_cif.y4m,24.19,24.164,0.057271,0.005168,0.0,153
1,1,1,1,0,0,1,1,0,1,1,0,2,15,6,ice_cif.y4m,44.99,44.906,0.454676,0.005061,0.0,133
1,0,1,1,0,0,0,0,0,0,0,0,1,0,3,ice_cif.y4m,24.13,24.128,0.080436,0.005168,0.0,191
1,1,1,0,1,0,0,1,0,1,0,1,1,0,6,ice_cif.y4m,19.41,19.328,0.217876,0.005892,0.0,100
1,0,1,1,0,0,1,0,0,0,1,0,4,0,3,ice_cif.y4m,30.79,30.78,0.182893,0.006063,0.0,85
1,0,1,0,0,1,1,0,0,0,0,0,2,0,3,ice_cif.y4m,26.71,26.546,0.396333,0.006077,0.0,88
1,0,1,0,1,0,1,0,0,1,1,0,4,15,6,ice_cif.y4m,13.58,13.602,0.071903,0.006064,0.0,31
1,0,1,0,0,1,1,0,0,0,0,0,4,5,3,ice_cif.y4m,26.0,26.682,1.04471,0.006077,0.0,134
1,1,1,0,1,0,1,1,0,1,1,1,8,0,3,ice_cif.y4m,18.68,18.684,0.023022,0.005144,0.0,147
1,1,1,1,0,0,0,1,0,0,1,1,4,15,6,ice_cif.y4m,43.87,43.874,0.111041,0.005869,0.0,275
1,0,1,0,0,1,1,0,0,0,1,0,4,15,3,ice_cif.y4m,26.57,26.334,0.401535,0.006077,0.0,143
1,1,1,0,1,0,1,1,0,1,0,0,1,5,6,ice_cif.y4m,19.92,19.956,0.157734,0.005128,0.0,8
1,1,1,1,0,0,1,1,0,0,1,1,4,5,3,ice_cif.y4m,47.39,46.984,0.713288,0.005075,0.0,216
1,0,1,1,0,0,1,0,0,1,0,0,1,0,3,ice_cif.y4m,31.48,31.29,0.375633,0.006063,0.0,214
1,0,1,0,0,1,0,0,0,0,0,0,1,5,0,ice_cif.y4m,21.59,21.596,0.221201,0.005863,0.0,17
1,0,1,0,0,1,1,0,0,0,0,0,1,5,0,ice_cif.y4m,26.4,26.264,0.215476,0.006077,0.0,206
1,0,1,0,1,0,0,0,0,1,1,1,8,15,0,ice_cif.y4m,10.7,10.694,0.008944,0.005216,0.0,36
1,1,1,0,1,0,1,1,0,0,0,0,4,15,3,ice_cif.y4m,21.32,21.376,0.160717,0.005085,0.0,6
1,0,1,1,0,0,1,0,0,0,0,1,1,0,6,ice_cif.y4m,30.47,30.664,0.37454,0.006066,0.0,5
1,0,1,1,0,0,1,0,0,0,0,0,8,15,6,ice_cif.y4m,30.68,30.766,0.234371,0.006063,0.0,164
1,0,1,0,0,1,0,0,0,1,0,0,8,0,6,ice_cif.y4m,22.75,22.764,0.089051,0.005863,0.0,97
1,0,1,1,0,0,0,0,0,0,1,0,2,5,3,ice_cif.y4m,24.22,24.206,0.071274,0.005168,0.0,236
1,1,1,0,1,0,1,1,0,0,0,0,8,5,0,ice_cif.y4m,18.88,18.952,0.127358,0.00511,0.0,71
1,1,1,0,1,0,1,1,0,1,0,1,2,0,3,ice_cif.y4m,19.11,19.318,0.316338,0.005121,0.0,295
1,0,1,1,0,0,1,0,0,1,1,0,8,5,3,ice_cif.y4m,31.66,31.714,0.701912,0.006063,0.0,286
1,0,1,0,1,0,0,0,0,0,0,1,1,5,0,ice_cif.y4m,10.51,10.514,0.035777,0.005162,0.0,34
1,0,1,0,1,0,1,0,0,1,1,1,1,5,3,ice_cif.y4m,13.42,13.45,0.160156,0.006055,0.0,240
1,0,1,0,0,1,1,0,0,0,0,1,4,15,3,ice_cif.y4m,26.03,26.028,0.117558,0.006076,0.0,18
1,0,1,0,1,0,0,0,0,0,1,0,8,0,6,ice_cif.y4m,10.9,10.84,0.128647,0.005216,0.0,102
1,1,1,1,0,0,1,0,1,0,1,0,4,0,0,ice_cif.y4m,30.87,30.544,0.772807,0.005375,0.0,51
1,1,1,1,0,0,1,1,0,0,0,1,4,15,6,ice_cif.y4m,46.01,45.974,0.096073,0.005045,0.0,282
1,0,1,0,1,0,1,0,0,1,1,1,1,0,3,ice_cif.y4m,13.61,13.582,0.058052,0.006055,0.0,77
1,0,1,1,0,0,1,0,0,0,1,0,2,0,3,ice_cif.y4m,31.16,31.152,0.093648,0.006063,0.0,128
1,1,1,0,1,0,1,1,0,0,0,0,2,5,3,ice_cif.y4m,19.62,19.938,0.667248,0.005083,0.0,234
1,0,1,1,0,0,0,0,0,0,1,1,1,0,0,ice_cif.y4m,25.88,25.958,0.193959,0.00516,0.0,252
1,0,1,1,0,0,1,0,0,0,0,1,4,0,3,ice_cif.y4m,30.97,30.838,0.377319,0.006066,0.0,28
1,0,1,0,0,1,1,0,0,1,1,1,8,15,3,ice_cif.y4m,25.91,26.21,0.436291,0.006077,0.0,139
1,0,1,0,0,1,0,0,0,0,0,1,1,5,0,ice_cif.y4m,21.18,21.192,0.057619,0.005872,0.0,158
1,1,1,0,1,0,1,1,0,1,0,1,8,5,3,ice_cif.y4m,20.01,20.036,0.138311,0.005086,0.0,152
1,0,1,1,0,0,1,0,0,1,0,0,2,0,6,ice_cif.y4m,32.71,32.91,0.313369,0.006063,0.0,12
1,1,1,0,1,0,0,1,0,0,0,1,4,15,3,ice_cif.y4m,21.22,21.278,0.153036,0.005886,0.0,294
1,1,1,0,1,0,0,1,0,0,0,1,8,15,3,ice_cif.y4m,21.17,21.166,0.005477,0.005886,0.0,154
1,1,1,1,0,0,0,1,0,1,0,0,2,15,6,ice_cif.y4m,43.98,44.282,0.740419,0.005869,0.0,157
1,0,1,1,0,0,1,0,0,1,1,1,2,0,3,ice_cif.y4m,31.11,30.984,0.292882,0.006063,0.0,150
1,1,1,0,1,0,1,1,0,0,1,0,8,0,6,ice_cif.y4m,18.61,18.662,0.10849,0.005144,0.0,287
1,0,1,0,1,0,0,0,0,1,1,0,1,0,3,ice_cif.y4m,10.78,10.73,0.087464,0.005216,0.0,297
1,0,1,0,0,1,0,0,0,1,1,0,8,15,0,ice_cif.y4m,21.33,21.31,0.111355,0.005863,0.0,263
1,1,1,0,1,0,0,1,0,1,1,1,1,5,3,ice_cif.y4m,20.22,20.092,0.322909,0.005885,0.0,255
1,0,1,1,0,0,0,0,0,1,1,0,8,15,3,ice_cif.y4m,24.2,24.216,0.08792,0.005168,0.0,115
1,0,1,0,0,1,1,0,0,1,0,1,4,15,3,ice_cif.y4m,25.81,25.774,0.099398,0.006076,0.0,188
1,0,1,0,0,1,1,0,0,0,0,1,8,0,6,ice_cif.y4m,26.61,26.42,0.404042,0.006076,0.0,212
1,0,1,1,0,0,1,0,0,0,0,1,1,15,3,ice_cif.y4m,30.58,30.54,0.106536,0.006066,0.0,195
1,0,1,0,1,0,0,0,0,0,1,1,2,15,0,ice_cif.y4m,10.63,10.736,0.15437,0.005216,0.0,119
1,0,1,1,0,0,0,0,0,1,0,1,4,15,0,ice_cif.y4m,24.27,24.23,0.149833,0.00516,0.0,58
1,0,1,0,1,0,1,0,0,1,0,1,4,0,6,ice_cif.y4m,13.4,13.562,0.461866,0.006055,0.0,277
1,0,1,0,1,0,1,0,0,0,1,1,4,5,6,ice_cif.y4m,13.39,13.376,0.039115,0.006064,0.0,64
1,1,1,0,1,0,1,1,0,1,0,0,2,0,0,ice_cif.y4m,18.72,18.694,0.082946,0.005144,0.0,285
1,1,1,0,1,0,1,1,0,1,0,0,4,0,0,ice_cif.y4m,19.1,19.022,0.23816,0.005144,0.0,290
1,0,1,1,0,0,0,0,0,1,0,1,8,5,6,ice_cif.y4m,24.75,24.614,0.438782,0.00516,0.0,196
1,1,1,1,0,0,1,0,1,1,1,1,1,0,0,ice_cif.y4m,29.9,29.916,0.076354,0.005376,0.0,93
1,0,1,1,0,0,1,0,0,0,1,1,4,5,6,ice_cif.y4m,31.52,31.274,0.385071,0.006063,0.0,299
1,0,1,1,0,0,0,0,0,1,0,0,2,5,0,ice_cif.y4m,26.0,26.022,0.274718,0.005168,0.0,125
1,1,1,0,1,0,0,1,0,1,0,1,2,15,6,ice_cif.y4m,21.86,21.838,0.058907,0.005875,0.0,21
1,0,1,0,1,0,0,0,0,1,0,1,2,0,0,ice_cif.y4m,10.54,10.578,0.143073,0.005162,0.0,225
1,0,1,0,1,0,0,0,0,1,0,0,2,5,0,mad900_cif.y4m,20.84,20.82,0.054314,0.001714,0.0,114
1,1,1,1,0,0,0,0,1,0,0,1,1,0,0,mad900_cif.y4m,63.23,63.328,0.215453,0.001548,0.0,281
1,1,1,1,0,0,0,1,0,1,1,0,2,5,0,mad900_cif.y4m,86.13,86.142,0.192276,0.001519,0.0,49
1,0,1,0,0,1,1,0,0,0,0,0,2,15,6,mad900_cif.y4m,51.26,51.34,0.174069,0.001731,0.0,194
1,0,1,1,0,0,0,0,0,0,0,0,2,0,6,mad900_cif.y4m,52.56,52.578,0.070852,0.001717,0.0,62
1,1,1,0,1,0,0,1,0,1,1,1,1,15,3,mad900_cif.y4m,33.32,33.318,0.117771,0.001527,0.0,91
1,0,1,0,0,1,1,0,0,0,0,0,4,0,6,mad900_cif.y4m,51.35,51.348,0.215685,0.001731,0.0,107
1,0,1,1,0,0,1,0,0,0,0,1,4,5,3,mad900_cif.y4m,58.33,58.352,0.149733,0.001696,0.0,181
1,0,1,0,1,0,1,0,0,0,0,0,4,5,0,mad900_cif.y4m,26.42,26.488,0.10849,0.001695,0.0,247
1,0,1,1,0,0,0,0,0,1,1,0,4,5,3,mad900_cif.y4m,52.65,52.628,0.075631,0.001717,0.0,166
1,0,1,0,0,1,0,0,0,0,1,1,4,0,0,mad900_cif.y4m,45.01,45.008,0.09985,0.001732,0.0,25
1,1,1,0,1,0,0,1,0,0,0,1,8,0,6,mad900_cif.y4m,31.21,31.214,0.020736,0.001522,0.0,203
1,1,1,1,0,0,1,1,0,1,1,1,4,5,6,mad900_cif.y4m,78.04,77.972,0.209093,0.001468,0.0,219
1,0,1,0,0,1,0,0,0,0,0,0,4,15,0,mad900_cif.y4m,45.07,45.082,0.103779,0.001732,0.0,162
1,0,1,1,0,0,1,0,0,0,1,0,4,15,6,mad900_cif.y4m,59.63,59.666,0.092898,0.001687,0.0,182
1,0,1,0,0,1,0,0,0,1,1,0,1,15,6,mad900_cif.y4m,44.89,44.952,0.14025,0.001732,0.0,10
1,1,1,1,0,0,1,1,0,1,1,1,2,15,0,mad900_cif.y4m,83.61,83.608,0.147547,0.001502,0.0,14
1,1,1,1,0,0,0,1,0,0,0,1,1,0,6,mad900_cif.y4m,84.32,84.302,0.084083,0.00152,0.0,89
1,1,1,1,0,0,0,1,0,1,1,1,1,5,0,mad900_cif.y4m,83.5,83.51,0.229347,0.001521,0.0,116
1,0,1,1,0,0,0,0,0,0,1,1,4,15,3,mad900_cif.y4m,52.65,52.652,0.138636,0.001717,0.0,217
1,1,1,0,1,0,0,1,0,0,1,0,1,0,0,mad900_cif.y4m,32.57,32.6,0.051962,0.001513,0.0,75
1,1,1,0,1,0,0,1,0,1,1,1,2,15,6,mad900_cif.y4m,32.23,32.232,0.075299,0.001528,0.0,266
1,0,1,1,0,0,1,0,0,0,1,1,4,15,3,mad900_cif.y4m,59.63,59.68,0.128258,0.001687,0.0,268
1,0,1,0,1,0,1,0,0,1,1,1,4,15,3,mad900_cif.y4m,25.97,25.988,0.060992,0.001695,0.0,187
1,0,1,0,0,1,1,0,0,0,1,0,8,15,3,mad900_cif.y4m,51.26,51.284,0.11371,0.001731,0.0,161
1,0,1,0,1,0,1,0,0,0,1,0,2,0,6,mad900_cif.y4m,26.51,26.504,0.019494,0.001695,0.0,23
1,1,1,1,0,0,0,1,0,1,1,0,2,5,6,mad900_cif.y4m,80.97,80.992,0.170206,0.001529,0.0,2
1,1,1,1,0,0,1,0,1,1,0,1,2,0,0,mad900_cif.y4m,64.74,64.754,0.162727,0.001535,0.0,16
1,0,1,1,0,0,0,0,0,1,1,1,8,15,0,mad900_cif.y4m,51.75,51.698,0.122963,0.001717,0.0,262
1,1,1,1,0,0,0,1,0,1,1,0,4,5,0,mad900_cif.y4m,86.44,86.36,0.268421,0.001519,0.0,66
1,0,1,1,0,0,0,0,0,1,0,0,2,0,0,mad900_cif.y4m,52.72,52.76,0.277038,0.001717,0.0,86
1,0,1,0,1,0,1,0,0,0,1,0,2,5,6,mad900_cif.y4m,25.94,25.964,0.074027,0.001695,0.0,231
1,0,1,0,1,0,0,0,0,0,0,0,4,5,0,mad900_cif.y4m,21.28,21.292,0.05933,0.001714,0.0,269
1,1,1,0,1,0,1,1,0,0,1,0,1,5,0,mad900_cif.y4m,31.25,31.238,0.057184,0.001506,0.0,180
1,0,1,0,0,1,0,0,0,0,1,0,4,5,6,mad900_cif.y4m,44.87,44.95,0.165982,0.001732,0.0,274
1,1,1,1,0,0,0,1,0,1,1,0,2,15,6,mad900_cif.y4m,80.48,80.49,0.109545,0.001527,0.0,184
1,0,1,0,0,1,1,0,0,0,0,1,4,5,0,mad900_cif.y4m,51.38,51.408,0.158965,0.0017,0.0,118
1,1,1,1,0,0,0,1,0,0,0,0,1,0,6,mad900_cif.y4m,84.21,84.194,0.127789,0.001517,0.0,254
1,0,1,1,0,0,1,0,0,0,1,1,4,5,0,mad900_cif.y4m,59.83,59.814,0.105262,0.001687,0.0,208
1,0,1,0,0,1,1,0,0,1,1,0,4,5,6,mad900_cif.y4m,50.45,50.412,0.18913,0.001731,0.0,279
1,1,1,1,0,0,0,1,0,0,1,1,4,15,3,mad900_cif.y4m,83.13,83.116,0.253732,0.001526,0.0,229
1,0,1,0,0,1,1,0,0,1,1,1,1,0,0,mad900_cif.y4m,51.24,51.25,0.093005,0.0017,0.0,46
1,0,1,0,0,1,0,0,0,1,1,1,4,5,6,mad900_cif.y4m,45.09,45.06,0.131149,0.001732,0.0,171
1,1,1,1,0,0,0,1,0,0,1,0,2,5,0,mad900_cif.y4m,86.32,86.368,0.163921,0.001519,0.0,99
1,0,1,0,0,1,0,0,0,0,0,0,8,0,0,mad900_cif.y4m,45.11,45.11,0.027386,0.001732,0.0,81
1,1,1,1,0,0,1,1,0,1,0,1,8,5,0,mad900_cif.y4m,81.88,81.888,0.138456,0.001507,0.0,155
1,0,1,0,1,0,0,0,0,1,0,1,1,15,6,mad900_cif.y4m,21.1,21.094,0.035071,0.001718,0.0,96
1,1,1,1,0,0,0,1,0,1,1,1,8,0,0,mad900_cif.y4m,84.05,84.082,0.18727,0.001517,0.0,218
1,1,1,1,0,0,1,1,0,1,1,0,8,0,6,mad900_cif.y4m,79.7,79.77,0.235584,0.001498,0.0,53
1,1,1,0,1,0,1,0,1,0,0,0,2,0,0,mad900_cif.y4m,28.03,28.018,0.072595,0.001518,0.0,109
1,0,1,0,1,0,0,0,0,0,1,0,4,5,6,mad900_cif.y4m,21.24,21.228,0.043818,0.001714,0.0,185
1,1,1,1,0,0,0,1,0,0,1,1,2,0,0,mad900_cif.y4m,84.36,84.278,0.228626,0.001517,0.0,239
1,0,1,1,0,0,0,0,0,0,0,1,2,0,0,mad900_cif.y4m,52.15,52.162,0.112116,0.00172,0.0,276
1,0,1,1,0,0,1,0,0,0,0,1,4,0,6,mad900_cif.y4m,59.47,59.458,0.068337,0.001696,0.0,257
1,0,1,0,0,1,0,0,0,1,1,0,1,5,0,mad900_cif.y4m,45.15,45.07,0.153786,0.001732,0.0,42
1,1,1,0,1,0,1,1,0,0,0,0,2,15,3,mad900_cif.y4m,31.95,31.958,0.058052,0.001458,0.0,204
1,0,1,1,0,0,1,0,0,1,0,1,2,15,6,mad900_cif.y4m,59.35,59.36,0.114018,0.001696,0.0,145
1,0,1,0,1,0,0,0,0,0,0,0,2,0,3,mad900_cif.y4m,21.25,21.258,0.08228,0.001714,0.0,246
1,1,1,1,0,0,0,1,0,0,1,1,8,0,0,mad900_cif.y4m,82.65,82.61,0.135277,0.001517,0.0,202
1,1,1,0,1,0,0,1,0,1,0,0,2,5,3,mad900_cif.y4m,31.18,31.18,0.051962,0.001526,0.0,70
1,0,1,0,1,0,0,0,0,0,1,0,1,5,3,mad900_cif.y4m,21.18,21.194,0.045607,0.001714,0.0,230
1,0,1,0,1,0,1,0,0,0,0,0,4,15,6,mad900_cif.y4m,26.03,26.044,0.04219,0.001695,0.0,267
1,1,1,1,0,0,1,1,0,0,0,1,8,5,3,mad900_cif.y4m,76.93,76.93,0.145086,0.001472,0.0,146
1,0,1,0,1,0,1,0,0,0,0,1,2,15,0,mad900_cif.y4m,26.09,26.112,0.060581,0.001702,0.0,27
1,0,1,0,1,0,1,0,0,0,1,1,8,0,3,mad900_cif.y4m,26.49,26.488,0.068337,0.001695,0.0,137
1,1,1,1,0,0,0,1,0,0,1,1,2,15,0,mad900_cif.y4m,86.41,86.402,0.098843,0.001519,0.0,189
1,1,1,0,1,0,1,1,0,1,0,0,4,15,0,mad900_cif.y4m,31.21,31.236,0.073007,0.001506,0.0,132
1,1,1,1,0,0,0,0,1,1,0,1,8,0,0,mad900_cif.y4m,63.45,63.404,0.128957,0.001548,0.0,169
1,0,1,0,0,1,0,0,0,0,0,0,1,5,6,mad900_cif.y4m,44.94,44.95,0.06442,0.001732,0.0,33
1,0,1,1,0,0,0,0,0,0,1,1,8,15,0,mad900_cif.y4m,52.56,52.62,0.1251,0.001717,0.0,205
1,0,1,1,0,0,0,0,0,1,0,1,2,0,0,mad900_cif.y4m,52.07,52.088,0.182126,0.00172,0.0,245
1,1,1,0,1,0,1,1,0,0,1,1,1,15,0,mad900_cif.y4m,31.89,31.908,0.069426,0.001505,0.0,298
1,0,1,1,0,0,1,0,0,1,1,0,2,5,6,mad900_cif.y4m,59.73,59.646,0.182565,0.001687,0.0,163
1,1,1,1,0,0,0,1,0,0,0,0,1,5,0,mad900_cif.y4m,86.5,86.568,0.183494,0.001519,0.0,123
1,0,1,0,0,1,1,0,0,1,0,0,4,15,0,mad900_cif.y4m,50.41,50.368,0.164833,0.001731,0.0,4
1,0,1,0,0,1,1,0,0,1,1,0,8,5,6,mad900_cif.y4m,50.27,50.266,0.082037,0.001731,0.0,141
1,1,1,0,1,0,0,1,0,1,0,0,8,5,6,mad900_cif.y4m,30.26,30.278,0.040866,0.00153,0.0,129
1,1,1,0,1,0,1,1,0,1,1,0,4,5,3,mad900_cif.y4m,29.44,29.448,0.027749,0.00148,0.0,159
1,0,1,0,0,1,1,0,0,1,0,0,1,0,0,mad900_cif.y4m,50.35,50.352,0.152709,0.001731,0.0,22
1,0,1,0,0,1,0,0,0,1,0,1,2,0,6,mad900_cif.y4m,43.87,43.944,0.155338,0.001724,0.0,175
1,1,1,1,0,0,0,1,0,1,1,1,8,5,6,mad900_cif.y4m,79.61,79.642,0.176833,0.001529,0.0,151
1,1,1,0,1,0,0,1,0,0,1,0,2,5,0,mad900_cif.y4m,32.13,32.126,0.079246,0.001518,0.0,52
1,0,1,0,0,1,0,0,0,0,0,1,4,0,3,mad900_cif.y4m,44.82,44.814,0.070922,0.001724,0.0,108
1,0,1,0,1,0,1,0,0,0,0,1,8,15,0,mad900_cif.y4m,26.54,26.55,0.066708,0.001702,0.0,72
1,0,1,1,0,0,1,0,0,1,1,0,8,0,6,mad900_cif.y4m,58.67,58.64,0.147309,0.001687,0.0,248
1,1,1,1,0,0,1,1,0,1,1,0,8,5,6,mad900_cif.y4m,77.97,77.918,0.173983,0.001468,0.0,174
1,0,1,1,0,0,1,0,0,1,1,1,8,0,3,mad900_cif.y4m,59.68,59.69,0.101735,0.001687,0.0,130
1,1,1,0,1,0,1,1,0,1,1,1,8,15,0,mad900_cif.y4m,31.15,31.164,0.033615,0.001506,0.0,168
1,0,1,0,0,1,1,0,0,1,0,1,8,0,6,mad900_cif.y4m,50.25,50.294,0.102372,0.0017,0.0,198
1,0,1,0,0,1,1,0,0,1,1,0,1,0,3,mad900_cif.y4m,51.34,51.356,0.060663,0.001731,0.0,83
1,1,1,1,0,0,1,1,0,0,1,0,1,0,3,mad900_cif.y4m,81.43,81.378,0.157861,0.001498,0.0,291
1,0,1,0,1,0,0,0,0,1,1,0,1,0,6,mad900_cif.y4m,21.19,21.212,0.063797,0.001714,0.0,237
1,0,1,0,0,1,0,0,0,1,1,1,2,15,3,mad900_cif.y4m,44.92,44.944,0.109225,0.001732,0.0,90
1,1,1,1,0,0,1,1,0,0,0,1,1,15,0,mad900_cif.y4m,82.0,81.986,0.19718,0.001507,0.0,87
1,0,1,1,0,0,1,0,0,1,0,0,1,5,0,mad900_cif.y4m,58.6,58.652,0.122352,0.001687,0.0,74
1,0,1,0,0,1,0,0,0,1,0,0,2,0,3,mad900_cif.y4m,45.2,45.162,0.109864,0.001732,0.0,201
1,0,1,0,1,0,0,0,0,1,0,1,1,0,0,mad900_cif.y4m,21.12,21.13,0.049497,0.001718,0.0,183
1,0,1,1,0,0,0,0,0,0,0,0,4,0,6,mad900_cif.y4m,51.68,51.644,0.081731,0.001717,0.0,227
1,1,1,0,1,0,1,1,0,0,0,0,1,15,6,mad900_cif.y4m,32.15,32.132,0.064187,0.001456,0.0,222
1,0,1,0,0,1,0,0,0,0,1,0,8,0,6,mad900_cif.y4m,45.0,44.984,0.135757,0.001732,0.0,55
1,0,1,1,0,0,0,0,0,0,1,1,2,5,0,mad900_cif.y4m,52.67,52.696,0.096592,0.001717,0.0,142
1,0,1,1,0,0,1,0,0,1,0,1,1,5,6,mad900_cif.y4m,59.35,59.314,0.115888,0.001696,0.0,124
1,0,1,1,0,0,1,0,0,0,0,0,8,0,0,mad900_cif.y4m,59.78,59.8,0.150831,0.001687,0.0,95
1,0,1,1,0,0,1,0,0,1,0,0,2,15,0,mad900_cif.y4m,59.9,59.798,0.173263,0.001687,0.0,241
1,0,1,0,1,0,0,0,0,0,1,1,1,5,3,mad900_cif.y4m,21.04,21.06,0.051478,0.001718,0.0,289
1,0,1,1,0,0,1,0,0,1,1,0,1,5,0,mad900_cif.y4m,59.82,59.814,0.094234,0.001687,0.0,278
1,1,1,0,1,0,0,1,0,1,1,0,1,0,6,mad900_cif.y4m,32.61,32.622,0.057184,0.001513,0.0,176
1,0,1,0,0,1,1,0,0,0,1,0,8,5,0,mad900_cif.y4m,51.35,51.34,0.080312,0.001731,0.0,122
1,0,1,0,0,1,0,0,0,0,1,0,4,0,6,mad900_cif.y4m,44.93,44.96,0.100995,0.001732,0.0,30
1,1,1,0,1,0,0,1,0,0,0,0,2,0,6,mad900_cif.y4m,32.13,32.118,0.038987,0.001513,0.0,251
1,0,1,1,0,0,0,0,0,0,0,1,1,0,0,mad900_cif.y4m,52.19,52.19,0.179025,0.00172,0.0,120
1,0,1,1,0,0,0,0,0,0,0,1,2,15,6,mad900_cif.y4m,52.12,52.102,0.058907,0.00172,0.0,144
1,0,1,0,1,0,1,0,0,0,0,0,1,0,3,mad900_cif.y4m,26.5,26.484,0.037815,0.001695,0.0,265
1,1,1,0,1,0,0,1,0,0,1,0,2,0,6,mad900_cif.y4m,32.67,32.658,0.118828,0.001513,0.0,260
1,1,1,0,1,0,0,1,0,0,0,1,1,0,3,mad900_cif.y4m,31.79,31.772,0.063797,0.001522,0.0,78
1,0,1,0,1,0,0,0,0,0,1,1,8,15,3,mad900_cif.y4m,21.14,21.152,0.027749,0.001714,0.0,84
1,0,1,1,0,0,1,0,0,1,0,0,4,15,3,mad900_cif.y4m,59.78,59.738,0.134611,0.001687,0.0,296
1,0,1,0,0,1,0,0,0,0,0,1,2,5,6,mad900_cif.y4m,44.85,44.82,0.174069,0.001724,0.0,232
1,0,1,0,0,1,1,0,0,0,1,0,4,15,6,mad900_cif.y4m,51.3,51.274,0.119708,0.001731,0.0,213
1,1,1,0,1,0,0,1,0,0,1,1,8,15,3,mad900_cif.y4m,33.93,33.924,0.093434,0.001531,0.0,94
1,0,1,0,1,0,0,0,0,0,1,1,1,5,0,mad900_cif.y4m,21.14,21.138,0.058052,0.001718,0.0,178
1,0,1,1,0,0,1,0,0,1,0,0,4,0,0,mad900_cif.y4m,59.87,59.786,0.178969,0.001687,0.0,127
1,1,1,0,1,0,1,1,0,0,1,0,8,5,6,mad900_cif.y4m,29.59,29.558,0.076616,0.001483,0.0,111
1,0,1,0,1,0,0,0,0,0,0,1,1,0,6,mad900_cif.y4m,21.01,21.05,0.06442,0.001718,0.0,92
1,1,1,1,0,0,0,1,0,0,1,0,8,15,6,mad900_cif.y4m,80.55,80.5,0.254264,0.001527,0.0,54
1,0,1,0,0,1,0,0,0,0,0,1,2,15,0,mad900_cif.y4m,44.73,44.78,0.090277,0.001724,0.0,45
1,0,1,1,0,0,0,0,0,1,0,0,4,0,6,mad900_cif.y4m,52.58,52.654,0.197434,0.001717,0.0,226
1,1,1,1,0,0,1,1,0,1,0,0,8,5,0,mad900_cif.y4m,83.68,83.696,0.083247,0.001502,0.0,200
1,0,1,0,0,1,1,0,0,1,0,1,8,5,6,mad900_cif.y4m,51.18,51.196,0.12973,0.0017,0.0,59
1,1,1,0,1,0,1,0,1,0,0,1,2,0,0,mad900_cif.y4m,28.02,27.986,0.060663,0.00154,0.0,19
1,1,1,1,0,0,0,1,0,1,0,0,2,15,0,mad900_cif.y4m,84.8,84.82,0.12227,0.001519,0.0,47
1,1,1,0,1,0,1,1,0,0,0,1,4,5,6,mad900_cif.y4m,30.12,30.158,0.082583,0.001475,0.0,32
1,1,1,0,1,0,0,1,0,1,0,0,1,5,6,mad900_cif.y4m,30.22,30.268,0.079812,0.00153,0.0,170
1,0,1,0,0,1,0,0,0,1,1,0,1,15,0,mad900_cif.y4m,44.25,44.178,0.131795,0.001732,0.0,270
1,0,1,1,0,0,1,0,0,1,0,1,4,15,6,mad900_cif.y4m,59.36,59.342,0.138456,0.001696,0.0,207
1,1,1,0,1,0,0,1,0,1,1,1,1,5,6,mad900_cif.y4m,30.86,30.842,0.0614,0.001528,0.0,43
1,0,1,0,1,0,1,0,0,0,1,1,1,0,3,mad900_cif.y4m,26.07,26.082,0.050695,0.001702,0.0,40
1,1,1,0,1,0,0,1,0,0,1,1,1,5,3,mad900_cif.y4m,30.33,30.332,0.083785,0.001531,0.0,117
1,0,1,0,0,1,0,0,0,0,1,0,8,15,6,mad900_cif.y4m,45.06,45.012,0.12276,0.001732,0.0,253
1,0,1,1,0,0,0,0,0,1,0,0,1,15,3,mad900_cif.y4m,52.66,52.656,0.104067,0.001717,0.0,68
1,1,1,1,0,0,0,1,0,1,1,1,1,15,6,mad900_cif.y4m,81.67,81.612,0.262336,0.00153,0.0,186
1,1,1,0,1,0,1,1,0,0,0,1,8,15,3,mad900_cif.y4m,30.64,30.604,0.11149,0.001461,0.0,288
1,1,1,0,1,0,0,1,0,0,0,0,2,0,0,mad900_cif.y4m,32.63,32.65,0.038079,0.001513,0.0,15
1,0,1,1,0,0,0,0,0,0,1,1,2,15,3,mad900_cif.y4m,52.76,52.734,0.14758,0.001717,0.0,82
1,1,1,1,0,0,0,1,0,0,0,0,4,15,6,mad900_cif.y4m,80.31,80.384,0.228429,0.001527,0.0,211
1,0,1,0,1,0,1,0,0,1,1,1,8,15,6,mad900_cif.y4m,26.42,26.47,0.068557,0.001695,0.0,177
1,1,1,0,1,0,0,1,0,1,1,1,2,5,3,mad900_cif.y4m,31.23,31.214,0.107378,0.001526,0.0,210
1,0,1,1,0,0,0,0,0,1,1,1,2,0,3,mad900_cif.y4m,52.48,52.484,0.114368,0.001717,0.0,13
1,0,1,0,1,0,1,0,0,0,0,1,2,15,3,mad900_cif.y4m,26.59,26.612,0.065345,0.001702,0.0,228
1,0,1,0,1,0,1,0,0,1,1,0,4,5,3,mad900_cif.y4m,25.94,25.98,0.082765,0.001695,0.0,38
1,1,1,1,0,0,0,1,0,0,0,1,4,15,6,mad900_cif.y4m,81.69,81.638,0.2749,0.00153,0.0,29
1,1,1,1,0,0,1,0,1,1,0,0,8,0,0,mad900_cif.y4m,67.47,67.49,0.122678,0.001536,0.0,24
1,1,1,1,0,0,0,1,0,0,0,0,8,5,6,mad900_cif.y4m,81.06,81.016,0.214546,0.001529,0.0,293
1,1,1,1,0,0,0,1,0,0,1,0,2,5,6,mad900_cif.y4m,79.41,79.45,0.178045,0.001529,0.0,67
1,1,1,0,1,0,0,1,0,1,0,1,2,5,0,mad900_cif.y4m,32.45,32.43,0.04899,0.001522,0.0,199
1,0,1,0,0,1,1,0,0,1,1,0,8,15,3,mad900_cif.y4m,51.23,51.214,0.10015,0.001731,0.0,244
1,0,1,0,0,1,1,0,0,0,0,0,8,15,0,mad900_cif.y4m,50.31,50.342,0.088148,0.001731,0.0,80
1,1,1,1,0,0,1,1,0,1,1,1,2,0,3,mad900_cif.y4m,81.19,81.306,0.182839,0.001498,0.0,223
1,1,1,0,1,0,1,1,0,0,1,0,8,5,0,mad900_cif.y4m,31.23,31.24,0.03873,0.001506,0.0,121
1,0,1,1,0,0,1,0,0,0,0,0,8,5,3,mad900_cif.y4m,59.78,59.756,0.093968,0.001687,0.0,261
1,0,1,1,0,0,1,0,0,1,1,0,1,5,6,mad900_cif.y4m,59.76,59.752,0.133679,0.001687,0.0,156
1,1,1,1,0,0,0,1,0,0,1,0,4,15,3,mad900_cif.y4m,83.11,83.152,0.203765,0.001526,0.0,271
1,1,1,1,0,0,1,1,0,1,0,0,2,15,3,mad900_cif.y4m,80.51,80.502,0.149231,0.001463,0.0,9
1,1,1,1,0,0,1,1,0,1,0,1,1,0,0,mad900_cif.y4m,80.19,80.206,0.169499,0.001513,0.0,165
1,0,1,0,0,1,1,0,0,1,0,0,1,15,6,mad900_cif.y4m,51.41,51.332,0.152872,0.001731,0.0,126
1,0,1,1,0,0,1,0,0,1,1,1,8,5,0,mad900_cif.y4m,59.6,59.634,0.118448,0.001687,0.0,280
1,0,1,1,0,0,0,0,0,1,1,0,2,5,3,mad900_cif.y4m,52.52,52.592,0.179639,0.001717,0.0,172
1,0,1,0,1,0,1,0,0,0,0,0,1,15,6,mad900_cif.y4m,26.54,26.528,0.038987,0.001695,0.0,292
1,0,1,0,0,1,0,0,0,1,0,1,1,0,3,mad900_cif.y4m,44.91,44.878,0.130269,0.001724,0.0,179
1,0,1,0,0,1,1,0,0,1,0,1,2,0,3,mad900_cif.y4m,51.25,51.274,0.155981,0.0017,0.0,272
1,0,1,0,0,1,1,0,0,0,1,0,4,5,0,mad900_cif.y4m,51.12,51.194,0.140996,0.001731,0.0,105
1,0,1,0,1,0,0,0,0,0,0,0,1,0,3,mad900_cif.y4m,21.29,21.262,0.053572,0.001714,0.0,76
1,0,1,1,0,0,1,0,0,0,1,0,4,15,3,mad900_cif.y4m,59.93,59.916,0.11908,0.001687,0.0,197
1,1,1,1,0,0,1,1,0,0,1,0,1,15,0,mad900_cif.y4m,83.84,83.7,0.265047,0.001502,0.0,221
1,1,1,1,0,0,1,1,0,0,1,0,8,15,6,mad900_cif.y4m,81.76,81.73,0.186815,0.00145,0.0,167
1,1,1,0,1,0,0,1,0,1,0,1,4,15,6,mad900_cif.y4m,31.92,31.942,0.0502,0.001528,0.0,136
1,1,1,1,0,0,0,1,0,1,0,1,8,15,6,mad900_cif.y4m,81.61,81.64,0.17,0.00153,0.0,243
1,0,1,0,1,0,0,0,0,1,0,1,8,15,6,mad900_cif.y4m,21.11,21.084,0.085029,0.001718,0.0,60
1,0,1,1,0,0,0,0,0,1,0,1,2,0,6,mad900_cif.y4m,52.03,52.064,0.116748,0.00172,0.0,110
1,1,1,1,0,0,1,1,0,1,0,0,1,15,6,mad900_cif.y4m,81.66,81.714,0.180914,0.00145,0.0,35
1,0,1,1,0,0,1,0,0,0,1,1,2,5,6,mad900_cif.y4m,59.8,59.802,0.152709,0.001687,0.0,235
1,0,1,1,0,0,0,0,0,1,0,0,1,0,3,mad900_cif.y4m,52.72,52.668,0.125976,0.001717,0.0,44
1,1,1,0,1,0,1,1,0,0,1,0,4,15,3,mad900_cif.y4m,32.04,31.97,0.126886,0.001458,0.0,256
1,0,1,0,0,1,0,0,0,0,1,1,8,0,0,mad900_cif.y4m,45.08,45.022,0.151888,0.001732,0.0,192
1,0,1,0,1,0,0,0,0,0,1,1,2,0,0,mad900_cif.y4m,21.14,21.182,0.071903,0.001714,0.0,41
1,0,1,1,0,0,0,0,0,0,1,0,4,5,0,mad900_cif.y4m,52.67,52.68,0.151327,0.001717,0.0,37
1,0,1,0,0,1,0,0,0,0,0,0,4,5,0,mad900_cif.y4m,45.04,45.028,0.10895,0.001732,0.0,26
1,1,1,1,0,0,0,1,0,0,0,0,1,0,3,mad900_cif.y4m,84.1,84.066,0.221653,0.001517,0.0,273
1,1,1,1,0,0,1,1,0,0,0,1,1,5,6,mad900_cif.y4m,78.59,78.616,0.083845,0.001463,0.0,233
1,1,1,0,1,0,1,1,0,0,1,1,8,0,0,mad900_cif.y4m,31.24,31.274,0.084439,0.001503,0.0,101
1,0,1,1,0,0,0,0,0,0,0,1,2,5,3,mad900_cif.y4m,52.1,52.104,0.105262,0.00172,0.0,39
1,1,1,0,1,0,0,1,0,0,0,1,1,15,0,mad900_cif.y4m,32.46,32.458,0.064962,0.001522,0.0,106
1,1,1,0,1,0,0,0,1,1,0,0,1,0,0,mad900_cif.y4m,27.76,27.762,0.039623,0.00155,0.0,242
1,1,1,1,0,0,1,1,0,0,1,0,2,15,0,mad900_cif.y4m,83.83,83.85,0.062048,0.001502,0.0,193
1,0,1,0,1,0,1,0,0,0,1,0,1,15,6,mad900_cif.y4m,26.62,26.568,0.09094,0.001695,0.0,103
1,1,1,0,1,0,0,1,0,1,1,1,8,5,6,mad900_cif.y4m,30.69,30.742,0.100598,0.00153,0.0,1
1,0,1,1,0,0,0,0,0,1,1,1,1,0,0,mad900_cif.y4m,52.18,52.114,0.116533,0.00172,0.0,61
1,1,1,1,0,0,0,0,1,0,0,0,2,0,0,mad900_cif.y4m,63.34,63.362,0.088713,0.001546,0.0,56
1,1,1,0,1,0,0,1,0,0,1,0,8,15,3,mad900_cif.y4m,33.84,33.892,0.09859,0.001531,0.0,148
1,0,1,0,1,0,0,0,0,1,0,1,2,5,0,mad900_cif.y4m,20.76,20.756,0.057706,0.001718,0.0,112
1,0,1,0,1,0,1,0,0,0,1,0,8,15,3,mad900_cif.y4m,26.48,26.454,0.059833,0.001695,0.0,300
1,0,1,0,1,0,0,0,0,1,1,0,4,15,0,mad900_cif.y4m,21.28,21.274,0.02881,0.001714,0.0,249
1,0,1,0,1,0,0,0,0,0,0,1,2,0,0,mad900_cif.y4m,21.11,21.108,0.037683,0.001718,0.0,20
1,1,1,1,0,0,1,1,0,1,0,1,1,5,0,mad900_cif.y4m,81.95,81.948,0.136272,0.001507,0.0,104
1,1,1,1,0,0,0,1,0,1,1,1,8,15,6,mad900_cif.y4m,80.43,80.486,0.123814,0.001527,0.0,131
1,0,1,1,0,0,0,0,0,0,0,0,2,0,3,mad900_cif.y4m,52.68,52.66,0.112916,0.001717,0.0,69
1,0,1,0,1,0,1,0,0,0,0,0,2,0,3,mad900_cif.y4m,26.5,26.536,0.118448,0.001695,0.0,220
1,1,1,1,0,0,1,1,0,1,1,1,8,15,6,mad900_cif.y4m,81.8,81.832,0.190709,0.00145,0.0,11
1,1,1,1,0,0,1,1,0,1,0,0,4,15,6,mad900_cif.y4m,81.98,81.832,0.235521,0.00145,0.0,258
1,0,1,0,1,0,1,0,0,0,0,0,2,15,3,mad900_cif.y4m,26.44,26.452,0.044385,0.001695,0.0,65
1,0,1,0,0,1,1,0,0,0,0,0,2,15,0,mad900_cif.y4m,51.38,51.322,0.185661,0.001731,0.0,160
1,0,1,0,0,1,1,0,0,0,0,0,8,0,0,mad900_cif.y4m,51.26,51.254,0.079875,0.001731,0.0,238
1,1,1,1,0,0,0,1,0,0,0,0,4,0,0,mad900_cif.y4m,84.07,84.048,0.211471,0.001517,0.0,57
1,1,1,0,1,0,0,1,0,1,0,1,2,0,0,mad900_cif.y4m,31.66,31.738,0.127945,0.001522,0.0,79
1,0,1,0,1,0,1,0,0,0,1,0,4,15,3,mad900_cif.y4m,26.42,26.444,0.069498,0.001695,0.0,224
1,1,1,0,1,0,0,1,0,1,0,0,2,0,3,mad900_cif.y4m,32.58,32.648,0.099348,0.001513,0.0,48
1,0,1,0,1,0,1,0,0,0,0,1,8,0,6,mad900_cif.y4m,26.62,26.59,0.091378,0.001702,0.0,173
1,1,1,1,0,0,1,1,0,0,1,1,1,0,0,mad900_cif.y4m,78.86,78.83,0.144049,0.001513,0.0,283
1,0,1,0,1,0,0,0,0,0,0,0,1,0,6,mad900_cif.y4m,21.27,21.248,0.055408,0.001714,0.0,190
1,0,1,0,1,0,1,0,0,1,1,1,4,0,6,mad900_cif.y4m,26.53,26.534,0.06269,0.001695,0.0,259
1,0,1,1,0,0,0,0,0,0,0,1,1,15,3,mad900_cif.y4m,52.29,52.262,0.102323,0.00172,0.0,7
1,0,1,0,0,1,0,0,0,0,0,1,2,5,0,mad900_cif.y4m,44.66,44.74,0.148661,0.001724,0.0,73
1,1,1,1,0,0,1,1,0,0,0,0,2,0,6,mad900_cif.y4m,81.16,81.164,0.258612,0.001498,0.0,63
1,0,1,0,0,1,1,0,0,1,1,0,2,15,3,mad900_cif.y4m,51.3,51.324,0.104785,0.001731,0.0,284
1,0,1,1,0,0,1,0,0,1,0,1,8,15,6,mad900_cif.y4m,59.51,59.534,0.103586,0.001696,0.0,250
1,1,1,0,1,0,0,1,0,0,0,0,2,5,0,mad900_cif.y4m,32.12,32.136,0.056833,0.001518,0.0,209
1,0,1,0,1,0,1,0,0,0,0,1,4,5,3,mad900_cif.y4m,26.23,26.166,0.100896,0.001702,0.0,138
1,1,1,1,0,0,0,0,1,1,1,0,1,0,0,mad900_cif.y4m,63.38,63.322,0.13755,0.001546,0.0,135
1,1,1,1,0,0,1,1,0,1,1,0,4,5,3,mad900_cif.y4m,78.66,78.654,0.11887,0.001471,0.0,264
1,1,1,1,0,0,0,1,0,1,1,0,2,0,6,mad900_cif.y4m,84.0,84.04,0.10583,0.001517,0.0,215
1,0,1,0,0,1,0,0,0,0,1,1,4,5,3,mad900_cif.y4m,44.22,44.198,0.055408,0.001732,0.0,50
1,0,1,1,0,0,0,0,0,1,1,0,4,0,6,mad900_cif.y4m,52.7,52.712,0.136272,0.001717,0.0,98
1,1,1,1,0,0,0,1,0,1,1,0,1,15,0,mad900_cif.y4m,86.3,86.338,0.171231,0.001519,0.0,140
1,1,1,1,0,0,0,1,0,0,1,1,1,0,3,mad900_cif.y4m,83.96,83.924,0.13069,0.00152,0.0,113
1,0,1,0,1,0,1,0,0,1,1,0,1,0,6,mad900_cif.y4m,26.05,26.046,0.04827,0.001695,0.0,3
1,0,1,0,0,1,0,0,0,1,1,1,8,0,0,mad900_cif.y4m,44.94,44.986,0.115456,0.001732,0.0,149
1,0,1,1,0,0,0,0,0,0,1,1,8,5,6,mad900_cif.y4m,52.71,52.632,0.132174,0.001717,0.0,153
1,1,1,1,0,0,1,1,0,1,1,0,2,15,6,mad900_cif.y4m,81.86,81.808,0.137368,0.00145,0.0,133
1,0,1,1,0,0,0,0,0,0,0,0,1,0,3,mad900_cif.y4m,52.58,52.67,0.156365,0.001717,0.0,191
1,1,1,0,1,0,0,1,0,1,0,1,1,0,6,mad900_cif.y4m,31.79,31.762,0.07791,0.001522,0.0,100
1,0,1,1,0,0,1,0,0,0,1,0,4,0,3,mad900_cif.y4m,59.61,59.608,0.013038,0.001687,0.0,85
1,0,1,0,0,1,1,0,0,0,0,0,2,0,3,mad900_cif.y4m,51.38,51.364,0.134648,0.001731,0.0,88
1,0,1,0,1,0,1,0,0,1,1,0,4,15,6,mad900_cif.y4m,26.46,26.482,0.060166,0.001695,0.0,31
1,0,1,0,0,1,1,0,0,0,0,0,4,5,3,mad900_cif.y4m,51.25,51.338,0.206809,0.001731,0.0,134
1,1,1,0,1,0,1,1,0,1,1,1,8,0,3,mad900_cif.y4m,31.23,31.224,0.020736,0.001503,0.0,147
1,1,1,1,0,0,0,1,0,0,1,1,4,15,6,mad900_cif.y4m,80.39,80.524,0.297708,0.001527,0.0,275
1,0,1,0,0,1,1,0,0,0,1,0,4,15,3,mad900_cif.y4m,51.37,51.34,0.1249,0.001731,0.0,143
1,1,1,0,1,0,1,1,0,1,0,0,1,5,6,mad900_cif.y4m,29.45,29.476,0.066933,0.001483,0.0,8
1,1,1,1,0,0,1,1,0,0,1,1,4,5,3,mad900_cif.y4m,77.06,77.05,0.138924,0.001471,0.0,216
1,0,1,1,0,0,1,0,0,1,0,0,1,0,3,mad900_cif.y4m,59.79,59.782,0.109864,0.001687,0.0,214
1,0,1,0,0,1,0,0,0,0,0,0,1,5,0,mad900_cif.y4m,45.02,45.02,0.196596,0.001732,0.0,17
1,0,1,0,0,1,1,0,0,0,0,0,1,5,0,mad900_cif.y4m,51.26,51.282,0.164833,0.001731,0.0,206
1,0,1,0,1,0,0,0,0,1,1,1,8,15,0,mad900_cif.y4m,21.21,21.234,0.032863,0.001714,0.0,36
1,1,1,0,1,0,1,1,0,0,0,0,4,15,3,mad900_cif.y4m,31.94,31.928,0.032711,0.001458,0.0,6
1,0,1,1,0,0,1,0,0,0,0,1,1,0,6,mad900_cif.y4m,58.21,58.272,0.143422,0.001696,0.0,5
1,0,1,1,0,0,1,0,0,0,0,0,8,15,6,mad900_cif.y4m,59.75,59.77,0.114673,0.001687,0.0,164
1,0,1,0,0,1,0,0,0,1,0,0,8,0,6,mad900_cif.y4m,44.2,44.188,0.114543,0.001732,0.0,97
1,0,1,1,0,0,0,0,0,0,1,0,2,5,3,mad900_cif.y4m,52.69,52.73,0.106301,0.001717,0.0,236
1,1,1,0,1,0,1,1,0,0,0,0,8,5,0,mad900_cif.y4m,31.18,31.208,0.063008,0.001506,0.0,71
1,1,1,0,1,0,1,1,0,1,0,1,2,0,3,mad900_cif.y4m,31.1,31.098,0.043243,0.001508,0.0,295
1,0,1,1,0,0,1,0,0,1,1,0,8,5,3,mad900_cif.y4m,58.64,58.656,0.130115,0.001687,0.0,286
1,0,1,0,1,0,0,0,0,0,0,1,1,5,0,mad900_cif.y4m,21.1,21.08,0.05831,0.001718,0.0,34
1,0,1,0,1,0,1,0,0,1,1,1,1,5,3,mad900_cif.y4m,26.14,26.162,0.102323,0.001702,0.0,240
1,0,1,0,0,1,1,0,0,0,0,1,4,15,3,mad900_cif.y4m,51.17,51.238,0.120706,0.0017,0.0,18
1,0,1,0,1,0,0,0,0,0,1,0,8,0,6,mad900_cif.y4m,20.83,20.836,0.0498,0.001714,0.0,102
1,1,1,1,0,0,1,0,1,0,1,0,4,0,0,mad900_cif.y4m,67.47,67.502,0.138456,0.001536,0.0,51
1,1,1,1,0,0,1,1,0,0,0,1,4,15,6,mad900_cif.y4m,80.71,80.744,0.186628,0.001434,0.0,282
1,0,1,0,1,0,1,0,0,1,1,1,1,0,3,mad900_cif.y4m,26.61,26.618,0.080125,0.001702,0.0,77
1,0,1,1,0,0,1,0,0,0,1,0,2,0,3,mad900_cif.y4m,59.73,59.704,0.161648,0.001687,0.0,128
1,1,1,0,1,0,1,1,0,0,0,0,2,5,3,mad900_cif.y4m,30.11,30.118,0.048683,0.00148,0.0,234
1,0,1,1,0,0,0,0,0,0,1,1,1,0,0,mad900_cif.y4m,52.12,52.104,0.068044,0.00172,0.0,252
1,0,1,1,0,0,1,0,0,0,0,1,4,0,3,mad900_cif.y4m,59.35,59.35,0.155242,0.001696,0.0,28
1,0,1,0,0,1,1,0,0,1,1,1,8,15,3,mad900_cif.y4m,51.29,51.278,0.112116,0.001731,0.0,139
1,0,1,0,0,1,0,0,0,0,0,1,1,5,0,mad900_cif.y4m,44.9,44.86,0.123693,0.001724,0.0,158
1,1,1,0,1,0,1,1,0,1,0,1,8,5,3,mad900_cif.y4m,29.73,29.71,0.04899,0.001474,0.0,152
1,0,1,1,0,0,1,0,0,1,0,0,2,0,6,mad900_cif.y4m,59.73,59.798,0.108259,0.001687,0.0,12
1,1,1,0,1,0,0,1,0,0,0,1,4,15,3,mad900_cif.y4m,32.61,32.612,0.023875,0.001527,0.0,294
1,1,1,0,1,0,0,1,0,0,0,1,8,15,3,mad900_cif.y4m,33.25,33.262,0.071204,0.001527,0.0,154
1,1,1,1,0,0,0,1,0,1,0,0,2,15,6,mad900_cif.y4m,78.97,78.984,0.15582,0.001527,0.0,157
1,0,1,1,0,0,1,0,0,1,1,1,2,0,3,mad900_cif.y4m,59.84,59.826,0.130882,0.001687,0.0,150
1,1,1,0,1,0,1,1,0,0,1,0,8,0,6,mad900_cif.y4m,31.89,31.894,0.027019,0.001503,0.0,287
1,0,1,0,1,0,0,0,0,1,1,0,1,0,3,mad900_cif.y4m,21.16,21.194,0.110589,0.001714,0.0,297
1,0,1,0,0,1,0,0,0,1,1,0,8,15,0,mad900_cif.y4m,45.02,44.992,0.063797,0.001732,0.0,263
1,1,1,0,1,0,0,1,0,1,1,1,1,5,3,mad900_cif.y4m,29.88,29.876,0.032094,0.001531,0.0,255
1,0,1,1,0,0,0,0,0,1,1,0,8,15,3,mad900_cif.y4m,52.47,52.534,0.150765,0.001717,0.0,115
1,0,1,0,0,1,1,0,0,1,0,1,4,15,3,mad900_cif.y4m,51.24,51.23,0.079373,0.0017,0.0,188
1,0,1,0,0,1,1,0,0,0,0,1,8,0,6,mad900_cif.y4m,50.51,50.468,0.129499,0.0017,0.0,212
1,0,1,1,0,0,1,0,0,0,0,1,1,15,3,mad900_cif.y4m,59.51,59.462,0.124378,0.001696,0.0,195
1,0,1,0,1,0,0,0,0,0,1,1,2,15,0,mad900_cif.y4m,20.87,20.854,0.051284,0.001714,0.0,119
1,0,1,1,0,0,0,0,0,1,0,1,4,15,0,mad900_cif.y4m,52.11,52.088,0.146697,0.00172,0.0,58
1,0,1,0,1,0,1,0,0,1,0,1,4,0,6,mad900_cif.y4m,26.54,26.542,0.078867,0.001702,0.0,277
1,0,1,0,1,0,1,0,0,0,1,1,4,5,6,mad900_cif.y4m,26.42,26.422,0.058481,0.001695,0.0,64
1,1,1,0,1,0,1,1,0,1,0,0,2,0,0,mad900_cif.y4m,31.88,31.904,0.053198,0.001503,0.0,285
1,1,1,0,1,0,1,1,0,1,0,0,4,0,0,mad900_cif.y4m,31.85,31.856,0.070922,0.001503,0.0,290
1,0,1,1,0,0,0,0,0,1,0,1,8,5,6,mad900_cif.y4m,52.24,52.182,0.113004,0.00172,0.0,196
1,1,1,1,0,0,1,0,1,1,1,1,1,0,0,mad900_cif.y4m,66.25,66.148,0.176975,0.001535,0.0,93
1,0,1,1,0,0,1,0,0,0,1,1,4,5,6,mad900_cif.y4m,59.83,59.868,0.167093,0.001687,0.0,299
1,0,1,1,0,0,0,0,0,1,0,0,2,5,0,mad900_cif.y4m,51.72,51.696,0.111265,0.001717,0.0,125
1,1,1,0,1,0,0,1,0,1,0,1,2,15,6,mad900_cif.y4m,31.96,31.962,0.043243,0.001528,0.0,21
1,0,1,0,1,0,0,0,0,1,0,1,2,0,0,mad900_cif.y4m,21.08,21.074,0.04827,0.001718,0.0,225
1,0,1,0,1,0,0,0,0,1,0,0,2,5,0,mobile_cif.y4m,26.65,26.666,0.077006,0.006638,0.0,114
1,1,1,1,0,0,0,0,1,0,0,1,1,0,0,mobile_cif.y4m,70.56,70.558,0.203642,0.004678,0.0,281
1,1,1,1,0,0,0,1,0,1,1,0,2,5,0,mobile_cif.y4m,93.35,93.418,0.255871,0.004502,0.0,49
1,0,1,0,0,1,1,0,0,0,0,0,2,15,6,mobile_cif.y4m,62.12,62.226,0.300466,0.006121,0.0,194
1,0,1,1,0,0,0,0,0,0,0,0,2,0,6,mobile_cif.y4m,55.94,55.976,0.150599,0.006638,0.0,62
1,1,1,0,1,0,0,1,0,1,1,1,1,15,3,mobile_cif.y4m,44.11,44.14,0.080312,0.004527,0.0,91
1,0,1,0,0,1,1,0,0,0,0,0,4,0,6,mobile_cif.y4m,63.22,63.266,0.130499,0.006121,0.0,107
1,0,1,1,0,0,1,0,0,0,0,1,4,5,3,mobile_cif.y4m,69.89,69.964,0.186091,0.006082,0.0,181
1,0,1,0,1,0,1,0,0,0,0,0,4,5,0,mobile_cif.y4m,36.9,36.93,0.08775,0.006093,0.0,247
1,0,1,1,0,0,0,0,0,1,1,0,4,5,3,mobile_cif.y4m,56.81,56.918,0.229935,0.006638,0.0,166
1,0,1,0,0,1,0,0,0,0,1,1,4,0,0,mobile_cif.y4m,50.69,50.704,0.056833,0.006633,0.0,25
1,1,1,0,1,0,0,1,0,0,0,1,8,0,6,mobile_cif.y4m,43.06,43.094,0.07733,0.004527,0.0,203
1,1,1,1,0,0,1,1,0,1,1,1,4,5,6,mobile_cif.y4m,88.46,88.532,0.278155,0.004065,0.0,219
1,0,1,0,0,1,0,0,0,0,0,0,4,15,0,mobile_cif.y4m,50.6,50.62,0.2,0.006633,0.0,162
1,0,1,1,0,0,1,0,0,0,1,0,4,15,6,mobile_cif.y4m,70.1,70.142,0.195243,0.00608,0.0,182
1,0,1,0,0,1,0,0,0,1,1,0,1,15,6,mobile_cif.y4m,50.46,50.468,0.178802,0.006633,0.0,10
1,1,1,1,0,0,1,1,0,1,1,1,2,15,0,mobile_cif.y4m,88.75,88.83,0.236008,0.004067,0.0,14
1,1,1,1,0,0,0,1,0,0,0,1,1,0,6,mobile_cif.y4m,92.49,92.646,0.283425,0.004506,0.0,89
1,1,1,1,0,0,0,1,0,1,1,1,1,5,0,mobile_cif.y4m,93.77,93.708,0.229172,0.004506,0.0,116
1,0,1,1,0,0,0,0,0,0,1,1,4,15,3,mobile_cif.y4m,56.97,57.04,0.139463,0.006638,0.0,217
1,1,1,0,1,0,0,1,0,0,1,0,1,0,0,mobile_cif.y4m,42.96,42.956,0.093968,0.004522,0.0,75
1,1,1,0,1,0,0,1,0,1,1,1,2,15,6,mobile_cif.y4m,43.57,43.566,0.153721,0.004519,0.0,266
1,0,1,1,0,0,1,0,0,0,1,1,4,15,3,mobile_cif.y4m,70.09,70.096,0.10015,0.00608,0.0,268
1,0,1,0,1,0,1,0,0,1,1,1,4,15,3,mobile_cif.y4m,36.88,36.918,0.07225,0.006093,0.0,187
1,0,1,0,0,1,1,0,0,0,1,0,8,15,3,mobile_cif.y4m,63.19,63.25,0.175926,0.006121,0.0,161
1,0,1,0,1,0,1,0,0,0,1,0,2,0,6,mobile_cif.y4m,36.99,36.972,0.054498,0.006093,0.0,23
1,1,1,1,0,0,0,1,0,1,1,0,2,5,6,mobile_cif.y4m,92.55,92.514,0.330045,0.004558,0.0,2
1,1,1,1,0,0,1,0,1,1,0,1,2,0,0,mobile_cif.y4m,68.8,68.764,0.160406,0.004167,0.0,16
1,0,1,1,0,0,0,0,0,1,1,1,8,15,0,mobile_cif.y4m,57.03,56.98,0.123895,0.006638,0.0,262
1,1,1,1,0,0,0,1,0,1,1,0,4,5,0,mobile_cif.y4m,91.83,91.786,0.111714,0.004502,0.0,66
1,0,1,1,0,0,0,0,0,1,0,0,2,0,0,mobile_cif.y4m,56.97,56.882,0.197661,0.006638,0.0,86
1,0,1,0,1,0,1,0,0,0,1,0,2,5,6,mobile_cif.y4m,36.44,36.388,0.121532,0.006093,0.0,231
1,0,1,0,1,0,0,0,0,0,0,0,4,5,0,mobile_cif.y4m,26.35,26.356,0.116103,0.006638,0.0,269
1,1,1,0,1,0,1,1,0,0,1,0,1,5,0,mobile_cif.y4m,40.03,40.002,0.064576,0.004055,0.0,180
1,0,1,0,0,1,0,0,0,0,1,0,4,5,6,mobile_cif.y4m,50.74,50.664,0.12973,0.006633,0.0,274
1,1,1,1,0,0,0,1,0,1,1,0,2,15,6,mobile_cif.y4m,91.7,91.608,0.251137,0.004471,0.0,184
1,0,1,0,0,1,1,0,0,0,0,1,4,5,0,mobile_cif.y4m,63.0,63.042,0.110995,0.006119,0.0,118
1,1,1,1,0,0,0,1,0,0,0,0,1,0,6,mobile_cif.y4m,91.71,91.806,0.261878,0.004519,0.0,254
1,0,1,1,0,0,1,0,0,0,1,1,4,5,0,mobile_cif.y4m,70.22,70.238,0.129692,0.00608,0.0,208
1,0,1,0,0,1,1,0,0,1,1,0,4,5,6,mobile_cif.y4m,63.17,63.256,0.132023,0.006121,0.0,279
1,1,1,1,0,0,0,1,0,0,1,1,4,15,3,mobile_cif.y4m,93.03,93.002,0.213471,0.004503,0.0,229
1,0,1,0,0,1,1,0,0,1,1,1,1,0,0,mobile_cif.y4m,63.05,62.968,0.133866,0.006119,0.0,46
1,0,1,0,0,1,0,0,0,1,1,1,4,5,6,mobile_cif.y4m,50.47,50.528,0.160062,0.006633,0.0,171
1,1,1,1,0,0,0,1,0,0,1,0,2,5,0,mobile_cif.y4m,93.29,93.36,0.238537,0.004502,0.0,99
1,0,1,0,0,1,0,0,0,0,0,0,8,0,0,mobile_cif.y4m,50.74,50.658,0.21265,0.006633,0.0,81
1,1,1,1,0,0,1,1,0,1,0,1,8,5,0,mobile_cif.y4m,89.24,89.232,0.213705,0.004104,0.0,155
1,0,1,0,1,0,0,0,0,1,0,1,1,15,6,mobile_cif.y4m,26.8,26.762,0.095499,0.006689,0.0,96
1,1,1,1,0,0,0,1,0,1,1,1,8,0,0,mobile_cif.y4m,91.62,91.646,0.143283,0.004519,0.0,218
1,1,1,1,0,0,1,1,0,1,1,0,8,0,6,mobile_cif.y4m,87.77,87.818,0.208255,0.004082,0.0,53
1,1,1,0,1,0,1,0,1,0,0,0,2,0,0,mobile_cif.y4m,35.1,35.184,0.153721,0.004155,0.0,109
1,0,1,0,1,0,0,0,0,0,1,0,4,5,6,mobile_cif.y4m,26.36,26.36,0.061644,0.006638,0.0,185
1,1,1,1,0,0,0,1,0,0,1,1,2,0,0,mobile_cif.y4m,89.99,90.1,0.226716,0.004519,0.0,239
1,0,1,1,0,0,0,0,0,0,0,1,2,0,0,mobile_cif.y4m,55.62,55.716,0.17672,0.006658,0.0,276
1,0,1,1,0,0,1,0,0,0,0,1,4,0,6,mobile_cif.y4m,70.07,70.072,0.25223,0.006082,0.0,257
1,0,1,0,0,1,0,0,0,1,1,0,1,5,0,mobile_cif.y4m,50.86,50.78,0.200125,0.006633,0.0,42
1,1,1,0,1,0,1,1,0,0,0,0,2,15,3,mobile_cif.y4m,41.14,41.178,0.097826,0.004092,0.0,204
1,0,1,1,0,0,1,0,0,1,0,1,2,15,6,mobile_cif.y4m,70.12,70.0,0.206519,0.006082,0.0,145
1,0,1,0,1,0,0,0,0,0,0,0,2,0,3,mobile_cif.y4m,26.77,26.772,0.089275,0.006638,0.0,246
1,1,1,1,0,0,0,1,0,0,1,1,8,0,0,mobile_cif.y4m,91.58,91.578,0.076616,0.004519,0.0,202
1,1,1,0,1,0,0,1,0,1,0,0,2,5,3,mobile_cif.y4m,43.37,43.376,0.104307,0.004497,0.0,70
1,0,1,0,1,0,0,0,0,0,1,0,1,5,3,mobile_cif.y4m,26.72,26.718,0.013038,0.006638,0.0,230
1,0,1,0,1,0,1,0,0,0,0,0,4,15,6,mobile_cif.y4m,37.09,37.036,0.146219,0.006093,0.0,267
1,1,1,1,0,0,1,1,0,0,0,1,8,5,3,mobile_cif.y4m,87.45,87.514,0.214546,0.004092,0.0,146
1,0,1,0,1,0,1,0,0,0,0,1,2,15,0,mobile_cif.y4m,36.88,36.89,0.078102,0.006091,0.0,27
1,0,1,0,1,0,1,0,0,0,1,1,8,0,3,mobile_cif.y4m,37.11,37.046,0.136125,0.006093,0.0,137
1,1,1,1,0,0,0,1,0,0,1,1,2,15,0,mobile_cif.y4m,93.45,93.468,0.181163,0.004502,0.0,189
1,1,1,0,1,0,1,1,0,1,0,0,4,15,0,mobile_cif.y4m,39.99,40.044,0.141174,0.004055,0.0,132
1,1,1,1,0,0,0,0,1,1,0,1,8,0,0,mobile_cif.y4m,70.65,70.628,0.16947,0.004678,0.0,169
1,0,1,0,0,1,0,0,0,0,0,0,1,5,6,mobile_cif.y4m,50.73,50.704,0.170088,0.006633,0.0,33
1,0,1,1,0,0,0,0,0,0,1,1,8,15,0,mobile_cif.y4m,57.12,56.958,0.221856,0.006638,0.0,205
1,0,1,1,0,0,0,0,0,1,0,1,2,0,0,mobile_cif.y4m,56.59,56.62,0.121861,0.006658,0.0,245
1,1,1,0,1,0,1,1,0,0,1,1,1,15,0,mobile_cif.y4m,40.64,40.604,0.11327,0.00409,0.0,298
1,0,1,1,0,0,1,0,0,1,1,0,2,5,6,mobile_cif.y4m,70.28,70.396,0.452913,0.00608,0.0,163
1,1,1,1,0,0,0,1,0,0,0,0,1,5,0,mobile_cif.y4m,93.46,93.462,0.186199,0.004502,0.0,123
1,0,1,0,0,1,1,0,0,1,0,0,4,15,0,mobile_cif.y4m,63.48,63.444,0.109681,0.006121,0.0,4
1,0,1,0,0,1,1,0,0,1,1,0,8,5,6,mobile_cif.y4m,63.38,63.338,0.20584,0.006121,0.0,141
1,1,1,0,1,0,0,1,0,1,0,0,8,5,6,mobile_cif.y4m,42.79,42.76,0.131149,0.004519,0.0,129
1,1,1,0,1,0,1,1,0,1,1,0,4,5,3,mobile_cif.y4m,40.38,40.322,0.123167,0.004066,0.0,159
1,0,1,0,0,1,1,0,0,1,0,0,1,0,0,mobile_cif.y4m,63.24,63.258,0.087006,0.006121,0.0,22
1,0,1,0,0,1,0,0,0,1,0,1,2,0,6,mobile_cif.y4m,50.58,50.574,0.083247,0.006622,0.0,175
1,1,1,1,0,0,0,1,0,1,1,1,8,5,6,mobile_cif.y4m,94.06,94.086,0.231257,0.004558,0.0,151
1,1,1,0,1,0,0,1,0,0,1,0,2,5,0,mobile_cif.y4m,43.09,43.056,0.096333,0.004522,0.0,52
1,0,1,0,0,1,0,0,0,0,0,1,4,0,3,mobile_cif.y4m,50.38,50.464,0.230391,0.006622,0.0,108
1,0,1,0,1,0,1,0,0,0,0,1,8,15,0,mobile_cif.y4m,36.8,36.804,0.053198,0.006091,0.0,72
1,0,1,1,0,0,1,0,0,1,1,0,8,0,6,mobile_cif.y4m,70.13,70.12,0.162788,0.00608,0.0,248
1,1,1,1,0,0,1,1,0,1,1,0,8,5,6,mobile_cif.y4m,88.59,88.652,0.178241,0.004065,0.0,174
1,0,1,1,0,0,1,0,0,1,1,1,8,0,3,mobile_cif.y4m,70.21,70.196,0.14758,0.00608,0.0,130
1,1,1,0,1,0,1,1,0,1,1,1,8,15,0,mobile_cif.y4m,40.02,39.996,0.100648,0.004055,0.0,168
1,0,1,0,0,1,1,0,0,1,0,1,8,0,6,mobile_cif.y4m,62.79,62.914,0.21594,0.006119,0.0,198
1,0,1,0,0,1,1,0,0,1,1,0,1,0,3,mobile_cif.y4m,63.3,63.264,0.152578,0.006121,0.0,83
1,1,1,1,0,0,1,1,0,0,1,0,1,0,3,mobile_cif.y4m,87.94,87.934,0.27646,0.004082,0.0,291
1,0,1,0,1,0,0,0,0,1,1,0,1,0,6,mobile_cif.y4m,26.74,26.728,0.097826,0.006638,0.0,237
1,0,1,0,0,1,0,0,0,1,1,1,2,15,3,mobile_cif.y4m,50.52,50.598,0.163615,0.006633,0.0,90
1,1,1,1,0,0,1,1,0,0,0,1,1,15,0,mobile_cif.y4m,89.29,89.286,0.219157,0.004104,0.0,87
1,0,1,1,0,0,1,0,0,1,0,0,1,5,0,mobile_cif.y4m,69.95,69.994,0.092898,0.00608,0.0,74
1,0,1,0,0,1,0,0,0,1,0,0,2,0,3,mobile_cif.y4m,50.8,50.628,0.263951,0.006633,0.0,201
1,0,1,0,1,0,0,0,0,1,0,1,1,0,0,mobile_cif.y4m,26.64,26.658,0.078549,0.006689,0.0,183
1,0,1,1,0,0,0,0,0,0,0,0,4,0,6,mobile_cif.y4m,56.82,56.886,0.181879,0.006638,0.0,227
1,1,1,0,1,0,1,1,0,0,0,0,1,15,6,mobile_cif.y4m,40.54,40.51,0.065192,0.004037,0.0,222
1,0,1,0,0,1,0,0,0,0,1,0,8,0,6,mobile_cif.y4m,50.65,50.628,0.144118,0.006633,0.0,55
1,0,1,1,0,0,0,0,0,0,1,1,2,5,0,mobile_cif.y4m,56.84,56.892,0.164682,0.006638,0.0,142
1,0,1,1,0,0,1,0,0,1,0,1,1,5,6,mobile_cif.y4m,68.88,68.832,0.211825,0.006082,0.0,124
1,0,1,1,0,0,1,0,0,0,0,0,8,0,0,mobile_cif.y4m,70.38,70.442,0.117558,0.00608,0.0,95
1,0,1,1,0,0,1,0,0,1,0,0,2,15,0,mobile_cif.y4m,70.31,70.284,0.15093,0.00608,0.0,241
1,0,1,0,1,0,0,0,0,0,1,1,1,5,3,mobile_cif.y4m,26.77,26.74,0.094604,0.006689,0.0,289
1,0,1,1,0,0,1,0,0,1,1,0,1,5,0,mobile_cif.y4m,69.21,69.084,0.236707,0.00608,0.0,278
1,1,1,0,1,0,0,1,0,1,1,0,1,0,6,mobile_cif.y4m,42.42,42.346,0.151921,0.004522,0.0,176
1,0,1,0,0,1,1,0,0,0,1,0,8,5,0,mobile_cif.y4m,63.18,63.194,0.135573,0.006121,0.0,122
1,0,1,0,0,1,0,0,0,0,1,0,4,0,6,mobile_cif.y4m,49.65,49.676,0.226009,0.006633,0.0,30
1,1,1,0,1,0,0,1,0,0,0,0,2,0,6,mobile_cif.y4m,42.95,42.976,0.086197,0.004522,0.0,251
1,0,1,1,0,0,0,0,0,0,0,1,1,0,0,mobile_cif.y4m,56.51,56.618,0.178101,0.006658,0.0,120
1,0,1,1,0,0,0,0,0,0,0,1,2,15,6,mobile_cif.y4m,55.77,55.67,0.186145,0.006658,0.0,144
1,0,1,0,1,0,1,0,0,0,0,0,1,0,3,mobile_cif.y4m,36.98,36.998,0.114978,0.006093,0.0,265
1,1,1,0,1,0,0,1,0,0,1,0,2,0,6,mobile_cif.y4m,43.13,43.054,0.147071,0.004522,0.0,260
1,1,1,0,1,0,0,1,0,0,0,1,1,0,3,mobile_cif.y4m,42.57,42.566,0.123004,0.004527,0.0,78
1,0,1,0,1,0,0,0,0,0,1,1,8,15,3,mobile_cif.y4m,26.7,26.73,0.05099,0.006638,0.0,84
1,0,1,1,0,0,1,0,0,1,0,0,4,15,3,mobile_cif.y4m,70.21,70.194,0.139392,0.00608,0.0,296
1,0,1,0,0,1,0,0,0,0,0,1,2,5,6,mobile_cif.y4m,50.6,50.512,0.153199,0.006622,0.0,232
1,0,1,0,0,1,1,0,0,0,1,0,4,15,6,mobile_cif.y4m,63.21,63.258,0.127161,0.006121,0.0,213
1,1,1,0,1,0,0,1,0,0,1,1,8,15,3,mobile_cif.y4m,43.32,43.284,0.076681,0.004542,0.0,94
1,0,1,0,1,0,0,0,0,0,1,1,1,5,0,mobile_cif.y4m,26.82,26.752,0.132552,0.006689,0.0,178
1,0,1,1,0,0,1,0,0,1,0,0,4,0,0,mobile_cif.y4m,70.36,70.306,0.274281,0.00608,0.0,127
1,1,1,0,1,0,1,1,0,0,1,0,8,5,6,mobile_cif.y4m,39.78,39.782,0.122963,0.004067,0.0,111
1,0,1,0,1,0,0,0,0,0,0,1,1,0,6,mobile_cif.y4m,26.85,26.802,0.123572,0.006689,0.0,92
1,1,1,1,0,0,0,1,0,0,1,0,8,15,6,mobile_cif.y4m,91.84,91.78,0.216679,0.004471,0.0,54
1,0,1,0,0,1,0,0,0,0,0,1,2,15,0,mobile_cif.y4m,50.68,50.634,0.159468,0.006622,0.0,45
1,0,1,1,0,0,0,0,0,1,0,0,4,0,6,mobile_cif.y4m,57.11,56.994,0.182016,0.006638,0.0,226
1,1,1,1,0,0,1,1,0,1,0,0,8,5,0,mobile_cif.y4m,87.22,87.406,0.275917,0.004067,0.0,200
1,0,1,0,0,1,1,0,0,1,0,1,8,5,6,mobile_cif.y4m,62.92,63.016,0.156939,0.006119,0.0,59
1,1,1,0,1,0,1,0,1,0,0,1,2,0,0,mobile_cif.y4m,35.08,35.086,0.140464,0.004177,0.0,19
1,1,1,1,0,0,0,1,0,1,0,0,2,15,0,mobile_cif.y4m,93.47,93.432,0.145842,0.004502,0.0,47
1,1,1,0,1,0,1,1,0,0,0,1,4,5,6,mobile_cif.y4m,39.5,39.522,0.148223,0.00407,0.0,32
1,1,1,0,1,0,0,1,0,1,0,0,1,5,6,mobile_cif.y4m,42.81,42.786,0.132778,0.004519,0.0,170
1,0,1,0,0,1,0,0,0,1,1,0,1,15,0,mobile_cif.y4m,50.59,50.612,0.145327,0.006633,0.0,270
1,0,1,1,0,0,1,0,0,1,0,1,4,15,6,mobile_cif.y4m,70.2,70.132,0.18363,0.006082,0.0,207
1,1,1,0,1,0,0,1,0,1,1,1,1,5,6,mobile_cif.y4m,44.25,44.242,0.163156,0.004564,0.0,43
1,0,1,0,1,0,1,0,0,0,1,1,1,0,3,mobile_cif.y4m,36.81,36.868,0.119038,0.006091,0.0,40
1,1,1,0,1,0,0,1,0,0,1,1,1,5,3,mobile_cif.y4m,42.43,42.396,0.092358,0.004523,0.0,117
1,0,1,0,0,1,0,0,0,0,1,0,8,15,6,mobile_cif.y4m,50.58,50.636,0.118025,0.006633,0.0,253
1,0,1,1,0,0,0,0,0,1,0,0,1,15,3,mobile_cif.y4m,57.08,57.04,0.177341,0.006638,0.0,68
1,1,1,1,0,0,0,1,0,1,1,1,1,15,6,mobile_cif.y4m,93.56,93.564,0.17358,0.004552,0.0,186
1,1,1,0,1,0,1,1,0,0,0,1,8,15,3,mobile_cif.y4m,40.71,40.71,0.128647,0.004109,0.0,288
1,1,1,0,1,0,0,1,0,0,0,0,2,0,0,mobile_cif.y4m,42.92,42.976,0.116748,0.004522,0.0,15
1,0,1,1,0,0,0,0,0,0,1,1,2,15,3,mobile_cif.y4m,56.97,57.028,0.167988,0.006638,0.0,82
1,1,1,1,0,0,0,1,0,0,0,0,4,15,6,mobile_cif.y4m,90.11,90.118,0.254106,0.004471,0.0,211
1,0,1,0,1,0,1,0,0,1,1,1,8,15,6,mobile_cif.y4m,37.11,37.056,0.140285,0.006093,0.0,177
1,1,1,0,1,0,0,1,0,1,1,1,2,5,3,mobile_cif.y4m,42.66,42.676,0.131072,0.004497,0.0,210
1,0,1,1,0,0,0,0,0,1,1,1,2,0,3,mobile_cif.y4m,56.8,56.864,0.189552,0.006638,0.0,13
1,0,1,0,1,0,1,0,0,0,0,1,2,15,3,mobile_cif.y4m,36.8,36.8,0.083066,0.006091,0.0,228
1,0,1,0,1,0,1,0,0,1,1,0,4,5,3,mobile_cif.y4m,36.98,36.936,0.061887,0.006093,0.0,38
1,1,1,1,0,0,0,1,0,0,0,1,4,15,6,mobile_cif.y4m,91.65,91.746,0.169499,0.004552,0.0,29
1,1,1,1,0,0,1,0,1,1,0,0,8,0,0,mobile_cif.y4m,70.03,70.118,0.219249,0.004179,0.0,24
1,1,1,1,0,0,0,1,0,0,0,0,8,5,6,mobile_cif.y4m,93.95,94.012,0.20584,0.004558,0.0,293
1,1,1,1,0,0,0,1,0,0,1,0,2,5,6,mobile_cif.y4m,92.48,92.524,0.264821,0.004558,0.0,67
1,1,1,0,1,0,0,1,0,1,0,1,2,5,0,mobile_cif.y4m,42.78,42.744,0.097622,0.004524,0.0,199
1,0,1,0,0,1,1,0,0,1,1,0,8,15,3,mobile_cif.y4m,63.21,63.238,0.166943,0.006121,0.0,244
1,0,1,0,0,1,1,0,0,0,0,0,8,15,0,mobile_cif.y4m,63.14,63.114,0.081731,0.006121,0.0,80
1,1,1,1,0,0,1,1,0,1,1,1,2,0,3,mobile_cif.y4m,86.3,86.352,0.133304,0.004082,0.0,223
1,1,1,0,1,0,1,1,0,0,1,0,8,5,0,mobile_cif.y4m,40.01,40.022,0.046583,0.004055,0.0,121
1,0,1,1,0,0,1,0,0,0,0,0,8,5,3,mobile_cif.y4m,70.3,70.242,0.212885,0.00608,0.0,261
1,0,1,1,0,0,1,0,0,1,1,0,1,5,6,mobile_cif.y4m,68.94,68.9,0.162327,0.00608,0.0,156
1,1,1,1,0,0,0,1,0,0,1,0,4,15,3,mobile_cif.y4m,93.07,93.078,0.117771,0.004503,0.0,271
1,1,1,1,0,0,1,1,0,1,0,0,2,15,3,mobile_cif.y4m,89.13,89.154,0.131453,0.004079,0.0,9
1,1,1,1,0,0,1,1,0,1,0,1,1,0,0,mobile_cif.y4m,87.42,87.422,0.203273,0.004104,0.0,165
1,0,1,0,0,1,1,0,0,1,0,0,1,15,6,mobile_cif.y4m,63.16,63.212,0.182675,0.006121,0.0,126
1,0,1,1,0,0,1,0,0,1,1,1,8,5,0,mobile_cif.y4m,70.18,70.178,0.233174,0.00608,0.0,280
1,0,1,1,0,0,0,0,0,1,1,0,2,5,3,mobile_cif.y4m,56.86,56.924,0.161028,0.006638,0.0,172
1,0,1,0,1,0,1,0,0,0,0,0,1,15,6,mobile_cif.y4m,36.4,36.376,0.105024,0.006093,0.0,292
1,0,1,0,0,1,0,0,0,1,0,1,1,0,3,mobile_cif.y4m,49.57,49.634,0.135573,0.006622,0.0,179
1,0,1,0,0,1,1,0,0,1,0,1,2,0,3,mobile_cif.y4m,61.9,61.982,0.20584,0.006119,0.0,272
1,0,1,0,0,1,1,0,0,0,1,0,4,5,0,mobile_cif.y4m,63.3,63.26,0.091924,0.006121,0.0,105
1,0,1,0,1,0,0,0,0,0,0,0,1,0,3,mobile_cif.y4m,26.76,26.776,0.079561,0.006638,0.0,76
1,0,1,1,0,0,1,0,0,0,1,0,4,15,3,mobile_cif.y4m,70.01,70.122,0.218563,0.00608,0.0,197
1,1,1,1,0,0,1,1,0,0,1,0,1,15,0,mobile_cif.y4m,88.96,88.964,0.221201,0.004067,0.0,221
1,1,1,1,0,0,1,1,0,0,1,0,8,15,6,mobile_cif.y4m,87.9,87.942,0.265462,0.004042,0.0,167
1,1,1,0,1,0,0,1,0,1,0,1,4,15,6,mobile_cif.y4m,43.01,43.028,0.080436,0.004509,0.0,136
1,1,1,1,0,0,0,1,0,1,0,1,8,15,6,mobile_cif.y4m,92.07,91.966,0.269685,0.004552,0.0,243
1,0,1,0,1,0,0,0,0,1,0,1,8,15,6,mobile_cif.y4m,26.79,26.768,0.089833,0.006689,0.0,60
1,0,1,1,0,0,0,0,0,1,0,1,2,0,6,mobile_cif.y4m,56.48,56.542,0.119038,0.006658,0.0,110
1,1,1,1,0,0,1,1,0,1,0,0,1,15,6,mobile_cif.y4m,86.55,86.562,0.219249,0.004042,0.0,35
1,0,1,1,0,0,1,0,0,0,1,1,2,5,6,mobile_cif.y4m,70.06,70.088,0.176267,0.00608,0.0,235
1,0,1,1,0,0,0,0,0,1,0,0,1,0,3,mobile_cif.y4m,56.82,56.83,0.148829,0.006638,0.0,44
1,1,1,0,1,0,1,1,0,0,1,0,4,15,3,mobile_cif.y4m,41.13,41.086,0.100648,0.004092,0.0,256
1,0,1,0,0,1,0,0,0,0,1,1,8,0,0,mobile_cif.y4m,50.67,50.608,0.153036,0.006633,0.0,192
1,0,1,0,1,0,0,0,0,0,1,1,2,0,0,mobile_cif.y4m,26.72,26.748,0.108259,0.006638,0.0,41
1,0,1,1,0,0,0,0,0,0,1,0,4,5,0,mobile_cif.y4m,57.17,57.126,0.098387,0.006638,0.0,37
1,0,1,0,0,1,0,0,0,0,0,0,4,5,0,mobile_cif.y4m,50.67,50.62,0.153623,0.006633,0.0,26
1,1,1,1,0,0,0,1,0,0,0,0,1,0,3,mobile_cif.y4m,91.53,91.682,0.283849,0.004519,0.0,273
1,1,1,1,0,0,1,1,0,0,0,1,1,5,6,mobile_cif.y4m,87.73,87.714,0.210547,0.004047,0.0,233
1,1,1,0,1,0,1,1,0,0,1,1,8,0,0,mobile_cif.y4m,39.83,39.872,0.125976,0.004055,0.0,101
1,0,1,1,0,0,0,0,0,0,0,1,2,5,3,mobile_cif.y4m,56.6,56.6,0.17621,0.006658,0.0,39
1,1,1,0,1,0,0,1,0,0,0,1,1,15,0,mobile_cif.y4m,42.77,42.766,0.051284,0.004524,0.0,106
1,1,1,0,1,0,0,0,1,1,0,0,1,0,0,mobile_cif.y4m,36.8,36.79,0.11619,0.004683,0.0,242
1,1,1,1,0,0,1,1,0,0,1,0,2,15,0,mobile_cif.y4m,88.76,88.816,0.201072,0.004067,0.0,193
1,0,1,0,1,0,1,0,0,0,1,0,1,15,6,mobile_cif.y4m,37.01,37.002,0.045497,0.006093,0.0,103
1,1,1,0,1,0,0,1,0,1,1,1,8,5,6,mobile_cif.y4m,42.85,42.84,0.035355,0.004519,0.0,1
1,0,1,1,0,0,0,0,0,1,1,1,1,0,0,mobile_cif.y4m,56.46,56.516,0.135019,0.006658,0.0,61
1,1,1,1,0,0,0,0,1,0,0,0,2,0,0,mobile_cif.y4m,69.88,69.9,0.150831,0.004679,0.0,56
1,1,1,0,1,0,0,1,0,0,1,0,8,15,3,mobile_cif.y4m,43.96,43.926,0.070922,0.004542,0.0,148
1,0,1,0,1,0,0,0,0,1,0,1,2,5,0,mobile_cif.y4m,26.76,26.76,0.064807,0.006689,0.0,112
1,0,1,0,1,0,1,0,0,0,1,0,8,15,3,mobile_cif.y4m,36.98,36.962,0.099348,0.006093,0.0,300
1,0,1,0,1,0,0,0,0,1,1,0,4,15,0,mobile_cif.y4m,26.7,26.738,0.105214,0.006638,0.0,249
1,0,1,0,1,0,0,0,0,0,0,1,2,0,0,mobile_cif.y4m,26.77,26.802,0.068702,0.006689,0.0,20
1,1,1,1,0,0,1,1,0,1,0,1,1,5,0,mobile_cif.y4m,89.37,89.33,0.288444,0.004104,0.0,104
1,1,1,1,0,0,0,1,0,1,1,1,8,15,6,mobile_cif.y4m,91.75,91.798,0.235733,0.004471,0.0,131
1,0,1,1,0,0,0,0,0,0,0,0,2,0,3,mobile_cif.y4m,56.91,56.98,0.151658,0.006638,0.0,69
1,0,1,0,1,0,1,0,0,0,0,0,2,0,3,mobile_cif.y4m,36.89,36.92,0.106066,0.006093,0.0,220
1,1,1,1,0,0,1,1,0,1,1,1,8,15,6,mobile_cif.y4m,88.04,88.036,0.269128,0.004042,0.0,11
1,1,1,1,0,0,1,1,0,1,0,0,4,15,6,mobile_cif.y4m,87.92,87.91,0.156205,0.004042,0.0,258
1,0,1,0,1,0,1,0,0,0,0,0,2,15,3,mobile_cif.y4m,36.95,36.948,0.082583,0.006093,0.0,65
1,0,1,0,0,1,1,0,0,0,0,0,2,15,0,mobile_cif.y4m,62.37,62.334,0.135388,0.006121,0.0,160
1,0,1,0,0,1,1,0,0,0,0,0,8,0,0,mobile_cif.y4m,63.5,63.44,0.176494,0.006121,0.0,238
1,1,1,1,0,0,0,1,0,0,0,0,4,0,0,mobile_cif.y4m,91.87,91.858,0.195115,0.004519,0.0,57
1,1,1,0,1,0,0,1,0,1,0,1,2,0,0,mobile_cif.y4m,43.23,43.256,0.073007,0.004527,0.0,79
1,0,1,0,1,0,1,0,0,0,1,0,4,15,3,mobile_cif.y4m,36.9,36.978,0.126768,0.006093,0.0,224
1,1,1,0,1,0,0,1,0,1,0,0,2,0,3,mobile_cif.y4m,42.96,42.982,0.076942,0.004522,0.0,48
1,0,1,0,1,0,1,0,0,0,0,1,8,0,6,mobile_cif.y4m,36.85,36.856,0.082644,0.006091,0.0,173
1,1,1,1,0,0,1,1,0,0,1,1,1,0,0,mobile_cif.y4m,87.59,87.52,0.155724,0.004104,0.0,283
1,0,1,0,1,0,0,0,0,0,0,0,1,0,6,mobile_cif.y4m,26.7,26.716,0.065038,0.006638,0.0,190
1,0,1,0,1,0,1,0,0,1,1,1,4,0,6,mobile_cif.y4m,36.95,36.936,0.058992,0.006093,0.0,259
1,0,1,1,0,0,0,0,0,0,0,1,1,15,3,mobile_cif.y4m,56.77,56.756,0.230499,0.006658,0.0,7
1,0,1,0,0,1,0,0,0,0,0,1,2,5,0,mobile_cif.y4m,50.42,50.554,0.24079,0.006622,0.0,73
1,1,1,1,0,0,1,1,0,0,0,0,2,0,6,mobile_cif.y4m,87.66,87.68,0.138564,0.004082,0.0,63
1,0,1,0,0,1,1,0,0,1,1,0,2,15,3,mobile_cif.y4m,63.26,63.256,0.103102,0.006121,0.0,284
1,0,1,1,0,0,1,0,0,1,0,1,8,15,6,mobile_cif.y4m,70.2,70.122,0.204499,0.006082,0.0,250
1,1,1,0,1,0,0,1,0,0,0,0,2,5,0,mobile_cif.y4m,43.06,43.098,0.10849,0.004522,0.0,209
1,0,1,0,1,0,1,0,0,0,0,1,4,5,3,mobile_cif.y4m,36.82,36.836,0.194242,0.006091,0.0,138
1,1,1,1,0,0,0,0,1,1,1,0,1,0,0,mobile_cif.y4m,69.64,69.74,0.170734,0.004679,0.0,135
1,1,1,1,0,0,1,1,0,1,1,0,4,5,3,mobile_cif.y4m,88.52,88.512,0.164833,0.004059,0.0,264
1,1,1,1,0,0,0,1,0,1,1,0,2,0,6,mobile_cif.y4m,91.82,91.836,0.256379,0.004519,0.0,215
1,0,1,0,0,1,0,0,0,0,1,1,4,5,3,mobile_cif.y4m,49.72,49.754,0.15093,0.006633,0.0,50
1,0,1,1,0,0,0,0,0,1,1,0,4,0,6,mobile_cif.y4m,56.08,56.074,0.172134,0.006638,0.0,98
1,1,1,1,0,0,0,1,0,1,1,0,1,15,0,mobile_cif.y4m,93.29,93.376,0.164864,0.004502,0.0,140
1,1,1,1,0,0,0,1,0,0,1,1,1,0,3,mobile_cif.y4m,91.01,91.006,0.121778,0.004506,0.0,113
1,0,1,0,1,0,1,0,0,1,1,0,1,0,6,mobile_cif.y4m,37.01,36.982,0.135536,0.006093,0.0,3
1,0,1,0,0,1,0,0,0,1,1,1,8,0,0,mobile_cif.y4m,50.49,50.552,0.173983,0.006633,0.0,149
1,0,1,1,0,0,0,0,0,0,1,1,8,5,6,mobile_cif.y4m,56.93,56.94,0.065955,0.006638,0.0,153
1,1,1,1,0,0,1,1,0,1,1,0,2,15,6,mobile_cif.y4m,86.45,86.42,0.12145,0.004042,0.0,133
1,0,1,1,0,0,0,0,0,0,0,0,1,0,3,mobile_cif.y4m,56.95,56.942,0.131415,0.006638,0.0,191
1,1,1,0,1,0,0,1,0,1,0,1,1,0,6,mobile_cif.y4m,43.16,43.138,0.044385,0.004527,0.0,100
1,0,1,1,0,0,1,0,0,0,1,0,4,0,3,mobile_cif.y4m,70.2,70.2,0.200998,0.00608,0.0,85
1,0,1,0,0,1,1,0,0,0,0,0,2,0,3,mobile_cif.y4m,63.23,63.32,0.228254,0.006121,0.0,88
1,0,1,0,1,0,1,0,0,1,1,0,4,15,6,mobile_cif.y4m,37.01,37.026,0.080808,0.006093,0.0,31
1,0,1,0,0,1,1,0,0,0,0,0,4,5,3,mobile_cif.y4m,63.45,63.468,0.16769,0.006121,0.0,134
1,1,1,0,1,0,1,1,0,1,1,1,8,0,3,mobile_cif.y4m,39.85,39.816,0.090995,0.004055,0.0,147
1,1,1,1,0,0,0,1,0,0,1,1,4,15,6,mobile_cif.y4m,91.68,91.642,0.146014,0.004471,0.0,275
1,0,1,0,0,1,1,0,0,0,1,0,4,15,3,mobile_cif.y4m,62.14,62.22,0.191964,0.006121,0.0,143
1,1,1,0,1,0,1,1,0,1,0,0,1,5,6,mobile_cif.y4m,39.88,39.886,0.128763,0.004067,0.0,8
1,1,1,1,0,0,1,1,0,0,1,1,4,5,3,mobile_cif.y4m,88.54,88.522,0.202781,0.004059,0.0,216
1,0,1,1,0,0,1,0,0,1,0,0,1,0,3,mobile_cif.y4m,70.03,70.06,0.14089,0.00608,0.0,214
1,0,1,0,0,1,0,0,0,0,0,0,1,5,0,mobile_cif.y4m,50.66,50.744,0.214546,0.006633,0.0,17
1,0,1,0,0,1,1,0,0,0,0,0,1,5,0,mobile_cif.y4m,63.47,63.464,0.139212,0.006121,0.0,206
1,0,1,0,1,0,0,0,0,1,1,1,8,15,0,mobile_cif.y4m,26.87,26.794,0.136858,0.006638,0.0,36
1,1,1,0,1,0,1,1,0,0,0,0,4,15,3,mobile_cif.y4m,40.51,40.53,0.100747,0.004092,0.0,6
1,0,1,1,0,0,1,0,0,0,0,1,1,0,6,mobile_cif.y4m,70.06,70.05,0.210119,0.006082,0.0,5
1,0,1,1,0,0,1,0,0,0,0,0,8,15,6,mobile_cif.y4m,69.01,68.992,0.099599,0.00608,0.0,164
1,0,1,0,0,1,0,0,0,1,0,0,8,0,6,mobile_cif.y4m,49.86,49.876,0.121778,0.006633,0.0,97
1,0,1,1,0,0,0,0,0,0,1,0,2,5,3,mobile_cif.y4m,56.93,56.984,0.148425,0.006638,0.0,236
1,1,1,0,1,0,1,1,0,0,0,0,8,5,0,mobile_cif.y4m,40.07,40.088,0.135351,0.004055,0.0,71
1,1,1,0,1,0,1,1,0,1,0,1,2,0,3,mobile_cif.y4m,40.38,40.366,0.070569,0.004089,0.0,295
1,0,1,1,0,0,1,0,0,1,1,0,8,5,3,mobile_cif.y4m,70.06,70.03,0.108628,0.00608,0.0,286
1,0,1,0,1,0,0,0,0,0,0,1,1,5,0,mobile_cif.y4m,26.8,26.778,0.101094,0.006689,0.0,34
1,0,1,0,1,0,1,0,0,1,1,1,1,5,3,mobile_cif.y4m,36.96,36.95,0.055678,0.006091,0.0,240
1,0,1,0,0,1,1,0,0,0,0,1,4,15,3,mobile_cif.y4m,63.04,63.052,0.09094,0.006119,0.0,18
1,0,1,0,1,0,0,0,0,0,1,0,8,0,6,mobile_cif.y4m,26.74,26.766,0.064265,0.006638,0.0,102
1,1,1,1,0,0,1,0,1,0,1,0,4,0,0,mobile_cif.y4m,70.33,70.296,0.15566,0.004179,0.0,51
1,1,1,1,0,0,1,1,0,0,0,1,4,15,6,mobile_cif.y4m,88.63,88.622,0.10895,0.004094,0.0,282
1,0,1,0,1,0,1,0,0,1,1,1,1,0,3,mobile_cif.y4m,36.75,36.828,0.144291,0.006091,0.0,77
1,0,1,1,0,0,1,0,0,0,1,0,2,0,3,mobile_cif.y4m,70.1,70.204,0.278532,0.00608,0.0,128
1,1,1,0,1,0,1,1,0,0,0,0,2,5,3,mobile_cif.y4m,40.35,40.322,0.113004,0.004066,0.0,234
1,0,1,1,0,0,0,0,0,0,1,1,1,0,0,mobile_cif.y4m,55.89,55.926,0.287889,0.006658,0.0,252
1,0,1,1,0,0,1,0,0,0,0,1,4,0,3,mobile_cif.y4m,70.16,70.088,0.232959,0.006082,0.0,28
1,0,1,0,0,1,1,0,0,1,1,1,8,15,3,mobile_cif.y4m,63.4,63.386,0.144672,0.006121,0.0,139
1,0,1,0,0,1,0,0,0,0,0,1,1,5,0,mobile_cif.y4m,50.52,50.576,0.159781,0.006622,0.0,158
1,1,1,0,1,0,1,1,0,1,0,1,8,5,3,mobile_cif.y4m,40.85,40.82,0.15748,0.004087,0.0,152
1,0,1,1,0,0,1,0,0,1,0,0,2,0,6,mobile_cif.y4m,70.35,70.316,0.154855,0.00608,0.0,12
1,1,1,0,1,0,0,1,0,0,0,1,4,15,3,mobile_cif.y4m,44.23,44.248,0.093915,0.004527,0.0,294
1,1,1,0,1,0,0,1,0,0,0,1,8,15,3,mobile_cif.y4m,44.19,44.2,0.147986,0.004527,0.0,154
1,1,1,1,0,0,0,1,0,1,0,0,2,15,6,mobile_cif.y4m,91.61,91.674,0.19139,0.004471,0.0,157
1,0,1,1,0,0,1,0,0,1,1,1,2,0,3,mobile_cif.y4m,70.02,70.052,0.111669,0.00608,0.0,150
1,1,1,0,1,0,1,1,0,0,1,0,8,0,6,mobile_cif.y4m,39.99,40.004,0.042778,0.004055,0.0,287
1,0,1,0,1,0,0,0,0,1,1,0,1,0,3,mobile_cif.y4m,26.73,26.732,0.100846,0.006638,0.0,297
1,0,1,0,0,1,0,0,0,1,1,0,8,15,0,mobile_cif.y4m,50.52,50.594,0.145362,0.006633,0.0,263
1,1,1,0,1,0,0,1,0,1,1,1,1,5,3,mobile_cif.y4m,43.19,43.132,0.137004,0.004523,0.0,255
1,0,1,1,0,0,0,0,0,1,1,0,8,15,3,mobile_cif.y4m,57.08,57.018,0.201668,0.006638,0.0,115
1,0,1,0,0,1,1,0,0,1,0,1,4,15,3,mobile_cif.y4m,62.99,63.0,0.164773,0.006119,0.0,188
1,0,1,0,0,1,1,0,0,0,0,1,8,0,6,mobile_cif.y4m,63.1,63.088,0.152053,0.006119,0.0,212
1,0,1,1,0,0,1,0,0,0,0,1,1,15,3,mobile_cif.y4m,69.91,69.908,0.066106,0.006082,0.0,195
1,0,1,0,1,0,0,0,0,0,1,1,2,15,0,mobile_cif.y4m,26.72,26.708,0.071204,0.006638,0.0,119
1,0,1,1,0,0,0,0,0,1,0,1,4,15,0,mobile_cif.y4m,56.57,56.592,0.080747,0.006658,0.0,58
1,0,1,0,1,0,1,0,0,1,0,1,4,0,6,mobile_cif.y4m,36.98,36.944,0.12522,0.006091,0.0,277
1,0,1,0,1,0,1,0,0,0,1,1,4,5,6,mobile_cif.y4m,36.94,36.918,0.064187,0.006093,0.0,64
1,1,1,0,1,0,1,1,0,1,0,0,2,0,0,mobile_cif.y4m,39.85,39.882,0.139535,0.004055,0.0,285
1,1,1,0,1,0,1,1,0,1,0,0,4,0,0,mobile_cif.y4m,39.33,39.348,0.147377,0.004055,0.0,290
1,0,1,1,0,0,0,0,0,1,0,1,8,5,6,mobile_cif.y4m,55.76,55.724,0.158524,0.006658,0.0,196
1,1,1,1,0,0,1,0,1,1,1,1,1,0,0,mobile_cif.y4m,68.63,68.6,0.095656,0.004167,0.0,93
1,0,1,1,0,0,1,0,0,0,1,1,4,5,6,mobile_cif.y4m,70.37,70.29,0.196596,0.00608,0.0,299
1,0,1,1,0,0,0,0,0,1,0,0,2,5,0,mobile_cif.y4m,57.07,57.056,0.208998,0.006638,0.0,125
1,1,1,0,1,0,0,1,0,1,0,1,2,15,6,mobile_cif.y4m,42.39,42.378,0.112561,0.004509,0.0,21
1,0,1,0,1,0,0,0,0,1,0,1,2,0,0,mobile_cif.y4m,26.27,26.294,0.082644,0.006689,0.0,225
1,0,1,0,1,0,0,0,0,1,0,0,2,5,0,mother_daughter_cif.y4m,13.84,13.842,0.026833,0.005046,0.0,114
1,1,1,1,0,0,0,0,1,0,0,1,1,0,0,mother_daughter_cif.y4m,46.1,46.088,0.09654,0.004698,0.0,281
1,1,1,1,0,0,0,1,0,1,1,0,2,5,0,mother_daughter_cif.y4m,62.37,62.382,0.086429,0.004675,0.0,49
1,0,1,0,0,1,1,0,0,0,0,0,2,15,6,mother_daughter_cif.y4m,35.89,35.99,0.300333,0.004728,0.0,194
1,0,1,1,0,0,0,0,0,0,0,0,2,0,6,mother_daughter_cif.y4m,36.95,36.952,0.019235,0.005005,0.0,62
1,1,1,0,1,0,0,1,0,1,1,1,1,15,3,mother_daughter_cif.y4m,23.65,23.696,0.106442,0.00468,0.0,91
1,0,1,0,0,1,1,0,0,0,0,0,4,0,6,mother_daughter_cif.y4m,38.43,38.474,0.302043,0.004728,0.0,107
1,0,1,1,0,0,1,0,0,0,0,1,4,5,3,mother_daughter_cif.y4m,42.11,42.228,0.323373,0.004735,0.0,181
1,0,1,0,1,0,1,0,0,0,0,0,4,5,0,mother_daughter_cif.y4m,18.04,18.024,0.051769,0.004733,0.0,247
1,0,1,1,0,0,0,0,0,1,1,0,4,5,3,mother_daughter_cif.y4m,37.13,37.128,0.045497,0.005005,0.0,166
1,0,1,0,0,1,0,0,0,0,1,1,4,0,0,mother_daughter_cif.y4m,30.94,30.916,0.202312,0.005234,0.0,25
1,1,1,0,1,0,0,1,0,0,0,1,8,0,6,mother_daughter_cif.y4m,22.98,23.0,0.070356,0.004673,0.0,203
1,1,1,1,0,0,1,1,0,1,1,1,4,5,6,mother_daughter_cif.y4m,53.91,53.964,0.134276,0.004247,0.0,219
1,0,1,0,0,1,0,0,0,0,0,0,4,15,0,mother_daughter_cif.y4m,32.99,33.03,0.225942,0.005234,0.0,162
1,0,1,1,0,0,1,0,0,0,1,0,4,15,6,mother_daughter_cif.y4m,42.12,42.6,0.713022,0.004716,0.0,182
1,0,1,0,0,1,0,0,0,1,1,0,1,15,6,mother_daughter_cif.y4m,30.84,30.898,0.182675,0.005234,0.0,10
1,1,1,1,0,0,1,1,0,1,1,1,2,15,0,mother_daughter_cif.y4m,55.78,55.748,0.102811,0.004363,0.0,14
1,1,1,1,0,0,0,1,0,0,0,1,1,0,6,mother_daughter_cif.y4m,58.55,58.528,0.058907,0.004678,0.0,89
1,1,1,1,0,0,0,1,0,1,1,1,1,5,0,mother_daughter_cif.y4m,58.47,58.446,0.111937,0.004679,0.0,116
1,0,1,1,0,0,0,0,0,0,1,1,4,15,3,mother_daughter_cif.y4m,39.21,39.17,0.365377,0.005005,0.0,217
1,1,1,0,1,0,0,1,0,0,1,0,1,0,0,mother_daughter_cif.y4m,23.64,23.304,0.507425,0.004666,0.0,75
1,1,1,0,1,0,0,1,0,1,1,1,2,15,6,mother_daughter_cif.y4m,23.74,23.746,0.033615,0.004682,0.0,266
1,0,1,1,0,0,1,0,0,0,1,1,4,15,3,mother_daughter_cif.y4m,45.06,45.318,0.450466,0.004716,0.0,268
1,0,1,0,1,0,1,0,0,1,1,1,4,15,3,mother_daughter_cif.y4m,18.39,18.262,0.269759,0.004733,0.0,187
1,0,1,0,0,1,1,0,0,0,1,0,8,15,3,mother_daughter_cif.y4m,35.79,35.756,0.109909,0.004728,0.0,161
1,0,1,0,1,0,1,0,0,0,1,0,2,0,6,mother_daughter_cif.y4m,18.3,18.304,0.058992,0.004733,0.0,23
1,1,1,1,0,0,0,1,0,1,1,0,2,5,6,mother_daughter_cif.y4m,55.82,56.432,0.963416,0.00467,0.0,2
1,1,1,1,0,0,1,0,1,1,0,1,2,0,0,mother_daughter_cif.y4m,43.63,43.836,0.62716,0.004428,0.0,16
1,0,1,1,0,0,0,0,0,1,1,1,8,15,0,mother_daughter_cif.y4m,36.37,36.388,0.155949,0.005005,0.0,262
1,1,1,1,0,0,0,1,0,1,1,0,4,5,0,mother_daughter_cif.y4m,58.12,58.238,0.378378,0.004675,0.0,66
1,0,1,1,0,0,0,0,0,1,0,0,2,0,0,mother_daughter_cif.y4m,37.18,37.09,0.40939,0.005005,0.0,86
1,0,1,0,1,0,1,0,0,0,1,0,2,5,6,mother_daughter_cif.y4m,17.98,18.002,0.046043,0.004733,0.0,231
1,0,1,0,1,0,0,0,0,0,0,0,4,5,0,mother_daughter_cif.y4m,13.81,13.83,0.062048,0.005046,0.0,269
1,1,1,0,1,0,1,1,0,0,1,0,1,5,0,mother_daughter_cif.y4m,22.21,21.936,0.422587,0.004364,0.0,180
1,0,1,0,0,1,0,0,0,0,1,0,4,5,6,mother_daughter_cif.y4m,31.63,31.47,0.387105,0.005234,0.0,274
1,1,1,1,0,0,0,1,0,1,1,0,2,15,6,mother_daughter_cif.y4m,58.49,58.52,0.091924,0.004682,0.0,184
1,0,1,0,0,1,1,0,0,0,0,1,4,5,0,mother_daughter_cif.y4m,35.44,35.75,0.53479,0.004773,0.0,118
1,1,1,1,0,0,0,1,0,0,0,0,1,0,6,mother_daughter_cif.y4m,57.87,57.988,0.397894,0.004669,0.0,254
1,0,1,1,0,0,1,0,0,0,1,1,4,5,0,mother_daughter_cif.y4m,43.31,42.968,0.9045,0.004716,0.0,208
1,0,1,0,0,1,1,0,0,1,1,0,4,5,6,mother_daughter_cif.y4m,35.81,35.756,0.138672,0.004728,0.0,279
1,1,1,1,0,0,0,1,0,0,1,1,4,15,3,mother_daughter_cif.y4m,60.77,60.81,0.127475,0.004679,0.0,229
1,0,1,0,0,1,1,0,0,1,1,1,1,0,0,mother_daughter_cif.y4m,36.11,35.868,0.480489,0.004773,0.0,46
1,0,1,0,0,1,0,0,0,1,1,1,4,5,6,mother_daughter_cif.y4m,30.87,31.0,0.377558,0.005234,0.0,171
1,1,1,1,0,0,0,1,0,0,1,0,2,5,0,mother_daughter_cif.y4m,59.22,59.586,1.865417,0.004675,0.0,99
1,0,1,0,0,1,0,0,0,0,0,0,8,0,0,mother_daughter_cif.y4m,31.78,31.366,0.617681,0.005234,0.0,81
1,1,1,1,0,0,1,1,0,1,0,1,8,5,0,mother_daughter_cif.y4m,55.87,55.66,0.510637,0.004355,0.0,155
1,0,1,0,1,0,0,0,0,1,0,1,1,15,6,mother_daughter_cif.y4m,13.9,14.082,0.258592,0.005041,0.0,96
1,1,1,1,0,0,0,1,0,1,1,1,8,0,0,mother_daughter_cif.y4m,58.01,57.812,0.349814,0.004669,0.0,218
1,1,1,1,0,0,1,1,0,1,1,0,8,0,6,mother_daughter_cif.y4m,55.91,56.436,0.968932,0.004356,0.0,53
1,1,1,0,1,0,1,0,1,0,0,0,2,0,0,mother_daughter_cif.y4m,19.68,19.656,0.065038,0.004456,0.0,109
1,0,1,0,1,0,0,0,0,0,1,0,4,5,6,mother_daughter_cif.y4m,14.36,14.196,0.380434,0.005046,0.0,185
1,1,1,1,0,0,0,1,0,0,1,1,2,0,0,mother_daughter_cif.y4m,57.56,57.564,0.054129,0.004669,0.0,239
1,0,1,1,0,0,0,0,0,0,0,1,2,0,0,mother_daughter_cif.y4m,36.94,36.766,0.411193,0.004992,0.0,276
1,0,1,1,0,0,1,0,0,0,0,1,4,0,6,mother_daughter_cif.y4m,42.36,42.92,1.138881,0.004735,0.0,257
1,0,1,0,0,1,0,0,0,1,1,0,1,5,0,mother_daughter_cif.y4m,30.9,30.946,0.15678,0.005234,0.0,42
1,1,1,0,1,0,1,1,0,0,0,0,2,15,3,mother_daughter_cif.y4m,24.18,24.284,0.24966,0.004186,0.0,204
1,0,1,1,0,0,1,0,0,1,0,1,2,15,6,mother_daughter_cif.y4m,41.9,42.048,0.35181,0.004735,0.0,145
1,0,1,0,1,0,0,0,0,0,0,0,2,0,3,mother_daughter_cif.y4m,13.79,13.846,0.105024,0.005046,0.0,246
1,1,1,1,0,0,0,1,0,0,1,1,8,0,0,mother_daughter_cif.y4m,57.46,58.122,0.990086,0.004669,0.0,202
1,1,1,0,1,0,0,1,0,1,0,0,2,5,3,mother_daughter_cif.y4m,21.76,22.43,0.926607,0.004674,0.0,70
1,0,1,0,1,0,0,0,0,0,1,0,1,5,3,mother_daughter_cif.y4m,15.06,15.054,0.11371,0.005046,0.0,230
1,0,1,0,1,0,1,0,0,0,0,0,4,15,6,mother_daughter_cif.y4m,18.35,18.296,0.177144,0.004733,0.0,267
1,1,1,1,0,0,1,1,0,0,0,1,8,5,3,mother_daughter_cif.y4m,52.51,52.488,0.155628,0.004271,0.0,146
1,0,1,0,1,0,1,0,0,0,0,1,2,15,0,mother_daughter_cif.y4m,18.07,18.082,0.054498,0.004722,0.0,27
1,0,1,0,1,0,1,0,0,0,1,1,8,0,3,mother_daughter_cif.y4m,17.95,17.964,0.067305,0.004733,0.0,137
1,1,1,1,0,0,0,1,0,0,1,1,2,15,0,mother_daughter_cif.y4m,58.13,58.126,0.037815,0.004675,0.0,189
1,1,1,0,1,0,1,1,0,1,0,0,4,15,0,mother_daughter_cif.y4m,22.93,22.924,0.057706,0.004364,0.0,132
1,1,1,1,0,0,0,0,1,1,0,1,8,0,0,mother_daughter_cif.y4m,46.08,46.14,0.084853,0.004698,0.0,169
1,0,1,0,0,1,0,0,0,0,0,0,1,5,6,mother_daughter_cif.y4m,31.27,31.33,0.118322,0.005234,0.0,33
1,0,1,1,0,0,0,0,0,0,1,1,8,15,0,mother_daughter_cif.y4m,36.45,36.426,0.077653,0.005005,0.0,205
1,0,1,1,0,0,0,0,0,1,0,1,2,0,0,mother_daughter_cif.y4m,36.22,36.4,0.449889,0.004992,0.0,245
1,1,1,0,1,0,1,1,0,0,1,1,1,15,0,mother_daughter_cif.y4m,22.21,22.24,0.180555,0.004365,0.0,298
1,0,1,1,0,0,1,0,0,1,1,0,2,5,6,mother_daughter_cif.y4m,42.04,42.036,0.02881,0.004716,0.0,163
1,1,1,1,0,0,0,1,0,0,0,0,1,5,0,mother_daughter_cif.y4m,59.23,59.014,0.619621,0.004675,0.0,123
1,0,1,0,0,1,1,0,0,1,0,0,4,15,0,mother_daughter_cif.y4m,35.69,35.96,0.454533,0.004728,0.0,4
1,0,1,0,0,1,1,0,0,1,1,0,8,5,6,mother_daughter_cif.y4m,35.8,36.072,0.487206,0.004728,0.0,141
1,1,1,0,1,0,0,1,0,1,0,0,8,5,6,mother_daughter_cif.y4m,22.8,22.804,0.066933,0.004681,0.0,129
1,1,1,0,1,0,1,1,0,1,1,0,4,5,3,mother_daughter_cif.y4m,20.8,20.782,0.049193,0.00425,0.0,159
1,0,1,0,0,1,1,0,0,1,0,0,1,0,0,mother_daughter_cif.y4m,35.83,35.876,0.122393,0.004728,0.0,22
1,0,1,0,0,1,0,0,0,1,0,1,2,0,6,mother_daughter_cif.y4m,30.69,30.712,0.052631,0.005203,0.0,175
1,1,1,1,0,0,0,1,0,1,1,1,8,5,6,mother_daughter_cif.y4m,55.61,55.958,0.69532,0.00467,0.0,151
1,1,1,0,1,0,0,1,0,0,1,0,2,5,0,mother_daughter_cif.y4m,23.4,23.406,0.050794,0.004671,0.0,52
1,0,1,0,0,1,0,0,0,0,0,1,4,0,3,mother_daughter_cif.y4m,31.24,31.23,0.073144,0.005203,0.0,108
1,0,1,0,1,0,1,0,0,0,0,1,8,15,0,mother_daughter_cif.y4m,18.68,18.422,0.362933,0.004722,0.0,72
1,0,1,1,0,0,1,0,0,1,1,0,8,0,6,mother_daughter_cif.y4m,42.06,42.102,0.151228,0.004716,0.0,248
1,1,1,1,0,0,1,1,0,1,1,0,8,5,6,mother_daughter_cif.y4m,53.06,53.36,0.815107,0.004247,0.0,174
1,0,1,1,0,0,1,0,0,1,1,1,8,0,3,mother_daughter_cif.y4m,42.13,42.248,0.230695,0.004716,0.0,130
1,1,1,0,1,0,1,1,0,1,1,1,8,15,0,mother_daughter_cif.y4m,22.86,22.884,0.061887,0.004364,0.0,168
1,0,1,0,0,1,1,0,0,1,0,1,8,0,6,mother_daughter_cif.y4m,38.01,37.568,1.0634,0.004773,0.0,198
1,0,1,0,0,1,1,0,0,1,1,0,1,0,3,mother_daughter_cif.y4m,38.24,38.274,0.080187,0.004728,0.0,83
1,1,1,1,0,0,1,1,0,0,1,0,1,0,3,mother_daughter_cif.y4m,55.78,55.784,0.118659,0.004356,0.0,291
1,0,1,0,1,0,0,0,0,1,1,0,1,0,6,mother_daughter_cif.y4m,13.81,13.896,0.150599,0.005046,0.0,237
1,0,1,0,0,1,0,0,0,1,1,1,2,15,3,mother_daughter_cif.y4m,30.86,30.794,0.115888,0.005234,0.0,90
1,1,1,1,0,0,1,1,0,0,0,1,1,15,0,mother_daughter_cif.y4m,54.53,54.9,1.011805,0.004355,0.0,87
1,0,1,1,0,0,1,0,0,1,0,0,1,5,0,mother_daughter_cif.y4m,42.05,42.532,0.720777,0.004716,0.0,74
1,0,1,0,0,1,0,0,0,1,0,0,2,0,3,mother_daughter_cif.y4m,31.04,31.004,0.185553,0.005234,0.0,201
1,0,1,0,1,0,0,0,0,1,0,1,1,0,0,mother_daughter_cif.y4m,13.9,13.896,0.020736,0.005041,0.0,183
1,0,1,1,0,0,0,0,0,0,0,0,4,0,6,mother_daughter_cif.y4m,36.38,36.616,0.61845,0.005005,0.0,227
1,1,1,0,1,0,1,1,0,0,0,0,1,15,6,mother_daughter_cif.y4m,22.75,23.018,0.385318,0.004164,0.0,222
1,0,1,0,0,1,0,0,0,0,1,0,8,0,6,mother_daughter_cif.y4m,31.57,31.378,0.420678,0.005234,0.0,55
1,0,1,1,0,0,0,0,0,0,1,1,2,5,0,mother_daughter_cif.y4m,37.02,37.058,0.067602,0.005005,0.0,142
1,0,1,1,0,0,1,0,0,1,0,1,1,5,6,mother_daughter_cif.y4m,42.78,42.766,0.090167,0.004735,0.0,124
1,0,1,1,0,0,1,0,0,0,0,0,8,0,0,mother_daughter_cif.y4m,43.39,42.942,0.632432,0.004716,0.0,95
1,0,1,1,0,0,1,0,0,1,0,0,2,15,0,mother_daughter_cif.y4m,42.27,42.378,0.290034,0.004716,0.0,241
1,0,1,0,1,0,0,0,0,0,1,1,1,5,3,mother_daughter_cif.y4m,13.9,13.916,0.02881,0.005041,0.0,289
1,0,1,1,0,0,1,0,0,1,1,0,1,5,0,mother_daughter_cif.y4m,42.29,43.08,1.243684,0.004716,0.0,278
1,1,1,0,1,0,0,1,0,1,1,0,1,0,6,mother_daughter_cif.y4m,24.52,24.604,0.329135,0.004666,0.0,176
1,0,1,0,0,1,1,0,0,0,1,0,8,5,0,mother_daughter_cif.y4m,35.84,35.834,0.098387,0.004728,0.0,122
1,0,1,0,0,1,0,0,0,0,1,0,4,0,6,mother_daughter_cif.y4m,30.8,31.152,0.608087,0.005234,0.0,30
1,1,1,0,1,0,0,1,0,0,0,0,2,0,6,mother_daughter_cif.y4m,22.79,22.852,0.179221,0.004666,0.0,251
1,0,1,1,0,0,0,0,0,0,0,1,1,0,0,mother_daughter_cif.y4m,36.23,36.494,0.608917,0.004992,0.0,120
1,0,1,1,0,0,0,0,0,0,0,1,2,15,6,mother_daughter_cif.y4m,38.68,38.898,0.461703,0.004992,0.0,144
1,0,1,0,1,0,1,0,0,0,0,0,1,0,3,mother_daughter_cif.y4m,18.09,18.244,0.257449,0.004733,0.0,265
1,1,1,0,1,0,0,1,0,0,1,0,2,0,6,mother_daughter_cif.y4m,22.7,22.826,0.332836,0.004666,0.0,260
1,1,1,0,1,0,0,1,0,0,0,1,1,0,3,mother_daughter_cif.y4m,23.26,23.154,0.163951,0.004673,0.0,78
1,0,1,0,1,0,0,0,0,0,1,1,8,15,3,mother_daughter_cif.y4m,13.78,13.814,0.051284,0.005046,0.0,84
1,0,1,1,0,0,1,0,0,1,0,0,4,15,3,mother_daughter_cif.y4m,42.13,42.606,0.739818,0.004716,0.0,296
1,0,1,0,0,1,0,0,0,0,0,1,2,5,6,mother_daughter_cif.y4m,31.35,31.122,0.427691,0.005203,0.0,232
1,0,1,0,0,1,1,0,0,0,1,0,4,15,6,mother_daughter_cif.y4m,35.79,36.112,0.453509,0.004728,0.0,213
1,1,1,0,1,0,0,1,0,0,1,1,8,15,3,mother_daughter_cif.y4m,24.92,25.028,0.338334,0.004681,0.0,94
1,0,1,0,1,0,0,0,0,0,1,1,1,5,0,mother_daughter_cif.y4m,13.89,14.008,0.202534,0.005041,0.0,178
1,0,1,1,0,0,1,0,0,1,0,0,4,0,0,mother_daughter_cif.y4m,45.16,45.496,0.605747,0.004716,0.0,127
1,1,1,0,1,0,1,1,0,0,1,0,8,5,6,mother_daughter_cif.y4m,21.28,21.29,0.122066,0.004261,0.0,111
1,0,1,0,1,0,0,0,0,0,0,1,1,0,6,mother_daughter_cif.y4m,13.91,13.922,0.032711,0.005041,0.0,92
1,1,1,1,0,0,0,1,0,0,1,0,8,15,6,mother_daughter_cif.y4m,61.67,61.744,0.207437,0.004682,0.0,54
1,0,1,0,0,1,0,0,0,0,0,1,2,15,0,mother_daughter_cif.y4m,30.66,30.714,0.11887,0.005203,0.0,45
1,0,1,1,0,0,0,0,0,1,0,0,4,0,6,mother_daughter_cif.y4m,36.37,36.84,0.685565,0.005005,0.0,226
1,1,1,1,0,0,1,1,0,1,0,0,8,5,0,mother_daughter_cif.y4m,55.76,56.014,0.775132,0.004363,0.0,200
1,0,1,0,0,1,1,0,0,1,0,1,8,5,6,mother_daughter_cif.y4m,35.48,35.476,0.121367,0.004773,0.0,59
1,1,1,0,1,0,1,0,1,0,0,1,2,0,0,mother_daughter_cif.y4m,18.34,18.346,0.043359,0.004489,0.0,19
1,1,1,1,0,0,0,1,0,1,0,0,2,15,0,mother_daughter_cif.y4m,58.0,58.698,1.065584,0.004675,0.0,47
1,1,1,0,1,0,1,1,0,0,0,1,4,5,6,mother_daughter_cif.y4m,21.57,21.422,0.255088,0.004255,0.0,32
1,1,1,0,1,0,0,1,0,1,0,0,1,5,6,mother_daughter_cif.y4m,22.93,23.28,0.803555,0.004681,0.0,170
1,0,1,0,0,1,0,0,0,1,1,0,1,15,0,mother_daughter_cif.y4m,30.85,31.184,0.555365,0.005234,0.0,270
1,0,1,1,0,0,1,0,0,1,0,1,4,15,6,mother_daughter_cif.y4m,42.39,42.386,0.514811,0.004735,0.0,207
1,1,1,0,1,0,0,1,0,1,1,1,1,5,6,mother_daughter_cif.y4m,24.25,24.296,0.315801,0.004679,0.0,43
1,0,1,0,1,0,1,0,0,0,1,1,1,0,3,mother_daughter_cif.y4m,18.09,18.084,0.018166,0.004722,0.0,40
1,1,1,0,1,0,0,1,0,0,1,1,1,5,3,mother_daughter_cif.y4m,21.75,21.85,0.219431,0.004675,0.0,117
1,0,1,0,0,1,0,0,0,0,1,0,8,15,6,mother_daughter_cif.y4m,30.77,30.772,0.09985,0.005234,0.0,253
1,0,1,1,0,0,0,0,0,1,0,0,1,15,3,mother_daughter_cif.y4m,37.42,37.058,0.617066,0.005005,0.0,68
1,1,1,1,0,0,0,1,0,1,1,1,1,15,6,mother_daughter_cif.y4m,61.66,61.702,0.082885,0.004681,0.0,186
1,1,1,0,1,0,1,1,0,0,0,1,8,15,3,mother_daughter_cif.y4m,22.57,22.402,0.30979,0.004187,0.0,288
1,1,1,0,1,0,0,1,0,0,0,0,2,0,0,mother_daughter_cif.y4m,22.82,22.83,0.123491,0.004666,0.0,15
1,0,1,1,0,0,0,0,0,0,1,1,2,15,3,mother_daughter_cif.y4m,36.29,36.328,0.100349,0.005005,0.0,82
1,1,1,1,0,0,0,1,0,0,0,0,4,15,6,mother_daughter_cif.y4m,57.87,58.57,1.829576,0.004682,0.0,211
1,0,1,0,1,0,1,0,0,1,1,1,8,15,6,mother_daughter_cif.y4m,19.33,19.326,0.060249,0.004733,0.0,177
1,1,1,0,1,0,0,1,0,1,1,1,2,5,3,mother_daughter_cif.y4m,22.31,22.238,0.320578,0.004674,0.0,210
1,0,1,1,0,0,0,0,0,1,1,1,2,0,3,mother_daughter_cif.y4m,36.53,36.598,0.148223,0.005005,0.0,13
1,0,1,0,1,0,1,0,0,0,0,1,2,15,3,mother_daughter_cif.y4m,18.56,18.474,0.211021,0.004722,0.0,228
1,0,1,0,1,0,1,0,0,1,1,0,4,5,3,mother_daughter_cif.y4m,19.24,19.256,0.032094,0.004733,0.0,38
1,1,1,1,0,0,0,1,0,0,0,1,4,15,6,mother_daughter_cif.y4m,57.82,57.85,0.167332,0.004681,0.0,29
1,1,1,1,0,0,1,0,1,1,0,0,8,0,0,mother_daughter_cif.y4m,46.63,47.476,1.768624,0.00446,0.0,24
1,1,1,1,0,0,0,1,0,0,0,0,8,5,6,mother_daughter_cif.y4m,56.65,56.64,0.053385,0.00467,0.0,293
1,1,1,1,0,0,0,1,0,0,1,0,2,5,6,mother_daughter_cif.y4m,57.01,56.534,0.789513,0.00467,0.0,67
1,1,1,0,1,0,0,1,0,1,0,1,2,5,0,mother_daughter_cif.y4m,22.77,22.768,0.029496,0.004671,0.0,199
1,0,1,0,0,1,1,0,0,1,1,0,8,15,3,mother_daughter_cif.y4m,35.65,35.88,0.497896,0.004728,0.0,244
1,0,1,0,0,1,1,0,0,0,0,0,8,15,0,mother_daughter_cif.y4m,36.15,36.822,1.33273,0.004728,0.0,80
1,1,1,1,0,0,1,1,0,1,1,1,2,0,3,mother_daughter_cif.y4m,55.93,55.894,0.107842,0.004356,0.0,223
1,1,1,0,1,0,1,1,0,0,1,0,8,5,0,mother_daughter_cif.y4m,22.93,22.924,0.061887,0.004364,0.0,121
1,0,1,1,0,0,1,0,0,0,0,0,8,5,3,mother_daughter_cif.y4m,42.31,42.292,0.173263,0.004716,0.0,261
1,0,1,1,0,0,1,0,0,1,1,0,1,5,6,mother_daughter_cif.y4m,42.03,42.302,0.609073,0.004716,0.0,156
1,1,1,1,0,0,0,1,0,0,1,0,4,15,3,mother_daughter_cif.y4m,58.03,58.01,0.119791,0.004679,0.0,271
1,1,1,1,0,0,1,1,0,1,0,0,2,15,3,mother_daughter_cif.y4m,55.14,55.862,1.269338,0.004172,0.0,9
1,1,1,1,0,0,1,1,0,1,0,1,1,0,0,mother_daughter_cif.y4m,55.38,55.198,0.310677,0.004348,0.0,165
1,0,1,0,0,1,1,0,0,1,0,0,1,15,6,mother_daughter_cif.y4m,36.54,36.426,0.41944,0.004728,0.0,126
1,0,1,1,0,0,1,0,0,1,1,1,8,5,0,mother_daughter_cif.y4m,42.04,42.428,0.798417,0.004716,0.0,280
1,0,1,1,0,0,0,0,0,1,1,0,2,5,3,mother_daughter_cif.y4m,36.38,36.642,0.512708,0.005005,0.0,172
1,0,1,0,1,0,1,0,0,0,0,0,1,15,6,mother_daughter_cif.y4m,17.97,18.04,0.133604,0.004733,0.0,292
1,0,1,0,0,1,0,0,0,1,0,1,1,0,3,mother_daughter_cif.y4m,31.06,31.322,1.037603,0.005203,0.0,179
1,0,1,0,0,1,1,0,0,1,0,1,2,0,3,mother_daughter_cif.y4m,35.45,35.506,0.276188,0.004773,0.0,272
1,0,1,0,0,1,1,0,0,0,1,0,4,5,0,mother_daughter_cif.y4m,35.78,35.79,0.05099,0.004728,0.0,105
1,0,1,0,1,0,0,0,0,0,0,0,1,0,3,mother_daughter_cif.y4m,14.8,14.81,0.018708,0.005046,0.0,76
1,0,1,1,0,0,1,0,0,0,1,0,4,15,3,mother_daughter_cif.y4m,42.22,42.6,0.623859,0.004716,0.0,197
1,1,1,1,0,0,1,1,0,0,1,0,1,15,0,mother_daughter_cif.y4m,55.58,55.59,0.108628,0.004363,0.0,221
1,1,1,1,0,0,1,1,0,0,1,0,8,15,6,mother_daughter_cif.y4m,55.91,55.994,0.607478,0.004152,0.0,167
1,1,1,0,1,0,0,1,0,1,0,1,4,15,6,mother_daughter_cif.y4m,24.05,24.064,0.048785,0.004668,0.0,136
1,1,1,1,0,0,0,1,0,1,0,1,8,15,6,mother_daughter_cif.y4m,58.98,58.64,0.615589,0.004681,0.0,243
1,0,1,0,1,0,0,0,0,1,0,1,8,15,6,mother_daughter_cif.y4m,13.97,13.96,0.03873,0.005041,0.0,60
1,0,1,1,0,0,0,0,0,1,0,1,2,0,6,mother_daughter_cif.y4m,36.13,36.116,0.073007,0.004992,0.0,110
1,1,1,1,0,0,1,1,0,1,0,0,1,15,6,mother_daughter_cif.y4m,56.71,56.246,0.993469,0.004152,0.0,35
1,0,1,1,0,0,1,0,0,0,1,1,2,5,6,mother_daughter_cif.y4m,43.2,42.994,0.438326,0.004716,0.0,235
1,0,1,1,0,0,0,0,0,1,0,0,1,0,3,mother_daughter_cif.y4m,38.08,37.488,1.07753,0.005005,0.0,44
1,1,1,0,1,0,1,1,0,0,1,0,4,15,3,mother_daughter_cif.y4m,24.21,24.272,0.129306,0.004186,0.0,256
1,0,1,0,0,1,0,0,0,0,1,1,8,0,0,mother_daughter_cif.y4m,30.91,30.878,0.073959,0.005234,0.0,192
1,0,1,0,1,0,0,0,0,0,1,1,2,0,0,mother_daughter_cif.y4m,13.82,13.832,0.072595,0.005046,0.0,41
1,0,1,1,0,0,0,0,0,0,1,0,4,5,0,mother_daughter_cif.y4m,37.45,37.022,0.655568,0.005005,0.0,37
1,0,1,0,0,1,0,0,0,0,0,0,4,5,0,mother_daughter_cif.y4m,30.86,30.826,0.101882,0.005234,0.0,26
1,1,1,1,0,0,0,1,0,0,0,0,1,0,3,mother_daughter_cif.y4m,57.32,58.056,1.031712,0.004669,0.0,273
1,1,1,1,0,0,1,1,0,0,0,1,1,5,6,mother_daughter_cif.y4m,52.5,53.15,1.489849,0.004237,0.0,233
1,1,1,0,1,0,1,1,0,0,1,1,8,0,0,mother_daughter_cif.y4m,20.87,20.882,0.021679,0.004356,0.0,101
1,0,1,1,0,0,0,0,0,0,0,1,2,5,3,mother_daughter_cif.y4m,36.01,36.02,0.077782,0.004992,0.0,39
1,1,1,0,1,0,0,1,0,0,0,1,1,15,0,mother_daughter_cif.y4m,23.27,23.232,0.11077,0.004671,0.0,106
1,1,1,0,1,0,0,0,1,1,0,0,1,0,0,mother_daughter_cif.y4m,19.51,19.524,0.0251,0.004697,0.0,242
1,1,1,1,0,0,1,1,0,0,1,0,2,15,0,mother_daughter_cif.y4m,55.88,55.87,0.215291,0.004363,0.0,193
1,0,1,0,1,0,1,0,0,0,1,0,1,15,6,mother_daughter_cif.y4m,18.47,18.306,0.319186,0.004733,0.0,103
1,1,1,0,1,0,0,1,0,1,1,1,8,5,6,mother_daughter_cif.y4m,22.82,22.84,0.065955,0.004681,0.0,1
1,0,1,1,0,0,0,0,0,1,1,1,1,0,0,mother_daughter_cif.y4m,37.19,37.144,1.024319,0.004992,0.0,61
1,1,1,1,0,0,0,0,1,0,0,0,2,0,0,mother_daughter_cif.y4m,47.44,47.398,0.453674,0.004698,0.0,56
1,1,1,0,1,0,0,1,0,0,1,0,8,15,3,mother_daughter_cif.y4m,23.1,23.17,0.1251,0.004681,0.0,148
1,0,1,0,1,0,0,0,0,1,0,1,2,5,0,mother_daughter_cif.y4m,13.95,13.998,0.202163,0.005041,0.0,112
1,0,1,0,1,0,1,0,0,0,1,0,8,15,3,mother_daughter_cif.y4m,18.06,18.038,0.031937,0.004733,0.0,300
1,0,1,0,1,0,0,0,0,1,1,0,4,15,0,mother_daughter_cif.y4m,13.81,13.812,0.046043,0.005046,0.0,249
1,0,1,0,1,0,0,0,0,0,0,1,2,0,0,mother_daughter_cif.y4m,14.96,14.588,0.589381,0.005041,0.0,20
1,1,1,1,0,0,1,1,0,1,0,1,1,5,0,mother_daughter_cif.y4m,54.81,54.752,0.2003,0.004355,0.0,104
1,1,1,1,0,0,0,1,0,1,1,1,8,15,6,mother_daughter_cif.y4m,57.62,57.616,0.120333,0.004682,0.0,131
1,0,1,1,0,0,0,0,0,0,0,0,2,0,3,mother_daughter_cif.y4m,36.55,36.638,0.350386,0.005005,0.0,69
1,0,1,0,1,0,1,0,0,0,0,0,2,0,3,mother_daughter_cif.y4m,18.01,18.104,0.234158,0.004733,0.0,220
1,1,1,1,0,0,1,1,0,1,1,1,8,15,6,mother_daughter_cif.y4m,59.01,58.976,0.167869,0.004152,0.0,11
1,1,1,1,0,0,1,1,0,1,0,0,4,15,6,mother_daughter_cif.y4m,59.05,58.982,0.12478,0.004152,0.0,258
1,0,1,0,1,0,1,0,0,0,0,0,2,15,3,mother_daughter_cif.y4m,19.39,18.848,0.784264,0.004733,0.0,65
1,0,1,0,0,1,1,0,0,0,0,0,2,15,0,mother_daughter_cif.y4m,36.83,36.876,0.0999,0.004728,0.0,160
1,0,1,0,0,1,1,0,0,0,0,0,8,0,0,mother_daughter_cif.y4m,38.2,38.224,0.092628,0.004728,0.0,238
1,1,1,1,0,0,0,1,0,0,0,0,4,0,0,mother_daughter_cif.y4m,57.44,57.49,0.13,0.004669,0.0,57
1,1,1,0,1,0,0,1,0,1,0,1,2,0,0,mother_daughter_cif.y4m,24.62,24.65,0.086023,0.004673,0.0,79
1,0,1,0,1,0,1,0,0,0,1,0,4,15,3,mother_daughter_cif.y4m,18.24,18.212,0.113886,0.004733,0.0,224
1,1,1,0,1,0,0,1,0,1,0,0,2,0,3,mother_daughter_cif.y4m,22.95,22.884,0.109225,0.004666,0.0,48
1,0,1,0,1,0,1,0,0,0,0,1,8,0,6,mother_daughter_cif.y4m,18.11,18.298,0.31523,0.004722,0.0,173
1,1,1,1,0,0,1,1,0,0,1,1,1,0,0,mother_daughter_cif.y4m,54.96,55.462,0.888324,0.004348,0.0,283
1,0,1,0,1,0,0,0,0,0,0,0,1,0,6,mother_daughter_cif.y4m,13.85,13.84,0.031623,0.005046,0.0,190
1,0,1,0,1,0,1,0,0,1,1,1,4,0,6,mother_daughter_cif.y4m,18.35,18.362,0.0502,0.004733,0.0,259
1,0,1,1,0,0,0,0,0,0,0,1,1,15,3,mother_daughter_cif.y4m,36.68,36.684,0.091269,0.004992,0.0,7
1,0,1,0,0,1,0,0,0,0,0,1,2,5,0,mother_daughter_cif.y4m,30.61,30.614,0.104307,0.005203,0.0,73
1,1,1,1,0,0,1,1,0,0,0,0,2,0,6,mother_daughter_cif.y4m,57.25,57.236,0.175727,0.004356,0.0,63
1,0,1,0,0,1,1,0,0,1,1,0,2,15,3,mother_daughter_cif.y4m,38.25,38.28,0.091924,0.004728,0.0,284
1,0,1,1,0,0,1,0,0,1,0,1,8,15,6,mother_daughter_cif.y4m,41.9,41.92,0.08124,0.004735,0.0,250
1,1,1,0,1,0,0,1,0,0,0,0,2,5,0,mother_daughter_cif.y4m,23.42,23.424,0.043359,0.004671,0.0,209
1,0,1,0,1,0,1,0,0,0,0,1,4,5,3,mother_daughter_cif.y4m,18.14,18.124,0.071274,0.004722,0.0,138
1,1,1,1,0,0,0,0,1,1,1,0,1,0,0,mother_daughter_cif.y4m,47.04,47.246,0.612274,0.004698,0.0,135
1,1,1,1,0,0,1,1,0,1,1,0,4,5,3,mother_daughter_cif.y4m,53.86,53.852,0.069785,0.004258,0.0,264
1,1,1,1,0,0,0,1,0,1,1,0,2,0,6,mother_daughter_cif.y4m,57.44,57.4,0.079057,0.004669,0.0,215
1,0,1,0,0,1,0,0,0,0,1,1,4,5,3,mother_daughter_cif.y4m,30.73,31.246,1.078439,0.005234,0.0,50
1,0,1,1,0,0,0,0,0,1,1,0,4,0,6,mother_daughter_cif.y4m,37.58,37.122,0.693268,0.005005,0.0,98
1,1,1,1,0,0,0,1,0,1,1,0,1,15,0,mother_daughter_cif.y4m,62.28,62.354,0.146219,0.004675,0.0,140
1,1,1,1,0,0,0,1,0,0,1,1,1,0,3,mother_daughter_cif.y4m,58.69,58.698,0.104259,0.004678,0.0,113
1,0,1,0,1,0,1,0,0,1,1,0,1,0,6,mother_daughter_cif.y4m,18.01,18.002,0.063008,0.004733,0.0,3
1,0,1,0,0,1,0,0,0,1,1,1,8,0,0,mother_daughter_cif.y4m,30.83,30.832,0.054037,0.005234,0.0,149
1,0,1,1,0,0,0,0,0,0,1,1,8,5,6,mother_daughter_cif.y4m,36.35,37.22,1.217128,0.005005,0.0,153
1,1,1,1,0,0,1,1,0,1,1,0,2,15,6,mother_daughter_cif.y4m,56.53,56.178,1.026825,0.004152,0.0,133
1,0,1,1,0,0,0,0,0,0,0,0,1,0,3,mother_daughter_cif.y4m,37.33,37.05,0.534369,0.005005,0.0,191
1,1,1,0,1,0,0,1,0,1,0,1,1,0,6,mother_daughter_cif.y4m,23.04,23.142,0.17782,0.004673,0.0,100
1,0,1,1,0,0,1,0,0,0,1,0,4,0,3,mother_daughter_cif.y4m,42.95,42.938,0.121532,0.004716,0.0,85
1,0,1,0,0,1,1,0,0,0,0,0,2,0,3,mother_daughter_cif.y4m,36.58,36.512,0.705918,0.004728,0.0,88
1,0,1,0,1,0,1,0,0,1,1,0,4,15,6,mother_daughter_cif.y4m,19.31,19.428,0.209093,0.004733,0.0,31
1,0,1,0,0,1,1,0,0,0,0,0,4,5,3,mother_daughter_cif.y4m,36.0,36.206,0.516895,0.004728,0.0,134
1,1,1,0,1,0,1,1,0,1,1,1,8,0,3,mother_daughter_cif.y4m,20.97,20.988,0.103537,0.004356,0.0,147
1,1,1,1,0,0,0,1,0,0,1,1,4,15,6,mother_daughter_cif.y4m,57.59,57.524,0.12973,0.004682,0.0,275
1,0,1,0,0,1,1,0,0,0,1,0,4,15,3,mother_daughter_cif.y4m,35.66,35.868,0.534294,0.004728,0.0,143
1,1,1,0,1,0,1,1,0,1,0,0,1,5,6,mother_daughter_cif.y4m,21.26,21.26,0.083066,0.004261,0.0,8
1,1,1,1,0,0,1,1,0,0,1,1,4,5,3,mother_daughter_cif.y4m,53.96,54.078,0.444488,0.004258,0.0,216
1,0,1,1,0,0,1,0,0,1,0,0,1,0,3,mother_daughter_cif.y4m,41.96,42.004,0.098133,0.004716,0.0,214
1,0,1,0,0,1,0,0,0,0,0,0,1,5,0,mother_daughter_cif.y4m,30.8,31.152,0.530349,0.005234,0.0,17
1,0,1,0,0,1,1,0,0,0,0,0,1,5,0,mother_daughter_cif.y4m,35.78,36.166,0.585645,0.004728,0.0,206
1,0,1,0,1,0,0,0,0,1,1,1,8,15,0,mother_daughter_cif.y4m,13.83,13.802,0.038987,0.005046,0.0,36
1,1,1,0,1,0,1,1,0,0,0,0,4,15,3,mother_daughter_cif.y4m,23.41,23.246,0.516798,0.004186,0.0,6
1,0,1,1,0,0,1,0,0,0,0,1,1,0,6,mother_daughter_cif.y4m,42.03,42.312,0.475941,0.004735,0.0,5
1,0,1,1,0,0,1,0,0,0,0,0,8,15,6,mother_daughter_cif.y4m,42.11,42.14,0.0886,0.004716,0.0,164
1,0,1,0,0,1,0,0,0,1,0,0,8,0,6,mother_daughter_cif.y4m,30.82,30.81,0.096695,0.005234,0.0,97
1,0,1,1,0,0,0,0,0,0,1,0,2,5,3,mother_daughter_cif.y4m,36.45,36.614,0.395891,0.005005,0.0,236
1,1,1,0,1,0,1,1,0,0,0,0,8,5,0,mother_daughter_cif.y4m,21.41,21.39,0.067454,0.004364,0.0,71
1,1,1,0,1,0,1,1,0,1,0,1,2,0,3,mother_daughter_cif.y4m,21.11,21.094,0.377001,0.004366,0.0,295
1,0,1,1,0,0,1,0,0,1,1,0,8,5,3,mother_daughter_cif.y4m,42.24,42.318,0.246008,0.004716,0.0,286
1,0,1,0,1,0,0,0,0,0,0,1,1,5,0,mother_daughter_cif.y4m,13.85,14.056,0.305172,0.005041,0.0,34
1,0,1,0,1,0,1,0,0,1,1,1,1,5,3,mother_daughter_cif.y4m,18.03,18.054,0.051284,0.004722,0.0,240
1,0,1,0,0,1,1,0,0,0,0,1,4,15,3,mother_daughter_cif.y4m,36.41,36.444,0.741842,0.004773,0.0,18
1,0,1,0,1,0,0,0,0,0,1,0,8,0,6,mother_daughter_cif.y4m,14.82,14.82,0.018708,0.005046,0.0,102
1,1,1,1,0,0,1,0,1,0,1,0,4,0,0,mother_daughter_cif.y4m,46.42,46.216,0.346309,0.00446,0.0,51
1,1,1,1,0,0,1,1,0,0,0,1,4,15,6,mother_daughter_cif.y4m,55.39,55.506,0.163493,0.004162,0.0,282
1,0,1,0,1,0,1,0,0,1,1,1,1,0,3,mother_daughter_cif.y4m,18.47,18.424,0.068044,0.004722,0.0,77
1,0,1,1,0,0,1,0,0,0,1,0,2,0,3,mother_daughter_cif.y4m,42.18,42.42,0.406755,0.004716,0.0,128
1,1,1,0,1,0,1,1,0,0,0,0,2,5,3,mother_daughter_cif.y4m,20.76,20.686,0.122597,0.00425,0.0,234
1,0,1,1,0,0,0,0,0,0,1,1,1,0,0,mother_daughter_cif.y4m,36.74,36.724,0.097108,0.004992,0.0,252
1,0,1,1,0,0,1,0,0,0,0,1,4,0,3,mother_daughter_cif.y4m,41.94,42.436,0.73371,0.004735,0.0,28
1,0,1,0,0,1,1,0,0,1,1,1,8,15,3,mother_daughter_cif.y4m,35.86,36.082,0.662246,0.004728,0.0,139
1,0,1,0,0,1,0,0,0,0,0,1,1,5,0,mother_daughter_cif.y4m,32.96,32.17,1.188865,0.005203,0.0,158
1,1,1,0,1,0,1,1,0,1,0,1,8,5,3,mother_daughter_cif.y4m,21.41,21.39,0.053385,0.004248,0.0,152
1,0,1,1,0,0,1,0,0,1,0,0,2,0,6,mother_daughter_cif.y4m,45.37,45.458,0.491294,0.004716,0.0,12
1,1,1,0,1,0,0,1,0,0,0,1,4,15,3,mother_daughter_cif.y4m,23.54,23.532,0.031937,0.00468,0.0,294
1,1,1,0,1,0,0,1,0,0,0,1,8,15,3,mother_daughter_cif.y4m,23.71,23.718,0.047645,0.00468,0.0,154
1,1,1,1,0,0,0,1,0,1,0,0,2,15,6,mother_daughter_cif.y4m,59.04,58.508,0.819616,0.004682,0.0,157
1,0,1,1,0,0,1,0,0,1,1,1,2,0,3,mother_daughter_cif.y4m,42.59,42.55,0.480729,0.004716,0.0,150
1,1,1,0,1,0,1,1,0,0,1,0,8,0,6,mother_daughter_cif.y4m,22.41,22.546,0.258612,0.004356,0.0,287
1,0,1,0,1,0,0,0,0,1,1,0,1,0,3,mother_daughter_cif.y4m,13.82,13.956,0.202559,0.005046,0.0,297
1,0,1,0,0,1,0,0,0,1,1,0,8,15,0,mother_daughter_cif.y4m,30.86,30.876,0.192951,0.005234,0.0,263
1,1,1,0,1,0,0,1,0,1,1,1,1,5,3,mother_daughter_cif.y4m,21.71,21.694,0.051769,0.004675,0.0,255
1,0,1,1,0,0,0,0,0,1,1,0,8,15,3,mother_daughter_cif.y4m,37.65,37.646,0.124619,0.005005,0.0,115
1,0,1,0,0,1,1,0,0,1,0,1,4,15,3,mother_daughter_cif.y4m,38.02,38.092,0.343613,0.004773,0.0,188
1,0,1,0,0,1,1,0,0,0,0,1,8,0,6,mother_daughter_cif.y4m,37.86,37.864,0.06269,0.004773,0.0,212
1,0,1,1,0,0,1,0,0,0,0,1,1,15,3,mother_daughter_cif.y4m,41.94,41.906,0.111714,0.004735,0.0,195
1,0,1,0,1,0,0,0,0,0,1,1,2,15,0,mother_daughter_cif.y4m,14.11,14.054,0.156141,0.005046,0.0,119
1,0,1,1,0,0,0,0,0,1,0,1,4,15,0,mother_daughter_cif.y4m,36.14,36.128,0.045497,0.004992,0.0,58
1,0,1,0,1,0,1,0,0,1,0,1,4,0,6,mother_daughter_cif.y4m,18.17,18.192,0.119038,0.004722,0.0,277
1,0,1,0,1,0,1,0,0,0,1,1,4,5,6,mother_daughter_cif.y4m,18.48,18.314,0.299633,0.004733,0.0,64
1,1,1,0,1,0,1,1,0,1,0,0,2,0,0,mother_daughter_cif.y4m,20.97,21.07,0.18262,0.004356,0.0,285
1,1,1,0,1,0,1,1,0,1,0,0,4,0,0,mother_daughter_cif.y4m,21.41,21.318,0.246718,0.004356,0.0,290
1,0,1,1,0,0,0,0,0,1,0,1,8,5,6,mother_daughter_cif.y4m,36.09,36.528,0.983956,0.004992,0.0,196
1,1,1,1,0,0,1,0,1,1,1,1,1,0,0,mother_daughter_cif.y4m,43.46,43.448,0.129112,0.004428,0.0,93
1,0,1,1,0,0,1,0,0,0,1,1,4,5,6,mother_daughter_cif.y4m,43.2,42.882,0.612225,0.004716,0.0,299
1,0,1,1,0,0,0,0,0,1,0,0,2,5,0,mother_daughter_cif.y4m,37.91,37.532,0.993036,0.005005,0.0,125
1,1,1,0,1,0,0,1,0,1,0,1,2,15,6,mother_daughter_cif.y4m,24.53,24.348,0.293036,0.004668,0.0,21
1,0,1,0,1,0,0,0,0,1,0,1,2,0,0,mother_daughter_cif.y4m,14.43,14.27,0.397303,0.005041,0.0,225
1,0,1,0,1,0,0,0,0,1,0,0,2,5,0,news_cif.y4m,13.88,13.896,0.066558,0.004992,0.0,114
1,1,1,1,0,0,0,0,1,0,0,1,1,0,0,news_cif.y4m,53.14,53.204,0.149766,0.004687,0.0,281
1,1,1,1,0,0,0,1,0,1,1,0,2,5,0,news_cif.y4m,65.31,65.304,0.185822,0.004643,0.0,49
1,0,1,0,0,1,1,0,0,0,0,0,2,15,6,news_cif.y4m,38.85,38.916,0.0999,0.005233,0.0,194
1,0,1,1,0,0,0,0,0,0,0,0,2,0,6,news_cif.y4m,37.03,37.028,0.142548,0.004986,0.0,62
1,1,1,0,1,0,0,1,0,1,1,1,1,15,3,news_cif.y4m,28.55,28.614,0.122188,0.004656,0.0,91
1,0,1,0,0,1,1,0,0,0,0,0,4,0,6,news_cif.y4m,39.78,39.712,0.160219,0.005233,0.0,107
1,0,1,1,0,0,1,0,0,0,0,1,4,5,3,news_cif.y4m,46.34,46.386,0.109453,0.005215,0.0,181
1,0,1,0,1,0,1,0,0,0,0,0,4,5,0,news_cif.y4m,18.53,18.52,0.081548,0.005248,0.0,247
1,0,1,1,0,0,0,0,0,1,1,0,4,5,3,news_cif.y4m,36.38,36.37,0.082765,0.004986,0.0,166
1,0,1,0,0,1,0,0,0,0,1,1,4,0,0,news_cif.y4m,30.36,30.396,0.084439,0.005864,0.0,25
1,1,1,0,1,0,0,1,0,0,0,1,8,0,6,news_cif.y4m,25.64,25.636,0.055498,0.004637,0.0,203
1,1,1,1,0,0,1,1,0,1,1,1,4,5,6,news_cif.y4m,70.25,70.266,0.216171,0.004055,0.0,219
1,0,1,0,0,1,0,0,0,0,0,0,4,15,0,news_cif.y4m,30.39,30.448,0.142724,0.005864,0.0,162
1,0,1,1,0,0,1,0,0,0,1,0,4,15,6,news_cif.y4m,47.13,47.05,0.15411,0.005228,0.0,182
1,0,1,0,0,1,0,0,0,1,1,0,1,15,6,news_cif.y4m,29.84,29.864,0.083845,0.005864,0.0,10
1,1,1,1,0,0,1,1,0,1,1,1,2,15,0,news_cif.y4m,72.75,72.654,0.225011,0.004181,0.0,14
1,1,1,1,0,0,0,1,0,0,0,1,1,0,6,news_cif.y4m,63.35,63.354,0.226782,0.004641,0.0,89
1,1,1,1,0,0,0,1,0,1,1,1,1,5,0,news_cif.y4m,65.48,65.432,0.113446,0.004644,0.0,116
1,0,1,1,0,0,0,0,0,0,1,1,4,15,3,news_cif.y4m,37.1,37.074,0.083546,0.004986,0.0,217
1,1,1,0,1,0,0,1,0,0,1,0,1,0,0,news_cif.y4m,26.48,26.486,0.045056,0.004598,0.0,75
1,1,1,0,1,0,0,1,0,1,1,1,2,15,6,news_cif.y4m,28.48,28.474,0.044497,0.00466,0.0,266
1,0,1,1,0,0,1,0,0,0,1,1,4,15,3,news_cif.y4m,47.07,47.034,0.210309,0.005228,0.0,268
1,0,1,0,1,0,1,0,0,1,1,1,4,15,3,news_cif.y4m,18.47,18.494,0.055946,0.005248,0.0,187
1,0,1,0,0,1,1,0,0,0,1,0,8,15,3,news_cif.y4m,39.59,39.66,0.163095,0.005233,0.0,161
1,0,1,0,1,0,1,0,0,0,1,0,2,0,6,news_cif.y4m,18.53,18.51,0.048477,0.005248,0.0,23
1,1,1,1,0,0,0,1,0,1,1,0,2,5,6,news_cif.y4m,65.55,65.572,0.088431,0.004651,0.0,2
1,1,1,1,0,0,1,0,1,1,0,1,2,0,0,news_cif.y4m,52.88,52.864,0.210547,0.004416,0.0,16
1,0,1,1,0,0,0,0,0,1,1,1,8,15,0,news_cif.y4m,37.04,37.02,0.096177,0.004986,0.0,262
1,1,1,1,0,0,0,1,0,1,1,0,4,5,0,news_cif.y4m,64.2,64.154,0.154532,0.004643,0.0,66
1,0,1,1,0,0,0,0,0,1,0,0,2,0,0,news_cif.y4m,37.04,37.022,0.142373,0.004986,0.0,86
1,0,1,0,1,0,1,0,0,0,1,0,2,5,6,news_cif.y4m,18.48,18.5,0.056125,0.005248,0.0,231
1,0,1,0,1,0,0,0,0,0,0,0,4,5,0,news_cif.y4m,14.09,14.112,0.054037,0.004992,0.0,269
1,1,1,0,1,0,1,1,0,0,1,0,1,5,0,news_cif.y4m,27.73,27.726,0.070214,0.004126,0.0,180
1,0,1,0,0,1,0,0,0,0,1,0,4,5,6,news_cif.y4m,29.96,29.936,0.060249,0.005864,0.0,274
1,1,1,1,0,0,0,1,0,1,1,0,2,15,6,news_cif.y4m,69.03,69.08,0.177341,0.004654,0.0,184
1,0,1,0,0,1,1,0,0,0,0,1,4,5,0,news_cif.y4m,39.53,39.516,0.166523,0.005236,0.0,118
1,1,1,1,0,0,0,1,0,0,0,0,1,0,6,news_cif.y4m,64.63,64.642,0.140606,0.004639,0.0,254
1,0,1,1,0,0,1,0,0,0,1,1,4,5,0,news_cif.y4m,46.92,46.91,0.098234,0.005228,0.0,208
1,0,1,0,0,1,1,0,0,1,1,0,4,5,6,news_cif.y4m,38.81,38.868,0.099599,0.005233,0.0,279
1,1,1,1,0,0,0,1,0,0,1,1,4,15,3,news_cif.y4m,69.71,69.814,0.190342,0.004655,0.0,229
1,0,1,0,0,1,1,0,0,1,1,1,1,0,0,news_cif.y4m,39.44,39.464,0.110815,0.005236,0.0,46
1,0,1,0,0,1,0,0,0,1,1,1,4,5,6,news_cif.y4m,30.36,30.402,0.092304,0.005864,0.0,171
1,1,1,1,0,0,0,1,0,0,1,0,2,5,0,news_cif.y4m,65.36,65.352,0.087579,0.004643,0.0,99
1,0,1,0,0,1,0,0,0,0,0,0,8,0,0,news_cif.y4m,30.51,30.464,0.083546,0.005864,0.0,81
1,1,1,1,0,0,1,1,0,1,0,1,8,5,0,news_cif.y4m,72.1,71.944,0.308432,0.004164,0.0,155
1,0,1,0,1,0,0,0,0,1,0,1,1,15,6,news_cif.y4m,13.87,13.852,0.039623,0.005,0.0,96
1,1,1,1,0,0,0,1,0,1,1,1,8,0,0,news_cif.y4m,64.63,64.646,0.220749,0.004639,0.0,218
1,1,1,1,0,0,1,1,0,1,1,0,8,0,6,news_cif.y4m,70.5,70.618,0.270961,0.004122,0.0,53
1,1,1,0,1,0,1,0,1,0,0,0,2,0,0,news_cif.y4m,20.86,20.914,0.098133,0.004456,0.0,109
1,0,1,0,1,0,0,0,0,0,1,0,4,5,6,news_cif.y4m,14.11,14.13,0.041833,0.004992,0.0,185
1,1,1,1,0,0,0,1,0,0,1,1,2,0,0,news_cif.y4m,64.56,64.63,0.147986,0.004639,0.0,239
1,0,1,1,0,0,0,0,0,0,0,1,2,0,0,news_cif.y4m,36.86,36.928,0.11649,0.004986,0.0,276
1,0,1,1,0,0,1,0,0,0,0,1,4,0,6,news_cif.y4m,46.39,46.338,0.150897,0.005215,0.0,257
1,0,1,0,0,1,0,0,0,1,1,0,1,5,0,news_cif.y4m,30.48,30.416,0.105736,0.005864,0.0,42
1,1,1,0,1,0,1,1,0,0,0,0,2,15,3,news_cif.y4m,30.3,30.316,0.037815,0.004058,0.0,204
1,0,1,1,0,0,1,0,0,1,0,1,2,15,6,news_cif.y4m,47.36,47.376,0.095289,0.005215,0.0,145
1,0,1,0,1,0,0,0,0,0,0,0,2,0,3,news_cif.y4m,13.84,13.87,0.046368,0.004992,0.0,246
1,1,1,1,0,0,0,1,0,0,1,1,8,0,0,news_cif.y4m,63.4,63.352,0.191233,0.004639,0.0,202
1,1,1,0,1,0,0,1,0,1,0,0,2,5,3,news_cif.y4m,27.24,27.278,0.085264,0.004653,0.0,70
1,0,1,0,1,0,0,0,0,0,1,0,1,5,3,news_cif.y4m,14.07,14.098,0.053572,0.004992,0.0,230
1,0,1,0,1,0,1,0,0,0,0,0,4,15,6,news_cif.y4m,18.55,18.53,0.051478,0.005248,0.0,267
1,1,1,1,0,0,1,1,0,0,0,1,8,5,3,news_cif.y4m,69.77,69.792,0.127358,0.004125,0.0,146
1,0,1,0,1,0,1,0,0,0,0,1,2,15,0,news_cif.y4m,18.33,18.342,0.030332,0.005252,0.0,27
1,0,1,0,1,0,1,0,0,0,1,1,8,0,3,news_cif.y4m,18.56,18.56,0.022361,0.005248,0.0,137
1,1,1,1,0,0,0,1,0,0,1,1,2,15,0,news_cif.y4m,65.44,65.412,0.085264,0.004643,0.0,189
1,1,1,0,1,0,1,1,0,1,0,0,4,15,0,news_cif.y4m,27.69,27.69,0.036742,0.004126,0.0,132
1,1,1,1,0,0,0,0,1,1,0,1,8,0,0,news_cif.y4m,53.16,53.26,0.167183,0.004687,0.0,169
1,0,1,0,0,1,0,0,0,0,0,0,1,5,6,news_cif.y4m,30.54,30.516,0.111041,0.005864,0.0,33
1,0,1,1,0,0,0,0,0,0,1,1,8,15,0,news_cif.y4m,37.08,37.076,0.093968,0.004986,0.0,205
1,0,1,1,0,0,0,0,0,1,0,1,2,0,0,news_cif.y4m,36.86,36.892,0.097314,0.004986,0.0,245
1,1,1,0,1,0,1,1,0,0,1,1,1,15,0,news_cif.y4m,27.41,27.384,0.067305,0.0041,0.0,298
1,0,1,1,0,0,1,0,0,1,1,0,2,5,6,news_cif.y4m,47.09,47.032,0.138636,0.005228,0.0,163
1,1,1,1,0,0,0,1,0,0,0,0,1,5,0,news_cif.y4m,63.97,64.012,0.160842,0.004643,0.0,123
1,0,1,0,0,1,1,0,0,1,0,0,4,15,0,news_cif.y4m,39.61,39.65,0.115109,0.005233,0.0,4
1,0,1,0,0,1,1,0,0,1,1,0,8,5,6,news_cif.y4m,38.83,38.868,0.120913,0.005233,0.0,141
1,1,1,0,1,0,0,1,0,1,0,0,8,5,6,news_cif.y4m,27.02,27.032,0.057619,0.004653,0.0,129
1,1,1,0,1,0,1,1,0,1,1,0,4,5,3,news_cif.y4m,28.11,28.134,0.077653,0.00414,0.0,159
1,0,1,0,0,1,1,0,0,1,0,0,1,0,0,news_cif.y4m,38.83,38.856,0.083845,0.005233,0.0,22
1,0,1,0,0,1,0,0,0,1,0,1,2,0,6,news_cif.y4m,30.28,30.258,0.114543,0.005887,0.0,175
1,1,1,1,0,0,0,1,0,1,1,1,8,5,6,news_cif.y4m,65.48,65.46,0.148324,0.004651,0.0,151
1,1,1,0,1,0,0,1,0,0,1,0,2,5,0,news_cif.y4m,25.98,26.022,0.082885,0.004633,0.0,52
1,0,1,0,0,1,0,0,0,0,0,1,4,0,3,news_cif.y4m,30.19,30.25,0.130384,0.005887,0.0,108
1,0,1,0,1,0,1,0,0,0,0,1,8,15,0,news_cif.y4m,18.45,18.426,0.075033,0.005252,0.0,72
1,0,1,1,0,0,1,0,0,1,1,0,8,0,6,news_cif.y4m,46.89,46.968,0.146526,0.005228,0.0,248
1,1,1,1,0,0,1,1,0,1,1,0,8,5,6,news_cif.y4m,70.24,70.252,0.200674,0.004055,0.0,174
1,0,1,1,0,0,1,0,0,1,1,1,8,0,3,news_cif.y4m,46.92,46.984,0.14519,0.005228,0.0,130
1,1,1,0,1,0,1,1,0,1,1,1,8,15,0,news_cif.y4m,27.66,27.706,0.10015,0.004126,0.0,168
1,0,1,0,0,1,1,0,0,1,0,1,8,0,6,news_cif.y4m,39.6,39.59,0.04,0.005236,0.0,198
1,0,1,0,0,1,1,0,0,1,1,0,1,0,3,news_cif.y4m,39.75,39.758,0.142373,0.005233,0.0,83
1,1,1,1,0,0,1,1,0,0,1,0,1,0,3,news_cif.y4m,70.49,70.552,0.160686,0.004122,0.0,291
1,0,1,0,1,0,0,0,0,1,1,0,1,0,6,news_cif.y4m,14.12,14.128,0.058907,0.004992,0.0,237
1,0,1,0,0,1,0,0,0,1,1,1,2,15,3,news_cif.y4m,30.39,30.43,0.069642,0.005864,0.0,90
1,1,1,1,0,0,1,1,0,0,0,1,1,15,0,news_cif.y4m,73.27,73.326,0.18636,0.004164,0.0,87
1,0,1,1,0,0,1,0,0,1,0,0,1,5,0,news_cif.y4m,46.96,46.99,0.116404,0.005228,0.0,74
1,0,1,0,0,1,0,0,0,1,0,0,2,0,3,news_cif.y4m,30.55,30.526,0.083845,0.005864,0.0,201
1,0,1,0,1,0,0,0,0,1,0,1,1,0,0,news_cif.y4m,14.14,14.14,0.024495,0.005,0.0,183
1,0,1,1,0,0,0,0,0,0,0,0,4,0,6,news_cif.y4m,36.46,36.388,0.126768,0.004986,0.0,227
1,1,1,0,1,0,1,1,0,0,0,0,1,15,6,news_cif.y4m,29.75,29.728,0.067602,0.004053,0.0,222
1,0,1,0,0,1,0,0,0,0,1,0,8,0,6,news_cif.y4m,30.52,30.496,0.113049,0.005864,0.0,55
1,0,1,1,0,0,0,0,0,0,1,1,2,5,0,news_cif.y4m,37.03,37.044,0.069857,0.004986,0.0,142
1,0,1,1,0,0,1,0,0,1,0,1,1,5,6,news_cif.y4m,47.31,47.3,0.166132,0.005215,0.0,124
1,0,1,1,0,0,1,0,0,0,0,0,8,0,0,news_cif.y4m,46.96,46.978,0.149399,0.005228,0.0,95
1,0,1,1,0,0,1,0,0,1,0,0,2,15,0,news_cif.y4m,46.94,46.918,0.078867,0.005228,0.0,241
1,0,1,0,1,0,0,0,0,0,1,1,1,5,3,news_cif.y4m,14.11,14.112,0.05933,0.005,0.0,289
1,0,1,1,0,0,1,0,0,1,1,0,1,5,0,news_cif.y4m,47.11,47.08,0.084558,0.005228,0.0,278
1,1,1,0,1,0,0,1,0,1,1,0,1,0,6,news_cif.y4m,26.51,26.5,0.099247,0.004598,0.0,176
1,0,1,0,0,1,1,0,0,0,1,0,8,5,0,news_cif.y4m,39.59,39.636,0.149599,0.005233,0.0,122
1,0,1,0,0,1,0,0,0,0,1,0,4,0,6,news_cif.y4m,30.38,30.418,0.061806,0.005864,0.0,30
1,1,1,0,1,0,0,1,0,0,0,0,2,0,6,news_cif.y4m,26.48,26.478,0.028636,0.004598,0.0,251
1,0,1,1,0,0,0,0,0,0,0,1,1,0,0,news_cif.y4m,36.82,36.876,0.135019,0.004986,0.0,120
1,0,1,1,0,0,0,0,0,0,0,1,2,15,6,news_cif.y4m,36.94,36.93,0.094604,0.004986,0.0,144
1,0,1,0,1,0,1,0,0,0,0,0,1,0,3,news_cif.y4m,18.53,18.512,0.044385,0.005248,0.0,265
1,1,1,0,1,0,0,1,0,0,1,0,2,0,6,news_cif.y4m,26.51,26.478,0.09576,0.004598,0.0,260
1,1,1,0,1,0,0,1,0,0,0,1,1,0,3,news_cif.y4m,26.12,26.12,0.05244,0.004637,0.0,78
1,0,1,0,1,0,0,0,0,0,1,1,8,15,3,news_cif.y4m,14.1,14.104,0.040373,0.004992,0.0,84
1,0,1,1,0,0,1,0,0,1,0,0,4,15,3,news_cif.y4m,46.96,46.968,0.1001,0.005228,0.0,296
1,0,1,0,0,1,0,0,0,0,0,1,2,5,6,news_cif.y4m,30.24,30.222,0.040866,0.005887,0.0,232
1,0,1,0,0,1,1,0,0,0,1,0,4,15,6,news_cif.y4m,39.77,39.746,0.126214,0.005233,0.0,213
1,1,1,0,1,0,0,1,0,0,1,1,8,15,3,news_cif.y4m,29.01,29.032,0.088148,0.004654,0.0,94
1,0,1,0,1,0,0,0,0,0,1,1,1,5,0,news_cif.y4m,14.17,14.156,0.064265,0.005,0.0,178
1,0,1,1,0,0,1,0,0,1,0,0,4,0,0,news_cif.y4m,47.11,47.064,0.091269,0.005228,0.0,127
1,1,1,0,1,0,1,1,0,0,1,0,8,5,6,news_cif.y4m,28.65,28.678,0.087864,0.004139,0.0,111
1,0,1,0,1,0,0,0,0,0,0,1,1,0,6,news_cif.y4m,14.13,14.12,0.041833,0.005,0.0,92
1,1,1,1,0,0,0,1,0,0,1,0,8,15,6,news_cif.y4m,69.18,69.162,0.134052,0.004654,0.0,54
1,0,1,0,0,1,0,0,0,0,0,1,2,15,0,news_cif.y4m,29.56,29.586,0.059833,0.005887,0.0,45
1,0,1,1,0,0,0,0,0,1,0,0,4,0,6,news_cif.y4m,36.97,37.036,0.129345,0.004986,0.0,226
1,1,1,1,0,0,1,1,0,1,0,0,8,5,0,news_cif.y4m,72.56,72.632,0.289344,0.004181,0.0,200
1,0,1,0,0,1,1,0,0,1,0,1,8,5,6,news_cif.y4m,39.4,39.436,0.116962,0.005236,0.0,59
1,1,1,0,1,0,1,0,1,0,0,1,2,0,0,news_cif.y4m,21.29,21.306,0.056833,0.004444,0.0,19
1,1,1,1,0,0,0,1,0,1,0,0,2,15,0,news_cif.y4m,65.39,65.434,0.128957,0.004643,0.0,47
1,1,1,0,1,0,1,1,0,0,0,1,4,5,6,news_cif.y4m,28.85,28.858,0.066858,0.003998,0.0,32
1,1,1,0,1,0,0,1,0,1,0,0,1,5,6,news_cif.y4m,27.08,27.056,0.101637,0.004653,0.0,170
1,0,1,0,0,1,0,0,0,1,1,0,1,15,0,news_cif.y4m,30.52,30.51,0.094074,0.005864,0.0,270
1,0,1,1,0,0,1,0,0,1,0,1,4,15,6,news_cif.y4m,47.23,47.266,0.127004,0.005215,0.0,207
1,1,1,0,1,0,0,1,0,1,1,1,1,5,6,news_cif.y4m,26.94,26.938,0.022804,0.004662,0.0,43
1,0,1,0,1,0,1,0,0,0,1,1,1,0,3,news_cif.y4m,18.36,18.358,0.054037,0.005252,0.0,40
1,1,1,0,1,0,0,1,0,0,1,1,1,5,3,news_cif.y4m,26.98,26.968,0.056303,0.004659,0.0,117
1,0,1,0,0,1,0,0,0,0,1,0,8,15,6,news_cif.y4m,30.51,30.462,0.09471,0.005864,0.0,253
1,0,1,1,0,0,0,0,0,1,0,0,1,15,3,news_cif.y4m,36.25,36.238,0.07791,0.004986,0.0,68
1,1,1,1,0,0,0,1,0,1,1,1,1,15,6,news_cif.y4m,69.05,69.168,0.194987,0.004656,0.0,186
1,1,1,0,1,0,1,1,0,0,0,1,8,15,3,news_cif.y4m,28.93,28.942,0.06261,0.004087,0.0,288
1,1,1,0,1,0,0,1,0,0,0,0,2,0,0,news_cif.y4m,26.41,26.432,0.058907,0.004598,0.0,15
1,0,1,1,0,0,0,0,0,0,1,1,2,15,3,news_cif.y4m,36.35,36.3,0.107935,0.004986,0.0,82
1,1,1,1,0,0,0,1,0,0,0,0,4,15,6,news_cif.y4m,69.12,69.02,0.205791,0.004654,0.0,211
1,0,1,0,1,0,1,0,0,1,1,1,8,15,6,news_cif.y4m,18.49,18.492,0.030332,0.005248,0.0,177
1,1,1,0,1,0,0,1,0,1,1,1,2,5,3,news_cif.y4m,26.79,26.808,0.044944,0.004653,0.0,210
1,0,1,1,0,0,0,0,0,1,1,1,2,0,3,news_cif.y4m,37.04,37.034,0.078613,0.004986,0.0,13
1,0,1,0,1,0,1,0,0,0,0,1,2,15,3,news_cif.y4m,18.45,18.428,0.062209,0.005252,0.0,228
1,0,1,0,1,0,1,0,0,1,1,0,4,5,3,news_cif.y4m,18.48,18.514,0.079246,0.005248,0.0,38
1,1,1,1,0,0,0,1,0,0,0,1,4,15,6,news_cif.y4m,68.04,67.998,0.221743,0.004656,0.0,29
1,1,1,1,0,0,1,0,1,1,0,0,8,0,0,news_cif.y4m,53.57,53.508,0.210879,0.004436,0.0,24
1,1,1,1,0,0,0,1,0,0,0,0,8,5,6,news_cif.y4m,65.54,65.506,0.106677,0.004651,0.0,293
1,1,1,1,0,0,0,1,0,0,1,0,2,5,6,news_cif.y4m,65.33,65.312,0.056303,0.004651,0.0,67
1,1,1,0,1,0,0,1,0,1,0,1,2,5,0,news_cif.y4m,25.83,25.866,0.077974,0.004641,0.0,199
1,0,1,0,0,1,1,0,0,1,1,0,8,15,3,news_cif.y4m,39.68,39.674,0.045056,0.005233,0.0,244
1,0,1,0,0,1,1,0,0,0,0,0,8,15,0,news_cif.y4m,39.61,39.654,0.102127,0.005233,0.0,80
1,1,1,1,0,0,1,1,0,1,1,1,2,0,3,news_cif.y4m,69.14,69.174,0.193985,0.004122,0.0,223
1,1,1,0,1,0,1,1,0,0,1,0,8,5,0,news_cif.y4m,27.65,27.664,0.039749,0.004126,0.0,121
1,0,1,1,0,0,1,0,0,0,0,0,8,5,3,news_cif.y4m,47.0,46.984,0.070214,0.005228,0.0,261
1,0,1,1,0,0,1,0,0,1,1,0,1,5,6,news_cif.y4m,47.06,47.022,0.156748,0.005228,0.0,156
1,1,1,1,0,0,0,1,0,0,1,0,4,15,3,news_cif.y4m,69.87,69.856,0.176437,0.004655,0.0,271
1,1,1,1,0,0,1,1,0,1,0,0,2,15,3,news_cif.y4m,70.45,70.368,0.226318,0.003967,0.0,9
1,1,1,1,0,0,1,1,0,1,0,1,1,0,0,news_cif.y4m,70.66,70.638,0.146526,0.004176,0.0,165
1,0,1,0,0,1,1,0,0,1,0,0,1,15,6,news_cif.y4m,39.74,39.732,0.090388,0.005233,0.0,126
1,0,1,1,0,0,1,0,0,1,1,1,8,5,0,news_cif.y4m,46.24,46.152,0.153199,0.005228,0.0,280
1,0,1,1,0,0,0,0,0,1,1,0,2,5,3,news_cif.y4m,36.99,37.006,0.082037,0.004986,0.0,172
1,0,1,0,1,0,1,0,0,0,0,0,1,15,6,news_cif.y4m,18.48,18.502,0.051186,0.005248,0.0,292
1,0,1,0,0,1,0,0,0,1,0,1,1,0,3,news_cif.y4m,30.32,30.31,0.096695,0.005887,0.0,179
1,0,1,0,0,1,1,0,0,1,0,1,2,0,3,news_cif.y4m,39.51,39.51,0.090277,0.005236,0.0,272
1,0,1,0,0,1,1,0,0,0,1,0,4,5,0,news_cif.y4m,39.59,39.618,0.118195,0.005233,0.0,105
1,0,1,0,1,0,0,0,0,0,0,0,1,0,3,news_cif.y4m,14.13,14.138,0.025884,0.004992,0.0,76
1,0,1,1,0,0,1,0,0,0,1,0,4,15,3,news_cif.y4m,46.88,46.858,0.080436,0.005228,0.0,197
1,1,1,1,0,0,1,1,0,0,1,0,1,15,0,news_cif.y4m,72.7,72.602,0.212179,0.004181,0.0,221
1,1,1,1,0,0,1,1,0,0,1,0,8,15,6,news_cif.y4m,72.28,72.29,0.163707,0.003961,0.0,167
1,1,1,0,1,0,0,1,0,1,0,1,4,15,6,news_cif.y4m,28.7,28.738,0.07791,0.004656,0.0,136
1,1,1,1,0,0,0,1,0,1,0,1,8,15,6,news_cif.y4m,68.11,68.026,0.273185,0.004656,0.0,243
1,0,1,0,1,0,0,0,0,1,0,1,8,15,6,news_cif.y4m,13.89,13.886,0.039115,0.005,0.0,60
1,0,1,1,0,0,0,0,0,1,0,1,2,0,6,news_cif.y4m,36.92,36.932,0.082885,0.004986,0.0,110
1,1,1,1,0,0,1,1,0,1,0,0,1,15,6,news_cif.y4m,73.81,73.738,0.225544,0.003961,0.0,35
1,0,1,1,0,0,1,0,0,0,1,1,2,5,6,news_cif.y4m,47.08,47.046,0.13813,0.005228,0.0,235
1,0,1,1,0,0,0,0,0,1,0,0,1,0,3,news_cif.y4m,36.47,36.388,0.147207,0.004986,0.0,44
1,1,1,0,1,0,1,1,0,0,1,0,4,15,3,news_cif.y4m,30.32,30.348,0.085849,0.004058,0.0,256
1,0,1,0,0,1,0,0,0,0,1,1,8,0,0,news_cif.y4m,30.48,30.468,0.08228,0.005864,0.0,192
1,0,1,0,1,0,0,0,0,0,1,1,2,0,0,news_cif.y4m,14.15,14.124,0.039749,0.004992,0.0,41
1,0,1,1,0,0,0,0,0,0,1,0,4,5,0,news_cif.y4m,37.15,37.132,0.055857,0.004986,0.0,37
1,0,1,0,0,1,0,0,0,0,0,0,4,5,0,news_cif.y4m,30.52,30.53,0.090554,0.005864,0.0,26
1,1,1,1,0,0,0,1,0,0,0,0,1,0,3,news_cif.y4m,64.57,64.604,0.099649,0.004639,0.0,273
1,1,1,1,0,0,1,1,0,0,0,1,1,5,6,news_cif.y4m,69.58,69.486,0.189684,0.004132,0.0,233
1,1,1,0,1,0,1,1,0,0,1,1,8,0,0,news_cif.y4m,28.72,28.704,0.079561,0.004164,0.0,101
1,0,1,1,0,0,0,0,0,0,0,1,2,5,3,news_cif.y4m,37.03,37.014,0.083845,0.004986,0.0,39
1,1,1,0,1,0,0,1,0,0,0,1,1,15,0,news_cif.y4m,25.89,25.876,0.067676,0.004641,0.0,106
1,1,1,0,1,0,0,0,1,1,0,0,1,0,0,news_cif.y4m,21.08,21.044,0.055045,0.00469,0.0,242
1,1,1,1,0,0,1,1,0,0,1,0,2,15,0,news_cif.y4m,72.56,72.524,0.099649,0.004181,0.0,193
1,0,1,0,1,0,1,0,0,0,1,0,1,15,6,news_cif.y4m,18.15,18.152,0.057619,0.005248,0.0,103
1,1,1,0,1,0,0,1,0,1,1,1,8,5,6,news_cif.y4m,27.12,27.132,0.034205,0.004653,0.0,1
1,0,1,1,0,0,0,0,0,1,1,1,1,0,0,news_cif.y4m,36.86,36.886,0.12522,0.004986,0.0,61
1,1,1,1,0,0,0,0,1,0,0,0,2,0,0,news_cif.y4m,54.22,54.286,0.130499,0.004687,0.0,56
1,1,1,0,1,0,0,1,0,0,1,0,8,15,3,news_cif.y4m,29.03,29.034,0.0251,0.004654,0.0,148
1,0,1,0,1,0,0,0,0,1,0,1,2,5,0,news_cif.y4m,14.06,14.074,0.034351,0.005,0.0,112
1,0,1,0,1,0,1,0,0,0,1,0,8,15,3,news_cif.y4m,18.22,18.212,0.078549,0.005248,0.0,300
1,0,1,0,1,0,0,0,0,1,1,0,4,15,0,news_cif.y4m,14.07,14.066,0.020736,0.004992,0.0,249
1,0,1,0,1,0,0,0,0,0,0,1,2,0,0,news_cif.y4m,14.09,14.096,0.032863,0.005,0.0,20
1,1,1,1,0,0,1,1,0,1,0,1,1,5,0,news_cif.y4m,71.81,71.866,0.208638,0.004164,0.0,104
1,1,1,1,0,0,0,1,0,1,1,1,8,15,6,news_cif.y4m,69.12,69.064,0.133154,0.004654,0.0,131
1,0,1,1,0,0,0,0,0,0,0,0,2,0,3,news_cif.y4m,37.05,37.042,0.086429,0.004986,0.0,69
1,0,1,0,1,0,1,0,0,0,0,0,2,0,3,news_cif.y4m,18.5,18.498,0.037014,0.005248,0.0,220
1,1,1,1,0,0,1,1,0,1,1,1,8,15,6,news_cif.y4m,73.68,73.708,0.235202,0.003961,0.0,11
1,1,1,1,0,0,1,1,0,1,0,0,4,15,6,news_cif.y4m,73.96,73.856,0.160873,0.003961,0.0,258
1,0,1,0,1,0,1,0,0,0,0,0,2,15,3,news_cif.y4m,18.52,18.52,0.048477,0.005248,0.0,65
1,0,1,0,0,1,1,0,0,0,0,0,2,15,0,news_cif.y4m,39.6,39.606,0.106442,0.005233,0.0,160
1,0,1,0,0,1,1,0,0,0,0,0,8,0,0,news_cif.y4m,39.73,39.682,0.113666,0.005233,0.0,238
1,1,1,1,0,0,0,1,0,0,0,0,4,0,0,news_cif.y4m,64.78,64.726,0.213846,0.004639,0.0,57
1,1,1,0,1,0,0,1,0,1,0,1,2,0,0,news_cif.y4m,26.1,26.144,0.097365,0.004637,0.0,79
1,0,1,0,1,0,1,0,0,0,1,0,4,15,3,news_cif.y4m,18.55,18.538,0.074632,0.005248,0.0,224
1,1,1,0,1,0,0,1,0,1,0,0,2,0,3,news_cif.y4m,26.5,26.524,0.074364,0.004598,0.0,48
1,0,1,0,1,0,1,0,0,0,0,1,8,0,6,news_cif.y4m,18.38,18.376,0.027019,0.005252,0.0,173
1,1,1,1,0,0,1,1,0,0,1,1,1,0,0,news_cif.y4m,70.52,70.532,0.097826,0.004176,0.0,283
1,0,1,0,1,0,0,0,0,0,0,0,1,0,6,news_cif.y4m,14.11,14.124,0.055946,0.004992,0.0,190
1,0,1,0,1,0,1,0,0,1,1,1,4,0,6,news_cif.y4m,18.49,18.502,0.040866,0.005248,0.0,259
1,0,1,1,0,0,0,0,0,0,0,1,1,15,3,news_cif.y4m,36.86,36.88,0.075166,0.004986,0.0,7
1,0,1,0,0,1,0,0,0,0,0,1,2,5,0,news_cif.y4m,30.33,30.316,0.072664,0.005887,0.0,73
1,1,1,1,0,0,1,1,0,0,0,0,2,0,6,news_cif.y4m,69.08,69.17,0.176777,0.004122,0.0,63
1,0,1,0,0,1,1,0,0,1,1,0,2,15,3,news_cif.y4m,39.61,39.608,0.078867,0.005233,0.0,284
1,0,1,1,0,0,1,0,0,1,0,1,8,15,6,news_cif.y4m,47.28,47.268,0.12853,0.005215,0.0,250
1,1,1,0,1,0,0,1,0,0,0,0,2,5,0,news_cif.y4m,26.04,25.994,0.070922,0.004633,0.0,209
1,0,1,0,1,0,1,0,0,0,0,1,4,5,3,news_cif.y4m,18.38,18.378,0.051186,0.005252,0.0,138
1,1,1,1,0,0,0,0,1,1,1,0,1,0,0,news_cif.y4m,54.22,54.29,0.163248,0.004687,0.0,135
1,1,1,1,0,0,1,1,0,1,1,0,4,5,3,news_cif.y4m,71.26,71.202,0.235308,0.00411,0.0,264
1,1,1,1,0,0,0,1,0,1,1,0,2,0,6,news_cif.y4m,63.36,63.378,0.139893,0.004639,0.0,215
1,0,1,0,0,1,0,0,0,0,1,1,4,5,3,news_cif.y4m,30.43,30.444,0.063482,0.005864,0.0,50
1,0,1,1,0,0,0,0,0,1,1,0,4,0,6,news_cif.y4m,36.91,36.912,0.028636,0.004986,0.0,98
1,1,1,1,0,0,0,1,0,1,1,0,1,15,0,news_cif.y4m,65.39,65.43,0.148155,0.004643,0.0,140
1,1,1,1,0,0,0,1,0,0,1,1,1,0,3,news_cif.y4m,63.25,63.35,0.177764,0.004641,0.0,113
1,0,1,0,1,0,1,0,0,1,1,0,1,0,6,news_cif.y4m,18.51,18.52,0.052915,0.005248,0.0,3
1,0,1,0,0,1,0,0,0,1,1,1,8,0,0,news_cif.y4m,30.52,30.522,0.103296,0.005864,0.0,149
1,0,1,1,0,0,0,0,0,0,1,1,8,5,6,news_cif.y4m,37.08,37.056,0.0999,0.004986,0.0,153
1,1,1,1,0,0,1,1,0,1,1,0,2,15,6,news_cif.y4m,72.48,72.44,0.173494,0.003961,0.0,133
1,0,1,1,0,0,0,0,0,0,0,0,1,0,3,news_cif.y4m,37.04,36.986,0.121161,0.004986,0.0,191
1,1,1,0,1,0,0,1,0,1,0,1,1,0,6,news_cif.y4m,26.15,26.142,0.031937,0.004637,0.0,100
1,0,1,1,0,0,1,0,0,0,1,0,4,0,3,news_cif.y4m,47.0,46.978,0.116919,0.005228,0.0,85
1,0,1,0,0,1,1,0,0,0,0,0,2,0,3,news_cif.y4m,39.63,39.64,0.132098,0.005233,0.0,88
1,0,1,0,1,0,1,0,0,1,1,0,4,15,6,news_cif.y4m,18.5,18.49,0.054314,0.005248,0.0,31
1,0,1,0,0,1,1,0,0,0,0,0,4,5,3,news_cif.y4m,39.64,39.632,0.086139,0.005233,0.0,134
1,1,1,0,1,0,1,1,0,1,1,1,8,0,3,news_cif.y4m,28.59,28.612,0.055408,0.004164,0.0,147
1,1,1,1,0,0,0,1,0,0,1,1,4,15,6,news_cif.y4m,69.01,69.058,0.269388,0.004654,0.0,275
1,0,1,0,0,1,1,0,0,0,1,0,4,15,3,news_cif.y4m,39.81,39.726,0.145705,0.005233,0.0,143
1,1,1,0,1,0,1,1,0,1,0,0,1,5,6,news_cif.y4m,28.65,28.684,0.079875,0.004139,0.0,8
1,1,1,1,0,0,1,1,0,0,1,1,4,5,3,news_cif.y4m,71.01,70.984,0.145705,0.00411,0.0,216
1,0,1,1,0,0,1,0,0,1,0,0,1,0,3,news_cif.y4m,46.96,46.992,0.071903,0.005228,0.0,214
1,0,1,0,0,1,0,0,0,0,0,0,1,5,0,news_cif.y4m,29.82,29.88,0.127083,0.005864,0.0,17
1,0,1,0,0,1,1,0,0,0,0,0,1,5,0,news_cif.y4m,39.76,39.726,0.118659,0.005233,0.0,206
1,0,1,0,1,0,0,0,0,1,1,1,8,15,0,news_cif.y4m,14.16,14.164,0.047749,0.004992,0.0,36
1,1,1,0,1,0,1,1,0,0,0,0,4,15,3,news_cif.y4m,30.39,30.364,0.059414,0.004058,0.0,6
1,0,1,1,0,0,1,0,0,0,0,1,1,0,6,news_cif.y4m,47.14,47.232,0.180472,0.005215,0.0,5
1,0,1,1,0,0,1,0,0,0,0,0,8,15,6,news_cif.y4m,46.9,46.936,0.109909,0.005228,0.0,164
1,0,1,0,0,1,0,0,0,1,0,0,8,0,6,news_cif.y4m,29.88,29.886,0.104307,0.005864,0.0,97
1,0,1,1,0,0,0,0,0,0,1,0,2,5,3,news_cif.y4m,36.92,36.94,0.077136,0.004986,0.0,236
1,1,1,0,1,0,1,1,0,0,0,0,8,5,0,news_cif.y4m,27.71,27.702,0.083487,0.004126,0.0,71
1,1,1,0,1,0,1,1,0,1,0,1,2,0,3,news_cif.y4m,28.06,28.032,0.053572,0.004195,0.0,295
1,0,1,1,0,0,1,0,0,1,1,0,8,5,3,news_cif.y4m,46.21,46.206,0.043932,0.005228,0.0,286
1,0,1,0,1,0,0,0,0,0,0,1,1,5,0,news_cif.y4m,14.11,14.114,0.066933,0.005,0.0,34
1,0,1,0,1,0,1,0,0,1,1,1,1,5,3,news_cif.y4m,18.32,18.342,0.046583,0.005252,0.0,240
1,0,1,0,0,1,1,0,0,0,0,1,4,15,3,news_cif.y4m,39.55,39.482,0.132552,0.005236,0.0,18
1,0,1,0,1,0,0,0,0,0,1,0,8,0,6,news_cif.y4m,14.1,14.126,0.059833,0.004992,0.0,102
1,1,1,1,0,0,1,0,1,0,1,0,4,0,0,news_cif.y4m,53.65,53.56,0.172047,0.004436,0.0,51
1,1,1,1,0,0,1,1,0,0,0,1,4,15,6,news_cif.y4m,72.78,72.75,0.112472,0.003937,0.0,282
1,0,1,0,1,0,1,0,0,1,1,1,1,0,3,news_cif.y4m,18.32,18.338,0.060992,0.005252,0.0,77
1,0,1,1,0,0,1,0,0,0,1,0,2,0,3,news_cif.y4m,47.04,47.02,0.095917,0.005228,0.0,128
1,1,1,0,1,0,1,1,0,0,0,0,2,5,3,news_cif.y4m,28.06,28.096,0.071624,0.00414,0.0,234
1,0,1,1,0,0,0,0,0,0,1,1,1,0,0,news_cif.y4m,36.32,36.31,0.153623,0.004986,0.0,252
1,0,1,1,0,0,1,0,0,0,0,1,4,0,3,news_cif.y4m,47.34,47.294,0.148425,0.005215,0.0,28
1,0,1,0,0,1,1,0,0,1,1,1,8,15,3,news_cif.y4m,39.72,39.738,0.090664,0.005233,0.0,139
1,0,1,0,0,1,0,0,0,0,0,1,1,5,0,news_cif.y4m,30.19,30.196,0.08735,0.005887,0.0,158
1,1,1,0,1,0,1,1,0,1,0,1,8,5,3,news_cif.y4m,27.96,28.002,0.071903,0.004132,0.0,152
1,0,1,1,0,0,1,0,0,1,0,0,2,0,6,news_cif.y4m,47.01,47.006,0.072319,0.005228,0.0,12
1,1,1,0,1,0,0,1,0,0,0,1,4,15,3,news_cif.y4m,28.13,28.122,0.089275,0.004656,0.0,294
1,1,1,0,1,0,0,1,0,0,0,1,8,15,3,news_cif.y4m,28.14,28.11,0.065955,0.004656,0.0,154
1,1,1,1,0,0,0,1,0,1,0,0,2,15,6,news_cif.y4m,69.04,69.022,0.160686,0.004654,0.0,157
1,0,1,1,0,0,1,0,0,1,1,1,2,0,3,news_cif.y4m,46.96,46.958,0.068702,0.005228,0.0,150
1,1,1,0,1,0,1,1,0,0,1,0,8,0,6,news_cif.y4m,28.62,28.652,0.073621,0.004164,0.0,287
1,0,1,0,1,0,0,0,0,1,1,0,1,0,3,news_cif.y4m,14.12,14.128,0.041473,0.004992,0.0,297
1,0,1,0,0,1,0,0,0,1,1,0,8,15,0,news_cif.y4m,30.55,30.494,0.116748,0.005864,0.0,263
1,1,1,0,1,0,0,1,0,1,1,1,1,5,3,news_cif.y4m,26.94,26.966,0.04827,0.004659,0.0,255
1,0,1,1,0,0,0,0,0,1,1,0,8,15,3,news_cif.y4m,36.37,36.338,0.063797,0.004986,0.0,115
1,0,1,0,0,1,1,0,0,1,0,1,4,15,3,news_cif.y4m,39.47,39.496,0.187963,0.005236,0.0,188
1,0,1,0,0,1,1,0,0,0,0,1,8,0,6,news_cif.y4m,39.47,39.456,0.095551,0.005236,0.0,212
1,0,1,1,0,0,1,0,0,0,0,1,1,15,3,news_cif.y4m,47.34,47.356,0.127004,0.005215,0.0,195
1,0,1,0,1,0,0,0,0,0,1,1,2,15,0,news_cif.y4m,14.12,14.122,0.040249,0.004992,0.0,119
1,0,1,1,0,0,0,0,0,1,0,1,4,15,0,news_cif.y4m,36.99,36.936,0.152742,0.004986,0.0,58
1,0,1,0,1,0,1,0,0,1,0,1,4,0,6,news_cif.y4m,18.37,18.39,0.060415,0.005252,0.0,277
1,0,1,0,1,0,1,0,0,0,1,1,4,5,6,news_cif.y4m,18.53,18.524,0.073348,0.005248,0.0,64
1,1,1,0,1,0,1,1,0,1,0,0,2,0,0,news_cif.y4m,28.65,28.658,0.076616,0.004164,0.0,285
1,1,1,0,1,0,1,1,0,1,0,0,4,0,0,news_cif.y4m,28.62,28.63,0.067823,0.004164,0.0,290
1,0,1,1,0,0,0,0,0,1,0,1,8,5,6,news_cif.y4m,36.96,36.948,0.093381,0.004986,0.0,196
1,1,1,1,0,0,1,0,1,1,1,1,1,0,0,news_cif.y4m,52.94,52.942,0.156429,0.004416,0.0,93
1,0,1,1,0,0,1,0,0,0,1,1,4,5,6,news_cif.y4m,46.89,46.912,0.064576,0.005228,0.0,299
1,0,1,1,0,0,0,0,0,1,0,0,2,5,0,news_cif.y4m,37.01,36.99,0.086891,0.004986,0.0,125
1,1,1,0,1,0,0,1,0,1,0,1,2,15,6,news_cif.y4m,28.71,28.722,0.071903,0.004656,0.0,21
1,0,1,0,1,0,0,0,0,1,0,1,2,0,0,news_cif.y4m,14.13,14.116,0.036469,0.005,0.0,225
1,0,1,0,1,0,0,0,0,1,0,0,2,5,0,pamphlet_cif.y4m,16.99,17.012,0.043243,0.005742,0.0,114
1,1,1,1,0,0,0,0,1,0,0,1,1,0,0,pamphlet_cif.y4m,52.8,52.788,0.104738,0.004526,0.0,281
1,1,1,1,0,0,0,1,0,1,1,0,2,5,0,pamphlet_cif.y4m,62.12,62.08,0.09083,0.004449,0.0,49
1,0,1,0,0,1,1,0,0,0,0,0,2,15,6,pamphlet_cif.y4m,37.39,37.428,0.13274,0.004934,0.0,194
1,0,1,1,0,0,0,0,0,0,0,0,2,0,6,pamphlet_cif.y4m,41.62,41.6,0.107935,0.005793,0.0,62
1,1,1,0,1,0,0,1,0,1,1,1,1,15,3,pamphlet_cif.y4m,27.59,27.652,0.09985,0.004412,0.0,91
1,0,1,0,0,1,1,0,0,0,0,0,4,0,6,pamphlet_cif.y4m,37.51,37.478,0.081056,0.004934,0.0,107
1,0,1,1,0,0,1,0,0,0,0,1,4,5,3,pamphlet_cif.y4m,44.18,44.304,0.314213,0.004975,0.0,181
1,0,1,0,1,0,1,0,0,0,0,0,4,5,0,pamphlet_cif.y4m,18.46,18.446,0.051284,0.004902,0.0,247
1,0,1,1,0,0,0,0,0,1,1,0,4,5,3,pamphlet_cif.y4m,41.68,41.64,0.11619,0.005793,0.0,166
1,0,1,0,0,1,0,0,0,0,1,1,4,0,0,pamphlet_cif.y4m,36.15,36.128,0.064187,0.005948,0.0,25
1,1,1,0,1,0,0,1,0,0,0,1,8,0,6,pamphlet_cif.y4m,26.14,26.164,0.070922,0.004442,0.0,203
1,1,1,1,0,0,1,1,0,1,1,1,4,5,6,pamphlet_cif.y4m,60.2,60.274,0.156621,0.004386,0.0,219
1,0,1,0,0,1,0,0,0,0,0,0,4,15,0,pamphlet_cif.y4m,36.21,36.18,0.128647,0.005948,0.0,162
1,0,1,1,0,0,1,0,0,0,1,0,4,15,6,pamphlet_cif.y4m,44.5,44.474,0.084439,0.004918,0.0,182
1,0,1,0,0,1,0,0,0,1,1,0,1,15,6,pamphlet_cif.y4m,36.19,36.13,0.133978,0.005948,0.0,10
1,1,1,1,0,0,1,1,0,1,1,1,2,15,0,pamphlet_cif.y4m,65.87,65.816,0.165922,0.00445,0.0,14
1,1,1,1,0,0,0,1,0,0,0,1,1,0,6,pamphlet_cif.y4m,62.15,62.182,0.099599,0.004449,0.0,89
1,1,1,1,0,0,0,1,0,1,1,1,1,5,0,pamphlet_cif.y4m,62.5,62.558,0.126174,0.004445,0.0,116
1,0,1,1,0,0,0,0,0,0,1,1,4,15,3,pamphlet_cif.y4m,41.52,41.62,0.168671,0.005793,0.0,217
1,1,1,0,1,0,0,1,0,0,1,0,1,0,0,pamphlet_cif.y4m,27.22,27.212,0.065345,0.004443,0.0,75
1,1,1,0,1,0,0,1,0,1,1,1,2,15,6,pamphlet_cif.y4m,28.6,28.58,0.05244,0.004407,0.0,266
1,0,1,1,0,0,1,0,0,0,1,1,4,15,3,pamphlet_cif.y4m,43.57,43.542,0.142548,0.004918,0.0,268
1,0,1,0,1,0,1,0,0,1,1,1,4,15,3,pamphlet_cif.y4m,18.42,18.426,0.069138,0.004902,0.0,187
1,0,1,0,0,1,1,0,0,0,1,0,8,15,3,pamphlet_cif.y4m,37.54,37.454,0.132212,0.004934,0.0,161
1,0,1,0,1,0,1,0,0,0,1,0,2,0,6,pamphlet_cif.y4m,18.44,18.442,0.048683,0.004902,0.0,23
1,1,1,1,0,0,0,1,0,1,1,0,2,5,6,pamphlet_cif.y4m,60.31,60.414,0.185284,0.004416,0.0,2
1,1,1,1,0,0,1,0,1,1,0,1,2,0,0,pamphlet_cif.y4m,57.9,57.956,0.115888,0.004474,0.0,16
1,0,1,1,0,0,0,0,0,1,1,1,8,15,0,pamphlet_cif.y4m,41.64,41.644,0.126016,0.005793,0.0,262
1,1,1,1,0,0,0,1,0,1,1,0,4,5,0,pamphlet_cif.y4m,62.04,61.992,0.157067,0.004449,0.0,66
1,0,1,1,0,0,0,0,0,1,0,0,2,0,0,pamphlet_cif.y4m,41.58,41.574,0.055498,0.005793,0.0,86
1,0,1,0,1,0,1,0,0,0,1,0,2,5,6,pamphlet_cif.y4m,18.39,18.4,0.051962,0.004902,0.0,231
1,0,1,0,1,0,0,0,0,0,0,0,4,5,0,pamphlet_cif.y4m,17.05,17.036,0.04827,0.005742,0.0,269
1,1,1,0,1,0,1,1,0,0,1,0,1,5,0,pamphlet_cif.y4m,28.55,28.5,0.09083,0.004475,0.0,180
1,0,1,0,0,1,0,0,0,0,1,0,4,5,6,pamphlet_cif.y4m,36.13,36.12,0.055678,0.005948,0.0,274
1,1,1,1,0,0,0,1,0,1,1,0,2,15,6,pamphlet_cif.y4m,59.64,59.728,0.156748,0.004413,0.0,184
1,0,1,0,0,1,1,0,0,0,0,1,4,5,0,pamphlet_cif.y4m,37.03,37.004,0.139571,0.004947,0.0,118
1,1,1,1,0,0,0,1,0,0,0,0,1,0,6,pamphlet_cif.y4m,61.03,60.998,0.179081,0.004446,0.0,254
1,0,1,1,0,0,1,0,0,0,1,1,4,5,0,pamphlet_cif.y4m,44.57,44.49,0.164165,0.004918,0.0,208
1,0,1,0,0,1,1,0,0,1,1,0,4,5,6,pamphlet_cif.y4m,36.7,36.716,0.095551,0.004934,0.0,279
1,1,1,1,0,0,0,1,0,0,1,1,4,15,3,pamphlet_cif.y4m,58.9,58.85,0.174069,0.004411,0.0,229
1,0,1,0,0,1,1,0,0,1,1,1,1,0,0,pamphlet_cif.y4m,36.85,36.92,0.154919,0.004947,0.0,46
1,0,1,0,0,1,0,0,0,1,1,1,4,5,6,pamphlet_cif.y4m,36.26,36.216,0.116103,0.005948,0.0,171
1,1,1,1,0,0,0,1,0,0,1,0,2,5,0,pamphlet_cif.y4m,61.83,61.902,0.151559,0.004449,0.0,99
1,0,1,0,0,1,0,0,0,0,0,0,8,0,0,pamphlet_cif.y4m,36.14,36.142,0.053572,0.005948,0.0,81
1,1,1,1,0,0,1,1,0,1,0,1,8,5,0,pamphlet_cif.y4m,65.8,65.75,0.126689,0.004501,0.0,155
1,0,1,0,1,0,0,0,0,1,0,1,1,15,6,pamphlet_cif.y4m,17.36,17.344,0.027019,0.005769,0.0,96
1,1,1,1,0,0,0,1,0,1,1,1,8,0,0,pamphlet_cif.y4m,61.0,60.972,0.176409,0.004446,0.0,218
1,1,1,1,0,0,1,1,0,1,1,0,8,0,6,pamphlet_cif.y4m,64.53,64.566,0.11371,0.004465,0.0,53
1,1,1,0,1,0,1,0,1,0,0,0,2,0,0,pamphlet_cif.y4m,26.27,26.292,0.055408,0.004506,0.0,109
1,0,1,0,1,0,0,0,0,0,1,0,4,5,6,pamphlet_cif.y4m,17.36,17.358,0.016432,0.005742,0.0,185
1,1,1,1,0,0,0,1,0,0,1,1,2,0,0,pamphlet_cif.y4m,59.6,59.65,0.130576,0.004446,0.0,239
1,0,1,1,0,0,0,0,0,0,0,1,2,0,0,pamphlet_cif.y4m,41.86,41.87,0.084558,0.005721,0.0,276
1,0,1,1,0,0,1,0,0,0,0,1,4,0,6,pamphlet_cif.y4m,44.13,44.18,0.132853,0.004975,0.0,257
1,0,1,0,0,1,0,0,0,1,1,0,1,5,0,pamphlet_cif.y4m,36.1,36.148,0.118617,0.005948,0.0,42
1,1,1,0,1,0,1,1,0,0,0,0,2,15,3,pamphlet_cif.y4m,30.1,30.06,0.071764,0.004437,0.0,204
1,0,1,1,0,0,1,0,0,1,0,1,2,15,6,pamphlet_cif.y4m,44.16,44.144,0.057706,0.004975,0.0,145
1,0,1,0,1,0,0,0,0,0,0,0,2,0,3,pamphlet_cif.y4m,17.03,17.014,0.04219,0.005742,0.0,246
1,1,1,1,0,0,0,1,0,0,1,1,8,0,0,pamphlet_cif.y4m,61.03,61.002,0.101833,0.004446,0.0,202
1,1,1,0,1,0,0,1,0,1,0,0,2,5,3,pamphlet_cif.y4m,25.58,25.588,0.042661,0.004416,0.0,70
1,0,1,0,1,0,0,0,0,0,1,0,1,5,3,pamphlet_cif.y4m,16.98,17.006,0.046152,0.005742,0.0,230
1,0,1,0,1,0,1,0,0,0,0,0,4,15,6,pamphlet_cif.y4m,18.4,18.402,0.036332,0.004902,0.0,267
1,1,1,1,0,0,1,1,0,0,0,1,8,5,3,pamphlet_cif.y4m,61.76,61.672,0.161926,0.004443,0.0,146
1,0,1,0,1,0,1,0,0,0,0,1,2,15,0,pamphlet_cif.y4m,18.52,18.52,0.024495,0.004884,0.0,27
1,0,1,0,1,0,1,0,0,0,1,1,8,0,3,pamphlet_cif.y4m,18.46,18.462,0.019235,0.004902,0.0,137
1,1,1,1,0,0,0,1,0,0,1,1,2,15,0,pamphlet_cif.y4m,62.11,62.062,0.084676,0.004449,0.0,189
1,1,1,0,1,0,1,1,0,1,0,0,4,15,0,pamphlet_cif.y4m,28.51,28.502,0.060992,0.004475,0.0,132
1,1,1,1,0,0,0,0,1,1,0,1,8,0,0,pamphlet_cif.y4m,51.64,51.648,0.049699,0.004526,0.0,169
1,0,1,0,0,1,0,0,0,0,0,0,1,5,6,pamphlet_cif.y4m,35.35,35.372,0.052631,0.005948,0.0,33
1,0,1,1,0,0,0,0,0,0,1,1,8,15,0,pamphlet_cif.y4m,41.54,41.582,0.111893,0.005793,0.0,205
1,0,1,1,0,0,0,0,0,1,0,1,2,0,0,pamphlet_cif.y4m,41.98,42.088,0.222868,0.005721,0.0,245
1,1,1,0,1,0,1,1,0,0,1,1,1,15,0,pamphlet_cif.y4m,28.28,28.278,0.034928,0.004469,0.0,298
1,0,1,1,0,0,1,0,0,1,1,0,2,5,6,pamphlet_cif.y4m,44.32,44.392,0.110091,0.004918,0.0,163
1,1,1,1,0,0,0,1,0,0,0,0,1,5,0,pamphlet_cif.y4m,61.91,61.95,0.097468,0.004449,0.0,123
1,0,1,0,0,1,1,0,0,1,0,0,4,15,0,pamphlet_cif.y4m,36.65,36.694,0.116748,0.004934,0.0,4
1,0,1,0,0,1,1,0,0,1,1,0,8,5,6,pamphlet_cif.y4m,37.49,37.52,0.121861,0.004934,0.0,141
1,1,1,0,1,0,0,1,0,1,0,0,8,5,6,pamphlet_cif.y4m,26.78,26.82,0.094074,0.004414,0.0,129
1,1,1,0,1,0,1,1,0,1,1,0,4,5,3,pamphlet_cif.y4m,28.28,28.252,0.069785,0.004397,0.0,159
1,0,1,0,0,1,1,0,0,1,0,0,1,0,0,pamphlet_cif.y4m,37.52,37.5,0.127083,0.004934,0.0,22
1,0,1,0,0,1,0,0,0,1,0,1,2,0,6,pamphlet_cif.y4m,35.8,35.8,0.136198,0.005967,0.0,175
1,1,1,1,0,0,0,1,0,1,1,1,8,5,6,pamphlet_cif.y4m,60.35,60.4,0.11619,0.004416,0.0,151
1,1,1,0,1,0,0,1,0,0,1,0,2,5,0,pamphlet_cif.y4m,27.24,27.234,0.02881,0.004438,0.0,52
1,0,1,0,0,1,0,0,0,0,0,1,4,0,3,pamphlet_cif.y4m,35.89,35.828,0.137186,0.005967,0.0,108
1,0,1,0,1,0,1,0,0,0,0,1,8,15,0,pamphlet_cif.y4m,18.48,18.498,0.0502,0.004884,0.0,72
1,0,1,1,0,0,1,0,0,1,1,0,8,0,6,pamphlet_cif.y4m,44.47,44.46,0.092195,0.004918,0.0,248
1,1,1,1,0,0,1,1,0,1,1,0,8,5,6,pamphlet_cif.y4m,60.44,60.352,0.182948,0.004386,0.0,174
1,0,1,1,0,0,1,0,0,1,1,1,8,0,3,pamphlet_cif.y4m,43.45,43.466,0.082341,0.004918,0.0,130
1,1,1,0,1,0,1,1,0,1,1,1,8,15,0,pamphlet_cif.y4m,28.44,28.49,0.087464,0.004475,0.0,168
1,0,1,0,0,1,1,0,0,1,0,1,8,0,6,pamphlet_cif.y4m,36.98,36.982,0.044944,0.004947,0.0,198
1,0,1,0,0,1,1,0,0,1,1,0,1,0,3,pamphlet_cif.y4m,36.79,36.758,0.096799,0.004934,0.0,83
1,1,1,1,0,0,1,1,0,0,1,0,1,0,3,pamphlet_cif.y4m,65.76,65.806,0.144672,0.004465,0.0,291
1,0,1,0,1,0,0,0,0,1,1,0,1,0,6,pamphlet_cif.y4m,17.36,17.386,0.046152,0.005742,0.0,237
1,0,1,0,0,1,0,0,0,1,1,1,2,15,3,pamphlet_cif.y4m,36.2,36.166,0.116103,0.005948,0.0,90
1,1,1,1,0,0,1,1,0,0,0,1,1,15,0,pamphlet_cif.y4m,65.92,65.85,0.16568,0.004501,0.0,87
1,0,1,1,0,0,1,0,0,1,0,0,1,5,0,pamphlet_cif.y4m,44.53,44.488,0.133116,0.004918,0.0,74
1,0,1,0,0,1,0,0,0,1,0,0,2,0,3,pamphlet_cif.y4m,36.06,36.108,0.120499,0.005948,0.0,201
1,0,1,0,1,0,0,0,0,1,0,1,1,0,0,pamphlet_cif.y4m,17.34,17.34,0.030822,0.005769,0.0,183
1,0,1,1,0,0,0,0,0,0,0,0,4,0,6,pamphlet_cif.y4m,40.65,40.672,0.113004,0.005793,0.0,227
1,1,1,0,1,0,1,1,0,0,0,0,1,15,6,pamphlet_cif.y4m,29.3,29.282,0.029496,0.004382,0.0,222
1,0,1,0,0,1,0,0,0,0,1,0,8,0,6,pamphlet_cif.y4m,35.23,35.264,0.105972,0.005948,0.0,55
1,0,1,1,0,0,0,0,0,0,1,1,2,5,0,pamphlet_cif.y4m,41.68,41.634,0.137768,0.005793,0.0,142
1,0,1,1,0,0,1,0,0,1,0,1,1,5,6,pamphlet_cif.y4m,43.29,43.3,0.122066,0.004975,0.0,124
1,0,1,1,0,0,1,0,0,0,0,0,8,0,0,pamphlet_cif.y4m,44.44,44.476,0.116319,0.004918,0.0,95
1,0,1,1,0,0,1,0,0,1,0,0,2,15,0,pamphlet_cif.y4m,44.39,44.394,0.06269,0.004918,0.0,241
1,0,1,0,1,0,0,0,0,0,1,1,1,5,3,pamphlet_cif.y4m,17.36,17.354,0.034351,0.005769,0.0,289
1,0,1,1,0,0,1,0,0,1,1,0,1,5,0,pamphlet_cif.y4m,44.37,44.396,0.084439,0.004918,0.0,278
1,1,1,0,1,0,0,1,0,1,1,0,1,0,6,pamphlet_cif.y4m,27.24,27.252,0.057184,0.004443,0.0,176
1,0,1,0,0,1,1,0,0,0,1,0,8,5,0,pamphlet_cif.y4m,37.46,37.436,0.12522,0.004934,0.0,122
1,0,1,0,0,1,0,0,0,0,1,0,4,0,6,pamphlet_cif.y4m,36.19,36.162,0.12276,0.005948,0.0,30
1,1,1,0,1,0,0,1,0,0,0,0,2,0,6,pamphlet_cif.y4m,27.22,27.212,0.042661,0.004443,0.0,251
1,0,1,1,0,0,0,0,0,0,0,1,1,0,0,pamphlet_cif.y4m,41.99,41.99,0.110227,0.005721,0.0,120
1,0,1,1,0,0,0,0,0,0,0,1,2,15,6,pamphlet_cif.y4m,41.08,41.082,0.13572,0.005721,0.0,144
1,0,1,0,1,0,1,0,0,0,0,0,1,0,3,pamphlet_cif.y4m,18.45,18.432,0.060166,0.004902,0.0,265
1,1,1,0,1,0,0,1,0,0,1,0,2,0,6,pamphlet_cif.y4m,27.19,27.24,0.087178,0.004443,0.0,260
1,1,1,0,1,0,0,1,0,0,0,1,1,0,3,pamphlet_cif.y4m,26.23,26.196,0.085029,0.004442,0.0,78
1,0,1,0,1,0,0,0,0,0,1,1,8,15,3,pamphlet_cif.y4m,17.43,17.432,0.004472,0.005742,0.0,84
1,0,1,1,0,0,1,0,0,1,0,0,4,15,3,pamphlet_cif.y4m,44.42,44.436,0.076354,0.004918,0.0,296
1,0,1,0,0,1,0,0,0,0,0,1,2,5,6,pamphlet_cif.y4m,35.13,35.088,0.112783,0.005967,0.0,232
1,0,1,0,0,1,1,0,0,0,1,0,4,15,6,pamphlet_cif.y4m,36.6,36.578,0.064187,0.004934,0.0,213
1,1,1,0,1,0,0,1,0,0,1,1,8,15,3,pamphlet_cif.y4m,28.03,28.05,0.091378,0.004414,0.0,94
1,0,1,0,1,0,0,0,0,0,1,1,1,5,0,pamphlet_cif.y4m,17.3,17.294,0.008944,0.005769,0.0,178
1,0,1,1,0,0,1,0,0,1,0,0,4,0,0,pamphlet_cif.y4m,44.27,44.286,0.064653,0.004918,0.0,127
1,1,1,0,1,0,1,1,0,0,1,0,8,5,6,pamphlet_cif.y4m,29.07,29.072,0.091214,0.004386,0.0,111
1,0,1,0,1,0,0,0,0,0,0,1,1,0,6,pamphlet_cif.y4m,17.35,17.326,0.049295,0.005769,0.0,92
1,1,1,1,0,0,0,1,0,0,1,0,8,15,6,pamphlet_cif.y4m,61.02,61.058,0.111221,0.004413,0.0,54
1,0,1,0,0,1,0,0,0,0,0,1,2,15,0,pamphlet_cif.y4m,35.73,35.79,0.11811,0.005967,0.0,45
1,0,1,1,0,0,0,0,0,1,0,0,4,0,6,pamphlet_cif.y4m,41.67,41.668,0.054955,0.005793,0.0,226
1,1,1,1,0,0,1,1,0,1,0,0,8,5,0,pamphlet_cif.y4m,64.63,64.566,0.15582,0.00445,0.0,200
1,0,1,0,0,1,1,0,0,1,0,1,8,5,6,pamphlet_cif.y4m,36.89,36.922,0.114761,0.004947,0.0,59
1,1,1,0,1,0,1,0,1,0,0,1,2,0,0,pamphlet_cif.y4m,24.87,24.908,0.087006,0.004498,0.0,19
1,1,1,1,0,0,0,1,0,1,0,0,2,15,0,pamphlet_cif.y4m,61.91,61.924,0.151921,0.004449,0.0,47
1,1,1,0,1,0,1,1,0,0,0,1,4,5,6,pamphlet_cif.y4m,28.76,28.764,0.092358,0.00441,0.0,32
1,1,1,0,1,0,0,1,0,1,0,0,1,5,6,pamphlet_cif.y4m,26.76,26.768,0.047645,0.004414,0.0,170
1,0,1,0,0,1,0,0,0,1,1,0,1,15,0,pamphlet_cif.y4m,36.09,36.108,0.063797,0.005948,0.0,270
1,0,1,1,0,0,1,0,0,1,0,1,4,15,6,pamphlet_cif.y4m,44.29,44.224,0.14519,0.004975,0.0,207
1,1,1,0,1,0,0,1,0,1,1,1,1,5,6,pamphlet_cif.y4m,26.11,26.08,0.086313,0.00442,0.0,43
1,0,1,0,1,0,1,0,0,0,1,1,1,0,3,pamphlet_cif.y4m,18.15,18.156,0.047223,0.004884,0.0,40
1,1,1,0,1,0,0,1,0,0,1,1,1,5,3,pamphlet_cif.y4m,26.55,26.596,0.10015,0.00442,0.0,117
1,0,1,0,0,1,0,0,0,0,1,0,8,15,6,pamphlet_cif.y4m,36.07,36.114,0.129345,0.005948,0.0,253
1,0,1,1,0,0,0,0,0,1,0,0,1,15,3,pamphlet_cif.y4m,41.55,41.56,0.099247,0.005793,0.0,68
1,1,1,1,0,0,0,1,0,1,1,1,1,15,6,pamphlet_cif.y4m,59.68,59.624,0.142583,0.004415,0.0,186
1,1,1,0,1,0,1,1,0,0,0,1,8,15,3,pamphlet_cif.y4m,30.81,30.782,0.075631,0.004464,0.0,288
1,1,1,0,1,0,0,1,0,0,0,0,2,0,0,pamphlet_cif.y4m,27.22,27.248,0.067231,0.004443,0.0,15
1,0,1,1,0,0,0,0,0,0,1,1,2,15,3,pamphlet_cif.y4m,41.65,41.608,0.116705,0.005793,0.0,82
1,1,1,1,0,0,0,1,0,0,0,0,4,15,6,pamphlet_cif.y4m,61.03,61.124,0.15437,0.004413,0.0,211
1,0,1,0,1,0,1,0,0,1,1,1,8,15,6,pamphlet_cif.y4m,18.38,18.382,0.027749,0.004902,0.0,177
1,1,1,0,1,0,0,1,0,1,1,1,2,5,3,pamphlet_cif.y4m,26.18,26.182,0.049193,0.004416,0.0,210
1,0,1,1,0,0,0,0,0,1,1,1,2,0,3,pamphlet_cif.y4m,41.61,41.622,0.063797,0.005793,0.0,13
1,0,1,0,1,0,1,0,0,0,0,1,2,15,3,pamphlet_cif.y4m,18.53,18.544,0.058566,0.004884,0.0,228
1,0,1,0,1,0,1,0,0,1,1,0,4,5,3,pamphlet_cif.y4m,18.41,18.422,0.032711,0.004902,0.0,38
1,1,1,1,0,0,0,1,0,0,0,1,4,15,6,pamphlet_cif.y4m,59.74,59.696,0.157258,0.004415,0.0,29
1,1,1,1,0,0,1,0,1,1,0,0,8,0,0,pamphlet_cif.y4m,58.35,58.348,0.035637,0.004445,0.0,24
1,1,1,1,0,0,0,1,0,0,0,0,8,5,6,pamphlet_cif.y4m,60.53,60.492,0.124579,0.004416,0.0,293
1,1,1,1,0,0,0,1,0,0,1,0,2,5,6,pamphlet_cif.y4m,60.43,60.428,0.028636,0.004416,0.0,67
1,1,1,0,1,0,0,1,0,1,0,1,2,5,0,pamphlet_cif.y4m,26.09,26.056,0.075697,0.004444,0.0,199
1,0,1,0,0,1,1,0,0,1,1,0,8,15,3,pamphlet_cif.y4m,37.5,37.474,0.12522,0.004934,0.0,244
1,0,1,0,0,1,1,0,0,0,0,0,8,15,0,pamphlet_cif.y4m,36.57,36.58,0.03873,0.004934,0.0,80
1,1,1,1,0,0,1,1,0,1,1,1,2,0,3,pamphlet_cif.y4m,65.99,66.014,0.114368,0.004465,0.0,223
1,1,1,0,1,0,1,1,0,0,1,0,8,5,0,pamphlet_cif.y4m,28.56,28.542,0.047117,0.004475,0.0,121
1,0,1,1,0,0,1,0,0,0,0,0,8,5,3,pamphlet_cif.y4m,44.49,44.508,0.120913,0.004918,0.0,261
1,0,1,1,0,0,1,0,0,1,1,0,1,5,6,pamphlet_cif.y4m,43.55,43.522,0.113004,0.004918,0.0,156
1,1,1,1,0,0,0,1,0,0,1,0,4,15,3,pamphlet_cif.y4m,59.03,58.99,0.109316,0.004411,0.0,271
1,1,1,1,0,0,1,1,0,1,0,0,2,15,3,pamphlet_cif.y4m,63.38,63.454,0.163799,0.004422,0.0,9
1,1,1,1,0,0,1,1,0,1,0,1,1,0,0,pamphlet_cif.y4m,64.1,64.012,0.153525,0.004492,0.0,165
1,0,1,0,0,1,1,0,0,1,0,0,1,15,6,pamphlet_cif.y4m,37.53,37.5,0.07746,0.004934,0.0,126
1,0,1,1,0,0,1,0,0,1,1,1,8,5,0,pamphlet_cif.y4m,44.43,44.448,0.104738,0.004918,0.0,280
1,0,1,1,0,0,0,0,0,1,1,0,2,5,3,pamphlet_cif.y4m,41.7,41.7,0.09434,0.005793,0.0,172
1,0,1,0,1,0,1,0,0,0,0,0,1,15,6,pamphlet_cif.y4m,18.38,18.404,0.052726,0.004902,0.0,292
1,0,1,0,0,1,0,0,0,1,0,1,1,0,3,pamphlet_cif.y4m,35.16,35.108,0.079812,0.005967,0.0,179
1,0,1,0,0,1,1,0,0,1,0,1,2,0,3,pamphlet_cif.y4m,37.05,37.0,0.082765,0.004947,0.0,272
1,0,1,0,0,1,1,0,0,0,1,0,4,5,0,pamphlet_cif.y4m,37.57,37.524,0.095551,0.004934,0.0,105
1,0,1,0,1,0,0,0,0,0,0,0,1,0,3,pamphlet_cif.y4m,17.35,17.378,0.066858,0.005742,0.0,76
1,0,1,1,0,0,1,0,0,0,1,0,4,15,3,pamphlet_cif.y4m,44.41,44.432,0.119038,0.004918,0.0,197
1,1,1,1,0,0,1,1,0,0,1,0,1,15,0,pamphlet_cif.y4m,65.86,65.89,0.09083,0.00445,0.0,221
1,1,1,1,0,0,1,1,0,0,1,0,8,15,6,pamphlet_cif.y4m,60.8,60.868,0.147207,0.004381,0.0,167
1,1,1,0,1,0,0,1,0,1,0,1,4,15,6,pamphlet_cif.y4m,29.1,29.066,0.096073,0.004413,0.0,136
1,1,1,1,0,0,0,1,0,1,0,1,8,15,6,pamphlet_cif.y4m,59.49,59.488,0.039623,0.004415,0.0,243
1,0,1,0,1,0,0,0,0,1,0,1,8,15,6,pamphlet_cif.y4m,17.31,17.326,0.053198,0.005769,0.0,60
1,0,1,1,0,0,0,0,0,1,0,1,2,0,6,pamphlet_cif.y4m,41.14,41.14,0.104642,0.005721,0.0,110
1,1,1,1,0,0,1,1,0,1,0,0,1,15,6,pamphlet_cif.y4m,60.84,60.75,0.174069,0.004381,0.0,35
1,0,1,1,0,0,1,0,0,0,1,1,2,5,6,pamphlet_cif.y4m,44.45,44.486,0.058992,0.004918,0.0,235
1,0,1,1,0,0,0,0,0,1,0,0,1,0,3,pamphlet_cif.y4m,41.72,41.714,0.037148,0.005793,0.0,44
1,1,1,0,1,0,1,1,0,0,1,0,4,15,3,pamphlet_cif.y4m,29.99,29.992,0.058481,0.004437,0.0,256
1,0,1,0,0,1,0,0,0,0,1,1,8,0,0,pamphlet_cif.y4m,36.19,36.192,0.128141,0.005948,0.0,192
1,0,1,0,1,0,0,0,0,0,1,1,2,0,0,pamphlet_cif.y4m,17.44,17.416,0.078294,0.005742,0.0,41
1,0,1,1,0,0,0,0,0,0,1,0,4,5,0,pamphlet_cif.y4m,41.61,41.64,0.117047,0.005793,0.0,37
1,0,1,0,0,1,0,0,0,0,0,0,4,5,0,pamphlet_cif.y4m,36.14,36.148,0.065345,0.005948,0.0,26
1,1,1,1,0,0,0,1,0,0,0,0,1,0,3,pamphlet_cif.y4m,61.2,61.138,0.145499,0.004446,0.0,273
1,1,1,1,0,0,1,1,0,0,0,1,1,5,6,pamphlet_cif.y4m,58.31,58.318,0.09985,0.004427,0.0,233
1,1,1,0,1,0,1,1,0,0,1,1,8,0,0,pamphlet_cif.y4m,27.4,27.44,0.091924,0.004431,0.0,101
1,0,1,1,0,0,0,0,0,0,0,1,2,5,3,pamphlet_cif.y4m,41.97,41.976,0.115239,0.005721,0.0,39
1,1,1,0,1,0,0,1,0,0,0,1,1,15,0,pamphlet_cif.y4m,26.01,26.058,0.084083,0.004444,0.0,106
1,1,1,0,1,0,0,0,1,1,0,0,1,0,0,pamphlet_cif.y4m,23.07,23.09,0.045277,0.00452,0.0,242
1,1,1,1,0,0,1,1,0,0,1,0,2,15,0,pamphlet_cif.y4m,65.96,65.85,0.161864,0.00445,0.0,193
1,0,1,0,1,0,1,0,0,0,1,0,1,15,6,pamphlet_cif.y4m,18.45,18.428,0.060992,0.004902,0.0,103
1,1,1,0,1,0,0,1,0,1,1,1,8,5,6,pamphlet_cif.y4m,26.31,26.28,0.071414,0.004414,0.0,1
1,0,1,1,0,0,0,0,0,1,1,1,1,0,0,pamphlet_cif.y4m,41.81,41.874,0.10015,0.005721,0.0,61
1,1,1,1,0,0,0,0,1,0,0,0,2,0,0,pamphlet_cif.y4m,53.21,53.198,0.092574,0.004519,0.0,56
1,1,1,0,1,0,0,1,0,0,1,0,8,15,3,pamphlet_cif.y4m,28.01,28.0,0.026458,0.004414,0.0,148
1,0,1,0,1,0,0,0,0,1,0,1,2,5,0,pamphlet_cif.y4m,16.93,16.94,0.046904,0.005769,0.0,112
1,0,1,0,1,0,1,0,0,0,1,0,8,15,3,pamphlet_cif.y4m,18.43,18.438,0.039623,0.004902,0.0,300
1,0,1,0,1,0,0,0,0,1,1,0,4,15,0,pamphlet_cif.y4m,17.37,17.396,0.055498,0.005742,0.0,249
1,0,1,0,1,0,0,0,0,0,0,1,2,0,0,pamphlet_cif.y4m,16.93,16.932,0.043243,0.005769,0.0,20
1,1,1,1,0,0,1,1,0,1,0,1,1,5,0,pamphlet_cif.y4m,65.73,65.732,0.163463,0.004501,0.0,104
1,1,1,1,0,0,0,1,0,1,1,1,8,15,6,pamphlet_cif.y4m,59.79,59.764,0.134276,0.004413,0.0,131
1,0,1,1,0,0,0,0,0,0,0,0,2,0,3,pamphlet_cif.y4m,41.53,41.57,0.109316,0.005793,0.0,69
1,0,1,0,1,0,1,0,0,0,0,0,2,0,3,pamphlet_cif.y4m,18.46,18.468,0.022804,0.004902,0.0,220
1,1,1,1,0,0,1,1,0,1,1,1,8,15,6,pamphlet_cif.y4m,60.74,60.778,0.134425,0.004381,0.0,11
1,1,1,1,0,0,1,1,0,1,0,0,4,15,6,pamphlet_cif.y4m,60.79,60.752,0.120913,0.004381,0.0,258
1,0,1,0,1,0,1,0,0,0,0,0,2,15,3,pamphlet_cif.y4m,18.39,18.412,0.055408,0.004902,0.0,65
1,0,1,0,0,1,1,0,0,0,0,0,2,15,0,pamphlet_cif.y4m,37.41,37.418,0.103296,0.004934,0.0,160
1,0,1,0,0,1,1,0,0,0,0,0,8,0,0,pamphlet_cif.y4m,37.49,37.502,0.101587,0.004934,0.0,238
1,1,1,1,0,0,0,1,0,0,0,0,4,0,0,pamphlet_cif.y4m,60.93,61.002,0.150067,0.004446,0.0,57
1,1,1,0,1,0,0,1,0,1,0,1,2,0,0,pamphlet_cif.y4m,26.19,26.216,0.0498,0.004442,0.0,79
1,0,1,0,1,0,1,0,0,0,1,0,4,15,3,pamphlet_cif.y4m,18.46,18.428,0.054037,0.004902,0.0,224
1,1,1,0,1,0,0,1,0,1,0,0,2,0,3,pamphlet_cif.y4m,27.31,27.31,0.045826,0.004443,0.0,48
1,0,1,0,1,0,1,0,0,0,0,1,8,0,6,pamphlet_cif.y4m,18.54,18.508,0.060581,0.004884,0.0,173
1,1,1,1,0,0,1,1,0,0,1,1,1,0,0,pamphlet_cif.y4m,63.95,64.012,0.114324,0.004492,0.0,283
1,0,1,0,1,0,0,0,0,0,0,0,1,0,6,pamphlet_cif.y4m,17.39,17.386,0.036469,0.005742,0.0,190
1,0,1,0,1,0,1,0,0,1,1,1,4,0,6,pamphlet_cif.y4m,18.4,18.428,0.053572,0.004902,0.0,259
1,0,1,1,0,0,0,0,0,0,0,1,1,15,3,pamphlet_cif.y4m,41.08,41.038,0.086429,0.005721,0.0,7
1,0,1,0,0,1,0,0,0,0,0,1,2,5,0,pamphlet_cif.y4m,35.76,35.788,0.10616,0.005967,0.0,73
1,1,1,1,0,0,1,1,0,0,0,0,2,0,6,pamphlet_cif.y4m,65.71,65.756,0.156301,0.004465,0.0,63
1,0,1,0,0,1,1,0,0,1,1,0,2,15,3,pamphlet_cif.y4m,37.47,37.476,0.085907,0.004934,0.0,284
1,0,1,1,0,0,1,0,0,1,0,1,8,15,6,pamphlet_cif.y4m,43.23,43.256,0.109909,0.004975,0.0,250
1,1,1,0,1,0,0,1,0,0,0,0,2,5,0,pamphlet_cif.y4m,27.75,27.698,0.08228,0.004438,0.0,209
1,0,1,0,1,0,1,0,0,0,0,1,4,5,3,pamphlet_cif.y4m,18.52,18.538,0.054498,0.004884,0.0,138
1,1,1,1,0,0,0,0,1,1,1,0,1,0,0,pamphlet_cif.y4m,53.43,53.346,0.162265,0.004519,0.0,135
1,1,1,1,0,0,1,1,0,1,1,0,4,5,3,pamphlet_cif.y4m,60.89,60.842,0.129112,0.004436,0.0,264
1,1,1,1,0,0,0,1,0,1,1,0,2,0,6,pamphlet_cif.y4m,61.06,61.104,0.147071,0.004446,0.0,215
1,0,1,0,0,1,0,0,0,0,1,1,4,5,3,pamphlet_cif.y4m,36.04,36.102,0.104976,0.005948,0.0,50
1,0,1,1,0,0,0,0,0,1,1,0,4,0,6,pamphlet_cif.y4m,41.67,41.67,0.129422,0.005793,0.0,98
1,1,1,1,0,0,0,1,0,1,1,0,1,15,0,pamphlet_cif.y4m,62.07,62.068,0.123976,0.004449,0.0,140
1,1,1,1,0,0,0,1,0,0,1,1,1,0,3,pamphlet_cif.y4m,62.31,62.302,0.025884,0.004449,0.0,113
1,0,1,0,1,0,1,0,0,1,1,0,1,0,6,pamphlet_cif.y4m,18.39,18.4,0.043589,0.004902,0.0,3
1,0,1,0,0,1,0,0,0,1,1,1,8,0,0,pamphlet_cif.y4m,36.21,36.19,0.118954,0.005948,0.0,149
1,0,1,1,0,0,0,0,0,0,1,1,8,5,6,pamphlet_cif.y4m,41.54,41.506,0.058566,0.005793,0.0,153
1,1,1,1,0,0,1,1,0,1,1,0,2,15,6,pamphlet_cif.y4m,60.89,60.792,0.158808,0.004381,0.0,133
1,0,1,1,0,0,0,0,0,0,0,0,1,0,3,pamphlet_cif.y4m,41.68,41.646,0.073689,0.005793,0.0,191
1,1,1,0,1,0,0,1,0,1,0,1,1,0,6,pamphlet_cif.y4m,25.66,25.68,0.04899,0.004442,0.0,100
1,0,1,1,0,0,1,0,0,0,1,0,4,0,3,pamphlet_cif.y4m,43.49,43.544,0.14519,0.004918,0.0,85
1,0,1,0,0,1,1,0,0,0,0,0,2,0,3,pamphlet_cif.y4m,37.58,37.504,0.14188,0.004934,0.0,88
1,0,1,0,1,0,1,0,0,1,1,0,4,15,6,pamphlet_cif.y4m,18.03,18.046,0.037815,0.004902,0.0,31
1,0,1,0,0,1,1,0,0,0,0,0,4,5,3,pamphlet_cif.y4m,37.42,37.436,0.092898,0.004934,0.0,134
1,1,1,0,1,0,1,1,0,1,1,1,8,0,3,pamphlet_cif.y4m,27.51,27.472,0.078549,0.004431,0.0,147
1,1,1,1,0,0,0,1,0,0,1,1,4,15,6,pamphlet_cif.y4m,61.06,61.04,0.147139,0.004413,0.0,275
1,0,1,0,0,1,1,0,0,0,1,0,4,15,3,pamphlet_cif.y4m,37.51,37.498,0.12478,0.004934,0.0,143
1,1,1,0,1,0,1,1,0,1,0,0,1,5,6,pamphlet_cif.y4m,29.05,29.084,0.077006,0.004386,0.0,8
1,1,1,1,0,0,1,1,0,0,1,1,4,5,3,pamphlet_cif.y4m,60.6,60.654,0.133903,0.004436,0.0,216
1,0,1,1,0,0,1,0,0,1,0,0,1,0,3,pamphlet_cif.y4m,44.54,44.482,0.170792,0.004918,0.0,214
1,0,1,0,0,1,0,0,0,0,0,0,1,5,0,pamphlet_cif.y4m,36.06,36.094,0.099398,0.005948,0.0,17
1,0,1,0,0,1,1,0,0,0,0,0,1,5,0,pamphlet_cif.y4m,37.46,37.444,0.042778,0.004934,0.0,206
1,0,1,0,1,0,0,0,0,1,1,1,8,15,0,pamphlet_cif.y4m,17.37,17.384,0.058138,0.005742,0.0,36
1,1,1,0,1,0,1,1,0,0,0,0,4,15,3,pamphlet_cif.y4m,30.05,30.048,0.067602,0.004437,0.0,6
1,0,1,1,0,0,1,0,0,0,0,1,1,0,6,pamphlet_cif.y4m,44.33,44.28,0.141774,0.004975,0.0,5
1,0,1,1,0,0,1,0,0,0,0,0,8,15,6,pamphlet_cif.y4m,43.67,43.626,0.082037,0.004918,0.0,164
1,0,1,0,0,1,0,0,0,1,0,0,8,0,6,pamphlet_cif.y4m,36.13,36.13,0.137477,0.005948,0.0,97
1,0,1,1,0,0,0,0,0,0,1,0,2,5,3,pamphlet_cif.y4m,41.52,41.566,0.082037,0.005793,0.0,236
1,1,1,0,1,0,1,1,0,0,0,0,8,5,0,pamphlet_cif.y4m,27.91,27.888,0.0614,0.004475,0.0,71
1,1,1,0,1,0,1,1,0,1,0,1,2,0,3,pamphlet_cif.y4m,28.16,28.192,0.066106,0.004483,0.0,295
1,0,1,1,0,0,1,0,0,1,1,0,8,5,3,pamphlet_cif.y4m,44.4,44.434,0.121161,0.004918,0.0,286
1,0,1,0,1,0,0,0,0,0,0,1,1,5,0,pamphlet_cif.y4m,17.29,17.316,0.057706,0.005769,0.0,34
1,0,1,0,1,0,1,0,0,1,1,1,1,5,3,pamphlet_cif.y4m,18.53,18.536,0.031305,0.004884,0.0,240
1,0,1,0,0,1,1,0,0,0,0,1,4,15,3,pamphlet_cif.y4m,36.97,36.982,0.090388,0.004947,0.0,18
1,0,1,0,1,0,0,0,0,0,1,0,8,0,6,pamphlet_cif.y4m,17.04,17.016,0.051769,0.005742,0.0,102
1,1,1,1,0,0,1,0,1,0,1,0,4,0,0,pamphlet_cif.y4m,58.4,58.444,0.107842,0.004445,0.0,51
1,1,1,1,0,0,1,1,0,0,0,1,4,15,6,pamphlet_cif.y4m,59.24,59.212,0.102567,0.004432,0.0,282
1,0,1,0,1,0,1,0,0,1,1,1,1,0,3,pamphlet_cif.y4m,18.53,18.516,0.059414,0.004884,0.0,77
1,0,1,1,0,0,1,0,0,0,1,0,2,0,3,pamphlet_cif.y4m,44.58,44.534,0.116748,0.004918,0.0,128
1,1,1,0,1,0,1,1,0,0,0,0,2,5,3,pamphlet_cif.y4m,28.31,28.276,0.089051,0.004397,0.0,234
1,0,1,1,0,0,0,0,0,0,1,1,1,0,0,pamphlet_cif.y4m,41.08,41.062,0.069426,0.005721,0.0,252
1,0,1,1,0,0,1,0,0,0,0,1,4,0,3,pamphlet_cif.y4m,43.16,43.166,0.061074,0.004975,0.0,28
1,0,1,0,0,1,1,0,0,1,1,1,8,15,3,pamphlet_cif.y4m,37.51,37.514,0.065038,0.004934,0.0,139
1,0,1,0,0,1,0,0,0,0,0,1,1,5,0,pamphlet_cif.y4m,35.85,35.818,0.093113,0.005967,0.0,158
1,1,1,0,1,0,1,1,0,1,0,1,8,5,3,pamphlet_cif.y4m,29.05,29.062,0.056303,0.004436,0.0,152
1,0,1,1,0,0,1,0,0,1,0,0,2,0,6,pamphlet_cif.y4m,43.57,43.55,0.030822,0.004918,0.0,12
1,1,1,0,1,0,0,1,0,0,0,1,4,15,3,pamphlet_cif.y4m,27.08,27.096,0.051284,0.004412,0.0,294
1,1,1,0,1,0,0,1,0,0,0,1,8,15,3,pamphlet_cif.y4m,27.7,27.708,0.082885,0.004412,0.0,154
1,1,1,1,0,0,0,1,0,1,0,0,2,15,6,pamphlet_cif.y4m,60.95,61.006,0.139392,0.004413,0.0,157
1,0,1,1,0,0,1,0,0,1,1,1,2,0,3,pamphlet_cif.y4m,43.62,43.622,0.038987,0.004918,0.0,150
1,1,1,0,1,0,1,1,0,0,1,0,8,0,6,pamphlet_cif.y4m,27.46,27.44,0.05244,0.004431,0.0,287
1,0,1,0,1,0,0,0,0,1,1,0,1,0,3,pamphlet_cif.y4m,17.0,17.004,0.016733,0.005742,0.0,297
1,0,1,0,0,1,0,0,0,1,1,0,8,15,0,pamphlet_cif.y4m,36.04,36.084,0.081731,0.005948,0.0,263
1,1,1,0,1,0,0,1,0,1,1,1,1,5,3,pamphlet_cif.y4m,26.66,26.648,0.063008,0.00442,0.0,255
1,0,1,1,0,0,0,0,0,1,1,0,8,15,3,pamphlet_cif.y4m,41.72,41.736,0.191128,0.005793,0.0,115
1,0,1,0,0,1,1,0,0,1,0,1,4,15,3,pamphlet_cif.y4m,36.87,36.916,0.127004,0.004947,0.0,188
1,0,1,0,0,1,1,0,0,0,0,1,8,0,6,pamphlet_cif.y4m,36.23,36.222,0.123369,0.004947,0.0,212
1,0,1,1,0,0,1,0,0,0,0,1,1,15,3,pamphlet_cif.y4m,44.09,44.15,0.157956,0.004975,0.0,195
1,0,1,0,1,0,0,0,0,0,1,1,2,15,0,pamphlet_cif.y4m,17.03,17.02,0.045277,0.005742,0.0,119
1,0,1,1,0,0,0,0,0,1,0,1,4,15,0,pamphlet_cif.y4m,41.93,41.908,0.077266,0.005721,0.0,58
1,0,1,0,1,0,1,0,0,1,0,1,4,0,6,pamphlet_cif.y4m,18.09,18.104,0.058138,0.004884,0.0,277
1,0,1,0,1,0,1,0,0,0,1,1,4,5,6,pamphlet_cif.y4m,18.04,18.034,0.040373,0.004902,0.0,64
1,1,1,0,1,0,1,1,0,1,0,0,2,0,0,pamphlet_cif.y4m,26.91,26.874,0.085029,0.004431,0.0,285
1,1,1,0,1,0,1,1,0,1,0,0,4,0,0,pamphlet_cif.y4m,26.86,26.878,0.054037,0.004431,0.0,290
1,0,1,1,0,0,0,0,0,1,0,1,8,5,6,pamphlet_cif.y4m,41.05,41.064,0.070922,0.005721,0.0,196
1,1,1,1,0,0,1,0,1,1,1,1,1,0,0,pamphlet_cif.y4m,58.07,57.992,0.134981,0.004474,0.0,93
1,0,1,1,0,0,1,0,0,0,1,1,4,5,6,pamphlet_cif.y4m,44.5,44.524,0.106442,0.004918,0.0,299
1,0,1,1,0,0,0,0,0,1,0,0,2,5,0,pamphlet_cif.y4m,41.55,41.6,0.129228,0.005793,0.0,125
1,1,1,0,1,0,0,1,0,1,0,1,2,15,6,pamphlet_cif.y4m,29.11,29.102,0.027749,0.004413,0.0,21
1,0,1,0,1,0,0,0,0,1,0,1,2,0,0,pamphlet_cif.y4m,17.3,17.306,0.027928,0.005769,0.0,225
1,0,1,0,1,0,0,0,0,1,0,0,2,5,0,paris_cif.y4m,12.94,12.934,0.0251,0.001503,0.0,114
1,1,1,1,0,0,0,0,1,0,0,1,1,0,0,paris_cif.y4m,39.56,40.688,1.704075,0.001324,0.0,281
1,1,1,1,0,0,0,1,0,1,1,0,2,5,0,paris_cif.y4m,54.27,54.284,0.107145,0.001289,0.0,49
1,0,1,0,0,1,1,0,0,0,0,0,2,15,6,paris_cif.y4m,39.84,39.828,0.180472,0.001571,0.0,194
1,0,1,1,0,0,0,0,0,0,0,0,2,0,6,paris_cif.y4m,32.8,33.144,0.560473,0.001495,0.0,62
1,1,1,0,1,0,0,1,0,1,1,1,1,15,3,paris_cif.y4m,23.52,23.512,0.031937,0.001282,0.0,91
1,0,1,0,0,1,1,0,0,0,0,0,4,0,6,paris_cif.y4m,42.24,42.29,0.15,0.001571,0.0,107
1,0,1,1,0,0,1,0,0,0,0,1,4,5,3,paris_cif.y4m,44.73,44.746,0.050299,0.001571,0.0,181
1,0,1,0,1,0,1,0,0,0,0,0,4,5,0,paris_cif.y4m,19.78,19.788,0.031145,0.00157,0.0,247
1,0,1,1,0,0,0,0,0,1,1,0,4,5,3,paris_cif.y4m,32.85,32.836,0.071274,0.001495,0.0,166
1,0,1,0,0,1,0,0,0,0,1,1,4,0,0,paris_cif.y4m,28.26,28.286,0.180361,0.001606,0.0,25
1,1,1,0,1,0,0,1,0,0,0,1,8,0,6,paris_cif.y4m,23.19,23.348,0.282347,0.001287,0.0,203
1,1,1,1,0,0,1,1,0,1,1,1,4,5,6,paris_cif.y4m,53.18,52.986,0.550436,0.001211,0.0,219
1,0,1,0,0,1,0,0,0,0,0,0,4,15,0,paris_cif.y4m,28.12,28.166,0.074699,0.001606,0.0,162
1,0,1,1,0,0,1,0,0,0,1,0,4,15,6,paris_cif.y4m,45.36,45.268,0.536069,0.001572,0.0,182
1,0,1,0,0,1,0,0,0,1,1,0,1,15,6,paris_cif.y4m,28.28,28.404,0.411983,0.001606,0.0,10
1,1,1,1,0,0,1,1,0,1,1,1,2,15,0,paris_cif.y4m,54.22,54.216,0.090719,0.001234,0.0,14
1,1,1,1,0,0,0,1,0,0,0,1,1,0,6,paris_cif.y4m,54.85,54.84,0.060415,0.001279,0.0,89
1,1,1,1,0,0,0,1,0,1,1,1,1,5,0,paris_cif.y4m,55.98,56.586,1.643055,0.001281,0.0,116
1,0,1,1,0,0,0,0,0,0,1,1,4,15,3,paris_cif.y4m,32.91,33.376,1.125691,0.001495,0.0,217
1,1,1,0,1,0,0,1,0,0,1,0,1,0,0,paris_cif.y4m,22.81,22.808,0.050695,0.001285,0.0,75
1,1,1,0,1,0,0,1,0,1,1,1,2,15,6,paris_cif.y4m,25.21,25.292,0.32668,0.001278,0.0,266
1,0,1,1,0,0,1,0,0,0,1,1,4,15,3,paris_cif.y4m,45.7,45.742,0.095237,0.001572,0.0,268
1,0,1,0,1,0,1,0,0,1,1,1,4,15,3,paris_cif.y4m,19.74,19.726,0.039749,0.00157,0.0,187
1,0,1,0,0,1,1,0,0,0,1,0,8,15,3,paris_cif.y4m,39.46,39.472,0.044385,0.001571,0.0,161
1,0,1,0,1,0,1,0,0,0,1,0,2,0,6,paris_cif.y4m,19.8,20.174,0.536824,0.00157,0.0,23
1,1,1,1,0,0,0,1,0,1,1,0,2,5,6,paris_cif.y4m,56.33,55.866,0.828269,0.001283,0.0,2
1,1,1,1,0,0,1,0,1,1,0,1,2,0,0,paris_cif.y4m,38.86,38.412,0.701976,0.001324,0.0,16
1,0,1,1,0,0,0,0,0,1,1,1,8,15,0,paris_cif.y4m,33.43,33.962,1.431387,0.001495,0.0,262
1,1,1,1,0,0,0,1,0,1,1,0,4,5,0,paris_cif.y4m,57.96,58.398,0.739845,0.001289,0.0,66
1,0,1,1,0,0,0,0,0,1,0,0,2,0,0,paris_cif.y4m,35.08,35.094,0.104307,0.001495,0.0,86
1,0,1,0,1,0,1,0,0,0,1,0,2,5,6,paris_cif.y4m,20.29,20.076,0.339455,0.00157,0.0,231
1,0,1,0,1,0,0,0,0,0,0,0,4,5,0,paris_cif.y4m,12.94,12.93,0.028284,0.001503,0.0,269
1,1,1,0,1,0,1,1,0,0,1,0,1,5,0,paris_cif.y4m,21.43,21.378,0.173407,0.001226,0.0,180
1,0,1,0,0,1,0,0,0,0,1,0,4,5,6,paris_cif.y4m,28.24,28.188,0.109407,0.001606,0.0,274
1,1,1,1,0,0,0,1,0,1,1,0,2,15,6,paris_cif.y4m,56.51,56.058,0.711983,0.001283,0.0,184
1,0,1,0,0,1,1,0,0,0,0,1,4,5,0,paris_cif.y4m,39.04,39.286,0.618652,0.001577,0.0,118
1,1,1,1,0,0,0,1,0,0,0,0,1,0,6,paris_cif.y4m,53.36,53.392,0.130077,0.001289,0.0,254
1,0,1,1,0,0,1,0,0,0,1,1,4,5,0,paris_cif.y4m,44.75,44.89,0.278298,0.001572,0.0,208
1,0,1,0,0,1,1,0,0,1,1,0,4,5,6,paris_cif.y4m,39.43,39.478,0.119875,0.001571,0.0,279
1,1,1,1,0,0,0,1,0,0,1,1,4,15,3,paris_cif.y4m,58.37,58.36,0.127475,0.001264,0.0,229
1,0,1,0,0,1,1,0,0,1,1,1,1,0,0,paris_cif.y4m,40.12,40.27,0.82362,0.001577,0.0,46
1,0,1,0,0,1,0,0,0,1,1,1,4,5,6,paris_cif.y4m,28.4,28.918,0.863435,0.001606,0.0,171
1,1,1,1,0,0,0,1,0,0,1,0,2,5,0,paris_cif.y4m,56.5,56.124,1.532948,0.001289,0.0,99
1,0,1,0,0,1,0,0,0,0,0,0,8,0,0,paris_cif.y4m,28.99,28.814,0.394373,0.001606,0.0,81
1,1,1,1,0,0,1,1,0,1,0,1,8,5,0,paris_cif.y4m,50.9,50.892,0.18593,0.001229,0.0,155
1,0,1,0,1,0,0,0,0,1,0,1,1,15,6,paris_cif.y4m,12.74,12.756,0.032094,0.001505,0.0,96
1,1,1,1,0,0,0,1,0,1,1,1,8,0,0,paris_cif.y4m,54.86,54.368,0.760638,0.001289,0.0,218
1,1,1,1,0,0,1,1,0,1,1,0,8,0,6,paris_cif.y4m,48.12,48.07,0.179861,0.001209,0.0,53
1,1,1,0,1,0,1,0,1,0,0,0,2,0,0,paris_cif.y4m,16.51,16.714,0.302539,0.001322,0.0,109
1,0,1,0,1,0,0,0,0,0,1,0,4,5,6,paris_cif.y4m,13.26,13.11,0.22383,0.001503,0.0,185
1,1,1,1,0,0,0,1,0,0,1,1,2,0,0,paris_cif.y4m,57.5,57.878,0.833229,0.001289,0.0,239
1,0,1,1,0,0,0,0,0,0,0,1,2,0,0,paris_cif.y4m,32.55,32.568,0.048166,0.001487,0.0,276
1,0,1,1,0,0,1,0,0,0,0,1,4,0,6,paris_cif.y4m,45.15,44.998,0.238893,0.001571,0.0,257
1,0,1,0,0,1,0,0,0,1,1,0,1,5,0,paris_cif.y4m,28.14,28.184,0.065038,0.001606,0.0,42
1,1,1,0,1,0,1,1,0,0,0,0,2,15,3,paris_cif.y4m,22.62,22.776,0.323156,0.001217,0.0,204
1,0,1,1,0,0,1,0,0,1,0,1,2,15,6,paris_cif.y4m,44.8,44.74,0.0886,0.001571,0.0,145
1,0,1,0,1,0,0,0,0,0,0,0,2,0,3,paris_cif.y4m,13.18,13.17,0.057009,0.001503,0.0,246
1,1,1,1,0,0,0,1,0,0,1,1,8,0,0,paris_cif.y4m,57.18,57.208,0.088148,0.001289,0.0,202
1,1,1,0,1,0,0,1,0,1,0,0,2,5,3,paris_cif.y4m,23.88,24.128,0.757542,0.001264,0.0,70
1,0,1,0,1,0,0,0,0,0,1,0,1,5,3,paris_cif.y4m,12.93,12.916,0.021909,0.001503,0.0,230
1,0,1,0,1,0,1,0,0,0,0,0,4,15,6,paris_cif.y4m,19.77,19.74,0.056569,0.00157,0.0,267
1,1,1,1,0,0,1,1,0,0,0,1,8,5,3,paris_cif.y4m,53.65,53.95,0.501747,0.001233,0.0,146
1,0,1,0,1,0,1,0,0,0,0,1,2,15,0,paris_cif.y4m,19.81,19.752,0.157702,0.00157,0.0,27
1,0,1,0,1,0,1,0,0,0,1,1,8,0,3,paris_cif.y4m,20.25,20.144,0.36439,0.00157,0.0,137
1,1,1,1,0,0,0,1,0,0,1,1,2,15,0,paris_cif.y4m,54.37,54.378,0.130269,0.001289,0.0,189
1,1,1,0,1,0,1,1,0,1,0,0,4,15,0,paris_cif.y4m,21.81,21.574,0.33709,0.001226,0.0,132
1,1,1,1,0,0,0,0,1,1,0,1,8,0,0,paris_cif.y4m,42.16,42.204,0.124218,0.001324,0.0,169
1,0,1,0,0,1,0,0,0,0,0,0,1,5,6,paris_cif.y4m,28.12,28.154,0.083546,0.001606,0.0,33
1,0,1,1,0,0,0,0,0,0,1,1,8,15,0,paris_cif.y4m,32.72,32.932,0.444432,0.001495,0.0,205
1,0,1,1,0,0,0,0,0,1,0,1,2,0,0,paris_cif.y4m,34.85,34.854,0.070922,0.001487,0.0,245
1,1,1,0,1,0,1,1,0,0,1,1,1,15,0,paris_cif.y4m,20.98,21.08,0.294534,0.001235,0.0,298
1,0,1,1,0,0,1,0,0,1,1,0,2,5,6,paris_cif.y4m,44.77,45.316,0.767059,0.001572,0.0,163
1,1,1,1,0,0,0,1,0,0,0,0,1,5,0,paris_cif.y4m,55.94,55.414,1.14738,0.001289,0.0,123
1,0,1,0,0,1,1,0,0,1,0,0,4,15,0,paris_cif.y4m,39.55,39.596,0.227882,0.001571,0.0,4
1,0,1,0,0,1,1,0,0,1,1,0,8,5,6,paris_cif.y4m,39.65,39.676,0.266796,0.001571,0.0,141
1,1,1,0,1,0,0,1,0,1,0,0,8,5,6,paris_cif.y4m,23.42,23.11,0.50552,0.00128,0.0,129
1,1,1,0,1,0,1,1,0,1,1,0,4,5,3,paris_cif.y4m,22.11,22.144,0.150765,0.001217,0.0,159
1,0,1,0,0,1,1,0,0,1,0,0,1,0,0,paris_cif.y4m,40.42,40.382,0.110318,0.001571,0.0,22
1,0,1,0,0,1,0,0,0,1,0,1,2,0,6,paris_cif.y4m,28.02,28.002,0.062209,0.001597,0.0,175
1,1,1,1,0,0,0,1,0,1,1,1,8,5,6,paris_cif.y4m,56.06,56.04,0.144395,0.001283,0.0,151
1,1,1,0,1,0,0,1,0,0,1,0,2,5,0,paris_cif.y4m,23.45,23.214,0.375673,0.001286,0.0,52
1,0,1,0,0,1,0,0,0,0,0,1,4,0,3,paris_cif.y4m,28.01,27.968,0.077266,0.001597,0.0,108
1,0,1,0,1,0,1,0,0,0,0,1,8,15,0,paris_cif.y4m,19.64,19.92,0.417433,0.00157,0.0,72
1,0,1,1,0,0,1,0,0,1,1,0,8,0,6,paris_cif.y4m,44.93,44.866,0.131263,0.001572,0.0,248
1,1,1,1,0,0,1,1,0,1,1,0,8,5,6,paris_cif.y4m,51.86,51.854,0.084439,0.001211,0.0,174
1,0,1,1,0,0,1,0,0,1,1,1,8,0,3,paris_cif.y4m,48.06,48.274,0.526384,0.001572,0.0,130
1,1,1,0,1,0,1,1,0,1,1,1,8,15,0,paris_cif.y4m,21.85,21.618,0.40202,0.001226,0.0,168
1,0,1,0,0,1,1,0,0,1,0,1,8,0,6,paris_cif.y4m,41.76,41.774,0.115456,0.001577,0.0,198
1,0,1,0,0,1,1,0,0,1,1,0,1,0,3,paris_cif.y4m,40.23,40.26,0.106536,0.001571,0.0,83
1,1,1,1,0,0,1,1,0,0,1,0,1,0,3,paris_cif.y4m,47.92,48.522,0.842835,0.001209,0.0,291
1,0,1,0,1,0,0,0,0,1,1,0,1,0,6,paris_cif.y4m,13.08,13.194,0.37773,0.001503,0.0,237
1,0,1,0,0,1,0,0,0,1,1,1,2,15,3,paris_cif.y4m,28.19,28.188,0.089275,0.001606,0.0,90
1,1,1,1,0,0,1,1,0,0,0,1,1,15,0,paris_cif.y4m,51.13,51.374,0.675781,0.001229,0.0,87
1,0,1,1,0,0,1,0,0,1,0,0,1,5,0,paris_cif.y4m,44.88,44.874,0.076354,0.001572,0.0,74
1,0,1,0,0,1,0,0,0,1,0,0,2,0,3,paris_cif.y4m,28.24,28.188,0.109407,0.001606,0.0,201
1,0,1,0,1,0,0,0,0,1,0,1,1,0,0,paris_cif.y4m,12.73,12.742,0.048166,0.001505,0.0,183
1,0,1,1,0,0,0,0,0,0,0,0,4,0,6,paris_cif.y4m,32.7,33.11,0.6468,0.001495,0.0,227
1,1,1,0,1,0,1,1,0,0,0,0,1,15,6,paris_cif.y4m,22.77,23.016,0.429278,0.001204,0.0,222
1,0,1,0,0,1,0,0,0,0,1,0,8,0,6,paris_cif.y4m,28.14,28.276,0.224789,0.001606,0.0,55
1,0,1,1,0,0,0,0,0,0,1,1,2,5,0,paris_cif.y4m,32.66,32.78,0.321325,0.001495,0.0,142
1,0,1,1,0,0,1,0,0,1,0,1,1,5,6,paris_cif.y4m,44.94,44.904,0.095551,0.001571,0.0,124
1,0,1,1,0,0,1,0,0,0,0,0,8,0,0,paris_cif.y4m,44.8,44.83,0.172627,0.001572,0.0,95
1,0,1,1,0,0,1,0,0,1,0,0,2,15,0,paris_cif.y4m,46.2,45.716,0.868378,0.001572,0.0,241
1,0,1,0,1,0,0,0,0,0,1,1,1,5,3,paris_cif.y4m,13.15,13.002,0.236368,0.001505,0.0,289
1,0,1,1,0,0,1,0,0,1,1,0,1,5,0,paris_cif.y4m,47.95,47.966,0.055946,0.001572,0.0,278
1,1,1,0,1,0,0,1,0,1,1,0,1,0,6,paris_cif.y4m,22.39,22.384,0.021909,0.001285,0.0,176
1,0,1,0,0,1,1,0,0,0,1,0,8,5,0,paris_cif.y4m,39.54,39.54,0.068191,0.001571,0.0,122
1,0,1,0,0,1,0,0,0,0,1,0,4,0,6,paris_cif.y4m,28.21,28.204,0.063087,0.001606,0.0,30
1,1,1,0,1,0,0,1,0,0,0,0,2,0,6,paris_cif.y4m,23.03,22.922,0.254303,0.001285,0.0,251
1,0,1,1,0,0,0,0,0,0,0,1,1,0,0,paris_cif.y4m,33.12,33.092,0.10616,0.001487,0.0,120
1,0,1,1,0,0,0,0,0,0,0,1,2,15,6,paris_cif.y4m,32.49,32.504,0.091815,0.001487,0.0,144
1,0,1,0,1,0,1,0,0,0,0,0,1,0,3,paris_cif.y4m,19.77,19.836,0.168167,0.00157,0.0,265
1,1,1,0,1,0,0,1,0,0,1,0,2,0,6,paris_cif.y4m,24.05,24.022,0.07791,0.001285,0.0,260
1,1,1,0,1,0,0,1,0,0,0,1,1,0,3,paris_cif.y4m,23.12,23.368,0.385837,0.001287,0.0,78
1,0,1,0,1,0,0,0,0,0,1,1,8,15,3,paris_cif.y4m,13.06,13.206,0.44405,0.001503,0.0,84
1,0,1,1,0,0,1,0,0,1,0,0,4,15,3,paris_cif.y4m,45.76,45.758,0.107796,0.001572,0.0,296
1,0,1,0,0,1,0,0,0,0,0,1,2,5,6,paris_cif.y4m,27.89,27.91,0.057879,0.001597,0.0,232
1,0,1,0,0,1,1,0,0,0,1,0,4,15,6,paris_cif.y4m,39.61,39.57,0.140178,0.001571,0.0,213
1,1,1,0,1,0,0,1,0,0,1,1,8,15,3,paris_cif.y4m,25.67,25.662,0.021679,0.001281,0.0,94
1,0,1,0,1,0,0,0,0,0,1,1,1,5,0,paris_cif.y4m,13.17,13.008,0.240562,0.001505,0.0,178
1,0,1,1,0,0,1,0,0,1,0,0,4,0,0,paris_cif.y4m,44.77,44.854,0.182565,0.001572,0.0,127
1,1,1,0,1,0,1,1,0,0,1,0,8,5,6,paris_cif.y4m,22.07,21.784,0.425476,0.001218,0.0,111
1,0,1,0,1,0,0,0,0,0,0,1,1,0,6,paris_cif.y4m,12.95,12.914,0.118448,0.001505,0.0,92
1,1,1,1,0,0,0,1,0,0,1,0,8,15,6,paris_cif.y4m,55.07,55.062,0.104259,0.001283,0.0,54
1,0,1,0,0,1,0,0,0,0,0,1,2,15,0,paris_cif.y4m,30.51,30.316,0.279786,0.001597,0.0,45
1,0,1,1,0,0,0,0,0,1,0,0,4,0,6,paris_cif.y4m,35.09,35.068,0.123774,0.001495,0.0,226
1,1,1,1,0,0,1,1,0,1,0,0,8,5,0,paris_cif.y4m,50.58,51.14,0.894036,0.001234,0.0,200
1,0,1,0,0,1,1,0,0,1,0,1,8,5,6,paris_cif.y4m,39.17,39.352,0.469596,0.001577,0.0,59
1,1,1,0,1,0,1,0,1,0,0,1,2,0,0,paris_cif.y4m,16.51,16.504,0.045607,0.001319,0.0,19
1,1,1,1,0,0,0,1,0,1,0,0,2,15,0,paris_cif.y4m,54.27,54.398,0.299115,0.001289,0.0,47
1,1,1,0,1,0,1,1,0,0,0,1,4,5,6,paris_cif.y4m,22.49,22.308,0.52756,0.001223,0.0,32
1,1,1,0,1,0,0,1,0,1,0,0,1,5,6,paris_cif.y4m,22.5,22.738,0.471243,0.00128,0.0,170
1,0,1,0,0,1,0,0,0,1,1,0,1,15,0,paris_cif.y4m,28.18,28.312,0.267058,0.001606,0.0,270
1,0,1,1,0,0,1,0,0,1,0,1,4,15,6,paris_cif.y4m,44.7,44.802,0.182675,0.001571,0.0,207
1,1,1,0,1,0,0,1,0,1,1,1,1,5,6,paris_cif.y4m,22.82,22.828,0.029496,0.00128,0.0,43
1,0,1,0,1,0,1,0,0,0,1,1,1,0,3,paris_cif.y4m,19.64,19.812,0.311641,0.00157,0.0,40
1,1,1,0,1,0,0,1,0,0,1,1,1,5,3,paris_cif.y4m,22.52,22.494,0.054589,0.001282,0.0,117
1,0,1,0,0,1,0,0,0,0,1,0,8,15,6,paris_cif.y4m,28.97,28.818,0.39009,0.001606,0.0,253
1,0,1,1,0,0,0,0,0,1,0,0,1,15,3,paris_cif.y4m,35.01,35.032,0.094974,0.001495,0.0,68
1,1,1,1,0,0,0,1,0,1,1,1,1,15,6,paris_cif.y4m,56.55,56.522,0.103296,0.001284,0.0,186
1,1,1,0,1,0,1,1,0,0,0,1,8,15,3,paris_cif.y4m,22.57,22.798,0.401211,0.001212,0.0,288
1,1,1,0,1,0,0,1,0,0,0,0,2,0,0,paris_cif.y4m,22.45,22.432,0.09654,0.001285,0.0,15
1,0,1,1,0,0,0,0,0,0,1,1,2,15,3,paris_cif.y4m,33.02,33.08,0.505124,0.001495,0.0,82
1,1,1,1,0,0,0,1,0,0,0,0,4,15,6,paris_cif.y4m,56.61,56.036,0.892485,0.001283,0.0,211
1,0,1,0,1,0,1,0,0,1,1,1,8,15,6,paris_cif.y4m,19.74,19.746,0.035071,0.00157,0.0,177
1,1,1,0,1,0,0,1,0,1,1,1,2,5,3,paris_cif.y4m,24.1,24.136,0.059414,0.001264,0.0,210
1,0,1,1,0,0,0,0,0,1,1,1,2,0,3,paris_cif.y4m,32.73,32.792,0.139714,0.001495,0.0,13
1,0,1,0,1,0,1,0,0,0,0,1,2,15,3,paris_cif.y4m,19.66,19.972,0.722267,0.00157,0.0,228
1,0,1,0,1,0,1,0,0,1,1,0,4,5,3,paris_cif.y4m,21.13,21.132,0.057184,0.00157,0.0,38
1,1,1,1,0,0,0,1,0,0,0,1,4,15,6,paris_cif.y4m,56.98,56.58,0.740642,0.001284,0.0,29
1,1,1,1,0,0,1,0,1,1,0,0,8,0,0,paris_cif.y4m,38.94,38.714,0.587648,0.001323,0.0,24
1,1,1,1,0,0,0,1,0,0,0,0,8,5,6,paris_cif.y4m,54.85,54.914,0.174155,0.001283,0.0,293
1,1,1,1,0,0,0,1,0,0,1,0,2,5,6,paris_cif.y4m,54.94,55.086,0.50949,0.001283,0.0,67
1,1,1,0,1,0,0,1,0,1,0,1,2,5,0,paris_cif.y4m,22.7,22.698,0.038341,0.001286,0.0,199
1,0,1,0,0,1,1,0,0,1,1,0,8,15,3,paris_cif.y4m,39.5,39.5,0.105594,0.001571,0.0,244
1,0,1,0,0,1,1,0,0,0,0,0,8,15,0,paris_cif.y4m,40.05,39.904,0.388304,0.001571,0.0,80
1,1,1,1,0,0,1,1,0,1,1,1,2,0,3,paris_cif.y4m,47.99,48.204,0.402964,0.001209,0.0,223
1,1,1,0,1,0,1,1,0,0,1,0,8,5,0,paris_cif.y4m,21.3,21.47,0.326343,0.001226,0.0,121
1,0,1,1,0,0,1,0,0,0,0,0,8,5,3,paris_cif.y4m,45.82,45.526,0.582563,0.001572,0.0,261
1,0,1,1,0,0,1,0,0,1,1,0,1,5,6,paris_cif.y4m,46.08,45.694,0.717133,0.001572,0.0,156
1,1,1,1,0,0,0,1,0,0,1,0,4,15,3,paris_cif.y4m,59.95,59.466,0.752416,0.001264,0.0,271
1,1,1,1,0,0,1,1,0,1,0,0,2,15,3,paris_cif.y4m,53.35,53.244,0.185418,0.001218,0.0,9
1,1,1,1,0,0,1,1,0,1,0,1,1,0,0,paris_cif.y4m,53.3,53.202,0.184986,0.00123,0.0,165
1,0,1,0,0,1,1,0,0,1,0,0,1,15,6,paris_cif.y4m,39.75,39.716,0.179805,0.001571,0.0,126
1,0,1,1,0,0,1,0,0,1,1,1,8,5,0,paris_cif.y4m,46.99,47.066,0.240479,0.001572,0.0,280
1,0,1,1,0,0,0,0,0,1,1,0,2,5,3,paris_cif.y4m,32.79,32.774,0.105499,0.001495,0.0,172
1,0,1,0,1,0,1,0,0,0,0,0,1,15,6,paris_cif.y4m,20.32,20.094,0.37534,0.00157,0.0,292
1,0,1,0,0,1,0,0,0,1,0,1,1,0,3,paris_cif.y4m,28.12,28.218,0.481425,0.001597,0.0,179
1,0,1,0,0,1,1,0,0,1,0,1,2,0,3,paris_cif.y4m,40.4,40.132,0.583327,0.001577,0.0,272
1,0,1,0,0,1,1,0,0,0,1,0,4,5,0,paris_cif.y4m,40.11,40.044,0.319343,0.001571,0.0,105
1,0,1,0,1,0,0,0,0,0,0,0,1,0,3,paris_cif.y4m,12.93,13.054,0.204524,0.001503,0.0,76
1,0,1,1,0,0,1,0,0,0,1,0,4,15,3,paris_cif.y4m,45.31,45.986,1.114195,0.001572,0.0,197
1,1,1,1,0,0,1,1,0,0,1,0,1,15,0,paris_cif.y4m,51.5,51.522,0.046583,0.001234,0.0,221
1,1,1,1,0,0,1,1,0,0,1,0,8,15,6,paris_cif.y4m,52.14,52.358,0.56804,0.001219,0.0,167
1,1,1,0,1,0,0,1,0,1,0,1,4,15,6,paris_cif.y4m,23.38,23.388,0.061806,0.001276,0.0,136
1,1,1,1,0,0,0,1,0,1,0,1,8,15,6,paris_cif.y4m,55.6,55.594,0.156621,0.001284,0.0,243
1,0,1,0,1,0,0,0,0,1,0,1,8,15,6,paris_cif.y4m,13.67,13.714,0.115022,0.001505,0.0,60
1,0,1,1,0,0,0,0,0,1,0,1,2,0,6,paris_cif.y4m,32.53,32.522,0.057184,0.001487,0.0,110
1,1,1,1,0,0,1,1,0,1,0,0,1,15,6,paris_cif.y4m,52.07,52.074,0.027019,0.001219,0.0,35
1,0,1,1,0,0,1,0,0,0,1,1,2,5,6,paris_cif.y4m,44.92,45.016,0.256281,0.001572,0.0,235
1,0,1,1,0,0,0,0,0,1,0,0,1,0,3,paris_cif.y4m,33.44,33.4,0.114018,0.001495,0.0,44
1,1,1,0,1,0,1,1,0,0,1,0,4,15,3,paris_cif.y4m,22.47,22.472,0.048166,0.001217,0.0,256
1,0,1,0,0,1,0,0,0,0,1,1,8,0,0,paris_cif.y4m,30.23,30.206,0.131643,0.001606,0.0,192
1,0,1,0,1,0,0,0,0,0,1,1,2,0,0,paris_cif.y4m,12.99,13.334,0.5503,0.001503,0.0,41
1,0,1,1,0,0,0,0,0,0,1,0,4,5,0,paris_cif.y4m,32.75,32.77,0.071063,0.001495,0.0,37
1,0,1,0,0,1,0,0,0,0,0,0,4,5,0,paris_cif.y4m,28.12,28.136,0.090719,0.001606,0.0,26
1,1,1,1,0,0,0,1,0,0,0,0,1,0,3,paris_cif.y4m,57.31,57.254,0.140819,0.001289,0.0,273
1,1,1,1,0,0,1,1,0,0,0,1,1,5,6,paris_cif.y4m,51.8,52.014,0.489826,0.001215,0.0,233
1,1,1,0,1,0,1,1,0,0,1,1,8,0,0,paris_cif.y4m,20.72,20.862,0.261954,0.001226,0.0,101
1,0,1,1,0,0,0,0,0,0,0,1,2,5,3,paris_cif.y4m,33.45,33.276,0.473529,0.001487,0.0,39
1,1,1,0,1,0,0,1,0,0,0,1,1,15,0,paris_cif.y4m,23.11,23.118,0.031145,0.001286,0.0,106
1,1,1,0,1,0,0,0,1,1,0,0,1,0,0,paris_cif.y4m,17.23,17.144,0.172569,0.001323,0.0,242
1,1,1,1,0,0,1,1,0,0,1,0,2,15,0,paris_cif.y4m,50.53,50.526,0.115239,0.001234,0.0,193
1,0,1,0,1,0,1,0,0,0,1,0,1,15,6,paris_cif.y4m,19.72,19.72,0.05244,0.00157,0.0,103
1,1,1,0,1,0,0,1,0,1,1,1,8,5,6,paris_cif.y4m,22.59,22.582,0.071903,0.00128,0.0,1
1,0,1,1,0,0,0,0,0,1,1,1,1,0,0,paris_cif.y4m,33.17,33.154,0.100896,0.001487,0.0,61
1,1,1,1,0,0,0,0,1,0,0,0,2,0,0,paris_cif.y4m,43.06,43.332,0.692149,0.001321,0.0,56
1,1,1,0,1,0,0,1,0,0,1,0,8,15,3,paris_cif.y4m,24.11,24.162,0.181852,0.001281,0.0,148
1,0,1,0,1,0,0,0,0,1,0,1,2,5,0,paris_cif.y4m,12.77,12.882,0.199173,0.001505,0.0,112
1,0,1,0,1,0,1,0,0,0,1,0,8,15,3,paris_cif.y4m,20.21,20.192,0.335142,0.00157,0.0,300
1,0,1,0,1,0,0,0,0,1,1,0,4,15,0,paris_cif.y4m,12.88,12.892,0.026833,0.001503,0.0,249
1,0,1,0,1,0,0,0,0,0,0,1,2,0,0,paris_cif.y4m,12.81,12.814,0.08961,0.001505,0.0,20
1,1,1,1,0,0,1,1,0,1,0,1,1,5,0,paris_cif.y4m,54.41,54.368,0.106395,0.001229,0.0,104
1,1,1,1,0,0,0,1,0,1,1,1,8,15,6,paris_cif.y4m,56.52,56.232,0.67407,0.001283,0.0,131
1,0,1,1,0,0,0,0,0,0,0,0,2,0,3,paris_cif.y4m,32.71,32.786,0.133154,0.001495,0.0,69
1,0,1,0,1,0,1,0,0,0,0,0,2,0,3,paris_cif.y4m,19.76,19.874,0.262069,0.00157,0.0,220
1,1,1,1,0,0,1,1,0,1,1,1,8,15,6,paris_cif.y4m,56.1,56.426,0.722274,0.001219,0.0,11
1,1,1,1,0,0,1,1,0,1,0,0,4,15,6,paris_cif.y4m,52.67,52.584,0.17869,0.001219,0.0,258
1,0,1,0,1,0,1,0,0,0,0,0,2,15,3,paris_cif.y4m,19.78,20.032,0.406657,0.00157,0.0,65
1,0,1,0,0,1,1,0,0,0,0,0,2,15,0,paris_cif.y4m,39.63,39.658,0.098336,0.001571,0.0,160
1,0,1,0,0,1,1,0,0,0,0,0,8,0,0,paris_cif.y4m,39.58,39.834,0.709458,0.001571,0.0,238
1,1,1,1,0,0,0,1,0,0,0,0,4,0,0,paris_cif.y4m,53.42,53.754,0.597854,0.001289,0.0,57
1,1,1,0,1,0,0,1,0,1,0,1,2,0,0,paris_cif.y4m,23.09,23.098,0.031937,0.001287,0.0,79
1,0,1,0,1,0,1,0,0,0,1,0,4,15,3,paris_cif.y4m,19.72,19.714,0.055498,0.00157,0.0,224
1,1,1,0,1,0,0,1,0,1,0,0,2,0,3,paris_cif.y4m,22.38,22.652,0.406473,0.001285,0.0,48
1,0,1,0,1,0,1,0,0,0,0,1,8,0,6,paris_cif.y4m,19.97,19.97,0.018708,0.00157,0.0,173
1,1,1,1,0,0,1,1,0,0,1,1,1,0,0,paris_cif.y4m,49.79,49.846,0.2386,0.00123,0.0,283
1,0,1,0,1,0,0,0,0,0,0,0,1,0,6,paris_cif.y4m,13.77,13.778,0.010954,0.001503,0.0,190
1,0,1,0,1,0,1,0,0,1,1,1,4,0,6,paris_cif.y4m,19.76,19.858,0.153851,0.00157,0.0,259
1,0,1,1,0,0,0,0,0,0,0,1,1,15,3,paris_cif.y4m,32.67,33.064,0.718457,0.001487,0.0,7
1,0,1,0,0,1,0,0,0,0,0,1,2,5,0,paris_cif.y4m,27.89,27.892,0.044385,0.001597,0.0,73
1,1,1,1,0,0,1,1,0,0,0,0,2,0,6,paris_cif.y4m,49.39,48.828,0.876082,0.001209,0.0,63
1,0,1,0,0,1,1,0,0,1,1,0,2,15,3,paris_cif.y4m,40.36,40.162,0.427867,0.001571,0.0,284
1,0,1,1,0,0,1,0,0,1,0,1,8,15,6,paris_cif.y4m,45.94,45.594,0.584149,0.001571,0.0,250
1,1,1,0,1,0,0,1,0,0,0,0,2,5,0,paris_cif.y4m,23.41,23.424,0.039749,0.001286,0.0,209
1,0,1,0,1,0,1,0,0,0,0,1,4,5,3,paris_cif.y4m,19.64,19.694,0.153232,0.00157,0.0,138
1,1,1,1,0,0,0,0,1,1,1,0,1,0,0,paris_cif.y4m,44.06,43.604,0.764219,0.001321,0.0,135
1,1,1,1,0,0,1,1,0,1,1,0,4,5,3,paris_cif.y4m,52.2,51.888,0.795091,0.001218,0.0,264
1,1,1,1,0,0,0,1,0,1,1,0,2,0,6,paris_cif.y4m,55.45,55.32,0.941833,0.001289,0.0,215
1,0,1,0,0,1,0,0,0,0,1,1,4,5,3,paris_cif.y4m,28.33,28.7,0.92293,0.001606,0.0,50
1,0,1,1,0,0,0,0,0,1,1,0,4,0,6,paris_cif.y4m,32.86,33.41,1.10227,0.001495,0.0,98
1,1,1,1,0,0,0,1,0,1,1,0,1,15,0,paris_cif.y4m,55.79,55.564,0.564695,0.001289,0.0,140
1,1,1,1,0,0,0,1,0,0,1,1,1,0,3,paris_cif.y4m,54.74,54.956,0.494752,0.001279,0.0,113
1,0,1,0,1,0,1,0,0,1,1,0,1,0,6,paris_cif.y4m,21.1,21.114,0.036469,0.00157,0.0,3
1,0,1,0,0,1,0,0,0,1,1,1,8,0,0,paris_cif.y4m,28.08,28.138,0.118406,0.001606,0.0,149
1,0,1,1,0,0,0,0,0,0,1,1,8,5,6,paris_cif.y4m,33.78,33.552,0.539324,0.001495,0.0,153
1,1,1,1,0,0,1,1,0,1,1,0,2,15,6,paris_cif.y4m,55.9,55.926,0.182428,0.001219,0.0,133
1,0,1,1,0,0,0,0,0,0,0,0,1,0,3,paris_cif.y4m,32.77,32.958,0.421983,0.001495,0.0,191
1,1,1,0,1,0,0,1,0,1,0,1,1,0,6,paris_cif.y4m,23.12,23.392,0.40978,0.001287,0.0,100
1,0,1,1,0,0,1,0,0,0,1,0,4,0,3,paris_cif.y4m,46.17,45.662,0.827629,0.001572,0.0,85
1,0,1,0,0,1,1,0,0,0,0,0,2,0,3,paris_cif.y4m,40.42,40.418,0.12775,0.001571,0.0,88
1,0,1,0,1,0,1,0,0,1,1,0,4,15,6,paris_cif.y4m,20.18,20.268,0.659143,0.00157,0.0,31
1,0,1,0,0,1,1,0,0,0,0,0,4,5,3,paris_cif.y4m,40.24,40.24,0.032404,0.001571,0.0,134
1,1,1,0,1,0,1,1,0,1,1,1,8,0,3,paris_cif.y4m,21.23,21.028,0.327826,0.001226,0.0,147
1,1,1,1,0,0,0,1,0,0,1,1,4,15,6,paris_cif.y4m,55.7,55.694,0.434373,0.001283,0.0,275
1,0,1,0,0,1,1,0,0,0,1,0,4,15,3,paris_cif.y4m,39.63,39.64,0.052915,0.001571,0.0,143
1,1,1,0,1,0,1,1,0,1,0,0,1,5,6,paris_cif.y4m,21.45,21.764,0.754937,0.001218,0.0,8
1,1,1,1,0,0,1,1,0,0,1,1,4,5,3,paris_cif.y4m,54.51,54.528,0.435109,0.001218,0.0,216
1,0,1,1,0,0,1,0,0,1,0,0,1,0,3,paris_cif.y4m,44.81,44.852,0.083187,0.001572,0.0,214
1,0,1,0,0,1,0,0,0,0,0,0,1,5,0,paris_cif.y4m,28.2,28.214,0.110815,0.001606,0.0,17
1,0,1,0,0,1,1,0,0,0,0,0,1,5,0,paris_cif.y4m,39.55,39.542,0.079812,0.001571,0.0,206
1,0,1,0,1,0,0,0,0,1,1,1,8,15,0,paris_cif.y4m,13.8,13.806,0.040373,0.001503,0.0,36
1,1,1,0,1,0,1,1,0,0,0,0,4,15,3,paris_cif.y4m,22.59,22.634,0.223226,0.001217,0.0,6
1,0,1,1,0,0,1,0,0,0,0,1,1,0,6,paris_cif.y4m,46.0,45.61,0.698928,0.001571,0.0,5
1,0,1,1,0,0,1,0,0,0,0,0,8,15,6,paris_cif.y4m,45.85,45.644,0.517136,0.001572,0.0,164
1,0,1,0,0,1,0,0,0,1,0,0,8,0,6,paris_cif.y4m,29.0,28.68,0.531131,0.001606,0.0,97
1,0,1,1,0,0,0,0,0,0,1,0,2,5,3,paris_cif.y4m,32.7,32.884,0.485211,0.001495,0.0,236
1,1,1,0,1,0,1,1,0,0,0,0,8,5,0,paris_cif.y4m,21.77,21.786,0.067305,0.001226,0.0,71
1,1,1,0,1,0,1,1,0,1,0,1,2,0,3,paris_cif.y4m,21.2,21.732,0.910368,0.001234,0.0,295
1,0,1,1,0,0,1,0,0,1,1,0,8,5,3,paris_cif.y4m,44.75,44.78,0.079687,0.001572,0.0,286
1,0,1,0,1,0,0,0,0,0,0,1,1,5,0,paris_cif.y4m,12.76,12.766,0.044497,0.001505,0.0,34
1,0,1,0,1,0,1,0,0,1,1,1,1,5,3,paris_cif.y4m,19.67,19.746,0.205134,0.00157,0.0,240
1,0,1,0,0,1,1,0,0,0,0,1,4,15,3,paris_cif.y4m,39.12,39.308,0.414693,0.001577,0.0,18
1,0,1,0,1,0,0,0,0,0,1,0,8,0,6,paris_cif.y4m,12.93,12.92,0.038079,0.001503,0.0,102
1,1,1,1,0,0,1,0,1,0,1,0,4,0,0,paris_cif.y4m,40.5,40.436,0.111041,0.001323,0.0,51
1,1,1,1,0,0,1,1,0,0,0,1,4,15,6,paris_cif.y4m,52.15,52.178,0.141669,0.001209,0.0,282
1,0,1,0,1,0,1,0,0,1,1,1,1,0,3,paris_cif.y4m,20.16,19.95,0.302738,0.00157,0.0,77
1,0,1,1,0,0,1,0,0,0,1,0,2,0,3,paris_cif.y4m,44.84,44.832,0.152217,0.001572,0.0,128
1,1,1,0,1,0,1,1,0,0,0,0,2,5,3,paris_cif.y4m,22.06,22.056,0.040373,0.001217,0.0,234
1,0,1,1,0,0,0,0,0,0,1,1,1,0,0,paris_cif.y4m,33.13,33.136,0.064265,0.001487,0.0,252
1,0,1,1,0,0,1,0,0,0,0,1,4,0,3,paris_cif.y4m,44.8,44.756,0.169794,0.001571,0.0,28
1,0,1,0,0,1,1,0,0,1,1,1,8,15,3,paris_cif.y4m,39.5,39.522,0.09985,0.001571,0.0,139
1,0,1,0,0,1,0,0,0,0,0,1,1,5,0,paris_cif.y4m,28.0,28.68,1.055723,0.001597,0.0,158
1,1,1,0,1,0,1,1,0,1,0,1,8,5,3,paris_cif.y4m,21.59,21.816,0.365964,0.001223,0.0,152
1,0,1,1,0,0,1,0,0,1,0,0,2,0,6,paris_cif.y4m,44.84,44.93,0.186548,0.001572,0.0,12
1,1,1,0,1,0,0,1,0,0,0,1,4,15,3,paris_cif.y4m,23.63,23.798,0.348525,0.001282,0.0,294
1,1,1,0,1,0,0,1,0,0,0,1,8,15,3,paris_cif.y4m,25.2,25.202,0.038987,0.001282,0.0,154
1,1,1,1,0,0,0,1,0,1,0,0,2,15,6,paris_cif.y4m,55.02,55.044,0.124619,0.001283,0.0,157
1,0,1,1,0,0,1,0,0,1,1,1,2,0,3,paris_cif.y4m,47.95,47.96,0.079687,0.001572,0.0,150
1,1,1,0,1,0,1,1,0,0,1,0,8,0,6,paris_cif.y4m,21.12,21.094,0.064653,0.001226,0.0,287
1,0,1,0,1,0,0,0,0,1,1,0,1,0,3,paris_cif.y4m,13.84,13.836,0.036469,0.001503,0.0,297
1,0,1,0,0,1,0,0,0,1,1,0,8,15,0,paris_cif.y4m,28.25,28.49,0.413038,0.001606,0.0,263
1,1,1,0,1,0,0,1,0,1,1,1,1,5,3,paris_cif.y4m,22.58,22.662,0.203642,0.001282,0.0,255
1,0,1,1,0,0,0,0,0,1,1,0,8,15,3,paris_cif.y4m,33.74,33.324,0.589008,0.001495,0.0,115
1,0,1,0,0,1,1,0,0,1,0,1,4,15,3,paris_cif.y4m,39.21,39.608,0.633182,0.001577,0.0,188
1,0,1,0,0,1,1,0,0,0,0,1,8,0,6,paris_cif.y4m,39.19,39.184,0.138672,0.001577,0.0,212
1,0,1,1,0,0,1,0,0,0,0,1,1,15,3,paris_cif.y4m,46.16,45.868,0.628228,0.001571,0.0,195
1,0,1,0,1,0,0,0,0,0,1,1,2,15,0,paris_cif.y4m,12.87,12.888,0.040866,0.001503,0.0,119
1,0,1,1,0,0,0,0,0,1,0,1,4,15,0,paris_cif.y4m,33.36,33.14,0.429244,0.001487,0.0,58
1,0,1,0,1,0,1,0,0,1,0,1,4,0,6,paris_cif.y4m,19.66,19.75,0.283549,0.00157,0.0,277
1,0,1,0,1,0,1,0,0,0,1,1,4,5,6,paris_cif.y4m,19.81,19.862,0.176833,0.00157,0.0,64
1,1,1,0,1,0,1,1,0,1,0,0,2,0,0,paris_cif.y4m,20.76,20.956,0.305745,0.001226,0.0,285
1,1,1,0,1,0,1,1,0,1,0,0,4,0,0,paris_cif.y4m,20.73,20.71,0.044159,0.001226,0.0,290
1,0,1,1,0,0,0,0,0,1,0,1,8,5,6,paris_cif.y4m,32.45,32.454,0.094234,0.001487,0.0,196
1,1,1,1,0,0,1,0,1,1,1,1,1,0,0,paris_cif.y4m,37.79,37.766,0.082037,0.001324,0.0,93
1,0,1,1,0,0,1,0,0,0,1,1,4,5,6,paris_cif.y4m,48.2,48.52,0.60803,0.001572,0.0,299
1,0,1,1,0,0,0,0,0,1,0,0,2,5,0,paris_cif.y4m,33.58,33.438,0.400649,0.001495,0.0,125
1,1,1,0,1,0,0,1,0,1,0,1,2,15,6,paris_cif.y4m,23.37,23.644,0.424064,0.001276,0.0,21
1,0,1,0,1,0,0,0,0,1,0,1,2,0,0,paris_cif.y4m,12.89,12.872,0.080125,0.001505,0.0,225
1,0,1,0,1,0,0,0,0,1,0,0,2,5,0,sign_irene_cif.y4m,15.95,15.944,0.031305,0.002892,0.0,114
1,1,1,1,0,0,0,0,1,0,0,1,1,0,0,sign_irene_cif.y4m,51.62,51.606,0.174871,0.003122,0.0,281
1,1,1,1,0,0,0,1,0,1,1,0,2,5,0,sign_irene_cif.y4m,69.74,69.84,0.214826,0.003081,0.0,49
1,0,1,0,0,1,1,0,0,0,0,0,2,15,6,sign_irene_cif.y4m,38.83,38.826,0.177285,0.003255,0.0,194
1,0,1,1,0,0,0,0,0,0,0,0,2,0,6,sign_irene_cif.y4m,37.93,37.914,0.089051,0.002894,0.0,62
1,1,1,0,1,0,0,1,0,1,1,1,1,15,3,sign_irene_cif.y4m,33.17,33.148,0.060581,0.003082,0.0,91
1,0,1,0,0,1,1,0,0,0,0,0,4,0,6,sign_irene_cif.y4m,38.03,38.056,0.113049,0.003255,0.0,107
1,0,1,1,0,0,1,0,0,0,0,1,4,5,3,sign_irene_cif.y4m,45.18,45.192,0.131795,0.003244,0.0,181
1,0,1,0,1,0,1,0,0,0,0,0,4,5,0,sign_irene_cif.y4m,19.59,19.614,0.053198,0.003246,0.0,247
1,0,1,1,0,0,0,0,0,1,1,0,4,5,3,sign_irene_cif.y4m,38.13,38.138,0.079812,0.002894,0.0,166
1,0,1,0,0,1,0,0,0,0,1,1,4,0,0,sign_irene_cif.y4m,33.1,33.042,0.117771,0.003138,0.0,25
1,1,1,0,1,0,0,1,0,0,0,1,8,0,6,sign_irene_cif.y4m,30.21,30.202,0.051186,0.003083,0.0,203
1,1,1,1,0,0,1,1,0,1,1,1,4,5,6,sign_irene_cif.y4m,67.91,67.89,0.109545,0.002763,0.0,219
1,0,1,0,0,1,0,0,0,0,0,0,4,15,0,sign_irene_cif.y4m,33.0,33.002,0.115845,0.003138,0.0,162
1,0,1,1,0,0,1,0,0,0,1,0,4,15,6,sign_irene_cif.y4m,45.47,45.438,0.10849,0.003241,0.0,182
1,0,1,0,0,1,0,0,0,1,1,0,1,15,6,sign_irene_cif.y4m,32.62,32.616,0.040373,0.003138,0.0,10
1,1,1,1,0,0,1,1,0,1,1,1,2,15,0,sign_irene_cif.y4m,69.61,69.592,0.223875,0.002835,0.0,14
1,1,1,1,0,0,0,1,0,0,0,1,1,0,6,sign_irene_cif.y4m,68.81,68.792,0.102323,0.003085,0.0,89
1,1,1,1,0,0,0,1,0,1,1,1,1,5,0,sign_irene_cif.y4m,71.03,71.034,0.114586,0.003084,0.0,116
1,0,1,1,0,0,0,0,0,0,1,1,4,15,3,sign_irene_cif.y4m,37.93,37.928,0.060166,0.002894,0.0,217
1,1,1,0,1,0,0,1,0,0,1,0,1,0,0,sign_irene_cif.y4m,31.16,31.166,0.110815,0.003089,0.0,75
1,1,1,0,1,0,0,1,0,1,1,1,2,15,6,sign_irene_cif.y4m,32.55,32.552,0.115412,0.003089,0.0,266
1,0,1,1,0,0,1,0,0,0,1,1,4,15,3,sign_irene_cif.y4m,44.73,44.65,0.166433,0.003241,0.0,268
1,0,1,0,1,0,1,0,0,1,1,1,4,15,3,sign_irene_cif.y4m,19.65,19.634,0.068411,0.003246,0.0,187
1,0,1,0,0,1,1,0,0,0,1,0,8,15,3,sign_irene_cif.y4m,38.9,38.844,0.170529,0.003255,0.0,161
1,0,1,0,1,0,1,0,0,0,1,0,2,0,6,sign_irene_cif.y4m,19.63,19.608,0.054955,0.003246,0.0,23
1,1,1,1,0,0,0,1,0,1,1,0,2,5,6,sign_irene_cif.y4m,70.99,70.962,0.18431,0.00308,0.0,2
1,1,1,1,0,0,1,0,1,1,0,1,2,0,0,sign_irene_cif.y4m,48.65,48.62,0.130192,0.003003,0.0,16
1,0,1,1,0,0,0,0,0,1,1,1,8,15,0,sign_irene_cif.y4m,37.91,37.902,0.072595,0.002894,0.0,262
1,1,1,1,0,0,0,1,0,1,1,0,4,5,0,sign_irene_cif.y4m,68.74,68.622,0.231019,0.003081,0.0,66
1,0,1,1,0,0,0,0,0,1,0,0,2,0,0,sign_irene_cif.y4m,37.97,38.054,0.254224,0.002894,0.0,86
1,0,1,0,1,0,1,0,0,0,1,0,2,5,6,sign_irene_cif.y4m,19.24,19.272,0.068337,0.003246,0.0,231
1,0,1,0,1,0,0,0,0,0,0,0,4,5,0,sign_irene_cif.y4m,16.11,16.132,0.044944,0.002892,0.0,269
1,1,1,0,1,0,1,1,0,0,1,0,1,5,0,sign_irene_cif.y4m,29.45,29.454,0.047223,0.002839,0.0,180
1,0,1,0,0,1,0,0,0,0,1,0,4,5,6,sign_irene_cif.y4m,32.91,32.942,0.102811,0.003138,0.0,274
1,1,1,1,0,0,0,1,0,1,1,0,2,15,6,sign_irene_cif.y4m,72.83,72.872,0.178241,0.003088,0.0,184
1,0,1,0,0,1,1,0,0,0,0,1,4,5,0,sign_irene_cif.y4m,38.47,38.512,0.103296,0.003251,0.0,118
1,1,1,1,0,0,0,1,0,0,0,0,1,0,6,sign_irene_cif.y4m,68.08,68.016,0.123004,0.003092,0.0,254
1,0,1,1,0,0,1,0,0,0,1,1,4,5,0,sign_irene_cif.y4m,45.47,45.456,0.103827,0.003241,0.0,208
1,0,1,0,0,1,1,0,0,1,1,0,4,5,6,sign_irene_cif.y4m,38.73,38.746,0.118237,0.003255,0.0,279
1,1,1,1,0,0,0,1,0,0,1,1,4,15,3,sign_irene_cif.y4m,71.97,71.898,0.136272,0.003101,0.0,229
1,0,1,0,0,1,1,0,0,1,1,1,1,0,0,sign_irene_cif.y4m,37.9,37.918,0.128141,0.003251,0.0,46
1,0,1,0,0,1,0,0,0,1,1,1,4,5,6,sign_irene_cif.y4m,32.92,32.968,0.084971,0.003138,0.0,171
1,1,1,1,0,0,0,1,0,0,1,0,2,5,0,sign_irene_cif.y4m,70.09,70.0,0.215291,0.003081,0.0,99
1,0,1,0,0,1,0,0,0,0,0,0,8,0,0,sign_irene_cif.y4m,33.09,33.018,0.134052,0.003138,0.0,81
1,1,1,1,0,0,1,1,0,1,0,1,8,5,0,sign_irene_cif.y4m,67.48,67.5,0.279732,0.002832,0.0,155
1,0,1,0,1,0,0,0,0,1,0,1,1,15,6,sign_irene_cif.y4m,16.12,16.144,0.057706,0.002883,0.0,96
1,1,1,1,0,0,0,1,0,1,1,1,8,0,0,sign_irene_cif.y4m,69.23,69.288,0.141315,0.003092,0.0,218
1,1,1,1,0,0,1,1,0,1,1,0,8,0,6,sign_irene_cif.y4m,67.94,67.974,0.177285,0.002837,0.0,53
1,1,1,0,1,0,1,0,1,0,0,0,2,0,0,sign_irene_cif.y4m,21.32,21.302,0.056303,0.00301,0.0,109
1,0,1,0,1,0,0,0,0,0,1,0,4,5,6,sign_irene_cif.y4m,16.17,16.152,0.035637,0.002892,0.0,185
1,1,1,1,0,0,0,1,0,0,1,1,2,0,0,sign_irene_cif.y4m,69.28,69.364,0.190997,0.003092,0.0,239
1,0,1,1,0,0,0,0,0,0,0,1,2,0,0,sign_irene_cif.y4m,37.93,37.976,0.097365,0.002889,0.0,276
1,0,1,1,0,0,1,0,0,0,0,1,4,0,6,sign_irene_cif.y4m,45.12,45.132,0.098843,0.003244,0.0,257
1,0,1,0,0,1,0,0,0,1,1,0,1,5,0,sign_irene_cif.y4m,32.96,33.018,0.09985,0.003138,0.0,42
1,1,1,0,1,0,1,1,0,0,0,0,2,15,3,sign_irene_cif.y4m,31.08,31.036,0.080498,0.002763,0.0,204
1,0,1,1,0,0,1,0,0,1,0,1,2,15,6,sign_irene_cif.y4m,45.22,45.222,0.163615,0.003244,0.0,145
1,0,1,0,1,0,0,0,0,0,0,0,2,0,3,sign_irene_cif.y4m,16.15,16.134,0.051769,0.002892,0.0,246
1,1,1,1,0,0,0,1,0,0,1,1,8,0,0,sign_irene_cif.y4m,69.06,69.16,0.187083,0.003092,0.0,202
1,1,1,0,1,0,0,1,0,1,0,0,2,5,3,sign_irene_cif.y4m,31.13,31.128,0.032711,0.003095,0.0,70
1,0,1,0,1,0,0,0,0,0,1,0,1,5,3,sign_irene_cif.y4m,16.18,16.15,0.065192,0.002892,0.0,230
1,0,1,0,1,0,1,0,0,0,0,0,4,15,6,sign_irene_cif.y4m,19.64,19.622,0.045497,0.003246,0.0,267
1,1,1,1,0,0,1,1,0,0,0,1,8,5,3,sign_irene_cif.y4m,66.39,66.404,0.212321,0.002763,0.0,146
1,0,1,0,1,0,1,0,0,0,0,1,2,15,0,sign_irene_cif.y4m,19.5,19.51,0.030822,0.003247,0.0,27
1,0,1,0,1,0,1,0,0,0,1,1,8,0,3,sign_irene_cif.y4m,19.55,19.576,0.054129,0.003246,0.0,137
1,1,1,1,0,0,0,1,0,0,1,1,2,15,0,sign_irene_cif.y4m,69.78,69.802,0.183358,0.003081,0.0,189
1,1,1,0,1,0,1,1,0,1,0,0,4,15,0,sign_irene_cif.y4m,29.54,29.532,0.05933,0.002839,0.0,132
1,1,1,1,0,0,0,0,1,1,0,1,8,0,0,sign_irene_cif.y4m,51.53,51.548,0.103296,0.003122,0.0,169
1,0,1,0,0,1,0,0,0,0,0,0,1,5,6,sign_irene_cif.y4m,32.92,32.938,0.066483,0.003138,0.0,33
1,0,1,1,0,0,0,0,0,0,1,1,8,15,0,sign_irene_cif.y4m,38.06,38.0,0.095917,0.002894,0.0,205
1,0,1,1,0,0,0,0,0,1,0,1,2,0,0,sign_irene_cif.y4m,37.46,37.464,0.092087,0.002889,0.0,245
1,1,1,0,1,0,1,1,0,0,1,1,1,15,0,sign_irene_cif.y4m,29.09,29.072,0.056303,0.002828,0.0,298
1,0,1,1,0,0,1,0,0,1,1,0,2,5,6,sign_irene_cif.y4m,45.31,45.306,0.065803,0.003241,0.0,163
1,1,1,1,0,0,0,1,0,0,0,0,1,5,0,sign_irene_cif.y4m,69.96,69.968,0.147207,0.003081,0.0,123
1,0,1,0,0,1,1,0,0,1,0,0,4,15,0,sign_irene_cif.y4m,38.87,38.814,0.151096,0.003255,0.0,4
1,0,1,0,0,1,1,0,0,1,1,0,8,5,6,sign_irene_cif.y4m,38.17,38.196,0.081731,0.003255,0.0,141
1,1,1,0,1,0,0,1,0,1,0,0,8,5,6,sign_irene_cif.y4m,31.86,31.858,0.074967,0.003077,0.0,129
1,1,1,0,1,0,1,1,0,1,1,0,4,5,3,sign_irene_cif.y4m,30.38,30.418,0.080747,0.002781,0.0,159
1,0,1,0,0,1,1,0,0,1,0,0,1,0,0,sign_irene_cif.y4m,38.84,38.806,0.131263,0.003255,0.0,22
1,0,1,0,0,1,0,0,0,1,0,1,2,0,6,sign_irene_cif.y4m,32.81,32.75,0.144222,0.003115,0.0,175
1,1,1,1,0,0,0,1,0,1,1,1,8,5,6,sign_irene_cif.y4m,70.99,70.944,0.166823,0.00308,0.0,151
1,1,1,0,1,0,0,1,0,0,1,0,2,5,0,sign_irene_cif.y4m,30.92,30.904,0.082644,0.003092,0.0,52
1,0,1,0,0,1,0,0,0,0,0,1,4,0,3,sign_irene_cif.y4m,32.62,32.642,0.09757,0.003115,0.0,108
1,0,1,0,1,0,1,0,0,0,0,1,8,15,0,sign_irene_cif.y4m,19.42,19.422,0.0249,0.003247,0.0,72
1,0,1,1,0,0,1,0,0,1,1,0,8,0,6,sign_irene_cif.y4m,44.49,44.482,0.058052,0.003241,0.0,248
1,1,1,1,0,0,1,1,0,1,1,0,8,5,6,sign_irene_cif.y4m,67.91,67.922,0.177961,0.002763,0.0,174
1,0,1,1,0,0,1,0,0,1,1,1,8,0,3,sign_irene_cif.y4m,45.45,45.442,0.107098,0.003241,0.0,130
1,1,1,0,1,0,1,1,0,1,1,1,8,15,0,sign_irene_cif.y4m,29.51,29.506,0.083845,0.002839,0.0,168
1,0,1,0,0,1,1,0,0,1,0,1,8,0,6,sign_irene_cif.y4m,38.59,38.656,0.181879,0.003251,0.0,198
1,0,1,0,0,1,1,0,0,1,1,0,1,0,3,sign_irene_cif.y4m,38.19,38.13,0.146116,0.003255,0.0,83
1,1,1,1,0,0,1,1,0,0,1,0,1,0,3,sign_irene_cif.y4m,66.87,66.83,0.153297,0.002837,0.0,291
1,0,1,0,1,0,0,0,0,1,1,0,1,0,6,sign_irene_cif.y4m,16.18,16.166,0.024083,0.002892,0.0,237
1,0,1,0,0,1,0,0,0,1,1,1,2,15,3,sign_irene_cif.y4m,32.96,32.98,0.093005,0.003138,0.0,90
1,1,1,1,0,0,1,1,0,0,0,1,1,15,0,sign_irene_cif.y4m,67.39,67.374,0.080187,0.002832,0.0,87
1,0,1,1,0,0,1,0,0,1,0,0,1,5,0,sign_irene_cif.y4m,45.3,45.348,0.171959,0.003241,0.0,74
1,0,1,0,0,1,0,0,0,1,0,0,2,0,3,sign_irene_cif.y4m,32.3,32.334,0.106442,0.003138,0.0,201
1,0,1,0,1,0,0,0,0,1,0,1,1,0,0,sign_irene_cif.y4m,16.19,16.188,0.013038,0.002883,0.0,183
1,0,1,1,0,0,0,0,0,0,0,0,4,0,6,sign_irene_cif.y4m,38.08,38.064,0.153069,0.002894,0.0,227
1,1,1,0,1,0,1,1,0,0,0,0,1,15,6,sign_irene_cif.y4m,32.16,32.162,0.027749,0.002734,0.0,222
1,0,1,0,0,1,0,0,0,0,1,0,8,0,6,sign_irene_cif.y4m,32.34,32.366,0.065422,0.003138,0.0,55
1,0,1,1,0,0,0,0,0,0,1,1,2,5,0,sign_irene_cif.y4m,38.08,38.07,0.088318,0.002894,0.0,142
1,0,1,1,0,0,1,0,0,1,0,1,1,5,6,sign_irene_cif.y4m,45.12,45.214,0.154532,0.003244,0.0,124
1,0,1,1,0,0,1,0,0,0,0,0,8,0,0,sign_irene_cif.y4m,45.5,45.482,0.085264,0.003241,0.0,95
1,0,1,1,0,0,1,0,0,1,0,0,2,15,0,sign_irene_cif.y4m,45.25,45.316,0.104307,0.003241,0.0,241
1,0,1,0,1,0,0,0,0,0,1,1,1,5,3,sign_irene_cif.y4m,16.19,16.186,0.045056,0.002883,0.0,289
1,0,1,1,0,0,1,0,0,1,1,0,1,5,0,sign_irene_cif.y4m,45.25,45.318,0.133679,0.003241,0.0,278
1,1,1,0,1,0,0,1,0,1,1,0,1,0,6,sign_irene_cif.y4m,30.67,30.632,0.060992,0.003089,0.0,176
1,0,1,0,0,1,1,0,0,0,1,0,8,5,0,sign_irene_cif.y4m,38.86,38.786,0.175157,0.003255,0.0,122
1,0,1,0,0,1,0,0,0,0,1,0,4,0,6,sign_irene_cif.y4m,32.98,33.036,0.102127,0.003138,0.0,30
1,1,1,0,1,0,0,1,0,0,0,0,2,0,6,sign_irene_cif.y4m,31.23,31.202,0.054498,0.003089,0.0,251
1,0,1,1,0,0,0,0,0,0,0,1,1,0,0,sign_irene_cif.y4m,37.96,38.032,0.139176,0.002889,0.0,120
1,0,1,1,0,0,0,0,0,0,0,1,2,15,6,sign_irene_cif.y4m,37.91,37.972,0.129692,0.002889,0.0,144
1,0,1,0,1,0,1,0,0,0,0,0,1,0,3,sign_irene_cif.y4m,19.57,19.564,0.032863,0.003246,0.0,265
1,1,1,0,1,0,0,1,0,0,1,0,2,0,6,sign_irene_cif.y4m,31.24,31.258,0.058907,0.003089,0.0,260
1,1,1,0,1,0,0,1,0,0,0,1,1,0,3,sign_irene_cif.y4m,30.19,30.192,0.058052,0.003083,0.0,78
1,0,1,0,1,0,0,0,0,0,1,1,8,15,3,sign_irene_cif.y4m,16.12,16.132,0.039623,0.002892,0.0,84
1,0,1,1,0,0,1,0,0,1,0,0,4,15,3,sign_irene_cif.y4m,45.3,45.336,0.115888,0.003241,0.0,296
1,0,1,0,0,1,0,0,0,0,0,1,2,5,6,sign_irene_cif.y4m,32.72,32.728,0.109864,0.003115,0.0,232
1,0,1,0,0,1,1,0,0,0,1,0,4,15,6,sign_irene_cif.y4m,38.76,38.804,0.121367,0.003255,0.0,213
1,1,1,0,1,0,0,1,0,0,1,1,8,15,3,sign_irene_cif.y4m,32.69,32.672,0.105451,0.003079,0.0,94
1,0,1,0,1,0,0,0,0,0,1,1,1,5,0,sign_irene_cif.y4m,16.22,16.218,0.026833,0.002883,0.0,178
1,0,1,1,0,0,1,0,0,1,0,0,4,0,0,sign_irene_cif.y4m,45.22,45.228,0.045497,0.003241,0.0,127
1,1,1,0,1,0,1,1,0,0,1,0,8,5,6,sign_irene_cif.y4m,30.86,30.876,0.090443,0.002761,0.0,111
1,0,1,0,1,0,0,0,0,0,0,1,1,0,6,sign_irene_cif.y4m,16.2,16.192,0.0614,0.002883,0.0,92
1,1,1,1,0,0,0,1,0,0,1,0,8,15,6,sign_irene_cif.y4m,73.11,73.016,0.241516,0.003088,0.0,54
1,0,1,0,0,1,0,0,0,0,0,1,2,15,0,sign_irene_cif.y4m,32.82,32.79,0.094868,0.003115,0.0,45
1,0,1,1,0,0,0,0,0,1,0,0,4,0,6,sign_irene_cif.y4m,37.9,37.956,0.133903,0.002894,0.0,226
1,1,1,1,0,0,1,1,0,1,0,0,8,5,0,sign_irene_cif.y4m,69.46,69.476,0.150765,0.002835,0.0,200
1,0,1,0,0,1,1,0,0,1,0,1,8,5,6,sign_irene_cif.y4m,38.56,38.584,0.13409,0.003251,0.0,59
1,1,1,0,1,0,1,0,1,0,0,1,2,0,0,sign_irene_cif.y4m,21.42,21.446,0.055498,0.003019,0.0,19
1,1,1,1,0,0,0,1,0,1,0,0,2,15,0,sign_irene_cif.y4m,69.97,69.946,0.197687,0.003081,0.0,47
1,1,1,0,1,0,1,1,0,0,0,1,4,5,6,sign_irene_cif.y4m,29.74,29.742,0.057619,0.002757,0.0,32
1,1,1,0,1,0,0,1,0,1,0,0,1,5,6,sign_irene_cif.y4m,31.92,31.894,0.083247,0.003077,0.0,170
1,0,1,0,0,1,0,0,0,1,1,0,1,15,0,sign_irene_cif.y4m,33.05,33.012,0.098082,0.003138,0.0,270
1,0,1,1,0,0,1,0,0,1,0,1,4,15,6,sign_irene_cif.y4m,45.35,45.278,0.12478,0.003244,0.0,207
1,1,1,0,1,0,0,1,0,1,1,1,1,5,6,sign_irene_cif.y4m,30.89,30.928,0.095237,0.0031,0.0,43
1,0,1,0,1,0,1,0,0,0,1,1,1,0,3,sign_irene_cif.y4m,19.22,19.192,0.069785,0.003247,0.0,40
1,1,1,0,1,0,0,1,0,0,1,1,1,5,3,sign_irene_cif.y4m,31.06,31.068,0.078867,0.003081,0.0,117
1,0,1,0,0,1,0,0,0,0,1,0,8,15,6,sign_irene_cif.y4m,33.02,33.0,0.079687,0.003138,0.0,253
1,0,1,1,0,0,0,0,0,1,0,0,1,15,3,sign_irene_cif.y4m,37.25,37.242,0.068337,0.002894,0.0,68
1,1,1,1,0,0,0,1,0,1,1,1,1,15,6,sign_irene_cif.y4m,71.6,71.658,0.111445,0.003097,0.0,186
1,1,1,0,1,0,1,1,0,0,0,1,8,15,3,sign_irene_cif.y4m,32.05,32.064,0.095812,0.002741,0.0,288
1,1,1,0,1,0,0,1,0,0,0,0,2,0,0,sign_irene_cif.y4m,31.13,31.148,0.090111,0.003089,0.0,15
1,0,1,1,0,0,0,0,0,0,1,1,2,15,3,sign_irene_cif.y4m,37.93,37.976,0.154532,0.002894,0.0,82
1,1,1,1,0,0,0,1,0,0,0,0,4,15,6,sign_irene_cif.y4m,72.94,72.954,0.161648,0.003088,0.0,211
1,0,1,0,1,0,1,0,0,1,1,1,8,15,6,sign_irene_cif.y4m,19.56,19.574,0.063875,0.003246,0.0,177
1,1,1,0,1,0,0,1,0,1,1,1,2,5,3,sign_irene_cif.y4m,30.66,30.646,0.059833,0.003095,0.0,210
1,0,1,1,0,0,0,0,0,1,1,1,2,0,3,sign_irene_cif.y4m,37.92,37.944,0.080187,0.002894,0.0,13
1,0,1,0,1,0,1,0,0,0,0,1,2,15,3,sign_irene_cif.y4m,19.52,19.52,0.031623,0.003247,0.0,228
1,0,1,0,1,0,1,0,0,1,1,0,4,5,3,sign_irene_cif.y4m,19.57,19.588,0.045497,0.003246,0.0,38
1,1,1,1,0,0,0,1,0,0,0,1,4,15,6,sign_irene_cif.y4m,71.67,71.688,0.036332,0.003097,0.0,29
1,1,1,1,0,0,1,0,1,1,0,0,8,0,0,sign_irene_cif.y4m,47.71,47.722,0.109407,0.003004,0.0,24
1,1,1,1,0,0,0,1,0,0,0,0,8,5,6,sign_irene_cif.y4m,70.87,70.842,0.141669,0.00308,0.0,293
1,1,1,1,0,0,0,1,0,0,1,0,2,5,6,sign_irene_cif.y4m,70.8,70.836,0.199825,0.00308,0.0,67
1,1,1,0,1,0,0,1,0,1,0,1,2,5,0,sign_irene_cif.y4m,30.69,30.676,0.039115,0.003085,0.0,199
1,0,1,0,0,1,1,0,0,1,1,0,8,15,3,sign_irene_cif.y4m,38.71,38.748,0.086139,0.003255,0.0,244
1,0,1,0,0,1,1,0,0,0,0,0,8,15,0,sign_irene_cif.y4m,38.78,38.778,0.112783,0.003255,0.0,80
1,1,1,1,0,0,1,1,0,1,1,1,2,0,3,sign_irene_cif.y4m,67.0,66.97,0.085732,0.002837,0.0,223
1,1,1,0,1,0,1,1,0,0,1,0,8,5,0,sign_irene_cif.y4m,29.41,29.454,0.08735,0.002839,0.0,121
1,0,1,1,0,0,1,0,0,0,0,0,8,5,3,sign_irene_cif.y4m,45.47,45.414,0.144326,0.003241,0.0,261
1,0,1,1,0,0,1,0,0,1,1,0,1,5,6,sign_irene_cif.y4m,44.7,44.718,0.081363,0.003241,0.0,156
1,1,1,1,0,0,0,1,0,0,1,0,4,15,3,sign_irene_cif.y4m,72.02,71.822,0.288479,0.003101,0.0,271
1,1,1,1,0,0,1,1,0,1,0,0,2,15,3,sign_irene_cif.y4m,67.95,67.962,0.153362,0.00275,0.0,9
1,1,1,1,0,0,1,1,0,1,0,1,1,0,0,sign_irene_cif.y4m,64.34,64.38,0.129228,0.002833,0.0,165
1,0,1,0,0,1,1,0,0,1,0,0,1,15,6,sign_irene_cif.y4m,38.82,38.798,0.091761,0.003255,0.0,126
1,0,1,1,0,0,1,0,0,1,1,1,8,5,0,sign_irene_cif.y4m,44.62,44.578,0.134611,0.003241,0.0,280
1,0,1,1,0,0,0,0,0,1,1,0,2,5,3,sign_irene_cif.y4m,37.51,37.458,0.180194,0.002894,0.0,172
1,0,1,0,1,0,1,0,0,0,0,0,1,15,6,sign_irene_cif.y4m,19.7,19.692,0.025884,0.003246,0.0,292
1,0,1,0,0,1,0,0,0,1,0,1,1,0,3,sign_irene_cif.y4m,32.6,32.676,0.12054,0.003115,0.0,179
1,0,1,0,0,1,1,0,0,1,0,1,2,0,3,sign_irene_cif.y4m,38.66,38.604,0.110136,0.003251,0.0,272
1,0,1,0,0,1,1,0,0,0,1,0,4,5,0,sign_irene_cif.y4m,38.96,38.91,0.106536,0.003255,0.0,105
1,0,1,0,1,0,0,0,0,0,0,0,1,0,3,sign_irene_cif.y4m,16.2,16.22,0.066708,0.002892,0.0,76
1,0,1,1,0,0,1,0,0,0,1,0,4,15,3,sign_irene_cif.y4m,44.62,44.62,0.103682,0.003241,0.0,197
1,1,1,1,0,0,1,1,0,0,1,0,1,15,0,sign_irene_cif.y4m,69.55,69.526,0.136492,0.002835,0.0,221
1,1,1,1,0,0,1,1,0,0,1,0,8,15,6,sign_irene_cif.y4m,69.33,69.354,0.092898,0.002741,0.0,167
1,1,1,0,1,0,0,1,0,1,0,1,4,15,6,sign_irene_cif.y4m,32.15,32.14,0.074833,0.003076,0.0,136
1,1,1,1,0,0,0,1,0,1,0,1,8,15,6,sign_irene_cif.y4m,71.68,71.678,0.086429,0.003097,0.0,243
1,0,1,0,1,0,0,0,0,1,0,1,8,15,6,sign_irene_cif.y4m,16.19,16.184,0.041593,0.002883,0.0,60
1,0,1,1,0,0,0,0,0,1,0,1,2,0,6,sign_irene_cif.y4m,37.98,38.002,0.08167,0.002889,0.0,110
1,1,1,1,0,0,1,1,0,1,0,0,1,15,6,sign_irene_cif.y4m,69.38,69.264,0.257158,0.002741,0.0,35
1,0,1,1,0,0,1,0,0,0,1,1,2,5,6,sign_irene_cif.y4m,45.41,45.412,0.124579,0.003241,0.0,235
1,0,1,1,0,0,0,0,0,1,0,0,1,0,3,sign_irene_cif.y4m,37.94,37.99,0.117047,0.002894,0.0,44
1,1,1,0,1,0,1,1,0,0,1,0,4,15,3,sign_irene_cif.y4m,31.03,31.054,0.075033,0.002763,0.0,256
1,0,1,0,0,1,0,0,0,0,1,1,8,0,0,sign_irene_cif.y4m,32.97,33.012,0.14025,0.003138,0.0,192
1,0,1,0,1,0,0,0,0,0,1,1,2,0,0,sign_irene_cif.y4m,16.18,16.166,0.030496,0.002892,0.0,41
1,0,1,1,0,0,0,0,0,0,1,0,4,5,0,sign_irene_cif.y4m,37.91,37.912,0.047117,0.002894,0.0,37
1,0,1,0,0,1,0,0,0,0,0,0,4,5,0,sign_irene_cif.y4m,32.91,32.94,0.074833,0.003138,0.0,26
1,1,1,1,0,0,0,1,0,0,0,0,1,0,3,sign_irene_cif.y4m,69.2,69.196,0.148425,0.003092,0.0,273
1,1,1,1,0,0,1,1,0,0,0,1,1,5,6,sign_irene_cif.y4m,67.82,67.818,0.209929,0.002763,0.0,233
1,1,1,0,1,0,1,1,0,0,1,1,8,0,0,sign_irene_cif.y4m,29.28,29.256,0.068044,0.00284,0.0,101
1,0,1,1,0,0,0,0,0,0,0,1,2,5,3,sign_irene_cif.y4m,38.11,38.028,0.132174,0.002889,0.0,39
1,1,1,0,1,0,0,1,0,0,0,1,1,15,0,sign_irene_cif.y4m,30.63,30.638,0.09654,0.003085,0.0,106
1,1,1,0,1,0,0,0,1,1,0,0,1,0,0,sign_irene_cif.y4m,21.86,21.864,0.049295,0.003119,0.0,242
1,1,1,1,0,0,1,1,0,0,1,0,2,15,0,sign_irene_cif.y4m,69.34,69.368,0.126965,0.002835,0.0,193
1,0,1,0,1,0,1,0,0,0,1,0,1,15,6,sign_irene_cif.y4m,19.64,19.632,0.039623,0.003246,0.0,103
1,1,1,0,1,0,0,1,0,1,1,1,8,5,6,sign_irene_cif.y4m,31.87,31.854,0.098641,0.003077,0.0,1
1,0,1,1,0,0,0,0,0,1,1,1,1,0,0,sign_irene_cif.y4m,38.11,38.102,0.110318,0.002889,0.0,61
1,1,1,1,0,0,0,0,1,0,0,0,2,0,0,sign_irene_cif.y4m,51.44,51.428,0.05933,0.003122,0.0,56
1,1,1,0,1,0,0,1,0,0,1,0,8,15,3,sign_irene_cif.y4m,32.62,32.616,0.071274,0.003079,0.0,148
1,0,1,0,1,0,0,0,0,1,0,1,2,5,0,sign_irene_cif.y4m,16.16,16.17,0.046904,0.002883,0.0,112
1,0,1,0,1,0,1,0,0,0,1,0,8,15,3,sign_irene_cif.y4m,19.65,19.654,0.016733,0.003246,0.0,300
1,0,1,0,1,0,0,0,0,1,1,0,4,15,0,sign_irene_cif.y4m,16.08,16.112,0.066858,0.002892,0.0,249
1,0,1,0,1,0,0,0,0,0,0,1,2,0,0,sign_irene_cif.y4m,16.18,16.186,0.051284,0.002883,0.0,20
1,1,1,1,0,0,1,1,0,1,0,1,1,5,0,sign_irene_cif.y4m,66.31,66.252,0.181439,0.002832,0.0,104
1,1,1,1,0,0,0,1,0,1,1,1,8,15,6,sign_irene_cif.y4m,73.02,72.962,0.182675,0.003088,0.0,131
1,0,1,1,0,0,0,0,0,0,0,0,2,0,3,sign_irene_cif.y4m,38.02,38.008,0.112561,0.002894,0.0,69
1,0,1,0,1,0,1,0,0,0,0,0,2,0,3,sign_irene_cif.y4m,19.58,19.584,0.040373,0.003246,0.0,220
1,1,1,1,0,0,1,1,0,1,1,1,8,15,6,sign_irene_cif.y4m,68.03,67.96,0.129035,0.002741,0.0,11
1,1,1,1,0,0,1,1,0,1,0,0,4,15,6,sign_irene_cif.y4m,69.2,69.15,0.209165,0.002741,0.0,258
1,0,1,0,1,0,1,0,0,0,0,0,2,15,3,sign_irene_cif.y4m,19.59,19.604,0.063087,0.003246,0.0,65
1,0,1,0,0,1,1,0,0,0,0,0,2,15,0,sign_irene_cif.y4m,38.84,38.806,0.12341,0.003255,0.0,160
1,0,1,0,0,1,1,0,0,0,0,0,8,0,0,sign_irene_cif.y4m,38.77,38.81,0.154596,0.003255,0.0,238
1,1,1,1,0,0,0,1,0,0,0,0,4,0,0,sign_irene_cif.y4m,69.46,69.422,0.066106,0.003092,0.0,57
1,1,1,0,1,0,0,1,0,1,0,1,2,0,0,sign_irene_cif.y4m,30.22,30.222,0.060581,0.003083,0.0,79
1,0,1,0,1,0,1,0,0,0,1,0,4,15,3,sign_irene_cif.y4m,19.64,19.674,0.070214,0.003246,0.0,224
1,1,1,0,1,0,0,1,0,1,0,0,2,0,3,sign_irene_cif.y4m,31.13,31.174,0.085029,0.003089,0.0,48
1,0,1,0,1,0,1,0,0,0,0,1,8,0,6,sign_irene_cif.y4m,19.53,19.544,0.04219,0.003247,0.0,173
1,1,1,1,0,0,1,1,0,0,1,1,1,0,0,sign_irene_cif.y4m,65.59,65.612,0.09985,0.002833,0.0,283
1,0,1,0,1,0,0,0,0,0,0,0,1,0,6,sign_irene_cif.y4m,15.9,15.902,0.044385,0.002892,0.0,190
1,0,1,0,1,0,1,0,0,1,1,1,4,0,6,sign_irene_cif.y4m,19.62,19.628,0.034205,0.003246,0.0,259
1,0,1,1,0,0,0,0,0,0,0,1,1,15,3,sign_irene_cif.y4m,37.95,37.966,0.120955,0.002889,0.0,7
1,0,1,0,0,1,0,0,0,0,0,1,2,5,0,sign_irene_cif.y4m,32.82,32.794,0.104547,0.003115,0.0,73
1,1,1,1,0,0,1,1,0,0,0,0,2,0,6,sign_irene_cif.y4m,68.12,68.158,0.094974,0.002837,0.0,63
1,0,1,0,0,1,1,0,0,1,1,0,2,15,3,sign_irene_cif.y4m,38.79,38.76,0.06245,0.003255,0.0,284
1,0,1,1,0,0,1,0,0,1,0,1,8,15,6,sign_irene_cif.y4m,45.27,45.218,0.157067,0.003244,0.0,250
1,1,1,0,1,0,0,1,0,0,0,0,2,5,0,sign_irene_cif.y4m,31.45,31.462,0.042071,0.003092,0.0,209
1,0,1,0,1,0,1,0,0,0,0,1,4,5,3,sign_irene_cif.y4m,19.45,19.47,0.05831,0.003247,0.0,138
1,1,1,1,0,0,0,0,1,1,1,0,1,0,0,sign_irene_cif.y4m,51.23,51.358,0.206204,0.003122,0.0,135
1,1,1,1,0,0,1,1,0,1,1,0,4,5,3,sign_irene_cif.y4m,67.6,67.58,0.150167,0.002774,0.0,264
1,1,1,1,0,0,0,1,0,1,1,0,2,0,6,sign_irene_cif.y4m,68.05,67.94,0.208926,0.003092,0.0,215
1,0,1,0,0,1,0,0,0,0,1,1,4,5,3,sign_irene_cif.y4m,32.88,32.908,0.072938,0.003138,0.0,50
1,0,1,1,0,0,0,0,0,1,1,0,4,0,6,sign_irene_cif.y4m,38.02,37.982,0.086718,0.002894,0.0,98
1,1,1,1,0,0,0,1,0,1,1,0,1,15,0,sign_irene_cif.y4m,70.17,70.068,0.241495,0.003081,0.0,140
1,1,1,1,0,0,0,1,0,0,1,1,1,0,3,sign_irene_cif.y4m,68.86,68.832,0.101833,0.003085,0.0,113
1,0,1,0,1,0,1,0,0,1,1,0,1,0,6,sign_irene_cif.y4m,19.57,19.582,0.047645,0.003246,0.0,3
1,0,1,0,0,1,0,0,0,1,1,1,8,0,0,sign_irene_cif.y4m,33.05,32.998,0.091488,0.003138,0.0,149
1,0,1,1,0,0,0,0,0,0,1,1,8,5,6,sign_irene_cif.y4m,37.94,37.926,0.090995,0.002894,0.0,153
1,1,1,1,0,0,1,1,0,1,1,0,2,15,6,sign_irene_cif.y4m,69.21,69.23,0.109545,0.002741,0.0,133
1,0,1,1,0,0,0,0,0,0,0,0,1,0,3,sign_irene_cif.y4m,37.91,37.968,0.088713,0.002894,0.0,191
1,1,1,0,1,0,0,1,0,1,0,1,1,0,6,sign_irene_cif.y4m,30.15,30.19,0.0886,0.003083,0.0,100
1,0,1,1,0,0,1,0,0,0,1,0,4,0,3,sign_irene_cif.y4m,45.36,45.4,0.09434,0.003241,0.0,85
1,0,1,0,0,1,1,0,0,0,0,0,2,0,3,sign_irene_cif.y4m,38.29,38.206,0.162573,0.003255,0.0,88
1,0,1,0,1,0,1,0,0,1,1,0,4,15,6,sign_irene_cif.y4m,19.66,19.638,0.067602,0.003246,0.0,31
1,0,1,0,0,1,1,0,0,0,0,0,4,5,3,sign_irene_cif.y4m,38.72,38.732,0.037014,0.003255,0.0,134
1,1,1,0,1,0,1,1,0,1,1,1,8,0,3,sign_irene_cif.y4m,28.75,28.768,0.068337,0.00284,0.0,147
1,1,1,1,0,0,0,1,0,0,1,1,4,15,6,sign_irene_cif.y4m,72.94,72.904,0.119708,0.003088,0.0,275
1,0,1,0,0,1,1,0,0,0,1,0,4,15,3,sign_irene_cif.y4m,38.81,38.772,0.107098,0.003255,0.0,143
1,1,1,0,1,0,1,1,0,1,0,0,1,5,6,sign_irene_cif.y4m,30.95,30.942,0.037014,0.002761,0.0,8
1,1,1,1,0,0,1,1,0,0,1,1,4,5,3,sign_irene_cif.y4m,67.55,67.584,0.139392,0.002774,0.0,216
1,0,1,1,0,0,1,0,0,1,0,0,1,0,3,sign_irene_cif.y4m,45.42,45.364,0.112383,0.003241,0.0,214
1,0,1,0,0,1,0,0,0,0,0,0,1,5,0,sign_irene_cif.y4m,33.09,33.042,0.144291,0.003138,0.0,17
1,0,1,0,0,1,1,0,0,0,0,0,1,5,0,sign_irene_cif.y4m,38.86,38.846,0.064653,0.003255,0.0,206
1,0,1,0,1,0,0,0,0,1,1,1,8,15,0,sign_irene_cif.y4m,16.2,16.218,0.054037,0.002892,0.0,36
1,1,1,0,1,0,1,1,0,0,0,0,4,15,3,sign_irene_cif.y4m,30.98,30.986,0.058138,0.002763,0.0,6
1,0,1,1,0,0,1,0,0,0,0,1,1,0,6,sign_irene_cif.y4m,45.31,45.246,0.14188,0.003244,0.0,5
1,0,1,1,0,0,1,0,0,0,0,0,8,15,6,sign_irene_cif.y4m,45.39,45.398,0.162696,0.003241,0.0,164
1,0,1,0,0,1,0,0,0,1,0,0,8,0,6,sign_irene_cif.y4m,32.35,32.36,0.117898,0.003138,0.0,97
1,0,1,1,0,0,0,0,0,0,1,0,2,5,3,sign_irene_cif.y4m,37.88,37.888,0.031937,0.002894,0.0,236
1,1,1,0,1,0,1,1,0,0,0,0,8,5,0,sign_irene_cif.y4m,29.03,29.024,0.039749,0.002839,0.0,71
1,1,1,0,1,0,1,1,0,1,0,1,2,0,3,sign_irene_cif.y4m,29.22,29.232,0.075631,0.002831,0.0,295
1,0,1,1,0,0,1,0,0,1,1,0,8,5,3,sign_irene_cif.y4m,45.34,45.332,0.060581,0.003241,0.0,286
1,0,1,0,1,0,0,0,0,0,0,1,1,5,0,sign_irene_cif.y4m,16.17,16.178,0.05933,0.002883,0.0,34
1,0,1,0,1,0,1,0,0,1,1,1,1,5,3,sign_irene_cif.y4m,19.19,19.206,0.067676,0.003247,0.0,240
1,0,1,0,0,1,1,0,0,0,0,1,4,15,3,sign_irene_cif.y4m,38.69,38.646,0.115456,0.003251,0.0,18
1,0,1,0,1,0,0,0,0,0,1,0,8,0,6,sign_irene_cif.y4m,16.17,16.164,0.046152,0.002892,0.0,102
1,1,1,1,0,0,1,0,1,0,1,0,4,0,0,sign_irene_cif.y4m,48.72,48.668,0.169912,0.003004,0.0,51
1,1,1,1,0,0,1,1,0,0,0,1,4,15,6,sign_irene_cif.y4m,68.49,68.486,0.155981,0.002719,0.0,282
1,0,1,0,1,0,1,0,0,1,1,1,1,0,3,sign_irene_cif.y4m,19.46,19.468,0.060581,0.003247,0.0,77
1,0,1,1,0,0,1,0,0,0,1,0,2,0,3,sign_irene_cif.y4m,44.77,44.74,0.06,0.003241,0.0,128
1,1,1,0,1,0,1,1,0,0,0,0,2,5,3,sign_irene_cif.y4m,30.92,30.936,0.046152,0.002781,0.0,234
1,0,1,1,0,0,0,0,0,0,1,1,1,0,0,sign_irene_cif.y4m,38.13,38.114,0.137949,0.002889,0.0,252
1,0,1,1,0,0,1,0,0,0,0,1,4,0,3,sign_irene_cif.y4m,45.12,45.156,0.088769,0.003244,0.0,28
1,0,1,0,0,1,1,0,0,1,1,1,8,15,3,sign_irene_cif.y4m,38.65,38.702,0.107098,0.003255,0.0,139
1,0,1,0,0,1,0,0,0,0,0,1,1,5,0,sign_irene_cif.y4m,32.67,32.728,0.103779,0.003115,0.0,158
1,1,1,0,1,0,1,1,0,1,0,1,8,5,3,sign_irene_cif.y4m,29.6,29.584,0.090719,0.002756,0.0,152
1,0,1,1,0,0,1,0,0,1,0,0,2,0,6,sign_irene_cif.y4m,45.32,45.41,0.156525,0.003241,0.0,12
1,1,1,0,1,0,0,1,0,0,0,1,4,15,3,sign_irene_cif.y4m,33.05,33.052,0.040249,0.003082,0.0,294
1,1,1,0,1,0,0,1,0,0,0,1,8,15,3,sign_irene_cif.y4m,33.11,33.088,0.061806,0.003082,0.0,154
1,1,1,1,0,0,0,1,0,1,0,0,2,15,6,sign_irene_cif.y4m,72.91,72.926,0.141174,0.003088,0.0,157
1,0,1,1,0,0,1,0,0,1,1,1,2,0,3,sign_irene_cif.y4m,45.26,45.278,0.086718,0.003241,0.0,150
1,1,1,0,1,0,1,1,0,0,1,0,8,0,6,sign_irene_cif.y4m,28.77,28.746,0.090167,0.00284,0.0,287
1,0,1,0,1,0,0,0,0,1,1,0,1,0,3,sign_irene_cif.y4m,16.14,16.144,0.046152,0.002892,0.0,297
1,0,1,0,0,1,0,0,0,1,1,0,8,15,0,sign_irene_cif.y4m,32.37,32.424,0.102372,0.003138,0.0,263
1,1,1,0,1,0,0,1,0,1,1,1,1,5,3,sign_irene_cif.y4m,31.07,31.034,0.079561,0.003081,0.0,255
1,0,1,1,0,0,0,0,0,1,1,0,8,15,3,sign_irene_cif.y4m,38.05,38.068,0.077589,0.002894,0.0,115
1,0,1,0,0,1,1,0,0,1,0,1,4,15,3,sign_irene_cif.y4m,38.61,38.582,0.126768,0.003251,0.0,188
1,0,1,0,0,1,1,0,0,0,0,1,8,0,6,sign_irene_cif.y4m,37.77,37.782,0.08228,0.003251,0.0,212
1,0,1,1,0,0,1,0,0,0,0,1,1,15,3,sign_irene_cif.y4m,45.31,45.342,0.081056,0.003244,0.0,195
1,0,1,0,1,0,0,0,0,0,1,1,2,15,0,sign_irene_cif.y4m,16.19,16.176,0.058566,0.002892,0.0,119
1,0,1,1,0,0,0,0,0,1,0,1,4,15,0,sign_irene_cif.y4m,38.17,38.142,0.055408,0.002889,0.0,58
1,0,1,0,1,0,1,0,0,1,0,1,4,0,6,sign_irene_cif.y4m,19.51,19.5,0.066332,0.003247,0.0,277
1,0,1,0,1,0,1,0,0,0,1,1,4,5,6,sign_irene_cif.y4m,19.27,19.268,0.021679,0.003246,0.0,64
1,1,1,0,1,0,1,1,0,1,0,0,2,0,0,sign_irene_cif.y4m,29.22,29.222,0.043818,0.00284,0.0,285
1,1,1,0,1,0,1,1,0,1,0,0,4,0,0,sign_irene_cif.y4m,29.29,29.256,0.051284,0.00284,0.0,290
1,0,1,1,0,0,0,0,0,1,0,1,8,5,6,sign_irene_cif.y4m,37.34,37.392,0.137004,0.002889,0.0,196
1,1,1,1,0,0,1,0,1,1,1,1,1,0,0,sign_irene_cif.y4m,48.42,48.452,0.109179,0.003003,0.0,93
1,0,1,1,0,0,1,0,0,0,1,1,4,5,6,sign_irene_cif.y4m,44.61,44.624,0.127201,0.003241,0.0,299
1,0,1,1,0,0,0,0,0,1,0,0,2,5,0,sign_irene_cif.y4m,37.4,37.358,0.091214,0.002894,0.0,125
1,1,1,0,1,0,0,1,0,1,0,1,2,15,6,sign_irene_cif.y4m,32.68,32.712,0.100846,0.003076,0.0,21
1,0,1,0,1,0,0,0,0,1,0,1,2,0,0,sign_irene_cif.y4m,16.2,16.206,0.043359,0.002883,0.0,225
1,0,1,0,1,0,0,0,0,1,0,0,2,5,0,silent_cif.y4m,15.25,15.268,0.046043,0.005174,0.0,114
1,1,1,1,0,0,0,0,1,0,0,1,1,0,0,silent_cif.y4m,49.3,49.33,0.080312,0.004695,0.0,281
1,1,1,1,0,0,0,1,0,1,1,0,2,5,0,silent_cif.y4m,66.59,66.572,0.077589,0.004683,0.0,49
1,0,1,0,0,1,1,0,0,0,0,0,2,15,6,silent_cif.y4m,40.12,40.096,0.091542,0.005374,0.0,194
1,0,1,1,0,0,0,0,0,0,0,0,2,0,6,silent_cif.y4m,41.07,41.068,0.07791,0.005173,0.0,62
1,1,1,0,1,0,0,1,0,1,1,1,1,15,3,silent_cif.y4m,27.96,27.948,0.044385,0.00469,0.0,91
1,0,1,0,0,1,1,0,0,0,0,0,4,0,6,silent_cif.y4m,40.04,40.094,0.11887,0.005374,0.0,107
1,0,1,1,0,0,1,0,0,0,0,1,4,5,3,silent_cif.y4m,46.73,46.756,0.132212,0.005422,0.0,181
1,0,1,0,1,0,1,0,0,0,0,0,4,5,0,silent_cif.y4m,19.23,19.21,0.066708,0.005377,0.0,247
1,0,1,1,0,0,0,0,0,1,1,0,4,5,3,silent_cif.y4m,40.96,40.996,0.087636,0.005173,0.0,166
1,0,1,0,0,1,0,0,0,0,1,1,4,0,0,silent_cif.y4m,35.85,35.812,0.126768,0.005665,0.0,25
1,1,1,0,1,0,0,1,0,0,0,1,8,0,6,silent_cif.y4m,25.44,25.468,0.058907,0.004664,0.0,203
1,1,1,1,0,0,1,1,0,1,1,1,4,5,6,silent_cif.y4m,63.08,63.078,0.153525,0.004155,0.0,219
1,0,1,0,0,1,0,0,0,0,0,0,4,15,0,silent_cif.y4m,35.74,35.784,0.120955,0.005665,0.0,162
1,0,1,1,0,0,1,0,0,0,1,0,4,15,6,silent_cif.y4m,47.13,47.132,0.117771,0.00539,0.0,182
1,0,1,0,0,1,0,0,0,1,1,0,1,15,6,silent_cif.y4m,35.08,35.102,0.109636,0.005665,0.0,10
1,1,1,1,0,0,1,1,0,1,1,1,2,15,0,silent_cif.y4m,60.7,60.642,0.117983,0.004215,0.0,14
1,1,1,1,0,0,0,1,0,0,0,1,1,0,6,silent_cif.y4m,65.04,64.994,0.179666,0.00467,0.0,89
1,1,1,1,0,0,0,1,0,1,1,1,1,5,0,silent_cif.y4m,64.19,64.178,0.115629,0.004662,0.0,116
1,0,1,1,0,0,0,0,0,0,1,1,4,15,3,silent_cif.y4m,41.1,41.082,0.126965,0.005173,0.0,217
1,1,1,0,1,0,0,1,0,0,1,0,1,0,0,silent_cif.y4m,25.65,25.666,0.053198,0.004675,0.0,75
1,1,1,0,1,0,0,1,0,1,1,1,2,15,6,silent_cif.y4m,28.09,28.092,0.049699,0.004678,0.0,266
1,0,1,1,0,0,1,0,0,0,1,1,4,15,3,silent_cif.y4m,47.13,47.07,0.127475,0.00539,0.0,268
1,0,1,0,1,0,1,0,0,1,1,1,4,15,3,silent_cif.y4m,19.5,19.498,0.054037,0.005377,0.0,187
1,0,1,0,0,1,1,0,0,0,1,0,8,15,3,silent_cif.y4m,40.18,40.222,0.141138,0.005374,0.0,161
1,0,1,0,1,0,1,0,0,0,1,0,2,0,6,silent_cif.y4m,19.51,19.514,0.023022,0.005377,0.0,23
1,1,1,1,0,0,0,1,0,1,1,0,2,5,6,silent_cif.y4m,69.19,69.084,0.197434,0.00468,0.0,2
1,1,1,1,0,0,1,0,1,1,0,1,2,0,0,silent_cif.y4m,45.5,45.506,0.070214,0.004614,0.0,16
1,0,1,1,0,0,0,0,0,1,1,1,8,15,0,silent_cif.y4m,41.08,41.074,0.13409,0.005173,0.0,262
1,1,1,1,0,0,0,1,0,1,1,0,4,5,0,silent_cif.y4m,66.54,66.558,0.112561,0.004683,0.0,66
1,0,1,1,0,0,0,0,0,1,0,0,2,0,0,silent_cif.y4m,41.05,41.072,0.193054,0.005173,0.0,86
1,0,1,0,1,0,1,0,0,0,1,0,2,5,6,silent_cif.y4m,19.55,19.546,0.070214,0.005377,0.0,231
1,0,1,0,1,0,0,0,0,0,0,0,4,5,0,silent_cif.y4m,15.3,15.298,0.023875,0.005174,0.0,269
1,1,1,0,1,0,1,1,0,0,1,0,1,5,0,silent_cif.y4m,23.54,23.558,0.069426,0.004213,0.0,180
1,0,1,0,0,1,0,0,0,0,1,0,4,5,6,silent_cif.y4m,35.89,35.898,0.069785,0.005665,0.0,274
1,1,1,1,0,0,0,1,0,1,1,0,2,15,6,silent_cif.y4m,71.32,71.402,0.161771,0.004677,0.0,184
1,0,1,0,0,1,1,0,0,0,0,1,4,5,0,silent_cif.y4m,40.81,40.874,0.107378,0.005406,0.0,118
1,1,1,1,0,0,0,1,0,0,0,0,1,0,6,silent_cif.y4m,66.63,66.632,0.178101,0.004678,0.0,254
1,0,1,1,0,0,1,0,0,0,1,1,4,5,0,silent_cif.y4m,47.15,47.13,0.08,0.00539,0.0,208
1,0,1,0,0,1,1,0,0,1,1,0,4,5,6,silent_cif.y4m,39.45,39.45,0.079687,0.005374,0.0,279
1,1,1,1,0,0,0,1,0,0,1,1,4,15,3,silent_cif.y4m,69.38,69.462,0.223875,0.004692,0.0,229
1,0,1,0,0,1,1,0,0,1,1,1,1,0,0,silent_cif.y4m,40.84,40.868,0.119666,0.005406,0.0,46
1,0,1,0,0,1,0,0,0,1,1,1,4,5,6,silent_cif.y4m,35.0,35.014,0.080808,0.005665,0.0,171
1,1,1,1,0,0,0,1,0,0,1,0,2,5,0,silent_cif.y4m,66.55,66.592,0.105688,0.004683,0.0,99
1,0,1,0,0,1,0,0,0,0,0,0,8,0,0,silent_cif.y4m,35.72,35.734,0.093702,0.005665,0.0,81
1,1,1,1,0,0,1,1,0,1,0,1,8,5,0,silent_cif.y4m,59.72,59.74,0.085732,0.004216,0.0,155
1,0,1,0,1,0,0,0,0,1,0,1,1,15,6,silent_cif.y4m,15.22,15.262,0.078549,0.005198,0.0,96
1,1,1,1,0,0,0,1,0,1,1,1,8,0,0,silent_cif.y4m,66.72,66.748,0.123572,0.004678,0.0,218
1,1,1,1,0,0,1,1,0,1,1,0,8,0,6,silent_cif.y4m,60.24,60.14,0.170441,0.004231,0.0,53
1,1,1,0,1,0,1,0,1,0,0,0,2,0,0,silent_cif.y4m,17.7,17.678,0.044944,0.004625,0.0,109
1,0,1,0,1,0,0,0,0,0,1,0,4,5,6,silent_cif.y4m,15.03,15.048,0.042661,0.005174,0.0,185
1,1,1,1,0,0,0,1,0,0,1,1,2,0,0,silent_cif.y4m,66.57,66.578,0.088148,0.004678,0.0,239
1,0,1,1,0,0,0,0,0,0,0,1,2,0,0,silent_cif.y4m,40.42,40.356,0.122188,0.005165,0.0,276
1,0,1,1,0,0,1,0,0,0,0,1,4,0,6,silent_cif.y4m,46.64,46.68,0.112472,0.005422,0.0,257
1,0,1,0,0,1,0,0,0,1,1,0,1,5,0,silent_cif.y4m,35.83,35.866,0.080498,0.005665,0.0,42
1,1,1,0,1,0,1,1,0,0,0,0,2,15,3,silent_cif.y4m,25.82,25.792,0.071903,0.004095,0.0,204
1,0,1,1,0,0,1,0,0,1,0,1,2,15,6,silent_cif.y4m,46.7,46.706,0.137222,0.005422,0.0,145
1,0,1,0,1,0,0,0,0,0,0,0,2,0,3,silent_cif.y4m,15.28,15.29,0.03873,0.005174,0.0,246
1,1,1,1,0,0,0,1,0,0,1,1,8,0,0,silent_cif.y4m,66.66,66.618,0.111445,0.004678,0.0,202
1,1,1,0,1,0,0,1,0,1,0,0,2,5,3,silent_cif.y4m,27.11,27.124,0.02881,0.00467,0.0,70
1,0,1,0,1,0,0,0,0,0,1,0,1,5,3,silent_cif.y4m,15.33,15.336,0.032863,0.005174,0.0,230
1,0,1,0,1,0,1,0,0,0,0,0,4,15,6,silent_cif.y4m,19.53,19.532,0.05933,0.005377,0.0,267
1,1,1,1,0,0,1,1,0,0,0,1,8,5,3,silent_cif.y4m,60.96,60.916,0.116103,0.004157,0.0,146
1,0,1,0,1,0,1,0,0,0,0,1,2,15,0,silent_cif.y4m,19.41,19.392,0.062209,0.00538,0.0,27
1,0,1,0,1,0,1,0,0,0,1,1,8,0,3,silent_cif.y4m,19.49,19.514,0.057706,0.005377,0.0,137
1,1,1,1,0,0,0,1,0,0,1,1,2,15,0,silent_cif.y4m,65.29,65.31,0.144741,0.004683,0.0,189
1,1,1,0,1,0,1,1,0,1,0,0,4,15,0,silent_cif.y4m,23.52,23.53,0.047434,0.004213,0.0,132
1,1,1,1,0,0,0,0,1,1,0,1,8,0,0,silent_cif.y4m,50.31,50.31,0.164012,0.004695,0.0,169
1,0,1,0,0,1,0,0,0,0,0,0,1,5,6,silent_cif.y4m,35.71,35.738,0.069785,0.005665,0.0,33
1,0,1,1,0,0,0,0,0,0,1,1,8,15,0,silent_cif.y4m,40.41,40.392,0.122352,0.005173,0.0,205
1,0,1,1,0,0,0,0,0,1,0,1,2,0,0,silent_cif.y4m,40.26,40.3,0.152807,0.005165,0.0,245
1,1,1,0,1,0,1,1,0,0,1,1,1,15,0,silent_cif.y4m,23.85,23.864,0.038471,0.004222,0.0,298
1,0,1,1,0,0,1,0,0,1,1,0,2,5,6,silent_cif.y4m,47.01,47.052,0.184716,0.00539,0.0,163
1,1,1,1,0,0,0,1,0,0,0,0,1,5,0,silent_cif.y4m,66.51,66.538,0.123976,0.004683,0.0,123
1,0,1,0,0,1,1,0,0,1,0,0,4,15,0,silent_cif.y4m,39.53,39.546,0.136675,0.005374,0.0,4
1,0,1,0,0,1,1,0,0,1,1,0,8,5,6,silent_cif.y4m,40.1,40.102,0.08438,0.005374,0.0,141
1,1,1,0,1,0,0,1,0,1,0,0,8,5,6,silent_cif.y4m,27.16,27.168,0.031145,0.004664,0.0,129
1,1,1,0,1,0,1,1,0,1,1,0,4,5,3,silent_cif.y4m,23.64,23.634,0.04669,0.004153,0.0,159
1,0,1,0,0,1,1,0,0,1,0,0,1,0,0,silent_cif.y4m,39.41,39.44,0.176494,0.005374,0.0,22
1,0,1,0,0,1,0,0,0,1,0,1,2,0,6,silent_cif.y4m,34.98,34.982,0.092844,0.005673,0.0,175
1,1,1,1,0,0,0,1,0,1,1,1,8,5,6,silent_cif.y4m,69.03,69.074,0.123814,0.00468,0.0,151
1,1,1,0,1,0,0,1,0,0,1,0,2,5,0,silent_cif.y4m,26.18,26.186,0.038471,0.004672,0.0,52
1,0,1,0,0,1,0,0,0,0,0,1,4,0,3,silent_cif.y4m,34.84,34.838,0.063797,0.005673,0.0,108
1,0,1,0,1,0,1,0,0,0,0,1,8,15,0,silent_cif.y4m,19.04,19.056,0.026077,0.00538,0.0,72
1,0,1,1,0,0,1,0,0,1,1,0,8,0,6,silent_cif.y4m,47.12,47.088,0.089275,0.00539,0.0,248
1,1,1,1,0,0,1,1,0,1,1,0,8,5,6,silent_cif.y4m,63.15,63.042,0.167839,0.004155,0.0,174
1,0,1,1,0,0,1,0,0,1,1,1,8,0,3,silent_cif.y4m,46.92,46.95,0.110454,0.00539,0.0,130
1,1,1,0,1,0,1,1,0,1,1,1,8,15,0,silent_cif.y4m,23.5,23.536,0.078294,0.004213,0.0,168
1,0,1,0,0,1,1,0,0,1,0,1,8,0,6,silent_cif.y4m,40.73,40.794,0.124016,0.005406,0.0,198
1,0,1,0,0,1,1,0,0,1,1,0,1,0,3,silent_cif.y4m,39.36,39.414,0.123207,0.005374,0.0,83
1,1,1,1,0,0,1,1,0,0,1,0,1,0,3,silent_cif.y4m,59.99,60.038,0.141669,0.004231,0.0,291
1,0,1,0,1,0,0,0,0,1,1,0,1,0,6,silent_cif.y4m,15.32,15.296,0.058566,0.005174,0.0,237
1,0,1,0,0,1,0,0,0,1,1,1,2,15,3,silent_cif.y4m,35.84,35.778,0.120083,0.005665,0.0,90
1,1,1,1,0,0,1,1,0,0,0,1,1,15,0,silent_cif.y4m,60.68,60.706,0.192172,0.004216,0.0,87
1,0,1,1,0,0,1,0,0,1,0,0,1,5,0,silent_cif.y4m,46.95,46.936,0.073007,0.00539,0.0,74
1,0,1,0,0,1,0,0,0,1,0,0,2,0,3,silent_cif.y4m,35.79,35.754,0.107378,0.005665,0.0,201
1,0,1,0,1,0,0,0,0,1,0,1,1,0,0,silent_cif.y4m,15.28,15.264,0.036469,0.005198,0.0,183
1,0,1,1,0,0,0,0,0,0,0,0,4,0,6,silent_cif.y4m,40.41,40.368,0.178941,0.005173,0.0,227
1,1,1,0,1,0,1,1,0,0,0,0,1,15,6,silent_cif.y4m,25.96,25.918,0.086139,0.004087,0.0,222
1,0,1,0,0,1,0,0,0,0,1,0,8,0,6,silent_cif.y4m,35.15,35.138,0.052631,0.005665,0.0,55
1,0,1,1,0,0,0,0,0,0,1,1,2,5,0,silent_cif.y4m,41.06,41.084,0.104067,0.005173,0.0,142
1,0,1,1,0,0,1,0,0,1,0,1,1,5,6,silent_cif.y4m,46.74,46.726,0.153395,0.005422,0.0,124
1,0,1,1,0,0,1,0,0,0,0,0,8,0,0,silent_cif.y4m,47.06,47.056,0.139032,0.00539,0.0,95
1,0,1,1,0,0,1,0,0,1,0,0,2,15,0,silent_cif.y4m,46.32,46.298,0.054037,0.00539,0.0,241
1,0,1,0,1,0,0,0,0,0,1,1,1,5,3,silent_cif.y4m,15.26,15.264,0.041593,0.005198,0.0,289
1,0,1,1,0,0,1,0,0,1,1,0,1,5,0,silent_cif.y4m,47.12,47.138,0.158493,0.00539,0.0,278
1,1,1,0,1,0,0,1,0,1,1,0,1,0,6,silent_cif.y4m,25.63,25.646,0.067305,0.004675,0.0,176
1,0,1,0,0,1,1,0,0,0,1,0,8,5,0,silent_cif.y4m,39.5,39.452,0.09576,0.005374,0.0,122
1,0,1,0,0,1,0,0,0,0,1,0,4,0,6,silent_cif.y4m,35.78,35.75,0.098742,0.005665,0.0,30
1,1,1,0,1,0,0,1,0,0,0,0,2,0,6,silent_cif.y4m,25.67,25.684,0.051284,0.004675,0.0,251
1,0,1,1,0,0,0,0,0,0,0,1,1,0,0,silent_cif.y4m,40.46,40.394,0.127397,0.005165,0.0,120
1,0,1,1,0,0,0,0,0,0,0,1,2,15,6,silent_cif.y4m,40.23,40.298,0.147547,0.005165,0.0,144
1,0,1,0,1,0,1,0,0,0,0,0,1,0,3,silent_cif.y4m,19.58,19.56,0.038079,0.005377,0.0,265
1,1,1,0,1,0,0,1,0,0,1,0,2,0,6,silent_cif.y4m,25.74,25.716,0.058992,0.004675,0.0,260
1,1,1,0,1,0,0,1,0,0,0,1,1,0,3,silent_cif.y4m,25.48,25.498,0.054498,0.004664,0.0,78
1,0,1,0,1,0,0,0,0,0,1,1,8,15,3,silent_cif.y4m,15.3,15.286,0.043359,0.005174,0.0,84
1,0,1,1,0,0,1,0,0,1,0,0,4,15,3,silent_cif.y4m,46.16,46.188,0.175983,0.00539,0.0,296
1,0,1,0,0,1,0,0,0,0,0,1,2,5,6,silent_cif.y4m,34.84,34.868,0.135904,0.005673,0.0,232
1,0,1,0,0,1,1,0,0,0,1,0,4,15,6,silent_cif.y4m,40.21,40.212,0.078867,0.005374,0.0,213
1,1,1,0,1,0,0,1,0,0,1,1,8,15,3,silent_cif.y4m,28.0,27.998,0.061806,0.004691,0.0,94
1,0,1,0,1,0,0,0,0,0,1,1,1,5,0,silent_cif.y4m,15.25,15.26,0.073144,0.005198,0.0,178
1,0,1,1,0,0,1,0,0,1,0,0,4,0,0,silent_cif.y4m,46.95,46.982,0.084971,0.00539,0.0,127
1,1,1,0,1,0,1,1,0,0,1,0,8,5,6,silent_cif.y4m,24.96,24.972,0.051672,0.004155,0.0,111
1,0,1,0,1,0,0,0,0,0,0,1,1,0,6,silent_cif.y4m,15.25,15.266,0.043932,0.005198,0.0,92
1,1,1,1,0,0,0,1,0,0,1,0,8,15,6,silent_cif.y4m,71.59,71.568,0.097314,0.004677,0.0,54
1,0,1,0,0,1,0,0,0,0,0,1,2,15,0,silent_cif.y4m,34.89,34.882,0.125976,0.005673,0.0,45
1,0,1,1,0,0,0,0,0,1,0,0,4,0,6,silent_cif.y4m,40.42,40.322,0.177116,0.005173,0.0,226
1,1,1,1,0,0,1,1,0,1,0,0,8,5,0,silent_cif.y4m,60.49,60.562,0.132552,0.004215,0.0,200
1,0,1,0,0,1,1,0,0,1,0,1,8,5,6,silent_cif.y4m,40.87,40.832,0.094446,0.005406,0.0,59
1,1,1,0,1,0,1,0,1,0,0,1,2,0,0,silent_cif.y4m,17.29,17.296,0.048785,0.004638,0.0,19
1,1,1,1,0,0,0,1,0,1,0,0,2,15,0,silent_cif.y4m,66.56,66.548,0.1747,0.004683,0.0,47
1,1,1,0,1,0,1,1,0,0,0,1,4,5,6,silent_cif.y4m,24.11,24.1,0.060415,0.004168,0.0,32
1,1,1,0,1,0,0,1,0,1,0,0,1,5,6,silent_cif.y4m,27.17,27.148,0.054955,0.004664,0.0,170
1,0,1,0,0,1,0,0,0,1,1,0,1,15,0,silent_cif.y4m,35.82,35.798,0.13274,0.005665,0.0,270
1,0,1,1,0,0,1,0,0,1,0,1,4,15,6,silent_cif.y4m,46.64,46.69,0.121244,0.005422,0.0,207
1,1,1,0,1,0,0,1,0,1,1,1,1,5,6,silent_cif.y4m,26.9,26.928,0.063008,0.004669,0.0,43
1,0,1,0,1,0,1,0,0,0,1,1,1,0,3,silent_cif.y4m,19.43,19.412,0.048683,0.00538,0.0,40
1,1,1,0,1,0,0,1,0,0,1,1,1,5,3,silent_cif.y4m,26.76,26.744,0.043932,0.004681,0.0,117
1,0,1,0,0,1,0,0,0,0,1,0,8,15,6,silent_cif.y4m,35.82,35.794,0.099398,0.005665,0.0,253
1,0,1,1,0,0,0,0,0,1,0,0,1,15,3,silent_cif.y4m,41.12,41.128,0.049699,0.005173,0.0,68
1,1,1,1,0,0,0,1,0,1,1,1,1,15,6,silent_cif.y4m,70.35,70.362,0.096799,0.004677,0.0,186
1,1,1,0,1,0,1,1,0,0,0,1,8,15,3,silent_cif.y4m,25.21,25.178,0.062209,0.004121,0.0,288
1,1,1,0,1,0,0,1,0,0,0,0,2,0,0,silent_cif.y4m,25.71,25.69,0.059582,0.004675,0.0,15
1,0,1,1,0,0,0,0,0,0,1,1,2,15,3,silent_cif.y4m,41.06,41.088,0.109179,0.005173,0.0,82
1,1,1,1,0,0,0,1,0,0,0,0,4,15,6,silent_cif.y4m,69.99,70.064,0.171697,0.004677,0.0,211
1,0,1,0,1,0,1,0,0,1,1,1,8,15,6,silent_cif.y4m,19.23,19.234,0.035071,0.005377,0.0,177
1,1,1,0,1,0,0,1,0,1,1,1,2,5,3,silent_cif.y4m,27.08,27.072,0.070852,0.00467,0.0,210
1,0,1,1,0,0,0,0,0,1,1,1,2,0,3,silent_cif.y4m,40.89,40.894,0.061887,0.005173,0.0,13
1,0,1,0,1,0,1,0,0,0,0,1,2,15,3,silent_cif.y4m,19.44,19.4,0.076811,0.00538,0.0,228
1,0,1,0,1,0,1,0,0,1,1,0,4,5,3,silent_cif.y4m,19.49,19.516,0.061074,0.005377,0.0,38
1,1,1,1,0,0,0,1,0,0,0,1,4,15,6,silent_cif.y4m,69.04,69.034,0.208279,0.004677,0.0,29
1,1,1,1,0,0,1,0,1,1,0,0,8,0,0,silent_cif.y4m,46.31,46.29,0.113358,0.00464,0.0,24
1,1,1,1,0,0,0,1,0,0,0,0,8,5,6,silent_cif.y4m,69.24,69.104,0.195653,0.00468,0.0,293
1,1,1,1,0,0,0,1,0,0,1,0,2,5,6,silent_cif.y4m,69.01,69.122,0.200425,0.00468,0.0,67
1,1,1,0,1,0,0,1,0,1,0,1,2,5,0,silent_cif.y4m,26.99,26.952,0.077589,0.004675,0.0,199
1,0,1,0,0,1,1,0,0,1,1,0,8,15,3,silent_cif.y4m,40.22,40.19,0.132853,0.005374,0.0,244
1,0,1,0,0,1,1,0,0,0,0,0,8,15,0,silent_cif.y4m,40.11,40.112,0.108028,0.005374,0.0,80
1,1,1,1,0,0,1,1,0,1,1,1,2,0,3,silent_cif.y4m,59.94,60.028,0.185796,0.004231,0.0,223
1,1,1,0,1,0,1,1,0,0,1,0,8,5,0,silent_cif.y4m,23.52,23.528,0.049193,0.004213,0.0,121
1,0,1,1,0,0,1,0,0,0,0,0,8,5,3,silent_cif.y4m,47.09,47.072,0.110995,0.00539,0.0,261
1,0,1,1,0,0,1,0,0,1,1,0,1,5,6,silent_cif.y4m,47.11,47.034,0.121161,0.00539,0.0,156
1,1,1,1,0,0,0,1,0,0,1,0,4,15,3,silent_cif.y4m,69.6,69.59,0.194036,0.004692,0.0,271
1,1,1,1,0,0,1,1,0,1,0,0,2,15,3,silent_cif.y4m,64.84,64.804,0.140996,0.004112,0.0,9
1,1,1,1,0,0,1,1,0,1,0,1,1,0,0,silent_cif.y4m,59.75,59.836,0.145705,0.0042,0.0,165
1,0,1,0,0,1,1,0,0,1,0,0,1,15,6,silent_cif.y4m,40.08,40.094,0.070922,0.005374,0.0,126
1,0,1,1,0,0,1,0,0,1,1,1,8,5,0,silent_cif.y4m,47.13,47.126,0.083247,0.00539,0.0,280
1,0,1,1,0,0,0,0,0,1,1,0,2,5,3,silent_cif.y4m,41.08,41.066,0.11929,0.005173,0.0,172
1,0,1,0,1,0,1,0,0,0,0,0,1,15,6,silent_cif.y4m,19.56,19.562,0.010954,0.005377,0.0,292
1,0,1,0,0,1,0,0,0,1,0,1,1,0,3,silent_cif.y4m,34.97,34.902,0.117346,0.005673,0.0,179
1,0,1,0,0,1,1,0,0,1,0,1,2,0,3,silent_cif.y4m,40.88,40.874,0.107378,0.005406,0.0,272
1,0,1,0,0,1,1,0,0,0,1,0,4,5,0,silent_cif.y4m,40.1,40.164,0.135019,0.005374,0.0,105
1,0,1,0,1,0,0,0,0,0,0,0,1,0,3,silent_cif.y4m,15.27,15.28,0.029155,0.005174,0.0,76
1,0,1,1,0,0,1,0,0,0,1,0,4,15,3,silent_cif.y4m,46.93,47.008,0.139893,0.00539,0.0,197
1,1,1,1,0,0,1,1,0,0,1,0,1,15,0,silent_cif.y4m,60.76,60.728,0.123976,0.004215,0.0,221
1,1,1,1,0,0,1,1,0,0,1,0,8,15,6,silent_cif.y4m,64.23,64.212,0.082583,0.004106,0.0,167
1,1,1,0,1,0,0,1,0,1,0,1,4,15,6,silent_cif.y4m,27.38,27.414,0.076026,0.004691,0.0,136
1,1,1,1,0,0,0,1,0,1,0,1,8,15,6,silent_cif.y4m,69.23,69.212,0.083785,0.004677,0.0,243
1,0,1,0,1,0,0,0,0,1,0,1,8,15,6,silent_cif.y4m,15.28,15.25,0.046368,0.005198,0.0,60
1,0,1,1,0,0,0,0,0,1,0,1,2,0,6,silent_cif.y4m,40.28,40.28,0.057009,0.005165,0.0,110
1,1,1,1,0,0,1,1,0,1,0,0,1,15,6,silent_cif.y4m,64.42,64.386,0.094499,0.004106,0.0,35
1,0,1,1,0,0,1,0,0,0,1,1,2,5,6,silent_cif.y4m,47.12,47.082,0.089554,0.00539,0.0,235
1,0,1,1,0,0,0,0,0,1,0,0,1,0,3,silent_cif.y4m,40.37,40.35,0.105119,0.005173,0.0,44
1,1,1,0,1,0,1,1,0,0,1,0,4,15,3,silent_cif.y4m,25.77,25.766,0.038471,0.004095,0.0,256
1,0,1,0,0,1,0,0,0,0,1,1,8,0,0,silent_cif.y4m,35.83,35.8,0.061237,0.005665,0.0,192
1,0,1,0,1,0,0,0,0,0,1,1,2,0,0,silent_cif.y4m,15.27,15.288,0.054037,0.005174,0.0,41
1,0,1,1,0,0,0,0,0,0,1,0,4,5,0,silent_cif.y4m,41.11,41.12,0.073144,0.005173,0.0,37
1,0,1,0,0,1,0,0,0,0,0,0,4,5,0,silent_cif.y4m,35.87,35.83,0.117686,0.005665,0.0,26
1,1,1,1,0,0,0,1,0,0,0,0,1,0,3,silent_cif.y4m,66.65,66.714,0.191911,0.004678,0.0,273
1,1,1,1,0,0,1,1,0,0,0,1,1,5,6,silent_cif.y4m,62.79,62.8,0.176494,0.00418,0.0,233
1,1,1,0,1,0,1,1,0,0,1,1,8,0,0,silent_cif.y4m,23.44,23.438,0.037014,0.004217,0.0,101
1,0,1,1,0,0,0,0,0,0,0,1,2,5,3,silent_cif.y4m,40.29,40.318,0.148223,0.005165,0.0,39
1,1,1,0,1,0,0,1,0,0,0,1,1,15,0,silent_cif.y4m,26.47,26.472,0.063797,0.004675,0.0,106
1,1,1,0,1,0,0,0,1,1,0,0,1,0,0,silent_cif.y4m,19.25,19.24,0.031623,0.004693,0.0,242
1,1,1,1,0,0,1,1,0,0,1,0,2,15,0,silent_cif.y4m,60.75,60.71,0.130767,0.004215,0.0,193
1,0,1,0,1,0,1,0,0,0,1,0,1,15,6,silent_cif.y4m,19.54,19.542,0.078867,0.005377,0.0,103
1,1,1,0,1,0,0,1,0,1,1,1,8,5,6,silent_cif.y4m,27.08,27.112,0.063797,0.004664,0.0,1
1,0,1,1,0,0,0,0,0,1,1,1,1,0,0,silent_cif.y4m,40.46,40.418,0.12498,0.005165,0.0,61
1,1,1,1,0,0,0,0,1,0,0,0,2,0,0,silent_cif.y4m,50.63,50.672,0.149399,0.004699,0.0,56
1,1,1,0,1,0,0,1,0,0,1,0,8,15,3,silent_cif.y4m,27.97,27.964,0.043932,0.004691,0.0,148
1,0,1,0,1,0,0,0,0,1,0,1,2,5,0,silent_cif.y4m,15.23,15.232,0.034928,0.005198,0.0,112
1,0,1,0,1,0,1,0,0,0,1,0,8,15,3,silent_cif.y4m,19.54,19.534,0.047749,0.005377,0.0,300
1,0,1,0,1,0,0,0,0,1,1,0,4,15,0,silent_cif.y4m,15.32,15.296,0.037815,0.005174,0.0,249
1,0,1,0,1,0,0,0,0,0,0,1,2,0,0,silent_cif.y4m,15.29,15.28,0.025495,0.005198,0.0,20
1,1,1,1,0,0,1,1,0,1,0,1,1,5,0,silent_cif.y4m,59.66,59.61,0.125897,0.004216,0.0,104
1,1,1,1,0,0,0,1,0,1,1,1,8,15,6,silent_cif.y4m,71.47,71.486,0.076354,0.004677,0.0,131
1,0,1,1,0,0,0,0,0,0,0,0,2,0,3,silent_cif.y4m,40.2,40.254,0.157575,0.005173,0.0,69
1,0,1,0,1,0,1,0,0,0,0,0,2,0,3,silent_cif.y4m,19.2,19.178,0.067231,0.005377,0.0,220
1,1,1,1,0,0,1,1,0,1,1,1,8,15,6,silent_cif.y4m,64.51,64.37,0.196596,0.004106,0.0,11
1,1,1,1,0,0,1,1,0,1,0,0,4,15,6,silent_cif.y4m,63.22,63.178,0.119248,0.004106,0.0,258
1,0,1,0,1,0,1,0,0,0,0,0,2,15,3,silent_cif.y4m,19.12,19.14,0.057879,0.005377,0.0,65
1,0,1,0,0,1,1,0,0,0,0,0,2,15,0,silent_cif.y4m,39.54,39.52,0.090277,0.005374,0.0,160
1,0,1,0,0,1,1,0,0,0,0,0,8,0,0,silent_cif.y4m,39.98,39.996,0.058566,0.005374,0.0,238
1,1,1,1,0,0,0,1,0,0,0,0,4,0,0,silent_cif.y4m,66.56,66.59,0.126095,0.004678,0.0,57
1,1,1,0,1,0,0,1,0,1,0,1,2,0,0,silent_cif.y4m,25.54,25.578,0.093648,0.004664,0.0,79
1,0,1,0,1,0,1,0,0,0,1,0,4,15,3,silent_cif.y4m,19.49,19.506,0.041593,0.005377,0.0,224
1,1,1,0,1,0,0,1,0,1,0,0,2,0,3,silent_cif.y4m,25.63,25.634,0.063482,0.004675,0.0,48
1,0,1,0,1,0,1,0,0,0,0,1,8,0,6,silent_cif.y4m,19.34,19.364,0.047223,0.00538,0.0,173
1,1,1,1,0,0,1,1,0,0,1,1,1,0,0,silent_cif.y4m,59.88,59.876,0.160094,0.0042,0.0,283
1,0,1,0,1,0,0,0,0,0,0,0,1,0,6,silent_cif.y4m,15.28,15.29,0.03,0.005174,0.0,190
1,0,1,0,1,0,1,0,0,1,1,1,4,0,6,silent_cif.y4m,19.48,19.51,0.061237,0.005377,0.0,259
1,0,1,1,0,0,0,0,0,0,0,1,1,15,3,silent_cif.y4m,40.42,40.402,0.101341,0.005165,0.0,7
1,0,1,0,0,1,0,0,0,0,0,1,2,5,0,silent_cif.y4m,34.23,34.282,0.134425,0.005673,0.0,73
1,1,1,1,0,0,1,1,0,0,0,0,2,0,6,silent_cif.y4m,60.16,60.064,0.16334,0.004231,0.0,63
1,0,1,0,0,1,1,0,0,1,1,0,2,15,3,silent_cif.y4m,40.07,40.11,0.146969,0.005374,0.0,284
1,0,1,1,0,0,1,0,0,1,0,1,8,15,6,silent_cif.y4m,46.64,46.662,0.074967,0.005422,0.0,250
1,1,1,0,1,0,0,1,0,0,0,0,2,5,0,silent_cif.y4m,26.22,26.204,0.071624,0.004672,0.0,209
1,0,1,0,1,0,1,0,0,0,0,1,4,5,3,silent_cif.y4m,19.44,19.432,0.055408,0.00538,0.0,138
1,1,1,1,0,0,0,0,1,1,1,0,1,0,0,silent_cif.y4m,50.74,50.758,0.150399,0.004699,0.0,135
1,1,1,1,0,0,1,1,0,1,1,0,4,5,3,silent_cif.y4m,61.77,61.78,0.152315,0.00414,0.0,264
1,1,1,1,0,0,0,1,0,1,1,0,2,0,6,silent_cif.y4m,66.76,66.68,0.168077,0.004678,0.0,215
1,0,1,0,0,1,0,0,0,0,1,1,4,5,3,silent_cif.y4m,35.76,35.768,0.120706,0.005665,0.0,50
1,0,1,1,0,0,0,0,0,1,1,0,4,0,6,silent_cif.y4m,41.1,41.082,0.119248,0.005173,0.0,98
1,1,1,1,0,0,0,1,0,1,1,0,1,15,0,silent_cif.y4m,66.64,66.59,0.177764,0.004683,0.0,140
1,1,1,1,0,0,0,1,0,0,1,1,1,0,3,silent_cif.y4m,66.38,66.32,0.144741,0.00467,0.0,113
1,0,1,0,1,0,1,0,0,1,1,0,1,0,6,silent_cif.y4m,19.54,19.524,0.04219,0.005377,0.0,3
1,0,1,0,0,1,0,0,0,1,1,1,8,0,0,silent_cif.y4m,35.69,35.686,0.066933,0.005665,0.0,149
1,0,1,1,0,0,0,0,0,0,1,1,8,5,6,silent_cif.y4m,40.44,40.392,0.177116,0.005173,0.0,153
1,1,1,1,0,0,1,1,0,1,1,0,2,15,6,silent_cif.y4m,64.3,64.352,0.152872,0.004106,0.0,133
1,0,1,1,0,0,0,0,0,0,0,0,1,0,3,silent_cif.y4m,41.15,41.146,0.125817,0.005173,0.0,191
1,1,1,0,1,0,0,1,0,1,0,1,1,0,6,silent_cif.y4m,25.48,25.5,0.075166,0.004664,0.0,100
1,0,1,1,0,0,1,0,0,0,1,0,4,0,3,silent_cif.y4m,47.14,47.134,0.112827,0.00539,0.0,85
1,0,1,0,0,1,1,0,0,0,0,0,2,0,3,silent_cif.y4m,40.06,40.09,0.09798,0.005374,0.0,88
1,0,1,0,1,0,1,0,0,1,1,0,4,15,6,silent_cif.y4m,19.56,19.546,0.042778,0.005377,0.0,31
1,0,1,0,0,1,1,0,0,0,0,0,4,5,3,silent_cif.y4m,39.44,39.452,0.138094,0.005374,0.0,134
1,1,1,0,1,0,1,1,0,1,1,1,8,0,3,silent_cif.y4m,23.43,23.436,0.059833,0.004217,0.0,147
1,1,1,1,0,0,0,1,0,0,1,1,4,15,6,silent_cif.y4m,71.63,71.602,0.048166,0.004677,0.0,275
1,0,1,0,0,1,1,0,0,0,1,0,4,15,3,silent_cif.y4m,39.36,39.392,0.078549,0.005374,0.0,143
1,1,1,0,1,0,1,1,0,1,0,0,1,5,6,silent_cif.y4m,24.66,24.62,0.078422,0.004155,0.0,8
1,1,1,1,0,0,1,1,0,0,1,1,4,5,3,silent_cif.y4m,61.94,61.936,0.177848,0.00414,0.0,216
1,0,1,1,0,0,1,0,0,1,0,0,1,0,3,silent_cif.y4m,47.08,47.086,0.111937,0.00539,0.0,214
1,0,1,0,0,1,0,0,0,0,0,0,1,5,0,silent_cif.y4m,35.74,35.764,0.083845,0.005665,0.0,17
1,0,1,0,0,1,1,0,0,0,0,0,1,5,0,silent_cif.y4m,40.16,40.15,0.160468,0.005374,0.0,206
1,0,1,0,1,0,0,0,0,1,1,1,8,15,0,silent_cif.y4m,15.24,15.25,0.041833,0.005174,0.0,36
1,1,1,0,1,0,1,1,0,0,0,0,4,15,3,silent_cif.y4m,25.74,25.79,0.083066,0.004095,0.0,6
1,0,1,1,0,0,1,0,0,0,0,1,1,0,6,silent_cif.y4m,46.76,46.786,0.088204,0.005422,0.0,5
1,0,1,1,0,0,1,0,0,0,0,0,8,15,6,silent_cif.y4m,47.17,47.146,0.302374,0.00539,0.0,164
1,0,1,0,0,1,0,0,0,1,0,0,8,0,6,silent_cif.y4m,35.73,35.776,0.092358,0.005665,0.0,97
1,0,1,1,0,0,0,0,0,0,1,0,2,5,3,silent_cif.y4m,41.08,41.042,0.114543,0.005173,0.0,236
1,1,1,0,1,0,1,1,0,0,0,0,8,5,0,silent_cif.y4m,23.53,23.554,0.060249,0.004213,0.0,71
1,1,1,0,1,0,1,1,0,1,0,1,2,0,3,silent_cif.y4m,23.9,23.91,0.078422,0.004187,0.0,295
1,0,1,1,0,0,1,0,0,1,1,0,8,5,3,silent_cif.y4m,46.99,46.956,0.090719,0.00539,0.0,286
1,0,1,0,1,0,0,0,0,0,0,1,1,5,0,silent_cif.y4m,15.22,15.24,0.048477,0.005198,0.0,34
1,0,1,0,1,0,1,0,0,1,1,1,1,5,3,silent_cif.y4m,19.35,19.384,0.051769,0.00538,0.0,240
1,0,1,0,0,1,1,0,0,0,0,1,4,15,3,silent_cif.y4m,40.92,40.924,0.07893,0.005406,0.0,18
1,0,1,0,1,0,0,0,0,0,1,0,8,0,6,silent_cif.y4m,15.27,15.286,0.052726,0.005174,0.0,102
1,1,1,1,0,0,1,0,1,0,1,0,4,0,0,silent_cif.y4m,46.24,46.24,0.092466,0.00464,0.0,51
1,1,1,1,0,0,1,1,0,0,0,1,4,15,6,silent_cif.y4m,64.38,64.312,0.160375,0.004112,0.0,282
1,0,1,0,1,0,1,0,0,1,1,1,1,0,3,silent_cif.y4m,19.36,19.382,0.05933,0.00538,0.0,77
1,0,1,1,0,0,1,0,0,0,1,0,2,0,3,silent_cif.y4m,46.88,46.906,0.048785,0.00539,0.0,128
1,1,1,0,1,0,1,1,0,0,0,0,2,5,3,silent_cif.y4m,23.65,23.666,0.052249,0.004153,0.0,234
1,0,1,1,0,0,0,0,0,0,1,1,1,0,0,silent_cif.y4m,40.41,40.402,0.074632,0.005165,0.0,252
1,0,1,1,0,0,1,0,0,0,0,1,4,0,3,silent_cif.y4m,45.81,45.854,0.093167,0.005422,0.0,28
1,0,1,0,0,1,1,0,0,1,1,1,8,15,3,silent_cif.y4m,39.47,39.468,0.069785,0.005374,0.0,139
1,0,1,0,0,1,0,0,0,0,0,1,1,5,0,silent_cif.y4m,34.78,34.812,0.102811,0.005673,0.0,158
1,1,1,0,1,0,1,1,0,1,0,1,8,5,3,silent_cif.y4m,24.51,24.502,0.069785,0.004158,0.0,152
1,0,1,1,0,0,1,0,0,1,0,0,2,0,6,silent_cif.y4m,47.0,47.068,0.127554,0.00539,0.0,12
1,1,1,0,1,0,0,1,0,0,0,1,4,15,3,silent_cif.y4m,28.39,28.404,0.08735,0.00469,0.0,294
1,1,1,0,1,0,0,1,0,0,0,1,8,15,3,silent_cif.y4m,28.36,28.398,0.09654,0.00469,0.0,154
1,1,1,1,0,0,0,1,0,1,0,0,2,15,6,silent_cif.y4m,71.37,71.406,0.133154,0.004677,0.0,157
1,0,1,1,0,0,1,0,0,1,1,1,2,0,3,silent_cif.y4m,47.13,47.128,0.08167,0.00539,0.0,150
1,1,1,0,1,0,1,1,0,0,1,0,8,0,6,silent_cif.y4m,23.46,23.468,0.060581,0.004217,0.0,287
1,0,1,0,1,0,0,0,0,1,1,0,1,0,3,silent_cif.y4m,15.28,15.276,0.030496,0.005174,0.0,297
1,0,1,0,0,1,0,0,0,1,1,0,8,15,0,silent_cif.y4m,35.81,35.778,0.097057,0.005665,0.0,263
1,1,1,0,1,0,0,1,0,1,1,1,1,5,3,silent_cif.y4m,26.7,26.71,0.071414,0.004681,0.0,255
1,0,1,1,0,0,0,0,0,1,1,0,8,15,3,silent_cif.y4m,41.0,41.012,0.123976,0.005173,0.0,115
1,0,1,0,0,1,1,0,0,1,0,1,4,15,3,silent_cif.y4m,40.08,40.19,0.175071,0.005406,0.0,188
1,0,1,0,0,1,1,0,0,0,0,1,8,0,6,silent_cif.y4m,40.88,40.858,0.078549,0.005406,0.0,212
1,0,1,1,0,0,1,0,0,0,0,1,1,15,3,silent_cif.y4m,46.79,46.744,0.092087,0.005422,0.0,195
1,0,1,0,1,0,0,0,0,0,1,1,2,15,0,silent_cif.y4m,15.24,15.25,0.036742,0.005174,0.0,119
1,0,1,1,0,0,0,0,0,1,0,1,4,15,0,silent_cif.y4m,40.33,40.338,0.131034,0.005165,0.0,58
1,0,1,0,1,0,1,0,0,1,0,1,4,0,6,silent_cif.y4m,19.42,19.402,0.034205,0.00538,0.0,277
1,0,1,0,1,0,1,0,0,0,1,1,4,5,6,silent_cif.y4m,19.2,19.194,0.065038,0.005377,0.0,64
1,1,1,0,1,0,1,1,0,1,0,0,2,0,0,silent_cif.y4m,23.43,23.44,0.05244,0.004217,0.0,285
1,1,1,0,1,0,1,1,0,1,0,0,4,0,0,silent_cif.y4m,23.51,23.514,0.033615,0.004217,0.0,290
1,0,1,1,0,0,0,0,0,1,0,1,8,5,6,silent_cif.y4m,39.6,39.626,0.136492,0.005165,0.0,196
1,1,1,1,0,0,1,0,1,1,1,1,1,0,0,silent_cif.y4m,45.77,45.756,0.13069,0.004614,0.0,93
1,0,1,1,0,0,1,0,0,0,1,1,4,5,6,silent_cif.y4m,46.26,46.312,0.11077,0.00539,0.0,299
1,0,1,1,0,0,0,0,0,1,0,0,2,5,0,silent_cif.y4m,40.35,40.308,0.118406,0.005173,0.0,125
1,1,1,0,1,0,0,1,0,1,0,1,2,15,6,silent_cif.y4m,27.39,27.408,0.070852,0.004691,0.0,21
1,0,1,0,1,0,0,0,0,1,0,1,2,0,0,silent_cif.y4m,15.26,15.26,0.021213,0.005198,0.0,225
1,0,1,0,1,0,0,0,0,1,0,0,2,5,0,soccer_cif.y4m,15.64,15.64,0.05099,0.005095,0.0,114
1,1,1,1,0,0,0,0,1,0,0,1,1,0,0,soccer_cif.y4m,57.29,57.004,0.660515,0.004678,0.0,281
1,1,1,1,0,0,0,1,0,1,1,0,2,5,0,soccer_cif.y4m,71.62,72.506,1.423843,0.004604,0.0,49
1,0,1,0,0,1,1,0,0,0,0,0,2,15,6,soccer_cif.y4m,42.7,42.386,0.559357,0.005411,0.0,194
1,0,1,1,0,0,0,0,0,0,0,0,2,0,6,soccer_cif.y4m,41.64,41.664,0.084439,0.005088,0.0,62
1,1,1,0,1,0,0,1,0,1,1,1,1,15,3,soccer_cif.y4m,32.86,32.826,0.071624,0.004604,0.0,91
1,0,1,0,0,1,1,0,0,0,0,0,4,0,6,soccer_cif.y4m,42.32,42.344,0.06229,0.005411,0.0,107
1,0,1,1,0,0,1,0,0,0,0,1,4,5,3,soccer_cif.y4m,49.57,49.542,0.155949,0.005375,0.0,181
1,0,1,0,1,0,1,0,0,0,0,0,4,5,0,soccer_cif.y4m,19.58,19.568,0.063008,0.005371,0.0,247
1,0,1,1,0,0,0,0,0,1,1,0,4,5,3,soccer_cif.y4m,43.93,43.958,0.113886,0.005088,0.0,166
1,0,1,0,0,1,0,0,0,0,1,1,4,0,0,soccer_cif.y4m,37.53,37.774,0.496065,0.005551,0.0,25
1,1,1,0,1,0,0,1,0,0,0,1,8,0,6,soccer_cif.y4m,29.9,29.612,0.661037,0.004593,0.0,203
1,1,1,1,0,0,1,1,0,1,1,1,4,5,6,soccer_cif.y4m,70.32,70.306,0.098133,0.004432,0.0,219
1,0,1,0,0,1,0,0,0,0,0,0,4,15,0,soccer_cif.y4m,35.04,35.02,0.129808,0.005551,0.0,162
1,0,1,1,0,0,1,0,0,0,1,0,4,15,6,soccer_cif.y4m,48.82,49.058,0.671208,0.005369,0.0,182
1,0,1,0,0,1,0,0,0,1,1,0,1,15,6,soccer_cif.y4m,35.87,35.54,0.536796,0.005551,0.0,10
1,1,1,1,0,0,1,1,0,1,1,1,2,15,0,soccer_cif.y4m,68.78,68.902,0.351241,0.004458,0.0,14
1,1,1,1,0,0,0,1,0,0,0,1,1,0,6,soccer_cif.y4m,70.59,70.702,0.282613,0.004591,0.0,89
1,1,1,1,0,0,0,1,0,1,1,1,1,5,0,soccer_cif.y4m,73.71,73.05,1.035254,0.004595,0.0,116
1,0,1,1,0,0,0,0,0,0,1,1,4,15,3,soccer_cif.y4m,41.25,41.192,0.181439,0.005088,0.0,217
1,1,1,0,1,0,0,1,0,0,1,0,1,0,0,soccer_cif.y4m,28.23,28.222,0.115629,0.004599,0.0,75
1,1,1,0,1,0,0,1,0,1,1,1,2,15,6,soccer_cif.y4m,33.06,33.184,0.363772,0.00459,0.0,266
1,0,1,1,0,0,1,0,0,0,1,1,4,15,3,soccer_cif.y4m,50.08,49.654,0.678329,0.005369,0.0,268
1,0,1,0,1,0,1,0,0,1,1,1,4,15,3,soccer_cif.y4m,19.61,19.606,0.053666,0.005371,0.0,187
1,0,1,0,0,1,1,0,0,0,1,0,8,15,3,soccer_cif.y4m,41.98,41.962,0.041473,0.005411,0.0,161
1,0,1,0,1,0,1,0,0,0,1,0,2,0,6,soccer_cif.y4m,20.9,20.942,0.067602,0.005371,0.0,23
1,1,1,1,0,0,0,1,0,1,1,0,2,5,6,soccer_cif.y4m,74.58,74.53,0.149833,0.004585,0.0,2
1,1,1,1,0,0,1,0,1,1,0,1,2,0,0,soccer_cif.y4m,53.98,53.828,0.718136,0.004626,0.0,16
1,0,1,1,0,0,0,0,0,1,1,1,8,15,0,soccer_cif.y4m,41.07,41.21,0.399249,0.005088,0.0,262
1,1,1,1,0,0,0,1,0,1,1,0,4,5,0,soccer_cif.y4m,76.46,76.894,1.032487,0.004604,0.0,66
1,0,1,1,0,0,0,0,0,1,0,0,2,0,0,soccer_cif.y4m,42.1,41.726,0.589771,0.005088,0.0,86
1,0,1,0,1,0,1,0,0,0,1,0,2,5,6,soccer_cif.y4m,20.07,20.01,0.449222,0.005371,0.0,231
1,0,1,0,1,0,0,0,0,0,0,0,4,5,0,soccer_cif.y4m,15.68,15.736,0.236284,0.005095,0.0,269
1,1,1,0,1,0,1,1,0,0,1,0,1,5,0,soccer_cif.y4m,27.37,27.376,0.119708,0.004457,0.0,180
1,0,1,0,0,1,0,0,0,0,1,0,4,5,6,soccer_cif.y4m,35.03,35.562,1.181046,0.005551,0.0,274
1,1,1,1,0,0,0,1,0,1,1,0,2,15,6,soccer_cif.y4m,75.39,75.376,0.116319,0.004586,0.0,184
1,0,1,0,0,1,1,0,0,0,0,1,4,5,0,soccer_cif.y4m,42.07,42.432,0.743754,0.005407,0.0,118
1,1,1,1,0,0,0,1,0,0,0,0,1,0,6,soccer_cif.y4m,70.04,70.034,0.184743,0.004594,0.0,254
1,0,1,1,0,0,1,0,0,0,1,1,4,5,0,soccer_cif.y4m,48.76,48.792,0.152709,0.005369,0.0,208
1,0,1,0,0,1,1,0,0,1,1,0,4,5,6,soccer_cif.y4m,41.86,41.982,0.307278,0.005411,0.0,279
1,1,1,1,0,0,0,1,0,0,1,1,4,15,3,soccer_cif.y4m,75.31,75.302,0.055408,0.004585,0.0,229
1,0,1,0,0,1,1,0,0,1,1,1,1,0,0,soccer_cif.y4m,42.3,42.316,0.130115,0.005407,0.0,46
1,0,1,0,0,1,0,0,0,1,1,1,4,5,6,soccer_cif.y4m,34.85,34.898,0.100846,0.005551,0.0,171
1,1,1,1,0,0,0,1,0,0,1,0,2,5,0,soccer_cif.y4m,71.54,71.484,0.169204,0.004604,0.0,99
1,0,1,0,0,1,0,0,0,0,0,0,8,0,0,soccer_cif.y4m,35.07,35.344,0.568709,0.005551,0.0,81
1,1,1,1,0,0,1,1,0,1,0,1,8,5,0,soccer_cif.y4m,69.08,69.054,0.194113,0.004448,0.0,155
1,0,1,0,1,0,0,0,0,1,0,1,1,15,6,soccer_cif.y4m,15.51,15.52,0.068191,0.005091,0.0,96
1,1,1,1,0,0,0,1,0,1,1,1,8,0,0,soccer_cif.y4m,71.16,72.36,2.933385,0.004594,0.0,218
1,1,1,1,0,0,1,1,0,1,1,0,8,0,6,soccer_cif.y4m,72.67,72.734,0.187029,0.004452,0.0,53
1,1,1,0,1,0,1,0,1,0,0,0,2,0,0,soccer_cif.y4m,22.3,22.31,0.065192,0.004646,0.0,109
1,0,1,0,1,0,0,0,0,0,1,0,4,5,6,soccer_cif.y4m,16.76,16.37,0.618547,0.005095,0.0,185
1,1,1,1,0,0,0,1,0,0,1,1,2,0,0,soccer_cif.y4m,71.9,71.87,0.073144,0.004594,0.0,239
1,0,1,1,0,0,0,0,0,0,0,1,2,0,0,soccer_cif.y4m,42.3,41.802,0.725134,0.005056,0.0,276
1,0,1,1,0,0,1,0,0,0,0,1,4,0,6,soccer_cif.y4m,52.17,52.234,0.192432,0.005375,0.0,257
1,0,1,0,0,1,0,0,0,1,1,0,1,5,0,soccer_cif.y4m,35.0,34.982,0.080125,0.005551,0.0,42
1,1,1,0,1,0,1,1,0,0,0,0,2,15,3,soccer_cif.y4m,29.19,29.018,0.359333,0.004437,0.0,204
1,0,1,1,0,0,1,0,0,1,0,1,2,15,6,soccer_cif.y4m,50.07,49.65,0.784889,0.005375,0.0,145
1,0,1,0,1,0,0,0,0,0,0,0,2,0,3,soccer_cif.y4m,15.65,15.822,0.283408,0.005095,0.0,246
1,1,1,1,0,0,0,1,0,0,1,1,8,0,0,soccer_cif.y4m,70.07,70.462,1.039481,0.004594,0.0,202
1,1,1,0,1,0,0,1,0,1,0,0,2,5,3,soccer_cif.y4m,30.46,30.09,0.564934,0.004591,0.0,70
1,0,1,0,1,0,0,0,0,0,1,0,1,5,3,soccer_cif.y4m,15.69,15.688,0.027749,0.005095,0.0,230
1,0,1,0,1,0,1,0,0,0,0,0,4,15,6,soccer_cif.y4m,20.08,19.93,0.338895,0.005371,0.0,267
1,1,1,1,0,0,1,1,0,0,0,1,8,5,3,soccer_cif.y4m,69.59,69.712,0.185796,0.004438,0.0,146
1,0,1,0,1,0,1,0,0,0,0,1,2,15,0,soccer_cif.y4m,20.14,19.874,0.411072,0.005368,0.0,27
1,0,1,0,1,0,1,0,0,0,1,1,8,0,3,soccer_cif.y4m,20.21,20.082,0.248536,0.005371,0.0,137
1,1,1,1,0,0,0,1,0,0,1,1,2,15,0,soccer_cif.y4m,72.3,72.074,0.556264,0.004604,0.0,189
1,1,1,0,1,0,1,1,0,1,0,0,4,15,0,soccer_cif.y4m,27.69,27.54,0.29555,0.004457,0.0,132
1,1,1,1,0,0,0,0,1,1,0,1,8,0,0,soccer_cif.y4m,52.84,53.2,0.808517,0.004678,0.0,169
1,0,1,0,0,1,0,0,0,0,0,0,1,5,6,soccer_cif.y4m,35.06,35.004,0.133529,0.005551,0.0,33
1,0,1,1,0,0,0,0,0,0,1,1,8,15,0,soccer_cif.y4m,43.95,44.03,0.167929,0.005088,0.0,205
1,0,1,1,0,0,0,0,0,1,0,1,2,0,0,soccer_cif.y4m,41.0,41.08,0.212485,0.005056,0.0,245
1,1,1,0,1,0,1,1,0,0,1,1,1,15,0,soccer_cif.y4m,27.59,28.164,1.052393,0.004452,0.0,298
1,0,1,1,0,0,1,0,0,1,1,0,2,5,6,soccer_cif.y4m,50.17,49.828,0.9045,0.005369,0.0,163
1,1,1,1,0,0,0,1,0,0,0,0,1,5,0,soccer_cif.y4m,71.57,71.654,0.392594,0.004604,0.0,123
1,0,1,0,0,1,1,0,0,1,0,0,4,15,0,soccer_cif.y4m,41.88,41.91,0.067454,0.005411,0.0,4
1,0,1,0,0,1,1,0,0,1,1,0,8,5,6,soccer_cif.y4m,42.38,42.4,0.126491,0.005411,0.0,141
1,1,1,0,1,0,0,1,0,1,0,0,8,5,6,soccer_cif.y4m,29.89,29.898,0.0249,0.004589,0.0,129
1,1,1,0,1,0,1,1,0,1,1,0,4,5,3,soccer_cif.y4m,29.16,28.992,0.422457,0.004427,0.0,159
1,0,1,0,0,1,1,0,0,1,0,0,1,0,0,soccer_cif.y4m,42.92,42.734,0.548662,0.005411,0.0,22
1,0,1,0,0,1,0,0,0,1,0,1,2,0,6,soccer_cif.y4m,37.41,37.632,0.403757,0.005548,0.0,175
1,1,1,1,0,0,0,1,0,1,1,1,8,5,6,soccer_cif.y4m,77.85,76.93,2.034945,0.004585,0.0,151
1,1,1,0,1,0,0,1,0,0,1,0,2,5,0,soccer_cif.y4m,29.39,29.398,0.027749,0.004599,0.0,52
1,0,1,0,0,1,0,0,0,0,0,1,4,0,3,soccer_cif.y4m,36.02,35.636,0.613417,0.005548,0.0,108
1,0,1,0,1,0,1,0,0,0,0,1,8,15,0,soccer_cif.y4m,19.51,19.588,0.163921,0.005368,0.0,72
1,0,1,1,0,0,1,0,0,1,1,0,8,0,6,soccer_cif.y4m,50.19,49.918,0.676956,0.005369,0.0,248
1,1,1,1,0,0,1,1,0,1,1,0,8,5,6,soccer_cif.y4m,70.34,70.292,0.230043,0.004432,0.0,174
1,0,1,1,0,0,1,0,0,1,1,1,8,0,3,soccer_cif.y4m,52.36,52.314,0.133154,0.005369,0.0,130
1,1,1,0,1,0,1,1,0,1,1,1,8,15,0,soccer_cif.y4m,27.36,27.628,0.493325,0.004457,0.0,168
1,0,1,0,0,1,1,0,0,1,0,1,8,0,6,soccer_cif.y4m,42.98,42.8,0.514587,0.005407,0.0,198
1,0,1,0,0,1,1,0,0,1,1,0,1,0,3,soccer_cif.y4m,42.87,42.54,0.718436,0.005411,0.0,83
1,1,1,1,0,0,1,1,0,0,1,0,1,0,3,soccer_cif.y4m,68.19,69.062,1.53048,0.004452,0.0,291
1,0,1,0,1,0,0,0,0,1,1,0,1,0,6,soccer_cif.y4m,15.59,15.618,0.063797,0.005095,0.0,237
1,0,1,0,0,1,0,0,0,1,1,1,2,15,3,soccer_cif.y4m,35.11,35.134,0.252646,0.005551,0.0,90
1,1,1,1,0,0,1,1,0,0,0,1,1,15,0,soccer_cif.y4m,69.66,69.624,0.381156,0.004448,0.0,87
1,0,1,1,0,0,1,0,0,1,0,0,1,5,0,soccer_cif.y4m,48.9,49.518,1.069822,0.005369,0.0,74
1,0,1,0,0,1,0,0,0,1,0,0,2,0,3,soccer_cif.y4m,35.39,35.444,0.124016,0.005551,0.0,201
1,0,1,0,1,0,0,0,0,1,0,1,1,0,0,soccer_cif.y4m,16.63,16.644,0.04827,0.005091,0.0,183
1,0,1,1,0,0,0,0,0,0,0,0,4,0,6,soccer_cif.y4m,41.37,41.556,0.450977,0.005088,0.0,227
1,1,1,0,1,0,1,1,0,0,0,0,1,15,6,soccer_cif.y4m,29.33,29.334,0.081425,0.004451,0.0,222
1,0,1,0,0,1,0,0,0,0,1,0,8,0,6,soccer_cif.y4m,34.81,34.85,0.098742,0.005551,0.0,55
1,0,1,1,0,0,0,0,0,0,1,1,2,5,0,soccer_cif.y4m,41.16,41.288,0.284464,0.005088,0.0,142
1,0,1,1,0,0,1,0,0,1,0,1,1,5,6,soccer_cif.y4m,49.64,49.622,0.054955,0.005375,0.0,124
1,0,1,1,0,0,1,0,0,0,0,0,8,0,0,soccer_cif.y4m,52.58,52.704,0.523288,0.005369,0.0,95
1,0,1,1,0,0,1,0,0,1,0,0,2,15,0,soccer_cif.y4m,48.76,48.912,0.444826,0.005369,0.0,241
1,0,1,0,1,0,0,0,0,0,1,1,1,5,3,soccer_cif.y4m,15.52,15.634,0.243885,0.005091,0.0,289
1,0,1,1,0,0,1,0,0,1,1,0,1,5,0,soccer_cif.y4m,49.2,49.208,0.16208,0.005369,0.0,278
1,1,1,0,1,0,0,1,0,1,1,0,1,0,6,soccer_cif.y4m,29.12,28.952,0.452736,0.004599,0.0,176
1,0,1,0,0,1,1,0,0,0,1,0,8,5,0,soccer_cif.y4m,41.89,41.93,0.089163,0.005411,0.0,122
1,0,1,0,0,1,0,0,0,0,1,0,4,0,6,soccer_cif.y4m,34.99,34.956,0.095026,0.005551,0.0,30
1,1,1,0,1,0,0,1,0,0,0,0,2,0,6,soccer_cif.y4m,28.32,28.292,0.113446,0.004599,0.0,251
1,0,1,1,0,0,0,0,0,0,0,1,1,0,0,soccer_cif.y4m,44.14,44.426,0.533648,0.005056,0.0,120
1,0,1,1,0,0,0,0,0,0,0,1,2,15,6,soccer_cif.y4m,41.03,41.006,0.073689,0.005056,0.0,144
1,0,1,0,1,0,1,0,0,0,0,0,1,0,3,soccer_cif.y4m,20.34,20.096,0.558865,0.005371,0.0,265
1,1,1,0,1,0,0,1,0,0,1,0,2,0,6,soccer_cif.y4m,28.86,28.634,0.428346,0.004599,0.0,260
1,1,1,0,1,0,0,1,0,0,0,1,1,0,3,soccer_cif.y4m,30.42,30.402,0.060166,0.004593,0.0,78
1,0,1,0,1,0,0,0,0,0,1,1,8,15,3,soccer_cif.y4m,15.67,15.672,0.028636,0.005095,0.0,84
1,0,1,1,0,0,1,0,0,1,0,0,4,15,3,soccer_cif.y4m,48.68,48.742,0.142197,0.005369,0.0,296
1,0,1,0,0,1,0,0,0,0,0,1,2,5,6,soccer_cif.y4m,35.9,35.594,0.568665,0.005548,0.0,232
1,0,1,0,0,1,1,0,0,0,1,0,4,15,6,soccer_cif.y4m,42.39,42.414,0.13975,0.005411,0.0,213
1,1,1,0,1,0,0,1,0,0,1,1,8,15,3,soccer_cif.y4m,30.89,30.838,0.495853,0.004586,0.0,94
1,0,1,0,1,0,0,0,0,0,1,1,1,5,0,soccer_cif.y4m,15.63,15.634,0.110589,0.005091,0.0,178
1,0,1,1,0,0,1,0,0,1,0,0,4,0,0,soccer_cif.y4m,48.99,49.144,0.343846,0.005369,0.0,127
1,1,1,0,1,0,1,1,0,0,1,0,8,5,6,soccer_cif.y4m,27.48,27.66,0.434281,0.004435,0.0,111
1,0,1,0,1,0,0,0,0,0,0,1,1,0,6,soccer_cif.y4m,15.58,15.576,0.032094,0.005091,0.0,92
1,1,1,1,0,0,0,1,0,0,1,0,8,15,6,soccer_cif.y4m,77.15,76.902,0.985327,0.004586,0.0,54
1,0,1,0,0,1,0,0,0,0,0,1,2,15,0,soccer_cif.y4m,35.59,36.186,1.319481,0.005548,0.0,45
1,0,1,1,0,0,0,0,0,1,0,0,4,0,6,soccer_cif.y4m,45.11,44.898,0.496659,0.005088,0.0,226
1,1,1,1,0,0,1,1,0,1,0,0,8,5,0,soccer_cif.y4m,68.91,68.804,0.311897,0.004458,0.0,200
1,0,1,0,0,1,1,0,0,1,0,1,8,5,6,soccer_cif.y4m,41.9,42.612,1.530301,0.005407,0.0,59
1,1,1,0,1,0,1,0,1,0,0,1,2,0,0,soccer_cif.y4m,22.12,22.106,0.082946,0.004625,0.0,19
1,1,1,1,0,0,0,1,0,1,0,0,2,15,0,soccer_cif.y4m,71.64,71.632,0.086429,0.004604,0.0,47
1,1,1,0,1,0,1,1,0,0,0,1,4,5,6,soccer_cif.y4m,28.58,28.584,0.065422,0.004449,0.0,32
1,1,1,0,1,0,0,1,0,1,0,0,1,5,6,soccer_cif.y4m,30.29,30.264,0.063875,0.004589,0.0,170
1,0,1,0,0,1,0,0,0,1,1,0,1,15,0,soccer_cif.y4m,34.99,35.014,0.243885,0.005551,0.0,270
1,0,1,1,0,0,1,0,0,1,0,1,4,15,6,soccer_cif.y4m,53.56,53.296,0.629905,0.005375,0.0,207
1,1,1,0,1,0,0,1,0,1,1,1,1,5,6,soccer_cif.y4m,30.01,29.884,0.348396,0.004601,0.0,43
1,0,1,0,1,0,1,0,0,0,1,1,1,0,3,soccer_cif.y4m,21.02,20.98,0.061644,0.005368,0.0,40
1,1,1,0,1,0,0,1,0,0,1,1,1,5,3,soccer_cif.y4m,29.96,29.948,0.057184,0.004602,0.0,117
1,0,1,0,0,1,0,0,0,0,1,0,8,15,6,soccer_cif.y4m,37.36,37.344,0.032863,0.005551,0.0,253
1,0,1,1,0,0,0,0,0,1,0,0,1,15,3,soccer_cif.y4m,41.71,41.674,0.427118,0.005088,0.0,68
1,1,1,1,0,0,0,1,0,1,1,1,1,15,6,soccer_cif.y4m,76.77,76.748,0.089554,0.004587,0.0,186
1,1,1,0,1,0,1,1,0,0,0,1,8,15,3,soccer_cif.y4m,28.05,28.232,0.263856,0.004436,0.0,288
1,1,1,0,1,0,0,1,0,0,0,0,2,0,0,soccer_cif.y4m,28.12,28.314,0.451973,0.004599,0.0,15
1,0,1,1,0,0,0,0,0,0,1,1,2,15,3,soccer_cif.y4m,42.19,42.06,0.400187,0.005088,0.0,82
1,1,1,1,0,0,0,1,0,0,0,0,4,15,6,soccer_cif.y4m,75.15,75.214,0.132401,0.004586,0.0,211
1,0,1,0,1,0,1,0,0,1,1,1,8,15,6,soccer_cif.y4m,19.56,19.786,0.365486,0.005371,0.0,177
1,1,1,0,1,0,0,1,0,1,1,1,2,5,3,soccer_cif.y4m,30.35,30.046,0.444106,0.004591,0.0,210
1,0,1,1,0,0,0,0,0,1,1,1,2,0,3,soccer_cif.y4m,42.03,41.914,0.417229,0.005088,0.0,13
1,0,1,0,1,0,1,0,0,0,0,1,2,15,3,soccer_cif.y4m,19.49,19.658,0.381536,0.005368,0.0,228
1,0,1,0,1,0,1,0,0,1,1,0,4,5,3,soccer_cif.y4m,19.61,19.664,0.258612,0.005371,0.0,38
1,1,1,1,0,0,0,1,0,0,0,1,4,15,6,soccer_cif.y4m,79.81,80.004,0.479406,0.004587,0.0,29
1,1,1,1,0,0,1,0,1,1,0,0,8,0,0,soccer_cif.y4m,55.05,54.678,0.546233,0.004642,0.0,24
1,1,1,1,0,0,0,1,0,0,0,0,8,5,6,soccer_cif.y4m,75.87,75.78,0.206398,0.004585,0.0,293
1,1,1,1,0,0,0,1,0,0,1,0,2,5,6,soccer_cif.y4m,76.79,75.848,1.35872,0.004585,0.0,67
1,1,1,0,1,0,0,1,0,1,0,1,2,5,0,soccer_cif.y4m,31.95,31.906,0.37647,0.004606,0.0,199
1,0,1,0,0,1,1,0,0,1,1,0,8,15,3,soccer_cif.y4m,41.94,42.026,0.205256,0.005411,0.0,244
1,0,1,0,0,1,1,0,0,0,0,0,8,15,0,soccer_cif.y4m,41.8,41.784,0.039115,0.005411,0.0,80
1,1,1,1,0,0,1,1,0,1,1,1,2,0,3,soccer_cif.y4m,68.39,68.32,0.261056,0.004452,0.0,223
1,1,1,0,1,0,1,1,0,0,1,0,8,5,0,soccer_cif.y4m,27.25,27.452,0.475678,0.004457,0.0,121
1,0,1,1,0,0,1,0,0,0,0,0,8,5,3,soccer_cif.y4m,48.76,48.792,0.143771,0.005369,0.0,261
1,0,1,1,0,0,1,0,0,1,1,0,1,5,6,soccer_cif.y4m,52.05,52.304,0.386044,0.005369,0.0,156
1,1,1,1,0,0,0,1,0,0,1,0,4,15,3,soccer_cif.y4m,74.57,74.594,0.106442,0.004585,0.0,271
1,1,1,1,0,0,1,1,0,1,0,0,2,15,3,soccer_cif.y4m,72.65,73.348,1.889992,0.004427,0.0,9
1,1,1,1,0,0,1,1,0,1,0,1,1,0,0,soccer_cif.y4m,66.51,67.002,0.794714,0.004444,0.0,165
1,0,1,0,0,1,1,0,0,1,0,0,1,15,6,soccer_cif.y4m,43.06,42.616,0.839363,0.005411,0.0,126
1,0,1,1,0,0,1,0,0,1,1,1,8,5,0,soccer_cif.y4m,48.74,48.744,0.093167,0.005369,0.0,280
1,0,1,1,0,0,0,0,0,1,1,0,2,5,3,soccer_cif.y4m,41.53,41.552,0.201544,0.005088,0.0,172
1,0,1,0,1,0,1,0,0,0,0,0,1,15,6,soccer_cif.y4m,19.6,19.606,0.050794,0.005371,0.0,292
1,0,1,0,0,1,0,0,0,1,0,1,1,0,3,soccer_cif.y4m,35.88,35.79,0.400812,0.005548,0.0,179
1,0,1,0,0,1,1,0,0,1,0,1,2,0,3,soccer_cif.y4m,41.79,42.092,0.543249,0.005407,0.0,272
1,0,1,0,0,1,1,0,0,0,1,0,4,5,0,soccer_cif.y4m,41.96,42.008,0.121943,0.005411,0.0,105
1,0,1,0,1,0,0,0,0,0,0,0,1,0,3,soccer_cif.y4m,15.6,15.598,0.022804,0.005095,0.0,76
1,0,1,1,0,0,1,0,0,0,1,0,4,15,3,soccer_cif.y4m,48.77,48.98,0.58408,0.005369,0.0,197
1,1,1,1,0,0,1,1,0,0,1,0,1,15,0,soccer_cif.y4m,73.51,73.588,0.161152,0.004458,0.0,221
1,1,1,1,0,0,1,1,0,0,1,0,8,15,6,soccer_cif.y4m,70.67,71.084,0.752217,0.00443,0.0,167
1,1,1,0,1,0,0,1,0,1,0,1,4,15,6,soccer_cif.y4m,29.95,29.972,0.159906,0.004591,0.0,136
1,1,1,1,0,0,0,1,0,1,0,1,8,15,6,soccer_cif.y4m,77.08,78.984,2.880665,0.004587,0.0,243
1,0,1,0,1,0,0,0,0,1,0,1,8,15,6,soccer_cif.y4m,16.74,16.808,0.168434,0.005091,0.0,60
1,0,1,1,0,0,0,0,0,1,0,1,2,0,6,soccer_cif.y4m,43.94,43.966,0.075366,0.005056,0.0,110
1,1,1,1,0,0,1,1,0,1,0,0,1,15,6,soccer_cif.y4m,70.6,71.47,1.350518,0.00443,0.0,35
1,0,1,1,0,0,1,0,0,0,1,1,2,5,6,soccer_cif.y4m,50.28,49.79,0.883233,0.005369,0.0,235
1,0,1,1,0,0,0,0,0,1,0,0,1,0,3,soccer_cif.y4m,44.1,44.28,0.445477,0.005088,0.0,44
1,1,1,0,1,0,1,1,0,0,1,0,4,15,3,soccer_cif.y4m,29.54,29.196,0.517475,0.004437,0.0,256
1,0,1,0,0,1,0,0,0,0,1,1,8,0,0,soccer_cif.y4m,35.28,35.418,0.495954,0.005551,0.0,192
1,0,1,0,1,0,0,0,0,0,1,1,2,0,0,soccer_cif.y4m,15.63,15.678,0.131415,0.005095,0.0,41
1,0,1,1,0,0,0,0,0,0,1,0,4,5,0,soccer_cif.y4m,41.0,41.278,0.573995,0.005088,0.0,37
1,0,1,0,0,1,0,0,0,0,0,0,4,5,0,soccer_cif.y4m,35.68,35.66,0.094074,0.005551,0.0,26
1,1,1,1,0,0,0,1,0,0,0,0,1,0,3,soccer_cif.y4m,71.88,71.184,1.266661,0.004594,0.0,273
1,1,1,1,0,0,1,1,0,0,0,1,1,5,6,soccer_cif.y4m,72.0,71.948,0.104738,0.004435,0.0,233
1,1,1,0,1,0,1,1,0,0,1,1,8,0,0,soccer_cif.y4m,27.14,27.15,0.033912,0.004438,0.0,101
1,0,1,1,0,0,0,0,0,0,0,1,2,5,3,soccer_cif.y4m,42.24,41.84,0.628053,0.005056,0.0,39
1,1,1,0,1,0,0,1,0,0,0,1,1,15,0,soccer_cif.y4m,29.54,29.528,0.046043,0.004606,0.0,106
1,1,1,0,1,0,0,0,1,1,0,0,1,0,0,soccer_cif.y4m,23.23,23.338,0.230152,0.004678,0.0,242
1,1,1,1,0,0,1,1,0,0,1,0,2,15,0,soccer_cif.y4m,69.89,71.406,2.60551,0.004458,0.0,193
1,0,1,0,1,0,1,0,0,0,1,0,1,15,6,soccer_cif.y4m,21.0,20.984,0.056833,0.005371,0.0,103
1,1,1,0,1,0,0,1,0,1,1,1,8,5,6,soccer_cif.y4m,30.0,30.17,0.316149,0.004589,0.0,1
1,0,1,1,0,0,0,0,0,1,1,1,1,0,0,soccer_cif.y4m,41.11,41.128,0.129112,0.005056,0.0,61
1,1,1,1,0,0,0,0,1,0,0,0,2,0,0,soccer_cif.y4m,53.35,53.304,0.153069,0.004665,0.0,56
1,1,1,0,1,0,0,1,0,0,1,0,8,15,3,soccer_cif.y4m,30.07,30.082,0.059749,0.004586,0.0,148
1,0,1,0,1,0,0,0,0,1,0,1,2,5,0,soccer_cif.y4m,15.49,15.604,0.271809,0.005091,0.0,112
1,0,1,0,1,0,1,0,0,0,1,0,8,15,3,soccer_cif.y4m,19.59,19.672,0.242219,0.005371,0.0,300
1,0,1,0,1,0,0,0,0,1,1,0,4,15,0,soccer_cif.y4m,16.68,16.698,0.060166,0.005095,0.0,249
1,0,1,0,1,0,0,0,0,0,0,1,2,0,0,soccer_cif.y4m,17.03,16.898,0.199424,0.005091,0.0,20
1,1,1,1,0,0,1,1,0,1,0,1,1,5,0,soccer_cif.y4m,69.75,69.666,0.227332,0.004448,0.0,104
1,1,1,1,0,0,0,1,0,1,1,1,8,15,6,soccer_cif.y4m,77.57,76.762,1.29737,0.004586,0.0,131
1,0,1,1,0,0,0,0,0,0,0,0,2,0,3,soccer_cif.y4m,41.43,41.454,0.193468,0.005088,0.0,69
1,0,1,0,1,0,1,0,0,0,0,0,2,0,3,soccer_cif.y4m,20.16,20.026,0.3032,0.005371,0.0,220
1,1,1,1,0,0,1,1,0,1,1,1,8,15,6,soccer_cif.y4m,70.44,70.976,1.170782,0.00443,0.0,11
1,1,1,1,0,0,1,1,0,1,0,0,4,15,6,soccer_cif.y4m,71.43,71.492,0.169322,0.00443,0.0,258
1,0,1,0,1,0,1,0,0,0,0,0,2,15,3,soccer_cif.y4m,19.52,19.768,0.360514,0.005371,0.0,65
1,0,1,0,0,1,1,0,0,0,0,0,2,15,0,soccer_cif.y4m,42.17,42.28,0.378748,0.005411,0.0,160
1,0,1,0,0,1,1,0,0,0,0,0,8,0,0,soccer_cif.y4m,41.99,42.128,0.541821,0.005411,0.0,238
1,1,1,1,0,0,0,1,0,0,0,0,4,0,0,soccer_cif.y4m,70.49,71.068,0.860912,0.004594,0.0,57
1,1,1,0,1,0,0,1,0,1,0,1,2,0,0,soccer_cif.y4m,28.37,28.452,0.235415,0.004593,0.0,79
1,0,1,0,1,0,1,0,0,0,1,0,4,15,3,soccer_cif.y4m,19.56,19.658,0.167093,0.005371,0.0,224
1,1,1,0,1,0,0,1,0,1,0,0,2,0,3,soccer_cif.y4m,28.07,28.09,0.04,0.004599,0.0,48
1,0,1,0,1,0,1,0,0,0,0,1,8,0,6,soccer_cif.y4m,19.87,19.816,0.156461,0.005368,0.0,173
1,1,1,1,0,0,1,1,0,0,1,1,1,0,0,soccer_cif.y4m,67.15,66.716,0.692264,0.004444,0.0,283
1,0,1,0,1,0,0,0,0,0,0,0,1,0,6,soccer_cif.y4m,16.7,16.696,0.016733,0.005095,0.0,190
1,0,1,0,1,0,1,0,0,1,1,1,4,0,6,soccer_cif.y4m,19.59,19.568,0.125579,0.005371,0.0,259
1,0,1,1,0,0,0,0,0,0,0,1,1,15,3,soccer_cif.y4m,44.0,43.974,0.07733,0.005056,0.0,7
1,0,1,0,0,1,0,0,0,0,0,1,2,5,0,soccer_cif.y4m,35.29,35.74,1.145164,0.005548,0.0,73
1,1,1,1,0,0,1,1,0,0,0,0,2,0,6,soccer_cif.y4m,68.37,69.62,1.933339,0.004452,0.0,63
1,0,1,0,0,1,1,0,0,1,1,0,2,15,3,soccer_cif.y4m,44.78,44.766,0.165469,0.005411,0.0,284
1,0,1,1,0,0,1,0,0,1,0,1,8,15,6,soccer_cif.y4m,48.7,48.732,0.135904,0.005375,0.0,250
1,1,1,0,1,0,0,1,0,0,0,0,2,5,0,soccer_cif.y4m,29.41,29.362,0.08228,0.004599,0.0,209
1,0,1,0,1,0,1,0,0,0,0,1,4,5,3,soccer_cif.y4m,19.5,19.516,0.094763,0.005368,0.0,138
1,1,1,1,0,0,0,0,1,1,1,0,1,0,0,soccer_cif.y4m,58.38,57.972,0.716115,0.004665,0.0,135
1,1,1,1,0,0,1,1,0,1,1,0,4,5,3,soccer_cif.y4m,72.43,71.652,1.565605,0.004443,0.0,264
1,1,1,1,0,0,0,1,0,1,1,0,2,0,6,soccer_cif.y4m,70.36,70.906,0.982588,0.004594,0.0,215
1,0,1,0,0,1,0,0,0,0,1,1,4,5,3,soccer_cif.y4m,34.93,34.96,0.134536,0.005551,0.0,50
1,0,1,1,0,0,0,0,0,1,1,0,4,0,6,soccer_cif.y4m,41.39,41.63,0.699321,0.005088,0.0,98
1,1,1,1,0,0,0,1,0,1,1,0,1,15,0,soccer_cif.y4m,73.38,72.804,0.951725,0.004604,0.0,140
1,1,1,1,0,0,0,1,0,0,1,1,1,0,3,soccer_cif.y4m,72.41,71.832,0.859168,0.004591,0.0,113
1,0,1,0,1,0,1,0,0,1,1,0,1,0,6,soccer_cif.y4m,19.96,19.902,0.20005,0.005371,0.0,3
1,0,1,0,0,1,0,0,0,1,1,1,8,0,0,soccer_cif.y4m,34.95,34.918,0.132174,0.005551,0.0,149
1,0,1,1,0,0,0,0,0,0,1,1,8,5,6,soccer_cif.y4m,41.68,41.744,0.150765,0.005088,0.0,153
1,1,1,1,0,0,1,1,0,1,1,0,2,15,6,soccer_cif.y4m,70.51,71.492,2.286432,0.00443,0.0,133
1,0,1,1,0,0,0,0,0,0,0,0,1,0,3,soccer_cif.y4m,44.05,44.07,0.149833,0.005088,0.0,191
1,1,1,0,1,0,0,1,0,1,0,1,1,0,6,soccer_cif.y4m,29.11,28.956,0.347894,0.004593,0.0,100
1,0,1,1,0,0,1,0,0,0,1,0,4,0,3,soccer_cif.y4m,49.41,49.428,0.101587,0.005369,0.0,85
1,0,1,0,0,1,1,0,0,0,0,0,2,0,3,soccer_cif.y4m,41.78,41.796,0.100896,0.005411,0.0,88
1,0,1,0,1,0,1,0,0,1,1,0,4,15,6,soccer_cif.y4m,20.93,20.946,0.065803,0.005371,0.0,31
1,0,1,0,0,1,1,0,0,0,0,0,4,5,3,soccer_cif.y4m,41.77,42.11,0.730616,0.005411,0.0,134
1,1,1,0,1,0,1,1,0,1,1,1,8,0,3,soccer_cif.y4m,27.25,27.25,0.057879,0.004438,0.0,147
1,1,1,1,0,0,0,1,0,0,1,1,4,15,6,soccer_cif.y4m,78.19,77.582,1.706801,0.004586,0.0,275
1,0,1,0,0,1,1,0,0,0,1,0,4,15,3,soccer_cif.y4m,41.93,42.01,0.258844,0.005411,0.0,143
1,1,1,0,1,0,1,1,0,1,0,0,1,5,6,soccer_cif.y4m,27.49,27.5,0.0886,0.004435,0.0,8
1,1,1,1,0,0,1,1,0,0,1,1,4,5,3,soccer_cif.y4m,72.19,71.372,1.209471,0.004443,0.0,216
1,0,1,1,0,0,1,0,0,1,0,0,1,0,3,soccer_cif.y4m,50.33,50.046,1.373364,0.005369,0.0,214
1,0,1,0,0,1,0,0,0,0,0,0,1,5,0,soccer_cif.y4m,35.43,35.416,0.065422,0.005551,0.0,17
1,0,1,0,0,1,1,0,0,0,0,0,1,5,0,soccer_cif.y4m,41.84,41.996,0.370041,0.005411,0.0,206
1,0,1,0,1,0,0,0,0,1,1,1,8,15,0,soccer_cif.y4m,15.71,16.08,0.605186,0.005095,0.0,36
1,1,1,0,1,0,1,1,0,0,0,0,4,15,3,soccer_cif.y4m,29.37,29.072,0.569623,0.004437,0.0,6
1,0,1,1,0,0,1,0,0,0,0,1,1,0,6,soccer_cif.y4m,48.82,48.782,0.092844,0.005375,0.0,5
1,0,1,1,0,0,1,0,0,0,0,0,8,15,6,soccer_cif.y4m,48.83,48.802,0.087579,0.005369,0.0,164
1,0,1,0,0,1,0,0,0,1,0,0,8,0,6,soccer_cif.y4m,35.0,35.178,0.529122,0.005551,0.0,97
1,0,1,1,0,0,0,0,0,0,1,0,2,5,3,soccer_cif.y4m,41.4,41.394,0.223897,0.005088,0.0,236
1,1,1,0,1,0,1,1,0,0,0,0,8,5,0,soccer_cif.y4m,27.31,27.35,0.127475,0.004457,0.0,71
1,1,1,0,1,0,1,1,0,1,0,1,2,0,3,soccer_cif.y4m,25.95,25.95,0.046368,0.004443,0.0,295
1,0,1,1,0,0,1,0,0,1,1,0,8,5,3,soccer_cif.y4m,50.1,49.86,0.645446,0.005369,0.0,286
1,0,1,0,1,0,0,0,0,0,0,1,1,5,0,soccer_cif.y4m,15.52,15.532,0.027749,0.005091,0.0,34
1,0,1,0,1,0,1,0,0,1,1,1,1,5,3,soccer_cif.y4m,19.53,19.72,0.311047,0.005368,0.0,240
1,0,1,0,0,1,1,0,0,0,0,1,4,15,3,soccer_cif.y4m,41.69,41.744,0.157575,0.005407,0.0,18
1,0,1,0,1,0,0,0,0,0,1,0,8,0,6,soccer_cif.y4m,15.61,15.672,0.114543,0.005095,0.0,102
1,1,1,1,0,0,1,0,1,0,1,0,4,0,0,soccer_cif.y4m,54.47,54.508,0.316891,0.004642,0.0,51
1,1,1,1,0,0,1,1,0,0,0,1,4,15,6,soccer_cif.y4m,69.71,69.724,0.043932,0.004441,0.0,282
1,0,1,0,1,0,1,0,0,1,1,1,1,0,3,soccer_cif.y4m,19.82,19.794,0.063875,0.005368,0.0,77
1,0,1,1,0,0,1,0,0,0,1,0,2,0,3,soccer_cif.y4m,48.87,48.792,0.12657,0.005369,0.0,128
1,1,1,0,1,0,1,1,0,0,0,0,2,5,3,soccer_cif.y4m,28.3,28.356,0.233517,0.004427,0.0,234
1,0,1,1,0,0,0,0,0,0,1,1,1,0,0,soccer_cif.y4m,41.05,41.242,0.620661,0.005056,0.0,252
1,0,1,1,0,0,1,0,0,0,0,1,4,0,3,soccer_cif.y4m,48.76,48.804,0.172134,0.005375,0.0,28
1,0,1,0,0,1,1,0,0,1,1,1,8,15,3,soccer_cif.y4m,41.73,41.958,0.601764,0.005411,0.0,139
1,0,1,0,0,1,0,0,0,0,0,1,1,5,0,soccer_cif.y4m,34.99,35.336,0.615492,0.005548,0.0,158
1,1,1,0,1,0,1,1,0,1,0,1,8,5,3,soccer_cif.y4m,28.11,28.164,0.123207,0.004439,0.0,152
1,0,1,1,0,0,1,0,0,1,0,0,2,0,6,soccer_cif.y4m,48.99,49.802,1.239968,0.005369,0.0,12
1,1,1,0,1,0,0,1,0,0,0,1,4,15,3,soccer_cif.y4m,30.55,30.854,0.510029,0.004604,0.0,294
1,1,1,0,1,0,0,1,0,0,0,1,8,15,3,soccer_cif.y4m,30.53,30.586,0.190735,0.004604,0.0,154
1,1,1,1,0,0,0,1,0,1,0,0,2,15,6,soccer_cif.y4m,76.04,76.72,2.314357,0.004586,0.0,157
1,0,1,1,0,0,1,0,0,1,1,1,2,0,3,soccer_cif.y4m,52.07,52.074,0.068775,0.005369,0.0,150
1,1,1,0,1,0,1,1,0,0,1,0,8,0,6,soccer_cif.y4m,27.76,27.64,0.274682,0.004438,0.0,287
1,0,1,0,1,0,0,0,0,1,1,0,1,0,3,soccer_cif.y4m,15.98,15.914,0.166373,0.005095,0.0,297
1,0,1,0,0,1,0,0,0,1,1,0,8,15,0,soccer_cif.y4m,35.04,34.992,0.145155,0.005551,0.0,263
1,1,1,0,1,0,0,1,0,1,1,1,1,5,3,soccer_cif.y4m,29.86,30.272,0.63535,0.004602,0.0,255
1,0,1,1,0,0,0,0,0,1,1,0,8,15,3,soccer_cif.y4m,41.04,41.214,0.385071,0.005088,0.0,115
1,0,1,0,0,1,1,0,0,1,0,1,4,15,3,soccer_cif.y4m,41.68,41.922,0.595919,0.005407,0.0,188
1,0,1,0,0,1,1,0,0,0,0,1,8,0,6,soccer_cif.y4m,42.44,42.15,0.507001,0.005407,0.0,212
1,0,1,1,0,0,1,0,0,0,0,1,1,15,3,soccer_cif.y4m,48.7,48.76,0.104642,0.005375,0.0,195
1,0,1,0,1,0,0,0,0,0,1,1,2,15,0,soccer_cif.y4m,15.69,15.74,0.145258,0.005095,0.0,119
1,0,1,1,0,0,0,0,0,1,0,1,4,15,0,soccer_cif.y4m,41.14,41.218,0.400337,0.005056,0.0,58
1,0,1,0,1,0,1,0,0,1,0,1,4,0,6,soccer_cif.y4m,20.95,20.952,0.046043,0.005368,0.0,277
1,0,1,0,1,0,1,0,0,0,1,1,4,5,6,soccer_cif.y4m,19.7,19.716,0.167123,0.005371,0.0,64
1,1,1,0,1,0,1,1,0,1,0,0,2,0,0,soccer_cif.y4m,27.53,27.528,0.086429,0.004438,0.0,285
1,1,1,0,1,0,1,1,0,1,0,0,4,0,0,soccer_cif.y4m,27.31,27.34,0.301828,0.004438,0.0,290
1,0,1,1,0,0,0,0,0,1,0,1,8,5,6,soccer_cif.y4m,40.91,41.198,0.425053,0.005056,0.0,196
1,1,1,1,0,0,1,0,1,1,1,1,1,0,0,soccer_cif.y4m,52.42,52.486,0.157892,0.004626,0.0,93
1,0,1,1,0,0,1,0,0,0,1,1,4,5,6,soccer_cif.y4m,52.38,52.328,0.117771,0.005369,0.0,299
1,0,1,1,0,0,0,0,0,1,0,0,2,5,0,soccer_cif.y4m,41.11,41.13,0.080932,0.005088,0.0,125
1,1,1,0,1,0,0,1,0,1,0,1,2,15,6,soccer_cif.y4m,29.99,30.018,0.156589,0.004591,0.0,21
1,0,1,0,1,0,0,0,0,1,0,1,2,0,0,soccer_cif.y4m,15.59,15.728,0.284113,0.005091,0.0,225
1,0,1,0,1,0,0,0,0,1,0,0,2,5,0,students_cif.y4m,18.66,18.692,0.057619,0.001606,0.0,114
1,1,1,1,0,0,0,0,1,0,0,1,1,0,0,students_cif.y4m,64.17,64.208,0.110995,0.001395,0.0,281
1,1,1,1,0,0,0,1,0,1,1,0,2,5,0,students_cif.y4m,70.69,70.728,0.082583,0.001371,0.0,49
1,0,1,0,0,1,1,0,0,0,0,0,2,15,6,students_cif.y4m,49.73,49.756,0.171114,0.00155,0.0,194
1,0,1,1,0,0,0,0,0,0,0,0,2,0,6,students_cif.y4m,49.72,49.74,0.1249,0.001603,0.0,62
1,1,1,0,1,0,0,1,0,1,1,1,1,15,3,students_cif.y4m,28.38,28.386,0.032863,0.001365,0.0,91
1,0,1,0,0,1,1,0,0,0,0,0,4,0,6,students_cif.y4m,50.82,50.92,0.157956,0.00155,0.0,107
1,0,1,1,0,0,1,0,0,0,0,1,4,5,3,students_cif.y4m,58.6,58.63,0.147986,0.001542,0.0,181
1,0,1,0,1,0,1,0,0,0,0,0,4,5,0,students_cif.y4m,25.37,25.37,0.043012,0.001547,0.0,247
1,0,1,1,0,0,0,0,0,1,1,0,4,5,3,students_cif.y4m,49.8,49.78,0.08,0.001603,0.0,166
1,0,1,0,0,1,0,0,0,0,1,1,4,0,0,students_cif.y4m,41.85,41.878,0.084083,0.001661,0.0,25
1,1,1,0,1,0,0,1,0,0,0,1,8,0,6,students_cif.y4m,26.73,26.714,0.042778,0.001369,0.0,203
1,1,1,1,0,0,1,1,0,1,1,1,4,5,6,students_cif.y4m,72.66,72.612,0.146185,0.00135,0.0,219
1,0,1,0,0,1,0,0,0,0,0,0,4,15,0,students_cif.y4m,41.92,41.92,0.095131,0.001661,0.0,162
1,0,1,1,0,0,1,0,0,0,1,0,4,15,6,students_cif.y4m,58.43,58.542,0.18727,0.001543,0.0,182
1,0,1,0,0,1,0,0,0,1,1,0,1,15,6,students_cif.y4m,42.0,41.988,0.074297,0.001661,0.0,10
1,1,1,1,0,0,1,1,0,1,1,1,2,15,0,students_cif.y4m,74.07,74.028,0.180333,0.001385,0.0,14
1,1,1,1,0,0,0,1,0,0,0,1,1,0,6,students_cif.y4m,68.62,68.68,0.1249,0.001374,0.0,89
1,1,1,1,0,0,0,1,0,1,1,1,1,5,0,students_cif.y4m,70.84,70.806,0.08792,0.001373,0.0,116
1,0,1,1,0,0,0,0,0,0,1,1,4,15,3,students_cif.y4m,49.8,49.804,0.096333,0.001603,0.0,217
1,1,1,0,1,0,0,1,0,0,1,0,1,0,0,students_cif.y4m,25.74,25.726,0.034351,0.001368,0.0,75
1,1,1,0,1,0,0,1,0,1,1,1,2,15,6,students_cif.y4m,29.56,29.568,0.076616,0.001364,0.0,266
1,0,1,1,0,0,1,0,0,0,1,1,4,15,3,students_cif.y4m,58.65,58.614,0.096333,0.001543,0.0,268
1,0,1,0,1,0,1,0,0,1,1,1,4,15,3,students_cif.y4m,24.79,24.8,0.067454,0.001547,0.0,187
1,0,1,0,0,1,1,0,0,0,1,0,8,15,3,students_cif.y4m,49.71,49.738,0.138816,0.00155,0.0,161
1,0,1,0,1,0,1,0,0,0,1,0,2,0,6,students_cif.y4m,24.85,24.844,0.040373,0.001547,0.0,23
1,1,1,1,0,0,0,1,0,1,1,0,2,5,6,students_cif.y4m,74.15,74.126,0.152742,0.00137,0.0,2
1,1,1,1,0,0,1,0,1,1,0,1,2,0,0,students_cif.y4m,63.21,63.132,0.191233,0.001396,0.0,16
1,0,1,1,0,0,0,0,0,1,1,1,8,15,0,students_cif.y4m,49.74,49.836,0.145705,0.001603,0.0,262
1,1,1,1,0,0,0,1,0,1,1,0,4,5,0,students_cif.y4m,70.64,70.64,0.085147,0.001371,0.0,66
1,0,1,1,0,0,0,0,0,1,0,0,2,0,0,students_cif.y4m,49.87,49.846,0.176437,0.001603,0.0,86
1,0,1,0,1,0,1,0,0,0,1,0,2,5,6,students_cif.y4m,25.26,25.28,0.051478,0.001547,0.0,231
1,0,1,0,1,0,0,0,0,0,0,0,4,5,0,students_cif.y4m,18.72,18.726,0.058566,0.001606,0.0,269
1,1,1,0,1,0,1,1,0,0,1,0,1,5,0,students_cif.y4m,26.6,26.61,0.041833,0.001398,0.0,180
1,0,1,0,0,1,0,0,0,0,1,0,4,5,6,students_cif.y4m,41.78,41.85,0.121037,0.001661,0.0,274
1,1,1,1,0,0,0,1,0,1,1,0,2,15,6,students_cif.y4m,76.49,76.508,0.105688,0.001367,0.0,184
1,0,1,0,0,1,1,0,0,0,0,1,4,5,0,students_cif.y4m,50.3,50.298,0.051186,0.001554,0.0,118
1,1,1,1,0,0,0,1,0,0,0,0,1,0,6,students_cif.y4m,70.27,70.274,0.051769,0.001371,0.0,254
1,0,1,1,0,0,1,0,0,0,1,1,4,5,0,students_cif.y4m,58.5,58.494,0.231797,0.001543,0.0,208
1,0,1,0,0,1,1,0,0,1,1,0,4,5,6,students_cif.y4m,50.83,50.9,0.144222,0.00155,0.0,279
1,1,1,1,0,0,0,1,0,0,1,1,4,15,3,students_cif.y4m,75.84,75.842,0.129306,0.001366,0.0,229
1,0,1,0,0,1,1,0,0,1,1,1,1,0,0,students_cif.y4m,50.58,50.58,0.141598,0.001554,0.0,46
1,0,1,0,0,1,0,0,0,1,1,1,4,5,6,students_cif.y4m,41.03,41.062,0.16285,0.001661,0.0,171
1,1,1,1,0,0,0,1,0,0,1,0,2,5,0,students_cif.y4m,70.81,70.722,0.193313,0.001371,0.0,99
1,0,1,0,0,1,0,0,0,0,0,0,8,0,0,students_cif.y4m,41.74,41.76,0.062849,0.001661,0.0,81
1,1,1,1,0,0,1,1,0,1,0,1,8,5,0,students_cif.y4m,71.44,71.36,0.165378,0.001385,0.0,155
1,0,1,0,1,0,0,0,0,1,0,1,1,15,6,students_cif.y4m,18.58,18.592,0.034205,0.001607,0.0,96
1,1,1,1,0,0,0,1,0,1,1,1,8,0,0,students_cif.y4m,70.17,70.282,0.208734,0.001371,0.0,218
1,1,1,1,0,0,1,1,0,1,1,0,8,0,6,students_cif.y4m,71.22,71.176,0.137222,0.001389,0.0,53
1,1,1,0,1,0,1,0,1,0,0,0,2,0,0,students_cif.y4m,25.39,25.428,0.062209,0.001388,0.0,109
1,0,1,0,1,0,0,0,0,0,1,0,4,5,6,students_cif.y4m,18.65,18.664,0.045607,0.001606,0.0,185
1,1,1,1,0,0,0,1,0,0,1,1,2,0,0,students_cif.y4m,70.36,70.388,0.074632,0.001371,0.0,239
1,0,1,1,0,0,0,0,0,0,0,1,2,0,0,students_cif.y4m,49.39,49.384,0.092087,0.001603,0.0,276
1,0,1,1,0,0,1,0,0,0,0,1,4,0,6,students_cif.y4m,58.58,58.582,0.167392,0.001542,0.0,257
1,0,1,0,0,1,0,0,0,1,1,0,1,5,0,students_cif.y4m,41.77,41.782,0.078549,0.001661,0.0,42
1,1,1,0,1,0,1,1,0,0,0,0,2,15,3,students_cif.y4m,30.17,30.126,0.095551,0.001337,0.0,204
1,0,1,1,0,0,1,0,0,1,0,1,2,15,6,students_cif.y4m,58.44,58.502,0.17427,0.001542,0.0,145
1,0,1,0,1,0,0,0,0,0,0,0,2,0,3,students_cif.y4m,18.69,18.694,0.057271,0.001606,0.0,246
1,1,1,1,0,0,0,1,0,0,1,1,8,0,0,students_cif.y4m,69.24,69.112,0.243557,0.001371,0.0,202
1,1,1,0,1,0,0,1,0,1,0,0,2,5,3,students_cif.y4m,26.18,26.17,0.064807,0.001369,0.0,70
1,0,1,0,1,0,0,0,0,0,1,0,1,5,3,students_cif.y4m,18.68,18.696,0.059833,0.001606,0.0,230
1,0,1,0,1,0,1,0,0,0,0,0,4,15,6,students_cif.y4m,25.27,25.29,0.06,0.001547,0.0,267
1,1,1,1,0,0,1,1,0,0,0,1,8,5,3,students_cif.y4m,73.03,72.992,0.182264,0.001354,0.0,146
1,0,1,0,1,0,1,0,0,0,0,1,2,15,0,students_cif.y4m,25.33,25.336,0.07733,0.001544,0.0,27
1,0,1,0,1,0,1,0,0,0,1,1,8,0,3,students_cif.y4m,25.29,25.27,0.057009,0.001547,0.0,137
1,1,1,1,0,0,0,1,0,0,1,1,2,15,0,students_cif.y4m,70.66,70.712,0.096799,0.001371,0.0,189
1,1,1,0,1,0,1,1,0,1,0,0,4,15,0,students_cif.y4m,26.76,26.75,0.093005,0.001398,0.0,132
1,1,1,1,0,0,0,0,1,1,0,1,8,0,0,students_cif.y4m,65.43,65.4,0.20137,0.001395,0.0,169
1,0,1,0,0,1,0,0,0,0,0,0,1,5,6,students_cif.y4m,41.81,41.842,0.134052,0.001661,0.0,33
1,0,1,1,0,0,0,0,0,0,1,1,8,15,0,students_cif.y4m,49.6,49.724,0.19321,0.001603,0.0,205
1,0,1,1,0,0,0,0,0,1,0,1,2,0,0,students_cif.y4m,48.46,48.44,0.125897,0.001603,0.0,245
1,1,1,0,1,0,1,1,0,0,1,1,1,15,0,students_cif.y4m,27.59,27.596,0.043359,0.00139,0.0,298
1,0,1,1,0,0,1,0,0,1,1,0,2,5,6,students_cif.y4m,58.63,58.62,0.053385,0.001543,0.0,163
1,1,1,1,0,0,0,1,0,0,0,0,1,5,0,students_cif.y4m,70.56,70.62,0.170734,0.001371,0.0,123
1,0,1,0,0,1,1,0,0,1,0,0,4,15,0,students_cif.y4m,50.85,50.832,0.123167,0.00155,0.0,4
1,0,1,0,0,1,1,0,0,1,1,0,8,5,6,students_cif.y4m,49.79,49.85,0.175071,0.00155,0.0,141
1,1,1,0,1,0,0,1,0,1,0,0,8,5,6,students_cif.y4m,26.14,26.122,0.066106,0.00137,0.0,129
1,1,1,0,1,0,1,1,0,1,1,0,4,5,3,students_cif.y4m,26.74,26.736,0.032094,0.001351,0.0,159
1,0,1,0,0,1,1,0,0,1,0,0,1,0,0,students_cif.y4m,49.79,49.788,0.066483,0.00155,0.0,22
1,0,1,0,0,1,0,0,0,1,0,1,2,0,6,students_cif.y4m,41.59,41.61,0.108858,0.001651,0.0,175
1,1,1,1,0,0,0,1,0,1,1,1,8,5,6,students_cif.y4m,74.11,74.122,0.067231,0.00137,0.0,151
1,1,1,0,1,0,0,1,0,0,1,0,2,5,0,students_cif.y4m,26.39,26.346,0.080498,0.00137,0.0,52
1,0,1,0,0,1,0,0,0,0,0,1,4,0,3,students_cif.y4m,41.81,41.798,0.076616,0.001651,0.0,108
1,0,1,0,1,0,1,0,0,0,0,1,8,15,0,students_cif.y4m,25.25,25.242,0.076616,0.001544,0.0,72
1,0,1,1,0,0,1,0,0,1,1,0,8,0,6,students_cif.y4m,58.37,58.43,0.112027,0.001543,0.0,248
1,1,1,1,0,0,1,1,0,1,1,0,8,5,6,students_cif.y4m,72.72,72.668,0.201792,0.00135,0.0,174
1,0,1,1,0,0,1,0,0,1,1,1,8,0,3,students_cif.y4m,57.44,57.41,0.123288,0.001543,0.0,130
1,1,1,0,1,0,1,1,0,1,1,1,8,15,0,students_cif.y4m,27.16,27.156,0.056833,0.001398,0.0,168
1,0,1,0,0,1,1,0,0,1,0,1,8,0,6,students_cif.y4m,50.45,50.474,0.054129,0.001554,0.0,198
1,0,1,0,0,1,1,0,0,1,1,0,1,0,3,students_cif.y4m,49.74,49.756,0.041593,0.00155,0.0,83
1,1,1,1,0,0,1,1,0,0,1,0,1,0,3,students_cif.y4m,71.06,71.092,0.138456,0.001389,0.0,291
1,0,1,0,1,0,0,0,0,1,1,0,1,0,6,students_cif.y4m,18.71,18.702,0.049699,0.001606,0.0,237
1,0,1,0,0,1,0,0,0,1,1,1,2,15,3,students_cif.y4m,41.82,41.846,0.119708,0.001661,0.0,90
1,1,1,1,0,0,1,1,0,0,0,1,1,15,0,students_cif.y4m,71.25,71.274,0.115456,0.001385,0.0,87
1,0,1,1,0,0,1,0,0,1,0,0,1,5,0,students_cif.y4m,58.59,58.554,0.136675,0.001543,0.0,74
1,0,1,0,0,1,0,0,0,1,0,0,2,0,3,students_cif.y4m,41.11,41.064,0.115672,0.001661,0.0,201
1,0,1,0,1,0,0,0,0,1,0,1,1,0,0,students_cif.y4m,18.63,18.616,0.055045,0.001607,0.0,183
1,0,1,1,0,0,0,0,0,0,0,0,4,0,6,students_cif.y4m,49.74,49.858,0.195371,0.001603,0.0,227
1,1,1,0,1,0,1,1,0,0,0,0,1,15,6,students_cif.y4m,28.98,28.938,0.076289,0.001348,0.0,222
1,0,1,0,0,1,0,0,0,0,1,0,8,0,6,students_cif.y4m,42.07,42.002,0.094181,0.001661,0.0,55
1,0,1,1,0,0,0,0,0,0,1,1,2,5,0,students_cif.y4m,49.88,49.842,0.113004,0.001603,0.0,142
1,0,1,1,0,0,1,0,0,1,0,1,1,5,6,students_cif.y4m,58.54,58.604,0.17126,0.001542,0.0,124
1,0,1,1,0,0,1,0,0,0,0,0,8,0,0,students_cif.y4m,58.53,58.566,0.165015,0.001543,0.0,95
1,0,1,1,0,0,1,0,0,1,0,0,2,15,0,students_cif.y4m,58.54,58.56,0.103682,0.001543,0.0,241
1,0,1,0,1,0,0,0,0,0,1,1,1,5,3,students_cif.y4m,18.63,18.636,0.0251,0.001607,0.0,289
1,0,1,1,0,0,1,0,0,1,1,0,1,5,0,students_cif.y4m,57.29,57.326,0.215476,0.001543,0.0,278
1,1,1,0,1,0,0,1,0,1,1,0,1,0,6,students_cif.y4m,26.28,26.262,0.044385,0.001368,0.0,176
1,0,1,0,0,1,1,0,0,0,1,0,8,5,0,students_cif.y4m,50.86,50.896,0.131643,0.00155,0.0,122
1,0,1,0,0,1,0,0,0,0,1,0,4,0,6,students_cif.y4m,41.83,41.828,0.10849,0.001661,0.0,30
1,1,1,0,1,0,0,1,0,0,0,0,2,0,6,students_cif.y4m,26.27,26.27,0.046368,0.001368,0.0,251
1,0,1,1,0,0,0,0,0,0,0,1,1,0,0,students_cif.y4m,49.47,49.448,0.101341,0.001603,0.0,120
1,0,1,1,0,0,0,0,0,0,0,1,2,15,6,students_cif.y4m,49.28,49.348,0.119457,0.001603,0.0,144
1,0,1,0,1,0,1,0,0,0,0,0,1,0,3,students_cif.y4m,24.81,24.816,0.073689,0.001547,0.0,265
1,1,1,0,1,0,0,1,0,0,1,0,2,0,6,students_cif.y4m,26.26,26.256,0.011402,0.001368,0.0,260
1,1,1,0,1,0,0,1,0,0,0,1,1,0,3,students_cif.y4m,26.7,26.714,0.045607,0.001369,0.0,78
1,0,1,0,1,0,0,0,0,0,1,1,8,15,3,students_cif.y4m,18.65,18.68,0.070711,0.001606,0.0,84
1,0,1,1,0,0,1,0,0,1,0,0,4,15,3,students_cif.y4m,58.46,58.502,0.092304,0.001543,0.0,296
1,0,1,0,0,1,0,0,0,0,0,1,2,5,6,students_cif.y4m,41.78,41.738,0.128141,0.001651,0.0,232
1,0,1,0,0,1,1,0,0,0,1,0,4,15,6,students_cif.y4m,50.94,50.882,0.113666,0.00155,0.0,213
1,1,1,0,1,0,0,1,0,0,1,1,8,15,3,students_cif.y4m,29.08,29.054,0.050794,0.001364,0.0,94
1,0,1,0,1,0,0,0,0,0,1,1,1,5,0,students_cif.y4m,18.64,18.628,0.044385,0.001607,0.0,178
1,0,1,1,0,0,1,0,0,1,0,0,4,0,0,students_cif.y4m,58.57,58.568,0.151394,0.001543,0.0,127
1,1,1,0,1,0,1,1,0,0,1,0,8,5,6,students_cif.y4m,27.71,27.724,0.068411,0.001355,0.0,111
1,0,1,0,1,0,0,0,0,0,0,1,1,0,6,students_cif.y4m,18.57,18.586,0.043359,0.001607,0.0,92
1,1,1,1,0,0,0,1,0,0,1,0,8,15,6,students_cif.y4m,76.58,76.546,0.140641,0.001367,0.0,54
1,0,1,0,0,1,0,0,0,0,0,1,2,15,0,students_cif.y4m,40.76,40.776,0.086487,0.001651,0.0,45
1,0,1,1,0,0,0,0,0,1,0,0,4,0,6,students_cif.y4m,49.67,49.728,0.123774,0.001603,0.0,226
1,1,1,1,0,0,1,1,0,1,0,0,8,5,0,students_cif.y4m,74.11,74.046,0.167422,0.001385,0.0,200
1,0,1,0,0,1,1,0,0,1,0,1,8,5,6,students_cif.y4m,50.35,50.38,0.130192,0.001554,0.0,59
1,1,1,0,1,0,1,0,1,0,0,1,2,0,0,students_cif.y4m,24.63,24.644,0.049295,0.001396,0.0,19
1,1,1,1,0,0,0,1,0,1,0,0,2,15,0,students_cif.y4m,70.7,70.694,0.156939,0.001371,0.0,47
1,1,1,0,1,0,1,1,0,0,0,1,4,5,6,students_cif.y4m,26.86,26.862,0.027749,0.001354,0.0,32
1,1,1,0,1,0,0,1,0,1,0,0,1,5,6,students_cif.y4m,25.71,25.716,0.023022,0.00137,0.0,170
1,0,1,0,0,1,0,0,0,1,1,0,1,15,0,students_cif.y4m,41.86,41.846,0.144326,0.001661,0.0,270
1,0,1,1,0,0,1,0,0,1,0,1,4,15,6,students_cif.y4m,58.51,58.526,0.059414,0.001542,0.0,207
1,1,1,0,1,0,0,1,0,1,1,1,1,5,6,students_cif.y4m,26.95,26.936,0.038471,0.001369,0.0,43
1,0,1,0,1,0,1,0,0,0,1,1,1,0,3,students_cif.y4m,25.26,25.274,0.055045,0.001544,0.0,40
1,1,1,0,1,0,0,1,0,0,1,1,1,5,3,students_cif.y4m,26.13,26.114,0.053198,0.00137,0.0,117
1,0,1,0,0,1,0,0,0,0,1,0,8,15,6,students_cif.y4m,41.93,41.858,0.115195,0.001661,0.0,253
1,0,1,1,0,0,0,0,0,1,0,0,1,15,3,students_cif.y4m,48.83,48.818,0.197914,0.001603,0.0,68
1,1,1,1,0,0,0,1,0,1,1,1,1,15,6,students_cif.y4m,74.72,74.746,0.109681,0.001367,0.0,186
1,1,1,0,1,0,1,1,0,0,0,1,8,15,3,students_cif.y4m,28.56,28.564,0.083247,0.001327,0.0,288
1,1,1,0,1,0,0,1,0,0,0,0,2,0,0,students_cif.y4m,25.82,25.774,0.073348,0.001368,0.0,15
1,0,1,1,0,0,0,0,0,0,1,1,2,15,3,students_cif.y4m,49.75,49.704,0.086776,0.001603,0.0,82
1,1,1,1,0,0,0,1,0,0,0,0,4,15,6,students_cif.y4m,76.58,76.588,0.194602,0.001367,0.0,211
1,0,1,0,1,0,1,0,0,1,1,1,8,15,6,students_cif.y4m,25.34,25.312,0.053572,0.001547,0.0,177
1,1,1,0,1,0,0,1,0,1,1,1,2,5,3,students_cif.y4m,25.79,25.796,0.029665,0.001369,0.0,210
1,0,1,1,0,0,0,0,0,1,1,1,2,0,3,students_cif.y4m,49.81,49.794,0.11887,0.001603,0.0,13
1,0,1,0,1,0,1,0,0,0,0,1,2,15,3,students_cif.y4m,25.31,25.3,0.029155,0.001544,0.0,228
1,0,1,0,1,0,1,0,0,1,1,0,4,5,3,students_cif.y4m,25.27,25.286,0.038471,0.001547,0.0,38
1,1,1,1,0,0,0,1,0,0,0,1,4,15,6,students_cif.y4m,74.76,74.808,0.112116,0.001367,0.0,29
1,1,1,1,0,0,1,0,1,1,0,0,8,0,0,students_cif.y4m,64.03,64.05,0.130958,0.001386,0.0,24
1,1,1,1,0,0,0,1,0,0,0,0,8,5,6,students_cif.y4m,74.14,74.168,0.121532,0.00137,0.0,293
1,1,1,1,0,0,0,1,0,0,1,0,2,5,6,students_cif.y4m,74.1,74.108,0.167839,0.00137,0.0,67
1,1,1,0,1,0,0,1,0,1,0,1,2,5,0,students_cif.y4m,26.51,26.512,0.036332,0.00137,0.0,199
1,0,1,0,0,1,1,0,0,1,1,0,8,15,3,students_cif.y4m,50.78,50.79,0.118954,0.00155,0.0,244
1,0,1,0,0,1,1,0,0,0,0,0,8,15,0,students_cif.y4m,50.72,50.826,0.154532,0.00155,0.0,80
1,1,1,1,0,0,1,1,0,1,1,1,2,0,3,students_cif.y4m,69.56,69.616,0.112827,0.001389,0.0,223
1,1,1,0,1,0,1,1,0,0,1,0,8,5,0,students_cif.y4m,27.13,27.144,0.074364,0.001398,0.0,121
1,0,1,1,0,0,1,0,0,0,0,0,8,5,3,students_cif.y4m,58.41,58.374,0.072319,0.001543,0.0,261
1,0,1,1,0,0,1,0,0,1,1,0,1,5,6,students_cif.y4m,58.71,58.628,0.151394,0.001543,0.0,156
1,1,1,1,0,0,0,1,0,0,1,0,4,15,3,students_cif.y4m,74.51,74.528,0.138636,0.001366,0.0,271
1,1,1,1,0,0,1,1,0,1,0,0,2,15,3,students_cif.y4m,76.26,76.282,0.232314,0.001333,0.0,9
1,1,1,1,0,0,1,1,0,1,0,1,1,0,0,students_cif.y4m,70.49,70.558,0.167242,0.00139,0.0,165
1,0,1,0,0,1,1,0,0,1,0,0,1,15,6,students_cif.y4m,50.82,50.848,0.142021,0.00155,0.0,126
1,0,1,1,0,0,1,0,0,1,1,1,8,5,0,students_cif.y4m,58.63,58.65,0.051478,0.001543,0.0,280
1,0,1,1,0,0,0,0,0,1,1,0,2,5,3,students_cif.y4m,49.78,49.8,0.173061,0.001603,0.0,172
1,0,1,0,1,0,1,0,0,0,0,0,1,15,6,students_cif.y4m,25.27,25.288,0.068337,0.001547,0.0,292
1,0,1,0,0,1,0,0,0,1,0,1,1,0,3,students_cif.y4m,40.92,40.88,0.102713,0.001651,0.0,179
1,0,1,0,0,1,1,0,0,1,0,1,2,0,3,students_cif.y4m,50.41,50.43,0.125897,0.001554,0.0,272
1,0,1,0,0,1,1,0,0,0,1,0,4,5,0,students_cif.y4m,50.91,50.886,0.157575,0.00155,0.0,105
1,0,1,0,1,0,0,0,0,0,0,0,1,0,3,students_cif.y4m,18.7,18.686,0.048785,0.001606,0.0,76
1,0,1,1,0,0,1,0,0,0,1,0,4,15,3,students_cif.y4m,58.65,58.632,0.088994,0.001543,0.0,197
1,1,1,1,0,0,1,1,0,0,1,0,1,15,0,students_cif.y4m,74.11,74.11,0.151162,0.001385,0.0,221
1,1,1,1,0,0,1,1,0,0,1,0,8,15,6,students_cif.y4m,74.85,74.772,0.273989,0.001327,0.0,167
1,1,1,0,1,0,0,1,0,1,0,1,4,15,6,students_cif.y4m,28.76,28.752,0.054498,0.001367,0.0,136
1,1,1,1,0,0,0,1,0,1,0,1,8,15,6,students_cif.y4m,74.88,74.846,0.196672,0.001367,0.0,243
1,0,1,0,1,0,0,0,0,1,0,1,8,15,6,students_cif.y4m,18.62,18.63,0.055227,0.001607,0.0,60
1,0,1,1,0,0,0,0,0,1,0,1,2,0,6,students_cif.y4m,48.25,48.31,0.115758,0.001603,0.0,110
1,1,1,1,0,0,1,1,0,1,0,0,1,15,6,students_cif.y4m,73.2,73.226,0.119708,0.001327,0.0,35
1,0,1,1,0,0,1,0,0,0,1,1,2,5,6,students_cif.y4m,58.53,58.484,0.132212,0.001543,0.0,235
1,0,1,1,0,0,0,0,0,1,0,0,1,0,3,students_cif.y4m,49.81,49.782,0.08228,0.001603,0.0,44
1,1,1,0,1,0,1,1,0,0,1,0,4,15,3,students_cif.y4m,30.1,30.12,0.048477,0.001337,0.0,256
1,0,1,0,0,1,0,0,0,0,1,1,8,0,0,students_cif.y4m,42.06,42.05,0.078422,0.001661,0.0,192
1,0,1,0,1,0,0,0,0,0,1,1,2,0,0,students_cif.y4m,18.35,18.344,0.054589,0.001606,0.0,41
1,0,1,1,0,0,0,0,0,0,1,0,4,5,0,students_cif.y4m,49.84,49.806,0.089051,0.001603,0.0,37
1,0,1,0,0,1,0,0,0,0,0,0,4,5,0,students_cif.y4m,41.79,41.83,0.116833,0.001661,0.0,26
1,1,1,1,0,0,0,1,0,0,0,0,1,0,3,students_cif.y4m,70.51,70.47,0.127083,0.001371,0.0,273
1,1,1,1,0,0,1,1,0,0,0,1,1,5,6,students_cif.y4m,71.2,71.21,0.176352,0.001348,0.0,233
1,1,1,0,1,0,1,1,0,0,1,1,8,0,0,students_cif.y4m,26.79,26.824,0.071274,0.001388,0.0,101
1,0,1,1,0,0,0,0,0,0,0,1,2,5,3,students_cif.y4m,49.44,49.376,0.127201,0.001603,0.0,39
1,1,1,0,1,0,0,1,0,0,0,1,1,15,0,students_cif.y4m,26.04,26.038,0.014832,0.00137,0.0,106
1,1,1,0,1,0,0,0,1,1,0,0,1,0,0,students_cif.y4m,26.01,26.014,0.06269,0.001394,0.0,242
1,1,1,1,0,0,1,1,0,0,1,0,2,15,0,students_cif.y4m,74.1,74.002,0.212061,0.001385,0.0,193
1,0,1,0,1,0,1,0,0,0,1,0,1,15,6,students_cif.y4m,25.26,25.278,0.049193,0.001547,0.0,103
1,1,1,0,1,0,0,1,0,1,1,1,8,5,6,students_cif.y4m,26.14,26.132,0.055408,0.00137,0.0,1
1,0,1,1,0,0,0,0,0,1,1,1,1,0,0,students_cif.y4m,49.31,49.324,0.063482,0.001603,0.0,61
1,1,1,1,0,0,0,0,1,0,0,0,2,0,0,students_cif.y4m,66.12,66.196,0.208638,0.001392,0.0,56
1,1,1,0,1,0,0,1,0,0,1,0,8,15,3,students_cif.y4m,29.05,29.038,0.054498,0.001364,0.0,148
1,0,1,0,1,0,0,0,0,1,0,1,2,5,0,students_cif.y4m,18.64,18.624,0.049295,0.001607,0.0,112
1,0,1,0,1,0,1,0,0,0,1,0,8,15,3,students_cif.y4m,24.85,24.856,0.085615,0.001547,0.0,300
1,0,1,0,1,0,0,0,0,1,1,0,4,15,0,students_cif.y4m,18.68,18.68,0.03937,0.001606,0.0,249
1,0,1,0,1,0,0,0,0,0,0,1,2,0,0,students_cif.y4m,18.6,18.606,0.066933,0.001607,0.0,20
1,1,1,1,0,0,1,1,0,1,0,1,1,5,0,students_cif.y4m,71.34,71.312,0.144465,0.001385,0.0,104
1,1,1,1,0,0,0,1,0,1,1,1,8,15,6,students_cif.y4m,76.34,76.362,0.204622,0.001367,0.0,131
1,0,1,1,0,0,0,0,0,0,0,0,2,0,3,students_cif.y4m,49.94,49.876,0.138672,0.001603,0.0,69
1,0,1,0,1,0,1,0,0,0,0,0,2,0,3,students_cif.y4m,25.27,25.272,0.054955,0.001547,0.0,220
1,1,1,1,0,0,1,1,0,1,1,1,8,15,6,students_cif.y4m,74.73,74.584,0.271533,0.001327,0.0,11
1,1,1,1,0,0,1,1,0,1,0,0,4,15,6,students_cif.y4m,74.66,74.724,0.228101,0.001327,0.0,258
1,0,1,0,1,0,1,0,0,0,0,0,2,15,3,students_cif.y4m,25.32,25.32,0.072801,0.001547,0.0,65
1,0,1,0,0,1,1,0,0,0,0,0,2,15,0,students_cif.y4m,50.93,50.886,0.164104,0.00155,0.0,160
1,0,1,0,0,1,1,0,0,0,0,0,8,0,0,students_cif.y4m,51.07,50.936,0.211495,0.00155,0.0,238
1,1,1,1,0,0,0,1,0,0,0,0,4,0,0,students_cif.y4m,70.27,70.296,0.140996,0.001371,0.0,57
1,1,1,0,1,0,0,1,0,1,0,1,2,0,0,students_cif.y4m,26.71,26.69,0.046904,0.001369,0.0,79
1,0,1,0,1,0,1,0,0,0,1,0,4,15,3,students_cif.y4m,24.84,24.816,0.063087,0.001547,0.0,224
1,1,1,0,1,0,0,1,0,1,0,0,2,0,3,students_cif.y4m,26.2,26.2,0.072801,0.001368,0.0,48
1,0,1,0,1,0,1,0,0,0,0,1,8,0,6,students_cif.y4m,25.35,25.336,0.072664,0.001544,0.0,173
1,1,1,1,0,0,1,1,0,0,1,1,1,0,0,students_cif.y4m,70.51,70.526,0.12818,0.00139,0.0,283
1,0,1,0,1,0,0,0,0,0,0,0,1,0,6,students_cif.y4m,18.7,18.7,0.027386,0.001606,0.0,190
1,0,1,0,1,0,1,0,0,1,1,1,4,0,6,students_cif.y4m,25.29,25.288,0.025884,0.001547,0.0,259
1,0,1,1,0,0,0,0,0,0,0,1,1,15,3,students_cif.y4m,49.35,49.418,0.117771,0.001603,0.0,7
1,0,1,0,0,1,0,0,0,0,0,1,2,5,0,students_cif.y4m,41.57,41.618,0.117558,0.001651,0.0,73
1,1,1,1,0,0,1,1,0,0,0,0,2,0,6,students_cif.y4m,70.91,70.954,0.186762,0.001389,0.0,63
1,0,1,0,0,1,1,0,0,1,1,0,2,15,3,students_cif.y4m,50.79,50.802,0.16453,0.00155,0.0,284
1,0,1,1,0,0,1,0,0,1,0,1,8,15,6,students_cif.y4m,58.59,58.526,0.184472,0.001542,0.0,250
1,1,1,0,1,0,0,1,0,0,0,0,2,5,0,students_cif.y4m,26.35,26.332,0.0502,0.00137,0.0,209
1,0,1,0,1,0,1,0,0,0,0,1,4,5,3,students_cif.y4m,25.31,25.302,0.054037,0.001544,0.0,138
1,1,1,1,0,0,0,0,1,1,1,0,1,0,0,students_cif.y4m,66.1,66.098,0.029496,0.001392,0.0,135
1,1,1,1,0,0,1,1,0,1,1,0,4,5,3,students_cif.y4m,71.14,71.198,0.18431,0.001351,0.0,264
1,1,1,1,0,0,0,1,0,1,1,0,2,0,6,students_cif.y4m,70.28,70.308,0.109864,0.001371,0.0,215
1,0,1,0,0,1,0,0,0,0,1,1,4,5,3,students_cif.y4m,41.84,41.816,0.083845,0.001661,0.0,50
1,0,1,1,0,0,0,0,0,1,1,0,4,0,6,students_cif.y4m,49.7,49.738,0.151723,0.001603,0.0,98
1,1,1,1,0,0,0,1,0,1,1,0,1,15,0,students_cif.y4m,70.85,70.82,0.0886,0.001371,0.0,140
1,1,1,1,0,0,0,1,0,0,1,1,1,0,3,students_cif.y4m,69.95,70.004,0.148425,0.001374,0.0,113
1,0,1,0,1,0,1,0,0,1,1,0,1,0,6,students_cif.y4m,25.31,25.312,0.031145,0.001547,0.0,3
1,0,1,0,0,1,0,0,0,1,1,1,8,0,0,students_cif.y4m,41.8,41.874,0.120125,0.001661,0.0,149
1,0,1,1,0,0,0,0,0,0,1,1,8,5,6,students_cif.y4m,48.95,48.932,0.064576,0.001603,0.0,153
1,1,1,1,0,0,1,1,0,1,1,0,2,15,6,students_cif.y4m,74.71,74.746,0.186628,0.001327,0.0,133
1,0,1,1,0,0,0,0,0,0,0,0,1,0,3,students_cif.y4m,49.6,49.662,0.143422,0.001603,0.0,191
1,1,1,0,1,0,0,1,0,1,0,1,1,0,6,students_cif.y4m,26.79,26.782,0.047645,0.001369,0.0,100
1,0,1,1,0,0,1,0,0,0,1,0,4,0,3,students_cif.y4m,58.43,58.45,0.107005,0.001543,0.0,85
1,0,1,0,0,1,1,0,0,0,0,0,2,0,3,students_cif.y4m,49.79,49.796,0.094234,0.00155,0.0,88
1,0,1,0,1,0,1,0,0,1,1,0,4,15,6,students_cif.y4m,25.25,25.266,0.074364,0.001547,0.0,31
1,0,1,0,0,1,1,0,0,0,0,0,4,5,3,students_cif.y4m,50.91,50.878,0.102811,0.00155,0.0,134
1,1,1,0,1,0,1,1,0,1,1,1,8,0,3,students_cif.y4m,26.89,26.882,0.071903,0.001388,0.0,147
1,1,1,1,0,0,0,1,0,0,1,1,4,15,6,students_cif.y4m,76.45,76.532,0.140961,0.001367,0.0,275
1,0,1,0,0,1,1,0,0,0,1,0,4,15,3,students_cif.y4m,50.71,50.73,0.101242,0.00155,0.0,143
1,1,1,0,1,0,1,1,0,1,0,0,1,5,6,students_cif.y4m,27.79,27.752,0.08228,0.001355,0.0,8
1,1,1,1,0,0,1,1,0,0,1,1,4,5,3,students_cif.y4m,71.17,71.19,0.123085,0.001351,0.0,216
1,0,1,1,0,0,1,0,0,1,0,0,1,0,3,students_cif.y4m,58.44,58.468,0.063797,0.001543,0.0,214
1,0,1,0,0,1,0,0,0,0,0,0,1,5,0,students_cif.y4m,41.81,41.844,0.12661,0.001661,0.0,17
1,0,1,0,0,1,1,0,0,0,0,0,1,5,0,students_cif.y4m,50.88,50.838,0.110995,0.00155,0.0,206
1,0,1,0,1,0,0,0,0,1,1,1,8,15,0,students_cif.y4m,18.68,18.706,0.071972,0.001606,0.0,36
1,1,1,0,1,0,1,1,0,0,0,0,4,15,3,students_cif.y4m,29.99,30.002,0.104259,0.001337,0.0,6
1,0,1,1,0,0,1,0,0,0,0,1,1,0,6,students_cif.y4m,58.71,58.654,0.159468,0.001542,0.0,5
1,0,1,1,0,0,1,0,0,0,0,0,8,15,6,students_cif.y4m,58.5,58.492,0.17254,0.001543,0.0,164
1,0,1,0,0,1,0,0,0,1,0,0,8,0,6,students_cif.y4m,41.79,41.834,0.132778,0.001661,0.0,97
1,0,1,1,0,0,0,0,0,0,1,0,2,5,3,students_cif.y4m,49.93,49.832,0.144465,0.001603,0.0,236
1,1,1,0,1,0,1,1,0,0,0,0,8,5,0,students_cif.y4m,26.63,26.634,0.045607,0.001398,0.0,71
1,1,1,0,1,0,1,1,0,1,0,1,2,0,3,students_cif.y4m,27.02,27.002,0.076616,0.001394,0.0,295
1,0,1,1,0,0,1,0,0,1,1,0,8,5,3,students_cif.y4m,58.45,58.444,0.109453,0.001543,0.0,286
1,0,1,0,1,0,0,0,0,0,0,1,1,5,0,students_cif.y4m,18.59,18.614,0.067305,0.001607,0.0,34
1,0,1,0,1,0,1,0,0,1,1,1,1,5,3,students_cif.y4m,25.32,25.316,0.078294,0.001544,0.0,240
1,0,1,0,0,1,1,0,0,0,0,1,4,15,3,students_cif.y4m,50.47,50.436,0.162265,0.001554,0.0,18
1,0,1,0,1,0,0,0,0,0,1,0,8,0,6,students_cif.y4m,18.69,18.692,0.031145,0.001606,0.0,102
1,1,1,1,0,0,1,0,1,0,1,0,4,0,0,students_cif.y4m,62.89,62.796,0.151261,0.001386,0.0,51
1,1,1,1,0,0,1,1,0,0,0,1,4,15,6,students_cif.y4m,74.22,74.202,0.148054,0.001329,0.0,282
1,0,1,0,1,0,1,0,0,1,1,1,1,0,3,students_cif.y4m,25.23,25.262,0.066858,0.001544,0.0,77
1,0,1,1,0,0,1,0,0,0,1,0,2,0,3,students_cif.y4m,57.49,57.476,0.133716,0.001543,0.0,128
1,1,1,0,1,0,1,1,0,0,0,0,2,5,3,students_cif.y4m,26.72,26.73,0.041833,0.001351,0.0,234
1,0,1,1,0,0,0,0,0,0,1,1,1,0,0,students_cif.y4m,48.26,48.32,0.092736,0.001603,0.0,252
1,0,1,1,0,0,1,0,0,0,0,1,4,0,3,students_cif.y4m,58.63,58.58,0.073485,0.001542,0.0,28
1,0,1,0,0,1,1,0,0,1,1,1,8,15,3,students_cif.y4m,50.78,50.828,0.117771,0.00155,0.0,139
1,0,1,0,0,1,0,0,0,0,0,1,1,5,0,students_cif.y4m,41.77,41.72,0.172192,0.001651,0.0,158
1,1,1,0,1,0,1,1,0,1,0,1,8,5,3,students_cif.y4m,26.4,26.414,0.0251,0.001358,0.0,152
1,0,1,1,0,0,1,0,0,1,0,0,2,0,6,students_cif.y4m,58.51,58.528,0.129112,0.001543,0.0,12
1,1,1,0,1,0,0,1,0,0,0,1,4,15,3,students_cif.y4m,28.39,28.364,0.060249,0.001365,0.0,294
1,1,1,0,1,0,0,1,0,0,0,1,8,15,3,students_cif.y4m,28.4,28.372,0.053572,0.001365,0.0,154
1,1,1,1,0,0,0,1,0,1,0,0,2,15,6,students_cif.y4m,76.4,76.456,0.206228,0.001367,0.0,157
1,0,1,1,0,0,1,0,0,1,1,1,2,0,3,students_cif.y4m,58.51,58.534,0.10139,0.001543,0.0,150
1,1,1,0,1,0,1,1,0,0,1,0,8,0,6,students_cif.y4m,26.82,26.868,0.084083,0.001388,0.0,287
1,0,1,0,1,0,0,0,0,1,1,0,1,0,3,students_cif.y4m,18.71,18.7,0.05099,0.001606,0.0,297
1,0,1,0,0,1,0,0,0,1,1,0,8,15,0,students_cif.y4m,40.9,40.906,0.061887,0.001661,0.0,263
1,1,1,0,1,0,0,1,0,1,1,1,1,5,3,students_cif.y4m,26.63,26.602,0.055408,0.00137,0.0,255
1,0,1,1,0,0,0,0,0,1,1,0,8,15,3,students_cif.y4m,49.72,49.754,0.120333,0.001603,0.0,115
1,0,1,0,0,1,1,0,0,1,0,1,4,15,3,students_cif.y4m,50.42,50.448,0.070498,0.001554,0.0,188
1,0,1,0,0,1,1,0,0,0,0,1,8,0,6,students_cif.y4m,49.4,49.378,0.091214,0.001554,0.0,212
1,0,1,1,0,0,1,0,0,0,0,1,1,15,3,students_cif.y4m,58.58,58.522,0.151228,0.001542,0.0,195
1,0,1,0,1,0,0,0,0,0,1,1,2,15,0,students_cif.y4m,18.35,18.342,0.031145,0.001606,0.0,119
1,0,1,1,0,0,0,0,0,1,0,1,4,15,0,students_cif.y4m,49.34,49.376,0.098133,0.001603,0.0,58
1,0,1,0,1,0,1,0,0,1,0,1,4,0,6,students_cif.y4m,25.31,25.308,0.048166,0.001544,0.0,277
1,0,1,0,1,0,1,0,0,0,1,1,4,5,6,students_cif.y4m,24.76,24.758,0.0249,0.001547,0.0,64
1,1,1,0,1,0,1,1,0,1,0,0,2,0,0,students_cif.y4m,26.76,26.828,0.093381,0.001388,0.0,285
1,1,1,0,1,0,1,1,0,1,0,0,4,0,0,students_cif.y4m,26.94,26.892,0.095499,0.001388,0.0,290
1,0,1,1,0,0,0,0,0,1,0,1,8,5,6,students_cif.y4m,49.24,49.288,0.092574,0.001603,0.0,196
1,1,1,1,0,0,1,0,1,1,1,1,1,0,0,students_cif.y4m,62.99,63.016,0.116103,0.001396,0.0,93
1,0,1,1,0,0,1,0,0,0,1,1,4,5,6,students_cif.y4m,58.53,58.58,0.191703,0.001543,0.0,299
1,0,1,1,0,0,0,0,0,1,0,0,2,5,0,students_cif.y4m,49.87,49.86,0.140535,0.001603,0.0,125
1,1,1,0,1,0,0,1,0,1,0,1,2,15,6,students_cif.y4m,28.17,28.184,0.033615,0.001367,0.0,21
1,0,1,0,1,0,0,0,0,1,0,1,2,0,0,students_cif.y4m,18.58,18.594,0.064653,0.001607,0.0,225
1,0,1,0,1,0,0,0,0,1,0,0,2,5,0,tempete_cif.y4m,22.21,22.222,0.040866,0.007032,0.0,114
1,1,1,1,0,0,0,0,1,0,0,1,1,0,0,tempete_cif.y4m,58.14,58.1,0.178606,0.005408,0.0,281
1,1,1,1,0,0,0,1,0,1,1,0,2,5,0,tempete_cif.y4m,78.63,78.642,0.158651,0.005378,0.0,49
1,0,1,0,0,1,1,0,0,0,0,0,2,15,6,tempete_cif.y4m,58.95,58.9,0.148829,0.006704,0.0,194
1,0,1,1,0,0,0,0,0,0,0,0,2,0,6,tempete_cif.y4m,50.49,50.41,0.138384,0.007028,0.0,62
1,1,1,0,1,0,0,1,0,1,1,1,1,15,3,tempete_cif.y4m,37.47,37.484,0.081117,0.005385,0.0,91
1,0,1,0,0,1,1,0,0,0,0,0,4,0,6,tempete_cif.y4m,57.91,57.894,0.158524,0.006704,0.0,107
1,0,1,1,0,0,1,0,0,0,0,1,4,5,3,tempete_cif.y4m,65.84,65.898,0.158019,0.006667,0.0,181
1,0,1,0,1,0,1,0,0,0,0,0,4,5,0,tempete_cif.y4m,31.72,31.732,0.104259,0.006674,0.0,247
1,0,1,1,0,0,0,0,0,1,1,0,4,5,3,tempete_cif.y4m,50.31,50.342,0.184851,0.007028,0.0,166
1,0,1,0,0,1,0,0,0,0,1,1,4,0,0,tempete_cif.y4m,44.74,44.754,0.150765,0.007366,0.0,25
1,1,1,0,1,0,0,1,0,0,0,1,8,0,6,tempete_cif.y4m,34.6,34.612,0.021679,0.005382,0.0,203
1,1,1,1,0,0,1,1,0,1,1,1,4,5,6,tempete_cif.y4m,77.64,77.628,0.128725,0.005091,0.0,219
1,0,1,0,0,1,0,0,0,0,0,0,4,15,0,tempete_cif.y4m,43.89,43.962,0.149566,0.007366,0.0,162
1,0,1,1,0,0,1,0,0,0,1,0,4,15,6,tempete_cif.y4m,66.53,66.468,0.243146,0.006668,0.0,182
1,0,1,0,0,1,0,0,0,1,1,0,1,15,6,tempete_cif.y4m,44.79,44.814,0.098641,0.007366,0.0,10
1,1,1,1,0,0,1,1,0,1,1,1,2,15,0,tempete_cif.y4m,75.95,75.936,0.130115,0.005239,0.0,14
1,1,1,1,0,0,0,1,0,0,0,1,1,0,6,tempete_cif.y4m,77.91,77.986,0.170529,0.005381,0.0,89
1,1,1,1,0,0,0,1,0,1,1,1,1,5,0,tempete_cif.y4m,79.82,79.746,0.187963,0.005379,0.0,116
1,0,1,1,0,0,0,0,0,0,1,1,4,15,3,tempete_cif.y4m,50.29,50.324,0.142408,0.007028,0.0,217
1,1,1,0,1,0,0,1,0,0,1,0,1,0,0,tempete_cif.y4m,34.57,34.6,0.100499,0.005378,0.0,75
1,1,1,0,1,0,0,1,0,1,1,1,2,15,6,tempete_cif.y4m,37.88,37.892,0.110995,0.005387,0.0,266
1,0,1,1,0,0,1,0,0,0,1,1,4,15,3,tempete_cif.y4m,66.43,66.464,0.181466,0.006668,0.0,268
1,0,1,0,1,0,1,0,0,1,1,1,4,15,3,tempete_cif.y4m,31.23,31.228,0.069065,0.006674,0.0,187
1,0,1,0,0,1,1,0,0,0,1,0,8,15,3,tempete_cif.y4m,58.84,58.9,0.202855,0.006704,0.0,161
1,0,1,0,1,0,1,0,0,0,1,0,2,0,6,tempete_cif.y4m,31.69,31.692,0.067602,0.006674,0.0,23
1,1,1,1,0,0,0,1,0,1,1,0,2,5,6,tempete_cif.y4m,82.66,82.658,0.187803,0.005382,0.0,2
1,1,1,1,0,0,1,0,1,1,0,1,2,0,0,tempete_cif.y4m,56.47,56.42,0.138924,0.00515,0.0,16
1,0,1,1,0,0,0,0,0,1,1,1,8,15,0,tempete_cif.y4m,50.42,50.41,0.098489,0.007028,0.0,262
1,1,1,1,0,0,0,1,0,1,1,0,4,5,0,tempete_cif.y4m,79.65,79.758,0.175414,0.005378,0.0,66
1,0,1,1,0,0,0,0,0,1,0,0,2,0,0,tempete_cif.y4m,50.27,50.308,0.180472,0.007028,0.0,86
1,0,1,0,1,0,1,0,0,0,1,0,2,5,6,tempete_cif.y4m,31.79,31.814,0.096333,0.006674,0.0,231
1,0,1,0,1,0,0,0,0,0,0,0,4,5,0,tempete_cif.y4m,22.17,22.18,0.060415,0.007032,0.0,269
1,1,1,0,1,0,1,1,0,0,1,0,1,5,0,tempete_cif.y4m,34.55,34.52,0.118322,0.005212,0.0,180
1,0,1,0,0,1,0,0,0,0,1,0,4,5,6,tempete_cif.y4m,44.79,44.792,0.132929,0.007366,0.0,274
1,1,1,1,0,0,0,1,0,1,1,0,2,15,6,tempete_cif.y4m,84.03,84.024,0.138672,0.005383,0.0,184
1,0,1,0,0,1,1,0,0,0,0,1,4,5,0,tempete_cif.y4m,58.63,58.63,0.169853,0.006699,0.0,118
1,1,1,1,0,0,0,1,0,0,0,0,1,0,6,tempete_cif.y4m,78.86,78.926,0.240998,0.005378,0.0,254
1,0,1,1,0,0,1,0,0,0,1,1,4,5,0,tempete_cif.y4m,66.36,66.39,0.06245,0.006668,0.0,208
1,0,1,0,0,1,1,0,0,1,1,0,4,5,6,tempete_cif.y4m,58.87,58.826,0.196291,0.006704,0.0,279
1,1,1,1,0,0,0,1,0,0,1,1,4,15,3,tempete_cif.y4m,82.7,82.71,0.127671,0.005384,0.0,229
1,0,1,0,0,1,1,0,0,1,1,1,1,0,0,tempete_cif.y4m,58.78,58.778,0.163463,0.006699,0.0,46
1,0,1,0,0,1,0,0,0,1,1,1,4,5,6,tempete_cif.y4m,44.2,44.164,0.11327,0.007366,0.0,171
1,1,1,1,0,0,0,1,0,0,1,0,2,5,0,tempete_cif.y4m,79.51,79.636,0.216056,0.005378,0.0,99
1,0,1,0,0,1,0,0,0,0,0,0,8,0,0,tempete_cif.y4m,44.94,44.864,0.146048,0.007366,0.0,81
1,1,1,1,0,0,1,1,0,1,0,1,8,5,0,tempete_cif.y4m,76.12,76.128,0.10616,0.005238,0.0,155
1,0,1,0,1,0,0,0,0,1,0,1,1,15,6,tempete_cif.y4m,21.7,21.732,0.079812,0.00706,0.0,96
1,1,1,1,0,0,0,1,0,1,1,1,8,0,0,tempete_cif.y4m,77.54,77.588,0.205961,0.005378,0.0,218
1,1,1,1,0,0,1,1,0,1,1,0,8,0,6,tempete_cif.y4m,76.58,76.532,0.1886,0.005244,0.0,53
1,1,1,0,1,0,1,0,1,0,0,0,2,0,0,tempete_cif.y4m,26.12,26.12,0.059161,0.005138,0.0,109
1,0,1,0,1,0,0,0,0,0,1,0,4,5,6,tempete_cif.y4m,22.23,22.226,0.071274,0.007032,0.0,185
1,1,1,1,0,0,0,1,0,0,1,1,2,0,0,tempete_cif.y4m,79.0,78.936,0.186091,0.005378,0.0,239
1,0,1,1,0,0,0,0,0,0,0,1,2,0,0,tempete_cif.y4m,49.3,49.358,0.190184,0.006998,0.0,276
1,0,1,1,0,0,1,0,0,0,0,1,4,0,6,tempete_cif.y4m,65.82,65.886,0.294584,0.006667,0.0,257
1,0,1,0,0,1,0,0,0,1,1,0,1,5,0,tempete_cif.y4m,44.75,44.784,0.104785,0.007366,0.0,42
1,1,1,0,1,0,1,1,0,0,0,0,2,15,3,tempete_cif.y4m,34.89,34.894,0.018166,0.005083,0.0,204
1,0,1,1,0,0,1,0,0,1,0,1,2,15,6,tempete_cif.y4m,65.84,65.952,0.219477,0.006667,0.0,145
1,0,1,0,1,0,0,0,0,0,0,0,2,0,3,tempete_cif.y4m,22.23,22.202,0.10616,0.007032,0.0,246
1,1,1,1,0,0,0,1,0,0,1,1,8,0,0,tempete_cif.y4m,77.41,77.554,0.234798,0.005378,0.0,202
1,1,1,0,1,0,0,1,0,1,0,0,2,5,3,tempete_cif.y4m,36.22,36.224,0.099398,0.005384,0.0,70
1,0,1,0,1,0,0,0,0,0,1,0,1,5,3,tempete_cif.y4m,22.23,22.23,0.036742,0.007032,0.0,230
1,0,1,0,1,0,1,0,0,0,0,0,4,15,6,tempete_cif.y4m,31.8,31.774,0.101882,0.006674,0.0,267
1,1,1,1,0,0,1,1,0,0,0,1,8,5,3,tempete_cif.y4m,75.16,75.19,0.154434,0.005129,0.0,146
1,0,1,0,1,0,1,0,0,0,0,1,2,15,0,tempete_cif.y4m,31.82,31.864,0.152086,0.006678,0.0,27
1,0,1,0,1,0,1,0,0,0,1,1,8,0,3,tempete_cif.y4m,31.64,31.65,0.037417,0.006674,0.0,137
1,1,1,1,0,0,0,1,0,0,1,1,2,15,0,tempete_cif.y4m,79.7,79.808,0.223316,0.005378,0.0,189
1,1,1,0,1,0,1,1,0,1,0,0,4,15,0,tempete_cif.y4m,34.57,34.576,0.12482,0.005212,0.0,132
1,1,1,1,0,0,0,0,1,1,0,1,8,0,0,tempete_cif.y4m,57.91,57.89,0.148492,0.005408,0.0,169
1,0,1,0,0,1,0,0,0,0,0,0,1,5,6,tempete_cif.y4m,44.84,44.756,0.134276,0.007366,0.0,33
1,0,1,1,0,0,0,0,0,0,1,1,8,15,0,tempete_cif.y4m,50.18,50.172,0.096799,0.007028,0.0,205
1,0,1,1,0,0,0,0,0,1,0,1,2,0,0,tempete_cif.y4m,49.35,49.414,0.19021,0.006998,0.0,245
1,1,1,0,1,0,1,1,0,0,1,1,1,15,0,tempete_cif.y4m,33.8,33.786,0.117813,0.005251,0.0,298
1,0,1,1,0,0,1,0,0,1,1,0,2,5,6,tempete_cif.y4m,66.58,66.516,0.146731,0.006668,0.0,163
1,1,1,1,0,0,0,1,0,0,0,0,1,5,0,tempete_cif.y4m,79.81,79.776,0.136858,0.005378,0.0,123
1,0,1,0,0,1,1,0,0,1,0,0,4,15,0,tempete_cif.y4m,58.97,58.92,0.127475,0.006704,0.0,4
1,0,1,0,0,1,1,0,0,1,1,0,8,5,6,tempete_cif.y4m,59.02,58.968,0.236791,0.006704,0.0,141
1,1,1,0,1,0,0,1,0,1,0,0,8,5,6,tempete_cif.y4m,36.29,36.366,0.12661,0.005382,0.0,129
1,1,1,0,1,0,1,1,0,1,1,0,4,5,3,tempete_cif.y4m,34.03,34.05,0.05244,0.005104,0.0,159
1,0,1,0,0,1,1,0,0,1,0,0,1,0,0,tempete_cif.y4m,58.07,58.05,0.137659,0.006704,0.0,22
1,0,1,0,0,1,0,0,0,1,0,1,2,0,6,tempete_cif.y4m,44.02,43.936,0.192691,0.007373,0.0,175
1,1,1,1,0,0,0,1,0,1,1,1,8,5,6,tempete_cif.y4m,82.57,82.676,0.238705,0.005382,0.0,151
1,1,1,0,1,0,0,1,0,0,1,0,2,5,0,tempete_cif.y4m,34.33,34.334,0.085029,0.005378,0.0,52
1,0,1,0,0,1,0,0,0,0,0,1,4,0,3,tempete_cif.y4m,44.37,44.408,0.088431,0.007373,0.0,108
1,0,1,0,1,0,1,0,0,0,0,1,8,15,0,tempete_cif.y4m,31.82,31.806,0.043359,0.006678,0.0,72
1,0,1,1,0,0,1,0,0,1,1,0,8,0,6,tempete_cif.y4m,66.43,66.476,0.193468,0.006668,0.0,248
1,1,1,1,0,0,1,1,0,1,1,0,8,5,6,tempete_cif.y4m,77.67,77.676,0.086776,0.005091,0.0,174
1,0,1,1,0,0,1,0,0,1,1,1,8,0,3,tempete_cif.y4m,65.46,65.474,0.11908,0.006668,0.0,130
1,1,1,0,1,0,1,1,0,1,1,1,8,15,0,tempete_cif.y4m,34.39,34.47,0.144049,0.005212,0.0,168
1,0,1,0,0,1,1,0,0,1,0,1,8,0,6,tempete_cif.y4m,58.94,58.906,0.170235,0.006699,0.0,198
1,0,1,0,0,1,1,0,0,1,1,0,1,0,3,tempete_cif.y4m,58.88,58.814,0.16288,0.006704,0.0,83
1,1,1,1,0,0,1,1,0,0,1,0,1,0,3,tempete_cif.y4m,77.88,77.88,0.110227,0.005244,0.0,291
1,0,1,0,1,0,0,0,0,1,1,0,1,0,6,tempete_cif.y4m,22.24,22.228,0.053572,0.007032,0.0,237
1,0,1,0,0,1,0,0,0,1,1,1,2,15,3,tempete_cif.y4m,44.0,44.018,0.162542,0.007366,0.0,90
1,1,1,1,0,0,1,1,0,0,0,1,1,15,0,tempete_cif.y4m,76.24,76.246,0.099146,0.005238,0.0,87
1,0,1,1,0,0,1,0,0,1,0,0,1,5,0,tempete_cif.y4m,66.42,66.422,0.177539,0.006668,0.0,74
1,0,1,0,0,1,0,0,0,1,0,0,2,0,3,tempete_cif.y4m,44.74,44.776,0.090167,0.007366,0.0,201
1,0,1,0,1,0,0,0,0,1,0,1,1,0,0,tempete_cif.y4m,21.85,21.844,0.033615,0.00706,0.0,183
1,0,1,1,0,0,0,0,0,0,0,0,4,0,6,tempete_cif.y4m,50.23,50.272,0.119457,0.007028,0.0,227
1,1,1,0,1,0,1,1,0,0,0,0,1,15,6,tempete_cif.y4m,35.02,35.03,0.05,0.004987,0.0,222
1,0,1,0,0,1,0,0,0,0,1,0,8,0,6,tempete_cif.y4m,44.7,44.722,0.084971,0.007366,0.0,55
1,0,1,1,0,0,0,0,0,0,1,1,2,5,0,tempete_cif.y4m,50.45,50.474,0.063087,0.007028,0.0,142
1,0,1,1,0,0,1,0,0,1,0,1,1,5,6,tempete_cif.y4m,65.82,65.912,0.163463,0.006667,0.0,124
1,0,1,1,0,0,1,0,0,0,0,0,8,0,0,tempete_cif.y4m,66.43,66.44,0.07874,0.006668,0.0,95
1,0,1,1,0,0,1,0,0,1,0,0,2,15,0,tempete_cif.y4m,66.34,66.324,0.134648,0.006668,0.0,241
1,0,1,0,1,0,0,0,0,0,1,1,1,5,3,tempete_cif.y4m,21.97,21.984,0.073007,0.00706,0.0,289
1,0,1,1,0,0,1,0,0,1,1,0,1,5,0,tempete_cif.y4m,66.55,66.49,0.196596,0.006668,0.0,278
1,1,1,0,1,0,0,1,0,1,1,0,1,0,6,tempete_cif.y4m,34.64,34.628,0.11606,0.005378,0.0,176
1,0,1,0,0,1,1,0,0,0,1,0,8,5,0,tempete_cif.y4m,59.01,58.968,0.152217,0.006704,0.0,122
1,0,1,0,0,1,0,0,0,0,1,0,4,0,6,tempete_cif.y4m,44.72,44.73,0.148829,0.007366,0.0,30
1,1,1,0,1,0,0,1,0,0,0,0,2,0,6,tempete_cif.y4m,34.6,34.568,0.062209,0.005378,0.0,251
1,0,1,1,0,0,0,0,0,0,0,1,1,0,0,tempete_cif.y4m,50.14,50.238,0.204377,0.006998,0.0,120
1,0,1,1,0,0,0,0,0,0,0,1,2,15,6,tempete_cif.y4m,49.58,49.556,0.124619,0.006998,0.0,144
1,0,1,0,1,0,1,0,0,0,0,0,1,0,3,tempete_cif.y4m,31.82,31.784,0.080498,0.006674,0.0,265
1,1,1,0,1,0,0,1,0,0,1,0,2,0,6,tempete_cif.y4m,34.57,34.608,0.093648,0.005378,0.0,260
1,1,1,0,1,0,0,1,0,0,0,1,1,0,3,tempete_cif.y4m,34.62,34.62,0.057009,0.005382,0.0,78
1,0,1,0,1,0,0,0,0,0,1,1,8,15,3,tempete_cif.y4m,22.19,22.204,0.081117,0.007032,0.0,84
1,0,1,1,0,0,1,0,0,1,0,0,4,15,3,tempete_cif.y4m,66.27,66.338,0.163463,0.006668,0.0,296
1,0,1,0,0,1,0,0,0,0,0,1,2,5,6,tempete_cif.y4m,44.67,44.588,0.177539,0.007373,0.0,232
1,0,1,0,0,1,1,0,0,0,1,0,4,15,6,tempete_cif.y4m,58.82,58.766,0.121573,0.006704,0.0,213
1,1,1,0,1,0,0,1,0,0,1,1,8,15,3,tempete_cif.y4m,38.19,38.174,0.073348,0.00538,0.0,94
1,0,1,0,1,0,0,0,0,0,1,1,1,5,0,tempete_cif.y4m,22.02,22.052,0.098843,0.00706,0.0,178
1,0,1,1,0,0,1,0,0,1,0,0,4,0,0,tempete_cif.y4m,66.24,66.288,0.14481,0.006668,0.0,127
1,1,1,0,1,0,1,1,0,0,1,0,8,5,6,tempete_cif.y4m,33.39,33.354,0.122188,0.005041,0.0,111
1,0,1,0,1,0,0,0,0,0,0,1,1,0,6,tempete_cif.y4m,22.07,22.08,0.041833,0.00706,0.0,92
1,1,1,1,0,0,0,1,0,0,1,0,8,15,6,tempete_cif.y4m,84.23,84.208,0.220613,0.005383,0.0,54
1,0,1,0,0,1,0,0,0,0,0,1,2,15,0,tempete_cif.y4m,44.61,44.574,0.120955,0.007373,0.0,45
1,0,1,1,0,0,0,0,0,1,0,0,4,0,6,tempete_cif.y4m,49.61,49.604,0.111714,0.007028,0.0,226
1,1,1,1,0,0,1,1,0,1,0,0,8,5,0,tempete_cif.y4m,75.77,75.848,0.174843,0.005239,0.0,200
1,0,1,0,0,1,1,0,0,1,0,1,8,5,6,tempete_cif.y4m,57.71,57.788,0.202657,0.006699,0.0,59
1,1,1,0,1,0,1,0,1,0,0,1,2,0,0,tempete_cif.y4m,25.65,25.642,0.047645,0.005141,0.0,19
1,1,1,1,0,0,0,1,0,1,0,0,2,15,0,tempete_cif.y4m,79.84,79.842,0.229281,0.005378,0.0,47
1,1,1,0,1,0,1,1,0,0,0,1,4,5,6,tempete_cif.y4m,33.05,33.084,0.088487,0.005078,0.0,32
1,1,1,0,1,0,0,1,0,1,0,0,1,5,6,tempete_cif.y4m,35.88,35.842,0.126965,0.005382,0.0,170
1,0,1,0,0,1,0,0,0,1,1,0,1,15,0,tempete_cif.y4m,43.99,44.034,0.11349,0.007366,0.0,270
1,0,1,1,0,0,1,0,0,1,0,1,4,15,6,tempete_cif.y4m,65.84,65.888,0.150233,0.006667,0.0,207
1,1,1,0,1,0,0,1,0,1,1,1,1,5,6,tempete_cif.y4m,36.08,36.016,0.135019,0.005383,0.0,43
1,0,1,0,1,0,1,0,0,0,1,1,1,0,3,tempete_cif.y4m,31.72,31.728,0.037683,0.006678,0.0,40
1,1,1,0,1,0,0,1,0,0,1,1,1,5,3,tempete_cif.y4m,36.13,36.152,0.11077,0.005384,0.0,117
1,0,1,0,0,1,0,0,0,0,1,0,8,15,6,tempete_cif.y4m,44.66,44.73,0.15843,0.007366,0.0,253
1,0,1,1,0,0,0,0,0,1,0,0,1,15,3,tempete_cif.y4m,50.24,50.274,0.118659,0.007028,0.0,68
1,1,1,1,0,0,0,1,0,1,1,1,1,15,6,tempete_cif.y4m,84.41,84.344,0.227662,0.005381,0.0,186
1,1,1,0,1,0,1,1,0,0,0,1,8,15,3,tempete_cif.y4m,34.64,34.682,0.115412,0.005094,0.0,288
1,1,1,0,1,0,0,1,0,0,0,0,2,0,0,tempete_cif.y4m,34.67,34.666,0.090167,0.005378,0.0,15
1,0,1,1,0,0,0,0,0,0,1,1,2,15,3,tempete_cif.y4m,50.13,50.228,0.161617,0.007028,0.0,82
1,1,1,1,0,0,0,1,0,0,0,0,4,15,6,tempete_cif.y4m,84.1,84.146,0.088487,0.005383,0.0,211
1,0,1,0,1,0,1,0,0,1,1,1,8,15,6,tempete_cif.y4m,31.72,31.734,0.053666,0.006674,0.0,177
1,1,1,0,1,0,0,1,0,1,1,1,2,5,3,tempete_cif.y4m,35.74,35.768,0.064576,0.005384,0.0,210
1,0,1,1,0,0,0,0,0,1,1,1,2,0,3,tempete_cif.y4m,50.29,50.348,0.2251,0.007028,0.0,13
1,0,1,0,1,0,1,0,0,0,0,1,2,15,3,tempete_cif.y4m,31.84,31.882,0.080436,0.006678,0.0,228
1,0,1,0,1,0,1,0,0,1,1,0,4,5,3,tempete_cif.y4m,31.25,31.246,0.047223,0.006674,0.0,38
1,1,1,1,0,0,0,1,0,0,0,1,4,15,6,tempete_cif.y4m,84.25,84.242,0.091761,0.005381,0.0,29
1,1,1,1,0,0,1,0,1,1,0,0,8,0,0,tempete_cif.y4m,55.95,55.866,0.171552,0.005136,0.0,24
1,1,1,1,0,0,0,1,0,0,0,0,8,5,6,tempete_cif.y4m,81.38,81.324,0.17358,0.005382,0.0,293
1,1,1,1,0,0,0,1,0,0,1,0,2,5,6,tempete_cif.y4m,82.47,82.566,0.215476,0.005382,0.0,67
1,1,1,0,1,0,0,1,0,1,0,1,2,5,0,tempete_cif.y4m,34.45,34.4,0.085732,0.00538,0.0,199
1,0,1,0,0,1,1,0,0,1,1,0,8,15,3,tempete_cif.y4m,58.95,58.902,0.120706,0.006704,0.0,244
1,0,1,0,0,1,1,0,0,0,0,0,8,15,0,tempete_cif.y4m,57.7,57.732,0.175129,0.006704,0.0,80
1,1,1,1,0,0,1,1,0,1,1,1,2,0,3,tempete_cif.y4m,76.7,76.66,0.1253,0.005244,0.0,223
1,1,1,0,1,0,1,1,0,0,1,0,8,5,0,tempete_cif.y4m,34.56,34.604,0.11327,0.005212,0.0,121
1,0,1,1,0,0,1,0,0,0,0,0,8,5,3,tempete_cif.y4m,66.35,66.434,0.17672,0.006668,0.0,261
1,0,1,1,0,0,1,0,0,1,1,0,1,5,6,tempete_cif.y4m,66.44,66.406,0.203666,0.006668,0.0,156
1,1,1,1,0,0,0,1,0,0,1,0,4,15,3,tempete_cif.y4m,83.01,83.022,0.168434,0.005384,0.0,271
1,1,1,1,0,0,1,1,0,1,0,0,2,15,3,tempete_cif.y4m,78.36,78.308,0.11077,0.005097,0.0,9
1,1,1,1,0,0,1,1,0,1,0,1,1,0,0,tempete_cif.y4m,76.0,75.898,0.207413,0.005246,0.0,165
1,0,1,0,0,1,1,0,0,1,0,0,1,15,6,tempete_cif.y4m,57.8,57.808,0.185122,0.006704,0.0,126
1,0,1,1,0,0,1,0,0,1,1,1,8,5,0,tempete_cif.y4m,66.63,66.562,0.12518,0.006668,0.0,280
1,0,1,1,0,0,0,0,0,1,1,0,2,5,3,tempete_cif.y4m,50.23,50.246,0.164712,0.007028,0.0,172
1,0,1,0,1,0,1,0,0,0,0,0,1,15,6,tempete_cif.y4m,31.84,31.786,0.112606,0.006674,0.0,292
1,0,1,0,0,1,0,0,0,1,0,1,1,0,3,tempete_cif.y4m,44.37,44.452,0.180333,0.007373,0.0,179
1,0,1,0,0,1,1,0,0,1,0,1,2,0,3,tempete_cif.y4m,58.6,58.716,0.17855,0.006699,0.0,272
1,0,1,0,0,1,1,0,0,0,1,0,4,5,0,tempete_cif.y4m,58.71,58.776,0.171697,0.006704,0.0,105
1,0,1,0,1,0,0,0,0,0,0,0,1,0,3,tempete_cif.y4m,22.21,22.2,0.05099,0.007032,0.0,76
1,0,1,1,0,0,1,0,0,0,1,0,4,15,3,tempete_cif.y4m,66.54,66.5,0.190919,0.006668,0.0,197
1,1,1,1,0,0,1,1,0,0,1,0,1,15,0,tempete_cif.y4m,75.79,75.81,0.141951,0.005239,0.0,221
1,1,1,1,0,0,1,1,0,0,1,0,8,15,6,tempete_cif.y4m,80.01,80.014,0.162265,0.005011,0.0,167
1,1,1,0,1,0,0,1,0,1,0,1,4,15,6,tempete_cif.y4m,38.06,38.058,0.028636,0.005381,0.0,136
1,1,1,1,0,0,0,1,0,1,0,1,8,15,6,tempete_cif.y4m,82.79,82.864,0.129345,0.005381,0.0,243
1,0,1,0,1,0,0,0,0,1,0,1,8,15,6,tempete_cif.y4m,22.0,22.022,0.091214,0.00706,0.0,60
1,0,1,1,0,0,0,0,0,1,0,1,2,0,6,tempete_cif.y4m,50.25,50.208,0.155467,0.006998,0.0,110
1,1,1,1,0,0,1,1,0,1,0,0,1,15,6,tempete_cif.y4m,80.1,79.996,0.206712,0.005011,0.0,35
1,0,1,1,0,0,1,0,0,0,1,1,2,5,6,tempete_cif.y4m,66.63,66.572,0.191364,0.006668,0.0,235
1,0,1,1,0,0,0,0,0,1,0,0,1,0,3,tempete_cif.y4m,50.23,50.31,0.18097,0.007028,0.0,44
1,1,1,0,1,0,1,1,0,0,1,0,4,15,3,tempete_cif.y4m,34.85,34.842,0.087579,0.005083,0.0,256
1,0,1,0,0,1,0,0,0,0,1,1,8,0,0,tempete_cif.y4m,44.8,44.764,0.145017,0.007366,0.0,192
1,0,1,0,1,0,0,0,0,0,1,1,2,0,0,tempete_cif.y4m,22.12,22.188,0.120291,0.007032,0.0,41
1,0,1,1,0,0,0,0,0,0,1,0,4,5,0,tempete_cif.y4m,50.24,50.266,0.146048,0.007028,0.0,37
1,0,1,0,0,1,0,0,0,0,0,0,4,5,0,tempete_cif.y4m,44.68,44.726,0.143283,0.007366,0.0,26
1,1,1,1,0,0,0,1,0,0,0,0,1,0,3,tempete_cif.y4m,78.86,78.84,0.18262,0.005378,0.0,273
1,1,1,1,0,0,1,1,0,0,0,1,1,5,6,tempete_cif.y4m,78.05,78.09,0.096177,0.005063,0.0,233
1,1,1,0,1,0,1,1,0,0,1,1,8,0,0,tempete_cif.y4m,34.35,34.336,0.056391,0.005212,0.0,101
1,0,1,1,0,0,0,0,0,0,0,1,2,5,3,tempete_cif.y4m,49.47,49.444,0.131833,0.006998,0.0,39
1,1,1,0,1,0,0,1,0,0,0,1,1,15,0,tempete_cif.y4m,34.42,34.41,0.095394,0.00538,0.0,106
1,1,1,0,1,0,0,0,1,1,0,0,1,0,0,tempete_cif.y4m,27.19,27.208,0.102078,0.005409,0.0,242
1,1,1,1,0,0,1,1,0,0,1,0,2,15,0,tempete_cif.y4m,74.87,74.812,0.16053,0.005239,0.0,193
1,0,1,0,1,0,1,0,0,0,1,0,1,15,6,tempete_cif.y4m,31.18,31.196,0.063482,0.006674,0.0,103
1,1,1,0,1,0,0,1,0,1,1,1,8,5,6,tempete_cif.y4m,36.39,36.38,0.072111,0.005382,0.0,1
1,0,1,1,0,0,0,0,0,1,1,1,1,0,0,tempete_cif.y4m,50.28,50.318,0.111893,0.006998,0.0,61
1,1,1,1,0,0,0,0,1,0,0,0,2,0,0,tempete_cif.y4m,58.33,58.334,0.152578,0.005409,0.0,56
1,1,1,0,1,0,0,1,0,0,1,0,8,15,3,tempete_cif.y4m,38.28,38.236,0.148593,0.00538,0.0,148
1,0,1,0,1,0,0,0,0,1,0,1,2,5,0,tempete_cif.y4m,22.15,22.156,0.033615,0.00706,0.0,112
1,0,1,0,1,0,1,0,0,0,1,0,8,15,3,tempete_cif.y4m,31.76,31.786,0.085615,0.006674,0.0,300
1,0,1,0,1,0,0,0,0,1,1,0,4,15,0,tempete_cif.y4m,22.12,22.162,0.074632,0.007032,0.0,249
1,0,1,0,1,0,0,0,0,0,0,1,2,0,0,tempete_cif.y4m,22.09,22.084,0.054589,0.00706,0.0,20
1,1,1,1,0,0,1,1,0,1,0,1,1,5,0,tempete_cif.y4m,75.99,76.088,0.147377,0.005238,0.0,104
1,1,1,1,0,0,0,1,0,1,1,1,8,15,6,tempete_cif.y4m,84.45,84.37,0.174069,0.005383,0.0,131
1,0,1,1,0,0,0,0,0,0,0,0,2,0,3,tempete_cif.y4m,50.4,50.412,0.09094,0.007028,0.0,69
1,0,1,0,1,0,1,0,0,0,0,0,2,0,3,tempete_cif.y4m,31.71,31.708,0.083187,0.006674,0.0,220
1,1,1,1,0,0,1,1,0,1,1,1,8,15,6,tempete_cif.y4m,79.76,79.844,0.157892,0.005011,0.0,11
1,1,1,1,0,0,1,1,0,1,0,0,4,15,6,tempete_cif.y4m,79.76,79.782,0.145671,0.005011,0.0,258
1,0,1,0,1,0,1,0,0,0,0,0,2,15,3,tempete_cif.y4m,31.71,31.75,0.121037,0.006674,0.0,65
1,0,1,0,0,1,1,0,0,0,0,0,2,15,0,tempete_cif.y4m,58.89,58.86,0.181384,0.006704,0.0,160
1,0,1,0,0,1,1,0,0,0,0,0,8,0,0,tempete_cif.y4m,58.85,58.912,0.182401,0.006704,0.0,238
1,1,1,1,0,0,0,1,0,0,0,0,4,0,0,tempete_cif.y4m,79.02,78.986,0.167422,0.005378,0.0,57
1,1,1,0,1,0,0,1,0,1,0,1,2,0,0,tempete_cif.y4m,34.16,34.124,0.080498,0.005382,0.0,79
1,0,1,0,1,0,1,0,0,0,1,0,4,15,3,tempete_cif.y4m,31.77,31.766,0.088769,0.006674,0.0,224
1,1,1,0,1,0,0,1,0,1,0,0,2,0,3,tempete_cif.y4m,34.63,34.602,0.113004,0.005378,0.0,48
1,0,1,0,1,0,1,0,0,0,0,1,8,0,6,tempete_cif.y4m,31.77,31.762,0.077266,0.006678,0.0,173
1,1,1,1,0,0,1,1,0,0,1,1,1,0,0,tempete_cif.y4m,75.98,75.978,0.127554,0.005246,0.0,283
1,0,1,0,1,0,0,0,0,0,0,0,1,0,6,tempete_cif.y4m,22.19,22.21,0.04,0.007032,0.0,190
1,0,1,0,1,0,1,0,0,1,1,1,4,0,6,tempete_cif.y4m,31.68,31.684,0.098641,0.006674,0.0,259
1,0,1,1,0,0,0,0,0,0,0,1,1,15,3,tempete_cif.y4m,49.51,49.476,0.176579,0.006998,0.0,7
1,0,1,0,0,1,0,0,0,0,0,1,2,5,0,tempete_cif.y4m,44.39,44.444,0.185014,0.007373,0.0,73
1,1,1,1,0,0,1,1,0,0,0,0,2,0,6,tempete_cif.y4m,77.85,77.83,0.205426,0.005244,0.0,63
1,0,1,0,0,1,1,0,0,1,1,0,2,15,3,tempete_cif.y4m,58.75,58.788,0.173407,0.006704,0.0,284
1,0,1,1,0,0,1,0,0,1,0,1,8,15,6,tempete_cif.y4m,65.89,65.928,0.161462,0.006667,0.0,250
1,1,1,0,1,0,0,1,0,0,0,0,2,5,0,tempete_cif.y4m,34.28,34.302,0.106395,0.005378,0.0,209
1,0,1,0,1,0,1,0,0,0,0,1,4,5,3,tempete_cif.y4m,31.77,31.78,0.106066,0.006678,0.0,138
1,1,1,1,0,0,0,0,1,1,1,0,1,0,0,tempete_cif.y4m,58.39,58.48,0.277128,0.005409,0.0,135
1,1,1,1,0,0,1,1,0,1,1,0,4,5,3,tempete_cif.y4m,75.97,75.978,0.109864,0.005115,0.0,264
1,1,1,1,0,0,0,1,0,1,1,0,2,0,6,tempete_cif.y4m,78.8,78.848,0.156429,0.005378,0.0,215
1,0,1,0,0,1,0,0,0,0,1,1,4,5,3,tempete_cif.y4m,44.89,44.814,0.1753,0.007366,0.0,50
1,0,1,1,0,0,0,0,0,1,1,0,4,0,6,tempete_cif.y4m,50.42,50.414,0.096073,0.007028,0.0,98
1,1,1,1,0,0,0,1,0,1,1,0,1,15,0,tempete_cif.y4m,79.85,79.776,0.153395,0.005378,0.0,140
1,1,1,1,0,0,0,1,0,0,1,1,1,0,3,tempete_cif.y4m,77.92,78.008,0.211943,0.005381,0.0,113
1,0,1,0,1,0,1,0,0,1,1,0,1,0,6,tempete_cif.y4m,31.7,31.664,0.06229,0.006674,0.0,3
1,0,1,0,0,1,0,0,0,1,1,1,8,0,0,tempete_cif.y4m,44.71,44.686,0.148425,0.007366,0.0,149
1,0,1,1,0,0,0,0,0,0,1,1,8,5,6,tempete_cif.y4m,49.61,49.562,0.158335,0.007028,0.0,153
1,1,1,1,0,0,1,1,0,1,1,0,2,15,6,tempete_cif.y4m,80.04,79.972,0.217647,0.005011,0.0,133
1,0,1,1,0,0,0,0,0,0,0,0,1,0,3,tempete_cif.y4m,50.16,50.192,0.146526,0.007028,0.0,191
1,1,1,0,1,0,0,1,0,1,0,1,1,0,6,tempete_cif.y4m,34.57,34.558,0.082885,0.005382,0.0,100
1,0,1,1,0,0,1,0,0,0,1,0,4,0,3,tempete_cif.y4m,66.35,66.396,0.194756,0.006668,0.0,85
1,0,1,0,0,1,1,0,0,0,0,0,2,0,3,tempete_cif.y4m,58.95,58.94,0.209404,0.006704,0.0,88
1,0,1,0,1,0,1,0,0,1,1,0,4,15,6,tempete_cif.y4m,31.72,31.736,0.12661,0.006674,0.0,31
1,0,1,0,0,1,1,0,0,0,0,0,4,5,3,tempete_cif.y4m,58.78,58.8,0.066708,0.006704,0.0,134
1,1,1,0,1,0,1,1,0,1,1,1,8,0,3,tempete_cif.y4m,34.41,34.372,0.088148,0.005212,0.0,147
1,1,1,1,0,0,0,1,0,0,1,1,4,15,6,tempete_cif.y4m,84.26,84.238,0.132929,0.005383,0.0,275
1,0,1,0,0,1,1,0,0,0,1,0,4,15,3,tempete_cif.y4m,58.88,58.892,0.143422,0.006704,0.0,143
1,1,1,0,1,0,1,1,0,1,0,0,1,5,6,tempete_cif.y4m,33.76,33.832,0.147037,0.005041,0.0,8
1,1,1,1,0,0,1,1,0,0,1,1,4,5,3,tempete_cif.y4m,77.43,77.472,0.154661,0.005115,0.0,216
1,0,1,1,0,0,1,0,0,1,0,0,1,0,3,tempete_cif.y4m,66.3,66.308,0.090388,0.006668,0.0,214
1,0,1,0,0,1,0,0,0,0,0,0,1,5,0,tempete_cif.y4m,44.86,44.848,0.091488,0.007366,0.0,17
1,0,1,0,0,1,1,0,0,0,0,0,1,5,0,tempete_cif.y4m,59.13,59.052,0.165288,0.006704,0.0,206
1,0,1,0,1,0,0,0,0,1,1,1,8,15,0,tempete_cif.y4m,22.13,22.176,0.09685,0.007032,0.0,36
1,1,1,0,1,0,1,1,0,0,0,0,4,15,3,tempete_cif.y4m,34.88,34.882,0.128725,0.005083,0.0,6
1,0,1,1,0,0,1,0,0,0,0,1,1,0,6,tempete_cif.y4m,65.83,65.918,0.193184,0.006667,0.0,5
1,0,1,1,0,0,1,0,0,0,0,0,8,15,6,tempete_cif.y4m,66.31,66.344,0.11908,0.006668,0.0,164
1,0,1,0,0,1,0,0,0,1,0,0,8,0,6,tempete_cif.y4m,44.74,44.78,0.178885,0.007366,0.0,97
1,0,1,1,0,0,0,0,0,0,1,0,2,5,3,tempete_cif.y4m,50.49,50.498,0.043243,0.007028,0.0,236
1,1,1,0,1,0,1,1,0,0,0,0,8,5,0,tempete_cif.y4m,34.5,34.524,0.105736,0.005212,0.0,71
1,1,1,0,1,0,1,1,0,1,0,1,2,0,3,tempete_cif.y4m,33.62,33.64,0.046904,0.005251,0.0,295
1,0,1,1,0,0,1,0,0,1,1,0,8,5,3,tempete_cif.y4m,65.47,65.43,0.096177,0.006668,0.0,286
1,0,1,0,1,0,0,0,0,0,0,1,1,5,0,tempete_cif.y4m,22.07,22.082,0.081056,0.00706,0.0,34
1,0,1,0,1,0,1,0,0,1,1,1,1,5,3,tempete_cif.y4m,31.76,31.768,0.060581,0.006678,0.0,240
1,0,1,0,0,1,1,0,0,0,0,1,4,15,3,tempete_cif.y4m,57.7,57.746,0.103344,0.006699,0.0,18
1,0,1,0,1,0,0,0,0,0,1,0,8,0,6,tempete_cif.y4m,21.86,21.858,0.068337,0.007032,0.0,102
1,1,1,1,0,0,1,0,1,0,1,0,4,0,0,tempete_cif.y4m,55.86,55.812,0.131034,0.005136,0.0,51
1,1,1,1,0,0,1,1,0,0,0,1,4,15,6,tempete_cif.y4m,80.63,80.608,0.066858,0.005008,0.0,282
1,0,1,0,1,0,1,0,0,1,1,1,1,0,3,tempete_cif.y4m,31.25,31.262,0.057619,0.006678,0.0,77
1,0,1,1,0,0,1,0,0,0,1,0,2,0,3,tempete_cif.y4m,66.47,66.438,0.157067,0.006668,0.0,128
1,1,1,0,1,0,1,1,0,0,0,0,2,5,3,tempete_cif.y4m,34.09,34.07,0.069642,0.005104,0.0,234
1,0,1,1,0,0,0,0,0,0,1,1,1,0,0,tempete_cif.y4m,49.57,49.508,0.140784,0.006998,0.0,252
1,0,1,1,0,0,1,0,0,0,0,1,4,0,3,tempete_cif.y4m,66.15,66.026,0.245418,0.006667,0.0,28
1,0,1,0,0,1,1,0,0,1,1,1,8,15,3,tempete_cif.y4m,58.66,58.732,0.147885,0.006704,0.0,139
1,0,1,0,0,1,0,0,0,0,0,1,1,5,0,tempete_cif.y4m,44.48,44.51,0.186145,0.007373,0.0,158
1,1,1,0,1,0,1,1,0,1,0,1,8,5,3,tempete_cif.y4m,34.26,34.272,0.051672,0.005132,0.0,152
1,0,1,1,0,0,1,0,0,1,0,0,2,0,6,tempete_cif.y4m,66.27,66.378,0.219932,0.006668,0.0,12
1,1,1,0,1,0,0,1,0,0,0,1,4,15,3,tempete_cif.y4m,37.61,37.562,0.080436,0.005385,0.0,294
1,1,1,0,1,0,0,1,0,0,0,1,8,15,3,tempete_cif.y4m,37.55,37.536,0.069857,0.005385,0.0,154
1,1,1,1,0,0,0,1,0,1,0,0,2,15,6,tempete_cif.y4m,84.25,84.232,0.146014,0.005383,0.0,157
1,0,1,1,0,0,1,0,0,1,1,1,2,0,3,tempete_cif.y4m,66.47,66.45,0.142829,0.006668,0.0,150
1,1,1,0,1,0,1,1,0,0,1,0,8,0,6,tempete_cif.y4m,34.37,34.374,0.080808,0.005212,0.0,287
1,0,1,0,1,0,0,0,0,1,1,0,1,0,3,tempete_cif.y4m,22.16,22.172,0.068337,0.007032,0.0,297
1,0,1,0,0,1,0,0,0,1,1,0,8,15,0,tempete_cif.y4m,44.79,44.72,0.152971,0.007366,0.0,263
1,1,1,0,1,0,0,1,0,1,1,1,1,5,3,tempete_cif.y4m,36.17,36.138,0.101833,0.005384,0.0,255
1,0,1,1,0,0,0,0,0,1,1,0,8,15,3,tempete_cif.y4m,50.41,50.45,0.091378,0.007028,0.0,115
1,0,1,0,0,1,1,0,0,1,0,1,4,15,3,tempete_cif.y4m,58.68,58.678,0.124579,0.006699,0.0,188
1,0,1,0,0,1,1,0,0,0,0,1,8,0,6,tempete_cif.y4m,58.81,58.738,0.199299,0.006699,0.0,212
1,0,1,1,0,0,1,0,0,0,0,1,1,15,3,tempete_cif.y4m,66.08,66.03,0.277308,0.006667,0.0,195
1,0,1,0,1,0,0,0,0,0,1,1,2,15,0,tempete_cif.y4m,22.2,22.192,0.054955,0.007032,0.0,119
1,0,1,1,0,0,0,0,0,1,0,1,4,15,0,tempete_cif.y4m,50.14,50.206,0.159781,0.006998,0.0,58
1,0,1,0,1,0,1,0,0,1,0,1,4,0,6,tempete_cif.y4m,31.69,31.698,0.039623,0.006678,0.0,277
1,0,1,0,1,0,1,0,0,0,1,1,4,5,6,tempete_cif.y4m,31.86,31.82,0.086023,0.006674,0.0,64
1,1,1,0,1,0,1,1,0,1,0,0,2,0,0,tempete_cif.y4m,34.5,34.49,0.064031,0.005212,0.0,285
1,1,1,0,1,0,1,1,0,1,0,0,4,0,0,tempete_cif.y4m,33.9,33.89,0.114018,0.005212,0.0,290
1,0,1,1,0,0,0,0,0,1,0,1,8,5,6,tempete_cif.y4m,49.55,49.526,0.069498,0.006998,0.0,196
1,1,1,1,0,0,1,0,1,1,1,1,1,0,0,tempete_cif.y4m,56.55,56.518,0.184038,0.00515,0.0,93
1,0,1,1,0,0,1,0,0,0,1,1,4,5,6,tempete_cif.y4m,66.57,66.548,0.146697,0.006668,0.0,299
1,0,1,1,0,0,0,0,0,1,0,0,2,5,0,tempete_cif.y4m,50.46,50.454,0.121573,0.007028,0.0,125
1,1,1,0,1,0,0,1,0,1,0,1,2,15,6,tempete_cif.y4m,37.47,37.496,0.089889,0.005381,0.0,21
1,0,1,0,1,0,0,0,0,1,0,1,2,0,0,tempete_cif.y4m,22.01,22.036,0.07733,0.00706,0.0,225
1,0,1,0,1,0,0,0,0,1,0,0,2,5,0,waterfall_cif.y4m,21.8,21.864,0.151096,0.007028,0.0,114
1,1,1,1,0,0,0,0,1,0,0,1,1,0,0,waterfall_cif.y4m,67.31,67.358,0.138094,0.005402,0.0,281
1,1,1,1,0,0,0,1,0,1,1,0,2,5,0,waterfall_cif.y4m,75.88,75.492,1.02302,0.005249,0.0,49
1,0,1,0,0,1,1,0,0,0,0,0,2,15,6,waterfall_cif.y4m,64.01,64.388,0.623354,0.006608,0.0,194
1,0,1,1,0,0,0,0,0,0,0,0,2,0,6,waterfall_cif.y4m,59.98,59.964,0.060249,0.00703,0.0,62
1,1,1,0,1,0,0,1,0,1,1,1,1,15,3,waterfall_cif.y4m,30.05,30.602,0.91748,0.005227,0.0,91
1,0,1,0,0,1,1,0,0,0,0,0,4,0,6,waterfall_cif.y4m,59.51,59.544,0.124016,0.006608,0.0,107
1,0,1,1,0,0,1,0,0,0,0,1,4,5,3,waterfall_cif.y4m,72.51,72.504,0.183657,0.006453,0.0,181
1,0,1,0,1,0,1,0,0,0,0,0,4,5,0,waterfall_cif.y4m,33.67,33.682,0.052154,0.006533,0.0,247
1,0,1,1,0,0,0,0,0,1,1,0,4,5,3,waterfall_cif.y4m,55.87,55.91,0.090277,0.00703,0.0,166
1,0,1,0,0,1,0,0,0,0,1,1,4,0,0,waterfall_cif.y4m,48.91,48.524,0.585645,0.00734,0.0,25
1,1,1,0,1,0,0,1,0,0,0,1,8,0,6,waterfall_cif.y4m,27.71,27.722,0.054498,0.005276,0.0,203
1,1,1,1,0,0,1,1,0,1,1,1,4,5,6,waterfall_cif.y4m,84.74,85.85,1.600062,0.005391,0.0,219
1,0,1,0,0,1,0,0,0,0,0,0,4,15,0,waterfall_cif.y4m,48.97,48.92,0.155724,0.00734,0.0,162
1,0,1,1,0,0,1,0,0,0,1,0,4,15,6,waterfall_cif.y4m,67.36,68.134,1.180945,0.006434,0.0,182
1,0,1,0,0,1,0,0,0,1,1,0,1,15,6,waterfall_cif.y4m,49.18,48.722,0.692943,0.00734,0.0,10
1,1,1,1,0,0,1,1,0,1,1,1,2,15,0,waterfall_cif.y4m,84.67,84.874,0.603432,0.005624,0.0,14
1,1,1,1,0,0,0,1,0,0,0,1,1,0,6,waterfall_cif.y4m,82.3,82.222,0.153525,0.005275,0.0,89
1,1,1,1,0,0,0,1,0,1,1,1,1,5,0,waterfall_cif.y4m,79.62,79.128,1.107213,0.005275,0.0,116
1,0,1,1,0,0,0,0,0,0,1,1,4,15,3,waterfall_cif.y4m,56.29,56.368,0.177116,0.00703,0.0,217
1,1,1,0,1,0,0,1,0,0,1,0,1,0,0,waterfall_cif.y4m,28.1,28.086,0.055946,0.005269,0.0,75
1,1,1,0,1,0,0,1,0,1,1,1,2,15,6,waterfall_cif.y4m,30.0,29.9,0.29129,0.005219,0.0,266
1,0,1,1,0,0,1,0,0,0,1,1,4,15,3,waterfall_cif.y4m,69.15,68.446,1.018764,0.006434,0.0,268
1,0,1,0,1,0,1,0,0,1,1,1,4,15,3,waterfall_cif.y4m,32.15,32.144,0.065803,0.006533,0.0,187
1,0,1,0,0,1,1,0,0,0,1,0,8,15,3,waterfall_cif.y4m,59.58,59.616,0.086197,0.006608,0.0,161
1,0,1,0,1,0,1,0,0,0,1,0,2,0,6,waterfall_cif.y4m,31.5,31.494,0.071274,0.006533,0.0,23
1,1,1,1,0,0,0,1,0,1,1,0,2,5,6,waterfall_cif.y4m,76.54,76.676,0.300716,0.005256,0.0,2
1,1,1,1,0,0,1,0,1,1,0,1,2,0,0,waterfall_cif.y4m,70.58,70.58,0.181246,0.0055,0.0,16
1,0,1,1,0,0,0,0,0,1,1,1,8,15,0,waterfall_cif.y4m,55.85,55.822,0.093648,0.00703,0.0,262
1,1,1,1,0,0,0,1,0,1,1,0,4,5,0,waterfall_cif.y4m,74.3,75.206,1.624755,0.005249,0.0,66
1,0,1,1,0,0,0,0,0,1,0,0,2,0,0,waterfall_cif.y4m,57.4,56.78,0.983234,0.00703,0.0,86
1,0,1,0,1,0,1,0,0,0,1,0,2,5,6,waterfall_cif.y4m,31.5,31.504,0.090719,0.006533,0.0,231
1,0,1,0,1,0,0,0,0,0,0,0,4,5,0,waterfall_cif.y4m,21.85,21.868,0.049699,0.007028,0.0,269
1,1,1,0,1,0,1,1,0,0,1,0,1,5,0,waterfall_cif.y4m,31.7,31.724,0.052249,0.005602,0.0,180
1,0,1,0,0,1,0,0,0,0,1,0,4,5,6,waterfall_cif.y4m,51.24,51.27,0.122066,0.00734,0.0,274
1,1,1,1,0,0,0,1,0,1,1,0,2,15,6,waterfall_cif.y4m,80.27,80.234,0.137949,0.005253,0.0,184
1,0,1,0,0,1,1,0,0,0,0,1,4,5,0,waterfall_cif.y4m,59.45,59.402,0.109864,0.006601,0.0,118
1,1,1,1,0,0,0,1,0,0,0,0,1,0,6,waterfall_cif.y4m,73.43,73.508,0.218563,0.005249,0.0,254
1,0,1,1,0,0,1,0,0,0,1,1,4,5,0,waterfall_cif.y4m,67.47,67.692,0.576645,0.006434,0.0,208
1,0,1,0,0,1,1,0,0,1,1,0,4,5,6,waterfall_cif.y4m,59.6,59.63,0.116404,0.006608,0.0,279
1,1,1,1,0,0,0,1,0,0,1,1,4,15,3,waterfall_cif.y4m,79.43,79.398,0.202904,0.005216,0.0,229
1,0,1,0,0,1,1,0,0,1,1,1,1,0,0,waterfall_cif.y4m,61.13,60.57,1.024183,0.006601,0.0,46
1,0,1,0,0,1,0,0,0,1,1,1,4,5,6,waterfall_cif.y4m,47.94,48.376,1.097693,0.00734,0.0,171
1,1,1,1,0,0,0,1,0,0,1,0,2,5,0,waterfall_cif.y4m,74.23,75.34,2.032277,0.005249,0.0,99
1,0,1,0,0,1,0,0,0,0,0,0,8,0,0,waterfall_cif.y4m,48.72,48.388,0.539185,0.00734,0.0,81
1,1,1,1,0,0,1,1,0,1,0,1,8,5,0,waterfall_cif.y4m,87.99,88.032,0.197914,0.005608,0.0,155
1,0,1,0,1,0,0,0,0,1,0,1,1,15,6,waterfall_cif.y4m,22.18,22.024,0.318559,0.007002,0.0,96
1,1,1,1,0,0,0,1,0,1,1,1,8,0,0,waterfall_cif.y4m,75.49,75.068,1.026582,0.005249,0.0,218
1,1,1,1,0,0,1,1,0,1,1,0,8,0,6,waterfall_cif.y4m,84.02,83.688,0.515626,0.005624,0.0,53
1,1,1,0,1,0,1,0,1,0,0,0,2,0,0,waterfall_cif.y4m,28.99,28.994,0.051284,0.005462,0.0,109
1,0,1,0,1,0,0,0,0,0,1,0,4,5,6,waterfall_cif.y4m,21.89,21.946,0.158682,0.007028,0.0,185
1,1,1,1,0,0,0,1,0,0,1,1,2,0,0,waterfall_cif.y4m,74.89,75.484,2.222145,0.005249,0.0,239
1,0,1,1,0,0,0,0,0,0,0,1,2,0,0,waterfall_cif.y4m,55.69,55.61,0.167631,0.007014,0.0,276
1,0,1,1,0,0,1,0,0,0,0,1,4,0,6,waterfall_cif.y4m,67.87,67.888,0.103779,0.006453,0.0,257
1,0,1,0,0,1,0,0,0,1,1,0,1,5,0,waterfall_cif.y4m,48.0,48.004,0.111937,0.00734,0.0,42
1,1,1,0,1,0,1,1,0,0,0,0,2,15,3,waterfall_cif.y4m,32.38,32.414,0.073007,0.00538,0.0,204
1,0,1,1,0,0,1,0,0,1,0,1,2,15,6,waterfall_cif.y4m,69.46,68.79,1.178728,0.006453,0.0,145
1,0,1,0,1,0,0,0,0,0,0,0,2,0,3,waterfall_cif.y4m,21.83,21.852,0.060581,0.007028,0.0,246
1,1,1,1,0,0,0,1,0,0,1,1,8,0,0,waterfall_cif.y4m,78.49,78.514,0.066558,0.005249,0.0,202
1,1,1,0,1,0,0,1,0,1,0,0,2,5,3,waterfall_cif.y4m,29.26,29.134,0.266796,0.005214,0.0,70
1,0,1,0,1,0,0,0,0,0,1,0,1,5,3,waterfall_cif.y4m,21.92,21.918,0.072938,0.007028,0.0,230
1,0,1,0,1,0,1,0,0,0,0,0,4,15,6,waterfall_cif.y4m,32.15,32.164,0.076354,0.006533,0.0,267
1,1,1,1,0,0,1,1,0,0,0,1,8,5,3,waterfall_cif.y4m,83.28,83.294,0.140641,0.005455,0.0,146
1,0,1,0,1,0,1,0,0,0,0,1,2,15,0,waterfall_cif.y4m,32.06,32.062,0.075961,0.006529,0.0,27
1,0,1,0,1,0,1,0,0,0,1,1,8,0,3,waterfall_cif.y4m,31.45,31.654,0.4749,0.006533,0.0,137
1,1,1,1,0,0,0,1,0,0,1,1,2,15,0,waterfall_cif.y4m,75.86,75.364,1.579202,0.005249,0.0,189
1,1,1,0,1,0,1,1,0,1,0,0,4,15,0,waterfall_cif.y4m,32.39,32.288,0.344485,0.005602,0.0,132
1,1,1,1,0,0,0,0,1,1,0,1,8,0,0,waterfall_cif.y4m,72.84,73.048,0.715136,0.005402,0.0,169
1,0,1,0,0,1,0,0,0,0,0,0,1,5,6,waterfall_cif.y4m,47.93,47.968,0.099096,0.00734,0.0,33
1,0,1,1,0,0,0,0,0,0,1,1,8,15,0,waterfall_cif.y4m,55.77,55.85,0.141951,0.00703,0.0,205
1,0,1,1,0,0,0,0,0,1,0,1,2,0,0,waterfall_cif.y4m,55.52,55.524,0.092358,0.007014,0.0,245
1,1,1,0,1,0,1,1,0,0,1,1,1,15,0,waterfall_cif.y4m,32.03,32.042,0.055857,0.005636,0.0,298
1,0,1,1,0,0,1,0,0,1,1,0,2,5,6,waterfall_cif.y4m,69.27,68.468,1.214319,0.006434,0.0,163
1,1,1,1,0,0,0,1,0,0,0,0,1,5,0,waterfall_cif.y4m,73.87,74.814,1.397544,0.005249,0.0,123
1,0,1,0,0,1,1,0,0,1,0,0,4,15,0,waterfall_cif.y4m,59.73,60.258,0.87474,0.006608,0.0,4
1,0,1,0,0,1,1,0,0,1,1,0,8,5,6,waterfall_cif.y4m,61.2,61.146,1.473,0.006608,0.0,141
1,1,1,0,1,0,0,1,0,1,0,0,8,5,6,waterfall_cif.y4m,28.01,28.014,0.058566,0.00526,0.0,129
1,1,1,0,1,0,1,1,0,1,1,0,4,5,3,waterfall_cif.y4m,31.63,31.654,0.088487,0.005444,0.0,159
1,0,1,0,0,1,1,0,0,1,0,0,1,0,0,waterfall_cif.y4m,59.63,60.232,0.942454,0.006608,0.0,22
1,0,1,0,0,1,0,0,0,1,0,1,2,0,6,waterfall_cif.y4m,47.7,47.736,0.068411,0.007332,0.0,175
1,1,1,1,0,0,0,1,0,1,1,1,8,5,6,waterfall_cif.y4m,76.8,76.79,0.055678,0.005256,0.0,151
1,1,1,0,1,0,0,1,0,0,1,0,2,5,0,waterfall_cif.y4m,30.13,30.144,0.073007,0.00524,0.0,52
1,0,1,0,0,1,0,0,0,0,0,1,4,0,3,waterfall_cif.y4m,47.79,47.968,0.673736,0.007332,0.0,108
1,0,1,0,1,0,1,0,0,0,0,1,8,15,0,waterfall_cif.y4m,31.41,31.496,0.14188,0.006529,0.0,72
1,0,1,1,0,0,1,0,0,1,1,0,8,0,6,waterfall_cif.y4m,69.2,68.494,1.133922,0.006434,0.0,248
1,1,1,1,0,0,1,1,0,1,1,0,8,5,6,waterfall_cif.y4m,85.22,85.748,0.948562,0.005391,0.0,174
1,0,1,1,0,0,1,0,0,1,1,1,8,0,3,waterfall_cif.y4m,67.28,67.308,0.135351,0.006434,0.0,130
1,1,1,0,1,0,1,1,0,1,1,1,8,15,0,waterfall_cif.y4m,32.19,32.216,0.088204,0.005602,0.0,168
1,0,1,0,0,1,1,0,0,1,0,1,8,0,6,waterfall_cif.y4m,61.04,60.572,0.952507,0.006601,0.0,198
1,0,1,0,0,1,1,0,0,1,1,0,1,0,3,waterfall_cif.y4m,59.74,59.626,0.227002,0.006608,0.0,83
1,1,1,1,0,0,1,1,0,0,1,0,1,0,3,waterfall_cif.y4m,83.28,83.354,0.213143,0.005624,0.0,291
1,0,1,0,1,0,0,0,0,1,1,0,1,0,6,waterfall_cif.y4m,21.8,22.068,0.413727,0.007028,0.0,237
1,0,1,0,0,1,0,0,0,1,1,1,2,15,3,waterfall_cif.y4m,49.07,49.068,0.115412,0.00734,0.0,90
1,1,1,1,0,0,1,1,0,0,0,1,1,15,0,waterfall_cif.y4m,82.16,82.492,0.841944,0.005608,0.0,87
1,0,1,1,0,0,1,0,0,1,0,0,1,5,0,waterfall_cif.y4m,67.31,67.308,0.183358,0.006434,0.0,74
1,0,1,0,0,1,0,0,0,1,0,0,2,0,3,waterfall_cif.y4m,47.88,47.852,0.058052,0.00734,0.0,201
1,0,1,0,1,0,0,0,0,1,0,1,1,0,0,waterfall_cif.y4m,21.88,21.938,0.283672,0.007002,0.0,183
1,0,1,1,0,0,0,0,0,0,0,0,4,0,6,waterfall_cif.y4m,55.9,56.254,0.569675,0.00703,0.0,227
1,1,1,0,1,0,1,1,0,0,0,0,1,15,6,waterfall_cif.y4m,31.43,31.408,0.043243,0.0054,0.0,222
1,0,1,0,0,1,0,0,0,0,1,0,8,0,6,waterfall_cif.y4m,48.95,48.95,0.128647,0.00734,0.0,55
1,0,1,1,0,0,0,0,0,0,1,1,2,5,0,waterfall_cif.y4m,59.93,58.476,2.306833,0.00703,0.0,142
1,0,1,1,0,0,1,0,0,1,0,1,1,5,6,waterfall_cif.y4m,67.79,68.488,1.151681,0.006453,0.0,124
1,0,1,1,0,0,1,0,0,0,0,0,8,0,0,waterfall_cif.y4m,67.55,68.642,1.954564,0.006434,0.0,95
1,0,1,1,0,0,1,0,0,1,0,0,2,15,0,waterfall_cif.y4m,67.06,67.104,0.117813,0.006434,0.0,241
1,0,1,0,1,0,0,0,0,0,1,1,1,5,3,waterfall_cif.y4m,23.25,23.276,0.069857,0.007002,0.0,289
1,0,1,1,0,0,1,0,0,1,1,0,1,5,0,waterfall_cif.y4m,67.82,67.826,0.259769,0.006434,0.0,278
1,1,1,0,1,0,0,1,0,1,1,0,1,0,6,waterfall_cif.y4m,28.59,28.588,0.071204,0.005269,0.0,176
1,0,1,0,0,1,1,0,0,0,1,0,8,5,0,waterfall_cif.y4m,59.63,59.81,0.351639,0.006608,0.0,122
1,0,1,0,0,1,0,0,0,0,1,0,4,0,6,waterfall_cif.y4m,47.86,48.458,1.387919,0.00734,0.0,30
1,1,1,0,1,0,0,1,0,0,0,0,2,0,6,waterfall_cif.y4m,28.83,28.62,0.478121,0.005269,0.0,251
1,0,1,1,0,0,0,0,0,0,0,1,1,0,0,waterfall_cif.y4m,55.54,55.686,0.326925,0.007014,0.0,120
1,0,1,1,0,0,0,0,0,0,0,1,2,15,6,waterfall_cif.y4m,55.91,55.844,0.291599,0.007014,0.0,144
1,0,1,0,1,0,1,0,0,0,0,0,1,0,3,waterfall_cif.y4m,31.57,31.628,0.237108,0.006533,0.0,265
1,1,1,0,1,0,0,1,0,0,1,0,2,0,6,waterfall_cif.y4m,28.08,28.276,0.52281,0.005269,0.0,260
1,1,1,0,1,0,0,1,0,0,0,1,1,0,3,waterfall_cif.y4m,28.44,28.154,0.448308,0.005276,0.0,78
1,0,1,0,1,0,0,0,0,0,1,1,8,15,3,waterfall_cif.y4m,21.91,21.946,0.175585,0.007028,0.0,84
1,0,1,1,0,0,1,0,0,1,0,0,4,15,3,waterfall_cif.y4m,67.18,67.286,0.270148,0.006434,0.0,296
1,0,1,0,0,1,0,0,0,0,0,1,2,5,6,waterfall_cif.y4m,48.71,48.414,0.763629,0.007332,0.0,232
1,0,1,0,0,1,1,0,0,0,1,0,4,15,6,waterfall_cif.y4m,59.77,59.778,0.129499,0.006608,0.0,213
1,1,1,0,1,0,0,1,0,0,1,1,8,15,3,waterfall_cif.y4m,32.84,32.686,0.381811,0.005241,0.0,94
1,0,1,0,1,0,0,0,0,0,1,1,1,5,0,waterfall_cif.y4m,21.73,21.714,0.04219,0.007002,0.0,178
1,0,1,1,0,0,1,0,0,1,0,0,4,0,0,waterfall_cif.y4m,68.75,68.7,0.152643,0.006434,0.0,127
1,1,1,0,1,0,1,1,0,0,1,0,8,5,6,waterfall_cif.y4m,32.25,32.514,0.542245,0.005443,0.0,111
1,0,1,0,1,0,0,0,0,0,0,1,1,0,6,waterfall_cif.y4m,22.18,22.034,0.301214,0.007002,0.0,92
1,1,1,1,0,0,0,1,0,0,1,0,8,15,6,waterfall_cif.y4m,80.18,80.136,0.124218,0.005253,0.0,54
1,0,1,0,0,1,0,0,0,0,0,1,2,15,0,waterfall_cif.y4m,48.92,48.672,0.921043,0.007332,0.0,45
1,0,1,1,0,0,0,0,0,1,0,0,4,0,6,waterfall_cif.y4m,59.88,60.424,0.856697,0.00703,0.0,226
1,1,1,1,0,0,1,1,0,1,0,0,8,5,0,waterfall_cif.y4m,86.01,85.404,1.031397,0.005624,0.0,200
1,0,1,0,0,1,1,0,0,1,0,1,8,5,6,waterfall_cif.y4m,59.31,59.326,0.072319,0.006601,0.0,59
1,1,1,0,1,0,1,0,1,0,0,1,2,0,0,waterfall_cif.y4m,31.74,31.686,0.121778,0.005472,0.0,19
1,1,1,1,0,0,0,1,0,1,0,0,2,15,0,waterfall_cif.y4m,74.11,76.204,3.260779,0.005249,0.0,47
1,1,1,0,1,0,1,1,0,0,0,1,4,5,6,waterfall_cif.y4m,32.15,31.922,0.739845,0.005454,0.0,32
1,1,1,0,1,0,0,1,0,1,0,0,1,5,6,waterfall_cif.y4m,27.99,27.986,0.051284,0.00526,0.0,170
1,0,1,0,0,1,0,0,0,1,1,0,1,15,0,waterfall_cif.y4m,48.21,48.954,1.245203,0.00734,0.0,270
1,0,1,1,0,0,1,0,0,1,0,1,4,15,6,waterfall_cif.y4m,67.75,67.702,0.121737,0.006453,0.0,207
1,1,1,0,1,0,0,1,0,1,1,1,1,5,6,waterfall_cif.y4m,28.38,28.396,0.070922,0.005254,0.0,43
1,0,1,0,1,0,1,0,0,0,1,1,1,0,3,waterfall_cif.y4m,32.01,31.816,0.361428,0.006529,0.0,40
1,1,1,0,1,0,0,1,0,0,1,1,1,5,3,waterfall_cif.y4m,30.25,30.214,0.099398,0.005247,0.0,117
1,0,1,0,0,1,0,0,0,0,1,0,8,15,6,waterfall_cif.y4m,48.96,48.94,0.141421,0.00734,0.0,253
1,0,1,1,0,0,0,0,0,1,0,0,1,15,3,waterfall_cif.y4m,57.03,57.042,0.07328,0.00703,0.0,68
1,1,1,1,0,0,0,1,0,1,1,1,1,15,6,waterfall_cif.y4m,82.44,82.084,1.348492,0.005261,0.0,186
1,1,1,0,1,0,1,1,0,0,0,1,8,15,3,waterfall_cif.y4m,32.26,32.116,0.444725,0.005381,0.0,288
1,1,1,0,1,0,0,1,0,0,0,0,2,0,0,waterfall_cif.y4m,28.08,28.082,0.082583,0.005269,0.0,15
1,0,1,1,0,0,0,0,0,0,1,1,2,15,3,waterfall_cif.y4m,57.42,56.868,0.972533,0.00703,0.0,82
1,1,1,1,0,0,0,1,0,0,0,0,4,15,6,waterfall_cif.y4m,82.84,82.122,1.95363,0.005253,0.0,211
1,0,1,0,1,0,1,0,0,1,1,1,8,15,6,waterfall_cif.y4m,31.55,31.698,0.42915,0.006533,0.0,177
1,1,1,0,1,0,0,1,0,1,1,1,2,5,3,waterfall_cif.y4m,29.38,29.192,0.575039,0.005214,0.0,210
1,0,1,1,0,0,0,0,0,1,1,1,2,0,3,waterfall_cif.y4m,59.74,60.012,0.568656,0.00703,0.0,13
1,0,1,0,1,0,1,0,0,0,0,1,2,15,3,waterfall_cif.y4m,31.46,31.936,1.049204,0.006529,0.0,228
1,0,1,0,1,0,1,0,0,1,1,0,4,5,3,waterfall_cif.y4m,32.29,32.21,0.290259,0.006533,0.0,38
1,1,1,1,0,0,0,1,0,0,0,1,4,15,6,waterfall_cif.y4m,84.83,84.922,0.393535,0.005261,0.0,29
1,1,1,1,0,0,1,0,1,1,0,0,8,0,0,waterfall_cif.y4m,72.86,72.812,0.12478,0.005493,0.0,24
1,1,1,1,0,0,0,1,0,0,0,0,8,5,6,waterfall_cif.y4m,76.74,76.812,0.38291,0.005256,0.0,293
1,1,1,1,0,0,0,1,0,0,1,0,2,5,6,waterfall_cif.y4m,77.25,77.43,0.6614,0.005256,0.0,67
1,1,1,0,1,0,0,1,0,1,0,1,2,5,0,waterfall_cif.y4m,28.22,28.226,0.047749,0.005282,0.0,199
1,0,1,0,0,1,1,0,0,1,1,0,8,15,3,waterfall_cif.y4m,61.26,60.608,0.925186,0.006608,0.0,244
1,0,1,0,0,1,1,0,0,0,0,0,8,15,0,waterfall_cif.y4m,59.76,59.66,0.179583,0.006608,0.0,80
1,1,1,1,0,0,1,1,0,1,1,1,2,0,3,waterfall_cif.y4m,89.24,89.188,0.195627,0.005624,0.0,223
1,1,1,0,1,0,1,1,0,0,1,0,8,5,0,waterfall_cif.y4m,32.58,32.196,0.525814,0.005602,0.0,121
1,0,1,1,0,0,1,0,0,0,0,0,8,5,3,waterfall_cif.y4m,67.41,67.394,0.171552,0.006434,0.0,261
1,0,1,1,0,0,1,0,0,1,1,0,1,5,6,waterfall_cif.y4m,67.28,67.382,0.461216,0.006434,0.0,156
1,1,1,1,0,0,0,1,0,0,1,0,4,15,3,waterfall_cif.y4m,79.42,79.894,1.158223,0.005216,0.0,271
1,1,1,1,0,0,1,1,0,1,0,0,2,15,3,waterfall_cif.y4m,83.13,83.106,0.16562,0.005401,0.0,9
1,1,1,1,0,0,1,1,0,1,0,1,1,0,0,waterfall_cif.y4m,81.76,82.264,1.417932,0.005608,0.0,165
1,0,1,0,0,1,1,0,0,1,0,0,1,15,6,waterfall_cif.y4m,59.92,60.804,1.870061,0.006608,0.0,126
1,0,1,1,0,0,1,0,0,1,1,1,8,5,0,waterfall_cif.y4m,68.64,68.7,0.209643,0.006434,0.0,280
1,0,1,1,0,0,0,0,0,1,1,0,2,5,3,waterfall_cif.y4m,56.1,56.154,0.196672,0.00703,0.0,172
1,0,1,0,1,0,1,0,0,0,0,0,1,15,6,waterfall_cif.y4m,31.56,31.524,0.06269,0.006533,0.0,292
1,0,1,0,0,1,0,0,0,1,0,1,1,0,3,waterfall_cif.y4m,47.7,47.814,0.292113,0.007332,0.0,179
1,0,1,0,0,1,1,0,0,1,0,1,2,0,3,waterfall_cif.y4m,61.15,60.846,0.788372,0.006601,0.0,272
1,0,1,0,0,1,1,0,0,0,1,0,4,5,0,waterfall_cif.y4m,60.82,60.858,0.115845,0.006608,0.0,105
1,0,1,0,1,0,0,0,0,0,0,0,1,0,3,waterfall_cif.y4m,21.81,21.85,0.10025,0.007028,0.0,76
1,0,1,1,0,0,1,0,0,0,1,0,4,15,3,waterfall_cif.y4m,67.35,67.73,0.863742,0.006434,0.0,197
1,1,1,1,0,0,1,1,0,0,1,0,1,15,0,waterfall_cif.y4m,84.05,84.012,0.237318,0.005624,0.0,221
1,1,1,1,0,0,1,1,0,0,1,0,8,15,6,waterfall_cif.y4m,85.57,86.864,2.614408,0.005404,0.0,167
1,1,1,0,1,0,0,1,0,1,0,1,4,15,6,waterfall_cif.y4m,30.15,30.16,0.121861,0.00525,0.0,136
1,1,1,1,0,0,0,1,0,1,0,1,8,15,6,waterfall_cif.y4m,82.24,81.452,1.965228,0.005261,0.0,243
1,0,1,0,1,0,0,0,0,1,0,1,8,15,6,waterfall_cif.y4m,22.72,22.366,0.578386,0.007002,0.0,60
1,0,1,1,0,0,0,0,0,1,0,1,2,0,6,waterfall_cif.y4m,55.52,55.508,0.115195,0.007014,0.0,110
1,1,1,1,0,0,1,1,0,1,0,0,1,15,6,waterfall_cif.y4m,85.37,85.446,0.261209,0.005404,0.0,35
1,0,1,1,0,0,1,0,0,0,1,1,2,5,6,waterfall_cif.y4m,67.78,68.156,0.703868,0.006434,0.0,235
1,0,1,1,0,0,0,0,0,1,0,0,1,0,3,waterfall_cif.y4m,55.81,56.552,1.041355,0.00703,0.0,44
1,1,1,0,1,0,1,1,0,0,1,0,4,15,3,waterfall_cif.y4m,32.04,32.2,0.366333,0.00538,0.0,256
1,0,1,0,0,1,0,0,0,0,1,1,8,0,0,waterfall_cif.y4m,47.92,47.936,0.104785,0.00734,0.0,192
1,0,1,0,1,0,0,0,0,0,1,1,2,0,0,waterfall_cif.y4m,22.25,22.158,0.232099,0.007028,0.0,41
1,0,1,1,0,0,0,0,0,0,1,0,4,5,0,waterfall_cif.y4m,57.0,57.072,0.147547,0.00703,0.0,37
1,0,1,0,0,1,0,0,0,0,0,0,4,5,0,waterfall_cif.y4m,47.95,47.976,0.108995,0.00734,0.0,26
1,1,1,1,0,0,0,1,0,0,0,0,1,0,3,waterfall_cif.y4m,73.47,74.092,0.86647,0.005249,0.0,273
1,1,1,1,0,0,1,1,0,0,0,1,1,5,6,waterfall_cif.y4m,81.24,81.286,0.176579,0.005454,0.0,233
1,1,1,0,1,0,1,1,0,0,1,1,8,0,0,waterfall_cif.y4m,32.72,32.432,0.512123,0.005602,0.0,101
1,0,1,1,0,0,0,0,0,0,0,1,2,5,3,waterfall_cif.y4m,55.68,55.668,0.107564,0.007014,0.0,39
1,1,1,0,1,0,0,1,0,0,0,1,1,15,0,waterfall_cif.y4m,28.56,28.23,0.494368,0.005282,0.0,106
1,1,1,0,1,0,0,0,1,1,0,0,1,0,0,waterfall_cif.y4m,27.09,27.396,0.471678,0.005415,0.0,242
1,1,1,1,0,0,1,1,0,0,1,0,2,15,0,waterfall_cif.y4m,83.94,84.002,0.152545,0.005624,0.0,193
1,0,1,0,1,0,1,0,0,0,1,0,1,15,6,waterfall_cif.y4m,33.72,33.828,0.30045,0.006533,0.0,103
1,1,1,0,1,0,0,1,0,1,1,1,8,5,6,waterfall_cif.y4m,30.12,30.29,0.365992,0.00526,0.0,1
1,0,1,1,0,0,0,0,0,1,1,1,1,0,0,waterfall_cif.y4m,57.2,56.61,1.032158,0.007014,0.0,61
1,1,1,1,0,0,0,0,1,0,0,0,2,0,0,waterfall_cif.y4m,66.62,66.884,0.545921,0.005404,0.0,56
1,1,1,0,1,0,0,1,0,0,1,0,8,15,3,waterfall_cif.y4m,30.03,30.024,0.015166,0.005241,0.0,148
1,0,1,0,1,0,0,0,0,1,0,1,2,5,0,waterfall_cif.y4m,22.26,22.044,0.347318,0.007002,0.0,112
1,0,1,0,1,0,1,0,0,0,1,0,8,15,3,waterfall_cif.y4m,32.11,31.97,0.296985,0.006533,0.0,300
1,0,1,0,1,0,0,0,0,1,1,0,4,15,0,waterfall_cif.y4m,21.91,21.952,0.177961,0.007028,0.0,249
1,0,1,0,1,0,0,0,0,0,0,1,2,0,0,waterfall_cif.y4m,22.15,22.148,0.041473,0.007002,0.0,20
1,1,1,1,0,0,1,1,0,1,0,1,1,5,0,waterfall_cif.y4m,84.14,83.9,0.646336,0.005608,0.0,104
1,1,1,1,0,0,0,1,0,1,1,1,8,15,6,waterfall_cif.y4m,80.0,80.06,0.204573,0.005253,0.0,131
1,0,1,1,0,0,0,0,0,0,0,0,2,0,3,waterfall_cif.y4m,57.47,56.95,0.807991,0.00703,0.0,69
1,0,1,0,1,0,1,0,0,0,0,0,2,0,3,waterfall_cif.y4m,33.65,33.648,0.027749,0.006533,0.0,220
1,1,1,1,0,0,1,1,0,1,1,1,8,15,6,waterfall_cif.y4m,85.37,85.816,1.01515,0.005404,0.0,11
1,1,1,1,0,0,1,1,0,1,0,0,4,15,6,waterfall_cif.y4m,91.67,92.22,1.336974,0.005404,0.0,258
1,0,1,0,1,0,1,0,0,0,0,0,2,15,3,waterfall_cif.y4m,31.46,31.436,0.096073,0.006533,0.0,65
1,0,1,0,0,1,1,0,0,0,0,0,2,15,0,waterfall_cif.y4m,59.78,59.728,0.113446,0.006608,0.0,160
1,0,1,0,0,1,1,0,0,0,0,0,8,0,0,waterfall_cif.y4m,59.81,59.87,0.097724,0.006608,0.0,238
1,1,1,1,0,0,0,1,0,0,0,0,4,0,0,waterfall_cif.y4m,73.95,73.778,0.363758,0.005249,0.0,57
1,1,1,0,1,0,0,1,0,1,0,1,2,0,0,waterfall_cif.y4m,29.65,29.672,0.068702,0.005276,0.0,79
1,0,1,0,1,0,1,0,0,0,1,0,4,15,3,waterfall_cif.y4m,32.3,32.24,0.094074,0.006533,0.0,224
1,1,1,0,1,0,0,1,0,1,0,0,2,0,3,waterfall_cif.y4m,28.02,28.178,0.301364,0.005269,0.0,48
1,0,1,0,1,0,1,0,0,0,0,1,8,0,6,waterfall_cif.y4m,31.42,31.394,0.054589,0.006529,0.0,173
1,1,1,1,0,0,1,1,0,0,1,1,1,0,0,waterfall_cif.y4m,82.15,83.758,2.434773,0.005608,0.0,283
1,0,1,0,1,0,0,0,0,0,0,0,1,0,6,waterfall_cif.y4m,22.42,22.204,0.380565,0.007028,0.0,190
1,0,1,0,1,0,1,0,0,1,1,1,4,0,6,waterfall_cif.y4m,31.49,31.53,0.097211,0.006533,0.0,259
1,0,1,1,0,0,0,0,0,0,0,1,1,15,3,waterfall_cif.y4m,55.7,55.748,0.466176,0.007014,0.0,7
1,0,1,0,0,1,0,0,0,0,0,1,2,5,0,waterfall_cif.y4m,51.14,51.188,0.379302,0.007332,0.0,73
1,1,1,1,0,0,1,1,0,0,0,0,2,0,6,waterfall_cif.y4m,83.19,84.22,1.516377,0.005624,0.0,63
1,0,1,0,0,1,1,0,0,1,1,0,2,15,3,waterfall_cif.y4m,63.86,64.082,0.549063,0.006608,0.0,284
1,0,1,1,0,0,1,0,0,1,0,1,8,15,6,waterfall_cif.y4m,72.29,72.324,0.116748,0.006453,0.0,250
1,1,1,0,1,0,0,1,0,0,0,0,2,5,0,waterfall_cif.y4m,30.22,30.338,0.412638,0.00524,0.0,209
1,0,1,0,1,0,1,0,0,0,0,1,4,5,3,waterfall_cif.y4m,33.77,33.84,0.263344,0.006529,0.0,138
1,1,1,1,0,0,0,0,1,1,1,0,1,0,0,waterfall_cif.y4m,66.52,66.596,0.142408,0.005404,0.0,135
1,1,1,1,0,0,1,1,0,1,1,0,4,5,3,waterfall_cif.y4m,86.21,85.128,1.543315,0.005444,0.0,264
1,1,1,1,0,0,0,1,0,1,1,0,2,0,6,waterfall_cif.y4m,74.84,74.89,0.119164,0.005249,0.0,215
1,0,1,0,0,1,0,0,0,0,1,1,4,5,3,waterfall_cif.y4m,47.86,47.936,0.131643,0.00734,0.0,50
1,0,1,1,0,0,0,0,0,1,1,0,4,0,6,waterfall_cif.y4m,55.84,55.822,0.148391,0.00703,0.0,98
1,1,1,1,0,0,0,1,0,1,1,0,1,15,0,waterfall_cif.y4m,75.62,75.408,0.607882,0.005249,0.0,140
1,1,1,1,0,0,0,1,0,0,1,1,1,0,3,waterfall_cif.y4m,82.25,82.956,1.115787,0.005275,0.0,113
1,0,1,0,1,0,1,0,0,1,1,0,1,0,6,waterfall_cif.y4m,31.67,31.736,0.176011,0.006533,0.0,3
1,0,1,0,0,1,0,0,0,1,1,1,8,0,0,waterfall_cif.y4m,47.86,48.138,0.752808,0.00734,0.0,149
1,0,1,1,0,0,0,0,0,0,1,1,8,5,6,waterfall_cif.y4m,55.97,55.912,0.171231,0.00703,0.0,153
1,1,1,1,0,0,1,1,0,1,1,0,2,15,6,waterfall_cif.y4m,87.06,86.626,0.918657,0.005404,0.0,133
1,0,1,1,0,0,0,0,0,0,0,0,1,0,3,waterfall_cif.y4m,55.86,55.876,0.139212,0.00703,0.0,191
1,1,1,0,1,0,0,1,0,1,0,1,1,0,6,waterfall_cif.y4m,27.76,27.766,0.151592,0.005276,0.0,100
1,0,1,1,0,0,1,0,0,0,1,0,4,0,3,waterfall_cif.y4m,67.32,67.338,0.136821,0.006434,0.0,85
1,0,1,0,0,1,1,0,0,0,0,0,2,0,3,waterfall_cif.y4m,59.38,59.798,0.907893,0.006608,0.0,88
1,0,1,0,1,0,1,0,0,1,1,0,4,15,6,waterfall_cif.y4m,31.5,31.5,0.079687,0.006533,0.0,31
1,0,1,0,0,1,1,0,0,0,0,0,4,5,3,waterfall_cif.y4m,59.76,59.652,0.181576,0.006608,0.0,134
1,1,1,0,1,0,1,1,0,1,1,1,8,0,3,waterfall_cif.y4m,33.82,33.806,0.135204,0.005602,0.0,147
1,1,1,1,0,0,0,1,0,0,1,1,4,15,6,waterfall_cif.y4m,80.77,81.34,0.822162,0.005253,0.0,275
1,0,1,0,0,1,1,0,0,0,1,0,4,15,3,waterfall_cif.y4m,59.77,60.096,0.775874,0.006608,0.0,143
1,1,1,0,1,0,1,1,0,1,0,0,1,5,6,waterfall_cif.y4m,32.23,32.214,0.058992,0.005443,0.0,8
1,1,1,1,0,0,1,1,0,0,1,1,4,5,3,waterfall_cif.y4m,83.59,83.968,0.81103,0.005444,0.0,216
1,0,1,1,0,0,1,0,0,1,0,0,1,0,3,waterfall_cif.y4m,69.03,68.38,0.99975,0.006434,0.0,214
1,0,1,0,0,1,0,0,0,0,0,0,1,5,0,waterfall_cif.y4m,47.98,47.978,0.099599,0.00734,0.0,17
1,0,1,0,0,1,1,0,0,0,0,0,1,5,0,waterfall_cif.y4m,59.83,59.768,0.183085,0.006608,0.0,206
1,0,1,0,1,0,0,0,0,1,1,1,8,15,0,waterfall_cif.y4m,22.32,22.188,0.334544,0.007028,0.0,36
1,1,1,0,1,0,1,1,0,0,0,0,4,15,3,waterfall_cif.y4m,32.69,32.572,0.338999,0.00538,0.0,6
1,0,1,1,0,0,1,0,0,0,0,1,1,0,6,waterfall_cif.y4m,69.07,68.748,0.70931,0.006453,0.0,5
1,0,1,1,0,0,1,0,0,0,0,0,8,15,6,waterfall_cif.y4m,67.79,68.108,1.008821,0.006434,0.0,164
1,0,1,0,0,1,0,0,0,1,0,0,8,0,6,waterfall_cif.y4m,49.33,49.026,0.653705,0.00734,0.0,97
1,0,1,1,0,0,0,0,0,0,1,0,2,5,3,waterfall_cif.y4m,57.17,57.156,0.076026,0.00703,0.0,236
1,1,1,0,1,0,1,1,0,0,0,0,8,5,0,waterfall_cif.y4m,32.55,32.48,0.425617,0.005602,0.0,71
1,1,1,0,1,0,1,1,0,1,0,1,2,0,3,waterfall_cif.y4m,33.34,33.36,0.046368,0.005632,0.0,295
1,0,1,1,0,0,1,0,0,1,1,0,8,5,3,waterfall_cif.y4m,69.37,69.046,0.879619,0.006434,0.0,286
1,0,1,0,1,0,0,0,0,0,0,1,1,5,0,waterfall_cif.y4m,21.68,21.702,0.075961,0.007002,0.0,34
1,0,1,0,1,0,1,0,0,1,1,1,1,5,3,waterfall_cif.y4m,31.97,31.86,0.304138,0.006529,0.0,240
1,0,1,0,0,1,1,0,0,0,0,1,4,15,3,waterfall_cif.y4m,60.99,60.814,0.680316,0.006601,0.0,18
1,0,1,0,1,0,0,0,0,0,1,0,8,0,6,waterfall_cif.y4m,21.86,21.856,0.061074,0.007028,0.0,102
1,1,1,1,0,0,1,0,1,0,1,0,4,0,0,waterfall_cif.y4m,74.19,73.938,0.685106,0.005493,0.0,51
1,1,1,1,0,0,1,1,0,0,0,1,4,15,6,waterfall_cif.y4m,88.68,86.446,3.518484,0.005374,0.0,282
1,0,1,0,1,0,1,0,0,1,1,1,1,0,3,waterfall_cif.y4m,31.56,31.77,0.315198,0.006529,0.0,77
1,0,1,1,0,0,1,0,0,0,1,0,2,0,3,waterfall_cif.y4m,71.99,72.036,0.170822,0.006434,0.0,128
1,1,1,0,1,0,1,1,0,0,0,0,2,5,3,waterfall_cif.y4m,32.72,32.634,0.588541,0.005444,0.0,234
1,0,1,1,0,0,0,0,0,0,1,1,1,0,0,waterfall_cif.y4m,55.48,55.542,0.12112,0.007014,0.0,252
1,0,1,1,0,0,1,0,0,0,0,1,4,0,3,waterfall_cif.y4m,72.51,72.516,0.136492,0.006453,0.0,28
1,0,1,0,0,1,1,0,0,1,1,1,8,15,3,waterfall_cif.y4m,59.66,59.778,0.337668,0.006608,0.0,139
1,0,1,0,0,1,0,0,0,0,0,1,1,5,0,waterfall_cif.y4m,48.86,49.03,0.408718,0.007332,0.0,158
1,1,1,0,1,0,1,1,0,1,0,1,8,5,3,waterfall_cif.y4m,31.51,31.404,0.307782,0.005453,0.0,152
1,0,1,1,0,0,1,0,0,1,0,0,2,0,6,waterfall_cif.y4m,67.28,69.414,2.958949,0.006434,0.0,12
1,1,1,0,1,0,0,1,0,0,0,1,4,15,3,waterfall_cif.y4m,30.05,30.144,0.279696,0.005227,0.0,294
1,1,1,0,1,0,0,1,0,0,0,1,8,15,3,waterfall_cif.y4m,30.02,30.018,0.069065,0.005227,0.0,154
1,1,1,1,0,0,0,1,0,1,0,0,2,15,6,waterfall_cif.y4m,80.22,80.556,0.989662,0.005253,0.0,157
1,0,1,1,0,0,1,0,0,1,1,1,2,0,3,waterfall_cif.y4m,72.47,72.562,0.679389,0.006434,0.0,150
1,1,1,0,1,0,1,1,0,0,1,0,8,0,6,waterfall_cif.y4m,31.57,31.926,0.553426,0.005602,0.0,287
1,0,1,0,1,0,0,0,0,1,1,0,1,0,3,waterfall_cif.y4m,22.5,22.358,0.287785,0.007028,0.0,297
1,0,1,0,0,1,0,0,0,1,1,0,8,15,0,waterfall_cif.y4m,47.92,47.946,0.170529,0.00734,0.0,263
1,1,1,0,1,0,0,1,0,1,1,1,1,5,3,waterfall_cif.y4m,28.33,28.32,0.177059,0.005247,0.0,255
1,0,1,1,0,0,0,0,0,1,1,0,8,15,3,waterfall_cif.y4m,56.09,56.278,0.455324,0.00703,0.0,115
1,0,1,0,0,1,1,0,0,1,0,1,4,15,3,waterfall_cif.y4m,59.29,59.302,0.124378,0.006601,0.0,188
1,0,1,0,0,1,1,0,0,0,0,1,8,0,6,waterfall_cif.y4m,59.34,59.482,0.362864,0.006601,0.0,212
1,0,1,1,0,0,1,0,0,0,0,1,1,15,3,waterfall_cif.y4m,67.59,67.62,0.115542,0.006453,0.0,195
1,0,1,0,1,0,0,0,0,0,1,1,2,15,0,waterfall_cif.y4m,21.92,22.272,0.802072,0.007028,0.0,119
1,0,1,1,0,0,0,0,0,1,0,1,4,15,0,waterfall_cif.y4m,59.42,59.854,0.693455,0.007014,0.0,58
1,0,1,0,1,0,1,0,0,1,0,1,4,0,6,waterfall_cif.y4m,31.55,31.5,0.081548,0.006529,0.0,277
1,0,1,0,1,0,1,0,0,0,1,1,4,5,6,waterfall_cif.y4m,32.44,32.224,0.47374,0.006533,0.0,64
1,1,1,0,1,0,1,1,0,1,0,0,2,0,0,waterfall_cif.y4m,31.6,31.58,0.093005,0.005602,0.0,285
1,1,1,0,1,0,1,1,0,1,0,0,4,0,0,waterfall_cif.y4m,31.57,31.56,0.065192,0.005602,0.0,290
1,0,1,1,0,0,0,0,0,1,0,1,8,5,6,waterfall_cif.y4m,55.46,55.484,0.147071,0.007014,0.0,196
1,1,1,1,0,0,1,0,1,1,1,1,1,0,0,waterfall_cif.y4m,71.05,70.768,0.583155,0.0055,0.0,93
1,0,1,1,0,0,1,0,0,0,1,1,4,5,6,waterfall_cif.y4m,67.76,68.134,1.018592,0.006434,0.0,299
1,0,1,1,0,0,0,0,0,1,0,0,2,5,0,waterfall_cif.y4m,57.69,57.55,1.132762,0.00703,0.0,125
1,1,1,0,1,0,0,1,0,1,0,1,2,15,6,waterfall_cif.y4m,31.11,31.062,0.597512,0.00525,0.0,21
1,0,1,0,1,0,0,0,0,1,0,1,2,0,0,waterfall_cif.y4m,21.68,21.69,0.046904,0.007002,0.0,225
1,0,1,0,1,0,0,0,0,1,0,0,2,5,0,blue_sky_1080p25.y4m,170.94,171.444,1.517079,0.000538,0.0,114
1,1,1,1,0,0,0,0,1,0,0,1,1,0,0,blue_sky_1080p25.y4m,672.84,672.992,4.404528,0.000378,0.0,281
1,1,1,1,0,0,0,1,0,1,1,0,2,5,0,blue_sky_1080p25.y4m,609.17,610.316,2.285034,0.000476,0.0,49
1,0,1,0,0,1,1,0,0,0,0,0,2,15,6,blue_sky_1080p25.y4m,489.44,490.172,3.354321,0.000418,0.0,194
1,0,1,1,0,0,0,0,0,0,0,0,2,0,6,blue_sky_1080p25.y4m,508.9,506.994,3.411294,0.00054,0.0,62
1,1,1,0,1,0,0,1,0,1,1,1,1,15,3,blue_sky_1080p25.y4m,190.33,191.108,1.330834,0.000188,0.0,91
1,0,1,0,0,1,1,0,0,0,0,0,4,0,6,blue_sky_1080p25.y4m,488.68,491.582,4.516328,0.000418,0.0,107
1,0,1,1,0,0,1,0,0,0,0,1,4,5,3,blue_sky_1080p25.y4m,567.31,568.862,3.801772,0.000418,0.0,181
1,0,1,0,1,0,1,0,0,0,0,0,4,5,0,blue_sky_1080p25.y4m,213.48,214.93,2.402103,0.000418,0.0,247
1,0,1,1,0,0,0,0,0,1,1,0,4,5,3,blue_sky_1080p25.y4m,320.62,320.596,2.078252,0.000536,0.0,166
1,0,1,0,0,1,0,0,0,0,1,1,4,0,0,blue_sky_1080p25.y4m,260.01,259.87,1.061414,0.000722,0.0,25
1,1,1,0,1,0,0,1,0,0,0,1,8,0,6,blue_sky_1080p25.y4m,456.54,456.554,2.25694,0.000383,0.0,203
1,1,1,1,0,0,1,1,0,1,1,1,4,5,6,blue_sky_1080p25.y4m,810.46,810.222,2.154802,0.00052,0.0,219
1,0,1,0,0,1,0,0,0,0,0,0,4,15,0,blue_sky_1080p25.y4m,412.19,413.284,2.599169,0.000725,0.0,162
1,0,1,1,0,0,1,0,0,0,1,0,4,15,6,blue_sky_1080p25.y4m,359.52,359.814,1.063005,0.000418,0.0,182
1,0,1,0,0,1,0,0,0,1,1,0,1,15,6,blue_sky_1080p25.y4m,408.13,409.516,2.909275,0.000722,0.0,10
1,1,1,1,0,0,1,1,0,1,1,1,2,15,0,blue_sky_1080p25.y4m,756.65,757.778,1.632366,0.000523,0.0,14
1,1,1,1,0,0,0,1,0,0,0,1,1,0,6,blue_sky_1080p25.y4m,1105.13,1102.796,5.393397,0.000383,0.0,89
1,1,1,1,0,0,0,1,0,1,1,1,1,5,0,blue_sky_1080p25.y4m,939.51,937.298,5.348282,0.000475,0.0,116
1,0,1,1,0,0,0,0,0,0,1,1,4,15,3,blue_sky_1080p25.y4m,324.75,324.726,3.552229,0.000536,0.0,217
1,1,1,0,1,0,0,1,0,0,1,0,1,0,0,blue_sky_1080p25.y4m,433.7,433.044,1.032342,0.000385,0.0,75
1,1,1,0,1,0,0,1,0,1,1,1,2,15,6,blue_sky_1080p25.y4m,159.11,158.946,0.539287,0.000188,0.0,266
1,0,1,1,0,0,1,0,0,0,1,1,4,15,3,blue_sky_1080p25.y4m,359.25,359.784,1.197134,0.000418,0.0,268
1,0,1,0,1,0,1,0,0,1,1,1,4,15,3,blue_sky_1080p25.y4m,133.94,134.026,0.196291,0.000417,0.0,187
1,0,1,0,0,1,1,0,0,0,1,0,8,15,3,blue_sky_1080p25.y4m,305.47,304.626,2.125236,0.000418,0.0,161
1,0,1,0,1,0,1,0,0,0,1,0,2,0,6,blue_sky_1080p25.y4m,133.68,133.508,0.461162,0.000417,0.0,23
1,1,1,1,0,0,0,1,0,1,1,0,2,5,6,blue_sky_1080p25.y4m,612.03,612.792,1.848762,0.000447,0.0,2
1,1,1,1,0,0,1,0,1,1,0,1,2,0,0,blue_sky_1080p25.y4m,756.13,753.936,4.440656,0.000442,0.0,16
1,0,1,1,0,0,0,0,0,1,1,1,8,15,0,blue_sky_1080p25.y4m,322.06,321.748,1.366408,0.000536,0.0,262
1,1,1,1,0,0,0,1,0,1,1,0,4,5,0,blue_sky_1080p25.y4m,611.39,610.14,2.28321,0.000476,0.0,66
1,0,1,1,0,0,0,0,0,1,0,0,2,0,0,blue_sky_1080p25.y4m,507.91,509.786,3.636953,0.00054,0.0,86
1,0,1,0,1,0,1,0,0,0,1,0,2,5,6,blue_sky_1080p25.y4m,133.99,134.292,0.806889,0.000417,0.0,231
1,0,1,0,1,0,0,0,0,0,0,0,4,5,0,blue_sky_1080p25.y4m,173.52,172.854,1.23182,0.000538,0.0,269
1,1,1,0,1,0,1,1,0,0,1,0,1,5,0,blue_sky_1080p25.y4m,483.83,485.544,3.161689,0.000421,0.0,180
1,0,1,0,0,1,0,0,0,0,1,0,4,5,6,blue_sky_1080p25.y4m,261.75,262.358,3.162123,0.000722,0.0,274
1,1,1,1,0,0,0,1,0,1,1,0,2,15,6,blue_sky_1080p25.y4m,625.76,625.658,1.539519,0.000468,0.0,184
1,0,1,0,0,1,1,0,0,0,0,1,4,5,0,blue_sky_1080p25.y4m,480.7,481.532,3.336835,0.000419,0.0,118
1,1,1,1,0,0,0,1,0,0,0,0,1,0,6,blue_sky_1080p25.y4m,994.93,996.82,4.159868,0.000388,0.0,254
1,0,1,1,0,0,1,0,0,0,1,1,4,5,0,blue_sky_1080p25.y4m,359.07,359.498,1.900295,0.000418,0.0,208
1,0,1,0,0,1,1,0,0,1,1,0,4,5,6,blue_sky_1080p25.y4m,305.86,306.028,0.609401,0.000418,0.0,279
1,1,1,1,0,0,0,1,0,0,1,1,4,15,3,blue_sky_1080p25.y4m,702.84,701.984,1.561675,0.000388,0.0,229
1,0,1,0,0,1,1,0,0,1,1,1,1,0,0,blue_sky_1080p25.y4m,487.6,486.064,2.676683,0.000419,0.0,46
1,0,1,0,0,1,0,0,0,1,1,1,4,5,6,blue_sky_1080p25.y4m,259.41,259.532,1.032652,0.000722,0.0,171
1,1,1,1,0,0,0,1,0,0,1,0,2,5,0,blue_sky_1080p25.y4m,658.18,659.492,2.833279,0.000386,0.0,99
1,0,1,0,0,1,0,0,0,0,0,0,8,0,0,blue_sky_1080p25.y4m,411.84,410.138,2.918702,0.000725,0.0,81
1,1,1,1,0,0,1,1,0,1,0,1,8,5,0,blue_sky_1080p25.y4m,1226.99,1228.772,4.644736,0.000522,0.0,155
1,0,1,0,1,0,0,0,0,1,0,1,1,15,6,blue_sky_1080p25.y4m,173.49,172.958,1.165727,0.000536,0.0,96
1,1,1,1,0,0,0,1,0,1,1,1,8,0,0,blue_sky_1080p25.y4m,616.09,617.152,1.863067,0.000435,0.0,218
1,1,1,1,0,0,1,1,0,1,1,0,8,0,6,blue_sky_1080p25.y4m,761.8,762.054,2.500186,0.000439,0.0,53
1,1,1,0,1,0,1,0,1,0,0,0,2,0,0,blue_sky_1080p25.y4m,320.47,321.398,2.441571,0.000441,0.0,109
1,0,1,0,1,0,0,0,0,0,1,0,4,5,6,blue_sky_1080p25.y4m,109.4,109.07,0.70342,0.000536,0.0,185
1,1,1,1,0,0,0,1,0,0,1,1,2,0,0,blue_sky_1080p25.y4m,674.03,673.732,1.127706,0.000384,0.0,239
1,0,1,1,0,0,0,0,0,0,0,1,2,0,0,blue_sky_1080p25.y4m,516.64,514.168,4.034634,0.000537,0.0,276
1,0,1,1,0,0,1,0,0,0,0,1,4,0,6,blue_sky_1080p25.y4m,574.19,574.146,0.477577,0.000418,0.0,257
1,0,1,0,0,1,0,0,0,1,1,0,1,5,0,blue_sky_1080p25.y4m,409.5,410.176,2.61238,0.000722,0.0,42
1,1,1,0,1,0,1,1,0,0,0,0,2,15,3,blue_sky_1080p25.y4m,532.27,534.126,3.381668,0.000418,0.0,204
1,0,1,1,0,0,1,0,0,1,0,1,2,15,6,blue_sky_1080p25.y4m,574.37,573.258,3.200706,0.000418,0.0,145
1,0,1,0,1,0,0,0,0,0,0,0,2,0,3,blue_sky_1080p25.y4m,171.51,171.908,1.451937,0.000538,0.0,246
1,1,1,1,0,0,0,1,0,0,1,1,8,0,0,blue_sky_1080p25.y4m,673.63,674.38,2.483496,0.000384,0.0,202
1,1,1,0,1,0,0,1,0,1,0,0,2,5,3,blue_sky_1080p25.y4m,283.62,283.456,1.236661,0.000261,0.0,70
1,0,1,0,1,0,0,0,0,0,1,0,1,5,3,blue_sky_1080p25.y4m,172.93,172.474,1.332227,0.000536,0.0,230
1,0,1,0,1,0,1,0,0,0,0,0,4,15,6,blue_sky_1080p25.y4m,215.6,215.16,1.725674,0.000418,0.0,267
1,1,1,1,0,0,1,1,0,0,0,1,8,5,3,blue_sky_1080p25.y4m,1202.77,1199.248,6.407372,0.000439,0.0,146
1,0,1,0,1,0,1,0,0,0,0,1,2,15,0,blue_sky_1080p25.y4m,217.18,216.26,1.644217,0.000417,0.0,27
1,0,1,0,1,0,1,0,0,0,1,1,8,0,3,blue_sky_1080p25.y4m,132.93,133.234,0.907926,0.000417,0.0,137
1,1,1,1,0,0,0,1,0,0,1,1,2,15,0,blue_sky_1080p25.y4m,666.02,666.064,2.405043,0.000386,0.0,189
1,1,1,0,1,0,1,1,0,1,0,0,4,15,0,blue_sky_1080p25.y4m,491.8,492.61,2.48586,0.000526,0.0,132
1,1,1,1,0,0,0,0,1,1,0,1,8,0,0,blue_sky_1080p25.y4m,636.05,633.02,4.385111,0.000422,0.0,169
1,0,1,0,0,1,0,0,0,0,0,0,1,5,6,blue_sky_1080p25.y4m,411.84,413.486,2.79126,0.000725,0.0,33
1,0,1,1,0,0,0,0,0,0,1,1,8,15,0,blue_sky_1080p25.y4m,319.79,320.45,1.421689,0.000536,0.0,205
1,0,1,1,0,0,0,0,0,1,0,1,2,0,0,blue_sky_1080p25.y4m,517.18,515.272,2.938957,0.000537,0.0,245
1,1,1,0,1,0,1,1,0,0,1,1,1,15,0,blue_sky_1080p25.y4m,500.57,501.61,2.420981,0.000416,0.0,298
1,0,1,1,0,0,1,0,0,1,1,0,2,5,6,blue_sky_1080p25.y4m,355.29,355.76,1.840448,0.000418,0.0,163
1,1,1,1,0,0,0,1,0,0,0,0,1,5,0,blue_sky_1080p25.y4m,1121.6,1119.86,4.462068,0.000384,0.0,123
1,0,1,0,0,1,1,0,0,1,0,0,4,15,0,blue_sky_1080p25.y4m,489.44,490.306,2.707984,0.000418,0.0,4
1,0,1,0,0,1,1,0,0,1,1,0,8,5,6,blue_sky_1080p25.y4m,304.16,304.426,2.000182,0.000418,0.0,141
1,1,1,0,1,0,0,1,0,1,0,0,8,5,6,blue_sky_1080p25.y4m,279.07,280.238,1.69634,0.000262,0.0,129
1,1,1,0,1,0,1,1,0,1,1,0,4,5,3,blue_sky_1080p25.y4m,346.73,346.712,0.696398,0.000525,0.0,159
1,0,1,0,0,1,1,0,0,1,0,0,1,0,0,blue_sky_1080p25.y4m,489.22,490.546,2.917555,0.000418,0.0,22
1,0,1,0,0,1,0,0,0,1,0,1,2,0,6,blue_sky_1080p25.y4m,410.71,411.516,2.678989,0.000722,0.0,175
1,1,1,1,0,0,0,1,0,1,1,1,8,5,6,blue_sky_1080p25.y4m,614.25,614.712,2.655319,0.000447,0.0,151
1,1,1,0,1,0,0,1,0,0,1,0,2,5,0,blue_sky_1080p25.y4m,290.69,290.308,0.73795,0.000387,0.0,52
1,0,1,0,0,1,0,0,0,0,0,1,4,0,3,blue_sky_1080p25.y4m,405.85,407.08,2.372478,0.000722,0.0,108
1,0,1,0,1,0,1,0,0,0,0,1,8,15,0,blue_sky_1080p25.y4m,217.29,216.434,1.699053,0.000417,0.0,72
1,0,1,1,0,0,1,0,0,1,1,0,8,0,6,blue_sky_1080p25.y4m,363.65,362.55,2.42719,0.000418,0.0,248
1,1,1,1,0,0,1,1,0,1,1,0,8,5,6,blue_sky_1080p25.y4m,811.85,811.284,1.561627,0.00052,0.0,174
1,0,1,1,0,0,1,0,0,1,1,1,8,0,3,blue_sky_1080p25.y4m,360.44,360.612,0.626833,0.000418,0.0,130
1,1,1,0,1,0,1,1,0,1,1,1,8,15,0,blue_sky_1080p25.y4m,319.55,319.622,1.005868,0.000527,0.0,168
1,0,1,0,0,1,1,0,0,1,0,1,8,0,6,blue_sky_1080p25.y4m,480.39,481.11,3.745831,0.000419,0.0,198
1,0,1,0,0,1,1,0,0,1,1,0,1,0,3,blue_sky_1080p25.y4m,490.16,487.81,3.595657,0.000418,0.0,83
1,1,1,1,0,0,1,1,0,0,1,0,1,0,3,blue_sky_1080p25.y4m,1187.07,1188.036,4.321913,0.000426,0.0,291
1,0,1,0,1,0,0,0,0,1,1,0,1,0,6,blue_sky_1080p25.y4m,172.43,172.606,1.013622,0.000536,0.0,237
1,0,1,0,0,1,0,0,0,1,1,1,2,15,3,blue_sky_1080p25.y4m,259.13,259.362,1.213371,0.000722,0.0,90
1,1,1,1,0,0,1,1,0,0,0,1,1,15,0,blue_sky_1080p25.y4m,1214.48,1217.75,5.40982,0.000416,0.0,87
1,0,1,1,0,0,1,0,0,1,0,0,1,5,0,blue_sky_1080p25.y4m,571.88,574.262,3.51969,0.000417,0.0,74
1,0,1,0,0,1,0,0,0,1,0,0,2,0,3,blue_sky_1080p25.y4m,411.3,412.998,3.576356,0.000725,0.0,201
1,0,1,0,1,0,0,0,0,1,0,1,1,0,0,blue_sky_1080p25.y4m,173.23,173.108,1.015367,0.000536,0.0,183
1,0,1,1,0,0,0,0,0,0,0,0,4,0,6,blue_sky_1080p25.y4m,513.48,511.322,3.236305,0.00054,0.0,227
1,1,1,0,1,0,1,1,0,0,0,0,1,15,6,blue_sky_1080p25.y4m,543.04,543.986,2.492996,0.000422,0.0,222
1,0,1,0,0,1,0,0,0,0,1,0,8,0,6,blue_sky_1080p25.y4m,260.57,260.662,1.1774,0.000722,0.0,55
1,0,1,1,0,0,0,0,0,0,1,1,2,5,0,blue_sky_1080p25.y4m,316.73,317.39,1.50318,0.000536,0.0,142
1,0,1,1,0,0,1,0,0,1,0,1,1,5,6,blue_sky_1080p25.y4m,572.97,571.618,3.72095,0.000418,0.0,124
1,0,1,1,0,0,1,0,0,0,0,0,8,0,0,blue_sky_1080p25.y4m,570.85,573.328,4.373622,0.000417,0.0,95
1,0,1,1,0,0,1,0,0,1,0,0,2,15,0,blue_sky_1080p25.y4m,577.17,575.218,3.429267,0.000417,0.0,241
1,0,1,0,1,0,0,0,0,0,1,1,1,5,3,blue_sky_1080p25.y4m,169.19,169.18,0.364417,0.000535,0.0,289
1,0,1,1,0,0,1,0,0,1,1,0,1,5,0,blue_sky_1080p25.y4m,571.54,573.604,3.095389,0.000418,0.0,278
1,1,1,0,1,0,0,1,0,1,1,0,1,0,6,blue_sky_1080p25.y4m,160.95,160.666,0.753611,0.000188,0.0,176
1,0,1,0,0,1,1,0,0,0,1,0,8,5,0,blue_sky_1080p25.y4m,305.07,305.248,1.13255,0.000418,0.0,122
1,0,1,0,0,1,0,0,0,0,1,0,4,0,6,blue_sky_1080p25.y4m,259.67,259.986,1.022267,0.000722,0.0,30
1,1,1,0,1,0,0,1,0,0,0,0,2,0,6,blue_sky_1080p25.y4m,438.03,436.728,2.564687,0.000385,0.0,251
1,0,1,1,0,0,0,0,0,0,0,1,1,0,0,blue_sky_1080p25.y4m,511.02,513.514,4.076111,0.000537,0.0,120
1,0,1,1,0,0,0,0,0,0,0,1,2,15,6,blue_sky_1080p25.y4m,512.83,511.962,2.696066,0.000537,0.0,144
1,0,1,0,1,0,1,0,0,0,0,0,1,0,3,blue_sky_1080p25.y4m,215.62,215.466,1.343384,0.000418,0.0,265
1,1,1,0,1,0,0,1,0,0,1,0,2,0,6,blue_sky_1080p25.y4m,279.05,278.246,1.77221,0.000385,0.0,260
1,1,1,0,1,0,0,1,0,0,0,1,1,0,3,blue_sky_1080p25.y4m,455.36,457.624,3.23582,0.000383,0.0,78
1,0,1,0,1,0,0,0,0,0,1,1,8,15,3,blue_sky_1080p25.y4m,109.14,109.308,0.530726,0.000536,0.0,84
1,0,1,1,0,0,1,0,0,1,0,0,4,15,3,blue_sky_1080p25.y4m,564.75,566.162,3.381105,0.000417,0.0,296
1,0,1,0,0,1,0,0,0,0,0,1,2,5,6,blue_sky_1080p25.y4m,410.06,409.362,2.752884,0.000722,0.0,232
1,0,1,0,0,1,1,0,0,0,1,0,4,15,6,blue_sky_1080p25.y4m,301.71,301.26,1.448016,0.000418,0.0,213
1,1,1,0,1,0,0,1,0,0,1,1,8,15,3,blue_sky_1080p25.y4m,333.63,333.986,1.125113,0.000387,0.0,94
1,0,1,0,1,0,0,0,0,0,1,1,1,5,0,blue_sky_1080p25.y4m,171.3,171.032,1.543784,0.000535,0.0,178
1,0,1,1,0,0,1,0,0,1,0,0,4,0,0,blue_sky_1080p25.y4m,577.23,574.88,3.638599,0.000417,0.0,127
1,1,1,0,1,0,1,1,0,0,1,0,8,5,6,blue_sky_1080p25.y4m,351.29,351.362,0.637472,0.000418,0.0,111
1,0,1,0,1,0,0,0,0,0,0,1,1,0,6,blue_sky_1080p25.y4m,171.18,171.24,1.277341,0.000536,0.0,92
1,1,1,1,0,0,0,1,0,0,1,0,8,15,6,blue_sky_1080p25.y4m,705.18,705.274,2.16897,0.000388,0.0,54
1,0,1,0,0,1,0,0,0,0,0,1,2,15,0,blue_sky_1080p25.y4m,405.87,406.97,2.727242,0.000722,0.0,45
1,0,1,1,0,0,0,0,0,1,0,0,4,0,6,blue_sky_1080p25.y4m,513.23,511.354,3.928986,0.00054,0.0,226
1,1,1,1,0,0,1,1,0,1,0,0,8,5,0,blue_sky_1080p25.y4m,1263.6,1261.51,4.825811,0.000518,0.0,200
1,0,1,0,0,1,1,0,0,1,0,1,8,5,6,blue_sky_1080p25.y4m,480.16,481.642,2.447585,0.000419,0.0,59
1,1,1,0,1,0,1,0,1,0,0,1,2,0,0,blue_sky_1080p25.y4m,318.2,317.334,2.179135,0.000442,0.0,19
1,1,1,1,0,0,0,1,0,1,0,0,2,15,0,blue_sky_1080p25.y4m,1096.23,1097.958,4.92081,0.000427,0.0,47
1,1,1,0,1,0,1,1,0,0,0,1,4,5,6,blue_sky_1080p25.y4m,524.26,525.68,3.043,0.000416,0.0,32
1,1,1,0,1,0,0,1,0,1,0,0,1,5,6,blue_sky_1080p25.y4m,284.3,283.302,1.703311,0.000262,0.0,170
1,0,1,0,0,1,0,0,0,1,1,0,1,15,0,blue_sky_1080p25.y4m,408.75,410.444,3.680412,0.000722,0.0,270
1,0,1,1,0,0,1,0,0,1,0,1,4,15,6,blue_sky_1080p25.y4m,564.07,565.458,2.817334,0.000418,0.0,207
1,1,1,0,1,0,0,1,0,1,1,1,1,5,6,blue_sky_1080p25.y4m,200.35,200.854,1.31895,0.000194,0.0,43
1,0,1,0,1,0,1,0,0,0,1,1,1,0,3,blue_sky_1080p25.y4m,213.94,214.278,1.335148,0.000418,0.0,40
1,1,1,0,1,0,0,1,0,0,1,1,1,5,3,blue_sky_1080p25.y4m,478.84,478.674,0.681601,0.000387,0.0,117
1,0,1,0,0,1,0,0,0,0,1,0,8,15,6,blue_sky_1080p25.y4m,257.7,257.68,1.719084,0.000722,0.0,253
1,0,1,1,0,0,0,0,0,1,0,0,1,15,3,blue_sky_1080p25.y4m,513.14,513.33,1.38892,0.00054,0.0,68
1,1,1,1,0,0,0,1,0,1,1,1,1,15,6,blue_sky_1080p25.y4m,981.09,977.776,5.436146,0.000466,0.0,186
1,1,1,0,1,0,1,1,0,0,0,1,8,15,3,blue_sky_1080p25.y4m,521.83,520.208,3.286414,0.00043,0.0,288
1,1,1,0,1,0,0,1,0,0,0,0,2,0,0,blue_sky_1080p25.y4m,429.71,430.766,2.872817,0.000385,0.0,15
1,0,1,1,0,0,0,0,0,0,1,1,2,15,3,blue_sky_1080p25.y4m,322.48,322.024,1.249652,0.000536,0.0,82
1,1,1,1,0,0,0,1,0,0,0,0,4,15,6,blue_sky_1080p25.y4m,1107.82,1107.424,4.323602,0.000385,0.0,211
1,0,1,0,1,0,1,0,0,1,1,1,8,15,6,blue_sky_1080p25.y4m,133.25,133.084,0.629984,0.000417,0.0,177
1,1,1,0,1,0,0,1,0,1,1,1,2,5,3,blue_sky_1080p25.y4m,166.17,166.042,0.427282,0.000206,0.0,210
1,0,1,1,0,0,0,0,0,1,1,1,2,0,3,blue_sky_1080p25.y4m,321.46,321.854,1.674867,0.000536,0.0,13
1,0,1,0,1,0,1,0,0,0,0,1,2,15,3,blue_sky_1080p25.y4m,215.63,216.122,1.891711,0.000417,0.0,228
1,0,1,0,1,0,1,0,0,1,1,0,4,5,3,blue_sky_1080p25.y4m,134.13,134.098,0.345644,0.000417,0.0,38
1,1,1,1,0,0,0,1,0,0,0,1,4,15,6,blue_sky_1080p25.y4m,1086.12,1089.906,5.846164,0.000389,0.0,29
1,1,1,1,0,0,1,0,1,1,0,0,8,0,0,blue_sky_1080p25.y4m,784.33,781.226,5.783531,0.000441,0.0,24
1,1,1,1,0,0,0,1,0,0,0,0,8,5,6,blue_sky_1080p25.y4m,1090.65,1089.134,3.669916,0.000387,0.0,293
1,1,1,1,0,0,0,1,0,0,1,0,2,5,6,blue_sky_1080p25.y4m,682.4,682.276,2.157146,0.000387,0.0,67
1,1,1,0,1,0,0,1,0,1,0,1,2,5,0,blue_sky_1080p25.y4m,276.36,275.356,1.782983,0.000255,0.0,199
1,0,1,0,0,1,1,0,0,1,1,0,8,15,3,blue_sky_1080p25.y4m,305.58,305.288,2.050822,0.000418,0.0,244
1,0,1,0,0,1,1,0,0,0,0,0,8,15,0,blue_sky_1080p25.y4m,494.5,493.304,3.266118,0.000418,0.0,80
1,1,1,1,0,0,1,1,0,1,1,1,2,0,3,blue_sky_1080p25.y4m,755.33,755.068,2.451279,0.000439,0.0,223
1,1,1,0,1,0,1,1,0,0,1,0,8,5,0,blue_sky_1080p25.y4m,317.43,317.364,0.775229,0.000421,0.0,121
1,0,1,1,0,0,1,0,0,0,0,0,8,5,3,blue_sky_1080p25.y4m,576.71,574.862,4.223419,0.000417,0.0,261
1,0,1,1,0,0,1,0,0,1,1,0,1,5,6,blue_sky_1080p25.y4m,576.85,575.226,3.477863,0.000418,0.0,156
1,1,1,1,0,0,0,1,0,0,1,0,4,15,3,blue_sky_1080p25.y4m,694.75,694.966,2.170502,0.000388,0.0,271
1,1,1,1,0,0,1,1,0,1,0,0,2,15,3,blue_sky_1080p25.y4m,1252.71,1254.644,5.087954,0.000522,0.0,9
1,1,1,1,0,0,1,1,0,1,0,1,1,0,0,blue_sky_1080p25.y4m,1249.0,1245.316,6.172052,0.000426,0.0,165
1,0,1,0,0,1,1,0,0,1,0,0,1,15,6,blue_sky_1080p25.y4m,484.54,487.174,4.366071,0.000418,0.0,126
1,0,1,1,0,0,1,0,0,1,1,1,8,5,0,blue_sky_1080p25.y4m,360.17,360.314,1.574462,0.000418,0.0,280
1,0,1,1,0,0,0,0,0,1,1,0,2,5,3,blue_sky_1080p25.y4m,321.26,321.026,1.185888,0.000536,0.0,172
1,0,1,0,1,0,1,0,0,0,0,0,1,15,6,blue_sky_1080p25.y4m,213.27,213.85,1.585875,0.000418,0.0,292
1,0,1,0,0,1,0,0,0,1,0,1,1,0,3,blue_sky_1080p25.y4m,408.88,410.704,3.021106,0.000722,0.0,179
1,0,1,0,0,1,1,0,0,1,0,1,2,0,3,blue_sky_1080p25.y4m,480.27,480.514,3.470465,0.000419,0.0,272
1,0,1,0,0,1,1,0,0,0,1,0,4,5,0,blue_sky_1080p25.y4m,304.4,304.476,1.476662,0.000418,0.0,105
1,0,1,0,1,0,0,0,0,0,0,0,1,0,3,blue_sky_1080p25.y4m,173.61,172.768,1.346689,0.000538,0.0,76
1,0,1,1,0,0,1,0,0,0,1,0,4,15,3,blue_sky_1080p25.y4m,359.02,358.97,1.607249,0.000418,0.0,197
1,1,1,1,0,0,1,1,0,0,1,0,1,15,0,blue_sky_1080p25.y4m,1179.43,1182.26,5.680013,0.000423,0.0,221
1,1,1,1,0,0,1,1,0,0,1,0,8,15,6,blue_sky_1080p25.y4m,813.5,813.806,3.180626,0.000437,0.0,167
1,1,1,0,1,0,0,1,0,1,0,1,4,15,6,blue_sky_1080p25.y4m,192.88,193.076,1.06833,0.000188,0.0,136
1,1,1,1,0,0,0,1,0,1,0,1,8,15,6,blue_sky_1080p25.y4m,988.61,987.308,4.076533,0.000451,0.0,243
1,0,1,0,1,0,0,0,0,1,0,1,8,15,6,blue_sky_1080p25.y4m,170.62,171.776,1.844405,0.000536,0.0,60
1,0,1,1,0,0,0,0,0,1,0,1,2,0,6,blue_sky_1080p25.y4m,512.72,514.414,3.226923,0.000537,0.0,110
1,1,1,1,0,0,1,1,0,1,0,0,1,15,6,blue_sky_1080p25.y4m,1261.18,1263.366,4.804371,0.000521,0.0,35
1,0,1,1,0,0,1,0,0,0,1,1,2,5,6,blue_sky_1080p25.y4m,361.73,361.422,1.191625,0.000418,0.0,235
1,0,1,1,0,0,0,0,0,1,0,0,1,0,3,blue_sky_1080p25.y4m,507.77,509.416,3.458118,0.00054,0.0,44
1,1,1,0,1,0,1,1,0,0,1,0,4,15,3,blue_sky_1080p25.y4m,356.94,356.912,0.841231,0.00043,0.0,256
1,0,1,0,0,1,0,0,0,0,1,1,8,0,0,blue_sky_1080p25.y4m,259.69,260.166,1.155262,0.000722,0.0,192
1,0,1,0,1,0,0,0,0,0,1,1,2,0,0,blue_sky_1080p25.y4m,108.75,108.992,0.497916,0.000536,0.0,41
1,0,1,1,0,0,0,0,0,0,1,0,4,5,0,blue_sky_1080p25.y4m,320.94,321.098,0.930253,0.000536,0.0,37
1,0,1,0,0,1,0,0,0,0,0,0,4,5,0,blue_sky_1080p25.y4m,416.19,415.514,2.170963,0.000725,0.0,26
1,1,1,1,0,0,0,1,0,0,0,0,1,0,3,blue_sky_1080p25.y4m,999.49,998.262,4.986429,0.000388,0.0,273
1,1,1,1,0,0,1,1,0,0,0,1,1,5,6,blue_sky_1080p25.y4m,1196.53,1193.682,4.853547,0.000435,0.0,233
1,1,1,0,1,0,1,1,0,0,1,1,8,0,0,blue_sky_1080p25.y4m,329.34,329.466,0.467846,0.000418,0.0,101
1,0,1,1,0,0,0,0,0,0,0,1,2,5,3,blue_sky_1080p25.y4m,514.05,514.59,1.945006,0.000537,0.0,39
1,1,1,0,1,0,0,1,0,0,0,1,1,15,0,blue_sky_1080p25.y4m,486.53,487.482,2.42144,0.000383,0.0,106
1,1,1,0,1,0,0,0,1,1,0,0,1,0,0,blue_sky_1080p25.y4m,145.37,145.89,1.155379,0.000263,0.0,242
1,1,1,1,0,0,1,1,0,0,1,0,2,15,0,blue_sky_1080p25.y4m,740.59,742.492,3.81942,0.000423,0.0,193
1,0,1,0,1,0,1,0,0,0,1,0,1,15,6,blue_sky_1080p25.y4m,214.34,214.47,1.087106,0.000417,0.0,103
1,1,1,0,1,0,0,1,0,1,1,1,8,5,6,blue_sky_1080p25.y4m,211.95,212.028,0.731826,0.000256,0.0,1
1,0,1,1,0,0,0,0,0,1,1,1,1,0,0,blue_sky_1080p25.y4m,507.51,505.362,3.891879,0.000538,0.0,61
1,1,1,1,0,0,0,0,1,0,0,0,2,0,0,blue_sky_1080p25.y4m,682.81,684.178,3.910501,0.000379,0.0,56
1,1,1,0,1,0,0,1,0,0,1,0,8,15,3,blue_sky_1080p25.y4m,336.44,337.024,1.236297,0.000387,0.0,148
1,0,1,0,1,0,0,0,0,1,0,1,2,5,0,blue_sky_1080p25.y4m,171.19,171.968,1.337412,0.000536,0.0,112
1,0,1,0,1,0,1,0,0,0,1,0,8,15,3,blue_sky_1080p25.y4m,134.11,134.118,0.487104,0.000417,0.0,300
1,0,1,0,1,0,0,0,0,1,1,0,4,15,0,blue_sky_1080p25.y4m,109.12,109.178,0.33752,0.000536,0.0,249
1,0,1,0,1,0,0,0,0,0,0,1,2,0,0,blue_sky_1080p25.y4m,173.06,173.114,0.433451,0.000536,0.0,20
1,1,1,1,0,0,1,1,0,1,0,1,1,5,0,blue_sky_1080p25.y4m,1237.58,1233.642,5.809313,0.000522,0.0,104
1,1,1,1,0,0,0,1,0,1,1,1,8,15,6,blue_sky_1080p25.y4m,630.05,630.62,1.300865,0.000468,0.0,131
1,0,1,1,0,0,0,0,0,0,0,0,2,0,3,blue_sky_1080p25.y4m,512.9,511.246,3.340521,0.00054,0.0,69
1,0,1,0,1,0,1,0,0,0,0,0,2,0,3,blue_sky_1080p25.y4m,214.88,214.782,1.234026,0.000418,0.0,220
1,1,1,1,0,0,1,1,0,1,1,1,8,15,6,blue_sky_1080p25.y4m,823.75,822.628,2.801209,0.000449,0.0,11
1,1,1,1,0,0,1,1,0,1,0,0,4,15,6,blue_sky_1080p25.y4m,1261.36,1263.228,4.690679,0.000521,0.0,258
1,0,1,0,1,0,1,0,0,0,0,0,2,15,3,blue_sky_1080p25.y4m,214.06,214.014,1.022267,0.000418,0.0,65
1,0,1,0,0,1,1,0,0,0,0,0,2,15,0,blue_sky_1080p25.y4m,489.22,490.316,2.709747,0.000418,0.0,160
1,0,1,0,0,1,1,0,0,0,0,0,8,0,0,blue_sky_1080p25.y4m,489.19,490.112,2.26533,0.000418,0.0,238
1,1,1,1,0,0,0,1,0,0,0,0,4,0,0,blue_sky_1080p25.y4m,993.7,996.628,4.928486,0.000388,0.0,57
1,1,1,0,1,0,0,1,0,1,0,1,2,0,0,blue_sky_1080p25.y4m,250.97,250.258,1.603269,0.000255,0.0,79
1,0,1,0,1,0,1,0,0,0,1,0,4,15,3,blue_sky_1080p25.y4m,133.85,134.04,0.608605,0.000417,0.0,224
1,1,1,0,1,0,0,1,0,1,0,0,2,0,3,blue_sky_1080p25.y4m,162.74,163.03,0.801031,0.000188,0.0,48
1,0,1,0,1,0,1,0,0,0,0,1,8,0,6,blue_sky_1080p25.y4m,215.32,215.724,1.405144,0.000417,0.0,173
1,1,1,1,0,0,1,1,0,0,1,1,1,0,0,blue_sky_1080p25.y4m,1199.31,1201.696,5.722,0.000419,0.0,283
1,0,1,0,1,0,0,0,0,0,0,0,1,0,6,blue_sky_1080p25.y4m,172.71,172.364,1.607492,0.000538,0.0,190
1,0,1,0,1,0,1,0,0,1,1,1,4,0,6,blue_sky_1080p25.y4m,135.36,135.242,0.287785,0.000417,0.0,259
1,0,1,1,0,0,0,0,0,0,0,1,1,15,3,blue_sky_1080p25.y4m,510.28,511.954,2.919894,0.000537,0.0,7
1,0,1,0,0,1,0,0,0,0,0,1,2,5,0,blue_sky_1080p25.y4m,405.02,405.758,2.343495,0.000722,0.0,73
1,1,1,1,0,0,1,1,0,0,0,0,2,0,6,blue_sky_1080p25.y4m,1202.33,1200.742,3.998046,0.00041,0.0,63
1,0,1,0,0,1,1,0,0,1,1,0,2,15,3,blue_sky_1080p25.y4m,305.12,304.7,1.872872,0.000418,0.0,284
1,0,1,1,0,0,1,0,0,1,0,1,8,15,6,blue_sky_1080p25.y4m,566.98,567.228,0.968592,0.000418,0.0,250
1,1,1,0,1,0,0,1,0,0,0,0,2,5,0,blue_sky_1080p25.y4m,450.76,449.896,2.058684,0.000386,0.0,209
1,0,1,0,1,0,1,0,0,0,0,1,4,5,3,blue_sky_1080p25.y4m,214.89,215.254,1.398438,0.000417,0.0,138
1,1,1,1,0,0,0,0,1,1,1,0,1,0,0,blue_sky_1080p25.y4m,649.94,649.304,1.615342,0.000423,0.0,135
1,1,1,1,0,0,1,1,0,1,1,0,4,5,3,blue_sky_1080p25.y4m,779.39,779.446,1.284262,0.000533,0.0,264
1,1,1,1,0,0,0,1,0,1,1,0,2,0,6,blue_sky_1080p25.y4m,616.92,617.762,1.523949,0.000435,0.0,215
1,0,1,0,0,1,0,0,0,0,1,1,4,5,3,blue_sky_1080p25.y4m,259.63,259.226,1.130809,0.000722,0.0,50
1,0,1,1,0,0,0,0,0,1,1,0,4,0,6,blue_sky_1080p25.y4m,318.22,318.236,0.972718,0.000536,0.0,98
1,1,1,1,0,0,0,1,0,1,1,0,1,15,0,blue_sky_1080p25.y4m,953.43,951.264,4.885006,0.000476,0.0,140
1,1,1,1,0,0,0,1,0,0,1,1,1,0,3,blue_sky_1080p25.y4m,1005.87,1005.006,4.499781,0.000387,0.0,113
1,0,1,0,1,0,1,0,0,1,1,0,1,0,6,blue_sky_1080p25.y4m,212.67,213.406,1.30226,0.000417,0.0,3
1,0,1,0,0,1,0,0,0,1,1,1,8,0,0,blue_sky_1080p25.y4m,259.11,259.532,1.302927,0.000722,0.0,149
1,0,1,1,0,0,0,0,0,0,1,1,8,5,6,blue_sky_1080p25.y4m,320.89,321.66,1.808563,0.000536,0.0,153
1,1,1,1,0,0,1,1,0,1,1,0,2,15,6,blue_sky_1080p25.y4m,821.57,822.73,2.266925,0.000449,0.0,133
1,0,1,1,0,0,0,0,0,0,0,0,1,0,3,blue_sky_1080p25.y4m,508.96,508.598,0.687764,0.00054,0.0,191
1,1,1,0,1,0,0,1,0,1,0,1,1,0,6,blue_sky_1080p25.y4m,250.18,251.1,1.59659,0.000255,0.0,100
1,0,1,1,0,0,1,0,0,0,1,0,4,0,3,blue_sky_1080p25.y4m,365.8,365.374,1.336312,0.000418,0.0,85
1,0,1,0,0,1,1,0,0,0,0,0,2,0,3,blue_sky_1080p25.y4m,494.71,493.076,3.891238,0.000418,0.0,88
1,0,1,0,1,0,1,0,0,1,1,0,4,15,6,blue_sky_1080p25.y4m,134.05,134.44,0.945384,0.000417,0.0,31
1,0,1,0,0,1,1,0,0,0,0,0,4,5,3,blue_sky_1080p25.y4m,495.36,494.21,2.675266,0.000418,0.0,134
1,1,1,0,1,0,1,1,0,1,1,1,8,0,3,blue_sky_1080p25.y4m,342.97,342.6,1.051,0.000441,0.0,147
1,1,1,1,0,0,0,1,0,0,1,1,4,15,6,blue_sky_1080p25.y4m,705.59,706.036,3.318626,0.000388,0.0,275
1,0,1,0,0,1,1,0,0,0,1,0,4,15,3,blue_sky_1080p25.y4m,305.19,304.8,1.643198,0.000418,0.0,143
1,1,1,0,1,0,1,1,0,1,0,0,1,5,6,blue_sky_1080p25.y4m,535.56,533.834,3.621592,0.000517,0.0,8
1,1,1,1,0,0,1,1,0,0,1,1,4,5,3,blue_sky_1080p25.y4m,772.15,771.772,1.059302,0.00043,0.0,216
1,0,1,1,0,0,1,0,0,1,0,0,1,0,3,blue_sky_1080p25.y4m,571.1,572.106,3.03407,0.000417,0.0,214
1,0,1,0,0,1,0,0,0,0,0,0,1,5,0,blue_sky_1080p25.y4m,416.12,415.322,2.114952,0.000725,0.0,17
1,0,1,0,0,1,1,0,0,0,0,0,1,5,0,blue_sky_1080p25.y4m,495.83,494.532,2.883985,0.000418,0.0,206
1,0,1,0,1,0,0,0,0,1,1,1,8,15,0,blue_sky_1080p25.y4m,109.09,109.014,0.551933,0.000536,0.0,36
1,1,1,0,1,0,1,1,0,0,0,0,4,15,3,blue_sky_1080p25.y4m,532.33,533.232,2.644016,0.000418,0.0,6
1,0,1,1,0,0,1,0,0,0,0,1,1,0,6,blue_sky_1080p25.y4m,573.53,571.65,4.243142,0.000418,0.0,5
1,0,1,1,0,0,1,0,0,0,0,0,8,15,6,blue_sky_1080p25.y4m,577.07,575.29,3.701054,0.000417,0.0,164
1,0,1,0,0,1,0,0,0,1,0,0,8,0,6,blue_sky_1080p25.y4m,416.54,414.964,4.322075,0.000725,0.0,97
1,0,1,1,0,0,0,0,0,0,1,0,2,5,3,blue_sky_1080p25.y4m,322.65,324.026,2.194454,0.000536,0.0,236
1,1,1,0,1,0,1,1,0,0,0,0,8,5,0,blue_sky_1080p25.y4m,493.97,494.966,2.732953,0.000423,0.0,71
1,1,1,0,1,0,1,1,0,1,0,1,2,0,3,blue_sky_1080p25.y4m,539.61,541.262,3.074975,0.000429,0.0,295
1,0,1,1,0,0,1,0,0,1,1,0,8,5,3,blue_sky_1080p25.y4m,363.25,362.564,3.379087,0.000418,0.0,286
1,0,1,0,1,0,0,0,0,0,0,1,1,5,0,blue_sky_1080p25.y4m,172.64,172.604,1.24446,0.000536,0.0,34
1,0,1,0,1,0,1,0,0,1,1,1,1,5,3,blue_sky_1080p25.y4m,215.22,215.102,1.724245,0.000418,0.0,240
1,0,1,0,0,1,1,0,0,0,0,1,4,15,3,blue_sky_1080p25.y4m,483.63,482.466,3.699369,0.000419,0.0,18
1,0,1,0,1,0,0,0,0,0,1,0,8,0,6,blue_sky_1080p25.y4m,108.9,109.208,0.758103,0.000536,0.0,102
1,1,1,1,0,0,1,0,1,0,1,0,4,0,0,blue_sky_1080p25.y4m,477.81,477.876,2.123118,0.00044,0.0,51
1,1,1,1,0,0,1,1,0,0,0,1,4,15,6,blue_sky_1080p25.y4m,1227.03,1230.112,6.353253,0.000446,0.0,282
1,0,1,0,1,0,1,0,0,1,1,1,1,0,3,blue_sky_1080p25.y4m,216.01,214.908,1.844538,0.000418,0.0,77
1,0,1,1,0,0,1,0,0,0,1,0,2,0,3,blue_sky_1080p25.y4m,356.94,357.128,1.909469,0.000418,0.0,128
1,1,1,0,1,0,1,1,0,0,0,0,2,5,3,blue_sky_1080p25.y4m,535.85,537.916,3.184255,0.000415,0.0,234
1,0,1,1,0,0,0,0,0,0,1,1,1,0,0,blue_sky_1080p25.y4m,506.5,505.594,3.87453,0.000538,0.0,252
1,0,1,1,0,0,1,0,0,0,0,1,4,0,3,blue_sky_1080p25.y4m,561.96,563.514,3.359818,0.000418,0.0,28
1,0,1,0,0,1,1,0,0,1,1,1,8,15,3,blue_sky_1080p25.y4m,303.1,302.658,0.851657,0.000418,0.0,139
1,0,1,0,0,1,0,0,0,0,0,1,1,5,0,blue_sky_1080p25.y4m,409.05,411.176,3.29538,0.000722,0.0,158
1,1,1,0,1,0,1,1,0,1,0,1,8,5,3,blue_sky_1080p25.y4m,525.41,526.318,2.39622,0.000519,0.0,152
1,0,1,1,0,0,1,0,0,1,0,0,2,0,6,blue_sky_1080p25.y4m,577.59,574.976,3.886487,0.000417,0.0,12
1,1,1,0,1,0,0,1,0,0,0,1,4,15,3,blue_sky_1080p25.y4m,497.34,495.442,3.065986,0.000384,0.0,294
1,1,1,0,1,0,0,1,0,0,0,1,8,15,3,blue_sky_1080p25.y4m,496.92,495.34,3.084988,0.000384,0.0,154
1,1,1,1,0,0,0,1,0,1,0,0,2,15,6,blue_sky_1080p25.y4m,965.13,962.47,3.894336,0.000468,0.0,157
1,0,1,1,0,0,1,0,0,1,1,1,2,0,3,blue_sky_1080p25.y4m,354.96,355.964,1.851764,0.000418,0.0,150
1,1,1,0,1,0,1,1,0,0,1,0,8,0,6,blue_sky_1080p25.y4m,330.49,329.796,1.626801,0.000418,0.0,287
1,0,1,0,1,0,0,0,0,1,1,0,1,0,3,blue_sky_1080p25.y4m,169.98,170.328,1.549877,0.000536,0.0,297
1,0,1,0,0,1,0,0,0,1,1,0,8,15,0,blue_sky_1080p25.y4m,260.03,260.444,1.558085,0.000722,0.0,263
1,1,1,0,1,0,0,1,0,1,1,1,1,5,3,blue_sky_1080p25.y4m,185.62,185.128,0.881544,0.000188,0.0,255
1,0,1,1,0,0,0,0,0,1,1,0,8,15,3,blue_sky_1080p25.y4m,316.19,316.972,1.587174,0.000536,0.0,115
1,0,1,0,0,1,1,0,0,1,0,1,4,15,3,blue_sky_1080p25.y4m,479.36,479.858,3.064159,0.000419,0.0,188
1,0,1,0,0,1,1,0,0,0,0,1,8,0,6,blue_sky_1080p25.y4m,480.29,481.32,3.797407,0.000419,0.0,212
1,0,1,1,0,0,1,0,0,0,0,1,1,15,3,blue_sky_1080p25.y4m,568.45,569.8,2.940536,0.000418,0.0,195
1,0,1,0,1,0,0,0,0,0,1,1,2,15,0,blue_sky_1080p25.y4m,109.68,109.8,0.44872,0.000536,0.0,119
1,0,1,1,0,0,0,0,0,1,0,1,4,15,0,blue_sky_1080p25.y4m,518.25,515.328,4.251925,0.000537,0.0,58
1,0,1,0,1,0,1,0,0,1,0,1,4,0,6,blue_sky_1080p25.y4m,215.5,216.018,1.693774,0.000417,0.0,277
1,0,1,0,1,0,1,0,0,0,1,1,4,5,6,blue_sky_1080p25.y4m,134.46,134.316,0.276369,0.000417,0.0,64
1,1,1,0,1,0,1,1,0,1,0,0,2,0,0,blue_sky_1080p25.y4m,548.04,549.2,3.299174,0.000434,0.0,285
1,1,1,0,1,0,1,1,0,1,0,0,4,0,0,blue_sky_1080p25.y4m,551.93,550.3,3.273691,0.000434,0.0,290
1,0,1,1,0,0,0,0,0,1,0,1,8,5,6,blue_sky_1080p25.y4m,513.62,514.038,3.529337,0.000537,0.0,196
1,1,1,1,0,0,1,0,1,1,1,1,1,0,0,blue_sky_1080p25.y4m,744.51,741.338,5.249902,0.000437,0.0,93
1,0,1,1,0,0,1,0,0,0,1,1,4,5,6,blue_sky_1080p25.y4m,360.07,358.986,1.709804,0.000418,0.0,299
1,0,1,1,0,0,0,0,0,1,0,0,2,5,0,blue_sky_1080p25.y4m,513.72,512.756,2.651024,0.00054,0.0,125
1,1,1,0,1,0,0,1,0,1,0,1,2,15,6,blue_sky_1080p25.y4m,193.32,193.524,1.096645,0.000188,0.0,21
1,0,1,0,1,0,0,0,0,1,0,1,2,0,0,blue_sky_1080p25.y4m,171.6,171.608,1.033765,0.000536,0.0,225
1,0,1,0,1,0,0,0,0,1,0,0,2,5,0,old_town_cross_1080p50.y4m,100.02,100.32,0.70132,0.000113,0.0,114
1,1,1,1,0,0,0,0,1,0,0,1,1,0,0,old_town_cross_1080p50.y4m,561.55,558.946,3.72871,8.4e-05,0.0,281
1,1,1,1,0,0,0,1,0,1,1,0,2,5,0,old_town_cross_1080p50.y4m,343.47,343.13,0.735391,8.7e-05,0.0,49
1,0,1,0,0,1,1,0,0,0,0,0,2,15,6,old_town_cross_1080p50.y4m,600.03,602.868,4.114064,0.000116,0.0,194
1,0,1,1,0,0,0,0,0,0,0,0,2,0,6,old_town_cross_1080p50.y4m,629.48,632.074,3.908373,0.000113,0.0,62
1,1,1,0,1,0,0,1,0,1,1,1,1,15,3,old_town_cross_1080p50.y4m,170.24,169.776,1.026002,8.1e-05,0.0,91
1,0,1,0,0,1,1,0,0,0,0,0,4,0,6,old_town_cross_1080p50.y4m,607.14,606.276,2.771305,0.000116,0.0,107
1,0,1,1,0,0,1,0,0,0,0,1,4,5,3,old_town_cross_1080p50.y4m,704.35,705.606,3.059792,0.000116,0.0,181
1,0,1,0,1,0,1,0,0,0,0,0,4,5,0,old_town_cross_1080p50.y4m,120.9,120.786,0.483973,0.000116,0.0,247
1,0,1,1,0,0,0,0,0,1,1,0,4,5,3,old_town_cross_1080p50.y4m,326.63,326.308,1.684702,0.000112,0.0,166
1,0,1,0,0,1,0,0,0,0,1,1,4,0,0,old_town_cross_1080p50.y4m,261.84,261.818,0.65614,0.000139,0.0,25
1,1,1,0,1,0,0,1,0,0,0,1,8,0,6,old_town_cross_1080p50.y4m,132.04,132.234,0.662669,8.7e-05,0.0,203
1,1,1,1,0,0,1,1,0,1,1,1,4,5,6,old_town_cross_1080p50.y4m,365.53,365.534,0.285359,9.3e-05,0.0,219
1,0,1,0,0,1,0,0,0,0,0,0,4,15,0,old_town_cross_1080p50.y4m,516.23,513.936,3.835835,0.000135,0.0,162
1,0,1,1,0,0,1,0,0,0,1,0,4,15,6,old_town_cross_1080p50.y4m,359.82,360.232,1.155193,0.000114,0.0,182
1,0,1,0,0,1,0,0,0,1,1,0,1,15,6,old_town_cross_1080p50.y4m,502.55,504.138,3.002919,0.000139,0.0,10
1,1,1,1,0,0,1,1,0,1,1,1,2,15,0,old_town_cross_1080p50.y4m,357.02,357.536,1.619886,9e-05,0.0,14
1,1,1,1,0,0,0,1,0,0,0,1,1,0,6,old_town_cross_1080p50.y4m,597.85,595.708,3.391448,8.6e-05,0.0,89
1,1,1,1,0,0,0,1,0,1,1,1,1,5,0,old_town_cross_1080p50.y4m,609.0,610.25,3.43579,8.9e-05,0.0,116
1,0,1,1,0,0,0,0,0,0,1,1,4,15,3,old_town_cross_1080p50.y4m,326.62,326.614,0.92235,0.000112,0.0,217
1,1,1,0,1,0,0,1,0,0,1,0,1,0,0,old_town_cross_1080p50.y4m,131.35,131.668,0.706661,8.7e-05,0.0,75
1,1,1,0,1,0,0,1,0,1,1,1,2,15,6,old_town_cross_1080p50.y4m,120.92,121.052,0.281904,8e-05,0.0,266
1,0,1,1,0,0,1,0,0,0,1,1,4,15,3,old_town_cross_1080p50.y4m,367.23,367.314,2.199575,0.000114,0.0,268
1,0,1,0,1,0,1,0,0,1,1,1,4,15,3,old_town_cross_1080p50.y4m,65.78,65.806,0.236812,0.000116,0.0,187
1,0,1,0,0,1,1,0,0,0,1,0,8,15,3,old_town_cross_1080p50.y4m,311.42,311.788,1.721938,0.000118,0.0,161
1,0,1,0,1,0,1,0,0,0,1,0,2,0,6,old_town_cross_1080p50.y4m,65.18,65.1,0.47571,0.000116,0.0,23
1,1,1,1,0,0,0,1,0,1,1,0,2,5,6,old_town_cross_1080p50.y4m,346.37,346.536,0.713498,8.7e-05,0.0,2
1,1,1,1,0,0,1,0,1,1,0,1,2,0,0,old_town_cross_1080p50.y4m,648.0,648.962,3.137367,8.9e-05,0.0,16
1,0,1,1,0,0,0,0,0,1,1,1,8,15,0,old_town_cross_1080p50.y4m,329.09,328.436,1.436221,0.000112,0.0,262
1,1,1,1,0,0,0,1,0,1,1,0,4,5,0,old_town_cross_1080p50.y4m,340.96,340.542,0.902092,8.7e-05,0.0,66
1,0,1,1,0,0,0,0,0,1,0,0,2,0,0,old_town_cross_1080p50.y4m,623.28,625.074,2.918712,0.000113,0.0,86
1,0,1,0,1,0,1,0,0,0,1,0,2,5,6,old_town_cross_1080p50.y4m,65.57,65.558,0.289344,0.000116,0.0,231
1,0,1,0,1,0,0,0,0,0,0,0,4,5,0,old_town_cross_1080p50.y4m,101.58,101.374,0.657062,0.000113,0.0,269
1,1,1,0,1,0,1,1,0,0,1,0,1,5,0,old_town_cross_1080p50.y4m,138.41,138.686,0.620185,9.2e-05,0.0,180
1,0,1,0,0,1,0,0,0,0,1,0,4,5,6,old_town_cross_1080p50.y4m,261.14,262.044,1.609388,0.000139,0.0,274
1,1,1,1,0,0,0,1,0,1,1,0,2,15,6,old_town_cross_1080p50.y4m,371.2,371.104,0.939271,8.7e-05,0.0,184
1,0,1,0,0,1,1,0,0,0,0,1,4,5,0,old_town_cross_1080p50.y4m,598.39,599.798,3.320545,0.000116,0.0,118
1,1,1,1,0,0,0,1,0,0,0,0,1,0,6,old_town_cross_1080p50.y4m,604.21,602.496,3.357987,8.6e-05,0.0,254
1,0,1,1,0,0,1,0,0,0,1,1,4,5,0,old_town_cross_1080p50.y4m,362.35,362.304,1.885253,0.000114,0.0,208
1,0,1,0,0,1,1,0,0,1,1,0,4,5,6,old_town_cross_1080p50.y4m,311.22,311.828,1.388117,0.000118,0.0,279
1,1,1,1,0,0,0,1,0,0,1,1,4,15,3,old_town_cross_1080p50.y4m,370.58,370.678,1.667129,8.8e-05,0.0,229
1,0,1,0,0,1,1,0,0,1,1,1,1,0,0,old_town_cross_1080p50.y4m,595.78,598.23,3.789241,0.000115,0.0,46
1,0,1,0,0,1,0,0,0,1,1,1,4,5,6,old_town_cross_1080p50.y4m,262.03,262.06,0.8679,0.000139,0.0,171
1,1,1,1,0,0,0,1,0,0,1,0,2,5,0,old_town_cross_1080p50.y4m,339.73,339.916,1.113566,8.6e-05,0.0,99
1,0,1,0,0,1,0,0,0,0,0,0,8,0,0,old_town_cross_1080p50.y4m,510.48,512.026,3.801102,0.000135,0.0,81
1,1,1,1,0,0,1,1,0,1,0,1,8,5,0,old_town_cross_1080p50.y4m,666.51,668.476,4.098131,9e-05,0.0,155
1,0,1,0,1,0,0,0,0,1,0,1,1,15,6,old_town_cross_1080p50.y4m,99.46,99.664,0.650408,0.000111,0.0,96
1,1,1,1,0,0,0,1,0,1,1,1,8,0,0,old_town_cross_1080p50.y4m,331.0,330.49,1.069299,8.7e-05,0.0,218
1,1,1,1,0,0,1,1,0,1,1,0,8,0,6,old_town_cross_1080p50.y4m,359.55,359.624,0.596221,9e-05,0.0,53
1,1,1,0,1,0,1,0,1,0,0,0,2,0,0,old_town_cross_1080p50.y4m,134.59,135.158,0.890938,8.5e-05,0.0,109
1,0,1,0,1,0,0,0,0,0,1,0,4,5,6,old_town_cross_1080p50.y4m,55.35,55.536,0.349971,0.000111,0.0,185
1,1,1,1,0,0,0,1,0,0,1,1,2,0,0,old_town_cross_1080p50.y4m,326.77,327.334,1.27188,8.7e-05,0.0,239
1,0,1,1,0,0,0,0,0,0,0,1,2,0,0,old_town_cross_1080p50.y4m,635.15,634.086,2.901246,0.000112,0.0,276
1,0,1,1,0,0,1,0,0,0,0,1,4,0,6,old_town_cross_1080p50.y4m,708.36,706.346,3.742704,0.000116,0.0,257
1,0,1,0,0,1,0,0,0,1,1,0,1,5,0,old_town_cross_1080p50.y4m,506.6,504.794,3.072146,0.000139,0.0,42
1,1,1,0,1,0,1,1,0,0,0,0,2,15,3,old_town_cross_1080p50.y4m,174.81,175.064,0.721859,9.1e-05,0.0,204
1,0,1,1,0,0,1,0,0,1,0,1,2,15,6,old_town_cross_1080p50.y4m,708.01,705.684,4.132781,0.000116,0.0,145
1,0,1,0,1,0,0,0,0,0,0,0,2,0,3,old_town_cross_1080p50.y4m,100.39,100.398,0.091214,0.000113,0.0,246
1,1,1,1,0,0,0,1,0,0,1,1,8,0,0,old_town_cross_1080p50.y4m,326.13,326.548,1.553374,8.7e-05,0.0,202
1,1,1,0,1,0,0,1,0,1,0,0,2,5,3,old_town_cross_1080p50.y4m,143.5,143.202,0.704961,8e-05,0.0,70
1,0,1,0,1,0,0,0,0,0,1,0,1,5,3,old_town_cross_1080p50.y4m,100.64,100.212,0.750447,0.000111,0.0,230
1,0,1,0,1,0,1,0,0,0,0,0,4,15,6,old_town_cross_1080p50.y4m,119.54,119.936,0.736295,0.000116,0.0,267
1,1,1,1,0,0,1,1,0,0,0,1,8,5,3,old_town_cross_1080p50.y4m,673.6,671.014,3.731425,9e-05,0.0,146
1,0,1,0,1,0,1,0,0,0,0,1,2,15,0,old_town_cross_1080p50.y4m,118.05,117.508,0.867191,0.000117,0.0,27
1,0,1,0,1,0,1,0,0,0,1,1,8,0,3,old_town_cross_1080p50.y4m,66.01,65.88,0.346771,0.000116,0.0,137
1,1,1,1,0,0,0,1,0,0,1,1,2,15,0,old_town_cross_1080p50.y4m,338.33,338.748,1.651944,8.6e-05,0.0,189
1,1,1,0,1,0,1,1,0,1,0,0,4,15,0,old_town_cross_1080p50.y4m,140.58,140.444,0.630896,9.1e-05,0.0,132
1,1,1,1,0,0,0,0,1,1,0,1,8,0,0,old_town_cross_1080p50.y4m,559.91,558.616,2.948225,8.4e-05,0.0,169
1,0,1,0,0,1,0,0,0,0,0,0,1,5,6,old_town_cross_1080p50.y4m,509.6,511.672,3.217821,0.000135,0.0,33
1,0,1,1,0,0,0,0,0,0,1,1,8,15,0,old_town_cross_1080p50.y4m,323.89,323.474,1.436708,0.000112,0.0,205
1,0,1,1,0,0,0,0,0,1,0,1,2,0,0,old_town_cross_1080p50.y4m,629.55,631.598,3.768026,0.000112,0.0,245
1,1,1,0,1,0,1,1,0,0,1,1,1,15,0,old_town_cross_1080p50.y4m,134.63,135.324,1.040303,9.2e-05,0.0,298
1,0,1,1,0,0,1,0,0,1,1,0,2,5,6,old_town_cross_1080p50.y4m,361.04,361.624,2.21746,0.000114,0.0,163
1,1,1,1,0,0,0,1,0,0,0,0,1,5,0,old_town_cross_1080p50.y4m,620.59,621.638,3.795908,8.6e-05,0.0,123
1,0,1,0,0,1,1,0,0,1,0,0,4,15,0,old_town_cross_1080p50.y4m,604.68,603.448,3.506376,0.000116,0.0,4
1,0,1,0,0,1,1,0,0,1,1,0,8,5,6,old_town_cross_1080p50.y4m,312.59,311.788,2.411197,0.000118,0.0,141
1,1,1,0,1,0,0,1,0,1,0,0,8,5,6,old_town_cross_1080p50.y4m,142.31,142.912,0.891443,8e-05,0.0,129
1,1,1,0,1,0,1,1,0,1,1,0,4,5,3,old_town_cross_1080p50.y4m,97.68,97.508,0.304828,9.3e-05,0.0,159
1,0,1,0,0,1,1,0,0,1,0,0,1,0,0,old_town_cross_1080p50.y4m,601.75,603.458,3.979519,0.000116,0.0,22
1,0,1,0,0,1,0,0,0,1,0,1,2,0,6,old_town_cross_1080p50.y4m,516.59,514.124,3.57765,0.000135,0.0,175
1,1,1,1,0,0,0,1,0,1,1,1,8,5,6,old_town_cross_1080p50.y4m,342.57,343.016,1.827096,8.7e-05,0.0,151
1,1,1,0,1,0,0,1,0,0,1,0,2,5,0,old_town_cross_1080p50.y4m,83.02,83.076,0.431138,8.7e-05,0.0,52
1,0,1,0,0,1,0,0,0,0,0,1,4,0,3,old_town_cross_1080p50.y4m,516.32,514.21,3.47852,0.000135,0.0,108
1,0,1,0,1,0,1,0,0,0,0,1,8,15,0,old_town_cross_1080p50.y4m,117.38,117.636,0.739649,0.000117,0.0,72
1,0,1,1,0,0,1,0,0,1,1,0,8,0,6,old_town_cross_1080p50.y4m,359.43,359.934,1.828587,0.000114,0.0,248
1,1,1,1,0,0,1,1,0,1,1,0,8,5,6,old_town_cross_1080p50.y4m,369.76,369.664,1.412898,9.3e-05,0.0,174
1,0,1,1,0,0,1,0,0,1,1,1,8,0,3,old_town_cross_1080p50.y4m,358.65,359.492,2.486729,0.000114,0.0,130
1,1,1,0,1,0,1,1,0,1,1,1,8,15,0,old_town_cross_1080p50.y4m,85.52,85.564,0.224789,9.2e-05,0.0,168
1,0,1,0,0,1,1,0,0,1,0,1,8,0,6,old_town_cross_1080p50.y4m,598.33,599.856,3.520224,0.000116,0.0,198
1,0,1,0,0,1,1,0,0,1,1,0,1,0,3,old_town_cross_1080p50.y4m,599.57,597.634,3.69251,0.000118,0.0,83
1,1,1,1,0,0,1,1,0,0,1,0,1,0,3,old_town_cross_1080p50.y4m,665.9,665.956,0.412771,9e-05,0.0,291
1,0,1,0,1,0,0,0,0,1,1,0,1,0,6,old_town_cross_1080p50.y4m,100.69,100.304,0.731355,0.000111,0.0,237
1,0,1,0,0,1,0,0,0,1,1,1,2,15,3,old_town_cross_1080p50.y4m,263.85,263.27,2.192635,0.000139,0.0,90
1,1,1,1,0,0,1,1,0,0,0,1,1,15,0,old_town_cross_1080p50.y4m,671.19,670.706,3.513101,9e-05,0.0,87
1,0,1,1,0,0,1,0,0,1,0,0,1,5,0,old_town_cross_1080p50.y4m,701.63,701.346,0.768947,0.000118,0.0,74
1,0,1,0,0,1,0,0,0,1,0,0,2,0,3,old_town_cross_1080p50.y4m,509.72,511.818,3.521955,0.000135,0.0,201
1,0,1,0,1,0,0,0,0,1,0,1,1,0,0,old_town_cross_1080p50.y4m,100.27,99.87,0.846552,0.000111,0.0,183
1,0,1,1,0,0,0,0,0,0,0,0,4,0,6,old_town_cross_1080p50.y4m,628.56,631.35,4.172098,0.000113,0.0,227
1,1,1,0,1,0,1,1,0,0,0,0,1,15,6,old_town_cross_1080p50.y4m,175.45,175.02,0.885127,9.2e-05,0.0,222
1,0,1,0,0,1,0,0,0,0,1,0,8,0,6,old_town_cross_1080p50.y4m,263.63,263.588,2.260082,0.000139,0.0,55
1,0,1,1,0,0,0,0,0,0,1,1,2,5,0,old_town_cross_1080p50.y4m,328.8,328.356,0.848015,0.000112,0.0,142
1,0,1,1,0,0,1,0,0,1,0,1,1,5,6,old_town_cross_1080p50.y4m,703.05,704.622,3.877689,0.000116,0.0,124
1,0,1,1,0,0,1,0,0,0,0,0,8,0,0,old_town_cross_1080p50.y4m,710.95,711.676,3.504523,0.000118,0.0,95
1,0,1,1,0,0,1,0,0,1,0,0,2,15,0,old_town_cross_1080p50.y4m,708.4,706.232,3.845851,0.000118,0.0,241
1,0,1,0,1,0,0,0,0,0,1,1,1,5,3,old_town_cross_1080p50.y4m,98.87,99.236,0.675596,0.000109,0.0,289
1,0,1,1,0,0,1,0,0,1,1,0,1,5,0,old_town_cross_1080p50.y4m,694.94,695.742,2.603924,0.000114,0.0,278
1,1,1,0,1,0,0,1,0,1,1,0,1,0,6,old_town_cross_1080p50.y4m,127.6,127.888,0.650823,8e-05,0.0,176
1,0,1,0,0,1,1,0,0,0,1,0,8,5,0,old_town_cross_1080p50.y4m,311.98,312.28,1.449983,0.000118,0.0,122
1,0,1,0,0,1,0,0,0,0,1,0,4,0,6,old_town_cross_1080p50.y4m,261.48,261.844,1.237025,0.000139,0.0,30
1,1,1,0,1,0,0,1,0,0,0,0,2,0,6,old_town_cross_1080p50.y4m,133.42,133.56,0.899889,8.6e-05,0.0,251
1,0,1,1,0,0,0,0,0,0,0,1,1,0,0,old_town_cross_1080p50.y4m,629.99,631.738,3.113795,0.000112,0.0,120
1,0,1,1,0,0,0,0,0,0,0,1,2,15,6,old_town_cross_1080p50.y4m,628.97,630.258,2.675466,0.000112,0.0,144
1,0,1,0,1,0,1,0,0,0,0,0,1,0,3,old_town_cross_1080p50.y4m,120.89,120.75,0.669813,0.000116,0.0,265
1,1,1,0,1,0,0,1,0,0,1,0,2,0,6,old_town_cross_1080p50.y4m,82.47,82.318,0.367519,8.7e-05,0.0,260
1,1,1,0,1,0,0,1,0,0,0,1,1,0,3,old_town_cross_1080p50.y4m,134.0,133.67,0.79117,8.7e-05,0.0,78
1,0,1,0,1,0,0,0,0,0,1,1,8,15,3,old_town_cross_1080p50.y4m,55.21,55.224,0.350471,0.000111,0.0,84
1,0,1,1,0,0,1,0,0,1,0,0,4,15,3,old_town_cross_1080p50.y4m,710.0,711.372,2.895353,0.000118,0.0,296
1,0,1,0,0,1,0,0,0,0,0,1,2,5,6,old_town_cross_1080p50.y4m,516.54,514.22,3.560569,0.000135,0.0,232
1,0,1,0,0,1,1,0,0,0,1,0,4,15,6,old_town_cross_1080p50.y4m,308.68,309.324,2.098935,0.000118,0.0,213
1,1,1,0,1,0,0,1,0,0,1,1,8,15,3,old_town_cross_1080p50.y4m,121.89,121.976,0.499279,8.7e-05,0.0,94
1,0,1,0,1,0,0,0,0,0,1,1,1,5,0,old_town_cross_1080p50.y4m,99.89,99.688,0.613857,0.000109,0.0,178
1,0,1,1,0,0,1,0,0,1,0,0,4,0,0,old_town_cross_1080p50.y4m,709.77,712.528,4.015753,0.000118,0.0,127
1,1,1,0,1,0,1,1,0,0,1,0,8,5,6,old_town_cross_1080p50.y4m,96.69,96.578,0.202534,9.3e-05,0.0,111
1,0,1,0,1,0,0,0,0,0,0,1,1,0,6,old_town_cross_1080p50.y4m,99.11,99.278,0.537792,0.000111,0.0,92
1,1,1,1,0,0,0,1,0,0,1,0,8,15,6,old_town_cross_1080p50.y4m,369.78,369.968,1.06542,8.7e-05,0.0,54
1,0,1,0,0,1,0,0,0,0,0,1,2,15,0,old_town_cross_1080p50.y4m,514.61,513.286,4.212141,0.000135,0.0,45
1,0,1,1,0,0,0,0,0,1,0,0,4,0,6,old_town_cross_1080p50.y4m,627.57,628.054,1.31005,0.000113,0.0,226
1,1,1,1,0,0,1,1,0,1,0,0,8,5,0,old_town_cross_1080p50.y4m,663.47,665.09,4.90648,8.9e-05,0.0,200
1,0,1,0,0,1,1,0,0,1,0,1,8,5,6,old_town_cross_1080p50.y4m,601.05,602.14,2.937303,0.000116,0.0,59
1,1,1,0,1,0,1,0,1,0,0,1,2,0,0,old_town_cross_1080p50.y4m,128.3,127.824,0.830831,8.7e-05,0.0,19
1,1,1,1,0,0,0,1,0,1,0,0,2,15,0,old_town_cross_1080p50.y4m,633.99,635.962,3.411931,8.6e-05,0.0,47
1,1,1,0,1,0,1,1,0,0,0,1,4,5,6,old_town_cross_1080p50.y4m,148.98,149.148,0.650515,9.2e-05,0.0,32
1,1,1,0,1,0,0,1,0,1,0,0,1,5,6,old_town_cross_1080p50.y4m,142.28,142.724,0.853188,8e-05,0.0,170
1,0,1,0,0,1,0,0,0,1,1,0,1,15,0,old_town_cross_1080p50.y4m,506.38,504.496,3.084774,0.000139,0.0,270
1,0,1,1,0,0,1,0,0,1,0,1,4,15,6,old_town_cross_1080p50.y4m,702.71,704.072,3.507053,0.000116,0.0,207
1,1,1,0,1,0,0,1,0,1,1,1,1,5,6,old_town_cross_1080p50.y4m,138.05,137.686,0.652595,8.1e-05,0.0,43
1,0,1,0,1,0,1,0,0,0,1,1,1,0,3,old_town_cross_1080p50.y4m,116.76,116.586,0.673335,0.000115,0.0,40
1,1,1,0,1,0,0,1,0,0,1,1,1,5,3,old_town_cross_1080p50.y4m,143.3,143.528,0.642005,8.9e-05,0.0,117
1,0,1,0,0,1,0,0,0,0,1,0,8,15,6,old_town_cross_1080p50.y4m,265.24,264.014,3.180696,0.000139,0.0,253
1,0,1,1,0,0,0,0,0,1,0,0,1,15,3,old_town_cross_1080p50.y4m,629.18,631.3,4.064388,0.000113,0.0,68
1,1,1,1,0,0,0,1,0,1,1,1,1,15,6,old_town_cross_1080p50.y4m,633.02,633.064,0.737448,8.9e-05,0.0,186
1,1,1,0,1,0,1,1,0,0,0,1,8,15,3,old_town_cross_1080p50.y4m,176.56,176.962,0.987785,9.3e-05,0.0,288
1,1,1,0,1,0,0,1,0,0,0,0,2,0,0,old_town_cross_1080p50.y4m,134.15,133.914,0.702873,8.6e-05,0.0,15
1,0,1,1,0,0,0,0,0,0,1,1,2,15,3,old_town_cross_1080p50.y4m,327.3,327.038,0.959802,0.000112,0.0,82
1,1,1,1,0,0,0,1,0,0,0,0,4,15,6,old_town_cross_1080p50.y4m,642.3,643.126,3.555177,8.6e-05,0.0,211
1,0,1,0,1,0,1,0,0,1,1,1,8,15,6,old_town_cross_1080p50.y4m,66.15,66.026,0.399787,0.000116,0.0,177
1,1,1,0,1,0,0,1,0,1,1,1,2,5,3,old_town_cross_1080p50.y4m,92.18,92.28,0.368171,8.1e-05,0.0,210
1,0,1,1,0,0,0,0,0,1,1,1,2,0,3,old_town_cross_1080p50.y4m,326.52,326.48,0.44833,0.000112,0.0,13
1,0,1,0,1,0,1,0,0,0,0,1,2,15,3,old_town_cross_1080p50.y4m,118.71,118.4,0.671007,0.000117,0.0,228
1,0,1,0,1,0,1,0,0,1,1,0,4,5,3,old_town_cross_1080p50.y4m,65.62,65.764,0.487063,0.000116,0.0,38
1,1,1,1,0,0,0,1,0,0,0,1,4,15,6,old_town_cross_1080p50.y4m,645.7,647.18,3.417931,8.7e-05,0.0,29
1,1,1,1,0,0,1,0,1,1,0,0,8,0,0,old_town_cross_1080p50.y4m,687.9,689.002,3.118785,8.5e-05,0.0,24
1,1,1,1,0,0,0,1,0,0,0,0,8,5,6,old_town_cross_1080p50.y4m,616.12,615.89,0.980587,8.7e-05,0.0,293
1,1,1,1,0,0,0,1,0,0,1,0,2,5,6,old_town_cross_1080p50.y4m,344.35,343.914,0.839601,8.6e-05,0.0,67
1,1,1,0,1,0,0,1,0,1,0,1,2,5,0,old_town_cross_1080p50.y4m,131.06,130.554,0.853364,8e-05,0.0,199
1,0,1,0,0,1,1,0,0,1,1,0,8,15,3,old_town_cross_1080p50.y4m,313.77,313.59,0.896437,0.000118,0.0,244
1,0,1,0,0,1,1,0,0,0,0,0,8,15,0,old_town_cross_1080p50.y4m,604.87,602.782,3.799739,0.000116,0.0,80
1,1,1,1,0,0,1,1,0,1,1,1,2,0,3,old_town_cross_1080p50.y4m,361.12,361.328,1.464776,9e-05,0.0,223
1,1,1,0,1,0,1,1,0,0,1,0,8,5,0,old_town_cross_1080p50.y4m,86.43,86.326,0.43247,9.2e-05,0.0,121
1,0,1,1,0,0,1,0,0,0,0,0,8,5,3,old_town_cross_1080p50.y4m,711.69,712.818,4.32223,0.000118,0.0,261
1,0,1,1,0,0,1,0,0,1,1,0,1,5,6,old_town_cross_1080p50.y4m,694.91,696.226,3.241802,0.000114,0.0,156
1,1,1,1,0,0,0,1,0,0,1,0,4,15,3,old_town_cross_1080p50.y4m,373.88,374.148,2.071369,8.8e-05,0.0,271
1,1,1,1,0,0,1,1,0,1,0,0,2,15,3,old_town_cross_1080p50.y4m,688.17,690.718,3.777403,9.2e-05,0.0,9
1,1,1,1,0,0,1,1,0,1,0,1,1,0,0,old_town_cross_1080p50.y4m,661.58,660.36,2.703267,8.9e-05,0.0,165
1,0,1,0,0,1,1,0,0,1,0,0,1,15,6,old_town_cross_1080p50.y4m,596.06,597.922,3.50659,0.000116,0.0,126
1,0,1,1,0,0,1,0,0,1,1,1,8,5,0,old_town_cross_1080p50.y4m,360.18,361.12,2.023895,0.000114,0.0,280
1,0,1,1,0,0,0,0,0,1,1,0,2,5,3,old_town_cross_1080p50.y4m,324.19,324.556,1.462679,0.000112,0.0,172
1,0,1,0,1,0,1,0,0,0,0,0,1,15,6,old_town_cross_1080p50.y4m,119.59,119.718,0.478821,0.000116,0.0,292
1,0,1,0,0,1,0,0,0,1,0,1,1,0,3,old_town_cross_1080p50.y4m,513.17,514.332,3.356877,0.000135,0.0,179
1,0,1,0,0,1,1,0,0,1,0,1,2,0,3,old_town_cross_1080p50.y4m,603.82,602.294,3.675579,0.000116,0.0,272
1,0,1,0,0,1,1,0,0,0,1,0,4,5,0,old_town_cross_1080p50.y4m,312.12,312.088,1.763525,0.000118,0.0,105
1,0,1,0,1,0,0,0,0,0,0,0,1,0,3,old_town_cross_1080p50.y4m,100.5,100.752,0.569535,0.000113,0.0,76
1,0,1,1,0,0,1,0,0,0,1,0,4,15,3,old_town_cross_1080p50.y4m,360.48,360.342,2.258389,0.000114,0.0,197
1,1,1,1,0,0,1,1,0,0,1,0,1,15,0,old_town_cross_1080p50.y4m,660.18,659.306,3.363938,9e-05,0.0,221
1,1,1,1,0,0,1,1,0,0,1,0,8,15,6,old_town_cross_1080p50.y4m,383.62,383.818,0.815549,9.1e-05,0.0,167
1,1,1,0,1,0,0,1,0,1,0,1,4,15,6,old_town_cross_1080p50.y4m,165.47,165.95,1.028664,7.8e-05,0.0,136
1,1,1,1,0,0,0,1,0,1,0,1,8,15,6,old_town_cross_1080p50.y4m,653.07,654.124,2.638916,8.7e-05,0.0,243
1,0,1,0,1,0,0,0,0,1,0,1,8,15,6,old_town_cross_1080p50.y4m,98.37,98.58,0.620564,0.000111,0.0,60
1,0,1,1,0,0,0,0,0,1,0,1,2,0,6,old_town_cross_1080p50.y4m,630.66,632.222,3.693544,0.000112,0.0,110
1,1,1,1,0,0,1,1,0,1,0,0,1,15,6,old_town_cross_1080p50.y4m,695.27,694.592,2.383101,9.1e-05,0.0,35
1,0,1,1,0,0,1,0,0,0,1,1,2,5,6,old_town_cross_1080p50.y4m,360.35,360.622,1.492153,0.000114,0.0,235
1,0,1,1,0,0,0,0,0,1,0,0,1,0,3,old_town_cross_1080p50.y4m,628.72,628.592,0.42044,0.000113,0.0,44
1,1,1,0,1,0,1,1,0,0,1,0,4,15,3,old_town_cross_1080p50.y4m,123.52,123.544,0.346886,9.3e-05,0.0,256
1,0,1,0,0,1,0,0,0,0,1,1,8,0,0,old_town_cross_1080p50.y4m,258.75,259.49,1.575484,0.000139,0.0,192
1,0,1,0,1,0,0,0,0,0,1,1,2,0,0,old_town_cross_1080p50.y4m,55.21,55.278,0.221968,0.000111,0.0,41
1,0,1,1,0,0,0,0,0,0,1,0,4,5,0,old_town_cross_1080p50.y4m,327.35,327.328,0.935772,0.000112,0.0,37
1,0,1,0,0,1,0,0,0,0,0,0,4,5,0,old_town_cross_1080p50.y4m,515.88,514.172,3.758493,0.000135,0.0,26
1,1,1,1,0,0,0,1,0,0,0,0,1,0,3,old_town_cross_1080p50.y4m,598.86,597.956,2.157042,8.6e-05,0.0,273
1,1,1,1,0,0,1,1,0,0,0,1,1,5,6,old_town_cross_1080p50.y4m,647.62,648.766,3.913001,9e-05,0.0,233
1,1,1,0,1,0,1,1,0,0,1,1,8,0,0,old_town_cross_1080p50.y4m,83.78,83.774,0.275009,9.2e-05,0.0,101
1,0,1,1,0,0,0,0,0,0,0,1,2,5,3,old_town_cross_1080p50.y4m,623.47,626.118,4.824611,0.000112,0.0,39
1,1,1,0,1,0,0,1,0,0,0,1,1,15,0,old_town_cross_1080p50.y4m,135.21,134.742,0.779917,8.7e-05,0.0,106
1,1,1,0,1,0,0,0,1,1,0,0,1,0,0,old_town_cross_1080p50.y4m,105.54,105.664,0.625404,8.4e-05,0.0,242
1,1,1,1,0,0,1,1,0,0,1,0,2,15,0,old_town_cross_1080p50.y4m,356.73,356.344,0.735445,9e-05,0.0,193
1,0,1,0,1,0,1,0,0,0,1,0,1,15,6,old_town_cross_1080p50.y4m,117.82,117.872,0.664169,0.000116,0.0,103
1,1,1,0,1,0,0,1,0,1,1,1,8,5,6,old_town_cross_1080p50.y4m,91.14,91.026,0.366988,8.1e-05,0.0,1
1,0,1,1,0,0,0,0,0,1,1,1,1,0,0,old_town_cross_1080p50.y4m,623.66,621.83,3.256248,0.000105,0.0,61
1,1,1,1,0,0,0,0,1,0,0,0,2,0,0,old_town_cross_1080p50.y4m,593.91,592.28,3.306463,8.3e-05,0.0,56
1,1,1,0,1,0,0,1,0,0,1,0,8,15,3,old_town_cross_1080p50.y4m,122.2,122.178,0.366292,8.7e-05,0.0,148
1,0,1,0,1,0,0,0,0,1,0,1,2,5,0,old_town_cross_1080p50.y4m,100.13,99.984,0.374873,0.000111,0.0,112
1,0,1,0,1,0,1,0,0,0,1,0,8,15,3,old_town_cross_1080p50.y4m,65.78,65.912,0.260519,0.000116,0.0,300
1,0,1,0,1,0,0,0,0,1,1,0,4,15,0,old_town_cross_1080p50.y4m,55.63,55.576,0.344209,0.000111,0.0,249
1,0,1,0,1,0,0,0,0,0,0,1,2,0,0,old_town_cross_1080p50.y4m,100.21,99.762,0.647858,0.000111,0.0,20
1,1,1,1,0,0,1,1,0,1,0,1,1,5,0,old_town_cross_1080p50.y4m,665.6,665.868,0.846859,9e-05,0.0,104
1,1,1,1,0,0,0,1,0,1,1,1,8,15,6,old_town_cross_1080p50.y4m,368.25,369.002,1.701373,8.7e-05,0.0,131
1,0,1,1,0,0,0,0,0,0,0,0,2,0,3,old_town_cross_1080p50.y4m,634.75,633.76,3.481989,0.000113,0.0,69
1,0,1,0,1,0,1,0,0,0,0,0,2,0,3,old_town_cross_1080p50.y4m,119.31,119.552,0.483394,0.000116,0.0,220
1,1,1,1,0,0,1,1,0,1,1,1,8,15,6,old_town_cross_1080p50.y4m,384.58,384.38,0.686841,9.1e-05,0.0,11
1,1,1,1,0,0,1,1,0,1,0,0,4,15,6,old_town_cross_1080p50.y4m,688.79,689.262,1.342226,9.1e-05,0.0,258
1,0,1,0,1,0,1,0,0,0,0,0,2,15,3,old_town_cross_1080p50.y4m,118.65,119.13,0.937577,0.000116,0.0,65
1,0,1,0,0,1,1,0,0,0,0,0,2,15,0,old_town_cross_1080p50.y4m,600.4,599.97,0.745352,0.000116,0.0,160
1,0,1,0,0,1,1,0,0,0,0,0,8,0,0,old_town_cross_1080p50.y4m,605.68,604.56,2.471609,0.000116,0.0,238
1,1,1,1,0,0,0,1,0,0,0,0,4,0,0,old_town_cross_1080p50.y4m,604.33,603.42,2.862516,8.6e-05,0.0,57
1,1,1,0,1,0,0,1,0,1,0,1,2,0,0,old_town_cross_1080p50.y4m,130.45,129.984,0.695471,8e-05,0.0,79
1,0,1,0,1,0,1,0,0,0,1,0,4,15,3,old_town_cross_1080p50.y4m,65.73,65.858,0.359333,0.000116,0.0,224
1,1,1,0,1,0,0,1,0,1,0,0,2,0,3,old_town_cross_1080p50.y4m,131.33,130.854,0.772548,8e-05,0.0,48
1,0,1,0,1,0,1,0,0,0,0,1,8,0,6,old_town_cross_1080p50.y4m,117.64,117.596,0.196036,0.000117,0.0,173
1,1,1,1,0,0,1,1,0,0,1,1,1,0,0,old_town_cross_1080p50.y4m,624.24,625.504,2.857802,9.2e-05,0.0,283
1,0,1,0,1,0,0,0,0,0,0,0,1,0,6,old_town_cross_1080p50.y4m,101.73,101.382,0.760835,0.000113,0.0,190
1,0,1,0,1,0,1,0,0,1,1,1,4,0,6,old_town_cross_1080p50.y4m,65.53,65.586,0.277363,0.000116,0.0,259
1,0,1,1,0,0,0,0,0,0,0,1,1,15,3,old_town_cross_1080p50.y4m,633.54,632.674,3.731264,0.000112,0.0,7
1,0,1,0,0,1,0,0,0,0,0,1,2,5,0,old_town_cross_1080p50.y4m,510.92,511.934,2.757187,0.000135,0.0,73
1,1,1,1,0,0,1,1,0,0,0,0,2,0,6,old_town_cross_1080p50.y4m,659.28,660.57,3.209696,8.9e-05,0.0,63
1,0,1,0,0,1,1,0,0,1,1,0,2,15,3,old_town_cross_1080p50.y4m,313.45,312.57,1.77695,0.000118,0.0,284
1,0,1,1,0,0,1,0,0,1,0,1,8,15,6,old_town_cross_1080p50.y4m,702.88,704.184,2.773352,0.000116,0.0,250
1,1,1,0,1,0,0,1,0,0,0,0,2,5,0,old_town_cross_1080p50.y4m,135.0,135.512,0.966499,8.6e-05,0.0,209
1,0,1,0,1,0,1,0,0,0,0,1,4,5,3,old_town_cross_1080p50.y4m,118.01,118.4,0.837407,0.000117,0.0,138
1,1,1,1,0,0,0,0,1,1,1,0,1,0,0,old_town_cross_1080p50.y4m,576.19,578.866,4.472318,8.3e-05,0.0,135
1,1,1,1,0,0,1,1,0,1,1,0,4,5,3,old_town_cross_1080p50.y4m,368.63,369.65,3.021283,9.2e-05,0.0,264
1,1,1,1,0,0,0,1,0,1,1,0,2,0,6,old_town_cross_1080p50.y4m,328.94,329.536,1.412278,8.7e-05,0.0,215
1,0,1,0,0,1,0,0,0,0,1,1,4,5,3,old_town_cross_1080p50.y4m,261.57,262.11,1.887591,0.000139,0.0,50
1,0,1,1,0,0,0,0,0,1,1,0,4,0,6,old_town_cross_1080p50.y4m,326.93,327.06,0.719444,0.000112,0.0,98
1,1,1,1,0,0,0,1,0,1,1,0,1,15,0,old_town_cross_1080p50.y4m,633.29,631.508,3.810213,8.7e-05,0.0,140
1,1,1,1,0,0,0,1,0,0,1,1,1,0,3,old_town_cross_1080p50.y4m,595.16,594.918,3.891191,8.9e-05,0.0,113
1,0,1,0,1,0,1,0,0,1,1,0,1,0,6,old_town_cross_1080p50.y4m,118.24,117.898,0.643716,0.000116,0.0,3
1,0,1,0,0,1,0,0,0,1,1,1,8,0,0,old_town_cross_1080p50.y4m,259.44,259.492,1.583436,0.000139,0.0,149
1,0,1,1,0,0,0,0,0,0,1,1,8,5,6,old_town_cross_1080p50.y4m,327.21,329.07,3.92713,0.000112,0.0,153
1,1,1,1,0,0,1,1,0,1,1,0,2,15,6,old_town_cross_1080p50.y4m,384.71,384.904,1.628444,9.1e-05,0.0,133
1,0,1,1,0,0,0,0,0,0,0,0,1,0,3,old_town_cross_1080p50.y4m,634.59,632.632,3.770374,0.000113,0.0,191
1,1,1,0,1,0,0,1,0,1,0,1,1,0,6,old_town_cross_1080p50.y4m,129.05,129.304,0.647518,8e-05,0.0,100
1,0,1,1,0,0,1,0,0,0,1,0,4,0,3,old_town_cross_1080p50.y4m,364.89,364.46,1.316549,0.000114,0.0,85
1,0,1,0,0,1,1,0,0,0,0,0,2,0,3,old_town_cross_1080p50.y4m,608.32,606.838,3.817888,0.000116,0.0,88
1,0,1,0,1,0,1,0,0,1,1,0,4,15,6,old_town_cross_1080p50.y4m,66.08,66.158,0.420262,0.000116,0.0,31
1,0,1,0,0,1,1,0,0,0,0,0,4,5,3,old_town_cross_1080p50.y4m,609.97,607.52,4.052357,0.000116,0.0,134
1,1,1,0,1,0,1,1,0,1,1,1,8,0,3,old_town_cross_1080p50.y4m,83.68,83.748,0.219477,9.2e-05,0.0,147
1,1,1,1,0,0,0,1,0,0,1,1,4,15,6,old_town_cross_1080p50.y4m,371.09,371.254,1.501093,8.7e-05,0.0,275
1,0,1,0,0,1,1,0,0,0,1,0,4,15,3,old_town_cross_1080p50.y4m,310.06,310.81,1.493837,0.000118,0.0,143
1,1,1,0,1,0,1,1,0,1,0,0,1,5,6,old_town_cross_1080p50.y4m,150.58,150.502,0.624716,9.2e-05,0.0,8
1,1,1,1,0,0,1,1,0,0,1,1,4,5,3,old_town_cross_1080p50.y4m,371.56,372.31,1.350037,9.2e-05,0.0,216
1,0,1,1,0,0,1,0,0,1,0,0,1,0,3,old_town_cross_1080p50.y4m,710.47,712.52,4.199506,0.000118,0.0,214
1,0,1,0,0,1,0,0,0,0,0,0,1,5,0,old_town_cross_1080p50.y4m,511.57,509.776,3.537779,0.000135,0.0,17
1,0,1,0,0,1,1,0,0,0,0,0,1,5,0,old_town_cross_1080p50.y4m,599.5,602.06,3.738302,0.000116,0.0,206
1,0,1,0,1,0,0,0,0,1,1,1,8,15,0,old_town_cross_1080p50.y4m,54.91,55.036,0.259962,0.000111,0.0,36
1,1,1,0,1,0,1,1,0,0,0,0,4,15,3,old_town_cross_1080p50.y4m,176.21,176.02,0.646065,9.1e-05,0.0,6
1,0,1,1,0,0,1,0,0,0,0,1,1,0,6,old_town_cross_1080p50.y4m,709.08,708.412,2.75014,0.000116,0.0,5
1,0,1,1,0,0,1,0,0,0,0,0,8,15,6,old_town_cross_1080p50.y4m,715.96,715.022,3.693301,0.000118,0.0,164
1,0,1,0,0,1,0,0,0,1,0,0,8,0,6,old_town_cross_1080p50.y4m,510.86,512.992,3.465158,0.000135,0.0,97
1,0,1,1,0,0,0,0,0,0,1,0,2,5,3,old_town_cross_1080p50.y4m,327.95,327.85,1.141994,0.000112,0.0,236
1,1,1,0,1,0,1,1,0,0,0,0,8,5,0,old_town_cross_1080p50.y4m,140.48,140.196,0.726863,9.1e-05,0.0,71
1,1,1,0,1,0,1,1,0,1,0,1,2,0,3,old_town_cross_1080p50.y4m,136.64,136.156,0.842751,9e-05,0.0,295
1,0,1,1,0,0,1,0,0,1,1,0,8,5,3,old_town_cross_1080p50.y4m,366.14,366.384,2.585165,0.000114,0.0,286
1,0,1,0,1,0,0,0,0,0,0,1,1,5,0,old_town_cross_1080p50.y4m,100.24,99.768,0.724824,0.000111,0.0,34
1,0,1,0,1,0,1,0,0,1,1,1,1,5,3,old_town_cross_1080p50.y4m,115.55,116.08,0.871751,0.000115,0.0,240
1,0,1,0,0,1,1,0,0,0,0,1,4,15,3,old_town_cross_1080p50.y4m,598.92,600.908,3.401304,0.000116,0.0,18
1,0,1,0,1,0,0,0,0,0,1,0,8,0,6,old_town_cross_1080p50.y4m,55.21,55.284,0.208038,0.000111,0.0,102
1,1,1,1,0,0,1,0,1,0,1,0,4,0,0,old_town_cross_1080p50.y4m,359.52,358.99,1.956183,8.8e-05,0.0,51
1,1,1,1,0,0,1,1,0,0,0,1,4,15,6,old_town_cross_1080p50.y4m,687.11,686.176,2.43382,9.3e-05,0.0,282
1,0,1,0,1,0,1,0,0,1,1,1,1,0,3,old_town_cross_1080p50.y4m,115.98,115.538,0.778473,0.000115,0.0,77
1,0,1,1,0,0,1,0,0,0,1,0,2,0,3,old_town_cross_1080p50.y4m,362.34,361.266,2.139621,0.000114,0.0,128
1,1,1,0,1,0,1,1,0,0,0,0,2,5,3,old_town_cross_1080p50.y4m,150.97,150.388,1.14174,9.2e-05,0.0,234
1,0,1,1,0,0,0,0,0,0,1,1,1,0,0,old_town_cross_1080p50.y4m,616.75,617.648,3.281337,0.000105,0.0,252
1,0,1,1,0,0,1,0,0,0,0,1,4,0,3,old_town_cross_1080p50.y4m,702.72,704.944,4.662385,0.000116,0.0,28
1,0,1,0,0,1,1,0,0,1,1,1,8,15,3,old_town_cross_1080p50.y4m,311.21,310.804,2.102518,0.000118,0.0,139
1,0,1,0,0,1,0,0,0,0,0,1,1,5,0,old_town_cross_1080p50.y4m,515.72,513.682,3.512659,0.000135,0.0,158
1,1,1,0,1,0,1,1,0,1,0,1,8,5,3,old_town_cross_1080p50.y4m,148.92,149.31,0.655362,9.3e-05,0.0,152
1,0,1,1,0,0,1,0,0,1,0,0,2,0,6,old_town_cross_1080p50.y4m,702.13,703.304,3.33005,0.000118,0.0,12
1,1,1,0,1,0,0,1,0,0,0,1,4,15,3,old_town_cross_1080p50.y4m,173.79,173.466,0.795789,8.7e-05,0.0,294
1,1,1,0,1,0,0,1,0,0,0,1,8,15,3,old_town_cross_1080p50.y4m,173.56,173.172,0.869235,8.7e-05,0.0,154
1,1,1,1,0,0,0,1,0,1,0,0,2,15,6,old_town_cross_1080p50.y4m,641.66,642.832,2.669845,8.6e-05,0.0,157
1,0,1,1,0,0,1,0,0,1,1,1,2,0,3,old_town_cross_1080p50.y4m,357.25,357.534,1.090335,0.000114,0.0,150
1,1,1,0,1,0,1,1,0,0,1,0,8,0,6,old_town_cross_1080p50.y4m,83.87,83.728,0.497363,9.2e-05,0.0,287
1,0,1,0,1,0,0,0,0,1,1,0,1,0,3,old_town_cross_1080p50.y4m,100.56,100.298,0.611817,0.000111,0.0,297
1,0,1,0,0,1,0,0,0,1,1,0,8,15,0,old_town_cross_1080p50.y4m,262.96,261.99,1.924383,0.000139,0.0,263
1,1,1,0,1,0,0,1,0,1,1,1,1,5,3,old_town_cross_1080p50.y4m,141.1,141.026,0.726106,8.2e-05,0.0,255
1,0,1,1,0,0,0,0,0,1,1,0,8,15,3,old_town_cross_1080p50.y4m,325.6,325.536,0.852661,0.000112,0.0,115
1,0,1,0,0,1,1,0,0,1,0,1,4,15,3,old_town_cross_1080p50.y4m,602.72,604.232,4.058629,0.000116,0.0,188
1,0,1,0,0,1,1,0,0,0,0,1,8,0,6,old_town_cross_1080p50.y4m,602.29,601.868,3.738298,0.000116,0.0,212
1,0,1,1,0,0,1,0,0,0,0,1,1,15,3,old_town_cross_1080p50.y4m,703.08,705.188,4.756624,0.000116,0.0,195
1,0,1,0,1,0,0,0,0,0,1,1,2,15,0,old_town_cross_1080p50.y4m,55.08,55.088,0.325223,0.000111,0.0,119
1,0,1,1,0,0,0,0,0,1,0,1,4,15,0,old_town_cross_1080p50.y4m,629.01,629.48,1.075523,0.000112,0.0,58
1,0,1,0,1,0,1,0,0,1,0,1,4,0,6,old_town_cross_1080p50.y4m,118.05,117.542,0.852215,0.000117,0.0,277
1,0,1,0,1,0,1,0,0,0,1,1,4,5,6,old_town_cross_1080p50.y4m,65.79,66.122,0.551108,0.000116,0.0,64
1,1,1,0,1,0,1,1,0,1,0,0,2,0,0,old_town_cross_1080p50.y4m,139.89,139.38,0.882128,9.1e-05,0.0,285
1,1,1,0,1,0,1,1,0,1,0,0,4,0,0,old_town_cross_1080p50.y4m,139.59,139.178,0.78522,9.1e-05,0.0,290
1,0,1,1,0,0,0,0,0,1,0,1,8,5,6,old_town_cross_1080p50.y4m,629.83,632.214,4.284125,0.000112,0.0,196
1,1,1,1,0,0,1,0,1,1,1,1,1,0,0,old_town_cross_1080p50.y4m,660.4,659.07,3.304754,8.5e-05,0.0,93
1,0,1,1,0,0,1,0,0,0,1,1,4,5,6,old_town_cross_1080p50.y4m,360.42,361.036,1.63827,0.000114,0.0,299
1,0,1,1,0,0,0,0,0,1,0,0,2,5,0,old_town_cross_1080p50.y4m,635.04,632.646,3.970463,0.000113,0.0,125
1,1,1,0,1,0,0,1,0,1,0,1,2,15,6,old_town_cross_1080p50.y4m,165.54,166.012,0.906488,7.8e-05,0.0,21
1,0,1,0,1,0,0,0,0,1,0,1,2,0,0,old_town_cross_1080p50.y4m,99.17,99.5,0.718679,0.000111,0.0,225
1,0,1,0,1,0,0,0,0,1,0,0,2,5,0,sintel_trailer_2k_1080p24.y4m,63.43,63.18,0.565862,6.3e-05,0.0,114
1,1,1,1,0,0,0,0,1,0,0,1,1,0,0,sintel_trailer_2k_1080p24.y4m,213.85,212.84,1.729263,6.8e-05,0.0,281
1,1,1,1,0,0,0,1,0,1,1,0,2,5,0,sintel_trailer_2k_1080p24.y4m,159.56,159.65,0.585363,6.5e-05,0.0,49
1,0,1,0,0,1,1,0,0,0,0,0,2,15,6,sintel_trailer_2k_1080p24.y4m,150.16,149.152,1.57314,6.5e-05,0.0,194
1,0,1,1,0,0,0,0,0,0,0,0,2,0,6,sintel_trailer_2k_1080p24.y4m,173.74,173.154,1.498426,6.3e-05,0.0,62
1,1,1,0,1,0,0,1,0,1,1,1,1,15,3,sintel_trailer_2k_1080p24.y4m,164.42,164.762,1.078411,6.6e-05,0.0,91
1,0,1,0,0,1,1,0,0,0,0,0,4,0,6,sintel_trailer_2k_1080p24.y4m,151.52,150.732,1.542942,6.5e-05,0.0,107
1,0,1,1,0,0,1,0,0,0,0,1,4,5,3,sintel_trailer_2k_1080p24.y4m,195.89,195.89,0.417792,6.6e-05,0.0,181
1,0,1,0,1,0,1,0,0,0,0,0,4,5,0,sintel_trailer_2k_1080p24.y4m,70.33,69.97,0.544748,6.5e-05,0.0,247
1,0,1,1,0,0,0,0,0,1,1,0,4,5,3,sintel_trailer_2k_1080p24.y4m,99.14,99.18,0.989116,6.4e-05,0.0,166
1,0,1,0,0,1,0,0,0,0,1,1,4,0,0,sintel_trailer_2k_1080p24.y4m,80.25,80.392,0.443362,6.6e-05,0.0,25
1,1,1,0,1,0,0,1,0,0,0,1,8,0,6,sintel_trailer_2k_1080p24.y4m,116.59,117.284,1.117197,6.5e-05,0.0,203
1,1,1,1,0,0,1,1,0,1,1,1,4,5,6,sintel_trailer_2k_1080p24.y4m,182.29,182.582,0.831126,5.6e-05,0.0,219
1,0,1,0,0,1,0,0,0,0,0,0,4,15,0,sintel_trailer_2k_1080p24.y4m,131.34,131.618,0.888127,6.6e-05,0.0,162
1,0,1,1,0,0,1,0,0,0,1,0,4,15,6,sintel_trailer_2k_1080p24.y4m,112.8,113.092,0.729328,6.5e-05,0.0,182
1,0,1,0,0,1,0,0,0,1,1,0,1,15,6,sintel_trailer_2k_1080p24.y4m,135.68,136.768,1.588669,6.6e-05,0.0,10
1,1,1,1,0,0,1,1,0,1,1,1,2,15,0,sintel_trailer_2k_1080p24.y4m,159.95,159.708,0.620943,5.8e-05,0.0,14
1,1,1,1,0,0,0,1,0,0,0,1,1,0,6,sintel_trailer_2k_1080p24.y4m,243.0,241.846,1.924326,6.5e-05,0.0,89
1,1,1,1,0,0,0,1,0,1,1,1,1,5,0,sintel_trailer_2k_1080p24.y4m,256.05,255.446,2.014815,6.5e-05,0.0,116
1,0,1,1,0,0,0,0,0,0,1,1,4,15,3,sintel_trailer_2k_1080p24.y4m,100.93,100.638,0.542144,6.4e-05,0.0,217
1,1,1,0,1,0,0,1,0,0,1,0,1,0,0,sintel_trailer_2k_1080p24.y4m,115.87,116.512,1.066851,6.6e-05,0.0,75
1,1,1,0,1,0,0,1,0,1,1,1,2,15,6,sintel_trailer_2k_1080p24.y4m,124.56,124.532,0.504103,6.4e-05,0.0,266
1,0,1,1,0,0,1,0,0,0,1,1,4,15,3,sintel_trailer_2k_1080p24.y4m,111.97,112.224,0.677923,6.5e-05,0.0,268
1,0,1,0,1,0,1,0,0,1,1,1,4,15,3,sintel_trailer_2k_1080p24.y4m,41.38,41.408,0.165439,6.5e-05,0.0,187
1,0,1,0,0,1,1,0,0,0,1,0,8,15,3,sintel_trailer_2k_1080p24.y4m,86.67,86.606,0.463929,6.6e-05,0.0,161
1,0,1,0,1,0,1,0,0,0,1,0,2,0,6,sintel_trailer_2k_1080p24.y4m,41.59,41.578,0.1886,6.5e-05,0.0,23
1,1,1,1,0,0,0,1,0,1,1,0,2,5,6,sintel_trailer_2k_1080p24.y4m,183.72,183.638,0.88717,6.5e-05,0.0,2
1,1,1,1,0,0,1,0,1,1,0,1,2,0,0,sintel_trailer_2k_1080p24.y4m,234.7,235.296,1.424475,6.2e-05,0.0,16
1,0,1,1,0,0,0,0,0,1,1,1,8,15,0,sintel_trailer_2k_1080p24.y4m,101.05,100.994,0.614923,6.4e-05,0.0,262
1,1,1,1,0,0,0,1,0,1,1,0,4,5,0,sintel_trailer_2k_1080p24.y4m,159.53,159.658,0.885506,6.5e-05,0.0,66
1,0,1,1,0,0,0,0,0,1,0,0,2,0,0,sintel_trailer_2k_1080p24.y4m,172.17,172.74,1.221741,6.3e-05,0.0,86
1,0,1,0,1,0,1,0,0,0,1,0,2,5,6,sintel_trailer_2k_1080p24.y4m,41.3,41.348,0.293206,6.5e-05,0.0,231
1,0,1,0,1,0,0,0,0,0,0,0,4,5,0,sintel_trailer_2k_1080p24.y4m,62.67,62.854,0.475847,6.3e-05,0.0,269
1,1,1,0,1,0,1,1,0,0,1,0,1,5,0,sintel_trailer_2k_1080p24.y4m,121.88,122.592,1.09397,5.8e-05,0.0,180
1,0,1,0,0,1,0,0,0,0,1,0,4,5,6,sintel_trailer_2k_1080p24.y4m,80.0,80.396,0.603266,6.6e-05,0.0,274
1,1,1,1,0,0,0,1,0,1,1,0,2,15,6,sintel_trailer_2k_1080p24.y4m,228.29,228.174,0.391063,6.4e-05,0.0,184
1,0,1,0,0,1,1,0,0,0,0,1,4,5,0,sintel_trailer_2k_1080p24.y4m,149.53,150.208,1.569401,6.5e-05,0.0,118
1,1,1,1,0,0,0,1,0,0,0,0,1,0,6,sintel_trailer_2k_1080p24.y4m,243.41,244.162,2.097444,6.5e-05,0.0,254
1,0,1,1,0,0,1,0,0,0,1,1,4,5,0,sintel_trailer_2k_1080p24.y4m,114.82,114.318,1.51409,6.5e-05,0.0,208
1,0,1,0,0,1,1,0,0,1,1,0,4,5,6,sintel_trailer_2k_1080p24.y4m,86.69,86.822,0.610508,6.6e-05,0.0,279
1,1,1,1,0,0,0,1,0,0,1,1,4,15,3,sintel_trailer_2k_1080p24.y4m,231.04,231.272,0.678653,6.5e-05,0.0,229
1,0,1,0,0,1,1,0,0,1,1,1,1,0,0,sintel_trailer_2k_1080p24.y4m,151.99,151.164,1.292045,6.5e-05,0.0,46
1,0,1,0,0,1,0,0,0,1,1,1,4,5,6,sintel_trailer_2k_1080p24.y4m,80.29,80.516,0.46902,6.6e-05,0.0,171
1,1,1,1,0,0,0,1,0,0,1,0,2,5,0,sintel_trailer_2k_1080p24.y4m,160.58,160.242,1.030641,6.5e-05,0.0,99
1,0,1,0,0,1,0,0,0,0,0,0,8,0,0,sintel_trailer_2k_1080p24.y4m,131.72,132.224,1.29038,6.6e-05,0.0,81
1,1,1,1,0,0,1,1,0,1,0,1,8,5,0,sintel_trailer_2k_1080p24.y4m,247.11,245.794,2.006073,5.8e-05,0.0,155
1,0,1,0,1,0,0,0,0,1,0,1,1,15,6,sintel_trailer_2k_1080p24.y4m,62.07,62.222,0.428217,6.3e-05,0.0,96
1,1,1,1,0,0,0,1,0,1,1,1,8,0,0,sintel_trailer_2k_1080p24.y4m,156.43,156.354,0.960068,6.5e-05,0.0,218
1,1,1,1,0,0,1,1,0,1,1,0,8,0,6,sintel_trailer_2k_1080p24.y4m,156.96,156.902,0.254205,5.8e-05,0.0,53
1,1,1,0,1,0,1,0,1,0,0,0,2,0,0,sintel_trailer_2k_1080p24.y4m,99.36,99.204,0.833265,6.2e-05,0.0,109
1,0,1,0,1,0,0,0,0,0,1,0,4,5,6,sintel_trailer_2k_1080p24.y4m,36.49,36.404,0.321916,6.2e-05,0.0,185
1,1,1,1,0,0,0,1,0,0,1,1,2,0,0,sintel_trailer_2k_1080p24.y4m,155.43,155.738,0.65274,6.5e-05,0.0,239
1,0,1,1,0,0,0,0,0,0,0,1,2,0,0,sintel_trailer_2k_1080p24.y4m,171.38,172.31,1.468639,6.3e-05,0.0,276
1,0,1,1,0,0,1,0,0,0,0,1,4,0,6,sintel_trailer_2k_1080p24.y4m,197.74,197.476,1.174491,6.6e-05,0.0,257
1,0,1,0,0,1,0,0,0,1,1,0,1,5,0,sintel_trailer_2k_1080p24.y4m,136.98,136.292,1.337225,6.6e-05,0.0,42
1,1,1,0,1,0,1,1,0,0,0,0,2,15,3,sintel_trailer_2k_1080p24.y4m,169.81,169.412,0.84476,5.8e-05,0.0,204
1,0,1,1,0,0,1,0,0,1,0,1,2,15,6,sintel_trailer_2k_1080p24.y4m,197.41,196.814,1.463636,6.6e-05,0.0,145
1,0,1,0,1,0,0,0,0,0,0,0,2,0,3,sintel_trailer_2k_1080p24.y4m,63.46,63.29,0.461736,6.3e-05,0.0,246
1,1,1,1,0,0,0,1,0,0,1,1,8,0,0,sintel_trailer_2k_1080p24.y4m,156.2,156.004,0.423001,6.5e-05,0.0,202
1,1,1,0,1,0,0,1,0,1,0,0,2,5,3,sintel_trailer_2k_1080p24.y4m,133.39,134.028,1.117484,6.5e-05,0.0,70
1,0,1,0,1,0,0,0,0,0,1,0,1,5,3,sintel_trailer_2k_1080p24.y4m,61.99,61.792,0.5455,6.2e-05,0.0,230
1,0,1,0,1,0,1,0,0,0,0,0,4,15,6,sintel_trailer_2k_1080p24.y4m,70.4,70.12,0.564269,6.5e-05,0.0,267
1,1,1,1,0,0,1,1,0,0,0,1,8,5,3,sintel_trailer_2k_1080p24.y4m,275.64,274.916,1.865926,5.8e-05,0.0,146
1,0,1,0,1,0,1,0,0,0,0,1,2,15,0,sintel_trailer_2k_1080p24.y4m,69.84,69.678,0.480177,6.5e-05,0.0,27
1,0,1,0,1,0,1,0,0,0,1,1,8,0,3,sintel_trailer_2k_1080p24.y4m,41.63,41.492,0.439454,6.5e-05,0.0,137
1,1,1,1,0,0,0,1,0,0,1,1,2,15,0,sintel_trailer_2k_1080p24.y4m,159.69,159.99,1.194257,6.5e-05,0.0,189
1,1,1,0,1,0,1,1,0,1,0,0,4,15,0,sintel_trailer_2k_1080p24.y4m,121.75,121.768,0.12775,5.8e-05,0.0,132
1,1,1,1,0,0,0,0,1,1,0,1,8,0,0,sintel_trailer_2k_1080p24.y4m,213.38,212.666,1.641837,6.8e-05,0.0,169
1,0,1,0,0,1,0,0,0,0,0,0,1,5,6,sintel_trailer_2k_1080p24.y4m,133.54,133.522,0.23435,6.6e-05,0.0,33
1,0,1,1,0,0,0,0,0,0,1,1,8,15,0,sintel_trailer_2k_1080p24.y4m,100.34,100.314,0.688898,6.4e-05,0.0,205
1,0,1,1,0,0,0,0,0,1,0,1,2,0,0,sintel_trailer_2k_1080p24.y4m,174.9,174.442,1.321276,6.3e-05,0.0,245
1,1,1,0,1,0,1,1,0,0,1,1,1,15,0,sintel_trailer_2k_1080p24.y4m,121.74,121.728,0.11606,5.8e-05,0.0,298
1,0,1,1,0,0,1,0,0,1,1,0,2,5,6,sintel_trailer_2k_1080p24.y4m,113.83,113.628,0.722579,6.5e-05,0.0,163
1,1,1,1,0,0,0,1,0,0,0,0,1,5,0,sintel_trailer_2k_1080p24.y4m,254.88,253.548,1.871863,6.5e-05,0.0,123
1,0,1,0,0,1,1,0,0,1,0,0,4,15,0,sintel_trailer_2k_1080p24.y4m,151.29,150.342,1.32579,6.5e-05,0.0,4
1,0,1,0,0,1,1,0,0,1,1,0,8,5,6,sintel_trailer_2k_1080p24.y4m,87.64,87.316,0.582177,6.6e-05,0.0,141
1,1,1,0,1,0,0,1,0,1,0,0,8,5,6,sintel_trailer_2k_1080p24.y4m,131.73,132.384,1.046007,6.4e-05,0.0,129
1,1,1,0,1,0,1,1,0,1,1,0,4,5,3,sintel_trailer_2k_1080p24.y4m,97.54,97.612,0.290121,5.8e-05,0.0,159
1,0,1,0,0,1,1,0,0,1,0,0,1,0,0,sintel_trailer_2k_1080p24.y4m,148.68,149.24,1.329793,6.5e-05,0.0,22
1,0,1,0,0,1,0,0,0,1,0,1,2,0,6,sintel_trailer_2k_1080p24.y4m,135.69,134.836,1.406478,6.6e-05,0.0,175
1,1,1,1,0,0,0,1,0,1,1,1,8,5,6,sintel_trailer_2k_1080p24.y4m,184.65,184.55,0.480416,6.5e-05,0.0,151
1,1,1,0,1,0,0,1,0,0,1,0,2,5,0,sintel_trailer_2k_1080p24.y4m,81.55,81.568,0.064576,6.6e-05,0.0,52
1,0,1,0,0,1,0,0,0,0,0,1,4,0,3,sintel_trailer_2k_1080p24.y4m,133.73,134.266,1.163606,6.6e-05,0.0,108
1,0,1,0,1,0,1,0,0,0,0,1,8,15,0,sintel_trailer_2k_1080p24.y4m,70.64,70.68,0.11158,6.5e-05,0.0,72
1,0,1,1,0,0,1,0,0,1,1,0,8,0,6,sintel_trailer_2k_1080p24.y4m,112.33,112.534,0.584577,6.5e-05,0.0,248
1,1,1,1,0,0,1,1,0,1,1,0,8,5,6,sintel_trailer_2k_1080p24.y4m,183.1,183.246,0.64349,5.6e-05,0.0,174
1,0,1,1,0,0,1,0,0,1,1,1,8,0,3,sintel_trailer_2k_1080p24.y4m,112.52,112.716,0.603515,6.5e-05,0.0,130
1,1,1,0,1,0,1,1,0,1,1,1,8,15,0,sintel_trailer_2k_1080p24.y4m,82.77,82.734,0.422528,5.8e-05,0.0,168
1,0,1,0,0,1,1,0,0,1,0,1,8,0,6,sintel_trailer_2k_1080p24.y4m,151.52,150.686,1.601306,6.5e-05,0.0,198
1,0,1,0,0,1,1,0,0,1,1,0,1,0,3,sintel_trailer_2k_1080p24.y4m,150.51,150.122,1.161409,6.6e-05,0.0,83
1,1,1,1,0,0,1,1,0,0,1,0,1,0,3,sintel_trailer_2k_1080p24.y4m,249.37,248.208,2.005473,5.8e-05,0.0,291
1,0,1,0,1,0,0,0,0,1,1,0,1,0,6,sintel_trailer_2k_1080p24.y4m,60.95,61.25,0.476235,6.2e-05,0.0,237
1,0,1,0,0,1,0,0,0,1,1,1,2,15,3,sintel_trailer_2k_1080p24.y4m,81.03,80.758,0.557243,6.6e-05,0.0,90
1,1,1,1,0,0,1,1,0,0,0,1,1,15,0,sintel_trailer_2k_1080p24.y4m,245.22,245.662,1.742662,5.8e-05,0.0,87
1,0,1,1,0,0,1,0,0,1,0,0,1,5,0,sintel_trailer_2k_1080p24.y4m,194.84,195.612,1.602769,6.5e-05,0.0,74
1,0,1,0,0,1,0,0,0,1,0,0,2,0,3,sintel_trailer_2k_1080p24.y4m,133.37,132.628,1.35208,6.6e-05,0.0,201
1,0,1,0,1,0,0,0,0,1,0,1,1,0,0,sintel_trailer_2k_1080p24.y4m,62.44,62.652,0.512952,6.3e-05,0.0,183
1,0,1,1,0,0,0,0,0,0,0,0,4,0,6,sintel_trailer_2k_1080p24.y4m,171.14,171.696,1.26429,6.3e-05,0.0,227
1,1,1,0,1,0,1,1,0,0,0,0,1,15,6,sintel_trailer_2k_1080p24.y4m,160.78,161.606,1.277431,5.7e-05,0.0,222
1,0,1,0,0,1,0,0,0,0,1,0,8,0,6,sintel_trailer_2k_1080p24.y4m,80.78,80.334,0.824942,6.6e-05,0.0,55
1,0,1,1,0,0,0,0,0,0,1,1,2,5,0,sintel_trailer_2k_1080p24.y4m,100.76,100.602,0.795248,6.4e-05,0.0,142
1,0,1,1,0,0,1,0,0,1,0,1,1,5,6,sintel_trailer_2k_1080p24.y4m,197.25,196.378,1.735532,6.6e-05,0.0,124
1,0,1,1,0,0,1,0,0,0,0,0,8,0,0,sintel_trailer_2k_1080p24.y4m,195.04,195.77,1.573388,6.5e-05,0.0,95
1,0,1,1,0,0,1,0,0,1,0,0,2,15,0,sintel_trailer_2k_1080p24.y4m,194.88,195.226,1.27302,6.5e-05,0.0,241
1,0,1,0,1,0,0,0,0,0,1,1,1,5,3,sintel_trailer_2k_1080p24.y4m,62.2,62.382,0.475994,6.4e-05,0.0,289
1,0,1,1,0,0,1,0,0,1,1,0,1,5,0,sintel_trailer_2k_1080p24.y4m,197.25,196.414,1.510142,6.5e-05,0.0,278
1,1,1,0,1,0,0,1,0,1,1,0,1,0,6,sintel_trailer_2k_1080p24.y4m,115.72,116.352,0.986392,6.6e-05,0.0,176
1,0,1,0,0,1,1,0,0,0,1,0,8,5,0,sintel_trailer_2k_1080p24.y4m,86.99,87.142,0.683279,6.6e-05,0.0,122
1,0,1,0,0,1,0,0,0,0,1,0,4,0,6,sintel_trailer_2k_1080p24.y4m,80.46,80.342,0.359611,6.6e-05,0.0,30
1,1,1,0,1,0,0,1,0,0,0,0,2,0,6,sintel_trailer_2k_1080p24.y4m,115.94,115.26,1.023474,6.5e-05,0.0,251
1,0,1,1,0,0,0,0,0,0,0,1,1,0,0,sintel_trailer_2k_1080p24.y4m,173.67,172.886,1.322244,6.3e-05,0.0,120
1,0,1,1,0,0,0,0,0,0,0,1,2,15,6,sintel_trailer_2k_1080p24.y4m,171.23,171.852,1.709962,6.3e-05,0.0,144
1,0,1,0,1,0,1,0,0,0,0,0,1,0,3,sintel_trailer_2k_1080p24.y4m,69.5,69.738,0.508744,6.5e-05,0.0,265
1,1,1,0,1,0,0,1,0,0,1,0,2,0,6,sintel_trailer_2k_1080p24.y4m,79.04,79.228,0.376723,6.6e-05,0.0,260
1,1,1,0,1,0,0,1,0,0,0,1,1,0,3,sintel_trailer_2k_1080p24.y4m,116.65,116.886,0.810944,6.5e-05,0.0,78
1,0,1,0,1,0,0,0,0,0,1,1,8,15,3,sintel_trailer_2k_1080p24.y4m,36.13,36.17,0.281514,6.2e-05,0.0,84
1,0,1,1,0,0,1,0,0,1,0,0,4,15,3,sintel_trailer_2k_1080p24.y4m,196.88,196.06,1.547304,6.5e-05,0.0,296
1,0,1,0,0,1,0,0,0,0,0,1,2,5,6,sintel_trailer_2k_1080p24.y4m,132.85,133.922,1.559061,6.6e-05,0.0,232
1,0,1,0,0,1,1,0,0,0,1,0,4,15,6,sintel_trailer_2k_1080p24.y4m,87.37,87.472,0.577469,6.6e-05,0.0,213
1,1,1,0,1,0,0,1,0,0,1,1,8,15,3,sintel_trailer_2k_1080p24.y4m,128.28,128.28,0.471964,6.5e-05,0.0,94
1,0,1,0,1,0,0,0,0,0,1,1,1,5,0,sintel_trailer_2k_1080p24.y4m,62.2,62.226,0.065803,6.4e-05,0.0,178
1,0,1,1,0,0,1,0,0,1,0,0,4,0,0,sintel_trailer_2k_1080p24.y4m,196.63,196.382,1.283304,6.5e-05,0.0,127
1,1,1,0,1,0,1,1,0,0,1,0,8,5,6,sintel_trailer_2k_1080p24.y4m,94.76,94.776,0.224789,5.7e-05,0.0,111
1,0,1,0,1,0,0,0,0,0,0,1,1,0,6,sintel_trailer_2k_1080p24.y4m,62.87,62.906,0.102616,6.3e-05,0.0,92
1,1,1,1,0,0,0,1,0,0,1,0,8,15,6,sintel_trailer_2k_1080p24.y4m,227.34,227.914,1.037536,6.4e-05,0.0,54
1,0,1,0,0,1,0,0,0,0,0,1,2,15,0,sintel_trailer_2k_1080p24.y4m,133.5,133.512,0.31364,6.6e-05,0.0,45
1,0,1,1,0,0,0,0,0,1,0,0,4,0,6,sintel_trailer_2k_1080p24.y4m,172.14,171.422,1.341481,6.3e-05,0.0,226
1,1,1,1,0,0,1,1,0,1,0,0,8,5,0,sintel_trailer_2k_1080p24.y4m,260.07,259.458,2.078887,5.8e-05,0.0,200
1,0,1,0,0,1,1,0,0,1,0,1,8,5,6,sintel_trailer_2k_1080p24.y4m,149.69,149.758,0.881743,6.5e-05,0.0,59
1,1,1,0,1,0,1,0,1,0,0,1,2,0,0,sintel_trailer_2k_1080p24.y4m,98.45,98.82,0.824924,6.2e-05,0.0,19
1,1,1,1,0,0,0,1,0,1,0,0,2,15,0,sintel_trailer_2k_1080p24.y4m,252.03,253.232,2.111248,6.5e-05,0.0,47
1,1,1,0,1,0,1,1,0,0,0,1,4,5,6,sintel_trailer_2k_1080p24.y4m,133.88,134.238,1.051485,5.8e-05,0.0,32
1,1,1,0,1,0,0,1,0,1,0,0,1,5,6,sintel_trailer_2k_1080p24.y4m,133.41,133.09,0.811511,6.4e-05,0.0,170
1,0,1,0,0,1,0,0,0,1,1,0,1,15,0,sintel_trailer_2k_1080p24.y4m,138.09,137.468,1.494513,6.6e-05,0.0,270
1,0,1,1,0,0,1,0,0,1,0,1,4,15,6,sintel_trailer_2k_1080p24.y4m,194.91,195.648,1.500956,6.6e-05,0.0,207
1,1,1,0,1,0,0,1,0,1,1,1,1,5,6,sintel_trailer_2k_1080p24.y4m,132.11,132.806,1.140671,6.5e-05,0.0,43
1,0,1,0,1,0,1,0,0,0,1,1,1,0,3,sintel_trailer_2k_1080p24.y4m,68.82,69.248,0.632392,6.5e-05,0.0,40
1,1,1,0,1,0,0,1,0,0,1,1,1,5,3,sintel_trailer_2k_1080p24.y4m,133.76,134.006,0.927405,6.5e-05,0.0,117
1,0,1,0,0,1,0,0,0,0,1,0,8,15,6,sintel_trailer_2k_1080p24.y4m,81.17,80.928,0.501169,6.6e-05,0.0,253
1,0,1,1,0,0,0,0,0,1,0,0,1,15,3,sintel_trailer_2k_1080p24.y4m,173.05,172.716,1.418813,6.3e-05,0.0,68
1,1,1,1,0,0,0,1,0,1,1,1,1,15,6,sintel_trailer_2k_1080p24.y4m,321.69,320.316,2.066417,6.4e-05,0.0,186
1,1,1,0,1,0,1,1,0,0,0,1,8,15,3,sintel_trailer_2k_1080p24.y4m,165.65,165.048,1.137066,5.8e-05,0.0,288
1,1,1,0,1,0,0,1,0,0,0,0,2,0,0,sintel_trailer_2k_1080p24.y4m,114.08,114.792,1.238192,6.5e-05,0.0,15
1,0,1,1,0,0,0,0,0,0,1,1,2,15,3,sintel_trailer_2k_1080p24.y4m,100.63,100.754,1.147118,6.4e-05,0.0,82
1,1,1,1,0,0,0,1,0,0,0,0,4,15,6,sintel_trailer_2k_1080p24.y4m,325.09,323.968,2.218382,6.4e-05,0.0,211
1,0,1,0,1,0,1,0,0,1,1,1,8,15,6,sintel_trailer_2k_1080p24.y4m,41.85,41.866,0.146731,6.5e-05,0.0,177
1,1,1,0,1,0,0,1,0,1,1,1,2,5,3,sintel_trailer_2k_1080p24.y4m,95.82,95.876,0.241516,6.5e-05,0.0,210
1,0,1,1,0,0,0,0,0,1,1,1,2,0,3,sintel_trailer_2k_1080p24.y4m,99.62,99.928,0.809858,6.4e-05,0.0,13
1,0,1,0,1,0,1,0,0,0,0,1,2,15,3,sintel_trailer_2k_1080p24.y4m,69.39,69.73,0.541064,6.5e-05,0.0,228
1,0,1,0,1,0,1,0,0,1,1,0,4,5,3,sintel_trailer_2k_1080p24.y4m,41.94,41.89,0.197104,6.5e-05,0.0,38
1,1,1,1,0,0,0,1,0,0,0,1,4,15,6,sintel_trailer_2k_1080p24.y4m,315.57,316.638,1.997428,6.4e-05,0.0,29
1,1,1,1,0,0,1,0,1,1,0,0,8,0,0,sintel_trailer_2k_1080p24.y4m,223.98,225.176,1.872226,6.1e-05,0.0,24
1,1,1,1,0,0,0,1,0,0,0,0,8,5,6,sintel_trailer_2k_1080p24.y4m,263.56,264.412,1.846109,6.4e-05,0.0,293
1,1,1,1,0,0,0,1,0,0,1,0,2,5,6,sintel_trailer_2k_1080p24.y4m,184.51,184.176,0.581231,6.5e-05,0.0,67
1,1,1,0,1,0,0,1,0,1,0,1,2,5,0,sintel_trailer_2k_1080p24.y4m,122.68,121.816,1.266167,6.5e-05,0.0,199
1,0,1,0,0,1,1,0,0,1,1,0,8,15,3,sintel_trailer_2k_1080p24.y4m,87.19,86.916,0.660818,6.6e-05,0.0,244
1,0,1,0,0,1,1,0,0,0,0,0,8,15,0,sintel_trailer_2k_1080p24.y4m,151.47,150.724,1.684096,6.5e-05,0.0,80
1,1,1,1,0,0,1,1,0,1,1,1,2,0,3,sintel_trailer_2k_1080p24.y4m,158.2,157.752,1.600194,5.8e-05,0.0,223
1,1,1,0,1,0,1,1,0,0,1,0,8,5,0,sintel_trailer_2k_1080p24.y4m,83.04,82.894,0.382727,5.8e-05,0.0,121
1,0,1,1,0,0,1,0,0,0,0,0,8,5,3,sintel_trailer_2k_1080p24.y4m,196.91,196.6,1.233896,6.5e-05,0.0,261
1,0,1,1,0,0,1,0,0,1,1,0,1,5,6,sintel_trailer_2k_1080p24.y4m,197.51,196.748,1.701123,6.5e-05,0.0,156
1,1,1,1,0,0,0,1,0,0,1,0,4,15,3,sintel_trailer_2k_1080p24.y4m,231.45,231.756,1.12791,6.5e-05,0.0,271
1,1,1,1,0,0,1,1,0,1,0,0,2,15,3,sintel_trailer_2k_1080p24.y4m,324.3,323.34,1.871056,5.7e-05,0.0,9
1,1,1,1,0,0,1,1,0,1,0,1,1,0,0,sintel_trailer_2k_1080p24.y4m,245.99,246.834,2.12016,5.8e-05,0.0,165
1,0,1,0,0,1,1,0,0,1,0,0,1,15,6,sintel_trailer_2k_1080p24.y4m,147.84,148.884,1.62958,6.5e-05,0.0,126
1,0,1,1,0,0,1,0,0,1,1,1,8,5,0,sintel_trailer_2k_1080p24.y4m,112.92,112.946,0.492778,6.5e-05,0.0,280
1,0,1,1,0,0,0,0,0,1,1,0,2,5,3,sintel_trailer_2k_1080p24.y4m,100.38,100.422,0.555671,6.4e-05,0.0,172
1,0,1,0,1,0,1,0,0,0,0,0,1,15,6,sintel_trailer_2k_1080p24.y4m,69.55,69.938,0.708886,6.5e-05,0.0,292
1,0,1,0,0,1,0,0,0,1,0,1,1,0,3,sintel_trailer_2k_1080p24.y4m,135.08,133.994,1.583787,6.6e-05,0.0,179
1,0,1,0,0,1,1,0,0,1,0,1,2,0,3,sintel_trailer_2k_1080p24.y4m,151.55,150.51,1.577767,6.5e-05,0.0,272
1,0,1,0,0,1,1,0,0,0,1,0,4,5,0,sintel_trailer_2k_1080p24.y4m,86.64,86.628,0.276713,6.6e-05,0.0,105
1,0,1,0,1,0,0,0,0,0,0,0,1,0,3,sintel_trailer_2k_1080p24.y4m,63.73,63.564,0.398723,6.3e-05,0.0,76
1,0,1,1,0,0,1,0,0,0,1,0,4,15,3,sintel_trailer_2k_1080p24.y4m,112.75,112.952,0.7272,6.5e-05,0.0,197
1,1,1,1,0,0,1,1,0,0,1,0,1,15,0,sintel_trailer_2k_1080p24.y4m,254.8,254.166,1.790902,5.8e-05,0.0,221
1,1,1,1,0,0,1,1,0,0,1,0,8,15,6,sintel_trailer_2k_1080p24.y4m,228.64,228.61,0.502444,5.7e-05,0.0,167
1,1,1,0,1,0,0,1,0,1,0,1,4,15,6,sintel_trailer_2k_1080p24.y4m,157.9,158.536,0.913745,6.4e-05,0.0,136
1,1,1,1,0,0,0,1,0,1,0,1,8,15,6,sintel_trailer_2k_1080p24.y4m,315.61,316.59,1.990528,6.4e-05,0.0,243
1,0,1,0,1,0,0,0,0,1,0,1,8,15,6,sintel_trailer_2k_1080p24.y4m,62.6,62.396,0.536311,6.3e-05,0.0,60
1,0,1,1,0,0,0,0,0,1,0,1,2,0,6,sintel_trailer_2k_1080p24.y4m,171.57,171.95,0.989116,6.3e-05,0.0,110
1,1,1,1,0,0,1,1,0,1,0,0,1,15,6,sintel_trailer_2k_1080p24.y4m,321.66,320.666,1.992468,5.7e-05,0.0,35
1,0,1,1,0,0,1,0,0,0,1,1,2,5,6,sintel_trailer_2k_1080p24.y4m,113.12,113.518,1.044806,6.5e-05,0.0,235
1,0,1,1,0,0,0,0,0,1,0,0,1,0,3,sintel_trailer_2k_1080p24.y4m,171.69,172.728,1.587929,6.3e-05,0.0,44
1,1,1,0,1,0,1,1,0,0,1,0,4,15,3,sintel_trailer_2k_1080p24.y4m,127.43,127.474,0.428754,5.7e-05,0.0,256
1,0,1,0,0,1,0,0,0,0,1,1,8,0,0,sintel_trailer_2k_1080p24.y4m,81.16,81.022,0.531714,6.6e-05,0.0,192
1,0,1,0,1,0,0,0,0,0,1,1,2,0,0,sintel_trailer_2k_1080p24.y4m,36.48,36.54,0.168671,6.2e-05,0.0,41
1,0,1,1,0,0,0,0,0,0,1,0,4,5,0,sintel_trailer_2k_1080p24.y4m,100.88,101.1,0.688586,6.4e-05,0.0,37
1,0,1,0,0,1,0,0,0,0,0,0,4,5,0,sintel_trailer_2k_1080p24.y4m,133.13,132.71,1.066372,6.6e-05,0.0,26
1,1,1,1,0,0,0,1,0,0,0,0,1,0,3,sintel_trailer_2k_1080p24.y4m,245.6,244.314,2.130934,6.5e-05,0.0,273
1,1,1,1,0,0,1,1,0,0,0,1,1,5,6,sintel_trailer_2k_1080p24.y4m,268.93,269.816,1.873574,5.6e-05,0.0,233
1,1,1,0,1,0,1,1,0,0,1,1,8,0,0,sintel_trailer_2k_1080p24.y4m,83.29,83.434,0.392658,5.8e-05,0.0,101
1,0,1,1,0,0,0,0,0,0,0,1,2,5,3,sintel_trailer_2k_1080p24.y4m,171.75,171.906,1.142204,6.3e-05,0.0,39
1,1,1,0,1,0,0,1,0,0,0,1,1,15,0,sintel_trailer_2k_1080p24.y4m,120.58,120.544,0.121984,6.5e-05,0.0,106
1,1,1,0,1,0,0,0,1,1,0,0,1,0,0,sintel_trailer_2k_1080p24.y4m,92.68,92.212,0.75807,6.9e-05,0.0,242
1,1,1,1,0,0,1,1,0,0,1,0,2,15,0,sintel_trailer_2k_1080p24.y4m,159.32,159.358,0.529736,5.8e-05,0.0,193
1,0,1,0,1,0,1,0,0,0,1,0,1,15,6,sintel_trailer_2k_1080p24.y4m,70.11,69.934,0.423356,6.5e-05,0.0,103
1,1,1,0,1,0,0,1,0,1,1,1,8,5,6,sintel_trailer_2k_1080p24.y4m,94.9,94.8,0.445926,6.5e-05,0.0,1
1,0,1,1,0,0,0,0,0,1,1,1,1,0,0,sintel_trailer_2k_1080p24.y4m,173.59,173.064,1.199929,6.4e-05,0.0,61
1,1,1,1,0,0,0,0,1,0,0,0,2,0,0,sintel_trailer_2k_1080p24.y4m,215.7,214.884,1.602055,6.8e-05,0.0,56
1,1,1,0,1,0,0,1,0,0,1,0,8,15,3,sintel_trailer_2k_1080p24.y4m,127.98,128.034,0.259095,6.5e-05,0.0,148
1,0,1,0,1,0,0,0,0,1,0,1,2,5,0,sintel_trailer_2k_1080p24.y4m,63.06,62.774,0.471466,6.3e-05,0.0,112
1,0,1,0,1,0,1,0,0,0,1,0,8,15,3,sintel_trailer_2k_1080p24.y4m,41.75,41.61,0.34322,6.5e-05,0.0,300
1,0,1,0,1,0,0,0,0,1,1,0,4,15,0,sintel_trailer_2k_1080p24.y4m,36.24,36.344,0.347174,6.2e-05,0.0,249
1,0,1,0,1,0,0,0,0,0,0,1,2,0,0,sintel_trailer_2k_1080p24.y4m,62.03,62.3,0.431683,6.3e-05,0.0,20
1,1,1,1,0,0,1,1,0,1,0,1,1,5,0,sintel_trailer_2k_1080p24.y4m,248.73,248.104,1.758317,5.8e-05,0.0,104
1,1,1,1,0,0,0,1,0,1,1,1,8,15,6,sintel_trailer_2k_1080p24.y4m,228.9,228.776,0.574656,6.4e-05,0.0,131
1,0,1,1,0,0,0,0,0,0,0,0,2,0,3,sintel_trailer_2k_1080p24.y4m,170.27,171.048,1.740796,6.3e-05,0.0,69
1,0,1,0,1,0,1,0,0,0,0,0,2,0,3,sintel_trailer_2k_1080p24.y4m,70.34,70.036,0.638224,6.5e-05,0.0,220
1,1,1,1,0,0,1,1,0,1,1,1,8,15,6,sintel_trailer_2k_1080p24.y4m,228.25,228.026,0.595466,5.7e-05,0.0,11
1,1,1,1,0,0,1,1,0,1,0,0,4,15,6,sintel_trailer_2k_1080p24.y4m,317.51,318.82,2.095292,5.7e-05,0.0,258
1,0,1,0,1,0,1,0,0,0,0,0,2,15,3,sintel_trailer_2k_1080p24.y4m,69.58,69.964,0.582177,6.5e-05,0.0,65
1,0,1,0,0,1,1,0,0,0,0,0,2,15,0,sintel_trailer_2k_1080p24.y4m,151.37,150.444,1.712653,6.5e-05,0.0,160
1,0,1,0,0,1,1,0,0,0,0,0,8,0,0,sintel_trailer_2k_1080p24.y4m,151.25,150.392,1.290628,6.5e-05,0.0,238
1,1,1,1,0,0,0,1,0,0,0,0,4,0,0,sintel_trailer_2k_1080p24.y4m,240.72,241.812,2.031679,6.5e-05,0.0,57
1,1,1,0,1,0,0,1,0,1,0,1,2,0,0,sintel_trailer_2k_1080p24.y4m,118.8,118.784,0.141174,6.5e-05,0.0,79
1,0,1,0,1,0,1,0,0,0,1,0,4,15,3,sintel_trailer_2k_1080p24.y4m,41.45,41.452,0.303595,6.5e-05,0.0,224
1,1,1,0,1,0,0,1,0,1,0,0,2,0,3,sintel_trailer_2k_1080p24.y4m,114.89,115.5,1.132828,6.5e-05,0.0,48
1,0,1,0,1,0,1,0,0,0,0,1,8,0,6,sintel_trailer_2k_1080p24.y4m,69.58,69.712,0.382845,6.5e-05,0.0,173
1,1,1,1,0,0,1,1,0,0,1,1,1,0,0,sintel_trailer_2k_1080p24.y4m,244.21,243.478,1.679128,5.7e-05,0.0,283
1,0,1,0,1,0,0,0,0,0,0,0,1,0,6,sintel_trailer_2k_1080p24.y4m,62.71,62.882,0.49932,6.3e-05,0.0,190
1,0,1,0,1,0,1,0,0,1,1,1,4,0,6,sintel_trailer_2k_1080p24.y4m,41.16,41.186,0.206712,6.5e-05,0.0,259
1,0,1,1,0,0,0,0,0,0,0,1,1,15,3,sintel_trailer_2k_1080p24.y4m,174.29,173.792,1.203586,6.3e-05,0.0,7
1,0,1,0,0,1,0,0,0,0,0,1,2,5,0,sintel_trailer_2k_1080p24.y4m,133.37,133.82,1.206793,6.6e-05,0.0,73
1,1,1,1,0,0,1,1,0,0,0,0,2,0,6,sintel_trailer_2k_1080p24.y4m,262.29,262.286,0.266327,5.7e-05,0.0,63
1,0,1,0,0,1,1,0,0,1,1,0,2,15,3,sintel_trailer_2k_1080p24.y4m,87.39,87.394,0.469979,6.6e-05,0.0,284
1,0,1,1,0,0,1,0,0,1,0,1,8,15,6,sintel_trailer_2k_1080p24.y4m,194.32,194.998,1.143031,6.6e-05,0.0,250
1,1,1,0,1,0,0,1,0,0,0,0,2,5,0,sintel_trailer_2k_1080p24.y4m,122.05,121.388,1.039889,6.5e-05,0.0,209
1,0,1,0,1,0,1,0,0,0,0,1,4,5,3,sintel_trailer_2k_1080p24.y4m,69.92,70.276,0.541322,6.5e-05,0.0,138
1,1,1,1,0,0,0,0,1,1,1,0,1,0,0,sintel_trailer_2k_1080p24.y4m,205.79,206.766,1.683473,6.8e-05,0.0,135
1,1,1,1,0,0,1,1,0,1,1,0,4,5,3,sintel_trailer_2k_1080p24.y4m,181.13,181.198,0.567512,5.8e-05,0.0,264
1,1,1,1,0,0,0,1,0,1,1,0,2,0,6,sintel_trailer_2k_1080p24.y4m,156.74,156.528,1.059207,6.5e-05,0.0,215
1,0,1,0,0,1,0,0,0,0,1,1,4,5,3,sintel_trailer_2k_1080p24.y4m,80.18,80.352,0.312602,6.6e-05,0.0,50
1,0,1,1,0,0,0,0,0,1,1,0,4,0,6,sintel_trailer_2k_1080p24.y4m,100.71,100.822,0.567776,6.4e-05,0.0,98
1,1,1,1,0,0,0,1,0,1,1,0,1,15,0,sintel_trailer_2k_1080p24.y4m,249.89,251.294,2.317095,6.5e-05,0.0,140
1,1,1,1,0,0,0,1,0,0,1,1,1,0,3,sintel_trailer_2k_1080p24.y4m,242.23,243.646,2.412391,6.5e-05,0.0,113
1,0,1,0,1,0,1,0,0,1,1,0,1,0,6,sintel_trailer_2k_1080p24.y4m,69.52,69.824,0.663498,6.5e-05,0.0,3
1,0,1,0,0,1,0,0,0,1,1,1,8,0,0,sintel_trailer_2k_1080p24.y4m,80.43,80.758,0.683352,6.6e-05,0.0,149
1,0,1,1,0,0,0,0,0,0,1,1,8,5,6,sintel_trailer_2k_1080p24.y4m,99.93,99.968,0.656978,6.4e-05,0.0,153
1,1,1,1,0,0,1,1,0,1,1,0,2,15,6,sintel_trailer_2k_1080p24.y4m,228.72,228.754,0.580801,5.7e-05,0.0,133
1,0,1,1,0,0,0,0,0,0,0,0,1,0,3,sintel_trailer_2k_1080p24.y4m,173.07,172.564,1.471863,6.3e-05,0.0,191
1,1,1,0,1,0,0,1,0,1,0,1,1,0,6,sintel_trailer_2k_1080p24.y4m,118.35,117.702,1.101304,6.5e-05,0.0,100
1,0,1,1,0,0,1,0,0,0,1,0,4,0,3,sintel_trailer_2k_1080p24.y4m,113.38,112.988,0.840488,6.5e-05,0.0,85
1,0,1,0,0,1,1,0,0,0,0,0,2,0,3,sintel_trailer_2k_1080p24.y4m,148.93,149.396,1.113162,6.5e-05,0.0,88
1,0,1,0,1,0,1,0,0,1,1,0,4,15,6,sintel_trailer_2k_1080p24.y4m,41.31,41.218,0.269295,6.5e-05,0.0,31
1,0,1,0,0,1,1,0,0,0,0,0,4,5,3,sintel_trailer_2k_1080p24.y4m,151.58,150.768,1.444548,6.5e-05,0.0,134
1,1,1,0,1,0,1,1,0,1,1,1,8,0,3,sintel_trailer_2k_1080p24.y4m,83.33,83.068,0.37917,5.8e-05,0.0,147
1,1,1,1,0,0,0,1,0,0,1,1,4,15,6,sintel_trailer_2k_1080p24.y4m,227.99,228.094,0.651751,6.4e-05,0.0,275
1,0,1,0,0,1,1,0,0,0,1,0,4,15,3,sintel_trailer_2k_1080p24.y4m,85.92,86.368,0.755758,6.6e-05,0.0,143
1,1,1,0,1,0,1,1,0,1,0,0,1,5,6,sintel_trailer_2k_1080p24.y4m,133.58,133.98,0.933033,5.8e-05,0.0,8
1,1,1,1,0,0,1,1,0,0,1,1,4,5,3,sintel_trailer_2k_1080p24.y4m,183.12,182.998,0.599475,5.8e-05,0.0,216
1,0,1,1,0,0,1,0,0,1,0,0,1,0,3,sintel_trailer_2k_1080p24.y4m,197.16,196.214,1.799869,6.5e-05,0.0,214
1,0,1,0,0,1,0,0,0,0,0,0,1,5,0,sintel_trailer_2k_1080p24.y4m,132.55,132.204,1.176448,6.6e-05,0.0,17
1,0,1,0,0,1,1,0,0,0,0,0,1,5,0,sintel_trailer_2k_1080p24.y4m,150.17,149.584,1.462799,6.5e-05,0.0,206
1,0,1,0,1,0,0,0,0,1,1,1,8,15,0,sintel_trailer_2k_1080p24.y4m,36.3,36.412,0.264896,6.2e-05,0.0,36
1,1,1,0,1,0,1,1,0,0,0,0,4,15,3,sintel_trailer_2k_1080p24.y4m,169.53,168.982,1.136803,5.8e-05,0.0,6
1,0,1,1,0,0,1,0,0,0,0,1,1,0,6,sintel_trailer_2k_1080p24.y4m,196.86,195.948,1.928619,6.6e-05,0.0,5
1,0,1,1,0,0,1,0,0,0,0,0,8,15,6,sintel_trailer_2k_1080p24.y4m,194.75,195.708,2.052516,6.5e-05,0.0,164
1,0,1,0,0,1,0,0,0,1,0,0,8,0,6,sintel_trailer_2k_1080p24.y4m,133.55,132.694,1.367344,6.6e-05,0.0,97
1,0,1,1,0,0,0,0,0,0,1,0,2,5,3,sintel_trailer_2k_1080p24.y4m,100.09,99.952,0.355837,6.4e-05,0.0,236
1,1,1,0,1,0,1,1,0,0,0,0,8,5,0,sintel_trailer_2k_1080p24.y4m,124.11,124.156,0.144672,5.8e-05,0.0,71
1,1,1,0,1,0,1,1,0,1,0,1,2,0,3,sintel_trailer_2k_1080p24.y4m,121.59,122.358,1.14209,5.7e-05,0.0,295
1,0,1,1,0,0,1,0,0,1,1,0,8,5,3,sintel_trailer_2k_1080p24.y4m,113.91,113.442,1.196796,6.5e-05,0.0,286
1,0,1,0,1,0,0,0,0,0,0,1,1,5,0,sintel_trailer_2k_1080p24.y4m,62.0,62.142,0.394677,6.3e-05,0.0,34
1,0,1,0,1,0,1,0,0,1,1,1,1,5,3,sintel_trailer_2k_1080p24.y4m,68.9,69.272,0.528933,6.5e-05,0.0,240
1,0,1,0,0,1,1,0,0,0,0,1,4,15,3,sintel_trailer_2k_1080p24.y4m,151.52,150.706,1.743396,6.5e-05,0.0,18
1,0,1,0,1,0,0,0,0,0,1,0,8,0,6,sintel_trailer_2k_1080p24.y4m,36.58,36.408,0.292438,6.2e-05,0.0,102
1,1,1,1,0,0,1,0,1,0,1,0,4,0,0,sintel_trailer_2k_1080p24.y4m,136.22,136.118,1.045069,6.3e-05,0.0,51
1,1,1,1,0,0,1,1,0,0,0,1,4,15,6,sintel_trailer_2k_1080p24.y4m,321.14,320.57,1.665893,5.7e-05,0.0,282
1,0,1,0,1,0,1,0,0,1,1,1,1,0,3,sintel_trailer_2k_1080p24.y4m,70.19,69.848,0.5712,6.5e-05,0.0,77
1,0,1,1,0,0,1,0,0,0,1,0,2,0,3,sintel_trailer_2k_1080p24.y4m,113.82,113.566,0.756954,6.5e-05,0.0,128
1,1,1,0,1,0,1,1,0,0,0,0,2,5,3,sintel_trailer_2k_1080p24.y4m,139.7,140.29,1.077775,5.8e-05,0.0,234
1,0,1,1,0,0,0,0,0,0,1,1,1,0,0,sintel_trailer_2k_1080p24.y4m,173.94,173.474,1.451217,6.4e-05,0.0,252
1,0,1,1,0,0,1,0,0,0,0,1,4,0,3,sintel_trailer_2k_1080p24.y4m,194.68,194.82,0.832076,6.6e-05,0.0,28
1,0,1,0,0,1,1,0,0,1,1,1,8,15,3,sintel_trailer_2k_1080p24.y4m,86.75,86.918,0.485459,6.6e-05,0.0,139
1,0,1,0,0,1,0,0,0,0,0,1,1,5,0,sintel_trailer_2k_1080p24.y4m,133.11,133.57,1.081504,6.6e-05,0.0,158
1,1,1,0,1,0,1,1,0,1,0,1,8,5,3,sintel_trailer_2k_1080p24.y4m,140.05,139.624,1.066082,5.8e-05,0.0,152
1,0,1,1,0,0,1,0,0,1,0,0,2,0,6,sintel_trailer_2k_1080p24.y4m,192.95,193.312,1.59332,6.5e-05,0.0,12
1,1,1,0,1,0,0,1,0,0,0,1,4,15,3,sintel_trailer_2k_1080p24.y4m,162.58,163.366,1.122176,6.5e-05,0.0,294
1,1,1,0,1,0,0,1,0,0,0,1,8,15,3,sintel_trailer_2k_1080p24.y4m,164.6,164.232,0.826329,6.5e-05,0.0,154
1,1,1,1,0,0,0,1,0,1,0,0,2,15,6,sintel_trailer_2k_1080p24.y4m,326.49,325.514,1.972886,6.4e-05,0.0,157
1,0,1,1,0,0,1,0,0,1,1,1,2,0,3,sintel_trailer_2k_1080p24.y4m,113.42,113.526,0.334858,6.5e-05,0.0,150
1,1,1,0,1,0,1,1,0,0,1,0,8,0,6,sintel_trailer_2k_1080p24.y4m,83.25,83.24,0.077136,5.8e-05,0.0,287
1,0,1,0,1,0,0,0,0,1,1,0,1,0,3,sintel_trailer_2k_1080p24.y4m,61.37,61.708,0.546964,6.2e-05,0.0,297
1,0,1,0,0,1,0,0,0,1,1,0,8,15,0,sintel_trailer_2k_1080p24.y4m,80.92,80.838,0.384929,6.6e-05,0.0,263
1,1,1,0,1,0,0,1,0,1,1,1,1,5,3,sintel_trailer_2k_1080p24.y4m,135.89,135.542,0.876966,6.5e-05,0.0,255
1,0,1,1,0,0,0,0,0,1,1,0,8,15,3,sintel_trailer_2k_1080p24.y4m,99.09,99.19,0.729075,6.4e-05,0.0,115
1,0,1,0,0,1,1,0,0,1,0,1,4,15,3,sintel_trailer_2k_1080p24.y4m,151.61,150.96,1.248619,6.5e-05,0.0,188
1,0,1,0,0,1,1,0,0,0,0,1,8,0,6,sintel_trailer_2k_1080p24.y4m,151.32,150.576,1.407242,6.5e-05,0.0,212
1,0,1,1,0,0,1,0,0,0,0,1,1,15,3,sintel_trailer_2k_1080p24.y4m,195.26,195.794,1.289217,6.6e-05,0.0,195
1,0,1,0,1,0,0,0,0,0,1,1,2,15,0,sintel_trailer_2k_1080p24.y4m,36.41,36.49,0.174786,6.2e-05,0.0,119
1,0,1,1,0,0,0,0,0,1,0,1,4,15,0,sintel_trailer_2k_1080p24.y4m,173.88,172.846,1.578822,6.3e-05,0.0,58
1,0,1,0,1,0,1,0,0,1,0,1,4,0,6,sintel_trailer_2k_1080p24.y4m,70.29,69.88,0.608276,6.5e-05,0.0,277
1,0,1,0,1,0,1,0,0,0,1,1,4,5,6,sintel_trailer_2k_1080p24.y4m,41.26,41.208,0.321512,6.5e-05,0.0,64
1,1,1,0,1,0,1,1,0,1,0,0,2,0,0,sintel_trailer_2k_1080p24.y4m,120.28,121.016,1.077325,5.8e-05,0.0,285
1,1,1,0,1,0,1,1,0,1,0,0,4,0,0,sintel_trailer_2k_1080p24.y4m,120.46,120.616,0.507425,5.8e-05,0.0,290
1,0,1,1,0,0,0,0,0,1,0,1,8,5,6,sintel_trailer_2k_1080p24.y4m,171.91,172.76,1.711461,6.3e-05,0.0,196
1,1,1,1,0,0,1,0,1,1,1,1,1,0,0,sintel_trailer_2k_1080p24.y4m,235.87,234.592,2.034126,6.3e-05,0.0,93
1,0,1,1,0,0,1,0,0,0,1,1,4,5,6,sintel_trailer_2k_1080p24.y4m,113.22,113.228,0.509578,6.5e-05,0.0,299
1,0,1,1,0,0,0,0,0,1,0,0,2,5,0,sintel_trailer_2k_1080p24.y4m,171.01,172.274,2.057384,6.3e-05,0.0,125
1,1,1,0,1,0,0,1,0,1,0,1,2,15,6,sintel_trailer_2k_1080p24.y4m,157.84,158.426,0.975848,6.4e-05,0.0,21
1,0,1,0,1,0,0,0,0,1,0,1,2,0,0,sintel_trailer_2k_1080p24.y4m,63.05,62.72,0.489336,6.3e-05,0.0,225
1,0,1,0,1,0,0,0,0,1,0,0,2,5,0,crowd_run_1080p50.y4m,300.29,301.676,2.076808,0.000657,0.0,114
1,1,1,1,0,0,0,0,1,0,0,1,1,0,0,crowd_run_1080p50.y4m,915.88,913.538,5.100693,0.000366,0.0,281
1,1,1,1,0,0,0,1,0,1,1,0,2,5,0,crowd_run_1080p50.y4m,511.56,511.844,0.546562,0.000188,0.0,49
1,0,1,0,0,1,1,0,0,0,0,0,2,15,6,crowd_run_1080p50.y4m,679.19,680.484,3.533296,0.000508,0.0,194
1,0,1,1,0,0,0,0,0,0,0,0,2,0,6,crowd_run_1080p50.y4m,798.52,795.716,4.630468,0.000663,0.0,62
1,1,1,0,1,0,0,1,0,1,1,1,1,15,3,crowd_run_1080p50.y4m,22.24,22.21,0.062048,1.8e-05,0.0,91
1,0,1,0,0,1,1,0,0,0,0,0,4,0,6,crowd_run_1080p50.y4m,679.25,680.98,3.560723,0.000508,0.0,107
1,0,1,1,0,0,1,0,0,0,0,1,4,5,3,crowd_run_1080p50.y4m,786.95,784.632,4.859344,0.000513,0.0,181
1,0,1,0,1,0,1,0,0,0,0,0,4,5,0,crowd_run_1080p50.y4m,306.33,306.774,1.307299,0.000506,0.0,247
1,0,1,1,0,0,0,0,0,1,1,0,4,5,3,crowd_run_1080p50.y4m,416.65,416.768,3.424656,0.000663,0.0,166
1,0,1,0,0,1,0,0,0,0,1,1,4,0,0,crowd_run_1080p50.y4m,367.65,367.704,1.329447,0.000659,0.0,25
1,1,1,0,1,0,0,1,0,0,0,1,8,0,6,crowd_run_1080p50.y4m,630.5,632.06,2.794718,0.000378,0.0,203
1,1,1,1,0,0,1,1,0,1,1,1,4,5,6,crowd_run_1080p50.y4m,953.71,953.822,0.559571,0.000389,0.0,219
1,0,1,0,0,1,0,0,0,0,0,0,4,15,0,crowd_run_1080p50.y4m,682.18,683.624,3.403121,0.00066,0.0,162
1,0,1,1,0,0,1,0,0,0,1,0,4,15,6,crowd_run_1080p50.y4m,415.7,417.196,2.157204,0.000514,0.0,182
1,0,1,0,0,1,0,0,0,1,1,0,1,15,6,crowd_run_1080p50.y4m,687.0,688.382,3.575447,0.000659,0.0,10
1,1,1,1,0,0,1,1,0,1,1,1,2,15,0,crowd_run_1080p50.y4m,919.04,920.71,3.579853,0.00039,0.0,14
1,1,1,1,0,0,0,1,0,0,0,1,1,0,6,crowd_run_1080p50.y4m,1447.39,1446.066,3.934963,0.000381,0.0,89
1,1,1,1,0,0,0,1,0,1,1,1,1,5,0,crowd_run_1080p50.y4m,934.97,933.49,4.139112,0.000191,0.0,116
1,0,1,1,0,0,0,0,0,0,1,1,4,15,3,crowd_run_1080p50.y4m,420.82,421.248,1.745672,0.000663,0.0,217
1,1,1,0,1,0,0,1,0,0,1,0,1,0,0,crowd_run_1080p50.y4m,641.18,639.544,3.302837,0.000376,0.0,75
1,1,1,0,1,0,0,1,0,1,1,1,2,15,6,crowd_run_1080p50.y4m,17.57,17.588,0.038987,1.8e-05,0.0,266
1,0,1,1,0,0,1,0,0,0,1,1,4,15,3,crowd_run_1080p50.y4m,419.06,418.316,2.588075,0.000514,0.0,268
1,0,1,0,1,0,1,0,0,1,1,1,4,15,3,crowd_run_1080p50.y4m,170.05,170.01,0.55745,0.000507,0.0,187
1,0,1,0,0,1,1,0,0,0,1,0,8,15,3,crowd_run_1080p50.y4m,363.61,364.648,2.729582,0.00051,0.0,161
1,0,1,0,1,0,1,0,0,0,1,0,2,0,6,crowd_run_1080p50.y4m,169.77,169.802,0.802103,0.000507,0.0,23
1,1,1,1,0,0,0,1,0,1,1,0,2,5,6,crowd_run_1080p50.y4m,452.6,452.542,0.190316,0.000215,0.0,2
1,1,1,1,0,0,1,0,1,1,0,1,2,0,0,crowd_run_1080p50.y4m,1165.51,1165.518,0.816131,0.000383,0.0,16
1,0,1,1,0,0,0,0,0,1,1,1,8,15,0,crowd_run_1080p50.y4m,419.58,419.848,0.539231,0.000663,0.0,262
1,1,1,1,0,0,0,1,0,1,1,0,4,5,0,crowd_run_1080p50.y4m,512.08,512.086,0.767027,0.000188,0.0,66
1,0,1,1,0,0,0,0,0,1,0,0,2,0,0,crowd_run_1080p50.y4m,792.07,793.904,3.989565,0.000663,0.0,86
1,0,1,0,1,0,1,0,0,0,1,0,2,5,6,crowd_run_1080p50.y4m,169.38,170.032,1.385882,0.000507,0.0,231
1,0,1,0,1,0,0,0,0,0,0,0,4,5,0,crowd_run_1080p50.y4m,300.1,300.038,0.347807,0.000657,0.0,269
1,1,1,0,1,0,1,1,0,0,1,0,1,5,0,crowd_run_1080p50.y4m,664.59,663.252,3.103493,0.000384,0.0,180
1,0,1,0,0,1,0,0,0,0,1,0,4,5,6,crowd_run_1080p50.y4m,366.67,366.854,2.508173,0.000659,0.0,274
1,1,1,1,0,0,0,1,0,1,1,0,2,15,6,crowd_run_1080p50.y4m,473.48,473.752,1.560631,0.000213,0.0,184
1,0,1,0,0,1,1,0,0,0,0,1,4,5,0,crowd_run_1080p50.y4m,679.28,679.478,0.998409,0.000509,0.0,118
1,1,1,1,0,0,0,1,0,0,0,0,1,0,6,crowd_run_1080p50.y4m,1449.68,1446.314,5.038073,0.00038,0.0,254
1,0,1,1,0,0,1,0,0,0,1,1,4,5,0,crowd_run_1080p50.y4m,419.26,418.994,2.239996,0.000514,0.0,208
1,0,1,0,0,1,1,0,0,1,1,0,4,5,6,crowd_run_1080p50.y4m,367.42,366.28,1.978484,0.00051,0.0,279
1,1,1,1,0,0,0,1,0,0,1,1,4,15,3,crowd_run_1080p50.y4m,868.92,870.208,3.541055,0.000386,0.0,229
1,0,1,0,0,1,1,0,0,1,1,1,1,0,0,crowd_run_1080p50.y4m,687.13,683.87,5.179923,0.000511,0.0,46
1,0,1,0,0,1,0,0,0,1,1,1,4,5,6,crowd_run_1080p50.y4m,368.7,367.598,2.160768,0.000659,0.0,171
1,1,1,1,0,0,0,1,0,0,1,0,2,5,0,crowd_run_1080p50.y4m,822.65,823.722,3.235656,0.000388,0.0,99
1,0,1,0,0,1,0,0,0,0,0,0,8,0,0,crowd_run_1080p50.y4m,689.18,690.892,3.76863,0.00066,0.0,81
1,1,1,1,0,0,1,1,0,1,0,1,8,5,0,crowd_run_1080p50.y4m,1656.63,1653.064,5.773706,0.00039,0.0,155
1,0,1,0,1,0,0,0,0,1,0,1,1,15,6,crowd_run_1080p50.y4m,302.51,301.932,1.283246,0.000658,0.0,96
1,1,1,1,0,0,0,1,0,1,1,1,8,0,0,crowd_run_1080p50.y4m,490.42,490.858,1.580402,0.000187,0.0,218
1,1,1,1,0,0,1,1,0,1,1,0,8,0,6,crowd_run_1080p50.y4m,878.37,879.184,3.188868,0.000384,0.0,53
1,1,1,0,1,0,1,0,1,0,0,0,2,0,0,crowd_run_1080p50.y4m,416.72,415.844,2.159046,0.000365,0.0,109
1,0,1,0,1,0,0,0,0,0,1,0,4,5,6,crowd_run_1080p50.y4m,168.06,167.994,0.661952,0.000657,0.0,185
1,1,1,1,0,0,0,1,0,0,1,1,2,0,0,crowd_run_1080p50.y4m,767.63,767.762,0.364513,0.000381,0.0,239
1,0,1,1,0,0,0,0,0,0,0,1,2,0,0,crowd_run_1080p50.y4m,790.19,792.864,4.977377,0.000664,0.0,276
1,0,1,1,0,0,1,0,0,0,0,1,4,0,6,crowd_run_1080p50.y4m,780.07,777.36,4.691652,0.000513,0.0,257
1,0,1,0,0,1,0,0,0,1,1,0,1,5,0,crowd_run_1080p50.y4m,686.38,686.572,0.490377,0.000659,0.0,42
1,1,1,0,1,0,1,1,0,0,0,0,2,15,3,crowd_run_1080p50.y4m,703.87,701.984,3.441777,0.000381,0.0,204
1,0,1,1,0,0,1,0,0,1,0,1,2,15,6,crowd_run_1080p50.y4m,781.27,783.492,4.732348,0.000513,0.0,145
1,0,1,0,1,0,0,0,0,0,0,0,2,0,3,crowd_run_1080p50.y4m,303.21,302.746,1.481631,0.000657,0.0,246
1,1,1,1,0,0,0,1,0,0,1,1,8,0,0,crowd_run_1080p50.y4m,759.05,758.966,0.598273,0.000381,0.0,202
1,1,1,0,1,0,0,1,0,1,0,0,2,5,3,crowd_run_1080p50.y4m,21.61,21.57,0.073824,1.8e-05,0.0,70
1,0,1,0,1,0,0,0,0,0,1,0,1,5,3,crowd_run_1080p50.y4m,300.1,301.41,2.095889,0.000657,0.0,230
1,0,1,0,1,0,1,0,0,0,0,0,4,15,6,crowd_run_1080p50.y4m,305.73,306.724,1.707185,0.000506,0.0,267
1,1,1,1,0,0,1,1,0,0,0,1,8,5,3,crowd_run_1080p50.y4m,1584.21,1581.6,5.172113,0.000387,0.0,146
1,0,1,0,1,0,1,0,0,0,0,1,2,15,0,crowd_run_1080p50.y4m,305.55,304.85,2.059697,0.000507,0.0,27
1,0,1,0,1,0,1,0,0,0,1,1,8,0,3,crowd_run_1080p50.y4m,168.77,168.634,0.895952,0.000507,0.0,137
1,1,1,1,0,0,0,1,0,0,1,1,2,15,0,crowd_run_1080p50.y4m,822.45,822.466,0.4886,0.000388,0.0,189
1,1,1,0,1,0,1,1,0,1,0,0,4,15,0,crowd_run_1080p50.y4m,768.24,766.714,3.442424,0.000384,0.0,132
1,1,1,1,0,0,0,0,1,1,0,1,8,0,0,crowd_run_1080p50.y4m,936.6,938.242,4.097654,0.000293,0.0,169
1,0,1,0,0,1,0,0,0,0,0,0,1,5,6,crowd_run_1080p50.y4m,696.57,694.992,4.053593,0.00066,0.0,33
1,0,1,1,0,0,0,0,0,0,1,1,8,15,0,crowd_run_1080p50.y4m,421.23,420.786,0.829355,0.000663,0.0,205
1,0,1,1,0,0,0,0,0,1,0,1,2,0,0,crowd_run_1080p50.y4m,798.54,798.404,0.371255,0.000664,0.0,245
1,1,1,0,1,0,1,1,0,0,1,1,1,15,0,crowd_run_1080p50.y4m,669.53,668.216,3.06884,0.000386,0.0,298
1,0,1,1,0,0,1,0,0,1,1,0,2,5,6,crowd_run_1080p50.y4m,416.01,416.516,2.764395,0.000514,0.0,163
1,1,1,1,0,0,0,1,0,0,0,0,1,5,0,crowd_run_1080p50.y4m,1554.29,1555.864,6.273231,0.000386,0.0,123
1,0,1,0,0,1,1,0,0,1,0,0,4,15,0,crowd_run_1080p50.y4m,674.48,676.808,4.195923,0.000508,0.0,4
1,0,1,0,0,1,1,0,0,1,1,0,8,5,6,crowd_run_1080p50.y4m,366.09,365.874,1.839465,0.00051,0.0,141
1,1,1,0,1,0,0,1,0,1,0,0,8,5,6,crowd_run_1080p50.y4m,21.74,21.71,0.078422,1.8e-05,0.0,129
1,1,1,0,1,0,1,1,0,1,1,0,4,5,3,crowd_run_1080p50.y4m,459.81,460.182,1.737029,0.000385,0.0,159
1,0,1,0,0,1,1,0,0,1,0,0,1,0,0,crowd_run_1080p50.y4m,690.58,689.664,2.636841,0.000508,0.0,22
1,0,1,0,0,1,0,0,0,1,0,1,2,0,6,crowd_run_1080p50.y4m,688.32,690.024,4.003565,0.000662,0.0,175
1,1,1,1,0,0,0,1,0,1,1,1,8,5,6,crowd_run_1080p50.y4m,457.82,457.82,0.274864,0.000215,0.0,151
1,1,1,0,1,0,0,1,0,0,1,0,2,5,0,crowd_run_1080p50.y4m,382.94,383.39,1.452257,0.000384,0.0,52
1,0,1,0,0,1,0,0,0,0,0,1,4,0,3,crowd_run_1080p50.y4m,694.32,691.622,4.295651,0.000662,0.0,108
1,0,1,0,1,0,1,0,0,0,0,1,8,15,0,crowd_run_1080p50.y4m,304.9,304.89,0.178185,0.000507,0.0,72
1,0,1,1,0,0,1,0,0,1,1,0,8,0,6,crowd_run_1080p50.y4m,416.82,417.17,1.774049,0.000514,0.0,248
1,1,1,1,0,0,1,1,0,1,1,0,8,5,6,crowd_run_1080p50.y4m,952.08,954.3,3.205519,0.000389,0.0,174
1,0,1,1,0,0,1,0,0,1,1,1,8,0,3,crowd_run_1080p50.y4m,416.95,416.744,2.965498,0.000514,0.0,130
1,1,1,0,1,0,1,1,0,1,1,1,8,15,0,crowd_run_1080p50.y4m,435.58,436.094,1.321185,0.000387,0.0,168
1,0,1,0,0,1,1,0,0,1,0,1,8,0,6,crowd_run_1080p50.y4m,687.09,684.036,4.35063,0.000509,0.0,198
1,0,1,0,0,1,1,0,0,1,1,0,1,0,3,crowd_run_1080p50.y4m,679.54,682.558,4.490977,0.00051,0.0,83
1,1,1,1,0,0,1,1,0,0,1,0,1,0,3,crowd_run_1080p50.y4m,1399.22,1402.794,7.518034,0.000381,0.0,291
1,0,1,0,1,0,0,0,0,1,1,0,1,0,6,crowd_run_1080p50.y4m,297.54,298.328,1.878529,0.000657,0.0,237
1,0,1,0,0,1,0,0,0,1,1,1,2,15,3,crowd_run_1080p50.y4m,366.73,366.928,2.388864,0.000659,0.0,90
1,1,1,1,0,0,1,1,0,0,0,1,1,15,0,crowd_run_1080p50.y4m,1552.4,1554.546,5.687669,0.000387,0.0,87
1,0,1,1,0,0,1,0,0,1,0,0,1,5,0,crowd_run_1080p50.y4m,780.89,782.944,4.484359,0.000513,0.0,74
1,0,1,0,0,1,0,0,0,1,0,0,2,0,3,crowd_run_1080p50.y4m,689.29,690.328,3.574992,0.00066,0.0,201
1,0,1,0,1,0,0,0,0,1,0,1,1,0,0,crowd_run_1080p50.y4m,299.83,300.34,1.283842,0.000658,0.0,183
1,0,1,1,0,0,0,0,0,0,0,0,4,0,6,crowd_run_1080p50.y4m,790.21,791.608,3.777667,0.000663,0.0,227
1,1,1,0,1,0,1,1,0,0,0,0,1,15,6,crowd_run_1080p50.y4m,719.8,717.872,3.02585,0.000382,0.0,222
1,0,1,0,0,1,0,0,0,0,1,0,8,0,6,crowd_run_1080p50.y4m,366.54,365.672,2.574484,0.000659,0.0,55
1,0,1,1,0,0,0,0,0,0,1,1,2,5,0,crowd_run_1080p50.y4m,421.11,420.902,1.263673,0.000663,0.0,142
1,0,1,1,0,0,1,0,0,1,0,1,1,5,6,crowd_run_1080p50.y4m,780.22,781.4,3.572989,0.000513,0.0,124
1,0,1,1,0,0,1,0,0,0,0,0,8,0,0,crowd_run_1080p50.y4m,780.22,783.6,5.07068,0.000513,0.0,95
1,0,1,1,0,0,1,0,0,1,0,0,2,15,0,crowd_run_1080p50.y4m,779.6,783.08,5.38678,0.000513,0.0,241
1,0,1,0,1,0,0,0,0,0,1,1,1,5,3,crowd_run_1080p50.y4m,303.8,302.616,1.867145,0.000659,0.0,289
1,0,1,1,0,0,1,0,0,1,1,0,1,5,0,crowd_run_1080p50.y4m,778.52,779.974,3.77463,0.000514,0.0,278
1,1,1,0,1,0,0,1,0,1,1,0,1,0,6,crowd_run_1080p50.y4m,23.19,23.196,0.050794,1.8e-05,0.0,176
1,0,1,0,0,1,1,0,0,0,1,0,8,5,0,crowd_run_1080p50.y4m,361.94,362.732,1.572298,0.00051,0.0,122
1,0,1,0,0,1,0,0,0,0,1,0,4,0,6,crowd_run_1080p50.y4m,369.16,368.672,1.294805,0.000659,0.0,30
1,1,1,0,1,0,0,1,0,0,0,0,2,0,6,crowd_run_1080p50.y4m,635.42,636.196,2.581808,0.000377,0.0,251
1,0,1,1,0,0,0,0,0,0,0,1,1,0,0,crowd_run_1080p50.y4m,790.54,792.03,3.462658,0.000664,0.0,120
1,0,1,1,0,0,0,0,0,0,0,1,2,15,6,crowd_run_1080p50.y4m,798.16,798.628,0.965541,0.000664,0.0,144
1,0,1,0,1,0,1,0,0,0,0,0,1,0,3,crowd_run_1080p50.y4m,308.35,306.924,2.115852,0.000506,0.0,265
1,1,1,0,1,0,0,1,0,0,1,0,2,0,6,crowd_run_1080p50.y4m,368.07,368.036,0.549891,0.000376,0.0,260
1,1,1,0,1,0,0,1,0,0,0,1,1,0,3,crowd_run_1080p50.y4m,629.69,630.806,2.440641,0.000378,0.0,78
1,0,1,0,1,0,0,0,0,0,1,1,8,15,3,crowd_run_1080p50.y4m,166.62,166.53,0.884986,0.000657,0.0,84
1,0,1,1,0,0,1,0,0,1,0,0,4,15,3,crowd_run_1080p50.y4m,779.99,782.032,4.63762,0.000513,0.0,296
1,0,1,0,0,1,0,0,0,0,0,1,2,5,6,crowd_run_1080p50.y4m,695.66,693.648,3.807981,0.000662,0.0,232
1,0,1,0,0,1,1,0,0,0,1,0,4,15,6,crowd_run_1080p50.y4m,363.58,363.298,1.078596,0.00051,0.0,213
1,1,1,0,1,0,0,1,0,0,1,1,8,15,3,crowd_run_1080p50.y4m,399.63,400.578,1.705306,0.000383,0.0,94
1,0,1,0,1,0,0,0,0,0,1,1,1,5,0,crowd_run_1080p50.y4m,303.73,302.86,1.766649,0.000659,0.0,178
1,0,1,1,0,0,1,0,0,1,0,0,4,0,0,crowd_run_1080p50.y4m,787.51,786.152,3.946628,0.000513,0.0,127
1,1,1,0,1,0,1,1,0,0,1,0,8,5,6,crowd_run_1080p50.y4m,402.23,402.194,0.148088,0.000383,0.0,111
1,0,1,0,1,0,0,0,0,0,0,1,1,0,6,crowd_run_1080p50.y4m,302.72,301.642,2.121584,0.000658,0.0,92
1,1,1,1,0,0,0,1,0,0,1,0,8,15,6,crowd_run_1080p50.y4m,877.23,877.944,3.17456,0.000387,0.0,54
1,0,1,0,0,1,0,0,0,0,0,1,2,15,0,crowd_run_1080p50.y4m,687.31,686.966,1.148055,0.000662,0.0,45
1,0,1,1,0,0,0,0,0,1,0,0,4,0,6,crowd_run_1080p50.y4m,798.46,797.016,3.87116,0.000663,0.0,226
1,1,1,1,0,0,1,1,0,1,0,0,8,5,0,crowd_run_1080p50.y4m,1653.54,1653.432,1.224855,0.000389,0.0,200
1,0,1,0,0,1,1,0,0,1,0,1,8,5,6,crowd_run_1080p50.y4m,678.76,678.8,0.129808,0.000509,0.0,59
1,1,1,0,1,0,1,0,1,0,0,1,2,0,0,crowd_run_1080p50.y4m,416.5,416.1,2.153822,0.000366,0.0,19
1,1,1,1,0,0,0,1,0,1,0,0,2,15,0,crowd_run_1080p50.y4m,922.8,924.608,3.713222,0.000187,0.0,47
1,1,1,0,1,0,1,1,0,0,0,1,4,5,6,crowd_run_1080p50.y4m,679.72,681.5,2.73654,0.000383,0.0,32
1,1,1,0,1,0,0,1,0,1,0,0,1,5,6,crowd_run_1080p50.y4m,21.64,21.626,0.044497,1.8e-05,0.0,170
1,0,1,0,0,1,0,0,0,1,1,0,1,15,0,crowd_run_1080p50.y4m,686.24,686.354,0.74962,0.000659,0.0,270
1,0,1,1,0,0,1,0,0,1,0,1,4,15,6,crowd_run_1080p50.y4m,770.72,770.868,0.351383,0.000513,0.0,207
1,1,1,0,1,0,0,1,0,1,1,1,1,5,6,crowd_run_1080p50.y4m,21.72,21.692,0.075961,1.8e-05,0.0,43
1,0,1,0,1,0,1,0,0,0,1,1,1,0,3,crowd_run_1080p50.y4m,302.81,303.726,1.909537,0.000509,0.0,40
1,1,1,0,1,0,0,1,0,0,1,1,1,5,3,crowd_run_1080p50.y4m,689.12,691.15,3.421498,0.000385,0.0,117
1,0,1,0,0,1,0,0,0,0,1,0,8,15,6,crowd_run_1080p50.y4m,367.45,367.104,2.687653,0.000659,0.0,253
1,0,1,1,0,0,0,0,0,1,0,0,1,15,3,crowd_run_1080p50.y4m,791.56,794.292,4.773685,0.000663,0.0,68
1,1,1,1,0,0,0,1,0,1,1,1,1,15,6,crowd_run_1080p50.y4m,798.93,799.134,2.412857,0.000215,0.0,186
1,1,1,0,1,0,1,1,0,0,0,1,8,15,3,crowd_run_1080p50.y4m,695.76,696.64,2.30843,0.000382,0.0,288
1,1,1,0,1,0,0,1,0,0,0,0,2,0,0,crowd_run_1080p50.y4m,635.13,635.962,2.626913,0.000377,0.0,15
1,0,1,1,0,0,0,0,0,0,1,1,2,15,3,crowd_run_1080p50.y4m,419.77,421.182,2.354511,0.000663,0.0,82
1,1,1,1,0,0,0,1,0,0,0,0,4,15,6,crowd_run_1080p50.y4m,1582.24,1583.992,6.21306,0.000385,0.0,211
1,0,1,0,1,0,1,0,0,1,1,1,8,15,6,crowd_run_1080p50.y4m,171.92,171.488,0.820987,0.000507,0.0,177
1,1,1,0,1,0,0,1,0,1,1,1,2,5,3,crowd_run_1080p50.y4m,16.63,16.664,0.064653,1.8e-05,0.0,210
1,0,1,1,0,0,0,0,0,1,1,1,2,0,3,crowd_run_1080p50.y4m,419.55,421.006,2.433912,0.000663,0.0,13
1,0,1,0,1,0,1,0,0,0,0,1,2,15,3,crowd_run_1080p50.y4m,305.66,306.112,1.469718,0.000507,0.0,228
1,0,1,0,1,0,1,0,0,1,1,0,4,5,3,crowd_run_1080p50.y4m,170.65,170.808,0.859081,0.000507,0.0,38
1,1,1,1,0,0,0,1,0,0,0,1,4,15,6,crowd_run_1080p50.y4m,1562.7,1564.528,5.055064,0.000385,0.0,29
1,1,1,1,0,0,1,0,1,1,0,0,8,0,0,crowd_run_1080p50.y4m,1152.77,1153.18,0.794292,0.000382,0.0,24
1,1,1,1,0,0,0,1,0,0,0,0,8,5,6,crowd_run_1080p50.y4m,1510.35,1511.94,5.936026,0.000384,0.0,293
1,1,1,1,0,0,0,1,0,0,1,0,2,5,6,crowd_run_1080p50.y4m,867.98,868.82,2.391433,0.000386,0.0,67
1,1,1,0,1,0,0,1,0,1,0,1,2,5,0,crowd_run_1080p50.y4m,23.78,23.782,0.047645,1.8e-05,0.0,199
1,0,1,0,0,1,1,0,0,1,1,0,8,15,3,crowd_run_1080p50.y4m,365.22,365.702,1.845432,0.00051,0.0,244
1,0,1,0,0,1,1,0,0,0,0,0,8,15,0,crowd_run_1080p50.y4m,676.71,678.814,3.909921,0.000508,0.0,80
1,1,1,1,0,0,1,1,0,1,1,1,2,0,3,crowd_run_1080p50.y4m,878.13,877.354,2.505041,0.000384,0.0,223
1,1,1,0,1,0,1,1,0,0,1,0,8,5,0,crowd_run_1080p50.y4m,384.71,385.26,1.210496,0.000384,0.0,121
1,0,1,1,0,0,1,0,0,0,0,0,8,5,3,crowd_run_1080p50.y4m,790.29,788.858,4.068282,0.000513,0.0,261
1,0,1,1,0,0,1,0,0,1,1,0,1,5,6,crowd_run_1080p50.y4m,787.52,784.766,5.017188,0.000514,0.0,156
1,1,1,1,0,0,0,1,0,0,1,0,4,15,3,crowd_run_1080p50.y4m,879.73,880.488,2.11598,0.000386,0.0,271
1,1,1,1,0,0,1,1,0,1,0,0,2,15,3,crowd_run_1080p50.y4m,1758.81,1760.978,5.926641,0.000388,0.0,9
1,1,1,1,0,0,1,1,0,1,0,1,1,0,0,crowd_run_1080p50.y4m,1601.96,1604.74,6.221917,0.000384,0.0,165
1,0,1,0,0,1,1,0,0,1,0,0,1,15,6,crowd_run_1080p50.y4m,679.45,679.384,0.683286,0.000508,0.0,126
1,0,1,1,0,0,1,0,0,1,1,1,8,5,0,crowd_run_1080p50.y4m,419.18,418.276,1.889638,0.000514,0.0,280
1,0,1,1,0,0,0,0,0,1,1,0,2,5,3,crowd_run_1080p50.y4m,419.92,420.96,2.424531,0.000663,0.0,172
1,0,1,0,1,0,1,0,0,0,0,0,1,15,6,crowd_run_1080p50.y4m,305.4,305.888,1.319742,0.000506,0.0,292
1,0,1,0,0,1,0,0,0,1,0,1,1,0,3,crowd_run_1080p50.y4m,695.63,693.918,4.022384,0.000662,0.0,179
1,0,1,0,0,1,1,0,0,1,0,1,2,0,3,crowd_run_1080p50.y4m,680.77,677.984,4.318782,0.000509,0.0,272
1,0,1,0,0,1,1,0,0,0,1,0,4,5,0,crowd_run_1080p50.y4m,363.88,363.488,1.804126,0.00051,0.0,105
1,0,1,0,1,0,0,0,0,0,0,0,1,0,3,crowd_run_1080p50.y4m,300.92,301.778,1.812283,0.000657,0.0,76
1,0,1,1,0,0,1,0,0,0,1,0,4,15,3,crowd_run_1080p50.y4m,413.97,415.408,3.349301,0.000514,0.0,197
1,1,1,1,0,0,1,1,0,0,1,0,1,15,0,crowd_run_1080p50.y4m,1503.59,1508.774,7.728048,0.000388,0.0,221
1,1,1,1,0,0,1,1,0,0,1,0,8,15,6,crowd_run_1080p50.y4m,881.04,882.198,2.241934,0.000387,0.0,167
1,1,1,0,1,0,0,1,0,1,0,1,4,15,6,crowd_run_1080p50.y4m,22.19,22.238,0.086718,1.8e-05,0.0,136
1,1,1,1,0,0,0,1,0,1,0,1,8,15,6,crowd_run_1080p50.y4m,808.51,806.98,3.229009,0.000214,0.0,243
1,0,1,0,1,0,0,0,0,1,0,1,8,15,6,crowd_run_1080p50.y4m,299.9,300.134,0.993293,0.000658,0.0,60
1,0,1,1,0,0,0,0,0,1,0,1,2,0,6,crowd_run_1080p50.y4m,798.19,795.37,4.724209,0.000664,0.0,110
1,1,1,1,0,0,1,1,0,1,0,0,1,15,6,crowd_run_1080p50.y4m,1774.83,1771.55,6.439375,0.000387,0.0,35
1,0,1,1,0,0,1,0,0,0,1,1,2,5,6,crowd_run_1080p50.y4m,416.61,415.202,2.55119,0.000514,0.0,235
1,0,1,1,0,0,0,0,0,1,0,0,1,0,3,crowd_run_1080p50.y4m,796.98,795.086,3.86227,0.000663,0.0,44
1,1,1,0,1,0,1,1,0,0,1,0,4,15,3,crowd_run_1080p50.y4m,400.22,400.84,1.387282,0.000383,0.0,256
1,0,1,0,0,1,0,0,0,0,1,1,8,0,0,crowd_run_1080p50.y4m,365.7,368.108,4.025204,0.000659,0.0,192
1,0,1,0,1,0,0,0,0,0,1,1,2,0,0,crowd_run_1080p50.y4m,169.29,168.634,1.073839,0.000657,0.0,41
1,0,1,1,0,0,0,0,0,0,1,0,4,5,0,crowd_run_1080p50.y4m,420.21,420.922,1.560151,0.000663,0.0,37
1,0,1,0,0,1,0,0,0,0,0,0,4,5,0,crowd_run_1080p50.y4m,682.52,684.158,5.032099,0.00066,0.0,26
1,1,1,1,0,0,0,1,0,0,0,0,1,0,3,crowd_run_1080p50.y4m,1455.91,1459.746,6.290559,0.00038,0.0,273
1,1,1,1,0,0,1,1,0,0,0,1,1,5,6,crowd_run_1080p50.y4m,1514.08,1515.672,5.030847,0.000385,0.0,233
1,1,1,0,1,0,1,1,0,0,1,1,8,0,0,crowd_run_1080p50.y4m,369.19,369.72,1.2492,0.000376,0.0,101
1,0,1,1,0,0,0,0,0,0,0,1,2,5,3,crowd_run_1080p50.y4m,781.28,781.396,0.69852,0.000664,0.0,39
1,1,1,0,1,0,0,1,0,0,0,1,1,15,0,crowd_run_1080p50.y4m,667.7,666.074,3.203308,0.000384,0.0,106
1,1,1,0,1,0,0,0,1,1,0,0,1,0,0,crowd_run_1080p50.y4m,20.31,20.294,0.061074,1.8e-05,0.0,242
1,1,1,1,0,0,1,1,0,0,1,0,2,15,0,crowd_run_1080p50.y4m,823.31,823.724,1.143976,0.000388,0.0,193
1,0,1,0,1,0,1,0,0,0,1,0,1,15,6,crowd_run_1080p50.y4m,301.75,302.544,1.444569,0.000507,0.0,103
1,1,1,0,1,0,0,1,0,1,1,1,8,5,6,crowd_run_1080p50.y4m,16.82,16.832,0.037014,1.8e-05,0.0,1
1,0,1,1,0,0,0,0,0,1,1,1,1,0,0,crowd_run_1080p50.y4m,789.65,786.934,4.71959,0.000664,0.0,61
1,1,1,1,0,0,0,0,1,0,0,0,2,0,0,crowd_run_1080p50.y4m,906.13,908.584,4.550547,0.000366,0.0,56
1,1,1,0,1,0,0,1,0,0,1,0,8,15,3,crowd_run_1080p50.y4m,399.89,399.204,1.421084,0.000383,0.0,148
1,0,1,0,1,0,0,0,0,1,0,1,2,5,0,crowd_run_1080p50.y4m,299.93,300.776,1.70211,0.000658,0.0,112
1,0,1,0,1,0,1,0,0,0,1,0,8,15,3,crowd_run_1080p50.y4m,169.44,169.664,0.798267,0.000507,0.0,300
1,0,1,0,1,0,0,0,0,1,1,0,4,15,0,crowd_run_1080p50.y4m,168.96,168.708,1.007953,0.000657,0.0,249
1,0,1,0,1,0,0,0,0,0,0,1,2,0,0,crowd_run_1080p50.y4m,303.09,302.542,1.781564,0.000658,0.0,20
1,1,1,1,0,0,1,1,0,1,0,1,1,5,0,crowd_run_1080p50.y4m,1636.1,1639.328,6.554225,0.00039,0.0,104
1,1,1,1,0,0,0,1,0,1,1,1,8,15,6,crowd_run_1080p50.y4m,473.13,473.478,1.622134,0.000213,0.0,131
1,0,1,1,0,0,0,0,0,0,0,0,2,0,3,crowd_run_1080p50.y4m,790.53,791.574,3.451019,0.000663,0.0,69
1,0,1,0,1,0,1,0,0,0,0,0,2,0,3,crowd_run_1080p50.y4m,305.16,305.808,1.421503,0.000506,0.0,220
1,1,1,1,0,0,1,1,0,1,1,1,8,15,6,crowd_run_1080p50.y4m,970.92,972.116,2.952038,0.000387,0.0,11
1,1,1,1,0,0,1,1,0,1,0,0,4,15,6,crowd_run_1080p50.y4m,1774.7,1770.916,7.375183,0.000387,0.0,258
1,0,1,0,1,0,1,0,0,0,0,0,2,15,3,crowd_run_1080p50.y4m,305.25,306.228,1.963217,0.000506,0.0,65
1,0,1,0,0,1,1,0,0,0,0,0,2,15,0,crowd_run_1080p50.y4m,688.21,688.368,0.734078,0.000508,0.0,160
1,0,1,0,0,1,1,0,0,0,0,0,8,0,0,crowd_run_1080p50.y4m,680.61,683.086,4.312317,0.000508,0.0,238
1,1,1,1,0,0,0,1,0,0,0,0,4,0,0,crowd_run_1080p50.y4m,1465.81,1464.51,5.357159,0.00038,0.0,57
1,1,1,0,1,0,0,1,0,1,0,1,2,0,0,crowd_run_1080p50.y4m,23.43,23.39,0.055227,1.8e-05,0.0,79
1,0,1,0,1,0,1,0,0,0,1,0,4,15,3,crowd_run_1080p50.y4m,170.5,170.492,0.333047,0.000507,0.0,224
1,1,1,0,1,0,0,1,0,1,0,0,2,0,3,crowd_run_1080p50.y4m,23.36,23.358,0.066106,1.8e-05,0.0,48
1,0,1,0,1,0,1,0,0,0,0,1,8,0,6,crowd_run_1080p50.y4m,308.28,307.198,2.026628,0.000507,0.0,173
1,1,1,1,0,0,1,1,0,0,1,1,1,0,0,crowd_run_1080p50.y4m,1394.65,1394.762,1.204936,0.000383,0.0,283
1,0,1,0,1,0,0,0,0,0,0,0,1,0,6,crowd_run_1080p50.y4m,302.71,301.736,1.853006,0.000657,0.0,190
1,0,1,0,1,0,1,0,0,1,1,1,4,0,6,crowd_run_1080p50.y4m,170.27,170.7,0.867151,0.000507,0.0,259
1,0,1,1,0,0,0,0,0,0,0,1,1,15,3,crowd_run_1080p50.y4m,790.0,794.942,8.46235,0.000664,0.0,7
1,0,1,0,0,1,0,0,0,0,0,1,2,5,0,crowd_run_1080p50.y4m,695.4,692.388,5.549231,0.000662,0.0,73
1,1,1,1,0,0,1,1,0,0,0,0,2,0,6,crowd_run_1080p50.y4m,1450.75,1447.738,5.190238,0.00038,0.0,63
1,0,1,0,0,1,1,0,0,1,1,0,2,15,3,crowd_run_1080p50.y4m,364.08,363.674,2.490889,0.00051,0.0,284
1,0,1,1,0,0,1,0,0,1,0,1,8,15,6,crowd_run_1080p50.y4m,787.73,784.662,4.755057,0.000513,0.0,250
1,1,1,0,1,0,0,1,0,0,0,0,2,5,0,crowd_run_1080p50.y4m,646.79,648.1,2.918536,0.000382,0.0,209
1,0,1,0,1,0,1,0,0,0,0,1,4,5,3,crowd_run_1080p50.y4m,305.53,305.816,1.614568,0.000507,0.0,138
1,1,1,1,0,0,0,0,1,1,1,0,1,0,0,crowd_run_1080p50.y4m,933.87,934.764,3.884074,0.000295,0.0,135
1,1,1,1,0,0,1,1,0,1,1,0,4,5,3,crowd_run_1080p50.y4m,952.61,953.234,6.65657,0.000389,0.0,264
1,1,1,1,0,0,0,1,0,1,1,0,2,0,6,crowd_run_1080p50.y4m,490.06,490.312,1.43747,0.000187,0.0,215
1,0,1,0,0,1,0,0,0,0,1,1,4,5,3,crowd_run_1080p50.y4m,369.0,368.084,2.176426,0.000659,0.0,50
1,0,1,1,0,0,0,0,0,1,1,0,4,0,6,crowd_run_1080p50.y4m,419.08,418.728,2.111012,0.000663,0.0,98
1,1,1,1,0,0,0,1,0,1,1,0,1,15,0,crowd_run_1080p50.y4m,937.34,935.592,3.580457,0.000188,0.0,140
1,1,1,1,0,0,0,1,0,0,1,1,1,0,3,crowd_run_1080p50.y4m,1421.72,1419.436,6.123976,0.000383,0.0,113
1,0,1,0,1,0,1,0,0,1,1,0,1,0,6,crowd_run_1080p50.y4m,302.28,301.37,1.551983,0.000507,0.0,3
1,0,1,0,0,1,0,0,0,1,1,1,8,0,0,crowd_run_1080p50.y4m,366.68,365.816,1.783152,0.000659,0.0,149
1,0,1,1,0,0,0,0,0,0,1,1,8,5,6,crowd_run_1080p50.y4m,416.19,417.372,1.776969,0.000663,0.0,153
1,1,1,1,0,0,1,1,0,1,1,0,2,15,6,crowd_run_1080p50.y4m,958.53,959.934,2.268641,0.000387,0.0,133
1,0,1,1,0,0,0,0,0,0,0,0,1,0,3,crowd_run_1080p50.y4m,790.81,793.94,4.822468,0.000663,0.0,191
1,1,1,0,1,0,0,1,0,1,0,1,1,0,6,crowd_run_1080p50.y4m,23.43,23.434,0.082037,1.8e-05,0.0,100
1,0,1,1,0,0,1,0,0,0,1,0,4,0,3,crowd_run_1080p50.y4m,420.34,419.502,1.853205,0.000514,0.0,85
1,0,1,0,0,1,1,0,0,0,0,0,2,0,3,crowd_run_1080p50.y4m,678.63,681.888,4.572119,0.000508,0.0,88
1,0,1,0,1,0,1,0,0,1,1,0,4,15,6,crowd_run_1080p50.y4m,170.41,170.762,0.605822,0.000507,0.0,31
1,0,1,0,0,1,1,0,0,0,0,0,4,5,3,crowd_run_1080p50.y4m,679.36,680.788,3.79818,0.000508,0.0,134
1,1,1,0,1,0,1,1,0,1,1,1,8,0,3,crowd_run_1080p50.y4m,411.63,411.904,1.595409,0.00038,0.0,147
1,1,1,1,0,0,0,1,0,0,1,1,4,15,6,crowd_run_1080p50.y4m,878.56,880.574,3.335121,0.000387,0.0,275
1,0,1,0,0,1,1,0,0,0,1,0,4,15,3,crowd_run_1080p50.y4m,364.46,363.858,1.906835,0.00051,0.0,143
1,1,1,0,1,0,1,1,0,1,0,0,1,5,6,crowd_run_1080p50.y4m,792.58,792.378,0.499219,0.000384,0.0,8
1,1,1,1,0,0,1,1,0,0,1,1,4,5,3,crowd_run_1080p50.y4m,861.57,863.218,3.37351,0.000387,0.0,216
1,0,1,1,0,0,1,0,0,1,0,0,1,0,3,crowd_run_1080p50.y4m,780.19,782.338,4.416964,0.000513,0.0,214
1,0,1,0,0,1,0,0,0,0,0,0,1,5,0,crowd_run_1080p50.y4m,689.3,690.478,3.385221,0.00066,0.0,17
1,0,1,0,0,1,1,0,0,0,0,0,1,5,0,crowd_run_1080p50.y4m,680.18,681.754,3.66294,0.000508,0.0,206
1,0,1,0,1,0,0,0,0,1,1,1,8,15,0,crowd_run_1080p50.y4m,168.29,168.496,0.568797,0.000657,0.0,36
1,1,1,0,1,0,1,1,0,0,0,0,4,15,3,crowd_run_1080p50.y4m,698.57,699.372,2.195557,0.000381,0.0,6
1,0,1,1,0,0,1,0,0,0,0,1,1,0,6,crowd_run_1080p50.y4m,779.17,781.082,3.899624,0.000513,0.0,5
1,0,1,1,0,0,1,0,0,0,0,0,8,15,6,crowd_run_1080p50.y4m,780.24,783.302,5.083259,0.000513,0.0,164
1,0,1,0,0,1,0,0,0,1,0,0,8,0,6,crowd_run_1080p50.y4m,695.82,692.87,4.412465,0.00066,0.0,97
1,0,1,1,0,0,0,0,0,0,1,0,2,5,3,crowd_run_1080p50.y4m,420.1,420.64,1.501716,0.000663,0.0,236
1,1,1,0,1,0,1,1,0,0,0,0,8,5,0,crowd_run_1080p50.y4m,661.28,660.624,2.307928,0.000382,0.0,71
1,1,1,0,1,0,1,1,0,1,0,1,2,0,3,crowd_run_1080p50.y4m,734.91,737.044,3.684648,0.000379,0.0,295
1,0,1,1,0,0,1,0,0,1,1,0,8,5,3,crowd_run_1080p50.y4m,416.61,417.518,1.994811,0.000514,0.0,286
1,0,1,0,1,0,0,0,0,0,0,1,1,5,0,crowd_run_1080p50.y4m,299.69,300.226,1.247249,0.000658,0.0,34
1,0,1,0,1,0,1,0,0,1,1,1,1,5,3,crowd_run_1080p50.y4m,305.71,305.016,1.293727,0.000509,0.0,240
1,0,1,0,0,1,1,0,0,0,0,1,4,15,3,crowd_run_1080p50.y4m,679.19,680.694,3.431622,0.000509,0.0,18
1,0,1,0,1,0,0,0,0,0,1,0,8,0,6,crowd_run_1080p50.y4m,168.36,168.73,0.761282,0.000657,0.0,102
1,1,1,1,0,0,1,0,1,0,1,0,4,0,0,crowd_run_1080p50.y4m,499.66,499.906,1.671251,0.000365,0.0,51
1,1,1,1,0,0,1,1,0,0,0,1,4,15,6,crowd_run_1080p50.y4m,1592.72,1590.03,6.287396,0.000385,0.0,282
1,0,1,0,1,0,1,0,0,1,1,1,1,0,3,crowd_run_1080p50.y4m,302.81,303.686,1.841651,0.000509,0.0,77
1,0,1,1,0,0,1,0,0,0,1,0,2,0,3,crowd_run_1080p50.y4m,416.68,416.83,0.994987,0.000514,0.0,128
1,1,1,0,1,0,1,1,0,0,0,0,2,5,3,crowd_run_1080p50.y4m,678.53,677.52,2.236102,0.000382,0.0,234
1,0,1,1,0,0,0,0,0,0,1,1,1,0,0,crowd_run_1080p50.y4m,789.5,792.328,4.762181,0.000664,0.0,252
1,0,1,1,0,0,1,0,0,0,0,1,4,0,3,crowd_run_1080p50.y4m,780.46,782.164,3.909953,0.000513,0.0,28
1,0,1,0,0,1,1,0,0,1,1,1,8,15,3,crowd_run_1080p50.y4m,364.22,364.956,1.25245,0.00051,0.0,139
1,0,1,0,0,1,0,0,0,0,0,1,1,5,0,crowd_run_1080p50.y4m,693.61,691.198,4.33662,0.000662,0.0,158
1,1,1,0,1,0,1,1,0,1,0,1,8,5,3,crowd_run_1080p50.y4m,793.96,791.646,3.947497,0.000383,0.0,152
1,0,1,1,0,0,1,0,0,1,0,0,2,0,6,crowd_run_1080p50.y4m,788.43,788.336,0.58462,0.000513,0.0,12
1,1,1,0,1,0,0,1,0,0,0,1,4,15,3,crowd_run_1080p50.y4m,699.99,697.99,3.875403,0.000382,0.0,294
1,1,1,0,1,0,0,1,0,0,0,1,8,15,3,crowd_run_1080p50.y4m,694.84,696.514,3.499654,0.000382,0.0,154
1,1,1,1,0,0,0,1,0,1,0,0,2,15,6,crowd_run_1080p50.y4m,810.11,811.932,2.661394,0.000213,0.0,157
1,0,1,1,0,0,1,0,0,1,1,1,2,0,3,crowd_run_1080p50.y4m,416.64,417.15,1.450172,0.000514,0.0,150
1,1,1,0,1,0,1,1,0,0,1,0,8,0,6,crowd_run_1080p50.y4m,369.38,369.73,1.313145,0.000376,0.0,287
1,0,1,0,1,0,0,0,0,1,1,0,1,0,3,crowd_run_1080p50.y4m,299.76,300.26,1.557675,0.000657,0.0,297
1,0,1,0,0,1,0,0,0,1,1,0,8,15,0,crowd_run_1080p50.y4m,366.45,367.422,1.461154,0.000659,0.0,263
1,1,1,0,1,0,0,1,0,1,1,1,1,5,3,crowd_run_1080p50.y4m,21.48,21.494,0.068044,1.8e-05,0.0,255
1,0,1,1,0,0,0,0,0,1,1,0,8,15,3,crowd_run_1080p50.y4m,420.35,420.026,2.736655,0.000663,0.0,115
1,0,1,0,0,1,1,0,0,1,0,1,4,15,3,crowd_run_1080p50.y4m,687.31,687.502,0.8226,0.000509,0.0,188
1,0,1,0,0,1,1,0,0,0,0,1,8,0,6,crowd_run_1080p50.y4m,680.74,682.984,4.325006,0.000509,0.0,212
1,0,1,1,0,0,1,0,0,0,0,1,1,15,3,crowd_run_1080p50.y4m,788.97,787.168,4.268246,0.000513,0.0,195
1,0,1,0,1,0,0,0,0,0,1,1,2,15,0,crowd_run_1080p50.y4m,168.41,168.466,0.872657,0.000657,0.0,119
1,0,1,1,0,0,0,0,0,1,0,1,4,15,0,crowd_run_1080p50.y4m,790.25,793.132,4.488944,0.000664,0.0,58
1,0,1,0,1,0,1,0,0,1,0,1,4,0,6,crowd_run_1080p50.y4m,308.14,307.424,1.86366,0.000507,0.0,277
1,0,1,0,1,0,1,0,0,0,1,1,4,5,6,crowd_run_1080p50.y4m,170.44,170.678,0.646158,0.000507,0.0,64
1,1,1,0,1,0,1,1,0,1,0,0,2,0,0,crowd_run_1080p50.y4m,728.64,729.598,2.66392,0.000379,0.0,285
1,1,1,0,1,0,1,1,0,1,0,0,4,0,0,crowd_run_1080p50.y4m,733.33,731.826,3.402357,0.000379,0.0,290
1,0,1,1,0,0,0,0,0,1,0,1,8,5,6,crowd_run_1080p50.y4m,789.74,791.264,3.956555,0.000664,0.0,196
1,1,1,1,0,0,1,0,1,1,1,1,1,0,0,crowd_run_1080p50.y4m,1149.19,1154.694,8.347771,0.000384,0.0,93
1,0,1,1,0,0,1,0,0,0,1,1,4,5,6,crowd_run_1080p50.y4m,416.43,416.648,0.967585,0.000514,0.0,299
1,0,1,1,0,0,0,0,0,1,0,0,2,5,0,crowd_run_1080p50.y4m,790.45,793.84,5.057648,0.000663,0.0,125
1,1,1,0,1,0,0,1,0,1,0,1,2,15,6,crowd_run_1080p50.y4m,22.34,22.288,0.085849,1.8e-05,0.0,21
1,0,1,0,1,0,0,0,0,1,0,1,2,0,0,crowd_run_1080p50.y4m,299.87,299.008,1.719817,0.000658,0.0,225
